player_id,player_name,height_cm,source_url,source_sha256,collected_at
50030,소형준,189.0,https://www.koreabaseball.com/Record/Player/PitcherDetail/Basic.aspx?playerId=50030,1c315839d2ba608e98502944466f06a6a46fe07d918efe961f538dbdf32d206d,2026-10-02T17:41:58.342490+00:00
50036,이강준,180.0,https://www.koreabaseball.com/Record/Player/PitcherDetail/Basic.aspx?playerId=50036,5545ce5e98068c8e7bc40cbdee875bf603a997cd7c2bdc74455d427c7adb03d5,2026-10-02T17:42:01.337351+00:00
50040,데스파이네,182.0,https://www.koreabaseball.com/Record/Player/PitcherDetail/Basic.aspx?playerId=50040,fb5197b62b3b0c4820a89338cfc2638ba8d0d70503d619577a51544538aa4021,2026-10-02T17:42:04.272942+00:00
50106,유영찬,185.0,https://www.koreabaseball.com/Record/Player/PitcherDetail/Basic.aspx?playerId=50106,d775b04e889dbda3b4556d00cdec2948e5028c9e39a18e673d26ad5700114da8,2026-10-02T17:42:06.381798+00:00
50109,성재헌,175.0,https://www.koreabaseball.com/Record/Player/PitcherDetail/Basic.aspx?playerId=50109,14b564977b0724fdc8a2fbc0ea86b2b34ab0dbabd90f73b9676bb1e9e4d56fb1,2026-10-02T17:42:08.454962+00:00
50126,이민호,189.0,https://www.koreabaseball.com/Record/Player/PitcherDetail/Basic.aspx?playerId=50126,b4f338c5aca6c99e3e87d4ac78f15b02efea5bbffd616fb376097af8cf7f6d9e,2026-10-02T17:42:09.604499+00:00
50157,김윤식,181.0,https://www.koreabaseball.com/Record/Player/PitcherDetail/Basic.aspx?playerId=50157,ff84b79ad94f0fce8bdbd4246da0ccf2b7cc0b8942c428475dcf79fb2cf76374,2026-10-02T17:42:11.028466+00:00
50203,권휘,181.0,https://www.koreabaseball.com/Record/Player/PitcherDetail/Basic.aspx?playerId=50203,0965493d1f6490b3360ae9ec0b914a825b86f0fa4563b4429212bf9b6915b647,2026-10-02T17:42:12.485278+00:00
50206,최종인,185.0,https://www.koreabaseball.com/Record/Player/PitcherDetail/Basic.aspx?playerId=50206,e06b722ecb389b5b24cbe18682ad489ea9b2ebbed3240bef76cb046a804b6736,2026-10-02T17:42:14.413907+00:00
50211,제환유,183.0,https://www.koreabaseball.com/Record/Player/PitcherDetail/Basic.aspx?playerId=50211,5b492b8f163d5cd1f786a1a11f6d92c53291e5ac7405b89e80c53f4899f97ac8,2026-10-02T17:42:15.356232+00:00
50234,플렉센,190.0,https://www.koreabaseball.com/Record/Player/PitcherDetail/Basic.aspx?playerId=50234,a5fd820a21c0492554772cfb8701779278fe146f241d160218408a5fb4ffa9aa,2026-10-02T17:42:16.357833+00:00
50262,이주엽,188.0,https://www.koreabaseball.com/Record/Player/PitcherDetail/Basic.aspx?playerId=50262,cda831264e3aaadee54cbd4bcebd2ebc232edd6521cfd0a770cb16aa77f66552,2026-10-02T17:42:17.366100+00:00
50296,조제영,183.0,https://www.koreabaseball.com/Record/Player/PitcherDetail/Basic.aspx?playerId=50296,a238e47ec0dde388df3eb86d6958ba852a51c5ef37a79592f2f63a69d7e802e2,2026-10-02T17:42:18.483217+00:00
50298,최세창,187.0,https://www.koreabaseball.com/Record/Player/PitcherDetail/Basic.aspx?playerId=50298,fb87725296e85a80bc6eea7b80d8cd90af1a0db300b819a8234d8e08f7b2edcd,2026-10-02T17:42:19.438919+00:00
50354,이종민,185.0,https://www.koreabaseball.com/Record/Player/PitcherDetail/Basic.aspx?playerId=50354,f8ede4661d22cda45abf51752b779d5ab62b425afd8990611aa98c531629f534,2026-10-02T17:42:20.462783+00:00
50360,김동혁,184.0,https://www.koreabaseball.com/Record/Player/PitcherDetail/Basic.aspx?playerId=50360,baefa134e8e54e55edcd8fae745e90ff621759254739ef55111c7f16a803ede0,2026-10-02T17:42:21.489267+00:00
50393,김동욱,178.0,https://www.koreabaseball.com/Record/Player/PitcherDetail/Basic.aspx?playerId=50393,f52e57595b1294d82668c4ad07de436e613c4dffe2065de3c2d8301291aae50c,2026-10-02T17:42:22.478223+00:00
50397,박관진,186.0,https://www.koreabaseball.com/Record/Player/PitcherDetail/Basic.aspx?playerId=50397,1d0a999e67c26dc886e067c50d9a99a1c3c4151619a6d34a09fbd4f5f672814d,2026-10-02T17:42:23.665397+00:00
50404,뷰캐넌,190.0,https://www.koreabaseball.com/Record/Player/PitcherDetail/Basic.aspx?playerId=50404,14ae796e4577674758b54abdd0ea3f2fbbba10b05469c9e5cd681f3cde9bcbfc,2026-10-02T17:42:24.513442+00:00
50411,박주혁,182.0,https://www.koreabaseball.com/Record/Player/PitcherDetail/Basic.aspx?playerId=50411,cee1f514cae4303f64322a1b8c06e088c62dc5ef9e3d1a77986cd7b4d3bf04a5,2026-10-02T17:42:25.616664+00:00
50430,홍원표,183.0,https://www.koreabaseball.com/Record/Player/PitcherDetail/Basic.aspx?playerId=50430,754bc983b66c3388e2c168dadb1268826b0c75b366d23b38f4f2dc6d6e64fc1d,2026-10-02T17:42:26.691299+00:00
50441,황동재,191.0,https://www.koreabaseball.com/Record/Player/PitcherDetail/Basic.aspx?playerId=50441,05af2f5d0b21099d04f8ea61e50137f7a6f91995c7f9f216e79f1f2f1687cec2,2026-10-02T17:42:27.668693+00:00
50449,허윤동,181.0,https://www.koreabaseball.com/Record/Player/PitcherDetail/Basic.aspx?playerId=50449,95fdc80b71c0c0fb1dd6390ca648ad64d62cad628e84e8217648112442448403,2026-10-02T17:42:28.625226+00:00
50464,이승민,174.0,https://www.koreabaseball.com/Record/Player/PitcherDetail/Basic.aspx?playerId=50464,7c3a1c33b3edac5783c9c1840363b692142e190a12151a46bd17f44a01802a03,2026-10-02T17:42:29.635722+00:00
50524,샘슨,189.0,https://www.koreabaseball.com/Record/Player/PitcherDetail/Basic.aspx?playerId=50524,fc1180e594dc60605ddef093b58125fc1feea8a55d402f266958fddddea4b296,2026-10-02T17:42:30.896086+00:00
50556,최준용,185.0,https://www.koreabaseball.com/Record/Player/PitcherDetail/Basic.aspx?playerId=50556,690b80d0f4397d5bf87666e9d0ca5f73eae1e5d81442714c44d9e654ecac1ab4,2026-10-02T17:42:31.970467+00:00
50558,스트레일리,189.0,https://www.koreabaseball.com/Record/Player/PitcherDetail/Basic.aspx?playerId=50558,a6c71b5aa3d8aa06ae091458d25976eeaaf3d7b3159a190fad50606718f8ab12,2026-10-02T17:42:32.941139+00:00
50563,박로건,186.0,https://www.koreabaseball.com/Record/Player/PitcherDetail/Basic.aspx?playerId=50563,0db4962f8ccc6abde6402cadb3da668686560722e7d8bc027433187ce93d3228,2026-10-02T17:42:33.967685+00:00
50573,김민기,177.0,https://www.koreabaseball.com/Record/Player/PitcherDetail/Basic.aspx?playerId=50573,7ce58d831ca20353a3dd0443e1b853f7ddd4c9584a9571965d70e4015ccd7019,2026-10-02T17:42:34.921599+00:00
50592,박명현,185.0,https://www.koreabaseball.com/Record/Player/PitcherDetail/Basic.aspx?playerId=50592,affb4ae8f36469b2ba415b221c0dd0e15e2671a752173a79fe8a0cbef5ba0b1e,2026-10-02T17:42:35.873419+00:00
50596,홍민기,185.0,https://www.koreabaseball.com/Record/Player/PitcherDetail/Basic.aspx?playerId=50596,f08b2459751575c758b0140b46ff774eeb572eb17b063117bd2149df9bf950de,2026-10-02T17:42:36.936773+00:00
50604,유지성,189.0,https://www.koreabaseball.com/Record/Player/PitcherDetail/Basic.aspx?playerId=50604,834fe1dd60e38b148318d46152a185730072ed333c8593a714dfef6f9ff86649,2026-10-02T17:42:37.974600+00:00
50636,브룩스,193.0,https://www.koreabaseball.com/Record/Player/PitcherDetail/Basic.aspx?playerId=50636,89b70ea3e9afef6fec51f6e555444b39134c975b7bd3f240d6a3006f7831131d,2026-10-02T17:42:39.356261+00:00
50640,가뇽,193.0,https://www.koreabaseball.com/Record/Player/PitcherDetail/Basic.aspx?playerId=50640,06a394e37388cc1c63c389a7549ba2aa8f4158aaba8c0c987fbe069cf7dffeea,2026-10-02T17:42:40.330941+00:00
50650,최용준,192.0,https://www.koreabaseball.com/Record/Player/PitcherDetail/Basic.aspx?playerId=50650,93ea7fd87954212d583eaee4e15fbfac2f6ea4bf0ca8338355669309c329c69b,2026-10-02T17:42:41.322354+00:00
50662,정해영,189.0,https://www.koreabaseball.com/Record/Player/PitcherDetail/Basic.aspx?playerId=50662,03fd090b19e5405a5877baf9132a9e135c2b0a39782de78bc79bddc905ecf59f,2026-10-02T17:42:42.452037+00:00
50705,강재민,180.0,https://www.koreabaseball.com/Record/Player/PitcherDetail/Basic.aspx?playerId=50705,c2617be7d03e76e7bd94cef13ff30e21fc08eeb7365400d114ca5a5162de1cc3,2026-10-02T17:42:43.482945+00:00
50706,장웅정,181.0,https://www.koreabaseball.com/Record/Player/PitcherDetail/Basic.aspx?playerId=50706,f5f14bac3b5e4c5a1b309e601e678ad2dc7e71472fdfb724ef389c94804700ed,2026-10-02T17:42:44.482039+00:00
50711,김승일,183.0,https://www.koreabaseball.com/Record/Player/PitcherDetail/Basic.aspx?playerId=50711,0637b9841fbc419b0addae65759a93aee0e3d6c9c97bf4353821797f9b1da960,2026-10-02T17:42:45.431975+00:00
50720,남지민,181.0,https://www.koreabaseball.com/Record/Player/PitcherDetail/Basic.aspx?playerId=50720,f0f3fc1da4513f31cf632c6624c870e7c00651003fad8dd51cd9485c19fe2c51,2026-10-02T17:42:46.401718+00:00
50726,한승주,183.0,https://www.koreabaseball.com/Record/Player/PitcherDetail/Basic.aspx?playerId=50726,56b77302275c7e5c02ad5ea3afecd2eaa999503fc30fc3d7ebbc3b7656ade80c,2026-10-02T17:42:47.414418+00:00
50758,신지후,198.0,https://www.koreabaseball.com/Record/Player/PitcherDetail/Basic.aspx?playerId=50758,bd9c777fb0ff24498de2dff60ab73958ae5a381a2548fbd0c3a78cdae57fdda0,2026-10-02T17:42:48.402154+00:00
50812,박시후,182.0,https://www.koreabaseball.com/Record/Player/PitcherDetail/Basic.aspx?playerId=50812,6a3eec4131e7f80cc0891ea85f4b9c207ea7e79fefddd2d61114c76e0d42a4b7,2026-10-02T17:42:49.458772+00:00
50813,양선률,186.0,https://www.koreabaseball.com/Record/Player/PitcherDetail/Basic.aspx?playerId=50813,659ad63f57a7e06068c44332e6736b257eab13384efa576dc228724a17716a49,2026-10-02T17:42:50.459456+00:00
50815,킹험,196.0,https://www.koreabaseball.com/Record/Player/PitcherDetail/Basic.aspx?playerId=50815,345c8168bbe347c89400bba596d35b74332b6262471a1ff451acd0432993fe11,2026-10-02T17:42:51.433086+00:00
50835,핀토,183.0,https://www.koreabaseball.com/Record/Player/PitcherDetail/Basic.aspx?playerId=50835,0bed62285866bbdda36171efae0b31677cb86fe2c6ae1c2d19ee583053c0435f,2026-10-02T17:42:52.380675+00:00
50859,오원석,182.0,https://www.koreabaseball.com/Record/Player/PitcherDetail/Basic.aspx?playerId=50859,da0db363c16a5b6bace5bf0bb8b2b963a08784957126a4f079f353390f4a7382,2026-10-02T17:42:53.452784+00:00
50900,임형원,183.0,https://www.koreabaseball.com/Record/Player/PitcherDetail/Basic.aspx?playerId=50900,a118edb822697aa5869615a3aca48fe32e3621f3f0e6c861831e0724309ce608,2026-10-02T17:42:54.431788+00:00
50901,안인산,181.0,https://www.koreabaseball.com/Record/Player/PitcherDetail/Basic.aspx?playerId=50901,09002cb8e4c16df369ad22ab2be722a2e489e0b9af6ef82099d339d71548291c,2026-10-02T17:42:55.386503+00:00
50904,이종준,191.0,https://www.koreabaseball.com/Record/Player/PitcherDetail/Basic.aspx?playerId=50904,6c827f534c8c45eba3e83aa997b3e7f66fce95cedd113768bb0616b2f41f2994,2026-10-02T17:42:56.996891+00:00
50905,강태경,188.0,https://www.koreabaseball.com/Record/Player/PitcherDetail/Basic.aspx?playerId=50905,2b730faac0becc0d5dc17514bc01703ec7ea465585a1707f5b3998a6b91cc9c8,2026-10-02T17:42:59.353507+00:00
50912,라이트,198.0,https://www.koreabaseball.com/Record/Player/PitcherDetail/Basic.aspx?playerId=50912,50b11899ee874e27c4d76539ff037d7923a5ef50921e80b41054943584ae10a6,2026-10-02T17:43:01.016466+00:00
50992,김태경,188.0,https://www.koreabaseball.com/Record/Player/PitcherDetail/Basic.aspx?playerId=50992,cc778755f1645be1c91e4d418e4275360fe6139393f910286eac3606a1d6b303,2026-10-02T17:43:02.910637+00:00
50995,정구범,183.0,https://www.koreabaseball.com/Record/Player/PitcherDetail/Basic.aspx?playerId=50995,6a04a67b9f8fbca12813d4762624233ed529fdfb24a2b443d27b2143639f8207,2026-10-02T17:43:04.577982+00:00
51058,한차현,180.0,https://www.koreabaseball.com/Record/Player/PitcherDetail/Basic.aspx?playerId=51058,e396b4209240b115feb8b6b92ffcd16ac6b51d873e60140a00ddc166d17845b0,2026-10-02T17:43:06.728275+00:00
51060,지명성,173.0,https://www.koreabaseball.com/Record/Player/PitcherDetail/Basic.aspx?playerId=51060,7bfa7adfc356fa4a88580bf93f9e705001717fa36aeb84a9ca9cf669ddaff863,2026-10-02T17:43:07.742319+00:00
51097,김영현,177.0,https://www.koreabaseball.com/Record/Player/PitcherDetail/Basic.aspx?playerId=51097,75f192a00faeef63544c9bda905fa31db99c4a84e9b4ac51d5dcc78bb1d98cce,2026-10-02T17:43:09.133588+00:00
51110,이믿음,188.0,https://www.koreabaseball.com/Record/Player/PitcherDetail/Basic.aspx?playerId=51110,780929b2843645425f448bd22c4abd5079435bbd34771a32fd1d818b064b50d8,2026-10-02T17:43:10.238367+00:00
51111,송승기,181.0,https://www.koreabaseball.com/Record/Player/PitcherDetail/Basic.aspx?playerId=51111,341d60c6fe193762936d9f322494edc766fd40bb506771cffe167ebc0da26129,2026-10-02T17:43:11.287324+00:00
51136,수아레즈,185.0,https://www.koreabaseball.com/Record/Player/PitcherDetail/Basic.aspx?playerId=51136,656e228abf063169e0f2ec6f9c21e8ad45ade9312f70cf5367d5f13c43951c28,2026-10-02T17:43:12.353509+00:00
51143,강효종,182.0,https://www.koreabaseball.com/Record/Player/PitcherDetail/Basic.aspx?playerId=51143,a705595c76c95dc031c3c58b31ed1e00f2501382a862f44998365b2d2adadbae,2026-10-02T17:43:13.395701+00:00
51154,김진수,179.0,https://www.koreabaseball.com/Record/Player/PitcherDetail/Basic.aspx?playerId=51154,17d496064de90dd38f383705fea70d670fc266a2441d2e1bd203a89e79dc65f2,2026-10-02T17:43:14.404719+00:00
51230,김동주,190.0,https://www.koreabaseball.com/Record/Player/PitcherDetail/Basic.aspx?playerId=51230,9b7b6edd086b9b507cf11516957303769f90ffa2616e34501d46de23157c9e0e,2026-10-02T17:43:15.398746+00:00
51234,로켓,196.0,https://www.koreabaseball.com/Record/Player/PitcherDetail/Basic.aspx?playerId=51234,8671c94b862e091d89d1cd240be6594b5ea9ed789ef3f60998b96e9ea06aeeab,2026-10-02T17:43:16.403298+00:00
51257,미란다,188.0,https://www.koreabaseball.com/Record/Player/PitcherDetail/Basic.aspx?playerId=51257,d75e7977ec9a8baa304c364908f36eb15b16593ef78c8e2e7f9721bd36a03266,2026-10-02T17:43:17.363359+00:00
51264,최승용,190.0,https://www.koreabaseball.com/Record/Player/PitcherDetail/Basic.aspx?playerId=51264,569f19acd718115726578ed0fac304d74c1e8f4f5c4bfd47288edc42e2ac935c,2026-10-02T17:43:18.381726+00:00
51294,김도윤,181.0,https://www.koreabaseball.com/Record/Player/PitcherDetail/Basic.aspx?playerId=51294,db7197dc77048f4ff6efcdd3fe1065c0b92d805d2759e64d26ada5b459b94d17,2026-10-02T17:43:19.339825+00:00
51301,김성진,183.0,https://www.koreabaseball.com/Record/Player/PitcherDetail/Basic.aspx?playerId=51301,dbbab44d77eb2d2cecbf668c944f825034b37647eda0bf6dab449a46353d73c0,2026-10-02T17:43:20.337533+00:00
51334,스미스,188.0,https://www.koreabaseball.com/Record/Player/PitcherDetail/Basic.aspx?playerId=51334,45dd1bb6e1dc705f9ee965ee31c01614bb1b1e5d83486ee3cd87a43a3724bd6c,2026-10-02T17:43:21.300877+00:00
51359,장재영,187.0,https://www.koreabaseball.com/Record/Player/PitcherDetail/Basic.aspx?playerId=51359,b9b657c40c6de13d9759ba0fd31be91ee8ad4902940d1640aa34585a1cf71a44,2026-10-02T17:43:22.354966+00:00
51393,김준형,182.0,https://www.koreabaseball.com/Record/Player/PitcherDetail/Basic.aspx?playerId=51393,37cea3e2df8922be3f21e50e8d8bcdf6d6a32e3faee2acf13b58689411a42941,2026-10-02T17:43:23.332244+00:00
51439,몽고메리,196.0,https://www.koreabaseball.com/Record/Player/PitcherDetail/Basic.aspx?playerId=51439,5eadc135b6c06a218e1ab5f916af093dd2a779f2f8325c0094f20feca2566e18,2026-10-02T17:43:24.304005+00:00
51454,이승현,183.0,https://www.koreabaseball.com/Record/Player/PitcherDetail/Basic.aspx?playerId=51454,5c59a7c71f6a3ca352a885c4f1e629d02e72385182332f314b9b861dfbeaf512,2026-10-02T17:43:25.293506+00:00
51460,이재희,187.0,https://www.koreabaseball.com/Record/Player/PitcherDetail/Basic.aspx?playerId=51460,09f669794293756effdf6a48507d0fe686373b3d0d7709eae753b25d3ea9e2d8,2026-10-02T17:43:26.369951+00:00
51516,김진욱,185.0,https://www.koreabaseball.com/Record/Player/PitcherDetail/Basic.aspx?playerId=51516,9baa39017b14f58f747f9be4b342576ff3a464b024b7a37a50b69b6dc766e282,2026-10-02T17:43:27.390776+00:00
51526,우강훈,183.0,https://www.koreabaseball.com/Record/Player/PitcherDetail/Basic.aspx?playerId=51526,d081927f7984d010894396aad8bd405738b185befa8ba7fe77c76ebdf551085f,2026-10-02T17:43:28.394861+00:00
51546,정우준,180.0,https://www.koreabaseball.com/Record/Player/PitcherDetail/Basic.aspx?playerId=51546,aa09240f3c1cc5b201116889597f03e634aa16526af3cf11fe15f10d8ec213d0,2026-10-02T17:43:29.379089+00:00
51567,프랑코,189.0,https://www.koreabaseball.com/Record/Player/PitcherDetail/Basic.aspx?playerId=51567,62c053e294373957044e875bf7624875fd04c894d4e8ece2cee5caafc31cca49,2026-10-02T17:43:30.458780+00:00
51586,김창훈,185.0,https://www.koreabaseball.com/Record/Player/PitcherDetail/Basic.aspx?playerId=51586,624fb88be21c4ce47eb67c2af925f0038819e3cf31c4f96573a7002c24921a8a,2026-10-02T17:43:31.518390+00:00
51594,송재영,181.0,https://www.koreabaseball.com/Record/Player/PitcherDetail/Basic.aspx?playerId=51594,ada28489fd0260fa480b8f95b889d0f0b71899d41be29755124e2adce04ac7e0,2026-10-02T17:43:32.515851+00:00
51619,멩덴,185.0,https://www.koreabaseball.com/Record/Player/PitcherDetail/Basic.aspx?playerId=51619,2dc09aa1875797ee9603aab0130cbcdcbe1372558cec56ccf4cf1c444de64e63,2026-10-02T17:43:33.475184+00:00
51636,다카하시,183.0,https://www.koreabaseball.com/Record/Player/PitcherDetail/Basic.aspx?playerId=51636,81b83f1d571eaad25e29919821384bde6e647530cde4c18358f53543469dfe7a,2026-10-02T17:43:34.428341+00:00
51648,이의리,185.0,https://www.koreabaseball.com/Record/Player/PitcherDetail/Basic.aspx?playerId=51648,bb892e9956b431fd5a60ba78ac15f441d9f47af91fb7f00e8937f3912e2887d1,2026-10-02T17:43:35.437301+00:00
51665,장민기,182.0,https://www.koreabaseball.com/Record/Player/PitcherDetail/Basic.aspx?playerId=51665,cddd30bd306158672543940fc8ef801eda84fb302c97b24959b54471969d95ed,2026-10-02T17:43:36.383297+00:00
51668,이승재,182.0,https://www.koreabaseball.com/Record/Player/PitcherDetail/Basic.aspx?playerId=51668,b37395980025c953fdbf765236434ff4eda97a5a0de2a5d84807a1ea0397c803,2026-10-02T17:43:37.420184+00:00
51713,김규연,183.0,https://www.koreabaseball.com/Record/Player/PitcherDetail/Basic.aspx?playerId=51713,51c3e1696d7f34199ac37e0fc6c07aedb2dd4ba3a651b066da5df74dee8ae830,2026-10-02T17:43:38.450905+00:00
51715,김기중,186.0,https://www.koreabaseball.com/Record/Player/PitcherDetail/Basic.aspx?playerId=51715,141bf3d22d5620f648760e7b8025221a088137028c24b34be5b69d99dd2c5dd2,2026-10-02T17:43:39.633807+00:00
51722,카펜터,196.0,https://www.koreabaseball.com/Record/Player/PitcherDetail/Basic.aspx?playerId=51722,93c1d5f76941df1474e15e7410bbec91e9e5d1cfaf50dfb06981a8b034886a6a,2026-10-02T17:43:40.613563+00:00
51761,배동현,183.0,https://www.koreabaseball.com/Record/Player/PitcherDetail/Basic.aspx?playerId=51761,3904e06c87cd79ba4c589c2f1b442d7a8c294cc52174da2496f272196369dbbe,2026-10-02T17:43:41.792307+00:00
51809,조요한,191.0,https://www.koreabaseball.com/Record/Player/PitcherDetail/Basic.aspx?playerId=51809,fa581b03804ee5de59e3ee5e92e0938b00e069df1b6ea037578b09f8a926ab9f,2026-10-02T17:43:42.824464+00:00
51833,가빌리오,185.0,https://www.koreabaseball.com/Record/Player/PitcherDetail/Basic.aspx?playerId=51833,babf02ce347fa279dcf45d4566d959d4985c4e69d4ee8d9fb6ac240baf259036,2026-10-02T17:43:43.836008+00:00
51834,르위키,190.0,https://www.koreabaseball.com/Record/Player/PitcherDetail/Basic.aspx?playerId=51834,87bc22ba15bed4dcebae1536b914e49f0f4bd67713095b60ac3e4cc56fabf9eb,2026-10-02T17:43:44.801384+00:00
51863,폰트,193.0,https://www.koreabaseball.com/Record/Player/PitcherDetail/Basic.aspx?playerId=51863,ddfa5da8fa9233f54bafd13dbfeeeb445fcb5c9a1146370a62e3db57e56d25cf,2026-10-02T17:43:45.799956+00:00
51867,김건우,186.0,https://www.koreabaseball.com/Record/Player/PitcherDetail/Basic.aspx?playerId=51867,9fc42dbd03d5b46ed8857d1116b05285d7ceb78a72061c24e17eede901ed6990,2026-10-02T17:43:46.844721+00:00
51895,장지훈,177.0,https://www.koreabaseball.com/Record/Player/PitcherDetail/Basic.aspx?playerId=51895,39d7efe3297e03c538a9049e3a683c4fed4116d35099e79b237fbcfbd47c60c9,2026-10-02T17:43:47.847877+00:00
51897,조병현,182.0,https://www.koreabaseball.com/Record/Player/PitcherDetail/Basic.aspx?playerId=51897,05e249b302b5a853a1416e79094ca10b8716208fb917fbba5f75279c7507790c,2026-10-02T17:43:48.845309+00:00
51948,이용준,180.0,https://www.koreabaseball.com/Record/Player/PitcherDetail/Basic.aspx?playerId=51948,25a7caff5c8eb2ffab77a1ac23aa588745f931f6595d3d8266261aa72421468e,2026-10-02T17:43:49.851817+00:00
51967,파슨스,196.0,https://www.koreabaseball.com/Record/Player/PitcherDetail/Basic.aspx?playerId=51967,f0fcbd239b882c25a6d583213127eaa21ef70b0af5536423f4ef93f675a1fd6d,2026-10-02T17:43:50.804412+00:00
51994,한재승,180.0,https://www.koreabaseball.com/Record/Player/PitcherDetail/Basic.aspx?playerId=51994,a606af13067ed3ed6d31d1b82926101efcb27abff5d8256755e6317303ba1455,2026-10-02T17:43:51.821348+00:00
52043,벤자민,188.0,https://www.koreabaseball.com/Record/Player/PitcherDetail/Basic.aspx?playerId=52043,86fe73bb965beef267f5cb97ddca5c6a2d4c7835f0ef0f394444e3a795a4ca00,2026-10-02T17:43:52.872799+00:00
52060,박영현,183.0,https://www.koreabaseball.com/Record/Player/PitcherDetail/Basic.aspx?playerId=52060,319ab5313ca48f17d31fb6a1944b41e892c0badd1fcd150c5f1b4c266f515a9e,2026-10-02T17:43:53.943834+00:00
52063,이상우,190.0,https://www.koreabaseball.com/Record/Player/PitcherDetail/Basic.aspx?playerId=52063,3c03b1925e67dd7252aff7c436c0c9180859878c69a35d3b3ff9bfdbef4a9833,2026-10-02T17:43:54.943881+00:00
52119,허준혁,180.0,https://www.koreabaseball.com/Record/Player/PitcherDetail/Basic.aspx?playerId=52119,be38897c5f7c5cc7aa164c0e4bfa0a4918e7ec156c45aab91971519c050445a6,2026-10-02T17:43:55.895197+00:00
52140,김주완,189.0,https://www.koreabaseball.com/Record/Player/PitcherDetail/Basic.aspx?playerId=52140,476568954aefdf492682a6e59edfe973227da8b0fd25a2854738ff30acbf71f0,2026-10-02T17:43:56.850849+00:00
52145,플럿코,190.0,https://www.koreabaseball.com/Record/Player/PitcherDetail/Basic.aspx?playerId=52145,234141c674857f50c97dc3e1acde1fc7fffc1478e04e89c3c5d1343b6c432834,2026-10-02T17:43:57.843365+00:00
52149,조원태,186.0,https://www.koreabaseball.com/Record/Player/PitcherDetail/Basic.aspx?playerId=52149,9192f50abb209504c1324d42f2eee43bcce5f296764f7052392b3a7ea42d6274,2026-10-02T17:43:58.843729+00:00
52204,이병헌,183.0,https://www.koreabaseball.com/Record/Player/PitcherDetail/Basic.aspx?playerId=52204,79fc53e6cb86c38ee03482b63cce9514f393159044c2136944bca7cbd5e4bc83,2026-10-02T17:43:59.899647+00:00
52206,최지강,180.0,https://www.koreabaseball.com/Record/Player/PitcherDetail/Basic.aspx?playerId=52206,21ef88cf0f773785a0a725e669d24d4fe36c298d5f70e12ec6b2ab51889ad62c,2026-10-02T17:44:00.970481+00:00
52234,스탁,185.0,https://www.koreabaseball.com/Record/Player/PitcherDetail/Basic.aspx?playerId=52234,3ada576d5d2db9979136fdadeb65ba6ae9e092a146f75cda4de80e1b6c829e49,2026-10-02T17:44:01.976741+00:00
52257,브랜든,190.0,https://www.koreabaseball.com/Record/Player/PitcherDetail/Basic.aspx?playerId=52257,af29f3e69b88ebc0fcf048144aad464c472701886aeb7b8b88f664e6ebba03b1,2026-10-02T17:44:02.991196+00:00
52295,이원재,187.0,https://www.koreabaseball.com/Record/Player/PitcherDetail/Basic.aspx?playerId=52295,c0cc606fac94951ef49a4215e7090c532c0fd80a54ed7096ec869671d32318a9,2026-10-02T17:44:04.088644+00:00
52308,애플러,196.0,https://www.koreabaseball.com/Record/Player/PitcherDetail/Basic.aspx?playerId=52308,40bb5e46d342a2da328bd2dd1f8e61d93c4e16a6e059577b721c2d5baeb444f3,2026-10-02T17:44:05.098806+00:00
52330,주승우,180.0,https://www.koreabaseball.com/Record/Player/PitcherDetail/Basic.aspx?playerId=52330,65365a553779e070f19b76715a22cbfe982e07a3077e6826371cae67fb71ade4,2026-10-02T17:44:06.140710+00:00
52391,송정인,187.0,https://www.koreabaseball.com/Record/Player/PitcherDetail/Basic.aspx?playerId=52391,152553548096c89ee1c4f493decc2ee0483ed0a1705b0d281630753c608c237e,2026-10-02T17:44:07.091522+00:00
52394,노운현,184.0,https://www.koreabaseball.com/Record/Player/PitcherDetail/Basic.aspx?playerId=52394,0af8341d0bc350db6cf4ddb7b1c2c5173337d5309d4fed3c960c54388de9b85d,2026-10-02T17:44:08.044858+00:00
52395,윤석원,185.0,https://www.koreabaseball.com/Record/Player/PitcherDetail/Basic.aspx?playerId=52395,313608e5bde71114ae6798a739d87d87f711ef4cad1557d5c03cd36cf772cc04,2026-10-02T17:44:09.077815+00:00
52397,이명종,180.0,https://www.koreabaseball.com/Record/Player/PitcherDetail/Basic.aspx?playerId=52397,0bd48f18ebee2489226595bf4f5d1de08d0b29a69ae876d2a558f743b6a5ebb2,2026-10-02T17:44:10.082898+00:00
52457,수아레즈,190.0,https://www.koreabaseball.com/Record/Player/PitcherDetail/Basic.aspx?playerId=52457,9fbcfb7078a5cefffad60ac6bff51f701957a894d88795e2bfff30aa1c4741c3,2026-10-02T17:44:11.044413+00:00
52460,김서준,183.0,https://www.koreabaseball.com/Record/Player/PitcherDetail/Basic.aspx?playerId=52460,14c5b5776f90ecc512641ccc3ca52d229b4a4f244158f965a6a6a36b26020a23,2026-10-02T17:44:12.157964+00:00
52528,반즈,189.0,https://www.koreabaseball.com/Record/Player/PitcherDetail/Basic.aspx?playerId=52528,becc8531d86eeb79d16f54484ed7a00ceaa8c6f5c2daca890d4f39c8c82caaa1,2026-10-02T17:44:13.129871+00:00
52530,이민석,189.0,https://www.koreabaseball.com/Record/Player/PitcherDetail/Basic.aspx?playerId=52530,ed15f47c5648704874056a8577b957296d7dda4319b5317c44f9c496704787df,2026-10-02T17:44:14.146630+00:00
52557,스파크맨,189.0,https://www.koreabaseball.com/Record/Player/PitcherDetail/Basic.aspx?playerId=52557,7db96d1d42af692f4ad1027259659a954b38e2a368ec9dde77b3b5554d510733,2026-10-02T17:44:15.144339+00:00
52558,진승현,184.0,https://www.koreabaseball.com/Record/Player/PitcherDetail/Basic.aspx?playerId=52558,c0cd26f103cb8bece1abac51d3e2d6f12f99b70f30bba20dd6223c1949a462c6,2026-10-02T17:44:16.371548+00:00
52606,파노니,185.0,https://www.koreabaseball.com/Record/Player/PitcherDetail/Basic.aspx?playerId=52606,3437c422a475ece1fa742fc7c852e78e4439d1e6024ec3c73e530156368a0b96,2026-10-02T17:44:17.379307+00:00
52637,놀린,193.0,https://www.koreabaseball.com/Record/Player/PitcherDetail/Basic.aspx?playerId=52637,a696ce0adbbbedf3aac2a7292717047d669a81e03337c635241905fb5dcd8f2f,2026-10-02T17:44:18.350660+00:00
52639,최지민,185.0,https://www.koreabaseball.com/Record/Player/PitcherDetail/Basic.aspx?playerId=52639,c4249ba0ac49da638ae3ade96625e0209ccc1a9709667d3df16b8d221b2d81ae,2026-10-02T17:44:19.355332+00:00
52641,황동하,183.0,https://www.koreabaseball.com/Record/Player/PitcherDetail/Basic.aspx?playerId=52641,5ebae62ef7dcaa88ad01c89161df3b8c84a2e12c52e5a4f36426d9c99bba656f,2026-10-02T17:44:20.415091+00:00
52645,로니,184.0,https://www.koreabaseball.com/Record/Player/PitcherDetail/Basic.aspx?playerId=52645,8c5ba24bb16c1fbf59e6e370ccf33743b7369e18b43b16a214570c9ef3560d30,2026-10-02T17:44:21.397237+00:00
52701,문동주,188.0,https://www.koreabaseball.com/Record/Player/PitcherDetail/Basic.aspx?playerId=52701,62f3e62ceb4e14fb2387fe6c1d102e1348dc0d4937dafda9a053fa55ea1b1d8c,2026-10-02T17:44:22.384032+00:00
52707,라미레즈,188.0,https://www.koreabaseball.com/Record/Player/PitcherDetail/Basic.aspx?playerId=52707,6c69f7f5b311de48c05dd70b4ddaec72136b71402b81cc44a8a70d443b2baa9e,2026-10-02T17:44:23.385439+00:00
52715,이재민,188.0,https://www.koreabaseball.com/Record/Player/PitcherDetail/Basic.aspx?playerId=52715,9a4b37079ac4fa52700ab63170e6e1070f0f7b343b5b1aac9421f2954f1895a5,2026-10-02T17:44:24.338948+00:00
52720,페냐,188.0,https://www.koreabaseball.com/Record/Player/PitcherDetail/Basic.aspx?playerId=52720,ef1d9be51b03ca2ef9b813487c823437bf99b8a34662ef665c85bf9cae2d247c,2026-10-02T17:44:25.435190+00:00
52731,박준영,190.0,https://www.koreabaseball.com/Record/Player/PitcherDetail/Basic.aspx?playerId=52731,271ad1003f8210c6d840b7a613bd8335a47bbfa383bf43f532fa2aeef8da43a7,2026-10-02T17:44:26.478757+00:00
52808,모리만도,182.0,https://www.koreabaseball.com/Record/Player/PitcherDetail/Basic.aspx?playerId=52808,0b6d9fbc6dcee37f943878b2b623f10b14aa2a791ebd3aa05cf42166f56c3e9d,2026-10-02T17:44:27.444495+00:00
52809,전영준,190.0,https://www.koreabaseball.com/Record/Player/PitcherDetail/Basic.aspx?playerId=52809,105ca362da2a620bb0b6f514c4bd0263eb1ffd932c5963a9f3a2af8663096c75,2026-10-02T17:44:28.446689+00:00
52833,노바,193.0,https://www.koreabaseball.com/Record/Player/PitcherDetail/Basic.aspx?playerId=52833,5a292b88349f6a771037e917980e743dd89115f9d724ba03d3ed1092c12113a6,2026-10-02T17:44:29.406733+00:00
52867,윤태현,189.0,https://www.koreabaseball.com/Record/Player/PitcherDetail/Basic.aspx?playerId=52867,a202f01586673cfe7a0a717e4c6530a50f0e11d49574c95ceb041868b3354566,2026-10-02T17:44:30.462252+00:00
52868,이기순,174.0,https://www.koreabaseball.com/Record/Player/PitcherDetail/Basic.aspx?playerId=52868,814289e798e5fc1690c40c9d117e539754ec5877b6277a69c52470c4c16c8488,2026-10-02T17:44:31.510885+00:00
52873,신헌민,187.0,https://www.koreabaseball.com/Record/Player/PitcherDetail/Basic.aspx?playerId=52873,4f38e8fbcbc9f2de39eebacceec394854cb40874f6149adfa1c6619ffcc9c2b2,2026-10-02T17:44:32.458540+00:00
52902,임지민,185.0,https://www.koreabaseball.com/Record/Player/PitcherDetail/Basic.aspx?playerId=52902,0b036718729ed9ab714aca8725be1010b17252a7570f7b0fddde1af27349d5ca,2026-10-02T17:44:33.458158+00:00
52903,조민석,180.0,https://www.koreabaseball.com/Record/Player/PitcherDetail/Basic.aspx?playerId=52903,1389b1933fff543b102bba071ce8c0af484048024f28ab1440b1a13511017cbe,2026-10-02T17:44:34.461243+00:00
52950,더모디,196.0,https://www.koreabaseball.com/Record/Player/PitcherDetail/Basic.aspx?playerId=52950,e58e4b8f5dc063e2f3b78677ac5b51bede20915172841f2b75098369a94f40ca,2026-10-02T17:44:35.445570+00:00
52994,박동수,177.0,https://www.koreabaseball.com/Record/Player/PitcherDetail/Basic.aspx?playerId=52994,f73edd8417248142983fd2a154a6b1b77d01e0bbca5d463589709998a065ed31,2026-10-02T17:44:36.386598+00:00
53006,강건,183.0,https://www.koreabaseball.com/Record/Player/PitcherDetail/Basic.aspx?playerId=53006,040a281fbc221e1c62abcb38551a001798269f6ac33f3c9536a5436b745d4b0e,2026-10-02T17:44:37.380347+00:00
53029,김정운,184.0,https://www.koreabaseball.com/Record/Player/PitcherDetail/Basic.aspx?playerId=53029,3578eebea4f7121fdfc35e16fdd1971bd99bfaa940ca1971646a4e6eefd4d717,2026-10-02T17:44:38.406562+00:00
53040,슐서,188.0,https://www.koreabaseball.com/Record/Player/PitcherDetail/Basic.aspx?playerId=53040,c22c524346cd597c918c14ceb90e00e2d1af3985ccf1b21815fece558ed57d19,2026-10-02T17:44:39.365779+00:00
53139,박명근,174.0,https://www.koreabaseball.com/Record/Player/PitcherDetail/Basic.aspx?playerId=53139,77097e3a498d353e8b350b6e37490ac8686158e8c231e6013aa7859a18693ba7,2026-10-02T17:44:40.405257+00:00
53164,김동규,194.0,https://www.koreabaseball.com/Record/Player/PitcherDetail/Basic.aspx?playerId=53164,d2c620ef8a51a25a8c981df2d661f2a755511c276680d376a2264fb29dd400a1,2026-10-02T17:44:41.466341+00:00
53233,딜런,185.0,https://www.koreabaseball.com/Record/Player/PitcherDetail/Basic.aspx?playerId=53233,8213e6c655d7ec83dd9a424b05daf54651cb38cc9ccf0a35928e96ab1cbd887d,2026-10-02T17:44:42.485734+00:00
53259,최준호,188.0,https://www.koreabaseball.com/Record/Player/PitcherDetail/Basic.aspx?playerId=53259,4c90cadc4af2990de4c3734b703eb1b3eb9557ea73cf9c694278dec3226dbb4f,2026-10-02T17:44:43.541903+00:00
53262,김유성,190.0,https://www.koreabaseball.com/Record/Player/PitcherDetail/Basic.aspx?playerId=53262,fb4288fe35c8b15b48fc223d0521d3af4d6f45c12baea51967da593f0ea2fe4f,2026-10-02T17:44:44.527165+00:00
53298,백승우,183.0,https://www.koreabaseball.com/Record/Player/PitcherDetail/Basic.aspx?playerId=53298,11dd2d9444f795af463e48f80e6b90b03a0ac063a6afc5b88616280b407dd19c,2026-10-02T17:44:45.521914+00:00
53300,오상원,184.0,https://www.koreabaseball.com/Record/Player/PitcherDetail/Basic.aspx?playerId=53300,dd6905f7dd14b6996747f8aa45e9c138378aea3299b7e26d0aced50e89dd7894,2026-10-02T17:44:46.476007+00:00
53301,박윤성,183.0,https://www.koreabaseball.com/Record/Player/PitcherDetail/Basic.aspx?playerId=53301,60fd56ce3f9c444b277f54c66d6ac302eae20a6a48c6fe3d6f3fd0cc32187004,2026-10-02T17:44:47.504509+00:00
53312,김건희,186.0,https://www.koreabaseball.com/Record/Player/PitcherDetail/Basic.aspx?playerId=53312,a47b1d14e00ce431a4bdbbed30cfe9dc86dfbf02feb2d7f919affe9575fcf3b7,2026-10-02T17:44:48.465550+00:00
53322,맥키니,180.0,https://www.koreabaseball.com/Record/Player/PitcherDetail/Basic.aspx?playerId=53322,84c3f155fa92197ee91c120e3b48c98e6aac30e52dee8ecee0c2e14fbaf35f0c,2026-10-02T17:44:49.413660+00:00
53375,후라도,188.0,https://www.koreabaseball.com/Record/Player/PitcherDetail/Basic.aspx?playerId=53375,90298a39231aaf0de80cdc7886bffc8ef05ca4ac54c7977a9bafd6b5372d489a,2026-10-02T17:44:50.429921+00:00
53455,이호성,184.0,https://www.koreabaseball.com/Record/Player/PitcherDetail/Basic.aspx?playerId=53455,64ade90959281936dff5e3784bffa01918ae3128e4d53ea8df0ba49eabfd30e9,2026-10-02T17:44:51.418916+00:00
53469,박권후,184.0,https://www.koreabaseball.com/Record/Player/PitcherDetail/Basic.aspx?playerId=53469,6285469e0433bbdb1a0de33dc8c363a51fe2e1a6078ca267e8866d62144f79b6,2026-10-02T17:44:52.387791+00:00
53546,윌커슨,188.0,https://www.koreabaseball.com/Record/Player/PitcherDetail/Basic.aspx?playerId=53546,94b8aae807b4d09df4887f95ba95d3639a7d0537d6601d9a0193f215247a9669,2026-10-02T17:44:53.351907+00:00
53560,석상호,182.0,https://www.koreabaseball.com/Record/Player/PitcherDetail/Basic.aspx?playerId=53560,54bb7d0109b54832e34e41778c247285515e7150eba377512da3a612ba877669,2026-10-02T17:44:54.324727+00:00
53562,이진하,191.0,https://www.koreabaseball.com/Record/Player/PitcherDetail/Basic.aspx?playerId=53562,1262e4e69c23eba3df77613f2d1611027e0b2c67ad6c0a69693e305c9609038f,2026-10-02T17:44:55.310211+00:00
53594,이태연,180.0,https://www.koreabaseball.com/Record/Player/PitcherDetail/Basic.aspx?playerId=53594,007ec903c054582cad28da9b0329aa8ecc43c56bb2842936027ac4ad54599d7d,2026-10-02T17:44:56.283613+00:00
53596,장세진,179.0,https://www.koreabaseball.com/Record/Player/PitcherDetail/Basic.aspx?playerId=53596,7b0556fe38d11f8270510aeaa6724348dee7e6a7e45cebdec4c1ee2842d4f701,2026-10-02T17:44:57.257633+00:00
53609,곽도규,185.0,https://www.koreabaseball.com/Record/Player/PitcherDetail/Basic.aspx?playerId=53609,37145fe16fd6d3e478c7e75b75933b770fe0b5ae260d56805d7f9bd6f3980da7,2026-10-02T17:44:58.314139+00:00
53613,윤영철,187.0,https://www.koreabaseball.com/Record/Player/PitcherDetail/Basic.aspx?playerId=53613,869ca1dfea5f246ab173abe2756f1275f550ca2bdb6a43c3c9f75c0abf229b52,2026-10-02T17:44:59.315960+00:00
53645,메디나,185.0,https://www.koreabaseball.com/Record/Player/PitcherDetail/Basic.aspx?playerId=53645,0e097305e5e1df5956bb55261dd99a767b398c04564beaba1070425233db42df,2026-10-02T17:45:00.293022+00:00
53664,앤더슨,193.0,https://www.koreabaseball.com/Record/Player/PitcherDetail/Basic.aspx?playerId=53664,cf6c3c356b0fe9c2d16431fdec1df17986006508a7ec5e39552c147156952093,2026-10-02T17:45:01.289367+00:00
53665,산체스,185.0,https://www.koreabaseball.com/Record/Player/PitcherDetail/Basic.aspx?playerId=53665,b8e90fe7d8a9fd0f1466257a67d282e206f9f630114c723f12a1baacae25a83a,2026-10-02T17:45:02.300410+00:00
53714,산체스,178.0,https://www.koreabaseball.com/Record/Player/PitcherDetail/Basic.aspx?playerId=53714,9b4c426c00ea7814cc8628303a8cc230b0b2d1c24f924fc4f6fdff1bfd003f2a,2026-10-02T17:45:03.257772+00:00
53734,스미스,193.0,https://www.koreabaseball.com/Record/Player/PitcherDetail/Basic.aspx?playerId=53734,150a743ec8de531e565739c4a2b02692b84e825297744f9a09653b83c8946b46,2026-10-02T17:45:04.277392+00:00
53754,김서현,188.0,https://www.koreabaseball.com/Record/Player/PitcherDetail/Basic.aspx?playerId=53754,7aa2c2f9166c9be5832f5b88193286471f01e889cd1a30dc4c571913ddf64273,2026-10-02T17:45:05.390328+00:00
53825,엘리아스,185.0,https://www.koreabaseball.com/Record/Player/PitcherDetail/Basic.aspx?playerId=53825,c998f2280beb9c80e7e3e1efb46a9782ea96c0963c2eb0ac99e78813bc6b9e11,2026-10-02T17:45:06.341621+00:00
53833,맥카티,173.0,https://www.koreabaseball.com/Record/Player/PitcherDetail/Basic.aspx?playerId=53833,77271406f434b98c98e220305019135b3e775afa078e0d788d34729870cdaedc,2026-10-02T17:45:07.411342+00:00
53892,이로운,185.0,https://www.koreabaseball.com/Record/Player/PitcherDetail/Basic.aspx?playerId=53892,4760793f8efaabc99198a4957391d20c66f93c1cf5b91d972e3e379e6ae0898d,2026-10-02T17:45:08.394443+00:00
53898,송영진,185.0,https://www.koreabaseball.com/Record/Player/PitcherDetail/Basic.aspx?playerId=53898,4fb4d48add66989f243d0c2df833195fea7e73c2825e2e50fb7c77779a7b0f52,2026-10-02T17:45:09.415510+00:00
53909,태너,184.0,https://www.koreabaseball.com/Record/Player/PitcherDetail/Basic.aspx?playerId=53909,70f9e57d33c89e6b0014cdf00609245e038ab16617d18b5ff4a640420c0080d0,2026-10-02T17:45:10.401736+00:00
53913,페디,193.0,https://www.koreabaseball.com/Record/Player/PitcherDetail/Basic.aspx?playerId=53913,2c54612c7d58bab3c02a7d624c0753a0312f2a66675a87997e8cbb72f8cf2dd2,2026-10-02T17:45:11.372017+00:00
53919,신영우,182.0,https://www.koreabaseball.com/Record/Player/PitcherDetail/Basic.aspx?playerId=53919,d67f0664e22fdef90bfae4c7997adccc770cdc048cc2425335708c1fa333a896,2026-10-02T17:45:12.385863+00:00
53927,와이드너,183.0,https://www.koreabaseball.com/Record/Player/PitcherDetail/Basic.aspx?playerId=53927,d0b6c0cb8f585c9bd7c136d275148077fa080100bf0315124d600592b237fc5f,2026-10-02T17:45:13.336669+00:00
53973,목지훈,181.0,https://www.koreabaseball.com/Record/Player/PitcherDetail/Basic.aspx?playerId=53973,ed1102130dd29d4c620d961a52932975c6b7c76172319512a0e44b3264f38ed3,2026-10-02T17:45:14.354991+00:00
53996,이준호,181.0,https://www.koreabaseball.com/Record/Player/PitcherDetail/Basic.aspx?playerId=53996,011531a223ea028282c9c0991cc69c6b094c10f9164991cd8bd446cf75094207,2026-10-02T17:45:15.391966+00:00
54063,원상현,183.0,https://www.koreabaseball.com/Record/Player/PitcherDetail/Basic.aspx?playerId=54063,fb4c8df8ffaa8380e36160ac425ec48b4b6ad7b228b06ecfad79469ff71eb794,2026-10-02T17:45:16.429619+00:00
54064,육청명,186.0,https://www.koreabaseball.com/Record/Player/PitcherDetail/Basic.aspx?playerId=54064,c3ebb77f3651aad188b51c13315a39cb1e665cddbf4bedfad0083a671ce70bc0,2026-10-02T17:45:17.522571+00:00
54119,에르난데스,185.0,https://www.koreabaseball.com/Record/Player/PitcherDetail/Basic.aspx?playerId=54119,0a5478388fe8366eae185bdd9de8e230842c22c8bd8eb79bb54419e2c44bc5a2,2026-10-02T17:45:18.524137+00:00
54134,엔스,185.0,https://www.koreabaseball.com/Record/Player/PitcherDetail/Basic.aspx?playerId=54134,5590e6205b2710deb8a19953133fbf12f116012c8427ff0edd1980c3fc3557ad,2026-10-02T17:45:19.519538+00:00
54148,진우영,188.0,https://www.koreabaseball.com/Record/Player/PitcherDetail/Basic.aspx?playerId=54148,f38ffb53d33b8f7fb951214a1a363edc27c8255bbaad9699127f55c9532f5452,2026-10-02T17:45:20.511363+00:00
54149,정지헌,180.0,https://www.koreabaseball.com/Record/Player/PitcherDetail/Basic.aspx?playerId=54149,dfc5cc1eb3c0100e426959500e7a0acf621c8a200ca6e71c87c92790c91a5c86,2026-10-02T17:45:21.540907+00:00
54213,박지호,181.0,https://www.koreabaseball.com/Record/Player/PitcherDetail/Basic.aspx?playerId=54213,7e9f6ec3673d22b238965ee9d384c3ca7410116b0f62082e09a1d0a29b2223cd,2026-10-02T17:45:22.488477+00:00
54243,발라조빅,196.0,https://www.koreabaseball.com/Record/Player/PitcherDetail/Basic.aspx?playerId=54243,7ab4a8a517f31608907fc54e126d6299dc17d309f4483e2be7152a5bc236790d,2026-10-02T17:45:23.602358+00:00
54263,김택연,181.0,https://www.koreabaseball.com/Record/Player/PitcherDetail/Basic.aspx?playerId=54263,e9b38ce09cd2d309d4d74c1419898da8022e5917b01a3e0017bb11bb56ba7304,2026-10-02T17:45:24.607377+00:00
54304,박범준,183.0,https://www.koreabaseball.com/Record/Player/PitcherDetail/Basic.aspx?playerId=54304,e770c0ee88b4814f9da5f146f3e3b1acd317c2d55d2698ff3b8a8023e1e8b98d,2026-10-02T17:45:25.589194+00:00
54319,김윤하,185.0,https://www.koreabaseball.com/Record/Player/PitcherDetail/Basic.aspx?playerId=54319,d48d3045e920e0c0295a34751b83f3d8872ed0338ac96d309bbc7660a2080df0,2026-10-02T17:45:26.622404+00:00
54354,헤이수스,192.0,https://www.koreabaseball.com/Record/Player/PitcherDetail/Basic.aspx?playerId=54354,035b5147fa72454455d5e7575106856aaffc58b4e5b869401f8b7bb9eea7483e,2026-10-02T17:45:27.598219+00:00
54362,전준표,186.0,https://www.koreabaseball.com/Record/Player/PitcherDetail/Basic.aspx?playerId=54362,a686b407175930db08156b89707e84fc006db554b9cfb5be3fea5479ba3d390b,2026-10-02T17:45:28.594960+00:00
54363,손현기,188.0,https://www.koreabaseball.com/Record/Player/PitcherDetail/Basic.aspx?playerId=54363,6094ff7cc2c8f2638b05614d5cac48675cfebf6bce353e93f454b394239b5e62,2026-10-02T17:45:29.686405+00:00
54368,김연주,175.0,https://www.koreabaseball.com/Record/Player/PitcherDetail/Basic.aspx?playerId=54368,b71f74828845d4155c0ee94a240883c3d2237fd30ffc45008398a0b04121a310,2026-10-02T17:45:30.716953+00:00
54404,육선엽,190.0,https://www.koreabaseball.com/Record/Player/PitcherDetail/Basic.aspx?playerId=54404,5d9e5930f119c8d7c60227376c42d154fdcdb6225cd1b37ae62cc9a53a77c11d,2026-10-02T17:45:31.707804+00:00
54443,레예스,198.0,https://www.koreabaseball.com/Record/Player/PitcherDetail/Basic.aspx?playerId=54443,af11a081de52b06e7d91895dc5e884c2cb78c692e3b18ce37a8f8fd9945cdc86,2026-10-02T17:45:32.668653+00:00
54452,코너,188.0,https://www.koreabaseball.com/Record/Player/PitcherDetail/Basic.aspx?playerId=54452,3ff303a6300afbede0a7218655c7613109f4b3e8f2f7b6ae28ed5338684ec7b0,2026-10-02T17:45:33.670907+00:00
54503,박준우,190.0,https://www.koreabaseball.com/Record/Player/PitcherDetail/Basic.aspx?playerId=54503,d6b7154dae3825b9579006b8e60ea8a0ab524340d53c10b711938ab4c3ee1505,2026-10-02T17:45:34.670470+00:00
54537,정현수,180.0,https://www.koreabaseball.com/Record/Player/PitcherDetail/Basic.aspx?playerId=54537,0fd3a3452a31fdbce29451531fd3438c919300223501de72e839b7a27355d074,2026-10-02T17:45:35.664190+00:00
54561,전미르,187.0,https://www.koreabaseball.com/Record/Player/PitcherDetail/Basic.aspx?playerId=54561,5b0f74f7ebcb1b3141b685c38e102a37ac7c17eeb02c3e00c65309ba4de9d52a,2026-10-02T17:45:36.665812+00:00
54608,김민재,188.0,https://www.koreabaseball.com/Record/Player/PitcherDetail/Basic.aspx?playerId=54608,f77385b6994d54f0a464cf3aa867a9fa9fde89c81716481abaef2b5a72d8152e,2026-10-02T17:45:37.652463+00:00
54612,크로우,185.0,https://www.koreabaseball.com/Record/Player/PitcherDetail/Basic.aspx?playerId=54612,939592e7320de0e4dfc76311ed103b724ee80c296915547a6374478fa8e652b2,2026-10-02T17:45:38.601909+00:00
54615,스타우트,190.0,https://www.koreabaseball.com/Record/Player/PitcherDetail/Basic.aspx?playerId=54615,08bb677d6749f72ddd288874b0c9051863611d33f99759bf67ff6f89d0f385d0,2026-10-02T17:45:39.569972+00:00
54640,네일,193.0,https://www.koreabaseball.com/Record/Player/PitcherDetail/Basic.aspx?playerId=54640,b9f82ee3021c16d24f73472c15f55656f152ec46dbabe0b13a39a58d16140e49,2026-10-02T17:45:40.578847+00:00
54645,김민주,182.0,https://www.koreabaseball.com/Record/Player/PitcherDetail/Basic.aspx?playerId=54645,6a6f199b4236328ed995bcf109c8d303ab80557090f8fba2b9f9345a6b1b66bf,2026-10-02T17:45:41.541576+00:00
54664,알드레드,191.0,https://www.koreabaseball.com/Record/Player/PitcherDetail/Basic.aspx?playerId=54664,358b52639bf1a461e161795034bcd7621548b0643b9ae085630b33690d486a7f,2026-10-02T17:45:42.490015+00:00
54666,라우어,190.0,https://www.koreabaseball.com/Record/Player/PitcherDetail/Basic.aspx?playerId=54666,7cde5627e8e3578b6286ba6369c733b3c82639eff77ca95dae2ee8401c20aa40,2026-10-02T17:45:43.473351+00:00
54720,바리아,185.0,https://www.koreabaseball.com/Record/Player/PitcherDetail/Basic.aspx?playerId=54720,b96f8a348a3ac92e6ccad7afb681cc702da81e0cc2e203d8601c5c7955b7f660,2026-10-02T17:45:44.430206+00:00
54729,황준서,185.0,https://www.koreabaseball.com/Record/Player/PitcherDetail/Basic.aspx?playerId=54729,9adeec084c331f87c6f4fdd24be200165fec74e4169b3db54d726a0aa3b1728c,2026-10-02T17:45:45.484132+00:00
54755,와이스,193.0,https://www.koreabaseball.com/Record/Player/PitcherDetail/Basic.aspx?playerId=54755,4bc812f3c440539a779e45d957da16d8111c859db3fc26087b7b50138687a483,2026-10-02T17:45:46.430784+00:00
54768,조동욱,190.0,https://www.koreabaseball.com/Record/Player/PitcherDetail/Basic.aspx?playerId=54768,eeb8a28804d79a24b8e87032b4695f488ce28486e82d997cc03fe0cebdb16e16,2026-10-02T17:45:47.483925+00:00
54803,최현석,185.0,https://www.koreabaseball.com/Record/Player/PitcherDetail/Basic.aspx?playerId=54803,8efb69df5f1ffc2ec5e6d4e6543acd864ef94cca64830c7758b250a82eda66d8,2026-10-02T17:45:48.439171+00:00
54804,더거,183.0,https://www.koreabaseball.com/Record/Player/PitcherDetail/Basic.aspx?playerId=54804,0923a7e163db9351a319e194f9e3a0ab07e5bb7c3d0abf6c33f6f38f6ea88a41,2026-10-02T17:45:49.399338+00:00
54807,박성빈,187.0,https://www.koreabaseball.com/Record/Player/PitcherDetail/Basic.aspx?playerId=54807,b03724453578fb73c477354ba3843e85481e46029619c826ef6b2ca2e15ab029,2026-10-02T17:45:50.353295+00:00
54833,앤더슨,194.0,https://www.koreabaseball.com/Record/Player/PitcherDetail/Basic.aspx?playerId=54833,892df4736262242407240b3f2bf10d0dafb994dbe8f5cb40c6ff9013b8a6f96a,2026-10-02T17:45:51.306925+00:00
54843,시라카와,180.0,https://www.koreabaseball.com/Record/Player/PitcherDetail/Basic.aspx?playerId=54843,e5c0d5cc70a539d83bef195cdbf8ff9bcc04057031568b2c71910c52cba7aca8,2026-10-02T17:45:52.293462+00:00
54900,임상현,184.0,https://www.koreabaseball.com/Record/Player/PitcherDetail/Basic.aspx?playerId=54900,79e43bf7a9ec1272c8ae1ee9afc85944a314215afb26bdff818697f6a922ceeb,2026-10-02T17:45:53.280125+00:00
54903,최우석,190.0,https://www.koreabaseball.com/Record/Player/PitcherDetail/Basic.aspx?playerId=54903,7489fd4df27b45d43513a76bc5be15e35f7b9605ec66b4aeae26911d2bd680e9,2026-10-02T17:45:54.306852+00:00
54904,손주환,177.0,https://www.koreabaseball.com/Record/Player/PitcherDetail/Basic.aspx?playerId=54904,95c6641bd67cedf31b345088c4d2b88e203ce1d4d747f3f3645463fbabf35525,2026-10-02T17:45:55.290469+00:00
54913,김민규,183.0,https://www.koreabaseball.com/Record/Player/PitcherDetail/Basic.aspx?playerId=54913,076f7903ff40840d7dc4ba052cb50a385aef5029da5f4913cda33cc96ead551f,2026-10-02T17:45:56.285187+00:00
54920,카스타노,190.0,https://www.koreabaseball.com/Record/Player/PitcherDetail/Basic.aspx?playerId=54920,e41eddbf00d27f48902dad88208f9717fdfc23ea673ae6d706a259dbecbca0d8,2026-10-02T17:45:57.236361+00:00
54930,하트,196.0,https://www.koreabaseball.com/Record/Player/PitcherDetail/Basic.aspx?playerId=54930,f91dd453ab9b9e57854d54ce9954224d04e9d24ce633a58b004da397337ef4d1,2026-10-02T17:45:58.183569+00:00
60140,신정락,178.0,https://www.koreabaseball.com/Record/Player/PitcherDetail/Basic.aspx?playerId=60140,f41a3356c84c3615ce786b5ecdfa5bae3321edf22f5ea2ccbee269ba94951974,2026-10-02T17:45:59.260016+00:00
60146,이승현,181.0,https://www.koreabaseball.com/Record/Player/PitcherDetail/Basic.aspx?playerId=60146,efdc6fde7dcba72913fd038b971fc799ec6faca451ed588597346e1d7ec91e86,2026-10-02T17:46:00.420232+00:00
60181,김지용,174.0,https://www.koreabaseball.com/Record/Player/PitcherDetail/Basic.aspx?playerId=60181,e6a228f8566cbde92cb150ad004855f630787a47f0a9b13f4b4a84e069441978,2026-10-02T17:46:01.459805+00:00
60263,이재학,181.0,https://www.koreabaseball.com/Record/Player/PitcherDetail/Basic.aspx?playerId=60263,9840be24a87cdca20a4218c135066c2ae85fb7d942c71c6675d9b7218032792c,2026-10-02T17:46:02.544243+00:00
60264,정대현,186.0,https://www.koreabaseball.com/Record/Player/PitcherDetail/Basic.aspx?playerId=60264,c5ca5f799d4d04cd0c2dc1de122786696ab1b7462943d7337d2c4f7b5635852a,2026-10-02T17:46:03.512862+00:00
60336,문성현,182.0,https://www.koreabaseball.com/Record/Player/PitcherDetail/Basic.aspx?playerId=60336,2223f771e5e12933cb38d3f469f4de5af774dff9affb4a8f225d38a31965bee5,2026-10-02T17:46:04.547089+00:00
60337,김대유,187.0,https://www.koreabaseball.com/Record/Player/PitcherDetail/Basic.aspx?playerId=60337,9abc468ff5cc366168a04a9b49f4b9dc98f82a00d7295dade04829dfac643738,2026-10-02T17:46:05.663811+00:00
60339,김건태,185.0,https://www.koreabaseball.com/Record/Player/PitcherDetail/Basic.aspx?playerId=60339,6e12f0ed79a1f5d97c839474670a8ca8ca90847652aa52a650bdbbb5c22354f1,2026-10-02T17:46:06.710827+00:00
60559,박시영,181.0,https://www.koreabaseball.com/Record/Player/PitcherDetail/Basic.aspx?playerId=60559,03350e59c3a735ea02403c6fbb4012b602dcf59ee6d6aeaf886af5464facdd5f,2026-10-02T17:46:07.747939+00:00
60634,임기준,182.0,https://www.koreabaseball.com/Record/Player/PitcherDetail/Basic.aspx?playerId=60634,9a00399e81f1bf20923eadc6f1a880c5ca32cca92f9123da7f0b5ba776dc2d99,2026-10-02T17:46:08.734005+00:00
60757,김경태,183.0,https://www.koreabaseball.com/Record/Player/PitcherDetail/Basic.aspx?playerId=60757,2dc80ba3331ef45bb7ab1ee4524cb45da15606c139f4163444a02c7d7841a0e7,2026-10-02T17:46:09.759927+00:00
60768,이태양,192.0,https://www.koreabaseball.com/Record/Player/PitcherDetail/Basic.aspx?playerId=60768,a31b81fc796c714cfb1723d22c661fb3a238386dea81ed22af574373d38385be,2026-10-02T17:46:10.844584+00:00
60841,박종훈,186.0,https://www.koreabaseball.com/Record/Player/PitcherDetail/Basic.aspx?playerId=60841,2c4bc45c439439d9e4fe5c3bfe7c363e3dccc33f314c8179eb81cdd6d27a6728,2026-10-02T17:46:12.016808+00:00
60845,문광은,180.0,https://www.koreabaseball.com/Record/Player/PitcherDetail/Basic.aspx?playerId=60845,dd9799266f2cf3c5028b16fe271d1dca1042a315992355d63a91b2125c00e34a,2026-10-02T17:46:13.064686+00:00
61101,임찬규,185.0,https://www.koreabaseball.com/Record/Player/PitcherDetail/Basic.aspx?playerId=61101,560380f8bb3b1ca686980a5dc483d2f97b729950ac1ed56d61087bf1ee2de581,2026-10-02T17:46:14.176827+00:00
61145,이우찬,185.0,https://www.koreabaseball.com/Record/Player/PitcherDetail/Basic.aspx?playerId=61145,54c70f083697bad6c0e3abb6bd8aab64ee2a503a617cfc3f943e8a0f21248df5,2026-10-02T17:46:15.209447+00:00
61156,송윤준,186.0,https://www.koreabaseball.com/Record/Player/PitcherDetail/Basic.aspx?playerId=61156,706e53d4c9c8fdd20ad92fa60da7f4e58c30a6a3ceed9e9097d2926ac34aa805,2026-10-02T17:46:16.262258+00:00
61208,정진호,185.0,https://www.koreabaseball.com/Record/Player/PitcherDetail/Basic.aspx?playerId=61208,af947e3af69e88719185967a16c8cf8a9fd26ba196eb54e92fdf5c10db4d389f,2026-10-02T17:46:17.236782+00:00
61214,이현호,185.0,https://www.koreabaseball.com/Record/Player/PitcherDetail/Basic.aspx?playerId=61214,860baf6827e6fd5e6c4ee99fcd4ea0c14530e845b90e610300a3d46d414fea58,2026-10-02T17:46:18.291835+00:00
61268,양현,189.0,https://www.koreabaseball.com/Record/Player/PitcherDetail/Basic.aspx?playerId=61268,4776e2d54000da899bf2f7aa65ffcfe412d6d84721d1047e4acb9989588f4a45,2026-10-02T17:46:19.715772+00:00
61295,강동연,195.0,https://www.koreabaseball.com/Record/Player/PitcherDetail/Basic.aspx?playerId=61295,9fe748e1a1ee83cb792a589237a8146ecb7e9c3810a076ef05ea1182e08a44d0,2026-10-02T17:46:20.725843+00:00
61329,윤지웅,180.0,https://www.koreabaseball.com/Record/Player/PitcherDetail/Basic.aspx?playerId=61329,68d0c66c23f9a91746946c892d754f00b2279d7e1f3cc1f4d2176c7c2e4c037f,2026-10-02T17:46:21.747038+00:00
61365,김대우,183.0,https://www.koreabaseball.com/Record/Player/PitcherDetail/Basic.aspx?playerId=61365,143a39993ef89dd6e1484abe699abdc25d7c83c3ffa6a585a9072cbf275e4380,2026-10-02T17:46:23.111651+00:00
61396,박정준,184.0,https://www.koreabaseball.com/Record/Player/PitcherDetail/Basic.aspx?playerId=61396,e6c2149b04010b204bf51592b9dc464b252f53c5a0e123356d43067cabf2003e,2026-10-02T17:46:24.144150+00:00
61411,심창민,185.0,https://www.koreabaseball.com/Record/Player/PitcherDetail/Basic.aspx?playerId=61411,ac1f5a5bbf72438c08c51e86854bbc169e5c2b9921cf0e6b3db26a6c31b5190d,2026-10-02T17:46:25.260407+00:00
61456,윤영삼,181.0,https://www.koreabaseball.com/Record/Player/PitcherDetail/Basic.aspx?playerId=61456,a13beb53185cd732c0d92c6ff6089e531bee30a145dfdb2597284499ce5c4ce3,2026-10-02T17:46:26.318276+00:00
61457,임현준,185.0,https://www.koreabaseball.com/Record/Player/PitcherDetail/Basic.aspx?playerId=61457,2610ad685f03843cfadb4bc8b9b85ec093fea92ff03dd4d503cba0f11b3d6a78,2026-10-02T17:46:27.404676+00:00
61643,홍건희,187.0,https://www.koreabaseball.com/Record/Player/PitcherDetail/Basic.aspx?playerId=61643,9645657bbc0ab9cda825d9efd09f722de5fcecb6a153869c1a718d2d7562e7f5,2026-10-02T17:46:28.515744+00:00
61666,한승혁,185.0,https://www.koreabaseball.com/Record/Player/PitcherDetail/Basic.aspx?playerId=61666,9fb12dea7c40fbdde1d1c7cd6e110254d533de5583fc06f251b1de91d9486f2f,2026-10-02T17:46:29.624977+00:00
61700,강경학,180.0,https://www.koreabaseball.com/Record/Player/PitcherDetail/Basic.aspx?playerId=61700,31527028203013a9b3a1b15076ae679d235b4fa30f0bdb8d7d528e8ed0ab5796,2026-10-02T17:46:31.014957+00:00
61895,서진용,184.0,https://www.koreabaseball.com/Record/Player/PitcherDetail/Basic.aspx?playerId=61895,9152593beb19ba45dd09078f849067c3d375b6189002be41a5e5a1cb4f603386,2026-10-02T17:46:32.203738+00:00
61962,김정후,178.0,https://www.koreabaseball.com/Record/Player/PitcherDetail/Basic.aspx?playerId=61962,b28529c3038f017f5d1da93218c1ebcbef6fe066acfca195dcb6c1e4a50a3969,2026-10-02T17:46:33.227158+00:00
62056,정영일,188.0,https://www.koreabaseball.com/Record/Player/PitcherDetail/Basic.aspx?playerId=62056,9c1555c0aa9e5833f18d28b92091fea3b7f80bf00d9002f1fcc9da09637f3fd9,2026-10-02T17:46:34.400930+00:00
62146,최성훈,178.0,https://www.koreabaseball.com/Record/Player/PitcherDetail/Basic.aspx?playerId=62146,2cd663ff2d61af01403d15e722af17629da86ba3ec32a9e171beb1294fe40e3d,2026-10-02T17:46:35.464791+00:00
62242,윤명준,178.0,https://www.koreabaseball.com/Record/Player/PitcherDetail/Basic.aspx?playerId=62242,f3b7dcf7af52be64a09994921c976dd8dbebbeabd3e578ff111881ebbf0a9f0b,2026-10-02T17:46:36.457401+00:00
62263,변시원,178.0,https://www.koreabaseball.com/Record/Player/PitcherDetail/Basic.aspx?playerId=62263,b75e11f6f947d0cb059b8c416b5ad45bca0e7e8b54da1df54b70805200f56778,2026-10-02T17:46:37.456797+00:00
62294,이태오,190.0,https://www.koreabaseball.com/Record/Player/PitcherDetail/Basic.aspx?playerId=62294,6990d59b86f750ffba6db9faa9a5d331e4fa464cf7335d4a30ba3bbafa3ad275,2026-10-02T17:46:38.506025+00:00
62360,김태훈,187.0,https://www.koreabaseball.com/Record/Player/PitcherDetail/Basic.aspx?playerId=62360,ebdefbea11e6387e327d0a039e60ab84d4bace0694fba2981b7d9510cf980050,2026-10-02T17:46:39.614678+00:00
62363,한현희,182.0,https://www.koreabaseball.com/Record/Player/PitcherDetail/Basic.aspx?playerId=62363,8e92da433c7e88709e9a18fc7343cfcc080a67f0901eed10e9bdf5c1b6e53141,2026-10-02T17:46:40.671041+00:00
62528,김원중,192.0,https://www.koreabaseball.com/Record/Player/PitcherDetail/Basic.aspx?playerId=62528,7fcb680951455df0cca4316c031113d96271148e589bcbecc46e80872edcc742,2026-10-02T17:46:41.786584+00:00
62595,정태승,178.0,https://www.koreabaseball.com/Record/Player/PitcherDetail/Basic.aspx?playerId=62595,470b8af2c05d6e0d0c83b0e9238a1710e03491c4d5e2026854e085ec5dcd0ad1,2026-10-02T17:46:42.840988+00:00
62611,임준섭,181.0,https://www.koreabaseball.com/Record/Player/PitcherDetail/Basic.aspx?playerId=62611,4f36693fb4eb3a586270898aec23fd09319d8599ac6440a0e44612f85db21e0b,2026-10-02T17:46:43.918100+00:00
62648,김윤동,186.0,https://www.koreabaseball.com/Record/Player/PitcherDetail/Basic.aspx?playerId=62648,477619dea1e44fd06a98419688d3d3bbc546169dd5eb1e0fdb5f97ef405ea789,2026-10-02T17:46:44.958583+00:00
62655,홍성민,191.0,https://www.koreabaseball.com/Record/Player/PitcherDetail/Basic.aspx?playerId=62655,caa7913441133401996bcdc2ede5b05008fd85c3116031945f321a89ce4ab319,2026-10-02T17:46:46.020214+00:00
62698,소사,185.0,https://www.koreabaseball.com/Record/Player/PitcherDetail/Basic.aspx?playerId=62698,fd1c881391d91a1106cd5507e5ada4263f5ce9d46769b6c5ba604065c1fb0b80,2026-10-02T17:46:47.027700+00:00
62754,임기영,184.0,https://www.koreabaseball.com/Record/Player/PitcherDetail/Basic.aspx?playerId=62754,9aa0311b419819d8da32457b71b8fbea66b04ed72595a59e6ecfcea3c2571f41,2026-10-02T17:46:48.085285+00:00
62869,문승원,180.0,https://www.koreabaseball.com/Record/Player/PitcherDetail/Basic.aspx?playerId=62869,c4e11ae76ad718c3026d7cb03aa010a321fa104313185c1d8f26661e9368e005,2026-10-02T17:46:49.180237+00:00
62908,황윤호,177.0,https://www.koreabaseball.com/Record/Player/PitcherDetail/Basic.aspx?playerId=62908,5d2d56f03b9654d10f5971235cd8d37672ac59a34e7eb094d674bea824614874,2026-10-02T17:46:50.169494+00:00
62920,노건우,182.0,https://www.koreabaseball.com/Record/Player/PitcherDetail/Basic.aspx?playerId=62920,23bf9a173303ed9a67bb52f71706f5369c7a645d7feab275b5c936c9c88bab19,2026-10-02T17:46:51.278269+00:00
62929,이민호,185.0,https://www.koreabaseball.com/Record/Player/PitcherDetail/Basic.aspx?playerId=62929,aed536cb2f7fb0d721a5ff84168297783e7e5c2d170939109ee2fec38c671af5,2026-10-02T17:46:52.255289+00:00
62937,신재영,185.0,https://www.koreabaseball.com/Record/Player/PitcherDetail/Basic.aspx?playerId=62937,b8440bb7f2b0c6ee8ccad824c6a5482c3fb9c37495d90b5451af01f614e4e92a,2026-10-02T17:46:53.229930+00:00
62951,이형범,181.0,https://www.koreabaseball.com/Record/Player/PitcherDetail/Basic.aspx?playerId=62951,1d7d6b499de30e772530765372391e05dfc242bc57beae8ad8e05ea0753ba340,2026-10-02T17:46:54.301988+00:00
62966,최금강,195.0,https://www.koreabaseball.com/Record/Player/PitcherDetail/Basic.aspx?playerId=62966,9a8e4ade2cc7a91020542eb8961d2807b524c2b5d96a0474ff7ffcc0570571db,2026-10-02T17:46:55.291367+00:00
63103,류원석,186.0,https://www.koreabaseball.com/Record/Player/PitcherDetail/Basic.aspx?playerId=63103,f5a1c0fdd11311edd54f3e1898db644084cd8e74123238ed0e499eab19d28f8d,2026-10-02T17:46:56.308950+00:00
63104,조근종,186.0,https://www.koreabaseball.com/Record/Player/PitcherDetail/Basic.aspx?playerId=63104,873a3f14d6c0f5c5a5c6723626c5d9fc779d82a4949971b073ff1050842d7964,2026-10-02T17:46:59.261583+00:00
63111,류제국,190.0,https://www.koreabaseball.com/Record/Player/PitcherDetail/Basic.aspx?playerId=63111,432927ae4122082c2fcb0cc504be60e7d4f995d7b1a8e073c43a35a226291eff,2026-10-02T17:47:01.945183+00:00
63145,배재준,188.0,https://www.koreabaseball.com/Record/Player/PitcherDetail/Basic.aspx?playerId=63145,e058d17de9eed32dd1dfb37b13f49216f63893f7b697fc74d7e1c4ef432022be,2026-10-02T17:47:04.416710+00:00
63248,함덕주,181.0,https://www.koreabaseball.com/Record/Player/PitcherDetail/Basic.aspx?playerId=63248,ce2c2ebb346ee80f42a7904c68c86903952f675936d223bd533203df3c0a2d34,2026-10-02T17:47:07.408462+00:00
63292,박소준,177.0,https://www.koreabaseball.com/Record/Player/PitcherDetail/Basic.aspx?playerId=63292,74415a72b97fcb15b9210208d16d978cb43e679900ecbdbaefda0246b0232609,2026-10-02T17:47:10.172682+00:00
63342,조상우,186.0,https://www.koreabaseball.com/Record/Player/PitcherDetail/Basic.aspx?playerId=63342,68d484a305b896c5af2d712c57d54008d3f8836ec7c653ba64937071957ed133,2026-10-02T17:47:11.319472+00:00
63348,조성운,185.0,https://www.koreabaseball.com/Record/Player/PitcherDetail/Basic.aspx?playerId=63348,4681864c1856c869c897e49b015095b36e14a024e15ff6980a594ae610afe9f9,2026-10-02T17:47:12.454738+00:00
63464,윤대경,179.0,https://www.koreabaseball.com/Record/Player/PitcherDetail/Basic.aspx?playerId=63464,fd40f0a2066d8664ed98950b3392a8dc1f4dfb9671dfed445137d1e5442e40ea,2026-10-02T17:47:13.486584+00:00
63492,이재익,180.0,https://www.koreabaseball.com/Record/Player/PitcherDetail/Basic.aspx?playerId=63492,400896bbe0afb52fc01b27571488104516a092c5f6e02d0d65915cf303231ca5,2026-10-02T17:47:14.638704+00:00
63512,박진형,181.0,https://www.koreabaseball.com/Record/Player/PitcherDetail/Basic.aspx?playerId=63512,8106a96bc2ce04887d70408192943d93f22c996010122488ad783b7492f932f9,2026-10-02T17:47:15.837531+00:00
63543,구승민,182.0,https://www.koreabaseball.com/Record/Player/PitcherDetail/Basic.aspx?playerId=63543,bf176c38ea9de66b1181411b991c2aafced88228351d700d770be0d661d2eb83,2026-10-02T17:47:16.893105+00:00
63628,고영창,189.0,https://www.koreabaseball.com/Record/Player/PitcherDetail/Basic.aspx?playerId=63628,179327e966f1b35fe4b868dc5f0712f8e50034c985f4c8e9e40495832e90bd00,2026-10-02T17:47:17.920086+00:00
63638,박준표,181.0,https://www.koreabaseball.com/Record/Player/PitcherDetail/Basic.aspx?playerId=63638,86f906b5c7a07c79519d4e9fc3a9959d9b61a934fd3ed0ce51a0412e83df9d57,2026-10-02T17:47:19.011960+00:00
63749,이충호,182.0,https://www.koreabaseball.com/Record/Player/PitcherDetail/Basic.aspx?playerId=63749,aa4db1b41f660a70a3bf01e3ab43a596a69ef1630c5edd831707a6ad8f0eaa5f,2026-10-02T17:47:20.046578+00:00
63765,김종수,180.0,https://www.koreabaseball.com/Record/Player/PitcherDetail/Basic.aspx?playerId=63765,76b3fdb5cb0250831ca0e5417550f9f3969823e1b8a65e3e24bacca330beeefa,2026-10-02T17:47:21.078271+00:00
63791,송창현,181.0,https://www.koreabaseball.com/Record/Player/PitcherDetail/Basic.aspx?playerId=63791,f27a4ba022f531123fb890cb654aa69545ee524522f2a6befd5d34ec0310834d,2026-10-02T17:47:22.068792+00:00
63894,김사윤,182.0,https://www.koreabaseball.com/Record/Player/PitcherDetail/Basic.aspx?playerId=63894,f6ab29006f99c31b3fbb732fe045177364684df716a011928fcde449b552d2ba,2026-10-02T17:47:23.070132+00:00
63914,손정욱,182.0,https://www.koreabaseball.com/Record/Player/PitcherDetail/Basic.aspx?playerId=63914,cc741d027b8a1d491c77b81fe70d639f2cb2f2329083b1fea5bdda13af3505f4,2026-10-02T17:47:24.040395+00:00
63936,윤강민,183.0,https://www.koreabaseball.com/Record/Player/PitcherDetail/Basic.aspx?playerId=63936,e75d1d799c3be28ffe8a3a1a4641315325ad90fa78cb9b455f5a644086569139,2026-10-02T17:47:25.119121+00:00
63950,장현식,181.0,https://www.koreabaseball.com/Record/Player/PitcherDetail/Basic.aspx?playerId=63950,890dfe5159464b0ff9ee715ebc32d664e19932d905d4a587f0a3746e44363dc0,2026-10-02T17:47:26.282869+00:00
63959,임정호,188.0,https://www.koreabaseball.com/Record/Player/PitcherDetail/Basic.aspx?playerId=63959,94f91dc9439aab4ee63a917bc70e55bb7e20cf231b04a1284cbec984f6639e3f,2026-10-02T17:47:27.338911+00:00
63960,이상민,180.0,https://www.koreabaseball.com/Record/Player/PitcherDetail/Basic.aspx?playerId=63960,2b08402a89e9a553ba2333395dd1a7747e68de59436879373f8fd471852a3853,2026-10-02T17:47:28.403914+00:00
63961,윤호솔,183.0,https://www.koreabaseball.com/Record/Player/PitcherDetail/Basic.aspx?playerId=63961,2fa5e700108fad9088a9befa92bd03ad057850f65f0fbbfac5f72f8c717d3941,2026-10-02T17:47:29.391331+00:00
63991,박진우,180.0,https://www.koreabaseball.com/Record/Player/PitcherDetail/Basic.aspx?playerId=63991,dce1c9c99309926591d89ebed877d12d0b55872633aecc42789ea7de31a4cf14,2026-10-02T17:47:30.433092+00:00
64001,고영표,187.0,https://www.koreabaseball.com/Record/Player/PitcherDetail/Basic.aspx?playerId=64001,33d9d726f65d5da57691dfed729b833021cd84d4307235a6407a15376230d8f0,2026-10-02T17:47:31.428630+00:00
64017,심재민,182.0,https://www.koreabaseball.com/Record/Player/PitcherDetail/Basic.aspx?playerId=64017,6cce27a87cc0b2c18a1782becdcebb1ccdc22135ab9249802020214fd41f61a8,2026-10-02T17:47:32.468849+00:00
64021,박세웅,182.0,https://www.koreabaseball.com/Record/Player/PitcherDetail/Basic.aspx?playerId=64021,71b20eb0ab3a433ebf4261a1e0d15b6223a19670cbf5854040710aabf9506ac0,2026-10-02T17:47:33.555502+00:00
64029,류희운,191.0,https://www.koreabaseball.com/Record/Player/PitcherDetail/Basic.aspx?playerId=64029,12a61a6c291389243579dd6b95fcdf27b4a6c73deb850e363469195b68fd85d5,2026-10-02T17:47:34.540297+00:00
64041,안현준,187.0,https://www.koreabaseball.com/Record/Player/PitcherDetail/Basic.aspx?playerId=64041,79b0c3d051ff886524f98e1ea3ed3f999c2b7e24f6b1247fb1e3b12b3d00842d,2026-10-02T17:47:35.569068+00:00
64047,조현우,182.0,https://www.koreabaseball.com/Record/Player/PitcherDetail/Basic.aspx?playerId=64047,9b310df122d1d4a8e6e11128548e0a109fb32f4be45f66e3905d42bf32121ae6,2026-10-02T17:47:36.604698+00:00
64051,이영준,184.0,https://www.koreabaseball.com/Record/Player/PitcherDetail/Basic.aspx?playerId=64051,ae6ee8647a1e40f13d213290217e985a7db73f4615aebd77f645e07e7afa63db,2026-10-02T17:47:37.616966+00:00
64155,임지섭,189.0,https://www.koreabaseball.com/Record/Player/PitcherDetail/Basic.aspx?playerId=64155,50ee96ca4a8679257508986cdbba75aed09b6962009c81f34f9388ecee81104c,2026-10-02T17:47:38.580223+00:00
64350,하영민,183.0,https://www.koreabaseball.com/Record/Player/PitcherDetail/Basic.aspx?playerId=64350,3e524a9688511efb6290e2271ccec07de18cdc77a619bb760b7abdc32ccc68ba,2026-10-02T17:47:39.572804+00:00
64464,이수민,180.0,https://www.koreabaseball.com/Record/Player/PitcherDetail/Basic.aspx?playerId=64464,d2a2b90449813f7cdd377e81ae545893e8bda8c1819df6dc4f8936271e47f986,2026-10-02T17:47:40.535572+00:00
64498,구준범,175.0,https://www.koreabaseball.com/Record/Player/PitcherDetail/Basic.aspx?playerId=64498,a70e46ab9906ae848057603dacd045c42c7d447142e467f3b10af12a0ea4fdba,2026-10-02T17:47:41.548231+00:00
64501,배성근,183.0,https://www.koreabaseball.com/Record/Player/PitcherDetail/Basic.aspx?playerId=64501,7a31ace6631f943eedc672576fabe6b687034d86bfc8d8d455199532d126ac6b,2026-10-02T17:47:42.517745+00:00
64504,오윤석,180.0,https://www.koreabaseball.com/Record/Player/PitcherDetail/Basic.aspx?playerId=64504,926aa2e9557c8a29f686a7faef65abf18745907c3cfb557ba4f0a819c8c849de,2026-10-02T17:47:43.476228+00:00
64554,문동욱,187.0,https://www.koreabaseball.com/Record/Player/PitcherDetail/Basic.aspx?playerId=64554,4718fa3e5117d79944cd75dcc1adb912a59d8f238a9a34052c75ada0ccc32f14,2026-10-02T17:47:44.504448+00:00
64565,이인복,187.0,https://www.koreabaseball.com/Record/Player/PitcherDetail/Basic.aspx?playerId=64565,e0078eeea469bc4fbd618adf9d9965dc02285a0f155db9c3095d57b71b9221ae,2026-10-02T17:47:45.547598+00:00
64580,김재열,183.0,https://www.koreabaseball.com/Record/Player/PitcherDetail/Basic.aspx?playerId=64580,304db142a94164feba1fc923b9881492a03f88e35f6fdc187dd22b1a30e60da9,2026-10-02T17:47:46.577172+00:00
64596,김유영,180.0,https://www.koreabaseball.com/Record/Player/PitcherDetail/Basic.aspx?playerId=64596,12d0066f1b904c6c95c234b58676df7a4e20d8ed686c66ec8fa4fc261d6695a6,2026-10-02T17:47:47.688866+00:00
64615,차명진,188.0,https://www.koreabaseball.com/Record/Player/PitcherDetail/Basic.aspx?playerId=64615,be919ec84dcbc9eeefbc19e4cb13d03bb6ea9be9081fa4be7be2a1891268cd83,2026-10-02T17:47:48.735449+00:00
64718,최설우,179.0,https://www.koreabaseball.com/Record/Player/PitcherDetail/Basic.aspx?playerId=64718,dab5e616c043e5c6c16d9ba41ac7af8aa9b58f96c137723cfe7f391e85b61998,2026-10-02T17:47:49.775582+00:00
64759,서균,185.0,https://www.koreabaseball.com/Record/Player/PitcherDetail/Basic.aspx?playerId=64759,df685895ffbd6b652767038af5ce4a27c88ca7451356876c6e90aed8d686db16,2026-10-02T17:47:50.780834+00:00
64760,황영국,185.0,https://www.koreabaseball.com/Record/Player/PitcherDetail/Basic.aspx?playerId=64760,8ff5cf9e536090b1d8fd9aa98a09f103a09f8976d5db728b72b1c7f5d5214469,2026-10-02T17:47:51.756359+00:00
64768,조이현,185.0,https://www.koreabaseball.com/Record/Player/PitcherDetail/Basic.aspx?playerId=64768,3617f55e14f5e70044bb92640f9262cb4bb14e9dd347750c833e7f86ea86bfe6,2026-10-02T17:47:52.848203+00:00
64805,이승진,186.0,https://www.koreabaseball.com/Record/Player/PitcherDetail/Basic.aspx?playerId=64805,afc1e928d721790ab2a21a2f446a1d184ab54dba3fbf3ab72764afb545b24209,2026-10-02T17:47:53.839334+00:00
64861,이건욱,182.0,https://www.koreabaseball.com/Record/Player/PitcherDetail/Basic.aspx?playerId=64861,50898386fcfb873503e0f7715f8921ec9f636c0d12e9e14c564ff7f3e9b8721b,2026-10-02T17:47:54.832787+00:00
64893,박민호,185.0,https://www.koreabaseball.com/Record/Player/PitcherDetail/Basic.aspx?playerId=64893,cd52a329a317be18968827ab2b0e966d98cc71e80fb3121b09d1c11e8a9bc33f,2026-10-02T17:47:55.913403+00:00
64896,서동민,186.0,https://www.koreabaseball.com/Record/Player/PitcherDetail/Basic.aspx?playerId=64896,f353579685f38df2a0121689e3ca42b32a48112a7ae75d340be7fccc1aee3195,2026-10-02T17:47:56.947264+00:00
64995,배재환,186.0,https://www.koreabaseball.com/Record/Player/PitcherDetail/Basic.aspx?playerId=64995,1ef9cc382a10d1907522c812557a2b878dc5ecf0c0c60ed21021f03c402a3538,2026-10-02T17:47:58.007685+00:00
65042,홍성무,183.0,https://www.koreabaseball.com/Record/Player/PitcherDetail/Basic.aspx?playerId=65042,d1a8fc6130044653a9237ee6a6318e248cf21489b6036c4ba825fcf054d79533,2026-10-02T17:47:59.055373+00:00
65048,김민수,188.0,https://www.koreabaseball.com/Record/Player/PitcherDetail/Basic.aspx?playerId=65048,854b76bf2782c153192c3cdca3242c2fb7592ea157b84c080ee871434f052f24,2026-10-02T17:48:00.093243+00:00
65056,엄상백,187.0,https://www.koreabaseball.com/Record/Player/PitcherDetail/Basic.aspx?playerId=65056,c549f898fa82946aa72d807d29cda4a50975f30d5ee836179ad287067b81b7fe,2026-10-02T17:48:01.236130+00:00
65057,이창재,178.0,https://www.koreabaseball.com/Record/Player/PitcherDetail/Basic.aspx?playerId=65057,1322b3cce2b420ff4ac0c65681c66be38933046f00b0b6f8693620bd038ffee1,2026-10-02T17:48:02.363789+00:00
65058,정성곤,181.0,https://www.koreabaseball.com/Record/Player/PitcherDetail/Basic.aspx?playerId=65058,6771553726cd6d41124464a8f2fff259bbf34df494829c8206df1a2a462db595,2026-10-02T17:48:03.405687+00:00
65060,주권,181.0,https://www.koreabaseball.com/Record/Player/PitcherDetail/Basic.aspx?playerId=65060,0ffffafc5bf2a0b2a413e03672c0fb0829241badabe9d6033ded14ecbc200a56,2026-10-02T17:48:04.472527+00:00
65062,김재윤,185.0,https://www.koreabaseball.com/Record/Player/PitcherDetail/Basic.aspx?playerId=65062,4cae6eb7d46a338bef435656861581c91fb548cb183448fe5198fb3b32e1bbc9,2026-10-02T17:48:05.586621+00:00
65067,조무근,200.0,https://www.koreabaseball.com/Record/Player/PitcherDetail/Basic.aspx?playerId=65067,fad6e13cbd32959f8af44187fd40365553eda1a44baf2ddaaa6ddf186bca75f0,2026-10-02T17:48:06.626072+00:00
65109,백승현,183.0,https://www.koreabaseball.com/Record/Player/PitcherDetail/Basic.aspx?playerId=65109,e6dc6dd7d270e45c7c048a0c720d4dddc4d78affb04ab1a20ff17956d378cb8a,2026-10-02T17:48:07.746712+00:00
65117,이상규,185.0,https://www.koreabaseball.com/Record/Player/PitcherDetail/Basic.aspx?playerId=65117,fb378a2bfb8df0c33381d8d0e9790f4633bbd2b781d8afb21fe00ef9c22011b5,2026-10-02T17:48:08.780848+00:00
65241,채원후,180.0,https://www.koreabaseball.com/Record/Player/PitcherDetail/Basic.aspx?playerId=65241,f453246acaddff43c828a6cf59dc07c4acfc7e638117f02e38f14fc0e4d548bd,2026-10-02T17:48:09.905895+00:00
65320,최원태,184.0,https://www.koreabaseball.com/Record/Player/PitcherDetail/Basic.aspx?playerId=65320,609101090a7542e3a90578880fe57a9b7dea9a8ede328c19b369a115da32cf01,2026-10-02T17:48:10.923374+00:00
65343,김택형,185.0,https://www.koreabaseball.com/Record/Player/PitcherDetail/Basic.aspx?playerId=65343,b12dc1c3cffb6efb981af25537d3498e2b065489ec33e006f5fc7a9ace311955,2026-10-02T17:48:11.894106+00:00
65392,김정인,184.0,https://www.koreabaseball.com/Record/Player/PitcherDetail/Basic.aspx?playerId=65392,ec272fb1ae5b381ffd8adf370c11009588a25550b4ace4068cce7af8dd9984b6,2026-10-02T17:48:12.950659+00:00
65398,임규빈,184.0,https://www.koreabaseball.com/Record/Player/PitcherDetail/Basic.aspx?playerId=65398,fa701c60a91d4130da20c37838a84e2b86b41f515c6720ba7563da197b22a882,2026-10-02T17:48:13.933391+00:00
65411,김주온,187.0,https://www.koreabaseball.com/Record/Player/PitcherDetail/Basic.aspx?playerId=65411,2dcdc934de9710727c8687c8c74eb4bfcda836e254ec074195b407ee0a1af9cf,2026-10-02T17:48:14.961638+00:00
65464,최정용,179.0,https://www.koreabaseball.com/Record/Player/PitcherDetail/Basic.aspx?playerId=65464,a9728a5581e69457ec363616f368351dd4c03d9bce3076aa9c57f31fa4b5bc4e,2026-10-02T17:48:15.972306+00:00
65496,홍정우,182.0,https://www.koreabaseball.com/Record/Player/PitcherDetail/Basic.aspx?playerId=65496,3745660c8b6d07362782de849f8d7cbbd734a99492210123f4a485cd3404a716,2026-10-02T17:48:16.992563+00:00
65509,차재용,184.0,https://www.koreabaseball.com/Record/Player/PitcherDetail/Basic.aspx?playerId=65509,09d63274a520b4ab18566e5faad9628d4a0e8230ffc0e25c5dc002873f7bdb29,2026-10-02T17:48:18.008371+00:00
65514,강태율,179.0,https://www.koreabaseball.com/Record/Player/PitcherDetail/Basic.aspx?playerId=65514,92776c9ff70e74e2f6649ab48da25b97c97a5c06620b7f6fddab2c1f136454c2,2026-10-02T17:48:19.152010+00:00
65516,배제성,189.0,https://www.koreabaseball.com/Record/Player/PitcherDetail/Basic.aspx?playerId=65516,e4b56f1d04d39b1a3cf3dbc702e5d7dfd1bf1e7289cecd154a817a097498da4e,2026-10-02T17:48:20.240451+00:00
65522,김강현,177.0,https://www.koreabaseball.com/Record/Player/PitcherDetail/Basic.aspx?playerId=65522,76b6d43c01afdfe6ce7626024c326e7b9bb7ef9bac36e7f2700a9e59bd6c66fd,2026-10-02T17:48:21.343663+00:00
65543,린드블럼,195.0,https://www.koreabaseball.com/Record/Player/PitcherDetail/Basic.aspx?playerId=65543,e438ccfa8b3b14f164ecfacb626d3964c0e0f604cccfccfe2ca1895c8793f0a3,2026-10-02T17:48:22.320780+00:00
65546,레일리,190.0,https://www.koreabaseball.com/Record/Player/PitcherDetail/Basic.aspx?playerId=65546,9be50ea64cb9ff16471850cd31ccbb8a167e8f94386922a4e6dd7f12c30d6e63,2026-10-02T17:48:23.426366+00:00
65616,이민우,185.0,https://www.koreabaseball.com/Record/Player/PitcherDetail/Basic.aspx?playerId=65616,a216fac2483355a5f4142c8e4d25c3166104ef007de8375286769bd7da536775,2026-10-02T17:48:24.523708+00:00
65618,황인준,184.0,https://www.koreabaseball.com/Record/Player/PitcherDetail/Basic.aspx?playerId=65618,946abd6c110a57b70b7cc9139b3176cf0f14d5cf7a7096d83016841abc78fcf7,2026-10-02T17:48:25.522235+00:00
65639,박정수,178.0,https://www.koreabaseball.com/Record/Player/PitcherDetail/Basic.aspx?playerId=65639,c59a568ecabe546a52d624b3f00aa60bb7f6e8b12c01cc0604f630115d053b6b,2026-10-02T17:48:26.628700+00:00
65643,문경찬,186.0,https://www.koreabaseball.com/Record/Player/PitcherDetail/Basic.aspx?playerId=65643,7d57da519fddd8d8ad5e6b575bce62dd726f294308fd1a52727d89e7f92e52c3,2026-10-02T17:48:27.724090+00:00
65665,이준영,177.0,https://www.koreabaseball.com/Record/Player/PitcherDetail/Basic.aspx?playerId=65665,a23f37d14c17a84e8a18854c38098aaadefc96e385b1fe94a5efb79bc84c9e57,2026-10-02T17:48:28.824376+00:00
65696,김명찬,187.0,https://www.koreabaseball.com/Record/Player/PitcherDetail/Basic.aspx?playerId=65696,7f95dc83f4b48f895b78da88cd7391b778c95245ccbe168d32a00917d09baf0e,2026-10-02T17:48:29.842697+00:00
65703,이도윤,175.0,https://www.koreabaseball.com/Record/Player/PitcherDetail/Basic.aspx?playerId=65703,d25b5d88962edd814d4b77cf8d958acce24605a71012f44dcd66d5916d769f3a,2026-10-02T17:48:30.861563+00:00
65707,주현상,177.0,https://www.koreabaseball.com/Record/Player/PitcherDetail/Basic.aspx?playerId=65707,fd681f95d4e239732bbc05f60d1501173f73b969ca573408b57492445a195018,2026-10-02T17:48:31.933395+00:00
65764,김민우,186.0,https://www.koreabaseball.com/Record/Player/PitcherDetail/Basic.aspx?playerId=65764,137b6ac0361949e214f043960db221b369854e5770470e71b2cfe1d3f7ca92e5,2026-10-02T17:48:33.042893+00:00
65769,김범수,181.0,https://www.koreabaseball.com/Record/Player/PitcherDetail/Basic.aspx?playerId=65769,a3968ca6bce79f76844b4eecd0a5b0648ac850935dbc178d313690a208d83c87,2026-10-02T17:48:34.077605+00:00
65827,조한욱,186.0,https://www.koreabaseball.com/Record/Player/PitcherDetail/Basic.aspx?playerId=65827,9746a5f7e65f7d08ecdcc1c8895c0fea77211a79dafb8ea84bf28f8b41b4f95f,2026-10-02T17:48:35.097709+00:00
65844,박세웅,180.0,https://www.koreabaseball.com/Record/Player/PitcherDetail/Basic.aspx?playerId=65844,b5ed1160d39fe39ff1464df4e61b61ad8614b068a33c2b731ab3ddc03e7aa5f8,2026-10-02T17:48:36.076615+00:00
65933,구창모,183.0,https://www.koreabaseball.com/Record/Player/PitcherDetail/Basic.aspx?playerId=65933,4d28da715f87f332016f15383d3c5bc46c54ae133e5c41ea99a723f5285c5f5d,2026-10-02T17:48:37.062290+00:00
65937,이호중,183.0,https://www.koreabaseball.com/Record/Player/PitcherDetail/Basic.aspx?playerId=65937,b3438d0c9d9ad909cb347a0fb100ae6cceb33675ef729a0ac98d8a1b1bc2c932,2026-10-02T17:48:38.061763+00:00
65949,류진욱,189.0,https://www.koreabaseball.com/Record/Player/PitcherDetail/Basic.aspx?playerId=65949,cea9f929c73f7311273d5f3e83d260a80d079728a4f0a0f96b648d2f45f80d3e,2026-10-02T17:48:39.167691+00:00
65964,이우석,185.0,https://www.koreabaseball.com/Record/Player/PitcherDetail/Basic.aspx?playerId=65964,5bae09abbd94b3ee1412df0222d75958352428b2b3735f90a5927f49a41f477e,2026-10-02T17:48:40.134710+00:00
66018,김선기,187.0,https://www.koreabaseball.com/Record/Player/PitcherDetail/Basic.aspx?playerId=66018,b1c7e3ad7dd3120e81f63cc38c92d04eef85695bf8f3499a02ea75e538b15a8f,2026-10-02T17:48:41.148137+00:00
66039,한승지,184.0,https://www.koreabaseball.com/Record/Player/PitcherDetail/Basic.aspx?playerId=66039,43ae2494fffeba7abccd6c6215ac993fb582b34f52f8501edcbdd56b0bd8cf00,2026-10-02T17:48:42.141262+00:00
66047,박세진,178.0,https://www.koreabaseball.com/Record/Player/PitcherDetail/Basic.aspx?playerId=66047,30da4842ddeef4d08e6436056e31be7a6bd105d9a268bf103af1782a82fc7d96,2026-10-02T17:48:43.209243+00:00
66064,김태오,183.0,https://www.koreabaseball.com/Record/Player/PitcherDetail/Basic.aspx?playerId=66064,49df635820576cb2207cd1f8cf00b8df33fac899d9606d6de53cec9f4e3dd82b,2026-10-02T17:48:44.186885+00:00
66068,서의태,194.0,https://www.koreabaseball.com/Record/Player/PitcherDetail/Basic.aspx?playerId=66068,5242b72212ea8e530f6087948dc2be8177684c0023ed920a89b3c0bcc7b95e0f,2026-10-02T17:48:45.185356+00:00
66145,김대현,188.0,https://www.koreabaseball.com/Record/Player/PitcherDetail/Basic.aspx?playerId=66145,127f97a5261f1ead2f31a8283987f02d6358c7d1ab98f89c5f48bf042b49952e,2026-10-02T17:48:46.312098+00:00
66160,유재유,181.0,https://www.koreabaseball.com/Record/Player/PitcherDetail/Basic.aspx?playerId=66160,3012a1fa34f9087b8bbccf8daeef7fc2d2ac12109b1fa74f2f1343404fe04088,2026-10-02T17:48:47.270439+00:00
66201,고봉재,184.0,https://www.koreabaseball.com/Record/Player/PitcherDetail/Basic.aspx?playerId=66201,0e3db0fb8c38f8e18c6ec20804e7c314a9b370d5419a40f2ba3bfe834743d2b4,2026-10-02T17:48:48.232508+00:00
66291,이영하,192.0,https://www.koreabaseball.com/Record/Player/PitcherDetail/Basic.aspx?playerId=66291,f50353a4916246eac9464727f216584e9b087600822f635a306d30acbf59a2a3,2026-10-02T17:48:49.287304+00:00
66305,박승주,183.0,https://www.koreabaseball.com/Record/Player/PitcherDetail/Basic.aspx?playerId=66305,ab565437ed88f23e63e36f8712b981c5868704b73ceb0b5d1493a258c7d1b19d,2026-10-02T17:48:50.326017+00:00
66444,이케빈,184.0,https://www.koreabaseball.com/Record/Player/PitcherDetail/Basic.aspx?playerId=66444,f97b87b15fe00fc4dbdfeeed438f0f7409b45298dfe81b5fc454384ad9ba2a12,2026-10-02T17:48:51.303286+00:00
66451,최충연,190.0,https://www.koreabaseball.com/Record/Player/PitcherDetail/Basic.aspx?playerId=66451,dd0ce8ca7fa115ce7be8d0cc950b97cf5fe211898e41797db3e2811477c3da23,2026-10-02T17:48:52.397775+00:00
66492,김승현,180.0,https://www.koreabaseball.com/Record/Player/PitcherDetail/Basic.aspx?playerId=66492,eb63225600a42470c818e5baaf181064c59902d4e537bec6aab642a1f872e71e,2026-10-02T17:48:53.439012+00:00
66493,임대한,178.0,https://www.koreabaseball.com/Record/Player/PitcherDetail/Basic.aspx?playerId=66493,cf2ac92df88e98549b33170c1a81d3350f25e1f0f4060f180548accfc60aa023,2026-10-02T17:48:54.447174+00:00
66556,박선우,188.0,https://www.koreabaseball.com/Record/Player/PitcherDetail/Basic.aspx?playerId=66556,eb6aea040b80a449e582d0ab4bfd7457c3a708a20605da7553b097b15678a4e7,2026-10-02T17:48:55.411783+00:00
66557,한승혁,189.0,https://www.koreabaseball.com/Record/Player/PitcherDetail/Basic.aspx?playerId=66557,072b6f04c6a28443a65396c0112c3d6c03c1340fd696c68c6d403b38bba497cc,2026-10-02T17:48:56.404813+00:00
66609,전상현,180.0,https://www.koreabaseball.com/Record/Player/PitcherDetail/Basic.aspx?playerId=66609,75a2ea9bc4c12ce5a0eda45fb5c01cec6fc13bc9f71416d93d9df91f30a1cdfc,2026-10-02T17:48:57.502297+00:00
66630,김현준,182.0,https://www.koreabaseball.com/Record/Player/PitcherDetail/Basic.aspx?playerId=66630,3adb4a2d36f8f653cc80442745acc627ddf80f109134a22b2019f5018489788f,2026-10-02T17:48:58.508633+00:00
66660,남하준,182.0,https://www.koreabaseball.com/Record/Player/PitcherDetail/Basic.aspx?playerId=66660,26a7e71bbe81f8378529b7b9f1c4a29f0118c341e76e4cf3f57c7664b49ee681,2026-10-02T17:48:59.531670+00:00
66663,서덕원,183.0,https://www.koreabaseball.com/Record/Player/PitcherDetail/Basic.aspx?playerId=66663,208b97b71b5a9132cf43b00670d7f9b2df839ed7f64a789162f0484caf58f69d,2026-10-02T17:49:00.555532+00:00
66741,김재영,187.0,https://www.koreabaseball.com/Record/Player/PitcherDetail/Basic.aspx?playerId=66741,ea3712c34f1b4ad00e049d8cb3dbeffda3028fdccf4fee04d7efe1f60aa3ef51,2026-10-02T17:49:01.586295+00:00
66801,김찬호,179.0,https://www.koreabaseball.com/Record/Player/PitcherDetail/Basic.aspx?playerId=66801,0b7b0b5360b30ac5708881ad224256753297380ad9d7857daa93ce0469e54766,2026-10-02T17:49:02.588124+00:00
66858,정동윤,193.0,https://www.koreabaseball.com/Record/Player/PitcherDetail/Basic.aspx?playerId=66858,55987af1aa5fc4ca1ec0334e6db3920365962e1820bfc166f1ba751e8358caa3,2026-10-02T17:49:03.698309+00:00
66859,김주한,184.0,https://www.koreabaseball.com/Record/Player/PitcherDetail/Basic.aspx?playerId=66859,715cbff067bf8d59f9c808273dd3191792a6d02bb516eaf9fdf126b79ccfd12b,2026-10-02T17:49:04.735912+00:00
66920,최성영,180.0,https://www.koreabaseball.com/Record/Player/PitcherDetail/Basic.aspx?playerId=66920,6e9b32b46f5c67e71e02ce37ab6da97831dd4784adc5d73134f0f70a2d5fc1dd,2026-10-02T17:49:05.822611+00:00
66960,정수민,188.0,https://www.koreabaseball.com/Record/Player/PitcherDetail/Basic.aspx?playerId=66960,858c15f715579d345b90ce756f1c99f0d389aad8350386335803181638fe54ef,2026-10-02T17:49:07.009229+00:00
67008,이대은,189.0,https://www.koreabaseball.com/Record/Player/PitcherDetail/Basic.aspx?playerId=67008,ab3010ab3c9018d05fbada2e0705756b019d5ba10eea4e499418d6fce335733a,2026-10-02T17:49:08.029862+00:00
67045,조병욱,185.0,https://www.koreabaseball.com/Record/Player/PitcherDetail/Basic.aspx?playerId=67045,ca065a6883c5035edaa63e2e0d95a11e6d0d95d43ee98923d7028f15ea489582,2026-10-02T17:49:09.093560+00:00
67048,이정현,188.0,https://www.koreabaseball.com/Record/Player/PitcherDetail/Basic.aspx?playerId=67048,094a202104be22f8e8e40f0675bf8d55fcd0afe2f8e9f1d09ada233359408289,2026-10-02T17:49:10.158086+00:00
67066,이종혁,190.0,https://www.koreabaseball.com/Record/Player/PitcherDetail/Basic.aspx?playerId=67066,b507abc093f72bb7f349df4adc4c2e5c545a905d416779d7b23a14c52d9c0534,2026-10-02T17:49:11.169683+00:00
67116,오석주,180.0,https://www.koreabaseball.com/Record/Player/PitcherDetail/Basic.aspx?playerId=67116,cb12651f5b6b341b8e14c02ad0649ecddcaf1683ab2a97bb99990732c6532e61,2026-10-02T17:49:12.228409+00:00
67119,고우석,182.0,https://www.koreabaseball.com/Record/Player/PitcherDetail/Basic.aspx?playerId=67119,4d37caf5eea3693de0e9dff316a88f471332301cb076401987d69da24fcdd22d,2026-10-02T17:49:13.332586+00:00
67122,김태형,190.0,https://www.koreabaseball.com/Record/Player/PitcherDetail/Basic.aspx?playerId=67122,a39d00f6b8ea6a587472943ea7ab7f5bccfd83b977cc33441533431d9dbdbf3e,2026-10-02T17:49:14.332643+00:00
67143,손주영,191.0,https://www.koreabaseball.com/Record/Player/PitcherDetail/Basic.aspx?playerId=67143,a79e19a07652b3cf6252b967c98c28175d505209b8360d0ce76b4f7f6aa6194b,2026-10-02T17:49:15.423386+00:00
67164,이찬혁,187.0,https://www.koreabaseball.com/Record/Player/PitcherDetail/Basic.aspx?playerId=67164,244189c7ab3b18ce240c4684ff9d600766b8a9bcfd8f500539754febfe47aab5,2026-10-02T17:49:16.377437+00:00
67246,김명신,178.0,https://www.koreabaseball.com/Record/Player/PitcherDetail/Basic.aspx?playerId=67246,815e14cadc305257651d31d7c8acaccb0d3171f657f7aaed1824f3c562c82efe,2026-10-02T17:49:17.488919+00:00
67259,문원,187.0,https://www.koreabaseball.com/Record/Player/PitcherDetail/Basic.aspx?playerId=67259,9ddf3aa0dc2e5098d1303189a4a92f2c630aa1a4bbc6d811c822509731fde296,2026-10-02T17:49:18.510137+00:00
67263,최원준,182.0,https://www.koreabaseball.com/Record/Player/PitcherDetail/Basic.aspx?playerId=67263,ee14dbe97b563a7ceee7988c4b13bc9172da0eb0dfe8232bb33af0227f935d39,2026-10-02T17:49:19.634146+00:00
67266,박치국,177.0,https://www.koreabaseball.com/Record/Player/PitcherDetail/Basic.aspx?playerId=67266,bc65f7954ee3217b42a568a3b016aa63369f2a542552a183b9b16897ab00b9f6,2026-10-02T17:49:20.923618+00:00
67313,브리검,190.0,https://www.koreabaseball.com/Record/Player/PitcherDetail/Basic.aspx?playerId=67313,f591634bed528fca75b371331c7fdbd78663c6fa4691f73b9bc65c80afca3663,2026-10-02T17:49:21.894012+00:00
67365,양지율,185.0,https://www.koreabaseball.com/Record/Player/PitcherDetail/Basic.aspx?playerId=67365,15fec0b48bab66604f9b3d51bf25a6e80111aa5ddb0164e53cf9671e45ce5289,2026-10-02T17:49:22.925616+00:00
67391,김재웅,171.0,https://www.koreabaseball.com/Record/Player/PitcherDetail/Basic.aspx?playerId=67391,d24ac97960aabf2051897a9a076f7ae42bd9d9c19c192e55d7d24b1e5576790d,2026-10-02T17:49:23.949267+00:00
67419,문용익,178.0,https://www.koreabaseball.com/Record/Player/PitcherDetail/Basic.aspx?playerId=67419,4c9546df28ae69cfc80cfe076027c4cfd32354263cf55e3223c43c442df2fd47,2026-10-02T17:49:24.982418+00:00
67421,최지광,173.0,https://www.koreabaseball.com/Record/Player/PitcherDetail/Basic.aspx?playerId=67421,b0dc822fea154cad9e9d6e9708bc4355ca3e6cf68fcdacf0c953de112cdb8abf,2026-10-02T17:49:25.973449+00:00
67443,장지훈,190.0,https://www.koreabaseball.com/Record/Player/PitcherDetail/Basic.aspx?playerId=67443,e3465b071c1cc38d59a8b2ae6797cbbb789beb0612aaa56bebf74dcfa153af81,2026-10-02T17:49:26.994792+00:00
67454,나원탁,183.0,https://www.koreabaseball.com/Record/Player/PitcherDetail/Basic.aspx?playerId=67454,4a1d0fc820fb0044d38a82532fbf7855b8d6d6a037e3165b3a63041851b798d6,2026-10-02T17:49:27.952709+00:00
67467,김시현,181.0,https://www.koreabaseball.com/Record/Player/PitcherDetail/Basic.aspx?playerId=67467,2f95061903d9d6537b1fe9bd0e5dcc7ec2a7ee99f8397f6d561f2f30bd19004c,2026-10-02T17:49:28.910758+00:00
67504,김정율,184.0,https://www.koreabaseball.com/Record/Player/PitcherDetail/Basic.aspx?playerId=67504,bfa6041b9f796170fbc019e8be616decffd7c9ac7e42e674c263619b5086b371,2026-10-02T17:49:29.966673+00:00
67539,나균안,186.0,https://www.koreabaseball.com/Record/Player/PitcherDetail/Basic.aspx?playerId=67539,040437e69831dab47f4aa8abb0476e58e54cc44aecbda928deec2581753d58c9,2026-10-02T17:49:31.029304+00:00
67588,윤성빈,197.0,https://www.koreabaseball.com/Record/Player/PitcherDetail/Basic.aspx?playerId=67588,6fe22fd4c1cef8e8917d37b7be5d50eef739d9aa46043cbc3a39526a4aa117a0,2026-10-02T17:49:32.136402+00:00
67591,강동호,189.0,https://www.koreabaseball.com/Record/Player/PitcherDetail/Basic.aspx?playerId=67591,d0faa221b4b4750a75c448998ff2789cb3e4249ceb2b68c810c3cfd2b66fa539,2026-10-02T17:49:33.144664+00:00
67603,이승호,187.0,https://www.koreabaseball.com/Record/Player/PitcherDetail/Basic.aspx?playerId=67603,397c52e12491d3964fc5b87d8b9ea96e0757836c70691e422b22a1dd7f7bc25a,2026-10-02T17:49:34.185488+00:00
67604,강이준,190.0,https://www.koreabaseball.com/Record/Player/PitcherDetail/Basic.aspx?playerId=67604,1e4a3caed731d8adff2142580a39d83c6fb8e3c36a7947aa6dcf3f423f946a7c,2026-10-02T17:49:35.158663+00:00
67606,송후섭,190.0,https://www.koreabaseball.com/Record/Player/PitcherDetail/Basic.aspx?playerId=67606,ad1db04f7423644272ba59784ba2ab9e4e2090632482099cc21bb12403aba9e5,2026-10-02T17:49:36.169305+00:00
67640,유승철,184.0,https://www.koreabaseball.com/Record/Player/PitcherDetail/Basic.aspx?playerId=67640,25d037cce8e5eecd3e86cf9dafef4ce89a6d155ee0eae171e68f7ac7311c80d1,2026-10-02T17:49:37.191645+00:00
67646,박진태,180.0,https://www.koreabaseball.com/Record/Player/PitcherDetail/Basic.aspx?playerId=67646,dc3a58867b47a1db017f1e5b927874bd2ef585c813e12b819558f31fb5ca7c3f,2026-10-02T17:49:38.168729+00:00
67703,박상원,187.0,https://www.koreabaseball.com/Record/Player/PitcherDetail/Basic.aspx?playerId=67703,3e7138095e0badf358443ae4a2c50ac60c43ad145f89b772172db825d1fa547a,2026-10-02T17:49:39.258207+00:00
67711,김기탁,182.0,https://www.koreabaseball.com/Record/Player/PitcherDetail/Basic.aspx?playerId=67711,6828e126d97d696a29cde42b7d6028f3d72869d178b80b2b5b511aa90441886d,2026-10-02T17:49:40.204214+00:00
67737,김진영,180.0,https://www.koreabaseball.com/Record/Player/PitcherDetail/Basic.aspx?playerId=67737,dd2acad5f4f2e6b768ac0ad1f1c855a105067ed71609939916dc0f55a6307147,2026-10-02T17:49:41.174625+00:00
67762,김성훈,186.0,https://www.koreabaseball.com/Record/Player/PitcherDetail/Basic.aspx?playerId=67762,a33d768d1611978a9a1287088ff1b39cfc77d802baaf178c6fefc2f875a925be,2026-10-02T17:49:42.184350+00:00
67768,김태욱,187.0,https://www.koreabaseball.com/Record/Player/PitcherDetail/Basic.aspx?playerId=67768,8040cbdfef54c8e3e7d15990dfcda9ef2a866d9e279ff4b29dad8b4869828269,2026-10-02T17:49:43.156266+00:00
67828,김성민,181.0,https://www.koreabaseball.com/Record/Player/PitcherDetail/Basic.aspx?playerId=67828,004080a9d05ac8b150b312a4730f3c301d8cb236109cedc24b8385a0a81d1615,2026-10-02T17:49:44.186203+00:00
67863,이원준,190.0,https://www.koreabaseball.com/Record/Player/PitcherDetail/Basic.aspx?playerId=67863,f6b10984ca78a38fa5e3246f65af393870957ce193b834b02c9f94abd28fa693,2026-10-02T17:49:45.232465+00:00
67954,김진호,183.0,https://www.koreabaseball.com/Record/Player/PitcherDetail/Basic.aspx?playerId=67954,5f369c9d997ee1f3673d24dda3d2b39261066d33ab9eb39d00c7fd9d9b6844f2,2026-10-02T17:49:46.343639+00:00
67956,김태현,188.0,https://www.koreabaseball.com/Record/Player/PitcherDetail/Basic.aspx?playerId=67956,914a354467899a0890b3cdbcb13ba682de08788598abb215f0cc9f165e8bee13,2026-10-02T17:49:47.402201+00:00
67962,소이현,185.0,https://www.koreabaseball.com/Record/Player/PitcherDetail/Basic.aspx?playerId=67962,5e53e0918ec2f2fd08a783e85f71a2341ea78b81b454b3d4fbb655a82da74f8a,2026-10-02T17:49:48.391339+00:00
68036,최이준,182.0,https://www.koreabaseball.com/Record/Player/PitcherDetail/Basic.aspx?playerId=68036,495aa215091aa39e0f634afbc019a4d30f94a911d8fc660b5d6f4804246092c1,2026-10-02T17:49:49.463128+00:00
68043,김민,185.0,https://www.koreabaseball.com/Record/Player/PitcherDetail/Basic.aspx?playerId=68043,21ea6607df67aa038cdcb63c268371ccf54ff89f7f23629db070af316336673a,2026-10-02T17:49:50.494546+00:00
68050,강백호,184.0,https://www.koreabaseball.com/Record/Player/PitcherDetail/Basic.aspx?playerId=68050,3169023b40eee805b735da5efb9f27063c2f0c44398bc2b0a7a22801525f8939,2026-10-02T17:49:51.446710+00:00
68092,한두솔,177.0,https://www.koreabaseball.com/Record/Player/PitcherDetail/Basic.aspx?playerId=68092,fa063f8034bb85ae0508b57a899dd9aa59ad8a3a8e8ff47a020b7ae2d6bef0f9,2026-10-02T17:49:52.539626+00:00
68097,박주현,184.0,https://www.koreabaseball.com/Record/Player/PitcherDetail/Basic.aspx?playerId=68097,d3f2de766f0f3cfeff249ad5ec0a8f4da876618cbff1adc0b23c40b80790418f,2026-10-02T17:49:53.532463+00:00
68130,김영준,185.0,https://www.koreabaseball.com/Record/Player/PitcherDetail/Basic.aspx?playerId=68130,9b4a8d61c2e3187dd17904c120e8cf85b64ce12549a4c263109f4111d302940e,2026-10-02T17:49:54.552886+00:00
68135,윌슨,188.0,https://www.koreabaseball.com/Record/Player/PitcherDetail/Basic.aspx?playerId=68135,a1d4fca2f55e242815ceaa10719c7215f9d1ef38dd0bfd23feebf4b5431637c2,2026-10-02T17:49:55.534896+00:00
68159,성동현,189.0,https://www.koreabaseball.com/Record/Player/PitcherDetail/Basic.aspx?playerId=68159,9f4572cff1da8ab1d8951b542170a78796c65aea5a12411b54abd659d56c936f,2026-10-02T17:49:56.539592+00:00
68200,김민규,183.0,https://www.koreabaseball.com/Record/Player/PitcherDetail/Basic.aspx?playerId=68200,6934984feaab6ab753681bfa3f83aa49b76ebb3c51c40f9dc9abfdd4b803a997,2026-10-02T17:49:57.531027+00:00
68207,배창현,183.0,https://www.koreabaseball.com/Record/Player/PitcherDetail/Basic.aspx?playerId=68207,22c3340bf7ea47561df4d5b00c698f09c17fc81b0a329e2f5bdb48cd9a4718d3,2026-10-02T17:49:58.534949+00:00
68220,곽빈,187.0,https://www.koreabaseball.com/Record/Player/PitcherDetail/Basic.aspx?playerId=68220,12e9d81eb7a43b5a1b07a7e4591c043944160fe74c60d5bdb102a0ba30858e5b,2026-10-02T17:49:59.647825+00:00
68240,후랭코프,195.0,https://www.koreabaseball.com/Record/Player/PitcherDetail/Basic.aspx?playerId=68240,5241db1f8b9869baeac3b823ba6c0e118d3f840df20a3ef43b78681f92edc53e,2026-10-02T17:50:00.665230+00:00
68242,정철원,192.0,https://www.koreabaseball.com/Record/Player/PitcherDetail/Basic.aspx?playerId=68242,5cc554024ec7b0fef30e196001fd7e6b5a44f98bccff3a9cefa25b48f3fbd72c,2026-10-02T17:50:01.734636+00:00
68249,박신지,185.0,https://www.koreabaseball.com/Record/Player/PitcherDetail/Basic.aspx?playerId=68249,9bdaad626360f8b0aa8208c08af8a55f48015d196f5c60b49aeb28e0cf89bc46,2026-10-02T17:50:02.708370+00:00
68260,현도훈,188.0,https://www.koreabaseball.com/Record/Player/PitcherDetail/Basic.aspx?playerId=68260,ecb6efc3a1c270d4e1e9bdba8cebefcee32551ea5db739450230012acf3f3d65,2026-10-02T17:50:03.724695+00:00
68269,김호준,180.0,https://www.koreabaseball.com/Record/Player/PitcherDetail/Basic.aspx?playerId=68269,1ce6de71d621e295442cc5c0a2c51ed55a27d771bdf447036240dbb4dcda94b8,2026-10-02T17:50:04.835073+00:00
68341,안우진,192.0,https://www.koreabaseball.com/Record/Player/PitcherDetail/Basic.aspx?playerId=68341,47b71b61993a1712054b78195e7ee9fcdfac817d01da1b889c06176e711026a8,2026-10-02T17:50:05.833826+00:00
68362,추재현,178.0,https://www.koreabaseball.com/Record/Player/PitcherDetail/Basic.aspx?playerId=68362,fd2efc091f0aefd1f79708cd83c3afff9047117ff2905ebf351d217637bfaf5e,2026-10-02T17:50:06.860829+00:00
68403,김무신,183.0,https://www.koreabaseball.com/Record/Player/PitcherDetail/Basic.aspx?playerId=68403,d1dc621bd55fa9205db9cba20a49f7fc1dbbe562a446ce94001b0a876d819ad0,2026-10-02T17:50:08.040187+00:00
68415,양창섭,182.0,https://www.koreabaseball.com/Record/Player/PitcherDetail/Basic.aspx?playerId=68415,109010ba141127ccb7ddfb411f235ec18ad00ddeba9cf0c530e8efea1222d0d9,2026-10-02T17:50:09.140807+00:00
68419,최지명,186.0,https://www.koreabaseball.com/Record/Player/PitcherDetail/Basic.aspx?playerId=68419,c5dedf53652fa7fe6724a51dee6130bb4a38e69fcac8e87150b086ebdaf586c4,2026-10-02T17:50:10.196507+00:00
68501,최하늘,190.0,https://www.koreabaseball.com/Record/Player/PitcherDetail/Basic.aspx?playerId=68501,49adbeb2da80fd9e6dd3cdc42912999eabcb59fe26a2fd0c88a17978767572f4,2026-10-02T17:50:11.260736+00:00
68529,이승헌,196.0,https://www.koreabaseball.com/Record/Player/PitcherDetail/Basic.aspx?playerId=68529,18b3640f2485b8a300cb4790d8022e3d21d1cc11993a6516473fa5854593aee0,2026-10-02T17:50:12.367895+00:00
68556,정성종,181.0,https://www.koreabaseball.com/Record/Player/PitcherDetail/Basic.aspx?playerId=68556,25af0507f6ebc196971590ce96221a6ce3e6585bf4d448bb725bab301aeb54f5,2026-10-02T17:50:13.441345+00:00
68585,김도규,192.0,https://www.koreabaseball.com/Record/Player/PitcherDetail/Basic.aspx?playerId=68585,3c00c83bbada60a5f32fcb57bf79de694214ee139ef8ce3bfa553a3ccbc21703,2026-10-02T17:50:14.420071+00:00
68589,김동우,183.0,https://www.koreabaseball.com/Record/Player/PitcherDetail/Basic.aspx?playerId=68589,b71be37805165c1a8b98c5b1d418397d8ce56b06f12882e51e357900587d6114,2026-10-02T17:50:15.408448+00:00
68619,윤중현,180.0,https://www.koreabaseball.com/Record/Player/PitcherDetail/Basic.aspx?playerId=68619,cefe9155b0a4b219de9b6012192bf11e773dd0c7bc39313c1ec2d88182f45487,2026-10-02T17:50:16.486728+00:00
68639,하준영,182.0,https://www.koreabaseball.com/Record/Player/PitcherDetail/Basic.aspx?playerId=68639,f926e5a40bfe41b5a67754a3f9182c2034521cd77c546442167621bb978f7994,2026-10-02T17:50:17.544414+00:00
68659,김유신,187.0,https://www.koreabaseball.com/Record/Player/PitcherDetail/Basic.aspx?playerId=68659,fbc2da607bf4452229acbaeac993cb385f7d38dcb92736d259d43f22d78a2ae6,2026-10-02T17:50:18.563660+00:00
68701,김진욱,176.0,https://www.koreabaseball.com/Record/Player/PitcherDetail/Basic.aspx?playerId=68701,61348d0f481a09a2c35a63b8edbcd17cc809eab8e3583593e81ae45262583fec,2026-10-02T17:50:19.554842+00:00
68703,박성웅,178.0,https://www.koreabaseball.com/Record/Player/PitcherDetail/Basic.aspx?playerId=68703,c3d2d744c4babbc48f0ab65f5f53b9e6e9776b2d35b0d01535ba358b2768c9af,2026-10-02T17:50:20.581026+00:00
68797,이승관,182.0,https://www.koreabaseball.com/Record/Player/PitcherDetail/Basic.aspx?playerId=68797,d883064432a7a17f783ca5d15946eabd9c9790e889b7cc4168dfd6e78cef9fce,2026-10-02T17:50:21.624749+00:00
68815,산체스,185.0,https://www.koreabaseball.com/Record/Player/PitcherDetail/Basic.aspx?playerId=68815,01a4248d9515043e26f2b10ad4125f2fb594ba81a2617d842d40f808f83e3aa8,2026-10-02T17:50:22.657320+00:00
68830,김정우,183.0,https://www.koreabaseball.com/Record/Player/PitcherDetail/Basic.aspx?playerId=68830,e14f298a60d167fa1d3d0e99c5bbee38e3893f8d4d606585d9fe81c13c30e57c,2026-10-02T17:50:23.715331+00:00
68848,조성훈,188.0,https://www.koreabaseball.com/Record/Player/PitcherDetail/Basic.aspx?playerId=68848,f2622eff473b59d790b6d8ac8fdd05669d833f43003740141b1aa63e398035b0,2026-10-02T17:50:24.791539+00:00
68856,최민준,178.0,https://www.koreabaseball.com/Record/Player/PitcherDetail/Basic.aspx?playerId=68856,f0983797a26582dab8229387e7b83b4749e57bfc0c9a962de1f0ace12c77c6c7,2026-10-02T17:50:25.916117+00:00
68896,이채호,185.0,https://www.koreabaseball.com/Record/Player/PitcherDetail/Basic.aspx?playerId=68896,f822e8d34d434941a6f5c6ac4429f280ce618f6f77e806c1c9805e0405e35930,2026-10-02T17:50:26.939366+00:00
68900,김영규,188.0,https://www.koreabaseball.com/Record/Player/PitcherDetail/Basic.aspx?playerId=68900,9432ba295121f14ef6e8969f1895550a0e1631f46fd3c780a2d8495f532235c6,2026-10-02T17:50:28.091434+00:00
68902,신민혁,184.0,https://www.koreabaseball.com/Record/Player/PitcherDetail/Basic.aspx?playerId=68902,f11c637497c6f7c73a6b8291633d83568641b4a1854cb5f1c858c4e28be1512c,2026-10-02T17:50:29.191126+00:00
68910,이승헌,180.0,https://www.koreabaseball.com/Record/Player/PitcherDetail/Basic.aspx?playerId=68910,8c5dc156b9f445eb407763ca8a36757df88f9532f7b225999e453912d33824ee,2026-10-02T17:50:30.153202+00:00
68928,김시훈,188.0,https://www.koreabaseball.com/Record/Player/PitcherDetail/Basic.aspx?playerId=68928,f128f8ad30c396f1071be8726ce7c8e289b590803a510a8fddfa864551abfe44,2026-10-02T17:50:31.170803+00:00
69032,쿠에바스,188.0,https://www.koreabaseball.com/Record/Player/PitcherDetail/Basic.aspx?playerId=69032,0f858ee8d392ee0e00ce27ab6d673b922a04cf733e103331f11bb69d43925636,2026-10-02T17:50:32.220367+00:00
69041,손동현,183.0,https://www.koreabaseball.com/Record/Player/PitcherDetail/Basic.aspx?playerId=69041,e5ca88d6509f9bef63184b0acd61f70725f601194c270726fd5423e9241c14c4,2026-10-02T17:50:33.245621+00:00
69045,알칸타라,193.0,https://www.koreabaseball.com/Record/Player/PitcherDetail/Basic.aspx?playerId=69045,4c787537c6099946888b3300927580d1b5d54cd95d82be383a762a5cb750565a,2026-10-02T17:50:34.334258+00:00
69047,전용주,188.0,https://www.koreabaseball.com/Record/Player/PitcherDetail/Basic.aspx?playerId=69047,a7b862810ee85472d29a5a8832d6dbf71b3fc56848167b9215c54015ad552397,2026-10-02T17:50:35.464575+00:00
69054,이상동,181.0,https://www.koreabaseball.com/Record/Player/PitcherDetail/Basic.aspx?playerId=69054,dea54c7479ca09cc5a23dfa287e73f83469ad4e1786cac8307b3fd4e8fefefc1,2026-10-02T17:50:36.543263+00:00
69068,이선우,186.0,https://www.koreabaseball.com/Record/Player/PitcherDetail/Basic.aspx?playerId=69068,87cb4c173003d4d7ff1498208e19b45cbe89b6302b182f6c23be18024a635bd3,2026-10-02T17:50:37.616362+00:00
69098,김성훈,181.0,https://www.koreabaseball.com/Record/Player/PitcherDetail/Basic.aspx?playerId=69098,0e21864b238d5637804d7dcacc2318b6298a6c2bbd528fb654f6d858d1ea2008,2026-10-02T17:50:38.642329+00:00
69103,켈리,191.0,https://www.koreabaseball.com/Record/Player/PitcherDetail/Basic.aspx?playerId=69103,15ba7996c00b606a1dc0b68ba18d60cf8b56aa741cd2518dcb5eb8d6d8a4f472,2026-10-02T17:50:39.711333+00:00
69104,남호,182.0,https://www.koreabaseball.com/Record/Player/PitcherDetail/Basic.aspx?playerId=69104,d161834890ff19dda27b047151e3fa4f82a20bd1047c68bf25966f21a67f1ded,2026-10-02T17:50:40.716821+00:00
69108,이지강,183.0,https://www.koreabaseball.com/Record/Player/PitcherDetail/Basic.aspx?playerId=69108,22796f9d42784cd91a9165918e625444748e8ffd12257e4c0d0768659a75daf0,2026-10-02T17:50:41.739856+00:00
69111,한선태,183.0,https://www.koreabaseball.com/Record/Player/PitcherDetail/Basic.aspx?playerId=69111,435e540f773dde0bb9470c15f527e1ce75aeadb27dfc8786ce998535e872cd92,2026-10-02T17:50:42.698029+00:00
69113,임준형,180.0,https://www.koreabaseball.com/Record/Player/PitcherDetail/Basic.aspx?playerId=69113,db1266dccd4e0af27bbfdedc1cfa233455722a772ecda2585504fdcbc351ef62,2026-10-02T17:50:43.724232+00:00
69134,이정용,186.0,https://www.koreabaseball.com/Record/Player/PitcherDetail/Basic.aspx?playerId=69134,51d40e69ee5ec86edf6351d0587cb44eb4d8027f02aa30a3f67e240326ee6a10,2026-10-02T17:50:44.800400+00:00
69158,강정현,180.0,https://www.koreabaseball.com/Record/Player/PitcherDetail/Basic.aspx?playerId=69158,f8367ae672ec895db7d2394f71a8ade867201e75ec5c848c68ccf631f38ec221,2026-10-02T17:50:45.839756+00:00
69159,정우영,193.0,https://www.koreabaseball.com/Record/Player/PitcherDetail/Basic.aspx?playerId=69159,cc25ad533000f753234bd444440d5bbc6e034ba346e30fad8841858d950ea4b3,2026-10-02T17:50:46.921590+00:00
69168,이상영,193.0,https://www.koreabaseball.com/Record/Player/PitcherDetail/Basic.aspx?playerId=69168,01712be7e6ba14badedc6dc812d77b647c2d88b7fb2fc88f0df99be3faac78b6,2026-10-02T17:50:47.931618+00:00
69204,전루건,185.0,https://www.koreabaseball.com/Record/Player/PitcherDetail/Basic.aspx?playerId=69204,c18a00be07ae912dd42848606703f26455fc2c4dada5cf5ded570bfb0ac86570,2026-10-02T17:50:48.949450+00:00
69205,이교훈,181.0,https://www.koreabaseball.com/Record/Player/PitcherDetail/Basic.aspx?playerId=69205,677ef0a473d2f68e4f781f2bd1c9f0a5c5c1095970a7ea1e65a3129159d3778b,2026-10-02T17:50:49.986849+00:00
69213,윤산흠,178.0,https://www.koreabaseball.com/Record/Player/PitcherDetail/Basic.aspx?playerId=69213,08d468628a47d90b55d5431ddaeef7e422a6264299808e2a28cebbd958141c59,2026-10-02T17:50:50.977655+00:00
69328,박주성,181.0,https://www.koreabaseball.com/Record/Player/PitcherDetail/Basic.aspx?playerId=69328,b038163778d1f7fdedf85b031ee75a99e46fef5e98e5f63c8e11b84c1853ff6b,2026-10-02T17:50:52.013575+00:00
69343,요키시,188.0,https://www.koreabaseball.com/Record/Player/PitcherDetail/Basic.aspx?playerId=69343,fc7475d997d6acc3b11001c14fbb3f97d054ca59737598d266dee537de35900c,2026-10-02T17:50:53.059548+00:00
69360,조영건,180.0,https://www.koreabaseball.com/Record/Player/PitcherDetail/Basic.aspx?playerId=69360,37422a358ba9fc9c0c216793c1d2a502fc2887179115ba689445d11f691f9a42,2026-10-02T17:50:54.047432+00:00
69367,김인범,187.0,https://www.koreabaseball.com/Record/Player/PitcherDetail/Basic.aspx?playerId=69367,38febfaf3e3a3aab4acbcf6528339cdbeae334b67c733764a707bc30348d710f,2026-10-02T17:50:55.090614+00:00
69399,윤정현,186.0,https://www.koreabaseball.com/Record/Player/PitcherDetail/Basic.aspx?playerId=69399,41a3d81830a3dcd502ee089739c39b176fdbe5b3d02cd7b9aa2e0aee6762e4da,2026-10-02T17:50:56.129900+00:00
69413,맥과이어,198.0,https://www.koreabaseball.com/Record/Player/PitcherDetail/Basic.aspx?playerId=69413,3368d512acb580abe62c25647841c27e720ccfa0068551a87226e547dcc53ede,2026-10-02T17:50:57.137233+00:00
69435,헤일리,195.0,https://www.koreabaseball.com/Record/Player/PitcherDetail/Basic.aspx?playerId=69435,b0e5877f927cc03f4b0473f4595abe38c16a1512e6ac6afaec286e951bb9c701,2026-10-02T17:50:58.152874+00:00
69439,라이블리,193.0,https://www.koreabaseball.com/Record/Player/PitcherDetail/Basic.aspx?playerId=69439,289cd7624c68f91251b3aa57332ff094059db1a6b826605da9eb5538092ac847,2026-10-02T17:51:00.569460+00:00
69446,원태인,183.0,https://www.koreabaseball.com/Record/Player/PitcherDetail/Basic.aspx?playerId=69446,8e3445bfbfa21a5939e37083631d7bd52e659975cfe2bd2edc55feb570c452ec,2026-10-02T17:51:03.336734+00:00
69507,박영완,183.0,https://www.koreabaseball.com/Record/Player/PitcherDetail/Basic.aspx?playerId=69507,176b13cbf12db9e29a8518af2b201144a74a336a6953785df5421dc59c293c6d,2026-10-02T17:51:05.167698+00:00
69516,김현수,185.0,https://www.koreabaseball.com/Record/Player/PitcherDetail/Basic.aspx?playerId=69516,b1bded2a37916bea57d8df913b87cf9b9758424d0b651a4e90a8a9b9f2448e4d,2026-10-02T17:51:06.248310+00:00
69539,서준원,185.0,https://www.koreabaseball.com/Record/Player/PitcherDetail/Basic.aspx?playerId=69539,5185a320d44251f67d981f9d6837c77b7cb6b4b95b6d19a181795d8bdefd895f,2026-10-02T17:51:08.693038+00:00
69550,톰슨,193.0,https://www.koreabaseball.com/Record/Player/PitcherDetail/Basic.aspx?playerId=69550,ee681645302210ff7e25a4e5b7473ff42278043c0f4e41aaf26d211c079b3f35,2026-10-02T17:51:10.510855+00:00
69594,박진,182.0,https://www.koreabaseball.com/Record/Player/PitcherDetail/Basic.aspx?playerId=69594,0ce34353b89e7271a730f15263d9c4453527fa688a9e7a9007a08049dd69c5d7,2026-10-02T17:51:11.637015+00:00
69620,김기훈,184.0,https://www.koreabaseball.com/Record/Player/PitcherDetail/Basic.aspx?playerId=69620,0e63435eb5532644bf083667e953f10035baa9fea49ea5272fefbeb0584345b7,2026-10-02T17:51:13.970552+00:00
69640,터너,196.0,https://www.koreabaseball.com/Record/Player/PitcherDetail/Basic.aspx?playerId=69640,0d89b68a1c009206b93d898a44869c43c9f58da9ba3a20b7ffb7c4964a3794a2,2026-10-02T17:51:15.030119+00:00
69645,장유호,179.0,https://www.koreabaseball.com/Record/Player/PitcherDetail/Basic.aspx?playerId=69645,7d309febfb34eaf923f18c585270c83c31092fbbb3ac690dd0bb115bbc20daba,2026-10-02T17:51:17.631470+00:00
69646,양승철,193.0,https://www.koreabaseball.com/Record/Player/PitcherDetail/Basic.aspx?playerId=69646,bff6c8c4649bd5904cd57c2ec3428d5ab055dffe9c07133c948cd6333274e2de,2026-10-02T17:51:18.636420+00:00
69656,윌랜드,188.0,https://www.koreabaseball.com/Record/Player/PitcherDetail/Basic.aspx?playerId=69656,3b031de139b81faafca56122e94f6b4df692bc3feac8c16b3d25498aca31b5d7,2026-10-02T17:51:19.630657+00:00
69703,오동욱,185.0,https://www.koreabaseball.com/Record/Player/PitcherDetail/Basic.aspx?playerId=69703,b98900e5ea9b9d7638baeb3228d7fbc50f994583a4c111e4c71bbc52686156c4,2026-10-02T17:51:20.636640+00:00
69737,노시환,185.0,https://www.koreabaseball.com/Record/Player/PitcherDetail/Basic.aspx?playerId=69737,c2aedf17de356d28c90d5789bbe22972a8352948aeb80e71562f82bb69c15c24,2026-10-02T17:51:21.581309+00:00
69744,서폴드,188.0,https://www.koreabaseball.com/Record/Player/PitcherDetail/Basic.aspx?playerId=69744,070bba30af340082c2f490ab0aa4291c8dad6bcc6aaa24ef12a928985e51fe62,2026-10-02T17:51:22.617200+00:00
69745,김도현,183.0,https://www.koreabaseball.com/Record/Player/PitcherDetail/Basic.aspx?playerId=69745,53b912b8fb6c42f784589020bbb9ead9236f9ea0ec11a442146a031d18542250,2026-10-02T17:51:23.718285+00:00
69748,채드벨,190.0,https://www.koreabaseball.com/Record/Player/PitcherDetail/Basic.aspx?playerId=69748,43471fa500d0070041f4469a79158f750419c54e3e9ce126b2d97750db2ce8e5,2026-10-02T17:51:24.777379+00:00
69762,박윤철,186.0,https://www.koreabaseball.com/Record/Player/PitcherDetail/Basic.aspx?playerId=69762,f8dd440ebba3425a94051b1d7a0f71db1039865023752171fc12cd79e7da4425,2026-10-02T17:51:25.765846+00:00
69803,서상준,193.0,https://www.koreabaseball.com/Record/Player/PitcherDetail/Basic.aspx?playerId=69803,e10e138bc15b984c5c6f59d122e60f65c4ea4305e8f159b8f38090292c1d4033,2026-10-02T17:51:26.724656+00:00
69813,하재훈,182.0,https://www.koreabaseball.com/Record/Player/PitcherDetail/Basic.aspx?playerId=69813,26dc69e57da5c11007d3a793c6ec67c01c8037e12b1610da6c4b07f5dfd25be4,2026-10-02T17:51:27.700288+00:00
69839,백승건,183.0,https://www.koreabaseball.com/Record/Player/PitcherDetail/Basic.aspx?playerId=69839,1fb35881a0c4435cb7ef728d5b211678ffb87bca625cf74cf2c25479eaf7dee3,2026-10-02T17:51:28.698723+00:00
69861,다익손,205.0,https://www.koreabaseball.com/Record/Player/PitcherDetail/Basic.aspx?playerId=69861,ed703b9dfacd581e51d165126d48da156d3d0b14a3c179e5b749248af2a17f79,2026-10-02T17:51:29.649150+00:00
69934,버틀러,188.0,https://www.koreabaseball.com/Record/Player/PitcherDetail/Basic.aspx?playerId=69934,a7e656a1a315947d45c050699e4fdfd4d835c5854a7fcb2990b3e3d33343ba56,2026-10-02T17:51:30.631004+00:00
69940,루친스키,188.0,https://www.koreabaseball.com/Record/Player/PitcherDetail/Basic.aspx?playerId=69940,6ae1de6464fb7c6a9c0ac88dc6ca642f3cfc2b0d215acf46f008c2755b9119c0,2026-10-02T17:51:31.615150+00:00
69953,프리드릭,194.0,https://www.koreabaseball.com/Record/Player/PitcherDetail/Basic.aspx?playerId=69953,be564a780674480edf66fe750b28fceaa1ae8ae56a09379a5ca0aabd56495f32,2026-10-02T17:51:32.551121+00:00
69962,송명기,191.0,https://www.koreabaseball.com/Record/Player/PitcherDetail/Basic.aspx?playerId=69962,ec510a6230f126457d16e0fdac5024b644c7eb320c24cf9e0dfd284c10c55d84,2026-10-02T17:51:33.575752+00:00
69969,전사민,194.0,https://www.koreabaseball.com/Record/Player/PitcherDetail/Basic.aspx?playerId=69969,ebd3e14d5dbb8cadbf91bd37acada621b0d2c62ef15c2ef7de042f03aaa0b544,2026-10-02T17:51:34.552269+00:00
69974,배민서,184.0,https://www.koreabaseball.com/Record/Player/PitcherDetail/Basic.aspx?playerId=69974,e1466a29fb91dfde395565fb68ef61497e961aa5618083924e8def86f6eed2fa,2026-10-02T17:51:35.632229+00:00
69991,하준수,189.0,https://www.koreabaseball.com/Record/Player/PitcherDetail/Basic.aspx?playerId=69991,1735c52a87ce1010da7e48e07db164677a6bbd37c19fc4e5ba3e7637f18543f6,2026-10-02T17:51:36.638645+00:00
69996,노시훈,188.0,https://www.koreabaseball.com/Record/Player/PitcherDetail/Basic.aspx?playerId=69996,38d7bf13109ba07ba2a94d8406a2b9cb951ba4c9401b1ebda0ab9f8efbd6aa94,2026-10-02T17:51:37.595209+00:00
70425,배영수,185.0,https://www.koreabaseball.com/Record/Player/PitcherDetail/Basic.aspx?playerId=70425,b48e6818c64a81979e681f329fd452eac2ac0125f6be6adf0cfb653ffa9b1c86,2026-10-02T17:51:38.695180+00:00
71118,이동현,192.0,https://www.koreabaseball.com/Record/Player/PitcherDetail/Basic.aspx?playerId=71118,a2314ff2ecb4a116903919d9a88d77921cf55c1e9dbadae158bef6f550401b69,2026-10-02T17:51:39.720295+00:00
71837,김강민,182.0,https://www.koreabaseball.com/Record/Player/PitcherDetail/Basic.aspx?playerId=71837,72f1c9a66359459c0116af032c7a07c2e9dc749c48380f00ace3b136d65438d6,2026-10-02T17:51:40.708775+00:00
71845,채병용,185.0,https://www.koreabaseball.com/Record/Player/PitcherDetail/Basic.aspx?playerId=71845,499abc74f29246a88189fd8fd197503adb77fbcf300be3a0da055267501440b7,2026-10-02T17:51:41.827624+00:00
72447,권혁,192.0,https://www.koreabaseball.com/Record/Player/PitcherDetail/Basic.aspx?playerId=72447,028ea6c7002742bc44b182e36479e53c72f1f2f6e9817fb8194528447fcb1f9e,2026-10-02T17:51:42.862692+00:00
72523,고효준,179.0,https://www.koreabaseball.com/Record/Player/PitcherDetail/Basic.aspx?playerId=72523,762124437575ab6af6d6ba9e8f7bd24996bd04aa551fdc5c70ee67bec873d72f,2026-10-02T17:51:44.003142+00:00
72862,윤길현,183.0,https://www.koreabaseball.com/Record/Player/PitcherDetail/Basic.aspx?playerId=72862,98bd2bda9b320bdf26aae21b6bb0d7a51b3c85d9152219a061477a462e163f2f,2026-10-02T17:51:45.130878+00:00
73117,우규민,184.0,https://www.koreabaseball.com/Record/Player/PitcherDetail/Basic.aspx?playerId=73117,ff39ec5cf2742241c7509dcff482d253e9eb672477c6980221704fb61f580bf3,2026-10-02T17:51:46.290096+00:00
73211,노경은,187.0,https://www.koreabaseball.com/Record/Player/PitcherDetail/Basic.aspx?playerId=73211,021f6ab21b73881e9706ffadf34095ab0e650538abf9bf4929533e25b96b8674,2026-10-02T17:51:47.396512+00:00
73248,김승회,177.0,https://www.koreabaseball.com/Record/Player/PitcherDetail/Basic.aspx?playerId=73248,9caf47807c6873a30f3bf9e02aa26f2ec4052d8dbc96c582f8ae2e831cce4f44,2026-10-02T17:51:48.497743+00:00
73738,안영명,183.0,https://www.koreabaseball.com/Record/Player/PitcherDetail/Basic.aspx?playerId=73738,4036517708a336b19104049335d7b03cff133c24a58c6975314864ee31655bdc,2026-10-02T17:51:49.542150+00:00
73750,윤규진,187.0,https://www.koreabaseball.com/Record/Player/PitcherDetail/Basic.aspx?playerId=73750,d007229fd6ebe9f4daf8532bc3a1f66554ef491e4157df63772acb3912b64543,2026-10-02T17:51:50.566501+00:00
73801,송은범,182.0,https://www.koreabaseball.com/Record/Player/PitcherDetail/Basic.aspx?playerId=73801,c6a6f3dabdb9d084fb0cb0b23699211d0429fa2edc27dbe237c03c058b5ab412,2026-10-02T17:51:51.726734+00:00
74167,심수창,185.0,https://www.koreabaseball.com/Record/Player/PitcherDetail/Basic.aspx?playerId=74167,41e5b5ff249e6d29508ca697df2ef4556bf45662b89d537448c3674fd2373251,2026-10-02T17:51:52.814721+00:00
74359,오주원,184.0,https://www.koreabaseball.com/Record/Player/PitcherDetail/Basic.aspx?playerId=74359,e784ac4463833fe8a6281171dc7fcaead211a8ddbadc0e84a4712cbcef838f30,2026-10-02T17:51:53.850167+00:00
74454,윤성환,183.0,https://www.koreabaseball.com/Record/Player/PitcherDetail/Basic.aspx?playerId=74454,e5cbe39ca7376139c8225b25edbbd88d2affb09c5ec3be1c75c81b8b18b9673c,2026-10-02T17:51:54.864854+00:00
74513,장원준,184.0,https://www.koreabaseball.com/Record/Player/PitcherDetail/Basic.aspx?playerId=74513,452512c9616d2906a40a1a49b43cb9849ec6e107488cd55216d211c697e79387,2026-10-02T17:51:55.939005+00:00
74543,최대성,183.0,https://www.koreabaseball.com/Record/Player/PitcherDetail/Basic.aspx?playerId=74543,da01021af6251559f27ea576a86adeb027129c5f67e79e82dd00015da12c7d2a,2026-10-02T17:51:56.927631+00:00
74630,박근홍,180.0,https://www.koreabaseball.com/Record/Player/PitcherDetail/Basic.aspx?playerId=74630,c4932abb751aff2baf42c023a222dd7b94578f85716e080fdae9d4732692beb1,2026-10-02T17:51:57.932556+00:00
74731,송창식,183.0,https://www.koreabaseball.com/Record/Player/PitcherDetail/Basic.aspx?playerId=74731,c2e031f4268b967cce160da4288a3f64d9b142f9f67fa28b023e184574f71930,2026-10-02T17:51:58.936455+00:00
74748,정재원,187.0,https://www.koreabaseball.com/Record/Player/PitcherDetail/Basic.aspx?playerId=74748,6f92526f1932b71a677d3c1093d6175999c0b57e52c3ca03c9a5a5e5c8dd5bba,2026-10-02T17:51:59.976090+00:00
74838,윤희상,193.0,https://www.koreabaseball.com/Record/Player/PitcherDetail/Basic.aspx?playerId=74838,b4d7c52896d107023a6d07ed02bdd8832444de6f16ae966a3de8b190c2c0f651,2026-10-02T17:52:00.974657+00:00
74857,정우람,181.0,https://www.koreabaseball.com/Record/Player/PitcherDetail/Basic.aspx?playerId=74857,1384f9ef2a5e6fdec06f32c1d4bf8716c82aaf7d53357b7fed0f66782ff5cc82,2026-10-02T17:52:02.106067+00:00
75138,신재웅,181.0,https://www.koreabaseball.com/Record/Player/PitcherDetail/Basic.aspx?playerId=75138,e484fb41d5945d137f19a9d8f49be53bfee297d53c594ababe716a25c8152dfe,2026-10-02T17:52:03.173812+00:00
75250,박정배,180.0,https://www.koreabaseball.com/Record/Player/PitcherDetail/Basic.aspx?playerId=75250,4b1d83fa0e17c5d2b55b3689da232125b54b2c22ecdca4ae575b397b07b2dad6,2026-10-02T17:52:04.225069+00:00
75258,금민철,181.0,https://www.koreabaseball.com/Record/Player/PitcherDetail/Basic.aspx?playerId=75258,28f9b900f1f49649b32d067e46b525b4a84712917511854df5a1faa01d740f5c,2026-10-02T17:52:05.451156+00:00
75321,손승락,187.0,https://www.koreabaseball.com/Record/Player/PitcherDetail/Basic.aspx?playerId=75321,4f3314cee2836e3167f6a90d5d3ac31b5651ddd6a137e845c043feaaddd46bb5,2026-10-02T17:52:06.475915+00:00
75340,전유수,185.0,https://www.koreabaseball.com/Record/Player/PitcherDetail/Basic.aspx?playerId=75340,3597027924e9c79622375bc99e15bd800519d5e0dfd365f1299212713baab420,2026-10-02T17:52:07.491010+00:00
75342,이보근,187.0,https://www.koreabaseball.com/Record/Player/PitcherDetail/Basic.aspx?playerId=75342,9e6f0a6a8f88505f1a0abc565d017ec07e1b25fe51f8f4f727368392e36b1f74,2026-10-02T17:52:08.508855+00:00
75421,오승환,178.0,https://www.koreabaseball.com/Record/Player/PitcherDetail/Basic.aspx?playerId=75421,5fb9cd7f39d286e0240851ca10fa43427bf8fa79549a7656dfa7073cbc0ac303,2026-10-02T17:52:09.574968+00:00
75867,김진성,186.0,https://www.koreabaseball.com/Record/Player/PitcherDetail/Basic.aspx?playerId=75867,ddf4de4a86ca289177fa4f4c8ec809a7e0e994f4cea4c7ddc40119ebbe25be67,2026-10-02T17:52:10.682846+00:00
76118,원종현,182.0,https://www.koreabaseball.com/Record/Player/PitcherDetail/Basic.aspx?playerId=76118,ea0276de96f1429b7068b9e63a9477cc65a8faf9a07b4a635ab68105312d809d,2026-10-02T17:52:11.889226+00:00
76225,김건국,183.0,https://www.koreabaseball.com/Record/Player/PitcherDetail/Basic.aspx?playerId=76225,4caa92742e3c49322ef1fb60c8ee06a56230b62b3d63953a7a22640f07d887b5,2026-10-02T17:52:13.206611+00:00
76329,이현승,179.0,https://www.koreabaseball.com/Record/Player/PitcherDetail/Basic.aspx?playerId=76329,299953732d20560adee7972fb084dd12b5281b4a7e887688ed1c1b66160c246c,2026-10-02T17:52:14.417504+00:00
76350,김세현,188.0,https://www.koreabaseball.com/Record/Player/PitcherDetail/Basic.aspx?playerId=76350,6c21d3f263ee85ad068c9124e105b4656f8bf03dc5b6564319ca19bbd0fef405,2026-10-02T17:52:15.480910+00:00
76355,장원삼,181.0,https://www.koreabaseball.com/Record/Player/PitcherDetail/Basic.aspx?playerId=76355,567ce1b541db87468f12901843b1028841292d5d7e433c81cc39acb4ea1b1cd8,2026-10-02T17:52:16.501213+00:00
76455,차우찬,185.0,https://www.koreabaseball.com/Record/Player/PitcherDetail/Basic.aspx?playerId=76455,abb4c5adfc60c8aa164483dbd9ace5634b4e9b6240f7cfd1f88da68cf69b0905,2026-10-02T17:52:18.814593+00:00
76650,진해수,187.0,https://www.koreabaseball.com/Record/Player/PitcherDetail/Basic.aspx?playerId=76650,cf5e72133ce0ea6003478f7a06e421fb365d7a02c08ca231c404e132011ee4b3,2026-10-02T17:52:19.853941+00:00
76715,류현진,190.0,https://www.koreabaseball.com/Record/Player/PitcherDetail/Basic.aspx?playerId=76715,9e97925380703f9415e03d7aee4ccb9352ca365f944fe8a459e0a63ee60932dc,2026-10-02T17:52:20.839493+00:00
76757,유원상,187.0,https://www.koreabaseball.com/Record/Player/PitcherDetail/Basic.aspx?playerId=76757,3bd06f95e233b844d3ec04188eaae03bf592abe65194818e19e8a04f69ae80ed,2026-10-02T17:52:21.912683+00:00
76858,박희수,184.0,https://www.koreabaseball.com/Record/Player/PitcherDetail/Basic.aspx?playerId=76858,f5a22fdd50300d7bbc5d647b79996ba40c7555c14a57f5a705db1e42a15f6753,2026-10-02T17:52:22.989321+00:00
77211,이용찬,185.0,https://www.koreabaseball.com/Record/Player/PitcherDetail/Basic.aspx?playerId=77211,53c80c683238ae8cecf959fcd816964e3d2f58d8dac3ad196d992d93347a78d4,2026-10-02T17:52:24.144738+00:00
77263,김강률,187.0,https://www.koreabaseball.com/Record/Player/PitcherDetail/Basic.aspx?playerId=77263,79e27fc103ad41f5138ab3459ee554552353cc2d395015004feaba700d007d59,2026-10-02T17:52:25.246194+00:00
77318,장시환,184.0,https://www.koreabaseball.com/Record/Player/PitcherDetail/Basic.aspx?playerId=77318,4599d1a941bcf67288cded865b07a4876fe8a179ee9e66ea1b1c4d8eb4c0e921,2026-10-02T17:52:26.319439+00:00
77446,백정현,184.0,https://www.koreabaseball.com/Record/Player/PitcherDetail/Basic.aspx?playerId=77446,0f4080aefb3fd7295f5e896f3ce4c06ad7141a0f848dff98490d8c68615ac502,2026-10-02T17:52:27.471382+00:00
77563,이상화,188.0,https://www.koreabaseball.com/Record/Player/PitcherDetail/Basic.aspx?playerId=77563,6abf8f4e15bb86773c5b76f8110c6fda29961dbbf1cfe4db61b8fe684262c7b6,2026-10-02T17:52:28.536266+00:00
77591,송승준,184.0,https://www.koreabaseball.com/Record/Player/PitcherDetail/Basic.aspx?playerId=77591,84e8092167f54175a000041d99bc3e2501916c202b27903b35141f4a8e6a6c24,2026-10-02T17:52:29.645656+00:00
77637,양현종,183.0,https://www.koreabaseball.com/Record/Player/PitcherDetail/Basic.aspx?playerId=77637,da1f71e0d3b7e1041ed431259fcee336d67149664ecc6e5b17942e9d5c30f09a,2026-10-02T17:52:30.681257+00:00
77829,김광현,188.0,https://www.koreabaseball.com/Record/Player/PitcherDetail/Basic.aspx?playerId=77829,8aba75a44dae85c05f60e3303cbc2c18e11c0ae5c4d3eedb3db2da047fd5e780,2026-10-02T17:52:31.742784+00:00
77927,장필준,190.0,https://www.koreabaseball.com/Record/Player/PitcherDetail/Basic.aspx?playerId=77927,b11abfaee6fccd63da79b4f92b25035c6bb04d51504b3677913de9633ada2bed,2026-10-02T17:52:32.731080+00:00
78148,정찬헌,186.0,https://www.koreabaseball.com/Record/Player/PitcherDetail/Basic.aspx?playerId=78148,2fda47d45a9723da9d4cb0cabb8541e825ecb0d26738ea8c415dcfedfda0a3a8,2026-10-02T17:52:33.749863+00:00
78247,홍상삼,188.0,https://www.koreabaseball.com/Record/Player/PitcherDetail/Basic.aspx?playerId=78247,5c5a074427bc55d491439c0785544d09386191a0d1568b9abf02fb0a47ce85b1,2026-10-02T17:52:34.837342+00:00
78352,임창민,183.0,https://www.koreabaseball.com/Record/Player/PitcherDetail/Basic.aspx?playerId=78352,ed3cab54f51536db280527dfefb0aa3affaf75dbcd2428d4dddded8d3e026021,2026-10-02T17:52:35.900355+00:00
78366,민태호,182.0,https://www.koreabaseball.com/Record/Player/PitcherDetail/Basic.aspx?playerId=78366,10fc29f94fa4b6699dff5dc4c9fb2f50759f16953ae2f635e0e353b40a93b4e6,2026-10-02T17:52:36.942309+00:00
78517,하준호,174.0,https://www.koreabaseball.com/Record/Player/PitcherDetail/Basic.aspx?playerId=78517,60b030914297967a5fee84a5f5886e450480fb1a0b8859f4047a66db67bf621a,2026-10-02T17:52:37.921875+00:00
78536,김대우,190.0,https://www.koreabaseball.com/Record/Player/PitcherDetail/Basic.aspx?playerId=78536,67001da209da85d66c281e8a0c4f50e5580719882a2e50a79bccf9878936a487,2026-10-02T17:52:38.945686+00:00
78819,백청훈,185.0,https://www.koreabaseball.com/Record/Player/PitcherDetail/Basic.aspx?playerId=78819,7bec0aee02885535a3c84f55d6613e0630292d5e67e6d5759f3e93f26468d52a,2026-10-02T17:52:39.935213+00:00
79130,강지광,181.0,https://www.koreabaseball.com/Record/Player/PitcherDetail/Basic.aspx?playerId=79130,3e5ff20a117a7c569e0ef478c2f9769fd53584081b51d49d6176c8f74de24e90,2026-10-02T17:52:40.985067+00:00
79140,최동환,184.0,https://www.koreabaseball.com/Record/Player/PitcherDetail/Basic.aspx?playerId=79140,e4d73327af1f06fa5157b6ad8794265eac50193b25fc6b4639fbb662325118b5,2026-10-02T17:52:42.155170+00:00
79229,유희관,180.0,https://www.koreabaseball.com/Record/Player/PitcherDetail/Basic.aspx?playerId=79229,204d4054eb1e32c0d07f1e0987102b38cf62c68e8f9c36bd62c1a0fd786acd3f,2026-10-02T17:52:43.116408+00:00
79293,오현택,180.0,https://www.koreabaseball.com/Record/Player/PitcherDetail/Basic.aspx?playerId=79293,a10c6d6c7c5508aff5aa249dcfe0a150d0183fe5a12e0234fdec745bec92d843,2026-10-02T17:52:44.101824+00:00
79358,강윤구,183.0,https://www.koreabaseball.com/Record/Player/PitcherDetail/Basic.aspx?playerId=79358,84debdffd3a27621eb15b02afa5e15fe0a5ceb26f20b6b1c859828e940dd34d3,2026-10-02T17:52:45.121195+00:00
79440,정인욱,186.0,https://www.koreabaseball.com/Record/Player/PitcherDetail/Basic.aspx?playerId=79440,bbc825b58855525591f1e5a99230db5f9d602338a61de9bc9608590c55d0360a,2026-10-02T17:52:46.128562+00:00
79545,진명호,193.0,https://www.koreabaseball.com/Record/Player/PitcherDetail/Basic.aspx?playerId=79545,9b23c50b65065b008280e3512d0fee1adb5cb1bb8fed92d39cdff5c52a5e7e2e,2026-10-02T17:52:47.149877+00:00
79617,정용운,186.0,https://www.koreabaseball.com/Record/Player/PitcherDetail/Basic.aspx?playerId=79617,3cc3992fc5fa2b4deae9fed6c7d8a0ff8d0ba257ef2db1d246959a138ec74ccc,2026-10-02T17:52:48.186384+00:00
79764,장민재,184.0,https://www.koreabaseball.com/Record/Player/PitcherDetail/Basic.aspx?playerId=79764,40676a0d33bdf648cc54e9b216bcfd9a96f7e724bc1a6815a0379ddd9447503c,2026-10-02T17:52:49.162934+00:00
79825,여건욱,185.0,https://www.koreabaseball.com/Record/Player/PitcherDetail/Basic.aspx?playerId=79825,1f332aefc379d7b58ab8ac65309c2730ae22c06be8a4fdbaa31692230c809626,2026-10-02T17:52:50.136909+00:00
79847,김태훈,176.0,https://www.koreabaseball.com/Record/Player/PitcherDetail/Basic.aspx?playerId=79847,919b848224b4d0873f69da959c4ac1e6e7026995026c0b667504f0eff2ed5541,2026-10-02T17:52:51.198624+00:00
99445,권오준,182.0,https://www.koreabaseball.com/Record/Player/PitcherDetail/Basic.aspx?playerId=99445,359888209f1af7251c8f24c0fa4ed00d4ffa72a5f4bc6b6a682ddb065409c920,2026-10-02T17:52:52.260714+00:00
50641,장재혁,180.0,https://www.koreabaseball.com/Record/Player/PitcherDetail/Basic.aspx?playerId=50641,4a250aa704f28c32f5249fd98abfc0c9664cbab8f71dad2a6620d316b7ddd899,2026-10-02T18:25:23.356803+00:00
50710,김범준,175.0,https://www.koreabaseball.com/Record/Player/PitcherDetail/Basic.aspx?playerId=50710,3a60267cab7d5fc965276a7846935f3015887cbebfd9b2c7bfcdc293edd03754,2026-10-02T18:25:25.526220+00:00
50848,김성민,185.0,https://www.koreabaseball.com/Record/Player/PitcherDetail/Basic.aspx?playerId=50848,0f785abf1c106b18de7a94892102ff714508f2aaf86bb6b1e17b5783ee6a4409,2026-10-02T18:25:27.326803+00:00
51163,조건희,184.0,https://www.koreabaseball.com/Record/Player/PitcherDetail/Basic.aspx?playerId=51163,e21ee2fc9cd63468ee7904ce2448a3342b0d3445a481ccaf27c137c83ea6ff1d,2026-10-02T18:25:29.404169+00:00
51702,이준기,180.0,https://www.koreabaseball.com/Record/Player/PitcherDetail/Basic.aspx?playerId=51702,2b0be93ae88f027b355c896073ae65fa7535d3b585c441e856ba2d0c29ac949d,2026-10-02T18:25:30.802994+00:00
52202,윤태호,190.0,https://www.koreabaseball.com/Record/Player/PitcherDetail/Basic.aspx?playerId=52202,0bfefba60408accc29b6da96181f53e79fa06ebc9ef89399de7666b7e928dcab,2026-10-02T18:25:32.381604+00:00
52844,김도현,179.0,https://www.koreabaseball.com/Record/Player/PitcherDetail/Basic.aspx?playerId=52844,6b9d27f95455b7a5e699c7288781c9f5839701e8338ab28e6dabaeb52d468837,2026-10-02T18:25:33.843958+00:00
52992,이준혁,184.0,https://www.koreabaseball.com/Record/Player/PitcherDetail/Basic.aspx?playerId=52992,2bea289bc9ed368a24a773d045de86b4b3fb7ddf16af5eb0abcff7cbdab064f8,2026-10-02T18:25:40.268197+00:00
52995,김녹원,182.0,https://www.koreabaseball.com/Record/Player/PitcherDetail/Basic.aspx?playerId=52995,0742397a55ee33cb33389a4e6afefda523996167afcd69383fd18f53f905782c,2026-10-02T18:25:41.313301+00:00
53540,김기준,188.0,https://www.koreabaseball.com/Record/Player/PitcherDetail/Basic.aspx?playerId=53540,c4a2334fc9c51f3d827fdde233d4cba05ff83a8e4fab3a1f0d572de472b13ee6,2026-10-02T18:25:42.337341+00:00
53615,이도현,188.0,https://www.koreabaseball.com/Record/Player/PitcherDetail/Basic.aspx?playerId=53615,cd4993f62702062f24210d3521721af598119a45578b6bd74176b976feaf4361,2026-10-02T18:25:44.702325+00:00
53706,박재규,181.0,https://www.koreabaseball.com/Record/Player/PitcherDetail/Basic.aspx?playerId=53706,05481fe0c2340a8b2b20c3119a8ef8508d29d0b1f3d8637a9789baf892e288f6,2026-10-02T18:25:45.723359+00:00
54401,김대호,185.0,https://www.koreabaseball.com/Record/Player/PitcherDetail/Basic.aspx?playerId=54401,7bb0476ea541ad527267bbad9b159fd86f09a9b89c72b1bbc435a447546258b0,2026-10-02T18:25:46.687784+00:00
54467,정민성,184.0,https://www.koreabaseball.com/Record/Player/PitcherDetail/Basic.aspx?playerId=54467,7394b5ec7a5d66e4b83377c71dd9f9b11d2af41ae28eb60d6c4fbad21ca731fa,2026-10-02T18:25:47.708877+00:00
54610,성영탁,180.0,https://www.koreabaseball.com/Record/Player/PitcherDetail/Basic.aspx?playerId=54610,cfa4d7bfffcca2799c117e4cb9fd67e620f13722f52a10f2474c5e83efa5da1c,2026-10-02T18:25:49.279653+00:00
54702,원종혁,184.0,https://www.koreabaseball.com/Record/Player/PitcherDetail/Basic.aspx?playerId=54702,e12644a40bb125834f1dade1cadbe8508ae6418c0489dab6f9544e0a5ff65360,2026-10-02T18:25:50.450757+00:00
54705,김도빈,190.0,https://www.koreabaseball.com/Record/Player/PitcherDetail/Basic.aspx?playerId=54705,6bacc30091da9519f45c411aa43bbfc3e75fe423e667b9b1d70216d00a4bc44b,2026-10-02T18:25:51.499846+00:00
54802,박기호,184.0,https://www.koreabaseball.com/Record/Player/PitcherDetail/Basic.aspx?playerId=54802,92cf1380ea3b266987be70f281f5b1b14a72a898e01826c74acbd8a667a40971,2026-10-02T18:25:52.680013+00:00
54808,변건우,181.0,https://www.koreabaseball.com/Record/Player/PitcherDetail/Basic.aspx?playerId=54808,b4300732609f4087a8f0644b44aa683cf8bdf70c478469b1f4e539d985255b3d,2026-10-02T18:25:53.680001+00:00
54906,원종해,183.0,https://www.koreabaseball.com/Record/Player/PitcherDetail/Basic.aspx?playerId=54906,773f71e94a6a1365dc494bcacfe37366bc2c8f3f2cab5366bed4eeb1f04c7e72,2026-10-02T18:25:54.708395+00:00
54910,김준원,190.0,https://www.koreabaseball.com/Record/Player/PitcherDetail/Basic.aspx?playerId=54910,80690cf816ba286f832d7f1ff69b0ba7cd303c5ec9f38c88b853f190f7133fff,2026-10-02T18:25:55.684642+00:00
54944,데이비슨,190.0,https://www.koreabaseball.com/Record/Player/PitcherDetail/Basic.aspx?playerId=54944,ae5829096e3223d72af6ebe551e86c8e1d71a01b6328484170a6843bca6091c0,2026-10-02T18:25:56.663132+00:00
55010,장민호,180.0,https://www.koreabaseball.com/Record/Player/PitcherDetail/Basic.aspx?playerId=55010,6b120ed169313d18d9d126e5b59f29c4a70e317d1b5cbc1e2d72a25041d8834e,2026-10-02T18:25:57.631728+00:00
55032,패트릭,196.0,https://www.koreabaseball.com/Record/Player/PitcherDetail/Basic.aspx?playerId=55032,d867c45e3fa7dad9a7d417434efaefa38e8020bd7ff7e068a5f2a61bc79187db,2026-10-02T18:25:59.007290+00:00
55040,김동현,193.0,https://www.koreabaseball.com/Record/Player/PitcherDetail/Basic.aspx?playerId=55040,0436446fb7f7ad60856925368cb9bf4f1bdf033261c18f75b812586cd8e699cd,2026-10-02T18:26:00.026431+00:00
55043,김재원,190.0,https://www.koreabaseball.com/Record/Player/PitcherDetail/Basic.aspx?playerId=55043,80170b8844be1b972331194428a9bffa5e836635c71eea10b162ac45bb06867f,2026-10-02T18:26:01.000259+00:00
55046,박건우,182.0,https://www.koreabaseball.com/Record/Player/PitcherDetail/Basic.aspx?playerId=55046,21f6858fd7547610f8db442a7540344cd8b515be0ac0e3f64b04add184e87eb1,2026-10-02T18:26:02.022256+00:00
55121,박시원,193.0,https://www.koreabaseball.com/Record/Player/PitcherDetail/Basic.aspx?playerId=55121,e35ce314a63c22c50126f066b83ed6445fdd36f9be522728aae9fed1ff3efdee,2026-10-02T18:26:03.121657+00:00
55122,김종운,186.0,https://www.koreabaseball.com/Record/Player/PitcherDetail/Basic.aspx?playerId=55122,b4be8630beae78f49ff6e074a71f26e09d7d857df159dff2b191b891d9ebec67,2026-10-02T18:26:04.079169+00:00
55130,톨허스트,193.0,https://www.koreabaseball.com/Record/Player/PitcherDetail/Basic.aspx?playerId=55130,32c3c5a5ea3e320ef691ce0a8f435c611161dba17a6a718b45359ffdc4304705,2026-10-02T18:26:05.083685+00:00
55138,코엔 윈,193.0,https://www.koreabaseball.com/Record/Player/PitcherDetail/Basic.aspx?playerId=55138,dc801de68c12c3b74dd6168e470181f256c6cae8b483231759646578fff27bba,2026-10-02T18:26:06.091005+00:00
55146,치리노스,188.0,https://www.koreabaseball.com/Record/Player/PitcherDetail/Basic.aspx?playerId=55146,3f15956fa6dbdf38d9b57449915b0b6117c85a48bda70b618b1cae1cf6d91704,2026-10-02T18:26:07.115497+00:00
55167,김영우,185.0,https://www.koreabaseball.com/Record/Player/PitcherDetail/Basic.aspx?playerId=55167,e0f4c1897ccf0b5f2c6ab3fd4f2c39f205d167104d0437b8a0ccc656775f3827,2026-10-02T18:26:08.189391+00:00
55215,양재훈,186.0,https://www.koreabaseball.com/Record/Player/PitcherDetail/Basic.aspx?playerId=55215,f0f433115982bd070bf9f5da5e55095fe063c096f6ca53b402e61280eec349e3,2026-10-02T18:26:09.176434+00:00
55221,김한중,183.0,https://www.koreabaseball.com/Record/Player/PitcherDetail/Basic.aspx?playerId=55221,287387e029913bcae00718671866616e1704b7743f0de13717e6fc0498d78d0c,2026-10-02T18:26:10.166824+00:00
55239,잭로그,183.0,https://www.koreabaseball.com/Record/Player/PitcherDetail/Basic.aspx?playerId=55239,955ff41b72ca88b4d4aba9d9c5750cb46803766b7bd15b39326cb970fb21d605,2026-10-02T18:26:11.180015+00:00
55257,콜어빈,193.0,https://www.koreabaseball.com/Record/Player/PitcherDetail/Basic.aspx?playerId=55257,275720d5cda8af0372c06e4381dcbbc35f02c8bef2e6b56523063a053a4d943c,2026-10-02T18:26:12.652860+00:00
55267,홍민규,183.0,https://www.koreabaseball.com/Record/Player/PitcherDetail/Basic.aspx?playerId=55267,12961c206669c121931277665ea47d13ffa98711f020785b6c7c1c41efe751a4,2026-10-02T18:26:13.697542+00:00
55268,최민석,188.0,https://www.koreabaseball.com/Record/Player/PitcherDetail/Basic.aspx?playerId=55268,e91f1ae06c9db5ea58b5463ee91b24a0b6f881457578efe8760a9b06e9d6ba94,2026-10-02T18:26:14.714550+00:00
55300,손힘찬,191.0,https://www.koreabaseball.com/Record/Player/PitcherDetail/Basic.aspx?playerId=55300,13cafc79b6ac21230b1cd2e932d4fc9db4cb05300890093d35b7a2f8453c9225,2026-10-02T18:26:15.707462+00:00
55301,이준우,183.0,https://www.koreabaseball.com/Record/Player/PitcherDetail/Basic.aspx?playerId=55301,b0cb47ce74371c5ce52b8db6af0ee6867a59d625b3bd049ae4566fb79e41c367,2026-10-02T18:26:16.709976+00:00
55313,정현우,181.0,https://www.koreabaseball.com/Record/Player/PitcherDetail/Basic.aspx?playerId=55313,12bbd92dba675e7a6f9758bacd9304fda342b6c6e08692e7f3d48f30a615b7d7,2026-10-02T18:26:17.728717+00:00
55322,로젠버그,186.0,https://www.koreabaseball.com/Record/Player/PitcherDetail/Basic.aspx?playerId=55322,590b660583372bfd0fd3eeb75957cc6d815c07ae26a2a2eaa609d0833ecd8d1b,2026-10-02T18:26:18.739904+00:00
55342,메르세데스,188.0,https://www.koreabaseball.com/Record/Player/PitcherDetail/Basic.aspx?playerId=55342,0453354f688ceaf33a2608c9d6200c99e82bf13d2f49b59b2eac5408ba1ee35a,2026-10-02T18:26:19.725965+00:00
55348,웰스,185.0,https://www.koreabaseball.com/Record/Player/PitcherDetail/Basic.aspx?playerId=55348,1c7c48f7fb1b83b4ad31c2f22be03d6dbd2d78e1583025f374d7addb582eb7bc,2026-10-02T18:26:20.726574+00:00
55359,김서준,187.0,https://www.koreabaseball.com/Record/Player/PitcherDetail/Basic.aspx?playerId=55359,9d79a1d2db85936598b49a0230609ef3a20495ec495331616c144ae0ede31f2a,2026-10-02T18:26:21.727360+00:00
55377,정세영,177.0,https://www.koreabaseball.com/Record/Player/PitcherDetail/Basic.aspx?playerId=55377,fe973a1fc6382f19d23cb395a797969cc20bab690ded6c061c09b622dd5bda76,2026-10-02T18:26:22.740075+00:00
55382,임진묵,181.0,https://www.koreabaseball.com/Record/Player/PitcherDetail/Basic.aspx?playerId=55382,cc20866203bfa857b8168a9e2bca81a62fe924b902366f7fdb6ddf57acf1e336,2026-10-02T18:26:23.779901+00:00
55394,박정훈,192.0,https://www.koreabaseball.com/Record/Player/PitcherDetail/Basic.aspx?playerId=55394,0ac8c0156599974038803a009be9e95b93aa8cef7422257efb00963c29aa4130,2026-10-02T18:26:24.845406+00:00
55396,윤현,187.0,https://www.koreabaseball.com/Record/Player/PitcherDetail/Basic.aspx?playerId=55396,af3198442d7f43dc47f8fa0cbd7edf29351fae58816534526a67e8b63e34777c,2026-10-02T18:26:25.854019+00:00
55420,김백산,183.0,https://www.koreabaseball.com/Record/Player/PitcherDetail/Basic.aspx?playerId=55420,183ab2e51a6f17697fbbcfd3628100a902b0594990042cb09ce95ba3c17b6363,2026-10-02T18:26:26.874036+00:00
55455,배찬승,180.0,https://www.koreabaseball.com/Record/Player/PitcherDetail/Basic.aspx?playerId=55455,3b3cf56cb5d204768cbee4c3939ab2b5611b52bced6f4962be3123b3b52e80a5,2026-10-02T18:26:27.950590+00:00
55460,가라비토,183.0,https://www.koreabaseball.com/Record/Player/PitcherDetail/Basic.aspx?playerId=55460,2d306e5305c5d55661d5cd9d7319d1d72d47d768ab14074896b75bcc51bfcc15,2026-10-02T18:26:28.928330+00:00
55503,이영재,180.0,https://www.koreabaseball.com/Record/Player/PitcherDetail/Basic.aspx?playerId=55503,5691088aa2658594b82cbd41dd1c6f8ef5c6dd31df2320da67999f56ddc4a985,2026-10-02T18:26:29.944867+00:00
55507,김태균,191.0,https://www.koreabaseball.com/Record/Player/PitcherDetail/Basic.aspx?playerId=55507,d59e95d42d357a3820d2f6bac3501f989743f5c9c4092368d5713727ed84ebb1,2026-10-02T18:26:30.978357+00:00
55526,벨라스케즈,190.0,https://www.koreabaseball.com/Record/Player/PitcherDetail/Basic.aspx?playerId=55526,1519cbc5fd5dcf96d7a10a6badd54b75835f787dbaef507f4d3a91eda5b7d5c6,2026-10-02T18:26:31.929360+00:00
55532,감보아,185.0,https://www.koreabaseball.com/Record/Player/PitcherDetail/Basic.aspx?playerId=55532,82b31666b2e338b1d5b433ca95d9c2a14e33c549aa03ac17b47366a59eeb06f0,2026-10-02T18:26:32.891622+00:00
55536,데이비슨,188.0,https://www.koreabaseball.com/Record/Player/PitcherDetail/Basic.aspx?playerId=55536,2593e00fc9d60fd85203d9449daf8ab1a5aff7130f8e3c421c2be62848a7288e,2026-10-02T18:26:33.862206+00:00
55566,김태현,185.0,https://www.koreabaseball.com/Record/Player/PitcherDetail/Basic.aspx?playerId=55566,16076bbe6d94e10a63a83d871c51d52dfceef614553d17e5ce531ff7ab2b3231,2026-10-02T18:26:35.024168+00:00
55568,박세현,183.0,https://www.koreabaseball.com/Record/Player/PitcherDetail/Basic.aspx?playerId=55568,9981337a7ef2c8308b09230181641fa0a7c4ca520a72d562bbddc8f236876395,2026-10-02T18:26:35.984780+00:00
55610,김태형,184.0,https://www.koreabaseball.com/Record/Player/PitcherDetail/Basic.aspx?playerId=55610,5b3efb61b83ddc410d2a95a0f956c39ee46d6da41e514588b64b90d75687caab,2026-10-02T18:26:37.019569+00:00
55632,이성원,184.0,https://www.koreabaseball.com/Record/Player/PitcherDetail/Basic.aspx?playerId=55632,204d5b66030f8eaeb08244104a0efaea4c866cfddb28220acf961b3b64a468c5,2026-10-02T18:26:38.067446+00:00
55633,올러,193.0,https://www.koreabaseball.com/Record/Player/PitcherDetail/Basic.aspx?playerId=55633,5e0f141782da93fbfd4875124243c0901d52a511c4c8c1611f7a5da529c2ac96,2026-10-02T18:26:39.075364+00:00
55646,김정엽,185.0,https://www.koreabaseball.com/Record/Player/PitcherDetail/Basic.aspx?playerId=55646,a92b6e485f18f71ae7b39539546c19b18e474b01611d9112a30c9fc28eefd3e0,2026-10-02T18:26:40.134033+00:00
55663,이호민,182.0,https://www.koreabaseball.com/Record/Player/PitcherDetail/Basic.aspx?playerId=55663,a695badc3a8cfdfd5169dd7dd65df99c67a939f0ee8ca02f677647d779434762,2026-10-02T18:26:41.075111+00:00
55730,폰세,198.0,https://www.koreabaseball.com/Record/Player/PitcherDetail/Basic.aspx?playerId=55730,db30c1ffe63207a9b3949a92df5f34c72442f70987e9ebd77e164e81ff2635e6,2026-10-02T18:26:42.049871+00:00
55743,정우주,184.0,https://www.koreabaseball.com/Record/Player/PitcherDetail/Basic.aspx?playerId=55743,e2fa8db3997d6405b44d08e97d1b35ee38f6dcf21f52eb75ab44799f875f3f7e,2026-10-02T18:26:43.075307+00:00
55764,권민규,188.0,https://www.koreabaseball.com/Record/Player/PitcherDetail/Basic.aspx?playerId=55764,3542c5abbb55f0389b27a363ed5203fe63f3037b98d19d7a7ca7fda8f0203ba6,2026-10-02T18:26:44.632459+00:00
55855,화이트,190.0,https://www.koreabaseball.com/Record/Player/PitcherDetail/Basic.aspx?playerId=55855,c5fda20e448881b52455f5621c176e92f2a21e36c996558213099987dd2ad41a,2026-10-02T18:26:45.660278+00:00
55860,신지환,180.0,https://www.koreabaseball.com/Record/Player/PitcherDetail/Basic.aspx?playerId=55860,1bc1fa11b9d6e383dc1f84dbed1d2c7bfd0de338de2dae382fe73083374c8828,2026-10-02T18:26:46.737745+00:00
55903,라일리,190.0,https://www.koreabaseball.com/Record/Player/PitcherDetail/Basic.aspx?playerId=55903,425401079f559139e8bc54697c7b91066f2095b9df221a495c4119d32d8db080,2026-10-02T18:26:47.760601+00:00
55912,로건,186.0,https://www.koreabaseball.com/Record/Player/PitcherDetail/Basic.aspx?playerId=55912,f6d014895c748daf0d153b6ea78d721e90edaf505a79ee7677cb64797c5f1fbd,2026-10-02T18:26:48.764904+00:00
55995,김태훈,188.0,https://www.koreabaseball.com/Record/Player/PitcherDetail/Basic.aspx?playerId=55995,c1736bd1cb3e30904aa85d9569c3e91a383fe529f0277e4efb12b98741a4770e,2026-10-02T18:26:49.762482+00:00
55996,홍재문,183.0,https://www.koreabaseball.com/Record/Player/PitcherDetail/Basic.aspx?playerId=55996,671c873601f48384bcd22f99bc432c3112f400b92cfc21b2212dabaa4753b715,2026-10-02T18:26:50.756455+00:00
56002,대니엘,185.0,https://www.koreabaseball.com/Record/Player/PitcherDetail/Basic.aspx?playerId=56002,c5ce7543eb08cff4cfc1893dbe9060428cc2b1f752b5916569e5e20819782dd0,2026-10-02T18:26:51.750153+00:00
56011,스기모토,182.0,https://www.koreabaseball.com/Record/Player/PitcherDetail/Basic.aspx?playerId=56011,7f6f2617910496e64942c4779bc1cdbdf9e3e207ddc9fdaa7018a57a98fc1de1,2026-10-02T18:26:53.072960+00:00
56032,사우어,193.0,https://www.koreabaseball.com/Record/Player/PitcherDetail/Basic.aspx?playerId=56032,e627b8dea2a49d1327fc8a431f8b8ca18db93448d14b80a74ee6f80367948b24,2026-10-02T18:26:54.141006+00:00
56036,보쉴리,190.0,https://www.koreabaseball.com/Record/Player/PitcherDetail/Basic.aspx?playerId=56036,4971bc639e491dc494f50a653f958a72a0dbf1a9e0bf4442ced89d0ef95e495b,2026-10-02T18:26:55.200022+00:00
56066,박지훈,188.0,https://www.koreabaseball.com/Record/Player/PitcherDetail/Basic.aspx?playerId=56066,c36d08676d6c00ba8422a62a920f07138d183a2dcbb2147d0c49b470b403c89b,2026-10-02T18:26:56.204949+00:00
56103,카라스코,193.0,https://www.koreabaseball.com/Record/Player/PitcherDetail/Basic.aspx?playerId=56103,54d85c23525600016e0a935b87b22f11221ffa683e5fed0929cf6351c450be59,2026-10-02T18:26:57.192365+00:00
56146,리오스,190.0,https://www.koreabaseball.com/Record/Player/PitcherDetail/Basic.aspx?playerId=56146,5cf33e8dee5ce29fa486afb407c759720da69cbadbec0a997d8aab98832eea05,2026-10-02T18:26:58.193475+00:00
56165,양우진,190.0,https://www.koreabaseball.com/Record/Player/PitcherDetail/Basic.aspx?playerId=56165,157c922237b27be9d18628e3e4722183983216d9cf1b3e9b0d40985dfbfe8301,2026-10-02T18:26:59.175033+00:00
56168,케네디,203.0,https://www.koreabaseball.com/Record/Player/PitcherDetail/Basic.aspx?playerId=56168,c07fcec31a441c458bf221fb212e5f6a5afa620c472e31b989856466ebc65e6f,2026-10-02T18:27:00.175508+00:00
56212,타카다,179.0,https://www.koreabaseball.com/Record/Player/PitcherDetail/Basic.aspx?playerId=56212,f4aa48754f5a9c643c8d97147057945e594da88c507fc4c94e3572f4962de18e,2026-10-02T18:27:01.373743+00:00
56215,최주형,174.0,https://www.koreabaseball.com/Record/Player/PitcherDetail/Basic.aspx?playerId=56215,7a1735a019fbd6bf0306f06e08ce12bab86e204569eee549bdf02ab40665cd0b,2026-10-02T18:27:02.378040+00:00
56218,타무라,173.0,https://www.koreabaseball.com/Record/Player/PitcherDetail/Basic.aspx?playerId=56218,6f7d9ad08e83d9aa91b455b76222da0e60cd95cbc08e7193e6a0f4eaa3efb272,2026-10-02T18:27:03.362711+00:00
56241,서준오,178.0,https://www.koreabaseball.com/Record/Player/PitcherDetail/Basic.aspx?playerId=56241,07e07b56c5d9531a1afa4e143c5e983a7dcb41a4782e674e6e44fb886cce15ab,2026-10-02T18:27:04.434929+00:00
56312,최현우,190.0,https://www.koreabaseball.com/Record/Player/PitcherDetail/Basic.aspx?playerId=56312,aee7e508cf1796c1d6e7202f62112157f40ab6547fc2de095c8cc521080c4570,2026-10-02T18:27:05.464416+00:00
56318,박준현,188.0,https://www.koreabaseball.com/Record/Player/PitcherDetail/Basic.aspx?playerId=56318,a8477a8019fa32502bbca5188343aa23a71f42bde7a0581278bf318544b55e37,2026-10-02T18:27:06.471327+00:00
56334,와일스,193.0,https://www.koreabaseball.com/Record/Player/PitcherDetail/Basic.aspx?playerId=56334,29ddf2fd18b0d0734f4f5bb62843402467f6c223fe3963edf34bdd8160d6c46f,2026-10-02T18:27:07.448744+00:00
56337,박지성,190.0,https://www.koreabaseball.com/Record/Player/PitcherDetail/Basic.aspx?playerId=56337,71ebda7619fa67a1d587f4bc4de9cd1a5cbfa17752bc735b03af29dd9b247771,2026-10-02T18:27:08.461481+00:00
56345,정다훈,183.0,https://www.koreabaseball.com/Record/Player/PitcherDetail/Basic.aspx?playerId=56345,71df850a60fed4d4fe31b260e78a837b4e69e997f70782dd210dc803cda802ab,2026-10-02T18:27:09.479846+00:00
56348,유토,185.0,https://www.koreabaseball.com/Record/Player/PitcherDetail/Basic.aspx?playerId=56348,2ed696e820b87c3da18444dcad986611933de89502261759356df5a7aae17c43,2026-10-02T18:27:10.500771+00:00
56366,이태양,180.0,https://www.koreabaseball.com/Record/Player/PitcherDetail/Basic.aspx?playerId=56366,95f8f613e698d45251c27d5e37a897896f06242eea3377e5c3669d54a4221fed,2026-10-02T18:27:11.523452+00:00
56402,보스,188.0,https://www.koreabaseball.com/Record/Player/PitcherDetail/Basic.aspx?playerId=56402,5d673773c17945d3f28c2a831d1db4fc3614f1a23039d2a42f9eb6c0686abc66,2026-10-02T18:27:12.534736+00:00
56415,미야지,186.0,https://www.koreabaseball.com/Record/Player/PitcherDetail/Basic.aspx?playerId=56415,3581a3daf318e72d7a5dd18a6897f84f4080da551fdf58479de5c86cf1f757d1,2026-10-02T18:27:13.533432+00:00
56459,페덱,196.0,https://www.koreabaseball.com/Record/Player/PitcherDetail/Basic.aspx?playerId=56459,c0d5f535c0708e5c30bc1bba600bf6971082c3448ae5c1d462c97e6e567c251f,2026-10-02T18:27:14.549309+00:00
56460,장찬희,186.0,https://www.koreabaseball.com/Record/Player/PitcherDetail/Basic.aspx?playerId=56460,f10e4a9e9868579d4d3be06c46965e7b6c427b94e8b0ce7ad1b0818f3fa9248e,2026-10-02T18:27:16.676903+00:00
56464,오러클린,196.0,https://www.koreabaseball.com/Record/Player/PitcherDetail/Basic.aspx?playerId=56464,97da96a8657fa0fc76a60b279e16bd218eaef4366780c9e3b3ce1aa7be073ffc,2026-10-02T18:27:18.878183+00:00
56468,박용재,195.0,https://www.koreabaseball.com/Record/Player/PitcherDetail/Basic.aspx?playerId=56468,0a2a576890ed24d9fa08256aa089bce9e3e01f8c0d1205f810c67811712fd8d4,2026-10-02T18:27:20.615411+00:00
56469,정재훈,185.0,https://www.koreabaseball.com/Record/Player/PitcherDetail/Basic.aspx?playerId=56469,3cc2eec3bec677a9b2f8b8eca61fa43660f1be84ee76cd9448e8c16f9f878fb8,2026-10-02T18:27:22.867395+00:00
56474,사토시,193.0,https://www.koreabaseball.com/Record/Player/PitcherDetail/Basic.aspx?playerId=56474,14f435352c17e3522fd479bcdb7fba04f52be86001dafec707ff1b8c20e30027,2026-10-02T18:27:23.939498+00:00
56503,이이무라,183.0,https://www.koreabaseball.com/Record/Player/PitcherDetail/Basic.aspx?playerId=56503,3e4319f16ec1827fb5cb1baab1338845806f4c6f04de0f76a5c94ec2927c5993,2026-10-02T18:27:25.617707+00:00
56523,비슬리,188.0,https://www.koreabaseball.com/Record/Player/PitcherDetail/Basic.aspx?playerId=56523,c9602352713307760a33bbad1aa92d45bf60efe082710d6005d3e13525be26c9,2026-10-02T18:27:26.607335+00:00
56531,로드리게스,193.0,https://www.koreabaseball.com/Record/Player/PitcherDetail/Basic.aspx?playerId=56531,190ed5d4865a53ef838235e1ef3427ff5ccce6251f008d41e09f6dcd2948536f,2026-10-02T18:27:27.661318+00:00
56536,박정민,188.0,https://www.koreabaseball.com/Record/Player/PitcherDetail/Basic.aspx?playerId=56536,e3c3aefd2ae95755aea0c50da06f8238e1e53b2b102776e53e7e78f3ee2e338d,2026-10-02T18:27:28.889721+00:00
56540,김한결,193.0,https://www.koreabaseball.com/Record/Player/PitcherDetail/Basic.aspx?playerId=56540,7e08521e7582102aba850f3150019e57ffc23a8984c6684dd56252e300e87c2c,2026-10-02T18:27:29.883780+00:00
56548,쿄야마,183.0,https://www.koreabaseball.com/Record/Player/PitcherDetail/Basic.aspx?playerId=56548,92962741508d157675257b2d43d58ea9156a8aae629229392d6ab0ffcba774d0,2026-10-02T18:27:30.988600+00:00
56554,이준서,177.0,https://www.koreabaseball.com/Record/Player/PitcherDetail/Basic.aspx?playerId=56554,cd0c00d854d99f24c82f85c40ab109f9f22ecbd046a10fd7e47667943aceda01,2026-10-02T18:27:32.016884+00:00
56567,신동건,193.0,https://www.koreabaseball.com/Record/Player/PitcherDetail/Basic.aspx?playerId=56567,ba723437ca3a31ac587aecf57fd7f8f8fb619899d24e55279ab7d54562d37b1f,2026-10-02T18:27:33.020889+00:00
56633,지현,180.0,https://www.koreabaseball.com/Record/Player/PitcherDetail/Basic.aspx?playerId=56633,58ff1bacf463809f3e4036def2f7d9928b0dedb520e892e2aecd040cef3e389d,2026-10-02T18:27:34.038144+00:00
56709,박준영,184.0,https://www.koreabaseball.com/Record/Player/PitcherDetail/Basic.aspx?playerId=56709,616037082d627a7c5071fadd89a80356d486672a0a4be15a3c6d0f2e92531c8f,2026-10-02T18:27:35.079003+00:00
56712,에르난데스,190.0,https://www.koreabaseball.com/Record/Player/PitcherDetail/Basic.aspx?playerId=56712,db8a4f6277b8802310a536ff19e63e740335ad00ae7ed0bc8feef094cf1099e8,2026-10-02T18:27:36.092988+00:00
56719,왕옌청,180.0,https://www.koreabaseball.com/Record/Player/PitcherDetail/Basic.aspx?playerId=56719,ce7e8b2909ec23f182e06a8a661da549c8b0f1406240af6e3e4a5719c2dc5c77,2026-10-02T18:27:37.151176+00:00
56724,화이트,190.0,https://www.koreabaseball.com/Record/Player/PitcherDetail/Basic.aspx?playerId=56724,9567c03b6a7b1d189629e45caa95ca214df0120a26f2c567e13b5097bb39e1bb,2026-10-02T18:27:38.143992+00:00
56760,쿠싱,190.0,https://www.koreabaseball.com/Record/Player/PitcherDetail/Basic.aspx?playerId=56760,7592b1a0e5a0fac5263bd775f196ef862bcd3e1e6a6bbd5b93d582054b66da54,2026-10-02T18:27:39.137527+00:00
56769,강건우,188.0,https://www.koreabaseball.com/Record/Player/PitcherDetail/Basic.aspx?playerId=56769,6fb2418e440b9847a894f26f368ba69649b1d107ea6435dc25e37453663f0047,2026-10-02T18:27:40.189789+00:00
56797,하동준,189.0,https://www.koreabaseball.com/Record/Player/PitcherDetail/Basic.aspx?playerId=56797,df688feabf5729b3c55c357c2d484cf373db79ee9d60ca9cc51c52a099578f12,2026-10-02T18:27:41.172268+00:00
56799,짐머맨,190.0,https://www.koreabaseball.com/Record/Player/PitcherDetail/Basic.aspx?playerId=56799,c8c5031683809083181517791f8a9e8a9ff1b6f5d89fe09aa145e759722f13d0,2026-10-02T18:27:42.251332+00:00
56800,긴지로,180.0,https://www.koreabaseball.com/Record/Player/PitcherDetail/Basic.aspx?playerId=56800,1ef7e555b2762a53e63bdee9e302e13bb4660aa0089d9fc36e02abcbe57421a9,2026-10-02T18:27:43.238781+00:00
56801,아빌라,180.0,https://www.koreabaseball.com/Record/Player/PitcherDetail/Basic.aspx?playerId=56801,6e1fecebbb62132548b129d0bee2145d1fe8f7e154daeb7ef29631321e3e175c,2026-10-02T18:27:44.256614+00:00
56808,신상연,179.0,https://www.koreabaseball.com/Record/Player/PitcherDetail/Basic.aspx?playerId=56808,f0bb9245e3fb73dfa86af1bf273ae1945ee98cd08755fa7ef6a1200470cefeb2,2026-10-02T18:27:45.261839+00:00
56823,타케다,187.0,https://www.koreabaseball.com/Record/Player/PitcherDetail/Basic.aspx?playerId=56823,8057999c160deef919dcce4626495093c77249f71e690b2190f22cdf3c11aabf,2026-10-02T18:27:46.286745+00:00
56840,김민준,183.0,https://www.koreabaseball.com/Record/Player/PitcherDetail/Basic.aspx?playerId=56840,4c580fede2d189c499ed704eddb8198439fed527d2bd4d49ba1d9468459f9eb6,2026-10-02T18:27:47.903980+00:00
56841,베니지아노,198.0,https://www.koreabaseball.com/Record/Player/PitcherDetail/Basic.aspx?playerId=56841,7554d743f4fdeb7f03bf92d5018a3d687bdbd3ffa5e58aea769e517d30cf8912,2026-10-02T18:27:48.966720+00:00
56855,해치,185.0,https://www.koreabaseball.com/Record/Player/PitcherDetail/Basic.aspx?playerId=56855,815ce03c70e8aa45ab362017edef005de5fc7035ede77f6f961720eea2c43d1e,2026-10-02T18:27:49.981882+00:00
56911,토다,170.0,https://www.koreabaseball.com/Record/Player/PitcherDetail/Basic.aspx?playerId=56911,ffca8e2e11c08e1e07af01b608c8ebba7672e850106870593b064d9c816f0f88,2026-10-02T18:27:51.001372+00:00
56928,버하겐,198.0,https://www.koreabaseball.com/Record/Player/PitcherDetail/Basic.aspx?playerId=56928,a2f8ff4faa4df591f848b120c3a218667c2f15c9d4a1a37bc183dfa1bbe0c2b7,2026-10-02T18:27:51.987903+00:00
56939,클레빈저,193.0,https://www.koreabaseball.com/Record/Player/PitcherDetail/Basic.aspx?playerId=56939,8665ff2566bd9897abbb36ec939e9b6ec4eadbe961c49175ca7d461f6917ae95,2026-10-02T18:27:52.991584+00:00
56966,테일러,198.0,https://www.koreabaseball.com/Record/Player/PitcherDetail/Basic.aspx?playerId=56966,c05a94e3bd198f2ec9feaee0da91b048f8bc6071a3fd6af07065ed15ed3a607e,2026-10-02T18:27:54.009922+00:00
56967,최요한,180.0,https://www.koreabaseball.com/Record/Player/PitcherDetail/Basic.aspx?playerId=56967,a0edda10801e25396786afff7ed6a6e24de296a500191a3f6512dfd791436d59,2026-10-02T18:27:55.024749+00:00
66965,도태훈,184.0,https://www.koreabaseball.com/Record/Player/PitcherDetail/Basic.aspx?playerId=66965,5732f5b87f701d5f459caa29fdc32385c60a1271230f3630133053e33d761640,2026-10-02T18:27:56.030899+00:00
69643,홍원빈,195.0,https://www.koreabaseball.com/Record/Player/PitcherDetail/Basic.aspx?playerId=69643,f2309ceb8e3087b61a8c80d4b096e3fe724542580614d6182bc48de0724c5529,2026-10-02T18:27:56.989665+00:00
69994,박지한,185.0,https://www.koreabaseball.com/Record/Player/PitcherDetail/Basic.aspx?playerId=69994,27e7fcdeebb0ff901679b7bb640b13ca9cf165cc82f3881c4009fe9c8ab56312,2026-10-02T18:27:57.978735+00:00
