season,pitcher_id,pitcher_name,pitcher_hand,release_x_55,release_z_55,vx_55,vy_55,vz_55,height_cm,dx_dy55,dz_dy55,pred_rel_side,pred_rel_height,source_55_share,outside_bridge,n_pitches,unseen_stadium,model_raw_eaa_deg,eaa_deg,outside_MLB_training_range,outside_bridge_training_range,bridge_reference_radius_deg,mlb_reference_radius_deg,reference_low_deg,reference_high_deg,range_kind,estimate_status,future_season,source_plane_55_present,range_status
2019,60140,신정락,Right,-81.58169871791861,143.34877547762244,0.05321300305819974,-1.0,0.01305054792780557,178.0,-0.05321300305819974,-0.01305054792780557,0.8055586566692254,1.3957755248023034,0.0,0.0,726,True,19.31856791484027,19.31856791484027,False,False,2.231163595390875,11.99713185164767,,,sum_of_two_90pct_reference_radii_KBO_coverage_unknown,estimated_KBO_angle_unvalidated,False,False,unavailable_unseen_stadium_bias
2019,60146,이승현,Right,-37.07511185818985,187.4691250245275,0.03482955719196378,-1.0,-0.03476566110777159,181.0,-0.03482955719196378,0.03476566110777159,0.37360774280661,1.828903641695961,0.0,0.0,539,True,50.153106864455786,50.153106864455786,False,False,2.231163595390875,11.99713185164767,,,sum_of_two_90pct_reference_radii_KBO_coverage_unknown,estimated_KBO_angle_unvalidated,False,False,unavailable_unseen_stadium_bias
2019,60263,이재학,Right,-96.42196456449774,137.2098303967115,0.09182635080536185,-1.0,0.026050599976044458,181.0,-0.09182635080536185,-0.026050599976044458,0.9551641278230733,1.3334626066731126,0.0,0.0,2015,False,12.07754937115567,12.07754937115567,False,False,2.231163595390875,11.99713185164767,-2.150746075882875,26.305844818194213,sum_of_two_90pct_reference_radii_KBO_coverage_unknown,estimated_KBO_angle_unvalidated,False,False,reference_only_KBO_angle_unvalidated
2019,60337,김대유,Left,89.96933448050657,150.56944053425502,-0.07386433910464416,-1.0,0.008432655683418225,187.0,0.07386433910464416,-0.008432655683418225,-0.8887384680679206,1.4673829090731725,0.0,0.0,424,True,19.14165822466116,19.14165822466116,False,False,2.231163595390875,11.99713185164767,,,sum_of_two_90pct_reference_radii_KBO_coverage_unknown,estimated_KBO_angle_unvalidated,False,False,unavailable_unseen_stadium_bias
2019,60339,김건태,Right,-74.06977033114264,183.3987296710467,0.06775549790229851,-1.0,-0.018214437614741667,185.0,-0.06775549790229851,0.018214437614741667,0.7326399059396772,1.78180817906927,0.0,0.0,835,True,41.17406874145381,41.17406874145381,False,False,2.231163595390875,11.99713185164767,,,sum_of_two_90pct_reference_radii_KBO_coverage_unknown,estimated_KBO_angle_unvalidated,False,False,unavailable_unseen_stadium_bias
2019,60559,박시영,Right,-15.614308779835945,185.06393587041856,0.019581376375850182,-1.0,-0.025691530227122592,181.0,-0.019581376375850182,0.025691530227122592,0.17075697885294366,1.8026993595032224,0.0,0.0,941,True,51.07200580164378,51.07200580164378,False,False,2.231163595390875,11.99713185164767,,,sum_of_two_90pct_reference_radii_KBO_coverage_unknown,estimated_KBO_angle_unvalidated,False,False,unavailable_unseen_stadium_bias
2019,60634,임기준,Left,80.09757185366236,152.19013188379833,-0.06739138612458904,-1.0,0.00044821762847874143,182.0,0.06739138612458904,-0.00044821762847874143,-0.7917925975313134,1.485620028411253,0.0,0.0,568,True,23.796438738544335,23.796438738544335,False,False,2.231163595390875,11.99713185164767,,,sum_of_two_90pct_reference_radii_KBO_coverage_unknown,estimated_KBO_angle_unvalidated,False,False,unavailable_unseen_stadium_bias
2019,60757,김경태,Left,78.4020207749953,141.3484924718301,-0.06520541154213326,-1.0,0.02157722156793826,183.0,0.06520541154213326,-0.02157722156793826,-0.7802875542991048,1.3748987368977763,0.0,0.0,207,True,16.673553865035814,16.673553865035814,False,False,2.231163595390875,11.99713185164767,,,sum_of_two_90pct_reference_radii_KBO_coverage_unknown,estimated_KBO_angle_unvalidated,False,False,unavailable_unseen_stadium_bias
2019,60768,이태양,Right,-18.48200581938693,192.51420684499627,0.017079359365726708,-1.0,-0.035596918678471756,192.0,-0.017079359365726708,0.035596918678471756,0.19715885209567385,1.8799181004871854,0.0,0.0,939,True,50.00256542575152,50.00256542575152,False,False,2.231163595390875,11.99713185164767,,,sum_of_two_90pct_reference_radii_KBO_coverage_unknown,estimated_KBO_angle_unvalidated,False,False,unavailable_unseen_stadium_bias
2019,60841,박종훈,Right,-48.36039845785942,39.566681897163136,0.03460396193951155,-1.0,0.08793871689145183,186.0,-0.03460396193951155,-0.08793871689145183,0.5028379141151235,0.41285541362825967,0.0,0.0,2527,True,-38.75219755467688,-38.75219755467688,False,False,2.231163595390875,11.99713185164767,,,sum_of_two_90pct_reference_radii_KBO_coverage_unknown,estimated_KBO_angle_unvalidated,False,False,unavailable_unseen_stadium_bias
2019,60845,문광은,Right,-37.497569273365315,188.7124506982776,0.030592895927728986,-1.0,-0.02571081429721684,180.0,-0.030592895927728986,0.02571081429721684,0.37913778457245917,1.834257590668632,0.0,0.0,492,True,50.92335069706152,50.92335069706152,False,False,2.231163595390875,11.99713185164767,,,sum_of_two_90pct_reference_radii_KBO_coverage_unknown,estimated_KBO_angle_unvalidated,False,False,unavailable_unseen_stadium_bias
2019,61101,임찬규,Right,-26.97150369943575,173.3999683661856,0.02865847683454762,-1.0,-0.00849754513118244,185.0,-0.02865847683454762,0.00849754513118244,0.2836875184415421,1.6873380362333887,0.0,0.0,1441,True,40.8748962264797,40.8748962264797,False,False,2.231163595390875,11.99713185164767,,,sum_of_two_90pct_reference_radii_KBO_coverage_unknown,estimated_KBO_angle_unvalidated,False,False,unavailable_unseen_stadium_bias
2019,61145,이우찬,Left,60.115963021021756,185.11748186224372,-0.04456210608148375,-1.0,-0.016342582769883988,185.0,0.04456210608148375,0.016342582769883988,-0.5978262374678626,1.7965692828413873,0.0,0.0,1531,False,44.01770236055718,44.01770236055718,False,False,2.231163595390875,11.99713185164767,29.789406913518636,58.24599780759573,sum_of_two_90pct_reference_radii_KBO_coverage_unknown,estimated_KBO_angle_unvalidated,False,False,reference_only_KBO_angle_unvalidated
2019,61214,이현호,Left,59.439294718514674,191.60453384803267,-0.053447737845747384,-1.0,-0.03577337428471096,185.0,0.053447737845747384,0.03577337428471096,-0.5883198383639479,1.8674621496641877,0.0,0.0,609,True,48.4190162322448,48.4190162322448,False,False,2.231163595390875,11.99713185164767,,,sum_of_two_90pct_reference_radii_KBO_coverage_unknown,estimated_KBO_angle_unvalidated,False,False,unavailable_unseen_stadium_bias
2019,61268,양현,Right,-121.17986404444571,93.29170406829897,0.07973015248645536,-1.0,0.04833955966132438,189.0,-0.07973015248645536,-0.04833955966132438,1.1911758787671909,0.9218025363162842,0.0,0.0,522,True,-20.72871159346044,-20.72871159346044,False,False,2.231163595390875,11.99713185164767,,,sum_of_two_90pct_reference_radii_KBO_coverage_unknown,estimated_KBO_angle_unvalidated,False,False,unavailable_unseen_stadium_bias
2019,61295,강동연,Right,-70.12142358982291,198.20263338259088,0.053976397368638754,-1.0,-0.03402499798815785,195.0,-0.053976397368638754,0.03402499798815785,0.6917111541851372,1.929139426878397,0.0,0.0,89,False,45.48919488558589,,False,False,,,,,sum_of_two_90pct_reference_radii_KBO_coverage_unknown,withheld_small_sample,False,False,withheld_estimate
2019,61329,윤지웅,Left,69.73039150746642,182.453049940352,-0.05609838508534175,-1.0,-0.016512394767694866,180.0,0.05609838508534175,0.016512394767694866,-0.6893961713501706,1.7703638749204578,0.0,0.0,211,True,43.760599609924014,43.760599609924014,False,False,2.231163595390875,11.99713185164767,,,sum_of_two_90pct_reference_radii_KBO_coverage_unknown,estimated_KBO_angle_unvalidated,False,False,unavailable_unseen_stadium_bias
2019,61365,김대우,Right,-71.51979178243226,52.440832969815375,0.05179044298941466,-1.0,0.07462159914442104,183.0,-0.05179044298941466,-0.07462159914442104,0.7211206467336763,0.5355746589916096,0.0,0.0,977,True,-35.11789823461359,-35.11789823461359,False,False,2.231163595390875,11.99713185164767,,,sum_of_two_90pct_reference_radii_KBO_coverage_unknown,estimated_KBO_angle_unvalidated,False,False,unavailable_unseen_stadium_bias
2019,61396,박정준,Right,-53.90642959939957,155.36087775683413,0.03936983789654631,-1.0,-0.007490530026262366,184.0,-0.03936983789654631,0.007490530026262366,0.5386193169312649,1.5208885676235617,0.0,0.0,47,False,27.902539917060544,,False,False,,,,,sum_of_two_90pct_reference_radii_KBO_coverage_unknown,withheld_small_sample,False,False,withheld_estimate
2019,61456,윤영삼,Right,-65.7733938642284,187.7816199218535,0.04570427932258552,-1.0,-0.03533442815227049,181.0,-0.04570427932258552,0.03533442815227049,0.6461148478270242,1.8303378071505791,0.0,0.0,935,True,47.23204015374028,47.23204015374028,False,False,2.231163595390875,11.99713185164767,,,sum_of_two_90pct_reference_radii_KBO_coverage_unknown,estimated_KBO_angle_unvalidated,False,False,unavailable_unseen_stadium_bias
2019,61457,임현준,Left,109.83347509992733,102.02930213638588,-0.06826004970883999,-1.0,0.05110565401217142,185.0,0.06826004970883999,-0.05110565401217142,-1.0828498379123799,0.9985595904563547,0.0,0.06431852986217458,653,True,-12.215374555386134,-12.215374555386134,False,False,2.231163595390875,11.99713185164767,,,sum_of_two_90pct_reference_radii_KBO_coverage_unknown,estimated_KBO_angle_unvalidated,False,False,unavailable_unseen_stadium_bias
2019,61643,홍건희,Right,-56.99558137041227,185.82472915854612,0.04138634625920894,-1.0,-0.0332704447561344,187.0,-0.04138634625920894,0.0332704447561344,0.5639399320477332,1.8139567493899424,0.0,0.0,1439,True,44.01355368460113,44.01355368460113,False,False,2.231163595390875,11.99713185164767,,,sum_of_two_90pct_reference_radii_KBO_coverage_unknown,estimated_KBO_angle_unvalidated,False,False,unavailable_unseen_stadium_bias
2019,61895,서진용,Right,-52.04054049865355,183.3023705374748,0.04109635566538031,-1.0,-0.030280554271821313,184.0,-0.04109635566538031,0.030280554271821313,0.5172357907323307,1.7885425054877866,0.0,0.0,1111,True,44.50895774000254,44.50895774000254,False,False,2.231163595390875,11.99713185164767,,,sum_of_two_90pct_reference_radii_KBO_coverage_unknown,estimated_KBO_angle_unvalidated,False,False,unavailable_unseen_stadium_bias
2019,61962,김정후,Right,-46.69296916748122,175.33956556907515,0.04069899537258421,-1.0,-0.04296111158351997,178.0,-0.04069899537258421,0.04296111158351997,0.46201098096822,1.7220424089232003,0.0,0.0,35,False,44.07305090075349,,False,False,,,,,sum_of_two_90pct_reference_radii_KBO_coverage_unknown,withheld_small_sample,False,False,withheld_estimate
2019,62056,정영일,Right,-21.320510124122233,181.07319900438245,0.019058853761139586,-1.0,-0.034295453672536065,188.0,-0.019058853761139586,0.034295453672536065,0.2232399905744648,1.7736443037406129,0.0,0.0,684,True,45.372169446376,45.372169446376,False,False,2.231163595390875,11.99713185164767,,,sum_of_two_90pct_reference_radii_KBO_coverage_unknown,estimated_KBO_angle_unvalidated,False,False,unavailable_unseen_stadium_bias
2019,62242,윤명준,Right,-52.99778717543573,179.36431833903262,0.03995796726855738,-1.0,-0.009487491011110346,178.0,-0.03995796726855738,0.009487491011110346,0.5301526983343483,1.7380919579879999,0.0,0.0,1001,True,44.28515005264363,44.28515005264363,False,False,2.231163595390875,11.99713185164767,,,sum_of_two_90pct_reference_radii_KBO_coverage_unknown,estimated_KBO_angle_unvalidated,False,False,unavailable_unseen_stadium_bias
2019,62360,김태훈,Right,-42.007500594013145,183.66024658418112,0.034095565731567044,-1.0,-0.023383607261109683,187.0,-0.034095565731567044,0.023383607261109683,0.4236723630866728,1.789237878026761,0.0,0.0,979,True,44.19195865857611,44.19195865857611,False,False,2.231163595390875,11.99713185164767,,,sum_of_two_90pct_reference_radii_KBO_coverage_unknown,estimated_KBO_angle_unvalidated,False,False,unavailable_unseen_stadium_bias
2019,62363,한현희,Right,-111.30353675762044,121.48458392073056,0.08924807537443295,-1.0,0.02044433007386742,182.0,-0.08924807537443295,-0.02044433007386742,1.0929980479381916,1.1931489035282936,0.0,0.0,843,True,0.7915252959817636,0.7915252959817636,False,False,2.231163595390875,11.99713185164767,,,sum_of_two_90pct_reference_radii_KBO_coverage_unknown,estimated_KBO_angle_unvalidated,False,False,unavailable_unseen_stadium_bias
2019,62528,김원중,Right,-58.10466875661189,193.0313469467498,0.047557113760635226,-1.0,-0.025882808562135963,192.0,-0.047557113760635226,0.025882808562135963,0.578516595621003,1.8768964908891403,0.0,0.0,1875,True,45.14097194990053,45.14097194990053,False,False,2.231163595390875,11.99713185164767,,,sum_of_two_90pct_reference_radii_KBO_coverage_unknown,estimated_KBO_angle_unvalidated,False,False,unavailable_unseen_stadium_bias
2019,62611,임준섭,Left,40.63287057531299,193.05826206296257,-0.0366021087689489,-1.0,-0.021465325242474954,181.0,0.0366021087689489,0.021465325242474954,-0.41119516303359893,1.8715163822497471,0.0,0.0,829,True,52.86225301360481,52.86225301360481,False,False,2.231163595390875,11.99713185164767,,,sum_of_two_90pct_reference_radii_KBO_coverage_unknown,estimated_KBO_angle_unvalidated,False,False,unavailable_unseen_stadium_bias
2019,62648,김윤동,Right,-51.99195981959048,169.20312679558012,0.035873859014606914,-1.0,-0.023737902947173015,186.0,-0.035873859014606914,0.023737902947173015,0.5170558440340838,1.657091429383197,0.0,0.0,249,True,35.54655956209377,35.54655956209377,False,False,2.231163595390875,11.99713185164767,,,sum_of_two_90pct_reference_radii_KBO_coverage_unknown,estimated_KBO_angle_unvalidated,False,False,unavailable_unseen_stadium_bias
2019,62655,홍성민,Right,-60.92654343288633,163.25400412532187,0.06035864131799007,-1.0,-0.008351838807128985,191.0,-0.06035864131799007,0.008351838807128985,0.6096150503585321,1.595758375847123,0.0,0.0,229,False,28.358637687945695,28.358637687945695,False,False,2.231163595390875,11.99713185164767,14.13034224090715,42.586933134984235,sum_of_two_90pct_reference_radii_KBO_coverage_unknown,estimated_KBO_angle_unvalidated,False,False,reference_only_KBO_angle_unvalidated
2019,62698,소사,Right,-33.00011433682293,185.74828741709632,0.03022346561766252,-1.0,-0.03466189713349662,185.0,-0.03022346561766252,0.03466189713349662,0.3349759337771071,1.8147769441491703,0.0,0.0,1464,True,47.781913394031136,47.781913394031136,False,False,2.231163595390875,11.99713185164767,,,sum_of_two_90pct_reference_radii_KBO_coverage_unknown,estimated_KBO_angle_unvalidated,False,False,unavailable_unseen_stadium_bias
2019,62754,임기영,Right,-95.28879693237127,120.32840445456775,0.07760611272839427,-1.0,0.03382518883638461,184.0,-0.07760611272839427,-0.03382518883638461,0.9436220070358797,1.1761427790811583,0.0,0.0,843,True,0.8964406064962347,0.8964406064962347,False,False,2.231163595390875,11.99713185164767,,,sum_of_two_90pct_reference_radii_KBO_coverage_unknown,estimated_KBO_angle_unvalidated,False,False,unavailable_unseen_stadium_bias
2019,62869,문승원,Right,-52.39692553870885,178.97894263656596,0.04424850883418443,-1.0,-0.02282292670369865,180.0,-0.04424850883418443,0.02282292670369865,0.5220760367395024,1.743462514326336,0.0,0.0,2185,False,43.69355884008577,43.69355884008577,False,False,2.231163595390875,11.99713185164767,29.465263393047227,57.92185428712432,sum_of_two_90pct_reference_radii_KBO_coverage_unknown,estimated_KBO_angle_unvalidated,False,False,reference_only_KBO_angle_unvalidated
2019,62920,노건우,Left,42.34267232057627,165.87818603776032,-0.03854983015360465,-1.0,-0.020761803232486515,182.0,0.03854983015360465,0.020761803232486515,-0.42629298303968055,1.6244791063780204,0.0,0.0,88,True,37.40979013278686,,False,False,,,,,sum_of_two_90pct_reference_radii_KBO_coverage_unknown,withheld_small_sample,False,False,withheld_estimate
2019,62929,이민호,Right,-24.766342206671634,177.75209617353994,0.0315852501956215,-1.0,-0.027891398160899483,185.0,-0.0315852501956215,0.027891398160899483,0.2586852875724559,1.7387331260680943,0.0,0.0,207,False,44.24584284824881,44.24584284824881,False,False,2.231163595390875,11.99713185164767,30.01754740121027,58.47413829528736,sum_of_two_90pct_reference_radii_KBO_coverage_unknown,estimated_KBO_angle_unvalidated,False,False,reference_only_KBO_angle_unvalidated
2019,62937,신재영,Right,-67.17570662133804,132.74740196019258,0.05110726541146913,-1.0,0.01795716313958641,185.0,-0.05110726541146913,-0.01795716313958641,0.6709491292737993,1.300003458660282,0.0,0.0,510,False,12.107337224470221,12.107337224470221,False,False,2.231163595390875,11.99713185164767,-2.120958222568323,26.335632671508765,sum_of_two_90pct_reference_radii_KBO_coverage_unknown,estimated_KBO_angle_unvalidated,False,False,reference_only_KBO_angle_unvalidated
2019,62951,이형범,Right,-36.74904225186266,171.4628304841411,0.03378398220482803,-1.0,-0.0162242133449255,181.0,-0.03378398220482803,0.0162242133449255,0.3740718790766988,1.6723957370073617,0.0,0.0,931,True,40.65273510472808,40.65273510472808,False,False,2.231163595390875,11.99713185164767,,,sum_of_two_90pct_reference_radii_KBO_coverage_unknown,estimated_KBO_angle_unvalidated,False,False,unavailable_unseen_stadium_bias
2019,63103,류원석,Right,-110.66839634011731,103.1252237627015,0.06607181663766448,-1.0,0.03348926612235138,186.0,-0.06607181663766448,-0.03348926612235138,1.0861457436781636,1.0192778772042357,0.0,0.0,80,False,-11.894031899619868,,False,False,,,,,sum_of_two_90pct_reference_radii_KBO_coverage_unknown,withheld_small_sample,False,False,withheld_estimate
2019,63104,조근종,Right,-90.99865985614706,122.86994644403589,0.04263224395426486,-1.0,0.03877347044513722,186.0,-0.04263224395426486,-0.03877347044513722,0.8993221548760313,1.1961588227633897,0.0,0.0,186,True,1.9898857288976046,1.9898857288976046,False,False,2.231163595390875,11.99713185164767,,,sum_of_two_90pct_reference_radii_KBO_coverage_unknown,estimated_KBO_angle_unvalidated,False,False,unavailable_unseen_stadium_bias
2019,63111,류제국,Right,-50.756366601983316,177.3927016584374,0.04068243074727028,-1.0,-0.013006577508492318,190.0,-0.04068243074727028,0.013006577508492318,0.5100310600142198,1.7267323717456022,0.0,0.0,921,True,37.947746916918476,37.947746916918476,False,False,2.231163595390875,11.99713185164767,,,sum_of_two_90pct_reference_radii_KBO_coverage_unknown,estimated_KBO_angle_unvalidated,False,False,unavailable_unseen_stadium_bias
2019,63145,배재준,Right,-65.40359158629981,182.93473807278022,0.045221261488882815,-1.0,-0.01590448498579715,188.0,-0.045221261488882815,0.01590448498579715,0.6483053263751042,1.7771781081612583,0.0,0.0,1001,False,40.301244916063,40.301244916063,False,False,2.231163595390875,11.99713185164767,26.072949469024454,54.529540363101546,sum_of_two_90pct_reference_radii_KBO_coverage_unknown,estimated_KBO_angle_unvalidated,False,False,reference_only_KBO_angle_unvalidated
2019,63248,함덕주,Left,64.28165169195412,179.67933791076084,-0.05486927376796617,-1.0,-0.02548722433222438,181.0,0.05486927376796617,0.02548722433222438,-0.635477983964467,1.7512497854260194,0.0,0.0,967,True,42.738273752747254,42.738273752747254,False,False,2.231163595390875,11.99713185164767,,,sum_of_two_90pct_reference_radii_KBO_coverage_unknown,estimated_KBO_angle_unvalidated,False,False,unavailable_unseen_stadium_bias
2019,63342,조상우,Right,-60.4302275271685,163.8237244609528,0.04948805838546722,-1.0,-0.02172282468311749,186.0,-0.04948805838546722,0.02172282468311749,0.5990447120153272,1.6068430735926436,0.0,0.0,667,True,31.449971989254408,31.449971989254408,False,False,2.231163595390875,11.99713185164767,,,sum_of_two_90pct_reference_radii_KBO_coverage_unknown,estimated_KBO_angle_unvalidated,False,False,unavailable_unseen_stadium_bias
2019,63348,조성운,Right,-28.841297732298635,179.0329368474198,0.02535279182288517,-1.0,-0.024726373138691842,185.0,-0.02535279182288517,0.024726373138691842,0.2970483973140434,1.7479748734044294,0.0,0.0,90,True,44.28965346103418,,False,False,,,,,sum_of_two_90pct_reference_radii_KBO_coverage_unknown,withheld_small_sample,False,False,withheld_estimate
2019,63512,박진형,Right,-38.510931000011766,174.38749672712905,0.03781952298843228,-1.0,-0.016060709505132727,181.0,-0.03781952298843228,0.016060709505132727,0.3915664031967004,1.6988683157193734,0.0,0.0,598,True,42.0364800910688,42.0364800910688,False,False,2.231163595390875,11.99713185164767,,,sum_of_two_90pct_reference_radii_KBO_coverage_unknown,estimated_KBO_angle_unvalidated,False,False,unavailable_unseen_stadium_bias
2019,63543,구승민,Right,-44.67057913112247,174.06692989668764,0.04524684231686761,-1.0,-0.024222924302940055,182.0,-0.04524684231686761,0.024222924302940055,0.44896009400534737,1.7009852302166109,0.0,0.0,610,True,40.96824699657634,40.96824699657634,False,False,2.231163595390875,11.99713185164767,,,sum_of_two_90pct_reference_radii_KBO_coverage_unknown,estimated_KBO_angle_unvalidated,False,False,unavailable_unseen_stadium_bias
2019,63628,고영창,Right,-69.11954533707085,180.94641510373518,0.055470227800863525,-1.0,-0.01750211107434622,189.0,-0.055470227800863525,0.01750211107434622,0.6846389902765635,1.760487347879184,0.0,0.0,918,True,38.36572586769403,38.36572586769403,False,False,2.231163595390875,11.99713185164767,,,sum_of_two_90pct_reference_radii_KBO_coverage_unknown,estimated_KBO_angle_unvalidated,False,False,unavailable_unseen_stadium_bias
2019,63638,박준표,Right,-64.61208305823742,133.12900324685515,0.04813368553899457,-1.0,0.029044412951769048,181.0,-0.04813368553899457,-0.029044412951769048,0.6484682205997382,1.2955080349250196,0.0,0.0,775,True,13.78848027264534,13.78848027264534,False,False,2.231163595390875,11.99713185164767,,,sum_of_two_90pct_reference_radii_KBO_coverage_unknown,estimated_KBO_angle_unvalidated,False,False,unavailable_unseen_stadium_bias
2019,63765,김종수,Right,-44.125322698744085,175.94390183042475,0.025259464656225843,-1.0,-0.024827423997250197,180.0,-0.025259464656225843,0.024827423997250197,0.44028864361749087,1.7170794569974075,0.0,0.0,558,True,43.03304085743771,43.03304085743771,False,False,2.231163595390875,11.99713185164767,,,sum_of_two_90pct_reference_radii_KBO_coverage_unknown,estimated_KBO_angle_unvalidated,False,False,unavailable_unseen_stadium_bias
2019,63791,송창현,Left,73.22447156012348,187.16643540564613,-0.0748105798035609,-1.0,-0.03265437615437016,181.0,0.0748105798035609,0.03265437615437016,-0.7217027283249801,1.823545466743231,0.0,0.0,104,False,46.175832885089505,46.175832885089505,False,False,2.231163595390875,11.99713185164767,31.94753743805096,60.40412833212805,sum_of_two_90pct_reference_radii_KBO_coverage_unknown,estimated_KBO_angle_unvalidated,False,False,reference_only_KBO_angle_unvalidated
2019,63936,윤강민,Right,-91.35686936524903,62.54408735619083,0.06742439355321989,-1.0,0.0696005698783033,183.0,-0.06742439355321989,-0.0696005698783033,0.9102117252609906,0.629415984356124,0.0,0.0,165,True,-32.81995831210905,-32.81995831210905,False,False,2.231163595390875,11.99713185164767,,,sum_of_two_90pct_reference_radii_KBO_coverage_unknown,estimated_KBO_angle_unvalidated,False,False,unavailable_unseen_stadium_bias
2019,63950,장현식,Right,-55.201052764574406,190.01160793098046,0.03638702803217111,-1.0,-0.030717601241786883,181.0,-0.03638702803217111,0.030717601241786883,0.5461472465768284,1.8483037524198682,0.0,0.0,1003,True,49.408595212163746,49.408595212163746,False,False,2.231163595390875,11.99713185164767,,,sum_of_two_90pct_reference_radii_KBO_coverage_unknown,estimated_KBO_angle_unvalidated,False,False,unavailable_unseen_stadium_bias
2019,63959,임정호,Left,50.3116317102073,154.4474649202234,-0.03754262713925551,-1.0,0.011089738208302016,188.0,0.03754262713925551,-0.011089738208302016,-0.509697885333721,1.503097249091434,0.0,0.0,81,False,26.40352918725639,,False,False,,,,,sum_of_two_90pct_reference_radii_KBO_coverage_unknown,withheld_small_sample,False,False,withheld_estimate
2019,63961,윤호솔,Right,-60.70756877355935,176.08814159059781,0.04313221705866177,-1.0,-0.026148093376014262,183.0,-0.04313221705866177,0.026148093376014262,0.5998123811079134,1.7196121991287294,0.0,0.0,96,True,39.81280190827205,,False,False,,,,,sum_of_two_90pct_reference_radii_KBO_coverage_unknown,withheld_small_sample,False,False,withheld_estimate
2019,63991,박진우,Right,-103.28037747008966,120.38307506933063,0.08510813614012237,-1.0,0.03697184493264513,180.0,-0.08510813614012237,-0.03697184493264513,1.0204055617311574,1.1729966136782886,0.0,0.0,2154,True,1.2674091067888895,1.2674091067888895,False,False,2.231163595390875,11.99713185164767,,,sum_of_two_90pct_reference_radii_KBO_coverage_unknown,estimated_KBO_angle_unvalidated,False,False,unavailable_unseen_stadium_bias
2019,64021,박세웅,Right,-28.16021267240939,173.56641695150367,0.023072046979966898,-1.0,-0.012513013343218166,182.0,-0.023072046979966898,0.012513013343218166,0.29253157351092696,1.6899198815143386,0.0,0.0,917,False,42.29854041670269,42.29854041670269,False,False,2.231163595390875,11.99713185164767,28.07024496966415,56.52683586374124,sum_of_two_90pct_reference_radii_KBO_coverage_unknown,estimated_KBO_angle_unvalidated,False,False,reference_only_KBO_angle_unvalidated
2019,64029,류희운,Right,-58.95371546807048,189.72782719175305,0.04247817904944169,-1.0,-0.026172217576510916,191.0,-0.04247817904944169,0.026172217576510916,0.5852869416890787,1.8464781165956001,0.0,0.0,61,True,43.7352756704402,,False,False,,,,,sum_of_two_90pct_reference_radii_KBO_coverage_unknown,withheld_small_sample,False,False,withheld_estimate
2019,64047,조현우,Left,68.9400267962807,170.25711640652324,-0.055338771573967244,-1.0,-0.016470954279170513,182.0,0.055338771573967244,0.016470954279170513,-0.6813896500915714,1.6602915313008804,0.0,0.0,143,False,36.07486429460311,36.07486429460311,False,False,2.231163595390875,11.99713185164767,21.846568847564566,50.30315974164165,sum_of_two_90pct_reference_radii_KBO_coverage_unknown,estimated_KBO_angle_unvalidated,False,False,reference_only_KBO_angle_unvalidated
2019,64051,이영준,Left,56.42786172841875,186.84333937678863,-0.049338369195493434,-1.0,-0.03438983358776693,184.0,0.049338369195493434,0.03438983358776693,-0.5591347035367407,1.8231146647808958,0.0,0.0,494,True,46.598612869693646,46.598612869693646,False,False,2.231163595390875,11.99713185164767,,,sum_of_two_90pct_reference_radii_KBO_coverage_unknown,estimated_KBO_angle_unvalidated,False,False,unavailable_unseen_stadium_bias
2019,64155,임지섭,Left,59.359418926222645,195.1653438120968,-0.0524152125096941,-1.0,-0.03803324449729198,189.0,0.0524152125096941,0.03803324449729198,-0.5876965496927,1.9025530975162743,0.0,0.0,145,False,48.545002708916684,48.545002708916684,False,False,2.231163595390875,11.99713185164767,34.316707261878136,62.77329815595523,sum_of_two_90pct_reference_radii_KBO_coverage_unknown,estimated_KBO_angle_unvalidated,False,False,reference_only_KBO_angle_unvalidated
2019,64554,문동욱,Right,-33.989166420621586,191.30839356423516,0.02925870483567327,-1.0,-0.027136854026066574,187.0,-0.02925870483567327,0.027136854026066574,0.34673761232159994,1.8613899711800945,0.0,0.0,283,False,49.432838849648476,49.432838849648476,False,False,2.231163595390875,11.99713185164767,35.20454340260993,63.661134296687024,sum_of_two_90pct_reference_radii_KBO_coverage_unknown,estimated_KBO_angle_unvalidated,False,False,reference_only_KBO_angle_unvalidated
2019,64565,이인복,Right,-53.329846809355274,195.7579571243615,0.04572435642536899,-1.0,-0.035764941090849045,187.0,-0.04572435642536899,0.035764941090849045,0.5300076496196106,1.906093368576367,0.0,0.0,255,False,49.99236280132611,49.99236280132611,False,False,2.231163595390875,11.99713185164767,35.76406735428756,64.22065824836466,sum_of_two_90pct_reference_radii_KBO_coverage_unknown,estimated_KBO_angle_unvalidated,False,False,reference_only_KBO_angle_unvalidated
2019,64615,차명진,Right,-69.58153159971468,178.93643154568855,0.04575134634745141,-1.0,-0.01868743043185869,188.0,-0.04575134634745141,0.01868743043185869,0.6868740444648783,1.7422335149032822,0.0,0.0,583,True,37.71675076469895,37.71675076469895,False,False,2.231163595390875,11.99713185164767,,,sum_of_two_90pct_reference_radii_KBO_coverage_unknown,estimated_KBO_angle_unvalidated,False,False,unavailable_unseen_stadium_bias
2019,64718,최설우,Right,-53.24550761277116,191.07590804612215,0.03414871890553353,-1.0,-0.02405832820885064,179.0,-0.03414871890553353,0.02405832820885064,0.5287651563503398,1.8533484644560152,0.0,0.0,324,True,50.97040442785083,50.97040442785083,False,False,2.231163595390875,11.99713185164767,,,sum_of_two_90pct_reference_radii_KBO_coverage_unknown,estimated_KBO_angle_unvalidated,False,False,unavailable_unseen_stadium_bias
2019,64759,서균,Right,-98.60998322722276,137.0560621792227,0.062265727555278476,-1.0,0.02331643264747546,185.0,-0.062265727555278476,-0.02331643264747546,0.9710812196476406,1.3340020921511562,0.0,0.0,107,True,10.14756286697942,10.14756286697942,False,False,2.231163595390875,11.99713185164767,,,sum_of_two_90pct_reference_radii_KBO_coverage_unknown,estimated_KBO_angle_unvalidated,False,False,unavailable_unseen_stadium_bias
2019,64760,황영국,Left,70.01550960457722,175.48589341499758,-0.06717773344289724,-1.0,-0.020448018136800004,185.0,0.06717773344289724,0.020448018136800004,-0.6932175469761989,1.7115402926533774,0.0,0.0,68,False,37.63724474869705,,False,False,,,,,sum_of_two_90pct_reference_radii_KBO_coverage_unknown,withheld_small_sample,False,False,withheld_estimate
2019,64768,조이현,Right,-40.109556121340425,189.78456964285422,0.037552803602148,-1.0,-0.03238936076999759,185.0,-0.037552803602148,0.03238936076999759,0.40407674196326754,1.8498018162932683,0.0,0.0,224,False,49.04567408344566,49.04567408344566,False,False,2.231163595390875,11.99713185164767,34.81737863640711,63.27396953048421,sum_of_two_90pct_reference_radii_KBO_coverage_unknown,estimated_KBO_angle_unvalidated,False,False,reference_only_KBO_angle_unvalidated
2019,64805,이승진,Right,-25.10455339564324,195.6622078545508,0.015063030622358661,-1.0,-0.028781420148182756,186.0,-0.015063030622358661,0.028781420148182756,0.2603118962208206,1.9017589098077148,0.0,0.0,345,True,53.3663123400938,53.3663123400938,False,False,2.231163595390875,11.99713185164767,,,sum_of_two_90pct_reference_radii_KBO_coverage_unknown,estimated_KBO_angle_unvalidated,False,False,unavailable_unseen_stadium_bias
2019,64893,박민호,Right,-75.20639117440646,132.58501148945552,0.06770984563885765,-1.0,0.019350598543481652,185.0,-0.06770984563885765,-0.019350598543481652,0.7497304712085319,1.2976461801621084,0.0,0.0,811,True,10.839165216179076,10.839165216179076,False,False,2.231163595390875,11.99713185164767,,,sum_of_two_90pct_reference_radii_KBO_coverage_unknown,estimated_KBO_angle_unvalidated,False,False,unavailable_unseen_stadium_bias
2019,64995,배재환,Right,-64.84664721968869,185.25110548480737,0.03904681767845815,-1.0,-0.023920547422201312,186.0,-0.03904681767845815,0.023920547422201312,0.63985779383795,1.802147183025682,0.0,0.0,1030,True,42.93695656043986,42.93695656043986,False,False,2.231163595390875,11.99713185164767,,,sum_of_two_90pct_reference_radii_KBO_coverage_unknown,estimated_KBO_angle_unvalidated,False,False,unavailable_unseen_stadium_bias
2019,65042,홍성무,Right,-37.790581279982845,187.19898991493798,0.025186616512530298,-1.0,-0.021236194851117076,183.0,-0.025186616512530298,0.021236194851117076,0.3825732333748734,1.8186995830343626,0.0,0.0,263,True,48.424898664137075,48.424898664137075,False,False,2.231163595390875,11.99713185164767,,,sum_of_two_90pct_reference_radii_KBO_coverage_unknown,estimated_KBO_angle_unvalidated,False,False,unavailable_unseen_stadium_bias
2019,65048,김민수,Right,-56.13815762418881,193.62823383986978,0.03372274181742016,-1.0,-0.027632642696928382,188.0,-0.03372274181742016,0.027632642696928382,0.5567096498428646,1.8816412101784437,0.0,0.0,1307,True,47.69834625722429,47.69834625722429,False,False,2.231163595390875,11.99713185164767,,,sum_of_two_90pct_reference_radii_KBO_coverage_unknown,estimated_KBO_angle_unvalidated,False,False,unavailable_unseen_stadium_bias
2019,65056,엄상백,Right,-62.356503346677194,152.03956685342655,0.045498023357892665,-1.0,-0.0026321775118261274,187.0,-0.045498023357892665,0.0026321775118261274,0.6208681317468925,1.4884560407072434,0.0,0.0,644,True,23.493533755955294,23.493533755955294,False,False,2.231163595390875,11.99713185164767,,,sum_of_two_90pct_reference_radii_KBO_coverage_unknown,estimated_KBO_angle_unvalidated,False,False,unavailable_unseen_stadium_bias
2019,65058,정성곤,Left,42.69753634738172,187.790580981298,-0.048269136848981944,-1.0,-0.02570519512866148,181.0,0.048269136848981944,0.02570519512866148,-0.43112950102389613,1.826427963617416,0.0,0.0,917,True,49.900500055615375,49.900500055615375,False,False,2.231163595390875,11.99713185164767,,,sum_of_two_90pct_reference_radii_KBO_coverage_unknown,estimated_KBO_angle_unvalidated,False,False,unavailable_unseen_stadium_bias
2019,65060,주권,Right,-58.094384321611145,174.40859376431774,0.041959129214103816,-1.0,-0.018407194220257325,181.0,-0.041959129214103816,0.018407194220257325,0.5764945578918251,1.6991667203220082,0.0,0.0,1043,True,39.81298277470128,39.81298277470128,False,False,2.231163595390875,11.99713185164767,,,sum_of_two_90pct_reference_radii_KBO_coverage_unknown,estimated_KBO_angle_unvalidated,False,False,unavailable_unseen_stadium_bias
2019,65062,김재윤,Right,-48.73186017822007,181.2820095349349,0.039112508905562615,-1.0,-0.02916413676657048,185.0,-0.039112508905562615,0.02916413676657048,0.4860069407942481,1.77005351407781,0.0,0.0,697,True,43.25513289774355,43.25513289774355,False,False,2.231163595390875,11.99713185164767,,,sum_of_two_90pct_reference_radii_KBO_coverage_unknown,estimated_KBO_angle_unvalidated,False,False,unavailable_unseen_stadium_bias
2019,65067,조무근,Right,-50.28211228043735,189.26168784423882,0.05186764713724786,-1.0,-0.03454933716392981,200.0,-0.05186764713724786,0.03454933716392981,0.5042135335129733,1.8513877177234725,0.0,0.0,110,False,40.663847745128656,40.663847745128656,False,False,2.231163595390875,11.99713185164767,26.435552298090112,54.8921431921672,sum_of_two_90pct_reference_radii_KBO_coverage_unknown,estimated_KBO_angle_unvalidated,False,False,reference_only_KBO_angle_unvalidated
2019,65117,이상규,Right,-48.843943535177715,178.1518382288018,0.037837280267517696,-1.0,-0.021393456065571817,185.0,-0.037837280267517696,0.021393456065571817,0.4886396053785954,1.7369196362267496,0.0,0.0,18,False,41.213929464822584,,False,False,,,,,sum_of_two_90pct_reference_radii_KBO_coverage_unknown,withheld_small_sample,False,False,withheld_estimate
2019,65320,최원태,Right,-45.51193008286624,171.85077390425943,0.039890967486993056,-1.0,-0.016983070314979285,184.0,-0.039890967486993056,0.016983070314979285,0.45807608254725524,1.6769960622493654,0.0,0.0,2356,True,38.44097959552653,38.44097959552653,False,False,2.231163595390875,11.99713185164767,,,sum_of_two_90pct_reference_radii_KBO_coverage_unknown,estimated_KBO_angle_unvalidated,False,False,unavailable_unseen_stadium_bias
2019,65343,김택형,Left,65.50693157616527,172.2136337706724,-0.05823597838887534,-1.0,-0.02789808437018794,185.0,0.05823597838887534,0.02789808437018794,-0.6471475417282756,1.6863112567027583,0.0,0.0,450,True,36.703993342915176,36.703993342915176,False,False,2.231163595390875,11.99713185164767,,,sum_of_two_90pct_reference_radii_KBO_coverage_unknown,estimated_KBO_angle_unvalidated,False,False,unavailable_unseen_stadium_bias
2019,65398,임규빈,Right,-44.38344075909166,184.25084357876068,0.040506258121862745,-1.0,-0.02992405995997161,184.0,-0.040506258121862745,0.02992405995997161,0.4450092277843536,1.7974858864604353,0.0,0.0,13,True,45.901239594567514,,False,False,,,,,sum_of_two_90pct_reference_radii_KBO_coverage_unknown,withheld_small_sample,False,False,withheld_estimate
2019,65496,홍정우,Right,-43.56116604174729,190.27714164441088,0.04285547167054368,-1.0,-0.029327171027325426,182.0,-0.04285547167054368,0.029327171027325426,0.4378223139558053,1.851299519179423,0.0,0.0,121,False,50.26727300588928,50.26727300588928,False,False,2.231163595390875,11.99713185164767,36.03897755885073,64.49556845292783,sum_of_two_90pct_reference_radii_KBO_coverage_unknown,estimated_KBO_angle_unvalidated,False,False,reference_only_KBO_angle_unvalidated
2019,65509,차재용,Left,20.099234111444503,193.0712107052497,-0.010897725759521085,-1.0,-0.03258503092610248,184.0,0.010897725759521085,0.03258503092610248,-0.21095338805041697,1.8800184935197493,0.0,0.0,166,False,54.561217816773926,54.561217816773926,False,False,2.231163595390875,11.99713185164767,40.332922369735385,68.78951326381247,sum_of_two_90pct_reference_radii_KBO_coverage_unknown,estimated_KBO_angle_unvalidated,False,False,reference_only_KBO_angle_unvalidated
2019,65516,배제성,Right,-21.42376773421351,192.4758779636216,0.01269400956439508,-1.0,-0.03672655722230749,189.0,-0.01269400956439508,0.03672655722230749,0.22346113056381758,1.878823940387862,0.0,0.0,2199,False,51.02201657847021,51.02201657847021,False,False,2.231163595390875,11.99713185164767,36.79372113143167,65.25031202550875,sum_of_two_90pct_reference_radii_KBO_coverage_unknown,estimated_KBO_angle_unvalidated,False,False,reference_only_KBO_angle_unvalidated
2019,65543,린드블럼,Right,-70.18475803394048,188.0743732828422,0.050146520773948274,-1.0,-0.03051535392510738,195.0,-0.050146520773948274,0.03051535392510738,0.6919628337882119,1.8349035320200704,0.0,0.0,2884,True,39.8244820608393,39.8244820608393,False,False,2.231163595390875,11.99713185164767,,,sum_of_two_90pct_reference_radii_KBO_coverage_unknown,estimated_KBO_angle_unvalidated,False,False,unavailable_unseen_stadium_bias
2019,65546,레일리,Left,85.21018352524925,180.6592585724015,-0.061910910533470066,-1.0,-0.01988792030673285,190.0,0.061910910533470066,0.01988792030673285,-0.8370918550640871,1.7586938428160865,0.0,0.0,2723,True,36.30076306670151,36.30076306670151,False,False,2.231163595390875,11.99713185164767,,,sum_of_two_90pct_reference_radii_KBO_coverage_unknown,estimated_KBO_angle_unvalidated,False,False,unavailable_unseen_stadium_bias
2019,65616,이민우,Right,-67.69538585874875,191.31417375765554,0.046314693406495716,-1.0,-0.03037774643520047,185.0,-0.046314693406495716,0.03037774643520047,0.6664781356065351,1.8607613842409358,0.0,0.0,1056,True,46.78861860033515,46.78861860033515,False,False,2.231163595390875,11.99713185164767,,,sum_of_two_90pct_reference_radii_KBO_coverage_unknown,estimated_KBO_angle_unvalidated,False,False,unavailable_unseen_stadium_bias
2019,65618,황인준,Right,-79.89766316730702,181.20003748182174,0.04793246164615179,-1.0,-0.015120726582207011,184.0,-0.04793246164615179,0.015120726582207011,0.7850027210772729,1.758559934243412,0.0,0.0,211,True,39.678169033862346,39.678169033862346,False,False,2.231163595390875,11.99713185164767,,,sum_of_two_90pct_reference_radii_KBO_coverage_unknown,estimated_KBO_angle_unvalidated,False,False,unavailable_unseen_stadium_bias
2019,65639,박정수,Right,-85.31479926600923,133.11944615769622,0.06149959875872393,-1.0,0.021193141112156425,178.0,-0.06149959875872393,-0.021193141112156425,0.8435401665526976,1.297974432669198,0.0,0.0,105,False,12.543602724097592,12.543602724097592,False,False,2.231163595390875,11.99713185164767,-1.6846927229409516,26.771898171136137,sum_of_two_90pct_reference_radii_KBO_coverage_unknown,estimated_KBO_angle_unvalidated,False,False,reference_only_KBO_angle_unvalidated
2019,65643,문경찬,Right,-71.0857146697591,173.3279662219974,0.04702217200711077,-1.0,-0.027142677291875163,186.0,-0.04702217200711077,0.027142677291875163,0.6984578389148455,1.6955654114186278,0.0,0.0,745,True,35.69454202553808,35.69454202553808,False,False,2.231163595390875,11.99713185164767,,,sum_of_two_90pct_reference_radii_KBO_coverage_unknown,estimated_KBO_angle_unvalidated,False,False,unavailable_unseen_stadium_bias
2019,65665,이준영,Left,54.23354969967333,186.2060809713091,-0.040746969055838064,-1.0,-0.015251335241692473,177.0,0.040746969055838064,0.015251335241692473,-0.5407451424044156,1.8032728659567014,0.0,0.0,928,True,49.114780930865265,49.114780930865265,False,False,2.231163595390875,11.99713185164767,,,sum_of_two_90pct_reference_radii_KBO_coverage_unknown,estimated_KBO_angle_unvalidated,False,False,unavailable_unseen_stadium_bias
2019,65764,김민우,Right,-44.21154308807258,185.530007871945,0.02422033185357501,-1.0,-0.01848105934019268,186.0,-0.02422033185357501,0.01848105934019268,0.44411330344720945,1.8024536731046077,0.0,0.0,1010,True,45.223992511477284,45.223992511477284,False,False,2.231163595390875,11.99713185164767,,,sum_of_two_90pct_reference_radii_KBO_coverage_unknown,estimated_KBO_angle_unvalidated,False,False,unavailable_unseen_stadium_bias
2019,65769,김범수,Left,66.28794114863254,167.76745879995266,-0.06061110418817421,-1.0,-0.01754164343612852,181.0,0.06061110418817421,0.01754164343612852,-0.656600918376577,1.638325602432356,0.0,0.0,1784,True,35.5191863619273,35.5191863619273,False,False,2.231163595390875,11.99713185164767,,,sum_of_two_90pct_reference_radii_KBO_coverage_unknown,estimated_KBO_angle_unvalidated,False,False,unavailable_unseen_stadium_bias
2019,65827,조한욱,Right,-22.918185111745455,184.75466062276786,0.010617509191373253,-1.0,-0.025423190061169436,186.0,-0.010617509191373253,0.025423190061169436,0.2391421434101758,1.8006788691871247,0.0,0.0,42,False,47.68031815804941,,False,False,,,,,sum_of_two_90pct_reference_radii_KBO_coverage_unknown,withheld_small_sample,False,False,withheld_estimate
2019,65933,구창모,Left,76.91334751516203,174.98117309221328,-0.061993211150766926,-1.0,-0.02498852642062437,183.0,0.061993211150766926,0.02498852642062437,-0.7560056258809748,1.708289814625123,0.0,0.0,1694,True,37.60812790512496,37.60812790512496,False,False,2.231163595390875,11.99713185164767,,,sum_of_two_90pct_reference_radii_KBO_coverage_unknown,estimated_KBO_angle_unvalidated,False,False,unavailable_unseen_stadium_bias
2019,65964,이우석,Right,-76.27649543959923,186.06177487615173,0.0571166482757147,-1.0,-0.023965870418254338,185.0,-0.0571166482757147,0.023965870418254338,0.750493420891796,1.8089344802463403,0.0,0.0,118,False,42.67873168318341,42.67873168318341,False,False,2.231163595390875,11.99713185164767,28.450436236144863,56.90702713022195,sum_of_two_90pct_reference_radii_KBO_coverage_unknown,estimated_KBO_angle_unvalidated,False,False,reference_only_KBO_angle_unvalidated
2019,66018,김선기,Right,-72.10756657762725,171.2109604387305,0.044590815005664274,-1.0,-0.01924132719966643,187.0,-0.044590815005664274,0.01924132719966643,0.7097532826511024,1.6718080028050002,0.0,0.0,364,False,33.60631514446938,33.60631514446938,False,False,2.231163595390875,11.99713185164767,19.378019697430833,47.834610591507925,sum_of_two_90pct_reference_radii_KBO_coverage_unknown,estimated_KBO_angle_unvalidated,False,False,reference_only_KBO_angle_unvalidated
2019,66064,김태오,Left,9.249516084595939,186.88277550961192,-0.024788637142538518,-1.0,-0.0097865959372265,183.0,0.024788637142538518,0.0097865959372265,-0.11596908367429883,1.8110500133208285,0.0,0.0,71,False,52.39751048872082,,False,False,,,,,sum_of_two_90pct_reference_radii_KBO_coverage_unknown,withheld_small_sample,False,False,withheld_estimate
2019,66145,김대현,Right,-49.92604875226365,178.01584695950524,0.0427737135716806,-1.0,-0.025681149026954987,188.0,-0.0427737135716806,0.025681149026954987,0.49902454609400454,1.7393951788348165,0.0,0.0,1002,True,39.792094479785725,39.792094479785725,False,False,2.231163595390875,11.99713185164767,,,sum_of_two_90pct_reference_radii_KBO_coverage_unknown,estimated_KBO_angle_unvalidated,False,False,unavailable_unseen_stadium_bias
2019,66291,이영하,Right,-57.41073176115716,200.09552627792976,0.04095726742811443,-1.0,-0.04124438575245644,192.0,-0.04095726742811443,0.04124438575245644,0.5674634663896253,1.9500963960945967,0.0,0.0,2570,True,49.65360662473526,49.65360662473526,False,False,2.231163595390875,11.99713185164767,,,sum_of_two_90pct_reference_radii_KBO_coverage_unknown,estimated_KBO_angle_unvalidated,False,False,unavailable_unseen_stadium_bias
2019,66444,이케빈,Right,-36.974228411504264,170.98943843056588,0.03411630749258119,-1.0,-0.015804447212635356,184.0,-0.03411630749258119,0.015804447212635356,0.3768117539548398,1.6689030665662425,0.0,0.0,65,False,39.000282746717595,,False,False,,,,,sum_of_two_90pct_reference_radii_KBO_coverage_unknown,withheld_small_sample,False,False,withheld_estimate
2019,66451,최충연,Right,-66.15109579550361,188.13451846019882,0.04968349332696188,-1.0,-0.026611630419901056,190.0,-0.04968349332696188,0.026611630419901056,0.6539985558391412,1.8316198815745433,0.0,0.0,748,True,42.55307005004652,42.55307005004652,False,False,2.231163595390875,11.99713185164767,,,sum_of_two_90pct_reference_radii_KBO_coverage_unknown,estimated_KBO_angle_unvalidated,False,False,unavailable_unseen_stadium_bias
2019,66492,김승현,Right,-59.944456942229515,173.53220232763803,0.03161712792443008,-1.0,-0.026582186088234067,180.0,-0.03161712792443008,0.026582186088234067,0.5900317980765845,1.6952709139285316,0.0,0.0,227,False,39.91283268691632,39.91283268691632,False,False,2.231163595390875,11.99713185164767,25.684537239877773,54.141128133954865,sum_of_two_90pct_reference_radii_KBO_coverage_unknown,estimated_KBO_angle_unvalidated,False,False,reference_only_KBO_angle_unvalidated
2019,66609,전상현,Right,-45.473205891852956,174.43002223767473,0.027947443439206528,-1.0,-0.02146079738906872,180.0,-0.027947443439206528,0.02146079738906872,0.45419804077116566,1.7013014888730695,0.0,0.0,914,True,41.89589850884909,41.89589850884909,False,False,2.231163595390875,11.99713185164767,,,sum_of_two_90pct_reference_radii_KBO_coverage_unknown,estimated_KBO_angle_unvalidated,False,False,unavailable_unseen_stadium_bias
2019,66741,김재영,Right,-101.73066774422682,109.57425943769191,0.07047416843083315,-1.0,0.04446424900778218,187.0,-0.07047416843083315,-0.04446424900778218,1.0058179830103375,1.0724468806347547,0.0,0.0,149,True,-7.714476066510279,-7.714476066510279,False,False,2.231163595390875,11.99713185164767,,,sum_of_two_90pct_reference_radii_KBO_coverage_unknown,estimated_KBO_angle_unvalidated,False,False,unavailable_unseen_stadium_bias
2019,66859,김주한,Right,-82.58593818894626,141.48676977522092,0.07598837468779378,-1.0,0.0023876443734534387,184.0,-0.07598837468779378,-0.0023876443734534387,0.8167929185568805,1.3880348251252246,0.0,0.0,212,False,15.997075602114904,15.997075602114904,False,False,2.231163595390875,11.99713185164767,1.7687801550763602,30.22537104915345,sum_of_two_90pct_reference_radii_KBO_coverage_unknown,estimated_KBO_angle_unvalidated,False,False,reference_only_KBO_angle_unvalidated
2019,66920,최성영,Left,60.25518627409028,173.2625305061387,-0.04348590671281143,-1.0,-0.01670280504195234,180.0,0.04348590671281143,0.01670280504195234,-0.5973337180993886,1.687272649180225,0.0,0.0,1481,True,39.778730471008636,39.778730471008636,False,False,2.231163595390875,11.99713185164767,,,sum_of_two_90pct_reference_radii_KBO_coverage_unknown,estimated_KBO_angle_unvalidated,False,False,unavailable_unseen_stadium_bias
2019,66960,정수민,Right,-59.868958450851856,191.7878936534231,0.047489936319664576,-1.0,-0.03171495506946784,188.0,-0.047489936319664576,0.03171495506946784,0.5929579298757033,1.8675395424083012,0.0,0.0,220,False,46.43809065798503,46.43809065798503,False,False,2.231163595390875,11.99713185164767,32.20979521094648,60.66638610502358,sum_of_two_90pct_reference_radii_KBO_coverage_unknown,estimated_KBO_angle_unvalidated,False,False,reference_only_KBO_angle_unvalidated
2019,67008,이대은,Right,-68.251577440097,187.1415005742356,0.05550306453041437,-1.0,-0.02615202558179852,189.0,-0.05550306453041437,0.02615202558179852,0.6746417414144644,1.822004530038633,0.0,0.0,1460,True,42.241213871855734,42.241213871855734,False,False,2.231163595390875,11.99713185164767,,,sum_of_two_90pct_reference_radii_KBO_coverage_unknown,estimated_KBO_angle_unvalidated,False,False,unavailable_unseen_stadium_bias
2019,67048,이정현,Right,-20.061192014052626,186.81179991314835,0.018511109634141862,-1.0,-0.02742170593397839,188.0,-0.018511109634141862,0.02742170593397839,0.21336611460990917,1.8217366578924283,0.0,0.0,211,False,48.304161656417904,48.304161656417904,False,False,2.231163595390875,11.99713185164767,34.075866209379356,62.53245710345645,sum_of_two_90pct_reference_radii_KBO_coverage_unknown,estimated_KBO_angle_unvalidated,False,False,reference_only_KBO_angle_unvalidated
2019,67066,이종혁,Right,-76.5870563729766,180.3940363124051,0.05596324622445542,-1.0,-0.028825680402018262,190.0,-0.05596324622445542,0.028825680402018262,0.7524644980882613,1.7620693211037701,0.0,0.0,103,False,37.19132089500412,37.19132089500412,False,False,2.231163595390875,11.99713185164767,22.963025447965574,51.41961634204266,sum_of_two_90pct_reference_radii_KBO_coverage_unknown,estimated_KBO_angle_unvalidated,False,False,reference_only_KBO_angle_unvalidated
2019,67116,오석주,Right,-29.99876284846996,178.64955487175692,0.018489181013893893,-1.0,-0.009928536005543411,180.0,-0.018489181013893893,0.009928536005543411,0.3098106318014015,1.733557107795778,0.0,0.0,100,False,45.648535079280826,45.648535079280826,False,False,2.231163595390875,11.99713185164767,31.420239632242282,59.87683052631937,sum_of_two_90pct_reference_radii_KBO_coverage_unknown,estimated_KBO_angle_unvalidated,False,False,reference_only_KBO_angle_unvalidated
2019,67119,고우석,Right,-53.29386513150124,170.83481171669376,0.0436380179190613,-1.0,-0.02680399324053604,182.0,-0.0436380179190613,0.02680399324053604,0.5292528322673955,1.672485750606633,0.0,0.0,1078,True,38.237307831341965,38.237307831341965,False,False,2.231163595390875,11.99713185164767,,,sum_of_two_90pct_reference_radii_KBO_coverage_unknown,estimated_KBO_angle_unvalidated,False,False,unavailable_unseen_stadium_bias
2019,67263,최원준,Right,-121.29729875206337,99.24892614998076,0.09360215824378737,-1.0,0.04392130892913842,182.0,-0.09360215824378737,-0.04392130892913842,1.1926002336199952,0.9765201010994797,0.0,0.0,947,True,-14.71631501739192,-14.71631501739192,False,False,2.231163595390875,11.99713185164767,,,sum_of_two_90pct_reference_radii_KBO_coverage_unknown,estimated_KBO_angle_unvalidated,False,False,unavailable_unseen_stadium_bias
2019,67266,박치국,Right,-104.86061891422437,100.24482876015065,0.07238922228992808,-1.0,0.036228302527713974,177.0,-0.07238922228992808,-0.036228302527713974,1.031383134938863,0.9889088302768996,0.0,0.0,837,True,-9.746826336692273,-9.746826336692273,False,False,2.231163595390875,11.99713185164767,,,sum_of_two_90pct_reference_radii_KBO_coverage_unknown,estimated_KBO_angle_unvalidated,False,False,unavailable_unseen_stadium_bias
2019,67313,브리검,Right,-76.89393456231689,190.32218666335737,0.053281028687883834,-1.0,-0.03263670272729807,190.0,-0.053281028687883834,0.03263670272729807,0.7545876092069588,1.8544293752715613,0.0,0.0,2522,True,42.8435912622623,42.8435912622623,False,False,2.231163595390875,11.99713185164767,,,sum_of_two_90pct_reference_radii_KBO_coverage_unknown,estimated_KBO_angle_unvalidated,False,False,unavailable_unseen_stadium_bias
2019,67365,양지율,Right,-31.92690168355272,163.04030508249053,0.023823836088920285,-1.0,-0.026234578022730066,185.0,-0.023823836088920285,0.026234578022730066,0.32455667711610686,1.6033217262286352,0.0,0.0,84,False,35.337272920995574,,False,False,,,,,sum_of_two_90pct_reference_radii_KBO_coverage_unknown,withheld_small_sample,False,False,withheld_estimate
2019,67421,최지광,Right,-51.821803252697876,172.5038455481764,0.031155386083197636,-1.0,-0.010492546975013988,173.0,-0.031155386083197636,0.010492546975013988,0.5161684864029749,1.67439748659219,0.0,0.0,1131,True,42.99924337406103,42.99924337406103,False,False,2.231163595390875,11.99713185164767,,,sum_of_two_90pct_reference_radii_KBO_coverage_unknown,estimated_KBO_angle_unvalidated,False,False,unavailable_unseen_stadium_bias
2019,67443,장지훈,Right,-64.19878286944035,184.27737839713515,0.04244400770647187,-1.0,-0.03044920104259857,190.0,-0.04244400770647187,0.03044920104259857,0.6332090976585802,1.7987846915123176,0.0,0.0,299,True,40.796623612737555,40.796623612737555,False,False,2.231163595390875,11.99713185164767,,,sum_of_two_90pct_reference_radii_KBO_coverage_unknown,estimated_KBO_angle_unvalidated,False,False,unavailable_unseen_stadium_bias
2019,67467,김시현,Right,-46.95862945197382,180.12057240969315,0.04254168002148248,-1.0,-0.025066293035326797,181.0,-0.04254168002148248,0.025066293035326797,0.47013201288100187,1.755872505437645,0.0,0.0,239,False,44.56105270065517,44.56105270065517,False,False,2.231163595390875,11.99713185164767,30.332757253616624,58.789348147693715,sum_of_two_90pct_reference_radii_KBO_coverage_unknown,estimated_KBO_angle_unvalidated,False,False,reference_only_KBO_angle_unvalidated
2019,67588,윤성빈,Right,-72.07369044841641,186.7852025935506,0.06514516265992502,-1.0,-0.032827136700069565,197.0,-0.06514516265992502,0.032827136700069565,0.7118253858629772,1.8256337705254206,0.0,0.0,21,False,38.0575760418674,,False,False,,,,,sum_of_two_90pct_reference_radii_KBO_coverage_unknown,withheld_small_sample,False,False,withheld_estimate
2019,67603,이승호,Left,51.41241762373797,180.07137619172443,-0.04952379630874915,-1.0,-0.02597716089236646,187.0,0.04952379630874915,0.02597716089236646,-0.5140158518916166,1.7580006176212497,0.0,0.0,1896,True,41.856380846749595,41.856380846749595,False,False,2.231163595390875,11.99713185164767,,,sum_of_two_90pct_reference_radii_KBO_coverage_unknown,estimated_KBO_angle_unvalidated,False,False,unavailable_unseen_stadium_bias
2019,67604,강이준,Right,-83.413061865769,179.34848916163307,0.05158313353953923,-1.0,-0.017829693985594718,190.0,-0.05158313353953923,0.017829693985594718,0.8189324647142381,1.7453514269027277,0.0,0.0,200,True,35.41548879257554,35.41548879257554,False,False,2.231163595390875,11.99713185164767,,,sum_of_two_90pct_reference_radii_KBO_coverage_unknown,estimated_KBO_angle_unvalidated,False,False,unavailable_unseen_stadium_bias
2019,67640,유승철,Right,-42.87286637481159,192.61625208934632,0.02298891234170857,-1.0,-0.04691782414730995,184.0,-0.02298891234170857,0.04691782414730995,0.42418537048484745,1.8831884833168129,0.0,0.0,79,False,51.33388031843762,,False,False,,,,,sum_of_two_90pct_reference_radii_KBO_coverage_unknown,withheld_small_sample,False,False,withheld_estimate
2019,67646,박진태,Right,-92.98381084997492,116.39898674242185,0.06836656212570891,-1.0,0.051487258256887866,180.0,-0.06836656212570891,-0.051487258256887866,0.9239901875412808,1.1283292814553756,0.0,0.0,183,True,-0.2984801975735678,-0.2984801975735678,False,False,2.231163595390875,11.99713185164767,,,sum_of_two_90pct_reference_radii_KBO_coverage_unknown,estimated_KBO_angle_unvalidated,False,False,unavailable_unseen_stadium_bias
2019,67703,박상원,Right,-63.13706670874452,185.01651956429134,0.043064424651101434,-1.0,-0.029130321356449346,187.0,-0.043064424651101434,0.029130321356449346,0.6231808714631494,1.8037433038919148,0.0,0.0,940,True,42.71464857132323,42.71464857132323,False,False,2.231163595390875,11.99713185164767,,,sum_of_two_90pct_reference_radii_KBO_coverage_unknown,estimated_KBO_angle_unvalidated,False,False,unavailable_unseen_stadium_bias
2019,67737,김진영,Right,-74.17900326145794,165.5634740981736,0.04987859740999265,-1.0,-0.008900098240833215,180.0,-0.04987859740999265,0.008900098240833215,0.7312863168317386,1.6118541098666315,0.0,0.0,200,False,33.03977160625831,33.03977160625831,False,False,2.231163595390875,11.99713185164767,18.81147615921977,47.26806705329686,sum_of_two_90pct_reference_radii_KBO_coverage_unknown,estimated_KBO_angle_unvalidated,False,False,reference_only_KBO_angle_unvalidated
2019,67762,김성훈,Right,-30.63844918670567,194.4241170975313,0.01567289325665273,-1.0,-0.0321439867695661,186.0,-0.01567289325665273,0.0321439867695661,0.31171807349755654,1.8921389484262574,0.0,0.0,419,True,52.17553793842966,52.17553793842966,False,False,2.231163595390875,11.99713185164767,,,sum_of_two_90pct_reference_radii_KBO_coverage_unknown,estimated_KBO_angle_unvalidated,False,False,unavailable_unseen_stadium_bias
2019,67828,김성민,Left,57.48196726110333,176.58143993301564,-0.059661206553994484,-1.0,-0.016508184749925926,181.0,0.059661206553994484,0.016508184749925926,-0.5741331523600328,1.7183881575630855,0.0,0.0,774,True,41.506214733169195,41.506214733169195,False,False,2.231163595390875,11.99713185164767,,,sum_of_two_90pct_reference_radii_KBO_coverage_unknown,estimated_KBO_angle_unvalidated,False,False,unavailable_unseen_stadium_bias
2019,67863,이원준,Right,-30.780510783701647,190.58965797384573,0.03032467776401267,-1.0,-0.03903050893980972,190.0,-0.03032467776401267,0.03903050893980972,0.31403946849177716,1.8633104569232815,0.0,0.0,73,False,48.49169807559553,,False,False,,,,,sum_of_two_90pct_reference_radii_KBO_coverage_unknown,withheld_small_sample,False,False,withheld_estimate
2019,67962,소이현,Right,-4.537548681325743,181.40904742128893,0.02181600032554571,-1.0,-0.03275237750629268,185.0,-0.02181600032554571,0.03275237750629268,0.06517423356430688,1.7760236340628364,0.0,0.0,23,False,49.043215038641186,,False,False,,,,,sum_of_two_90pct_reference_radii_KBO_coverage_unknown,withheld_small_sample,False,False,withheld_estimate
2019,68036,최이준,Right,-31.985287027872428,180.95295482645025,0.04741100825299002,-1.0,-0.05883647723464606,182.0,-0.04741100825299002,0.05883647723464606,0.32120202656755353,1.7852460002483153,0.0,0.0,18,False,47.6481062594621,,False,False,,,,,sum_of_two_90pct_reference_radii_KBO_coverage_unknown,withheld_small_sample,False,False,withheld_estimate
2019,68043,김민,Right,-56.48583492269428,178.42282577950726,0.03633603250939152,-1.0,-0.02118269684626044,185.0,-0.03633603250939152,0.02118269684626044,0.5606112360636114,1.7386479663338286,0.0,0.0,2327,True,40.453790558426796,40.453790558426796,False,False,2.231163595390875,11.99713185164767,,,sum_of_two_90pct_reference_radii_KBO_coverage_unknown,estimated_KBO_angle_unvalidated,False,False,unavailable_unseen_stadium_bias
2019,68050,강백호,Right,-70.82517452612737,165.9890055915521,0.0670108958166145,-1.0,-0.03443219010746045,184.0,-0.0670108958166145,0.03443219010746045,0.6965345092807155,1.6332158853053287,0.0,0.0,14,False,32.82622037927374,,False,False,,,,,sum_of_two_90pct_reference_radii_KBO_coverage_unknown,withheld_small_sample,False,False,withheld_estimate
2019,68135,윌슨,Right,-51.67286067512465,192.04021106285012,0.025107521395081753,-1.0,-0.02527621049906847,188.0,-0.025107521395081753,0.02527621049906847,0.5136923984194678,1.8658523357195533,0.0,0.0,2644,True,47.23057106169495,47.23057106169495,False,False,2.231163595390875,11.99713185164767,,,sum_of_two_90pct_reference_radii_KBO_coverage_unknown,estimated_KBO_angle_unvalidated,False,False,unavailable_unseen_stadium_bias
2019,68240,후랭코프,Right,-83.90665642812137,194.9605594139391,0.06107981442793365,-1.0,-0.02720507726963901,195.0,-0.06107981442793365,0.02720507726963901,0.8244960311461067,1.8948302217728223,0.0,0.0,1967,True,41.97989700548888,41.97989700548888,False,False,2.231163595390875,11.99713185164767,,,sum_of_two_90pct_reference_radii_KBO_coverage_unknown,estimated_KBO_angle_unvalidated,False,False,unavailable_unseen_stadium_bias
2019,68249,박신지,Right,-44.25687623617609,177.38293058114724,0.032995288454436555,-1.0,-0.03428763511693738,185.0,-0.032995288454436555,0.03428763511693738,0.44125248840754766,1.737827512062325,0.0,0.0,24,False,41.85165863772086,,False,False,,,,,sum_of_two_90pct_reference_radii_KBO_coverage_unknown,withheld_small_sample,False,False,withheld_estimate
2019,68341,안우진,Right,-40.964651201592446,184.86070814061708,0.02668440297602615,-1.0,-0.03238572365864358,192.0,-0.02668440297602615,0.03238572365864358,0.4112529824973588,1.8071391257585447,0.0,0.0,1371,True,43.01728817941836,43.01728817941836,False,False,2.231163595390875,11.99713185164767,,,sum_of_two_90pct_reference_radii_KBO_coverage_unknown,estimated_KBO_angle_unvalidated,False,False,unavailable_unseen_stadium_bias
2019,68403,김무신,Right,-53.413975973052885,180.852617663975,0.03704902130602602,-1.0,-0.02029704692082778,183.0,-0.03704902130602602,0.02029704692082778,0.5317788095005728,1.7597287810423516,0.0,0.0,204,False,43.07598038539616,43.07598038539616,False,False,2.231163595390875,11.99713185164767,28.847684938357613,57.3042758324347,sum_of_two_90pct_reference_radii_KBO_coverage_unknown,estimated_KBO_angle_unvalidated,False,False,reference_only_KBO_angle_unvalidated
2019,68419,최지명,Left,77.47796988493296,188.39558593206118,-0.05776905669992003,-1.0,-0.024647207846122357,186.0,0.05776905669992003,0.024647207846122357,-0.7620724140638547,1.8308311372148254,0.0,0.0,1889,True,43.59619980018414,43.59619980018414,False,False,2.231163595390875,11.99713185164767,,,sum_of_two_90pct_reference_radii_KBO_coverage_unknown,estimated_KBO_angle_unvalidated,False,False,unavailable_unseen_stadium_bias
2019,68501,최하늘,Right,-59.43509897734764,163.4518160500833,0.05159654640185961,-1.0,-0.00971079373178562,190.0,-0.05159654640185961,0.00971079373178562,0.5936546324344688,1.5978383217115264,0.0,0.0,73,False,29.143161076718556,,False,False,,,,,sum_of_two_90pct_reference_radii_KBO_coverage_unknown,withheld_small_sample,False,False,withheld_estimate
2019,68529,이승헌,Right,-62.2781324500655,185.23041589752162,0.05048458820539324,-1.0,-0.02612877167234537,196.0,-0.05048458820539324,0.02612877167234537,0.6184756227133186,1.8073876909538664,0.0,0.0,54,True,38.56485471863927,,False,False,,,,,sum_of_two_90pct_reference_radii_KBO_coverage_unknown,withheld_small_sample,False,False,withheld_estimate
2019,68556,정성종,Right,-37.34020306826532,174.1877040633347,0.03472895318592317,-1.0,-0.028007194725445748,181.0,-0.03472895318592317,0.028007194725445748,0.37698245701777516,1.7041862472920326,0.0,0.0,814,True,42.54270906127892,42.54270906127892,False,False,2.231163595390875,11.99713185164767,,,sum_of_two_90pct_reference_radii_KBO_coverage_unknown,estimated_KBO_angle_unvalidated,False,False,unavailable_unseen_stadium_bias
2019,68639,하준영,Left,59.190862532000374,178.41276449925695,-0.05125084033210351,-1.0,-0.030255281873550744,182.0,0.05125084033210351,0.030255281873550744,-0.5857214488304148,1.7432062691637127,0.0,0.0,979,True,42.388275802010526,42.388275802010526,False,False,2.231163595390875,11.99713185164767,,,sum_of_two_90pct_reference_radii_KBO_coverage_unknown,estimated_KBO_angle_unvalidated,False,False,unavailable_unseen_stadium_bias
2019,68701,김진욱,Right,-66.39956041687626,170.13020363467356,0.048409082165214515,-1.0,-0.003979910864640802,176.0,-0.048409082165214515,0.003979910864640802,0.6585024445266464,1.649497043650939,0.0,0.0,20,False,38.27433248402294,,False,False,,,,,sum_of_two_90pct_reference_radii_KBO_coverage_unknown,withheld_small_sample,False,False,withheld_estimate
2019,68703,박성웅,Left,52.68107414923891,180.36149821184458,-0.04969027435547123,-1.0,-0.02056510886647796,178.0,0.04969027435547123,0.02056510886647796,-0.5259557930628875,1.7541171508537934,0.0,0.0,721,True,45.770781064780216,45.770781064780216,False,False,2.231163595390875,11.99713185164767,,,sum_of_two_90pct_reference_radii_KBO_coverage_unknown,estimated_KBO_angle_unvalidated,False,False,unavailable_unseen_stadium_bias
2019,68815,산체스,Right,-20.968247811239014,178.43036253401962,0.023538000408140622,-1.0,-0.030971208762227295,185.0,-0.023538000408140622,0.030971208762227295,0.22081825329955507,1.7467538474775153,0.0,0.0,2536,True,45.22152627178459,45.22152627178459,False,False,2.231163595390875,11.99713185164767,,,sum_of_two_90pct_reference_radii_KBO_coverage_unknown,estimated_KBO_angle_unvalidated,False,False,unavailable_unseen_stadium_bias
2019,68830,김정우,Right,-43.51594445720413,165.70016855848928,0.0405169273680833,-1.0,-0.025512023286808638,183.0,-0.0405169273680833,0.025512023286808638,0.4366254515420868,1.6260369160518364,0.0,0.0,22,False,36.0978693159818,,False,False,,,,,sum_of_two_90pct_reference_radii_KBO_coverage_unknown,withheld_small_sample,False,False,withheld_estimate
2019,68900,김영규,Left,69.97569470551483,191.38301845906284,-0.05271055029691146,-1.0,-0.0283979547929518,188.0,0.05271055029691146,0.0283979547929518,-0.6900077965996578,1.8613076291153947,0.0,0.0,1100,True,45.311334442085254,45.311334442085254,False,False,2.231163595390875,11.99713185164767,,,sum_of_two_90pct_reference_radii_KBO_coverage_unknown,estimated_KBO_angle_unvalidated,False,False,unavailable_unseen_stadium_bias
2019,69032,쿠에바스,Right,-52.834627113569404,186.0437471978056,0.030760143131924846,-1.0,-0.025746252002893617,188.0,-0.030760143131924846,0.025746252002893617,0.5250621138982422,1.8117589031209582,0.0,0.0,2887,True,43.83503999783265,43.83503999783265,False,False,2.231163595390875,11.99713185164767,,,sum_of_two_90pct_reference_radii_KBO_coverage_unknown,estimated_KBO_angle_unvalidated,False,False,unavailable_unseen_stadium_bias
2019,69041,손동현,Right,-59.794474512429,176.33946448445818,0.04303520258682229,-1.0,-0.018701404868693344,183.0,-0.04303520258682229,0.018701404868693344,0.5930821655193688,1.7175035129339196,0.0,0.0,892,True,39.760803820135166,39.760803820135166,False,False,2.231163595390875,11.99713185164767,,,sum_of_two_90pct_reference_radii_KBO_coverage_unknown,estimated_KBO_angle_unvalidated,False,False,unavailable_unseen_stadium_bias
2019,69045,알칸타라,Right,-59.75636223267929,184.11692870644444,0.04643478434821849,-1.0,-0.033922876612335694,193.0,-0.04643478434821849,0.033922876612335694,0.5914980849862566,1.8009241558083917,0.0,0.0,2566,True,39.94888829604097,39.94888829604097,False,False,2.231163595390875,11.99713185164767,,,sum_of_two_90pct_reference_radii_KBO_coverage_unknown,estimated_KBO_angle_unvalidated,False,False,unavailable_unseen_stadium_bias
2019,69047,전용주,Left,66.82058879200932,188.68760736286688,-0.06624740847593233,-1.0,-0.03803096414351012,188.0,0.06624740847593233,0.03803096414351012,-0.6597557604864027,1.8432551477448411,0.0,0.0,97,False,44.59206926743353,,False,False,,,,,sum_of_two_90pct_reference_radii_KBO_coverage_unknown,withheld_small_sample,False,False,withheld_estimate
2019,69054,이상동,Right,-65.70073597082161,183.73421337101126,0.04337757356415962,-1.0,-0.018522230921166404,181.0,-0.04337757356415962,0.018522230921166404,0.6490736557120309,1.7834414334081998,0.0,0.0,96,False,44.25925035155189,,False,False,,,,,sum_of_two_90pct_reference_radii_KBO_coverage_unknown,withheld_small_sample,False,False,withheld_estimate
2019,69068,이선우,Right,-118.98609008658981,104.43078980932759,0.08219335647253147,-1.0,0.041326755996315946,186.0,-0.08219335647253147,-0.041326755996315946,1.1692863154508109,1.0263637600143782,0.0,0.0,25,False,-12.631631378069045,,False,False,,,,,sum_of_two_90pct_reference_radii_KBO_coverage_unknown,withheld_small_sample,False,False,withheld_estimate
2019,69103,켈리,Right,-58.58763931792217,197.34689630372588,0.04189076845813984,-1.0,-0.035453481985207605,191.0,-0.04189076845813984,0.035453481985207605,0.5798577453557189,1.9212519895463276,0.0,0.0,2752,True,48.296866107270034,48.296866107270034,False,False,2.231163595390875,11.99713185164767,,,sum_of_two_90pct_reference_radii_KBO_coverage_unknown,estimated_KBO_angle_unvalidated,False,False,unavailable_unseen_stadium_bias
2019,69111,한선태,Right,-103.09496916866844,111.37570796096414,0.0881823508446808,-1.0,0.03355367028802573,183.0,-0.0881823508446808,-0.03355367028802573,1.0181990557327154,1.094394752532271,0.0,0.0,101,True,-4.980737821237632,-4.980737821237632,False,False,2.231163595390875,11.99713185164767,,,sum_of_two_90pct_reference_radii_KBO_coverage_unknown,estimated_KBO_angle_unvalidated,False,False,unavailable_unseen_stadium_bias
2019,69158,강정현,Right,-34.817444038298966,169.95929760317088,0.028250670809615294,-1.0,-0.01535366324902281,180.0,-0.028250670809615294,0.01535366324902281,0.3549273963505413,1.657823320576223,0.0,0.0,194,True,40.48876764978113,40.48876764978113,False,False,2.231163595390875,11.99713185164767,,,sum_of_two_90pct_reference_radii_KBO_coverage_unknown,estimated_KBO_angle_unvalidated,False,False,unavailable_unseen_stadium_bias
2019,69159,정우영,Right,-77.11202030965796,115.8368064075609,0.06613217899913523,-1.0,0.02962579525011982,193.0,-0.06613217899913523,-0.02962579525011982,0.7703262762190384,1.142002702979924,0.0,0.0,952,True,-2.079758017059852,-2.079758017059852,False,False,2.231163595390875,11.99713185164767,,,sum_of_two_90pct_reference_radii_KBO_coverage_unknown,estimated_KBO_angle_unvalidated,False,False,unavailable_unseen_stadium_bias
2019,69168,이상영,Left,79.99448607910688,185.44922046670644,-0.057021013850833385,-1.0,-0.02203625059729512,193.0,0.057021013850833385,0.02203625059729512,-0.7873192267957092,1.8047793408394648,0.0,0.0,58,True,38.26243432489413,,False,False,,,,,sum_of_two_90pct_reference_radii_KBO_coverage_unknown,withheld_small_sample,False,False,withheld_estimate
2019,69328,박주성,Right,-64.30221761393979,164.44432860212834,0.03298523566325352,-1.0,-0.022455850994794586,181.0,-0.03298523566325352,0.022455850994794586,0.6320282917474892,1.6103267142110682,0.0,0.0,95,False,33.622933841004645,,False,False,,,,,sum_of_two_90pct_reference_radii_KBO_coverage_unknown,withheld_small_sample,False,False,withheld_estimate
2019,69343,요키시,Left,82.22215791585738,180.1218659666051,-0.07184385361322124,-1.0,-0.02226988501978395,188.0,0.07184385361322124,0.02226988501978395,-0.8094971290139412,1.7550681273286142,0.0,0.0,2646,True,37.38962774191148,37.38962774191148,False,False,2.231163595390875,11.99713185164767,,,sum_of_two_90pct_reference_radii_KBO_coverage_unknown,estimated_KBO_angle_unvalidated,False,False,unavailable_unseen_stadium_bias
2019,69360,조영건,Right,-27.00496117690769,167.70952008647825,0.017907750246403585,-1.0,-0.009911829113939239,180.0,-0.017907750246403585,0.009911829113939239,0.28078088154132697,1.6343655474457446,0.0,0.0,39,False,40.053272775181874,,False,False,,,,,sum_of_two_90pct_reference_radii_KBO_coverage_unknown,withheld_small_sample,False,False,withheld_estimate
2019,69399,윤정현,Left,89.23227899181866,180.53540627440586,-0.08325559922511692,-1.0,-0.04560808355988475,186.0,0.08325559922511692,0.04560808355988475,-0.8712614791173252,1.7719361529897082,0.0,0.0,46,False,38.67641442411833,,False,False,,,,,sum_of_two_90pct_reference_radii_KBO_coverage_unknown,withheld_small_sample,False,False,withheld_estimate
2019,69413,맥과이어,Right,-64.90891304603761,184.75512422257387,0.0413806939191289,-1.0,-0.020716261181519192,198.0,-0.0413806939191289,0.020716261181519192,0.6435350265264688,1.8000538070244028,0.0,0.0,1868,False,36.87244833417485,36.87244833417485,False,False,2.231163595390875,11.99713185164767,22.644152887136304,51.100743781213396,sum_of_two_90pct_reference_radii_KBO_coverage_unknown,estimated_KBO_angle_unvalidated,False,False,reference_only_KBO_angle_unvalidated
2019,69435,헤일리,Right,-57.464995577571074,200.17616446906325,0.03155929709077458,-1.0,-0.03672573596670362,195.0,-0.03155929709077458,0.03672573596670362,0.568123465764388,1.9488811270758857,0.0,0.0,1491,True,48.04613488426781,48.04613488426781,False,False,2.231163595390875,11.99713185164767,,,sum_of_two_90pct_reference_radii_KBO_coverage_unknown,estimated_KBO_angle_unvalidated,False,False,unavailable_unseen_stadium_bias
2019,69439,라이블리,Right,-56.46262424612411,156.970684306789,0.04125440168888801,-1.0,-0.0037572907323067083,193.0,-0.04125440168888801,0.0037572907323067083,0.5655486640220968,1.5363467168604692,0.0,0.0,826,False,24.523787985853488,24.523787985853488,False,False,2.231163595390875,11.99713185164767,10.295492538814944,38.752083432892036,sum_of_two_90pct_reference_radii_KBO_coverage_unknown,estimated_KBO_angle_unvalidated,False,False,reference_only_KBO_angle_unvalidated
2019,69446,원태인,Right,-40.040109474291185,177.80757319180276,0.029324700097766408,-1.0,-0.016943480727832718,183.0,-0.029324700097766408,0.016943480727832718,0.40496854996000053,1.7307875025720312,0.0,0.0,1896,True,42.84055550185387,42.84055550185387,False,False,2.231163595390875,11.99713185164767,,,sum_of_two_90pct_reference_radii_KBO_coverage_unknown,estimated_KBO_angle_unvalidated,False,False,unavailable_unseen_stadium_bias
2019,69516,김현수,Right,-29.10738025234053,177.32637428800055,0.026783816695321455,-1.0,-0.00576982162684547,185.0,-0.026783816695321455,0.00576982162684547,0.30448948340221227,1.7211573864181462,0.0,0.0,90,False,42.60159054047269,,False,False,,,,,sum_of_two_90pct_reference_radii_KBO_coverage_unknown,withheld_small_sample,False,False,withheld_estimate
2019,69539,서준원,Right,-70.68828435802112,133.9156279707738,0.05667561353437941,-1.0,0.007815447004121984,185.0,-0.05667561353437941,-0.007815447004121984,0.7024892636120715,1.3166075398623467,0.0,0.0,1771,True,12.679612096830521,12.679612096830521,False,False,2.231163595390875,11.99713185164767,,,sum_of_two_90pct_reference_radii_KBO_coverage_unknown,estimated_KBO_angle_unvalidated,False,False,unavailable_unseen_stadium_bias
2019,69550,톰슨,Right,-77.28510802629084,191.5313003466576,0.052264289203592294,-1.0,-0.022565324494669522,193.0,-0.052264289203592294,0.022565324494669522,0.7612338724716768,1.8603904821512363,0.0,0.0,1062,False,41.591746693719195,41.591746693719195,False,False,2.231163595390875,11.99713185164767,27.36345124668065,55.820042140757735,sum_of_two_90pct_reference_radii_KBO_coverage_unknown,estimated_KBO_angle_unvalidated,False,False,reference_only_KBO_angle_unvalidated
2019,69594,박진,Right,-53.22276272845858,186.9099779410284,0.042729318027211693,-1.0,-0.015753453911758468,182.0,-0.042729318027211693,0.015753453911758468,0.5322411254176619,1.8118800622844484,0.0,0.0,27,False,46.78686680249177,,False,False,,,,,sum_of_two_90pct_reference_radii_KBO_coverage_unknown,withheld_small_sample,False,False,withheld_estimate
2019,69620,김기훈,Left,45.50351450708917,186.52588893158654,-0.04181624036563035,-1.0,-0.03696127465698927,184.0,0.04181624036563035,0.03696127465698927,-0.45414642119528686,1.8223238553215624,0.0,0.0,1551,True,47.899371840764374,47.899371840764374,False,False,2.231163595390875,11.99713185164767,,,sum_of_two_90pct_reference_radii_KBO_coverage_unknown,estimated_KBO_angle_unvalidated,False,False,unavailable_unseen_stadium_bias
2019,69640,터너,Right,-57.64439669831846,182.00315941243605,0.042619974412004,-1.0,-0.02602929895168992,196.0,-0.042619974412004,0.02602929895168992,0.5733126416123008,1.7780946791753738,0.0,0.0,2687,True,37.38542337342918,37.38542337342918,False,False,2.231163595390875,11.99713185164767,,,sum_of_two_90pct_reference_radii_KBO_coverage_unknown,estimated_KBO_angle_unvalidated,False,False,unavailable_unseen_stadium_bias
2019,69645,장유호,Right,-17.920364670945364,174.59522607934002,0.002697579766704989,-1.0,-0.019464190039250824,179.0,-0.002697579766704989,0.019464190039250824,0.1904581815017992,1.7024476487586215,0.0,0.0,283,True,45.80615377491827,45.80615377491827,False,False,2.231163595390875,11.99713185164767,,,sum_of_two_90pct_reference_radii_KBO_coverage_unknown,estimated_KBO_angle_unvalidated,False,False,unavailable_unseen_stadium_bias
2019,69646,양승철,Right,-73.12084007103743,191.5771336822349,0.058853220216590424,-1.0,-0.025272926299144967,193.0,-0.058853220216590424,0.025272926299144967,0.7222826759510068,1.8629449314766404,0.0,0.0,345,True,42.17499418977099,42.17499418977099,False,False,2.231163595390875,11.99713185164767,,,sum_of_two_90pct_reference_radii_KBO_coverage_unknown,estimated_KBO_angle_unvalidated,False,False,unavailable_unseen_stadium_bias
2019,69656,윌랜드,Right,-58.621611586659135,189.14436880156356,0.03655014959775345,-1.0,-0.028035316162375756,188.0,-0.03655014959775345,0.028035316162375756,0.5802198814841306,1.8410599715367586,0.0,0.0,2660,True,44.97116161928103,44.97116161928103,False,False,2.231163595390875,11.99713185164767,,,sum_of_two_90pct_reference_radii_KBO_coverage_unknown,estimated_KBO_angle_unvalidated,False,False,unavailable_unseen_stadium_bias
2019,69744,서폴드,Right,-65.65654072416129,189.56911505747877,0.04873697234112851,-1.0,-0.028322249471383946,188.0,-0.04873697234112851,0.028322249471383946,0.6485124359828602,1.8449712618494378,0.0,0.0,2931,True,44.44628331219617,44.44628331219617,False,False,2.231163595390875,11.99713185164767,,,sum_of_two_90pct_reference_radii_KBO_coverage_unknown,estimated_KBO_angle_unvalidated,False,False,unavailable_unseen_stadium_bias
2019,69745,김도현,Right,-60.28710211008857,188.6537842985452,0.0401928729412474,-1.0,-0.019245635743344477,183.0,-0.0401928729412474,0.019245635743344477,0.5979105554674072,1.8295667316338249,0.0,0.0,711,True,46.63871936905389,46.63871936905389,False,False,2.231163595390875,11.99713185164767,,,sum_of_two_90pct_reference_radii_KBO_coverage_unknown,estimated_KBO_angle_unvalidated,False,False,unavailable_unseen_stadium_bias
2019,69748,채드벨,Left,43.94002268538921,194.6643779161111,-0.04706259531722747,-1.0,-0.03651200327270696,190.0,0.04706259531722747,0.03651200327270696,-0.441807079272963,1.898400337090074,0.0,0.0,2542,True,49.67542033190446,49.67542033190446,False,False,2.231163595390875,11.99713185164767,,,sum_of_two_90pct_reference_radii_KBO_coverage_unknown,estimated_KBO_angle_unvalidated,False,False,unavailable_unseen_stadium_bias
2019,69762,박윤철,Right,-41.16525102875803,173.13355237330373,0.034513656681478475,-1.0,-0.021899085874648005,186.0,-0.034513656681478475,0.021899085874648005,0.4153479736880197,1.6924433066647417,0.0,0.0,577,True,38.97862020954789,38.97862020954789,False,False,2.231163595390875,11.99713185164767,,,sum_of_two_90pct_reference_radii_KBO_coverage_unknown,estimated_KBO_angle_unvalidated,False,False,unavailable_unseen_stadium_bias
2019,69813,하재훈,Right,-0.8756609457540135,192.9135883276634,0.0017372205292643635,-1.0,-0.033272725571037144,182.0,-0.0017372205292643635,0.033272725571037144,0.027526311855648158,1.8793963292159128,0.0,0.24266144814090018,1022,True,56.945121955641746,56.945121955641746,False,False,2.231163595390875,11.99713185164767,,,sum_of_two_90pct_reference_radii_KBO_coverage_unknown,estimated_KBO_angle_unvalidated,False,False,unavailable_unseen_stadium_bias
2019,69839,백승건,Left,43.98305744957153,180.33595720450268,-0.028594724516135057,-1.0,-0.023734332734738288,183.0,0.028594724516135057,0.023734332734738288,-0.4405087718859068,1.7575069400550034,0.0,0.0,314,True,44.68998161000691,44.68998161000691,False,False,2.231163595390875,11.99713185164767,,,sum_of_two_90pct_reference_radii_KBO_coverage_unknown,estimated_KBO_angle_unvalidated,False,False,unavailable_unseen_stadium_bias
2019,69861,다익손,Right,-49.78750718438771,211.49095636411846,0.040867013468165216,-1.0,-0.04382622609779684,205.0,-0.040867013468165216,0.04382622609779684,0.4976397753024464,2.060326862896213,0.0,0.0,2384,True,50.377555201033815,50.377555201033815,False,False,2.231163595390875,11.99713185164767,,,sum_of_two_90pct_reference_radii_KBO_coverage_unknown,estimated_KBO_angle_unvalidated,False,False,unavailable_unseen_stadium_bias
2019,69934,버틀러,Right,-54.630678837431184,197.92626566373298,0.04430915326712019,-1.0,-0.037940900198429536,188.0,-0.04430915326712019,0.037940900198429536,0.5418077473081329,1.9273064608198747,0.0,0.0,1244,False,50.62993671401732,50.62993671401732,False,False,2.231163595390875,11.99713185164767,36.40164126697877,64.85823216105587,sum_of_two_90pct_reference_radii_KBO_coverage_unknown,estimated_KBO_angle_unvalidated,False,False,reference_only_KBO_angle_unvalidated
2019,69940,루친스키,Right,-62.02187155207334,183.57107766333098,0.048569872431937555,-1.0,-0.029892581320702348,188.0,-0.048569872431937555,0.029892581320702348,0.6134033971762921,1.7916836343639355,0.0,0.0,2691,True,41.588010220206264,41.588010220206264,False,False,2.231163595390875,11.99713185164767,,,sum_of_two_90pct_reference_radii_KBO_coverage_unknown,estimated_KBO_angle_unvalidated,False,False,unavailable_unseen_stadium_bias
2019,69953,프리드릭,Left,53.85520567164893,201.64159871176415,-0.03754183395603522,-1.0,-0.03405449317778527,194.0,0.03754183395603522,0.03405449317778527,-0.535601819624017,1.9606983144334884,0.0,0.0,1014,True,50.17790866606842,50.17790866606842,False,False,2.231163595390875,11.99713185164767,,,sum_of_two_90pct_reference_radii_KBO_coverage_unknown,estimated_KBO_angle_unvalidated,False,False,unavailable_unseen_stadium_bias
2019,69962,송명기,Right,-63.2311254607654,168.94462980377133,0.04406074146616728,-1.0,-0.021938797579462342,191.0,-0.04406074146616728,0.021938797579462342,0.6256969535378152,1.6548850976007725,0.0,0.0,53,False,31.709743108128443,,False,False,,,,,sum_of_two_90pct_reference_radii_KBO_coverage_unknown,withheld_small_sample,False,False,withheld_estimate
2019,69969,전사민,Right,-43.379999129465695,206.85171134070418,0.019744926575330557,-1.0,-0.03388101937744514,194.0,-0.019744926575330557,0.03388101937744514,0.43426675648071283,2.008112596778631,0.0,0.0,13,False,53.57341621139783,,False,False,,,,,sum_of_two_90pct_reference_radii_KBO_coverage_unknown,withheld_small_sample,False,False,withheld_estimate
2019,69974,배민서,Right,-88.69077309512137,147.86731415625056,0.0689804588868347,-1.0,-0.007015515355115482,184.0,-0.0689804588868347,0.007015515355115482,0.8713241778002309,1.4509493423632478,0.0,0.0,75,False,19.27095904809536,,False,False,,,,,sum_of_two_90pct_reference_radii_KBO_coverage_unknown,withheld_small_sample,False,False,withheld_estimate
2019,70425,배영수,Right,-60.87115683490711,184.68129638811064,0.047241969392013916,-1.0,-0.0217984168429641,185.0,-0.047241969392013916,0.0217984168429641,0.6039683736904222,1.7959028429341866,0.0,0.0,625,True,43.463867318207704,43.463867318207704,False,False,2.231163595390875,11.99713185164767,,,sum_of_two_90pct_reference_radii_KBO_coverage_unknown,estimated_KBO_angle_unvalidated,False,False,unavailable_unseen_stadium_bias
2019,71118,이동현,Right,-56.56868107839872,176.91438950416926,0.0438563350994099,-1.0,-0.009855312168660783,192.0,-0.0438563350994099,0.009855312168660783,0.5664941442220951,1.7208896988933347,0.0,0.0,73,False,35.94989374688052,,False,False,,,,,sum_of_two_90pct_reference_radii_KBO_coverage_unknown,withheld_small_sample,False,False,withheld_estimate
2019,71845,채병용,Right,-4.362449997524137,188.0070632898035,0.011515038284623118,-1.0,-0.024212817340766624,185.0,-0.011515038284623118,0.024212817340766624,0.0644670981657878,1.8305307854056339,0.0,0.0,84,False,52.19981467882908,,False,False,,,,,sum_of_two_90pct_reference_radii_KBO_coverage_unknown,withheld_small_sample,False,False,withheld_estimate
2019,72447,권혁,Left,40.81077138924446,197.59003803742374,-0.051473082724194326,-1.0,-0.03832829005882834,192.0,0.051473082724194326,0.03832829005882834,-0.41300971166426453,1.9271458266549402,0.0,0.0,585,True,50.77464848267746,50.77464848267746,False,False,2.231163595390875,11.99713185164767,,,sum_of_two_90pct_reference_radii_KBO_coverage_unknown,estimated_KBO_angle_unvalidated,False,False,unavailable_unseen_stadium_bias
2019,72523,고효준,Left,51.44764460527145,173.6276725406291,-0.04114554273000597,-1.0,-0.019686683405315753,179.0,0.04114554273000597,0.019686683405315753,-0.5129247577739444,1.6925879366495393,0.0,0.0,1050,True,41.69191244483532,41.69191244483532,False,False,2.231163595390875,11.99713185164767,,,sum_of_two_90pct_reference_radii_KBO_coverage_unknown,estimated_KBO_angle_unvalidated,False,False,unavailable_unseen_stadium_bias
2019,72862,윤길현,Right,-71.14512969958227,184.4325380980348,0.05891418933532817,-1.0,-0.024407127693944472,183.0,-0.05891418933532817,0.024407127693944472,0.7018019600407572,1.7941218509726613,0.0,0.0,144,False,43.3168269644968,43.3168269644968,False,False,2.231163595390875,11.99713185164767,29.088531517458254,57.545122411535345,sum_of_two_90pct_reference_radii_KBO_coverage_unknown,estimated_KBO_angle_unvalidated,False,False,reference_only_KBO_angle_unvalidated
2019,73117,우규민,Right,-109.14367722241599,100.1311522187154,0.0730989492146694,-1.0,0.04714866640461598,184.0,-0.0730989492146694,-0.04714866640461598,1.0758209674112573,0.9835364175528137,0.0,0.0,912,True,-13.307193426979303,-13.307193426979303,False,False,2.231163595390875,11.99713185164767,,,sum_of_two_90pct_reference_radii_KBO_coverage_unknown,estimated_KBO_angle_unvalidated,False,False,unavailable_unseen_stadium_bias
2019,73248,김승회,Right,-43.20723067021338,173.8825981559724,0.03142441870769455,-1.0,-0.015491656928798232,177.0,-0.03142441870769455,0.015491656928798232,0.43435360310079935,1.6919711215338553,0.0,0.027896995708154508,932,True,43.03839930770961,43.03839930770961,False,False,2.231163595390875,11.99713185164767,,,sum_of_two_90pct_reference_radii_KBO_coverage_unknown,estimated_KBO_angle_unvalidated,False,False,unavailable_unseen_stadium_bias
2019,73738,안영명,Right,-65.59587698616693,187.1813032484135,0.039745169663526,-1.0,-0.027712230099445095,183.0,-0.039745169663526,0.027712230099445095,0.6457147898331762,1.8208534045759415,0.0,0.0,974,True,45.58328469996228,45.58328469996228,False,False,2.231163595390875,11.99713185164767,,,sum_of_two_90pct_reference_radii_KBO_coverage_unknown,estimated_KBO_angle_unvalidated,False,False,unavailable_unseen_stadium_bias
2019,73750,윤규진,Right,-78.16574420892663,182.2072261595894,0.0541005293562312,-1.0,-0.02084846086773683,187.0,-0.0541005293562312,0.02084846086773683,0.7687242626190862,1.7725275791645811,0.0,0.0,74,False,39.17454698515818,,False,False,,,,,sum_of_two_90pct_reference_radii_KBO_coverage_unknown,withheld_small_sample,False,False,withheld_estimate
2019,73801,송은범,Right,-62.46672631987192,185.88489549099978,0.04358092727131022,-1.0,-0.03078967593043843,182.0,-0.04358092727131022,0.03078967593043843,0.6157602969546904,1.8109161121972859,0.0,0.0,860,True,45.81030747809969,45.81030747809969,False,False,2.231163595390875,11.99713185164767,,,sum_of_two_90pct_reference_radii_KBO_coverage_unknown,estimated_KBO_angle_unvalidated,False,False,unavailable_unseen_stadium_bias
2019,74167,심수창,Right,-18.32295156155377,182.41491009380158,0.022678574544685276,-1.0,-0.022848153236695784,185.0,-0.022678574544685276,0.022848153236695784,0.19801927216318044,1.7782557548883713,0.0,0.0,225,False,47.37392854888398,47.37392854888398,False,False,2.231163595390875,11.99713185164767,33.14563310184543,61.60222399592253,sum_of_two_90pct_reference_radii_KBO_coverage_unknown,estimated_KBO_angle_unvalidated,False,False,reference_only_KBO_angle_unvalidated
2019,74359,오주원,Left,95.93291363284831,170.2161650738371,-0.07896626400784325,-1.0,-0.022295078564800966,184.0,0.07896626400784325,0.022295078564800966,-0.9387849581168012,1.6629072553862476,0.0,0.0,793,True,32.058480222594135,32.058480222594135,False,False,2.231163595390875,11.99713185164767,,,sum_of_two_90pct_reference_radii_KBO_coverage_unknown,estimated_KBO_angle_unvalidated,False,False,unavailable_unseen_stadium_bias
2019,74454,윤성환,Right,-48.4941637194106,177.45628219181432,0.03516553684827078,-1.0,-0.002040321797854423,183.0,-0.03516553684827078,0.002040321797854423,0.48945789305293136,1.7182512883290568,0.0,0.0,2337,True,41.04019785300501,41.04019785300501,False,False,2.231163595390875,11.99713185164767,,,sum_of_two_90pct_reference_radii_KBO_coverage_unknown,estimated_KBO_angle_unvalidated,False,False,unavailable_unseen_stadium_bias
2019,74513,장원준,Left,59.86969947785705,183.49316101859233,-0.06640732446549988,-1.0,-0.017841915360992923,184.0,0.06640732446549988,0.017841915360992923,-0.5983174901608554,1.7830824920989843,0.0,0.0,60,False,43.681308020842614,,False,False,,,,,sum_of_two_90pct_reference_radii_KBO_coverage_unknown,withheld_small_sample,False,False,withheld_estimate
2019,74543,최대성,Right,-43.74733091029955,194.11984851419217,0.030957657751976553,-1.0,-0.04808820517715393,183.0,-0.030957657751976553,0.04808820517715393,0.433337145798536,1.897387446144269,0.0,0.0,12,False,52.60856708476939,,False,False,,,,,sum_of_two_90pct_reference_radii_KBO_coverage_unknown,withheld_small_sample,False,False,withheld_estimate
2019,74630,박근홍,Left,75.36875573229896,181.8807806692123,-0.058600474168412166,-1.0,-0.020121807371303542,180.0,0.058600474168412166,0.020121807371303542,-0.7420669334825537,1.7669938100611466,0.0,0.0,315,True,42.926089437426555,42.926089437426555,False,False,2.231163595390875,11.99713185164767,,,sum_of_two_90pct_reference_radii_KBO_coverage_unknown,estimated_KBO_angle_unvalidated,False,False,unavailable_unseen_stadium_bias
2019,74731,송창식,Right,-22.749720842312815,184.1819512731924,0.009941601625478715,-1.0,-0.019837101112270033,183.0,-0.009941601625478715,0.019837101112270033,0.23834179454667648,1.791059946660771,0.0,0.0,9,False,48.55303265058082,,False,False,,,,,sum_of_two_90pct_reference_radii_KBO_coverage_unknown,withheld_small_sample,False,False,withheld_estimate
2019,74748,정재원,Right,-98.22607351715631,135.71960952130004,0.07244726198829783,-1.0,0.01728426351182264,187.0,-0.07244726198829783,-0.01728426351182264,0.9677788347412895,1.3265385783166856,0.0,0.0,50,True,8.853010313378338,,False,False,,,,,sum_of_two_90pct_reference_radii_KBO_coverage_unknown,withheld_small_sample,False,False,withheld_estimate
2019,74857,정우람,Left,67.17759117881127,177.40865028375595,-0.06464924385848893,-1.0,-0.023494610757101353,181.0,0.06464924385848893,0.023494610757101353,-0.6647282105794395,1.7295358031058718,0.0,0.0,811,True,41.03559371414986,41.03559371414986,False,False,2.231163595390875,11.99713185164767,,,sum_of_two_90pct_reference_radii_KBO_coverage_unknown,estimated_KBO_angle_unvalidated,False,False,unavailable_unseen_stadium_bias
2019,75138,신재웅,Left,35.15286883905109,183.53765101415053,-0.03733587777042764,-1.0,-0.026504354865888403,181.0,0.03733587777042764,0.026504354865888403,-0.3577098466735141,1.788468397203944,0.0,0.0,357,True,48.60021479086334,48.60021479086334,False,False,2.231163595390875,11.99713185164767,,,sum_of_two_90pct_reference_radii_KBO_coverage_unknown,estimated_KBO_angle_unvalidated,False,False,unavailable_unseen_stadium_bias
2019,75250,박정배,Right,-40.404961680120394,185.43428479677343,0.03246973432366709,-1.0,-0.016676425573214276,180.0,-0.03246973432366709,0.016676425573214276,0.40896845355021066,1.7989211576659925,0.0,0.0,310,True,48.41870142045412,48.41870142045412,False,False,2.231163595390875,11.99713185164767,,,sum_of_two_90pct_reference_radii_KBO_coverage_unknown,estimated_KBO_angle_unvalidated,False,False,unavailable_unseen_stadium_bias
2019,75258,금민철,Left,42.33396841478302,198.208941777589,-0.030585154324305662,-1.0,-0.011435345924165482,181.0,0.030585154324305662,0.011435345924165482,-0.42916556490957497,1.9119857532922269,0.0,0.0,1012,False,55.06936739250249,55.06936739250249,False,False,2.231163595390875,11.99713185164767,40.84107194546395,69.29766283954103,sum_of_two_90pct_reference_radii_KBO_coverage_unknown,estimated_KBO_angle_unvalidated,False,False,reference_only_KBO_angle_unvalidated
2019,75321,손승락,Right,-37.25653053853301,196.11174552751294,0.03665575815883909,-1.0,-0.04011111447990091,187.0,-0.03665575815883909,0.04011111447990091,0.37576008952570483,1.9127882441170778,0.0,0.0,843,True,52.14515379629128,52.14515379629128,False,False,2.231163595390875,11.99713185164767,,,sum_of_two_90pct_reference_radii_KBO_coverage_unknown,estimated_KBO_angle_unvalidated,False,False,unavailable_unseen_stadium_bias
2019,75340,전유수,Right,-54.37935778287013,179.58686420372612,0.037383632758230936,-1.0,-0.020447418303439283,185.0,-0.037383632758230936,0.020447418303439283,0.5411510302431523,1.7489703708114728,0.0,0.0,1029,True,41.31511831420363,41.31511831420363,False,False,2.231163595390875,11.99713185164767,,,sum_of_two_90pct_reference_radii_KBO_coverage_unknown,estimated_KBO_angle_unvalidated,False,False,unavailable_unseen_stadium_bias
2019,75342,이보근,Right,-45.94108497188686,189.5373709518253,0.042505481453496176,-1.0,-0.03836676766973154,187.0,-0.042505481453496176,0.03836676766973154,0.45870147987661,1.851576605800922,0.0,0.0,302,True,47.510379835519025,47.510379835519025,False,False,2.231163595390875,11.99713185164767,,,sum_of_two_90pct_reference_radii_KBO_coverage_unknown,estimated_KBO_angle_unvalidated,False,False,unavailable_unseen_stadium_bias
2019,75867,김진성,Right,-42.11801893608933,200.31417445952542,0.046348803400853164,-1.0,-0.043151771131440864,186.0,-0.046348803400853164,0.043151771131440864,0.42251560744131517,1.952387451964794,0.0,0.0,726,True,54.49689629732836,54.49689629732836,False,False,2.231163595390875,11.99713185164767,,,sum_of_two_90pct_reference_radii_KBO_coverage_unknown,estimated_KBO_angle_unvalidated,False,False,unavailable_unseen_stadium_bias
2019,76118,원종현,Right,-37.111320298841584,151.94354022481008,0.034692199558533435,-1.0,-0.0029819066910215693,182.0,-0.034692199558533435,0.0029819066910215693,0.3799419890623823,1.4875134446065221,0.0,0.0,932,True,28.950853331067293,28.950853331067293,False,False,2.231163595390875,11.99713185164767,,,sum_of_two_90pct_reference_radii_KBO_coverage_unknown,estimated_KBO_angle_unvalidated,False,False,unavailable_unseen_stadium_bias
2019,76225,김건국,Right,-30.838499666409593,188.0754660173007,0.024115864471958105,-1.0,-0.022532622647642022,183.0,-0.024115864471958105,0.022532622647642022,0.3165021055775936,1.8279107459184551,0.0,0.0,989,True,49.774685077187435,49.774685077187435,False,False,2.231163595390875,11.99713185164767,,,sum_of_two_90pct_reference_radii_KBO_coverage_unknown,estimated_KBO_angle_unvalidated,False,False,unavailable_unseen_stadium_bias
2019,76329,이현승,Left,55.101688643409155,187.64894488105736,-0.036918898514857086,-1.0,-0.020471070167549323,179.0,0.036918898514857086,0.020471070167549323,-0.547422820828904,1.820025159948137,0.0,0.0,75,False,49.04896776750129,,False,False,,,,,sum_of_two_90pct_reference_radii_KBO_coverage_unknown,withheld_small_sample,False,False,withheld_estimate
2019,76350,김세현,Right,-76.0870755721479,188.462341164623,0.0529663452015303,-1.0,-0.027038816595196958,188.0,-0.0529663452015303,0.027038816595196958,0.7479024542827474,1.833524014044023,0.0,0.0,175,True,42.665143280704,42.665143280704,False,False,2.231163595390875,11.99713185164767,,,sum_of_two_90pct_reference_radii_KBO_coverage_unknown,estimated_KBO_angle_unvalidated,False,False,unavailable_unseen_stadium_bias
2019,76355,장원삼,Left,48.651055673822135,180.040402942898,-0.04954223404547388,-1.0,-0.0220684212618159,181.0,0.04954223404547388,0.0220684212618159,-0.4879723579951823,1.7534540002170385,0.0,0.0,262,True,44.76266819671202,44.76266819671202,False,False,2.231163595390875,11.99713185164767,,,sum_of_two_90pct_reference_radii_KBO_coverage_unknown,estimated_KBO_angle_unvalidated,False,False,unavailable_unseen_stadium_bias
2019,76455,차우찬,Left,60.857170508706886,180.11615768615823,-0.04174656848153024,-1.0,-0.01662167108668221,185.0,0.04174656848153024,0.01662167108668221,-0.603995447156654,1.7511576851221613,0.0,0.0,2690,True,41.195135727324804,41.195135727324804,False,False,2.231163595390875,11.99713185164767,,,sum_of_two_90pct_reference_radii_KBO_coverage_unknown,estimated_KBO_angle_unvalidated,False,False,unavailable_unseen_stadium_bias
2019,76650,진해수,Left,62.98506412635474,189.61466771153192,-0.04944493335272153,-1.0,-0.026493041971013223,187.0,0.04944493335272153,0.026493041971013223,-0.6237113208687108,1.844154045389766,0.0,0.0,702,True,45.584949172398076,45.584949172398076,False,False,2.231163595390875,11.99713185164767,,,sum_of_two_90pct_reference_radii_KBO_coverage_unknown,estimated_KBO_angle_unvalidated,False,False,unavailable_unseen_stadium_bias
2019,76757,유원상,Right,-36.02933544072389,194.92386829683505,0.0352375779560038,-1.0,-0.029887222149434307,187.0,-0.0352375779560038,0.029887222149434307,0.36647057369166547,1.8959240670469708,0.0,0.0,302,False,51.24952361466551,51.24952361466551,False,False,2.231163595390875,11.99713185164767,37.02122816762697,65.47781906170405,sum_of_two_90pct_reference_radii_KBO_coverage_unknown,estimated_KBO_angle_unvalidated,False,False,reference_only_KBO_angle_unvalidated
2019,76858,박희수,Left,50.96036169189296,174.23625025542248,-0.044831317273422315,-1.0,-0.022144001439946496,184.0,0.044831317273422315,0.022144001439946496,-0.5091303777508142,1.7015160230770456,0.0,0.0,478,True,39.942910474884265,39.942910474884265,False,False,2.231163595390875,11.99713185164767,,,sum_of_two_90pct_reference_radii_KBO_coverage_unknown,estimated_KBO_angle_unvalidated,False,False,unavailable_unseen_stadium_bias
2019,77211,이용찬,Right,-69.75204881172792,173.303993553333,0.0579680455485521,-1.0,-0.011374183307832275,185.0,-0.0579680455485521,0.011374183307832275,0.6914383720289157,1.6860110828839046,0.0,0.0,2349,True,35.676836625485016,35.676836625485016,False,False,2.231163595390875,11.99713185164767,,,sum_of_two_90pct_reference_radii_KBO_coverage_unknown,estimated_KBO_angle_unvalidated,False,False,unavailable_unseen_stadium_bias
2019,77318,장시환,Right,-43.79140678611084,180.24655451290954,0.03498531863064265,-1.0,-0.022809694557328234,184.0,-0.03498531863064265,0.022809694557328234,0.4401019467346992,1.7567177490308765,0.0,0.0,2100,False,43.491356617493196,43.491356617493196,False,False,2.231163595390875,11.99713185164767,29.26306117045465,57.71965206453174,sum_of_two_90pct_reference_radii_KBO_coverage_unknown,estimated_KBO_angle_unvalidated,False,False,reference_only_KBO_angle_unvalidated
2019,77446,백정현,Left,36.4835638554947,182.0114545474845,-0.02961198283899169,-1.0,-0.024150577536147997,184.0,0.02961198283899169,0.024150577536147997,-0.3700351980087944,1.7739125611720388,0.0,0.0,2231,True,46.15955175224984,46.15955175224984,False,False,2.231163595390875,11.99713185164767,,,sum_of_two_90pct_reference_radii_KBO_coverage_unknown,estimated_KBO_angle_unvalidated,False,False,unavailable_unseen_stadium_bias
2019,77591,송승준,Right,-37.74418875648204,187.35923315701535,0.03355952948345372,-1.0,-0.022497533340008508,184.0,-0.03355952948345372,0.022497533340008508,0.3833125026014805,1.8215397860380946,0.0,0.0,261,True,48.09019018216273,48.09019018216273,False,False,2.231163595390875,11.99713185164767,,,sum_of_two_90pct_reference_radii_KBO_coverage_unknown,estimated_KBO_angle_unvalidated,False,False,unavailable_unseen_stadium_bias
2019,77637,양현종,Left,61.345631169030675,187.62502875530188,-0.050154563064750975,-1.0,-0.03198819129130629,183.0,0.050154563064750975,0.03198819129130629,-0.6061837749610739,1.8280909597988757,0.0,0.0,2690,True,46.81145097347216,46.81145097347216,False,False,2.231163595390875,11.99713185164767,,,sum_of_two_90pct_reference_radii_KBO_coverage_unknown,estimated_KBO_angle_unvalidated,False,False,unavailable_unseen_stadium_bias
2019,77829,김광현,Left,43.207801699809295,178.3711758280082,-0.027151998856062252,-1.0,-0.021612795815220527,188.0,0.027151998856062252,0.021612795815220527,-0.43418538495601633,1.740173252520412,0.0,0.0,2905,True,41.44727491993682,41.44727491993682,False,False,2.231163595390875,11.99713185164767,,,sum_of_two_90pct_reference_radii_KBO_coverage_unknown,estimated_KBO_angle_unvalidated,False,False,unavailable_unseen_stadium_bias
2019,77927,장필준,Right,-63.783242451600486,182.33276651859023,0.04828503487670839,-1.0,-0.022883386574327452,190.0,-0.04828503487670839,0.022883386574327452,0.6320095641255773,1.7768126735303296,0.0,0.0,1144,True,39.478449213712025,39.478449213712025,False,False,2.231163595390875,11.99713185164767,,,sum_of_two_90pct_reference_radii_KBO_coverage_unknown,estimated_KBO_angle_unvalidated,False,False,unavailable_unseen_stadium_bias
2019,78148,정찬헌,Right,-37.036171654176194,174.7669588759977,0.030507732111624632,-1.0,-0.017133115113342864,186.0,-0.030507732111624632,0.017133115113342864,0.37704607324115325,1.704601887439331,0.0,0.0,176,True,40.20176317476539,40.20176317476539,False,False,2.231163595390875,11.99713185164767,,,sum_of_two_90pct_reference_radii_KBO_coverage_unknown,estimated_KBO_angle_unvalidated,False,False,unavailable_unseen_stadium_bias
2019,78247,홍상삼,Right,-75.87533758655199,178.5106665158449,0.05232483089417792,-1.0,-0.027210466738150172,188.0,-0.05232483089417792,0.027210466738150172,0.7451394157062498,1.7432183129950016,0.0,0.0,93,False,37.11266817377839,,False,False,,,,,sum_of_two_90pct_reference_radii_KBO_coverage_unknown,withheld_small_sample,False,False,withheld_estimate
2019,78352,임창민,Right,-61.299345126188854,186.3664160065364,0.05498437850883762,-1.0,-0.030719653749578316,183.0,-0.05498437850883762,0.030719653749578316,0.6067550644899609,1.8160585622140597,0.0,0.0,239,False,45.70566888393842,45.70566888393842,False,False,2.231163595390875,11.99713185164767,31.477373436899878,59.93396433097696,sum_of_two_90pct_reference_radii_KBO_coverage_unknown,estimated_KBO_angle_unvalidated,False,False,reference_only_KBO_angle_unvalidated
2019,78366,민태호,Left,34.1687015794914,167.2242156524744,-0.03409658766867103,-1.0,-0.017480598434313325,182.0,0.03409658766867103,0.017480598434313325,-0.34934218716876375,1.6351965778586652,0.0,0.0,111,False,39.17056061664729,39.17056061664729,False,False,2.231163595390875,11.99713185164767,24.94226516960875,53.39885606368584,sum_of_two_90pct_reference_radii_KBO_coverage_unknown,estimated_KBO_angle_unvalidated,False,False,reference_only_KBO_angle_unvalidated
2019,78517,하준호,Left,42.47805262633479,171.01766249884042,-0.052650784205909705,-1.0,-0.03205357895779269,174.0,0.052650784205909705,0.03205357895779269,-0.4259669601310957,1.675531794791239,0.0,0.0,147,False,44.19615471527702,44.19615471527702,False,False,2.231163595390875,11.99713185164767,29.967859268238474,58.424450162315566,sum_of_two_90pct_reference_radii_KBO_coverage_unknown,estimated_KBO_angle_unvalidated,False,False,reference_only_KBO_angle_unvalidated
2019,78819,백청훈,Right,-89.79153790468635,165.54138897347966,0.07981353415546168,-1.0,-0.013143486620306183,185.0,-0.07981353415546168,0.013143486620306183,0.8831371067132838,1.6157964659778088,0.0,0.0,86,False,29.08655061313096,,False,False,,,,,sum_of_two_90pct_reference_radii_KBO_coverage_unknown,withheld_small_sample,False,False,withheld_estimate
2019,79130,강지광,Right,-20.420661024057512,174.97147074473028,0.03205685038321211,-1.0,-0.03170252590381571,181.0,-0.03205685038321211,0.03170252590381571,0.21595121918287258,1.7146670962679922,0.0,0.0,386,True,45.256137012815785,45.256137012815785,False,False,2.231163595390875,11.99713185164767,,,sum_of_two_90pct_reference_radii_KBO_coverage_unknown,estimated_KBO_angle_unvalidated,False,False,unavailable_unseen_stadium_bias
2019,79140,최동환,Right,-27.63092008066303,185.17331377929446,0.021311194228795745,-1.0,-0.035102394398332994,184.0,-0.021311194228795745,0.035102394398332994,0.2825709225323952,1.8095658031298492,0.0,0.024930747922437674,361,False,48.60964028360128,48.60964028360128,False,False,2.231163595390875,11.99713185164767,34.38134483656273,62.83793573063983,sum_of_two_90pct_reference_radii_KBO_coverage_unknown,estimated_KBO_angle_unvalidated,False,False,reference_only_KBO_angle_unvalidated
2019,79229,유희관,Left,47.57914270695331,164.71892364921817,-0.04596015065423299,-1.0,-0.00511854447028308,180.0,0.04596015065423299,0.00511854447028308,-0.4804715232459103,1.60373671696108,0.0,0.0,2581,True,36.281878815277445,36.281878815277445,False,False,2.231163595390875,11.99713185164767,,,sum_of_two_90pct_reference_radii_KBO_coverage_unknown,estimated_KBO_angle_unvalidated,False,False,unavailable_unseen_stadium_bias
2019,79293,오현택,Right,-122.95001509711179,129.1378941479637,0.08660808745296643,-1.0,0.02284475339479911,180.0,-0.08660808745296643,-0.02284475339479911,1.2032842066792033,1.2595903498559557,0.0,0.0,201,False,4.665694058579341,4.665694058579341,False,False,2.231163595390875,11.99713185164767,-9.562601388459203,18.893989505617885,sum_of_two_90pct_reference_radii_KBO_coverage_unknown,estimated_KBO_angle_unvalidated,False,False,reference_only_KBO_angle_unvalidated
2019,79358,강윤구,Left,55.03832409234568,174.40930156039096,-0.04534205861532396,-1.0,-0.023648227324721584,183.0,0.04534205861532396,0.023648227324721584,-0.5471746554384903,1.7033516791992795,0.0,0.0,908,True,40.00224613345128,40.00224613345128,False,False,2.231163595390875,11.99713185164767,,,sum_of_two_90pct_reference_radii_KBO_coverage_unknown,estimated_KBO_angle_unvalidated,False,False,unavailable_unseen_stadium_bias
2019,79440,정인욱,Right,-48.36052040109952,184.98801080331563,0.038042466603247095,-1.0,-0.0255710200787382,186.0,-0.038042466603247095,0.0255710200787382,0.48363564196796244,1.8019171124651232,0.0,0.0,419,True,44.71964392326866,44.71964392326866,False,False,2.231163595390875,11.99713185164767,,,sum_of_two_90pct_reference_radii_KBO_coverage_unknown,estimated_KBO_angle_unvalidated,False,False,unavailable_unseen_stadium_bias
2019,79545,진명호,Right,-30.072760398040785,190.5762863497634,0.017306346573978223,-1.0,-0.02394426652525448,193.0,-0.017306346573978223,0.02394426652525448,0.30960779274233374,1.8548568501315557,0.0,0.0,989,True,46.627618364612765,46.627618364612765,False,False,2.231163595390875,11.99713185164767,,,sum_of_two_90pct_reference_radii_KBO_coverage_unknown,estimated_KBO_angle_unvalidated,False,False,unavailable_unseen_stadium_bias
2019,79764,장민재,Right,-67.07587581143298,176.83135941589282,0.0468399591026097,-1.0,-0.012057651321657523,184.0,-0.0468399591026097,0.012057651321657523,0.6642980660315889,1.7179430824590753,0.0,0.0,1912,True,38.4672446863522,38.4672446863522,False,False,2.231163595390875,11.99713185164767,,,sum_of_two_90pct_reference_radii_KBO_coverage_unknown,estimated_KBO_angle_unvalidated,False,False,unavailable_unseen_stadium_bias
2019,79825,여건욱,Right,-53.89912624686832,186.4810737422263,0.045697523550630365,-1.0,-0.02860528752816954,185.0,-0.045697523550630365,0.02860528752816954,0.5362934863712232,1.8167844511760023,0.0,0.0,441,True,45.5105590978129,45.5105590978129,False,False,2.231163595390875,11.99713185164767,,,sum_of_two_90pct_reference_radii_KBO_coverage_unknown,estimated_KBO_angle_unvalidated,False,False,unavailable_unseen_stadium_bias
2019,79847,김태훈,Left,52.937217336678486,187.58403556738577,-0.04551332599038663,-1.0,-0.029310743794860695,176.0,0.04551332599038663,0.029310743794860695,-0.5256201846501289,1.8240967562045791,0.0,0.0,1102,True,51.09742205483182,51.09742205483182,False,False,2.231163595390875,11.99713185164767,,,sum_of_two_90pct_reference_radii_KBO_coverage_unknown,estimated_KBO_angle_unvalidated,False,False,unavailable_unseen_stadium_bias
2019,99445,권오준,Right,-95.9070686954158,131.20755384344443,0.07635127816030317,-1.0,0.02018713267518615,182.0,-0.07635127816030317,-0.02018713267518615,0.9461539309198336,1.282335261122872,0.0,0.0,628,True,8.467216167227303,8.467216167227303,False,False,2.231163595390875,11.99713185164767,,,sum_of_two_90pct_reference_radii_KBO_coverage_unknown,estimated_KBO_angle_unvalidated,False,False,unavailable_unseen_stadium_bias
2020,50030,소형준,Right,-51.96072207772709,175.3774076011172,0.03958402296084189,-1.0,-0.018031645305905796,189.0,-0.03958402296084189,0.018031645305905796,0.5196645657617573,1.7109530074147477,0.0,0.0,2170,False,37.35222207053912,37.35222207053912,False,False,2.231163595390875,11.99713185164767,23.123926623500576,51.58051751757766,sum_of_two_90pct_reference_radii_KBO_coverage_unknown,estimated_KBO_angle_unvalidated,False,False,reference_only_KBO_angle_unvalidated
2020,50036,이강준,Right,-99.12543855024668,99.49628162573346,0.05772764184686117,-1.0,0.04302542641038087,180.0,-0.05772764184686117,-0.04302542641038087,0.9770841212005441,0.9790502809067887,0.0,0.0,108,False,-10.689455250363707,-10.689455250363707,False,False,2.231163595390875,11.99713185164767,-24.91775069740225,3.538840196674837,sum_of_two_90pct_reference_radii_KBO_coverage_unknown,estimated_KBO_angle_unvalidated,False,False,reference_only_KBO_angle_unvalidated
2020,50040,데스파이네,Right,-50.25714264795283,173.78699124712443,0.03921400932591268,-1.0,-0.016279848137423027,182.0,-0.03921400932591268,0.016279848137423027,0.5027392905529906,1.6930858169103162,0.0,0.0,3523,True,39.825503296514235,39.825503296514235,False,False,2.231163595390875,11.99713185164767,,,sum_of_two_90pct_reference_radii_KBO_coverage_unknown,estimated_KBO_angle_unvalidated,False,False,unavailable_unseen_stadium_bias
2020,50109,성재헌,Left,32.117968207326335,170.05468444644185,-0.01947780316751653,-1.0,-0.002098301954600706,175.0,0.01947780316751653,0.002098301954600706,-0.3306165249936852,1.6488976347454247,0.0,0.0,73,False,43.41981992552186,,False,False,,,,,sum_of_two_90pct_reference_radii_KBO_coverage_unknown,withheld_small_sample,False,False,withheld_estimate
2020,50126,이민호,Right,-85.49026629148088,170.0382005642692,0.06287387525514561,-1.0,-0.018785428796726466,189.0,-0.06287387525514561,0.018785428796726466,0.8393457061159324,1.661206259581453,0.0,0.0,1712,True,30.465136709562653,30.465136709562653,False,False,2.231163595390875,11.99713185164767,,,sum_of_two_90pct_reference_radii_KBO_coverage_unknown,estimated_KBO_angle_unvalidated,False,False,unavailable_unseen_stadium_bias
2020,50157,김윤식,Left,58.426944326930844,177.7539034059676,-0.04454728415735247,-1.0,-0.010694039732580478,181.0,0.04454728415735247,0.010694039732580478,-0.5822084854839815,1.7250010798736826,0.0,0.0,1164,True,41.80534608548032,41.80534608548032,False,False,2.231163595390875,11.99713185164767,,,sum_of_two_90pct_reference_radii_KBO_coverage_unknown,estimated_KBO_angle_unvalidated,False,False,unavailable_unseen_stadium_bias
2020,50203,권휘,Right,-50.366975349252094,162.61099940821194,0.04442905300383112,-1.0,-0.00280137605215334,181.0,-0.04442905300383112,0.00280137605215334,0.5071642414239222,1.5833029419713693,0.0,0.0,216,False,33.505065112134986,33.505065112134986,False,False,2.231163595390875,11.99713185164767,19.27676966509644,47.73336055917353,sum_of_two_90pct_reference_radii_KBO_coverage_unknown,estimated_KBO_angle_unvalidated,False,False,reference_only_KBO_angle_unvalidated
2020,50234,플렉센,Right,-22.337547031247922,211.74370268246577,0.02179282682575217,-1.0,-0.04668891896676082,190.0,-0.02179282682575217,0.04668891896676082,0.23236078296960783,2.0604005377679244,0.0,0.0,1954,False,60.987162188107675,60.987162188107675,False,False,2.231163595390875,11.99713185164767,46.75886674106913,75.21545763514622,sum_of_two_90pct_reference_radii_KBO_coverage_unknown,estimated_KBO_angle_unvalidated,False,False,reference_only_KBO_angle_unvalidated
2020,50262,이주엽,Right,-46.53990094165993,178.35526621270463,0.03801340679390306,-1.0,-0.027909528875591096,188.0,-0.03801340679390306,0.027909528875591096,0.4657616103988279,1.7439048522840506,0.0,0.0,80,False,40.47669805730506,,False,False,,,,,sum_of_two_90pct_reference_radii_KBO_coverage_unknown,withheld_small_sample,False,False,withheld_estimate
2020,50296,조제영,Right,-51.4026769783445,180.915521046937,0.03995330238022727,-1.0,-0.013405202666243232,183.0,-0.03995330238022727,0.013405202666243232,0.5150043412851754,1.7564180525594126,0.0,0.0,136,False,43.069182905933815,43.069182905933815,False,False,2.231163595390875,11.99713185164767,28.84088745889527,57.29747835297236,sum_of_two_90pct_reference_radii_KBO_coverage_unknown,estimated_KBO_angle_unvalidated,False,False,reference_only_KBO_angle_unvalidated
2020,50298,최세창,Right,-41.93944402683806,176.54982571565083,0.03722173174384883,-1.0,-0.023963779419878397,187.0,-0.03722173174384883,0.023963779419878397,0.42293535455669495,1.725098854493091,0.0,0.0,47,False,40.36581786273455,,False,False,,,,,sum_of_two_90pct_reference_radii_KBO_coverage_unknown,withheld_small_sample,False,False,withheld_estimate
2020,50360,김동혁,Right,-99.08318131800945,107.40616134095525,0.08066608663980317,-1.0,0.04907831721201632,184.0,-0.08066608663980317,-0.04907831721201632,0.9829907317776474,1.0494504386576613,0.0,0.0,150,True,-7.72522689658944,-7.72522689658944,False,False,2.231163595390875,11.99713185164767,,,sum_of_two_90pct_reference_radii_KBO_coverage_unknown,estimated_KBO_angle_unvalidated,False,False,unavailable_unseen_stadium_bias
2020,50397,박관진,Right,-42.92511468978766,161.73508457905743,0.02743523778350204,-1.0,-0.024801501001953215,186.0,-0.02743523778350204,0.024801501001953215,0.4293948055451003,1.5902755235709085,0.0,0.0,22,False,32.674708090681506,,False,False,,,,,sum_of_two_90pct_reference_radii_KBO_coverage_unknown,withheld_small_sample,False,False,withheld_estimate
2020,50404,뷰캐넌,Right,-70.0562934989977,187.27040409332642,0.04769904919102649,-1.0,-0.023888716566817184,190.0,-0.04769904919102649,0.023888716566817184,0.6911861719818455,1.821791146459524,0.0,0.0,2818,True,41.536765806120385,41.536765806120385,False,False,2.231163595390875,11.99713185164767,,,sum_of_two_90pct_reference_radii_KBO_coverage_unknown,estimated_KBO_angle_unvalidated,False,False,unavailable_unseen_stadium_bias
2020,50430,홍원표,Right,-48.14795496055719,185.78751384998324,0.02475563323664744,-1.0,-0.015367851332676229,183.0,-0.02475563323664744,0.015367851332676229,0.4816788546753938,1.8015953708923078,0.0,0.0,24,False,46.22147653655051,,False,False,,,,,sum_of_two_90pct_reference_radii_KBO_coverage_unknown,withheld_small_sample,False,False,withheld_estimate
2020,50441,황동재,Right,-44.837815627723685,188.1227507727183,0.03778348292076643,-1.0,-0.02779908278167519,191.0,-0.03778348292076643,0.02779908278167519,0.4507777825075706,1.8337501157723215,0.0,0.0,50,False,44.574941086376164,,False,False,,,,,sum_of_two_90pct_reference_radii_KBO_coverage_unknown,withheld_small_sample,False,False,withheld_estimate
2020,50449,허윤동,Left,42.82521524068984,178.0250361261645,-0.03727926375404358,-1.0,-0.0208569014263641,181.0,0.03727926375404358,0.0208569014263641,-0.4312170632791426,1.7344491573644347,0.0,0.0,839,False,44.37666038865116,44.37666038865116,False,False,2.231163595390875,11.99713185164767,30.148364941612616,58.60495583568971,sum_of_two_90pct_reference_radii_KBO_coverage_unknown,estimated_KBO_angle_unvalidated,False,False,reference_only_KBO_angle_unvalidated
2020,50464,이승민,Left,35.83645058507035,171.49430445187437,-0.03664135201759102,-1.0,-0.002719191325757354,174.0,0.03664135201759102,0.002719191325757354,-0.3682069348331306,1.662277066061269,0.0,0.0,497,True,44.171733894538036,44.171733894538036,False,False,2.231163595390875,11.99713185164767,,,sum_of_two_90pct_reference_radii_KBO_coverage_unknown,estimated_KBO_angle_unvalidated,False,False,unavailable_unseen_stadium_bias
2020,50524,샘슨,Right,-69.31145710896205,181.50746573842179,0.05498780744326515,-1.0,-0.02190415801287585,189.0,-0.05498780744326515,0.02190415801287585,0.6852924416411605,1.7681881123033258,0.0,0.0,2203,True,38.82924905788026,38.82924905788026,False,False,2.231163595390875,11.99713185164767,,,sum_of_two_90pct_reference_radii_KBO_coverage_unknown,estimated_KBO_angle_unvalidated,False,False,unavailable_unseen_stadium_bias
2020,50556,최준용,Right,-78.06835668924705,166.1793088667222,0.05857038739392028,-1.0,-0.02276056820131456,185.0,-0.05857038739392028,0.02276056820131456,0.7667074697763291,1.6275131123134308,0.0,0.0,479,True,31.158241631867217,31.158241631867217,False,False,2.231163595390875,11.99713185164767,,,sum_of_two_90pct_reference_radii_KBO_coverage_unknown,estimated_KBO_angle_unvalidated,False,False,unavailable_unseen_stadium_bias
2020,50558,스트레일리,Right,-81.5235684022444,187.8683498520356,0.05597570502955335,-1.0,-0.02811935161107459,189.0,-0.05597570502955335,0.02811935161107459,0.799549544348885,1.8288296558192978,0.0,0.0,3153,True,41.305533094030366,41.305533094030366,False,False,2.231163595390875,11.99713185164767,,,sum_of_two_90pct_reference_radii_KBO_coverage_unknown,estimated_KBO_angle_unvalidated,False,False,unavailable_unseen_stadium_bias
2020,50592,박명현,Right,-92.83544602972219,143.9530594883417,0.07677210443416639,-1.0,-0.006171665621035609,185.0,-0.07677210443416639,0.006171665621035609,0.9118153776432906,1.415191233640022,0.0,0.0,31,False,16.050240075026082,,False,False,,,,,sum_of_two_90pct_reference_radii_KBO_coverage_unknown,withheld_small_sample,False,False,withheld_estimate
2020,50636,브룩스,Right,-78.89026384830557,197.45865676767534,0.060821080505127134,-1.0,-0.03188505811765567,193.0,-0.060821080505127134,0.03188505811765567,0.7757458313153786,1.9199720623440582,0.0,0.0,2214,True,45.07021679769902,45.07021679769902,False,False,2.231163595390875,11.99713185164767,,,sum_of_two_90pct_reference_radii_KBO_coverage_unknown,estimated_KBO_angle_unvalidated,False,False,unavailable_unseen_stadium_bias
2020,50640,가뇽,Right,-95.07598511677412,181.43725047056466,0.0732903606193486,-1.0,-0.022796331222576367,193.0,-0.0732903606193486,0.022796331222576367,0.9318212854798896,1.7682139514142186,0.0,0.0,2809,True,34.07893808574245,34.07893808574245,False,False,2.231163595390875,11.99713185164767,,,sum_of_two_90pct_reference_radii_KBO_coverage_unknown,estimated_KBO_angle_unvalidated,False,False,unavailable_unseen_stadium_bias
2020,50662,정해영,Right,-57.36271011578303,191.3909493489912,0.04275573678769066,-1.0,-0.03539049569464014,189.0,-0.04275573678769066,0.03539049569464014,0.5677538944745314,1.8665171528236084,0.0,0.0,674,True,46.1491693978514,46.1491693978514,False,False,2.231163595390875,11.99713185164767,,,sum_of_two_90pct_reference_radii_KBO_coverage_unknown,estimated_KBO_angle_unvalidated,False,False,unavailable_unseen_stadium_bias
2020,50705,강재민,Right,-58.90962905082077,133.06821208010444,0.02489250426648135,-1.0,0.018569832269185384,180.0,-0.02489250426648135,-0.018569832269185384,0.58813504587542,1.3005307407819326,0.0,0.0,871,True,15.380167743939605,15.380167743939605,False,False,2.231163595390875,11.99713185164767,,,sum_of_two_90pct_reference_radii_KBO_coverage_unknown,estimated_KBO_angle_unvalidated,False,False,unavailable_unseen_stadium_bias
2020,50706,장웅정,Right,-55.32560219179714,176.88119703312447,0.030059125204432133,-1.0,-0.009368977267658202,181.0,-0.030059125204432133,0.009368977267658202,0.550919861774064,1.7160371360201487,0.0,0.0,156,False,41.157844486123196,41.157844486123196,False,False,2.231163595390875,11.99713185164767,26.92954903908465,55.38613993316174,sum_of_two_90pct_reference_radii_KBO_coverage_unknown,estimated_KBO_angle_unvalidated,False,False,reference_only_KBO_angle_unvalidated
2020,50726,한승주,Right,-57.90349141627095,202.31173404303098,0.0347870957693516,-1.0,-0.04197895515722745,183.0,-0.0347870957693516,0.04197895515722745,0.569636234989218,1.9672385584975782,0.0,0.0,35,False,55.454924198458215,,False,False,,,,,sum_of_two_90pct_reference_radii_KBO_coverage_unknown,withheld_small_sample,False,False,withheld_estimate
2020,50813,양선률,Right,-34.07950344989142,190.5293629695572,0.02525922221161524,-1.0,-0.0210281995319777,186.0,-0.02525922221161524,0.0210281995319777,0.34829680730428797,1.8501670943775292,0.0,0.0,23,False,49.23841111258692,,False,False,,,,,sum_of_two_90pct_reference_radii_KBO_coverage_unknown,withheld_small_sample,False,False,withheld_estimate
2020,50815,킹험,Right,-68.82479354749427,192.25717949599183,0.05492032859968605,-1.0,-0.02257647814858266,196.0,-0.05492032859968605,0.02257647814858266,0.6823163512904793,1.8687603004433293,0.0,0.0,191,False,41.469625174004975,41.469625174004975,False,False,2.231163595390875,11.99713185164767,27.24132972696643,55.69792062104352,sum_of_two_90pct_reference_radii_KBO_coverage_unknown,estimated_KBO_angle_unvalidated,False,False,reference_only_KBO_angle_unvalidated
2020,50835,핀토,Right,-40.38624935006794,185.50260882978577,0.04157049169947231,-1.0,-0.03063976931808568,183.0,-0.04157049169947231,0.03063976931808568,0.40717930437762556,1.8092572362508963,0.0,0.0,2944,True,47.56118832211385,47.56118832211385,False,False,2.231163595390875,11.99713185164767,,,sum_of_two_90pct_reference_radii_KBO_coverage_unknown,estimated_KBO_angle_unvalidated,False,False,unavailable_unseen_stadium_bias
2020,50859,오원석,Left,61.48307942305331,178.6729990560347,-0.03304257045207631,-1.0,-0.015287676094915473,182.0,0.03304257045207631,0.015287676094915473,-0.6082899883049999,1.7358569469340763,0.0,0.0,187,True,41.65040778318334,41.65040778318334,False,False,2.231163595390875,11.99713185164767,,,sum_of_two_90pct_reference_radii_KBO_coverage_unknown,estimated_KBO_angle_unvalidated,False,False,unavailable_unseen_stadium_bias
2020,50900,임형원,Right,-97.88006945259397,154.6835339135752,0.05133848472676369,-1.0,0.0028438679907778724,183.0,-0.05133848472676369,-0.0028438679907778724,0.958040937215929,1.5053715744958538,0.0,0.0,7,False,22.175749290654675,,False,False,,,,,sum_of_two_90pct_reference_radii_KBO_coverage_unknown,withheld_small_sample,False,False,withheld_estimate
2020,50901,안인산,Right,-55.26868809099127,177.5996999566544,0.051419691605548164,-1.0,-0.04009733703096893,181.0,-0.051419691605548164,0.04009733703096893,0.5460142920241293,1.741646037169552,0.0,0.0,9,True,42.800467230802646,,False,False,,,,,sum_of_two_90pct_reference_radii_KBO_coverage_unknown,withheld_small_sample,False,False,withheld_estimate
2020,50912,라이트,Right,-68.99762982107409,188.78941002834938,0.05357446467748111,-1.0,-0.028970121415543955,198.0,-0.05357446467748111,0.028970121415543955,0.6822201312772346,1.841737083814364,0.0,0.0,2792,True,38.87843560628757,38.87843560628757,False,False,2.231163595390875,11.99713185164767,,,sum_of_two_90pct_reference_radii_KBO_coverage_unknown,estimated_KBO_angle_unvalidated,False,False,unavailable_unseen_stadium_bias
2020,50992,김태경,Right,-34.03264978847716,201.01074276315506,0.018115948274306598,-1.0,-0.026641588513548357,188.0,-0.018115948274306598,0.026641588513548357,0.34627455069346386,1.9492219871138783,0.0,0.0,19,True,54.14956403636131,,False,False,,,,,sum_of_two_90pct_reference_radii_KBO_coverage_unknown,withheld_small_sample,False,False,withheld_estimate
2020,60140,신정락,Right,-84.16730342144933,130.7472804216348,0.05071607932671862,-1.0,0.024397587677528303,178.0,-0.05071607932671862,-0.024397587677528303,0.8316657844953202,1.2742420221821404,0.0,0.0,249,False,11.173775879167177,11.173775879167177,False,False,2.231163595390875,11.99713185164767,-3.054519567871367,25.40207132620572,sum_of_two_90pct_reference_radii_KBO_coverage_unknown,estimated_KBO_angle_unvalidated,False,False,reference_only_KBO_angle_unvalidated
2020,60146,이승현,Right,-25.538490958262734,187.4265710198437,0.026885437868082663,-1.0,-0.03712978770717142,181.0,-0.026885437868082663,0.03712978770717142,0.262842510463405,1.8305170760825011,0.0,0.0,918,True,51.574963677454136,51.574963677454136,False,False,2.231163595390875,11.99713185164767,,,sum_of_two_90pct_reference_radii_KBO_coverage_unknown,estimated_KBO_angle_unvalidated,False,False,unavailable_unseen_stadium_bias
2020,60181,김지용,Right,-22.02333966867807,165.6318959085455,0.01874225799174589,-1.0,-0.02243510761825191,174.0,-0.01874225799174589,0.02243510761825191,0.22961169907250298,1.6212467608757481,0.0,0.0,71,False,42.74005130725937,,False,False,,,,,sum_of_two_90pct_reference_radii_KBO_coverage_unknown,withheld_small_sample,False,False,withheld_estimate
2020,60263,이재학,Right,-84.34921398266009,146.29620605983473,0.08316667183745942,-1.0,0.013927357758035556,181.0,-0.08316667183745942,-0.013927357758035556,0.8373168260316984,1.4238599695171879,0.0,0.0,1576,False,19.346147172962834,19.346147172962834,False,False,2.231163595390875,11.99713185164767,5.1178517259242895,33.57444262000138,sum_of_two_90pct_reference_radii_KBO_coverage_unknown,estimated_KBO_angle_unvalidated,False,False,reference_only_KBO_angle_unvalidated
2020,60264,정대현,Left,14.499466933784582,177.48792226165094,-0.020782539280314583,-1.0,-0.013331304937547478,186.0,0.020782539280314583,0.013331304937547478,-0.16389478250166667,1.728376870363738,0.0,0.0,61,False,45.60997766600004,,False,False,,,,,sum_of_two_90pct_reference_radii_KBO_coverage_unknown,withheld_small_sample,False,False,withheld_estimate
2020,60336,문성현,Right,-21.424637521128243,175.88544122948804,0.015590781149951454,-1.0,-0.030209731561818914,182.0,-0.015590781149951454,0.030209731561818914,0.22341858782551016,1.7218239482929503,0.0,0.0,273,True,45.11371731222311,45.11371731222311,False,False,2.231163595390875,11.99713185164767,,,sum_of_two_90pct_reference_radii_KBO_coverage_unknown,estimated_KBO_angle_unvalidated,False,False,unavailable_unseen_stadium_bias
2020,60337,김대유,Left,97.33019483019045,157.57866545214736,-0.06839808975780608,-1.0,0.00708802230578924,187.0,0.06839808975780608,-0.00708802230578924,-0.9574540218440802,1.5311452822453857,0.0,0.0,55,False,22.166287383077183,,False,False,,,,,sum_of_two_90pct_reference_radii_KBO_coverage_unknown,withheld_small_sample,False,False,withheld_estimate
2020,60339,김건태,Right,-61.00363616739474,178.01207507409674,0.05949139342023535,-1.0,-0.012981137193018194,185.0,-0.05949139342023535,0.012981137193018194,0.6089803242269759,1.7304305829018265,0.0,0.0,668,False,39.380601179215176,39.380601179215176,False,False,2.231163595390875,11.99713185164767,25.152305732176632,53.608896626253724,sum_of_two_90pct_reference_radii_KBO_coverage_unknown,estimated_KBO_angle_unvalidated,False,False,reference_only_KBO_angle_unvalidated
2020,60559,박시영,Right,-9.20772494037788,187.82172605707748,0.01330922332151971,-1.0,-0.026727936176779824,181.0,-0.01330922332151971,0.026727936176779824,0.10919475917556218,1.8286365870655803,0.0,0.0,553,True,53.39766015160068,53.39766015160068,False,False,2.231163595390875,11.99713185164767,,,sum_of_two_90pct_reference_radii_KBO_coverage_unknown,estimated_KBO_angle_unvalidated,False,False,unavailable_unseen_stadium_bias
2020,60768,이태양,Right,-22.036032843211917,194.32236468872435,0.02566784637196857,-1.0,-0.03711221795796412,192.0,-0.02566784637196857,0.03711221795796412,0.23179660881480046,1.8972692192189389,0.0,0.0,938,True,50.553260554627705,50.553260554627705,False,False,2.231163595390875,11.99713185164767,,,sum_of_two_90pct_reference_radii_KBO_coverage_unknown,estimated_KBO_angle_unvalidated,False,False,unavailable_unseen_stadium_bias
2020,60841,박종훈,Right,-49.45861732701009,36.94770596413715,0.034328221649357005,-1.0,0.09076135073887633,186.0,-0.034328221649357005,-0.09076135073887633,0.5137144833620203,0.3872860970936503,0.0,0.0,2760,True,-40.501598103621404,-40.501598103621404,False,False,2.231163595390875,11.99713185164767,,,sum_of_two_90pct_reference_radii_KBO_coverage_unknown,estimated_KBO_angle_unvalidated,False,False,unavailable_unseen_stadium_bias
2020,60845,문광은,Right,-46.69430058979006,186.2330125819595,0.04479414896103968,-1.0,-0.020408507166525813,180.0,-0.04479414896103968,0.020408507166525813,0.46939377169785984,1.808349965672711,0.0,0.0,76,False,48.3046188147862,,False,False,,,,,sum_of_two_90pct_reference_radii_KBO_coverage_unknown,withheld_small_sample,False,False,withheld_estimate
2020,61101,임찬규,Right,-24.658844665823185,168.5491144354364,0.029628690893141896,-1.0,-0.002509661080376106,185.0,-0.029628690893141896,0.002509661080376106,0.26322698237622194,1.639889847132717,0.0,0.0,2594,True,38.35268857770384,38.35268857770384,False,False,2.231163595390875,11.99713185164767,,,sum_of_two_90pct_reference_radii_KBO_coverage_unknown,estimated_KBO_angle_unvalidated,False,False,unavailable_unseen_stadium_bias
2020,61145,이우찬,Left,54.17785574257221,181.99255632067207,-0.042030932030114765,-1.0,-0.01601804070643111,185.0,0.042030932030114765,0.01601804070643111,-0.5412579972065785,1.768339569821282,0.0,0.0,133,False,43.04948780699025,43.04948780699025,False,False,2.231163595390875,11.99713185164767,28.821192359951706,57.27778325402879,sum_of_two_90pct_reference_radii_KBO_coverage_unknown,estimated_KBO_angle_unvalidated,False,False,reference_only_KBO_angle_unvalidated
2020,61156,송윤준,Left,58.71045232659131,182.2091606638549,-0.06259649553014808,-1.0,-0.02515940186496238,186.0,0.06259649553014808,0.02515940186496238,-0.5851576907522755,1.7764672219575264,0.0,0.0,434,True,42.48770329892876,42.48770329892876,False,False,2.231163595390875,11.99713185164767,,,sum_of_two_90pct_reference_radii_KBO_coverage_unknown,estimated_KBO_angle_unvalidated,False,False,unavailable_unseen_stadium_bias
2020,61214,이현호,Left,62.65758172593495,193.19948572462934,-0.06020535712536369,-1.0,-0.03493219520412595,185.0,0.06020535712536369,0.03493219520412595,-0.6200828626582056,1.881431727760652,0.0,0.0,261,False,48.87952439552474,48.87952439552474,False,False,2.231163595390875,11.99713185164767,34.65122894848619,63.10781984256329,sum_of_two_90pct_reference_radii_KBO_coverage_unknown,estimated_KBO_angle_unvalidated,False,False,reference_only_KBO_angle_unvalidated
2020,61268,양현,Right,-121.14242609349142,88.4252451149106,0.07739698224716834,-1.0,0.05148492525301939,189.0,-0.07739698224716834,-0.05148492525301939,1.1909481980262349,0.8756397958751331,0.0,0.06772009029345373,886,True,-23.668744696152906,-23.668744696152906,False,False,2.231163595390875,11.99713185164767,,,sum_of_two_90pct_reference_radii_KBO_coverage_unknown,estimated_KBO_angle_unvalidated,False,False,unavailable_unseen_stadium_bias
2020,61295,강동연,Right,-74.16569054696514,198.34080584500452,0.06161437421907075,-1.0,-0.03461617651859528,195.0,-0.06161437421907075,0.03461617651859528,0.7309567825797091,1.930700484155339,0.0,0.0,410,False,45.156684463933836,45.156684463933836,False,False,2.231163595390875,11.99713185164767,30.92838901689529,59.384979910972376,sum_of_two_90pct_reference_radii_KBO_coverage_unknown,estimated_KBO_angle_unvalidated,False,False,reference_only_KBO_angle_unvalidated
2020,61365,김대우,Right,-62.14172111854901,52.49995175480829,0.04439264941790004,-1.0,0.07381965941948652,183.0,-0.04439264941790004,-0.07381965941948652,0.6312211233396583,0.5370369999705645,0.0,0.0,1346,False,-33.254809160355535,-33.254809160355535,False,False,2.231163595390875,11.99713185164767,-47.48310460739408,-19.02651371331699,sum_of_two_90pct_reference_radii_KBO_coverage_unknown,estimated_KBO_angle_unvalidated,False,False,reference_only_KBO_angle_unvalidated
2020,61411,심창민,Right,-87.33018373772194,120.98727895271921,0.06121182195443012,-1.0,0.016693017886653522,185.0,-0.06121182195443012,-0.016693017886653522,0.8617537933245732,1.1927830357708569,0.0,0.0,411,True,2.7078879729500613,2.7078879729500613,False,False,2.231163595390875,11.99713185164767,,,sum_of_two_90pct_reference_radii_KBO_coverage_unknown,estimated_KBO_angle_unvalidated,False,False,unavailable_unseen_stadium_bias
2020,61457,임현준,Left,98.82926869413271,87.74873039635635,-0.05820746889763928,-1.0,0.06283750946752545,185.0,0.05820746889763928,-0.06283750946752545,-0.9794667798975902,0.8622910002326942,0.0,0.0,419,True,-19.012049637494997,-19.012049637494997,False,False,2.231163595390875,11.99713185164767,,,sum_of_two_90pct_reference_radii_KBO_coverage_unknown,estimated_KBO_angle_unvalidated,False,False,unavailable_unseen_stadium_bias
2020,61643,홍건희,Right,-56.616533070689435,185.6382581186866,0.039934324761381125,-1.0,-0.037817286617863606,187.0,-0.039934324761381125,0.037817286617863606,0.5589667949164498,1.8149637828820848,0.0,0.0,1207,True,44.13202989166078,44.13202989166078,False,False,2.231163595390875,11.99713185164767,,,sum_of_two_90pct_reference_radii_KBO_coverage_unknown,estimated_KBO_angle_unvalidated,False,False,unavailable_unseen_stadium_bias
2020,61895,서진용,Right,-47.041470357970944,184.1056522916158,0.03718366403547536,-1.0,-0.03257128457893067,184.0,-0.03718366403547536,0.03257128457893067,0.4688942113616221,1.7974486982943452,0.0,0.0,1077,True,45.61661185732591,45.61661185732591,False,False,2.231163595390875,11.99713185164767,,,sum_of_two_90pct_reference_radii_KBO_coverage_unknown,estimated_KBO_angle_unvalidated,False,False,unavailable_unseen_stadium_bias
2020,61962,김정후,Right,-43.69752134213641,178.03243199787883,0.03165882575372138,-1.0,-0.04151873111605536,178.0,-0.03165882575372138,0.04151873111605536,0.43283618750678876,1.7455676684687411,0.0,0.0,95,True,45.87083661988838,,False,False,,,,,sum_of_two_90pct_reference_radii_KBO_coverage_unknown,withheld_small_sample,False,False,withheld_estimate
2020,62056,정영일,Right,-24.126855930079596,180.04739582984266,0.023669834401357205,-1.0,-0.03138840699813043,188.0,-0.023669834401357205,0.03138840699813043,0.25113544688856426,1.762530867120244,0.0,0.0,454,False,44.35120209071087,44.35120209071087,False,False,2.231163595390875,11.99713185164767,30.122906643672327,58.57949753774942,sum_of_two_90pct_reference_radii_KBO_coverage_unknown,estimated_KBO_angle_unvalidated,False,False,reference_only_KBO_angle_unvalidated
2020,62146,최성훈,Left,71.48082411118008,165.09827832677763,-0.043402520355426605,-1.0,0.0014688345421161146,178.0,0.043402520355426605,-0.0014688345421161146,-0.7070687249341473,1.600701884652308,0.0,0.0,556,True,33.940980494409175,33.940980494409175,False,False,2.231163595390875,11.99713185164767,,,sum_of_two_90pct_reference_radii_KBO_coverage_unknown,estimated_KBO_angle_unvalidated,False,False,unavailable_unseen_stadium_bias
2020,62242,윤명준,Right,-50.82658313390608,183.17476303490068,0.04268915599653253,-1.0,-0.015031813156861104,178.0,-0.04268915599653253,0.015031813156861104,0.5089196862744753,1.7762712925410067,0.0,0.0,645,True,46.906344193147824,46.906344193147824,False,False,2.231163595390875,11.99713185164767,,,sum_of_two_90pct_reference_radii_KBO_coverage_unknown,estimated_KBO_angle_unvalidated,False,False,unavailable_unseen_stadium_bias
2020,62263,변시원,Right,-97.53658893187007,100.83182270846757,0.07455762084147208,-1.0,0.04688616934655141,178.0,-0.07455762084147208,-0.04688616934655141,0.9654897392645747,0.9888251451373059,0.0,0.0,94,True,-9.157333970848605,,False,False,,,,,sum_of_two_90pct_reference_radii_KBO_coverage_unknown,withheld_small_sample,False,False,withheld_estimate
2020,62294,이태오,Right,-32.15479979030576,185.32351240046245,0.043634582660486254,-1.0,-0.04966307083131897,190.0,-0.043634582660486254,0.04966307083131897,0.3260952212099311,1.8221644900326335,0.0,0.0,9,False,45.92788372560132,,False,False,,,,,sum_of_two_90pct_reference_radii_KBO_coverage_unknown,withheld_small_sample,False,False,withheld_estimate
2020,62360,김태훈,Right,-33.697979668486354,186.30262851929876,0.02716776878997747,-1.0,-0.026553827986211913,187.0,-0.02716776878997747,0.026553827986211913,0.3434942344044107,1.8155211977119072,0.0,0.0,1038,True,46.750988373666594,46.750988373666594,False,False,2.231163595390875,11.99713185164767,,,sum_of_two_90pct_reference_radii_KBO_coverage_unknown,estimated_KBO_angle_unvalidated,False,False,unavailable_unseen_stadium_bias
2020,62363,한현희,Right,-93.58065054375939,127.4852127230147,0.07596132228174876,-1.0,0.017991417679431652,182.0,-0.07596132228174876,-0.017991417679431652,0.9233423513093992,1.2499918391552758,0.0,0.0,2244,True,6.697740028960801,6.697740028960801,False,False,2.231163595390875,11.99713185164767,,,sum_of_two_90pct_reference_radii_KBO_coverage_unknown,estimated_KBO_angle_unvalidated,False,False,unavailable_unseen_stadium_bias
2020,62528,김원중,Right,-51.87240186640763,193.37523894554698,0.04564910217829093,-1.0,-0.03289244512932493,192.0,-0.04564910217829093,0.03289244512932493,0.5176254562879005,1.8846079842670262,0.0,0.0,949,True,46.30739942124349,46.30739942124349,False,False,2.231163595390875,11.99713185164767,,,sum_of_two_90pct_reference_radii_KBO_coverage_unknown,estimated_KBO_angle_unvalidated,False,False,unavailable_unseen_stadium_bias
2020,62595,정태승,Left,34.618336437478945,168.77184268607746,-0.042027538230905465,-1.0,-0.024969982976599706,178.0,0.042027538230905465,0.024969982976599706,-0.3523928764400373,1.6525414614430496,0.0,0.0,48,False,41.95187899483034,,False,False,,,,,sum_of_two_90pct_reference_radii_KBO_coverage_unknown,withheld_small_sample,False,False,withheld_estimate
2020,62611,임준섭,Left,20.542078573168872,192.30298261373125,-0.024515227180382272,-1.0,-0.020921763671433367,181.0,0.024515227180382272,0.020921763671433367,-0.21971639048627042,1.8654064699979014,0.0,0.0,178,False,55.01581306187108,55.01581306187108,False,False,2.231163595390875,11.99713185164767,40.78751761483254,69.24410850890962,sum_of_two_90pct_reference_radii_KBO_coverage_unknown,estimated_KBO_angle_unvalidated,False,False,reference_only_KBO_angle_unvalidated
2020,62655,홍성민,Right,-53.4148770675124,172.90212584778558,0.05902588177556442,-1.0,-0.006794880657599733,191.0,-0.05902588177556442,0.006794880657599733,0.5394895462790464,1.6829781999749613,0.0,0.0,401,True,34.493387938109734,34.493387938109734,False,False,2.231163595390875,11.99713185164767,,,sum_of_two_90pct_reference_radii_KBO_coverage_unknown,estimated_KBO_angle_unvalidated,False,False,unavailable_unseen_stadium_bias
2020,62754,임기영,Right,-98.75228170495805,145.9084407571508,0.0804021163185038,-1.0,0.012453721583108437,184.0,-0.0804021163185038,-0.012453721583108437,0.9729297383156762,1.4211411857187326,0.0,0.0,2223,True,16.13158028504649,16.13158028504649,False,False,2.231163595390875,11.99713185164767,,,sum_of_two_90pct_reference_radii_KBO_coverage_unknown,estimated_KBO_angle_unvalidated,False,False,unavailable_unseen_stadium_bias
2020,62869,문승원,Right,-61.435610041220265,177.18228277161595,0.04524762358731178,-1.0,-0.024485183038706688,180.0,-0.04524762358731178,0.024485183038706688,0.6070254281245367,1.7275075489801777,0.0,0.0,2338,True,41.734110992412276,41.734110992412276,False,False,2.231163595390875,11.99713185164767,,,sum_of_two_90pct_reference_radii_KBO_coverage_unknown,estimated_KBO_angle_unvalidated,False,False,unavailable_unseen_stadium_bias
2020,62908,황윤호,Right,-68.10958002553899,165.07193890859367,0.06135970354006038,-1.0,0.00568338008538593,177.0,-0.06135970354006038,-0.00568338008538593,0.6789936372256596,1.5984151640661017,0.0,0.0,4,False,34.279240738053836,,False,False,,,,,sum_of_two_90pct_reference_radii_KBO_coverage_unknown,withheld_small_sample,False,False,withheld_estimate
2020,62920,노건우,Left,30.227082892192477,167.02834429298196,-0.0380007785045303,-1.0,-0.02935205351479486,182.0,0.0380007785045303,0.02935205351479486,-0.30972798735025875,1.6409346915104472,0.0,0.0,675,True,40.09627505435301,40.09627505435301,False,False,2.231163595390875,11.99713185164767,,,sum_of_two_90pct_reference_radii_KBO_coverage_unknown,estimated_KBO_angle_unvalidated,False,False,unavailable_unseen_stadium_bias
2020,62937,신재영,Right,-64.08496512751267,137.33899113384115,0.04428395408127288,-1.0,0.020608587395303697,185.0,-0.04428395408127288,-0.020608587395303697,0.6416506096769203,1.3401326186573628,0.0,0.0,121,False,14.992018875188627,14.992018875188627,False,False,2.231163595390875,11.99713185164767,0.7637234281500831,29.22031432222717,sum_of_two_90pct_reference_radii_KBO_coverage_unknown,estimated_KBO_angle_unvalidated,False,False,reference_only_KBO_angle_unvalidated
2020,62951,이형범,Right,-36.20177937361012,169.52945097919866,0.04162545955469105,-1.0,-0.014203583898348372,181.0,-0.04162545955469105,0.014203583898348372,0.3705396382073672,1.6539179616064847,0.0,0.0,438,True,39.57923070589191,39.57923070589191,False,False,2.231163595390875,11.99713185164767,,,sum_of_two_90pct_reference_radii_KBO_coverage_unknown,estimated_KBO_angle_unvalidated,False,False,unavailable_unseen_stadium_bias
2020,63103,류원석,Right,-106.80317183322859,115.8619607976916,0.06849098880815682,-1.0,0.022072504406707737,186.0,-0.06849098880815682,-0.022072504406707737,1.0479374960347188,1.142172670975518,0.0,0.0,171,False,-3.5088261373404137,-3.5088261373404137,False,False,2.231163595390875,11.99713185164767,-17.737121584378958,10.71946930969813,sum_of_two_90pct_reference_radii_KBO_coverage_unknown,estimated_KBO_angle_unvalidated,False,False,reference_only_KBO_angle_unvalidated
2020,63248,함덕주,Left,57.30888387073123,181.49222044765872,-0.046702209247946956,-1.0,-0.026148068772700258,181.0,0.046702209247946956,0.026148068772700258,-0.5683074761190637,1.768358491397531,0.0,0.0,978,True,44.63066887690803,44.63066887690803,False,False,2.231163595390875,11.99713185164767,,,sum_of_two_90pct_reference_radii_KBO_coverage_unknown,estimated_KBO_angle_unvalidated,False,False,unavailable_unseen_stadium_bias
2020,63292,박소준,Right,-50.16490907235292,180.26392998172915,0.035070453402495316,-1.0,-0.013738737688376456,177.0,-0.035070453402495316,0.013738737688376456,0.5014526556602523,1.748501398843361,0.0,0.0,476,True,45.77349837331748,45.77349837331748,False,False,2.231163595390875,11.99713185164767,,,sum_of_two_90pct_reference_radii_KBO_coverage_unknown,estimated_KBO_angle_unvalidated,False,False,unavailable_unseen_stadium_bias
2020,63342,조상우,Right,-51.05053812809241,164.21240240788933,0.045356017007620465,-1.0,-0.021056398561819005,186.0,-0.045356017007620465,0.021056398561819005,0.510039986587872,1.6105267368556955,0.0,0.0,953,True,32.81955244432332,32.81955244432332,False,False,2.231163595390875,11.99713185164767,,,sum_of_two_90pct_reference_radii_KBO_coverage_unknown,estimated_KBO_angle_unvalidated,False,False,unavailable_unseen_stadium_bias
2020,63348,조성운,Right,-37.74753675993619,180.55564434247705,0.0302959208852118,-1.0,-0.029561325908124436,185.0,-0.0302959208852118,0.029561325908124436,0.38077364989238194,1.7642095757376761,0.0,0.0,788,False,44.190393465566515,44.190393465566515,False,False,2.231163595390875,11.99713185164767,29.96209801852797,58.41868891260506,sum_of_two_90pct_reference_radii_KBO_coverage_unknown,estimated_KBO_angle_unvalidated,False,False,reference_only_KBO_angle_unvalidated
2020,63464,윤대경,Right,-59.56052220757907,185.57315150477805,0.04264345907137297,-1.0,-0.024939342492826838,179.0,-0.04264345907137297,0.024939342492826838,0.5891576990327748,1.8037013832844728,0.0,0.0,867,True,47.22467461077705,47.22467461077705,False,False,2.231163595390875,11.99713185164767,,,sum_of_two_90pct_reference_radii_KBO_coverage_unknown,estimated_KBO_angle_unvalidated,False,False,unavailable_unseen_stadium_bias
2020,63492,이재익,Left,38.81122137915697,186.18208023258126,-0.042275335475389524,-1.0,-0.02119992001205236,180.0,0.042275335475389524,0.02119992001205236,-0.3943752168315263,1.8088552832318376,0.0,0.0,54,True,49.810856755592575,,False,False,,,,,sum_of_two_90pct_reference_radii_KBO_coverage_unknown,withheld_small_sample,False,False,withheld_estimate
2020,63512,박진형,Right,-38.21004494488328,173.73449077781657,0.03927053880204114,-1.0,-0.015226381340115579,181.0,-0.03927053880204114,0.015226381340115579,0.3891268285994346,1.6925061618068382,0.0,0.0,804,True,41.680822856079025,41.680822856079025,False,False,2.231163595390875,11.99713185164767,,,sum_of_two_90pct_reference_radii_KBO_coverage_unknown,estimated_KBO_angle_unvalidated,False,False,unavailable_unseen_stadium_bias
2020,63543,구승민,Right,-41.2967476099718,175.79235946697426,0.041892321484940494,-1.0,-0.022342276934079905,182.0,-0.041892321484940494,0.022342276934079905,0.41716460911185294,1.71567198271606,0.0,0.0,947,True,42.255728702776324,42.255728702776324,False,False,2.231163595390875,11.99713185164767,,,sum_of_two_90pct_reference_radii_KBO_coverage_unknown,estimated_KBO_angle_unvalidated,False,False,unavailable_unseen_stadium_bias
2020,63628,고영창,Right,-75.13465187624404,182.8734199899108,0.056144087539310994,-1.0,-0.017193886818866643,189.0,-0.056144087539310994,0.017193886818866643,0.7417260140021699,1.7773904381750296,0.0,0.0,915,True,38.75560528861637,38.75560528861637,False,False,2.231163595390875,11.99713185164767,,,sum_of_two_90pct_reference_radii_KBO_coverage_unknown,estimated_KBO_angle_unvalidated,False,False,unavailable_unseen_stadium_bias
2020,63638,박준표,Right,-64.01423427652709,127.74480648648667,0.03943471571901638,-1.0,0.033281490558739524,181.0,-0.03943471571901638,-0.033281490558739524,0.6421870997665603,1.2438233388987003,0.0,0.0,800,True,10.666418396183513,10.666418396183513,False,False,2.231163595390875,11.99713185164767,,,sum_of_two_90pct_reference_radii_KBO_coverage_unknown,estimated_KBO_angle_unvalidated,False,False,unavailable_unseen_stadium_bias
2020,63765,김종수,Right,-54.73609090131761,178.599861351164,0.03590398062141658,-1.0,-0.029598009923771255,180.0,-0.03590398062141658,0.029598009923771255,0.5410941122857013,1.7436307092196563,0.0,0.0,937,True,43.48586072481834,43.48586072481834,False,False,2.231163595390875,11.99713185164767,,,sum_of_two_90pct_reference_radii_KBO_coverage_unknown,estimated_KBO_angle_unvalidated,False,False,unavailable_unseen_stadium_bias
2020,63894,김사윤,Left,45.77261942673121,183.88663246401157,-0.040093806814787525,-1.0,-0.036397834987714324,182.0,0.040093806814787525,0.036397834987714324,-0.45606978517331936,1.7972259557719372,0.0,0.0,919,True,47.33655977064488,47.33655977064488,False,False,2.231163595390875,11.99713185164767,,,sum_of_two_90pct_reference_radii_KBO_coverage_unknown,estimated_KBO_angle_unvalidated,False,False,unavailable_unseen_stadium_bias
2020,63914,손정욱,Left,54.040574008083645,184.5792403455227,-0.03735313188402974,-1.0,-0.01593599556166737,182.0,0.03735313188402974,0.01593599556166737,-0.5389186680163848,1.7905821916419884,0.0,0.0,240,False,45.86631823800491,45.86631823800491,False,False,2.231163595390875,11.99713185164767,31.638022790966364,60.094613685043456,sum_of_two_90pct_reference_radii_KBO_coverage_unknown,estimated_KBO_angle_unvalidated,False,False,reference_only_KBO_angle_unvalidated
2020,63936,윤강민,Right,-82.20546765615025,71.41144029452235,0.05815436303397897,-1.0,0.06837926435805546,183.0,-0.05815436303397897,-0.06837926435805546,0.8225971079284006,0.7110677425606761,0.0,0.0,23,False,-26.132687207477005,,False,False,,,,,sum_of_two_90pct_reference_radii_KBO_coverage_unknown,withheld_small_sample,False,False,withheld_estimate
2020,63950,장현식,Right,-51.70772561119073,185.79241129768218,0.03618480906706049,-1.0,-0.031174974212342617,181.0,-0.03618480906706049,0.031174974212342617,0.5127599089778636,1.8104981279775823,0.0,0.0,820,True,47.43472611512309,47.43472611512309,False,False,2.231163595390875,11.99713185164767,,,sum_of_two_90pct_reference_radii_KBO_coverage_unknown,estimated_KBO_angle_unvalidated,False,False,unavailable_unseen_stadium_bias
2020,63959,임정호,Left,44.39819117925327,154.40040204586398,-0.036900229110388066,-1.0,0.008557304506982916,188.0,0.036900229110388066,-0.008557304506982916,-0.4531282871678674,1.5045962725537476,0.0,0.0,725,True,27.366272872140556,27.366272872140556,False,False,2.231163595390875,11.99713185164767,,,sum_of_two_90pct_reference_radii_KBO_coverage_unknown,estimated_KBO_angle_unvalidated,False,False,unavailable_unseen_stadium_bias
2020,63960,이상민,Left,61.67357811067127,172.00724382331506,-0.04895525566200796,-1.0,-0.008209493341652909,180.0,0.04895525566200796,0.008209493341652909,-0.6136657192646039,1.6708615749908189,0.0,0.0,266,True,38.55732702422625,38.55732702422625,False,False,2.231163595390875,11.99713185164767,,,sum_of_two_90pct_reference_radii_KBO_coverage_unknown,estimated_KBO_angle_unvalidated,False,False,unavailable_unseen_stadium_bias
2020,63961,윤호솔,Right,-49.55344997734414,180.85648239472863,0.030762239336194326,-1.0,-0.03571173574671056,183.0,-0.030762239336194326,0.03571173574671056,0.49043011624249483,1.7690647243459512,0.0,0.0,131,False,44.13202373708837,44.13202373708837,False,False,2.231163595390875,11.99713185164767,29.903728290049823,58.36031918412691,sum_of_two_90pct_reference_radii_KBO_coverage_unknown,estimated_KBO_angle_unvalidated,False,False,reference_only_KBO_angle_unvalidated
2020,63991,박진우,Right,-96.00578489441823,113.11425847815474,0.08213166954682258,-1.0,0.0454594833248057,180.0,-0.08213166954682258,-0.0454594833248057,0.9529634714390769,1.1023222071824321,0.0,0.0,734,True,-2.3835561647077768,-2.3835561647077768,False,False,2.231163595390875,11.99713185164767,,,sum_of_two_90pct_reference_radii_KBO_coverage_unknown,estimated_KBO_angle_unvalidated,False,False,unavailable_unseen_stadium_bias
2020,64021,박세웅,Right,-28.636107716012447,169.5785306220465,0.025180426003029936,-1.0,-0.006632057376486509,182.0,-0.025180426003029936,0.006632057376486509,0.2986015983671017,1.650208138705908,0.0,0.0,2430,True,39.84253107069679,39.84253107069679,False,False,2.231163595390875,11.99713185164767,,,sum_of_two_90pct_reference_radii_KBO_coverage_unknown,estimated_KBO_angle_unvalidated,False,False,unavailable_unseen_stadium_bias
2020,64029,류희운,Right,-63.84175821267213,177.59911370521743,0.04454531906458343,-1.0,-0.03052973640613248,191.0,-0.04454531906458343,0.03052973640613248,0.6298971025657368,1.738615254807808,0.0,0.0,141,False,36.707608507493276,36.707608507493276,False,False,2.231163595390875,11.99713185164767,22.479313060454732,50.935903954531824,sum_of_two_90pct_reference_radii_KBO_coverage_unknown,estimated_KBO_angle_unvalidated,False,False,reference_only_KBO_angle_unvalidated
2020,64041,안현준,Right,-65.68425389500742,135.7068532780816,0.02541337278121096,-1.0,0.019627029211740907,187.0,-0.02541337278121096,-0.019627029211740907,0.6537323733283233,1.3258738319251469,0.0,0.0,31,False,13.127830664233741,,False,False,,,,,sum_of_two_90pct_reference_radii_KBO_coverage_unknown,withheld_small_sample,False,False,withheld_estimate
2020,64047,조현우,Left,56.57549445566083,168.50439399524004,-0.048567273934031,-1.0,-0.01781773655835766,182.0,0.048567273934031,0.01781773655835766,-0.5631463326463059,1.645859322740799,0.0,0.0,707,True,36.770345002628794,36.770345002628794,False,False,2.231163595390875,11.99713185164767,,,sum_of_two_90pct_reference_radii_KBO_coverage_unknown,estimated_KBO_angle_unvalidated,False,False,unavailable_unseen_stadium_bias
2020,64051,이영준,Left,56.464329590061595,186.90869306488216,-0.048401928322456766,-1.0,-0.03601188177695564,184.0,0.048401928322456766,0.03601188177695564,-0.5589232735715435,1.8246457774249276,0.0,0.0,694,True,46.69371688282256,46.69371688282256,False,False,2.231163595390875,11.99713185164767,,,sum_of_two_90pct_reference_radii_KBO_coverage_unknown,estimated_KBO_angle_unvalidated,False,False,unavailable_unseen_stadium_bias
2020,64554,문동욱,Right,-27.945576851308683,189.91554398124174,0.030094516170404994,-1.0,-0.018102257045510353,187.0,-0.030094516170404994,0.018102257045510353,0.292024049941684,1.843800509331371,0.0,0.0,294,True,49.06672671611375,49.06672671611375,False,False,2.231163595390875,11.99713185164767,,,sum_of_two_90pct_reference_radii_KBO_coverage_unknown,estimated_KBO_angle_unvalidated,False,False,unavailable_unseen_stadium_bias
2020,64565,이인복,Right,-36.257389622855165,189.11201299254847,0.03931985713689512,-1.0,-0.03059972809708991,187.0,-0.03931985713689512,0.03059972809708991,0.3687274371664505,1.8436700290909132,0.0,0.0,666,True,48.11216427395547,48.11216427395547,False,False,2.231163595390875,11.99713185164767,,,sum_of_two_90pct_reference_radii_KBO_coverage_unknown,estimated_KBO_angle_unvalidated,False,False,unavailable_unseen_stadium_bias
2020,64580,김재열,Right,-34.5270532285812,191.50134319263762,0.028170823886733636,-1.0,-0.023907749019029353,183.0,-0.028170823886733636,0.023907749019029353,0.3518281715489865,1.8597167916561836,0.0,0.0,348,True,51.262129554223804,51.262129554223804,False,False,2.231163595390875,11.99713185164767,,,sum_of_two_90pct_reference_radii_KBO_coverage_unknown,estimated_KBO_angle_unvalidated,False,False,unavailable_unseen_stadium_bias
2020,64596,김유영,Left,48.295989232511666,154.98874369660635,-0.043539417364068654,-1.0,-0.005275660074018262,180.0,0.043539417364068654,0.005275660074018262,-0.48621002245820855,1.5153088302350095,0.0,0.0,110,False,30.85626276534903,30.85626276534903,False,False,2.231163595390875,11.99713185164767,16.627967318310485,45.08455821238758,sum_of_two_90pct_reference_radii_KBO_coverage_unknown,estimated_KBO_angle_unvalidated,False,False,reference_only_KBO_angle_unvalidated
2020,64615,차명진,Right,-75.81855956654748,172.75779490568388,0.052771349437660514,-1.0,-0.023128029439565646,188.0,-0.052771349437660514,0.023128029439565646,0.7453518561829546,1.6885341561843292,0.0,0.0,24,False,33.7337884657611,,False,False,,,,,sum_of_two_90pct_reference_radii_KBO_coverage_unknown,withheld_small_sample,False,False,withheld_estimate
2020,64718,최설우,Right,-55.64087053523741,194.03963364755367,0.037372061164138846,-1.0,-0.0312448010420822,179.0,-0.037372061164138846,0.0312448010420822,0.5502489379997592,1.8845007021496836,0.0,0.0,200,True,52.69266095826626,52.69266095826626,False,False,2.231163595390875,11.99713185164767,,,sum_of_two_90pct_reference_radii_KBO_coverage_unknown,estimated_KBO_angle_unvalidated,False,False,unavailable_unseen_stadium_bias
2020,64759,서균,Right,-97.42884885194744,135.35858524672722,0.06517674739236781,-1.0,0.027822793333369903,185.0,-0.06517674739236781,-0.027822793333369903,0.9614298584683898,1.3160664777865607,0.0,0.0,137,True,9.131601770499135,9.131601770499135,False,False,2.231163595390875,11.99713185164767,,,sum_of_two_90pct_reference_radii_KBO_coverage_unknown,estimated_KBO_angle_unvalidated,False,False,unavailable_unseen_stadium_bias
2020,64760,황영국,Left,70.14614469050983,178.57360419085845,-0.057385704128732604,-1.0,-0.01789067561454384,185.0,0.057385704128732604,0.01789067561454384,-0.6937411538235096,1.7377324290417653,0.0,0.0,420,True,39.22857420881572,39.22857420881572,False,False,2.231163595390875,11.99713185164767,,,sum_of_two_90pct_reference_radii_KBO_coverage_unknown,estimated_KBO_angle_unvalidated,False,False,unavailable_unseen_stadium_bias
2020,64768,조이현,Right,-40.443577127895566,187.44832275887325,0.03837618339053422,-1.0,-0.03328937434151575,185.0,-0.03837618339053422,0.03328937434151575,0.4069865906772289,1.829119641394402,0.0,0.0,1321,True,47.76704418863728,47.76704418863728,False,False,2.231163595390875,11.99713185164767,,,sum_of_two_90pct_reference_radii_KBO_coverage_unknown,estimated_KBO_angle_unvalidated,False,False,unavailable_unseen_stadium_bias
2020,64805,이승진,Right,-49.802978722643076,188.81710346871895,0.038386469853825884,-1.0,-0.029316755800998764,186.0,-0.038386469853825884,0.029316755800998764,0.4965948389116257,1.8388481760134108,0.0,0.0,992,False,46.803144275004954,46.803144275004954,False,False,2.231163595390875,11.99713185164767,32.574848827966406,61.0314397220435,sum_of_two_90pct_reference_radii_KBO_coverage_unknown,estimated_KBO_angle_unvalidated,False,False,reference_only_KBO_angle_unvalidated
2020,64861,이건욱,Right,-14.33086707615556,183.01232684093458,0.019135008160515454,-1.0,-0.027227775144819933,182.0,-0.019135008160515454,0.027227775144819933,0.15821483142855072,1.7854154346808566,0.0,0.0,2239,True,49.73520052780774,49.73520052780774,False,False,2.231163595390875,11.99713185164767,,,sum_of_two_90pct_reference_radii_KBO_coverage_unknown,estimated_KBO_angle_unvalidated,False,False,unavailable_unseen_stadium_bias
2020,64893,박민호,Right,-102.0947710280185,133.832142837033,0.0870762771247344,-1.0,0.013728076707440931,185.0,-0.0870762771247344,-0.013728076707440931,1.0052728575783327,1.311002204676514,0.0,0.0,797,True,8.24349190035245,8.24349190035245,False,False,2.231163595390875,11.99713185164767,,,sum_of_two_90pct_reference_radii_KBO_coverage_unknown,estimated_KBO_angle_unvalidated,False,False,unavailable_unseen_stadium_bias
2020,64896,서동민,Right,-28.11878386656864,180.8974325957939,0.0182125605693174,-1.0,-0.02164252677758953,186.0,-0.0182125605693174,0.02164252677758953,0.29015715550664256,1.7632433000017804,0.0,0.0,172,False,44.81223510976486,44.81223510976486,False,False,2.231163595390875,11.99713185164767,30.58393966272632,59.040530556803404,sum_of_two_90pct_reference_radii_KBO_coverage_unknown,estimated_KBO_angle_unvalidated,False,False,reference_only_KBO_angle_unvalidated
2020,64995,배재환,Right,-46.89975989283855,185.19335782033778,0.03268285676292912,-1.0,-0.03535818216306146,186.0,-0.03268285676292912,0.03535818216306146,0.4665275161635126,1.8095710851231896,0.0,0.0,826,True,45.384983621798156,45.384983621798156,False,False,2.231163595390875,11.99713185164767,,,sum_of_two_90pct_reference_radii_KBO_coverage_unknown,estimated_KBO_angle_unvalidated,False,False,unavailable_unseen_stadium_bias
2020,65042,홍성무,Right,-52.697359509190186,179.5458040517835,0.04273929584289593,-1.0,-0.025854705174088076,183.0,-0.04273929584289593,0.025854705174088076,0.5244238010835998,1.7514195374297339,0.0,0.0,314,True,42.652140388986666,42.652140388986666,False,False,2.231163595390875,11.99713185164767,,,sum_of_two_90pct_reference_radii_KBO_coverage_unknown,estimated_KBO_angle_unvalidated,False,False,unavailable_unseen_stadium_bias
2020,65048,김민수,Right,-42.56438679207172,194.88820088861544,0.0313450098150219,-1.0,-0.025464293852925576,188.0,-0.0313450098150219,0.025464293852925576,0.42882602161196465,1.8927047177930603,0.0,0.0,1721,False,49.824247249824246,49.824247249824246,False,False,2.231163595390875,11.99713185164767,35.595951802785706,64.05254269686279,sum_of_two_90pct_reference_radii_KBO_coverage_unknown,estimated_KBO_angle_unvalidated,False,False,reference_only_KBO_angle_unvalidated
2020,65057,이창재,Left,38.44083031128473,181.4086237357374,-0.04584031951442988,-1.0,-0.03003300331050303,178.0,0.04584031951442988,0.03003300331050303,-0.3885824864117754,1.770210076000344,0.0,0.0,161,False,48.531116356293,48.531116356293,False,False,2.231163595390875,11.99713185164767,34.30282090925445,62.759411803331545,sum_of_two_90pct_reference_radii_KBO_coverage_unknown,estimated_KBO_angle_unvalidated,False,False,reference_only_KBO_angle_unvalidated
2020,65060,주권,Right,-55.14915197253932,171.31425279726182,0.04436113819111793,-1.0,-0.022393492454572946,181.0,-0.04436113819111793,0.022393492454572946,0.5478683113890613,1.6737352911715724,0.0,0.0,1140,True,38.57575915919483,38.57575915919483,False,False,2.231163595390875,11.99713185164767,,,sum_of_two_90pct_reference_radii_KBO_coverage_unknown,estimated_KBO_angle_unvalidated,False,False,unavailable_unseen_stadium_bias
2020,65062,김재윤,Right,-57.046102240639875,178.92011964612533,0.04615396975898416,-1.0,-0.03137152648071304,185.0,-0.04615396975898416,0.03137152648071304,0.5649008991027994,1.7495390057887876,0.0,0.0,1015,True,41.06928446211472,41.06928446211472,False,False,2.231163595390875,11.99713185164767,,,sum_of_two_90pct_reference_radii_KBO_coverage_unknown,estimated_KBO_angle_unvalidated,False,False,unavailable_unseen_stadium_bias
2020,65117,이상규,Right,-19.081382923995687,178.03309588160946,0.02481362266986715,-1.0,-0.024872593969492627,185.0,-0.02481362266986715,0.024872593969492627,0.20473070808455185,1.7396754981146052,0.0,0.0,570,True,45.02167320779811,45.02167320779811,False,False,2.231163595390875,11.99713185164767,,,sum_of_two_90pct_reference_radii_KBO_coverage_unknown,estimated_KBO_angle_unvalidated,False,False,unavailable_unseen_stadium_bias
2020,65241,채원후,Right,-39.89803346593705,170.1968599457873,0.042978678834568684,-1.0,-0.020247621980436753,180.0,-0.042978678834568684,0.020247621980436753,0.40399310776015884,1.6630158631803036,0.0,0.0,657,True,40.17566892057432,40.17566892057432,False,False,2.231163595390875,11.99713185164767,,,sum_of_two_90pct_reference_radii_KBO_coverage_unknown,estimated_KBO_angle_unvalidated,False,False,unavailable_unseen_stadium_bias
2020,65320,최원태,Right,-52.63058669051457,159.5007102861274,0.04378262450043756,-1.0,-0.011321669826633548,184.0,-0.04378262450043756,0.011321669826633548,0.5265598072473666,1.561024239461137,0.0,0.0,1730,True,30.509763485862024,30.509763485862024,False,False,2.231163595390875,11.99713185164767,,,sum_of_two_90pct_reference_radii_KBO_coverage_unknown,estimated_KBO_angle_unvalidated,False,False,unavailable_unseen_stadium_bias
2020,65343,김택형,Left,73.80970389947943,178.47573671611255,-0.05634987295670932,-1.0,-0.024703151016114006,185.0,0.05634987295670932,0.024703151016114006,-0.7264266614436891,1.7406178931974743,0.0,0.0,436,True,38.993582751686404,38.993582751686404,False,False,2.231163595390875,11.99713185164767,,,sum_of_two_90pct_reference_radii_KBO_coverage_unknown,estimated_KBO_angle_unvalidated,False,False,unavailable_unseen_stadium_bias
2020,65392,김정인,Right,-37.80287589586354,172.33339423123562,0.03012109811898343,-1.0,-0.026070474937244764,184.0,-0.03012109811898343,0.026070474937244764,0.3814808962192939,1.6870638208337827,0.0,0.0,48,False,40.029374382960384,,False,False,,,,,sum_of_two_90pct_reference_radii_KBO_coverage_unknown,withheld_small_sample,False,False,withheld_estimate
2020,65398,임규빈,Right,-44.34876584211798,182.53349887147095,0.03545863689112043,-1.0,-0.024411631656360372,184.0,-0.03545863689112043,0.024411631656360372,0.4451742274331006,1.7784258764025667,0.0,0.0,603,True,44.74444505458181,44.74444505458181,False,False,2.231163595390875,11.99713185164767,,,sum_of_two_90pct_reference_radii_KBO_coverage_unknown,estimated_KBO_angle_unvalidated,False,False,unavailable_unseen_stadium_bias
2020,65411,김주온,Right,-45.01919010005037,185.4352073641432,0.04028577173028799,-1.0,-0.027779384537545197,187.0,-0.04028577173028799,0.027779384537545197,0.45207797268104083,1.8079726562506089,0.0,0.0,619,True,44.9690818321887,44.9690818321887,False,False,2.231163595390875,11.99713185164767,,,sum_of_two_90pct_reference_radii_KBO_coverage_unknown,estimated_KBO_angle_unvalidated,False,False,unavailable_unseen_stadium_bias
2020,65496,홍정우,Right,-43.76730831569972,185.37975911315488,0.03826448727760731,-1.0,-0.029710393799708627,182.0,-0.03826448727760731,0.029710393799708627,0.4386394739850884,1.8068759659318252,0.0,0.0,559,True,47.547988216583626,47.547988216583626,False,False,2.231163595390875,11.99713185164767,,,sum_of_two_90pct_reference_radii_KBO_coverage_unknown,estimated_KBO_angle_unvalidated,False,False,unavailable_unseen_stadium_bias
2020,65509,차재용,Left,35.85402095643627,195.14858629176845,-0.015468549048005356,-1.0,-0.03952057147232128,184.0,0.015468549048005356,0.03952057147232128,-0.35877121483482605,1.902036028651128,0.0,0.0,18,False,53.871171217876466,,False,False,,,,,sum_of_two_90pct_reference_radii_KBO_coverage_unknown,withheld_small_sample,False,False,withheld_estimate
2020,65516,배제성,Right,-26.56214495788266,193.88122532893877,0.018229288353084402,-1.0,-0.03572184863036916,189.0,-0.018229288353084402,0.03572184863036916,0.2731858426993144,1.8907932713634705,0.0,0.0,2360,True,51.0941048995985,51.0941048995985,False,False,2.231163595390875,11.99713185164767,,,sum_of_two_90pct_reference_radii_KBO_coverage_unknown,estimated_KBO_angle_unvalidated,False,False,unavailable_unseen_stadium_bias
2020,65616,이민우,Right,-60.957845737208046,195.29660081008058,0.0400337595001074,-1.0,-0.03219692999226115,185.0,-0.0400337595001074,0.03219692999226115,0.6016679324299312,1.8983157072347066,0.0,0.0,1831,True,49.79178487219814,49.79178487219814,False,False,2.231163595390875,11.99713185164767,,,sum_of_two_90pct_reference_radii_KBO_coverage_unknown,estimated_KBO_angle_unvalidated,False,False,unavailable_unseen_stadium_bias
2020,65618,황인준,Right,-75.3418898322458,182.2366744080491,0.05641942752747603,-1.0,-0.02482278325114455,184.0,-0.05641942752747603,0.02482278325114455,0.7409435592989387,1.7743900167239304,0.0,0.0,68,True,41.14087326275169,,False,False,,,,,sum_of_two_90pct_reference_radii_KBO_coverage_unknown,withheld_small_sample,False,False,withheld_estimate
2020,65639,박정수,Right,-49.68047480833323,144.03063555660202,0.040759477435852676,-1.0,0.012793752541550137,178.0,-0.040759477435852676,-0.012793752541550137,0.5024184226630667,1.404051117756344,0.0,0.0,584,True,23.859405283737203,23.859405283737203,False,False,2.231163595390875,11.99713185164767,,,sum_of_two_90pct_reference_radii_KBO_coverage_unknown,estimated_KBO_angle_unvalidated,False,False,unavailable_unseen_stadium_bias
2020,65643,문경찬,Right,-65.09233895786934,180.83174651192294,0.0430013521058791,-1.0,-0.02727618217318016,186.0,-0.0430013521058791,0.02727618217318016,0.6416770547757864,1.764118818207224,0.0,0.0,874,True,40.576611995043784,40.576611995043784,False,False,2.231163595390875,11.99713185164767,,,sum_of_two_90pct_reference_radii_KBO_coverage_unknown,estimated_KBO_angle_unvalidated,False,False,unavailable_unseen_stadium_bias
2020,65665,이준영,Left,51.02458058786144,191.98765354559345,-0.03619414527909366,-1.0,-0.024449352851844047,177.0,0.03619414527909366,0.024449352851844047,-0.5077581409788778,1.8613838933828362,0.0,0.0,491,True,53.09400726330901,53.09400726330901,False,False,2.231163595390875,11.99713185164767,,,sum_of_two_90pct_reference_radii_KBO_coverage_unknown,estimated_KBO_angle_unvalidated,False,False,unavailable_unseen_stadium_bias
2020,65696,김명찬,Left,50.13103337054519,190.51141241815623,-0.041283196090564585,-1.0,-0.027285357538347637,187.0,0.041283196090564585,0.027285357538347637,-0.5009325319633496,1.8534490846432146,0.0,0.0,201,True,47.69728625843113,47.69728625843113,False,False,2.231163595390875,11.99713185164767,,,sum_of_two_90pct_reference_radii_KBO_coverage_unknown,estimated_KBO_angle_unvalidated,False,False,unavailable_unseen_stadium_bias
2020,65764,김민우,Right,-33.356583779075244,190.08754430331766,0.019815107459633333,-1.0,-0.02394248456509888,186.0,-0.019815107459633333,0.02394248456509888,0.3398437154918206,1.8477733684008713,0.0,0.0,2454,True,49.19868167083123,49.19868167083123,False,False,2.231163595390875,11.99713185164767,,,sum_of_two_90pct_reference_radii_KBO_coverage_unknown,estimated_KBO_angle_unvalidated,False,False,unavailable_unseen_stadium_bias
2020,65769,김범수,Left,17.679965191473407,168.8103461264031,-0.03075835966486821,-1.0,-0.023597743776002524,181.0,0.03075835966486821,0.023597743776002524,-0.19154632117598627,1.6540072877609628,0.0,0.0,1091,False,43.083224308011694,43.083224308011694,False,False,2.231163595390875,11.99713185164767,28.85492886097315,57.31151975505024,sum_of_two_90pct_reference_radii_KBO_coverage_unknown,estimated_KBO_angle_unvalidated,False,False,reference_only_KBO_angle_unvalidated
2020,65933,구창모,Left,80.2840974397453,180.43460523568112,-0.0589396201002102,-1.0,-0.026368751511059874,183.0,0.0589396201002102,0.026368751511059874,-0.7873309595550826,1.758310262081729,0.0,0.0,1378,False,40.32973157511596,40.32973157511596,False,False,2.231163595390875,11.99713185164767,26.101436128077413,54.558027022154505,sum_of_two_90pct_reference_radii_KBO_coverage_unknown,estimated_KBO_angle_unvalidated,False,False,reference_only_KBO_angle_unvalidated
2020,65937,이호중,Right,-42.52346107008374,168.72655462323192,0.037090520822890806,-1.0,-0.00047634936661217865,183.0,-0.037090520822890806,0.00047634936661217865,0.4332532438832603,1.638511790380193,0.0,0.0,93,False,36.89737841064164,,False,False,,,,,sum_of_two_90pct_reference_radii_KBO_coverage_unknown,withheld_small_sample,False,False,withheld_estimate
2020,65949,류진욱,Right,-68.06378232292091,185.7072864617844,0.053211455978823013,-1.0,-0.03366765441716419,189.0,-0.053211455978823013,0.03366765441716419,0.6705103430918316,1.8134118155980543,0.0,0.0,55,True,41.76214109965541,,False,False,,,,,sum_of_two_90pct_reference_radii_KBO_coverage_unknown,withheld_small_sample,False,False,withheld_estimate
2020,66018,김선기,Right,-71.99677011387669,174.75054513180507,0.04606518479673738,-1.0,-0.028781516164310548,187.0,-0.04606518479673738,0.028781516164310548,0.7067408817584643,1.7097261383852864,0.0,0.0,346,False,35.980653642210044,35.980653642210044,False,False,2.231163595390875,11.99713185164767,21.7523581951715,50.20894908924859,sum_of_two_90pct_reference_radii_KBO_coverage_unknown,estimated_KBO_angle_unvalidated,False,False,reference_only_KBO_angle_unvalidated
2020,66039,한승지,Right,-59.88402469459735,185.305319189631,0.058102796269863984,-1.0,-0.024195659768300737,184.0,-0.058102796269863984,0.024195659768300737,0.5956387533182594,1.8030755013496684,0.0,0.0,27,False,44.50925870050775,,False,False,,,,,sum_of_two_90pct_reference_radii_KBO_coverage_unknown,withheld_small_sample,False,False,withheld_estimate
2020,66047,박세진,Left,62.04261738015441,171.50621158680627,-0.05383391903674006,-1.0,-0.01896884103180709,178.0,0.05383391903674006,0.01896884103180709,-0.6148383185965814,1.672169002387546,0.0,0.0,13,False,39.5818901548693,,False,False,,,,,sum_of_two_90pct_reference_radii_KBO_coverage_unknown,withheld_small_sample,False,False,withheld_estimate
2020,66145,김대현,Right,-41.56280114343902,175.82728768772262,0.039593396179009935,-1.0,-0.02401910830990379,188.0,-0.039593396179009935,0.02401910830990379,0.41985789051644706,1.7190275904912053,0.0,0.0,598,True,39.573964551126764,39.573964551126764,False,False,2.231163595390875,11.99713185164767,,,sum_of_two_90pct_reference_radii_KBO_coverage_unknown,estimated_KBO_angle_unvalidated,False,False,unavailable_unseen_stadium_bias
2020,66291,이영하,Right,-49.22524233403618,204.22385524319088,0.04139531125017074,-1.0,-0.046748070875966545,192.0,-0.04139531125017074,0.046748070875966545,0.4891229533740652,1.991504362228401,0.0,0.0,2230,True,52.99450459637847,52.99450459637847,False,False,2.231163595390875,11.99713185164767,,,sum_of_two_90pct_reference_radii_KBO_coverage_unknown,estimated_KBO_angle_unvalidated,False,False,unavailable_unseen_stadium_bias
2020,66305,박승주,Right,-40.22080541263101,180.4326386765088,0.024140013529342193,-1.0,-0.023752344405037006,183.0,-0.024140013529342193,0.023752344405037006,0.40428944253684773,1.7585264760652186,0.0,0.0,122,True,44.526205194669686,44.526205194669686,False,False,2.231163595390875,11.99713185164767,,,sum_of_two_90pct_reference_radii_KBO_coverage_unknown,estimated_KBO_angle_unvalidated,False,False,unavailable_unseen_stadium_bias
2020,66557,한승혁,Left,62.15360267097057,197.76437007947334,-0.041173786646464046,-1.0,-0.03094898279900242,189.0,0.041173786646464046,0.03094898279900242,-0.6142523895990754,1.9213557602558327,0.0,0.0,123,False,49.34218823229363,49.34218823229363,False,False,2.231163595390875,11.99713185164767,35.11389278525509,63.57048367933217,sum_of_two_90pct_reference_radii_KBO_coverage_unknown,estimated_KBO_angle_unvalidated,False,False,reference_only_KBO_angle_unvalidated
2020,66609,전상현,Right,-43.63975219543518,178.10497682809037,0.030443908508412793,-1.0,-0.030462294719714435,180.0,-0.030443908508412793,0.030462294719714435,0.43523076640307007,1.7402861273122923,0.0,0.0,791,True,44.51709811005561,44.51709811005561,False,False,2.231163595390875,11.99713185164767,,,sum_of_two_90pct_reference_radii_KBO_coverage_unknown,estimated_KBO_angle_unvalidated,False,False,unavailable_unseen_stadium_bias
2020,66630,김현준,Right,-50.46294420670478,174.7035022479423,0.0372727357223384,-1.0,-0.027106339862355566,182.0,-0.0372727357223384,0.027106339862355566,0.5016852431388231,1.7078110572181253,0.0,0.0,293,True,40.74146566619273,40.74146566619273,False,False,2.231163595390875,11.99713185164767,,,sum_of_two_90pct_reference_radii_KBO_coverage_unknown,estimated_KBO_angle_unvalidated,False,False,unavailable_unseen_stadium_bias
2020,66660,남하준,Right,-69.01046159148991,187.26691287395465,0.053312362277251724,-1.0,-0.030984550380600127,182.0,-0.053312362277251724,0.030984550380600127,0.6791101448057096,1.8234246211653846,0.0,0.0,314,True,45.92130213541663,45.92130213541663,False,False,2.231163595390875,11.99713185164767,,,sum_of_two_90pct_reference_radii_KBO_coverage_unknown,estimated_KBO_angle_unvalidated,False,False,unavailable_unseen_stadium_bias
2020,66663,서덕원,Right,-93.94854714392189,157.5576147073469,0.06933678883486452,-1.0,-0.011449436427008824,183.0,-0.06933678883486452,0.011449436427008824,0.9203302577015439,1.5409032419618516,0.0,0.0,230,True,24.88375580254458,24.88375580254458,False,False,2.231163595390875,11.99713185164767,,,sum_of_two_90pct_reference_radii_KBO_coverage_unknown,estimated_KBO_angle_unvalidated,False,False,unavailable_unseen_stadium_bias
2020,66801,김찬호,Right,-23.159950411508028,186.20453103751763,0.01274747432958755,-1.0,-0.014732272746518147,179.0,-0.01274747432958755,0.014732272746518147,0.2434334524731716,1.8050209071883785,0.0,0.0,57,False,51.27291034870393,,False,False,,,,,sum_of_two_90pct_reference_radii_KBO_coverage_unknown,withheld_small_sample,False,False,withheld_estimate
2020,66859,김주한,Right,-87.57751373841636,139.23886659799686,0.0762084819428189,-1.0,0.007262743783134739,184.0,-0.0762084819428189,-0.007262743783134739,0.8650448088728929,1.3643399246739427,0.0,0.0,858,True,13.875766708354458,13.875766708354458,False,False,2.231163595390875,11.99713185164767,,,sum_of_two_90pct_reference_radii_KBO_coverage_unknown,estimated_KBO_angle_unvalidated,False,False,unavailable_unseen_stadium_bias
2020,66920,최성영,Left,52.116039328413834,179.24232326484935,-0.04236887979819985,-1.0,-0.021976042376970626,180.0,0.04236887979819985,0.021976042376970626,-0.5193580986533068,1.7453079826025897,0.0,0.0,1077,True,44.34012887721015,44.34012887721015,False,False,2.231163595390875,11.99713185164767,,,sum_of_two_90pct_reference_radii_KBO_coverage_unknown,estimated_KBO_angle_unvalidated,False,False,unavailable_unseen_stadium_bias
2020,66960,정수민,Right,-38.19283042915324,193.36251553162734,0.02829996892817544,-1.0,-0.03292643158619268,188.0,-0.02829996892817544,0.03292643158619268,0.38508874663699677,1.88353042295444,0.0,0.0,238,True,49.792987447870544,49.792987447870544,False,False,2.231163595390875,11.99713185164767,,,sum_of_two_90pct_reference_radii_KBO_coverage_unknown,estimated_KBO_angle_unvalidated,False,False,unavailable_unseen_stadium_bias
2020,67008,이대은,Right,-69.19321551691476,181.4636560653652,0.05992956603360693,-1.0,-0.01700696043069318,189.0,-0.05992956603360693,0.01700696043069318,0.6861982899606517,1.7650291020063629,0.0,0.0,517,False,38.625604149766886,38.625604149766886,False,False,2.231163595390875,11.99713185164767,24.397308702728342,52.853899596805434,sum_of_two_90pct_reference_radii_KBO_coverage_unknown,estimated_KBO_angle_unvalidated,False,False,reference_only_KBO_angle_unvalidated
2020,67045,조병욱,Right,-69.03725490904499,184.5282279433976,0.054247964939178335,-1.0,-0.02633376408253237,185.0,-0.054247964939178335,0.02633376408253237,0.6810051109511184,1.7968562179287353,0.0,0.0,497,True,42.669548701320146,42.669548701320146,False,False,2.231163595390875,11.99713185164767,,,sum_of_two_90pct_reference_radii_KBO_coverage_unknown,estimated_KBO_angle_unvalidated,False,False,unavailable_unseen_stadium_bias
2020,67119,고우석,Right,-44.03217929837902,164.96071670541164,0.034031375646861914,-1.0,-0.015784059482656942,182.0,-0.034031375646861914,0.015784059482656942,0.44273206906446627,1.6128963694559484,0.0,0.0,713,True,35.6840506190779,35.6840506190779,False,False,2.231163595390875,11.99713185164767,,,sum_of_two_90pct_reference_radii_KBO_coverage_unknown,estimated_KBO_angle_unvalidated,False,False,unavailable_unseen_stadium_bias
2020,67164,이찬혁,Right,-75.10285997991754,150.62988855984773,0.06459932906573923,-1.0,-0.005253234639242269,187.0,-0.06459932906573923,0.005253234639242269,0.743464788260091,1.4769063830718905,0.0,0.0,73,False,21.161492575877947,,False,False,,,,,sum_of_two_90pct_reference_radii_KBO_coverage_unknown,withheld_small_sample,False,False,withheld_estimate
2020,67246,김명신,Right,-30.453489550627765,180.8462125802636,0.028279496518816883,-1.0,-0.019316050577972366,178.0,-0.028279496518816883,0.019316050577972366,0.3130856385786006,1.7587032138662126,0.0,0.0,269,True,48.11070666811222,48.11070666811222,False,False,2.231163595390875,11.99713185164767,,,sum_of_two_90pct_reference_radii_KBO_coverage_unknown,estimated_KBO_angle_unvalidated,False,False,unavailable_unseen_stadium_bias
2020,67259,문원,Right,-39.49423612185378,198.56712923485853,0.035546005874665595,-1.0,-0.026266913324123408,187.0,-0.035546005874665595,0.026266913324123408,0.40037292208332975,1.9266109132576001,0.0,0.0,112,False,52.68583584570791,52.68583584570791,False,False,2.231163595390875,11.99713185164767,38.457540398669366,66.91413129274646,sum_of_two_90pct_reference_radii_KBO_coverage_unknown,estimated_KBO_angle_unvalidated,False,False,reference_only_KBO_angle_unvalidated
2020,67263,최원준,Right,-114.01479829055548,108.4976504166431,0.09182833890813384,-1.0,0.0331269968945155,182.0,-0.09182833890813384,-0.0331269968945155,1.1214101057450891,1.0674704159920188,0.0,0.0,2153,True,-7.776201574971033,-7.776201574971033,False,False,2.231163595390875,11.99713185164767,,,sum_of_two_90pct_reference_radii_KBO_coverage_unknown,estimated_KBO_angle_unvalidated,False,False,unavailable_unseen_stadium_bias
2020,67266,박치국,Right,-85.97019281548134,114.03503396771703,0.07530356324125469,-1.0,0.025253473135318994,177.0,-0.07530356324125469,-0.025253473135318994,0.8515939164450972,1.122223457350126,0.0,0.0,1217,True,1.520870155731103,1.520870155731103,False,False,2.231163595390875,11.99713185164767,,,sum_of_two_90pct_reference_radii_KBO_coverage_unknown,estimated_KBO_angle_unvalidated,False,False,unavailable_unseen_stadium_bias
2020,67313,브리검,Right,-74.68030779200734,188.43419738829857,0.04843086659996686,-1.0,-0.026123484076095205,190.0,-0.04843086659996686,0.026123484076095205,0.7344579586098087,1.8333860969123355,0.0,0.0,1846,True,41.76842159711399,41.76842159711399,False,False,2.231163595390875,11.99713185164767,,,sum_of_two_90pct_reference_radii_KBO_coverage_unknown,estimated_KBO_angle_unvalidated,False,False,unavailable_unseen_stadium_bias
2020,67365,양지율,Right,-44.540202085015295,163.29756133024185,0.030104516700540415,-1.0,-0.026229564049324406,185.0,-0.030104516700540415,0.026229564049324406,0.4446372211589582,1.6049374850949198,0.0,0.0,383,False,33.80087386322017,33.80087386322017,False,False,2.231163595390875,11.99713185164767,19.572578416181624,48.02916931025871,sum_of_two_90pct_reference_radii_KBO_coverage_unknown,estimated_KBO_angle_unvalidated,False,False,reference_only_KBO_angle_unvalidated
2020,67391,김재웅,Left,20.189024704046037,175.15345215003094,-0.024312986090759357,-1.0,-0.028769291042616066,171.0,0.024312986090759357,0.028769291042616066,-0.21167895690568317,1.7107825305645905,0.0,1.0,1040,True,50.71417741288949,,False,True,,,,,sum_of_two_90pct_reference_radii_KBO_coverage_unknown,withheld_bridge_extrapolation,False,False,withheld_estimate
2020,67421,최지광,Right,-50.79807748580402,174.5528496218622,0.03417604533118445,-1.0,-0.025269991443688123,173.0,-0.03417604533118445,0.025269991443688123,0.503361604310179,1.702025220163721,0.0,0.0,779,True,44.896465259762905,44.896465259762905,False,False,2.231163595390875,11.99713185164767,,,sum_of_two_90pct_reference_radii_KBO_coverage_unknown,estimated_KBO_angle_unvalidated,False,False,unavailable_unseen_stadium_bias
2020,67443,장지훈,Right,-53.035437226567765,183.27185555269833,0.03739341728197997,-1.0,-0.03489524650652123,190.0,-0.03739341728197997,0.03489524650652123,0.5258376608080472,1.7929625130126858,0.0,0.0,606,True,41.7161251360451,41.7161251360451,False,False,2.231163595390875,11.99713185164767,,,sum_of_two_90pct_reference_radii_KBO_coverage_unknown,estimated_KBO_angle_unvalidated,False,False,unavailable_unseen_stadium_bias
2020,67591,강동호,Right,-46.57456011767634,187.00082812798587,0.03424751903621586,-1.0,-0.025235994311897325,189.0,-0.03424751903621586,0.025235994311897325,0.4668700992287969,1.821073492690768,0.0,0.0,191,False,44.59700042518362,44.59700042518362,False,False,2.231163595390875,11.99713185164767,30.36870497814508,58.82529587222217,sum_of_two_90pct_reference_radii_KBO_coverage_unknown,estimated_KBO_angle_unvalidated,False,False,reference_only_KBO_angle_unvalidated
2020,67603,이승호,Left,57.39397990115158,181.64491567053986,-0.048994255465275145,-1.0,-0.0282149224840836,187.0,0.048994255465275145,0.0282149224840836,-0.5699278268985284,1.7731794300837804,0.0,0.0,1941,True,42.01497154925961,42.01497154925961,False,False,2.231163595390875,11.99713185164767,,,sum_of_two_90pct_reference_radii_KBO_coverage_unknown,estimated_KBO_angle_unvalidated,False,False,unavailable_unseen_stadium_bias
2020,67646,박진태,Right,-72.57079958418788,124.56871275912225,0.07320633184030499,-1.0,0.03768312746217599,180.0,-0.07320633184030499,-0.03768312746217599,0.729065315256709,1.2124528402976784,0.0,0.0,383,True,7.839335606772529,7.839335606772529,False,False,2.231163595390875,11.99713185164767,,,sum_of_two_90pct_reference_radii_KBO_coverage_unknown,estimated_KBO_angle_unvalidated,False,False,unavailable_unseen_stadium_bias
2020,67703,박상원,Right,-72.7107387193528,183.13247853932074,0.0514569699447938,-1.0,-0.02854357011939078,187.0,-0.0514569699447938,0.02854357011939078,0.7149162409480756,1.7858497131333428,0.0,0.0,974,True,40.589593537340996,40.589593537340996,False,False,2.231163595390875,11.99713185164767,,,sum_of_two_90pct_reference_radii_KBO_coverage_unknown,estimated_KBO_angle_unvalidated,False,False,unavailable_unseen_stadium_bias
2020,67711,김기탁,Left,37.26913201869682,184.44976999413362,-0.04853517306717556,-1.0,-0.026941966040378455,182.0,0.04853517306717556,0.026941966040378455,-0.37956771270310186,1.7975795708670135,0.0,0.0,162,True,48.372020630293314,48.372020630293314,False,False,2.231163595390875,11.99713185164767,,,sum_of_two_90pct_reference_radii_KBO_coverage_unknown,estimated_KBO_angle_unvalidated,False,False,unavailable_unseen_stadium_bias
2020,67737,김진영,Right,-52.461826264870304,174.99756440179482,0.037437574900651645,-1.0,-0.028321459333695176,180.0,-0.037437574900651645,0.028321459333695176,0.5199677319927126,1.710358927629558,0.0,0.0,946,True,41.667632505837645,41.667632505837645,False,False,2.231163595390875,11.99713185164767,,,sum_of_two_90pct_reference_radii_KBO_coverage_unknown,estimated_KBO_angle_unvalidated,False,False,unavailable_unseen_stadium_bias
2020,67828,김성민,Left,62.97661620101309,165.3342892112421,-0.06279360310588643,-1.0,-0.0033547905755858228,181.0,0.06279360310588643,0.0033547905755858228,-0.6291352970788486,1.6080470417066153,0.0,0.0,422,True,34.026317390487385,34.026317390487385,False,False,2.231163595390875,11.99713185164767,,,sum_of_two_90pct_reference_radii_KBO_coverage_unknown,estimated_KBO_angle_unvalidated,False,False,unavailable_unseen_stadium_bias
2020,67863,이원준,Right,-61.3842265962876,190.59342790596767,0.04457177780399845,-1.0,-0.03741182215030318,190.0,-0.04457177780399845,0.03741182215030318,0.605603425730299,1.860601474521193,0.0,0.0,390,False,44.85718928904569,44.85718928904569,False,False,2.231163595390875,11.99713185164767,30.628893842007148,59.08548473608424,sum_of_two_90pct_reference_radii_KBO_coverage_unknown,estimated_KBO_angle_unvalidated,False,False,reference_only_KBO_angle_unvalidated
2020,67954,김진호,Right,-76.8588321767766,167.13432180653518,0.07326659414215655,-1.0,-0.0034441926999194184,183.0,-0.07326659414215655,0.0034441926999194184,0.7622531338888436,1.6244871359925872,0.0,0.0,194,False,31.998755777732615,31.998755777732615,False,False,2.231163595390875,11.99713185164767,17.77046033069407,46.22705122477116,sum_of_two_90pct_reference_radii_KBO_coverage_unknown,estimated_KBO_angle_unvalidated,False,False,reference_only_KBO_angle_unvalidated
2020,67956,김태현,Left,74.32409418019701,193.84079806724358,-0.058539392758259014,-1.0,-0.03297712095494241,188.0,0.058539392758259014,0.03297712095494241,-0.7309706119816685,1.886245567231584,0.0,0.0,48,False,46.33401287279961,,False,False,,,,,sum_of_two_90pct_reference_radii_KBO_coverage_unknown,withheld_small_sample,False,False,withheld_estimate
2020,67962,소이현,Right,-32.978326168828204,180.0130455451923,0.032363095442073046,-1.0,-0.03428817759731189,185.0,-0.032363095442073046,0.03428817759731189,0.3348470294066796,1.7625242315056169,0.0,0.0,249,False,44.66867509815391,44.66867509815391,False,False,2.231163595390875,11.99713185164767,30.440379651115368,58.89697054519246,sum_of_two_90pct_reference_radii_KBO_coverage_unknown,estimated_KBO_angle_unvalidated,False,False,reference_only_KBO_angle_unvalidated
2020,68043,김민,Right,-58.682696848248426,173.42029735914736,0.037743679105312344,-1.0,-0.016408419936616687,185.0,-0.037743679105312344,0.016408419936616687,0.5824722718705604,1.6902326060752326,0.0,0.0,773,False,37.22919195577229,37.22919195577229,False,False,2.231163595390875,11.99713185164767,23.00089650873375,51.45748740281084,sum_of_two_90pct_reference_radii_KBO_coverage_unknown,estimated_KBO_angle_unvalidated,False,False,reference_only_KBO_angle_unvalidated
2020,68135,윌슨,Right,-51.45879899141381,190.21671774669292,0.02656302922960474,-1.0,-0.022982812117226133,188.0,-0.02656302922960474,0.022982812117226133,0.5123704671404302,1.847978071571575,0.0,0.0,2329,True,46.16796645462403,46.16796645462403,False,False,2.231163595390875,11.99713185164767,,,sum_of_two_90pct_reference_radii_KBO_coverage_unknown,estimated_KBO_angle_unvalidated,False,False,unavailable_unseen_stadium_bias
2020,68200,김민규,Right,-50.83985351053589,176.66355066763026,0.04243859486347313,-1.0,-0.02716960402201065,183.0,-0.04243859486347313,0.02716960402201065,0.506328565726652,1.7261492745857767,0.0,0.0,994,True,41.319143330620264,41.319143330620264,False,False,2.231163595390875,11.99713185164767,,,sum_of_two_90pct_reference_radii_KBO_coverage_unknown,estimated_KBO_angle_unvalidated,False,False,unavailable_unseen_stadium_bias
2020,68207,배창현,Left,63.176542078978386,178.0338159986685,-0.044745549701629736,-1.0,-0.030471635946416716,183.0,0.044745549701629736,0.030471635946416716,-0.6223990476275395,1.7397457498786375,0.0,0.0,13,False,41.22420662347173,,False,False,,,,,sum_of_two_90pct_reference_radii_KBO_coverage_unknown,withheld_small_sample,False,False,withheld_estimate
2020,68249,박신지,Right,-71.12640782960366,187.7417350424027,0.059035163213294085,-1.0,-0.01645145875292505,185.0,-0.059035163213294085,0.01645145875292505,0.7041914254470579,1.8201383957512431,0.0,0.0,67,True,43.866658864865066,,False,False,,,,,sum_of_two_90pct_reference_radii_KBO_coverage_unknown,withheld_small_sample,False,False,withheld_estimate
2020,68341,안우진,Right,-30.156851366535964,179.836656637233,0.0249716252800903,-1.0,-0.0356987899226913,192.0,-0.0249716252800903,0.0356987899226913,0.30780377643061735,1.764216235717503,0.0,0.0,580,True,41.85411703358184,41.85411703358184,False,False,2.231163595390875,11.99713185164767,,,sum_of_two_90pct_reference_radii_KBO_coverage_unknown,estimated_KBO_angle_unvalidated,False,False,unavailable_unseen_stadium_bias
2020,68403,김무신,Right,-30.938759524633976,187.48952957310635,0.02316800577759598,-1.0,-0.035309733148407976,183.0,-0.02316800577759598,0.035309733148407976,0.3140207404947951,1.8301944394886736,0.0,0.0,1006,True,49.941680023775554,49.941680023775554,False,False,2.231163595390875,11.99713185164767,,,sum_of_two_90pct_reference_radii_KBO_coverage_unknown,estimated_KBO_angle_unvalidated,False,False,unavailable_unseen_stadium_bias
2020,68415,양창섭,Right,-47.60417192737295,182.55811729725605,0.03908344677884055,-1.0,-0.02694631738104123,182.0,-0.03908344677884055,0.02694631738104123,0.475514554955385,1.7793359592523443,0.0,0.0,105,True,45.435225241995965,45.435225241995965,False,False,2.231163595390875,11.99713185164767,,,sum_of_two_90pct_reference_radii_KBO_coverage_unknown,estimated_KBO_angle_unvalidated,False,False,unavailable_unseen_stadium_bias
2020,68419,최지명,Left,73.86617648190548,188.53956891518214,-0.052804278678023835,-1.0,-0.028660673332159187,186.0,0.052804278678023835,0.028660673332159187,-0.7261820254281095,1.8346433033087324,0.0,0.0,2515,True,44.25594576392907,44.25594576392907,False,False,2.231163595390875,11.99713185164767,,,sum_of_two_90pct_reference_radii_KBO_coverage_unknown,estimated_KBO_angle_unvalidated,False,False,unavailable_unseen_stadium_bias
2020,68529,이승헌,Right,-81.77871943119489,185.75329858189778,0.06961142950054458,-1.0,-0.02916218197561309,196.0,-0.06961142950054458,0.02916218197561309,0.8048514865433573,1.8131476596712772,0.0,0.0,651,True,36.728080891250386,36.728080891250386,False,False,2.231163595390875,11.99713185164767,,,sum_of_two_90pct_reference_radii_KBO_coverage_unknown,estimated_KBO_angle_unvalidated,False,False,unavailable_unseen_stadium_bias
2020,68701,김진욱,Right,-53.879465704381374,175.3547333867358,0.036595041661600505,-1.0,-0.008693994518992259,176.0,-0.036595041661600505,0.008693994518992259,0.5375720819049696,1.7003100747816058,0.0,0.0,837,False,42.855525995956675,42.855525995956675,False,False,2.231163595390875,11.99713185164767,28.62723054891813,57.083821442995216,sum_of_two_90pct_reference_radii_KBO_coverage_unknown,estimated_KBO_angle_unvalidated,False,False,reference_only_KBO_angle_unvalidated
2020,68703,박성웅,Left,56.5689478522797,180.7618751291098,-0.057975518684633846,-1.0,-0.02311523556844636,178.0,0.057975518684633846,0.02311523556844636,-0.5633469326569118,1.7592645943738092,0.0,0.01279317697228145,469,False,45.617249784613605,45.617249784613605,False,False,2.231163595390875,11.99713185164767,31.38895433757506,59.84554523165215,sum_of_two_90pct_reference_radii_KBO_coverage_unknown,estimated_KBO_angle_unvalidated,False,False,reference_only_KBO_angle_unvalidated
2020,68900,김영규,Left,56.81197342553844,191.9713452988335,-0.039464270706084645,-1.0,-0.030640188347379752,188.0,0.039464270706084645,0.030640188347379752,-0.5631134856237174,1.8685261128133244,0.0,0.0,1172,False,47.31480790205341,47.31480790205341,False,False,2.231163595390875,11.99713185164767,33.08651245501487,61.54310334909195,sum_of_two_90pct_reference_radii_KBO_coverage_unknown,estimated_KBO_angle_unvalidated,False,False,reference_only_KBO_angle_unvalidated
2020,68902,신민혁,Right,-44.84189935182193,176.00161342136673,0.03623928161265952,-1.0,-0.012221949738914533,184.0,-0.03623928161265952,0.012221949738914533,0.4526388741773572,1.7117850808378499,0.0,0.0,714,True,40.61644818478737,40.61644818478737,False,False,2.231163595390875,11.99713185164767,,,sum_of_two_90pct_reference_radii_KBO_coverage_unknown,estimated_KBO_angle_unvalidated,False,False,unavailable_unseen_stadium_bias
2020,68910,이승헌,Left,59.80823933528708,176.06658773948195,-0.04466381307477035,-1.0,-0.0009868116417610527,180.0,0.04466381307477035,0.0009868116417610527,-0.5974623304549662,1.7034132939123623,0.0,0.0,45,True,40.76802998783127,,False,False,,,,,sum_of_two_90pct_reference_radii_KBO_coverage_unknown,withheld_small_sample,False,False,withheld_estimate
2020,69032,쿠에바스,Right,-59.63481119933729,176.3461390891875,0.04212289829883023,-1.0,-0.022216992684058974,188.0,-0.04212289829883023,0.022216992684058974,0.5913465519075977,1.7214238379079778,0.0,0.0,2522,True,37.57589528703891,37.57589528703891,False,False,2.231163595390875,11.99713185164767,,,sum_of_two_90pct_reference_radii_KBO_coverage_unknown,estimated_KBO_angle_unvalidated,False,False,unavailable_unseen_stadium_bias
2020,69041,손동현,Right,-33.13519161992928,176.0876199826185,0.02766812281295069,-1.0,-0.02568202313655225,183.0,-0.02766812281295069,0.02568202313655225,0.3372004507446659,1.7208423275009268,0.0,0.0,341,False,43.098422034797395,43.098422034797395,False,False,2.231163595390875,11.99713185164767,28.87012658775885,57.32671748183594,sum_of_two_90pct_reference_radii_KBO_coverage_unknown,estimated_KBO_angle_unvalidated,False,False,reference_only_KBO_angle_unvalidated
2020,69045,알칸타라,Right,-41.37792068173833,177.87224033520954,0.04308447396181096,-1.0,-0.0318882209401029,193.0,-0.04308447396181096,0.0318882209401029,0.41760384947364565,1.7442134570026724,0.0,0.0,3140,True,38.7759148260263,38.7759148260263,False,False,2.231163595390875,11.99713185164767,,,sum_of_two_90pct_reference_radii_KBO_coverage_unknown,estimated_KBO_angle_unvalidated,False,False,unavailable_unseen_stadium_bias
2020,69054,이상동,Right,-64.1018710626263,180.97848667072586,0.04641999572629284,-1.0,-0.026134248119733382,181.0,-0.04641999572629284,0.026134248119733382,0.6323597375147548,1.7631776756140483,0.0,0.0,112,False,43.17095632674521,43.17095632674521,False,False,2.231163595390875,11.99713185164767,28.94266087970667,57.39925177378376,sum_of_two_90pct_reference_radii_KBO_coverage_unknown,estimated_KBO_angle_unvalidated,False,False,reference_only_KBO_angle_unvalidated
2020,69068,이선우,Right,-98.3844735871337,116.67688286891138,0.07807985465261752,-1.0,0.028948898828412846,186.0,-0.07807985465261752,-0.028948898828412846,0.9717788243135624,1.1463878750758745,0.0,0.0,51,False,-2.1725649225213104,,False,False,,,,,sum_of_two_90pct_reference_radii_KBO_coverage_unknown,withheld_small_sample,False,False,withheld_estimate
2020,69098,김성훈,Right,-48.81066132715558,160.0526474356262,0.021275817024985978,-1.0,-0.016060932675491194,181.0,-0.021275817024985978,0.016060932675491194,0.48528393199105435,1.5673581826406104,0.0,0.0,55,False,32.81007513805807,,False,False,,,,,sum_of_two_90pct_reference_radii_KBO_coverage_unknown,withheld_small_sample,False,False,withheld_estimate
2020,69103,켈리,Right,-56.229952193009794,193.64785257033645,0.04248097460147037,-1.0,-0.03241338442670777,191.0,-0.04248097460147037,0.03241338442670777,0.5582358456188317,1.886021704559138,0.0,0.0,2612,True,46.42252886842676,46.42252886842676,False,False,2.231163595390875,11.99713185164767,,,sum_of_two_90pct_reference_radii_KBO_coverage_unknown,estimated_KBO_angle_unvalidated,False,False,unavailable_unseen_stadium_bias
2020,69104,남호,Left,44.57620145107846,188.0039170287465,-0.027577834239181635,-1.0,-0.02813100402826082,182.0,0.027577834239181635,0.02813100402826082,-0.4451472219667097,1.8293636022485467,0.0,0.0,341,False,49.40697827520721,49.40697827520721,False,False,2.231163595390875,11.99713185164767,35.17868282816866,63.635273722245756,sum_of_two_90pct_reference_radii_KBO_coverage_unknown,estimated_KBO_angle_unvalidated,False,False,reference_only_KBO_angle_unvalidated
2020,69111,한선태,Right,-100.04206119825481,119.44113877455821,0.08474379615566505,-1.0,0.027100721713280197,183.0,-0.08474379615566505,-0.027100721713280197,0.9877001417721771,1.1716351862705046,0.0,0.0,29,False,0.3987867522237565,,False,False,,,,,sum_of_two_90pct_reference_radii_KBO_coverage_unknown,withheld_small_sample,False,False,withheld_estimate
2020,69134,이정용,Right,-24.193649498565975,181.78104175151415,0.03042383368350725,-1.0,-0.03273755693674349,186.0,-0.03042383368350725,0.03273755693674349,0.25227798861572326,1.7785913848297246,0.0,0.0,583,True,46.21064887832518,46.21064887832518,False,False,2.231163595390875,11.99713185164767,,,sum_of_two_90pct_reference_radii_KBO_coverage_unknown,estimated_KBO_angle_unvalidated,False,False,unavailable_unseen_stadium_bias
2020,69159,정우영,Right,-77.74882968214192,129.76709392035553,0.062228435066527414,-1.0,0.01709804503152503,193.0,-0.062228435066527414,-0.01709804503152503,0.7734082463845832,1.2758704671664962,0.0,0.0,1128,True,5.9600040754336945,5.9600040754336945,False,False,2.231163595390875,11.99713185164767,,,sum_of_two_90pct_reference_radii_KBO_coverage_unknown,estimated_KBO_angle_unvalidated,False,False,unavailable_unseen_stadium_bias
2020,69205,이교훈,Left,66.78415516983388,180.15084409926618,-0.04841109033233331,-1.0,-0.010460281358314132,181.0,0.04841109033233331,0.010460281358314132,-0.6619202623446845,1.7461500064743058,0.0,0.0,88,False,42.09557462421129,,False,False,,,,,sum_of_two_90pct_reference_radii_KBO_coverage_unknown,withheld_small_sample,False,False,withheld_estimate
2020,69328,박주성,Right,-39.34144303613889,161.7334920462852,0.03150662845003656,-1.0,-0.029496254620524198,181.0,-0.03150662845003656,0.029496254620524198,0.39421127827337354,1.5916897071929865,0.0,0.0,37,False,35.49658912740772,,False,False,,,,,sum_of_two_90pct_reference_radii_KBO_coverage_unknown,withheld_small_sample,False,False,withheld_estimate
2020,69343,요키시,Left,77.48045348050456,181.6336969670453,-0.06542534618366136,-1.0,-0.022335790455970724,188.0,0.06542534618366136,0.022335790455970724,-0.7637967803120915,1.7689797138237011,0.0,0.0,2413,True,38.803701043233254,38.803701043233254,False,False,2.231163595390875,11.99713185164767,,,sum_of_two_90pct_reference_radii_KBO_coverage_unknown,estimated_KBO_angle_unvalidated,False,False,unavailable_unseen_stadium_bias
2020,69360,조영건,Right,-44.01140662433798,173.87427031418378,0.032843647983251525,-1.0,-0.02582452927647957,180.0,-0.032843647983251525,0.02582452927647957,0.44003242098611894,1.6991294274264777,0.0,0.0,800,True,41.93539258875843,41.93539258875843,False,False,2.231163595390875,11.99713185164767,,,sum_of_two_90pct_reference_radii_KBO_coverage_unknown,estimated_KBO_angle_unvalidated,False,False,unavailable_unseen_stadium_bias
2020,69399,윤정현,Left,92.7091386534393,187.1785295891744,-0.07083479215559439,-1.0,-0.02780476163782559,186.0,0.07083479215559439,0.02780476163782559,-0.9070457955798481,1.820974859594308,0.0,0.0,498,True,41.31698026997769,41.31698026997769,False,False,2.231163595390875,11.99713185164767,,,sum_of_two_90pct_reference_radii_KBO_coverage_unknown,estimated_KBO_angle_unvalidated,False,False,unavailable_unseen_stadium_bias
2020,69439,라이블리,Right,-52.648065686056,154.61036274025471,0.03585930001430649,-1.0,-0.005261380235679027,193.0,-0.03585930001430649,0.005261380235679027,0.5281568230246485,1.51590876656888,0.0,0.0,1986,True,23.8352201945174,23.8352201945174,False,False,2.231163595390875,11.99713185164767,,,sum_of_two_90pct_reference_radii_KBO_coverage_unknown,estimated_KBO_angle_unvalidated,False,False,unavailable_unseen_stadium_bias
2020,69446,원태인,Right,-35.79991869069511,174.0218973047338,0.028983151705650443,-1.0,-0.02347638792817074,183.0,-0.028983151705650443,0.02347638792817074,0.3629945402297514,1.7006051304794807,0.0,0.0,2371,True,41.5519653801439,41.5519653801439,False,False,2.231163595390875,11.99713185164767,,,sum_of_two_90pct_reference_radii_KBO_coverage_unknown,estimated_KBO_angle_unvalidated,False,False,unavailable_unseen_stadium_bias
2020,69516,김현수,Right,-49.64720379348678,179.52119055022965,0.03728911944063316,-1.0,-0.019552195034176736,185.0,-0.03728911944063316,0.019552195034176736,0.4966878225907535,1.7481809932266812,0.0,0.0,621,True,41.79949503829998,41.79949503829998,False,False,2.231163595390875,11.99713185164767,,,sum_of_two_90pct_reference_radii_KBO_coverage_unknown,estimated_KBO_angle_unvalidated,False,False,unavailable_unseen_stadium_bias
2020,69539,서준원,Right,-73.48232291886137,137.16582963881984,0.051428001925928925,-1.0,0.008161501644306622,185.0,-0.051428001925928925,-0.008161501644306622,0.7283239358065721,1.3455515338484871,0.0,0.0,1840,True,14.107656252074673,14.107656252074673,False,False,2.231163595390875,11.99713185164767,,,sum_of_two_90pct_reference_radii_KBO_coverage_unknown,estimated_KBO_angle_unvalidated,False,False,unavailable_unseen_stadium_bias
2020,69620,김기훈,Left,49.791064511103635,192.48429364442023,-0.04283224246186573,-1.0,-0.0362221343959893,184.0,0.04283224246186573,0.0362221343959893,-0.4953397064198178,1.8757285699701818,0.0,0.0,999,True,50.56578028699414,50.56578028699414,False,False,2.231163595390875,11.99713185164767,,,sum_of_two_90pct_reference_radii_KBO_coverage_unknown,estimated_KBO_angle_unvalidated,False,False,unavailable_unseen_stadium_bias
2020,69646,양승철,Right,-84.38960677825233,185.54012518302218,0.07187672483212332,-1.0,-0.014321209360730737,193.0,-0.07187672483212332,0.014321209360730737,0.8331238834221469,1.8011499037020946,0.0,0.0,558,True,37.18365434952466,37.18365434952466,False,False,2.231163595390875,11.99713185164767,,,sum_of_two_90pct_reference_radii_KBO_coverage_unknown,estimated_KBO_angle_unvalidated,False,False,unavailable_unseen_stadium_bias
2020,69703,오동욱,Right,-103.79404068408284,121.87980746395996,0.07082305319067991,-1.0,0.03700906987732433,185.0,-0.07082305319067991,-0.03700906987732433,1.02390270687982,1.1878442470697073,0.0,0.0,230,False,0.133784231672621,0.133784231672621,False,False,2.231163595390875,11.99713185164767,-14.094511215365923,14.362079678711165,sum_of_two_90pct_reference_radii_KBO_coverage_unknown,estimated_KBO_angle_unvalidated,False,False,reference_only_KBO_angle_unvalidated
2020,69737,노시환,Right,-70.7730976653693,174.42679968272964,0.037117822044261804,-1.0,-0.018111858324462132,185.0,-0.037117822044261804,0.018111858324462132,0.6961363433629891,1.6994910054068981,0.0,0.0,21,False,36.45867791210448,,False,False,,,,,sum_of_two_90pct_reference_radii_KBO_coverage_unknown,withheld_small_sample,False,False,withheld_estimate
2020,69744,서폴드,Right,-72.34513460594515,192.58862596781483,0.05503857355793429,-1.0,-0.029895159746996153,188.0,-0.05503857355793429,0.029895159746996153,0.7124389736273069,1.8730577235206889,0.0,0.0,2738,True,45.48293924287869,45.48293924287869,False,False,2.231163595390875,11.99713185164767,,,sum_of_two_90pct_reference_radii_KBO_coverage_unknown,estimated_KBO_angle_unvalidated,False,False,unavailable_unseen_stadium_bias
2020,69745,김도현,Right,-58.08981582516631,189.92968534176407,0.03725554470974207,-1.0,-0.028148972224143656,183.0,-0.03725554470974207,0.028148972224143656,0.5745240117241559,1.8465494616028901,0.0,0.0,1293,True,47.94258418063238,47.94258418063238,False,False,2.231163595390875,11.99713185164767,,,sum_of_two_90pct_reference_radii_KBO_coverage_unknown,estimated_KBO_angle_unvalidated,False,False,unavailable_unseen_stadium_bias
2020,69748,채드벨,Left,41.328210210585205,194.43093879639147,-0.04372238206899616,-1.0,-0.03484615528444188,190.0,0.04372238206899616,0.03484615528444188,-0.41703091722182856,1.895365601730681,0.0,0.0,1362,False,49.8252247634092,49.8252247634092,False,False,2.231163595390875,11.99713185164767,35.59692931637066,64.05352021044774,sum_of_two_90pct_reference_radii_KBO_coverage_unknown,estimated_KBO_angle_unvalidated,False,False,reference_only_KBO_angle_unvalidated
2020,69813,하재훈,Right,-16.355498814687078,195.1574247836768,0.012838156429764151,-1.0,-0.037830172664768486,182.0,-0.012838156429764151,0.037830172664768486,0.17439620910082002,1.9017351553575972,0.0,0.4806201550387597,258,False,56.39872165156626,56.39872165156626,False,False,2.231163595390875,11.99713185164767,42.170426204527715,70.62701709860481,sum_of_two_90pct_reference_radii_KBO_coverage_unknown,estimated_KBO_angle_unvalidated,False,False,reference_only_KBO_angle_unvalidated
2020,69839,백승건,Left,50.97074743464906,175.84558127629944,-0.02884891176820978,-1.0,-0.015530059098276356,183.0,0.02884891176820978,0.015530059098276356,-0.5083142902935984,1.7113043125659815,0.0,0.0,661,True,41.00511906332323,41.00511906332323,False,False,2.231163595390875,11.99713185164767,,,sum_of_two_90pct_reference_radii_KBO_coverage_unknown,estimated_KBO_angle_unvalidated,False,False,unavailable_unseen_stadium_bias
2020,69940,루친스키,Right,-77.42654158557337,173.02655552099756,0.05783645699389254,-1.0,-0.017254609548288058,188.0,-0.05783645699389254,0.017254609548288058,0.7628397773840233,1.6875083500912091,0.0,0.0,3004,True,33.46736502127712,33.46736502127712,False,False,2.231163595390875,11.99713185164767,,,sum_of_two_90pct_reference_radii_KBO_coverage_unknown,estimated_KBO_angle_unvalidated,False,False,unavailable_unseen_stadium_bias
2020,69962,송명기,Right,-101.2257811100692,160.70539996105109,0.07943511483504596,-1.0,-0.015445810415429986,191.0,-0.07943511483504596,0.015445810415429986,0.9910998170928248,1.57452386112285,0.0,0.0,1519,True,22.341423311201137,22.341423311201137,False,False,2.231163595390875,11.99713185164767,,,sum_of_two_90pct_reference_radii_KBO_coverage_unknown,estimated_KBO_angle_unvalidated,False,False,unavailable_unseen_stadium_bias
2020,69974,배민서,Right,-79.10530927492847,156.16493160985976,0.06209117558127676,-1.0,-0.01068074120425003,184.0,-0.06209117558127676,0.01068074120425003,0.7793335795822978,1.5289966625992015,0.0,0.0,238,True,25.318434292092626,25.318434292092626,False,False,2.231163595390875,11.99713185164767,,,sum_of_two_90pct_reference_radii_KBO_coverage_unknown,estimated_KBO_angle_unvalidated,False,False,unavailable_unseen_stadium_bias
2020,72447,권혁,Left,59.856642018491456,196.7559281552011,-0.057610410198286076,-1.0,-0.030011158025828197,192.0,0.057610410198286076,0.030011158025828197,-0.595831352989222,1.9133994203655005,0.0,0.0,153,True,47.6149636796456,47.6149636796456,False,False,2.231163595390875,11.99713185164767,,,sum_of_two_90pct_reference_radii_KBO_coverage_unknown,estimated_KBO_angle_unvalidated,False,False,unavailable_unseen_stadium_bias
2020,72523,고효준,Left,48.628834114002046,178.06849101176945,-0.038750386828421794,-1.0,-0.022955372124590423,179.0,0.038750386828421794,0.022955372124590423,-0.4853831964966434,1.7350132406555285,0.0,0.0,308,True,44.639819795414155,44.639819795414155,False,False,2.231163595390875,11.99713185164767,,,sum_of_two_90pct_reference_radii_KBO_coverage_unknown,estimated_KBO_angle_unvalidated,False,False,unavailable_unseen_stadium_bias
2020,73117,우규민,Right,-113.5170191505911,100.85400469041784,0.07468799985282594,-1.0,0.0446886950726948,184.0,-0.07468799985282594,-0.0446886950726948,1.1167775898240462,0.991306641857585,0.0,0.0,779,True,-13.404779531594606,-13.404779531594606,False,False,2.231163595390875,11.99713185164767,,,sum_of_two_90pct_reference_radii_KBO_coverage_unknown,estimated_KBO_angle_unvalidated,False,False,unavailable_unseen_stadium_bias
2020,73211,노경은,Right,-51.59966703302254,187.82238309567282,0.03710639747861518,-1.0,-0.012515922669654867,187.0,-0.03710639747861518,0.012515922669654867,0.5177144112947955,1.819941995752527,0.0,0.0,2136,True,44.912230858637,44.912230858637,False,False,2.231163595390875,11.99713185164767,,,sum_of_two_90pct_reference_radii_KBO_coverage_unknown,estimated_KBO_angle_unvalidated,False,False,unavailable_unseen_stadium_bias
2020,73738,안영명,Right,-63.05168786039689,192.11661195928673,0.04203146412020694,-1.0,-0.03279764429047422,183.0,-0.04203146412020694,0.03279764429047422,0.6210767747636569,1.868989501837832,0.0,0.0,747,True,48.83771021937419,48.83771021937419,False,False,2.231163595390875,11.99713185164767,,,sum_of_two_90pct_reference_radii_KBO_coverage_unknown,estimated_KBO_angle_unvalidated,False,False,unavailable_unseen_stadium_bias
2020,73750,윤규진,Right,-75.6372758142825,186.55298956292296,0.052558544495308175,-1.0,-0.022120886922339017,187.0,-0.052558544495308175,0.022120886922339017,0.7445590960232039,1.812901475492659,0.0,0.0,73,False,41.943097411741135,,False,False,,,,,sum_of_two_90pct_reference_radii_KBO_coverage_unknown,withheld_small_sample,False,False,withheld_estimate
2020,73801,송은범,Right,-50.83284039532464,180.95680064105588,0.0445894551418924,-1.0,-0.02895713500272126,182.0,-0.0445894551418924,0.02895713500272126,0.5062550648734855,1.7659349610745994,0.0,0.0,930,True,44.25526687036031,44.25526687036031,False,False,2.231163595390875,11.99713185164767,,,sum_of_two_90pct_reference_radii_KBO_coverage_unknown,estimated_KBO_angle_unvalidated,False,False,unavailable_unseen_stadium_bias
2020,74359,오주원,Left,86.36102401917589,173.5473948029247,-0.073692199048089,-1.0,-0.024276094276512377,184.0,0.073692199048089,0.024276094276512377,-0.8472965180197718,1.6948826297384436,0.0,0.0,277,True,35.16487314361296,35.16487314361296,False,False,2.231163595390875,11.99713185164767,,,sum_of_two_90pct_reference_radii_KBO_coverage_unknown,estimated_KBO_angle_unvalidated,False,False,unavailable_unseen_stadium_bias
2020,74454,윤성환,Right,-44.90863044075206,178.90179952442313,0.02922671759085079,-1.0,-0.003450066971593751,183.0,-0.02922671759085079,0.003450066971593751,0.45440265463657986,1.7322955383714869,0.0,0.0,331,False,42.3226529831089,42.3226529831089,False,False,2.231163595390875,11.99713185164767,28.09435753607036,56.55094843014744,sum_of_two_90pct_reference_radii_KBO_coverage_unknown,estimated_KBO_angle_unvalidated,False,False,reference_only_KBO_angle_unvalidated
2020,74513,장원준,Left,49.69783348108015,184.0721414925977,-0.0573991360996943,-1.0,-0.01641237635115455,184.0,0.0573991360996943,0.01641237635115455,-0.5012680243941424,1.787938050910591,0.0,0.0,126,False,45.226455585705665,45.226455585705665,False,False,2.231163595390875,11.99713185164767,30.99816013866712,59.45475103274421,sum_of_two_90pct_reference_radii_KBO_coverage_unknown,estimated_KBO_angle_unvalidated,False,False,reference_only_KBO_angle_unvalidated
2020,74838,윤희상,Right,-52.84435722611288,184.50784938936266,0.050695010036165424,-1.0,-0.02402215086527206,193.0,-0.050695010036165424,0.02402215086527206,0.5294596288568448,1.7991951928956316,0.0,0.0,54,False,40.599306602783976,,False,False,,,,,sum_of_two_90pct_reference_radii_KBO_coverage_unknown,withheld_small_sample,False,False,withheld_estimate
2020,74857,정우람,Left,71.78791661809106,180.49023154498227,-0.06621946525184172,-1.0,-0.024344171127545583,181.0,0.06621946525184172,0.024344171127545583,-0.7084742332307589,1.7577517651879864,0.0,0.0,911,True,42.244188365309974,42.244188365309974,False,False,2.231163595390875,11.99713185164767,,,sum_of_two_90pct_reference_radii_KBO_coverage_unknown,estimated_KBO_angle_unvalidated,False,False,unavailable_unseen_stadium_bias
2020,75138,신재웅,Left,42.179923920849916,181.53923544426888,-0.04083824129129713,-1.0,-0.028134648879750788,181.0,0.04083824129129713,0.028134648879750788,-0.42406148234795665,1.7708897638725696,0.0,0.0,378,True,46.65894797383493,46.65894797383493,False,False,2.231163595390875,11.99713185164767,,,sum_of_two_90pct_reference_radii_KBO_coverage_unknown,estimated_KBO_angle_unvalidated,False,False,unavailable_unseen_stadium_bias
2020,75258,금민철,Left,31.10277155675689,196.6145156092462,-0.020811556875308806,-1.0,-0.0073782172462829735,181.0,0.020811556875308806,0.0073782172462829735,-0.3225262355617508,1.8955781529836544,0.0,0.0,53,False,55.43163971227247,,False,False,,,,,sum_of_two_90pct_reference_radii_KBO_coverage_unknown,withheld_small_sample,False,False,withheld_estimate
2020,75340,전유수,Right,-52.64092160429652,184.0469193102021,0.04018783185142793,-1.0,-0.021597319155845805,185.0,-0.04018783185142793,0.021597319155845805,0.5251700667539951,1.7903924559843742,0.0,0.0,762,True,44.02904394265595,44.02904394265595,False,False,2.231163595390875,11.99713185164767,,,sum_of_two_90pct_reference_radii_KBO_coverage_unknown,estimated_KBO_angle_unvalidated,False,False,unavailable_unseen_stadium_bias
2020,75342,이보근,Right,-45.02402326971919,192.72077424845224,0.043211925508601985,-1.0,-0.03357931070706605,187.0,-0.043211925508601985,0.03357931070706605,0.45156885152226595,1.8777209142644526,0.0,0.0,717,True,49.165150323159246,49.165150323159246,False,False,2.231163595390875,11.99713185164767,,,sum_of_two_90pct_reference_radii_KBO_coverage_unknown,estimated_KBO_angle_unvalidated,False,False,unavailable_unseen_stadium_bias
2020,75421,오승환,Right,-79.68460072728406,169.31744215769598,0.05874571328160594,-1.0,-0.025426216010871295,178.0,-0.05874571328160594,0.025426216010871295,0.7803810468362075,1.65501902829443,0.0,0.0,790,False,36.265571824410735,36.265571824410735,False,False,2.231163595390875,11.99713185164767,22.03727637737219,50.493867271449275,sum_of_two_90pct_reference_radii_KBO_coverage_unknown,estimated_KBO_angle_unvalidated,False,False,reference_only_KBO_angle_unvalidated
2020,75867,김진성,Right,-25.480347828785945,201.66653188338736,0.0327754576994924,-1.0,-0.039442451915219126,186.0,-0.0327754576994924,0.039442451915219126,0.26433294251595935,1.9632290515338546,0.0,0.0,726,True,56.94805552815485,56.94805552815485,False,False,2.231163595390875,11.99713185164767,,,sum_of_two_90pct_reference_radii_KBO_coverage_unknown,estimated_KBO_angle_unvalidated,False,False,unavailable_unseen_stadium_bias
2020,76118,원종현,Right,-37.962563818460445,154.02366840040972,0.03594192999523906,-1.0,-0.010090157201767497,182.0,-0.03594192999523906,0.010090157201767497,0.3865017542105216,1.5106409416505628,0.0,0.0,867,False,30.252121658010342,30.252121658010342,False,False,2.231163595390875,11.99713185164767,16.023826210971798,44.480417105048886,sum_of_two_90pct_reference_radii_KBO_coverage_unknown,estimated_KBO_angle_unvalidated,False,False,reference_only_KBO_angle_unvalidated
2020,76225,김건국,Right,-26.10751040333338,188.60492161163734,0.019413040813863046,-1.0,-0.027806178271133738,183.0,-0.019413040813863046,0.027806178271133738,0.2697923737458951,1.836068840712594,0.0,0.0,547,False,50.83411541043679,50.83411541043679,False,False,2.231163595390875,11.99713185164767,36.60581996339825,65.06241085747533,sum_of_two_90pct_reference_radii_KBO_coverage_unknown,estimated_KBO_angle_unvalidated,False,False,reference_only_KBO_angle_unvalidated
2020,76329,이현승,Left,46.943107984853214,184.8475401050208,-0.03455732675767686,-1.0,-0.024603783064503566,179.0,0.03455732675767686,0.024603783064503566,-0.4688097129390468,1.797568955417333,0.0,0.017811704834605598,786,True,48.657171469375804,48.657171469375804,False,False,2.231163595390875,11.99713185164767,,,sum_of_two_90pct_reference_radii_KBO_coverage_unknown,estimated_KBO_angle_unvalidated,False,False,unavailable_unseen_stadium_bias
2020,76350,김세현,Right,-47.33554564683004,188.3598571299814,0.03993024168516822,-1.0,-0.026790145604150942,188.0,-0.03993024168516822,0.026790145604150942,0.47448233373917625,1.8341229193972726,0.0,0.0,748,True,45.778804038184774,45.778804038184774,False,False,2.231163595390875,11.99713185164767,,,sum_of_two_90pct_reference_radii_KBO_coverage_unknown,estimated_KBO_angle_unvalidated,False,False,unavailable_unseen_stadium_bias
2020,76355,장원삼,Left,40.04652139378606,179.50634313352737,-0.035161555404079045,-1.0,-0.015292496781197581,181.0,0.035161555404079045,0.015292496781197581,-0.4061547766632926,1.7447108819383232,0.0,0.0,581,False,45.33201510257379,45.33201510257379,False,False,2.231163595390875,11.99713185164767,31.103719655535247,59.56031054961234,sum_of_two_90pct_reference_radii_KBO_coverage_unknown,estimated_KBO_angle_unvalidated,False,False,reference_only_KBO_angle_unvalidated
2020,76455,차우찬,Left,61.55357288457334,181.30501550032096,-0.03760349679651666,-1.0,-0.01694993062239347,185.0,0.03760349679651666,0.01694993062239347,-0.6099041419932028,1.7619686053080865,0.0,0.0,1158,True,41.77206928020076,41.77206928020076,False,False,2.231163595390875,11.99713185164767,,,sum_of_two_90pct_reference_radii_KBO_coverage_unknown,estimated_KBO_angle_unvalidated,False,False,unavailable_unseen_stadium_bias
2020,76650,진해수,Left,54.766404255439255,190.9302626231395,-0.039653870153140244,-1.0,-0.026293421494879798,187.0,0.039653870153140244,0.026293421494879798,-0.544709873066619,1.856268856248541,0.0,0.0,956,True,47.304268836247395,47.304268836247395,False,False,2.231163595390875,11.99713185164767,,,sum_of_two_90pct_reference_radii_KBO_coverage_unknown,estimated_KBO_angle_unvalidated,False,False,unavailable_unseen_stadium_bias
2020,76757,유원상,Right,-36.76183246288132,193.8180499442224,0.0286420451423022,-1.0,-0.03549354294900242,187.0,-0.0286420451423022,0.03549354294900242,0.3708499988022722,1.8889653392951824,0.0,0.0,948,True,50.78327629227474,50.78327629227474,False,False,2.231163595390875,11.99713185164767,,,sum_of_two_90pct_reference_radii_KBO_coverage_unknown,estimated_KBO_angle_unvalidated,False,False,unavailable_unseen_stadium_bias
2020,76858,박희수,Left,55.80026733739724,177.04539714378265,-0.04397563869008631,-1.0,-0.026968106647018996,184.0,0.04397563869008631,0.026968106647018996,-0.5536343131445158,1.7295396245184342,0.0,0.0,450,False,41.026229532048774,41.026229532048774,False,False,2.231163595390875,11.99713185164767,26.79793408501023,55.25452497908732,sum_of_two_90pct_reference_radii_KBO_coverage_unknown,estimated_KBO_angle_unvalidated,False,False,reference_only_KBO_angle_unvalidated
2020,77211,이용찬,Right,-72.50658415811642,173.69196930852272,0.057920391360707806,-1.0,-0.009083521906302343,185.0,-0.057920391360707806,0.009083521906302343,0.7180387079593941,1.687962146567649,0.0,0.0,467,True,35.4905826889197,35.4905826889197,False,False,2.231163595390875,11.99713185164767,,,sum_of_two_90pct_reference_radii_KBO_coverage_unknown,estimated_KBO_angle_unvalidated,False,False,unavailable_unseen_stadium_bias
2020,77263,김강률,Right,-33.15844721365476,190.69515455450735,0.02379746865855326,-1.0,-0.030426544862729867,187.0,-0.02379746865855326,0.030426544862729867,0.33715829123281205,1.8576709566420244,0.0,0.0,551,False,49.328879944194014,49.328879944194014,False,False,2.231163595390875,11.99713185164767,35.10058449715547,63.55717539123256,sum_of_two_90pct_reference_radii_KBO_coverage_unknown,estimated_KBO_angle_unvalidated,False,False,reference_only_KBO_angle_unvalidated
2020,77318,장시환,Right,-46.58537119281648,185.20149996466924,0.027948382040055984,-1.0,-0.021267755262294255,184.0,-0.027948382040055984,0.021267755262294255,0.46606203432934534,1.8003744485275606,0.0,0.0,2430,True,45.82769020285549,45.82769020285549,False,False,2.231163595390875,11.99713185164767,,,sum_of_two_90pct_reference_radii_KBO_coverage_unknown,estimated_KBO_angle_unvalidated,False,False,unavailable_unseen_stadium_bias
2020,77446,백정현,Left,35.367554092496555,180.48648974456742,-0.0270832381567524,-1.0,-0.02890944193365446,184.0,0.0270832381567524,0.02890944193365446,-0.3577976472954952,1.7629062322798164,0.0,0.0,1046,True,45.68074881789408,45.68074881789408,False,False,2.231163595390875,11.99713185164767,,,sum_of_two_90pct_reference_radii_KBO_coverage_unknown,estimated_KBO_angle_unvalidated,False,False,unavailable_unseen_stadium_bias
2020,77563,이상화,Right,-33.038323556942956,191.2540984200384,0.022849765109523575,-1.0,-0.029007993609708686,188.0,-0.022849765109523575,0.029007993609708686,0.33643039878310516,1.8622326842175883,0.0,0.0,231,True,49.11898575983501,49.11898575983501,False,False,2.231163595390875,11.99713185164767,,,sum_of_two_90pct_reference_radii_KBO_coverage_unknown,estimated_KBO_angle_unvalidated,False,False,unavailable_unseen_stadium_bias
2020,77591,송승준,Right,-46.47350376171113,187.89255723054347,0.03762859911418873,-1.0,-0.016200663783318834,184.0,-0.03762859911418873,0.016200663783318834,0.46799156144234527,1.8221111388302222,0.0,0.0,454,True,47.12602551439302,47.12602551439302,False,False,2.231163595390875,11.99713185164767,,,sum_of_two_90pct_reference_radii_KBO_coverage_unknown,estimated_KBO_angle_unvalidated,False,False,unavailable_unseen_stadium_bias
2020,77637,양현종,Left,60.07349412776257,191.08687689515205,-0.048067728251863055,-1.0,-0.03425491146891902,183.0,0.048067728251863055,0.03425491146891902,-0.5934848114211648,1.8609205673906204,0.0,0.0,2947,True,48.96520324280665,48.96520324280665,False,False,2.231163595390875,11.99713185164767,,,sum_of_two_90pct_reference_radii_KBO_coverage_unknown,estimated_KBO_angle_unvalidated,False,False,unavailable_unseen_stadium_bias
2020,77927,장필준,Right,-63.66560627158075,186.019306462311,0.042765064426336784,-1.0,-0.026907007620028414,190.0,-0.042765064426336784,0.026907007620028414,0.6292337262246757,1.812538820224042,0.0,0.0,666,True,41.67652109606405,41.67652109606405,False,False,2.231163595390875,11.99713185164767,,,sum_of_two_90pct_reference_radii_KBO_coverage_unknown,estimated_KBO_angle_unvalidated,False,False,unavailable_unseen_stadium_bias
2020,78148,정찬헌,Right,-32.558810193820435,173.4693141636382,0.027906974389109232,-1.0,-0.005857188351347909,186.0,-0.027906974389109232,0.005857188351347909,0.3371479838689925,1.6863103330812008,0.0,0.0,1757,True,39.63898937438889,39.63898937438889,False,False,2.231163595390875,11.99713185164767,,,sum_of_two_90pct_reference_radii_KBO_coverage_unknown,estimated_KBO_angle_unvalidated,False,False,unavailable_unseen_stadium_bias
2020,78247,홍상삼,Right,-75.79794645623764,196.0033446281093,0.04791169974935935,-1.0,-0.027286837314265348,188.0,-0.04791169974935935,0.027286837314265348,0.7447789983186811,1.9020335931438874,0.0,0.0,963,True,46.93801912296696,46.93801912296696,False,False,2.231163595390875,11.99713185164767,,,sum_of_two_90pct_reference_radii_KBO_coverage_unknown,estimated_KBO_angle_unvalidated,False,False,unavailable_unseen_stadium_bias
2020,78352,임창민,Right,-62.892105353071805,188.8928257752069,0.05393298354492951,-1.0,-0.030435810016492874,183.0,-0.05393298354492951,0.030435810016492874,0.6218533363785959,1.8386886365363875,0.0,0.0,691,True,46.947070472066464,46.947070472066464,False,False,2.231163595390875,11.99713185164767,,,sum_of_two_90pct_reference_radii_KBO_coverage_unknown,estimated_KBO_angle_unvalidated,False,False,unavailable_unseen_stadium_bias
2020,78517,하준호,Left,33.42148850795796,168.1585979125992,-0.04256091683892942,-1.0,-0.02286996303462193,174.0,0.04256091683892942,0.02286996303462193,-0.3410277627684262,1.644399570507204,0.0,0.0,762,True,43.46370523218179,43.46370523218179,False,False,2.231163595390875,11.99713185164767,,,sum_of_two_90pct_reference_radii_KBO_coverage_unknown,estimated_KBO_angle_unvalidated,False,False,unavailable_unseen_stadium_bias
2020,78536,김대우,Right,-67.24395898650451,177.58426968527993,0.056527213641626356,-1.0,-0.02188193031938019,190.0,-0.056527213641626356,0.02188193031938019,0.6659421787588246,1.7330916013964326,0.0,0.0,797,True,36.42368957016895,36.42368957016895,False,False,2.231163595390875,11.99713185164767,,,sum_of_two_90pct_reference_radii_KBO_coverage_unknown,estimated_KBO_angle_unvalidated,False,False,unavailable_unseen_stadium_bias
2020,78819,백청훈,Right,-40.11935191420676,152.5498337089829,0.050561600448753206,-1.0,-0.0038633623200064683,185.0,-0.050561600448753206,0.0038633623200064683,0.4111489025724363,1.494908003356613,0.0,0.0,32,False,27.65705463004483,,False,False,,,,,sum_of_two_90pct_reference_radii_KBO_coverage_unknown,withheld_small_sample,False,False,withheld_estimate
2020,79130,강지광,Right,-29.138691694678737,173.86978331175672,0.037371837052893014,-1.0,-0.02379973512074393,181.0,-0.037371837052893014,0.02379973512074393,0.3010266952777135,1.6994660886584623,0.0,0.0,87,False,43.22957175912784,,False,False,,,,,sum_of_two_90pct_reference_radii_KBO_coverage_unknown,withheld_small_sample,False,False,withheld_estimate
2020,79140,최동환,Right,-17.478970539166475,192.30550053873674,0.01723496471486235,-1.0,-0.03906595074052432,184.0,-0.01723496471486235,0.03906595074052432,0.1855299517267067,1.877337265669353,0.0,0.0,790,True,53.83377000581241,53.83377000581241,False,False,2.231163595390875,11.99713185164767,,,sum_of_two_90pct_reference_radii_KBO_coverage_unknown,estimated_KBO_angle_unvalidated,False,False,unavailable_unseen_stadium_bias
2020,79229,유희관,Left,38.98831713195803,167.18616916251327,-0.0354559580926811,-1.0,-0.004681493292019362,180.0,0.0354559580926811,0.004681493292019362,-0.3979758187765634,1.6261753735221887,0.0,0.0,2372,True,38.81323057114582,38.81323057114582,False,False,2.231163595390875,11.99713185164767,,,sum_of_two_90pct_reference_radii_KBO_coverage_unknown,estimated_KBO_angle_unvalidated,False,False,unavailable_unseen_stadium_bias
2020,79293,오현택,Right,-126.54469890948985,128.0910554047028,0.0837099265357369,-1.0,0.01900716237281919,180.0,-0.0837099265357369,-0.01900716237281919,1.2357202887281964,1.252019910722103,0.0,0.08762886597938144,582,True,3.7798935309972492,3.7798935309972492,False,False,2.231163595390875,11.99713185164767,,,sum_of_two_90pct_reference_radii_KBO_coverage_unknown,estimated_KBO_angle_unvalidated,False,False,unavailable_unseen_stadium_bias
2020,79358,강윤구,Left,52.56110233163376,172.99234644211506,-0.044670283506896086,-1.0,-0.023449135093610695,183.0,0.044670283506896086,0.023449135093610695,-0.523645813839204,1.6905199276799798,0.0,0.0,379,False,39.54657601498376,39.54657601498376,False,False,2.231163595390875,11.99713185164767,25.31828056794522,53.774871462022304,sum_of_two_90pct_reference_radii_KBO_coverage_unknown,estimated_KBO_angle_unvalidated,False,False,reference_only_KBO_angle_unvalidated
2020,79440,정인욱,Right,-53.722167597909184,187.04117561112372,0.045504711058436974,-1.0,-0.029454267407530973,186.0,-0.045504711058436974,0.029454267407530973,0.5345734483857475,1.8227420044622265,0.0,0.0,104,False,45.38823858844679,45.38823858844679,False,False,2.231163595390875,11.99713185164767,31.159943141408245,59.61653403548533,sum_of_two_90pct_reference_radii_KBO_coverage_unknown,estimated_KBO_angle_unvalidated,False,False,reference_only_KBO_angle_unvalidated
2020,79545,진명호,Right,-34.75058336651856,193.5053569552916,0.019796794072603163,-1.0,-0.026889955991727967,193.0,-0.019796794072603163,0.026889955991727967,0.3535954606912662,1.882966405968934,0.0,0.0,562,True,47.70541081975185,47.70541081975185,False,False,2.231163595390875,11.99713185164767,,,sum_of_two_90pct_reference_radii_KBO_coverage_unknown,estimated_KBO_angle_unvalidated,False,False,unavailable_unseen_stadium_bias
2020,79617,정용운,Left,50.69247593317041,185.40542962765036,-0.04822457330446508,-1.0,-0.019986831749375922,186.0,0.04822457330446508,0.019986831749375922,-0.5087039071348239,1.802527875753351,0.0,0.0,36,True,45.04623057078301,,False,False,,,,,sum_of_two_90pct_reference_radii_KBO_coverage_unknown,withheld_small_sample,False,False,withheld_estimate
2020,79764,장민재,Right,-63.94579161195063,184.73349584455383,0.03910848860234014,-1.0,-0.017091538510436946,184.0,-0.03910848860234014,0.017091538510436946,0.6327407208643004,1.7927174688208325,0.0,0.0,977,True,43.457601058642574,43.457601058642574,False,False,2.231163595390875,11.99713185164767,,,sum_of_two_90pct_reference_radii_KBO_coverage_unknown,estimated_KBO_angle_unvalidated,False,False,unavailable_unseen_stadium_bias
2020,79825,여건욱,Right,-42.46523043260507,184.7527865703197,0.04049731416975881,-1.0,-0.02907702106034788,185.0,-0.04049731416975881,0.02907702106034788,0.42730761438611864,1.8020336256011549,0.0,0.0,447,True,45.89286896349448,45.89286896349448,False,False,2.231163595390875,11.99713185164767,,,sum_of_two_90pct_reference_radii_KBO_coverage_unknown,estimated_KBO_angle_unvalidated,False,False,unavailable_unseen_stadium_bias
2020,79847,김태훈,Left,49.67099070170812,186.61421475767503,-0.044253648385916146,-1.0,-0.028736265289769667,176.0,0.044253648385916146,0.028736265289769667,-0.4946731429672795,1.8151408713103228,0.0,0.0,1108,True,50.91738217398539,50.91738217398539,False,False,2.231163595390875,11.99713185164767,,,sum_of_two_90pct_reference_radii_KBO_coverage_unknown,estimated_KBO_angle_unvalidated,False,False,unavailable_unseen_stadium_bias
2020,99445,권오준,Right,-92.70057874461321,123.35909210166392,0.07487517803231158,-1.0,0.02826421255003506,182.0,-0.07487517803231158,-0.02826421255003506,0.9172118397332234,1.2063921935321786,0.0,0.0,292,True,3.99529553237182,3.99529553237182,False,False,2.231163595390875,11.99713185164767,,,sum_of_two_90pct_reference_radii_KBO_coverage_unknown,estimated_KBO_angle_unvalidated,False,False,unavailable_unseen_stadium_bias
2021,50030,소형준,Right,-44.58560855737109,175.29598738449016,0.035051119000807276,-1.0,-0.017087201491614964,189.0,-0.035051119000807276,0.017087201491614964,0.44956072931755897,1.710040337007942,0.0,0.0,2095,True,38.19016532063567,38.19016532063567,False,False,2.231163595390875,11.99713185164767,,,sum_of_two_90pct_reference_radii_KBO_coverage_unknown,estimated_KBO_angle_unvalidated,False,False,unavailable_unseen_stadium_bias
2021,50036,이강준,Right,-88.322584621714,124.86019017501974,0.07495579578605928,-1.0,0.018807172766109256,180.0,-0.07495579578605928,-0.018807172766109256,0.8732679506984572,1.2252995444690387,0.0,0.0,196,True,6.629043682283161,6.629043682283161,False,False,2.231163595390875,11.99713185164767,,,sum_of_two_90pct_reference_radii_KBO_coverage_unknown,estimated_KBO_angle_unvalidated,False,False,unavailable_unseen_stadium_bias
2021,50040,데스파이네,Right,-47.48647856053632,175.40595987147796,0.03386546090139249,-1.0,-0.017299110705413265,182.0,-0.03386546090139249,0.017299110705413265,0.4755796780899406,1.7084316952514318,0.0,0.0,3404,True,41.09606931156944,41.09606931156944,False,False,2.231163595390875,11.99713185164767,,,sum_of_two_90pct_reference_radii_KBO_coverage_unknown,estimated_KBO_angle_unvalidated,False,False,unavailable_unseen_stadium_bias
2021,50126,이민호,Right,-86.52139045623449,173.55385304209202,0.06451819248721812,-1.0,-0.024811778642336177,189.0,-0.06451819248721812,0.024811778642336177,0.8480297746529452,1.696726707249503,0.0,0.0,1990,True,32.57408966873471,32.57408966873471,False,False,2.231163595390875,11.99713185164767,,,sum_of_two_90pct_reference_radii_KBO_coverage_unknown,estimated_KBO_angle_unvalidated,False,False,unavailable_unseen_stadium_bias
2021,50157,김윤식,Left,48.69710035071377,182.2173131728401,-0.03792221949105285,-1.0,-0.01649187367740241,181.0,0.03792221949105285,0.01649187367740241,-0.48811724634739634,1.76951272982508,0.0,0.0,1164,True,45.73135805085215,45.73135805085215,False,False,2.231163595390875,11.99713185164767,,,sum_of_two_90pct_reference_radii_KBO_coverage_unknown,estimated_KBO_angle_unvalidated,False,False,unavailable_unseen_stadium_bias
2021,50203,권휘,Right,-29.179063380565825,179.48167890291109,0.03347418618501429,-1.0,-0.025583701975344774,181.0,-0.03347418618501429,0.025583701975344774,0.3006872473838997,1.75138365881375,0.0,0.0,407,True,46.354504933365924,46.354504933365924,False,False,2.231163595390875,11.99713185164767,,,sum_of_two_90pct_reference_radii_KBO_coverage_unknown,estimated_KBO_angle_unvalidated,False,False,unavailable_unseen_stadium_bias
2021,50296,조제영,Right,-60.858654225962766,179.1507514723713,0.04100737986270089,-1.0,-0.02098298551858664,183.0,-0.04100737986270089,0.02098298551858664,0.602402995482135,1.744263322994389,0.0,0.0,228,False,41.307850537797435,41.307850537797435,False,False,2.231163595390875,11.99713185164767,27.07955509075889,55.53614598483598,sum_of_two_90pct_reference_radii_KBO_coverage_unknown,estimated_KBO_angle_unvalidated,False,False,reference_only_KBO_angle_unvalidated
2021,50298,최세창,Right,-51.670995138779396,176.97382723145878,0.038853012267408026,-1.0,-0.026217940845337837,187.0,-0.038853012267408026,0.026217940845337837,0.514513460980442,1.7296408349433505,0.0,0.0,17,False,39.491860357597446,,False,False,,,,,sum_of_two_90pct_reference_radii_KBO_coverage_unknown,withheld_small_sample,False,False,withheld_estimate
2021,50354,이종민,Left,59.70121416196627,192.2479943247353,-0.050732806967755784,-1.0,-0.03731701278095929,185.0,0.050732806967755784,0.03731701278095929,-0.5900109177618408,1.8741238165585705,0.0,0.0,70,False,48.800864261194214,,False,False,,,,,sum_of_two_90pct_reference_radii_KBO_coverage_unknown,withheld_small_sample,False,False,withheld_estimate
2021,50360,김동혁,Right,-104.6407792688604,111.79737448884529,0.08245448056545233,-1.0,0.04502272917834154,184.0,-0.08245448056545233,-0.04502272917834154,1.034981671462164,1.0914193691031875,0.0,0.0,1331,True,-5.793894700904161,-5.793894700904161,False,False,2.231163595390875,11.99713185164767,,,sum_of_two_90pct_reference_radii_KBO_coverage_unknown,estimated_KBO_angle_unvalidated,False,False,unavailable_unseen_stadium_bias
2021,50393,김동욱,Right,-47.62792387800395,163.17021341647893,0.04169848092891372,-1.0,-0.018379530865620605,178.0,-0.04169848092891372,0.018379530865620605,0.4764738789049939,1.5967504412581996,0.0,0.0,55,False,36.136764280525554,,False,False,,,,,sum_of_two_90pct_reference_radii_KBO_coverage_unknown,withheld_small_sample,False,False,withheld_estimate
2021,50397,박관진,Right,-29.9935923911625,168.22236085030912,0.022616204018246988,-1.0,-0.03214954368935138,186.0,-0.022616204018246988,0.03214954368935138,0.30509852513923985,1.6543924963334304,0.0,0.0,43,False,38.181902476993095,,False,False,,,,,sum_of_two_90pct_reference_radii_KBO_coverage_unknown,withheld_small_sample,False,False,withheld_estimate
2021,50404,뷰캐넌,Right,-65.95797633107877,194.01956608294327,0.04391868645877829,-1.0,-0.028924949642633094,190.0,-0.04391868645877829,0.028924949642633094,0.6510420374147012,1.8862920274830106,0.0,0.0,2966,True,45.91141694642325,45.91141694642325,False,False,2.231163595390875,11.99713185164767,,,sum_of_two_90pct_reference_radii_KBO_coverage_unknown,estimated_KBO_angle_unvalidated,False,False,unavailable_unseen_stadium_bias
2021,50449,허윤동,Left,64.40758080690894,179.3134667769944,-0.05484965233733229,-1.0,-0.028088097718724146,181.0,0.05484965233733229,0.028088097718724146,-0.6359810925877859,1.7494723965753263,0.0,0.0,73,False,42.622672433679384,,False,False,,,,,sum_of_two_90pct_reference_radii_KBO_coverage_unknown,withheld_small_sample,False,False,withheld_estimate
2021,50464,이승민,Left,36.22704760830997,162.3366847856963,-0.03714659668412517,-1.0,-0.0016322954800834252,174.0,0.03714659668412517,0.0016322954800834252,-0.37168014244764624,1.5784249112098603,0.0,0.0,731,True,39.01502862963568,39.01502862963568,False,False,2.231163595390875,11.99713185164767,,,sum_of_two_90pct_reference_radii_KBO_coverage_unknown,estimated_KBO_angle_unvalidated,False,False,unavailable_unseen_stadium_bias
2021,50556,최준용,Right,-84.29773405681362,168.72261016542183,0.06422800104087038,-1.0,-0.026191333658037354,185.0,-0.06422800104087038,0.026191333658037354,0.825696139970624,1.6523978161621606,0.0,0.0,763,True,32.04193904711809,32.04193904711809,False,False,2.231163595390875,11.99713185164767,,,sum_of_two_90pct_reference_radii_KBO_coverage_unknown,estimated_KBO_angle_unvalidated,False,False,unavailable_unseen_stadium_bias
2021,50558,스트레일리,Right,-78.18725277465373,185.55409279003746,0.055387759299991235,-1.0,-0.02678581566122404,189.0,-0.055387759299991235,0.02678581566122404,0.7681561401987765,1.8072334055702726,0.0,0.0,2963,True,40.30507710133259,40.30507710133259,False,False,2.231163595390875,11.99713185164767,,,sum_of_two_90pct_reference_radii_KBO_coverage_unknown,estimated_KBO_angle_unvalidated,False,False,unavailable_unseen_stadium_bias
2021,50563,박로건,Left,43.3652525147621,176.9493202969639,-0.03254529962606436,-1.0,-0.011722110205716813,186.0,0.03254529962606436,0.011722110205716813,-0.43862327180148436,1.7207929879718573,0.0,0.0,56,False,41.15120458833084,,False,False,,,,,sum_of_two_90pct_reference_radii_KBO_coverage_unknown,withheld_small_sample,False,False,withheld_estimate
2021,50596,홍민기,Left,62.888961965243645,187.6773361672587,-0.05921824028080665,-1.0,-0.03123866171489854,185.0,0.05921824028080665,0.03123866171489854,-0.6227042029966271,1.8290086078531729,0.0,0.0,14,False,45.66906235863398,,False,False,,,,,sum_of_two_90pct_reference_radii_KBO_coverage_unknown,withheld_small_sample,False,False,withheld_estimate
2021,50636,브룩스,Right,-79.88203285626344,191.74027807417144,0.06013205829883647,-1.0,-0.02529048466987462,193.0,-0.06013205829883647,0.02529048466987462,0.7863161196649376,1.8639847561354093,0.0,0.0,1219,True,41.538847981139064,41.538847981139064,False,False,2.231163595390875,11.99713185164767,,,sum_of_two_90pct_reference_radii_KBO_coverage_unknown,estimated_KBO_angle_unvalidated,False,False,unavailable_unseen_stadium_bias
2021,50650,최용준,Right,-37.963668359215355,196.27561141458642,0.02809103885882621,-1.0,-0.03146595594410595,192.0,-0.02809103885882621,0.03146595594410595,0.3840900840558828,1.910549151424996,0.0,0.0,158,True,49.429398658188894,49.429398658188894,False,False,2.231163595390875,11.99713185164767,,,sum_of_two_90pct_reference_radii_KBO_coverage_unknown,estimated_KBO_angle_unvalidated,False,False,unavailable_unseen_stadium_bias
2021,50662,정해영,Right,-61.7554893243962,189.72647917457192,0.043265201582009374,-1.0,-0.03555938540519384,189.0,-0.043265201582009374,0.03555938540519384,0.6091557428161135,1.8511932496875834,0.0,0.0,1091,True,44.75336046731927,44.75336046731927,False,False,2.231163595390875,11.99713185164767,,,sum_of_two_90pct_reference_radii_KBO_coverage_unknown,estimated_KBO_angle_unvalidated,False,False,unavailable_unseen_stadium_bias
2021,50705,강재민,Right,-60.777878764353545,131.7255641249282,0.03224990729182015,-1.0,0.015183177671281741,180.0,-0.03224990729182015,-0.015183177671281741,0.6059934951871916,1.2904622041707419,0.0,0.0,1142,True,14.496901261254227,14.496901261254227,False,False,2.231163595390875,11.99713185164767,,,sum_of_two_90pct_reference_radii_KBO_coverage_unknown,estimated_KBO_angle_unvalidated,False,False,unavailable_unseen_stadium_bias
2021,50706,장웅정,Right,-50.13683035276597,178.5795492686118,0.0347803645822608,-1.0,-0.024524976349923438,181.0,-0.0347803645822608,0.024524976349923438,0.4989466038712807,1.741065573726457,0.0,0.0,136,False,43.312004031359216,43.312004031359216,False,False,2.231163595390875,11.99713185164767,29.08370858432067,57.540299478397756,sum_of_two_90pct_reference_radii_KBO_coverage_unknown,estimated_KBO_angle_unvalidated,False,False,reference_only_KBO_angle_unvalidated
2021,50720,남지민,Right,-45.097140901394845,194.07217456173274,0.02201105661873714,-1.0,-0.022437189648876976,181.0,-0.02201105661873714,0.022437189648876976,0.4508438771312566,1.880508782993648,0.0,0.0,154,True,52.42885647684149,52.42885647684149,False,False,2.231163595390875,11.99713185164767,,,sum_of_two_90pct_reference_radii_KBO_coverage_unknown,estimated_KBO_angle_unvalidated,False,False,unavailable_unseen_stadium_bias
2021,50758,신지후,Right,-38.391184650402224,198.0495656221925,0.041971844426621684,-1.0,-0.025995857457579867,198.0,-0.041971844426621684,0.025995857457579867,0.3927905953312795,1.9259395043290848,0.0,0.0,14,False,47.31664384314528,,False,False,,,,,sum_of_two_90pct_reference_radii_KBO_coverage_unknown,withheld_small_sample,False,False,withheld_estimate
2021,50813,양선률,Right,-38.3742400286397,177.2699857752373,0.03725776123463038,-1.0,-0.012002969161503436,186.0,-0.03725776123463038,0.012002969161503436,0.3922032557454282,1.7243917065426189,0.0,0.0,52,False,41.1873554197586,,False,False,,,,,sum_of_two_90pct_reference_radii_KBO_coverage_unknown,withheld_small_sample,False,False,withheld_estimate
2021,50815,킹험,Right,-67.43079724694071,190.2063930952701,0.042275829376745185,-1.0,-0.026384162809486657,196.0,-0.042275829376745185,0.026384162809486657,0.6660615273526858,1.8521003670009997,0.0,0.0,2355,True,40.66180802305515,40.66180802305515,False,False,2.231163595390875,11.99713185164767,,,sum_of_two_90pct_reference_radii_KBO_coverage_unknown,estimated_KBO_angle_unvalidated,False,False,unavailable_unseen_stadium_bias
2021,50859,오원석,Left,85.98559467064462,173.39955347875042,-0.05618009933258859,-1.0,-0.016223070219613625,182.0,0.05618009933258859,0.016223070219613625,-0.8426904069833676,1.6874711295149667,0.0,0.0,2094,True,35.742529128387815,35.742529128387815,False,False,2.231163595390875,11.99713185164767,,,sum_of_two_90pct_reference_radii_KBO_coverage_unknown,estimated_KBO_angle_unvalidated,False,False,unavailable_unseen_stadium_bias
2021,50901,안인산,Right,-68.00756735174596,165.96553029980075,0.059550312420177956,-1.0,-0.02199996964405891,181.0,-0.059550312420177956,0.02199996964405891,0.6714230424440565,1.6244638190758383,0.0,0.0,134,False,34.03783845761529,34.03783845761529,False,False,2.231163595390875,11.99713185164767,19.809543010576743,48.26613390465383,sum_of_two_90pct_reference_radii_KBO_coverage_unknown,estimated_KBO_angle_unvalidated,False,False,reference_only_KBO_angle_unvalidated
2021,50905,강태경,Right,-87.85402584838795,177.83001505292148,0.055624695767960815,-1.0,-0.014134362139395203,188.0,-0.055624695767960815,0.014134362139395203,0.8620147972934163,1.7284431848988713,0.0,0.0,241,False,34.90069564331096,34.90069564331096,False,False,2.231163595390875,11.99713185164767,20.672400196272417,49.1289910903495,sum_of_two_90pct_reference_radii_KBO_coverage_unknown,estimated_KBO_angle_unvalidated,False,False,reference_only_KBO_angle_unvalidated
2021,50992,김태경,Right,-24.978932859171593,188.35273847594806,0.016961338584994767,-1.0,-0.021794049103342084,188.0,-0.016961338584994767,0.021794049103342084,0.2610674000591734,1.8319581033968262,0.0,0.0,281,False,48.28314242067495,48.28314242067495,False,False,2.231163595390875,11.99713185164767,34.0548469736364,62.5114378677135,sum_of_two_90pct_reference_radii_KBO_coverage_unknown,estimated_KBO_angle_unvalidated,False,False,reference_only_KBO_angle_unvalidated
2021,51058,한차현,Right,-70.48226359648038,178.6416592144985,0.04359242591911046,-1.0,-0.02985914095458724,180.0,-0.04359242591911046,0.02985914095458724,0.6908907657325826,1.7432651080277328,0.0,0.0,90,False,41.805708498429595,,False,False,,,,,sum_of_two_90pct_reference_radii_KBO_coverage_unknown,withheld_small_sample,False,False,withheld_estimate
2021,51060,지명성,Right,-94.46610822666285,119.01767764493268,0.06894004931749984,-1.0,0.029779479327441058,173.0,-0.06894004931749984,-0.029779479327441058,0.9315994605936154,1.1625320802298618,0.0,0.0,60,True,4.684393352714103,,False,False,,,,,sum_of_two_90pct_reference_radii_KBO_coverage_unknown,withheld_small_sample,False,False,withheld_estimate
2021,51136,수아레즈,Left,52.60849697705829,198.15376675894964,-0.04279679190525823,-1.0,-0.04009989319766277,185.0,0.04279679190525823,0.04009989319766277,-0.5214609950468647,1.9296990544993584,0.0,0.0,1902,True,52.98052350131885,52.98052350131885,False,False,2.231163595390875,11.99713185164767,,,sum_of_two_90pct_reference_radii_KBO_coverage_unknown,estimated_KBO_angle_unvalidated,False,False,unavailable_unseen_stadium_bias
2021,51154,김진수,Right,-58.50636822654003,172.96698271921898,0.04046156341701562,-1.0,-0.014785519771019339,179.0,-0.04046156341701562,0.014785519771019339,0.5806526138385795,1.683115589722622,0.0,0.0,34,False,39.76306641754819,,False,False,,,,,sum_of_two_90pct_reference_radii_KBO_coverage_unknown,withheld_small_sample,False,False,withheld_estimate
2021,51234,로켓,Right,-57.40625461547945,183.0033824255483,0.05496175877345427,-1.0,-0.016940180070750877,196.0,-0.05496175877345427,0.016940180070750877,0.5753866726683446,1.7821606783870727,0.0,0.0,2016,False,37.59974455687846,37.59974455687846,False,False,2.231163595390875,11.99713185164767,23.37144910983992,51.82804000391701,sum_of_two_90pct_reference_radii_KBO_coverage_unknown,estimated_KBO_angle_unvalidated,False,False,reference_only_KBO_angle_unvalidated
2021,51257,미란다,Left,29.773131692700236,192.9995695333354,-0.035443089565078544,-1.0,-0.04109142742497559,188.0,0.035443089565078544,0.04109142742497559,-0.3046444248635325,1.885965618221805,0.0,0.0,2917,False,51.736002772598,51.736002772598,False,False,2.231163595390875,11.99713185164767,37.50770732555945,65.96429821963655,sum_of_two_90pct_reference_radii_KBO_coverage_unknown,estimated_KBO_angle_unvalidated,False,False,reference_only_KBO_angle_unvalidated
2021,51264,최승용,Left,57.093705512591356,181.75031940724887,-0.04852293203574186,-1.0,-0.02099028079277266,190.0,0.04852293203574186,0.02099028079277266,-0.5693423997290297,1.7708856436789238,0.0,0.0,339,True,40.48314846136363,40.48314846136363,False,False,2.231163595390875,11.99713185164767,,,sum_of_two_90pct_reference_radii_KBO_coverage_unknown,estimated_KBO_angle_unvalidated,False,False,unavailable_unseen_stadium_bias
2021,51294,김도윤,Right,-84.77042490125227,95.7513288618228,0.06469675921092752,-1.0,0.03958128595547091,181.0,-0.06469675921092752,-0.03958128595547091,0.8417318909312277,0.9487211848030531,0.0,0.0,17,False,-10.889560859234194,,False,False,,,,,sum_of_two_90pct_reference_radii_KBO_coverage_unknown,withheld_small_sample,False,False,withheld_estimate
2021,51301,김성진,Right,-50.46044450435738,177.72770761528952,0.03753609568678576,-1.0,-0.030083682744341762,183.0,-0.03753609568678576,0.030083682744341762,0.5012976951350473,1.7374284799522013,0.0,0.0,705,True,42.0692755399605,42.0692755399605,False,False,2.231163595390875,11.99713185164767,,,sum_of_two_90pct_reference_radii_KBO_coverage_unknown,estimated_KBO_angle_unvalidated,False,False,unavailable_unseen_stadium_bias
2021,51334,스미스,Right,-68.6372560481835,173.32059445495562,0.03218730566042452,-1.0,-0.024134724734389035,188.0,-0.03218730566042452,0.024134724734389035,0.6740812350301261,1.694106200841551,0.0,0.0,180,False,34.91627129708886,34.91627129708886,False,False,2.231163595390875,11.99713185164767,20.687975850050318,49.1445667441274,sum_of_two_90pct_reference_radii_KBO_coverage_unknown,estimated_KBO_angle_unvalidated,False,False,reference_only_KBO_angle_unvalidated
2021,51359,장재영,Right,-41.45561861646555,178.9642420199299,0.026778843958852733,-1.0,-0.030103412586365817,187.0,-0.026778843958852733,0.030103412586365817,0.41530731184606207,1.7504018403646686,0.0,0.0,413,True,41.974366393757755,41.974366393757755,False,False,2.231163595390875,11.99713185164767,,,sum_of_two_90pct_reference_radii_KBO_coverage_unknown,estimated_KBO_angle_unvalidated,False,False,unavailable_unseen_stadium_bias
2021,51393,김준형,Right,-32.09711039910796,174.620188564349,0.017239374255681356,-1.0,-0.022070705304118067,182.0,-0.017239374255681356,0.022070705304118067,0.32641311745516804,1.7047339422203724,0.0,0.0,239,True,42.744292147782744,42.744292147782744,False,False,2.231163595390875,11.99713185164767,,,sum_of_two_90pct_reference_radii_KBO_coverage_unknown,estimated_KBO_angle_unvalidated,False,False,unavailable_unseen_stadium_bias
2021,51439,몽고메리,Left,83.34447877266078,200.24094883059774,-0.0708101734087894,-1.0,-0.03471759213849231,196.0,0.0708101734087894,0.03471759213849231,-0.8193140012468055,1.9480047015414876,0.0,0.0,991,True,44.9785216907823,44.9785216907823,False,False,2.231163595390875,11.99713185164767,,,sum_of_two_90pct_reference_radii_KBO_coverage_unknown,estimated_KBO_angle_unvalidated,False,False,unavailable_unseen_stadium_bias
2021,51454,이승현,Left,57.439451238679254,195.63156911139575,-0.045701218612211235,-1.0,-0.03453789259989983,183.0,0.045701218612211235,0.03453789259989983,-0.5684558537583718,1.902490558465962,0.0,0.0,746,True,51.79262638260829,51.79262638260829,False,False,2.231163595390875,11.99713185164767,,,sum_of_two_90pct_reference_radii_KBO_coverage_unknown,estimated_KBO_angle_unvalidated,False,False,unavailable_unseen_stadium_bias
2021,51460,이재희,Right,-29.821582693321677,186.7541288518157,0.019304519371275024,-1.0,-0.02538074558880069,187.0,-0.019304519371275024,0.02538074558880069,0.30598192233525917,1.8189491186206177,0.0,0.0,390,False,47.42466133069672,47.42466133069672,False,False,2.231163595390875,11.99713185164767,33.196365883658174,61.65295677773527,sum_of_two_90pct_reference_radii_KBO_coverage_unknown,estimated_KBO_angle_unvalidated,False,False,reference_only_KBO_angle_unvalidated
2021,51516,김진욱,Left,45.40121237600479,193.43857189659465,-0.035256468367039925,-1.0,-0.036779280736369595,185.0,0.035256468367039925,0.036779280736369595,-0.45277977505695044,1.8851607291224735,0.0,0.0,983,True,51.17320593292379,51.17320593292379,False,False,2.231163595390875,11.99713185164767,,,sum_of_two_90pct_reference_radii_KBO_coverage_unknown,estimated_KBO_angle_unvalidated,False,False,unavailable_unseen_stadium_bias
2021,51546,정우준,Right,-79.75858680063797,156.22169353795655,0.06100679167777129,-1.0,-0.011229823237106556,180.0,-0.06100679167777129,0.011229823237106556,0.7845470560712654,1.528338492330505,0.0,0.0,119,False,27.11266547541385,27.11266547541385,False,False,2.231163595390875,11.99713185164767,12.884370028375304,41.340960922452396,sum_of_two_90pct_reference_radii_KBO_coverage_unknown,estimated_KBO_angle_unvalidated,False,False,reference_only_KBO_angle_unvalidated
2021,51567,프랑코,Right,-59.205184180001865,189.0461973872063,0.04985130944545511,-1.0,-0.03609902673554145,189.0,-0.04985130944545511,0.03609902673554145,0.5859446048495696,1.8457363669045552,0.0,0.0,2716,True,44.68490476289581,44.68490476289581,False,False,2.231163595390875,11.99713185164767,,,sum_of_two_90pct_reference_radii_KBO_coverage_unknown,estimated_KBO_angle_unvalidated,False,False,unavailable_unseen_stadium_bias
2021,51586,김창훈,Right,-58.43147254270158,179.98286019898612,0.04330075671335828,-1.0,-0.03018717637399005,185.0,-0.04330075671335828,0.03018717637399005,0.5778935110606076,1.758290741459691,0.0,0.0,152,True,41.45320595837624,41.45320595837624,False,False,2.231163595390875,11.99713185164767,,,sum_of_two_90pct_reference_radii_KBO_coverage_unknown,estimated_KBO_angle_unvalidated,False,False,unavailable_unseen_stadium_bias
2021,51594,송재영,Left,10.417717396011914,186.4152229330147,-0.013262548436746877,-1.0,-0.02342423092613462,181.0,0.013262548436746877,0.02342423092613462,-0.12136020303298499,1.8137930598387761,0.0,0.0,326,True,53.39315102175907,53.39315102175907,False,False,2.231163595390875,11.99713185164767,,,sum_of_two_90pct_reference_radii_KBO_coverage_unknown,estimated_KBO_angle_unvalidated,False,False,unavailable_unseen_stadium_bias
2021,51619,멩덴,Right,-52.294337968430504,184.36768261354902,0.03347998116997132,-1.0,-0.022752888919119987,185.0,-0.03347998116997132,0.022752888919119987,0.5205630627030314,1.7938054390574087,0.0,0.0,1976,True,44.29067822200877,44.29067822200877,False,False,2.231163595390875,11.99713185164767,,,sum_of_two_90pct_reference_radii_KBO_coverage_unknown,estimated_KBO_angle_unvalidated,False,False,unavailable_unseen_stadium_bias
2021,51636,다카하시,Right,-71.10756767578461,173.2271344894988,0.045510092885044436,-1.0,-0.01996230580608967,183.0,-0.045510092885044436,0.01996230580608967,0.6997554712735709,1.6892382270284636,0.0,0.0,661,True,36.775478941780754,36.775478941780754,False,False,2.231163595390875,11.99713185164767,,,sum_of_two_90pct_reference_radii_KBO_coverage_unknown,estimated_KBO_angle_unvalidated,False,False,unavailable_unseen_stadium_bias
2021,51648,이의리,Left,73.92029626408866,180.62578697933296,-0.05846121761173533,-1.0,-0.03270517655126674,185.0,0.05846121761173533,0.03270517655126674,-0.72590876521545,1.7649974106827329,0.0,0.0,1643,True,40.49367877498259,40.49367877498259,False,False,2.231163595390875,11.99713185164767,,,sum_of_two_90pct_reference_radii_KBO_coverage_unknown,estimated_KBO_angle_unvalidated,False,False,unavailable_unseen_stadium_bias
2021,51665,장민기,Left,71.54897778818018,181.63145447712938,-0.05720224416798529,-1.0,-0.02853771186054779,182.0,0.05720224416798529,0.02853771186054779,-0.7039596034383486,1.7707076520096043,0.0,0.0,496,True,42.60006067101203,42.60006067101203,False,False,2.231163595390875,11.99713185164767,,,sum_of_two_90pct_reference_radii_KBO_coverage_unknown,estimated_KBO_angle_unvalidated,False,False,unavailable_unseen_stadium_bias
2021,51668,이승재,Right,-51.57649388665508,177.33772864145175,0.0407233290339198,-1.0,-0.033643058271030674,182.0,-0.0407233290339198,0.033643058271030674,0.511249094331538,1.7356823737278155,0.0,0.0,490,True,42.33819504724399,42.33819504724399,False,False,2.231163595390875,11.99713185164767,,,sum_of_two_90pct_reference_radii_KBO_coverage_unknown,estimated_KBO_angle_unvalidated,False,False,unavailable_unseen_stadium_bias
2021,51715,김기중,Left,37.41859240995362,183.0478339133509,-0.040753188562511776,-1.0,-0.030375646930595253,186.0,0.040753188562511776,0.030375646930595253,-0.37943414945974446,1.7880544805212957,0.0,0.0,1037,False,45.93440796374231,45.93440796374231,False,False,2.231163595390875,11.99713185164767,31.706112516703765,60.16270341078085,sum_of_two_90pct_reference_radii_KBO_coverage_unknown,estimated_KBO_angle_unvalidated,False,False,reference_only_KBO_angle_unvalidated
2021,51722,카펜터,Left,76.6304436243196,203.40747311881,-0.06488725847709009,-1.0,-0.02827388055236787,196.0,0.06488725847709009,0.02827388055236787,-0.7568277306133584,1.973213405932885,0.0,0.0,2992,True,47.217286175904164,47.217286175904164,False,False,2.231163595390875,11.99713185164767,,,sum_of_two_90pct_reference_radii_KBO_coverage_unknown,estimated_KBO_angle_unvalidated,False,False,unavailable_unseen_stadium_bias
2021,51761,배동현,Right,-19.279865037914828,167.60273680123677,0.0159138965710934,-1.0,-0.012772904997918612,183.0,-0.0159138965710934,0.012772904997918612,0.2072927707044649,1.6366718097262867,0.0,0.0,731,True,39.839963108354944,39.839963108354944,False,False,2.231163595390875,11.99713185164767,,,sum_of_two_90pct_reference_radii_KBO_coverage_unknown,estimated_KBO_angle_unvalidated,False,False,unavailable_unseen_stadium_bias
2021,51809,조요한,Right,-48.25472097738979,188.77573744137894,0.043944333929397845,-1.0,-0.0379982054550887,191.0,-0.043944333929397845,0.0379982054550887,0.4814619714983974,1.8457342171052633,0.0,0.0,157,False,44.914691191018456,44.914691191018456,False,False,2.231163595390875,11.99713185164767,30.68639574397991,59.142986638056996,sum_of_two_90pct_reference_radii_KBO_coverage_unknown,estimated_KBO_angle_unvalidated,False,False,reference_only_KBO_angle_unvalidated
2021,51833,가빌리오,Right,-27.742131563240665,182.67634491496594,0.0315251339133323,-1.0,-0.022301037981456048,185.0,-0.0315251339133323,0.022301037981456048,0.2884915547231098,1.7799018443651147,0.0,0.0,1285,True,46.29306183634958,46.29306183634958,False,False,2.231163595390875,11.99713185164767,,,sum_of_two_90pct_reference_radii_KBO_coverage_unknown,estimated_KBO_angle_unvalidated,False,False,unavailable_unseen_stadium_bias
2021,51834,르위키,Right,-39.01973735487071,198.5419724698194,0.029881860493044678,-1.0,-0.02596025301161436,190.0,-0.029881860493044678,0.02596025301161436,0.39555755504416684,1.9271143893412122,0.0,0.0,215,False,51.25857728125433,51.25857728125433,False,False,2.231163595390875,11.99713185164767,37.030281834215785,65.48687272829288,sum_of_two_90pct_reference_radii_KBO_coverage_unknown,estimated_KBO_angle_unvalidated,False,False,reference_only_KBO_angle_unvalidated
2021,51863,폰트,Right,-69.70218478227422,208.5997611687071,0.04944944011127777,-1.0,-0.038558833401408636,193.0,-0.04944944011127777,0.038558833401408636,0.6862105059749003,2.0254757609516743,0.0,0.0,2524,True,52.41051861333164,52.41051861333164,False,False,2.231163595390875,11.99713185164767,,,sum_of_two_90pct_reference_radii_KBO_coverage_unknown,estimated_KBO_angle_unvalidated,False,False,unavailable_unseen_stadium_bias
2021,51867,김건우,Left,48.47710625534523,186.51940979815905,-0.05932260245411979,-1.0,-0.039374588783753744,186.0,0.05932260245411979,0.039374588783753744,-0.48469919764024827,1.8247691443385288,0.0,0.0,239,True,46.68505410005343,46.68505410005343,False,False,2.231163595390875,11.99713185164767,,,sum_of_two_90pct_reference_radii_KBO_coverage_unknown,estimated_KBO_angle_unvalidated,False,False,unavailable_unseen_stadium_bias
2021,51895,장지훈,Right,-94.82279061301736,153.6809294561336,0.08403356173700499,-1.0,0.0028726971162509876,177.0,-0.08403356173700499,-0.0028726971162509876,0.9333331605591054,1.4954014882430042,0.0,0.0,1233,True,24.75117048976577,24.75117048976577,False,False,2.231163595390875,11.99713185164767,,,sum_of_two_90pct_reference_radii_KBO_coverage_unknown,estimated_KBO_angle_unvalidated,False,False,unavailable_unseen_stadium_bias
2021,51897,조병현,Right,-52.5603504323091,188.78524960160405,0.04699439209151892,-1.0,-0.025934099939315357,182.0,-0.04699439209151892,0.025934099939315357,0.5241973567965804,1.8351932723329552,0.0,0.0,148,False,48.31338280187022,48.31338280187022,False,False,2.231163595390875,11.99713185164767,34.08508735483167,62.54167824890877,sum_of_two_90pct_reference_radii_KBO_coverage_unknown,estimated_KBO_angle_unvalidated,False,False,reference_only_KBO_angle_unvalidated
2021,51948,이용준,Right,-63.971088729912694,175.2483153335856,0.04946618885420452,-1.0,-0.029358808897222293,180.0,-0.04946618885420452,0.029358808897222293,0.630271491327683,1.7128064018765958,0.0,0.0,56,False,40.55210666820536,,False,False,,,,,sum_of_two_90pct_reference_radii_KBO_coverage_unknown,withheld_small_sample,False,False,withheld_estimate
2021,51967,파슨스,Right,-65.63083844251177,179.18396824797955,0.05424190791895271,-1.0,-0.02665468377013632,196.0,-0.05424190791895271,0.02665468377013632,0.6502103037072108,1.7526519928553264,0.0,0.0,2369,False,34.923977788759814,34.923977788759814,False,False,2.231163595390875,11.99713185164767,20.69568234172127,49.15227323579836,sum_of_two_90pct_reference_radii_KBO_coverage_unknown,estimated_KBO_angle_unvalidated,False,False,reference_only_KBO_angle_unvalidated
2021,60140,신정락,Right,-76.07393695672734,141.1856346443064,0.046944135508532714,-1.0,0.014222243845545122,178.0,-0.046944135508532714,-0.014222243845545122,0.7527357859517498,1.3756233017651027,0.0,0.0,384,True,18.702364291144924,18.702364291144924,False,False,2.231163595390875,11.99713185164767,,,sum_of_two_90pct_reference_radii_KBO_coverage_unknown,estimated_KBO_angle_unvalidated,False,False,unavailable_unseen_stadium_bias
2021,60146,이승현,Right,-17.61350901248055,190.88450122698782,0.020564146340653653,-1.0,-0.03629676877355022,181.0,-0.020564146340653653,0.03629676877355022,0.18745671254718468,1.8618054360888339,0.0,0.0,346,False,54.36792613157915,54.36792613157915,False,False,2.231163595390875,11.99713185164767,40.139630684540606,68.5962215786177,sum_of_two_90pct_reference_radii_KBO_coverage_unknown,estimated_KBO_angle_unvalidated,False,False,reference_only_KBO_angle_unvalidated
2021,60181,김지용,Right,6.674817029671239,166.71711375676202,0.004060514649220482,-1.0,-0.014099708211279576,174.0,-0.004060514649220482,0.014099708211279576,-0.041439822509543756,1.6277394227481483,0.0,0.7313432835820896,67,False,46.929523764731506,,False,True,,,,,sum_of_two_90pct_reference_radii_KBO_coverage_unknown,withheld_bridge_extrapolation,False,False,withheld_estimate
2021,60263,이재학,Right,-82.47905866794915,152.5445208675464,0.08045951266402948,-1.0,-0.0001385159454322876,181.0,-0.08045951266402948,0.0001385159454322876,0.8160545479805026,1.4890854304361978,0.0,0.0,1502,True,23.76054790551836,23.76054790551836,False,False,2.231163595390875,11.99713185164767,,,sum_of_two_90pct_reference_radii_KBO_coverage_unknown,estimated_KBO_angle_unvalidated,False,False,unavailable_unseen_stadium_bias
2021,60336,문성현,Right,-15.099960078891515,174.7781294603195,0.02219661391111824,-1.0,-0.02625665822046526,182.0,-0.02219661391111824,0.02625665822046526,0.16569385869038922,1.710076372911521,0.0,0.0,85,False,45.196011977034324,,False,False,,,,,sum_of_two_90pct_reference_radii_KBO_coverage_unknown,withheld_small_sample,False,False,withheld_estimate
2021,60337,김대유,Left,111.07957628298591,144.90027962229755,-0.07648358314431164,-1.0,0.01203355869856183,187.0,0.07648358314431164,-0.01203355869856183,-1.0889934056725996,1.4122705969541443,0.0,0.0,838,True,12.988033497847521,12.988033497847521,False,False,2.231163595390875,11.99713185164767,,,sum_of_two_90pct_reference_radii_KBO_coverage_unknown,estimated_KBO_angle_unvalidated,False,False,unavailable_unseen_stadium_bias
2021,60339,김건태,Right,-70.01409158367366,169.37227913710012,0.0668510360370825,-1.0,-0.015945167180707553,185.0,-0.0668510360370825,0.015945167180707553,0.6939143624704884,1.6532984116569611,0.0,0.0,131,False,33.61954812762419,33.61954812762419,False,False,2.231163595390875,11.99713185164767,19.391252680585648,47.84784357466273,sum_of_two_90pct_reference_radii_KBO_coverage_unknown,estimated_KBO_angle_unvalidated,False,False,reference_only_KBO_angle_unvalidated
2021,60559,박시영,Right,-18.39460410280578,185.1178697662344,0.012581934209262605,-1.0,-0.026239088198155385,181.0,-0.012581934209262605,0.026239088198155385,0.1957589989496191,1.803086619860696,0.0,0.0,687,True,50.77500848519838,50.77500848519838,False,False,2.231163595390875,11.99713185164767,,,sum_of_two_90pct_reference_radii_KBO_coverage_unknown,estimated_KBO_angle_unvalidated,False,False,unavailable_unseen_stadium_bias
2021,60768,이태양,Right,-24.335468061873932,191.62250818842801,0.029164697933226427,-1.0,-0.03186460569238824,192.0,-0.029164697933226427,0.03186460569238824,0.2552200565009774,1.8695488869179604,0.0,0.0,1641,True,48.65036302766677,48.65036302766677,False,False,2.231163595390875,11.99713185164767,,,sum_of_two_90pct_reference_radii_KBO_coverage_unknown,estimated_KBO_angle_unvalidated,False,False,unavailable_unseen_stadium_bias
2021,60841,박종훈,Right,-45.842654597471444,38.80716266673163,0.030723536242936268,-1.0,0.09624993654103298,186.0,-0.030723536242936268,-0.09624993654103298,0.48051727946469425,0.4010413348909495,0.0,0.0,871,False,-38.97193919558319,-38.97193919558319,False,False,2.231163595390875,11.99713185164767,-53.20023464262174,-24.743643748544645,sum_of_two_90pct_reference_radii_KBO_coverage_unknown,estimated_KBO_angle_unvalidated,False,False,reference_only_KBO_angle_unvalidated
2021,61101,임찬규,Right,-30.014484001247247,171.7253071607396,0.028913944452811566,-1.0,-0.014893261521298622,185.0,-0.028913944452811566,0.014893261521298622,0.31072688065972004,1.6757374855373097,0.0,0.0,1442,False,39.82378366384839,39.82378366384839,False,False,2.231163595390875,11.99713185164767,25.595488216809844,54.052079110886936,sum_of_two_90pct_reference_radii_KBO_coverage_unknown,estimated_KBO_angle_unvalidated,False,False,reference_only_KBO_angle_unvalidated
2021,61145,이우찬,Left,55.20855168364412,185.20903611200302,-0.0420817305304982,-1.0,-0.01907422548562589,185.0,0.0420817305304982,0.01907422548562589,-0.55042056856019,1.7993135594040128,0.0,0.0,652,True,44.78965886197936,44.78965886197936,False,False,2.231163595390875,11.99713185164767,,,sum_of_two_90pct_reference_radii_KBO_coverage_unknown,estimated_KBO_angle_unvalidated,False,False,unavailable_unseen_stadium_bias
2021,61156,송윤준,Left,64.52557072351996,166.11786295264434,-0.06602824283942733,-1.0,0.001748135392759968,186.0,0.06602824283942733,-0.001748135392759968,-0.6464202081566717,1.613878065739364,0.0,0.0,217,True,31.873736501357975,31.873736501357975,False,False,2.231163595390875,11.99713185164767,,,sum_of_two_90pct_reference_radii_KBO_coverage_unknown,estimated_KBO_angle_unvalidated,False,False,unavailable_unseen_stadium_bias
2021,61208,정진호,Right,-53.6847614891422,200.8360176950736,0.05088063291728734,-1.0,0.01063970845010519,185.0,-0.05088063291728734,-0.01063970845010519,0.5459392485133189,1.9238912739237748,0.0,0.0,23,False,51.95210692808254,,False,False,,,,,sum_of_two_90pct_reference_radii_KBO_coverage_unknown,withheld_small_sample,False,False,withheld_estimate
2021,61268,양현,Right,-115.22358861143285,84.85382307608008,0.07524048637550303,-1.0,0.056329233444978685,189.0,-0.07524048637550303,-0.056329233444978685,1.135739978300542,0.8406605891317931,0.0,0.0,884,False,-25.036729906522382,-25.036729906522382,False,False,2.231163595390875,11.99713185164767,-39.26502535356093,-10.808434459483838,sum_of_two_90pct_reference_radii_KBO_coverage_unknown,estimated_KBO_angle_unvalidated,False,False,reference_only_KBO_angle_unvalidated
2021,61295,강동연,Right,-47.631776191551694,194.93354759815034,0.04440046753548495,-1.0,-0.03027385229134616,195.0,-0.04440046753548495,0.03027385229134616,0.47864220226869586,1.8985312828632819,0.0,0.0,434,False,46.11784395798188,46.11784395798188,False,False,2.231163595390875,11.99713185164767,31.88954851094334,60.34613940502042,sum_of_two_90pct_reference_radii_KBO_coverage_unknown,estimated_KBO_angle_unvalidated,False,False,reference_only_KBO_angle_unvalidated
2021,61365,김대우,Right,-65.53243990801617,54.02827434170413,0.046967953570331226,-1.0,0.0728105302041772,183.0,-0.046967953570331226,-0.0728105302041772,0.6634761579499441,0.5513600616023313,0.0,0.0,838,True,-33.01966618321423,-33.01966618321423,False,False,2.231163595390875,11.99713185164767,,,sum_of_two_90pct_reference_radii_KBO_coverage_unknown,estimated_KBO_angle_unvalidated,False,False,unavailable_unseen_stadium_bias
2021,61411,심창민,Right,-83.38807830545228,120.30624249767146,0.054564096544153125,-1.0,0.017533455503352474,185.0,-0.054564096544153125,-0.017533455503352474,0.8236588135072067,1.1861660154177704,0.0,0.0,1016,True,2.8426939439804855,2.8426939439804855,False,False,2.231163595390875,11.99713185164767,,,sum_of_two_90pct_reference_radii_KBO_coverage_unknown,estimated_KBO_angle_unvalidated,False,False,unavailable_unseen_stadium_bias
2021,61457,임현준,Left,107.13734369462279,84.1556873670184,-0.06592502596800141,-1.0,0.062402681937847745,185.0,0.06592502596800141,-0.062402681937847745,-1.058782638266376,0.8295543036337505,0.0,0.0,208,True,-22.438734634686845,-22.438734634686845,False,False,2.231163595390875,11.99713185164767,,,sum_of_two_90pct_reference_radii_KBO_coverage_unknown,estimated_KBO_angle_unvalidated,False,False,unavailable_unseen_stadium_bias
2021,61643,홍건희,Right,-57.43834831234085,188.0112949024308,0.04084170976310822,-1.0,-0.043495565471656124,187.0,-0.04084170976310822,0.043495565471656124,0.5655755296748558,1.8398876159568782,0.0,0.0,1268,True,45.57233787568915,45.57233787568915,False,False,2.231163595390875,11.99713185164767,,,sum_of_two_90pct_reference_radii_KBO_coverage_unknown,estimated_KBO_angle_unvalidated,False,False,unavailable_unseen_stadium_bias
2021,61666,한승혁,Right,-55.67948174332414,185.44062484056272,0.03361605391615886,-1.0,-0.026120207908128284,185.0,-0.03361605391615886,0.026120207908128284,0.5517527008232265,1.805323912578185,0.0,0.0,404,True,44.63377463035716,44.63377463035716,False,False,2.231163595390875,11.99713185164767,,,sum_of_two_90pct_reference_radii_KBO_coverage_unknown,estimated_KBO_angle_unvalidated,False,False,unavailable_unseen_stadium_bias
2021,61700,강경학,Right,-83.66901566880343,171.2776320616101,0.06026672001971153,-1.0,-0.00382209877004962,180.0,-0.06026672001971153,0.00382209877004962,0.8241599568354558,1.6603678670984894,0.0,0.0,27,False,35.1036335660282,,False,False,,,,,sum_of_two_90pct_reference_radii_KBO_coverage_unknown,withheld_small_sample,False,False,withheld_estimate
2021,61895,서진용,Right,-34.28768798601159,187.15805844794346,0.027879755919651566,-1.0,-0.03721080237904745,184.0,-0.027879755919651566,0.03721080237904745,0.34603907346816337,1.8285836095184034,0.0,0.0,1132,True,48.96246189849591,48.96246189849591,False,False,2.231163595390875,11.99713185164767,,,sum_of_two_90pct_reference_radii_KBO_coverage_unknown,estimated_KBO_angle_unvalidated,False,False,unavailable_unseen_stadium_bias
2021,62056,정영일,Right,-23.824550223476145,177.55575134623032,0.022406350161601845,-1.0,-0.01968930701530507,188.0,-0.022406350161601845,0.01968930701530507,0.25089444348962414,1.73287779782305,0.0,0.0,39,False,42.622006978370564,,False,False,,,,,sum_of_two_90pct_reference_radii_KBO_coverage_unknown,withheld_small_sample,False,False,withheld_estimate
2021,62146,최성훈,Left,69.84139681322958,166.53800969361544,-0.04586609996901632,-1.0,-0.002570746477071868,178.0,0.04586609996901632,0.002570746477071868,-0.6910475131148305,1.6163973333309396,0.0,0.0,660,True,35.12959448079883,35.12959448079883,False,False,2.231163595390875,11.99713185164767,,,sum_of_two_90pct_reference_radii_KBO_coverage_unknown,estimated_KBO_angle_unvalidated,False,False,unavailable_unseen_stadium_bias
2021,62242,윤명준,Right,-59.08465617512258,179.68347161957624,0.04465650069780759,-1.0,-0.010913064177856188,178.0,-0.04465650069780759,0.010913064177856188,0.5880145448974322,1.7415516403803724,0.0,0.0,759,True,43.85659808298756,43.85659808298756,False,False,2.231163595390875,11.99713185164767,,,sum_of_two_90pct_reference_radii_KBO_coverage_unknown,estimated_KBO_angle_unvalidated,False,False,unavailable_unseen_stadium_bias
2021,62263,변시원,Right,-101.67453452286004,116.45746035986662,0.08171787346419138,-1.0,0.03752459931145538,178.0,-0.08171787346419138,-0.03752459931145538,1.0042827129644651,1.1363025059770062,0.0,0.0,35,True,-0.09003540764008022,,False,False,,,,,sum_of_two_90pct_reference_radii_KBO_coverage_unknown,withheld_small_sample,False,False,withheld_estimate
2021,62360,김태훈,Right,-26.65244582521036,187.94895220429996,0.02674764071243668,-1.0,-0.03053397095199612,187.0,-0.02674764071243668,0.03053397095199612,0.2760110330675091,1.8333594176902162,0.0,0.0,1097,True,48.6530863096644,48.6530863096644,False,False,2.231163595390875,11.99713185164767,,,sum_of_two_90pct_reference_radii_KBO_coverage_unknown,estimated_KBO_angle_unvalidated,False,False,unavailable_unseen_stadium_bias
2021,62363,한현희,Right,-105.62445557091606,128.9811700120588,0.08010888538862429,-1.0,0.014190754115526907,182.0,-0.08010888538862429,-0.014190754115526907,1.0368207898894228,1.2651095757798234,0.0,0.0,1398,False,6.187658406779114,6.187658406779114,False,False,2.231163595390875,11.99713185164767,-8.04063704025943,20.41595385381766,sum_of_two_90pct_reference_radii_KBO_coverage_unknown,estimated_KBO_angle_unvalidated,False,False,reference_only_KBO_angle_unvalidated
2021,62528,김원중,Right,-58.022837638899055,191.14016420721015,0.04905639191058996,-1.0,-0.028814694961562637,192.0,-0.04905639191058996,0.028814694961562637,0.577120089158057,1.8615253618995589,0.0,0.0,1028,True,44.23576720489356,44.23576720489356,False,False,2.231163595390875,11.99713185164767,,,sum_of_two_90pct_reference_radii_KBO_coverage_unknown,estimated_KBO_angle_unvalidated,False,False,unavailable_unseen_stadium_bias
2021,62611,임준섭,Left,42.45550008587581,191.78554510681852,-0.039861063160752185,-1.0,-0.027062399461549647,181.0,0.039861063160752185,0.027062399461549647,-0.4274176470179042,1.863275984444657,0.0,0.0,265,True,52.16223705796072,52.16223705796072,False,False,2.231163595390875,11.99713185164767,,,sum_of_two_90pct_reference_radii_KBO_coverage_unknown,estimated_KBO_angle_unvalidated,False,False,unavailable_unseen_stadium_bias
2021,62655,홍성민,Right,-48.9517843329707,173.24094251905595,0.055264726648070396,-1.0,-0.005643645796274329,191.0,-0.055264726648070396,0.005643645796274329,0.4970758128793038,1.685571509279304,0.0,0.0,722,True,35.19571052697555,35.19571052697555,False,False,2.231163595390875,11.99713185164767,,,sum_of_two_90pct_reference_radii_KBO_coverage_unknown,estimated_KBO_angle_unvalidated,False,False,unavailable_unseen_stadium_bias
2021,62754,임기영,Right,-91.82224543680613,140.70324041494518,0.07518930070032387,-1.0,0.009662748096541282,184.0,-0.07518930070032387,-0.009662748096541282,0.9056533884969865,1.3758633488306355,0.0,0.0,2521,True,14.082572051455237,14.082572051455237,False,False,2.231163595390875,11.99713185164767,,,sum_of_two_90pct_reference_radii_KBO_coverage_unknown,estimated_KBO_angle_unvalidated,False,False,unavailable_unseen_stadium_bias
2021,62869,문승원,Right,-61.98263882291322,177.52588539747026,0.04806045024181051,-1.0,-0.02529715922608244,180.0,-0.04806045024181051,0.02529715922608244,0.6124501121445068,1.7311659762915703,0.0,0.0,857,False,41.90238305535486,41.90238305535486,False,False,2.231163595390875,11.99713185164767,27.674087608316317,56.13067850239341,sum_of_two_90pct_reference_radii_KBO_coverage_unknown,estimated_KBO_angle_unvalidated,False,False,reference_only_KBO_angle_unvalidated
2021,62908,황윤호,Right,-73.96890365817904,157.53685516553855,0.05978147395711262,-1.0,0.0004138034842694989,177.0,-0.05978147395711262,-0.0004138034842694989,0.7322498584854742,1.5326382127932465,0.0,0.0,20,False,29.457758746696836,,False,False,,,,,sum_of_two_90pct_reference_radii_KBO_coverage_unknown,withheld_small_sample,False,False,withheld_estimate
2021,62920,노건우,Left,30.30106116345989,168.73388503782968,-0.03847565509119013,-1.0,-0.028329478694487528,182.0,0.03847565509119013,0.028329478694487528,-0.3108670401287022,1.6558263673136688,0.0,0.0,352,True,40.95543780212892,40.95543780212892,False,False,2.231163595390875,11.99713185164767,,,sum_of_two_90pct_reference_radii_KBO_coverage_unknown,estimated_KBO_angle_unvalidated,False,False,unavailable_unseen_stadium_bias
2021,62937,신재영,Right,-62.31243609367031,136.02375844500347,0.049753944004938815,-1.0,0.019803577326204542,185.0,-0.049753944004938815,-0.019803577326204542,0.6254980913418331,1.3289734223899885,0.0,0.0,450,True,14.540134788065231,14.540134788065231,False,False,2.231163595390875,11.99713185164767,,,sum_of_two_90pct_reference_radii_KBO_coverage_unknown,estimated_KBO_angle_unvalidated,False,False,unavailable_unseen_stadium_bias
2021,62951,이형범,Right,-38.07057596938881,169.65048269999394,0.03788828514604288,-1.0,-0.007680233337011855,181.0,-0.03788828514604288,0.007680233337011855,0.38925160765423605,1.650856686863459,0.0,0.0,68,False,39.15116566736466,,False,False,,,,,sum_of_two_90pct_reference_radii_KBO_coverage_unknown,withheld_small_sample,False,False,withheld_estimate
2021,62966,최금강,Right,-88.84523972928281,177.2142609543419,0.06245276986208418,-1.0,-0.01075061658134407,195.0,-0.06245276986208418,0.01075061658134407,0.8744034446176968,1.723458048881746,0.0,0.0,512,True,30.97203849476053,30.97203849476053,False,False,2.231163595390875,11.99713185164767,,,sum_of_two_90pct_reference_radii_KBO_coverage_unknown,estimated_KBO_angle_unvalidated,False,False,unavailable_unseen_stadium_bias
2021,63103,류원석,Right,-87.14418852345493,127.09097106595505,0.06203810996236863,-1.0,0.00659933346925339,186.0,-0.06203810996236863,-0.00659933346925339,0.8581095107209856,1.2546645288990264,0.0,0.0,128,False,6.2345500705049375,6.2345500705049375,False,False,2.231163595390875,11.99713185164767,-7.993745376533607,20.46284551754348,sum_of_two_90pct_reference_radii_KBO_coverage_unknown,estimated_KBO_angle_unvalidated,False,False,reference_only_KBO_angle_unvalidated
2021,63145,배재준,Right,-55.501457765921565,178.98940590635215,0.0397979165330754,-1.0,-0.01661400400982282,188.0,-0.0397979165330754,0.01661400400982282,0.5535456168847932,1.7423102539382809,0.0,0.0,609,True,39.29938923469299,39.29938923469299,False,False,2.231163595390875,11.99713185164767,,,sum_of_two_90pct_reference_radii_KBO_coverage_unknown,estimated_KBO_angle_unvalidated,False,False,unavailable_unseen_stadium_bias
2021,63248,함덕주,Left,66.5778595981904,180.99229986166932,-0.05289612772045487,-1.0,-0.025849194397003176,181.0,0.05289612772045487,0.025849194397003176,-0.6568314935437151,1.7631617194156326,0.0,0.0,390,False,43.207708763309384,43.207708763309384,False,False,2.231163595390875,11.99713185164767,28.97941331627084,57.43600421034793,sum_of_two_90pct_reference_radii_KBO_coverage_unknown,estimated_KBO_angle_unvalidated,False,False,reference_only_KBO_angle_unvalidated
2021,63292,박소준,Right,-71.15501346716904,173.90298609717522,0.05020515995926205,-1.0,-0.0136229867757289,177.0,-0.05020515995926205,0.0136229867757289,0.7016279915958771,1.6896047432303,0.0,0.0,1081,True,39.84843299374723,39.84843299374723,False,False,2.231163595390875,11.99713185164767,,,sum_of_two_90pct_reference_radii_KBO_coverage_unknown,estimated_KBO_angle_unvalidated,False,False,unavailable_unseen_stadium_bias
2021,63342,조상우,Right,-54.5356095710875,164.80624729158586,0.042713138645729926,-1.0,-0.01850136477551659,186.0,-0.042713138645729926,0.01850136477551659,0.5432054991535094,1.6140521955914169,0.0,0.0,732,True,32.60281830053856,32.60281830053856,False,False,2.231163595390875,11.99713185164767,,,sum_of_two_90pct_reference_radii_KBO_coverage_unknown,estimated_KBO_angle_unvalidated,False,False,unavailable_unseen_stadium_bias
2021,63464,윤대경,Right,-61.20942141977651,185.56667771922045,0.042577014370696095,-1.0,-0.0230632941403597,179.0,-0.042577014370696095,0.0230632941403597,0.6051882010262343,1.802397454801614,0.0,0.0,1290,True,46.9728080202276,46.9728080202276,False,False,2.231163595390875,11.99713185164767,,,sum_of_two_90pct_reference_radii_KBO_coverage_unknown,estimated_KBO_angle_unvalidated,False,False,unavailable_unseen_stadium_bias
2021,63492,이재익,Left,52.510227762659426,184.08282911685725,-0.04457634637181146,-1.0,-0.024395827094433026,180.0,0.04457634637181146,0.024395827094433026,-0.5231160294964255,1.7907706907475962,0.0,0.0,224,False,47.061010263999435,47.061010263999435,False,False,2.231163595390875,11.99713185164767,32.83271481696089,61.28930571103798,sum_of_two_90pct_reference_radii_KBO_coverage_unknown,estimated_KBO_angle_unvalidated,False,False,reference_only_KBO_angle_unvalidated
2021,63512,박진형,Right,-35.237979143630604,174.8214146305945,0.03980172528055829,-1.0,-0.015806508683437685,181.0,-0.03980172528055829,0.015806508683437685,0.36107526229480463,1.7029615650146157,0.0,0.0,325,True,42.669549079338225,42.669549079338225,False,False,2.231163595390875,11.99713185164767,,,sum_of_two_90pct_reference_radii_KBO_coverage_unknown,estimated_KBO_angle_unvalidated,False,False,unavailable_unseen_stadium_bias
2021,63543,구승민,Right,-42.71392655345304,174.64585049289494,0.046206440057611035,-1.0,-0.02600831735212029,182.0,-0.046206440057611035,0.02600831735212029,0.43022444674088717,1.7074866140183307,0.0,0.0,1047,True,41.596172243613786,41.596172243613786,False,False,2.231163595390875,11.99713185164767,,,sum_of_two_90pct_reference_radii_KBO_coverage_unknown,estimated_KBO_angle_unvalidated,False,False,unavailable_unseen_stadium_bias
2021,63628,고영창,Right,-69.82066086845234,180.96273953010947,0.05343112172527376,-1.0,-0.011844765612963956,189.0,-0.05343112172527376,0.011844765612963956,0.6923707813386047,1.7571334580524929,0.0,0.0,410,True,38.07148530114874,38.07148530114874,False,False,2.231163595390875,11.99713185164767,,,sum_of_two_90pct_reference_radii_KBO_coverage_unknown,estimated_KBO_angle_unvalidated,False,False,unavailable_unseen_stadium_bias
2021,63638,박준표,Right,-56.670051179507006,127.31897640314486,0.03485844944314592,-1.0,0.03251043141926829,181.0,-0.03485844944314592,-0.03251043141926829,0.5719117656033755,1.2408046952292768,0.0,0.0,570,True,11.525123225584107,11.525123225584107,False,False,2.231163595390875,11.99713185164767,,,sum_of_two_90pct_reference_radii_KBO_coverage_unknown,estimated_KBO_angle_unvalidated,False,False,unavailable_unseen_stadium_bias
2021,63749,이충호,Left,78.08109522249232,186.3875608110698,-0.06622611393418008,-1.0,-0.0234536747255138,182.0,0.06622611393418008,0.0234536747255138,-0.7686368075474338,1.8106866061185443,0.0,0.0,316,True,44.31738928565576,44.31738928565576,False,False,2.231163595390875,11.99713185164767,,,sum_of_two_90pct_reference_radii_KBO_coverage_unknown,estimated_KBO_angle_unvalidated,False,False,unavailable_unseen_stadium_bias
2021,63765,김종수,Right,-54.777617272711076,180.09775401775713,0.03615169911514294,-1.0,-0.028244049321863147,180.0,-0.03615169911514294,0.028244049321863147,0.5419620009951066,1.7564328020044693,0.0,0.0,924,True,44.27120905372155,44.27120905372155,False,False,2.231163595390875,11.99713185164767,,,sum_of_two_90pct_reference_radii_KBO_coverage_unknown,estimated_KBO_angle_unvalidated,False,False,unavailable_unseen_stadium_bias
2021,63894,김사윤,Left,41.54847582615912,178.1603277593603,-0.04009748603741225,-1.0,-0.029900165923634415,182.0,0.04009748603741225,0.029900165923634415,-0.41748676755672187,1.7416283506479426,0.0,0.0,411,False,44.524126084841505,44.524126084841505,False,False,2.231163595390875,11.99713185164767,30.29583063780296,58.752421531880046,sum_of_two_90pct_reference_radii_KBO_coverage_unknown,estimated_KBO_angle_unvalidated,False,False,reference_only_KBO_angle_unvalidated
2021,63914,손정욱,Left,50.68397185476487,181.853243712815,-0.03705181902328794,-1.0,-0.02140285336845892,182.0,0.03705181902328794,0.02140285336845892,-0.5056284139140064,1.769325067681149,0.0,0.0,239,False,45.009572952136395,45.009572952136395,False,False,2.231163595390875,11.99713185164767,30.78127750509785,59.23786839917494,sum_of_two_90pct_reference_radii_KBO_coverage_unknown,estimated_KBO_angle_unvalidated,False,False,reference_only_KBO_angle_unvalidated
2021,63950,장현식,Right,-44.43738651147522,186.07542017043528,0.029574836138016754,-1.0,-0.03896813853524356,181.0,-0.029574836138016754,0.03896813853524356,0.44112239204031134,1.8180486731709298,0.0,0.0,1307,True,48.709432838897655,48.709432838897655,False,False,2.231163595390875,11.99713185164767,,,sum_of_two_90pct_reference_radii_KBO_coverage_unknown,estimated_KBO_angle_unvalidated,False,False,unavailable_unseen_stadium_bias
2021,63959,임정호,Left,37.30846466950507,158.6493159367227,-0.03390794029765233,-1.0,0.0023873019669248016,188.0,0.03390794029765233,-0.0023873019669248016,-0.3844270417610659,1.5473069382545601,0.0,0.0,660,True,30.928258193676193,30.928258193676193,False,False,2.231163595390875,11.99713185164767,,,sum_of_two_90pct_reference_radii_KBO_coverage_unknown,estimated_KBO_angle_unvalidated,False,False,unavailable_unseen_stadium_bias
2021,63960,이상민,Left,53.69691056598861,173.03673631159805,-0.0464029963783062,-1.0,-0.012697484908436304,180.0,0.0464029963783062,0.012697484908436304,-0.5368878740641965,1.6833991115094322,0.0,0.0,445,True,40.338986954230656,40.338986954230656,False,False,2.231163595390875,11.99713185164767,,,sum_of_two_90pct_reference_radii_KBO_coverage_unknown,estimated_KBO_angle_unvalidated,False,False,unavailable_unseen_stadium_bias
2021,63961,윤호솔,Right,-34.593658850546575,185.1108855311328,0.0231237097803067,-1.0,-0.04636533002040195,183.0,-0.0231237097803067,0.04636533002040195,0.34556321011142926,1.814932315339777,0.0,0.0,838,True,48.642879970863945,48.642879970863945,False,False,2.231163595390875,11.99713185164767,,,sum_of_two_90pct_reference_radii_KBO_coverage_unknown,estimated_KBO_angle_unvalidated,False,False,unavailable_unseen_stadium_bias
2021,63991,박진우,Right,-97.11014963412674,111.70635784251394,0.08551067997141802,-1.0,0.04457528994428783,180.0,-0.08551067997141802,-0.04457528994428783,0.9636117341799404,1.0900904544743646,0.0,0.0,196,False,-3.324103528007008,-3.324103528007008,False,False,2.231163595390875,11.99713185164767,-17.552398975045552,10.904191919031536,sum_of_two_90pct_reference_radii_KBO_coverage_unknown,estimated_KBO_angle_unvalidated,False,False,reference_only_KBO_angle_unvalidated
2021,64001,고영표,Right,-86.28018619933327,101.80356170258466,0.06660532996948154,-1.0,0.055919794069599855,187.0,-0.06660532996948154,-0.055919794069599855,0.8617763575364134,0.9960062464277888,0.0,0.0,2370,True,-10.312124825071798,-10.312124825071798,False,False,2.231163595390875,11.99713185164767,,,sum_of_two_90pct_reference_radii_KBO_coverage_unknown,estimated_KBO_angle_unvalidated,False,False,unavailable_unseen_stadium_bias
2021,64017,심재민,Left,42.25631131981572,183.44851001499967,-0.042994542043486135,-1.0,-0.029668867960901867,182.0,0.042994542043486135,0.029668867960901867,-0.42501506883489687,1.7895711471050477,0.0,0.0,740,True,47.28723252042901,47.28723252042901,False,False,2.231163595390875,11.99713185164767,,,sum_of_two_90pct_reference_radii_KBO_coverage_unknown,estimated_KBO_angle_unvalidated,False,False,unavailable_unseen_stadium_bias
2021,64021,박세웅,Right,-24.322846218643956,174.01356653025573,0.02079174381212385,-1.0,-0.015017594065091776,182.0,-0.02079174381212385,0.015017594065091776,0.25533846753298595,1.6956868846856348,0.0,0.0,2605,True,43.135553601276904,43.135553601276904,False,False,2.231163595390875,11.99713185164767,,,sum_of_two_90pct_reference_radii_KBO_coverage_unknown,estimated_KBO_angle_unvalidated,False,False,unavailable_unseen_stadium_bias
2021,64047,조현우,Left,55.27824631150547,165.0402337328214,-0.05130132670547624,-1.0,-0.012800893136757151,182.0,0.05130132670547624,0.012800893136757151,-0.5523904316346753,1.611572117411537,0.0,0.0,460,True,34.84116488312928,34.84116488312928,False,False,2.231163595390875,11.99713185164767,,,sum_of_two_90pct_reference_radii_KBO_coverage_unknown,estimated_KBO_angle_unvalidated,False,False,unavailable_unseen_stadium_bias
2021,64498,구준범,Left,69.84445493578708,180.80537472922546,-0.05821499325398961,-1.0,-0.023043507805325356,175.0,0.05821499325398961,0.023043507805325356,-0.6882412826379039,1.7575896994268445,0.0,0.0,43,False,45.54411289237269,,False,False,,,,,sum_of_two_90pct_reference_radii_KBO_coverage_unknown,withheld_small_sample,False,False,withheld_estimate
2021,64501,배성근,Right,-72.23426204542137,183.9750197400251,0.07313561873594183,-1.0,-0.0012692507371847525,183.0,-0.07313561873594183,0.0012692507371847525,0.720176176415447,1.7765040230024134,0.0,0.0,28,False,42.01692921174694,,False,False,,,,,sum_of_two_90pct_reference_radii_KBO_coverage_unknown,withheld_small_sample,False,False,withheld_estimate
2021,64504,오윤석,Right,-74.6085291696015,178.3585755374419,0.07045452371846256,-1.0,-0.00307291214647786,180.0,-0.07045452371846256,0.00307291214647786,0.7408731623969945,1.725237148146941,0.0,0.0,8,False,40.130634773329234,,False,False,,,,,sum_of_two_90pct_reference_radii_KBO_coverage_unknown,withheld_small_sample,False,False,withheld_estimate
2021,64554,문동욱,Right,-21.417909085459414,193.1645801272876,0.025573965148657486,-1.0,-0.02402712337128034,187.0,-0.025573965148657486,0.02402712337128034,0.22838660894227125,1.8771907534590326,0.0,0.0,25,False,51.82751945338404,,False,False,,,,,sum_of_two_90pct_reference_radii_KBO_coverage_unknown,withheld_small_sample,False,False,withheld_estimate
2021,64565,이인복,Right,-36.84264242984856,188.38484300452328,0.03864966957192597,-1.0,-0.024851976789546672,187.0,-0.03864966957192597,0.024851976789546672,0.3755589173604799,1.8335608703869837,0.0,0.0,946,True,47.42713406626613,47.42713406626613,False,False,2.231163595390875,11.99713185164767,,,sum_of_two_90pct_reference_radii_KBO_coverage_unknown,estimated_KBO_angle_unvalidated,False,False,unavailable_unseen_stadium_bias
2021,64580,김재열,Right,-40.8466472115935,191.75666448804947,0.026788583462053095,-1.0,-0.028585087663129477,183.0,-0.026788583462053095,0.028585087663129477,0.4100952546109764,1.864327865680317,0.0,0.0,568,True,50.86362963975683,50.86362963975683,False,False,2.231163595390875,11.99713185164767,,,sum_of_two_90pct_reference_radii_KBO_coverage_unknown,estimated_KBO_angle_unvalidated,False,False,unavailable_unseen_stadium_bias
2021,64596,김유영,Left,61.11266173264662,158.8793851368473,-0.04361510987876678,-1.0,-0.0032458861726092783,180.0,0.04361510987876678,0.0032458861726092783,-0.6079676038466413,1.5485034375868552,0.0,0.0,340,True,31.120716224040684,31.120716224040684,False,False,2.231163595390875,11.99713185164767,,,sum_of_two_90pct_reference_radii_KBO_coverage_unknown,estimated_KBO_angle_unvalidated,False,False,unavailable_unseen_stadium_bias
2021,64615,차명진,Right,-83.73830340489509,166.56245645021042,0.05661308787663202,-1.0,-0.01841203870809335,188.0,-0.05661308787663202,0.01841203870809335,0.8215329688648388,1.62897859004636,0.0,0.0,218,True,29.154551628122892,29.154551628122892,False,False,2.231163595390875,11.99713185164767,,,sum_of_two_90pct_reference_radii_KBO_coverage_unknown,estimated_KBO_angle_unvalidated,False,False,unavailable_unseen_stadium_bias
2021,64718,최설우,Right,-47.70404290233397,193.87361522523236,0.02866492624927591,-1.0,-0.02342009238674699,179.0,-0.02866492624927591,0.02342009238674699,0.4759217397444422,1.8786087086071157,0.0,0.0,767,True,53.10067701825033,53.10067701825033,False,False,2.231163595390875,11.99713185164767,,,sum_of_two_90pct_reference_radii_KBO_coverage_unknown,estimated_KBO_angle_unvalidated,False,False,unavailable_unseen_stadium_bias
2021,64759,서균,Right,-78.36544892610769,108.70704139948535,0.052467663556484044,-1.0,0.04620187833896805,185.0,-0.052467663556484044,-0.04620187833896805,0.7824644904377621,1.0639432933810737,0.0,0.0,37,True,-4.145955797147529,,False,False,,,,,sum_of_two_90pct_reference_radii_KBO_coverage_unknown,withheld_small_sample,False,False,withheld_estimate
2021,64760,황영국,Left,69.68056125352776,177.8957234569004,-0.06292757114971623,-1.0,-0.021728045863033337,185.0,0.06292757114971623,0.021728045863033337,-0.6892079126670129,1.7340841304784795,0.0,0.0,280,True,39.06354769922192,39.06354769922192,False,False,2.231163595390875,11.99713185164767,,,sum_of_two_90pct_reference_radii_KBO_coverage_unknown,estimated_KBO_angle_unvalidated,False,False,unavailable_unseen_stadium_bias
2021,64768,조이현,Right,-26.343382489417973,188.13200443915426,0.028110203256208936,-1.0,-0.030396495949708828,185.0,-0.028110203256208936,0.030396495949708828,0.2730325122658453,1.8342971469177716,0.0,0.0,1103,False,49.71157391427227,49.71157391427227,False,False,2.231163595390875,11.99713185164767,35.48327846723373,63.93986936131081,sum_of_two_90pct_reference_radii_KBO_coverage_unknown,estimated_KBO_angle_unvalidated,False,False,reference_only_KBO_angle_unvalidated
2021,64805,이승진,Right,-53.84845478025131,193.2619229826626,0.03818413360669003,-1.0,-0.031477197581922835,186.0,-0.03818413360669003,0.031477197581922835,0.5344803275957829,1.880216159527058,0.0,0.0,833,True,48.88704566180991,48.88704566180991,False,False,2.231163595390875,11.99713185164767,,,sum_of_two_90pct_reference_radii_KBO_coverage_unknown,estimated_KBO_angle_unvalidated,False,False,unavailable_unseen_stadium_bias
2021,64861,이건욱,Right,-28.85909175631387,180.21451040531647,0.02454221375097764,-1.0,-0.0258665482110733,182.0,-0.02454221375097764,0.0258665482110733,0.29638782291707266,1.7582985557076807,0.0,0.0,284,False,46.34160928839492,46.34160928839492,False,False,2.231163595390875,11.99713185164767,32.11331384135637,60.56990473543347,sum_of_two_90pct_reference_radii_KBO_coverage_unknown,estimated_KBO_angle_unvalidated,False,False,reference_only_KBO_angle_unvalidated
2021,64893,박민호,Right,-114.30769210131756,132.70785591698854,0.09009026487846257,-1.0,0.016467517304951145,185.0,-0.09009026487846257,-0.016467517304951145,1.1216643278971357,1.2983550262395718,0.0,0.0,697,True,5.964949574240443,5.964949574240443,False,False,2.231163595390875,11.99713185164767,,,sum_of_two_90pct_reference_radii_KBO_coverage_unknown,estimated_KBO_angle_unvalidated,False,False,unavailable_unseen_stadium_bias
2021,64896,서동민,Right,-32.20415117518609,183.67516138123463,0.022024206098232833,-1.0,-0.01897837597293594,186.0,-0.022024206098232833,0.01897837597293594,0.3301749498053455,1.7867078365865694,0.0,0.0,499,True,45.68883121954234,45.68883121954234,False,False,2.231163595390875,11.99713185164767,,,sum_of_two_90pct_reference_radii_KBO_coverage_unknown,estimated_KBO_angle_unvalidated,False,False,unavailable_unseen_stadium_bias
2021,65048,김민수,Right,-55.426035800437226,194.01207444809754,0.03460251921026011,-1.0,-0.02399181641185012,188.0,-0.03460251921026011,0.02399181641185012,0.5510740409609628,1.8830303854702242,0.0,0.0,922,True,47.84553313513075,47.84553313513075,False,False,2.231163595390875,11.99713185164767,,,sum_of_two_90pct_reference_radii_KBO_coverage_unknown,estimated_KBO_angle_unvalidated,False,False,unavailable_unseen_stadium_bias
2021,65056,엄상백,Right,-85.11394047174393,143.860194006913,0.06352253279088131,-1.0,-0.004301550385689375,187.0,-0.06352253279088131,0.004301550385689375,0.8376185636033473,1.4140730052634385,0.0,0.0,913,True,16.039010401529534,16.039010401529534,False,False,2.231163595390875,11.99713185164767,,,sum_of_two_90pct_reference_radii_KBO_coverage_unknown,estimated_KBO_angle_unvalidated,False,False,unavailable_unseen_stadium_bias
2021,65057,이창재,Left,52.38451500791944,175.72536217561387,-0.056436348957504545,-1.0,-0.026340732282476628,178.0,0.056436348957504545,0.026340732282476628,-0.5224708500225562,1.715697611219514,0.0,0.0,442,True,43.45897336917263,43.45897336917263,False,False,2.231163595390875,11.99713185164767,,,sum_of_two_90pct_reference_radii_KBO_coverage_unknown,estimated_KBO_angle_unvalidated,False,False,unavailable_unseen_stadium_bias
2021,65060,주권,Right,-55.094687202800024,170.77704910761574,0.044772117709559925,-1.0,-0.023444649282144694,181.0,-0.044772117709559925,0.023444649282144694,0.5471191623375371,1.669501442150971,0.0,0.0,732,True,38.32287350252013,38.32287350252013,False,False,2.231163595390875,11.99713185164767,,,sum_of_two_90pct_reference_radii_KBO_coverage_unknown,estimated_KBO_angle_unvalidated,False,False,unavailable_unseen_stadium_bias
2021,65062,김재윤,Right,-74.19951893501806,180.5251304853278,0.05392834152336615,-1.0,-0.03255062892888119,185.0,-0.05392834152336615,0.03255062892888119,0.7278598413952229,1.7638231015930153,0.0,0.0,1061,True,40.10426023258391,40.10426023258391,False,False,2.231163595390875,11.99713185164767,,,sum_of_two_90pct_reference_radii_KBO_coverage_unknown,estimated_KBO_angle_unvalidated,False,False,unavailable_unseen_stadium_bias
2021,65109,백승현,Right,-32.18841986249079,176.5502853071872,0.033397846085793007,-1.0,-0.03128381438998081,183.0,-0.033397846085793007,0.03128381438998081,0.32777792545199785,1.7286519030007428,0.0,0.0,261,True,43.687327981820836,43.687327981820836,False,False,2.231163595390875,11.99713185164767,,,sum_of_two_90pct_reference_radii_KBO_coverage_unknown,estimated_KBO_angle_unvalidated,False,False,unavailable_unseen_stadium_bias
2021,65117,이상규,Right,-26.14180254668778,180.31284807074374,0.027082784432143764,-1.0,-0.03235310687757601,185.0,-0.027082784432143764,0.03235310687757601,0.2699841273635921,1.7644183613689806,0.0,0.0,110,True,45.615168555647564,45.615168555647564,False,False,2.231163595390875,11.99713185164767,,,sum_of_two_90pct_reference_radii_KBO_coverage_unknown,estimated_KBO_angle_unvalidated,False,False,unavailable_unseen_stadium_bias
2021,65241,채원후,Right,-35.70254459407306,176.3335626564415,0.032213680687577954,-1.0,-0.02436857614337874,180.0,-0.032213680687577954,0.02436857614337874,0.362019849705402,1.721185943529993,0.0,0.0,340,True,44.244829351450825,44.244829351450825,False,False,2.231163595390875,11.99713185164767,,,sum_of_two_90pct_reference_radii_KBO_coverage_unknown,estimated_KBO_angle_unvalidated,False,False,unavailable_unseen_stadium_bias
2021,65320,최원태,Right,-47.350220258970886,165.7595772102797,0.04061963956929946,-1.0,-0.016685454309021838,184.0,-0.04061963956929946,0.016685454309021838,0.4752413537775697,1.6213735819356443,0.0,0.0,2419,True,34.849732015689355,34.849732015689355,False,False,2.231163595390875,11.99713185164767,,,sum_of_two_90pct_reference_radii_KBO_coverage_unknown,estimated_KBO_angle_unvalidated,False,False,unavailable_unseen_stadium_bias
2021,65343,김택형,Left,83.84465040322391,177.65562572846275,-0.0668867911835514,-1.0,-0.026895722165640058,185.0,0.0668867911835514,0.026895722165640058,-0.8222171001168993,1.7340879778083815,0.0,0.0,1270,True,37.412571974121974,37.412571974121974,False,False,2.231163595390875,11.99713185164767,,,sum_of_two_90pct_reference_radii_KBO_coverage_unknown,estimated_KBO_angle_unvalidated,False,False,unavailable_unseen_stadium_bias
2021,65392,김정인,Right,-38.086803510118735,172.74442751569174,0.03543750829599116,-1.0,-0.019818610668770734,184.0,-0.03543750829599116,0.019818610668770734,0.38661446598261706,1.6872089590803923,0.0,0.0,608,False,39.971664912118776,39.971664912118776,False,False,2.231163595390875,11.99713185164767,25.74336946508023,54.199960359157316,sum_of_two_90pct_reference_radii_KBO_coverage_unknown,estimated_KBO_angle_unvalidated,False,False,reference_only_KBO_angle_unvalidated
2021,65398,임규빈,Right,-42.3317384917233,182.5174321179292,0.03225134014923178,-1.0,-0.020698251375863425,184.0,-0.03225134014923178,0.020698251375863425,0.4265667860685172,1.7761015954719552,0.0,0.0,152,False,44.82824658189391,44.82824658189391,False,False,2.231163595390875,11.99713185164767,30.599951134855363,59.056542028932455,sum_of_two_90pct_reference_radii_KBO_coverage_unknown,estimated_KBO_angle_unvalidated,False,False,reference_only_KBO_angle_unvalidated
2021,65411,김주온,Right,-46.752070605485834,187.50936209621298,0.04299521633830752,-1.0,-0.03280012314505918,187.0,-0.04299521633830752,0.03280012314505918,0.4677206486088977,1.829779843499185,0.0,0.0,49,False,46.09313731103496,,False,False,,,,,sum_of_two_90pct_reference_radii_KBO_coverage_unknown,withheld_small_sample,False,False,withheld_estimate
2021,65464,최정용,Right,-62.700418565868446,186.06293628223182,0.051762842893115314,-1.0,-0.0345786576220245,179.0,-0.051762842893115314,0.0345786576220245,0.6178272364370323,1.8139842168755451,0.0,0.0,10,False,47.56929612594533,,False,False,,,,,sum_of_two_90pct_reference_radii_KBO_coverage_unknown,withheld_small_sample,False,False,withheld_estimate
2021,65496,홍정우,Right,-43.92322749312405,190.89755824218787,0.035668094480589094,-1.0,-0.03374813716517784,182.0,-0.035668094480589094,0.03374813716517784,0.4390192332495119,1.8593209455382118,0.0,0.0,252,True,50.743286502312785,50.743286502312785,False,False,2.231163595390875,11.99713185164767,,,sum_of_two_90pct_reference_radii_KBO_coverage_unknown,estimated_KBO_angle_unvalidated,False,False,unavailable_unseen_stadium_bias
2021,65514,강태율,Right,-63.90485655536673,188.0543476036561,0.04410331518375917,-1.0,-0.008047672313020357,179.0,-0.04410331518375917,0.008047672313020357,0.6348385260929597,1.815864615718206,0.0,0.0,9,False,47.51141680479198,,False,False,,,,,sum_of_two_90pct_reference_radii_KBO_coverage_unknown,withheld_small_sample,False,False,withheld_estimate
2021,65516,배제성,Right,-28.339110949415467,192.16869527004158,0.01847021629864025,-1.0,-0.04207782637399709,189.0,-0.01847021629864025,0.04207782637399709,0.28827952683579916,1.8789170032376339,0.0,0.0,2434,False,50.21058249244695,50.21058249244695,False,False,2.231163595390875,11.99713185164767,35.98228704540841,64.4388779394855,sum_of_two_90pct_reference_radii_KBO_coverage_unknown,estimated_KBO_angle_unvalidated,False,False,reference_only_KBO_angle_unvalidated
2021,65616,이민우,Right,-57.96784896523444,194.40294947259645,0.03918540502472007,-1.0,-0.02760271813656086,185.0,-0.03918540502472007,0.02760271813656086,0.574418070543906,1.887639909920571,0.0,0.0,1038,True,49.42553954407233,49.42553954407233,False,False,2.231163595390875,11.99713185164767,,,sum_of_two_90pct_reference_radii_KBO_coverage_unknown,estimated_KBO_angle_unvalidated,False,False,unavailable_unseen_stadium_bias
2021,65639,박정수,Right,-56.87099292599704,139.56557699001178,0.04744450661995599,-1.0,0.013389086534057487,178.0,-0.04744450661995599,-0.013389086534057487,0.5712282033774598,1.362824698150362,0.0,0.0,604,True,20.336279052523736,20.336279052523736,False,False,2.231163595390875,11.99713185164767,,,sum_of_two_90pct_reference_radii_KBO_coverage_unknown,estimated_KBO_angle_unvalidated,False,False,unavailable_unseen_stadium_bias
2021,65643,문경찬,Right,-59.079458421383514,177.5086167555938,0.039901579808516975,-1.0,-0.022922047538411823,186.0,-0.039901579808516975,0.022922047538411823,0.5853228210164022,1.7316646938633837,0.0,0.0,512,True,39.243065479434264,39.243065479434264,False,False,2.231163595390875,11.99713185164767,,,sum_of_two_90pct_reference_radii_KBO_coverage_unknown,estimated_KBO_angle_unvalidated,False,False,unavailable_unseen_stadium_bias
2021,65665,이준영,Left,50.35487763258184,188.60041328074482,-0.04117617718377687,-1.0,-0.02437786854235088,177.0,0.04117617718377687,0.02437786854235088,-0.5020324168644209,1.8307813069442067,0.0,0.0,644,True,51.279604498502685,51.279604498502685,False,False,2.231163595390875,11.99713185164767,,,sum_of_two_90pct_reference_radii_KBO_coverage_unknown,estimated_KBO_angle_unvalidated,False,False,unavailable_unseen_stadium_bias
2021,65707,주현상,Right,-69.64851261231493,182.5779316581994,0.04411528103363014,-1.0,-0.029664394352419396,177.0,-0.04411528103363014,0.029664394352419396,0.6829128054449309,1.7779198606345308,0.0,0.0,919,True,45.69080517750733,45.69080517750733,False,False,2.231163595390875,11.99713185164767,,,sum_of_two_90pct_reference_radii_KBO_coverage_unknown,estimated_KBO_angle_unvalidated,False,False,unavailable_unseen_stadium_bias
2021,65764,김민우,Right,-27.383745883948013,197.0872687973288,0.013052818534881081,-1.0,-0.0305079905850567,186.0,-0.013052818534881081,0.0305079905850567,0.2811597164755376,1.9155056551411782,0.0,0.0,2663,True,53.92675439738042,53.92675439738042,False,False,2.231163595390875,11.99713185164767,,,sum_of_two_90pct_reference_radii_KBO_coverage_unknown,estimated_KBO_angle_unvalidated,False,False,unavailable_unseen_stadium_bias
2021,65769,김범수,Left,53.458873068431316,168.86800969915132,-0.056022927574863046,-1.0,-0.021409931099856144,181.0,0.056022927574863046,0.021409931099856144,-0.5338559662386226,1.651426515668503,0.0,0.0,1336,True,37.96935359260489,37.96935359260489,False,False,2.231163595390875,11.99713185164767,,,sum_of_two_90pct_reference_radii_KBO_coverage_unknown,estimated_KBO_angle_unvalidated,False,False,unavailable_unseen_stadium_bias
2021,65844,박세웅,Left,29.9301379313375,176.78713084592655,-0.028439245987919012,-1.0,-0.018722367135541703,180.0,0.028439245987919012,0.018722367135541703,-0.30839158500573544,1.7222276110618873,0.0,0.0,68,True,45.816151171897346,,False,False,,,,,sum_of_two_90pct_reference_radii_KBO_coverage_unknown,withheld_small_sample,False,False,withheld_estimate
2021,65949,류진욱,Right,-71.47610867054723,172.17790530921638,0.05808919477639359,-1.0,-0.02790816564606,189.0,-0.05808919477639359,0.02790816564606,0.704114172400497,1.6869710433963239,0.0,0.0,746,True,33.63872545505001,33.63872545505001,False,False,2.231163595390875,11.99713185164767,,,sum_of_two_90pct_reference_radii_KBO_coverage_unknown,estimated_KBO_angle_unvalidated,False,False,unavailable_unseen_stadium_bias
2021,65964,이우석,Right,-77.93647183815081,176.19300053338623,0.060047001151892564,-1.0,-0.023857078316068873,185.0,-0.060047001151892564,0.023857078316068873,0.7660411074642859,1.7191931363794066,0.0,0.0,193,False,36.89775684209556,36.89775684209556,False,False,2.231163595390875,11.99713185164767,22.669461395057017,51.12605228913411,sum_of_two_90pct_reference_radii_KBO_coverage_unknown,estimated_KBO_angle_unvalidated,False,False,reference_only_KBO_angle_unvalidated
2021,66018,김선기,Right,-68.99116570682719,173.44744723589187,0.03940317194443944,-1.0,-0.025473388932646373,187.0,-0.03940317194443944,0.025473388932646373,0.6780714541731057,1.6959128498752407,0.0,0.0,765,False,35.46507715751158,35.46507715751158,False,False,2.231163595390875,11.99713185164767,21.236781710473036,49.69337260455012,sum_of_two_90pct_reference_radii_KBO_coverage_unknown,estimated_KBO_angle_unvalidated,False,False,reference_only_KBO_angle_unvalidated
2021,66145,김대현,Right,-29.031191816281297,181.72469022417835,0.022441106525259276,-1.0,-0.02471270863203151,188.0,-0.022441106525259276,0.02471270863203151,0.29903537156695814,1.7733753490809445,0.0,0.0,80,False,44.355080345946575,,False,False,,,,,sum_of_two_90pct_reference_radii_KBO_coverage_unknown,withheld_small_sample,False,False,withheld_estimate
2021,66160,유재유,Right,-29.952478643528206,183.9602156474465,0.04128927762560937,-1.0,-0.03550491738203003,181.0,-0.04128927762560937,0.03550491738203003,0.30698746821083867,1.7982004627148953,0.0,0.0,80,False,49.09355027967425,,False,False,,,,,sum_of_two_90pct_reference_radii_KBO_coverage_unknown,withheld_small_sample,False,False,withheld_estimate
2021,66201,고봉재,Right,-113.06257135622631,86.03736109857846,0.08069399698367738,-1.0,0.06406440753925437,184.0,-0.08069399698367738,-0.06406440753925437,1.1174320010877694,0.8453447728274391,0.0,0.0,30,False,-22.82884085223057,,False,False,,,,,sum_of_two_90pct_reference_radii_KBO_coverage_unknown,withheld_small_sample,False,False,withheld_estimate
2021,66291,이영하,Right,-54.75537172643623,204.05274753202778,0.04298164785108642,-1.0,-0.045728875792157786,192.0,-0.04298164785108642,0.045728875792157786,0.5418261259111047,1.9889874418612752,0.0,0.0,1378,True,52.263878269131524,52.263878269131524,False,False,2.231163595390875,11.99713185164767,,,sum_of_two_90pct_reference_radii_KBO_coverage_unknown,estimated_KBO_angle_unvalidated,False,False,unavailable_unseen_stadium_bias
2021,66305,박승주,Right,-35.415767866724494,179.89921462234926,0.02357652891999785,-1.0,-0.0454452206328722,183.0,-0.02357652891999785,0.0454452206328722,0.3533047450825133,1.766992519307543,0.0,0.0,82,False,45.66586989799322,,False,False,,,,,sum_of_two_90pct_reference_radii_KBO_coverage_unknown,withheld_small_sample,False,False,withheld_estimate
2021,66556,박선우,Right,-44.276999968572376,184.11269630413398,0.019126639939460656,-1.0,-0.028151208479630162,188.0,-0.019126639939460656,0.028151208479630162,0.4417064022305561,1.7959038375637015,0.0,0.0,37,False,43.885098474905774,,False,False,,,,,sum_of_two_90pct_reference_radii_KBO_coverage_unknown,withheld_small_sample,False,False,withheld_estimate
2021,66557,한승혁,Left,64.66092598034345,198.8688149851092,-0.04255095313819142,-1.0,-0.030880971143516577,189.0,0.04255095313819142,0.030880971143516577,-0.6382253924309353,1.9312094795342452,0.0,0.0,102,False,49.64342478891825,49.64342478891825,False,False,2.231163595390875,11.99713185164767,35.415129341879705,63.8717202359568,sum_of_two_90pct_reference_radii_KBO_coverage_unknown,estimated_KBO_angle_unvalidated,False,False,reference_only_KBO_angle_unvalidated
2021,66609,전상현,Right,-41.02491563441605,175.39945655470024,0.027134193441199845,-1.0,-0.02118214473193506,180.0,-0.027134193441199845,0.02118214473193506,0.4122086756252007,1.7102400743727995,0.0,0.0,247,True,42.95683285288057,42.95683285288057,False,False,2.231163595390875,11.99713185164767,,,sum_of_two_90pct_reference_radii_KBO_coverage_unknown,estimated_KBO_angle_unvalidated,False,False,unavailable_unseen_stadium_bias
2021,66630,김현준,Right,-51.85293726832982,169.5884630728443,0.03613084229934676,-1.0,-0.02670083911975127,182.0,-0.03613084229934676,0.02670083911975127,0.5144105380108909,1.6609637313279737,0.0,0.0,362,True,37.71146200827692,37.71146200827692,False,False,2.231163595390875,11.99713185164767,,,sum_of_two_90pct_reference_radii_KBO_coverage_unknown,estimated_KBO_angle_unvalidated,False,False,unavailable_unseen_stadium_bias
2021,66660,남하준,Right,-60.30103322063563,186.29945366407395,0.05286354041839611,-1.0,-0.02722729853572009,182.0,-0.05286354041839611,0.02722729853572009,0.597715533308339,1.8130101091666562,0.0,0.0,203,True,46.1357852764789,46.1357852764789,False,False,2.231163595390875,11.99713185164767,,,sum_of_two_90pct_reference_radii_KBO_coverage_unknown,estimated_KBO_angle_unvalidated,False,False,unavailable_unseen_stadium_bias
2021,66663,서덕원,Right,-61.42179288404974,165.22367401796623,0.04596294068428966,-1.0,-0.017781246404641765,183.0,-0.04596294068428966,0.017781246404641765,0.6084493935809496,1.615950879627745,0.0,0.0,620,True,33.301322291073866,33.301322291073866,False,False,2.231163595390875,11.99713185164767,,,sum_of_two_90pct_reference_radii_KBO_coverage_unknown,estimated_KBO_angle_unvalidated,False,False,unavailable_unseen_stadium_bias
2021,66858,정동윤,Right,-29.04620464244804,185.58626674095646,0.02389936436124319,-1.0,-0.03996666369372917,193.0,-0.02389936436124319,0.03996666369372917,0.2965860862938954,1.8194015918736663,0.0,0.0,32,True,44.74226578711841,,False,False,,,,,sum_of_two_90pct_reference_radii_KBO_coverage_unknown,withheld_small_sample,False,False,withheld_estimate
2021,66960,정수민,Right,-32.221241545436065,190.64307312247234,0.025010899596584552,-1.0,-0.03562603198224706,188.0,-0.025010899596584552,0.03562603198224706,0.32734250674608595,1.8607714059140437,0.0,0.0,618,True,49.144454010369564,49.144454010369564,False,False,2.231163595390875,11.99713185164767,,,sum_of_two_90pct_reference_radii_KBO_coverage_unknown,estimated_KBO_angle_unvalidated,False,False,unavailable_unseen_stadium_bias
2021,67008,이대은,Right,-65.39094037479896,181.51700262558478,0.05916502906702129,-1.0,-0.026032306307353204,189.0,-0.05916502906702129,0.026032306307353204,0.6478977640318634,1.7711666952312557,0.0,0.0,487,True,39.44254046107544,39.44254046107544,False,False,2.231163595390875,11.99713185164767,,,sum_of_two_90pct_reference_radii_KBO_coverage_unknown,estimated_KBO_angle_unvalidated,False,False,unavailable_unseen_stadium_bias
2021,67048,이정현,Right,-30.866482250607504,179.92975748154845,0.020275553902966252,-1.0,-0.024427270955051705,188.0,-0.020275553902966252,0.024427270955051705,0.3159782637594287,1.7566946316000518,0.0,0.0,132,False,43.152542141473944,43.152542141473944,False,False,2.231163595390875,11.99713185164767,28.9242466944354,57.38083758851249,sum_of_two_90pct_reference_radii_KBO_coverage_unknown,estimated_KBO_angle_unvalidated,False,False,reference_only_KBO_angle_unvalidated
2021,67116,오석주,Right,-23.58107144242367,178.14264506972108,0.016059063182471956,-1.0,-0.017732346308986895,180.0,-0.016059063182471956,0.017732346308986895,0.24683203215909083,1.734011511883168,0.0,0.0,152,False,46.47970695840877,46.47970695840877,False,False,2.231163595390875,11.99713185164767,32.25141151137022,60.70800240544732,sum_of_two_90pct_reference_radii_KBO_coverage_unknown,estimated_KBO_angle_unvalidated,False,False,reference_only_KBO_angle_unvalidated
2021,67119,고우석,Right,-60.87488651627036,161.85470353613647,0.047212216969163265,-1.0,-0.017643175383658526,182.0,-0.047212216969163265,0.017643175383658526,0.6031483720853713,1.5849895036838588,0.0,0.0,921,True,31.924825334999838,31.924825334999838,False,False,2.231163595390875,11.99713185164767,,,sum_of_two_90pct_reference_radii_KBO_coverage_unknown,estimated_KBO_angle_unvalidated,False,False,unavailable_unseen_stadium_bias
2021,67122,김태형,Left,120.93686350429925,143.54278015685838,-0.08860332828978228,-1.0,0.009570727461358149,190.0,0.08860332828978228,-0.009570727461358149,-1.1837398536481538,1.402149509490828,0.0,0.0,27,False,9.79110655669037,,False,False,,,,,sum_of_two_90pct_reference_radii_KBO_coverage_unknown,withheld_small_sample,False,False,withheld_estimate
2021,67143,손주영,Left,36.41193752281323,191.10857147673724,-0.028605477965014746,-1.0,-0.02943030286312211,191.0,0.028605477965014746,0.02943030286312211,-0.36955674034592306,1.8621680276163042,0.0,0.0,515,False,48.07212768286352,48.07212768286352,False,False,2.231163595390875,11.99713185164767,33.843832235824976,62.30042312990206,sum_of_two_90pct_reference_radii_KBO_coverage_unknown,estimated_KBO_angle_unvalidated,False,False,reference_only_KBO_angle_unvalidated
2021,67164,이찬혁,Right,-80.16459166448807,148.50613121533956,0.05938347204882076,-1.0,-0.014569043200665254,187.0,-0.05938347204882076,0.014569043200665254,0.7879260384487077,1.462648187719836,0.0,0.0,31,False,19.703035485565906,,False,False,,,,,sum_of_two_90pct_reference_radii_KBO_coverage_unknown,withheld_small_sample,False,False,withheld_estimate
2021,67246,김명신,Right,-32.49038009971478,176.81850546517074,0.03162071347430869,-1.0,-0.01650226594244902,178.0,-0.03162071347430869,0.01650226594244902,0.33330601754919786,1.7203907121564292,0.0,0.0,1092,True,45.52787537346826,45.52787537346826,False,False,2.231163595390875,11.99713185164767,,,sum_of_two_90pct_reference_radii_KBO_coverage_unknown,estimated_KBO_angle_unvalidated,False,False,unavailable_unseen_stadium_bias
2021,67259,문원,Right,-49.336802864461056,192.90160786873506,0.03927731290880227,-1.0,-0.029096091748395423,187.0,-0.03927731290880227,0.029096091748395423,0.49280679843762526,1.8762384559356748,0.0,0.0,44,False,48.602326752637616,,False,False,,,,,sum_of_two_90pct_reference_radii_KBO_coverage_unknown,withheld_small_sample,False,False,withheld_estimate
2021,67263,최원준,Right,-115.9391078284815,106.19391413727037,0.0917194934688369,-1.0,0.034999904655921225,182.0,-0.0917194934688369,-0.034999904655921225,1.1398900346131209,1.0452780538341018,0.0,0.0,2676,True,-9.479315512695685,-9.479315512695685,False,False,2.231163595390875,11.99713185164767,,,sum_of_two_90pct_reference_radii_KBO_coverage_unknown,estimated_KBO_angle_unvalidated,False,False,unavailable_unseen_stadium_bias
2021,67266,박치국,Right,-65.72596319944566,130.57107743383372,0.0629186052883818,-1.0,0.013104173387665176,177.0,-0.0629186052883818,-0.013104173387665176,0.6564753479269375,1.2807871666046409,0.0,0.0,345,False,14.415203641952072,14.415203641952072,False,False,2.231163595390875,11.99713185164767,0.18690819491352784,28.643499088990616,sum_of_two_90pct_reference_radii_KBO_coverage_unknown,estimated_KBO_angle_unvalidated,False,False,reference_only_KBO_angle_unvalidated
2021,67313,브리검,Right,-69.5220757010686,185.83726184453792,0.04742944597489042,-1.0,-0.025169261004881996,190.0,-0.04742944597489042,0.025169261004881996,0.6856864924319453,1.8095686379138995,0.0,0.0,940,True,40.85263762936825,40.85263762936825,False,False,2.231163595390875,11.99713185164767,,,sum_of_two_90pct_reference_radii_KBO_coverage_unknown,estimated_KBO_angle_unvalidated,False,False,unavailable_unseen_stadium_bias
2021,67391,김재웅,Left,13.90963924196009,176.05320840860537,-0.023216561196291178,-1.0,-0.03287722676062596,171.0,0.023216561196291178,0.03287722676062596,-0.15124220523351486,1.7218372958838997,0.0,1.0,998,True,52.231103672509526,,False,True,,,,,sum_of_two_90pct_reference_radii_KBO_coverage_unknown,withheld_bridge_extrapolation,False,False,withheld_estimate
2021,67419,문용익,Right,-71.49470358147836,175.7291101819127,0.05526508528947068,-1.0,-0.02624336807428388,178.0,-0.05526508528947068,0.02624336807428388,0.7027093898617061,1.7142385649839762,0.0,0.0,412,True,40.88570347055539,40.88570347055539,False,False,2.231163595390875,11.99713185164767,,,sum_of_two_90pct_reference_radii_KBO_coverage_unknown,estimated_KBO_angle_unvalidated,False,False,unavailable_unseen_stadium_bias
2021,67421,최지광,Right,-50.29440970717586,175.55987461704706,0.030510438707842584,-1.0,-0.021270284673568368,173.0,-0.030510438707842584,0.021270284673568368,0.4991039068858126,1.7086981209783898,0.0,0.0,891,True,45.367090061540374,45.367090061540374,False,False,2.231163595390875,11.99713185164767,,,sum_of_two_90pct_reference_radii_KBO_coverage_unknown,estimated_KBO_angle_unvalidated,False,False,unavailable_unseen_stadium_bias
2021,67454,나원탁,Right,-50.67984726979854,184.84701767435575,0.05344571679530082,-1.0,-0.03389233592670752,183.0,-0.05344571679530082,0.03389233592670752,0.5053646351099943,1.8048805572953466,0.0,0.0,40,False,46.14964811574912,,False,False,,,,,sum_of_two_90pct_reference_radii_KBO_coverage_unknown,withheld_small_sample,False,False,withheld_estimate
2021,67504,김정율,Right,-57.55880275577175,186.2226979887871,0.06222459651367485,-1.0,-0.01284535048032256,184.0,-0.06222459651367485,0.01284535048032256,0.5772778238441185,1.804921949497258,0.0,0.0,17,False,44.828248079579886,,False,False,,,,,sum_of_two_90pct_reference_radii_KBO_coverage_unknown,withheld_small_sample,False,False,withheld_estimate
2021,67539,나균안,Right,-59.3622952771178,183.93505191573445,0.0439047189944178,-1.0,-0.028372395850146958,186.0,-0.0439047189944178,0.028372395850146958,0.5876437938207197,1.7934138874912384,0.0,0.0,838,True,42.990908446788474,42.990908446788474,False,False,2.231163595390875,11.99713185164767,,,sum_of_two_90pct_reference_radii_KBO_coverage_unknown,estimated_KBO_angle_unvalidated,False,False,unavailable_unseen_stadium_bias
2021,67588,윤성빈,Right,-47.263918352946526,178.41806237383716,0.049539826502445095,-1.0,-0.029414526573458423,197.0,-0.049539826502445095,0.029414526573458423,0.47549688118465894,1.7488903841617867,0.0,0.0,23,False,36.46239303846251,,False,False,,,,,sum_of_two_90pct_reference_radii_KBO_coverage_unknown,withheld_small_sample,False,False,withheld_estimate
2021,67591,강동호,Right,-64.99025803984665,186.28359481549475,0.044091206337239015,-1.0,-0.026181214495268987,189.0,-0.044091206337239015,0.026181214495268987,0.6419874037784252,1.8140967765048954,0.0,0.0,24,False,42.12588709069453,,False,False,,,,,sum_of_two_90pct_reference_radii_KBO_coverage_unknown,withheld_small_sample,False,False,withheld_estimate
2021,67603,이승호,Left,35.227303078968205,185.22052681839182,-0.03201773220456468,-1.0,-0.03985031124375599,187.0,0.03201773220456468,0.03985031124375599,-0.35525852149161624,1.813691992996913,0.0,0.0,826,True,47.306340624950046,47.306340624950046,False,False,2.231163595390875,11.99713185164767,,,sum_of_two_90pct_reference_radii_KBO_coverage_unknown,estimated_KBO_angle_unvalidated,False,False,unavailable_unseen_stadium_bias
2021,67646,박진태,Right,-89.80622301057345,120.83363534283498,0.07984427070118066,-1.0,0.03234238343703599,180.0,-0.07984427070118066,-0.03234238343703599,0.8912305152520514,1.1806735202377137,0.0,0.0,1264,True,3.5219811030881587,3.5219811030881587,False,False,2.231163595390875,11.99713185164767,,,sum_of_two_90pct_reference_radii_KBO_coverage_unknown,estimated_KBO_angle_unvalidated,False,False,unavailable_unseen_stadium_bias
2021,67711,김기탁,Left,28.982014556706698,175.7952774302172,-0.046191280527461714,-1.0,-0.02598777609794712,182.0,0.046191280527461714,0.02598777609794712,-0.30067032300867197,1.7189191872122533,0.0,0.0,226,True,44.8162495092635,44.8162495092635,False,False,2.231163595390875,11.99713185164767,,,sum_of_two_90pct_reference_radii_KBO_coverage_unknown,estimated_KBO_angle_unvalidated,False,False,unavailable_unseen_stadium_bias
2021,67737,김진영,Right,-48.754849081783846,175.9273101696554,0.034656301961429194,-1.0,-0.024655336828020465,180.0,-0.034656301961429194,0.024655336828020465,0.485521571581523,1.7167922230654429,0.0,0.0,306,False,42.47267749183635,42.47267749183635,False,False,2.231163595390875,11.99713185164767,28.244382044797806,56.7009729388749,sum_of_two_90pct_reference_radii_KBO_coverage_unknown,estimated_KBO_angle_unvalidated,False,False,reference_only_KBO_angle_unvalidated
2021,67828,김성민,Left,86.885060091501,140.2641831126855,-0.07597131590164827,-1.0,0.01840105135903012,181.0,0.07597131590164827,-0.01840105135903012,-0.8608753968574338,1.3659684427811745,0.0,0.0,885,True,15.790577483219895,15.790577483219895,False,False,2.231163595390875,11.99713185164767,,,sum_of_two_90pct_reference_radii_KBO_coverage_unknown,estimated_KBO_angle_unvalidated,False,False,unavailable_unseen_stadium_bias
2021,67954,김진호,Right,-79.07180159740628,159.0852420983444,0.06372237808659306,-1.0,-0.00481769201509851,183.0,-0.06372237808659306,0.00481769201509851,0.7807830653704213,1.5517180240451522,0.0,0.0,33,False,27.20102542668058,,False,False,,,,,sum_of_two_90pct_reference_radii_KBO_coverage_unknown,withheld_small_sample,False,False,withheld_estimate
2021,67956,김태현,Left,52.58602821255817,187.73938224483103,-0.05096713447970898,-1.0,-0.041668620290415556,188.0,0.05096713447970898,0.041668620290415556,-0.5219811540695748,1.8373624452625876,0.0,0.0,114,False,45.98917207608587,45.98917207608587,False,False,2.231163595390875,11.99713185164767,31.760876629047328,60.21746752312441,sum_of_two_90pct_reference_radii_KBO_coverage_unknown,estimated_KBO_angle_unvalidated,False,False,reference_only_KBO_angle_unvalidated
2021,67962,소이현,Right,-40.317396776191416,173.394347213638,0.03396065504376689,-1.0,-0.031129561764508262,185.0,-0.03396065504376689,0.031129561764508262,0.4047698775328457,1.700024194796232,0.0,0.0,238,True,40.03778325615901,40.03778325615901,False,False,2.231163595390875,11.99713185164767,,,sum_of_two_90pct_reference_radii_KBO_coverage_unknown,estimated_KBO_angle_unvalidated,False,False,unavailable_unseen_stadium_bias
2021,68200,김민규,Right,-64.95125873541353,171.65038750989956,0.04985530895973913,-1.0,-0.020372923124982862,183.0,-0.04985530895973913,0.020372923124982862,0.6421260160503686,1.6757513566326876,0.0,0.0,1003,True,36.6008011431741,36.6008011431741,False,False,2.231163595390875,11.99713185164767,,,sum_of_two_90pct_reference_radii_KBO_coverage_unknown,estimated_KBO_angle_unvalidated,False,False,unavailable_unseen_stadium_bias
2021,68220,곽빈,Right,-54.45175094467107,182.8607882287153,0.04450548054340383,-1.0,-0.025498074125223744,187.0,-0.04450548054340383,0.025498074125223744,0.5422074779590159,1.782668619387616,0.0,0.0,1867,True,42.36695614028253,42.36695614028253,False,False,2.231163595390875,11.99713185164767,,,sum_of_two_90pct_reference_radii_KBO_coverage_unknown,estimated_KBO_angle_unvalidated,False,False,unavailable_unseen_stadium_bias
2021,68260,현도훈,Right,-61.08214557917429,171.59856620834896,0.0346359990090799,-1.0,-0.015050374888984822,188.0,-0.0346359990090799,0.015050374888984822,0.6053465215527312,1.6736594513848686,0.0,0.0,207,False,34.503805455140366,34.503805455140366,False,False,2.231163595390875,11.99713185164767,20.275510008101822,48.732100902178914,sum_of_two_90pct_reference_radii_KBO_coverage_unknown,estimated_KBO_angle_unvalidated,False,False,reference_only_KBO_angle_unvalidated
2021,68341,안우진,Right,-37.84602652961611,179.493165031977,0.03272042629208151,-1.0,-0.0309096553646366,192.0,-0.03272042629208151,0.0309096553646366,0.3828095765052669,1.7579198921872696,0.0,0.0,1866,True,40.4948251653936,40.4948251653936,False,False,2.231163595390875,11.99713185164767,,,sum_of_two_90pct_reference_radii_KBO_coverage_unknown,estimated_KBO_angle_unvalidated,False,False,unavailable_unseen_stadium_bias
2021,68362,추재현,Left,50.37960263555373,187.4780869210642,-0.03546340687355438,-1.0,-0.01631289515139877,178.0,0.03546340687355438,0.01631289515139877,-0.5034988686783817,1.8159283086819216,0.0,0.0,22,False,49.841794299482466,,False,False,,,,,sum_of_two_90pct_reference_radii_KBO_coverage_unknown,withheld_small_sample,False,False,withheld_estimate
2021,68403,김무신,Right,-27.385460401024638,187.56177022666154,0.019958055448667897,-1.0,-0.0433750420927723,183.0,-0.019958055448667897,0.0433750420927723,0.27792805550259136,1.8358317514629916,0.0,0.0,399,True,50.71985888022911,50.71985888022911,False,False,2.231163595390875,11.99713185164767,,,sum_of_two_90pct_reference_radii_KBO_coverage_unknown,estimated_KBO_angle_unvalidated,False,False,unavailable_unseen_stadium_bias
2021,68415,양창섭,Right,-49.021187150153025,181.65892810297163,0.0348131575841241,-1.0,-0.02486588634213475,182.0,-0.0348131575841241,0.02486588634213475,0.4886867789409889,1.7696807117929356,0.0,0.0,280,True,44.689878325853535,44.689878325853535,False,False,2.231163595390875,11.99713185164767,,,sum_of_two_90pct_reference_radii_KBO_coverage_unknown,estimated_KBO_angle_unvalidated,False,False,unavailable_unseen_stadium_bias
2021,68419,최지명,Left,73.87129761710828,190.12628937974978,-0.0528217113659461,-1.0,-0.02600491954084168,186.0,0.0528217113659461,0.02600491954084168,-0.7270055519513459,1.847468654328196,0.0,0.0,2090,True,45.030224551912134,45.030224551912134,False,False,2.231163595390875,11.99713185164767,,,sum_of_two_90pct_reference_radii_KBO_coverage_unknown,estimated_KBO_angle_unvalidated,False,False,unavailable_unseen_stadium_bias
2021,68529,이승헌,Right,-80.66111553638366,187.47302952746216,0.07287207303938331,-1.0,-0.0313390737971628,196.0,-0.07287207303938331,0.0313390737971628,0.7943724042890242,1.8302599512711508,0.0,0.0,1036,True,37.88163921078167,37.88163921078167,False,False,2.231163595390875,11.99713185164767,,,sum_of_two_90pct_reference_radii_KBO_coverage_unknown,estimated_KBO_angle_unvalidated,False,False,unavailable_unseen_stadium_bias
2021,68556,정성종,Right,-53.19130138843716,171.9561803957045,0.04363754806413232,-1.0,-0.025702276088632476,181.0,-0.04363754806413232,0.025702276088632476,0.5284723157561407,1.6816659712504085,0.0,0.0,211,True,39.29897616128355,39.29897616128355,False,False,2.231163595390875,11.99713185164767,,,sum_of_two_90pct_reference_radii_KBO_coverage_unknown,estimated_KBO_angle_unvalidated,False,False,unavailable_unseen_stadium_bias
2021,68585,김도규,Right,-32.71938025804707,201.995871349011,0.03284991532589427,-1.0,-0.04004251971409,192.0,-0.03284991532589427,0.04004251971409,0.3335179934547146,1.9681822342709756,0.0,0.0,742,True,53.412744471708784,53.412744471708784,False,False,2.231163595390875,11.99713185164767,,,sum_of_two_90pct_reference_radii_KBO_coverage_unknown,estimated_KBO_angle_unvalidated,False,False,unavailable_unseen_stadium_bias
2021,68589,김동우,Right,-106.64801767006516,110.8630772839478,0.08879648116569938,-1.0,0.04856588618825189,183.0,-0.08879648116569938,-0.04856588618825189,1.0556132496640926,1.080516324155624,0.0,0.0,133,False,-6.401293863136125,-6.401293863136125,False,False,2.231163595390875,11.99713185164767,-20.62958931017467,7.827001583902419,sum_of_two_90pct_reference_radii_KBO_coverage_unknown,estimated_KBO_angle_unvalidated,False,False,reference_only_KBO_angle_unvalidated
2021,68619,윤중현,Right,-112.65785119562514,123.40339981191435,0.07897454131976905,-1.0,0.02975417189989281,180.0,-0.07897454131976905,-0.02975417189989281,1.106314136103097,1.2038677796896153,0.0,0.0,1413,True,2.1688329260007038,2.1688329260007038,False,False,2.231163595390875,11.99713185164767,,,sum_of_two_90pct_reference_radii_KBO_coverage_unknown,estimated_KBO_angle_unvalidated,False,False,unavailable_unseen_stadium_bias
2021,68659,김유신,Left,53.70141227796758,180.82503110499968,-0.044276224037423775,-1.0,-0.014004057752570503,187.0,0.044276224037423775,0.014004057752570503,-0.5378771610051293,1.7573459259409547,0.0,0.0,991,True,41.496173633990885,41.496173633990885,False,False,2.231163595390875,11.99713185164767,,,sum_of_two_90pct_reference_radii_KBO_coverage_unknown,estimated_KBO_angle_unvalidated,False,False,unavailable_unseen_stadium_bias
2021,68703,박성웅,Left,80.36844880923798,182.08149856116967,-0.05592121224143237,-1.0,-0.020639388847489743,178.0,0.05592121224143237,0.020639388847489743,-0.7883977249991795,1.7679647789048911,0.0,0.0,90,False,43.48869917354438,,False,False,,,,,sum_of_two_90pct_reference_radii_KBO_coverage_unknown,withheld_small_sample,False,False,withheld_estimate
2021,68797,이승관,Left,68.7774597782354,198.72582475570943,-0.06076470105426307,-1.0,-0.04357267950206899,182.0,0.06076470105426307,0.04357267950206899,-0.6756101439872217,1.9353100008833077,0.0,0.0,193,False,53.0970720798005,53.0970720798005,False,False,2.231163595390875,11.99713185164767,38.86877663276195,67.32536752683905,sum_of_two_90pct_reference_radii_KBO_coverage_unknown,estimated_KBO_angle_unvalidated,False,False,reference_only_KBO_angle_unvalidated
2021,68856,최민준,Right,-13.543784266929674,182.70475861478985,0.013289041249698768,-1.0,-0.021030181164692817,178.0,-0.013289041249698768,0.021030181164692817,0.15076628726162813,1.7773618945769254,0.0,0.0,1671,True,51.27295777598007,51.27295777598007,False,False,2.231163595390875,11.99713185164767,,,sum_of_two_90pct_reference_radii_KBO_coverage_unknown,estimated_KBO_angle_unvalidated,False,False,unavailable_unseen_stadium_bias
2021,68896,이채호,Right,-91.2252622417703,76.3076741670661,0.0671228387080675,-1.0,0.05848671126974417,185.0,-0.0671228387080675,-0.05848671126974417,0.9072815293807771,0.7618061954507521,0.0,0.0,114,False,-25.019661362081152,-25.019661362081152,False,False,2.231163595390875,11.99713185164767,-39.2479568091197,-10.791365915042608,sum_of_two_90pct_reference_radii_KBO_coverage_unknown,estimated_KBO_angle_unvalidated,False,False,reference_only_KBO_angle_unvalidated
2021,68900,김영규,Left,56.08324499572136,196.88701201906153,-0.04131038399437151,-1.0,-0.03517535717974287,188.0,0.04131038399437151,0.03517535717974287,-0.5556819804965064,1.9160075872166533,0.0,0.013673655423883319,1097,True,50.23827951310836,50.23827951310836,False,False,2.231163595390875,11.99713185164767,,,sum_of_two_90pct_reference_radii_KBO_coverage_unknown,estimated_KBO_angle_unvalidated,False,False,unavailable_unseen_stadium_bias
2021,68902,신민혁,Right,-46.925435491001515,176.3767318297385,0.040913591743605086,-1.0,-0.01631628014329214,184.0,-0.040913591743605086,0.01631628014329214,0.47203213297192037,1.7176417127624917,0.0,0.0,2489,True,40.731445150041026,40.731445150041026,False,False,2.231163595390875,11.99713185164767,,,sum_of_two_90pct_reference_radii_KBO_coverage_unknown,estimated_KBO_angle_unvalidated,False,False,unavailable_unseen_stadium_bias
2021,68910,이승헌,Left,41.60736068202585,169.78635199590178,-0.029630387250269435,-1.0,0.0005140282558896178,180.0,0.029630387250269435,-0.0005140282558896178,-0.42325680357529893,1.6463070705572649,0.0,0.0,104,True,39.65853613952024,39.65853613952024,False,False,2.231163595390875,11.99713185164767,,,sum_of_two_90pct_reference_radii_KBO_coverage_unknown,estimated_KBO_angle_unvalidated,False,False,unavailable_unseen_stadium_bias
2021,69032,쿠에바스,Right,-56.976327731210475,176.99993528923017,0.037521642826051575,-1.0,-0.026467141567757032,188.0,-0.037521642826051575,0.026467141567757032,0.564484587103694,1.7299509714179413,0.0,0.0,2181,True,38.41876304644893,38.41876304644893,False,False,2.231163595390875,11.99713185164767,,,sum_of_two_90pct_reference_radii_KBO_coverage_unknown,estimated_KBO_angle_unvalidated,False,False,unavailable_unseen_stadium_bias
2021,69054,이상동,Right,-60.2582182979593,182.33890051815928,0.04131299930374896,-1.0,-0.01864498888243688,181.0,-0.04131299930374896,0.01864498888243688,0.5972517657295331,1.7711704101992056,0.0,0.0,118,False,44.056258920005504,44.056258920005504,False,False,2.231163595390875,11.99713185164767,29.82796347296696,58.28455436704405,sum_of_two_90pct_reference_radii_KBO_coverage_unknown,estimated_KBO_angle_unvalidated,False,False,reference_only_KBO_angle_unvalidated
2021,69103,켈리,Right,-46.36966386018087,197.15999854804866,0.03606109850286367,-1.0,-0.03535489876073918,191.0,-0.03606109850286367,0.03535489876073918,0.46361111397780197,1.920199134688077,0.0,0.0,2899,True,49.553057741814754,49.553057741814754,False,False,2.231163595390875,11.99713185164767,,,sum_of_two_90pct_reference_radii_KBO_coverage_unknown,estimated_KBO_angle_unvalidated,False,False,unavailable_unseen_stadium_bias
2021,69104,남호,Left,41.67711506677687,181.1778825266652,-0.030852746901211193,-1.0,-0.016642021417228453,182.0,0.030852746901211193,0.016642021417228453,-0.42078838921641326,1.7607987913984178,0.0,0.0,56,False,45.624114262301816,,False,False,,,,,sum_of_two_90pct_reference_radii_KBO_coverage_unknown,withheld_small_sample,False,False,withheld_estimate
2021,69113,임준형,Left,99.4385844532746,160.6033327154206,-0.06643040949328184,-1.0,0.002699906046668478,180.0,0.06643040949328184,-0.002699906046668478,-0.9749900990322843,1.5585455079206834,0.0,0.0,367,False,26.94932344900984,26.94932344900984,False,False,2.231163595390875,11.99713185164767,12.721028001971295,41.177618896048386,sum_of_two_90pct_reference_radii_KBO_coverage_unknown,estimated_KBO_angle_unvalidated,False,False,reference_only_KBO_angle_unvalidated
2021,69134,이정용,Right,-36.74950711772469,181.97685294193622,0.03313064697829706,-1.0,-0.02881464243817677,186.0,-0.03313064697829706,0.02881464243817677,0.37224047304817115,1.7771931464405093,0.0,0.0,1131,True,44.59283849084003,44.59283849084003,False,False,2.231163595390875,11.99713185164767,,,sum_of_two_90pct_reference_radii_KBO_coverage_unknown,estimated_KBO_angle_unvalidated,False,False,unavailable_unseen_stadium_bias
2021,69159,정우영,Right,-99.08391262012175,119.75817100121054,0.07763365810481013,-1.0,0.030465527158280152,193.0,-0.07763365810481013,-0.030465527158280152,0.9800177202347647,1.1758898734771634,0.0,0.0,1004,True,-3.1463078778860236,-3.1463078778860236,False,False,2.231163595390875,11.99713185164767,,,sum_of_two_90pct_reference_radii_KBO_coverage_unknown,estimated_KBO_angle_unvalidated,False,False,unavailable_unseen_stadium_bias
2021,69168,이상영,Left,75.0126197860575,177.99128019314946,-0.06576193483821177,-1.0,-0.025536279707996833,193.0,0.06576193483821177,0.025536279707996833,-0.7403228289091586,1.7397716456338785,0.0,0.0,924,True,34.97499452238354,34.97499452238354,False,False,2.231163595390875,11.99713185164767,,,sum_of_two_90pct_reference_radii_KBO_coverage_unknown,estimated_KBO_angle_unvalidated,False,False,unavailable_unseen_stadium_bias
2021,69205,이교훈,Left,73.6742530591468,181.61295663748066,-0.062404005605346806,-1.0,-0.03312601015548856,181.0,0.062404005605346806,0.03312601015548856,-0.7235191013727152,1.7729433449867364,0.0,0.0,166,True,43.00748580358433,43.00748580358433,False,False,2.231163595390875,11.99713185164767,,,sum_of_two_90pct_reference_radii_KBO_coverage_unknown,estimated_KBO_angle_unvalidated,False,False,unavailable_unseen_stadium_bias
2021,69213,윤산흠,Right,-40.63654739523031,168.6117671671245,0.025616585291648654,-1.0,-0.00798086128661273,178.0,-0.025616585291648654,0.00798086128661273,0.41090582603572556,1.6399504413450379,0.0,0.0,75,True,39.63107437729129,,False,False,,,,,sum_of_two_90pct_reference_radii_KBO_coverage_unknown,withheld_small_sample,False,False,withheld_estimate
2021,69328,박주성,Right,-33.250108163190866,161.16830296517722,0.031024891010322044,-1.0,-0.015905800150938246,181.0,-0.031024891010322044,0.015905800150938246,0.3400456042310346,1.578853864626584,0.0,0.0,300,True,35.452567251333605,35.452567251333605,False,False,2.231163595390875,11.99713185164767,,,sum_of_two_90pct_reference_radii_KBO_coverage_unknown,estimated_KBO_angle_unvalidated,False,False,unavailable_unseen_stadium_bias
2021,69343,요키시,Left,76.81916300460072,183.30184413221932,-0.06550410549551902,-1.0,-0.02741086805315254,188.0,0.06550410549551902,0.02741086805315254,-0.7563830494479776,1.7872208145380868,0.0,0.0,2836,True,40.00576809793609,40.00576809793609,False,False,2.231163595390875,11.99713185164767,,,sum_of_two_90pct_reference_radii_KBO_coverage_unknown,estimated_KBO_angle_unvalidated,False,False,unavailable_unseen_stadium_bias
2021,69360,조영건,Right,-76.47129167186165,165.71990207199065,0.04005599521704946,-1.0,-0.014810799412454749,180.0,-0.04005599521704946,0.014810799412454749,0.7498804369777085,1.6163252987440375,0.0,0.0,25,False,33.11114323327678,,False,False,,,,,sum_of_two_90pct_reference_radii_KBO_coverage_unknown,withheld_small_sample,False,False,withheld_estimate
2021,69367,김인범,Right,-71.10153410346298,171.30049522032994,0.042223751136949934,-1.0,-0.005656440598775901,187.0,-0.042223751136949934,0.005656440598775901,0.7033333720239965,1.6644902706588927,0.0,0.0,85,False,33.231321103345266,,False,False,,,,,sum_of_two_90pct_reference_radii_KBO_coverage_unknown,withheld_small_sample,False,False,withheld_estimate
2021,69399,윤정현,Left,88.84648250312726,186.49504815943175,-0.07559533936346492,-1.0,-0.0327838206618825,186.0,0.07559533936346492,0.0327838206618825,-0.8700307064958499,1.8181817148378632,0.0,0.0,210,True,41.561984470817414,41.561984470817414,False,False,2.231163595390875,11.99713185164767,,,sum_of_two_90pct_reference_radii_KBO_coverage_unknown,estimated_KBO_angle_unvalidated,False,False,unavailable_unseen_stadium_bias
2021,69439,라이블리,Right,-48.647881131276385,157.3313217637797,0.025736256366939846,-1.0,-0.006864135220089536,193.0,-0.025736256366939846,0.006864135220089536,0.48855517884980243,1.5415494393336304,0.0,0.0,613,False,25.90653687071631,25.90653687071631,False,False,2.231163595390875,11.99713185164767,11.678241423677765,40.13483231775486,sum_of_two_90pct_reference_radii_KBO_coverage_unknown,estimated_KBO_angle_unvalidated,False,False,reference_only_KBO_angle_unvalidated
2021,69446,원태인,Right,-42.063611986114815,179.1858684309516,0.03754791908267542,-1.0,-0.025639008594080002,183.0,-0.03754791908267542,0.025639008594080002,0.42325219652938845,1.7486296107873596,0.0,0.0,2519,True,43.694889090983054,43.694889090983054,False,False,2.231163595390875,11.99713185164767,,,sum_of_two_90pct_reference_radii_KBO_coverage_unknown,estimated_KBO_angle_unvalidated,False,False,unavailable_unseen_stadium_bias
2021,69516,김현수,Right,-39.38468399951966,178.73307496798404,0.030383616986641104,-1.0,-0.01985878917666385,185.0,-0.030383616986641104,0.01985878917666385,0.3985900475370708,1.7417311358368361,0.0,0.0,888,True,42.61926953386685,42.61926953386685,False,False,2.231163595390875,11.99713185164767,,,sum_of_two_90pct_reference_radii_KBO_coverage_unknown,estimated_KBO_angle_unvalidated,False,False,unavailable_unseen_stadium_bias
2021,69539,서준원,Right,-59.11374865458987,142.67154644385792,0.047473373756028996,-1.0,0.0036196433076602845,185.0,-0.047473373756028996,-0.0036196433076602845,0.5912496377513232,1.399205961402826,0.0,0.0,881,False,19.320833616700316,19.320833616700316,False,False,2.231163595390875,11.99713185164767,5.092538169661772,33.54912906373886,sum_of_two_90pct_reference_radii_KBO_coverage_unknown,estimated_KBO_angle_unvalidated,False,False,reference_only_KBO_angle_unvalidated
2021,69645,장유호,Right,-51.56995236919194,174.1920962321939,0.020819524714983155,-1.0,-0.02131013386644316,179.0,-0.020819524714983155,0.02131013386644316,0.5104842967318766,1.6980182583740975,0.0,0.0,243,True,41.51233421810352,41.51233421810352,False,False,2.231163595390875,11.99713185164767,,,sum_of_two_90pct_reference_radii_KBO_coverage_unknown,estimated_KBO_angle_unvalidated,False,False,unavailable_unseen_stadium_bias
2021,69703,오동욱,Right,-84.08316731170518,128.77683689449447,0.05199906557358874,-1.0,0.01999660169813124,185.0,-0.05199906557358874,-0.01999660169813124,0.8309661099349227,1.2615069245384092,0.0,0.0,454,True,7.448541373402627,7.448541373402627,False,False,2.231163595390875,11.99713185164767,,,sum_of_two_90pct_reference_radii_KBO_coverage_unknown,estimated_KBO_angle_unvalidated,False,False,unavailable_unseen_stadium_bias
2021,69745,김도현,Right,-58.62437988733217,188.1339412599695,0.04286542818590293,-1.0,-0.03215960190769194,183.0,-0.04286542818590293,0.03215960190769194,0.579329375526914,1.8327790243646636,0.0,0.0,524,True,47.03946377506714,47.03946377506714,False,False,2.231163595390875,11.99713185164767,,,sum_of_two_90pct_reference_radii_KBO_coverage_unknown,estimated_KBO_angle_unvalidated,False,False,unavailable_unseen_stadium_bias
2021,69813,하재훈,Right,-12.787690965017507,189.94866231850136,0.01140599271468822,-1.0,-0.02973219712458294,182.0,-0.01140599271468822,0.02973219712458294,0.14221977993595036,1.849786994114322,0.0,0.0,341,True,53.73394327135969,53.73394327135969,False,False,2.231163595390875,11.99713185164767,,,sum_of_two_90pct_reference_radii_KBO_coverage_unknown,estimated_KBO_angle_unvalidated,False,False,unavailable_unseen_stadium_bias
2021,69940,루친스키,Right,-80.88823068625523,175.798400843622,0.05767534097590289,-1.0,-0.022103818971312642,188.0,-0.05767534097590289,0.022103818971312642,0.7944347138945127,1.7153313879799175,0.0,0.0,2965,True,34.83066055168485,34.83066055168485,False,False,2.231163595390875,11.99713185164767,,,sum_of_two_90pct_reference_radii_KBO_coverage_unknown,estimated_KBO_angle_unvalidated,False,False,unavailable_unseen_stadium_bias
2021,69962,송명기,Right,-101.26966676923499,154.81713555712804,0.07779983385214925,-1.0,-0.010179013172086216,191.0,-0.07779983385214925,0.010179013172086216,0.9922249187648399,1.517826273458128,0.0,0.0,2250,True,18.780906122221484,18.780906122221484,False,False,2.231163595390875,11.99713185164767,,,sum_of_two_90pct_reference_radii_KBO_coverage_unknown,estimated_KBO_angle_unvalidated,False,False,unavailable_unseen_stadium_bias
2021,69974,배민서,Right,-86.28687865951265,155.1100321951704,0.07179617357304324,-1.0,-0.01291090312142468,184.0,-0.07179617357304324,0.01291090312142468,0.8480324406031029,1.5205379486117603,0.0,0.0,712,True,23.954405087597365,23.954405087597365,False,False,2.231163595390875,11.99713185164767,,,sum_of_two_90pct_reference_radii_KBO_coverage_unknown,estimated_KBO_angle_unvalidated,False,False,unavailable_unseen_stadium_bias
2021,69996,노시훈,Right,-80.55166337900616,175.69588153992225,0.05204574808700185,-1.0,-0.01644700370090648,188.0,-0.05204574808700185,0.01644700370090648,0.7917948120997499,1.7108575853351544,0.0,0.0,92,False,34.58273497613379,,False,False,,,,,sum_of_two_90pct_reference_radii_KBO_coverage_unknown,withheld_small_sample,False,False,withheld_estimate
2021,71837,김강민,Right,-62.01243064078492,183.16031369215062,0.0576632498127842,-1.0,-0.03334231831488672,182.0,-0.0576632498127842,0.03334231831488672,0.6128844402315207,1.7881827398248789,0.0,0.0,20,False,44.426519401252065,,False,False,,,,,sum_of_two_90pct_reference_radii_KBO_coverage_unknown,withheld_small_sample,False,False,withheld_estimate
2021,72523,고효준,Left,50.45045291178846,175.37693277195783,-0.03572360221492512,-1.0,-0.02027649742799699,179.0,0.03572360221492512,0.02027649742799699,-0.5026120479643359,1.7087284605017998,0.0,0.0,45,False,42.81264756939048,,False,False,,,,,sum_of_two_90pct_reference_radii_KBO_coverage_unknown,withheld_small_sample,False,False,withheld_estimate
2021,73117,우규민,Right,-112.4052424049826,105.26146350944533,0.07418316918608703,-1.0,0.040922740583048754,184.0,-0.07418316918608703,-0.040922740583048754,1.1055214104331341,1.0336629628165506,0.0,0.0,786,True,-10.509165397998594,-10.509165397998594,False,False,2.231163595390875,11.99713185164767,,,sum_of_two_90pct_reference_radii_KBO_coverage_unknown,estimated_KBO_angle_unvalidated,False,False,unavailable_unseen_stadium_bias
2021,73211,노경은,Right,-50.54281858242344,188.01887897957562,0.040091919539297964,-1.0,-0.025087372834435136,187.0,-0.040091919539297964,0.025087372834435136,0.5050336526048139,1.8294225988172612,0.0,0.0,1046,False,45.63340436027729,45.63340436027729,False,False,2.231163595390875,11.99713185164767,31.405108913238745,59.86169980731583,sum_of_two_90pct_reference_radii_KBO_coverage_unknown,estimated_KBO_angle_unvalidated,False,False,reference_only_KBO_angle_unvalidated
2021,73738,안영명,Right,-66.941290718835,191.67201814652785,0.03961906267233209,-1.0,-0.023355551892946216,183.0,-0.03961906267233209,0.023355551892946216,0.6597800277392172,1.8589389535774798,0.0,0.0,553,True,47.80952843933109,47.80952843933109,False,False,2.231163595390875,11.99713185164767,,,sum_of_two_90pct_reference_radii_KBO_coverage_unknown,estimated_KBO_angle_unvalidated,False,False,unavailable_unseen_stadium_bias
2021,73801,송은범,Right,-59.57346304798811,183.5993755612931,0.049167220667921056,-1.0,-0.030961073798903463,182.0,-0.049167220667921056,0.030961073798903463,0.5891468971776547,1.7906492288281715,0.0,0.0,587,True,44.84111229825857,44.84111229825857,False,False,2.231163595390875,11.99713185164767,,,sum_of_two_90pct_reference_radii_KBO_coverage_unknown,estimated_KBO_angle_unvalidated,False,False,unavailable_unseen_stadium_bias
2021,74359,오주원,Left,92.40616662031451,174.55104864398533,-0.07464196812835955,-1.0,-0.029574291330052366,184.0,0.07464196812835955,0.029574291330052366,-0.9032310924464813,1.7067588829057745,0.0,0.0,327,False,35.235708720942796,35.235708720942796,False,False,2.231163595390875,11.99713185164767,21.007413273904252,49.464004167981344,sum_of_two_90pct_reference_radii_KBO_coverage_unknown,estimated_KBO_angle_unvalidated,False,False,reference_only_KBO_angle_unvalidated
2021,74513,장원준,Left,52.431069735840175,176.25320978086538,-0.05296461357691482,-1.0,-0.012821827233478135,184.0,0.05296461357691482,0.012821827233478135,-0.5267918787019482,1.7144173964468994,0.0,0.0,389,True,40.47640879450602,40.47640879450602,False,False,2.231163595390875,11.99713185164767,,,sum_of_two_90pct_reference_radii_KBO_coverage_unknown,estimated_KBO_angle_unvalidated,False,False,unavailable_unseen_stadium_bias
2021,74857,정우람,Left,72.08280866980128,177.94098819375813,-0.0710995393149385,-1.0,-0.020988840636787826,181.0,0.0710995393149385,0.020988840636787826,-0.712723262107439,1.7327231781597228,0.0,0.0,798,True,40.639483759235475,40.639483759235475,False,False,2.231163595390875,11.99713185164767,,,sum_of_two_90pct_reference_radii_KBO_coverage_unknown,estimated_KBO_angle_unvalidated,False,False,unavailable_unseen_stadium_bias
2021,75138,신재웅,Left,45.19806150452047,184.68666294419114,-0.04085638316108484,-1.0,-0.03139471231884879,181.0,0.04085638316108484,0.03139471231884879,-0.45192419993689587,1.8012121187902685,0.0,0.0,155,False,48.114688884903956,48.114688884903956,False,False,2.231163595390875,11.99713185164767,33.88639343786541,62.3429843319425,sum_of_two_90pct_reference_radii_KBO_coverage_unknown,estimated_KBO_angle_unvalidated,False,False,reference_only_KBO_angle_unvalidated
2021,75340,전유수,Right,-49.37662988598987,182.75719490866734,0.029729090665682453,-1.0,-0.017318505547467097,185.0,-0.029729090665682453,0.017318505547467097,0.49370456573449467,1.7760156341385003,0.0,0.0,203,True,43.52504341520679,43.52504341520679,False,False,2.231163595390875,11.99713185164767,,,sum_of_two_90pct_reference_radii_KBO_coverage_unknown,estimated_KBO_angle_unvalidated,False,False,unavailable_unseen_stadium_bias
2021,75342,이보근,Right,-39.82531552773148,192.24200814133286,0.039314031935740144,-1.0,-0.03488210758266977,187.0,-0.039314031935740144,0.03488210758266977,0.4015159051673091,1.87440471224219,0.0,0.0,245,False,49.55165878573146,49.55165878573146,False,False,2.231163595390875,11.99713185164767,35.323363338692914,63.77995423277001,sum_of_two_90pct_reference_radii_KBO_coverage_unknown,estimated_KBO_angle_unvalidated,False,False,reference_only_KBO_angle_unvalidated
2021,75421,오승환,Right,-77.60493160868411,170.37446811782726,0.05674650618273175,-1.0,-0.024585263055416737,178.0,-0.05674650618273175,0.024585263055416737,0.76071164081314,1.6642052846327744,0.0,0.0,1003,True,37.06627311202413,37.06627311202413,False,False,2.231163595390875,11.99713185164767,,,sum_of_two_90pct_reference_radii_KBO_coverage_unknown,estimated_KBO_angle_unvalidated,False,False,unavailable_unseen_stadium_bias
2021,75867,김진성,Right,-21.139288484869763,200.04314603287128,0.02818795363898182,-1.0,-0.036688747623266176,186.0,-0.02818795363898182,0.036688747623266176,0.22322479447158713,1.9470028245871818,0.0,0.0,662,True,56.47988660929235,56.47988660929235,False,False,2.231163595390875,11.99713185164767,,,sum_of_two_90pct_reference_radii_KBO_coverage_unknown,estimated_KBO_angle_unvalidated,False,False,unavailable_unseen_stadium_bias
2021,76118,원종현,Right,-35.94194906508791,152.02339701244162,0.030438672522564228,-1.0,-0.009774046782484712,182.0,-0.030438672522564228,0.009774046782484712,0.3665116584509611,1.4922501011875808,0.0,0.0,862,True,29.427360363988242,29.427360363988242,False,False,2.231163595390875,11.99713185164767,,,sum_of_two_90pct_reference_radii_KBO_coverage_unknown,estimated_KBO_angle_unvalidated,False,False,unavailable_unseen_stadium_bias
2021,76225,김건국,Right,-25.290742301279046,189.19816606127108,0.019603395808121624,-1.0,-0.03061177884109213,183.0,-0.019603395808121624,0.03061177884109213,0.2614374573417491,1.8432024612878237,0.0,0.0,419,True,51.36194841170682,51.36194841170682,False,False,2.231163595390875,11.99713185164767,,,sum_of_two_90pct_reference_radii_KBO_coverage_unknown,estimated_KBO_angle_unvalidated,False,False,unavailable_unseen_stadium_bias
2021,76329,이현승,Left,47.4388348723673,184.57872191523686,-0.03478034631335453,-1.0,-0.023324598067078085,179.0,0.03478034631335453,0.023324598067078085,-0.473832435332089,1.794332619941058,0.0,0.0,339,True,48.396487577342725,48.396487577342725,False,False,2.231163595390875,11.99713185164767,,,sum_of_two_90pct_reference_radii_KBO_coverage_unknown,estimated_KBO_angle_unvalidated,False,False,unavailable_unseen_stadium_bias
2021,76350,김세현,Right,-34.00694438367835,191.14649923457839,0.03640893518469205,-1.0,-0.02673729102954034,188.0,-0.03640893518469205,0.02673729102954034,0.348290347787141,1.8602657384400674,0.0,0.0,114,False,48.85727383589898,48.85727383589898,False,False,2.231163595390875,11.99713185164767,34.62897838886043,63.08556928293753,sum_of_two_90pct_reference_radii_KBO_coverage_unknown,estimated_KBO_angle_unvalidated,False,False,reference_only_KBO_angle_unvalidated
2021,76455,차우찬,Left,52.147935869185254,181.77682590193405,-0.04363527113606256,-1.0,-0.025187253353255286,185.0,0.04363527113606256,0.025187253353255286,-0.5200102408672785,1.772066186618766,0.0,0.0,379,True,43.5530101488369,43.5530101488369,False,False,2.231163595390875,11.99713185164767,,,sum_of_two_90pct_reference_radii_KBO_coverage_unknown,estimated_KBO_angle_unvalidated,False,False,unavailable_unseen_stadium_bias
2021,76650,진해수,Left,58.46597409488933,193.26619057995038,-0.04187129852563249,-1.0,-0.023788529951646684,187.0,0.04187129852563249,0.023788529951646684,-0.5807654550326062,1.875791749861766,0.0,0.0,744,True,48.01932879972955,48.01932879972955,False,False,2.231163595390875,11.99713185164767,,,sum_of_two_90pct_reference_radii_KBO_coverage_unknown,estimated_KBO_angle_unvalidated,False,False,unavailable_unseen_stadium_bias
2021,76757,유원상,Right,-38.276348503120154,192.3158190332743,0.024583836830816646,-1.0,-0.028887932851472155,187.0,-0.024583836830816646,0.028887932851472155,0.38608662869289323,1.871124277504025,0.0,0.0,235,False,49.53881860183925,49.53881860183925,False,False,2.231163595390875,11.99713185164767,35.310523154800705,63.7671140488778,sum_of_two_90pct_reference_radii_KBO_coverage_unknown,estimated_KBO_angle_unvalidated,False,False,reference_only_KBO_angle_unvalidated
2021,77211,이용찬,Right,-67.08684312850163,175.9363434327048,0.06014629238433271,-1.0,-0.01838822834066438,185.0,-0.06014629238433271,0.01838822834066438,0.6650083329638192,1.7143858664781304,0.0,0.0,602,True,37.740289012174486,37.740289012174486,False,False,2.231163595390875,11.99713185164767,,,sum_of_two_90pct_reference_radii_KBO_coverage_unknown,estimated_KBO_angle_unvalidated,False,False,unavailable_unseen_stadium_bias
2021,77263,김강률,Right,-34.47810715693858,187.3709172789747,0.023665028639206234,-1.0,-0.03363649240014977,187.0,-0.023665028639206234,0.03363649240014977,0.3485737269844793,1.8292926536456358,0.0,0.0,840,True,47.50495746399354,47.50495746399354,False,False,2.231163595390875,11.99713185164767,,,sum_of_two_90pct_reference_radii_KBO_coverage_unknown,estimated_KBO_angle_unvalidated,False,False,unavailable_unseen_stadium_bias
2021,77318,장시환,Right,-50.85570225216961,180.68411367476227,0.031566489545205134,-1.0,-0.022795198665529075,184.0,-0.031566489545205134,0.022795198665529075,0.5062780607968521,1.760056685610439,0.0,0.0,1320,True,42.89854123774173,42.89854123774173,False,False,2.231163595390875,11.99713185164767,,,sum_of_two_90pct_reference_radii_KBO_coverage_unknown,estimated_KBO_angle_unvalidated,False,False,unavailable_unseen_stadium_bias
2021,77446,백정현,Left,60.347867306128556,179.94865448491686,-0.04110355288340449,-1.0,-0.026344984915094426,184.0,0.04110355288340449,0.026344984915094426,-0.5964473324176476,1.7551150239604265,0.0,0.0,2477,True,42.010598810916235,42.010598810916235,False,False,2.231163595390875,11.99713185164767,,,sum_of_two_90pct_reference_radii_KBO_coverage_unknown,estimated_KBO_angle_unvalidated,False,False,unavailable_unseen_stadium_bias
2021,77927,장필준,Right,-60.00282015719994,188.0792265237556,0.038615561787505796,-1.0,-0.026344625900071073,190.0,-0.038615561787505796,0.026344625900071073,0.5942710474166117,1.8310482021801637,0.0,0.0,720,True,43.19955906788884,43.19955906788884,False,False,2.231163595390875,11.99713185164767,,,sum_of_two_90pct_reference_radii_KBO_coverage_unknown,estimated_KBO_angle_unvalidated,False,False,unavailable_unseen_stadium_bias
2021,78148,정찬헌,Right,-36.726774236079834,174.7152014083027,0.029874746760650238,-1.0,-0.008079682081296287,186.0,-0.029874746760650238,0.008079682081296287,0.37631859867447126,1.6987171283199185,0.0,0.0,1853,True,39.860384221788884,39.860384221788884,False,False,2.231163595390875,11.99713185164767,,,sum_of_two_90pct_reference_radii_KBO_coverage_unknown,estimated_KBO_angle_unvalidated,False,False,unavailable_unseen_stadium_bias
2021,78247,홍상삼,Right,-73.83939166718163,192.97201037007437,0.05104207030670853,-1.0,-0.028400273197665027,188.0,-0.05104207030670853,0.028400273197665027,0.7263149588969494,1.8754072059546747,0.0,0.0,601,True,45.48221701378541,45.48221701378541,False,False,2.231163595390875,11.99713185164767,,,sum_of_two_90pct_reference_radii_KBO_coverage_unknown,estimated_KBO_angle_unvalidated,False,False,unavailable_unseen_stadium_bias
2021,78352,임창민,Right,-65.1268695335805,183.5355860729253,0.05539123980325614,-1.0,-0.0313510618265681,183.0,-0.05539123980325614,0.0313510618265681,0.6426148008412101,1.7904539193150288,0.0,0.0,718,True,43.72468506095449,43.72468506095449,False,False,2.231163595390875,11.99713185164767,,,sum_of_two_90pct_reference_radii_KBO_coverage_unknown,estimated_KBO_angle_unvalidated,False,False,unavailable_unseen_stadium_bias
2021,78517,하준호,Left,43.03248859998658,171.0910645505976,-0.05085067510556904,-1.0,-0.029942123725106545,174.0,0.05085067510556904,0.029942123725106545,-0.4314559807030591,1.6748363888268514,0.0,0.0,198,True,44.079858117752266,44.079858117752266,False,False,2.231163595390875,11.99713185164767,,,sum_of_two_90pct_reference_radii_KBO_coverage_unknown,estimated_KBO_angle_unvalidated,False,False,unavailable_unseen_stadium_bias
2021,78536,김대우,Right,-70.90896036653628,173.84440480463482,0.060336025058240525,-1.0,-0.023181403908258336,190.0,-0.060336025058240525,0.023181403908258336,0.7005803268765507,1.6997510417537083,0.0,0.0,670,True,33.98065411258997,33.98065411258997,False,False,2.231163595390875,11.99713185164767,,,sum_of_two_90pct_reference_radii_KBO_coverage_unknown,estimated_KBO_angle_unvalidated,False,False,unavailable_unseen_stadium_bias
2021,79130,강지광,Right,-25.642534911173918,168.16840216208456,0.019473215094840457,-1.0,-0.018166315458113303,181.0,-0.019473215094840457,0.018166315458113303,0.2662635794747283,1.6439780004401545,0.0,0.0,42,False,40.365955131638685,,False,False,,,,,sum_of_two_90pct_reference_radii_KBO_coverage_unknown,withheld_small_sample,False,False,withheld_estimate
2021,79140,최동환,Right,-29.627858177242093,193.0756990993799,0.021797554177665095,-1.0,-0.04118898675597123,184.0,-0.021797554177665095,0.04118898675597123,0.300446503623424,1.8848641194169715,0.0,0.0,115,False,52.875686582026,52.875686582026,False,False,2.231163595390875,11.99713185164767,38.64739113498746,67.10398202906454,sum_of_two_90pct_reference_radii_KBO_coverage_unknown,estimated_KBO_angle_unvalidated,False,False,reference_only_KBO_angle_unvalidated
2021,79229,유희관,Left,32.518359741518246,166.09201881085295,-0.03163068008173654,-1.0,-0.005609234541879568,180.0,0.03163068008173654,0.005609234541879568,-0.3359907064060959,1.6171397752203043,0.0,0.0,1184,True,39.18106024787726,39.18106024787726,False,False,2.231163595390875,11.99713185164767,,,sum_of_two_90pct_reference_radii_KBO_coverage_unknown,estimated_KBO_angle_unvalidated,False,False,unavailable_unseen_stadium_bias
2021,79293,오현택,Right,-124.06552919086813,130.5013147450048,0.0868996086447326,-1.0,0.01775652576382927,180.0,-0.0868996086447326,-0.01775652576382927,1.2126548004730662,1.2749481472190407,0.0,0.0,310,True,5.577903056392046,5.577903056392046,False,False,2.231163595390875,11.99713185164767,,,sum_of_two_90pct_reference_radii_KBO_coverage_unknown,estimated_KBO_angle_unvalidated,False,False,unavailable_unseen_stadium_bias
2021,79358,강윤구,Left,51.14879561528421,175.66804261886068,-0.04181891429371755,-1.0,-0.015678630382551323,183.0,0.04181891429371755,0.015678630382551323,-0.5119999247863045,1.710188145828167,0.0,0.0,335,True,40.88812263919615,40.88812263919615,False,False,2.231163595390875,11.99713185164767,,,sum_of_two_90pct_reference_radii_KBO_coverage_unknown,estimated_KBO_angle_unvalidated,False,False,unavailable_unseen_stadium_bias
2021,79440,정인욱,Right,-44.66364438532376,189.92261720926834,0.027303304043498705,-1.0,-0.03583413415982898,186.0,-0.027303304043498705,0.03583413415982898,0.4447404295546257,1.8528063455839903,0.0,0.0,195,False,48.24834797153062,48.24834797153062,False,False,2.231163595390875,11.99713185164767,34.02005252449207,62.47664341856917,sum_of_two_90pct_reference_radii_KBO_coverage_unknown,estimated_KBO_angle_unvalidated,False,False,reference_only_KBO_angle_unvalidated
2021,79545,진명호,Right,-31.433049038271843,192.73315487513423,0.01938636871624532,-1.0,-0.02714740460377904,193.0,-0.01938636871624532,0.02714740460377904,0.3220997960723142,1.8763347725207402,0.0,0.0,471,True,47.71519556614802,47.71519556614802,False,False,2.231163595390875,11.99713185164767,,,sum_of_two_90pct_reference_radii_KBO_coverage_unknown,estimated_KBO_angle_unvalidated,False,False,unavailable_unseen_stadium_bias
2021,79764,장민재,Right,-69.13232478763608,187.582727204474,0.044943927454228746,-1.0,-0.020419788104502897,184.0,-0.044943927454228746,0.020419788104502897,0.6819581979869659,1.8204019639028224,0.0,0.0,448,False,44.64391074334405,44.64391074334405,False,False,2.231163595390875,11.99713185164767,30.415615296305507,58.8722061903826,sum_of_two_90pct_reference_radii_KBO_coverage_unknown,estimated_KBO_angle_unvalidated,False,False,reference_only_KBO_angle_unvalidated
2021,79847,김태훈,Left,53.711161057922084,188.5539528777507,-0.050784776894862146,-1.0,-0.030923245522556916,176.0,0.050784776894862146,0.030923245522556916,-0.5334121074007973,1.8339868824773435,0.0,0.01288404360753221,1009,True,51.61731180164255,51.61731180164255,False,False,2.231163595390875,11.99713185164767,,,sum_of_two_90pct_reference_radii_KBO_coverage_unknown,estimated_KBO_angle_unvalidated,False,False,unavailable_unseen_stadium_bias
2022,50030,소형준,Right,-43.30840520504403,175.77724386941605,0.03343621177315746,-1.0,-0.0164232507408383,189.0,-0.03343621177315746,0.0164232507408383,0.437446678983879,1.7140558963380705,0.0,0.0,2492,True,38.58536482206077,38.58536482206077,False,False,2.231163595390875,11.99713185164767,,,sum_of_two_90pct_reference_radii_KBO_coverage_unknown,estimated_KBO_angle_unvalidated,False,False,unavailable_unseen_stadium_bias
2022,50036,이강준,Right,-95.5058420848678,120.53543892904226,0.0738800739597674,-1.0,0.021160745483643276,180.0,-0.0738800739597674,-0.021160745483643276,0.9412351497133402,1.1840445191410056,0.0,0.0,222,False,3.0504697815315964,3.0504697815315964,False,False,2.231163595390875,11.99713185164767,-11.177825665506948,17.27876522857014,sum_of_two_90pct_reference_radii_KBO_coverage_unknown,estimated_KBO_angle_unvalidated,False,False,reference_only_KBO_angle_unvalidated
2022,50040,데스파이네,Right,-45.66469561980352,176.1997354008697,0.03461710526323067,-1.0,-0.01998859293572764,182.0,-0.03461710526323067,0.01998859293572764,0.4578682847116969,1.7174091773365308,0.0,0.0,2834,True,41.860528588430974,41.860528588430974,False,False,2.231163595390875,11.99713185164767,,,sum_of_two_90pct_reference_radii_KBO_coverage_unknown,estimated_KBO_angle_unvalidated,False,False,unavailable_unseen_stadium_bias
2022,50126,이민호,Right,-70.71754637389125,168.59632393602374,0.05329749098126263,-1.0,-0.018823066571607955,189.0,-0.05329749098126263,0.018823066571607955,0.6982765683188351,1.648899610017331,0.0,0.0,2103,True,31.37970380188988,31.37970380188988,False,False,2.231163595390875,11.99713185164767,,,sum_of_two_90pct_reference_radii_KBO_coverage_unknown,estimated_KBO_angle_unvalidated,False,False,unavailable_unseen_stadium_bias
2022,50157,김윤식,Left,37.952892982306636,181.78184037478462,-0.036032736272768415,-1.0,-0.017732866165831494,181.0,0.036032736272768415,0.017732866165831494,-0.386051482163854,1.767023333729561,0.0,0.0,1795,True,46.938398787329795,46.938398787329795,False,False,2.231163595390875,11.99713185164767,,,sum_of_two_90pct_reference_radii_KBO_coverage_unknown,estimated_KBO_angle_unvalidated,False,False,unavailable_unseen_stadium_bias
2022,50203,권휘,Right,-38.099930285756784,172.87421751015606,0.03103063640053747,-1.0,-0.022499028081860432,181.0,-0.03103063640053747,0.022499028081860432,0.3848842525307351,1.6887832238418412,0.0,0.0,187,True,41.50848932638228,41.50848932638228,False,False,2.231163595390875,11.99713185164767,,,sum_of_two_90pct_reference_radii_KBO_coverage_unknown,estimated_KBO_angle_unvalidated,False,False,unavailable_unseen_stadium_bias
2022,50360,김동혁,Right,-85.83725052083004,120.06600501590891,0.07534848170750459,-1.0,0.028897220845269026,184.0,-0.07534848170750459,-0.028897220845269026,0.8527760563242845,1.1773251036213512,0.0,0.0,420,True,2.2592288474166793,2.2592288474166793,False,False,2.231163595390875,11.99713185164767,,,sum_of_two_90pct_reference_radii_KBO_coverage_unknown,estimated_KBO_angle_unvalidated,False,False,unavailable_unseen_stadium_bias
2022,50404,뷰캐넌,Right,-61.75460498910289,191.11544195818342,0.04198339940289273,-1.0,-0.02698293538333058,190.0,-0.04198339940289273,0.02698293538333058,0.6113680073340113,1.8589929190695493,0.0,0.0,2604,True,44.69477334538335,44.69477334538335,False,False,2.231163595390875,11.99713185164767,,,sum_of_two_90pct_reference_radii_KBO_coverage_unknown,estimated_KBO_angle_unvalidated,False,False,unavailable_unseen_stadium_bias
2022,50411,박주혁,Right,-6.783627565025136,182.92681763395413,0.01427173476090522,-1.0,-0.03512290686727795,182.0,-0.01427173476090522,0.03512290686727795,0.08419116076362804,1.7897561965531035,0.0,0.0,127,False,50.97335460007307,50.97335460007307,False,False,2.231163595390875,11.99713185164767,36.74505915303453,65.20165004711161,sum_of_two_90pct_reference_radii_KBO_coverage_unknown,estimated_KBO_angle_unvalidated,False,False,reference_only_KBO_angle_unvalidated
2022,50441,황동재,Right,-47.60647479761361,192.7525630265478,0.04716711360642085,-1.0,-0.026804663302033373,191.0,-0.04716711360642085,0.026804663302033373,0.4789398182026515,1.8753153624833292,0.0,0.0,1314,True,46.704511146113134,46.704511146113134,False,False,2.231163595390875,11.99713185164767,,,sum_of_two_90pct_reference_radii_KBO_coverage_unknown,estimated_KBO_angle_unvalidated,False,False,unavailable_unseen_stadium_bias
2022,50449,허윤동,Left,40.78184552330241,179.05341206192796,-0.03524055321175221,-1.0,-0.026540740992370873,181.0,0.03524055321175221,0.026540740992370873,-0.41022708376228895,1.7472749961848442,0.0,0.0,981,False,45.43010101269919,45.43010101269919,False,False,2.231163595390875,11.99713185164767,31.201805565660646,59.65839645973773,sum_of_two_90pct_reference_radii_KBO_coverage_unknown,estimated_KBO_angle_unvalidated,False,False,reference_only_KBO_angle_unvalidated
2022,50464,이승민,Left,35.698524312165375,168.57902297507533,-0.033745602857512935,-1.0,-0.009004066530797671,174.0,0.033745602857512935,0.009004066530797671,-0.36467071275945007,1.6394704271326428,0.0,0.0,93,False,42.831629047006004,,False,False,,,,,sum_of_two_90pct_reference_radii_KBO_coverage_unknown,withheld_small_sample,False,False,withheld_estimate
2022,50556,최준용,Right,-87.2295807444054,166.8646032621292,0.0633707022616897,-1.0,-0.022209488279081882,185.0,-0.0633707022616897,0.022209488279081882,0.8541313768429118,1.6328948498397606,0.0,0.0,1095,True,30.493226304175447,30.493226304175447,False,False,2.231163595390875,11.99713185164767,,,sum_of_two_90pct_reference_radii_KBO_coverage_unknown,estimated_KBO_angle_unvalidated,False,False,unavailable_unseen_stadium_bias
2022,50558,스트레일리,Right,-78.10360220735775,187.0389004274712,0.05202636584258268,-1.0,-0.02420871015770322,189.0,-0.05202636584258268,0.02420871015770322,0.7675803890573586,1.8190768920881446,0.0,0.0,937,True,41.04284922054899,41.04284922054899,False,False,2.231163595390875,11.99713185164767,,,sum_of_two_90pct_reference_radii_KBO_coverage_unknown,estimated_KBO_angle_unvalidated,False,False,unavailable_unseen_stadium_bias
2022,50573,김민기,Right,-76.24988587753805,74.48122354573711,0.060946338951243934,-1.0,0.06528764521098453,177.0,-0.060946338951243934,-0.06528764521098453,0.7652565809061107,0.7392008021287184,0.0,0.0,23,False,-21.606731079480596,,False,False,,,,,sum_of_two_90pct_reference_radii_KBO_coverage_unknown,withheld_small_sample,False,False,withheld_estimate
2022,50641,장재혁,Right,-33.1788965532946,178.2908661468915,0.026657669097801782,-1.0,-0.014423441745789824,180.0,-0.026657669097801782,0.014423441745789824,0.3399616878506335,1.7330205468293312,0.0,0.0,65,True,45.23789884547141,,False,False,,,,,sum_of_two_90pct_reference_radii_KBO_coverage_unknown,withheld_small_sample,False,False,withheld_estimate
2022,50662,정해영,Right,-59.80550468152833,193.02924618999296,0.043700664608495844,-1.0,-0.0411076643493216,189.0,-0.043700664608495844,0.0411076643493216,0.5896149472388014,1.8846724581626737,0.0,0.0,903,True,47.0034933470611,47.0034933470611,False,False,2.231163595390875,11.99713185164767,,,sum_of_two_90pct_reference_radii_KBO_coverage_unknown,estimated_KBO_angle_unvalidated,False,False,unavailable_unseen_stadium_bias
2022,50705,강재민,Right,-49.752948685989416,134.8108126393665,0.03556228857263628,-1.0,0.014208632403922927,180.0,-0.03556228857263628,-0.014208632403922927,0.5023879896347172,1.3199856223852278,0.0,0.0,869,True,17.833082527972437,17.833082527972437,False,False,2.231163595390875,11.99713185164767,,,sum_of_two_90pct_reference_radii_KBO_coverage_unknown,estimated_KBO_angle_unvalidated,False,False,unavailable_unseen_stadium_bias
2022,50720,남지민,Right,-50.9677796847623,190.1267893385893,0.03120234595540747,-1.0,-0.028648366161079963,181.0,-0.03120234595540747,0.028648366161079963,0.5058965671370833,1.8482532951905728,0.0,0.0,1463,True,49.841411711047215,49.841411711047215,False,False,2.231163595390875,11.99713185164767,,,sum_of_two_90pct_reference_radii_KBO_coverage_unknown,estimated_KBO_angle_unvalidated,False,False,unavailable_unseen_stadium_bias
2022,50726,한승주,Right,-48.731604412007016,183.1170453718672,0.037838858364904214,-1.0,-0.01769837647010864,183.0,-0.037838858364904214,0.01769837647010864,0.4885026600422114,1.7791124032959464,0.0,0.0,276,False,44.768590573126396,44.768590573126396,False,False,2.231163595390875,11.99713185164767,30.54029512608785,58.996886020164936,sum_of_two_90pct_reference_radii_KBO_coverage_unknown,estimated_KBO_angle_unvalidated,False,False,reference_only_KBO_angle_unvalidated
2022,50812,박시후,Left,38.919114040694254,188.74947806105246,-0.03358146741926267,-1.0,-0.02964777911941996,182.0,0.03358146741926267,0.02964777911941996,-0.3923568438915163,1.8376521803138943,0.0,0.0,22,False,50.588542273564315,,False,False,,,,,sum_of_two_90pct_reference_radii_KBO_coverage_unknown,withheld_small_sample,False,False,withheld_estimate
2022,50815,킹험,Right,-64.30037392047652,187.70581672810286,0.04103276657635295,-1.0,-0.025393042721531867,196.0,-0.04103276657635295,0.025393042721531867,0.6364095513939794,1.828980119035002,0.0,0.0,285,False,39.63280878941825,39.63280878941825,False,False,2.231163595390875,11.99713185164767,25.404513342379705,53.8611042364568,sum_of_two_90pct_reference_radii_KBO_coverage_unknown,estimated_KBO_angle_unvalidated,False,False,reference_only_KBO_angle_unvalidated
2022,50859,오원석,Left,58.41471289818273,174.49795774098183,-0.04466216436977127,-1.0,-0.02082268819414238,182.0,0.04466216436977127,0.02082268819414238,-0.5795007187318466,1.7018428324209804,0.0,0.0,2529,True,39.95135476755711,39.95135476755711,False,False,2.231163595390875,11.99713185164767,,,sum_of_two_90pct_reference_radii_KBO_coverage_unknown,estimated_KBO_angle_unvalidated,False,False,unavailable_unseen_stadium_bias
2022,50992,김태경,Right,-33.33938947739265,189.32070872128415,0.020606687331177202,-1.0,-0.01927092946509901,188.0,-0.020606687331177202,0.01927092946509901,0.3412670885298651,1.838748919927227,0.0,0.0,790,False,47.67103578497804,47.67103578497804,False,False,2.231163595390875,11.99713185164767,33.4427403379395,61.89933123201658,sum_of_two_90pct_reference_radii_KBO_coverage_unknown,estimated_KBO_angle_unvalidated,False,False,reference_only_KBO_angle_unvalidated
2022,50995,정구범,Left,53.433006954936694,179.38717669641707,-0.05404725188908696,-1.0,-0.02069236463381041,183.0,0.05404725188908696,0.02069236463381041,-0.5344584213369864,1.7472029739096466,0.0,0.0,24,False,42.81811912546399,,False,False,,,,,sum_of_two_90pct_reference_radii_KBO_coverage_unknown,withheld_small_sample,False,False,withheld_estimate
2022,51060,지명성,Right,-109.44931680099819,109.4153588675259,0.07774726933341698,-1.0,0.04228743592956316,173.0,-0.07774726933341698,-0.04228743592956316,1.0770101713670555,1.0670096579694575,0.0,0.0,33,False,-3.624188228943879,,False,False,,,,,sum_of_two_90pct_reference_radii_KBO_coverage_unknown,withheld_small_sample,False,False,withheld_estimate
2022,51111,송승기,Left,46.94035548179749,182.760207057125,-0.03808739983016729,-1.0,-0.027530630453562487,181.0,0.03808739983016729,0.027530630453562487,-0.4687933099782067,1.7811827387891186,0.0,0.0,179,True,46.68806217492538,46.68806217492538,False,False,2.231163595390875,11.99713185164767,,,sum_of_two_90pct_reference_radii_KBO_coverage_unknown,estimated_KBO_angle_unvalidated,False,False,unavailable_unseen_stadium_bias
2022,51143,강효종,Right,-65.02597823193742,174.47856566155193,0.03837388539243649,-1.0,-0.009983140594340086,182.0,-0.03837388539243649,0.009983140594340086,0.6436635767140091,1.694494133909287,0.0,0.0,87,False,38.24517788350029,,False,False,,,,,sum_of_two_90pct_reference_radii_KBO_coverage_unknown,withheld_small_sample,False,False,withheld_estimate
2022,51230,김동주,Right,-66.1060843327512,199.47090064979122,0.052794491940651916,-1.0,-0.03664674409412701,190.0,-0.052794491940651916,0.03664674409412701,0.6522258095416357,1.9407101315990762,0.0,0.0,328,False,49.21117879966983,49.21117879966983,False,False,2.231163595390875,11.99713185164767,34.98288335263129,63.43947424670837,sum_of_two_90pct_reference_radii_KBO_coverage_unknown,estimated_KBO_angle_unvalidated,False,False,reference_only_KBO_angle_unvalidated
2022,51257,미란다,Left,27.25536352335579,187.46850587431624,-0.026251545634107844,-1.0,-0.030956376614303126,188.0,0.026251545634107844,0.030956376614303126,-0.2816484386845404,1.829542354264247,0.0,0.0,175,False,48.79544205805679,48.79544205805679,False,False,2.231163595390875,11.99713185164767,34.567146611018245,63.02373750509534,sum_of_two_90pct_reference_radii_KBO_coverage_unknown,estimated_KBO_angle_unvalidated,False,False,reference_only_KBO_angle_unvalidated
2022,51264,최승용,Left,55.6475308541689,177.91273765880092,-0.04931123283409183,-1.0,-0.02177758013353156,190.0,0.04931123283409183,0.02177758013353156,-0.5553769417654223,1.7366265804068617,0.0,0.0,1679,True,38.647561972512214,38.647561972512214,False,False,2.231163595390875,11.99713185164767,,,sum_of_two_90pct_reference_radii_KBO_coverage_unknown,estimated_KBO_angle_unvalidated,False,False,unavailable_unseen_stadium_bias
2022,51301,김성진,Right,-55.19290536266019,178.92990800750195,0.039549608298061256,-1.0,-0.032106519487926546,183.0,-0.039549608298061256,0.032106519487926546,0.5458522998692824,1.7492791825274654,0.0,0.0,378,False,42.270007514899135,42.270007514899135,False,False,2.231163595390875,11.99713185164767,28.04171206786059,56.49830296193768,sum_of_two_90pct_reference_radii_KBO_coverage_unknown,estimated_KBO_angle_unvalidated,False,False,reference_only_KBO_angle_unvalidated
2022,51359,장재영,Right,-36.046603977103246,174.54776376184378,0.025454655254243157,-1.0,-0.027079952699750737,187.0,-0.025454655254243157,0.027079952699750737,0.3645290891249845,1.7088251167201236,0.0,0.0,284,True,40.15177089676989,40.15177089676989,False,False,2.231163595390875,11.99713185164767,,,sum_of_two_90pct_reference_radii_KBO_coverage_unknown,estimated_KBO_angle_unvalidated,False,False,unavailable_unseen_stadium_bias
2022,51393,김준형,Right,-31.476583537535628,175.7343077474486,0.020766441188454714,-1.0,-0.018903335598310606,182.0,-0.020766441188454714,0.018903335598310606,0.32198664530828286,1.7131195722358163,0.0,0.0,267,True,43.30499588263179,43.30499588263179,False,False,2.231163595390875,11.99713185164767,,,sum_of_two_90pct_reference_radii_KBO_coverage_unknown,estimated_KBO_angle_unvalidated,False,False,unavailable_unseen_stadium_bias
2022,51454,이승현,Left,51.98841547639407,196.90129841119528,-0.038262981599265576,-1.0,-0.030909713356718726,183.0,0.038262981599265576,0.030909713356718726,-0.5168200485489264,1.9120114415602159,0.0,0.0,824,True,52.98759669183896,52.98759669183896,False,False,2.231163595390875,11.99713185164767,,,sum_of_two_90pct_reference_radii_KBO_coverage_unknown,estimated_KBO_angle_unvalidated,False,False,unavailable_unseen_stadium_bias
2022,51516,김진욱,Left,51.850086949243995,188.20578345197742,-0.03980477630277768,-1.0,-0.03120845205383736,185.0,0.03980477630277768,0.03120845205383736,-0.5154645803067328,1.8339681503073508,0.0,0.0,901,False,47.317407109087085,47.317407109087085,False,False,2.231163595390875,11.99713185164767,33.08911166204854,61.54570255612563,sum_of_two_90pct_reference_radii_KBO_coverage_unknown,estimated_KBO_angle_unvalidated,False,False,reference_only_KBO_angle_unvalidated
2022,51586,김창훈,Right,-82.3810421266655,178.35496983101686,0.05426455018696086,-1.0,-0.018680822043488223,185.0,-0.05426455018696086,0.018680822043488223,0.8085296351107039,1.7352235010603647,0.0,0.0,30,False,37.44011423876354,,False,False,,,,,sum_of_two_90pct_reference_radii_KBO_coverage_unknown,withheld_small_sample,False,False,withheld_estimate
2022,51648,이의리,Left,77.08166709598332,183.7033733724464,-0.05492511245933195,-1.0,-0.03164366223169275,185.0,0.05492511245933195,0.03164366223169275,-0.7556527816797649,1.7919739452552421,0.0,0.0,2645,True,41.78785103417032,41.78785103417032,False,False,2.231163595390875,11.99713185164767,,,sum_of_two_90pct_reference_radii_KBO_coverage_unknown,estimated_KBO_angle_unvalidated,False,False,unavailable_unseen_stadium_bias
2022,51668,이승재,Right,-42.39442037600363,179.9648471597201,0.03749963004418525,-1.0,-0.025849747358683145,182.0,-0.03749963004418525,0.025849747358683145,0.4262008728506985,1.7554515039235332,0.0,0.0,18,True,44.56321810316394,,False,False,,,,,sum_of_two_90pct_reference_radii_KBO_coverage_unknown,withheld_small_sample,False,False,withheld_estimate
2022,51713,김규연,Right,-55.13913390968459,180.68183163418018,0.046500101575069404,-1.0,-0.023164370410795422,183.0,-0.046500101575069404,0.023164370410795422,0.548822631699665,1.760073343726847,0.0,0.0,292,True,42.89932506794626,42.89932506794626,False,False,2.231163595390875,11.99713185164767,,,sum_of_two_90pct_reference_radii_KBO_coverage_unknown,estimated_KBO_angle_unvalidated,False,False,unavailable_unseen_stadium_bias
2022,51715,김기중,Left,38.82797094701114,190.35594496520213,-0.03295166644362031,-1.0,-0.031270761591055,186.0,0.03295166644362031,0.031270761591055,-0.3917309366302164,1.8546223113529028,0.0,0.0,248,False,49.67861097846199,49.67861097846199,False,False,2.231163595390875,11.99713185164767,35.45031553142344,63.90690642550054,sum_of_two_90pct_reference_radii_KBO_coverage_unknown,estimated_KBO_angle_unvalidated,False,False,reference_only_KBO_angle_unvalidated
2022,51722,카펜터,Left,79.21352077869095,197.6629658865433,-0.06930845126006603,-1.0,-0.02583543378258825,196.0,0.06930845126006603,0.02583543378258825,-0.782173054064786,1.9195248143637376,0.0,0.0,330,True,43.72316457287181,43.72316457287181,False,False,2.231163595390875,11.99713185164767,,,sum_of_two_90pct_reference_radii_KBO_coverage_unknown,estimated_KBO_angle_unvalidated,False,False,unavailable_unseen_stadium_bias
2022,51809,조요한,Right,-53.4033531910105,184.44877225603588,0.048328746805325624,-1.0,-0.042273686061673046,191.0,-0.048328746805325624,0.042273686061673046,0.5294051706460888,1.8087510887153608,0.0,0.0,334,True,42.132737355848626,42.132737355848626,False,False,2.231163595390875,11.99713185164767,,,sum_of_two_90pct_reference_radii_KBO_coverage_unknown,estimated_KBO_angle_unvalidated,False,False,unavailable_unseen_stadium_bias
2022,51863,폰트,Right,-73.39502660097986,208.96341744861863,0.056168229055485734,-1.0,-0.041277777548744767,193.0,-0.056168229055485734,0.041277777548744767,0.7214674214875816,2.0303540689047592,0.0,0.0,2768,True,52.35131284483496,52.35131284483496,False,False,2.231163595390875,11.99713185164767,,,sum_of_two_90pct_reference_radii_KBO_coverage_unknown,estimated_KBO_angle_unvalidated,False,False,unavailable_unseen_stadium_bias
2022,51867,김건우,Left,32.32745497398897,187.51193390329976,-0.034650824326485544,-1.0,-0.029329134153167423,186.0,0.034650824326485544,0.029329134153167423,-0.33095109731699346,1.8281553255665557,0.0,0.0,62,False,48.950829231922945,,False,False,,,,,sum_of_two_90pct_reference_radii_KBO_coverage_unknown,withheld_small_sample,False,False,withheld_estimate
2022,51895,장지훈,Right,-62.813281123281996,155.43819533659328,0.05917088576372356,-1.0,0.0012570779366090905,177.0,-0.05917088576372356,-0.0012570779366090905,0.626928114737265,1.5138646271065814,0.0,0.0,828,True,29.53795095403835,29.53795095403835,False,False,2.231163595390875,11.99713185164767,,,sum_of_two_90pct_reference_radii_KBO_coverage_unknown,estimated_KBO_angle_unvalidated,False,False,unavailable_unseen_stadium_bias
2022,51948,이용준,Right,-55.49930646080602,180.7626090294331,0.039842108689428245,-1.0,-0.021281344616239383,180.0,-0.039842108689428245,0.021281344616239383,0.5511666777352762,1.7583736673551997,0.0,0.0,466,True,44.28788865809643,44.28788865809643,False,False,2.231163595390875,11.99713185164767,,,sum_of_two_90pct_reference_radii_KBO_coverage_unknown,estimated_KBO_angle_unvalidated,False,False,unavailable_unseen_stadium_bias
2022,51967,파슨스,Right,-55.52327120178358,183.39500931292827,0.04118216235713605,-1.0,-0.02716991268423802,196.0,-0.04118216235713605,0.02716991268423802,0.5528589276129732,1.791529357808194,0.0,0.0,767,False,38.4331137648168,38.4331137648168,False,False,2.231163595390875,11.99713185164767,24.20481831777826,52.66140921185534,sum_of_two_90pct_reference_radii_KBO_coverage_unknown,estimated_KBO_angle_unvalidated,False,False,reference_only_KBO_angle_unvalidated
2022,51994,한재승,Right,-37.13946117623803,183.09916334475946,0.016423393453461263,-1.0,-0.02288572141650197,180.0,-0.016423393453461263,0.02288572141650197,0.3738811823660393,1.78114158692934,0.0,0.0,244,True,47.74741527821155,47.74741527821155,False,False,2.231163595390875,11.99713185164767,,,sum_of_two_90pct_reference_radii_KBO_coverage_unknown,estimated_KBO_angle_unvalidated,False,False,unavailable_unseen_stadium_bias
2022,52043,벤자민,Left,79.39804282605571,194.54639652594184,-0.06131636149621455,-1.0,-0.028299204539506573,188.0,0.06131636149621455,0.028299204539506573,-0.7805386659403097,1.889575784482107,0.0,0.0,1444,True,45.959724462260695,45.959724462260695,False,False,2.231163595390875,11.99713185164767,,,sum_of_two_90pct_reference_radii_KBO_coverage_unknown,estimated_KBO_angle_unvalidated,False,False,unavailable_unseen_stadium_bias
2022,52060,박영현,Right,-49.3507177323177,163.1378477927503,0.041317582214914446,-1.0,-0.02611003754847783,183.0,-0.041317582214914446,0.02611003754847783,0.49152102690640054,1.6027175429264215,0.0,0.0,927,True,33.967045077227496,33.967045077227496,False,False,2.231163595390875,11.99713185164767,,,sum_of_two_90pct_reference_radii_KBO_coverage_unknown,estimated_KBO_angle_unvalidated,False,False,unavailable_unseen_stadium_bias
2022,52063,이상우,Right,-47.33300861261566,186.69022454816567,0.0262557986675657,-1.0,-0.037213610334032435,190.0,-0.0262557986675657,0.037213610334032435,0.46986814334190363,1.8254582609420276,0.0,0.0,40,False,44.33500461611442,,False,False,,,,,sum_of_two_90pct_reference_radii_KBO_coverage_unknown,withheld_small_sample,False,False,withheld_estimate
2022,52119,허준혁,Right,-13.098155156433407,184.88889247141418,0.01912618113002847,-1.0,-0.03317240594755962,180.0,-0.01912618113002847,0.03317240594755962,0.1448624419193088,1.8053993342508563,0.0,0.0,95,False,52.04796163906884,,False,False,,,,,sum_of_two_90pct_reference_radii_KBO_coverage_unknown,withheld_small_sample,False,False,withheld_estimate
2022,52140,김주완,Left,19.15938954871878,204.00181723882474,-0.01811862910198067,-1.0,-0.05269153179734662,189.0,0.01811862910198067,0.05269153179734662,-0.19961153350716412,1.9934212770317943,0.0,0.0,12,False,58.863932000748456,,False,False,,,,,sum_of_two_90pct_reference_radii_KBO_coverage_unknown,withheld_small_sample,False,False,withheld_estimate
2022,52145,플럿코,Right,-44.71255189972458,186.650447440165,0.03310752019169072,-1.0,-0.023706832816874593,190.0,-0.03310752019169072,0.023706832816874593,0.4496399590025787,1.817429633951747,0.0,0.0,2572,True,44.10360569943199,44.10360569943199,False,False,2.231163595390875,11.99713185164767,,,sum_of_two_90pct_reference_radii_KBO_coverage_unknown,estimated_KBO_angle_unvalidated,False,False,unavailable_unseen_stadium_bias
2022,52149,조원태,Left,64.4708583836325,180.1399009856242,-0.051852071151040666,-1.0,-0.03571573066613946,186.0,0.051852071151040666,0.03571573066613946,-0.6350277175781576,1.7632158779291969,0.0,0.0,65,True,41.044964582885015,,False,False,,,,,sum_of_two_90pct_reference_radii_KBO_coverage_unknown,withheld_small_sample,False,False,withheld_estimate
2022,52204,이병헌,Left,38.34848841469837,176.3202518965901,-0.02974511807735116,-1.0,-0.02053733743625305,183.0,0.02974511807735116,0.02053733743625305,-0.3880620973910561,1.7195638581586121,0.0,0.0,124,False,43.15645683289884,43.15645683289884,False,False,2.231163595390875,11.99713185164767,28.928161385860296,57.38475227993739,sum_of_two_90pct_reference_radii_KBO_coverage_unknown,estimated_KBO_angle_unvalidated,False,False,reference_only_KBO_angle_unvalidated
2022,52206,최지강,Right,-46.90006440717921,171.16167867297358,0.03879649587916039,-1.0,-0.022304240628769106,180.0,-0.03879649587916039,0.022304240628769106,0.46896798777666454,1.6723634686427684,0.0,0.0,56,False,39.9367554268413,,False,False,,,,,sum_of_two_90pct_reference_radii_KBO_coverage_unknown,withheld_small_sample,False,False,withheld_estimate
2022,52234,스탁,Right,-29.972809289441905,170.32164243258205,0.026685341283876,-1.0,-0.019765630477255595,185.0,-0.026685341283876,0.019765630477255595,0.30865726551033523,1.6658321903568558,0.0,0.0,2880,True,39.264077062268626,39.264077062268626,False,False,2.231163595390875,11.99713185164767,,,sum_of_two_90pct_reference_radii_KBO_coverage_unknown,estimated_KBO_angle_unvalidated,False,False,unavailable_unseen_stadium_bias
2022,52257,브랜든,Left,68.38394320569718,191.0729046937412,-0.05034507059949633,-1.0,-0.025229354072047138,190.0,0.05034507059949633,0.025229354072047138,-0.6757147158812947,1.8573440266452708,0.0,0.0,1102,True,44.260043053672476,44.260043053672476,False,False,2.231163595390875,11.99713185164767,,,sum_of_two_90pct_reference_radii_KBO_coverage_unknown,estimated_KBO_angle_unvalidated,False,False,unavailable_unseen_stadium_bias
2022,52308,애플러,Right,-38.43935797684067,183.7959363134966,0.03327987138162836,-1.0,-0.0315502882523123,196.0,-0.03327987138162836,0.0315502882523123,0.38925031503214574,1.7987846177930775,0.0,0.0,2367,True,40.94813992146349,40.94813992146349,False,False,2.231163595390875,11.99713185164767,,,sum_of_two_90pct_reference_radii_KBO_coverage_unknown,estimated_KBO_angle_unvalidated,False,False,unavailable_unseen_stadium_bias
2022,52330,주승우,Right,-65.99263834326403,169.03091289026077,0.04177685543691088,-1.0,-0.03185360547550812,180.0,-0.04177685543691088,0.03185360547550812,0.6471176292844996,1.6574216608071692,0.0,0.0,101,False,36.88386974462893,36.88386974462893,False,False,2.231163595390875,11.99713185164767,22.655574297590388,51.11216519166747,sum_of_two_90pct_reference_radii_KBO_coverage_unknown,estimated_KBO_angle_unvalidated,False,False,reference_only_KBO_angle_unvalidated
2022,52391,송정인,Right,-68.81879791447261,162.1700167316684,0.04988227901083232,-1.0,-0.009131431376296621,187.0,-0.04988227901083232,0.009131431376296621,0.6815475209738031,1.5840415085964288,0.0,0.0,50,False,28.548816152515727,,False,False,,,,,sum_of_two_90pct_reference_radii_KBO_coverage_unknown,withheld_small_sample,False,False,withheld_estimate
2022,52394,노운현,Right,-108.82378972698162,62.37368957797921,0.06821166524983167,-1.0,0.09303182786511345,184.0,-0.06821166524983167,-0.09303182786511345,1.08131798305815,0.6129528033012418,0.0,0.0,89,False,-37.15274922812333,,False,False,,,,,sum_of_two_90pct_reference_radii_KBO_coverage_unknown,withheld_small_sample,False,False,withheld_estimate
2022,52397,이명종,Right,-40.780215510259175,163.61152096390762,0.039947809510769254,-1.0,-0.008156742823679604,180.0,-0.039947809510769254,0.008156742823679604,0.41449846429060083,1.595796513185328,0.0,0.0,478,False,35.93870384348761,35.93870384348761,False,False,2.231163595390875,11.99713185164767,21.710408396449065,50.16699929052615,sum_of_two_90pct_reference_radii_KBO_coverage_unknown,estimated_KBO_angle_unvalidated,False,False,reference_only_KBO_angle_unvalidated
2022,52457,수아레즈,Right,-46.25850864551085,190.51168467835714,0.04456667506720086,-1.0,-0.032746657764168706,190.0,-0.04456667506720086,0.032746657764168706,0.4639950944442315,1.8581731738067684,0.0,0.0,2853,True,46.35470179937566,46.35470179937566,False,False,2.231163595390875,11.99713185164767,,,sum_of_two_90pct_reference_radii_KBO_coverage_unknown,estimated_KBO_angle_unvalidated,False,False,unavailable_unseen_stadium_bias
2022,52460,김서준,Right,-53.499660308942026,159.97242504889888,0.04712695686473818,-1.0,-0.014584155969929687,183.0,-0.04712695686473818,0.014584155969929687,0.5343335672702195,1.566951456984112,0.0,0.0,66,True,31.22630035984913,,False,False,,,,,sum_of_two_90pct_reference_radii_KBO_coverage_unknown,withheld_small_sample,False,False,withheld_estimate
2022,52528,반즈,Left,61.28279094675084,174.11904238416787,-0.056418526024321874,-1.0,-0.014181642937577971,189.0,0.056418526024321874,0.014181642937577971,-0.6112282157947267,1.697083036531685,0.0,0.0,2941,True,35.99272969698846,35.99272969698846,False,False,2.231163595390875,11.99713185164767,,,sum_of_two_90pct_reference_radii_KBO_coverage_unknown,estimated_KBO_angle_unvalidated,False,False,unavailable_unseen_stadium_bias
2022,52530,이민석,Right,-55.98054636126883,194.5904555327941,0.036905210018098496,-1.0,-0.04411820212460636,189.0,-0.036905210018098496,0.04411820212460636,0.5517650258373912,1.9007151424621773,0.0,0.0,607,False,48.39573400798088,48.39573400798088,False,False,2.231163595390875,11.99713185164767,34.16743856094233,62.624029455019425,sum_of_two_90pct_reference_radii_KBO_coverage_unknown,estimated_KBO_angle_unvalidated,False,False,reference_only_KBO_angle_unvalidated
2022,52557,스파크맨,Right,-60.94471148002159,167.9819599719336,0.04286033451094643,-1.0,-0.016916846708144112,189.0,-0.04286033451094643,0.016916846708144112,0.6048143590498396,1.642553860418593,0.0,0.0,1549,True,32.15588740456457,32.15588740456457,False,False,2.231163595390875,11.99713185164767,,,sum_of_two_90pct_reference_radii_KBO_coverage_unknown,estimated_KBO_angle_unvalidated,False,False,unavailable_unseen_stadium_bias
2022,52558,진승현,Right,-25.36759686682043,180.538941837913,0.021275540969740468,-1.0,-0.022721197312534355,184.0,-0.021275540969740468,0.022721197312534355,0.2640521647993576,1.760222828025519,0.0,0.0,202,False,45.9164257954601,45.9164257954601,False,False,2.231163595390875,11.99713185164767,31.688130348421556,60.14472124249865,sum_of_two_90pct_reference_radii_KBO_coverage_unknown,estimated_KBO_angle_unvalidated,False,False,reference_only_KBO_angle_unvalidated
2022,52606,파노니,Left,73.26499342351867,174.76380092796634,-0.050130042171994134,-1.0,-0.01698314271549855,185.0,0.050130042171994134,0.01698314271549855,-0.7220272794361302,1.7021170658463969,0.0,0.0,1384,True,36.69207415650724,36.69207415650724,False,False,2.231163595390875,11.99713185164767,,,sum_of_two_90pct_reference_radii_KBO_coverage_unknown,estimated_KBO_angle_unvalidated,False,False,unavailable_unseen_stadium_bias
2022,52637,놀린,Left,41.07378464454658,183.00050063522286,-0.04139314356834047,-1.0,-0.01737383790228442,193.0,0.04139314356834047,0.01737383790228442,-0.4184660613021909,1.7820830460586456,0.0,0.0,1987,True,41.85874371745769,41.85874371745769,False,False,2.231163595390875,11.99713185164767,,,sum_of_two_90pct_reference_radii_KBO_coverage_unknown,estimated_KBO_angle_unvalidated,False,False,unavailable_unseen_stadium_bias
2022,52639,최지민,Left,73.86477442457635,168.79582320894912,-0.06585069530119432,-1.0,-0.02319661818973552,185.0,0.06585069530119432,0.02319661818973552,-0.7282307922853027,1.6520863921543918,0.0,0.0,142,True,33.55049559148075,33.55049559148075,False,False,2.231163595390875,11.99713185164767,,,sum_of_two_90pct_reference_radii_KBO_coverage_unknown,estimated_KBO_angle_unvalidated,False,False,unavailable_unseen_stadium_bias
2022,52645,로니,Right,-41.09386262185107,169.4692756358482,0.0412851327069112,-1.0,-0.021524118005761348,184.0,-0.0412851327069112,0.021524118005761348,0.415290402258911,1.6584471101434084,0.0,0.0,824,True,37.86950878358763,37.86950878358763,False,False,2.231163595390875,11.99713185164767,,,sum_of_two_90pct_reference_radii_KBO_coverage_unknown,estimated_KBO_angle_unvalidated,False,False,unavailable_unseen_stadium_bias
2022,52701,문동주,Right,-59.126306928868814,189.18617617786072,0.03847993758939755,-1.0,-0.03615918324796682,188.0,-0.03847993758939755,0.03615918324796682,0.5832314781874397,1.8463259771071607,0.0,0.0,482,False,45.257014016006366,45.257014016006366,False,False,2.231163595390875,11.99713185164767,31.02871856896782,59.48530946304491,sum_of_two_90pct_reference_radii_KBO_coverage_unknown,estimated_KBO_angle_unvalidated,False,False,reference_only_KBO_angle_unvalidated
2022,52707,라미레즈,Right,-21.584936095805844,184.48785976895556,0.013620175056257039,-1.0,-0.030192800538368644,188.0,-0.013620175056257039,0.030192800538368644,0.22612821603104039,1.8020134088617057,0.0,0.0,1057,True,46.98724359652681,46.98724359652681,False,False,2.231163595390875,11.99713185164767,,,sum_of_two_90pct_reference_radii_KBO_coverage_unknown,estimated_KBO_angle_unvalidated,False,False,unavailable_unseen_stadium_bias
2022,52715,이재민,Right,-128.27668636563553,50.28599482588966,0.0726730938374178,-1.0,0.09900639979180197,188.0,-0.0726730938374178,-0.09900639979180197,1.2670681629276606,0.4997133390533108,0.0,0.0,55,False,-48.65957318802489,,False,False,,,,,sum_of_two_90pct_reference_radii_KBO_coverage_unknown,withheld_small_sample,False,False,withheld_estimate
2022,52720,페냐,Right,-71.66937697965045,192.90233235965945,0.05576978197840912,-1.0,-0.03852448942051496,188.0,-0.05576978197840912,0.03852448942051496,0.7040060771606294,1.8811435354325712,0.0,0.0,1209,True,46.070194353730464,46.070194353730464,False,False,2.231163595390875,11.99713185164767,,,sum_of_two_90pct_reference_radii_KBO_coverage_unknown,estimated_KBO_angle_unvalidated,False,False,unavailable_unseen_stadium_bias
2022,52731,박준영,Right,-39.09053493536022,191.50429436765114,0.021448524597590207,-1.0,-0.03565185748914033,190.0,-0.021448524597590207,0.03565185748914033,0.3919941981030763,1.8687023942616519,0.0,0.0,216,False,47.846419011207296,47.846419011207296,False,False,2.231163595390875,11.99713185164767,33.618123564168755,62.074714458245836,sum_of_two_90pct_reference_radii_KBO_coverage_unknown,estimated_KBO_angle_unvalidated,False,False,reference_only_KBO_angle_unvalidated
2022,52808,모리만도,Left,60.91194182837834,186.13590299903703,-0.041828164866840774,-1.0,-0.024823514713212626,182.0,0.041828164866840774,0.024823514713212626,-0.6023348026754054,1.809683550010695,0.0,0.0,1170,True,46.235054766879394,46.235054766879394,False,False,2.231163595390875,11.99713185164767,,,sum_of_two_90pct_reference_radii_KBO_coverage_unknown,estimated_KBO_angle_unvalidated,False,False,unavailable_unseen_stadium_bias
2022,52809,전영준,Right,-64.54461368693175,172.81212482429555,0.04949857415692325,-1.0,-0.028525637447362834,190.0,-0.04949857415692325,0.028525637447362834,0.6373653807414867,1.693684672802171,0.0,0.0,110,True,34.37701919605226,34.37701919605226,False,False,2.231163595390875,11.99713185164767,,,sum_of_two_90pct_reference_radii_KBO_coverage_unknown,estimated_KBO_angle_unvalidated,False,False,unavailable_unseen_stadium_bias
2022,52833,노바,Right,-71.619935436335,196.7446387175418,0.0627754783198915,-1.0,-0.034618766031571935,193.0,-0.0627754783198915,0.034618766031571935,0.7066859022366592,1.915716172086716,0.0,0.0,1046,True,45.5452884985949,45.5452884985949,False,False,2.231163595390875,11.99713185164767,,,sum_of_two_90pct_reference_radii_KBO_coverage_unknown,estimated_KBO_angle_unvalidated,False,False,unavailable_unseen_stadium_bias
2022,52867,윤태현,Right,-94.9021646530263,63.386843834087784,0.08141255024026778,-1.0,0.05803350673403749,189.0,-0.08141255024026778,-0.05803350673403749,0.9439809879196486,0.6463160609696021,0.0,0.0,53,False,-33.98434290167174,,False,False,,,,,sum_of_two_90pct_reference_radii_KBO_coverage_unknown,withheld_small_sample,False,False,withheld_estimate
2022,52873,신헌민,Right,-53.07905671811612,178.33172307982863,0.03752272123311594,-1.0,-0.010018402608096135,187.0,-0.03752272123311594,0.010018402608096135,0.5317888042045098,1.7321379888312252,0.0,0.0,20,False,39.43110912460486,,False,False,,,,,sum_of_two_90pct_reference_radii_KBO_coverage_unknown,withheld_small_sample,False,False,withheld_estimate
2022,52903,조민석,Right,-41.733975535255276,176.07234243613726,0.04071786682237885,-1.0,-0.025515163342034422,180.0,-0.04071786682237885,0.025515163342034422,0.4199955979321073,1.7193339862041255,0.0,0.0,323,True,43.41764324542351,43.41764324542351,False,False,2.231163595390875,11.99713185164767,,,sum_of_two_90pct_reference_radii_KBO_coverage_unknown,estimated_KBO_angle_unvalidated,False,False,unavailable_unseen_stadium_bias
2022,52950,더모디,Left,36.35207629395756,190.54432253762297,-0.03407267304740574,-1.0,-0.019620822487992542,196.0,0.03407267304740574,0.019620822487992542,-0.3731181165019093,1.8531292440358702,0.0,0.0,743,False,45.226238509299485,45.226238509299485,False,False,2.231163595390875,11.99713185164767,30.99794306226094,59.454533956338025,sum_of_two_90pct_reference_radii_KBO_coverage_unknown,estimated_KBO_angle_unvalidated,False,False,reference_only_KBO_angle_unvalidated
2022,52994,박동수,Right,-70.24791842326913,147.9087210294081,0.04135987105185551,-1.0,-0.003924620851790467,177.0,-0.04135987105185551,0.003924620851790467,0.6925076290773687,1.4474443075509218,0.0,0.0,319,True,24.5034854877357,24.5034854877357,False,False,2.231163595390875,11.99713185164767,,,sum_of_two_90pct_reference_radii_KBO_coverage_unknown,estimated_KBO_angle_unvalidated,False,False,unavailable_unseen_stadium_bias
2022,60140,신정락,Right,-69.66681646530212,98.08540357143505,0.053212750340973086,-1.0,0.05875812086965792,178.0,-0.053212750340973086,-0.05875812086965792,0.7018618793815176,0.9581178028674893,0.0,0.0,744,True,-7.010145404772885,-7.010145404772885,False,False,2.231163595390875,11.99713185164767,,,sum_of_two_90pct_reference_radii_KBO_coverage_unknown,estimated_KBO_angle_unvalidated,False,False,unavailable_unseen_stadium_bias
2022,60146,이승현,Right,-9.090626060636481,190.40342625092006,0.016815839990708712,-1.0,-0.03684853290603078,181.0,-0.016815839990708712,0.03684853290603078,0.10623780936898175,1.8582667480330133,0.0,0.0,860,True,55.178320593390794,55.178320593390794,False,False,2.231163595390875,11.99713185164767,,,sum_of_two_90pct_reference_radii_KBO_coverage_unknown,estimated_KBO_angle_unvalidated,False,False,unavailable_unseen_stadium_bias
2022,60181,김지용,Right,0.5425250397888528,162.89107960746168,0.00582064135930928,-1.0,-0.009597268339729865,174.0,-0.00582064135930928,0.009597268339729865,0.017631486547209557,1.5898979965225208,0.0,0.22429906542056074,321,True,43.829174576886686,43.829174576886686,False,False,2.231163595390875,11.99713185164767,,,sum_of_two_90pct_reference_radii_KBO_coverage_unknown,estimated_KBO_angle_unvalidated,False,False,unavailable_unseen_stadium_bias
2022,60263,이재학,Right,-79.12470394330337,153.14179718538134,0.0702607838689842,-1.0,-0.0008868987708569755,181.0,-0.0702607838689842,0.0008868987708569755,0.7826221306331893,1.4948732993895852,0.0,0.0,1617,True,24.53380771145128,24.53380771145128,False,False,2.231163595390875,11.99713185164767,,,sum_of_two_90pct_reference_radii_KBO_coverage_unknown,estimated_KBO_angle_unvalidated,False,False,unavailable_unseen_stadium_bias
2022,60336,문성현,Right,-10.770968717609312,175.06482764847237,0.0054930275027260875,-1.0,-0.03199558036281452,182.0,-0.0054930275027260875,0.03199558036281452,0.12074566699553656,1.715888941734539,0.0,0.0,692,True,46.154290895683395,46.154290895683395,False,False,2.231163595390875,11.99713185164767,,,sum_of_two_90pct_reference_radii_KBO_coverage_unknown,estimated_KBO_angle_unvalidated,False,False,unavailable_unseen_stadium_bias
2022,60337,김대유,Left,115.27036042322034,141.52150982405567,-0.08505009981917827,-1.0,0.013628919363853376,187.0,0.08505009981917827,-0.013628919363853376,-1.1301050457871573,1.3805942329998004,0.0,0.0,694,True,10.4404771560447,10.4404771560447,False,False,2.231163595390875,11.99713185164767,,,sum_of_two_90pct_reference_radii_KBO_coverage_unknown,estimated_KBO_angle_unvalidated,False,False,unavailable_unseen_stadium_bias
2022,60339,김건태,Right,-73.28001503835605,167.77299724305445,0.058849505274665384,-1.0,-0.019027633815154568,185.0,-0.058849505274665384,0.019027633815154568,0.722596113833502,1.6401161483615811,0.0,0.0,336,False,32.461977562087775,32.461977562087775,False,False,2.231163595390875,11.99713185164767,18.23368211504923,46.690273009126315,sum_of_two_90pct_reference_radii_KBO_coverage_unknown,estimated_KBO_angle_unvalidated,False,False,reference_only_KBO_angle_unvalidated
2022,60559,박시영,Right,-16.717381496988228,186.6234718041723,0.015319706709014709,-1.0,-0.025706034416582237,181.0,-0.015319706709014709,0.025706034416582237,0.18058849378807443,1.8166563038659802,0.0,0.0,232,True,51.77362431395546,51.77362431395546,False,False,2.231163595390875,11.99713185164767,,,sum_of_two_90pct_reference_radii_KBO_coverage_unknown,estimated_KBO_angle_unvalidated,False,False,unavailable_unseen_stadium_bias
2022,60768,이태양,Right,-25.269592887591596,194.28027447406222,0.02863577679951605,-1.0,-0.029668573835810702,192.0,-0.02863577679951605,0.029668573835810702,0.264676828108534,1.8922932615914265,0.0,0.0,1712,True,49.845730617183406,49.845730617183406,False,False,2.231163595390875,11.99713185164767,,,sum_of_two_90pct_reference_radii_KBO_coverage_unknown,estimated_KBO_angle_unvalidated,False,False,unavailable_unseen_stadium_bias
2022,60841,박종훈,Right,-49.056113869896635,36.15290093043998,0.03477470153500439,-1.0,0.09999501664628958,186.0,-0.03477470153500439,-0.09999501664628958,0.5122785041312377,0.37458533146231143,0.0,0.0,895,True,-41.22387261725022,-41.22387261725022,False,False,2.231163595390875,11.99713185164767,,,sum_of_two_90pct_reference_radii_KBO_coverage_unknown,estimated_KBO_angle_unvalidated,False,False,unavailable_unseen_stadium_bias
2022,61101,임찬규,Right,-30.535596481718926,173.74298838176284,0.02945715684840856,-1.0,-0.012409568145628262,185.0,-0.02945715684840856,0.012409568145628262,0.31648774795513707,1.692560057251884,0.0,0.0,1688,False,40.745413206479114,40.745413206479114,False,False,2.231163595390875,11.99713185164767,26.51711775944057,54.97370865351766,sum_of_two_90pct_reference_radii_KBO_coverage_unknown,estimated_KBO_angle_unvalidated,False,False,reference_only_KBO_angle_unvalidated
2022,61145,이우찬,Left,60.7058313754811,185.67640342275877,-0.0436981155981901,-1.0,-0.02243938006691055,185.0,0.0436981155981901,0.02243938006691055,-0.6017459053151267,1.8052232078760921,0.0,0.0,706,True,44.491030215439416,44.491030215439416,False,False,2.231163595390875,11.99713185164767,,,sum_of_two_90pct_reference_radii_KBO_coverage_unknown,estimated_KBO_angle_unvalidated,False,False,unavailable_unseen_stadium_bias
2022,61156,송윤준,Left,94.14807217208373,168.95541521743183,-0.08875078569870282,-1.0,-0.0009603459740344794,186.0,0.08875078569870282,0.0009603459740344794,-0.9291421069104859,1.6398473588729556,0.0,0.0,72,False,29.761890767316544,,False,False,,,,,sum_of_two_90pct_reference_radii_KBO_coverage_unknown,withheld_small_sample,False,False,withheld_estimate
2022,61268,양현,Right,-108.05115781359805,93.09761967963537,0.062342479964700596,-1.0,0.047143481432459104,189.0,-0.062342479964700596,-0.047143481432459104,1.0641730914472276,0.9211506120147029,0.0,0.0,611,True,-18.838257456456255,-18.838257456456255,False,False,2.231163595390875,11.99713185164767,,,sum_of_two_90pct_reference_radii_KBO_coverage_unknown,estimated_KBO_angle_unvalidated,False,False,unavailable_unseen_stadium_bias
2022,61295,강동연,Right,-48.040805720428786,192.96513331576884,0.038136477555217665,-1.0,-0.031186322665177048,195.0,-0.038136477555217665,0.031186322665177048,0.48115767272630944,1.8809626265599388,0.0,0.0,157,False,45.05526056781664,45.05526056781664,False,False,2.231163595390875,11.99713185164767,30.826965120778095,59.28355601485518,sum_of_two_90pct_reference_radii_KBO_coverage_unknown,estimated_KBO_angle_unvalidated,False,False,reference_only_KBO_angle_unvalidated
2022,61365,김대우,Right,-65.44749945865372,49.895951641937664,0.04628129141916431,-1.0,0.08003201554066165,183.0,-0.04628129141916431,-0.08003201554066165,0.6641404537451633,0.5094845118900379,0.0,0.0,59,False,-35.59246089344947,,False,False,,,,,sum_of_two_90pct_reference_radii_KBO_coverage_unknown,withheld_small_sample,False,False,withheld_estimate
2022,61396,박정준,Right,-38.52746608415958,177.33422781471816,0.023223500308101663,-1.0,-0.006203238723388647,184.0,-0.023223500308101663,0.006203238723388647,0.39257986608909506,1.72032914141395,0.0,0.0,172,False,41.88631781183789,41.88631781183789,False,False,2.231163595390875,11.99713185164767,27.658022364799347,56.11461325887643,sum_of_two_90pct_reference_radii_KBO_coverage_unknown,estimated_KBO_angle_unvalidated,False,False,reference_only_KBO_angle_unvalidated
2022,61411,심창민,Right,-88.01874062996725,124.1566313443371,0.056862031801555274,-1.0,0.01064178746622735,185.0,-0.056862031801555274,-0.01064178746622735,0.8662271140573615,1.2250030950658246,0.0,0.0,158,False,4.6665019124481475,4.6665019124481475,False,False,2.231163595390875,11.99713185164767,-9.561793534590397,18.89479735948669,sum_of_two_90pct_reference_radii_KBO_coverage_unknown,estimated_KBO_angle_unvalidated,False,False,reference_only_KBO_angle_unvalidated
2022,61643,홍건희,Right,-53.9157142422628,182.84112643609117,0.03691220133387564,-1.0,-0.034484900608336276,187.0,-0.03691220133387564,0.034484900608336276,0.5336640522334066,1.787659671597665,0.0,0.0,1001,True,42.770426204461465,42.770426204461465,False,False,2.231163595390875,11.99713185164767,,,sum_of_two_90pct_reference_radii_KBO_coverage_unknown,estimated_KBO_angle_unvalidated,False,False,unavailable_unseen_stadium_bias
2022,61666,한승혁,Right,-49.466964374277,180.66476563209358,0.04325636301789464,-1.0,-0.02622045735196654,185.0,-0.04325636301789464,0.02622045735196654,0.4943107460772252,1.7627658387053846,0.0,0.0,1366,True,42.71345290459601,42.71345290459601,False,False,2.231163595390875,11.99713185164767,,,sum_of_two_90pct_reference_radii_KBO_coverage_unknown,estimated_KBO_angle_unvalidated,False,False,unavailable_unseen_stadium_bias
2022,61895,서진용,Right,-39.68686496857989,184.30642200834953,0.03071163963524426,-1.0,-0.03284572509064413,184.0,-0.03071163963524426,0.03284572509064413,0.39838529096497727,1.7997643519667947,0.0,0.0,1148,True,46.59733529559944,46.59733529559944,False,False,2.231163595390875,11.99713185164767,,,sum_of_two_90pct_reference_radii_KBO_coverage_unknown,estimated_KBO_angle_unvalidated,False,False,unavailable_unseen_stadium_bias
2022,62146,최성훈,Left,67.15868859014887,167.18585838792922,-0.0425913462274119,-1.0,0.001992023405276801,178.0,0.0425913462274119,-0.001992023405276801,-0.6664021789091612,1.619642476970359,0.0,0.0,491,True,35.651490449554935,35.651490449554935,False,False,2.231163595390875,11.99713185164767,,,sum_of_two_90pct_reference_radii_KBO_coverage_unknown,estimated_KBO_angle_unvalidated,False,False,unavailable_unseen_stadium_bias
2022,62242,윤명준,Right,-64.6390615554486,177.86148741696928,0.04791559977560587,-1.0,-0.012459547178399845,178.0,-0.04791559977560587,0.012459547178399845,0.6404581739271753,1.7256253524219345,0.0,0.0,396,False,42.278311318682576,42.278311318682576,False,False,2.231163595390875,11.99713185164767,28.05001587164403,56.506606765721116,sum_of_two_90pct_reference_radii_KBO_coverage_unknown,estimated_KBO_angle_unvalidated,False,False,reference_only_KBO_angle_unvalidated
2022,62360,김태훈,Right,-28.050923083019423,184.62357855611765,0.029121391775825956,-1.0,-0.030358712683208534,187.0,-0.029121391775825956,0.030358712683208534,0.2894260010158971,1.803020966117594,0.0,0.0,694,True,46.695594845195174,46.695594845195174,False,False,2.231163595390875,11.99713185164767,,,sum_of_two_90pct_reference_radii_KBO_coverage_unknown,estimated_KBO_angle_unvalidated,False,False,unavailable_unseen_stadium_bias
2022,62363,한현희,Right,-99.47715574742253,129.5069914992837,0.07938482775859239,-1.0,0.010333519212616287,182.0,-0.07938482775859239,-0.010333519212616287,0.9777302113878525,1.2726198714838624,0.0,0.0,1338,False,7.4323023022355414,7.4323023022355414,False,False,2.231163595390875,11.99713185164767,-6.795993144803003,21.660597749274086,sum_of_two_90pct_reference_radii_KBO_coverage_unknown,estimated_KBO_angle_unvalidated,False,False,reference_only_KBO_angle_unvalidated
2022,62528,김원중,Right,-58.17249283249413,191.67927489749997,0.050950584590157035,-1.0,-0.03069643568855944,192.0,-0.050950584590157035,0.03069643568855944,0.5783889247223374,1.8675991090005188,0.0,0.0,732,True,44.5851108663755,44.5851108663755,False,False,2.231163595390875,11.99713185164767,,,sum_of_two_90pct_reference_radii_KBO_coverage_unknown,estimated_KBO_angle_unvalidated,False,False,unavailable_unseen_stadium_bias
2022,62611,임준섭,Left,49.25302944804271,191.13005211126708,-0.0376920798152034,-1.0,-0.020557601427670807,181.0,0.0376920798152034,0.020557601427670807,-0.4928518476643337,1.852862310227081,0.0,0.0,70,False,50.714418064415696,,False,False,,,,,sum_of_two_90pct_reference_radii_KBO_coverage_unknown,withheld_small_sample,False,False,withheld_estimate
2022,62754,임기영,Right,-81.40473585532206,140.51104158722725,0.06952744372708367,-1.0,0.010212503807266194,184.0,-0.06952744372708367,-0.010212503807266194,0.8065437430912437,1.3743662419800717,0.0,0.0,2081,True,15.273444977367138,15.273444977367138,False,False,2.231163595390875,11.99713185164767,,,sum_of_two_90pct_reference_radii_KBO_coverage_unknown,estimated_KBO_angle_unvalidated,False,False,unavailable_unseen_stadium_bias
2022,62869,문승원,Right,-58.515023185243095,169.360943529851,0.04586236834867368,-1.0,-0.02535778942176326,180.0,-0.04586236834867368,0.02535778942176326,0.5788446423104066,1.65721239093937,0.0,0.0,449,True,37.670586371716226,37.670586371716226,False,False,2.231163595390875,11.99713185164767,,,sum_of_two_90pct_reference_radii_KBO_coverage_unknown,estimated_KBO_angle_unvalidated,False,False,unavailable_unseen_stadium_bias
2022,62920,노건우,Left,40.551851039029565,164.045921055205,-0.04697484273098958,-1.0,-0.033331479063915356,182.0,0.04697484273098958,0.033331479063915356,-0.40741905958916114,1.615759075480639,0.0,0.0,46,False,37.164856270945585,,False,False,,,,,sum_of_two_90pct_reference_radii_KBO_coverage_unknown,withheld_small_sample,False,False,withheld_estimate
2022,62937,신재영,Right,-65.58606236730976,133.776714591341,0.05131207176121177,-1.0,0.011418749995056763,185.0,-0.05131207176121177,-0.011418749995056763,0.6543807898703515,1.3133887139652172,0.0,0.0,81,False,13.16852812736051,,False,False,,,,,sum_of_two_90pct_reference_radii_KBO_coverage_unknown,withheld_small_sample,False,False,withheld_estimate
2022,62951,이형범,Right,-35.86616838243375,165.66462315442584,0.03567744009662812,-1.0,-0.0078868931683543,181.0,-0.03567744009662812,0.0078868931683543,0.3677916766927378,1.6148613694118736,0.0,0.0,549,True,37.25185607559502,37.25185607559502,False,False,2.231163595390875,11.99713185164767,,,sum_of_two_90pct_reference_radii_KBO_coverage_unknown,estimated_KBO_angle_unvalidated,False,False,unavailable_unseen_stadium_bias
2022,63145,배재준,Right,-50.63323560667914,187.33690008387907,0.038466577491156465,-1.0,-0.024165000731073527,188.0,-0.038466577491156465,0.024165000731073527,0.5059828860503658,1.8229710194976854,0.0,0.0,551,True,44.73585011781394,44.73585011781394,False,False,2.231163595390875,11.99713185164767,,,sum_of_two_90pct_reference_radii_KBO_coverage_unknown,estimated_KBO_angle_unvalidated,False,False,unavailable_unseen_stadium_bias
2022,63248,함덕주,Left,66.42728000440887,180.78921725331404,-0.05532002854080271,-1.0,-0.03310536380573935,181.0,0.05532002854080271,0.03310536380573935,-0.6539404495732158,1.7657478769366386,0.0,0.0,237,True,43.40268447904237,43.40268447904237,False,False,2.231163595390875,11.99713185164767,,,sum_of_two_90pct_reference_radii_KBO_coverage_unknown,estimated_KBO_angle_unvalidated,False,False,unavailable_unseen_stadium_bias
2022,63464,윤대경,Right,-69.02573432378284,184.4204050683098,0.04579954189474576,-1.0,-0.01896472390954125,179.0,-0.04579954189474576,0.01896472390954125,0.680452381559138,1.7890655187160776,0.0,0.0,1240,True,45.34557995022472,45.34557995022472,False,False,2.231163595390875,11.99713185164767,,,sum_of_two_90pct_reference_radii_KBO_coverage_unknown,estimated_KBO_angle_unvalidated,False,False,unavailable_unseen_stadium_bias
2022,63492,이재익,Left,51.149555739860254,181.0978612008878,-0.045230454964260175,-1.0,-0.017421566360073196,180.0,0.045230454964260175,0.017421566360073196,-0.5119584500249628,1.759602606945219,0.0,0.0,541,True,45.305698805645626,45.305698805645626,False,False,2.231163595390875,11.99713185164767,,,sum_of_two_90pct_reference_radii_KBO_coverage_unknown,estimated_KBO_angle_unvalidated,False,False,unavailable_unseen_stadium_bias
2022,63543,구승민,Right,-44.255141719814155,172.60662970003608,0.04285423684741315,-1.0,-0.02446785845658095,182.0,-0.04285423684741315,0.02446785845658095,0.44450657150708023,1.6878188544548751,0.0,0.0,1045,True,40.22136875942405,40.22136875942405,False,False,2.231163595390875,11.99713185164767,,,sum_of_two_90pct_reference_radii_KBO_coverage_unknown,estimated_KBO_angle_unvalidated,False,False,unavailable_unseen_stadium_bias
2022,63628,고영창,Right,-65.5999359306092,176.62820219483677,0.05145770911385997,-1.0,-0.008855013905711405,189.0,-0.05145770911385997,0.008855013905711405,0.6527036956445004,1.7162133518828653,0.0,0.0,348,True,36.038399973791904,36.038399973791904,False,False,2.231163595390875,11.99713185164767,,,sum_of_two_90pct_reference_radii_KBO_coverage_unknown,estimated_KBO_angle_unvalidated,False,False,unavailable_unseen_stadium_bias
2022,63638,박준표,Right,-55.62416861339813,128.11521282132557,0.04107041588794001,-1.0,0.02936195861172247,181.0,-0.04107041588794001,-0.02936195861172247,0.5622731030886268,1.250199568881646,0.0,0.0,361,True,12.248572757991845,12.248572757991845,False,False,2.231163595390875,11.99713185164767,,,sum_of_two_90pct_reference_radii_KBO_coverage_unknown,estimated_KBO_angle_unvalidated,False,False,unavailable_unseen_stadium_bias
2022,63749,이충호,Left,68.93688095419354,187.4075244523503,-0.06224876225906514,-1.0,-0.023541244802208653,182.0,0.06224876225906514,0.023541244802208653,-0.6817274479502177,1.8205439207229337,0.0,0.0,101,False,45.943342033495775,45.943342033495775,False,False,2.231163595390875,11.99713185164767,31.71504658645723,60.171637480534315,sum_of_two_90pct_reference_radii_KBO_coverage_unknown,estimated_KBO_angle_unvalidated,False,False,reference_only_KBO_angle_unvalidated
2022,63765,김종수,Right,-49.52623949172695,181.8120524190222,0.028468749562559632,-1.0,-0.027114907358216745,180.0,-0.028468749562559632,0.027114907358216745,0.4915659145823202,1.7714648827441655,0.0,0.0,807,True,45.77643561814919,45.77643561814919,False,False,2.231163595390875,11.99713185164767,,,sum_of_two_90pct_reference_radii_KBO_coverage_unknown,estimated_KBO_angle_unvalidated,False,False,unavailable_unseen_stadium_bias
2022,63894,김사윤,Left,30.603233030788157,174.71747712889015,-0.03576919954445802,-1.0,-0.021303779287643394,182.0,0.03576919954445802,0.021303779287643394,-0.3154455271051766,1.705869193404689,0.0,0.0,515,True,43.83526236674185,43.83526236674185,False,False,2.231163595390875,11.99713185164767,,,sum_of_two_90pct_reference_radii_KBO_coverage_unknown,estimated_KBO_angle_unvalidated,False,False,unavailable_unseen_stadium_bias
2022,63950,장현식,Right,-39.10639297847428,186.5115295933898,0.026261619561921416,-1.0,-0.03780036990848498,181.0,-0.026261619561921416,0.03780036990848498,0.3905968974944299,1.8215938877030706,0.0,0.0,909,True,49.510134680795616,49.510134680795616,False,False,2.231163595390875,11.99713185164767,,,sum_of_two_90pct_reference_radii_KBO_coverage_unknown,estimated_KBO_angle_unvalidated,False,False,unavailable_unseen_stadium_bias
2022,63959,임정호,Left,46.42442529220604,153.57230669162183,-0.04514763188739292,-1.0,0.005398246053512808,188.0,0.04514763188739292,-0.005398246053512808,-0.4727087662987949,1.4990831916505762,0.0,0.0,429,True,26.73858269845204,26.73858269845204,False,False,2.231163595390875,11.99713185164767,,,sum_of_two_90pct_reference_radii_KBO_coverage_unknown,estimated_KBO_angle_unvalidated,False,False,unavailable_unseen_stadium_bias
2022,63960,이상민,Left,64.45458924116537,171.10346972071662,-0.048933635771854965,-1.0,-0.00785176583969476,180.0,0.048933635771854965,0.00785176583969476,-0.6399493991390445,1.6622334992570165,0.0,0.0,553,True,37.683259785170286,37.683259785170286,False,False,2.231163595390875,11.99713185164767,,,sum_of_two_90pct_reference_radii_KBO_coverage_unknown,estimated_KBO_angle_unvalidated,False,False,unavailable_unseen_stadium_bias
2022,63961,윤호솔,Right,-30.80701977879581,183.8493986953696,0.022865220496282535,-1.0,-0.0447855966327369,183.0,-0.022865220496282535,0.0447855966327369,0.3100988948468849,1.80279595096864,0.0,0.0,762,True,48.34932467238375,48.34932467238375,False,False,2.231163595390875,11.99713185164767,,,sum_of_two_90pct_reference_radii_KBO_coverage_unknown,estimated_KBO_angle_unvalidated,False,False,unavailable_unseen_stadium_bias
2022,64001,고영표,Right,-71.4484332095705,99.75314214572627,0.05697371186021635,-1.0,0.057741076352600326,187.0,-0.05697371186021635,-0.057741076352600326,0.7205749144243317,0.9770617996371845,0.0,0.0,2615,False,-9.197336295364195,-9.197336295364195,False,False,2.231163595390875,11.99713185164767,-23.42563174240274,5.030959151674349,sum_of_two_90pct_reference_radii_KBO_coverage_unknown,estimated_KBO_angle_unvalidated,False,False,reference_only_KBO_angle_unvalidated
2022,64017,심재민,Left,57.74953583982908,180.44594036024847,-0.04532629621458977,-1.0,-0.02044348209766528,182.0,0.04532629621458977,0.02044348209766528,-0.5737928815763716,1.7557188198898137,0.0,0.0,696,True,43.303216200099705,43.303216200099705,False,False,2.231163595390875,11.99713185164767,,,sum_of_two_90pct_reference_radii_KBO_coverage_unknown,estimated_KBO_angle_unvalidated,False,False,unavailable_unseen_stadium_bias
2022,64021,박세웅,Right,-26.512269065151255,174.40731781265902,0.016947076125108127,-1.0,-0.01589228904130612,182.0,-0.016947076125108127,0.01589228904130612,0.2752003506518785,1.699502374443349,0.0,0.0,2515,True,43.099711161245715,43.099711161245715,False,False,2.231163595390875,11.99713185164767,,,sum_of_two_90pct_reference_radii_KBO_coverage_unknown,estimated_KBO_angle_unvalidated,False,False,unavailable_unseen_stadium_bias
2022,64029,류희운,Right,-13.131565925591792,185.04266616493592,0.007717614732223458,-1.0,-0.03639075581967987,191.0,-0.007717614732223458,0.03639075581967987,0.14434102078661015,1.8122525731476429,0.0,0.0,221,False,47.291062654981836,47.291062654981836,False,False,2.231163595390875,11.99713185164767,33.062767207943295,61.51935810202038,sum_of_two_90pct_reference_radii_KBO_coverage_unknown,estimated_KBO_angle_unvalidated,False,False,reference_only_KBO_angle_unvalidated
2022,64047,조현우,Left,48.68336651036111,163.0813812727271,-0.04651957813406763,-1.0,-0.015140180604106995,182.0,0.04651957813406763,0.015140180604106995,-0.4886627412286817,1.595504016784103,0.0,0.0,192,True,34.77561382869442,34.77561382869442,False,False,2.231163595390875,11.99713185164767,,,sum_of_two_90pct_reference_radii_KBO_coverage_unknown,estimated_KBO_angle_unvalidated,False,False,unavailable_unseen_stadium_bias
2022,64051,이영준,Left,54.22359013979784,186.6930372467862,-0.041842888682972056,-1.0,-0.028644960351745737,184.0,0.041842888682972056,0.028644960351745737,-0.5385877133280911,1.8182300958532598,0.0,0.0,415,False,46.56421868836271,46.56421868836271,False,False,2.231163595390875,11.99713185164767,32.33592324132417,60.79251413540125,sum_of_two_90pct_reference_radii_KBO_coverage_unknown,estimated_KBO_angle_unvalidated,False,False,reference_only_KBO_angle_unvalidated
2022,64350,하영민,Right,-35.948402993882326,165.40112709740274,0.03441946527435193,-1.0,-0.02143743314827502,183.0,-0.03441946527435193,0.02143743314827502,0.3652378947103281,1.621237874544817,0.0,0.0,664,True,36.75303049130923,36.75303049130923,False,False,2.231163595390875,11.99713185164767,,,sum_of_two_90pct_reference_radii_KBO_coverage_unknown,estimated_KBO_angle_unvalidated,False,False,unavailable_unseen_stadium_bias
2022,64464,이수민,Left,2.308414355775809,186.68376662961913,-0.01033056782761522,-1.0,-0.02519174740660857,180.0,0.01033056782761522,0.02519174740660857,-0.04375145615775311,1.8174328497624586,0.0,0.0,94,True,55.1958401554969,,False,False,,,,,sum_of_two_90pct_reference_radii_KBO_coverage_unknown,withheld_small_sample,False,False,withheld_estimate
2022,64565,이인복,Right,-32.0388530701525,188.01189469286646,0.03119594432145575,-1.0,-0.02186410181072015,187.0,-0.03119594432145575,0.02186410181072015,0.32976600002825046,1.8284946125652957,0.0,0.0,2025,False,47.69098007739422,47.69098007739422,False,False,2.231163595390875,11.99713185164767,33.46268463035568,61.91927552443276,sum_of_two_90pct_reference_radii_KBO_coverage_unknown,estimated_KBO_angle_unvalidated,False,False,reference_only_KBO_angle_unvalidated
2022,64580,김재열,Right,-21.887193498458455,192.5516474318513,0.0204377303243376,-1.0,-0.024874339361772843,183.0,-0.0204377303243376,0.024874339361772843,0.23110435749885577,1.8705093166940536,0.0,0.0,744,True,53.35781946236173,53.35781946236173,False,False,2.231163595390875,11.99713185164767,,,sum_of_two_90pct_reference_radii_KBO_coverage_unknown,estimated_KBO_angle_unvalidated,False,False,unavailable_unseen_stadium_bias
2022,64596,김유영,Left,63.64084473692397,167.84060998229089,-0.049049239835649086,-1.0,-0.011723554650461073,180.0,0.049049239835649086,0.011723554650461073,-0.6311008195678012,1.6349727280102306,0.0,0.0,972,True,36.11935362899181,36.11935362899181,False,False,2.231163595390875,11.99713185164767,,,sum_of_two_90pct_reference_radii_KBO_coverage_unknown,estimated_KBO_angle_unvalidated,False,False,unavailable_unseen_stadium_bias
2022,64718,최설우,Right,-55.8272487635301,192.7002929946262,0.03134877649609142,-1.0,-0.01273379947420888,179.0,-0.03134877649609142,0.01273379947420888,0.5556671620739297,1.8610497103334065,0.0,0.0,60,False,51.16987790622171,,False,False,,,,,sum_of_two_90pct_reference_radii_KBO_coverage_unknown,withheld_small_sample,False,False,withheld_estimate
2022,64805,이승진,Right,-41.631079661669546,193.17587460736476,0.027556052338757724,-1.0,-0.01911391427123252,186.0,-0.027556052338757724,0.01911391427123252,0.4205971738251117,1.8725857700668256,0.0,0.0,543,True,49.71994658216676,49.71994658216676,False,False,2.231163595390875,11.99713185164767,,,sum_of_two_90pct_reference_radii_KBO_coverage_unknown,estimated_KBO_angle_unvalidated,False,False,unavailable_unseen_stadium_bias
2022,64861,이건욱,Right,-23.177223448067227,181.55195494617143,0.022171723254913463,-1.0,-0.024489334919223612,182.0,-0.022171723254913463,0.024489334919223612,0.24280856420955976,1.7699626032644273,0.0,0.0,70,False,47.72158986594238,,False,False,,,,,sum_of_two_90pct_reference_radii_KBO_coverage_unknown,withheld_small_sample,False,False,withheld_estimate
2022,64893,박민호,Right,-111.99980022313991,130.5621121750128,0.0908653819438581,-1.0,0.015113462811080927,185.0,-0.0908653819438581,-0.015113462811080927,1.0995237035768268,1.2798666165191914,0.0,0.0,411,True,5.047843110469628,5.047843110469628,False,False,2.231163595390875,11.99713185164767,,,sum_of_two_90pct_reference_radii_KBO_coverage_unknown,estimated_KBO_angle_unvalidated,False,False,unavailable_unseen_stadium_bias
2022,64896,서동민,Right,-17.127042787084157,183.785304965081,0.011925884072229167,-1.0,-0.021015251463860896,186.0,-0.011925884072229167,0.021015251463860896,0.18573915405794378,1.7897015186545764,0.0,0.0027624309392265192,362,True,47.73833460148619,47.73833460148619,False,False,2.231163595390875,11.99713185164767,,,sum_of_two_90pct_reference_radii_KBO_coverage_unknown,estimated_KBO_angle_unvalidated,False,False,unavailable_unseen_stadium_bias
2022,65048,김민수,Right,-50.21025165383838,194.80180115293572,0.030043285138635824,-1.0,-0.021413430187328258,188.0,-0.030043285138635824,0.021413430187328258,0.5018186713960789,1.8888951177896467,0.0,0.0,1204,True,48.75526235922432,48.75526235922432,False,False,2.231163595390875,11.99713185164767,,,sum_of_two_90pct_reference_radii_KBO_coverage_unknown,estimated_KBO_angle_unvalidated,False,False,unavailable_unseen_stadium_bias
2022,65056,엄상백,Right,-65.66189707033952,145.40741108904567,0.05537917511003393,-1.0,-0.004186049390434578,187.0,-0.05537917511003393,0.004186049390434578,0.6528285940869792,1.4292167964035511,0.0,0.0,2327,True,19.446103253931184,19.446103253931184,False,False,2.231163595390875,11.99713185164767,,,sum_of_two_90pct_reference_radii_KBO_coverage_unknown,estimated_KBO_angle_unvalidated,False,False,unavailable_unseen_stadium_bias
2022,65057,이창재,Left,70.51094582646014,162.8061042801025,-0.0701546626457622,-1.0,-0.006511886345275848,178.0,0.0701546626457622,0.006511886345275848,-0.6999817878621322,1.5855929132535482,0.0,0.0,40,False,33.08830151119703,,False,False,,,,,sum_of_two_90pct_reference_radii_KBO_coverage_unknown,withheld_small_sample,False,False,withheld_estimate
2022,65058,정성곤,Left,55.74696238507182,180.90611857968273,-0.059324599648480775,-1.0,-0.011242233454958781,181.0,0.059324599648480775,0.011242233454958781,-0.5593064232622104,1.7546397134468918,0.0,0.0,46,True,43.90854487731739,,False,False,,,,,sum_of_two_90pct_reference_radii_KBO_coverage_unknown,withheld_small_sample,False,False,withheld_estimate
2022,65060,주권,Right,-62.08203787423577,168.149630175091,0.0468386650753751,-1.0,-0.018085206920692067,181.0,-0.0468386650753751,0.018085206920692067,0.614602665314709,1.6419831802392377,0.0,0.0,753,True,35.80614927448903,35.80614927448903,False,False,2.231163595390875,11.99713185164767,,,sum_of_two_90pct_reference_radii_KBO_coverage_unknown,estimated_KBO_angle_unvalidated,False,False,unavailable_unseen_stadium_bias
2022,65062,김재윤,Right,-75.78616983463749,181.41836207285147,0.053501338378691476,-1.0,-0.03299113390272107,185.0,-0.053501338378691476,0.03299113390272107,0.7427139474759631,1.7720711281800208,0.0,0.0,1017,True,40.45771603657438,40.45771603657438,False,False,2.231163595390875,11.99713185164767,,,sum_of_two_90pct_reference_radii_KBO_coverage_unknown,estimated_KBO_angle_unvalidated,False,False,unavailable_unseen_stadium_bias
2022,65067,조무근,Right,-78.19179517251155,192.31782798076432,0.06532837013506107,-1.0,-0.029356500091993885,200.0,-0.06532837013506107,0.029356500091993885,0.7713180505562214,1.8744400911694379,0.0,0.0,30,False,38.81071279975958,,False,False,,,,,sum_of_two_90pct_reference_radii_KBO_coverage_unknown,withheld_small_sample,False,False,withheld_estimate
2022,65109,백승현,Right,-22.781899569399364,181.39983467016907,0.03222495843006908,-1.0,-0.036903992565157744,183.0,-0.03222495843006908,0.036903992565157744,0.2376712035952297,1.7767182723550492,0.0,0.0,184,True,47.71100915127934,47.71100915127934,False,False,2.231163595390875,11.99713185164767,,,sum_of_two_90pct_reference_radii_KBO_coverage_unknown,estimated_KBO_angle_unvalidated,False,False,unavailable_unseen_stadium_bias
2022,65241,채원후,Right,-18.74287602446848,175.43432635100913,0.03579400851722787,-1.0,-0.029951019403989275,180.0,-0.03579400851722787,0.029951019403989275,0.20101637296314998,1.7177128703433087,0.0,0.0,29,True,46.10546342569168,,False,False,,,,,sum_of_two_90pct_reference_radii_KBO_coverage_unknown,withheld_small_sample,False,False,withheld_estimate
2022,65320,최원태,Right,-38.75003379720631,169.51492458975798,0.029673581222873512,-1.0,-0.018833625214473942,184.0,-0.029673581222873512,0.018833625214473942,0.3920116416921396,1.6570467083638185,0.0,0.0,1744,True,38.08920160603548,38.08920160603548,False,False,2.231163595390875,11.99713185164767,,,sum_of_two_90pct_reference_radii_KBO_coverage_unknown,estimated_KBO_angle_unvalidated,False,False,unavailable_unseen_stadium_bias
2022,65343,김택형,Left,86.34236324407316,178.26142803600948,-0.06724881634672647,-1.0,-0.027051935362508613,185.0,0.06724881634672647,0.027051935362508613,-0.8458507450885022,1.7395138491331492,0.0,0.0,1037,True,37.46452183493157,37.46452183493157,False,False,2.231163595390875,11.99713185164767,,,sum_of_two_90pct_reference_radii_KBO_coverage_unknown,estimated_KBO_angle_unvalidated,False,False,unavailable_unseen_stadium_bias
2022,65411,김주온,Right,-39.072402721688505,189.63203747829243,0.03753978119680049,-1.0,-0.036579385748254103,187.0,-0.03753978119680049,0.036579385748254103,0.3935345884721991,1.8517081568584501,0.0,0.0,75,False,48.29126799054295,,False,False,,,,,sum_of_two_90pct_reference_radii_KBO_coverage_unknown,withheld_small_sample,False,False,withheld_estimate
2022,65496,홍정우,Right,-62.15045752265904,181.93671404087993,0.05033627990874936,-1.0,-0.02927784386802241,182.0,-0.05033627990874936,0.02927784386802241,0.6139822366955818,1.7743877546932156,0.0,0.0,407,True,43.55609321557152,43.55609321557152,False,False,2.231163595390875,11.99713185164767,,,sum_of_two_90pct_reference_radii_KBO_coverage_unknown,estimated_KBO_angle_unvalidated,False,False,unavailable_unseen_stadium_bias
2022,65516,배제성,Right,-28.039054653151137,191.88900295587356,0.014717275282870724,-1.0,-0.040966730907589566,189.0,-0.014717275282870724,0.040966730907589566,0.285117251875244,1.8756116372919829,0.0,0.0,1824,True,50.056348942886814,50.056348942886814,False,False,2.231163595390875,11.99713185164767,,,sum_of_two_90pct_reference_radii_KBO_coverage_unknown,estimated_KBO_angle_unvalidated,False,False,unavailable_unseen_stadium_bias
2022,65616,이민우,Right,-36.29890940339514,193.12829532643758,0.023977389136857555,-1.0,-0.029278591559339102,185.0,-0.023977389136857555,0.029278591559339102,0.3669521576687641,1.878153879489961,0.0,0.0,787,True,51.185046258137504,51.185046258137504,False,False,2.231163595390875,11.99713185164767,,,sum_of_two_90pct_reference_radii_KBO_coverage_unknown,estimated_KBO_angle_unvalidated,False,False,unavailable_unseen_stadium_bias
2022,65639,박정수,Right,-64.70351489804385,143.98746873183512,0.05158570729430569,-1.0,0.011085271832955008,178.0,-0.05158570729430569,-0.011085271832955008,0.6455131200550718,1.4039342769444858,0.0,0.0,337,False,21.90291358648992,21.90291358648992,False,False,2.231163595390875,11.99713185164767,7.6746181394513755,36.131209033528464,sum_of_two_90pct_reference_radii_KBO_coverage_unknown,estimated_KBO_angle_unvalidated,False,False,reference_only_KBO_angle_unvalidated
2022,65643,문경찬,Right,-63.55834421158258,178.63721073219,0.03991209177355982,-1.0,-0.020632735404570116,186.0,-0.03991209177355982,0.020632735404570116,0.6282558677537763,1.740220340371063,0.0,0.0,634,True,39.26239131809458,39.26239131809458,False,False,2.231163595390875,11.99713185164767,,,sum_of_two_90pct_reference_radii_KBO_coverage_unknown,estimated_KBO_angle_unvalidated,False,False,unavailable_unseen_stadium_bias
2022,65665,이준영,Left,43.61020140376419,189.56458832570436,-0.03522292445522615,-1.0,-0.021654985940073028,177.0,0.03522292445522615,0.021654985940073028,-0.438171182475601,1.8382108421739807,0.0,0.0,791,True,52.51705737450852,52.51705737450852,False,False,2.231163595390875,11.99713185164767,,,sum_of_two_90pct_reference_radii_KBO_coverage_unknown,estimated_KBO_angle_unvalidated,False,False,unavailable_unseen_stadium_bias
2022,65703,이도윤,Right,-60.794078630656735,184.44158382420335,0.05089772731758745,-1.0,0.04384728761018454,175.0,-0.05089772731758745,-0.04384728761018454,0.6188426689403635,1.7510251977415798,0.0,0.0,22,False,45.710946124633146,,False,False,,,,,sum_of_two_90pct_reference_radii_KBO_coverage_unknown,withheld_small_sample,False,False,withheld_estimate
2022,65707,주현상,Right,-66.42427677489515,181.5129240435539,0.042213932801211156,-1.0,-0.029966304760374193,177.0,-0.042213932801211156,0.029966304760374193,0.6520323125051332,1.7685997367164052,0.0,0.0,915,True,45.41277080945408,45.41277080945408,False,False,2.231163595390875,11.99713185164767,,,sum_of_two_90pct_reference_radii_KBO_coverage_unknown,estimated_KBO_angle_unvalidated,False,False,unavailable_unseen_stadium_bias
2022,65764,김민우,Right,-34.39500625851032,191.46025375191763,0.017821033575018456,-1.0,-0.025698032056931455,186.0,-0.017821033575018456,0.025698032056931455,0.348970687051097,1.8611530955755036,0.0,0.0,2749,True,49.88474569239983,49.88474569239983,False,False,2.231163595390875,11.99713185164767,,,sum_of_two_90pct_reference_radii_KBO_coverage_unknown,estimated_KBO_angle_unvalidated,False,False,unavailable_unseen_stadium_bias
2022,65769,김범수,Left,48.25747260649255,169.61672401663375,-0.04302579087022636,-1.0,-0.011345547353008509,181.0,0.04302579087022636,0.011345547353008509,-0.4852968490930641,1.6521650321948078,0.0,0.0,1099,True,38.684013822302745,38.684013822302745,False,False,2.231163595390875,11.99713185164767,,,sum_of_two_90pct_reference_radii_KBO_coverage_unknown,estimated_KBO_angle_unvalidated,False,False,unavailable_unseen_stadium_bias
2022,65844,박세웅,Left,28.788332087948238,173.33146499651832,-0.02227290005421743,-1.0,-0.023885408786749933,180.0,0.02227290005421743,0.023885408786749933,-0.29511191500719797,1.693808094144586,0.0,0.0,52,True,44.32299315255778,,False,False,,,,,sum_of_two_90pct_reference_radii_KBO_coverage_unknown,withheld_small_sample,False,False,withheld_estimate
2022,65933,구창모,Left,81.22276777569004,177.7432825594517,-0.06487708687669289,-1.0,-0.02585838735549393,183.0,0.06487708687669289,0.02585838735549393,-0.7970940934806252,1.733680385081187,0.0,0.0,1755,True,38.681414723350215,38.681414723350215,False,False,2.231163595390875,11.99713185164767,,,sum_of_two_90pct_reference_radii_KBO_coverage_unknown,estimated_KBO_angle_unvalidated,False,False,unavailable_unseen_stadium_bias
2022,65949,류진욱,Right,-69.33428794130569,176.24134903755314,0.049439437055669035,-1.0,-0.03008266939591702,189.0,-0.049439437055669035,0.03008266939591702,0.682227126333885,1.7250611597644185,0.0,0.0,897,True,36.22796333574193,36.22796333574193,False,False,2.231163595390875,11.99713185164767,,,sum_of_two_90pct_reference_radii_KBO_coverage_unknown,estimated_KBO_angle_unvalidated,False,False,unavailable_unseen_stadium_bias
2022,65964,이우석,Right,-43.3294918611323,178.33997689425408,0.03648931129221833,-1.0,-0.02395049847942726,185.0,-0.03648931129221833,0.02395049847942726,0.43573311203489823,1.7405179494089866,0.0,0.0,52,False,42.08234372894183,,False,False,,,,,sum_of_two_90pct_reference_radii_KBO_coverage_unknown,withheld_small_sample,False,False,withheld_estimate
2022,66018,김선기,Right,-62.807796013828224,176.16869385447018,0.03715653500541885,-1.0,-0.02527027040922907,187.0,-0.03715653500541885,0.02527027040922907,0.6195659102440094,1.7208907759380547,0.0,0.0,640,True,37.68933489086131,37.68933489086131,False,False,2.231163595390875,11.99713185164767,,,sum_of_two_90pct_reference_radii_KBO_coverage_unknown,estimated_KBO_angle_unvalidated,False,False,unavailable_unseen_stadium_bias
2022,66064,김태오,Left,25.517487248832783,175.34888552805265,-0.0320514796891982,-1.0,-0.010488229167218827,183.0,0.0320514796891982,0.010488229167218827,-0.2697921887956585,1.70574008135094,0.0,0.0,79,False,44.04235827453143,,False,False,,,,,sum_of_two_90pct_reference_radii_KBO_coverage_unknown,withheld_small_sample,False,False,withheld_estimate
2022,66291,이영하,Right,-54.95927366781151,203.13849765433778,0.03792798093721465,-1.0,-0.04210003223852231,192.0,-0.03792798093721465,0.04210003223852231,0.5438144578031124,1.9783322239345482,0.0,0.0,1834,False,51.604801791809884,51.604801791809884,False,False,2.231163595390875,11.99713185164767,37.37650634477134,65.83309723884842,sum_of_two_90pct_reference_radii_KBO_coverage_unknown,estimated_KBO_angle_unvalidated,False,False,reference_only_KBO_angle_unvalidated
2022,66305,박승주,Right,-35.11139365076502,181.5970734605988,0.02486395873499433,-1.0,-0.04078383316938481,183.0,-0.02486395873499433,0.04078383316938481,0.35192343929028236,1.779691326486148,0.0,0.0,511,True,46.44645771766837,46.44645771766837,False,False,2.231163595390875,11.99713185164767,,,sum_of_two_90pct_reference_radii_KBO_coverage_unknown,estimated_KBO_angle_unvalidated,False,False,unavailable_unseen_stadium_bias
2022,66451,최충연,Right,-54.806342098286045,185.48623141407455,0.04548411017602812,-1.0,-0.031698559407666034,190.0,-0.04548411017602812,0.031698559407666034,0.5447846332483842,1.8112988081393007,0.0,0.0,661,True,42.589213633339426,42.589213633339426,False,False,2.231163595390875,11.99713185164767,,,sum_of_two_90pct_reference_radii_KBO_coverage_unknown,estimated_KBO_angle_unvalidated,False,False,unavailable_unseen_stadium_bias
2022,66492,김승현,Right,-53.851212150862025,169.68958778792592,0.03238075410240525,-1.0,-0.035201845529076396,180.0,-0.03238075410240525,0.035201845529076396,0.5302071481273549,1.665991102280245,0.0,0.0,106,False,38.79789546961485,38.79789546961485,False,False,2.231163595390875,11.99713185164767,24.569600022576306,53.02619091665339,sum_of_two_90pct_reference_radii_KBO_coverage_unknown,estimated_KBO_angle_unvalidated,False,False,reference_only_KBO_angle_unvalidated
2022,66493,임대한,Right,-29.528995674982166,182.03716421805998,0.025197024307244638,-1.0,-0.018856751363218703,178.0,-0.025197024307244638,0.018856751363218703,0.30406101492545984,1.7692148434641326,0.0,0.0,241,True,48.86027394878868,48.86027394878868,False,False,2.231163595390875,11.99713185164767,,,sum_of_two_90pct_reference_radii_KBO_coverage_unknown,estimated_KBO_angle_unvalidated,False,False,unavailable_unseen_stadium_bias
2022,66609,전상현,Right,-45.76683646820707,171.90222694202237,0.032910023431528754,-1.0,-0.02572282403453163,180.0,-0.032910023431528754,0.02572282403453163,0.456517198485096,1.681027970009139,0.0,0.0,708,True,40.622365224884184,40.622365224884184,False,False,2.231163595390875,11.99713185164767,,,sum_of_two_90pct_reference_radii_KBO_coverage_unknown,estimated_KBO_angle_unvalidated,False,False,unavailable_unseen_stadium_bias
2022,66630,김현준,Right,-48.582186785466476,169.0250940591396,0.043239230019068466,-1.0,-0.02796893134680796,182.0,-0.043239230019068466,0.02796893134680796,0.4843036145463371,1.6570743435758482,0.0,0.0,256,True,37.84743242323584,37.84743242323584,False,False,2.231163595390875,11.99713185164767,,,sum_of_two_90pct_reference_radii_KBO_coverage_unknown,estimated_KBO_angle_unvalidated,False,False,unavailable_unseen_stadium_bias
2022,66660,남하준,Right,-46.180468967683595,179.25839864006417,0.04172358192691161,-1.0,-0.021024497791331507,182.0,-0.04172358192691161,0.021024497791331507,0.4637898610377704,1.7460073249723194,0.0,0.0,227,True,43.535375822743646,43.535375822743646,False,False,2.231163595390875,11.99713185164767,,,sum_of_two_90pct_reference_radii_KBO_coverage_unknown,estimated_KBO_angle_unvalidated,False,False,unavailable_unseen_stadium_bias
2022,66741,김재영,Right,-96.2244858055628,103.45747402452552,0.07360448494184783,-1.0,0.04114992746624666,187.0,-0.07360448494184783,-0.04114992746624666,0.9531142690687329,1.0193677168680428,0.0,0.0,527,True,-10.269354331634403,-10.269354331634403,False,False,2.231163595390875,11.99713185164767,,,sum_of_two_90pct_reference_radii_KBO_coverage_unknown,estimated_KBO_angle_unvalidated,False,False,unavailable_unseen_stadium_bias
2022,67048,이정현,Right,-45.90769591692717,179.14452816877463,0.0365464963034952,-1.0,-0.02911121387085884,188.0,-0.0365464963034952,0.02911121387085884,0.4593056295901921,1.751792261200089,0.0,0.0,62,False,41.029484184045565,,False,False,,,,,sum_of_two_90pct_reference_radii_KBO_coverage_unknown,withheld_small_sample,False,False,withheld_estimate
2022,67116,오석주,Right,-51.99240966383889,180.16848701723404,0.028591604995646513,-1.0,-0.013117572113652243,180.0,-0.028591604995646513,0.013117572113652243,0.518314442133753,1.7479835199137346,0.0,0.0,48,False,44.01694478039262,,False,False,,,,,sum_of_two_90pct_reference_radii_KBO_coverage_unknown,withheld_small_sample,False,False,withheld_estimate
2022,67119,고우석,Right,-59.69339072979376,165.9962456886789,0.04260946318297609,-1.0,-0.02407895466669883,182.0,-0.04260946318297609,0.02407895466669883,0.5898913834922105,1.6263996944024637,0.0,0.0,970,True,34.65295603675347,34.65295603675347,False,False,2.231163595390875,11.99713185164767,,,sum_of_two_90pct_reference_radii_KBO_coverage_unknown,estimated_KBO_angle_unvalidated,False,False,unavailable_unseen_stadium_bias
2022,67143,손주영,Left,62.804278023075994,193.31290945881585,-0.04651560982100422,-1.0,-0.03435856374259709,191.0,0.04651560982100422,0.03435856374259709,-0.6204216313182686,1.8837931529546832,0.0,0.0,241,False,46.03972231443019,46.03972231443019,False,False,2.231163595390875,11.99713185164767,31.81142686739165,60.26801776146874,sum_of_two_90pct_reference_radii_KBO_coverage_unknown,estimated_KBO_angle_unvalidated,False,False,reference_only_KBO_angle_unvalidated
2022,67246,김명신,Right,-33.8614499064981,176.807571107339,0.03330029833521148,-1.0,-0.02185535328544152,178.0,-0.03330029833521148,0.02185535328544152,0.34515612890298314,1.7234484011242934,0.0,0.0,1250,True,45.56779368321921,45.56779368321921,False,False,2.231163595390875,11.99713185164767,,,sum_of_two_90pct_reference_radii_KBO_coverage_unknown,estimated_KBO_angle_unvalidated,False,False,unavailable_unseen_stadium_bias
2022,67263,최원준,Right,-103.48071771404639,105.82087709198953,0.08210555929620271,-1.0,0.03650831104287644,182.0,-0.08210555929620271,-0.03650831104287644,1.0211207833742844,1.0415855837687285,0.0,0.0,2747,True,-8.039055193177887,-8.039055193177887,False,False,2.231163595390875,11.99713185164767,,,sum_of_two_90pct_reference_radii_KBO_coverage_unknown,estimated_KBO_angle_unvalidated,False,False,unavailable_unseen_stadium_bias
2022,67266,박치국,Right,-92.1733382007071,117.65466427072484,0.0678558040538545,-1.0,0.024215864506220534,177.0,-0.0678558040538545,-0.024215864506220534,0.9089339744160906,1.1550307020511776,0.0,0.0,199,False,2.840057804821484,2.840057804821484,False,False,2.231163595390875,11.99713185164767,-11.38823764221706,17.068353251860028,sum_of_two_90pct_reference_radii_KBO_coverage_unknown,estimated_KBO_angle_unvalidated,False,False,reference_only_KBO_angle_unvalidated
2022,67391,김재웅,Left,3.791999622044974,176.17171646588238,-0.011729342757113953,-1.0,-0.03696185969036063,171.0,0.011729342757113953,0.03696185969036063,-0.0528846410122254,1.7257245695640828,0.0,1.0,1042,True,53.884693530160206,,False,True,,,,,sum_of_two_90pct_reference_radii_KBO_coverage_unknown,withheld_bridge_extrapolation,False,False,withheld_estimate
2022,67419,문용익,Right,-55.601735693025084,174.19684208842028,0.043803460889530105,-1.0,-0.030373955427444567,178.0,-0.043803460889530105,0.030373955427444567,0.5497227600590183,1.7035803155875648,0.0,0.0,628,True,41.904104084565276,41.904104084565276,False,False,2.231163595390875,11.99713185164767,,,sum_of_two_90pct_reference_radii_KBO_coverage_unknown,estimated_KBO_angle_unvalidated,False,False,unavailable_unseen_stadium_bias
2022,67454,나원탁,Right,-49.209440006106625,186.8007652417,0.041933864344135895,-1.0,-0.03505411022421022,183.0,-0.041933864344135895,0.03505411022421022,0.4894881798725128,1.8230579184891036,0.0,0.0,132,False,47.44338428367058,47.44338428367058,False,False,2.231163595390875,11.99713185164767,33.215088836632034,61.67167973070913,sum_of_two_90pct_reference_radii_KBO_coverage_unknown,estimated_KBO_angle_unvalidated,False,False,reference_only_KBO_angle_unvalidated
2022,67539,나균안,Right,-41.63717923581774,179.91369036638696,0.03450240611654905,-1.0,-0.026172341246529732,186.0,-0.03450240611654905,0.026172341246529732,0.41913894790370776,1.7565573048070198,0.0,0.0,1864,True,42.77250712854741,42.77250712854741,False,False,2.231163595390875,11.99713185164767,,,sum_of_two_90pct_reference_radii_KBO_coverage_unknown,estimated_KBO_angle_unvalidated,False,False,unavailable_unseen_stadium_bias
2022,67603,이승호,Left,45.92345144926263,183.21839329014227,-0.040141569599392066,-1.0,-0.03965019192699229,187.0,0.040141569599392066,0.03965019192699229,-0.4574420289488583,1.7948661836673163,0.0,0.0,818,True,44.8036665034469,44.8036665034469,False,False,2.231163595390875,11.99713185164767,,,sum_of_two_90pct_reference_radii_KBO_coverage_unknown,estimated_KBO_angle_unvalidated,False,False,unavailable_unseen_stadium_bias
2022,67606,송후섭,Right,-57.74020143031096,175.33431948214198,0.05210648222262758,-1.0,-0.019040290825015082,190.0,-0.05210648222262758,0.019040290825015082,0.576108194955521,1.711503696691544,0.0,0.0,32,False,36.20848086135004,,False,False,,,,,sum_of_two_90pct_reference_radii_KBO_coverage_unknown,withheld_small_sample,False,False,withheld_estimate
2022,67640,유승철,Right,-43.75298061518568,188.61327854510606,0.028984064839081967,-1.0,-0.03554322939313446,184.0,-0.028984064839081967,0.03554322939313446,0.43607929316410105,1.8401493872195942,0.0,0.0,375,True,48.59097858866087,48.59097858866087,False,False,2.231163595390875,11.99713185164767,,,sum_of_two_90pct_reference_radii_KBO_coverage_unknown,estimated_KBO_angle_unvalidated,False,False,unavailable_unseen_stadium_bias
2022,67703,박상원,Right,-69.50909341583592,180.14866266679576,0.05627728083229351,-1.0,-0.028500155958256113,187.0,-0.05627728083229351,0.028500155958256113,0.6852815010185723,1.7591085354580118,0.0,0.0,217,True,39.270735724257754,39.270735724257754,False,False,2.231163595390875,11.99713185164767,,,sum_of_two_90pct_reference_radii_KBO_coverage_unknown,estimated_KBO_angle_unvalidated,False,False,unavailable_unseen_stadium_bias
2022,67954,김진호,Right,-46.97010661801151,167.5678534506916,0.05254017276687335,-1.0,-0.01951140125965359,183.0,-0.05254017276687335,0.01951140125965359,0.4727746642221771,1.6395507442340633,0.0,0.0,761,True,36.451441288879245,36.451441288879245,False,False,2.231163595390875,11.99713185164767,,,sum_of_two_90pct_reference_radii_KBO_coverage_unknown,estimated_KBO_angle_unvalidated,False,False,unavailable_unseen_stadium_bias
2022,68036,최이준,Right,-58.06443735924665,171.0683475226014,0.04761142712978155,-1.0,-0.03755540048287012,182.0,-0.04761142712978155,0.03755540048287012,0.5722030104947244,1.680819998122247,0.0,0.0,81,False,38.23315865410101,,False,False,,,,,sum_of_two_90pct_reference_radii_KBO_coverage_unknown,withheld_small_sample,False,False,withheld_estimate
2022,68043,김민,Right,-44.472030941128274,182.42664563073268,0.029385660545028624,-1.0,-0.02540293486565499,185.0,-0.029385660545028624,0.02540293486565499,0.44527965070496417,1.7781971229820992,0.0,0.0,87,True,44.238231412367014,,False,False,,,,,sum_of_two_90pct_reference_radii_KBO_coverage_unknown,withheld_small_sample,False,False,withheld_estimate
2022,68092,한두솔,Left,59.43477673977037,175.039397833338,-0.034581502758784625,-1.0,-0.03129846256498705,177.0,0.034581502758784625,0.03129846256498705,-0.5841026823547352,1.7108532100061422,0.0,0.0,107,False,42.85909979031931,42.85909979031931,False,False,2.231163595390875,11.99713185164767,28.63080434328077,57.08739523735785,sum_of_two_90pct_reference_radii_KBO_coverage_unknown,estimated_KBO_angle_unvalidated,False,False,reference_only_KBO_angle_unvalidated
2022,68130,김영준,Right,-31.89347811987362,184.8897397630287,0.024691012237664373,-1.0,-0.009954349408508237,185.0,-0.024691012237664373,0.009954349408508237,0.3298677362055833,1.7920966194867765,0.0,0.0,136,False,46.49353700238571,46.49353700238571,False,False,2.231163595390875,11.99713185164767,32.26524155534716,60.721832449424255,sum_of_two_90pct_reference_radii_KBO_coverage_unknown,estimated_KBO_angle_unvalidated,False,False,reference_only_KBO_angle_unvalidated
2022,68220,곽빈,Right,-46.9403292283391,179.9113947297685,0.03893735563262685,-1.0,-0.01986182127252638,187.0,-0.03893735563262685,0.01986182127252638,0.47166477421953135,1.7528719613749821,0.0,0.0,2563,True,41.419645883439735,41.419645883439735,False,False,2.231163595390875,11.99713185164767,,,sum_of_two_90pct_reference_radii_KBO_coverage_unknown,estimated_KBO_angle_unvalidated,False,False,unavailable_unseen_stadium_bias
2022,68242,정철원,Right,-26.045417551815543,187.61620762903735,0.026593856294927137,-1.0,-0.033236310544872395,192.0,-0.026593856294927137,0.033236310544872395,0.2703576080010983,1.8337671295053664,0.0,0.0,1141,True,46.38291616268397,46.38291616268397,False,False,2.231163595390875,11.99713185164767,,,sum_of_two_90pct_reference_radii_KBO_coverage_unknown,estimated_KBO_angle_unvalidated,False,False,unavailable_unseen_stadium_bias
2022,68249,박신지,Right,-64.46307159895967,182.9811731624503,0.04865298201774681,-1.0,-0.023522118132322092,185.0,-0.04865298201774681,0.023522118132322092,0.6375562145874702,1.7812730884501098,0.0,0.0,1200,False,42.185326548616345,42.185326548616345,False,False,2.231163595390875,11.99713185164767,27.9570311015778,56.41362199565489,sum_of_two_90pct_reference_radii_KBO_coverage_unknown,estimated_KBO_angle_unvalidated,False,False,reference_only_KBO_angle_unvalidated
2022,68341,안우진,Right,-28.170238091465233,181.10434475305348,0.02597227697945432,-1.0,-0.03216788836804072,192.0,-0.02597227697945432,0.03216788836804072,0.2901832831118381,1.7737973111645597,0.0,0.0,2998,True,42.64576362999056,42.64576362999056,False,False,2.231163595390875,11.99713185164767,,,sum_of_two_90pct_reference_radii_KBO_coverage_unknown,estimated_KBO_angle_unvalidated,False,False,unavailable_unseen_stadium_bias
2022,68403,김무신,Right,-34.04375551001028,186.67274842335115,0.0280772446238953,-1.0,-0.033350994504540175,183.0,-0.0280772446238953,0.033350994504540175,0.3445551001363462,1.8215350203409928,0.0,0.0,634,True,49.05198190199276,49.05198190199276,False,False,2.231163595390875,11.99713185164767,,,sum_of_two_90pct_reference_radii_KBO_coverage_unknown,estimated_KBO_angle_unvalidated,False,False,unavailable_unseen_stadium_bias
2022,68415,양창섭,Right,-51.230741018850736,177.7309887946638,0.040259907167630934,-1.0,-0.017823778835099575,182.0,-0.040259907167630934,0.017823778835099575,0.5119493110296449,1.729800402158726,0.0,0.0,405,False,41.968538168488465,41.968538168488465,False,False,2.231163595390875,11.99713185164767,27.74024272144992,56.19683361552701,sum_of_two_90pct_reference_radii_KBO_coverage_unknown,estimated_KBO_angle_unvalidated,False,False,reference_only_KBO_angle_unvalidated
2022,68501,최하늘,Right,-84.85836184326207,132.99772577208242,0.07482054274613589,-1.0,0.022415131643383965,190.0,-0.07482054274613589,-0.022415131643383965,0.8435809257446341,1.300861267906151,0.0,0.0,589,True,7.678162372505575,7.678162372505575,False,False,2.231163595390875,11.99713185164767,,,sum_of_two_90pct_reference_radii_KBO_coverage_unknown,estimated_KBO_angle_unvalidated,False,False,unavailable_unseen_stadium_bias
2022,68529,이승헌,Right,-84.83387999370034,188.77848637897864,0.06254586749501198,-1.0,-0.038028305815786055,196.0,-0.06254586749501198,0.038028305815786055,0.8305123582271403,1.8454811608997217,0.0,0.0,34,False,38.401937497087644,,False,False,,,,,sum_of_two_90pct_reference_radii_KBO_coverage_unknown,withheld_small_sample,False,False,withheld_estimate
2022,68556,정성종,Right,-59.251331475843266,153.37715117034176,0.060271907475929885,-1.0,-0.013943015682623077,181.0,-0.060271907475929885,0.013943015682623077,0.5901396558405706,1.5059513547181327,0.0,0.0,89,False,27.655603198507997,,False,False,,,,,sum_of_two_90pct_reference_radii_KBO_coverage_unknown,withheld_small_sample,False,False,withheld_estimate
2022,68585,김도규,Right,-17.762838608831963,203.08498235134667,0.020608503582932754,-1.0,-0.03440292541874197,192.0,-0.020608503582932754,0.03440292541874197,0.19188927586762822,1.9753978944100334,0.0,0.0,816,True,55.55990439783716,55.55990439783716,False,False,2.231163595390875,11.99713185164767,,,sum_of_two_90pct_reference_radii_KBO_coverage_unknown,estimated_KBO_angle_unvalidated,False,False,unavailable_unseen_stadium_bias
2022,68619,윤중현,Right,-102.37793038470195,118.40713613108541,0.07911519480788425,-1.0,0.02641565469714807,180.0,-0.07911519480788425,-0.02641565469714807,1.0081368124170298,1.1612340888337198,0.0,0.0,878,True,0.6670746435686894,0.6670746435686894,False,False,2.231163595390875,11.99713185164767,,,sum_of_two_90pct_reference_radii_KBO_coverage_unknown,estimated_KBO_angle_unvalidated,False,False,unavailable_unseen_stadium_bias
2022,68639,하준영,Left,67.6145600577943,175.71816742725397,-0.053537889836592197,-1.0,-0.02558104897731789,182.0,0.053537889836592197,0.02558104897731789,-0.66662089269321,1.7153898722213201,0.0,0.0,660,True,39.65308441794996,39.65308441794996,False,False,2.231163595390875,11.99713185164767,,,sum_of_two_90pct_reference_radii_KBO_coverage_unknown,estimated_KBO_angle_unvalidated,False,False,unavailable_unseen_stadium_bias
2022,68659,김유신,Left,58.63320232535984,184.99655636868465,-0.04539976846594815,-1.0,-0.015630342168675718,187.0,0.04539976846594815,0.015630342168675718,-0.5844578368142063,1.7958898900328852,0.0,0.0,241,True,43.18433865558923,43.18433865558923,False,False,2.231163595390875,11.99713185164767,,,sum_of_two_90pct_reference_radii_KBO_coverage_unknown,estimated_KBO_angle_unvalidated,False,False,unavailable_unseen_stadium_bias
2022,68797,이승관,Left,72.23831305164617,184.58526048188492,-0.05964090923254698,-1.0,-0.021585701037714348,182.0,0.05964090923254698,0.021585701037714348,-0.712800356453699,1.793409975885151,0.0,0.0,103,False,43.8979512225486,43.8979512225486,False,False,2.231163595390875,11.99713185164767,29.669655775510055,58.12624666958715,sum_of_two_90pct_reference_radii_KBO_coverage_unknown,estimated_KBO_angle_unvalidated,False,False,reference_only_KBO_angle_unvalidated
2022,68856,최민준,Right,-16.981035872411297,182.47989911670942,0.012606785857170469,-1.0,-0.018174873758640207,178.0,-0.012606785857170469,0.018174873758640207,0.18381605723214076,1.77333751953038,0.0,0.0,1108,True,50.608747163369365,50.608747163369365,False,False,2.231163595390875,11.99713185164767,,,sum_of_two_90pct_reference_radii_KBO_coverage_unknown,estimated_KBO_angle_unvalidated,False,False,unavailable_unseen_stadium_bias
2022,68896,이채호,Right,-70.1717394496868,73.15393496685226,0.051168920064074544,-1.0,0.06350900621437401,185.0,-0.051168920064074544,-0.06350900621437401,0.7070892904780737,0.7311734771886905,0.0,0.0,577,True,-23.378026696258317,-23.378026696258317,False,False,2.231163595390875,11.99713185164767,,,sum_of_two_90pct_reference_radii_KBO_coverage_unknown,estimated_KBO_angle_unvalidated,False,False,unavailable_unseen_stadium_bias
2022,68900,김영규,Left,63.461982565318124,188.82765008496574,-0.05365281282803674,-1.0,-0.033049358631607954,188.0,0.05365281282803674,0.033049358631607954,-0.6273289894207004,1.8413837506443846,0.0,0.0,984,True,44.883262398289396,44.883262398289396,False,False,2.231163595390875,11.99713185164767,,,sum_of_two_90pct_reference_radii_KBO_coverage_unknown,estimated_KBO_angle_unvalidated,False,False,unavailable_unseen_stadium_bias
2022,68902,신민혁,Right,-47.142799499377986,174.80120020516495,0.036969794295506966,-1.0,-0.017887730871482644,184.0,-0.036969794295506966,0.017887730871482644,0.47296293300498055,1.7041256293352913,0.0,0.0,2012,True,39.89940692991231,39.89940692991231,False,False,2.231163595390875,11.99713185164767,,,sum_of_two_90pct_reference_radii_KBO_coverage_unknown,estimated_KBO_angle_unvalidated,False,False,unavailable_unseen_stadium_bias
2022,68928,김시훈,Right,-47.187549186657606,188.2579371592227,0.03372552173833414,-1.0,-0.023546362326038225,188.0,-0.03372552173833414,0.023546362326038225,0.47291936956745134,1.8310658360841894,0.0,0.0,1447,True,45.61389465725354,45.61389465725354,False,False,2.231163595390875,11.99713185164767,,,sum_of_two_90pct_reference_radii_KBO_coverage_unknown,estimated_KBO_angle_unvalidated,False,False,unavailable_unseen_stadium_bias
2022,69032,쿠에바스,Right,-53.83032101568268,174.63379382407288,0.03678040967629213,-1.0,-0.029065938955940774,188.0,-0.03678040967629213,0.029065938955940774,0.5338626402754093,1.7102172223367937,0.0,0.0,167,False,37.60310987596178,37.60310987596178,False,False,2.231163595390875,11.99713185164767,23.374814428923234,51.831405323000325,sum_of_two_90pct_reference_radii_KBO_coverage_unknown,estimated_KBO_angle_unvalidated,False,False,reference_only_KBO_angle_unvalidated
2022,69103,켈리,Right,-30.461906770379766,199.89770372718058,0.027030675308488884,-1.0,-0.03751706385383236,191.0,-0.027030675308488884,0.03751706385383236,0.31163481483260963,1.9472324478425855,0.0,0.0,2513,False,52.945576806334046,52.945576806334046,False,False,2.231163595390875,11.99713185164767,38.7172813592955,67.1738722533726,sum_of_two_90pct_reference_radii_KBO_coverage_unknown,estimated_KBO_angle_unvalidated,False,False,reference_only_KBO_angle_unvalidated
2022,69108,이지강,Right,-45.708636849433674,170.98464173467804,0.04391904760294823,-1.0,-0.023712482333554444,183.0,-0.04391904760294823,0.023712482333554444,0.45864828318684187,1.672915589638394,0.0,0.0,220,True,38.65991768773825,38.65991768773825,False,False,2.231163595390875,11.99713185164767,,,sum_of_two_90pct_reference_radii_KBO_coverage_unknown,estimated_KBO_angle_unvalidated,False,False,unavailable_unseen_stadium_bias
2022,69113,임준형,Left,102.2126314244932,161.8868906052251,-0.07042297259127026,-1.0,0.002152580972716773,180.0,0.07042297259127026,-0.002152580972716773,-1.0017501117053955,1.570459831322411,0.0,0.0,520,False,27.391227505669736,27.391227505669736,False,False,2.231163595390875,11.99713185164767,13.162932058631192,41.61952295270828,sum_of_two_90pct_reference_radii_KBO_coverage_unknown,estimated_KBO_angle_unvalidated,False,False,reference_only_KBO_angle_unvalidated
2022,69134,이정용,Right,-39.06642708606115,182.60903515257402,0.0323574420143042,-1.0,-0.024638503654491817,186.0,-0.0323574420143042,0.024638503654491817,0.39508836365726796,1.7802430016065813,0.0,0.0,979,True,44.490201224780826,44.490201224780826,False,False,2.231163595390875,11.99713185164767,,,sum_of_two_90pct_reference_radii_KBO_coverage_unknown,estimated_KBO_angle_unvalidated,False,False,unavailable_unseen_stadium_bias
2022,69159,정우영,Right,-94.27061176702459,127.72679020347128,0.07602269130041343,-1.0,0.01830051812850639,193.0,-0.07602269130041343,-0.01830051812850639,0.9317351210173375,1.2558563360764723,0.0,0.0,932,True,2.4668583114323113,2.4668583114323113,False,False,2.231163595390875,11.99713185164767,,,sum_of_two_90pct_reference_radii_KBO_coverage_unknown,estimated_KBO_angle_unvalidated,False,False,unavailable_unseen_stadium_bias
2022,69204,전루건,Right,-62.940555042053035,186.74894300522973,0.04298892414662993,-1.0,-0.026260756330380677,185.0,-0.04298892414662993,0.026260756330380677,0.6218266005285382,1.8170663540754513,0.0,0.0,190,False,44.56807126719302,44.56807126719302,False,False,2.231163595390875,11.99713185164767,30.339775820154475,58.79636671423157,sum_of_two_90pct_reference_radii_KBO_coverage_unknown,estimated_KBO_angle_unvalidated,False,False,reference_only_KBO_angle_unvalidated
2022,69213,윤산흠,Right,-29.604589641859544,169.71910665299117,0.014363824612787223,-1.0,-0.003412008383080909,178.0,-0.014363824612787223,0.003412008383080909,0.3062109981164212,1.6477175248740075,0.0,0.0,663,True,41.452948814902555,41.452948814902555,False,False,2.231163595390875,11.99713185164767,,,sum_of_two_90pct_reference_radii_KBO_coverage_unknown,estimated_KBO_angle_unvalidated,False,False,unavailable_unseen_stadium_bias
2022,69328,박주성,Right,-20.86433906533358,165.203042082172,0.022678276079751397,-1.0,-0.018396390160262812,181.0,-0.022678276079751397,0.018396390160262812,0.2214223142769044,1.6176309442308423,0.0,0.0,215,True,39.41317380292596,39.41317380292596,False,False,2.231163595390875,11.99713185164767,,,sum_of_two_90pct_reference_radii_KBO_coverage_unknown,estimated_KBO_angle_unvalidated,False,False,unavailable_unseen_stadium_bias
2022,69343,요키시,Left,75.71590507797006,180.83567795125714,-0.0639303667282301,-1.0,-0.02431838026015166,188.0,0.0639303667282301,0.02431838026015166,-0.7463502512995817,1.7629970071626668,0.0,0.0,2909,True,38.6574470485594,38.6574470485594,False,False,2.231163595390875,11.99713185164767,,,sum_of_two_90pct_reference_radii_KBO_coverage_unknown,estimated_KBO_angle_unvalidated,False,False,unavailable_unseen_stadium_bias
2022,69399,윤정현,Left,86.6716674360583,184.4754859804038,-0.07168572494644163,-1.0,-0.027567844092149178,186.0,0.07168572494644163,0.027567844092149178,-0.85007908947707,1.7967470154121563,0.0,0.0,422,True,40.46244810097229,40.46244810097229,False,False,2.231163595390875,11.99713185164767,,,sum_of_two_90pct_reference_radii_KBO_coverage_unknown,estimated_KBO_angle_unvalidated,False,False,unavailable_unseen_stadium_bias
2022,69446,원태인,Right,-41.13323117936014,178.2838792245128,0.0332771442953352,-1.0,-0.02370786434942001,183.0,-0.0332771442953352,0.02370786434942001,0.4142270177030074,1.739209810989496,0.0,0.0,2561,True,43.23527627430753,43.23527627430753,False,False,2.231163595390875,11.99713185164767,,,sum_of_two_90pct_reference_radii_KBO_coverage_unknown,estimated_KBO_angle_unvalidated,False,False,unavailable_unseen_stadium_bias
2022,69516,김현수,Right,-29.89924080374186,178.87397617247183,0.03566049326079453,-1.0,-0.0037015044806422933,185.0,-0.03566049326079453,0.0037015044806422933,0.313991058006955,1.7342087326852638,0.0,0.0,30,False,43.25222251580918,,False,False,,,,,sum_of_two_90pct_reference_radii_KBO_coverage_unknown,withheld_small_sample,False,False,withheld_estimate
2022,69539,서준원,Right,-103.25589906366037,112.60253944966928,0.07354109240522949,-1.0,0.02832104683408533,185.0,-0.07354109240522949,-0.02832104683408533,1.016471906990365,1.1088931807922415,0.0,0.0,1024,True,-4.799485495235018,-4.799485495235018,False,False,2.231163595390875,11.99713185164767,,,sum_of_two_90pct_reference_radii_KBO_coverage_unknown,estimated_KBO_angle_unvalidated,False,False,unavailable_unseen_stadium_bias
2022,69620,김기훈,Left,49.20169476012212,191.2874343033154,-0.040859615934138796,-1.0,-0.028708130760318484,184.0,0.040859615934138796,0.028708130760318484,-0.4912954365238852,1.8603395146237933,0.0,0.0,172,True,49.694038909663874,49.694038909663874,False,False,2.231163595390875,11.99713185164767,,,sum_of_two_90pct_reference_radii_KBO_coverage_unknown,estimated_KBO_angle_unvalidated,False,False,unavailable_unseen_stadium_bias
2022,69645,장유호,Right,-41.986890357293895,175.7018072076873,0.02152445999948437,-1.0,-0.013434154463419598,179.0,-0.02152445999948437,0.013434154463419598,0.4222242610812347,1.7077439248456228,0.0,0.0,29,True,43.170933625643116,,False,False,,,,,sum_of_two_90pct_reference_radii_KBO_coverage_unknown,withheld_small_sample,False,False,withheld_estimate
2022,69745,김도현,Right,-75.7414944233263,184.643005787436,0.05319029022582138,-1.0,-0.022109750632306427,183.0,-0.05319029022582138,0.022109750632306427,0.7448809695709754,1.7941376086824576,0.0,0.0,209,True,42.865146166910186,42.865146166910186,False,False,2.231163595390875,11.99713185164767,,,sum_of_two_90pct_reference_radii_KBO_coverage_unknown,estimated_KBO_angle_unvalidated,False,False,unavailable_unseen_stadium_bias
2022,69762,박윤철,Right,-47.993192214110124,172.85950660331966,0.03991066870064393,-1.0,-0.01346374581490498,186.0,-0.03991066870064393,0.01346374581490498,0.4827806900450443,1.6845829582338971,0.0,0.0,640,True,37.64323255290186,37.64323255290186,False,False,2.231163595390875,11.99713185164767,,,sum_of_two_90pct_reference_radii_KBO_coverage_unknown,estimated_KBO_angle_unvalidated,False,False,unavailable_unseen_stadium_bias
2022,69940,루친스키,Right,-77.78643737107822,177.10363949608538,0.052827338963729396,-1.0,-0.023461728062463206,188.0,-0.052827338963729396,0.023461728062463206,0.7641230893719327,1.7280703322745086,0.0,0.0,2974,True,35.96187721411228,35.96187721411228,False,False,2.231163595390875,11.99713185164767,,,sum_of_two_90pct_reference_radii_KBO_coverage_unknown,estimated_KBO_angle_unvalidated,False,False,unavailable_unseen_stadium_bias
2022,69962,송명기,Right,-77.73709911364925,152.3652696624808,0.058042054637342806,-1.0,-0.009107479972939545,191.0,-0.058042054637342806,0.009107479972939545,0.7670697996044256,1.4959910599546176,0.0,0.0,2047,True,20.253464566433337,20.253464566433337,False,False,2.231163595390875,11.99713185164767,,,sum_of_two_90pct_reference_radii_KBO_coverage_unknown,estimated_KBO_angle_unvalidated,False,False,unavailable_unseen_stadium_bias
2022,69969,전사민,Right,-64.12148908151859,198.94155425911003,0.047609758699273974,-1.0,-0.035079225112481856,194.0,-0.047609758699273974,0.035079225112481856,0.6336811061104222,1.9363598542912517,0.0,0.0,143,False,47.07292916447386,47.07292916447386,False,False,2.231163595390875,11.99713185164767,32.844633717435315,61.30122461151241,sum_of_two_90pct_reference_radii_KBO_coverage_unknown,estimated_KBO_angle_unvalidated,False,False,reference_only_KBO_angle_unvalidated
2022,69991,하준수,Right,-19.697206543061196,187.89592235579616,0.024504256856421568,-1.0,-0.0169166909779858,189.0,-0.024504256856421568,0.0169166909779858,0.2137728750905008,1.8258757799669756,0.0,0.0,46,False,48.07006989246791,,False,False,,,,,sum_of_two_90pct_reference_radii_KBO_coverage_unknown,withheld_small_sample,False,False,withheld_estimate
2022,72523,고효준,Left,59.64033116297756,172.59599096503948,-0.03847908062556218,-1.0,-0.017605320342380174,179.0,0.03847908062556218,0.017605320342380174,-0.5903048573383454,1.6812853101892087,0.0,0.0,742,True,39.981047842003655,39.981047842003655,False,False,2.231163595390875,11.99713185164767,,,sum_of_two_90pct_reference_radii_KBO_coverage_unknown,estimated_KBO_angle_unvalidated,False,False,unavailable_unseen_stadium_bias
2022,73117,우규민,Right,-106.16793027659871,101.7809495862003,0.07536935238840399,-1.0,0.04457241693237774,184.0,-0.07536935238840399,-0.04457241693237774,1.0475386747601139,1.000356049073353,0.0,0.0,747,True,-11.811105003894966,-11.811105003894966,False,False,2.231163595390875,11.99713185164767,,,sum_of_two_90pct_reference_radii_KBO_coverage_unknown,estimated_KBO_angle_unvalidated,False,False,unavailable_unseen_stadium_bias
2022,73211,노경은,Right,-46.991348050516535,190.95895103203372,0.040178713456766206,-1.0,-0.028604166682926962,187.0,-0.040178713456766206,0.028604166682926962,0.4708124975907724,1.8584973232782658,0.0,0.0,1239,True,47.78554080183495,47.78554080183495,False,False,2.231163595390875,11.99713185164767,,,sum_of_two_90pct_reference_radii_KBO_coverage_unknown,estimated_KBO_angle_unvalidated,False,False,unavailable_unseen_stadium_bias
2022,73738,안영명,Right,-64.74693065130704,189.41156481438492,0.033267399218111435,-1.0,-0.031817859827741754,183.0,-0.033267399218111435,0.031817859827741754,0.6357723700391611,1.8434218667989302,0.0,0.0,49,False,47.09358479267091,,False,False,,,,,sum_of_two_90pct_reference_radii_KBO_coverage_unknown,withheld_small_sample,False,False,withheld_estimate
2022,73801,송은범,Right,-53.34522869818132,183.34410106216663,0.04491054856804365,-1.0,-0.0272133741770928,182.0,-0.04491054856804365,0.0272133741770928,0.5306135800929825,1.7864051746539593,0.0,0.0,451,True,45.234786750476765,45.234786750476765,False,False,2.231163595390875,11.99713185164767,,,sum_of_two_90pct_reference_radii_KBO_coverage_unknown,estimated_KBO_angle_unvalidated,False,False,unavailable_unseen_stadium_bias
2022,74513,장원준,Left,60.299525818884035,173.89989306204043,-0.05810670383809663,-1.0,-0.011155657198596675,184.0,0.05810670383809663,0.011155657198596675,-0.6021600795087111,1.6916341873770078,0.0,0.0,290,True,38.09109376830445,38.09109376830445,False,False,2.231163595390875,11.99713185164767,,,sum_of_two_90pct_reference_radii_KBO_coverage_unknown,estimated_KBO_angle_unvalidated,False,False,unavailable_unseen_stadium_bias
2022,74857,정우람,Left,72.12111039388064,178.5172576328221,-0.06885635373699983,-1.0,-0.021292838499965428,181.0,0.06885635373699983,0.021292838499965428,-0.7126883872993455,1.7380644403424779,0.0,0.0,329,True,40.97137183921045,40.97137183921045,False,False,2.231163595390875,11.99713185164767,,,sum_of_two_90pct_reference_radii_KBO_coverage_unknown,estimated_KBO_angle_unvalidated,False,False,unavailable_unseen_stadium_bias
2022,75340,전유수,Right,-46.83092809351233,182.0357940627252,0.036145173042681215,-1.0,-0.023744493443411806,185.0,-0.036145173042681215,0.023744493443411806,0.4690141635915497,1.773701163251756,0.0,0.0,201,True,43.68007595633124,43.68007595633124,False,False,2.231163595390875,11.99713185164767,,,sum_of_two_90pct_reference_radii_KBO_coverage_unknown,estimated_KBO_angle_unvalidated,False,False,unavailable_unseen_stadium_bias
2022,75421,오승환,Right,-73.63131818549623,168.4748872500754,0.05851774632260625,-1.0,-0.02188530320367521,178.0,-0.05851774632260625,0.02188530320367521,0.7240481553581178,1.6456816240300498,0.0,0.0,951,True,36.28023678806673,36.28023678806673,False,False,2.231163595390875,11.99713185164767,,,sum_of_two_90pct_reference_radii_KBO_coverage_unknown,estimated_KBO_angle_unvalidated,False,False,unavailable_unseen_stadium_bias
2022,75867,김진성,Right,-4.854230588160546,198.50650420256466,0.020948669109847193,-1.0,-0.03435802153241996,186.0,-0.020948669109847193,0.03435802153241996,0.06884422710149002,1.9326046776891557,0.0,0.08505997818974918,917,False,57.55933713906451,57.55933713906451,False,False,2.231163595390875,11.99713185164767,43.33104169202596,71.78763258610306,sum_of_two_90pct_reference_radii_KBO_coverage_unknown,estimated_KBO_angle_unvalidated,False,False,reference_only_KBO_angle_unvalidated
2022,76118,원종현,Right,-64.09977497692188,151.9750530980538,0.04086751577001044,-1.0,-0.007513959820070077,182.0,-0.04086751577001044,0.007513959820070077,0.6345414623110815,1.488738870183272,0.0,0.0,956,True,25.55533425350996,25.55533425350996,False,False,2.231163595390875,11.99713185164767,,,sum_of_two_90pct_reference_radii_KBO_coverage_unknown,estimated_KBO_angle_unvalidated,False,False,unavailable_unseen_stadium_bias
2022,76329,이현승,Left,47.98812793996787,183.7689800376204,-0.03277813398037664,-1.0,-0.024280487596333503,179.0,0.03277813398037664,0.024280487596333503,-0.47840784402596237,1.7874435627335543,0.0,0.0,162,False,47.91920398328054,47.91920398328054,False,False,2.231163595390875,11.99713185164767,33.69090853624199,62.14749943031909,sum_of_two_90pct_reference_radii_KBO_coverage_unknown,estimated_KBO_angle_unvalidated,False,False,reference_only_KBO_angle_unvalidated
2022,76650,진해수,Left,58.2487223145242,197.31108395859337,-0.041060481930661454,-1.0,-0.0218889225394575,187.0,0.041060481930661454,0.0218889225394575,-0.5793197662680631,1.9113894378289353,0.0,0.0,691,True,50.171632497631236,50.171632497631236,False,False,2.231163595390875,11.99713185164767,,,sum_of_two_90pct_reference_radii_KBO_coverage_unknown,estimated_KBO_angle_unvalidated,False,False,unavailable_unseen_stadium_bias
2022,77211,이용찬,Right,-66.74267533870261,174.40224891240948,0.05624329482530896,-1.0,-0.015828392769234065,185.0,-0.05624329482530896,0.015828392769234065,0.6616953628495524,1.6988168280917924,0.0,0.0,952,True,36.81608576835405,36.81608576835405,False,False,2.231163595390875,11.99713185164767,,,sum_of_two_90pct_reference_radii_KBO_coverage_unknown,estimated_KBO_angle_unvalidated,False,False,unavailable_unseen_stadium_bias
2022,77263,김강률,Right,-28.477007849029754,186.69436592216525,0.018890903444223894,-1.0,-0.02677080567207037,187.0,-0.018890903444223894,0.02677080567207037,0.29286737819350517,1.8193227547622612,0.0,0.0,395,True,47.61262046948447,47.61262046948447,False,False,2.231163595390875,11.99713185164767,,,sum_of_two_90pct_reference_radii_KBO_coverage_unknown,estimated_KBO_angle_unvalidated,False,False,unavailable_unseen_stadium_bias
2022,77318,장시환,Right,-46.295451517411706,181.25004868630663,0.02982696994973122,-1.0,-0.021258286260074522,184.0,-0.02982696994973122,0.021258286260074522,0.4633792250717623,1.7645551189260462,0.0,0.0,1138,True,43.68455921921906,43.68455921921906,False,False,2.231163595390875,11.99713185164767,,,sum_of_two_90pct_reference_radii_KBO_coverage_unknown,estimated_KBO_angle_unvalidated,False,False,unavailable_unseen_stadium_bias
2022,77446,백정현,Left,58.52335760339136,178.98370101779543,-0.039881076018515864,-1.0,-0.02682137575186279,184.0,0.039881076018515864,0.02682137575186279,-0.5788496239059203,1.7467279152322843,0.0,0.0,2005,False,41.73146275012152,41.73146275012152,False,False,2.231163595390875,11.99713185164767,27.50316730308298,55.95975819716007,sum_of_two_90pct_reference_radii_KBO_coverage_unknown,estimated_KBO_angle_unvalidated,False,False,reference_only_KBO_angle_unvalidated
2022,77637,양현종,Left,65.44366050757573,187.70146049046218,-0.05157728134170267,-1.0,-0.030053222035459726,183.0,0.05157728134170267,0.030053222035459726,-0.6455898130666955,1.827374201956783,0.0,0.0,2754,True,46.288594193050784,46.288594193050784,False,False,2.231163595390875,11.99713185164767,,,sum_of_two_90pct_reference_radii_KBO_coverage_unknown,estimated_KBO_angle_unvalidated,False,False,unavailable_unseen_stadium_bias
2022,77829,김광현,Left,49.98694304196964,178.83721502634754,-0.02952927690928887,-1.0,-0.01947957927803164,188.0,0.02952927690928887,0.01947957927803164,-0.49912663317802425,1.7427121507115568,0.0,0.0,2627,True,40.69289616946172,40.69289616946172,False,False,2.231163595390875,11.99713185164767,,,sum_of_two_90pct_reference_radii_KBO_coverage_unknown,estimated_KBO_angle_unvalidated,False,False,unavailable_unseen_stadium_bias
2022,77927,장필준,Right,-55.683773393092245,187.22749132969798,0.04058974704071959,-1.0,-0.023406882340871297,190.0,-0.04058974704071959,0.023406882340871297,0.554504335348442,1.8219329547654228,0.0,0.0,473,True,43.113453281348676,43.113453281348676,False,False,2.231163595390875,11.99713185164767,,,sum_of_two_90pct_reference_radii_KBO_coverage_unknown,estimated_KBO_angle_unvalidated,False,False,unavailable_unseen_stadium_bias
2022,78148,정찬헌,Right,-30.12427796254703,175.2929205679046,0.02300931215515172,-1.0,-0.01172770176558842,186.0,-0.02300931215515172,0.01172770176558842,0.312014899905604,1.7064077418430805,0.0,0.0,1395,True,41.1642601201685,41.1642601201685,False,False,2.231163595390875,11.99713185164767,,,sum_of_two_90pct_reference_radii_KBO_coverage_unknown,estimated_KBO_angle_unvalidated,False,False,unavailable_unseen_stadium_bias
2022,78247,홍상삼,Right,-67.6548362835054,192.940758259487,0.04895178718592986,-1.0,-0.02506601539359541,188.0,-0.04895178718592986,0.02506601539359541,0.6684460395939488,1.8735126657564685,0.0,0.0,415,True,45.978850507348454,45.978850507348454,False,False,2.231163595390875,11.99713185164767,,,sum_of_two_90pct_reference_radii_KBO_coverage_unknown,estimated_KBO_angle_unvalidated,False,False,unavailable_unseen_stadium_bias
2022,78352,임창민,Right,-66.48947283675214,182.01570688894003,0.052679543284765706,-1.0,-0.026634271359923686,183.0,-0.052679543284765706,0.026634271359923686,0.6561503321222938,1.7736374024353734,0.0,0.0,488,True,42.52971564167626,42.52971564167626,False,False,2.231163595390875,11.99713185164767,,,sum_of_two_90pct_reference_radii_KBO_coverage_unknown,estimated_KBO_angle_unvalidated,False,False,unavailable_unseen_stadium_bias
2022,78517,하준호,Left,29.062514320130617,165.4980364461439,-0.03405795449451997,-1.0,-0.018872252047848644,174.0,0.03405795449451997,0.018872252047848644,-0.29938159758507893,1.617881427284835,0.0,0.0,323,False,42.45462179925377,42.45462179925377,False,False,2.231163595390875,11.99713185164767,28.226326352215228,56.68291724629232,sum_of_two_90pct_reference_radii_KBO_coverage_unknown,estimated_KBO_angle_unvalidated,False,False,reference_only_KBO_angle_unvalidated
2022,78536,김대우,Right,-78.22108189399854,170.81244675731938,0.06745079291937418,-1.0,-0.02030092757749104,190.0,-0.06745079291937418,0.02030092757749104,0.7712749289929861,1.6701810558329981,0.0,0.0,176,True,31.32965512640277,31.32965512640277,False,False,2.231163595390875,11.99713185164767,,,sum_of_two_90pct_reference_radii_KBO_coverage_unknown,estimated_KBO_angle_unvalidated,False,False,unavailable_unseen_stadium_bias
2022,79140,최동환,Right,-24.265438131283112,192.02820929248492,0.018940870157224544,-1.0,-0.03755058788156635,184.0,-0.018940870157224544,0.03755058788156635,0.25023107626119856,1.873470943070699,0.0,0.015132408575031526,793,True,52.80478001922794,52.80478001922794,False,False,2.231163595390875,11.99713185164767,,,sum_of_two_90pct_reference_radii_KBO_coverage_unknown,estimated_KBO_angle_unvalidated,False,False,unavailable_unseen_stadium_bias
2022,79358,강윤구,Left,15.487781760897951,174.90016027360235,-0.0171303438548713,-1.0,-0.016959024325983448,183.0,0.0171303438548713,0.016959024325983448,-0.17108040063187874,1.7057843043119838,0.0,0.0,355,True,45.51796712602484,45.51796712602484,False,False,2.231163595390875,11.99713185164767,,,sum_of_two_90pct_reference_radii_KBO_coverage_unknown,estimated_KBO_angle_unvalidated,False,False,unavailable_unseen_stadium_bias
2022,79545,진명호,Right,-31.435254599712447,191.2293623269647,0.02079194687833108,-1.0,-0.030227417694379543,193.0,-0.02079194687833108,0.030227417694379543,0.3214682791843425,1.864562217763815,0.0,0.0,294,True,47.03929013462864,47.03929013462864,False,False,2.231163595390875,11.99713185164767,,,sum_of_two_90pct_reference_radii_KBO_coverage_unknown,estimated_KBO_angle_unvalidated,False,False,unavailable_unseen_stadium_bias
2022,79764,장민재,Right,-67.36056371820067,185.40071703020746,0.04444829168379865,-1.0,-0.01591805041153332,184.0,-0.04444829168379865,0.01591805041153332,0.6661606456428608,1.798000172878521,0.0,0.0,2030,True,43.41945935621793,43.41945935621793,False,False,2.231163595390875,11.99713185164767,,,sum_of_two_90pct_reference_radii_KBO_coverage_unknown,estimated_KBO_angle_unvalidated,False,False,unavailable_unseen_stadium_bias
2022,79847,김태훈,Left,52.12800985162986,187.1409568383902,-0.04821565539619733,-1.0,-0.029683965068481623,176.0,0.04821565539619733,0.029683965068481623,-0.5182869429982022,1.820441849440709,0.0,0.0,118,True,50.95914817230104,50.95914817230104,False,False,2.231163595390875,11.99713185164767,,,sum_of_two_90pct_reference_radii_KBO_coverage_unknown,estimated_KBO_angle_unvalidated,False,False,unavailable_unseen_stadium_bias
2023,50030,소형준,Right,-40.95615072662112,173.88752135570246,0.034463767483003865,-1.0,-0.013727572290207246,189.0,-0.034463767483003865,0.013727572290207246,0.4159705028647084,1.6954817150428887,0.0,0.0,231,False,37.76211784333096,37.76211784333096,False,False,2.231163595390875,11.99713185164767,23.53382239629242,51.9904132903695,sum_of_two_90pct_reference_radii_KBO_coverage_unknown,estimated_KBO_angle_unvalidated,False,False,reference_only_KBO_angle_unvalidated
2023,50106,유영찬,Right,-39.30681175671456,183.00570219354424,0.03699781084525698,-1.0,-0.030308037352857597,185.0,-0.03699781084525698,0.030308037352857597,0.3965172592282254,1.7870166032456354,0.0,0.0,1131,True,45.36333893092146,45.36333893092146,False,False,2.231163595390875,11.99713185164767,,,sum_of_two_90pct_reference_radii_KBO_coverage_unknown,estimated_KBO_angle_unvalidated,False,False,unavailable_unseen_stadium_bias
2023,50126,이민호,Right,-59.42140208754623,168.52188214556662,0.04303485206470334,-1.0,-0.012364495667441492,189.0,-0.04303485206470334,0.012364495667441492,0.5916504645185785,1.6448519620920004,0.0,0.0,369,False,32.46180704140094,32.46180704140094,False,False,2.231163595390875,11.99713185164767,18.233511594362394,46.69010248843948,sum_of_two_90pct_reference_radii_KBO_coverage_unknown,estimated_KBO_angle_unvalidated,False,False,reference_only_KBO_angle_unvalidated
2023,50157,김윤식,Left,45.21289020210634,182.3780707362742,-0.036485342287855035,-1.0,-0.01617138428052323,181.0,0.036485342287855035,0.01617138428052323,-0.4550903015627124,1.770989398460886,0.0,0.0,1191,True,46.25349672890881,46.25349672890881,False,False,2.231163595390875,11.99713185164767,,,sum_of_two_90pct_reference_radii_KBO_coverage_unknown,estimated_KBO_angle_unvalidated,False,False,unavailable_unseen_stadium_bias
2023,50211,제환유,Right,-32.6419721551781,174.2924117204536,0.02651752602439587,-1.0,-0.0029612916872451015,183.0,-0.02651752602439587,0.0029612916872451015,0.3380143868084098,1.6909392088746782,0.0,0.0,53,False,41.29525219548414,,False,False,,,,,sum_of_two_90pct_reference_radii_KBO_coverage_unknown,withheld_small_sample,False,False,withheld_estimate
2023,50354,이종민,Left,59.1345563320601,182.67501015913453,-0.052386397104515765,-1.0,-0.026398040903742963,185.0,0.052386397104515765,0.026398040903742963,-0.5870978654629061,1.7807231017682557,0.0,0.0,294,True,43.19822310448729,43.19822310448729,False,False,2.231163595390875,11.99713185164767,,,sum_of_two_90pct_reference_radii_KBO_coverage_unknown,estimated_KBO_angle_unvalidated,False,False,unavailable_unseen_stadium_bias
2023,50360,김동혁,Right,-82.48537289552273,107.72720239156935,0.07204971646852149,-1.0,0.04093866927810685,184.0,-0.07204971646852149,-0.04093866927810685,0.8228992392428384,1.0581704722774479,0.0,0.0,718,True,-4.769224310956453,-4.769224310956453,False,False,2.231163595390875,11.99713185164767,,,sum_of_two_90pct_reference_radii_KBO_coverage_unknown,estimated_KBO_angle_unvalidated,False,False,unavailable_unseen_stadium_bias
2023,50404,뷰캐넌,Right,-67.82481095927277,189.83698682005803,0.04636011451666413,-1.0,-0.022968744552259127,190.0,-0.04636011451666413,0.022968744552259127,0.6703021602912623,1.8446757670778042,0.0,0.0,2984,True,43.165297475361164,43.165297475361164,False,False,2.231163595390875,11.99713185164767,,,sum_of_two_90pct_reference_radii_KBO_coverage_unknown,estimated_KBO_angle_unvalidated,False,False,unavailable_unseen_stadium_bias
2023,50430,홍원표,Right,-57.54766038579013,174.62536468461414,0.048348013745576325,-1.0,-0.009794449755863322,183.0,-0.048348013745576325,0.009794449755863322,0.5748664401662084,1.696939830321534,0.0,0.0,56,False,38.70635551836041,,False,False,,,,,sum_of_two_90pct_reference_radii_KBO_coverage_unknown,withheld_small_sample,False,False,withheld_estimate
2023,50441,황동재,Right,-54.93450765254469,189.44888708441235,0.04351733544890967,-1.0,-0.0245988549952384,191.0,-0.04351733544890967,0.0245988549952384,0.5478921651046006,1.8433303168858546,0.0,0.0,551,False,43.9820689980718,43.9820689980718,False,False,2.231163595390875,11.99713185164767,29.75377355103326,58.21036444511034,sum_of_two_90pct_reference_radii_KBO_coverage_unknown,estimated_KBO_angle_unvalidated,False,False,reference_only_KBO_angle_unvalidated
2023,50449,허윤동,Left,46.58766371291024,177.9798340383218,-0.03394902297214753,-1.0,-0.015864391751084866,181.0,0.03394902297214753,0.015864391751084866,-0.46747074361160545,1.7306684679083326,0.0,0.0,228,False,43.66012830657841,43.66012830657841,False,False,2.231163595390875,11.99713185164767,29.431832859539863,57.88842375361695,sum_of_two_90pct_reference_radii_KBO_coverage_unknown,estimated_KBO_angle_unvalidated,False,False,reference_only_KBO_angle_unvalidated
2023,50556,최준용,Right,-85.74861901147902,167.11903055608906,0.06294323375511972,-1.0,-0.011432160263878595,185.0,-0.06294323375511972,0.011432160263878595,0.842833308450963,1.6288524324439992,0.0,0.0,804,True,30.365925547364984,30.365925547364984,False,False,2.231163595390875,11.99713185164767,,,sum_of_two_90pct_reference_radii_KBO_coverage_unknown,estimated_KBO_angle_unvalidated,False,False,unavailable_unseen_stadium_bias
2023,50558,스트레일리,Right,-76.13203412964937,184.73169626596328,0.05152666316257525,-1.0,-0.019319578719491828,189.0,-0.05152666316257525,0.019319578719491828,0.7499865111309143,1.7953205083905948,0.0,0.0,1383,False,39.768505248784535,39.768505248784535,False,False,2.231163595390875,11.99713185164767,25.54020980174599,53.99680069582308,sum_of_two_90pct_reference_radii_KBO_coverage_unknown,estimated_KBO_angle_unvalidated,False,False,reference_only_KBO_angle_unvalidated
2023,50662,정해영,Right,-62.161468605870674,192.98131458606372,0.04425486403481426,-1.0,-0.03786867695414415,189.0,-0.04425486403481426,0.03786867695414415,0.612761537610122,1.8821449243280346,0.0,0.0,750,True,46.594008535047294,46.594008535047294,False,False,2.231163595390875,11.99713185164767,,,sum_of_two_90pct_reference_radii_KBO_coverage_unknown,estimated_KBO_angle_unvalidated,False,False,unavailable_unseen_stadium_bias
2023,50705,강재민,Right,-62.51727802706909,126.35316722933858,0.04035141147885029,-1.0,0.01983565935580518,180.0,-0.04035141147885029,-0.01983565935580518,0.6245420743303075,1.2390103433402477,0.0,0.0,782,True,11.027313452881362,11.027313452881362,False,False,2.231163595390875,11.99713185164767,,,sum_of_two_90pct_reference_radii_KBO_coverage_unknown,estimated_KBO_angle_unvalidated,False,False,unavailable_unseen_stadium_bias
2023,50720,남지민,Right,-36.24922354171041,192.99810395890867,0.017558732778255464,-1.0,-0.024077492111100905,181.0,-0.017558732778255464,0.024077492111100905,0.36613216649891117,1.872235391646079,0.0,0.0,672,True,52.87137169834244,52.87137169834244,False,False,2.231163595390875,11.99713185164767,,,sum_of_two_90pct_reference_radii_KBO_coverage_unknown,estimated_KBO_angle_unvalidated,False,False,unavailable_unseen_stadium_bias
2023,50726,한승주,Right,-52.32347833240166,181.23663936502652,0.03217651355509071,-1.0,-0.01473618016300433,183.0,-0.03217651355509071,0.01473618016300433,0.522147651833849,1.759811891454441,0.0,0.0,1264,True,43.19347802502855,43.19347802502855,False,False,2.231163595390875,11.99713185164767,,,sum_of_two_90pct_reference_radii_KBO_coverage_unknown,estimated_KBO_angle_unvalidated,False,False,unavailable_unseen_stadium_bias
2023,50859,오원석,Left,69.82052096405344,173.55838791554018,-0.052493100503709034,-1.0,-0.018540881310606452,182.0,0.052493100503709034,0.018540881310606452,-0.6889311808416855,1.6913627243805416,0.0,0.0,2562,True,37.89076803319626,37.89076803319626,False,False,2.231163595390875,11.99713185164767,,,sum_of_two_90pct_reference_radii_KBO_coverage_unknown,estimated_KBO_angle_unvalidated,False,False,unavailable_unseen_stadium_bias
2023,50995,정구범,Left,69.1831628175509,177.09293499736168,-0.052387571752989213,-1.0,-0.019659695402687367,183.0,0.052387571752989213,0.019659695402687367,-0.6829954174746345,1.7245386771812719,0.0,0.0,286,False,39.52344421711879,39.52344421711879,False,False,2.231163595390875,11.99713185164767,25.295148770080242,53.75173966415733,sum_of_two_90pct_reference_radii_KBO_coverage_unknown,estimated_KBO_angle_unvalidated,False,False,reference_only_KBO_angle_unvalidated
2023,51097,김영현,Right,-32.67384617599652,172.1618457226065,0.024181834616601172,-1.0,-0.024227495245878448,177.0,-0.024181834616601172,0.024227495245878448,0.33144916772211086,1.6821010745920946,0.0,0.0,556,False,43.69991847710975,43.69991847710975,False,False,2.231163595390875,11.99713185164767,29.471623030071203,57.928213924148295,sum_of_two_90pct_reference_radii_KBO_coverage_unknown,estimated_KBO_angle_unvalidated,False,False,reference_only_KBO_angle_unvalidated
2023,51111,송승기,Left,32.806973911348365,177.17897321315868,-0.04547438784906706,-1.0,-0.0222394295378894,181.0,0.04547438784906706,0.0222394295378894,-0.33753967302763865,1.7285886438900326,0.0,0.0,18,False,45.320903883306656,,False,False,,,,,sum_of_two_90pct_reference_radii_KBO_coverage_unknown,withheld_small_sample,False,False,withheld_estimate
2023,51143,강효종,Right,-64.07227203324139,175.15834462573557,0.04437858501260875,-1.0,-0.011160704272153496,182.0,-0.04437858501260875,0.011160704272153496,0.6353549684763778,1.7016384286851627,0.0,0.0,444,False,38.78591110450709,38.78591110450709,False,False,2.231163595390875,11.99713185164767,24.55761565746855,53.01420655154564,sum_of_two_90pct_reference_radii_KBO_coverage_unknown,estimated_KBO_angle_unvalidated,False,False,reference_only_KBO_angle_unvalidated
2023,51230,김동주,Right,-79.35190232847171,194.27363061545665,0.061372443715488306,-1.0,-0.030787769582131565,190.0,-0.061372443715488306,0.030787769582131565,0.7797867017197245,1.88930171877889,0.0,0.0,1318,False,44.726734197516556,44.726734197516556,False,False,2.231163595390875,11.99713185164767,30.498438750478012,58.9550296445551,sum_of_two_90pct_reference_radii_KBO_coverage_unknown,estimated_KBO_angle_unvalidated,False,False,reference_only_KBO_angle_unvalidated
2023,51264,최승용,Left,64.94546344990617,179.37364384863824,-0.050202800768843384,-1.0,-0.018782694576364115,190.0,0.050202800768843384,0.018782694576364115,-0.6441406728316481,1.747455212916213,0.0,0.0,1832,False,38.09325975447422,38.09325975447422,False,False,2.231163595390875,11.99713185164767,23.864964307435674,52.321555201512766,sum_of_two_90pct_reference_radii_KBO_coverage_unknown,estimated_KBO_angle_unvalidated,False,False,reference_only_KBO_angle_unvalidated
2023,51301,김성진,Right,-84.23466425124082,170.10906649776194,0.057565111420383425,-1.0,-0.01824042846740992,183.0,-0.057565111420383425,0.01824042846740992,0.8258260421761194,1.659314413612384,0.0,0.0,824,True,33.481847939482684,33.481847939482684,False,False,2.231163595390875,11.99713185164767,,,sum_of_two_90pct_reference_radii_KBO_coverage_unknown,estimated_KBO_angle_unvalidated,False,False,unavailable_unseen_stadium_bias
2023,51359,장재영,Right,-34.69382590903332,177.6841206069587,0.023395265980422412,-1.0,-0.02332310487132348,187.0,-0.023395265980422412,0.02332310487132348,0.35258102529799207,1.7351007813694865,0.0,0.0,1443,True,41.86641873613195,41.86641873613195,False,False,2.231163595390875,11.99713185164767,,,sum_of_two_90pct_reference_radii_KBO_coverage_unknown,estimated_KBO_angle_unvalidated,False,False,unavailable_unseen_stadium_bias
2023,51393,김준형,Right,-39.15970470512391,177.0980007040293,0.022871215264906656,-1.0,-0.018730920502429957,182.0,-0.022871215264906656,0.018730920502429957,0.3949766956943212,1.7249111728828044,0.0,0.0,146,True,43.09195274130698,43.09195274130698,False,False,2.231163595390875,11.99713185164767,,,sum_of_two_90pct_reference_radii_KBO_coverage_unknown,estimated_KBO_angle_unvalidated,False,False,unavailable_unseen_stadium_bias
2023,51454,이승현,Left,47.204425076366505,200.75513058344822,-0.03496435104126642,-1.0,-0.032244709860351814,183.0,0.03496435104126642,0.032244709860351814,-0.47103827064317166,1.9480618479124976,0.0,0.0,723,True,55.71008589150484,55.71008589150484,False,False,2.231163595390875,11.99713185164767,,,sum_of_two_90pct_reference_radii_KBO_coverage_unknown,estimated_KBO_angle_unvalidated,False,False,unavailable_unseen_stadium_bias
2023,51460,이재희,Right,-30.121743842154658,185.22106572836574,0.022011643376491457,-1.0,-0.03288703911177041,187.0,-0.022011643376491457,0.03288703911177041,0.3072444950776828,1.8095793493753771,0.0,0.0,140,False,46.85538354963342,46.85538354963342,False,False,2.231163595390875,11.99713185164767,32.62708810259488,61.08367899667196,sum_of_two_90pct_reference_radii_KBO_coverage_unknown,estimated_KBO_angle_unvalidated,False,False,reference_only_KBO_angle_unvalidated
2023,51516,김진욱,Left,38.19863294933712,187.13715571005312,-0.03051762880394984,-1.0,-0.024983878021154773,185.0,0.03051762880394984,0.024983878021154773,-0.3866377337487027,1.821232917470078,0.0,0.0,699,True,48.25494819009215,48.25494819009215,False,False,2.231163595390875,11.99713185164767,,,sum_of_two_90pct_reference_radii_KBO_coverage_unknown,estimated_KBO_angle_unvalidated,False,False,unavailable_unseen_stadium_bias
2023,51526,우강훈,Right,-106.45517890938059,135.48410333708432,0.07813871860129133,-1.0,0.020362681588801456,183.0,-0.07813871860129133,-0.020362681588801456,1.0464825707475502,1.3207211161533756,0.0,0.0,117,True,9.226000659451184,9.226000659451184,False,False,2.231163595390875,11.99713185164767,,,sum_of_two_90pct_reference_radii_KBO_coverage_unknown,estimated_KBO_angle_unvalidated,False,False,unavailable_unseen_stadium_bias
2023,51586,김창훈,Right,-81.69729818176565,191.2813689290469,0.059354602916155415,-1.0,-0.028802589650771194,185.0,-0.059354602916155415,0.028802589650771194,0.8011175829902383,1.8589205270489693,0.0,0.0,56,False,45.29840051231354,,False,False,,,,,sum_of_two_90pct_reference_radii_KBO_coverage_unknown,withheld_small_sample,False,False,withheld_estimate
2023,51648,이의리,Left,69.28160662665537,180.7613924200515,-0.04990242137586719,-1.0,-0.027261473620964347,185.0,0.04990242137586719,0.027261473620964347,-0.6821540381196498,1.763033722383683,0.0,0.0,2451,True,40.91799306812875,40.91799306812875,False,False,2.231163595390875,11.99713185164767,,,sum_of_two_90pct_reference_radii_KBO_coverage_unknown,estimated_KBO_angle_unvalidated,False,False,unavailable_unseen_stadium_bias
2023,51713,김규연,Right,-50.713746854026155,179.40621442860873,0.04077066939809653,-1.0,-0.024106091257984227,183.0,-0.04077066939809653,0.024106091257984227,0.5058218132536481,1.7491864088191063,0.0,0.0,343,True,42.734712672393385,42.734712672393385,False,False,2.231163595390875,11.99713185164767,,,sum_of_two_90pct_reference_radii_KBO_coverage_unknown,estimated_KBO_angle_unvalidated,False,False,unavailable_unseen_stadium_bias
2023,51715,김기중,Left,47.54283981296754,191.10304675425309,-0.04257884312798756,-1.0,-0.02529098120353545,186.0,0.04257884312798756,0.02529098120353545,-0.47708652844111576,1.8575067437807122,0.0,0.0,1021,True,48.72977733623725,48.72977733623725,False,False,2.231163595390875,11.99713185164767,,,sum_of_two_90pct_reference_radii_KBO_coverage_unknown,estimated_KBO_angle_unvalidated,False,False,unavailable_unseen_stadium_bias
2023,51948,이용준,Right,-61.950201991270944,186.40924068800942,0.04354189499095322,-1.0,-0.020744140977534523,180.0,-0.04354189499095322,0.020744140977534523,0.6131361312726648,1.8089959254782053,0.0,0.0,1277,True,46.772042360829374,46.772042360829374,False,False,2.231163595390875,11.99713185164767,,,sum_of_two_90pct_reference_radii_KBO_coverage_unknown,estimated_KBO_angle_unvalidated,False,False,unavailable_unseen_stadium_bias
2023,51994,한재승,Right,-50.15991121689163,184.54178963092124,0.030526624926003963,-1.0,-0.029155140101926078,180.0,-0.030526624926003963,0.029155140101926078,0.4975258345252429,1.7975034898099096,0.0,0.0,181,True,47.31810573712427,47.31810573712427,False,False,2.231163595390875,11.99713185164767,,,sum_of_two_90pct_reference_radii_KBO_coverage_unknown,estimated_KBO_angle_unvalidated,False,False,unavailable_unseen_stadium_bias
2023,52043,벤자민,Left,80.7502801622769,192.40472941443164,-0.061370480372413,-1.0,-0.02849301061794196,188.0,0.061370480372413,0.02849301061794196,-0.7931298714084374,1.8701393077366177,0.0,0.0,2641,True,44.6256497789451,44.6256497789451,False,False,2.231163595390875,11.99713185164767,,,sum_of_two_90pct_reference_radii_KBO_coverage_unknown,estimated_KBO_angle_unvalidated,False,False,unavailable_unseen_stadium_bias
2023,52060,박영현,Right,-41.12012475108554,158.42161968829922,0.037314005369222566,-1.0,-0.01733269474772963,183.0,-0.037314005369222566,0.01733269474772963,0.4151240181150968,1.5550946046788088,0.0,0.0,1214,True,32.095362202337824,32.095362202337824,False,False,2.231163595390875,11.99713185164767,,,sum_of_two_90pct_reference_radii_KBO_coverage_unknown,estimated_KBO_angle_unvalidated,False,False,unavailable_unseen_stadium_bias
2023,52145,플럿코,Right,-46.10111756588276,186.06758764931507,0.03335011441667937,-1.0,-0.02257283210804888,190.0,-0.03335011441667937,0.02257283210804888,0.46303775874908765,1.8113627171465359,0.0,0.0,1928,True,43.578691835331135,43.578691835331135,False,False,2.231163595390875,11.99713185164767,,,sum_of_two_90pct_reference_radii_KBO_coverage_unknown,estimated_KBO_angle_unvalidated,False,False,unavailable_unseen_stadium_bias
2023,52204,이병헌,Left,45.12754591335464,172.28687815083717,-0.03447761934116994,-1.0,-0.021408376232671833,183.0,0.03447761934116994,0.021408376232671833,-0.4523334296423213,1.6831030167143906,0.0,0.0,516,False,40.08676185521745,40.08676185521745,False,False,2.231163595390875,11.99713185164767,25.85846640817891,54.315057302255994,sum_of_two_90pct_reference_radii_KBO_coverage_unknown,estimated_KBO_angle_unvalidated,False,False,reference_only_KBO_angle_unvalidated
2023,52206,최지강,Right,-61.92759315272133,162.66661984309556,0.04192418243552376,-1.0,-0.011848808409593068,180.0,-0.04192418243552376,0.011848808409593068,0.6134460143734287,1.5879401611250445,0.0,0.0,398,True,32.93160338470487,32.93160338470487,False,False,2.231163595390875,11.99713185164767,,,sum_of_two_90pct_reference_radii_KBO_coverage_unknown,estimated_KBO_angle_unvalidated,False,False,unavailable_unseen_stadium_bias
2023,52257,브랜든,Left,74.46629572018288,187.32179117899082,-0.053072814790602024,-1.0,-0.02688663568433737,190.0,0.053072814790602024,0.02688663568433737,-0.7329098781464444,1.8239035935271317,0.0,0.0,1533,True,41.54123564115316,41.54123564115316,False,False,2.231163595390875,11.99713185164767,,,sum_of_two_90pct_reference_radii_KBO_coverage_unknown,estimated_KBO_angle_unvalidated,False,False,unavailable_unseen_stadium_bias
2023,52295,이원재,Left,56.739760470692666,183.80205190583763,-0.047742668609728804,-1.0,-0.03837329959040425,187.0,0.047742668609728804,0.03837329959040425,-0.5611111030735316,1.7988602697016534,0.0,0.0,34,False,43.66514249468051,,False,False,,,,,sum_of_two_90pct_reference_radii_KBO_coverage_unknown,withheld_small_sample,False,False,withheld_estimate
2023,52330,주승우,Right,-18.68303742778954,181.27341090351825,0.015697066312059124,-1.0,-0.027710088938911574,180.0,-0.015697066312059124,0.027710088938911574,0.19820119652295803,1.768767987262148,0.0,0.0,380,True,49.18416437505583,49.18416437505583,False,False,2.231163595390875,11.99713185164767,,,sum_of_two_90pct_reference_radii_KBO_coverage_unknown,estimated_KBO_angle_unvalidated,False,False,unavailable_unseen_stadium_bias
2023,52395,윤석원,Left,44.496139320102216,184.91861579073904,-0.027109000060947238,-1.0,-0.017309601788606747,185.0,0.027109000060947238,0.017309601788606747,-0.4473548968575801,1.79591683833185,0.0,0.0,412,True,45.941331601480115,45.941331601480115,False,False,2.231163595390875,11.99713185164767,,,sum_of_two_90pct_reference_radii_KBO_coverage_unknown,estimated_KBO_angle_unvalidated,False,False,unavailable_unseen_stadium_bias
2023,52397,이명종,Right,-45.46521240485269,164.7457186702633,0.03419536235551811,-1.0,-0.0019091112231265936,180.0,-0.03419536235551811,0.0019091112231265936,0.45946919965246685,1.6018327850047112,0.0,0.0,1019,True,35.723595834160264,35.723595834160264,False,False,2.231163595390875,11.99713185164767,,,sum_of_two_90pct_reference_radii_KBO_coverage_unknown,estimated_KBO_angle_unvalidated,False,False,unavailable_unseen_stadium_bias
2023,52457,수아레즈,Right,-43.753013808138526,189.62352510695183,0.041220078789758495,-1.0,-0.033131481301934454,190.0,-0.041220078789758495,0.033131481301934454,0.43966061011994134,1.850409760278998,0.0,0.0,1662,False,46.18481200821262,46.18481200821262,False,False,2.231163595390875,11.99713185164767,31.956516561174073,60.413107455251165,sum_of_two_90pct_reference_radii_KBO_coverage_unknown,estimated_KBO_angle_unvalidated,False,False,reference_only_KBO_angle_unvalidated
2023,52460,김서준,Right,-71.33440424586779,167.64437716510534,0.06896818243496797,-1.0,-0.0180215582221313,183.0,-0.06896818243496797,0.0180215582221313,0.7057560352717012,1.638106574882377,0.0,0.0,142,False,33.509527537029605,33.509527537029605,False,False,2.231163595390875,11.99713185164767,19.28123208999106,47.737822984068146,sum_of_two_90pct_reference_radii_KBO_coverage_unknown,estimated_KBO_angle_unvalidated,False,False,reference_only_KBO_angle_unvalidated
2023,52528,반즈,Left,54.59444112478802,177.63699654261913,-0.0481964222308648,-1.0,-0.016345801827954885,189.0,0.0481964222308648,0.016345801827954885,-0.5464586018635272,1.7305578222039864,0.0,0.0,2654,False,38.866973595234285,38.866973595234285,False,False,2.231163595390875,11.99713185164767,24.63867814819574,53.09526904227283,sum_of_two_90pct_reference_radii_KBO_coverage_unknown,estimated_KBO_angle_unvalidated,False,False,reference_only_KBO_angle_unvalidated
2023,52530,이민석,Right,-55.09544293797729,184.09099820009996,0.033915347272267915,-1.0,-0.02636769698369887,189.0,-0.033915347272267915,0.02636769698369887,0.546786020089044,1.7946834914530576,0.0,0.0,29,False,42.05583526151709,,False,False,,,,,sum_of_two_90pct_reference_radii_KBO_coverage_unknown,withheld_small_sample,False,False,withheld_estimate
2023,52558,진승현,Right,-20.66562080341525,184.0736246809555,0.016057634637789104,-1.0,-0.0199811492206432,184.0,-0.016057634637789104,0.0199811492206432,0.21975460544808684,1.7908676616541248,0.0,0.0,481,True,48.30325995819527,48.30325995819527,False,False,2.231163595390875,11.99713185164767,,,sum_of_two_90pct_reference_radii_KBO_coverage_unknown,estimated_KBO_angle_unvalidated,False,False,unavailable_unseen_stadium_bias
2023,52606,파노니,Left,59.011777363909665,166.66743509651323,-0.04553388662460412,-1.0,-0.015343715699887519,185.0,0.04553388662460412,0.015343715699887519,-0.5866622098103954,1.6284798660348554,0.0,0.0,1410,True,34.03208594167033,34.03208594167033,False,False,2.231163595390875,11.99713185164767,,,sum_of_two_90pct_reference_radii_KBO_coverage_unknown,estimated_KBO_angle_unvalidated,False,False,unavailable_unseen_stadium_bias
2023,52639,최지민,Left,66.22604602214601,169.33722267916576,-0.05636360525131554,-1.0,-0.0262042600388221,185.0,0.05636360525131554,0.0262042600388221,-0.653890213913746,1.6590546267960655,0.0,0.0,958,True,34.96075424054048,34.96075424054048,False,False,2.231163595390875,11.99713185164767,,,sum_of_two_90pct_reference_radii_KBO_coverage_unknown,estimated_KBO_angle_unvalidated,False,False,unavailable_unseen_stadium_bias
2023,52641,황동하,Right,-37.421786337851835,176.12473838382073,0.03621157006625312,-1.0,-0.019830903451965143,183.0,-0.03621157006625312,0.019830903451965143,0.38050499317938474,1.7176426264217624,0.0,0.0,575,True,42.35416691040789,42.35416691040789,False,False,2.231163595390875,11.99713185164767,,,sum_of_two_90pct_reference_radii_KBO_coverage_unknown,estimated_KBO_angle_unvalidated,False,False,unavailable_unseen_stadium_bias
2023,52701,문동주,Right,-38.5331060672313,191.83037394496228,0.026107888050142875,-1.0,-0.02921326625875469,188.0,-0.026107888050142875,0.02921326625875469,0.3888004768820675,1.8672945631959033,0.0,0.0,2051,True,48.783128929086445,48.783128929086445,False,False,2.231163595390875,11.99713185164767,,,sum_of_two_90pct_reference_radii_KBO_coverage_unknown,estimated_KBO_angle_unvalidated,False,False,unavailable_unseen_stadium_bias
2023,52720,페냐,Right,-75.09822154580094,191.64366054730135,0.05673947590550012,-1.0,-0.031859355027110785,188.0,-0.05673947590550012,0.031859355027110785,0.7381402013846345,1.8655025833893675,0.0,0.0,2884,True,44.746287556335766,44.746287556335766,False,False,2.231163595390875,11.99713185164767,,,sum_of_two_90pct_reference_radii_KBO_coverage_unknown,estimated_KBO_angle_unvalidated,False,False,unavailable_unseen_stadium_bias
2023,52731,박준영,Right,-43.867660858642274,194.2542155365756,0.021640279721523003,-1.0,-0.036232506497011464,190.0,-0.021640279721523003,0.036232506497011464,0.437144131558858,1.8936876876514184,0.0,0.0,101,False,48.78632201165044,48.78632201165044,False,False,2.231163595390875,11.99713185164767,34.55802656461189,63.01461745868899,sum_of_two_90pct_reference_radii_KBO_coverage_unknown,estimated_KBO_angle_unvalidated,False,False,reference_only_KBO_angle_unvalidated
2023,52868,이기순,Left,57.926328382812635,167.8951114373677,-0.03810807836631578,-1.0,-0.005240439217193291,174.0,0.03810807836631578,0.005240439217193291,-0.5761028154905035,1.6295226548182304,0.0,0.0,63,False,39.361059970604565,,False,False,,,,,sum_of_two_90pct_reference_radii_KBO_coverage_unknown,withheld_small_sample,False,False,withheld_estimate
2023,52873,신헌민,Right,-47.55436981629389,178.4077852256221,0.04210551144162506,-1.0,-0.01676329131024859,187.0,-0.04210551144162506,0.01676329131024859,0.47865539756527214,1.7374169078453952,0.0,0.0,237,False,40.40365986735527,40.40365986735527,False,False,2.231163595390875,11.99713185164767,26.17536442031673,54.63195531439382,sum_of_two_90pct_reference_radii_KBO_coverage_unknown,estimated_KBO_angle_unvalidated,False,False,reference_only_KBO_angle_unvalidated
2023,52902,임지민,Right,-36.42821681896617,183.35456569129934,0.03532638940960814,-1.0,-0.03787024820376144,185.0,-0.03532638940960814,0.03787024820376144,0.3671821799381043,1.794866404743557,0.0,0.0,54,False,46.19480340555751,,False,False,,,,,sum_of_two_90pct_reference_radii_KBO_coverage_unknown,withheld_small_sample,False,False,withheld_estimate
2023,52903,조민석,Right,-45.62518637859962,174.20047861071598,0.04559228025136639,-1.0,-0.023042206446890468,180.0,-0.04559228025136639,0.023042206446890468,0.4580110716824435,1.7007237243934743,0.0,0.0,543,True,41.81408140084211,41.81408140084211,False,False,2.231163595390875,11.99713185164767,,,sum_of_two_90pct_reference_radii_KBO_coverage_unknown,estimated_KBO_angle_unvalidated,False,False,unavailable_unseen_stadium_bias
2023,53006,강건,Right,-63.17896333442259,180.848317808461,0.03300198451376353,-1.0,-0.02059430713041286,183.0,-0.03300198451376353,0.02059430713041286,0.6232432540724021,1.7590225182559696,0.0,0.0,103,False,41.98629515737068,41.98629515737068,False,False,2.231163595390875,11.99713185164767,27.757999710332133,56.214590604409224,sum_of_two_90pct_reference_radii_KBO_coverage_unknown,estimated_KBO_angle_unvalidated,False,False,reference_only_KBO_angle_unvalidated
2023,53029,김정운,Right,-74.97500486978642,126.00677702696748,0.058309039301514314,-1.0,0.007839616081672227,184.0,-0.058309039301514314,-0.007839616081672227,0.7425668853482575,1.244132252829563,0.0,0.0,138,True,8.023379710448406,8.023379710448406,False,False,2.231163595390875,11.99713185164767,,,sum_of_two_90pct_reference_radii_KBO_coverage_unknown,estimated_KBO_angle_unvalidated,False,False,unavailable_unseen_stadium_bias
2023,53040,슐서,Right,-46.6639268244614,188.25036398976175,0.039521748349891694,-1.0,-0.03063414819873411,188.0,-0.039521748349891694,0.03063414819873411,0.4670956593741174,1.8354639655729652,0.0,0.0,814,False,45.94692942667153,45.94692942667153,False,False,2.231163595390875,11.99713185164767,31.718633979632987,60.17522487371008,sum_of_two_90pct_reference_radii_KBO_coverage_unknown,estimated_KBO_angle_unvalidated,False,False,reference_only_KBO_angle_unvalidated
2023,53139,박명근,Right,-85.71461627969734,129.03998938280972,0.07126274060063284,-1.0,0.01718294367931898,174.0,-0.07126274060063284,-0.01718294367931898,0.8469431943588634,1.2621832094180343,0.0,0.0,944,True,11.925672533754696,11.925672533754696,False,False,2.231163595390875,11.99713185164767,,,sum_of_two_90pct_reference_radii_KBO_coverage_unknown,estimated_KBO_angle_unvalidated,False,False,unavailable_unseen_stadium_bias
2023,53164,김동규,Right,-15.961750999874392,192.09781556322878,0.02009083308815923,-1.0,-0.03778278024495478,194.0,-0.02009083308815923,0.03778278024495478,0.17358718954576605,1.8784349232202353,0.0,0.0,143,False,49.29669540145295,49.29669540145295,False,False,2.231163595390875,11.99713185164767,35.0683999544144,63.5249908484915,sum_of_two_90pct_reference_radii_KBO_coverage_unknown,estimated_KBO_angle_unvalidated,False,False,reference_only_KBO_angle_unvalidated
2023,53233,딜런,Right,-91.73277285242112,175.3930393247891,0.0712914462314196,-1.0,-0.014221725723066275,185.0,-0.0712914462314196,0.014221725723066275,0.9004522836134119,1.7055176443922124,0.0,0.0,175,False,34.58519658616073,34.58519658616073,False,False,2.231163595390875,11.99713185164767,20.356901139122183,48.81349203319927,sum_of_two_90pct_reference_radii_KBO_coverage_unknown,estimated_KBO_angle_unvalidated,False,False,reference_only_KBO_angle_unvalidated
2023,53262,김유성,Right,-50.285391901022756,192.37628388800832,0.03349585958180512,-1.0,-0.031310861361088016,190.0,-0.03349585958180512,0.031310861361088016,0.5007359728909104,1.873599055060907,0.0,0.0,171,False,46.84256204839746,46.84256204839746,False,False,2.231163595390875,11.99713185164767,32.61426660135892,61.070857495436,sum_of_two_90pct_reference_radii_KBO_coverage_unknown,estimated_KBO_angle_unvalidated,False,False,reference_only_KBO_angle_unvalidated
2023,53298,백승우,Left,47.14474170282378,186.0137341031133,-0.03884185827126287,-1.0,-0.021964345756322817,183.0,0.03884185827126287,0.021964345756322817,-0.47277960626382065,1.8081273768256456,0.0,0.0,78,False,47.28965817016154,,False,False,,,,,sum_of_two_90pct_reference_radii_KBO_coverage_unknown,withheld_small_sample,False,False,withheld_estimate
2023,53300,오상원,Right,-28.921437093009896,180.33395754451402,0.025020780768886048,-1.0,-0.03097086928998086,184.0,-0.025020780768886048,0.03097086928998086,0.2960876921332455,1.7631582157172159,0.0,0.0,298,True,45.67777456991781,45.67777456991781,False,False,2.231163595390875,11.99713185164767,,,sum_of_two_90pct_reference_radii_KBO_coverage_unknown,estimated_KBO_angle_unvalidated,False,False,unavailable_unseen_stadium_bias
2023,53312,김건희,Right,-26.80966094707631,176.7977151402698,0.026636115842766803,-1.0,-0.03443285341799174,186.0,-0.026636115842766803,0.03443285341799174,0.27563316555444406,1.7340220218255267,0.0,0.0,57,False,43.278395473991466,,False,False,,,,,sum_of_two_90pct_reference_radii_KBO_coverage_unknown,withheld_small_sample,False,False,withheld_estimate
2023,53322,맥키니,Left,45.83062372241118,181.56985659829436,-0.04039769661962573,-1.0,-0.02319571547851131,180.0,0.04039769661962573,0.02319571547851131,-0.4595474352027967,1.7675769863446529,0.0,0.0,1089,False,46.470701373821846,46.470701373821846,False,False,2.231163595390875,11.99713185164767,32.242405926783306,60.69899682086039,sum_of_two_90pct_reference_radii_KBO_coverage_unknown,estimated_KBO_angle_unvalidated,False,False,reference_only_KBO_angle_unvalidated
2023,53375,후라도,Right,-30.953078852050957,190.28904879357927,0.03276712513743221,-1.0,-0.03214795499461914,188.0,-0.03276712513743221,0.03214795499461914,0.31745949573686955,1.8558187565318582,0.0,0.0,2795,True,48.97440367989513,48.97440367989513,False,False,2.231163595390875,11.99713185164767,,,sum_of_two_90pct_reference_radii_KBO_coverage_unknown,estimated_KBO_angle_unvalidated,False,False,unavailable_unseen_stadium_bias
2023,53455,이호성,Right,-18.487717288868073,179.20568707868085,0.0196107090376995,-1.0,-0.013056532808319702,184.0,-0.0196107090376995,0.013056532808319702,0.2012116768141618,1.7427777742668147,0.0,0.0,271,False,45.71473162551159,45.71473162551159,False,False,2.231163595390875,11.99713185164767,31.486436178473046,59.94302707255014,sum_of_two_90pct_reference_radii_KBO_coverage_unknown,estimated_KBO_angle_unvalidated,False,False,reference_only_KBO_angle_unvalidated
2023,53469,박권후,Right,-34.010165464666066,194.87858298807885,0.029116962801692233,-1.0,-0.03517722111030386,184.0,-0.029116962801692233,0.03517722111030386,0.34461136551107746,1.8975621771641185,0.0,0.0,55,False,53.11508417762412,,False,False,,,,,sum_of_two_90pct_reference_radii_KBO_coverage_unknown,withheld_small_sample,False,False,withheld_estimate
2023,53546,윌커슨,Right,-72.04787352132172,177.3898860154435,0.049109683802189164,-1.0,-0.01354108405655136,188.0,-0.049109683802189164,0.01354108405655136,0.7118972122758174,1.7250339912390145,0.0,0.0,1199,False,36.37098038953217,36.37098038953217,False,False,2.231163595390875,11.99713185164767,22.142684942493627,50.59927583657071,sum_of_two_90pct_reference_radii_KBO_coverage_unknown,estimated_KBO_angle_unvalidated,False,False,reference_only_KBO_angle_unvalidated
2023,53560,석상호,Right,-40.56340173598428,184.89269250448964,0.03679014294328316,-1.0,-0.02405265188431894,182.0,-0.03679014294328316,0.02405265188431894,0.40956628981701365,1.799252686718894,0.0,0.0,82,False,47.42540024566727,,False,False,,,,,sum_of_two_90pct_reference_radii_KBO_coverage_unknown,withheld_small_sample,False,False,withheld_estimate
2023,53562,이진하,Right,-47.585564240067654,192.1832983973332,0.035794193558780094,-1.0,-0.029535172767142844,191.0,-0.035794193558780094,0.029535172767142844,0.4762136052517374,1.87141029120418,0.0,0.0,126,False,46.50452542337621,46.50452542337621,False,False,2.231163595390875,11.99713185164767,32.27622997633766,60.732820870414756,sum_of_two_90pct_reference_radii_KBO_coverage_unknown,estimated_KBO_angle_unvalidated,False,False,reference_only_KBO_angle_unvalidated
2023,53594,이태연,Left,44.84708427720728,181.7051865999278,-0.034935092010349555,-1.0,-0.0227661184543647,180.0,0.034935092010349555,0.0227661184543647,-0.44951535819248684,1.7684440049614825,0.0,0.0,162,True,46.6546991355413,46.6546991355413,False,False,2.231163595390875,11.99713185164767,,,sum_of_two_90pct_reference_radii_KBO_coverage_unknown,estimated_KBO_angle_unvalidated,False,False,unavailable_unseen_stadium_bias
2023,53596,장세진,Left,75.61287137036754,171.86499021585,-0.06573235103758113,-1.0,-0.014640969799376707,179.0,0.06573235103758113,0.014640969799376707,-0.7461063599392644,1.6725877923908017,0.0,0.0,37,False,37.46720730604553,,False,False,,,,,sum_of_two_90pct_reference_radii_KBO_coverage_unknown,withheld_small_sample,False,False,withheld_estimate
2023,53609,곽도규,Left,92.78236210653155,153.10821561945818,-0.07689671011486704,-1.0,-0.0011345533798979373,185.0,0.07689671011486704,0.0011345533798979373,-0.9131813780324627,1.49535278083775,0.0,0.0,230,True,21.422377176685746,21.422377176685746,False,False,2.231163595390875,11.99713185164767,,,sum_of_two_90pct_reference_radii_KBO_coverage_unknown,estimated_KBO_angle_unvalidated,False,False,unavailable_unseen_stadium_bias
2023,53613,윤영철,Left,71.3179027637762,183.074284383895,-0.05141151927723423,-1.0,-0.023307175845228574,187.0,0.05141151927723423,0.023307175845228574,-0.7030854957349842,1.782288467239628,0.0,0.0,2046,True,40.8549288448835,40.8549288448835,False,False,2.231163595390875,11.99713185164767,,,sum_of_two_90pct_reference_radii_KBO_coverage_unknown,estimated_KBO_angle_unvalidated,False,False,unavailable_unseen_stadium_bias
2023,53645,메디나,Right,-80.96825441370063,176.47551970287674,0.05848442600737699,-1.0,-0.020000729976676037,185.0,-0.05848442600737699,0.020000729976676037,0.7954093965821154,1.7191800508209392,0.0,0.0,973,True,36.57433944843404,36.57433944843404,False,False,2.231163595390875,11.99713185164767,,,sum_of_two_90pct_reference_radii_KBO_coverage_unknown,estimated_KBO_angle_unvalidated,False,False,unavailable_unseen_stadium_bias
2023,53664,앤더슨,Right,-64.21063131016993,188.13746114380538,0.03756526470457367,-1.0,-0.02554636854028013,193.0,-0.03756526470457367,0.02554636854028013,0.6345168406034786,1.8318225269381863,0.0,0.0,1317,True,41.29189026986974,41.29189026986974,False,False,2.231163595390875,11.99713185164767,,,sum_of_two_90pct_reference_radii_KBO_coverage_unknown,estimated_KBO_angle_unvalidated,False,False,unavailable_unseen_stadium_bias
2023,53665,산체스,Right,-41.401264496470034,164.3314421719896,0.031651713708435746,-1.0,-0.004811703069753273,185.0,-0.031651713708435746,0.004811703069753273,0.420748384834695,1.601794806962663,0.0,0.0,996,True,33.9316924833238,33.9316924833238,False,False,2.231163595390875,11.99713185164767,,,sum_of_two_90pct_reference_radii_KBO_coverage_unknown,estimated_KBO_angle_unvalidated,False,False,unavailable_unseen_stadium_bias
2023,53714,산체스,Left,64.31165305919221,172.3778555438157,-0.0558194834983836,-1.0,-0.019810392131260544,178.0,0.0558194834983836,0.019810392131260544,-0.6364130108789527,1.680489255034259,0.0,0.0,2120,True,39.82232140182502,39.82232140182502,False,False,2.231163595390875,11.99713185164767,,,sum_of_two_90pct_reference_radii_KBO_coverage_unknown,estimated_KBO_angle_unvalidated,False,False,unavailable_unseen_stadium_bias
2023,53734,스미스,Right,-69.54521236734257,176.51396739340495,0.04316186555495355,-1.0,-0.026451079178133958,193.0,-0.04316186555495355,0.026451079178133958,0.6848084690557367,1.7265652306712018,0.0,0.0,62,False,34.36015813590263,,False,False,,,,,sum_of_two_90pct_reference_radii_KBO_coverage_unknown,withheld_small_sample,False,False,withheld_estimate
2023,53754,김서현,Right,-80.92706945122447,161.57122779573737,0.051744421779939195,-1.0,-0.011721122303882987,188.0,-0.051744421779939195,0.011721122303882987,0.795611027104414,1.579681610033907,0.0,0.0,474,False,26.404142862100464,26.404142862100464,False,False,2.231163595390875,11.99713185164767,12.17584741506192,40.632438309139005,sum_of_two_90pct_reference_radii_KBO_coverage_unknown,estimated_KBO_angle_unvalidated,False,False,reference_only_KBO_angle_unvalidated
2023,53825,엘리아스,Left,57.596107264455625,180.22788705118754,-0.04752043541040283,-1.0,-0.026777538531214586,185.0,0.04752043541040283,0.026777538531214586,-0.5715560306805338,1.7586745808170468,0.0,0.0,2118,True,42.07126572603523,42.07126572603523,False,False,2.231163595390875,11.99713185164767,,,sum_of_two_90pct_reference_radii_KBO_coverage_unknown,estimated_KBO_angle_unvalidated,False,False,unavailable_unseen_stadium_bias
2023,53833,맥카티,Left,53.117191178063145,183.7858419597065,-0.03666049097457575,-1.0,-0.025067526318273366,173.0,0.03666049097457575,0.025067526318273366,-0.5262730519371915,1.7856895751771995,0.0,0.0,2242,False,50.25337233371512,50.25337233371512,False,False,2.231163595390875,11.99713185164767,36.02507688667657,64.48166778075367,sum_of_two_90pct_reference_radii_KBO_coverage_unknown,estimated_KBO_angle_unvalidated,False,False,reference_only_KBO_angle_unvalidated
2023,53892,이로운,Right,-10.164810270356902,179.02549412117517,0.016851724904241912,-1.0,-0.02817967922912296,185.0,-0.016851724904241912,0.02817967922912296,0.11852094188136815,1.7510627366794398,0.0,0.14324569356300998,1103,True,46.86109956882446,46.86109956882446,False,False,2.231163595390875,11.99713185164767,,,sum_of_two_90pct_reference_radii_KBO_coverage_unknown,estimated_KBO_angle_unvalidated,False,False,unavailable_unseen_stadium_bias
2023,53898,송영진,Right,-41.969622355685274,184.554538998952,0.027190837982964487,-1.0,-0.01569793250828807,185.0,-0.027190837982964487,0.01569793250828807,0.42390387835266546,1.7918325574387133,0.0,0.0,870,False,45.319266200732486,45.319266200732486,False,False,2.231163595390875,11.99713185164767,31.09097075369394,59.54756164777103,sum_of_two_90pct_reference_radii_KBO_coverage_unknown,estimated_KBO_angle_unvalidated,False,False,reference_only_KBO_angle_unvalidated
2023,53909,태너,Left,79.68168294449335,185.61628141313042,-0.05250164025007313,-1.0,-0.018919378507348046,184.0,0.05250164025007313,0.018919378507348046,-0.7829984532537091,1.8011147504013452,0.0,0.0,1011,False,42.53153459148644,42.53153459148644,False,False,2.231163595390875,11.99713185164767,28.303239144447897,56.75983003852498,sum_of_two_90pct_reference_radii_KBO_coverage_unknown,estimated_KBO_angle_unvalidated,False,False,reference_only_KBO_angle_unvalidated
2023,53913,페디,Right,-45.0246264186706,179.9006255715315,0.027275581565853753,-1.0,-0.01886752729531336,193.0,-0.027275581565853753,0.01886752729531336,0.45295470195654836,1.7540700487701535,0.0,0.0,2898,True,38.89520763417129,38.89520763417129,False,False,2.231163595390875,11.99713185164767,,,sum_of_two_90pct_reference_radii_KBO_coverage_unknown,estimated_KBO_angle_unvalidated,False,False,unavailable_unseen_stadium_bias
2023,53927,와이드너,Right,-66.86014267193303,159.85637989991906,0.048846207253341135,-1.0,-0.011330516488070243,183.0,-0.048846207253341135,0.011330516488070243,0.6615461139873098,1.56302982759293,0.0,0.0,1858,True,29.36467852310106,29.36467852310106,False,False,2.231163595390875,11.99713185164767,,,sum_of_two_90pct_reference_radii_KBO_coverage_unknown,estimated_KBO_angle_unvalidated,False,False,unavailable_unseen_stadium_bias
2023,53996,이준호,Right,-48.12955849917827,183.01826150025798,0.030055309522265476,-1.0,-0.02137119801823308,181.0,-0.030055309522265476,0.02137119801823308,0.4803261269706643,1.7794942832772283,0.0,0.0,614,True,45.893121712910094,45.893121712910094,False,False,2.231163595390875,11.99713185164767,,,sum_of_two_90pct_reference_radii_KBO_coverage_unknown,estimated_KBO_angle_unvalidated,False,False,unavailable_unseen_stadium_bias
2023,60140,신정락,Right,-76.67839903577003,107.42446995920355,0.05763138811701223,-1.0,0.04739842759555447,178.0,-0.05763138811701223,-0.04739842759555447,0.7664497347890772,1.0493831439094914,0.0,0.0,458,True,-2.261492323680365,-2.261492323680365,False,False,2.231163595390875,11.99713185164767,,,sum_of_two_90pct_reference_radii_KBO_coverage_unknown,estimated_KBO_angle_unvalidated,False,False,unavailable_unseen_stadium_bias
2023,60146,이승현,Right,-28.911954746932985,191.32971041387697,0.028309292175211304,-1.0,-0.033586954216889765,181.0,-0.028309292175211304,0.033586954216889765,0.2960548249892244,1.86365393389466,0.0,0.0,1001,True,53.16650849919233,53.16650849919233,False,False,2.231163595390875,11.99713185164767,,,sum_of_two_90pct_reference_radii_KBO_coverage_unknown,estimated_KBO_angle_unvalidated,False,False,unavailable_unseen_stadium_bias
2023,60263,이재학,Right,-72.12917144512951,160.33539916772534,0.07275513229995828,-1.0,0.0002760601170663926,181.0,-0.07275513229995828,-0.0002760601170663926,0.7177222120338549,1.5601179169733173,0.0,0.0,1142,True,29.442640662702036,29.442640662702036,False,False,2.231163595390875,11.99713185164767,,,sum_of_two_90pct_reference_radii_KBO_coverage_unknown,estimated_KBO_angle_unvalidated,False,False,unavailable_unseen_stadium_bias
2023,60336,문성현,Right,-13.770098609476179,177.91616532944187,0.009693484356210447,-1.0,-0.03910876303348941,182.0,-0.009693484356210447,0.03910876303348941,0.148095284949405,1.745963941260671,0.0,0.0,487,True,47.546987320592976,47.546987320592976,False,False,2.231163595390875,11.99713185164767,,,sum_of_two_90pct_reference_radii_KBO_coverage_unknown,estimated_KBO_angle_unvalidated,False,False,unavailable_unseen_stadium_bias
2023,60337,김대유,Left,102.50457270974414,142.04280957684554,-0.07496660885123806,-1.0,0.013947400009642263,187.0,0.07496660885123806,-0.013947400009642263,-1.0081134128617557,1.3857452710778657,0.0,0.0,457,True,12.423577020982204,12.423577020982204,False,False,2.231163595390875,11.99713185164767,,,sum_of_two_90pct_reference_radii_KBO_coverage_unknown,estimated_KBO_angle_unvalidated,False,False,unavailable_unseen_stadium_bias
2023,60768,이태양,Right,-21.11523730952349,192.3573287910958,0.023220727768079798,-1.0,-0.024607641670508048,192.0,-0.023220727768079798,0.024607641670508048,0.22576678121219945,1.871924865040236,0.0,0.0,1548,True,49.16920892910201,49.16920892910201,False,False,2.231163595390875,11.99713185164767,,,sum_of_two_90pct_reference_radii_KBO_coverage_unknown,estimated_KBO_angle_unvalidated,False,False,unavailable_unseen_stadium_bias
2023,60841,박종훈,Right,-54.41708723772474,47.140033116112605,0.04247945169871576,-1.0,0.09128126584768737,186.0,-0.04247945169871576,-0.09128126584768737,0.5625787625905936,0.4794662296811732,0.0,0.0,1586,True,-36.044462586402844,-36.044462586402844,False,False,2.231163595390875,11.99713185164767,,,sum_of_two_90pct_reference_radii_KBO_coverage_unknown,estimated_KBO_angle_unvalidated,False,False,unavailable_unseen_stadium_bias
2023,61101,임찬규,Right,-30.476691660263114,178.03833163270937,0.03019266816256601,-1.0,-0.011534590630306601,185.0,-0.03019266816256601,0.011534590630306601,0.3165373375361159,1.7310845086736981,0.0,0.0,2457,True,43.033439530903,43.033439530903,False,False,2.231163595390875,11.99713185164767,,,sum_of_two_90pct_reference_radii_KBO_coverage_unknown,estimated_KBO_angle_unvalidated,False,False,unavailable_unseen_stadium_bias
2023,61145,이우찬,Left,58.03431869882199,186.04219531501374,-0.04499520383421815,-1.0,-0.0208059790329612,185.0,0.04499520383421815,0.0208059790329612,-0.5771694727953753,1.8078062243885906,0.0,0.0,608,True,44.958240582593234,44.958240582593234,False,False,2.231163595390875,11.99713185164767,,,sum_of_two_90pct_reference_radii_KBO_coverage_unknown,estimated_KBO_angle_unvalidated,False,False,unavailable_unseen_stadium_bias
2023,61156,송윤준,Left,93.96543509927697,169.41039146492332,-0.08976809979011134,-1.0,0.0038990189691602587,186.0,0.08976809979011134,-0.0038990189691602587,-0.9288401227093173,1.641119453433096,0.0,0.0,69,False,29.844936773174485,,False,False,,,,,sum_of_two_90pct_reference_radii_KBO_coverage_unknown,withheld_small_sample,False,False,withheld_estimate
2023,61268,양현,Right,-101.53843993278693,95.72893353121495,0.063510735607584,-1.0,0.04565518882607244,189.0,-0.063510735607584,-0.04565518882607244,1.0026645468988153,0.9464583954412602,0.0,0.0,943,True,-16.294656951808463,-16.294656951808463,False,False,2.231163595390875,11.99713185164767,,,sum_of_two_90pct_reference_radii_KBO_coverage_unknown,estimated_KBO_angle_unvalidated,False,False,unavailable_unseen_stadium_bias
2023,61365,김대우,Right,-82.78896798400184,47.86270516902742,0.057785112155777744,-1.0,0.08442644752774388,183.0,-0.057785112155777744,-0.08442644752774388,0.83065263516991,0.48749052535684395,0.0,0.0,1052,True,-40.22400880118177,-40.22400880118177,False,False,2.231163595390875,11.99713185164767,,,sum_of_two_90pct_reference_radii_KBO_coverage_unknown,estimated_KBO_angle_unvalidated,False,False,unavailable_unseen_stadium_bias
2023,61411,심창민,Right,-76.32492954381783,124.96847055825714,0.054623077173225364,-1.0,0.010928052839232951,185.0,-0.054623077173225364,-0.010928052839232951,0.7556068450015964,1.232988854408337,0.0,0.0,79,False,6.744371639072767,,False,False,,,,,sum_of_two_90pct_reference_radii_KBO_coverage_unknown,withheld_small_sample,False,False,withheld_estimate
2023,61643,홍건희,Right,-58.312393047865996,186.91278195753085,0.0396961477639228,-1.0,-0.03205023380716797,187.0,-0.0396961477639228,0.03205023380716797,0.576480172351017,1.8229597113799805,0.0,0.0,1022,True,44.41796699082924,44.41796699082924,False,False,2.231163595390875,11.99713185164767,,,sum_of_two_90pct_reference_radii_KBO_coverage_unknown,estimated_KBO_angle_unvalidated,False,False,unavailable_unseen_stadium_bias
2023,61666,한승혁,Right,-43.47463734572363,181.36743060007583,0.03469705945099944,-1.0,-0.02548825454434432,185.0,-0.03469705945099944,0.02548825454434432,0.43661775273034564,1.7688712508148396,0.0,0.0,688,True,43.78080723035233,43.78080723035233,False,False,2.231163595390875,11.99713185164767,,,sum_of_two_90pct_reference_radii_KBO_coverage_unknown,estimated_KBO_angle_unvalidated,False,False,unavailable_unseen_stadium_bias
2023,61895,서진용,Right,-45.075103242187865,184.6753527995031,0.03730573937049375,-1.0,-0.027009395829821755,184.0,-0.03730573937049375,0.027009395829821755,0.4517975252347393,1.7994439903074917,0.0,0.0,1253,True,45.93947275900587,45.93947275900587,False,False,2.231163595390875,11.99713185164767,,,sum_of_two_90pct_reference_radii_KBO_coverage_unknown,estimated_KBO_angle_unvalidated,False,False,unavailable_unseen_stadium_bias
2023,62146,최성훈,Left,57.63984348375095,167.69383410016727,-0.034993417204179304,-1.0,-0.004003659663499927,178.0,0.034993417204179304,0.004003659663499927,-0.5738524476837462,1.6282935380922128,0.0,0.0,66,False,37.409608322257505,,False,False,,,,,sum_of_two_90pct_reference_radii_KBO_coverage_unknown,withheld_small_sample,False,False,withheld_estimate
2023,62242,윤명준,Right,-58.390685307141624,181.30193660451633,0.047735587718763246,-1.0,-0.008763555730788216,178.0,-0.047735587718763246,0.008763555730788216,0.582597002099723,1.7551186731188277,0.0,0.0,351,True,44.76939849392916,44.76939849392916,False,False,2.231163595390875,11.99713185164767,,,sum_of_two_90pct_reference_radii_KBO_coverage_unknown,estimated_KBO_angle_unvalidated,False,False,unavailable_unseen_stadium_bias
2023,62263,변시원,Right,-82.48515315707657,110.18754387361068,0.0675860880678706,-1.0,0.03087181875708485,178.0,-0.0675860880678706,-0.03087181875708485,0.8188207822515038,1.0842698354344678,0.0,0.0,66,False,-0.8274768356765634,,False,False,,,,,sum_of_two_90pct_reference_radii_KBO_coverage_unknown,withheld_small_sample,False,False,withheld_estimate
2023,62360,김태훈,Right,-25.838869051701945,184.67539503994556,0.026618451046758987,-1.0,-0.028174823392936376,187.0,-0.026618451046758987,0.028174823392936376,0.2687052674334912,1.8022655492725352,0.0,0.0,1037,True,46.91750182012839,46.91750182012839,False,False,2.231163595390875,11.99713185164767,,,sum_of_two_90pct_reference_radii_KBO_coverage_unknown,estimated_KBO_angle_unvalidated,False,False,unavailable_unseen_stadium_bias
2023,62363,한현희,Right,-104.10569575001902,134.07025260572846,0.07880090676444333,-1.0,0.019087840686794314,182.0,-0.07880090676444333,-0.019087840686794314,1.0238355823072025,1.3084785081551713,0.0,0.0,1890,True,9.159432154620067,9.159432154620067,False,False,2.231163595390875,11.99713185164767,,,sum_of_two_90pct_reference_radii_KBO_coverage_unknown,estimated_KBO_angle_unvalidated,False,False,unavailable_unseen_stadium_bias
2023,62528,김원중,Right,-62.11983865299384,191.3155877382081,0.0537696738737829,-1.0,-0.025633732828674264,192.0,-0.0537696738737829,0.025633732828674264,0.6173596715745124,1.8610692122140737,0.0,0.0,1042,True,43.74536232095193,43.74536232095193,False,False,2.231163595390875,11.99713185164767,,,sum_of_two_90pct_reference_radii_KBO_coverage_unknown,estimated_KBO_angle_unvalidated,False,False,unavailable_unseen_stadium_bias
2023,62611,임준섭,Left,41.70300885528668,192.33110492158315,-0.027690079544148774,-1.0,-0.01781914603890145,181.0,0.027690079544148774,0.01781914603890145,-0.42076583888520963,1.862361896790835,0.0,0.0,668,True,52.19154736726318,52.19154736726318,False,False,2.231163595390875,11.99713185164767,,,sum_of_two_90pct_reference_radii_KBO_coverage_unknown,estimated_KBO_angle_unvalidated,False,False,unavailable_unseen_stadium_bias
2023,62655,홍성민,Right,-39.36689894245067,177.99100201211468,0.05196667200995248,-1.0,-0.00173675517586669,191.0,-0.05196667200995248,0.00173675517586669,0.4073594710604072,1.72697814745839,0.0,0.0,49,False,38.81676463062598,,False,False,,,,,sum_of_two_90pct_reference_radii_KBO_coverage_unknown,withheld_small_sample,False,False,withheld_estimate
2023,62754,임기영,Right,-92.15310545044503,140.9498811955218,0.07745059927394281,-1.0,0.010011307171124107,184.0,-0.07745059927394281,-0.010011307171124107,0.9092384965496128,1.3779445158557013,0.0,0.0,1222,True,14.169045301917148,14.169045301917148,False,False,2.231163595390875,11.99713185164767,,,sum_of_two_90pct_reference_radii_KBO_coverage_unknown,estimated_KBO_angle_unvalidated,False,False,unavailable_unseen_stadium_bias
2023,62869,문승원,Right,-53.41174121253408,171.0989374748098,0.04538954654307069,-1.0,-0.020475911546721546,180.0,-0.04538954654307069,0.020475911546721546,0.531941650014423,1.670437543148442,0.0,0.0,1794,True,39.05251316545705,39.05251316545705,False,False,2.231163595390875,11.99713185164767,,,sum_of_two_90pct_reference_radii_KBO_coverage_unknown,estimated_KBO_angle_unvalidated,False,False,unavailable_unseen_stadium_bias
2023,62920,노건우,Left,46.102734881364455,168.7601683515345,-0.042287974168506576,-1.0,-0.022700660492719,182.0,0.042287974168506576,0.022700660492719,-0.4620670828432028,1.6516660743319387,0.0,0.0,208,False,38.524132364262655,38.524132364262655,False,False,2.231163595390875,11.99713185164767,24.29583691722411,52.7524278113012,sum_of_two_90pct_reference_radii_KBO_coverage_unknown,estimated_KBO_angle_unvalidated,False,False,reference_only_KBO_angle_unvalidated
2023,62951,이형범,Right,-31.385062754650694,169.6255939218097,0.030822729199885934,-1.0,-0.012306239803784959,181.0,-0.030822729199885934,0.012306239803784959,0.3238469630494257,1.6536577905811738,0.0,0.0,476,True,40.175493093252165,40.175493093252165,False,False,2.231163595390875,11.99713185164767,,,sum_of_two_90pct_reference_radii_KBO_coverage_unknown,estimated_KBO_angle_unvalidated,False,False,unavailable_unseen_stadium_bias
2023,63103,류원석,Right,-57.06539740918537,133.1523017788561,0.030573111756772915,-1.0,-0.002466414404226893,186.0,-0.030573111756772915,0.002466414404226893,0.5672627861892318,1.3163287805915276,0.0,0.0,34,False,14.2174242782459,,False,False,,,,,sum_of_two_90pct_reference_radii_KBO_coverage_unknown,withheld_small_sample,False,False,withheld_estimate
2023,63145,배재준,Right,-38.56788676708415,192.17846097012043,0.03889195670224966,-1.0,-0.025934629032135493,188.0,-0.03889195670224966,0.025934629032135493,0.3920063454341857,1.8689072316867874,0.0,0.0,23,False,48.8405867265773,,False,False,,,,,sum_of_two_90pct_reference_radii_KBO_coverage_unknown,withheld_small_sample,False,False,withheld_estimate
2023,63248,함덕주,Left,64.39191816768087,182.63086533826737,-0.05102918182515578,-1.0,-0.026063117628867812,181.0,0.05102918182515578,0.026063117628867812,-0.6359484046175825,1.7782739910676484,0.0,0.0,907,True,44.395072815005584,44.395072815005584,False,False,2.231163595390875,11.99713185164767,,,sum_of_two_90pct_reference_radii_KBO_coverage_unknown,estimated_KBO_angle_unvalidated,False,False,unavailable_unseen_stadium_bias
2023,63464,윤대경,Right,-54.27912988213848,189.74745421775165,0.04057946415668441,-1.0,-0.027224608776486227,179.0,-0.04057946415668441,0.027224608776486227,0.5386548364697022,1.8433079656229194,0.0,0.0,798,False,50.23944533134379,50.23944533134379,False,False,2.231163595390875,11.99713185164767,36.01114988430524,64.46774077838234,sum_of_two_90pct_reference_radii_KBO_coverage_unknown,estimated_KBO_angle_unvalidated,False,False,reference_only_KBO_angle_unvalidated
2023,63492,이재익,Left,52.43827336055632,181.59311577909892,-0.0458901777398597,-1.0,-0.011838701608611205,180.0,0.0458901777398597,0.011838701608611205,-0.5256753909369704,1.7606885805849204,0.0,0.0,612,True,45.19530637629224,45.19530637629224,False,False,2.231163595390875,11.99713185164767,,,sum_of_two_90pct_reference_radii_KBO_coverage_unknown,estimated_KBO_angle_unvalidated,False,False,unavailable_unseen_stadium_bias
2023,63543,구승민,Right,-47.084054792952315,176.56278309466387,0.04572948371747345,-1.0,-0.025020490852494574,182.0,-0.04572948371747345,0.025020490852494574,0.4717725313245218,1.7239745051315059,0.0,0.0,1117,True,42.09265644119591,42.09265644119591,False,False,2.231163595390875,11.99713185164767,,,sum_of_two_90pct_reference_radii_KBO_coverage_unknown,estimated_KBO_angle_unvalidated,False,False,unavailable_unseen_stadium_bias
2023,63638,박준표,Right,-54.9292819535278,140.71351172731215,0.04843717433785449,-1.0,0.011785535541129067,181.0,-0.04843717433785449,-0.011785535541129067,0.5532048474003106,1.3754508538478627,0.0,0.0,413,True,20.09266485896469,20.09266485896469,False,False,2.231163595390875,11.99713185164767,,,sum_of_two_90pct_reference_radii_KBO_coverage_unknown,estimated_KBO_angle_unvalidated,False,False,unavailable_unseen_stadium_bias
2023,63749,이충호,Left,67.81067802446195,186.04300570069378,-0.060330004381448754,-1.0,-0.01861236262607801,182.0,0.060330004381448754,0.01861236262607801,-0.671957812869498,1.8052194764893525,0.0,0.0,145,True,45.11516508891582,45.11516508891582,False,False,2.231163595390875,11.99713185164767,,,sum_of_two_90pct_reference_radii_KBO_coverage_unknown,estimated_KBO_angle_unvalidated,False,False,unavailable_unseen_stadium_bias
2023,63950,장현식,Right,-50.21612929038013,183.9442966651654,0.03838580566089365,-1.0,-0.03842690536209271,181.0,-0.03838580566089365,0.03842690536209271,0.49707318453976745,1.7982287289940901,0.0,0.0,868,True,46.85448120996548,46.85448120996548,False,False,2.231163595390875,11.99713185164767,,,sum_of_two_90pct_reference_radii_KBO_coverage_unknown,estimated_KBO_angle_unvalidated,False,False,unavailable_unseen_stadium_bias
2023,63959,임정호,Left,51.38835623378716,154.07924213404124,-0.04593997917319777,-1.0,0.0038751146522317185,188.0,0.04593997917319777,-0.0038751146522317185,-0.5193385917537013,1.5042624560689706,0.0,0.0,831,True,26.32454814913543,26.32454814913543,False,False,2.231163595390875,11.99713185164767,,,sum_of_two_90pct_reference_radii_KBO_coverage_unknown,estimated_KBO_angle_unvalidated,False,False,unavailable_unseen_stadium_bias
2023,63960,이상민,Left,65.99164483842351,172.7388460565289,-0.050437956027440715,-1.0,-0.004978082202376599,180.0,0.050437956027440715,0.004978082202376599,-0.6555280346055354,1.6753067229585417,0.0,0.0,327,True,38.28911152040543,38.28911152040543,False,False,2.231163595390875,11.99713185164767,,,sum_of_two_90pct_reference_radii_KBO_coverage_unknown,estimated_KBO_angle_unvalidated,False,False,unavailable_unseen_stadium_bias
2023,63961,윤호솔,Right,-31.618395558831207,178.93633054474927,0.033685953106465494,-1.0,-0.035146104165923904,183.0,-0.033685953106465494,0.035146104165923904,0.32161121012408284,1.75268904787816,0.0,0.0,91,True,45.205545298084864,,False,False,,,,,sum_of_two_90pct_reference_radii_KBO_coverage_unknown,withheld_small_sample,False,False,withheld_estimate
2023,64001,고영표,Right,-75.06503791909653,103.17196207574422,0.05862820024503535,-1.0,0.05772766126312796,187.0,-0.05862820024503535,-0.05772766126312796,0.7551867069981312,1.0079164109677057,0.0,0.0,2452,True,-7.874151211176418,-7.874151211176418,False,False,2.231163595390875,11.99713185164767,,,sum_of_two_90pct_reference_radii_KBO_coverage_unknown,estimated_KBO_angle_unvalidated,False,False,unavailable_unseen_stadium_bias
2023,64017,심재민,Left,35.46894042642798,184.19080749359932,-0.02284222841469874,-1.0,-0.008651422700316724,182.0,0.02284222841469874,0.008651422700316724,-0.36312972781660086,1.7835819674221818,0.0,0.0,714,True,47.762747638978766,47.762747638978766,False,False,2.231163595390875,11.99713185164767,,,sum_of_two_90pct_reference_radii_KBO_coverage_unknown,estimated_KBO_angle_unvalidated,False,False,unavailable_unseen_stadium_bias
2023,64021,박세웅,Right,-28.236585469949212,173.37229153717877,0.021162092550426132,-1.0,-0.01041681169411907,182.0,-0.021162092550426132,0.01041681169411907,0.2934698001124569,1.686834707288439,0.0,0.0,2518,True,42.10163606898095,42.10163606898095,False,False,2.231163595390875,11.99713185164767,,,sum_of_two_90pct_reference_radii_KBO_coverage_unknown,estimated_KBO_angle_unvalidated,False,False,unavailable_unseen_stadium_bias
2023,64029,류희운,Right,-37.33521408496583,191.97486821594106,0.028842817376523756,-1.0,-0.0415211933387334,191.0,-0.028842817376523756,0.0415211933387334,0.3752966905203521,1.8772118326641236,0.0,0.0,68,False,48.06512304780696,,False,False,,,,,sum_of_two_90pct_reference_radii_KBO_coverage_unknown,withheld_small_sample,False,False,withheld_estimate
2023,64047,조현우,Left,63.420539396605044,164.18079068545242,-0.04580470519876772,-1.0,-0.002597243968515084,182.0,0.04580470519876772,0.002597243968515084,-0.6309178726742064,1.596886452952369,0.0,0.0,63,False,32.86145536649382,,False,False,,,,,sum_of_two_90pct_reference_radii_KBO_coverage_unknown,withheld_small_sample,False,False,withheld_estimate
2023,64051,이영준,Left,57.753729161913625,183.82332444090983,-0.04796049249088469,-1.0,-0.02861524496840043,184.0,0.04796049249088469,0.02861524496840043,-0.5727096530992619,1.7920836804064246,0.0,0.0,34,False,44.55201690165525,,False,False,,,,,sum_of_two_90pct_reference_radii_KBO_coverage_unknown,withheld_small_sample,False,False,withheld_estimate
2023,64350,하영민,Right,-47.07336685906577,168.22654233438269,0.03204277300425352,-1.0,-0.01964679979322897,183.0,-0.03204277300425352,0.01964679979322897,0.47051061150343,1.6449429222329293,0.0,0.0,931,True,36.80843669985927,36.80843669985927,False,False,2.231163595390875,11.99713185164767,,,sum_of_two_90pct_reference_radii_KBO_coverage_unknown,estimated_KBO_angle_unvalidated,False,False,unavailable_unseen_stadium_bias
2023,64565,이인복,Right,-37.407133421149524,184.84868105140666,0.0364720721096275,-1.0,-0.02184750691437032,187.0,-0.0364720721096275,0.02184750691437032,0.3810850630446691,1.799528169441613,0.0,0.0,636,True,45.33257862057999,45.33257862057999,False,False,2.231163595390875,11.99713185164767,,,sum_of_two_90pct_reference_radii_KBO_coverage_unknown,estimated_KBO_angle_unvalidated,False,False,unavailable_unseen_stadium_bias
2023,64580,김재열,Right,-34.83621199846266,191.57050159476267,0.02502543447872471,-1.0,-0.024667759205640988,183.0,-0.02502543447872471,0.024667759205640988,0.3540600913404536,1.8606751183746435,0.0,0.0,305,True,51.29357434367428,51.29357434367428,False,False,2.231163595390875,11.99713185164767,,,sum_of_two_90pct_reference_radii_KBO_coverage_unknown,estimated_KBO_angle_unvalidated,False,False,unavailable_unseen_stadium_bias
2023,64718,최설우,Right,-45.13028450974249,193.5677004004299,0.03402595820879432,-1.0,-0.0217022162802294,179.0,-0.03402595820879432,0.0217022162802294,0.45289120671518074,1.875163953048703,0.0,0.0,224,False,53.13382973440151,53.13382973440151,False,False,2.231163595390875,11.99713185164767,38.90553428736297,67.36212518144005,sum_of_two_90pct_reference_radii_KBO_coverage_unknown,estimated_KBO_angle_unvalidated,False,False,reference_only_KBO_angle_unvalidated
2023,64768,조이현,Right,-22.835863349375256,184.85785733798474,0.020707886980406938,-1.0,-0.024638061660573897,185.0,-0.020707886980406938,0.024638061660573897,0.24000678827094715,1.8011250946192288,0.0,0.0,584,False,48.17047252340692,48.17047252340692,False,False,2.231163595390875,11.99713185164767,33.94217707636838,62.39876797044546,sum_of_two_90pct_reference_radii_KBO_coverage_unknown,estimated_KBO_angle_unvalidated,False,False,reference_only_KBO_angle_unvalidated
2023,64805,이승진,Right,-40.7010920947799,187.61379498768838,0.023222824176717023,-1.0,-0.022391550831279795,186.0,-0.023222824176717023,0.022391550831279795,0.40995454265387576,1.823947103966878,0.0,0.0,24,False,46.92625916015854,,False,False,,,,,sum_of_two_90pct_reference_radii_KBO_coverage_unknown,withheld_small_sample,False,False,withheld_estimate
2023,64861,이건욱,Right,-20.695888484954356,182.30787035625264,0.02809287038733742,-1.0,-0.0314671980338059,182.0,-0.02809287038733742,0.0314671980338059,0.2185993253412788,1.7813778037254882,0.0,0.0,718,True,48.71141554067415,48.71141554067415,False,False,2.231163595390875,11.99713185164767,,,sum_of_two_90pct_reference_radii_KBO_coverage_unknown,estimated_KBO_angle_unvalidated,False,False,unavailable_unseen_stadium_bias
2023,64893,박민호,Right,-108.67470255711555,129.5206363487207,0.0870275822812158,-1.0,0.022458741813814236,185.0,-0.0870275822812158,-0.022458741813814236,1.0693258655811535,1.2661295034218805,0.0,0.0,167,True,4.547859574544354,4.547859574544354,False,False,2.231163595390875,11.99713185164767,,,sum_of_two_90pct_reference_radii_KBO_coverage_unknown,estimated_KBO_angle_unvalidated,False,False,unavailable_unseen_stadium_bias
2023,64896,서동민,Right,-25.076536047478722,177.60408813880673,0.012116085938383123,-1.0,-0.011170066925783276,186.0,-0.012116085938383123,0.011170066925783276,0.2629249791565515,1.72708480959271,0.0,0.0,23,False,43.03899710093041,,False,False,,,,,sum_of_two_90pct_reference_radii_KBO_coverage_unknown,withheld_small_sample,False,False,withheld_estimate
2023,65048,김민수,Right,-46.612181012736066,198.35739987831582,0.028176525344788903,-1.0,-0.019667256403216548,188.0,-0.028176525344788903,0.019667256403216548,0.46822169467873825,1.920352614329956,0.0,0.0,209,True,51.0283598037869,51.0283598037869,False,False,2.231163595390875,11.99713185164767,,,sum_of_two_90pct_reference_radii_KBO_coverage_unknown,estimated_KBO_angle_unvalidated,False,False,unavailable_unseen_stadium_bias
2023,65056,엄상백,Right,-70.4532966745847,146.16037811243325,0.06291521124868361,-1.0,0.0034292292623094626,187.0,-0.06291521124868361,-0.0034292292623094626,0.7012310213987818,1.4313949370568517,0.0,0.0,1788,True,18.919850899356792,18.919850899356792,False,False,2.231163595390875,11.99713185164767,,,sum_of_two_90pct_reference_radii_KBO_coverage_unknown,estimated_KBO_angle_unvalidated,False,False,unavailable_unseen_stadium_bias
2023,65058,정성곤,Left,56.497421498319916,183.25905115274745,-0.048606997437754165,-1.0,-0.02486893624796442,181.0,0.048606997437754165,0.02486893624796442,-0.5613833223934758,1.783764547344682,0.0,0.0,122,False,45.658105451290204,45.658105451290204,False,False,2.231163595390875,11.99713185164767,31.42981000425166,59.886400898328745,sum_of_two_90pct_reference_radii_KBO_coverage_unknown,estimated_KBO_angle_unvalidated,False,False,reference_only_KBO_angle_unvalidated
2023,65060,주권,Right,-43.29030341829548,168.68370761853052,0.038927941051027114,-1.0,-0.016452130036186927,181.0,-0.038927941051027114,0.016452130036186927,0.43640475341624385,1.64697471909543,0.0,0.0,711,True,38.31003341356659,38.31003341356659,False,False,2.231163595390875,11.99713185164767,,,sum_of_two_90pct_reference_radii_KBO_coverage_unknown,estimated_KBO_angle_unvalidated,False,False,unavailable_unseen_stadium_bias
2023,65062,김재윤,Right,-78.01365452329043,179.63399007981485,0.05682488463409599,-1.0,-0.02615430219843904,185.0,-0.05682488463409599,0.02615430219843904,0.765890852416314,1.7517160538120584,0.0,0.0,997,True,38.93462320322675,38.93462320322675,False,False,2.231163595390875,11.99713185164767,,,sum_of_two_90pct_reference_radii_KBO_coverage_unknown,estimated_KBO_angle_unvalidated,False,False,unavailable_unseen_stadium_bias
2023,65109,백승현,Right,-22.086803234308842,178.57081714769353,0.02550311017037586,-1.0,-0.0355579749602009,183.0,-0.02550311017037586,0.0355579749602009,0.23021068490102173,1.7500463185404747,0.0,0.0,643,True,46.2274243223999,46.2274243223999,False,False,2.231163595390875,11.99713185164767,,,sum_of_two_90pct_reference_radii_KBO_coverage_unknown,estimated_KBO_angle_unvalidated,False,False,unavailable_unseen_stadium_bias
2023,65117,이상규,Right,-20.447115609481298,175.17806432608973,0.01823343650931643,-1.0,-0.011564223705483564,185.0,-0.01823343650931643,0.011564223705483564,0.21977969954268547,1.705464118934881,0.0,0.0,152,True,42.80982839628309,42.80982839628309,False,False,2.231163595390875,11.99713185164767,,,sum_of_two_90pct_reference_radii_KBO_coverage_unknown,estimated_KBO_angle_unvalidated,False,False,unavailable_unseen_stadium_bias
2023,65241,채원후,Right,-15.217716714304462,176.1681434302759,0.012188223959290404,-1.0,-0.029608476416458165,180.0,-0.012188223959290404,0.029608476416458165,0.16413400403899445,1.7236659547098794,0.0,0.0,60,False,46.95062684047087,,False,False,,,,,sum_of_two_90pct_reference_radii_KBO_coverage_unknown,withheld_small_sample,False,False,withheld_estimate
2023,65320,최원태,Right,-42.815783226881855,166.55778394844805,0.03594495719328144,-1.0,-0.014599961390127498,184.0,-0.03594495719328144,0.014599961390127498,0.43227507257921605,1.6275566986822245,0.0,0.0,2351,True,35.784951648452015,35.784951648452015,False,False,2.231163595390875,11.99713185164767,,,sum_of_two_90pct_reference_radii_KBO_coverage_unknown,estimated_KBO_angle_unvalidated,False,False,unavailable_unseen_stadium_bias
2023,65411,김주온,Right,-49.40592188950875,189.74309972060726,0.03996428551886116,-1.0,-0.016103173871313763,187.0,-0.03996428551886116,0.016103173871313763,0.49666757441171144,1.8397894940676722,0.0,0.0,14,False,46.35700793295498,,False,False,,,,,sum_of_two_90pct_reference_radii_KBO_coverage_unknown,withheld_small_sample,False,False,withheld_estimate
2023,65496,홍정우,Right,-56.63645922073363,184.23564998670872,0.04651252852170519,-1.0,-0.028630983468183595,182.0,-0.04651252852170519,0.028630983468183595,0.561632101608703,1.795163743184086,0.0,0.0,571,False,45.42636313413169,45.42636313413169,False,False,2.231163595390875,11.99713185164767,31.198067687093147,59.65465858117024,sum_of_two_90pct_reference_radii_KBO_coverage_unknown,estimated_KBO_angle_unvalidated,False,False,reference_only_KBO_angle_unvalidated
2023,65516,배제성,Right,-26.93800317601521,192.8538809197353,0.012762998747322384,-1.0,-0.03821348338526463,189.0,-0.012762998747322384,0.03821348338526463,0.27517242854070806,1.8827466036527185,0.0,0.0,2333,False,50.598406559573085,50.598406559573085,False,False,2.231163595390875,11.99713185164767,36.370111112534545,64.82670200661163,sum_of_two_90pct_reference_radii_KBO_coverage_unknown,estimated_KBO_angle_unvalidated,False,False,reference_only_KBO_angle_unvalidated
2023,65522,김강현,Right,-42.97638293412422,167.72754794535282,0.03843061886570051,-1.0,-0.004952971235308988,177.0,-0.03843061886570051,0.004952971235308988,0.4355742540370598,1.6299962450572016,0.0,0.0,36,False,39.18724417252563,,False,False,,,,,sum_of_two_90pct_reference_radii_KBO_coverage_unknown,withheld_small_sample,False,False,withheld_estimate
2023,65616,이민우,Right,-44.30553574843743,198.69195357482909,0.030135005205879643,-1.0,-0.02494258091777591,185.0,-0.030135005205879643,0.02494258091777591,0.44495529338418227,1.9257155844091056,0.0,0.0,238,False,53.158589893189856,53.158589893189856,False,False,2.231163595390875,11.99713185164767,38.93029444615131,67.3868853402284,sum_of_two_90pct_reference_radii_KBO_coverage_unknown,estimated_KBO_angle_unvalidated,False,False,reference_only_KBO_angle_unvalidated
2023,65639,박정수,Right,-71.58868597386919,136.0842492755409,0.055258831870505606,-1.0,0.01812256795957028,178.0,-0.055258831870505606,-0.01812256795957028,0.7123838417953788,1.3275452830923344,0.0,0.0,577,False,16.17848239179793,16.17848239179793,False,False,2.231163595390875,11.99713185164767,1.9501869447593876,30.406777838836476,sum_of_two_90pct_reference_radii_KBO_coverage_unknown,estimated_KBO_angle_unvalidated,False,False,reference_only_KBO_angle_unvalidated
2023,65643,문경찬,Right,-49.0812074609266,169.1138227467416,0.046114336058390805,-1.0,-0.006472327340306492,186.0,-0.046114336058390805,0.006472327340306492,0.49557428983933455,1.6464951548268536,0.0,0.0,36,False,35.18057507220374,,False,False,,,,,sum_of_two_90pct_reference_radii_KBO_coverage_unknown,withheld_small_sample,False,False,withheld_estimate
2023,65665,이준영,Left,34.91699714900953,188.83229221709482,-0.028012324436620082,-1.0,-0.023043007174564905,177.0,0.028012324436620082,0.023043007174564905,-0.3545684842246334,1.8327904722052013,0.0,0.0,588,True,53.24241641532208,53.24241641532208,False,False,2.231163595390875,11.99713185164767,,,sum_of_two_90pct_reference_radii_KBO_coverage_unknown,estimated_KBO_angle_unvalidated,False,False,unavailable_unseen_stadium_bias
2023,65707,주현상,Right,-57.15422208993342,180.23731958084545,0.038784458430252834,-1.0,-0.02815158265362172,177.0,-0.038784458430252834,0.02815158265362172,0.5643615309690467,1.7564924684948522,0.0,0.0,892,True,45.577807642130324,45.577807642130324,False,False,2.231163595390875,11.99713185164767,,,sum_of_two_90pct_reference_radii_KBO_coverage_unknown,estimated_KBO_angle_unvalidated,False,False,unavailable_unseen_stadium_bias
2023,65764,김민우,Right,-32.81380657595471,192.62044705051744,0.018536677132870518,-1.0,-0.029615932782577764,186.0,-0.018536677132870518,0.029615932782577764,0.3332358578466646,1.874175401263106,0.0,0.0,956,False,50.84950931203514,50.84950931203514,False,False,2.231163595390875,11.99713185164767,36.62121386499659,65.07780475907369,sum_of_two_90pct_reference_radii_KBO_coverage_unknown,estimated_KBO_angle_unvalidated,False,False,reference_only_KBO_angle_unvalidated
2023,65769,김범수,Left,48.90450357932518,167.61804818358837,-0.04503568876956154,-1.0,-0.017118124623991964,181.0,0.04503568876956154,0.017118124623991964,-0.49013429686622095,1.6374802868843166,0.0,0.0,1089,True,37.730734429500096,37.730734429500096,False,False,2.231163595390875,11.99713185164767,,,sum_of_two_90pct_reference_radii_KBO_coverage_unknown,estimated_KBO_angle_unvalidated,False,False,unavailable_unseen_stadium_bias
2023,65844,박세웅,Left,60.66656745921221,178.48394999191402,-0.03337266012614172,-1.0,-0.02490640244373924,180.0,0.03337266012614172,0.02490640244373924,-0.597859616092172,1.7392551589451712,0.0,0.0,28,False,42.964511967315936,,False,False,,,,,sum_of_two_90pct_reference_radii_KBO_coverage_unknown,withheld_small_sample,False,False,withheld_estimate
2023,65933,구창모,Left,74.76033880003811,179.8457580616569,-0.057810866900219963,-1.0,-0.02815812751429849,183.0,0.057810866900219963,0.02815812751429849,-0.7345177202597657,1.7543987730215118,0.0,0.0,846,True,40.723123519590416,40.723123519590416,False,False,2.231163595390875,11.99713185164767,,,sum_of_two_90pct_reference_radii_KBO_coverage_unknown,estimated_KBO_angle_unvalidated,False,False,unavailable_unseen_stadium_bias
2023,65949,류진욱,Right,-54.71759186943053,171.682976036967,0.04790803930875154,-1.0,-0.02334013735255825,189.0,-0.04790803930875154,0.02334013735255825,0.5454307438869559,1.6806366223894655,0.0,0.0,1083,True,35.20560496846389,35.20560496846389,False,False,2.231163595390875,11.99713185164767,,,sum_of_two_90pct_reference_radii_KBO_coverage_unknown,estimated_KBO_angle_unvalidated,False,False,unavailable_unseen_stadium_bias
2023,65964,이우석,Right,-78.92220059535954,180.85667752142712,0.04928460412385917,-1.0,-0.024491780584042798,185.0,-0.04928460412385917,0.024491780584042798,0.7737713977224636,1.7615174918586907,0.0,0.0,5,False,39.4635528294666,,False,False,,,,,sum_of_two_90pct_reference_radii_KBO_coverage_unknown,withheld_small_sample,False,False,withheld_estimate
2023,66018,김선기,Right,-59.827501507197994,174.43398245703526,0.03763403535253685,-1.0,-0.022621381779967878,187.0,-0.03763403535253685,0.022621381779967878,0.5920717542713042,1.7037808038674398,0.0,0.0,752,False,36.97581918442471,36.97581918442471,False,False,2.231163595390875,11.99713185164767,22.747523737386164,51.204114631463256,sum_of_two_90pct_reference_radii_KBO_coverage_unknown,estimated_KBO_angle_unvalidated,False,False,reference_only_KBO_angle_unvalidated
2023,66047,박세진,Left,46.92967687068228,166.9963624253684,-0.055691541137974934,-1.0,-0.0225180662280424,178.0,0.055691541137974934,0.0225180662280424,-0.4712862378548821,1.634489033214288,0.0,0.0,277,False,39.18696599868816,39.18696599868816,False,False,2.231163595390875,11.99713185164767,24.958670551649615,53.4152614457267,sum_of_two_90pct_reference_radii_KBO_coverage_unknown,estimated_KBO_angle_unvalidated,False,False,reference_only_KBO_angle_unvalidated
2023,66064,김태오,Left,32.11324056448055,170.97398065389822,-0.05017903740404672,-1.0,-0.017875348470391635,183.0,0.05017903740404672,0.017875348470391635,-0.3327798076916952,1.6705232110229131,0.0,0.0,142,False,41.05416402466601,41.05416402466601,False,False,2.231163595390875,11.99713185164767,26.825868577627464,55.282459471704556,sum_of_two_90pct_reference_radii_KBO_coverage_unknown,estimated_KBO_angle_unvalidated,False,False,reference_only_KBO_angle_unvalidated
2023,66145,김대현,Right,-28.304460026756338,175.37448609540752,0.031250467221929104,-1.0,-0.020417355813644705,188.0,-0.031250467221929104,0.020417355813644705,0.2942644680700395,1.7134577789537302,0.0,0.0,89,True,40.89944944967527,,False,False,,,,,sum_of_two_90pct_reference_radii_KBO_coverage_unknown,withheld_small_sample,False,False,withheld_estimate
2023,66201,고봉재,Right,-73.20326798782477,114.08305337880547,0.0689628070534445,-1.0,0.030955016689017702,184.0,-0.0689628070534445,-0.030955016689017702,0.732650726468517,1.122459874597727,0.0,0.0,217,True,0.6186478489630503,0.6186478489630503,False,False,2.231163595390875,11.99713185164767,,,sum_of_two_90pct_reference_radii_KBO_coverage_unknown,estimated_KBO_angle_unvalidated,False,False,unavailable_unseen_stadium_bias
2023,66291,이영하,Right,-46.152981262014755,205.89150680397574,0.0342553467997416,-1.0,-0.043062574748020735,192.0,-0.0342553467997416,0.043062574748020735,0.46002916482752476,2.004441562010147,0.0,0.0,699,True,54.08678977193783,54.08678977193783,False,False,2.231163595390875,11.99713185164767,,,sum_of_two_90pct_reference_radii_KBO_coverage_unknown,estimated_KBO_angle_unvalidated,False,False,unavailable_unseen_stadium_bias
2023,66305,박승주,Right,-35.54828515488195,183.41723909445076,0.026818176953529047,-1.0,-0.035522021086053075,183.0,-0.026818176953529047,0.035522021086053075,0.3578051383448197,1.7931094088813015,0.0,0.0,368,True,47.18132386852913,47.18132386852913,False,False,2.231163595390875,11.99713185164767,,,sum_of_two_90pct_reference_radii_KBO_coverage_unknown,estimated_KBO_angle_unvalidated,False,False,unavailable_unseen_stadium_bias
2023,66451,최충연,Right,-57.56104526838794,187.1577598772592,0.051153234603169465,-1.0,-0.03356909371910168,190.0,-0.051153234603169465,0.03356909371910168,0.5713159668264228,1.8275850142960053,0.0,0.0,174,False,43.25679970824621,43.25679970824621,False,False,2.231163595390875,11.99713185164767,29.02850426120767,57.48509515528475,sum_of_two_90pct_reference_radii_KBO_coverage_unknown,estimated_KBO_angle_unvalidated,False,False,reference_only_KBO_angle_unvalidated
2023,66492,김승현,Right,-63.15546489776126,175.27804847081842,0.03486100290488514,-1.0,-0.024395457628213702,180.0,-0.03486100290488514,0.024395457628213702,0.621520484781446,1.709692749096773,0.0,0.0,233,True,40.45535870740313,40.45535870740313,False,False,2.231163595390875,11.99713185164767,,,sum_of_two_90pct_reference_radii_KBO_coverage_unknown,estimated_KBO_angle_unvalidated,False,False,unavailable_unseen_stadium_bias
2023,66609,전상현,Right,-40.34616131105633,177.31378399509947,0.031159780952100286,-1.0,-0.024862681864897266,180.0,-0.031159780952100286,0.024862681864897266,0.4056240887373519,1.7300124887856696,0.0,0.0,908,True,44.24558941290786,44.24558941290786,False,False,2.231163595390875,11.99713185164767,,,sum_of_two_90pct_reference_radii_KBO_coverage_unknown,estimated_KBO_angle_unvalidated,False,False,unavailable_unseen_stadium_bias
2023,66741,김재영,Right,-102.56551212646133,107.42205164902491,0.07615776826578478,-1.0,0.0376071094121617,187.0,-0.07615776826578478,-0.0376071094121617,1.012725371748267,1.057121761630547,0.0,0.0,145,False,-8.783587510279624,-8.783587510279624,False,False,2.231163595390875,11.99713185164767,-23.011882957318168,5.44470793675892,sum_of_two_90pct_reference_radii_KBO_coverage_unknown,estimated_KBO_angle_unvalidated,False,False,reference_only_KBO_angle_unvalidated
2023,66859,김주한,Right,-90.68946317121178,133.3154424190962,0.0714221987174387,-1.0,0.02630319997092825,184.0,-0.0714221987174387,-0.02630319997092825,0.8981252345823156,1.2987556870319752,0.0,0.0,16,False,9.293316779469226,,False,False,,,,,sum_of_two_90pct_reference_radii_KBO_coverage_unknown,withheld_small_sample,False,False,withheld_estimate
2023,66920,최성영,Left,78.97415390816084,174.0757931863825,-0.056768677447796734,-1.0,-0.020272699483277732,180.0,0.056768677447796734,0.020272699483277732,-0.7752877914191318,1.6958590143080057,0.0,0.0,1133,True,38.075153048060926,38.075153048060926,False,False,2.231163595390875,11.99713185164767,,,sum_of_two_90pct_reference_radii_KBO_coverage_unknown,estimated_KBO_angle_unvalidated,False,False,unavailable_unseen_stadium_bias
2023,67116,오석주,Right,-70.12601355176756,178.41539588725834,0.04343485432017314,-1.0,-0.009027907049926443,180.0,-0.04343485432017314,0.009027907049926443,0.6927731997152136,1.728767296876847,0.0,0.0,176,True,40.8690069791721,40.8690069791721,False,False,2.231163595390875,11.99713185164767,,,sum_of_two_90pct_reference_radii_KBO_coverage_unknown,estimated_KBO_angle_unvalidated,False,False,unavailable_unseen_stadium_bias
2023,67119,고우석,Right,-68.9757691422352,165.68175742193316,0.048931544920010867,-1.0,-0.017550521444246545,182.0,-0.048931544920010867,0.017550521444246545,0.6801540566000257,1.619163464041402,0.0,0.0,797,True,33.114693484220766,33.114693484220766,False,False,2.231163595390875,11.99713185164767,,,sum_of_two_90pct_reference_radii_KBO_coverage_unknown,estimated_KBO_angle_unvalidated,False,False,unavailable_unseen_stadium_bias
2023,67143,손주영,Left,54.66884916452567,194.25360993647524,-0.03704379537980537,-1.0,-0.02654142669542971,191.0,0.03704379537980537,0.02654142669542971,-0.5441655054981297,1.887949062144351,0.0,0.0,189,True,47.25351099158025,47.25351099158025,False,False,2.231163595390875,11.99713185164767,,,sum_of_two_90pct_reference_radii_KBO_coverage_unknown,estimated_KBO_angle_unvalidated,False,False,unavailable_unseen_stadium_bias
2023,67246,김명신,Right,-34.724481063987035,179.83387065543684,0.02916986126690299,-1.0,-0.014951347468112329,178.0,-0.02916986126690299,0.014951347468112329,0.35458877471398703,1.7466121906096808,0.0,0.0,1359,True,46.868014882611696,46.868014882611696,False,False,2.231163595390875,11.99713185164767,,,sum_of_two_90pct_reference_radii_KBO_coverage_unknown,estimated_KBO_angle_unvalidated,False,False,unavailable_unseen_stadium_bias
2023,67263,최원준,Right,-98.95154732249793,102.68766036768993,0.07856953305560659,-1.0,0.04201590045342212,182.0,-0.07856953305560659,-0.04201590045342212,0.9790080340803645,1.010043954177643,0.0,0.0,1698,True,-9.449146431586236,-9.449146431586236,False,False,2.231163595390875,11.99713185164767,,,sum_of_two_90pct_reference_radii_KBO_coverage_unknown,estimated_KBO_angle_unvalidated,False,False,unavailable_unseen_stadium_bias
2023,67266,박치국,Right,-60.8569210166446,119.28133176413051,0.05290776335680164,-1.0,0.024202553447384954,177.0,-0.05290776335680164,-0.024202553447384954,0.6110398590173702,1.17161977420112,0.0,0.0,878,True,8.205345358839097,8.205345358839097,False,False,2.231163595390875,11.99713185164767,,,sum_of_two_90pct_reference_radii_KBO_coverage_unknown,estimated_KBO_angle_unvalidated,False,False,unavailable_unseen_stadium_bias
2023,67365,양지율,Right,-46.465152026100895,154.318551167041,0.029316734284644597,-1.0,-0.01692146282822935,185.0,-0.029316734284644597,0.01692146282822935,0.4644865550756124,1.5176350138976604,0.0,0.0,28,False,28.27310472911242,,False,False,,,,,sum_of_two_90pct_reference_radii_KBO_coverage_unknown,withheld_small_sample,False,False,withheld_estimate
2023,67391,김재웅,Left,8.968010692153326,173.7845227770409,-0.013292781657001857,-1.0,-0.03273246373821736,171.0,0.013292781657001857,0.03273246373821736,-0.10291782128162741,1.70118074679452,0.0,1.0,961,True,51.69509369591714,,False,True,,,,,sum_of_two_90pct_reference_radii_KBO_coverage_unknown,withheld_bridge_extrapolation,False,False,withheld_estimate
2023,67419,문용익,Right,-53.046745535105956,175.38543117700385,0.04384673630642963,-1.0,-0.03186476390750162,178.0,-0.04384673630642963,0.03186476390750162,0.5253064145642654,1.7154578128513238,0.0,0.0,222,False,42.927032619811115,42.927032619811115,False,False,2.231163595390875,11.99713185164767,28.69873717277257,57.15532806684966,sum_of_two_90pct_reference_radii_KBO_coverage_unknown,estimated_KBO_angle_unvalidated,False,False,reference_only_KBO_angle_unvalidated
2023,67421,최지광,Right,-60.037740807370604,173.6052820893497,0.03762158121982849,-1.0,-0.011217728146101068,173.0,-0.03762158121982849,0.011217728146101068,0.5946348407964847,1.684446268758882,0.0,0.0,318,True,42.769833417956626,42.769833417956626,False,False,2.231163595390875,11.99713185164767,,,sum_of_two_90pct_reference_radii_KBO_coverage_unknown,estimated_KBO_angle_unvalidated,False,False,unavailable_unseen_stadium_bias
2023,67454,나원탁,Right,-30.6910842323332,189.62159216083515,0.019953013171925712,-1.0,-0.012967436687857204,183.0,-0.019953013171925712,0.012967436687857204,0.3169740606492773,1.8361089584896197,0.0,0.0,27,False,50.260220302247134,,False,False,,,,,sum_of_two_90pct_reference_radii_KBO_coverage_unknown,withheld_small_sample,False,False,withheld_estimate
2023,67467,김시현,Right,-45.91272321578524,182.07307733186053,0.035879281876090345,-1.0,-0.019879041389290197,181.0,-0.035879281876090345,0.019879041389290197,0.4606411955535692,1.7703662500729878,0.0,0.0,79,False,45.56166279015975,,False,False,,,,,sum_of_two_90pct_reference_radii_KBO_coverage_unknown,withheld_small_sample,False,False,withheld_estimate
2023,67539,나균안,Right,-39.854691686234084,180.26481311973149,0.03393080370085202,-1.0,-0.02318043075128015,186.0,-0.03393080370085202,0.02318043075128015,0.40300269362527974,1.7580686641987697,0.0,0.0,2094,True,43.0646237104816,43.0646237104816,False,False,2.231163595390875,11.99713185164767,,,sum_of_two_90pct_reference_radii_KBO_coverage_unknown,estimated_KBO_angle_unvalidated,False,False,unavailable_unseen_stadium_bias
2023,67603,이승호,Left,44.799585970089645,183.95391705644468,-0.032358502943036924,-1.0,-0.03577353839645668,187.0,0.032358502943036924,0.03577353839645668,-0.44662965680391326,1.7990580938360232,0.0,0.0,95,False,45.19720802445403,,False,False,,,,,sum_of_two_90pct_reference_radii_KBO_coverage_unknown,withheld_small_sample,False,False,withheld_estimate
2023,67640,유승철,Right,-45.83050731231806,190.6142063462393,0.024397509473491112,-1.0,-0.036368677590159174,184.0,-0.024397509473491112,0.036368677590159174,0.45487989701973813,1.8585194472619768,0.0,0.0,19,False,49.48879122671626,,False,False,,,,,sum_of_two_90pct_reference_radii_KBO_coverage_unknown,withheld_small_sample,False,False,withheld_estimate
2023,67703,박상원,Right,-60.406966590295404,183.25163374366238,0.03940776381651031,-1.0,-0.027125762943465772,187.0,-0.03940776381651031,0.027125762943465772,0.5972286235623405,1.7865923209659071,0.0,0.0,1102,True,41.963012310210196,41.963012310210196,False,False,2.231163595390875,11.99713185164767,,,sum_of_two_90pct_reference_radii_KBO_coverage_unknown,estimated_KBO_angle_unvalidated,False,False,unavailable_unseen_stadium_bias
2023,67768,김태욱,Left,78.5820867366704,188.11750504708937,-0.05735779816327325,-1.0,0.003253004149522395,187.0,0.05735779816327325,-0.003253004149522395,-0.7796519759712244,1.8118731130551868,0.0,0.0,17,False,41.722398329046726,,False,False,,,,,sum_of_two_90pct_reference_radii_KBO_coverage_unknown,withheld_small_sample,False,False,withheld_estimate
2023,67954,김진호,Right,-49.167257192204715,167.83739182160187,0.05501907252020868,-1.0,-0.02249444949228455,183.0,-0.05501907252020868,0.02249444949228455,0.49316816649784634,1.6437038606909664,0.0,0.0,314,True,36.44504520400824,36.44504520400824,False,False,2.231163595390875,11.99713185164767,,,sum_of_two_90pct_reference_radii_KBO_coverage_unknown,estimated_KBO_angle_unvalidated,False,False,unavailable_unseen_stadium_bias
2023,67956,김태현,Left,63.021122577459195,190.72104731003452,-0.055695820021568754,-1.0,-0.03590566824740044,188.0,0.055695820021568754,0.03590566824740044,-0.6228839861307538,1.8603911908848498,0.0,0.0,337,True,46.07960744523665,46.07960744523665,False,False,2.231163595390875,11.99713185164767,,,sum_of_two_90pct_reference_radii_KBO_coverage_unknown,estimated_KBO_angle_unvalidated,False,False,unavailable_unseen_stadium_bias
2023,68036,최이준,Right,-37.8756089563599,174.19856589410767,0.029631374190744998,-1.0,-0.01726697096834135,182.0,-0.029631374190744998,0.01726697096834135,0.3841162659649747,1.6980093927210211,0.0,0.0,546,True,41.60005836267645,41.60005836267645,False,False,2.231163595390875,11.99713185164767,,,sum_of_two_90pct_reference_radii_KBO_coverage_unknown,estimated_KBO_angle_unvalidated,False,False,unavailable_unseen_stadium_bias
2023,68043,김민,Right,-55.65486892516741,180.1256669950748,0.03508522073388203,-1.0,-0.019102508261653404,185.0,-0.03508522073388203,0.019102508261653404,0.5532025573101492,1.752892513045609,0.0,0.0,520,False,41.41205336059533,41.41205336059533,False,False,2.231163595390875,11.99713185164767,27.183757913556786,55.64034880763387,sum_of_two_90pct_reference_radii_KBO_coverage_unknown,estimated_KBO_angle_unvalidated,False,False,reference_only_KBO_angle_unvalidated
2023,68092,한두솔,Left,63.966673047775615,175.53428306742813,-0.02961312656453022,-1.0,-0.014294693742586061,177.0,0.02961312656453022,0.014294693742586061,-0.630441131585971,1.7046830706494638,0.0,0.0,26,False,41.89460542016611,,False,False,,,,,sum_of_two_90pct_reference_radii_KBO_coverage_unknown,withheld_small_sample,False,False,withheld_estimate
2023,68130,김영준,Right,-23.98550781848233,186.23669609391223,0.026038473648203095,-1.0,-0.022550844953117797,185.0,-0.026038473648203095,0.022550844953117797,0.2523186472091046,1.8124908648518747,0.0,0.0,16,False,48.68339494767657,,False,False,,,,,sum_of_two_90pct_reference_radii_KBO_coverage_unknown,withheld_small_sample,False,False,withheld_estimate
2023,68159,성동현,Right,-48.851286240905566,181.9770978092222,0.037482854422499476,-1.0,-0.028674764665099307,189.0,-0.037482854422499476,0.028674764665099307,0.487689641656624,1.777432845749379,0.0,0.0,20,False,41.733695659076005,,False,False,,,,,sum_of_two_90pct_reference_radii_KBO_coverage_unknown,withheld_small_sample,False,False,withheld_estimate
2023,68200,김민규,Right,-49.26071714027837,170.7547856299456,0.040859092610638914,-1.0,-0.015413383971995012,183.0,-0.040859092610638914,0.015413383971995012,0.4937862189171467,1.66550327964524,0.0,0.0,153,False,37.76731840456099,37.76731840456099,False,False,2.231163595390875,11.99713185164767,23.539022957522445,51.99561385159953,sum_of_two_90pct_reference_radii_KBO_coverage_unknown,estimated_KBO_angle_unvalidated,False,False,reference_only_KBO_angle_unvalidated
2023,68220,곽빈,Right,-53.23032880311632,177.83005131562032,0.04194860391201211,-1.0,-0.011488977669251374,187.0,-0.04194860391201211,0.011488977669251374,0.5335133116056778,1.7285930647241008,0.0,0.0,2118,True,39.195495916799175,39.195495916799175,False,False,2.231163595390875,11.99713185164767,,,sum_of_two_90pct_reference_radii_KBO_coverage_unknown,estimated_KBO_angle_unvalidated,False,False,unavailable_unseen_stadium_bias
2023,68242,정철원,Right,-22.47136602584383,191.9651219899039,0.022905394588033024,-1.0,-0.036485550730664014,192.0,-0.022905394588033024,0.036485550730664014,0.2354810561557412,1.8753591696579521,0.0,0.0,1184,True,49.241221731488274,49.241221731488274,False,False,2.231163595390875,11.99713185164767,,,sum_of_two_90pct_reference_radii_KBO_coverage_unknown,estimated_KBO_angle_unvalidated,False,False,unavailable_unseen_stadium_bias
2023,68249,박신지,Right,-71.1163845324402,182.44770336946735,0.055378454336326974,-1.0,-0.023589707888232357,185.0,-0.055378454336326974,0.023589707888232357,0.7013776408546466,1.7761992376432525,0.0,0.0,454,True,41.164164342040316,41.164164342040316,False,False,2.231163595390875,11.99713185164767,,,sum_of_two_90pct_reference_radii_KBO_coverage_unknown,estimated_KBO_angle_unvalidated,False,False,unavailable_unseen_stadium_bias
2023,68269,김호준,Left,60.29254203876556,173.53713885418742,-0.04511184455783852,-1.0,-0.016646511356050036,180.0,0.04511184455783852,0.016646511356050036,-0.5979751619098752,1.6897835835428328,0.0,0.0,59,False,39.92452877442446,,False,False,,,,,sum_of_two_90pct_reference_radii_KBO_coverage_unknown,withheld_small_sample,False,False,withheld_estimate
2023,68341,안우진,Right,-19.18950109893232,182.72424759087698,0.019981361428575376,-1.0,-0.034294995402592836,192.0,-0.019981361428575376,0.034294995402592836,0.20401825908242446,1.7902475805226665,0.0,0.0,2340,True,44.75887276612592,44.75887276612592,False,False,2.231163595390875,11.99713185164767,,,sum_of_two_90pct_reference_radii_KBO_coverage_unknown,estimated_KBO_angle_unvalidated,False,False,unavailable_unseen_stadium_bias
2023,68415,양창섭,Right,-46.600985521148615,180.83836988724354,0.04147908226956477,-1.0,-0.02431085205205075,182.0,-0.04147908226956477,0.02431085205205075,0.4669854170941001,1.7622876646377557,0.0,0.0,518,False,44.49244134217121,44.49244134217121,False,False,2.231163595390875,11.99713185164767,30.264145895132668,58.72073678920975,sum_of_two_90pct_reference_radii_KBO_coverage_unknown,estimated_KBO_angle_unvalidated,False,False,reference_only_KBO_angle_unvalidated
2023,68419,최지명,Left,75.1722735746369,187.72826980868894,-0.052768838074948136,-1.0,-0.01869248788862692,186.0,0.052768838074948136,0.01869248788862692,-0.740984136099776,1.8212127168173662,0.0,0.0,934,False,43.257388080127086,43.257388080127086,False,False,2.231163595390875,11.99713185164767,29.029092633088542,57.485683527165634,sum_of_two_90pct_reference_radii_KBO_coverage_unknown,estimated_KBO_angle_unvalidated,False,False,reference_only_KBO_angle_unvalidated
2023,68501,최하늘,Right,-67.95067758809664,137.73572023557287,0.06575265085181453,-1.0,0.025543067256518868,190.0,-0.06575265085181453,-0.025543067256518868,0.6836258703247763,1.3429724303191728,0.0,0.0,150,False,12.518483117443832,12.518483117443832,False,False,2.231163595390875,11.99713185164767,-1.7098123295947119,26.746778564482376,sum_of_two_90pct_reference_radii_KBO_coverage_unknown,estimated_KBO_angle_unvalidated,False,False,reference_only_KBO_angle_unvalidated
2023,68556,정성종,Right,-58.96559910466083,171.68696928700126,0.050952867906078954,-1.0,-0.01982726193499681,181.0,-0.050952867906078954,0.01982726193499681,0.5856132355071481,1.6755206299401526,0.0,0.0,328,False,38.237041220977176,38.237041220977176,False,False,2.231163595390875,11.99713185164767,24.00874577393863,52.46533666801572,sum_of_two_90pct_reference_radii_KBO_coverage_unknown,estimated_KBO_angle_unvalidated,False,False,reference_only_KBO_angle_unvalidated
2023,68585,김도규,Right,-20.729945683842853,199.07655020840014,0.02752008247171477,-1.0,-0.03148817551946991,192.0,-0.02752008247171477,0.03148817551946991,0.22148296926788888,1.937247914436721,0.0,0.0,527,False,52.99109066002467,52.99109066002467,False,False,2.231163595390875,11.99713185164767,38.76279521298612,67.21938610706322,sum_of_two_90pct_reference_radii_KBO_coverage_unknown,estimated_KBO_angle_unvalidated,False,False,reference_only_KBO_angle_unvalidated
2023,68619,윤중현,Right,-97.80092796100575,121.80883575516746,0.07438468301000492,-1.0,0.02378586045254898,180.0,-0.07438468301000492,-0.02378586045254898,0.9637256808370852,1.193890325920422,0.0,0.0,386,True,3.3818129473840557,3.3818129473840557,False,False,2.231163595390875,11.99713185164767,,,sum_of_two_90pct_reference_radii_KBO_coverage_unknown,estimated_KBO_angle_unvalidated,False,False,unavailable_unseen_stadium_bias
2023,68639,하준영,Left,72.71600025603986,176.5846314018886,-0.05507665477345673,-1.0,-0.026175234434247,182.0,0.05507665477345673,0.026175234434247,-0.7149250026667433,1.7232935432305023,0.0,0.0,879,True,39.53484443347314,39.53484443347314,False,False,2.231163595390875,11.99713185164767,,,sum_of_two_90pct_reference_radii_KBO_coverage_unknown,estimated_KBO_angle_unvalidated,False,False,unavailable_unseen_stadium_bias
2023,68659,김유신,Left,49.70408366940015,187.2448751404122,-0.03806098642643122,-1.0,-0.019295783107633295,187.0,0.03806098642643122,0.019295783107633295,-0.49821552583324785,1.8189217050642175,0.0,0.0,502,True,45.68328013930404,45.68328013930404,False,False,2.231163595390875,11.99713185164767,,,sum_of_two_90pct_reference_radii_KBO_coverage_unknown,estimated_KBO_angle_unvalidated,False,False,unavailable_unseen_stadium_bias
2023,68830,김정우,Right,-82.32111747220428,163.44226612055428,0.06322658837825038,-1.0,-0.011329196430139327,183.0,-0.06322658837825038,0.011329196430139327,0.8099971509617955,1.5949403686302321,0.0,0.0,148,False,29.58475231204803,29.58475231204803,False,False,2.231163595390875,11.99713185164767,15.356456865009484,43.81304775908657,sum_of_two_90pct_reference_radii_KBO_coverage_unknown,estimated_KBO_angle_unvalidated,False,False,reference_only_KBO_angle_unvalidated
2023,68848,조성훈,Right,-22.93218352840474,182.07329682868442,0.02321652289200243,-1.0,-0.02099923532573714,188.0,-0.02321652289200243,0.02099923532573714,0.24254758335382773,1.7747913514858678,0.0,0.0,137,False,45.181675248347794,45.181675248347794,False,False,2.231163595390875,11.99713185164767,30.95337980130925,59.409970695386335,sum_of_two_90pct_reference_radii_KBO_coverage_unknown,estimated_KBO_angle_unvalidated,False,False,reference_only_KBO_angle_unvalidated
2023,68856,최민준,Right,-50.93651904827244,180.61790814295335,0.03280638425854297,-1.0,-0.016528714417379273,178.0,-0.03280638425854297,0.016528714417379273,0.50785388445964,1.7536112514908169,0.0,0.0,1026,True,45.505688420763676,45.505688420763676,False,False,2.231163595390875,11.99713185164767,,,sum_of_two_90pct_reference_radii_KBO_coverage_unknown,estimated_KBO_angle_unvalidated,False,False,unavailable_unseen_stadium_bias
2023,68896,이채호,Right,-71.10881640198438,79.7796773716937,0.04846931508135486,-1.0,0.06015941716454159,185.0,-0.04846931508135486,-0.06015941716454159,0.7150702900666415,0.7932110732498131,0.0,0.0,393,True,-19.721544484944225,-19.721544484944225,False,False,2.231163595390875,11.99713185164767,,,sum_of_two_90pct_reference_radii_KBO_coverage_unknown,estimated_KBO_angle_unvalidated,False,False,unavailable_unseen_stadium_bias
2023,68900,김영규,Left,61.85821147117498,190.11152612840837,-0.04693668807740719,-1.0,-0.03600321067794145,188.0,0.04693668807740719,0.03600321067794145,-0.6104566320044139,1.8547133845684634,0.0,0.0,916,True,45.894018137946176,45.894018137946176,False,False,2.231163595390875,11.99713185164767,,,sum_of_two_90pct_reference_radii_KBO_coverage_unknown,estimated_KBO_angle_unvalidated,False,False,unavailable_unseen_stadium_bias
2023,68902,신민혁,Right,-28.30362900105856,176.68987935225053,0.028797545784618555,-1.0,-0.02112155150314721,184.0,-0.028797545784618555,0.02112155150314721,0.29312546542645457,1.7243294949947152,0.0,0.0,2135,True,43.406583448711686,43.406583448711686,False,False,2.231163595390875,11.99713185164767,,,sum_of_two_90pct_reference_radii_KBO_coverage_unknown,estimated_KBO_angle_unvalidated,False,False,unavailable_unseen_stadium_bias
2023,68928,김시훈,Right,-40.78715408914868,190.39216979600997,0.03568128348286099,-1.0,-0.02630176816305274,188.0,-0.03568128348286099,0.02630176816305274,0.41224347062862765,1.8526334814887668,0.0,0.0,980,True,47.628661997758776,47.628661997758776,False,False,2.231163595390875,11.99713185164767,,,sum_of_two_90pct_reference_radii_KBO_coverage_unknown,estimated_KBO_angle_unvalidated,False,False,unavailable_unseen_stadium_bias
2023,69032,쿠에바스,Right,-54.04926401511895,174.1488895235128,0.03535338111694542,-1.0,-0.024052089127043645,188.0,-0.03535338111694542,0.024052089127043645,0.5369452399953414,1.702750170702108,0.0,0.0,1665,True,37.11436240579779,37.11436240579779,False,False,2.231163595390875,11.99713185164767,,,sum_of_two_90pct_reference_radii_KBO_coverage_unknown,estimated_KBO_angle_unvalidated,False,False,unavailable_unseen_stadium_bias
2023,69041,손동현,Right,-38.63968052151003,167.02878991713445,0.030705573190876162,-1.0,-0.014052253630018845,183.0,-0.030705573190876162,0.014052253630018845,0.3920300823859966,1.6312881522972824,0.0,0.0,1098,True,37.000874371695154,37.000874371695154,False,False,2.231163595390875,11.99713185164767,,,sum_of_two_90pct_reference_radii_KBO_coverage_unknown,estimated_KBO_angle_unvalidated,False,False,unavailable_unseen_stadium_bias
2023,69045,알칸타라,Right,-37.44859477139792,182.796273713256,0.03426425211930248,-1.0,-0.030043916001110393,193.0,-0.03426425211930248,0.030043916001110393,0.3798888949416043,1.7878420224041496,0.0,0.0,2884,True,41.819933487031335,41.819933487031335,False,False,2.231163595390875,11.99713185164767,,,sum_of_two_90pct_reference_radii_KBO_coverage_unknown,estimated_KBO_angle_unvalidated,False,False,unavailable_unseen_stadium_bias
2023,69047,전용주,Left,52.93489414042554,173.39891877033276,-0.052715574486178515,-1.0,-0.02078724019798267,188.0,0.052715574486178515,0.02078724019798267,-0.5299562601048858,1.6946286189793343,0.0,0.0,176,True,37.42143523590665,37.42143523590665,False,False,2.231163595390875,11.99713185164767,,,sum_of_two_90pct_reference_radii_KBO_coverage_unknown,estimated_KBO_angle_unvalidated,False,False,unavailable_unseen_stadium_bias
2023,69054,이상동,Right,-54.240368790912946,180.14926050107672,0.04389850932667784,-1.0,-0.028102746780503864,181.0,-0.04389850932667784,0.028102746780503864,0.5383175400165374,1.7574615860193104,0.0,0.0,664,True,43.86771037597755,43.86771037597755,False,False,2.231163595390875,11.99713185164767,,,sum_of_two_90pct_reference_radii_KBO_coverage_unknown,estimated_KBO_angle_unvalidated,False,False,unavailable_unseen_stadium_bias
2023,69068,이선우,Right,-91.92177598873478,106.5164876408859,0.06721433428480084,-1.0,0.04844658143695041,186.0,-0.06721433428480084,-0.04844658143695041,0.9133649805515381,1.0425431972981172,0.0,0.0,587,True,-7.853275971453293,-7.853275971453293,False,False,2.231163595390875,11.99713185164767,,,sum_of_two_90pct_reference_radii_KBO_coverage_unknown,estimated_KBO_angle_unvalidated,False,False,unavailable_unseen_stadium_bias
2023,69103,켈리,Right,-32.978687894559584,201.65414236247554,0.02956647502809431,-1.0,-0.03653347283790992,191.0,-0.02956647502809431,0.03653347283790992,0.3361533766168705,1.962498117462037,0.0,0.0,2740,False,53.54582360064016,53.54582360064016,False,False,2.231163595390875,11.99713185164767,39.317528153601614,67.77411904767871,sum_of_two_90pct_reference_radii_KBO_coverage_unknown,estimated_KBO_angle_unvalidated,False,False,reference_only_KBO_angle_unvalidated
2023,69108,이지강,Right,-29.8456728054941,171.93800169830817,0.028217040467574003,-1.0,-0.015014898525390119,183.0,-0.028217040467574003,0.015014898525390119,0.3086823592622156,1.6770224560978577,0.0,0.0,1195,True,40.848782067802,40.848782067802,False,False,2.231163595390875,11.99713185164767,,,sum_of_two_90pct_reference_radii_KBO_coverage_unknown,estimated_KBO_angle_unvalidated,False,False,unavailable_unseen_stadium_bias
2023,69134,이정용,Right,-39.52008088682077,188.7482708627136,0.03687354709192023,-1.0,-0.025660204981226894,186.0,-0.03687354709192023,0.025660204981226894,0.40020864438169557,1.8367377141993582,0.0,0.0,1418,True,47.810018131140446,47.810018131140446,False,False,2.231163595390875,11.99713185164767,,,sum_of_two_90pct_reference_radii_KBO_coverage_unknown,estimated_KBO_angle_unvalidated,False,False,unavailable_unseen_stadium_bias
2023,69159,정우영,Right,-91.1878604885768,129.49127007842318,0.07231604889212677,-1.0,0.025223213359303904,193.0,-0.07231604889212677,-0.025223213359303904,0.9039131527078333,1.267848475623237,0.0,0.0,936,True,3.595545289904422,3.595545289904422,False,False,2.231163595390875,11.99713185164767,,,sum_of_two_90pct_reference_radii_KBO_coverage_unknown,estimated_KBO_angle_unvalidated,False,False,unavailable_unseen_stadium_bias
2023,69168,이상영,Left,87.8841082022431,178.33607824876478,-0.0712853145624922,-1.0,-0.018425593630822915,193.0,0.0712853145624922,0.018425593630822915,-0.8645287490023724,1.7378878929968649,0.0,0.0,208,False,33.261593502345534,33.261593502345534,False,False,2.231163595390875,11.99713185164767,19.03329805530699,47.48988894938408,sum_of_two_90pct_reference_radii_KBO_coverage_unknown,estimated_KBO_angle_unvalidated,False,False,reference_only_KBO_angle_unvalidated
2023,69213,윤산흠,Right,-25.64341853437829,168.811457757856,0.004836784204057656,-1.0,-0.017276569463324107,178.0,-0.004836784204057656,0.017276569463324107,0.2637357007953944,1.6477478902901401,0.0,0.0,83,False,42.01562534707199,,False,False,,,,,sum_of_two_90pct_reference_radii_KBO_coverage_unknown,withheld_small_sample,False,False,withheld_estimate
2023,69343,요키시,Left,74.72894637391376,179.04731293843594,-0.06122363130440261,-1.0,-0.02513276451224867,188.0,0.06122363130440261,0.02513276451224867,-0.7362869962464357,1.747222708979586,0.0,0.0,1100,True,37.82649150047765,37.82649150047765,False,False,2.231163595390875,11.99713185164767,,,sum_of_two_90pct_reference_radii_KBO_coverage_unknown,estimated_KBO_angle_unvalidated,False,False,unavailable_unseen_stadium_bias
2023,69360,조영건,Right,-62.130482137051224,169.61992440597402,0.04585624492930547,-1.0,-0.014658818318254352,180.0,-0.04585624492930547,0.014658818318254352,0.6157036057759409,1.6528993699152346,0.0,0.0,101,False,36.9661102047148,36.9661102047148,False,False,2.231163595390875,11.99713185164767,22.737814757676258,51.19440565175334,sum_of_two_90pct_reference_radii_KBO_coverage_unknown,estimated_KBO_angle_unvalidated,False,False,reference_only_KBO_angle_unvalidated
2023,69399,윤정현,Left,82.03377640696462,184.3269931325836,-0.06563103071448992,-1.0,-0.029545306774321562,186.0,0.06563103071448992,0.029545306774321562,-0.8048281221474634,1.796723775536257,0.0,0.0,103,False,40.99269015245805,40.99269015245805,False,False,2.231163595390875,11.99713185164767,26.76439470541951,55.2209855994966,sum_of_two_90pct_reference_radii_KBO_coverage_unknown,estimated_KBO_angle_unvalidated,False,False,reference_only_KBO_angle_unvalidated
2023,69446,원태인,Right,-44.22012378323013,177.43574838215804,0.03601162020724236,-1.0,-0.02259249048348595,183.0,-0.03601162020724236,0.02259249048348595,0.4440302474979386,1.7307009620273035,0.0,0.0,2301,True,42.35265820816204,42.35265820816204,False,False,2.231163595390875,11.99713185164767,,,sum_of_two_90pct_reference_radii_KBO_coverage_unknown,estimated_KBO_angle_unvalidated,False,False,unavailable_unseen_stadium_bias
2023,69507,박영완,Right,-42.50166077603694,174.52960270802927,0.036307316764553274,-1.0,-0.03534211166672359,183.0,-0.036307316764553274,0.03534211166672359,0.42443976911802445,1.7120642294584896,0.0,0.0,13,False,41.46473545614919,,False,False,,,,,sum_of_two_90pct_reference_radii_KBO_coverage_unknown,withheld_small_sample,False,False,withheld_estimate
2023,69594,박진,Right,-10.862163009995307,177.49513818344366,0.020068741266693762,-1.0,-0.010611559728308474,182.0,-0.020068741266693762,0.010611559728308474,0.12949024767268869,1.7256385150638343,0.0,0.0,113,False,46.60564360357139,46.60564360357139,False,False,2.231163595390875,11.99713185164767,32.37734815653285,60.83393905060993,sum_of_two_90pct_reference_radii_KBO_coverage_unknown,estimated_KBO_angle_unvalidated,False,False,reference_only_KBO_angle_unvalidated
2023,69620,김기훈,Left,53.36347227403312,187.81961650970192,-0.042858080303458806,-1.0,-0.04155170911962503,184.0,0.042858080303458806,0.04155170911962503,-0.5274249130853166,1.836282078479252,0.0,0.0,663,True,47.79248222585606,47.79248222585606,False,False,2.231163595390875,11.99713185164767,,,sum_of_two_90pct_reference_radii_KBO_coverage_unknown,estimated_KBO_angle_unvalidated,False,False,unavailable_unseen_stadium_bias
2023,69645,장유호,Right,-47.82326628197356,171.6999808199657,0.015357965780563058,-1.0,0.0014017489370230464,179.0,-0.015357965780563058,-0.0014017489370230464,0.4798575211018703,1.6618875448436687,0.0,0.0,44,False,39.64308753579471,,False,False,,,,,sum_of_two_90pct_reference_radii_KBO_coverage_unknown,withheld_small_sample,False,False,withheld_estimate
2023,69762,박윤철,Right,-42.09743616159617,172.7529802424612,0.03857089993437312,-1.0,-0.017630990820338956,186.0,-0.03857089993437312,0.017630990820338956,0.42584919802143995,1.6864959940947784,0.0,0.0,81,False,38.48663202200746,,False,False,,,,,sum_of_two_90pct_reference_radii_KBO_coverage_unknown,withheld_small_sample,False,False,withheld_estimate
2023,69803,서상준,Right,-70.36438779087568,193.32239443357545,0.04208238338342387,-1.0,-0.03920061670765231,193.0,-0.04208238338342387,0.03920061670765231,0.6901819391886689,1.8867895941023527,0.0,0.0,55,False,43.97406314788218,,False,False,,,,,sum_of_two_90pct_reference_radii_KBO_coverage_unknown,withheld_small_sample,False,False,withheld_estimate
2023,69839,백승건,Left,49.117912834811435,174.6748960036461,-0.03374154939889256,-1.0,-0.02006334874112347,183.0,0.03374154939889256,0.02006334874112347,-0.49037548493584265,1.7036759827814425,0.0,0.0,657,True,40.79118569673746,40.79118569673746,False,False,2.231163595390875,11.99713185164767,,,sum_of_two_90pct_reference_radii_KBO_coverage_unknown,estimated_KBO_angle_unvalidated,False,False,unavailable_unseen_stadium_bias
2023,69962,송명기,Right,-102.49387088440581,154.5949159668607,0.07781391751031388,-1.0,-0.006964570803316637,191.0,-0.07781391751031388,0.006964570803316637,1.00458517412911,1.5137953602894652,0.0,0.0,1865,True,18.380749931369923,18.380749931369923,False,False,2.231163595390875,11.99713185164767,,,sum_of_two_90pct_reference_radii_KBO_coverage_unknown,estimated_KBO_angle_unvalidated,False,False,unavailable_unseen_stadium_bias
2023,69969,전사민,Right,-66.45113275943177,192.85487239693046,0.05119224528367642,-1.0,-0.027221225050639664,194.0,-0.05119224528367642,0.027221225050639664,0.6578547730301516,1.876311678225837,0.0,0.0,283,True,43.198766910387896,43.198766910387896,False,False,2.231163595390875,11.99713185164767,,,sum_of_two_90pct_reference_radii_KBO_coverage_unknown,estimated_KBO_angle_unvalidated,False,False,unavailable_unseen_stadium_bias
2023,69974,배민서,Right,-44.61030053163302,159.95922075549478,0.04091735421606002,-1.0,-0.011290107704377795,184.0,-0.04091735421606002,0.011290107704377795,0.45043163589733554,1.5656638449073368,0.0,0.0,127,False,31.806343257020337,31.806343257020337,False,False,2.231163595390875,11.99713185164767,17.578047809981793,46.03463870405888,sum_of_two_90pct_reference_radii_KBO_coverage_unknown,estimated_KBO_angle_unvalidated,False,False,reference_only_KBO_angle_unvalidated
2023,69991,하준수,Right,-17.326547590072103,188.379569573573,0.013739004564637525,-1.0,-0.023989515222715346,189.0,-0.013739004564637525,0.023989515222715346,0.18792534270066447,1.8343250479204858,0.0,0.0,33,False,48.90038073230273,,False,False,,,,,sum_of_two_90pct_reference_radii_KBO_coverage_unknown,withheld_small_sample,False,False,withheld_estimate
2023,72523,고효준,Left,55.06839155762456,174.4296836448279,-0.037934026606135166,-1.0,-0.016661307308686996,179.0,0.037934026606135166,0.016661307308686996,-0.5474132704609991,1.6976946506318906,0.0,0.0,1202,True,41.548652999459534,41.548652999459534,False,False,2.231163595390875,11.99713185164767,,,sum_of_two_90pct_reference_radii_KBO_coverage_unknown,estimated_KBO_angle_unvalidated,False,False,unavailable_unseen_stadium_bias
2023,73117,우규민,Right,-108.38056881411083,104.32541227147455,0.07356474562308855,-1.0,0.04652932617245783,184.0,-0.07356474562308855,-0.04652932617245783,1.0687948459153207,1.0220793813835443,0.0,0.0,653,True,-10.727675780968582,-10.727675780968582,False,False,2.231163595390875,11.99713185164767,,,sum_of_two_90pct_reference_radii_KBO_coverage_unknown,estimated_KBO_angle_unvalidated,False,False,unavailable_unseen_stadium_bias
2023,73211,노경은,Right,-32.92205401489525,190.70840639208967,0.03358823666466307,-1.0,-0.03154731215505441,187.0,-0.03358823666466307,0.03154731215505441,0.3361934837986577,1.8587967913414214,0.0,0.0,1404,True,49.40742796628136,49.40742796628136,False,False,2.231163595390875,11.99713185164767,,,sum_of_two_90pct_reference_radii_KBO_coverage_unknown,estimated_KBO_angle_unvalidated,False,False,unavailable_unseen_stadium_bias
2023,73801,송은범,Right,-57.182327036043525,185.41589905944645,0.05557914143631031,-1.0,-0.02725650706675981,182.0,-0.05557914143631031,0.02725650706675981,0.5686427259714572,1.805317247612632,0.0,0.0,54,False,45.97695252581153,,False,False,,,,,sum_of_two_90pct_reference_radii_KBO_coverage_unknown,withheld_small_sample,False,False,withheld_estimate
2023,74513,장원준,Left,57.903690075619096,172.9247969325503,-0.05294527696231725,-1.0,-0.0071876343826430406,184.0,0.05294527696231725,0.0071876343826430406,-0.5796722350413829,1.6804098287773122,0.0,0.0,688,False,37.71417782614922,37.71417782614922,False,False,2.231163595390875,11.99713185164767,23.485882379110674,51.94247327318776,sum_of_two_90pct_reference_radii_KBO_coverage_unknown,estimated_KBO_angle_unvalidated,False,False,reference_only_KBO_angle_unvalidated
2023,74857,정우람,Left,71.9318992380405,176.15098733448255,-0.0698084730974974,-1.0,-0.01758347909288905,181.0,0.0698084730974974,0.01758347909288905,-0.7118467706949592,1.7143941627190722,0.0,0.0,765,True,39.513102822002274,39.513102822002274,False,False,2.231163595390875,11.99713185164767,,,sum_of_two_90pct_reference_radii_KBO_coverage_unknown,estimated_KBO_angle_unvalidated,False,False,unavailable_unseen_stadium_bias
2023,75421,오승환,Right,-77.31863647536221,171.78360242439211,0.057050934577015856,-1.0,-0.021838851226222523,178.0,-0.057050934577015856,0.021838851226222523,0.7588416060943424,1.6753937768813822,0.0,0.0,943,True,37.803918743734684,37.803918743734684,False,False,2.231163595390875,11.99713185164767,,,sum_of_two_90pct_reference_radii_KBO_coverage_unknown,estimated_KBO_angle_unvalidated,False,False,unavailable_unseen_stadium_bias
2023,75867,김진성,Right,-1.808336440205287,201.07341251031872,0.016810208681553026,-1.0,-0.03717507539241698,186.0,-0.016810208681553026,0.03717507539241698,0.03888097140904896,1.9576968269796795,0.0,0.06968325791855204,1105,True,59.388751517321865,59.388751517321865,False,False,2.231163595390875,11.99713185164767,,,sum_of_two_90pct_reference_radii_KBO_coverage_unknown,estimated_KBO_angle_unvalidated,False,False,unavailable_unseen_stadium_bias
2023,76118,원종현,Right,-54.333527423119854,152.84200155160477,0.034622284327906115,-1.0,-0.012557065292502171,182.0,-0.034622284327906115,0.012557065292502171,0.540134427262745,1.5001429531040065,0.0,0.0,322,True,27.506377370617024,27.506377370617024,False,False,2.231163595390875,11.99713185164767,,,sum_of_two_90pct_reference_radii_KBO_coverage_unknown,estimated_KBO_angle_unvalidated,False,False,unavailable_unseen_stadium_bias
2023,76225,김건국,Right,-31.482126692312868,187.0865311090186,0.025829744915835028,-1.0,-0.02167557592096659,183.0,-0.025829744915835028,0.02167557592096659,0.32300516370554455,1.8184228406044993,0.0,0.0,257,True,49.12678703551709,49.12678703551709,False,False,2.231163595390875,11.99713185164767,,,sum_of_two_90pct_reference_radii_KBO_coverage_unknown,estimated_KBO_angle_unvalidated,False,False,unavailable_unseen_stadium_bias
2023,76650,진해수,Left,58.48040671812879,196.62343091434892,-0.037993642194491105,-1.0,-0.01784924758932243,187.0,0.037993642194491105,0.01784924758932243,-0.5820032636445016,1.9026092952695,0.0,0.0,296,True,49.61227358418897,49.61227358418897,False,False,2.231163595390875,11.99713185164767,,,sum_of_two_90pct_reference_radii_KBO_coverage_unknown,estimated_KBO_angle_unvalidated,False,False,unavailable_unseen_stadium_bias
2023,77211,이용찬,Right,-65.3745531409037,173.88448423458914,0.05887194919596346,-1.0,-0.014877752671301682,185.0,-0.05887194919596346,0.014877752671301682,0.649405522654578,1.6937298565602892,0.0,0.0,959,True,36.64587272889404,36.64587272889404,False,False,2.231163595390875,11.99713185164767,,,sum_of_two_90pct_reference_radii_KBO_coverage_unknown,estimated_KBO_angle_unvalidated,False,False,unavailable_unseen_stadium_bias
2023,77263,김강률,Right,-24.058831868823688,186.0839937904025,0.016132628469847143,-1.0,-0.019199228337530634,187.0,-0.016132628469847143,0.019199228337530634,0.2526060989334774,1.8094814005458173,0.0,0.0,485,True,47.549205633000874,47.549205633000874,False,False,2.231163595390875,11.99713185164767,,,sum_of_two_90pct_reference_radii_KBO_coverage_unknown,estimated_KBO_angle_unvalidated,False,False,unavailable_unseen_stadium_bias
2023,77318,장시환,Right,-53.32299647381453,177.63607599981233,0.03222698240373013,-1.0,-0.013961864202757843,184.0,-0.03222698240373013,0.013961864202757843,0.531724952562546,1.7269237851447745,0.0,0.0,597,True,40.5718916895579,40.5718916895579,False,False,2.231163595390875,11.99713185164767,,,sum_of_two_90pct_reference_radii_KBO_coverage_unknown,estimated_KBO_angle_unvalidated,False,False,unavailable_unseen_stadium_bias
2023,77446,백정현,Left,54.24812897315872,178.87057373963358,-0.04122607088422215,-1.0,-0.02501832144054929,184.0,0.04122607088422215,0.02501832144054929,-0.539155034410285,1.7449776042549452,0.0,0.0,1587,True,42.14766001580397,42.14766001580397,False,False,2.231163595390875,11.99713185164767,,,sum_of_two_90pct_reference_radii_KBO_coverage_unknown,estimated_KBO_angle_unvalidated,False,False,unavailable_unseen_stadium_bias
2023,77637,양현종,Left,62.82187857771301,185.48073458680082,-0.04649406644071731,-1.0,-0.02973770853022094,183.0,0.04649406644071731,0.02973770853022094,-0.6199773752147244,1.807038632639209,0.0,0.0,2650,True,45.35838925651745,45.35838925651745,False,False,2.231163595390875,11.99713185164767,,,sum_of_two_90pct_reference_radii_KBO_coverage_unknown,estimated_KBO_angle_unvalidated,False,False,unavailable_unseen_stadium_bias
2023,77829,김광현,Left,47.166569433905195,178.04757935724507,-0.028870775662011485,-1.0,-0.014946641643199749,188.0,0.028870775662011485,0.014946641643199749,-0.47349899160794906,1.7330116740030277,0.0,0.0,2793,True,40.475842916125615,40.475842916125615,False,False,2.231163595390875,11.99713185164767,,,sum_of_two_90pct_reference_radii_KBO_coverage_unknown,estimated_KBO_angle_unvalidated,False,False,unavailable_unseen_stadium_bias
2023,77927,장필준,Right,-56.34908691028756,191.58157905989032,0.03996397534034052,-1.0,-0.021451679733585756,190.0,-0.03996397534034052,0.021451679733585756,0.5614526496172951,1.860247657963308,0.0,0.0,319,True,45.33856710969509,45.33856710969509,False,False,2.231163595390875,11.99713185164767,,,sum_of_two_90pct_reference_radii_KBO_coverage_unknown,estimated_KBO_angle_unvalidated,False,False,unavailable_unseen_stadium_bias
2023,78148,정찬헌,Right,-32.97180428330463,179.99073292300199,0.024331179918278132,-1.0,-0.008189670273477764,186.0,-0.024331179918278132,0.008189670273477764,0.34029446858834544,1.746801580240677,0.0,0.0,1060,True,43.18931641838946,43.18931641838946,False,False,2.231163595390875,11.99713185164767,,,sum_of_two_90pct_reference_radii_KBO_coverage_unknown,estimated_KBO_angle_unvalidated,False,False,unavailable_unseen_stadium_bias
2023,78352,임창민,Right,-70.55106756309958,181.94303584152394,0.05138517719920562,-1.0,-0.03118283344781104,183.0,-0.05138517719920562,0.03118283344781104,0.6931282105843248,1.7753597768278475,0.0,0.0,826,True,42.235079543041444,42.235079543041444,False,False,2.231163595390875,11.99713185164767,,,sum_of_two_90pct_reference_radii_KBO_coverage_unknown,estimated_KBO_angle_unvalidated,False,False,unavailable_unseen_stadium_bias
2023,78517,하준호,Left,53.0621466329406,165.85444570100302,-0.045103607546596196,-1.0,-0.016523555508494832,174.0,0.045103607546596196,0.016523555508494832,-0.5283036196567958,1.6183179921203104,0.0,0.0,233,False,39.291963548524,39.291963548524,False,False,2.231163595390875,11.99713185164767,25.063668101485458,53.52025899556254,sum_of_two_90pct_reference_radii_KBO_coverage_unknown,estimated_KBO_angle_unvalidated,False,False,reference_only_KBO_angle_unvalidated
2023,79140,최동환,Right,-45.652943572623734,187.09278181460374,0.037611424280389744,-1.0,-0.031058000862672984,184.0,-0.037611424280389744,0.031058000862672984,0.45642405621636156,1.823794372178685,0.0,0.0,714,True,47.362657114556605,47.362657114556605,False,False,2.231163595390875,11.99713185164767,,,sum_of_two_90pct_reference_radii_KBO_coverage_unknown,estimated_KBO_angle_unvalidated,False,False,unavailable_unseen_stadium_bias
2023,79764,장민재,Right,-64.0136389530045,186.588759150132,0.04512815181874323,-1.0,-0.017013137334922438,184.0,-0.04512815181874323,0.017013137334922438,0.6344696295888709,1.8097144784249628,0.0,0.0,1173,True,44.49134469364089,44.49134469364089,False,False,2.231163595390875,11.99713185164767,,,sum_of_two_90pct_reference_radii_KBO_coverage_unknown,estimated_KBO_angle_unvalidated,False,False,unavailable_unseen_stadium_bias
2024,50030,소형준,Right,-45.840601296484174,169.09286894942926,0.03147682932522756,-1.0,-0.018432559077319687,189.0,-0.03147682932522756,0.018432559077319687,0.46011464737222557,1.6542871715996759,0.0,0.0,120,False,34.732462784955594,34.732462784955594,False,False,2.231163595390875,11.99713185164767,20.50416733791705,48.960758231994134,sum_of_two_90pct_reference_radii_KBO_coverage_unknown,estimated_KBO_angle_unvalidated,False,False,reference_only_KBO_angle_unvalidated
2024,50106,유영찬,Right,-50.26186898292559,180.15860007930905,0.04280348692072817,-1.0,-0.025344465563104376,185.0,-0.04280348692072817,0.025344465563104376,0.5019336230423772,1.757570826470163,0.0,0.0,1105,True,42.306592966664915,42.306592966664915,False,False,2.231163595390875,11.99713185164767,,,sum_of_two_90pct_reference_radii_KBO_coverage_unknown,estimated_KBO_angle_unvalidated,False,False,unavailable_unseen_stadium_bias
2024,50109,성재헌,Left,67.22214566690899,165.92762764986836,-0.05585989067555219,-1.0,-0.00958802945335028,175.0,0.05585989067555219,0.00958802945335028,-0.6656017159758247,1.6145020454430266,0.0,0.0,564,False,36.78088561194355,36.78088561194355,False,False,2.231163595390875,11.99713185164767,22.55259016490501,51.009181058982094,sum_of_two_90pct_reference_radii_KBO_coverage_unknown,estimated_KBO_angle_unvalidated,False,False,reference_only_KBO_angle_unvalidated
2024,50157,김윤식,Left,49.944043744471095,183.69312552619837,-0.04023251037736085,-1.0,-0.001444989976034141,181.0,0.04023251037736085,0.001444989976034141,-0.5041630068451983,1.7739005738029439,0.0,0.0,61,False,45.788518804315224,,False,False,,,,,sum_of_two_90pct_reference_radii_KBO_coverage_unknown,withheld_small_sample,False,False,withheld_estimate
2024,50203,권휘,Right,-33.39440920397991,178.90387153881693,0.03242448837051521,-1.0,-0.023897285135900392,181.0,-0.03242448837051521,0.023897285135900392,0.34070552154362166,1.7447835849240685,0.0,0.0,205,True,45.454738536492094,45.454738536492094,False,False,2.231163595390875,11.99713185164767,,,sum_of_two_90pct_reference_radii_KBO_coverage_unknown,estimated_KBO_angle_unvalidated,False,False,unavailable_unseen_stadium_bias
2024,50206,최종인,Right,-50.109975212044226,183.52815681619614,0.030118958394491056,-1.0,-0.011036398083570155,185.0,-0.030118958394491056,0.011036398083570155,0.5023306328691153,1.7792196737000587,0.0,0.0,167,False,43.6173042975228,43.6173042975228,False,False,2.231163595390875,11.99713185164767,29.389008850484256,57.84559974456134,sum_of_two_90pct_reference_radii_KBO_coverage_unknown,estimated_KBO_angle_unvalidated,False,False,reference_only_KBO_angle_unvalidated
2024,50354,이종민,Left,61.291350657815414,189.9498586243332,-0.050056558248208136,-1.0,-0.029456953846838555,185.0,0.050056558248208136,0.029456953846838555,-0.6067655937651288,1.8484062409436097,0.0,0.0,754,False,47.04042517741452,47.04042517741452,False,False,2.231163595390875,11.99713185164767,32.81212973037597,61.26872062445307,sum_of_two_90pct_reference_radii_KBO_coverage_unknown,estimated_KBO_angle_unvalidated,False,False,reference_only_KBO_angle_unvalidated
2024,50360,김동혁,Right,-71.14208944045515,137.50699037607254,0.06786950341431532,-1.0,0.006398787827803664,184.0,-0.06786950341431532,-0.006398787827803664,0.7082481027125518,1.350054921056494,0.0,0.0,418,True,15.085340117484083,15.085340117484083,False,False,2.231163595390875,11.99713185164767,,,sum_of_two_90pct_reference_radii_KBO_coverage_unknown,estimated_KBO_angle_unvalidated,False,False,unavailable_unseen_stadium_bias
2024,50393,김동욱,Right,-57.23329653237336,170.82088480788835,0.03879834247548325,-1.0,-0.009822975536329862,178.0,-0.03879834247548325,0.009822975536329862,0.5693354288754924,1.6603351557832025,0.0,0.0,568,True,38.96792030578342,38.96792030578342,False,False,2.231163595390875,11.99713185164767,,,sum_of_two_90pct_reference_radii_KBO_coverage_unknown,estimated_KBO_angle_unvalidated,False,False,unavailable_unseen_stadium_bias
2024,50430,홍원표,Right,-63.553898449626104,170.37938014072162,0.04912326470452187,-1.0,-0.008215027304626449,183.0,-0.04912326470452187,0.008215027304626449,0.6318242337098098,1.6570095917308088,0.0,0.0,112,False,35.559668294947876,35.559668294947876,False,False,2.231163595390875,11.99713185164767,21.331372847909332,49.78796374198642,sum_of_two_90pct_reference_radii_KBO_coverage_unknown,estimated_KBO_angle_unvalidated,False,False,reference_only_KBO_angle_unvalidated
2024,50441,황동재,Right,-49.363821925830166,173.1112031306074,0.04359600904019619,-1.0,-0.008915377911490677,191.0,-0.04359600904019619,0.008915377911490677,0.49827981766275575,1.685941747295451,0.0,0.0,707,True,35.202074171130164,35.202074171130164,False,False,2.231163595390875,11.99713185164767,,,sum_of_two_90pct_reference_radii_KBO_coverage_unknown,estimated_KBO_angle_unvalidated,False,False,unavailable_unseen_stadium_bias
2024,50464,이승민,Left,39.058088067886665,169.87428626528938,-0.0344320822892443,-1.0,-0.010269484461413278,174.0,0.0344320822892443,0.010269484461413278,-0.3962530643492568,1.651770670019839,0.0,0.0,920,True,43.14364573211699,43.14364573211699,False,False,2.231163595390875,11.99713185164767,,,sum_of_two_90pct_reference_radii_KBO_coverage_unknown,estimated_KBO_angle_unvalidated,False,False,unavailable_unseen_stadium_bias
2024,50556,최준용,Right,-82.74987085931022,169.54908541697105,0.06541877903827086,-1.0,-0.019660920735786007,185.0,-0.06541877903827086,0.019660920735786007,0.8129809879725423,1.6561503145713186,0.0,0.0,433,True,32.42107894133606,32.42107894133606,False,False,2.231163595390875,11.99713185164767,,,sum_of_two_90pct_reference_radii_KBO_coverage_unknown,estimated_KBO_angle_unvalidated,False,False,unavailable_unseen_stadium_bias
2024,50596,홍민기,Left,90.86157076675514,183.56478322027883,-0.05385985490818542,-1.0,-0.01600744143128678,185.0,0.05385985490818542,0.01600744143128678,-0.8895235498631844,1.780318031877859,0.0,0.0,99,False,39.493254882987536,,False,False,,,,,sum_of_two_90pct_reference_radii_KBO_coverage_unknown,withheld_small_sample,False,False,withheld_estimate
2024,50604,유지성,Left,59.01432999649482,166.65893718171813,-0.04017738475451504,-1.0,-0.008809022930374132,189.0,0.04017738475451504,0.008809022930374132,-0.5881413384947407,1.6257384048651193,0.0,0.0,51,True,32.07162161325087,,False,False,,,,,sum_of_two_90pct_reference_radii_KBO_coverage_unknown,withheld_small_sample,False,False,withheld_estimate
2024,50641,장재혁,Right,-31.411954882935166,175.59400301415474,0.021393535778655662,-1.0,-0.024092815075245407,180.0,-0.021393535778655662,0.024092815075245407,0.31982767158857367,1.7142652483819194,0.0,0.0,27,True,44.35623289495044,,False,False,,,,,sum_of_two_90pct_reference_radii_KBO_coverage_unknown,withheld_small_sample,False,False,withheld_estimate
2024,50662,정해영,Right,-51.94307362585351,198.393508106291,0.033590892860199284,-1.0,-0.03673843153133545,189.0,-0.033590892860199284,0.03673843153133545,0.5152354383110774,1.9310351407875865,0.0,0.0,834,True,50.63067397892857,50.63067397892857,False,False,2.231163595390875,11.99713185164767,,,sum_of_two_90pct_reference_radii_KBO_coverage_unknown,estimated_KBO_angle_unvalidated,False,False,unavailable_unseen_stadium_bias
2024,50711,김승일,Right,-84.02577811790927,117.50676331753668,0.06041725889865514,-1.0,0.034345444553599364,183.0,-0.06041725889865514,-0.034345444553599364,0.8343731152820509,1.1501099360146856,0.0,0.0,54,False,1.2032133367290498,,False,False,,,,,sum_of_two_90pct_reference_radii_KBO_coverage_unknown,withheld_small_sample,False,False,withheld_estimate
2024,50720,남지민,Right,-19.6606915692096,185.30283905445518,0.002792033610147559,-1.0,-0.013138613142267769,181.0,-0.002792033610147559,0.013138613142267769,0.20949552524186485,1.7965187771989042,0.0,0.0,70,True,50.20962639230215,,False,False,,,,,sum_of_two_90pct_reference_radii_KBO_coverage_unknown,withheld_small_sample,False,False,withheld_estimate
2024,50726,한승주,Right,-38.04878395750155,185.25770097009413,0.02841288002308863,-1.0,-0.017881052191044768,183.0,-0.02841288002308863,0.017881052191044768,0.3862518358832341,1.799142922701092,0.0,0.0,454,True,47.19989399038229,47.19989399038229,False,False,2.231163595390875,11.99713185164767,,,sum_of_two_90pct_reference_radii_KBO_coverage_unknown,estimated_KBO_angle_unvalidated,False,False,unavailable_unseen_stadium_bias
2024,50812,박시후,Left,33.5025913562209,184.16282735426356,-0.020292935650471994,-1.0,-0.01779424753518505,182.0,0.020292935650471994,0.01779424753518505,-0.3418427856112424,1.788858965520628,0.0,0.0,259,False,48.36605094933329,48.36605094933329,False,False,2.231163595390875,11.99713185164767,34.13775550229475,62.59434639637183,sum_of_two_90pct_reference_radii_KBO_coverage_unknown,estimated_KBO_angle_unvalidated,False,False,reference_only_KBO_angle_unvalidated
2024,50859,오원석,Left,90.32730894833664,173.5463233479216,-0.06007018119107416,-1.0,-0.012560654531256637,182.0,0.06007018119107416,0.012560654531256637,-0.8852300787548737,1.6864220383755064,0.0,0.0,2202,True,35.1681009164781,35.1681009164781,False,False,2.231163595390875,11.99713185164767,,,sum_of_two_90pct_reference_radii_KBO_coverage_unknown,estimated_KBO_angle_unvalidated,False,False,unavailable_unseen_stadium_bias
2024,50904,이종준,Right,-70.34902901246357,165.4980000272826,0.04932960488535459,-1.0,-0.011356818292697966,191.0,-0.04932960488535459,0.011356818292697966,0.696193786906648,1.6168946568045566,0.0,0.0,489,False,28.522492326332184,28.522492326332184,False,False,2.231163595390875,11.99713185164767,14.29419687929364,42.75078777337073,sum_of_two_90pct_reference_radii_KBO_coverage_unknown,estimated_KBO_angle_unvalidated,False,False,reference_only_KBO_angle_unvalidated
2024,51058,한차현,Right,-45.022870322866474,177.482247367571,0.029282831100330337,-1.0,-0.021388572453309166,180.0,-0.029282831100330337,0.021388572453309166,0.4503665488045231,1.7290615570599148,0.0,0.0,438,False,43.647160833613306,43.647160833613306,False,False,2.231163595390875,11.99713185164767,29.418865386574762,57.875456280651846,sum_of_two_90pct_reference_radii_KBO_coverage_unknown,estimated_KBO_angle_unvalidated,False,False,reference_only_KBO_angle_unvalidated
2024,51097,김영현,Right,-36.10852497412753,175.07630167318447,0.02397115624923581,-1.0,-0.02720645338185669,177.0,-0.02397115624923581,0.02720645338185669,0.3632645961948889,1.7101010129175982,0.0,0.0,144,False,45.01963965252415,45.01963965252415,False,False,2.231163595390875,11.99713185164767,30.791344205485604,59.247935099562696,sum_of_two_90pct_reference_radii_KBO_coverage_unknown,estimated_KBO_angle_unvalidated,False,False,reference_only_KBO_angle_unvalidated
2024,51110,이믿음,Right,-64.3000114168058,138.80532437046082,0.05672588713583552,-1.0,0.015367103545692191,188.0,-0.05672588713583552,-0.015367103545692191,0.6448966773876776,1.358041520367265,0.0,0.0,96,False,14.804168111582076,,False,False,,,,,sum_of_two_90pct_reference_radii_KBO_coverage_unknown,withheld_small_sample,False,False,withheld_estimate
2024,51143,강효종,Right,-52.51890359668662,180.43765319380222,0.04201179677127863,-1.0,-0.01076580447588987,182.0,-0.04201179677127863,0.01076580447588987,0.5263457234115804,1.7501281925348013,0.0,0.0,33,False,43.04945386976763,,False,False,,,,,sum_of_two_90pct_reference_radii_KBO_coverage_unknown,withheld_small_sample,False,False,withheld_estimate
2024,51154,김진수,Right,-37.44270667596542,175.06765804048868,0.022537330194660858,-1.0,0.006869890167980686,179.0,-0.022537330194660858,-0.006869890167980686,0.3845990564053927,1.690200295314658,0.0,0.0,219,True,42.560002936536236,42.560002936536236,False,False,2.231163595390875,11.99713185164767,,,sum_of_two_90pct_reference_radii_KBO_coverage_unknown,estimated_KBO_angle_unvalidated,False,False,unavailable_unseen_stadium_bias
2024,51230,김동주,Right,-74.60094223748453,194.21084622514442,0.05716109215430317,-1.0,-0.02388282884866335,190.0,-0.05716109215430317,0.02388282884866335,0.7360188429163144,1.8848107987330869,0.0,0.0,915,True,44.90790613525554,44.90790613525554,False,False,2.231163595390875,11.99713185164767,,,sum_of_two_90pct_reference_radii_KBO_coverage_unknown,estimated_KBO_angle_unvalidated,False,False,unavailable_unseen_stadium_bias
2024,51264,최승용,Left,67.11835432404813,180.46329953199512,-0.04590095880550991,-1.0,-0.015016017946586215,190.0,0.04590095880550991,0.015016017946586215,-0.6649948197864718,1.754801888897155,0.0,0.0,456,True,38.25699912683501,38.25699912683501,False,False,2.231163595390875,11.99713185164767,,,sum_of_two_90pct_reference_radii_KBO_coverage_unknown,estimated_KBO_angle_unvalidated,False,False,unavailable_unseen_stadium_bias
2024,51294,김도윤,Right,-76.90863905629456,87.13674765432634,0.061000332119507554,-1.0,0.05489610892104633,181.0,-0.061000332119507554,-0.05489610892104633,0.7702809222048156,0.8617564384243476,0.0,0.0,44,False,-15.194953297184199,,False,False,,,,,sum_of_two_90pct_reference_radii_KBO_coverage_unknown,withheld_small_sample,False,False,withheld_estimate
2024,51454,이승현,Left,73.96118269579007,194.05298889603597,-0.047785948855743283,-1.0,-0.024640883614716134,183.0,0.047785948855743283,0.024640883614716134,-0.7271625666411983,1.88108902170079,0.0,0.0,1528,False,48.64040102419945,48.64040102419945,False,False,2.231163595390875,11.99713185164767,34.4121055771609,62.868696471237996,sum_of_two_90pct_reference_radii_KBO_coverage_unknown,estimated_KBO_angle_unvalidated,False,False,reference_only_KBO_angle_unvalidated
2024,51516,김진욱,Left,52.15669162665078,185.7609151467681,-0.034910275384231686,-1.0,-0.01685319038311494,185.0,0.034910275384231686,0.01685319038311494,-0.5210734599670961,1.8029885249467354,0.0,0.0,1630,True,45.39010791885975,45.39010791885975,False,False,2.231163595390875,11.99713185164767,,,sum_of_two_90pct_reference_radii_KBO_coverage_unknown,estimated_KBO_angle_unvalidated,False,False,unavailable_unseen_stadium_bias
2024,51526,우강훈,Right,-78.3995285865047,125.44082177705319,0.06932071108238769,-1.0,0.017702598346085088,183.0,-0.06932071108238769,-0.017702598346085088,0.7789430464428705,1.232842045734478,0.0,0.0,224,False,7.198533928708777,7.198533928708777,False,False,2.231163595390875,11.99713185164767,-7.029761518329767,21.42682937574732,sum_of_two_90pct_reference_radii_KBO_coverage_unknown,estimated_KBO_angle_unvalidated,False,False,reference_only_KBO_angle_unvalidated
2024,51546,정우준,Right,-88.70221159618384,157.10774040669497,0.07134549408812128,-1.0,0.0002955136201693276,180.0,-0.07134549408812128,-0.0002955136201693276,0.8735901833130468,1.5291735885522273,0.0,0.0,145,False,26.13115480572773,26.13115480572773,False,False,2.231163595390875,11.99713185164767,11.902859358689184,40.35945025276627,sum_of_two_90pct_reference_radii_KBO_coverage_unknown,estimated_KBO_angle_unvalidated,False,False,reference_only_KBO_angle_unvalidated
2024,51594,송재영,Left,37.541197558313286,185.97693330588407,-0.023422171289293824,-1.0,-0.02576737543427189,181.0,0.023422171289293824,0.02576737543427189,-0.37839121535596865,1.8095604635935196,0.0,0.0,162,False,49.5802584186102,49.5802584186102,False,False,2.231163595390875,11.99713185164767,35.35196297157165,63.80855386564875,sum_of_two_90pct_reference_radii_KBO_coverage_unknown,estimated_KBO_angle_unvalidated,False,False,reference_only_KBO_angle_unvalidated
2024,51648,이의리,Left,68.57484396858376,182.16056224902604,-0.05125818389685356,-1.0,-0.022137207677176474,185.0,0.05125818389685356,0.022137207677176474,-0.6770838684510233,1.7727738660720542,0.0,0.0,293,True,41.575215491847885,41.575215491847885,False,False,2.231163595390875,11.99713185164767,,,sum_of_two_90pct_reference_radii_KBO_coverage_unknown,estimated_KBO_angle_unvalidated,False,False,unavailable_unseen_stadium_bias
2024,51713,김규연,Right,-37.46670226500738,176.73020718018222,0.03464407522781658,-1.0,-0.022921794193619997,183.0,-0.03464407522781658,0.022921794193619997,0.3799343829005331,1.724937974543919,0.0,0.0,1007,True,42.801051988244765,42.801051988244765,False,False,2.231163595390875,11.99713185164767,,,sum_of_two_90pct_reference_radii_KBO_coverage_unknown,estimated_KBO_angle_unvalidated,False,False,unavailable_unseen_stadium_bias
2024,51715,김기중,Left,53.79055226379752,183.97353921218337,-0.04190084038075624,-1.0,-0.013415152695156352,186.0,0.04190084038075624,0.013415152695156352,-0.5385263100990153,1.785156858272348,0.0,0.0,1023,False,43.61752509526035,43.61752509526035,False,False,2.231163595390875,11.99713185164767,29.389229648221804,57.845820542298895,sum_of_two_90pct_reference_radii_KBO_coverage_unknown,estimated_KBO_angle_unvalidated,False,False,reference_only_KBO_angle_unvalidated
2024,51895,장지훈,Right,-85.91319912641387,156.84256630035628,0.07816590387416446,-1.0,0.012119877137313181,177.0,-0.07816590387416446,-0.012119877137313181,0.8508405919854313,1.519050755424881,0.0,0.0,372,True,27.21492353974955,27.21492353974955,False,False,2.231163595390875,11.99713185164767,,,sum_of_two_90pct_reference_radii_KBO_coverage_unknown,estimated_KBO_angle_unvalidated,False,False,unavailable_unseen_stadium_bias
2024,51897,조병현,Right,-39.2426089626101,198.94375223990232,0.03382771848296997,-1.0,-0.0401542579908882,182.0,-0.03382771848296997,0.0401542579908882,0.39341855702010975,1.9365294332383363,0.0,0.0,1294,True,55.952088526645824,55.952088526645824,False,False,2.231163595390875,11.99713185164767,,,sum_of_two_90pct_reference_radii_KBO_coverage_unknown,estimated_KBO_angle_unvalidated,False,False,unavailable_unseen_stadium_bias
2024,51948,이용준,Right,-50.39503625737958,188.38802245744552,0.03385055748451387,-1.0,-0.018321706441891163,180.0,-0.03385055748451387,0.018321706441891163,0.5032591933422508,1.826052468492085,0.0,0.0,603,True,49.020844088086264,49.020844088086264,False,False,2.231163595390875,11.99713185164767,,,sum_of_two_90pct_reference_radii_KBO_coverage_unknown,estimated_KBO_angle_unvalidated,False,False,unavailable_unseen_stadium_bias
2024,51994,한재승,Right,-44.26014476839204,180.50123519189682,0.027001432303419164,-1.0,-0.025985921404900917,180.0,-0.027001432303419164,0.025985921404900917,0.4418268110057025,1.7592189973881998,0.0,0.0,814,True,45.60039820947483,45.60039820947483,False,False,2.231163595390875,11.99713185164767,,,sum_of_two_90pct_reference_radii_KBO_coverage_unknown,estimated_KBO_angle_unvalidated,False,False,unavailable_unseen_stadium_bias
2024,52043,벤자민,Left,69.45283735994741,191.35227754640755,-0.05236649392750201,-1.0,-0.027096117163559107,188.0,0.05236649392750201,0.027096117163559107,-0.6853459136842049,1.860276539983678,0.0,0.0,2509,True,45.305548317751224,45.305548317751224,False,False,2.231163595390875,11.99713185164767,,,sum_of_two_90pct_reference_radii_KBO_coverage_unknown,estimated_KBO_angle_unvalidated,False,False,unavailable_unseen_stadium_bias
2024,52060,박영현,Right,-45.43923946994937,159.83672658617192,0.03646778966584333,-1.0,-0.023626189210807835,183.0,-0.03646778966584333,0.023626189210807835,0.4542537355356447,1.57137196796737,0.0,0.0,1210,True,32.551646382402254,32.551646382402254,False,False,2.231163595390875,11.99713185164767,,,sum_of_two_90pct_reference_radii_KBO_coverage_unknown,estimated_KBO_angle_unvalidated,False,False,unavailable_unseen_stadium_bias
2024,52204,이병헌,Left,71.5951563704776,168.39756099214463,-0.05236330126875778,-1.0,-0.01750882121685637,183.0,0.05236330126875778,0.01750882121685637,-0.7057653154297447,1.6440841493323812,0.0,0.0,1172,True,34.28906353106626,34.28906353106626,False,False,2.231163595390875,11.99713185164767,,,sum_of_two_90pct_reference_radii_KBO_coverage_unknown,estimated_KBO_angle_unvalidated,False,False,unavailable_unseen_stadium_bias
2024,52206,최지강,Right,-48.92670911761805,165.05896820725184,0.032522194979987346,-1.0,-0.010203957615464575,180.0,-0.032522194979987346,0.010203957615464575,0.48979586763359767,1.6093339166891472,0.0,0.0,877,True,35.797609615546676,35.797609615546676,False,False,2.231163595390875,11.99713185164767,,,sum_of_two_90pct_reference_radii_KBO_coverage_unknown,estimated_KBO_angle_unvalidated,False,False,unavailable_unseen_stadium_bias
2024,52257,브랜든,Left,73.12800323132726,188.5078204775017,-0.049913756612556155,-1.0,-0.024034545934725662,190.0,0.049913756612556155,0.024034545934725662,-0.7205735872418109,1.8329666640253297,0.0,0.0,1277,True,42.23996552617585,42.23996552617585,False,False,2.231163595390875,11.99713185164767,,,sum_of_two_90pct_reference_radii_KBO_coverage_unknown,estimated_KBO_angle_unvalidated,False,False,unavailable_unseen_stadium_bias
2024,52330,주승우,Right,-50.33976992854922,181.1734021485699,0.04310827953776322,-1.0,-0.029200849950433757,180.0,-0.04310827953776322,0.029200849950433757,0.5009946518622989,1.7673267217313233,0.0,0.0,780,True,45.41274298831121,45.41274298831121,False,False,2.231163595390875,11.99713185164767,,,sum_of_two_90pct_reference_radii_KBO_coverage_unknown,estimated_KBO_angle_unvalidated,False,False,unavailable_unseen_stadium_bias
2024,52395,윤석원,Left,43.984016728912586,187.48731320311623,-0.03207018627505687,-1.0,-0.026455057036620423,185.0,0.03207018627505687,0.026455057036620423,-0.4411458192045792,1.8249215138264492,0.0,0.0,321,False,47.74532046235769,47.74532046235769,False,False,2.231163595390875,11.99713185164767,33.51702501531915,61.97361590939623,sum_of_two_90pct_reference_radii_KBO_coverage_unknown,estimated_KBO_angle_unvalidated,False,False,reference_only_KBO_angle_unvalidated
2024,52397,이명종,Right,-40.56442114087262,167.41634614768483,0.029971079864899938,-1.0,-0.002532101603987703,180.0,-0.029971079864899938,0.002532101603987703,0.41254527509233546,1.6266872317153183,0.0,0.0,219,True,37.84933963520926,37.84933963520926,False,False,2.231163595390875,11.99713185164767,,,sum_of_two_90pct_reference_radii_KBO_coverage_unknown,estimated_KBO_angle_unvalidated,False,False,unavailable_unseen_stadium_bias
2024,52528,반즈,Left,54.91958041870559,173.594172623024,-0.049956612332694876,-1.0,-0.013656314883394216,189.0,0.049956612332694876,0.013656314883394216,-0.5502373454233026,1.692256193171313,0.0,0.0,2396,True,36.548193985804296,36.548193985804296,False,False,2.231163595390875,11.99713185164767,,,sum_of_two_90pct_reference_radii_KBO_coverage_unknown,estimated_KBO_angle_unvalidated,False,False,unavailable_unseen_stadium_bias
2024,52530,이민석,Right,-51.037586677207514,189.02724663038862,0.038497690275946496,-1.0,-0.027472447293485407,189.0,-0.038497690275946496,0.027472447293485407,0.5092324886533736,1.8406316217831167,0.0,0.0,629,True,45.26420197331913,45.26420197331913,False,False,2.231163595390875,11.99713185164767,,,sum_of_two_90pct_reference_radii_KBO_coverage_unknown,estimated_KBO_angle_unvalidated,False,False,unavailable_unseen_stadium_bias
2024,52558,진승현,Right,-29.354762197449784,176.52353476882277,0.02856673992947656,-1.0,-0.015140941355074307,184.0,-0.02856673992947656,0.015140941355074307,0.30451836075868505,1.7191558712651214,0.0,0.0,109,False,42.94969825335934,42.94969825335934,False,False,2.231163595390875,11.99713185164767,28.721402806320793,57.17799370039788,sum_of_two_90pct_reference_radii_KBO_coverage_unknown,estimated_KBO_angle_unvalidated,False,False,reference_only_KBO_angle_unvalidated
2024,52639,최지민,Left,68.943048902863,166.29516115639575,-0.0554121388265365,-1.0,-0.02103375068969941,185.0,0.0554121388265365,0.02103375068969941,-0.680510302565402,1.6280969360536774,0.0,0.0,910,True,32.722004992119764,32.722004992119764,False,False,2.231163595390875,11.99713185164767,,,sum_of_two_90pct_reference_radii_KBO_coverage_unknown,estimated_KBO_angle_unvalidated,False,False,unavailable_unseen_stadium_bias
2024,52641,황동하,Right,-38.151825612492175,174.68963980925923,0.0357856497834421,-1.0,-0.012617155814299223,183.0,-0.0357856497834421,0.012617155814299223,0.38906977459026143,1.7002227347192114,0.0,0.0,1810,True,41.19519079777456,41.19519079777456,False,False,2.231163595390875,11.99713185164767,,,sum_of_two_90pct_reference_radii_KBO_coverage_unknown,estimated_KBO_angle_unvalidated,False,False,unavailable_unseen_stadium_bias
2024,52701,문동주,Right,-28.68313385258646,191.22419981312643,0.019781079512314528,-1.0,-0.02832499761431812,188.0,-0.019781079512314528,0.02832499761431812,0.2950031846035895,1.861771232032098,0.0,0.0,1896,True,49.60422574043806,49.60422574043806,False,False,2.231163595390875,11.99713185164767,,,sum_of_two_90pct_reference_radii_KBO_coverage_unknown,estimated_KBO_angle_unvalidated,False,False,unavailable_unseen_stadium_bias
2024,52720,페냐,Right,-66.47463191560449,191.70303310937294,0.05503538369958206,-1.0,-0.030079248536111998,188.0,-0.05503538369958206,0.030079248536111998,0.6569194724103612,1.8655519519341113,0.0,0.0,702,False,45.61494354555836,45.61494354555836,False,False,2.231163595390875,11.99713185164767,31.386648098519817,59.84323899259691,sum_of_two_90pct_reference_radii_KBO_coverage_unknown,estimated_KBO_angle_unvalidated,False,False,reference_only_KBO_angle_unvalidated
2024,52868,이기순,Left,58.71659142251271,168.13531955628935,-0.04563586832900146,-1.0,-0.007033061254852314,174.0,0.04563586832900146,0.007033061254852314,-0.5843149587112297,1.6329637224307871,0.0,0.0,427,False,39.46992280955714,39.46992280955714,False,False,2.231163595390875,11.99713185164767,25.241627362518596,53.69821825659568,sum_of_two_90pct_reference_radii_KBO_coverage_unknown,estimated_KBO_angle_unvalidated,False,False,reference_only_KBO_angle_unvalidated
2024,52873,신헌민,Right,-21.41384324593592,180.6541755671305,0.022255520253283822,-1.0,-0.020780775537113615,187.0,-0.022255520253283822,0.020780775537113615,0.2278680176892692,1.7614940147746594,0.0,0.0,53,False,45.06379444161386,,False,False,,,,,sum_of_two_90pct_reference_radii_KBO_coverage_unknown,withheld_small_sample,False,False,withheld_estimate
2024,53006,강건,Right,-36.077020364467195,186.79298861320336,0.02115152182863556,-1.0,-0.028464294573651953,183.0,-0.02115152182863556,0.028464294573651953,0.36389954908504984,1.8193303021597933,0.0,0.0,97,False,48.6863487350134,,False,False,,,,,sum_of_two_90pct_reference_radii_KBO_coverage_unknown,withheld_small_sample,False,False,withheld_estimate
2024,53139,박명근,Right,-96.9023339648926,130.2618088936362,0.07683381465055078,-1.0,0.019679687905745456,174.0,-0.07683381465055078,-0.019679687905745456,0.954146073037924,1.2711516407381032,0.0,0.0,441,True,11.155585085590648,11.155585085590648,False,False,2.231163595390875,11.99713185164767,,,sum_of_two_90pct_reference_radii_KBO_coverage_unknown,estimated_KBO_angle_unvalidated,False,False,unavailable_unseen_stadium_bias
2024,53164,김동규,Right,-26.140526525040965,194.1044691239781,0.05129459186477314,-1.0,-0.06025492079936664,194.0,-0.05129459186477314,0.06025492079936664,0.26903901756456833,1.9103771084198138,0.0,0.0,15,False,49.88274828069828,,False,False,,,,,sum_of_two_90pct_reference_radii_KBO_coverage_unknown,withheld_small_sample,False,False,withheld_estimate
2024,53259,최준호,Right,-40.74925248447564,180.58763933673907,0.03503837294223006,-1.0,-0.023069353023149095,188.0,-0.03503837294223006,0.023069353023149095,0.4119939092111043,1.761615066368154,0.0,0.0,1227,True,42.20967026432664,42.20967026432664,False,False,2.231163595390875,11.99713185164767,,,sum_of_two_90pct_reference_radii_KBO_coverage_unknown,estimated_KBO_angle_unvalidated,False,False,unavailable_unseen_stadium_bias
2024,53262,김유성,Right,-63.5793815977754,189.63480096994175,0.03677902763501383,-1.0,-0.023687266782272082,190.0,-0.03677902763501383,0.023687266782272082,0.6285136827656387,1.8432684603478413,0.0,0.0,622,True,43.548226857409816,43.548226857409816,False,False,2.231163595390875,11.99713185164767,,,sum_of_two_90pct_reference_radii_KBO_coverage_unknown,estimated_KBO_angle_unvalidated,False,False,unavailable_unseen_stadium_bias
2024,53301,박윤성,Right,-55.42704479136857,165.74490397368814,0.03880672149292962,-1.0,-0.017781042514703957,183.0,-0.03880672149292962,0.017781042514703957,0.5507587226683136,1.6208917471665734,0.0,0.0,275,False,34.32309010646641,34.32309010646641,False,False,2.231163595390875,11.99713185164767,20.094794659427865,48.55138555350496,sum_of_two_90pct_reference_radii_KBO_coverage_unknown,estimated_KBO_angle_unvalidated,False,False,reference_only_KBO_angle_unvalidated
2024,53375,후라도,Right,-25.634022478679995,191.710511137733,0.030186219983225116,-1.0,-0.03364528288678229,188.0,-0.030186219983225116,0.03364528288678229,0.2665478617334579,1.8699325302083487,0.0,0.0,2894,True,50.43922686201641,50.43922686201641,False,False,2.231163595390875,11.99713185164767,,,sum_of_two_90pct_reference_radii_KBO_coverage_unknown,estimated_KBO_angle_unvalidated,False,False,unavailable_unseen_stadium_bias
2024,53455,이호성,Right,-38.812619615365854,176.4372071314678,0.030862142218225773,-1.0,-0.010448895477159818,184.0,-0.030862142218225773,0.010448895477159818,0.3953483236559232,1.7149475541503687,0.0,0.0,951,True,41.52747158650303,41.52747158650303,False,False,2.231163595390875,11.99713185164767,,,sum_of_two_90pct_reference_radii_KBO_coverage_unknown,estimated_KBO_angle_unvalidated,False,False,unavailable_unseen_stadium_bias
2024,53546,윌커슨,Right,-80.38986763858618,179.24448160725174,0.056894089340809,-1.0,-0.019290748411408817,188.0,-0.056894089340809,0.019290748411408817,0.7905345044168824,1.7449643208392522,0.0,0.0,3118,True,36.71372489518007,36.71372489518007,False,False,2.231163595390875,11.99713185164767,,,sum_of_two_90pct_reference_radii_KBO_coverage_unknown,estimated_KBO_angle_unvalidated,False,False,unavailable_unseen_stadium_bias
2024,53609,곽도규,Left,98.74211989382961,151.24795085807818,-0.0746659830513037,-1.0,0.003666757379729379,185.0,0.0746659830513037,-0.003666757379729379,-0.9701901968110036,1.475073140244931,0.0,0.0,1071,True,19.395885690398007,19.395885690398007,False,False,2.231163595390875,11.99713185164767,,,sum_of_two_90pct_reference_radii_KBO_coverage_unknown,estimated_KBO_angle_unvalidated,False,False,unavailable_unseen_stadium_bias
2024,53613,윤영철,Left,64.02173123841834,190.09262035187086,-0.042355599843330115,-1.0,-0.02249585054819843,187.0,0.042355599843330115,0.02249585054819843,-0.6334186454309679,1.8457985912668005,0.0,0.0,1444,True,45.56358910937907,45.56358910937907,False,False,2.231163595390875,11.99713185164767,,,sum_of_two_90pct_reference_radii_KBO_coverage_unknown,estimated_KBO_angle_unvalidated,False,False,unavailable_unseen_stadium_bias
2024,53714,산체스,Left,64.74461952829506,172.1056463239113,-0.05352756952432005,-1.0,-0.018741654474350194,178.0,0.05352756952432005,0.018741654474350194,-0.6403914797587122,1.6772710266415278,0.0,0.0,949,True,39.57180347550561,39.57180347550561,False,False,2.231163595390875,11.99713185164767,,,sum_of_two_90pct_reference_radii_KBO_coverage_unknown,estimated_KBO_angle_unvalidated,False,False,unavailable_unseen_stadium_bias
2024,53754,김서현,Right,-73.69756982922391,165.4825165899744,0.05801836007549692,-1.0,-0.014436247688072324,188.0,-0.05801836007549692,0.014436247688072324,0.7279129231345106,1.617568987468392,0.0,0.0,697,True,29.568349088149297,29.568349088149297,False,False,2.231163595390875,11.99713185164767,,,sum_of_two_90pct_reference_radii_KBO_coverage_unknown,estimated_KBO_angle_unvalidated,False,False,unavailable_unseen_stadium_bias
2024,53825,엘리아스,Left,55.76779348186224,181.32350328980812,-0.04636218939999154,-1.0,-0.025863023516959894,185.0,0.04636218939999154,0.025863023516959894,-0.5544136197737057,1.7681762957568046,0.0,0.0,1946,True,42.8670271473606,42.8670271473606,False,False,2.231163595390875,11.99713185164767,,,sum_of_two_90pct_reference_radii_KBO_coverage_unknown,estimated_KBO_angle_unvalidated,False,False,unavailable_unseen_stadium_bias
2024,53892,이로운,Right,-13.135989458363003,180.15425249513981,0.019653432207107205,-1.0,-0.0264431647350598,185.0,-0.019653432207107205,0.0264431647350598,0.14752304776589226,1.7601513679629293,0.0,0.0,1137,True,46.992784134028724,46.992784134028724,False,False,2.231163595390875,11.99713185164767,,,sum_of_two_90pct_reference_radii_KBO_coverage_unknown,estimated_KBO_angle_unvalidated,False,False,unavailable_unseen_stadium_bias
2024,53898,송영진,Right,-40.78948045331226,179.9234325618487,0.029837737285901063,-1.0,-0.010533487732214093,185.0,-0.029837737285901063,0.010533487732214093,0.4142044977208407,1.7468448754706105,0.0,0.0,1815,True,42.730981606219245,42.730981606219245,False,False,2.231163595390875,11.99713185164767,,,sum_of_two_90pct_reference_radii_KBO_coverage_unknown,estimated_KBO_angle_unvalidated,False,False,unavailable_unseen_stadium_bias
2024,53919,신영우,Right,-45.951982609154086,176.33919204474384,0.03414086891905171,-1.0,-0.026896918820831794,182.0,-0.03414086891905171,0.026896918820831794,0.45876103349060093,1.7227728296382672,0.0,0.0,200,False,42.17703848321766,42.17703848321766,False,False,2.231163595390875,11.99713185164767,27.948743036179113,56.405333930256205,sum_of_two_90pct_reference_radii_KBO_coverage_unknown,estimated_KBO_angle_unvalidated,False,False,reference_only_KBO_angle_unvalidated
2024,53973,목지훈,Right,-70.51272380331827,175.43552009936437,0.058966349010332555,-1.0,-0.017742912334271492,181.0,-0.058966349010332555,0.017742912334271492,0.6966481942466143,1.707742107681992,0.0,0.0,215,False,38.98404344054855,38.98404344054855,False,False,2.231163595390875,11.99713185164767,24.755747993510003,53.212338887587094,sum_of_two_90pct_reference_radii_KBO_coverage_unknown,estimated_KBO_angle_unvalidated,False,False,reference_only_KBO_angle_unvalidated
2024,53996,이준호,Right,-27.975663210783676,183.40584945258053,0.022969701281291846,-1.0,-0.023102077681248657,181.0,-0.022969701281291846,0.023102077681248657,0.2885376638362247,1.7852940682289373,0.0,0.0,1019,True,48.544764083372215,48.544764083372215,False,False,2.231163595390875,11.99713185164767,,,sum_of_two_90pct_reference_radii_KBO_coverage_unknown,estimated_KBO_angle_unvalidated,False,False,unavailable_unseen_stadium_bias
2024,54063,원상현,Right,-52.33809324266189,165.5197867825728,0.03724605207661569,-1.0,-0.004950338216669412,183.0,-0.03724605207661569,0.004950338216669412,0.5245929630822218,1.6113452877969225,0.0,0.0,1247,True,34.06892380911994,34.06892380911994,False,False,2.231163595390875,11.99713185164767,,,sum_of_two_90pct_reference_radii_KBO_coverage_unknown,estimated_KBO_angle_unvalidated,False,False,unavailable_unseen_stadium_bias
2024,54064,육청명,Right,-32.70528758743566,189.36881103779498,0.028427994283061968,-1.0,-0.026537103534897275,186.0,-0.028427994283061968,0.026537103534897275,0.33435632448716607,1.8431236199498364,0.0,0.0,765,True,48.98912267734205,48.98912267734205,False,False,2.231163595390875,11.99713185164767,,,sum_of_two_90pct_reference_radii_KBO_coverage_unknown,estimated_KBO_angle_unvalidated,False,False,unavailable_unseen_stadium_bias
2024,54119,에르난데스,Right,-58.1112963690532,168.0096485567204,0.04017665036846475,-1.0,-0.01740373991634572,185.0,-0.04017665036846475,0.01740373991634572,0.5768744036266708,1.6417973491256765,0.0,0.0,792,True,34.33333592676285,34.33333592676285,False,False,2.231163595390875,11.99713185164767,,,sum_of_two_90pct_reference_radii_KBO_coverage_unknown,estimated_KBO_angle_unvalidated,False,False,unavailable_unseen_stadium_bias
2024,54134,엔스,Left,57.98914317071458,191.99072134075254,-0.04661364978473296,-1.0,-0.023479190767023102,185.0,0.04661364978473296,0.023479190767023102,-0.5766912155924183,1.8634990483221714,0.0,0.0,2904,True,48.322625141139724,48.322625141139724,False,False,2.231163595390875,11.99713185164767,,,sum_of_two_90pct_reference_radii_KBO_coverage_unknown,estimated_KBO_angle_unvalidated,False,False,unavailable_unseen_stadium_bias
2024,54148,진우영,Right,-42.29893611980152,178.46211883014453,0.04322723897125563,-1.0,-0.016529099654310393,188.0,-0.04322723897125563,0.016529099654310393,0.4294463025751469,1.738545748650533,0.0,0.0,141,True,40.61426495459265,40.61426495459265,False,False,2.231163595390875,11.99713185164767,,,sum_of_two_90pct_reference_radii_KBO_coverage_unknown,estimated_KBO_angle_unvalidated,False,False,unavailable_unseen_stadium_bias
2024,54149,정지헌,Right,-56.84750346611577,128.92075155525077,0.05580812398516187,-1.0,0.016729557121617954,180.0,-0.05580812398516187,-0.016729557121617954,0.5728388588482334,1.2651090417097839,0.0,0.0,272,False,13.410498852145302,13.410498852145302,False,False,2.231163595390875,11.99713185164767,-0.8177965948932417,27.638794299183846,sum_of_two_90pct_reference_radii_KBO_coverage_unknown,estimated_KBO_angle_unvalidated,False,False,reference_only_KBO_angle_unvalidated
2024,54213,박지호,Left,42.13806174040219,179.66005927489172,-0.04543366458654531,-1.0,-0.02365407698170046,181.0,0.04543366458654531,0.02365407698170046,-0.42541363764704976,1.7512903544987437,0.0,0.0,16,False,45.46532298353567,,False,False,,,,,sum_of_two_90pct_reference_radii_KBO_coverage_unknown,withheld_small_sample,False,False,withheld_estimate
2024,54243,발라조빅,Right,-59.785687438031815,186.1214333590118,0.04657247580140159,-1.0,-0.02516269292756918,196.0,-0.04657247580140159,0.02516269292756918,0.5946281705007936,1.8149591448146043,0.0,0.0,1067,True,39.30304012370967,39.30304012370967,False,False,2.231163595390875,11.99713185164767,,,sum_of_two_90pct_reference_radii_KBO_coverage_unknown,estimated_KBO_angle_unvalidated,False,False,unavailable_unseen_stadium_bias
2024,54263,김택연,Right,-53.70534279137233,179.6464075027425,0.0382416008745277,-1.0,-0.03101564447918075,181.0,-0.0382416008745277,0.03101564447918075,0.5316010155528001,1.754491944434461,0.0,0.0,1237,True,43.76103117349679,43.76103117349679,False,False,2.231163595390875,11.99713185164767,,,sum_of_two_90pct_reference_radii_KBO_coverage_unknown,estimated_KBO_angle_unvalidated,False,False,unavailable_unseen_stadium_bias
2024,54304,박범준,Right,-52.11868968853948,172.13111626116847,0.0392686681211825,-1.0,-0.021045939256815114,183.0,-0.0392686681211825,0.021045939256815114,0.519170259429354,1.6811156102018798,0.0,0.0,119,True,38.407243509279574,38.407243509279574,False,False,2.231163595390875,11.99713185164767,,,sum_of_two_90pct_reference_radii_KBO_coverage_unknown,estimated_KBO_angle_unvalidated,False,False,unavailable_unseen_stadium_bias
2024,54319,김윤하,Right,-46.07201774775868,178.1453945497783,0.039667182431310996,-1.0,-0.022638283453937407,185.0,-0.039667182431310996,0.022638283453937407,0.4624463389692751,1.7378678550678137,0.0,0.0,1273,True,41.59222810666064,41.59222810666064,False,False,2.231163595390875,11.99713185164767,,,sum_of_two_90pct_reference_radii_KBO_coverage_unknown,estimated_KBO_angle_unvalidated,False,False,unavailable_unseen_stadium_bias
2024,54354,헤이수스,Left,96.1265717620618,176.46470768937482,-0.07881896351890713,-1.0,-0.02686438197693977,192.0,0.07881896351890713,0.02686438197693977,-0.9411113045584006,1.725223971069256,0.0,0.0,2832,True,32.0126441478291,32.0126441478291,False,False,2.231163595390875,11.99713185164767,,,sum_of_two_90pct_reference_radii_KBO_coverage_unknown,estimated_KBO_angle_unvalidated,False,False,unavailable_unseen_stadium_bias
2024,54362,전준표,Right,-49.71461669415156,168.7717224258376,0.04154821710765689,-1.0,-0.019854228225748227,186.0,-0.04154821710765689,0.019854228225748227,0.49741467396370104,1.6511994029789003,0.0,0.0,570,True,35.441056052601674,35.441056052601674,False,False,2.231163595390875,11.99713185164767,,,sum_of_two_90pct_reference_radii_KBO_coverage_unknown,estimated_KBO_angle_unvalidated,False,False,unavailable_unseen_stadium_bias
2024,54363,손현기,Left,80.76383755684456,188.99290661651253,-0.055216561925354284,-1.0,-0.03312148505001288,188.0,0.055216561925354284,0.03312148505001288,-0.7908970662332679,1.841714191626032,0.0,0.0,269,True,42.91329768046849,42.91329768046849,False,False,2.231163595390875,11.99713185164767,,,sum_of_two_90pct_reference_radii_KBO_coverage_unknown,estimated_KBO_angle_unvalidated,False,False,unavailable_unseen_stadium_bias
2024,54368,김연주,Right,-41.1854358847526,158.66591952564593,0.03655395044406634,-1.0,-0.009500174103878448,175.0,-0.03655395044406634,0.009500174103878448,0.4163304097861913,1.5497594633733291,0.0,0.0,575,True,35.410067047887395,35.410067047887395,False,False,2.231163595390875,11.99713185164767,,,sum_of_two_90pct_reference_radii_KBO_coverage_unknown,estimated_KBO_angle_unvalidated,False,False,unavailable_unseen_stadium_bias
2024,54401,김대호,Right,-51.831095616928444,183.88294495344624,0.042709463784916524,-1.0,-0.030771527816274832,185.0,-0.042709463784916524,0.030771527816274832,0.515587117194989,1.7945328003885483,0.0,0.0,87,True,44.39298843470946,,False,False,,,,,sum_of_two_90pct_reference_radii_KBO_coverage_unknown,withheld_small_sample,False,False,withheld_estimate
2024,54404,육선엽,Right,-23.650489191830978,194.0160999808808,0.025894845050312337,-1.0,-0.024222145850556986,190.0,-0.025894845050312337,0.024222145850556986,0.25000082111989336,1.8859545835426468,0.0,0.0,355,True,50.62045787921896,50.62045787921896,False,False,2.231163595390875,11.99713185164767,,,sum_of_two_90pct_reference_radii_KBO_coverage_unknown,estimated_KBO_angle_unvalidated,False,False,unavailable_unseen_stadium_bias
2024,54443,레예스,Right,-76.89016141090636,176.25443319064783,0.05625860278499503,-1.0,-0.011933496506450104,198.0,-0.05625860278499503,0.011933496506450104,0.7606921454352032,1.7171839418099704,0.0,0.0,2430,True,30.512798278403892,30.512798278403892,False,False,2.231163595390875,11.99713185164767,,,sum_of_two_90pct_reference_radii_KBO_coverage_unknown,estimated_KBO_angle_unvalidated,False,False,unavailable_unseen_stadium_bias
2024,54452,코너,Right,-87.86906284624726,163.26731948339773,0.06568175125754358,-1.0,-0.008773288989993229,188.0,-0.06568175125754358,0.008773288989993229,0.8642031258242953,1.5932702858729366,0.0,0.0,2604,True,26.42868281073334,26.42868281073334,False,False,2.231163595390875,11.99713185164767,,,sum_of_two_90pct_reference_radii_KBO_coverage_unknown,estimated_KBO_angle_unvalidated,False,False,unavailable_unseen_stadium_bias
2024,54503,박준우,Right,-32.853223235805245,188.18294291961934,0.02277598297635404,-1.0,-0.02585471786486487,190.0,-0.02277598297635404,0.02585471786486487,0.3356032174485549,1.8331679041829552,0.0,0.0,32,True,46.4526426738039,,False,False,,,,,sum_of_two_90pct_reference_radii_KBO_coverage_unknown,withheld_small_sample,False,False,withheld_estimate
2024,54537,정현수,Left,50.82146985218003,177.53774244348182,-0.0362956897519084,-1.0,-0.003037203982048983,180.0,0.0362956897519084,0.003037203982048983,-0.5108741717595531,1.718389728976391,0.0,0.0,425,True,42.813939201322974,42.813939201322974,False,False,2.231163595390875,11.99713185164767,,,sum_of_two_90pct_reference_radii_KBO_coverage_unknown,estimated_KBO_angle_unvalidated,False,False,unavailable_unseen_stadium_bias
2024,54561,전미르,Right,-33.9730627751059,184.20329606196952,0.030083557976153554,-1.0,-0.013048172603759903,187.0,-0.030083557976153554,0.013048172603759903,0.3498481641430922,1.788444485133188,0.0,0.0,619,True,45.06514747547772,45.06514747547772,False,False,2.231163595390875,11.99713185164767,,,sum_of_two_90pct_reference_radii_KBO_coverage_unknown,estimated_KBO_angle_unvalidated,False,False,unavailable_unseen_stadium_bias
2024,54608,김민재,Right,-76.7250936558613,173.91886327373976,0.06312876729246769,-1.0,-0.011994066926045452,188.0,-0.06312876729246769,0.011994066926045452,0.7584461084766428,1.6926898355403637,0.0,0.0,85,True,33.83853480295453,,False,False,,,,,sum_of_two_90pct_reference_radii_KBO_coverage_unknown,withheld_small_sample,False,False,withheld_estimate
2024,54612,크로우,Right,-45.31789914511563,189.52598469854186,0.030171297672199757,-1.0,-0.030026514239636398,185.0,-0.030171297672199757,0.030026514239636398,0.45265776056375906,1.8454189268836396,0.0,0.0,709,True,48.213156302392704,48.213156302392704,False,False,2.231163595390875,11.99713185164767,,,sum_of_two_90pct_reference_radii_KBO_coverage_unknown,estimated_KBO_angle_unvalidated,False,False,unavailable_unseen_stadium_bias
2024,54615,스타우트,Left,74.33760375770687,180.05856114803396,-0.0517194235362106,-1.0,-0.019150325895884855,190.0,0.0517194235362106,0.019150325895884855,-0.7329914116654134,1.7532597855624803,0.0,0.0,327,True,37.2821475558798,37.2821475558798,False,False,2.231163595390875,11.99713185164767,,,sum_of_two_90pct_reference_radii_KBO_coverage_unknown,estimated_KBO_angle_unvalidated,False,False,unavailable_unseen_stadium_bias
2024,54640,네일,Right,-52.687168267895814,180.6175967280774,0.037070228657834076,-1.0,-0.016088305430669008,193.0,-0.037070228657834076,0.016088305430669008,0.5275891169878766,1.7586780127082018,0.0,0.0,2396,True,38.2180961677574,38.2180961677574,False,False,2.231163595390875,11.99713185164767,,,sum_of_two_90pct_reference_radii_KBO_coverage_unknown,estimated_KBO_angle_unvalidated,False,False,unavailable_unseen_stadium_bias
2024,54645,김민주,Right,-116.64730759709968,133.29134079349498,0.09266279747116858,-1.0,0.004992579903302593,182.0,-0.09266279747116858,-0.004992579903302593,1.140798359137365,1.309368869137131,0.0,0.0,30,True,7.788851464916654,,False,False,,,,,sum_of_two_90pct_reference_radii_KBO_coverage_unknown,withheld_small_sample,False,False,withheld_estimate
2024,54664,알드레드,Left,87.77255165460087,172.83079793142787,-0.06082873271186652,-1.0,-0.00859697484722534,191.0,0.06082873271186652,0.00859697484722534,-0.8636478434422273,1.6809555725919174,0.0,0.0,748,True,30.75859316778569,30.75859316778569,False,False,2.231163595390875,11.99713185164767,,,sum_of_two_90pct_reference_radii_KBO_coverage_unknown,estimated_KBO_angle_unvalidated,False,False,unavailable_unseen_stadium_bias
2024,54666,라우어,Left,33.085953501946875,193.14337273606105,-0.03103589260159533,-1.0,-0.02735859803757587,190.0,0.03103589260159533,0.02735859803757587,-0.33903511222274973,1.8793801879357352,0.0,0.0,608,True,49.94931196958102,49.94931196958102,False,False,2.231163595390875,11.99713185164767,,,sum_of_two_90pct_reference_radii_KBO_coverage_unknown,estimated_KBO_angle_unvalidated,False,False,unavailable_unseen_stadium_bias
2024,54705,김도빈,Right,-15.394890443721021,189.19195323986045,-0.000246020666054087,-1.0,-0.018360308684124117,190.0,0.000246020666054087,0.018360308684124117,0.16911633728494274,1.8383793155709571,0.0,0.0,20,True,48.9173947973636,,False,False,,,,,sum_of_two_90pct_reference_radii_KBO_coverage_unknown,withheld_small_sample,False,False,withheld_estimate
2024,54720,바리아,Right,-42.92864367993182,202.7293369397492,0.029983714198064063,-1.0,-0.04047594865706992,185.0,-0.029983714198064063,0.04047594865706992,0.42824425352447126,1.9717813483593083,0.0,0.0,1601,True,56.12750269833688,56.12750269833688,False,False,2.231163595390875,11.99713185164767,,,sum_of_two_90pct_reference_radii_KBO_coverage_unknown,estimated_KBO_angle_unvalidated,False,False,unavailable_unseen_stadium_bias
2024,54729,황준서,Left,63.06063743644512,175.23518840429642,-0.05907968545163903,-1.0,-0.016470012486962306,185.0,0.05907968545163903,0.016470012486962306,-0.627275295435002,1.707128453002447,0.0,0.0,1410,True,38.22796630617538,38.22796630617538,False,False,2.231163595390875,11.99713185164767,,,sum_of_two_90pct_reference_radii_KBO_coverage_unknown,estimated_KBO_angle_unvalidated,False,False,unavailable_unseen_stadium_bias
2024,54755,와이스,Right,-65.79144946768024,180.0551465305373,0.03578360899239253,-1.0,-0.014218878545206086,193.0,-0.03578360899239253,0.014218878545206086,0.6515282879603448,1.7514505359435495,0.0,0.0,1462,True,36.26060982253853,36.26060982253853,False,False,2.231163595390875,11.99713185164767,,,sum_of_two_90pct_reference_radii_KBO_coverage_unknown,estimated_KBO_angle_unvalidated,False,False,unavailable_unseen_stadium_bias
2024,54768,조동욱,Left,84.27995105341299,182.94270173054863,-0.06667345396792736,-1.0,-0.02134703631067949,190.0,0.06667345396792736,0.02134703631067949,-0.8288365060838389,1.7805325943407666,0.0,0.0,754,False,37.73269120052357,37.73269120052357,False,False,2.231163595390875,11.99713185164767,23.504395753485024,51.96098664756211,sum_of_two_90pct_reference_radii_KBO_coverage_unknown,estimated_KBO_angle_unvalidated,False,False,reference_only_KBO_angle_unvalidated
2024,54803,최현석,Right,-16.732708887328755,168.7287835880302,0.020146362828077278,-1.0,-0.014770572330508646,185.0,-0.020146362828077278,0.014770572330508646,0.18380418794758277,1.6491294375850865,0.0,0.0,48,False,40.01103409989346,,False,False,,,,,sum_of_two_90pct_reference_radii_KBO_coverage_unknown,withheld_small_sample,False,False,withheld_estimate
2024,54804,더거,Right,-59.15448938144518,159.65651608538914,0.04677498800979458,-1.0,-0.00550590019762627,183.0,-0.04677498800979458,0.00550590019762627,0.5899423990059249,1.5582254056167562,0.0,0.0,457,False,29.972100391249917,29.972100391249917,False,False,2.231163595390875,11.99713185164767,15.743804944211373,44.20039583828846,sum_of_two_90pct_reference_radii_KBO_coverage_unknown,estimated_KBO_angle_unvalidated,False,False,reference_only_KBO_angle_unvalidated
2024,54807,박성빈,Right,-69.02094777917543,132.6378404996979,0.059184391954343725,-1.0,0.017068185682630764,187.0,-0.059184391954343725,-0.017068185682630764,0.689737643326816,1.3003769021670133,0.0,0.0,28,True,11.050010585207083,,False,False,,,,,sum_of_two_90pct_reference_radii_KBO_coverage_unknown,withheld_small_sample,False,False,withheld_estimate
2024,54833,앤더슨,Right,-42.028464087446416,176.91506576955496,0.03710846390698723,-1.0,-0.013168783172508408,194.0,-0.03710846390698723,0.013168783172508408,0.4276493949749279,1.7244318877710885,0.0,0.0,2033,True,37.0292243081,37.0292243081,False,False,2.231163595390875,11.99713185164767,,,sum_of_two_90pct_reference_radii_KBO_coverage_unknown,estimated_KBO_angle_unvalidated,False,False,unavailable_unseen_stadium_bias
2024,54843,시라카와,Right,-23.66447961401865,188.5753152749021,0.019895546032673343,-1.0,-0.021566486975477996,180.0,-0.019895546032673343,0.021566486975477996,0.24790326073555188,1.831196365344702,0.0,0.0,1053,True,52.294819764823686,52.294819764823686,False,False,2.231163595390875,11.99713185164767,,,sum_of_two_90pct_reference_radii_KBO_coverage_unknown,estimated_KBO_angle_unvalidated,False,False,unavailable_unseen_stadium_bias
2024,54900,임상현,Right,-63.98641286561679,164.0028771341539,0.04161626931395261,-1.0,-0.007008194854576217,184.0,-0.04161626931395261,0.007008194854576217,0.6347894616752229,1.5984417785232667,0.0,0.0,667,False,31.420686618914196,31.420686618914196,False,False,2.231163595390875,11.99713185164767,17.192391171875652,45.64898206595274,sum_of_two_90pct_reference_radii_KBO_coverage_unknown,estimated_KBO_angle_unvalidated,False,False,reference_only_KBO_angle_unvalidated
2024,54903,최우석,Right,-60.01592892712416,165.5770141684105,0.04306434127509224,-1.0,-0.024782860020421207,190.0,-0.04306434127509224,0.024782860020421207,0.5940954409940692,1.625842423687075,0.0,0.0,139,False,30.823611505950733,30.823611505950733,False,False,2.231163595390875,11.99713185164767,16.59531605891219,45.05190695298928,sum_of_two_90pct_reference_radii_KBO_coverage_unknown,estimated_KBO_angle_unvalidated,False,False,reference_only_KBO_angle_unvalidated
2024,54904,손주환,Right,-31.403141786295144,184.87382779164645,0.026815808993639858,-1.0,-0.024178743077351943,177.0,-0.026815808993639858,0.024178743077351943,0.32067406446378194,1.7977285019822702,0.0,0.0,65,True,50.901981059694265,,False,False,,,,,sum_of_two_90pct_reference_radii_KBO_coverage_unknown,withheld_small_sample,False,False,withheld_estimate
2024,54913,김민규,Right,-89.83402493556498,122.693320460432,0.07292172649630338,-1.0,0.033848318131436864,183.0,-0.07292172649630338,-0.033848318131436864,0.8913790812610912,1.1975042249199823,0.0,0.0,112,True,3.3827887432522346,3.3827887432522346,False,False,2.231163595390875,11.99713185164767,,,sum_of_two_90pct_reference_radii_KBO_coverage_unknown,estimated_KBO_angle_unvalidated,False,False,unavailable_unseen_stadium_bias
2024,54920,카스타노,Left,66.04807691532712,196.0117399863533,-0.049991788603961286,-1.0,-0.029634958417125098,190.0,0.049991788603961286,0.029634958417125098,-0.6527979915895598,1.9050045734708438,0.0,0.0,1775,True,47.39654996907524,47.39654996907524,False,False,2.231163595390875,11.99713185164767,,,sum_of_two_90pct_reference_radii_KBO_coverage_unknown,estimated_KBO_angle_unvalidated,False,False,unavailable_unseen_stadium_bias
2024,54930,하트,Left,83.38461839984681,171.5770706478376,-0.06327185271861342,-1.0,-0.01886780154115123,196.0,0.06327185271861342,0.01886780154115123,-0.8207368169167784,1.677885717039335,0.0,0.0,2465,True,28.852322639663228,28.852322639663228,False,False,2.231163595390875,11.99713185164767,,,sum_of_two_90pct_reference_radii_KBO_coverage_unknown,estimated_KBO_angle_unvalidated,False,False,unavailable_unseen_stadium_bias
2024,60146,이승현,Right,-27.557336307113538,188.36568528242967,0.026488382530684487,-1.0,-0.02882113825245893,181.0,-0.026488382530684487,0.02882113825245893,0.2840035767340798,1.8339166763715344,0.0,0.0,1101,True,51.52181128349291,51.52181128349291,False,False,2.231163595390875,11.99713185164767,,,sum_of_two_90pct_reference_radii_KBO_coverage_unknown,estimated_KBO_angle_unvalidated,False,False,unavailable_unseen_stadium_bias
2024,60263,이재학,Right,-44.59221647260591,161.6661807663623,0.05025250189755342,-1.0,-0.0006856376322486268,181.0,-0.05025250189755342,0.0006856376322486268,0.45405084918268096,1.5740651873025013,0.0,0.0,1812,False,33.63052758332312,33.63052758332312,False,False,2.231163595390875,11.99713185164767,19.402232136284578,47.85882303036166,sum_of_two_90pct_reference_radii_KBO_coverage_unknown,estimated_KBO_angle_unvalidated,False,False,reference_only_KBO_angle_unvalidated
2024,60336,문성현,Right,-5.649872965710681,180.3068698141949,0.003454336341922936,-1.0,-0.03534075036319855,182.0,-0.003454336341922936,0.03534075036319855,0.07155755378718381,1.7658183334351985,0.0,0.02929427430093209,751,False,49.748071769380786,49.748071769380786,False,False,2.231163595390875,11.99713185164767,35.51977632234224,63.976367216419334,sum_of_two_90pct_reference_radii_KBO_coverage_unknown,estimated_KBO_angle_unvalidated,False,False,reference_only_KBO_angle_unvalidated
2024,60337,김대유,Left,106.15616358731945,144.53029708421397,-0.07668141727075756,-1.0,0.015488700051707369,187.0,0.07668141727075756,-0.015488700051707369,-1.0434014803652036,1.4072086808756175,0.0,0.0,461,True,13.282431284226032,13.282431284226032,False,False,2.231163595390875,11.99713185164767,,,sum_of_two_90pct_reference_radii_KBO_coverage_unknown,estimated_KBO_angle_unvalidated,False,False,unavailable_unseen_stadium_bias
2024,60559,박시영,Right,-23.818885173349155,185.71144004361403,0.010737013051502304,-1.0,-0.025094148596888008,181.0,-0.010737013051502304,0.025094148596888008,0.24699915332449066,1.807337383862921,0.0,0.0,423,False,50.38280360799215,50.38280360799215,False,False,2.231163595390875,11.99713185164767,36.15450816095361,64.61109905503069,sum_of_two_90pct_reference_radii_KBO_coverage_unknown,estimated_KBO_angle_unvalidated,False,False,reference_only_KBO_angle_unvalidated
2024,60768,이태양,Right,-24.63327077512758,194.2054362666221,0.03363972058617688,-1.0,-0.023584125934861762,192.0,-0.03363972058617688,0.023584125934861762,0.26100112245327867,1.88818193645558,0.0,0.0,180,True,49.65445976106392,49.65445976106392,False,False,2.231163595390875,11.99713185164767,,,sum_of_two_90pct_reference_radii_KBO_coverage_unknown,estimated_KBO_angle_unvalidated,False,False,unavailable_unseen_stadium_bias
2024,60841,박종훈,Right,-56.263459957370515,52.00849831771255,0.03487256342501371,-1.0,0.08231930830264338,186.0,-0.03487256342501371,-0.08231930830264338,0.5768334024223991,0.528672574700479,0.0,0.0,671,False,-33.39267547410337,-33.39267547410337,False,False,2.231163595390875,11.99713185164767,-47.62097092114192,-19.164380027064826,sum_of_two_90pct_reference_radii_KBO_coverage_unknown,estimated_KBO_angle_unvalidated,False,False,reference_only_KBO_angle_unvalidated
2024,61101,임찬규,Right,-32.42297426155616,178.57740187410087,0.027925050329231583,-1.0,-0.007160750454702819,185.0,-0.027925050329231583,0.007160750454702819,0.3356941751661143,1.733148842604136,0.0,0.0,2222,True,42.90779164942023,42.90779164942023,False,False,2.231163595390875,11.99713185164767,,,sum_of_two_90pct_reference_radii_KBO_coverage_unknown,estimated_KBO_angle_unvalidated,False,False,unavailable_unseen_stadium_bias
2024,61145,이우찬,Left,63.920412853181425,183.81989330364598,-0.052331641924263185,-1.0,-0.024406483016507698,185.0,0.052331641924263185,0.024406483016507698,-0.6328438433363366,1.7895803135537993,0.0,0.0,677,True,43.15195607332202,43.15195607332202,False,False,2.231163595390875,11.99713185164767,,,sum_of_two_90pct_reference_radii_KBO_coverage_unknown,estimated_KBO_angle_unvalidated,False,False,unavailable_unseen_stadium_bias
2024,61268,양현,Right,-104.77093212577309,97.95665774690426,0.07485551331783774,-1.0,0.04968818950237225,189.0,-0.07485551331783774,-0.04968818950237225,1.0361370386417945,0.964414314799678,0.0,0.0,245,True,-15.68683430319647,-15.68683430319647,False,False,2.231163595390875,11.99713185164767,,,sum_of_two_90pct_reference_radii_KBO_coverage_unknown,estimated_KBO_angle_unvalidated,False,False,unavailable_unseen_stadium_bias
2024,61365,김대우,Right,-100.59997623125672,52.13725752344783,0.072212541225622,-1.0,0.08354547714681304,183.0,-0.072212541225622,-0.08354547714681304,1.0011143253350967,0.5260146778935586,0.0,0.0,528,True,-41.00891377649076,-41.00891377649076,False,False,2.231163595390875,11.99713185164767,,,sum_of_two_90pct_reference_radii_KBO_coverage_unknown,estimated_KBO_angle_unvalidated,False,False,unavailable_unseen_stadium_bias
2024,61643,홍건희,Right,-54.08924881074437,186.9481764461752,0.040149989333705186,-1.0,-0.029490422291571835,187.0,-0.040149989333705186,0.029490422291571835,0.5373373689250996,1.8220731186640124,0.0,0.0,1031,True,44.81332540844822,44.81332540844822,False,False,2.231163595390875,11.99713185164767,,,sum_of_two_90pct_reference_radii_KBO_coverage_unknown,estimated_KBO_angle_unvalidated,False,False,unavailable_unseen_stadium_bias
2024,61666,한승혁,Right,-32.70440182120298,182.00416551882498,0.026870559814902967,-1.0,-0.02172368275946585,185.0,-0.026870559814902967,0.02172368275946585,0.3347027573851649,1.7729364861041812,0.0,0.0,1199,True,45.29097315356623,45.29097315356623,False,False,2.231163595390875,11.99713185164767,,,sum_of_two_90pct_reference_radii_KBO_coverage_unknown,estimated_KBO_angle_unvalidated,False,False,unavailable_unseen_stadium_bias
2024,61895,서진용,Right,-36.86139655929777,184.28271900686434,0.03616167264475987,-1.0,-0.02427401520706323,184.0,-0.03616167264475987,0.02427401520706323,0.3747489507036832,1.794803907394244,0.0,0.0,800,True,46.5859398276814,46.5859398276814,False,False,2.231163595390875,11.99713185164767,,,sum_of_two_90pct_reference_radii_KBO_coverage_unknown,estimated_KBO_angle_unvalidated,False,False,unavailable_unseen_stadium_bias
2024,62146,최성훈,Left,63.13189334427096,170.08730292289258,-0.03872248619353461,-1.0,0.010221697772384035,178.0,0.03872248619353461,-0.010221697772384035,-0.6300450931844759,1.6412448147472523,0.0,0.0,273,True,37.46774361883445,37.46774361883445,False,False,2.231163595390875,11.99713185164767,,,sum_of_two_90pct_reference_radii_KBO_coverage_unknown,estimated_KBO_angle_unvalidated,False,False,unavailable_unseen_stadium_bias
2024,62360,김태훈,Right,-49.03668823775657,178.09419796989647,0.03524228280188451,-1.0,-0.012363335500137356,187.0,-0.03524228280188451,0.012363335500137356,0.49265837308961,1.7316047287857395,0.0,0.0,865,True,39.88012942218916,39.88012942218916,False,False,2.231163595390875,11.99713185164767,,,sum_of_two_90pct_reference_radii_KBO_coverage_unknown,estimated_KBO_angle_unvalidated,False,False,unavailable_unseen_stadium_bias
2024,62363,한현희,Right,-96.24009816173762,137.2075870267793,0.0739123668793664,-1.0,0.016359212129284612,182.0,-0.0739123668793664,-0.016359212129284612,0.94831376468278,1.3390275805113678,0.0,0.0,1321,True,12.07728316197029,12.07728316197029,False,False,2.231163595390875,11.99713185164767,,,sum_of_two_90pct_reference_radii_KBO_coverage_unknown,estimated_KBO_angle_unvalidated,False,False,unavailable_unseen_stadium_bias
2024,62528,김원중,Right,-62.01879265015946,191.90488067494013,0.055721066947858014,-1.0,-0.028647016618927195,192.0,-0.055721066947858014,0.028647016618927195,0.6159870330597375,1.8682960072501542,0.0,0.0,1136,True,44.19596953670552,44.19596953670552,False,False,2.231163595390875,11.99713185164767,,,sum_of_two_90pct_reference_radii_KBO_coverage_unknown,estimated_KBO_angle_unvalidated,False,False,unavailable_unseen_stadium_bias
2024,62611,임준섭,Left,48.04012284973759,188.21274199590883,-0.04069679511473054,-1.0,-0.018763528381762155,181.0,0.04069679511473054,0.018763528381762155,-0.4821514545562718,1.8254736018580302,0.0,0.0,233,True,49.19111402551601,49.19111402551601,False,False,2.231163595390875,11.99713185164767,,,sum_of_two_90pct_reference_radii_KBO_coverage_unknown,estimated_KBO_angle_unvalidated,False,False,unavailable_unseen_stadium_bias
2024,62754,임기영,Right,-94.41776207658769,144.6590254000541,0.08134677753151726,-1.0,0.01181030529732833,184.0,-0.08134677753151726,-0.01181030529732833,0.9319207489135539,1.4105236683330569,0.0,0.0,865,True,15.955783714218708,15.955783714218708,False,False,2.231163595390875,11.99713185164767,,,sum_of_two_90pct_reference_radii_KBO_coverage_unknown,estimated_KBO_angle_unvalidated,False,False,unavailable_unseen_stadium_bias
2024,62869,문승원,Right,-46.46519709189831,171.41022185503218,0.04092982470492673,-1.0,-0.019558705161140673,180.0,-0.04092982470492673,0.019558705161140673,0.4659125927440495,1.6730796265573338,0.0,0.0,1055,True,40.01838224882374,40.01838224882374,False,False,2.231163595390875,11.99713185164767,,,sum_of_two_90pct_reference_radii_KBO_coverage_unknown,estimated_KBO_angle_unvalidated,False,False,unavailable_unseen_stadium_bias
2024,62951,이형범,Right,-38.1373470904811,173.74006156328556,0.02940017798417496,-1.0,-0.008859911481386519,181.0,-0.02940017798417496,0.008859911481386519,0.3884931260296308,1.6884328252814882,0.0,0.0,293,True,41.44152111710888,41.44152111710888,False,False,2.231163595390875,11.99713185164767,,,sum_of_two_90pct_reference_radii_KBO_coverage_unknown,estimated_KBO_angle_unvalidated,False,False,unavailable_unseen_stadium_bias
2024,63248,함덕주,Left,71.6109185211943,182.75027956546785,-0.05938003117293979,-1.0,-0.020896892019940713,181.0,0.05938003117293979,0.020896892019940713,-0.7067355661936582,1.7760110641042801,0.0,0.0,205,False,43.39808382836026,43.39808382836026,False,False,2.231163595390875,11.99713185164767,29.169788381321712,57.626379275398804,sum_of_two_90pct_reference_radii_KBO_coverage_unknown,estimated_KBO_angle_unvalidated,False,False,reference_only_KBO_angle_unvalidated
2024,63292,박소준,Right,-70.50246067649897,172.6162746126679,0.051526574949819916,-1.0,-0.003995437913061363,177.0,-0.051526574949819916,0.003995437913061363,0.6980394107104165,1.672246398599065,0.0,0.0,71,False,38.77717959140021,,False,False,,,,,sum_of_two_90pct_reference_radii_KBO_coverage_unknown,withheld_small_sample,False,False,withheld_estimate
2024,63342,조상우,Right,-49.34630439771643,162.5002640719052,0.035720282693695836,-1.0,-0.013283646201270228,186.0,-0.035720282693695836,0.013283646201270228,0.4942917101314341,1.5901348655990848,0.0,0.0,650,False,31.795362129363667,31.795362129363667,False,False,2.231163595390875,11.99713185164767,17.567066682325123,46.023657576402215,sum_of_two_90pct_reference_radii_KBO_coverage_unknown,estimated_KBO_angle_unvalidated,False,False,reference_only_KBO_angle_unvalidated
2024,63464,윤대경,Right,-55.328121947727176,182.84250949381237,0.04487050342268596,-1.0,-0.021179714725903916,179.0,-0.04487050342268596,0.021179714725903916,0.5503405628374537,1.7770278954962069,0.0,0.0,148,False,45.97543592952094,45.97543592952094,False,False,2.231163595390875,11.99713185164767,31.747140482482397,60.20373137655949,sum_of_two_90pct_reference_radii_KBO_coverage_unknown,estimated_KBO_angle_unvalidated,False,False,reference_only_KBO_angle_unvalidated
2024,63492,이재익,Left,54.21190308299922,182.26099469048393,-0.04272395635230603,-1.0,-0.009477452289208488,180.0,0.04272395635230603,0.009477452289208488,-0.5425575774533279,1.765110639763494,0.0,0.0,222,False,45.24938953180504,45.24938953180504,False,False,2.231163595390875,11.99713185164767,31.0210940847665,59.477684978843584,sum_of_two_90pct_reference_radii_KBO_coverage_unknown,estimated_KBO_angle_unvalidated,False,False,reference_only_KBO_angle_unvalidated
2024,63512,박진형,Right,-34.893290491649395,176.50504759504153,0.03631917660291558,-1.0,-0.01740574369135712,181.0,-0.03631917660291558,0.01740574369135712,0.35696906501038206,1.7191250742089719,0.0,0.0,95,False,43.69959065028058,,False,False,,,,,sum_of_two_90pct_reference_radii_KBO_coverage_unknown,withheld_small_sample,False,False,withheld_estimate
2024,63543,구승민,Right,-44.855591731000466,179.49313756478637,0.04583689570153235,-1.0,-0.020982401273601053,182.0,-0.04583689570153235,0.020982401273601053,0.4519596618270064,1.748344834865558,0.0,0.0,1139,True,43.819952488593536,43.819952488593536,False,False,2.231163595390875,11.99713185164767,,,sum_of_two_90pct_reference_radii_KBO_coverage_unknown,estimated_KBO_angle_unvalidated,False,False,unavailable_unseen_stadium_bias
2024,63638,박준표,Right,-52.22866818793495,145.23507582311663,0.05395812377674683,-1.0,0.007927951107180043,181.0,-0.05395812377674683,-0.007927951107180043,0.5278880856274192,1.4192101678077356,0.0,0.0,88,True,23.14109693911594,,False,False,,,,,sum_of_two_90pct_reference_radii_KBO_coverage_unknown,withheld_small_sample,False,False,withheld_estimate
2024,63749,이충호,Left,77.84378168488496,187.04264710941655,-0.07029454884147117,-1.0,-0.01728956814381805,182.0,0.07029454884147117,0.01728956814381805,-0.7686452143871461,1.8130988922532885,0.0,0.0,45,True,44.467597808400924,,False,False,,,,,sum_of_two_90pct_reference_radii_KBO_coverage_unknown,withheld_small_sample,False,False,withheld_estimate
2024,63894,김사윤,Left,37.903771391098154,178.64243187098302,-0.03827417647143832,-1.0,-0.019031701864404255,182.0,0.03827417647143832,0.019031701864404255,-0.3855793683104416,1.73971254488373,0.0,0.0,727,True,44.84858246382744,44.84858246382744,False,False,2.231163595390875,11.99713185164767,,,sum_of_two_90pct_reference_radii_KBO_coverage_unknown,estimated_KBO_angle_unvalidated,False,False,unavailable_unseen_stadium_bias
2024,63950,장현식,Right,-45.93712829990233,188.14573092498486,0.0394513764415423,-1.0,-0.034465875616884176,181.0,-0.0394513764415423,0.034465875616884176,0.45811459688348755,1.834372880306839,0.0,0.0,1289,True,49.51707175523423,49.51707175523423,False,False,2.231163595390875,11.99713185164767,,,sum_of_two_90pct_reference_radii_KBO_coverage_unknown,estimated_KBO_angle_unvalidated,False,False,unavailable_unseen_stadium_bias
2024,63959,임정호,Left,51.88245986812778,156.79230323906577,-0.039599524309898285,-1.0,0.00645766058847088,188.0,0.039599524309898285,-0.00645766058847088,-0.5238229106428794,1.527121522231385,0.0,0.0,981,True,27.60525594667073,27.60525594667073,False,False,2.231163595390875,11.99713185164767,,,sum_of_two_90pct_reference_radii_KBO_coverage_unknown,estimated_KBO_angle_unvalidated,False,False,unavailable_unseen_stadium_bias
2024,63960,이상민,Left,69.81003393368728,174.04737972404715,-0.048391171309255285,-1.0,-0.007799342412520259,180.0,0.048391171309255285,0.007799342412520259,-0.6906150408763216,1.688536169998219,0.0,0.0,416,True,38.66288344582737,38.66288344582737,False,False,2.231163595390875,11.99713185164767,,,sum_of_two_90pct_reference_radii_KBO_coverage_unknown,estimated_KBO_angle_unvalidated,False,False,unavailable_unseen_stadium_bias
2024,63961,윤호솔,Right,-33.99253649105483,182.61457151590227,0.04200855518636467,-1.0,-0.043173822470718735,183.0,-0.04200855518636467,0.043173822470718735,0.343533094823218,1.791002381752127,0.0,0.0,112,True,47.229640070645154,47.229640070645154,False,False,2.231163595390875,11.99713185164767,,,sum_of_two_90pct_reference_radii_KBO_coverage_unknown,estimated_KBO_angle_unvalidated,False,False,unavailable_unseen_stadium_bias
2024,64001,고영표,Right,-90.489195020103,95.39946037059374,0.06466537141390101,-1.0,0.06519366815802476,187.0,-0.06466537141390101,-0.06519366815802476,0.9031561543998133,0.9319109273301737,0.0,0.0,1590,True,-14.956751682047923,-14.956751682047923,False,False,2.231163595390875,11.99713185164767,,,sum_of_two_90pct_reference_radii_KBO_coverage_unknown,estimated_KBO_angle_unvalidated,False,False,unavailable_unseen_stadium_bias
2024,64021,박세웅,Right,-22.397065825574856,174.56863195025127,0.019127556587760153,-1.0,-0.010364935282620375,182.0,-0.019127556587760153,0.010364935282620375,0.23811052716837688,1.698032306203209,0.0,0.0,2926,True,43.50506752483613,43.50506752483613,False,False,2.231163595390875,11.99713185164767,,,sum_of_two_90pct_reference_radii_KBO_coverage_unknown,estimated_KBO_angle_unvalidated,False,False,unavailable_unseen_stadium_bias
2024,64350,하영민,Right,-53.85925171559757,171.4861390750509,0.04203931049732767,-1.0,-0.016575760566981554,183.0,-0.04203931049732767,0.016575760566981554,0.5371336151461634,1.672544655203948,0.0,0.0,2498,True,37.66179124823776,37.66179124823776,False,False,2.231163595390875,11.99713185164767,,,sum_of_two_90pct_reference_radii_KBO_coverage_unknown,estimated_KBO_angle_unvalidated,False,False,unavailable_unseen_stadium_bias
2024,64565,이인복,Right,-25.12875531260216,187.5051645655524,0.033982099688909584,-1.0,-0.019435766801616742,187.0,-0.033982099688909584,0.019435766801616742,0.2655607196085151,1.823033972896086,0.0,0.0,580,False,48.17864321736873,48.17864321736873,False,False,2.231163595390875,11.99713185164767,33.95034777033018,62.40693866440728,sum_of_two_90pct_reference_radii_KBO_coverage_unknown,estimated_KBO_angle_unvalidated,False,False,reference_only_KBO_angle_unvalidated
2024,64580,김재열,Right,-30.971547321820832,196.4584844039311,0.023575872074207745,-1.0,-0.022047552377743494,183.0,-0.023575872074207745,0.022047552377743494,0.31831715498965935,1.903746353836353,0.0,0.0,1097,True,54.30029911388734,54.30029911388734,False,False,2.231163595390875,11.99713185164767,,,sum_of_two_90pct_reference_radii_KBO_coverage_unknown,estimated_KBO_angle_unvalidated,False,False,unavailable_unseen_stadium_bias
2024,64596,김유영,Left,58.18381712104553,167.05945396135408,-0.043647190875614396,-1.0,-0.004877018808874897,180.0,0.043647190875614396,0.004877018808874897,-0.5804196873931834,1.624003898001786,0.0,0.0,845,True,36.12584503620988,36.12584503620988,False,False,2.231163595390875,11.99713185164767,,,sum_of_two_90pct_reference_radii_KBO_coverage_unknown,estimated_KBO_angle_unvalidated,False,False,unavailable_unseen_stadium_bias
2024,64768,조이현,Right,-33.70546442177202,184.2831419591524,0.024925825341416206,-1.0,-0.018722099194572815,185.0,-0.024925825341416206,0.018722099194572815,0.34474803043189567,1.7917070718707453,0.0,0.0,636,False,46.28429825491923,46.28429825491923,False,False,2.231163595390875,11.99713185164767,32.05600280788069,60.51259370195777,sum_of_two_90pct_reference_radii_KBO_coverage_unknown,estimated_KBO_angle_unvalidated,False,False,reference_only_KBO_angle_unvalidated
2024,64861,이건욱,Right,-22.16777690114075,179.83197635533276,0.025814432370109205,-1.0,-0.025241451168054367,182.0,-0.025814432370109205,0.025241451168054367,0.23355841484371978,1.754979910318657,0.0,0.0,444,False,46.94977709639929,46.94977709639929,False,False,2.231163595390875,11.99713185164767,32.72148164936074,61.178072543437835,sum_of_two_90pct_reference_radii_KBO_coverage_unknown,estimated_KBO_angle_unvalidated,False,False,reference_only_KBO_angle_unvalidated
2024,64893,박민호,Right,-100.01987701302939,131.63772984609292,0.07898815733472118,-1.0,0.024452743454033053,185.0,-0.07898815733472118,-0.024452743454033053,0.9869894449986757,1.2845404208683833,0.0,0.0,352,False,6.792877998766578,6.792877998766578,False,False,2.231163595390875,11.99713185164767,-7.435417448271966,21.021173445805122,sum_of_two_90pct_reference_radii_KBO_coverage_unknown,estimated_KBO_angle_unvalidated,False,False,reference_only_KBO_angle_unvalidated
2024,64995,배재환,Right,-32.0226486794689,185.79470258306506,0.02046699351751892,-1.0,-0.030540223396089645,186.0,-0.02046699351751892,0.030540223396089645,0.32541388552893935,1.8128423831626082,0.0,0.0,388,True,47.30047777852477,47.30047777852477,False,False,2.231163595390875,11.99713185164767,,,sum_of_two_90pct_reference_radii_KBO_coverage_unknown,estimated_KBO_angle_unvalidated,False,False,unavailable_unseen_stadium_bias
2024,65048,김민수,Right,-48.08541502203057,198.57342481343395,0.028058018687235776,-1.0,-0.025788279878408923,188.0,-0.028058018687235776,0.025788279878408923,0.4805708402619178,1.9258657052583983,0.0,0.0,1341,True,51.220728914941134,51.220728914941134,False,False,2.231163595390875,11.99713185164767,,,sum_of_two_90pct_reference_radii_KBO_coverage_unknown,estimated_KBO_angle_unvalidated,False,False,unavailable_unseen_stadium_bias
2024,65056,엄상백,Right,-68.11669278689654,146.67446647241877,0.05697451549074276,-1.0,0.0024294954294737793,187.0,-0.05697451549074276,-0.0024294954294737793,0.6780113699464426,1.436641234242222,0.0,0.0,2716,True,19.556076828592705,19.556076828592705,False,False,2.231163595390875,11.99713185164767,,,sum_of_two_90pct_reference_radii_KBO_coverage_unknown,estimated_KBO_angle_unvalidated,False,False,unavailable_unseen_stadium_bias
2024,65060,주권,Right,-57.790512996537814,169.1413086945526,0.04593726557063725,-1.0,-0.0152932957087905,181.0,-0.04593726557063725,0.0152932957087905,0.5747181429210877,1.6496058370920081,0.0,0.0,906,True,36.75807449635128,36.75807449635128,False,False,2.231163595390875,11.99713185164767,,,sum_of_two_90pct_reference_radii_KBO_coverage_unknown,estimated_KBO_angle_unvalidated,False,False,unavailable_unseen_stadium_bias
2024,65062,김재윤,Right,-74.15176174696627,177.21116698988195,0.05386078514178671,-1.0,-0.02061749314582027,185.0,-0.05386078514178671,0.02061749314582027,0.7302193289877337,1.7265800839411705,0.0,0.0,1092,True,37.75689636344048,37.75689636344048,False,False,2.231163595390875,11.99713185164767,,,sum_of_two_90pct_reference_radii_KBO_coverage_unknown,estimated_KBO_angle_unvalidated,False,False,unavailable_unseen_stadium_bias
2024,65109,백승현,Right,-20.62334180066685,181.78026003967264,0.024891920876267827,-1.0,-0.031538109697581466,183.0,-0.024891920876267827,0.031538109697581466,0.21751834609773396,1.7768836195694375,0.0,0.027726432532347505,541,True,47.9816935917905,47.9816935917905,False,False,2.231163595390875,11.99713185164767,,,sum_of_two_90pct_reference_radii_KBO_coverage_unknown,estimated_KBO_angle_unvalidated,False,False,unavailable_unseen_stadium_bias
2024,65117,이상규,Right,-21.444031865879015,173.77243517458578,0.017520163726934213,-1.0,-0.01559518863488018,185.0,-0.017520163726934213,0.01559518863488018,0.22796757600980416,1.6950108102223411,0.0,0.0,612,True,42.083862101855324,42.083862101855324,False,False,2.231163595390875,11.99713185164767,,,sum_of_two_90pct_reference_radii_KBO_coverage_unknown,estimated_KBO_angle_unvalidated,False,False,unavailable_unseen_stadium_bias
2024,65241,채원후,Right,-19.457302225271565,170.11528890738327,0.024333887621753404,-1.0,-0.022902813132478942,180.0,-0.024333887621753404,0.022902813132478942,0.2074030413672698,1.6647527049208708,0.0,0.0,73,False,42.86525384666352,,False,False,,,,,sum_of_two_90pct_reference_radii_KBO_coverage_unknown,withheld_small_sample,False,False,withheld_estimate
2024,65320,최원태,Right,-52.316637562934666,170.598932452415,0.04311529447079116,-1.0,-0.010330833731207056,184.0,-0.04311529447079116,0.010330833731207056,0.5244322949596918,1.6612512610284442,0.0,0.0,2105,True,36.649458218130896,36.649458218130896,False,False,2.231163595390875,11.99713185164767,,,sum_of_two_90pct_reference_radii_KBO_coverage_unknown,estimated_KBO_angle_unvalidated,False,False,unavailable_unseen_stadium_bias
2024,65343,김택형,Left,85.21121959941858,181.2638364548032,-0.06609510744123175,-1.0,-0.01905802210870516,185.0,0.06609510744123175,0.01905802210870516,-0.8372048177234583,1.7620508452470132,0.0,0.0,130,False,38.96639344363251,38.96639344363251,False,False,2.231163595390875,11.99713185164767,24.738097996593968,53.19468889067106,sum_of_two_90pct_reference_radii_KBO_coverage_unknown,estimated_KBO_angle_unvalidated,False,False,reference_only_KBO_angle_unvalidated
2024,65411,김주온,Right,-50.38585691165974,189.61353188758395,0.039992234161398285,-1.0,-0.02883183382920952,187.0,-0.039992234161398285,0.02883183382920952,0.5026854787513512,1.846157302931362,0.0,0.0,97,False,46.671873446464446,,False,False,,,,,sum_of_two_90pct_reference_radii_KBO_coverage_unknown,withheld_small_sample,False,False,withheld_estimate
2024,65496,홍정우,Right,-64.6312132752129,179.91081889387968,0.051631493596158276,-1.0,-0.030240919733742468,182.0,-0.051631493596158276,0.030240919733742468,0.6372351537561946,1.7564210018029522,0.0,0.0,28,False,42.17954997977385,,False,False,,,,,sum_of_two_90pct_reference_radii_KBO_coverage_unknown,withheld_small_sample,False,False,withheld_estimate
2024,65522,김강현,Right,-24.069026214086524,165.8476545495399,0.0304859628006536,-1.0,-0.004621695261804253,177.0,-0.0304859628006536,0.004621695261804253,0.25579908198938706,1.6138449923128744,0.0,0.0,494,True,40.5387225287998,40.5387225287998,False,False,2.231163595390875,11.99713185164767,,,sum_of_two_90pct_reference_radii_KBO_coverage_unknown,estimated_KBO_angle_unvalidated,False,False,unavailable_unseen_stadium_bias
2024,65616,이민우,Right,-30.43676319967346,202.70724222154402,0.01819558542470313,-1.0,-0.02163113029406648,185.0,-0.01819558542470313,0.02163113029406648,0.3132343149664795,1.9608364600956758,0.0,0.0,969,True,56.75011367745371,56.75011367745371,False,False,2.231163595390875,11.99713185164767,,,sum_of_two_90pct_reference_radii_KBO_coverage_unknown,estimated_KBO_angle_unvalidated,False,False,unavailable_unseen_stadium_bias
2024,65639,박정수,Right,-66.50286130756291,138.43462514179328,0.04714150417062704,-1.0,0.02202477563976286,178.0,-0.04714150417062704,-0.02202477563976286,0.6642248298499094,1.3466703064349326,0.0,0.0,516,False,18.041433213400655,18.041433213400655,False,False,2.231163595390875,11.99713185164767,3.813137766362111,32.2697286604392,sum_of_two_90pct_reference_radii_KBO_coverage_unknown,estimated_KBO_angle_unvalidated,False,False,reference_only_KBO_angle_unvalidated
2024,65665,이준영,Left,41.62179283918296,187.44730258221085,-0.02867764119899827,-1.0,-0.023188876278505126,177.0,0.02867764119899827,0.023188876278505126,-0.4178435366148835,1.8198277156011975,0.0,0.0,622,True,51.65119726816727,51.65119726816727,False,False,2.231163595390875,11.99713185164767,,,sum_of_two_90pct_reference_radii_KBO_coverage_unknown,estimated_KBO_angle_unvalidated,False,False,unavailable_unseen_stadium_bias
2024,65707,주현상,Right,-47.22322923055906,178.37853994198792,0.03813095757353027,-1.0,-0.024092118539434267,177.0,-0.03813095757353027,0.024092118539434267,0.47142422733284156,1.7378828538392392,0.0,0.0,1024,True,45.45296200117229,45.45296200117229,False,False,2.231163595390875,11.99713185164767,,,sum_of_two_90pct_reference_radii_KBO_coverage_unknown,estimated_KBO_angle_unvalidated,False,False,unavailable_unseen_stadium_bias
2024,65764,김민우,Right,-18.98822047952075,190.62317261051143,0.016165483236844923,-1.0,-0.026704522772535037,186.0,-0.016165483236844923,0.026704522772535037,0.2029619985799529,1.8552235006536568,0.0,0.0,187,False,51.3454377642003,51.3454377642003,False,False,2.231163595390875,11.99713185164767,37.11714231716175,65.57373321123885,sum_of_two_90pct_reference_radii_KBO_coverage_unknown,estimated_KBO_angle_unvalidated,False,False,reference_only_KBO_angle_unvalidated
2024,65769,김범수,Left,54.06259069604777,162.78747136455712,-0.04758251700336334,-1.0,-0.012337632079651618,181.0,0.04758251700336334,0.012337632079651618,-0.5401417715341094,1.5904437589519898,0.0,0.0,650,True,34.1830326606425,34.1830326606425,False,False,2.231163595390875,11.99713185164767,,,sum_of_two_90pct_reference_radii_KBO_coverage_unknown,estimated_KBO_angle_unvalidated,False,False,unavailable_unseen_stadium_bias
2024,65949,류진욱,Right,-57.709894195022095,172.78094176971257,0.04729744304368633,-1.0,-0.021634735402593287,189.0,-0.04729744304368633,0.021634735402593287,0.5740821557292465,1.6893519002898576,0.0,0.0,760,True,35.370490019144256,35.370490019144256,False,False,2.231163595390875,11.99713185164767,,,sum_of_two_90pct_reference_radii_KBO_coverage_unknown,estimated_KBO_angle_unvalidated,False,False,unavailable_unseen_stadium_bias
2024,66018,김선기,Right,-61.91159875202102,172.17927625682123,0.04485208610192314,-1.0,-0.019466264362211397,187.0,-0.04485208610192314,0.019466264362211397,0.6135484930111871,1.6814927053432642,0.0,0.0,1293,True,35.35578504742803,35.35578504742803,False,False,2.231163595390875,11.99713185164767,,,sum_of_two_90pct_reference_radii_KBO_coverage_unknown,estimated_KBO_angle_unvalidated,False,False,unavailable_unseen_stadium_bias
2024,66047,박세진,Left,88.7547477416659,155.63191357746786,-0.07790904463044446,-1.0,-0.007040970392607082,178.0,0.07790904463044446,0.007040970392607082,-0.8728494504978882,1.5196556766248146,0.0,0.0,102,False,26.691282738322506,26.691282738322506,False,False,2.231163595390875,11.99713185164767,12.462987291283962,40.91957818536105,sum_of_two_90pct_reference_radii_KBO_coverage_unknown,estimated_KBO_angle_unvalidated,False,False,reference_only_KBO_angle_unvalidated
2024,66068,서의태,Left,77.61131540315091,189.23537051543406,-0.06060385800627454,-1.0,-0.03213652553408915,194.0,0.06060385800627454,0.03213652553408915,-0.7632243421116313,1.845861772277811,0.0,0.0,149,False,40.541454978600335,40.541454978600335,False,False,2.231163595390875,11.99713185164767,26.31315953156179,54.769750425638875,sum_of_two_90pct_reference_radii_KBO_coverage_unknown,estimated_KBO_angle_unvalidated,False,False,reference_only_KBO_angle_unvalidated
2024,66145,김대현,Right,-34.74730221165671,180.3877426688522,0.035790645466129097,-1.0,-0.028897369063497123,188.0,-0.035790645466129097,0.028897369063497123,0.3539640822153834,1.7637491749056573,0.0,0.0,558,True,43.07593077654201,43.07593077654201,False,False,2.231163595390875,11.99713185164767,,,sum_of_two_90pct_reference_radii_KBO_coverage_unknown,estimated_KBO_angle_unvalidated,False,False,unavailable_unseen_stadium_bias
2024,66291,이영하,Right,-47.98112416776584,206.60958401489967,0.0318458835138914,-1.0,-0.036175100166636026,192.0,-0.0318458835138914,0.036175100166636026,0.47869710354687284,2.006632159771059,0.0,0.0,1183,True,54.00939542457151,54.00939542457151,False,False,2.231163595390875,11.99713185164767,,,sum_of_two_90pct_reference_radii_KBO_coverage_unknown,estimated_KBO_angle_unvalidated,False,False,unavailable_unseen_stadium_bias
2024,66305,박승주,Right,-34.08342363016325,184.17632208133494,0.026445444526861622,-1.0,-0.03644163585244971,183.0,-0.026445444526861622,0.03644163585244971,0.34373185329983685,1.800650261564043,0.0,0.0,295,True,47.80684522704263,47.80684522704263,False,False,2.231163595390875,11.99713185164767,,,sum_of_two_90pct_reference_radii_KBO_coverage_unknown,estimated_KBO_angle_unvalidated,False,False,unavailable_unseen_stadium_bias
2024,66492,김승현,Right,-59.5368807739402,177.96739039158822,0.03476713260923023,-1.0,-0.021725975297722928,180.0,-0.03476713260923023,0.021725975297722928,0.5881909033504336,1.732787588231685,0.0,0.0,289,True,42.27606577766042,42.27606577766042,False,False,2.231163595390875,11.99713185164767,,,sum_of_two_90pct_reference_radii_KBO_coverage_unknown,estimated_KBO_angle_unvalidated,False,False,unavailable_unseen_stadium_bias
2024,66609,전상현,Right,-44.905677946567884,173.95710476629026,0.0335971120201451,-1.0,-0.02143568087977824,180.0,-0.0335971120201451,0.02143568087977824,0.4497121000324423,1.6972151437265857,0.0,0.0,1093,True,41.69963303405136,41.69963303405136,False,False,2.231163595390875,11.99713185164767,,,sum_of_two_90pct_reference_radii_KBO_coverage_unknown,estimated_KBO_angle_unvalidated,False,False,unavailable_unseen_stadium_bias
2024,66858,정동윤,Right,-43.37052510123928,182.88195669114754,0.033638194686664256,-1.0,-0.0035063591200710552,193.0,-0.033638194686664256,0.0035063591200710552,0.44242978527658167,1.772289809024642,0.0,0.0,32,False,40.10199833670467,,False,False,,,,,sum_of_two_90pct_reference_radii_KBO_coverage_unknown,withheld_small_sample,False,False,withheld_estimate
2024,66920,최성영,Left,72.6834350101552,179.37518681944408,-0.05665036784838662,-1.0,-0.025075632246024666,180.0,0.05665036784838662,0.025075632246024666,-0.714996332567786,1.7473293683831705,0.0,0.0,808,True,42.02001757019623,42.02001757019623,False,False,2.231163595390875,11.99713185164767,,,sum_of_two_90pct_reference_radii_KBO_coverage_unknown,estimated_KBO_angle_unvalidated,False,False,unavailable_unseen_stadium_bias
2024,67116,오석주,Right,-48.99358043443301,181.97239946350442,0.022435504863428053,-1.0,-0.007278579136391375,180.0,-0.022435504863428053,0.007278579136391375,0.4906243993838162,1.7608966553723115,0.0,0.0,311,False,45.13456909691832,45.13456909691832,False,False,2.231163595390875,11.99713185164767,30.906273649879775,59.36286454395686,sum_of_two_90pct_reference_radii_KBO_coverage_unknown,estimated_KBO_angle_unvalidated,False,False,reference_only_KBO_angle_unvalidated
2024,67143,손주영,Left,44.55069926142564,195.6645640035187,-0.027188827090674345,-1.0,-0.02067087860716959,191.0,0.027188827090674345,0.02067087860716959,-0.4486673906154514,1.8976739907945988,0.0,0.0,2530,True,49.066389988684584,49.066389988684584,False,False,2.231163595390875,11.99713185164767,,,sum_of_two_90pct_reference_radii_KBO_coverage_unknown,estimated_KBO_angle_unvalidated,False,False,unavailable_unseen_stadium_bias
2024,67246,김명신,Right,-42.640155328289495,181.58729621380317,0.03224070856859116,-1.0,-0.010648609436351012,178.0,-0.03224070856859116,0.010648609436351012,0.4309990971207746,1.7594873742513397,0.0,0.0,646,True,46.75181892278922,46.75181892278922,False,False,2.231163595390875,11.99713185164767,,,sum_of_two_90pct_reference_radii_KBO_coverage_unknown,estimated_KBO_angle_unvalidated,False,False,unavailable_unseen_stadium_bias
2024,67263,최원준,Right,-99.68181163281713,121.67714750525651,0.07991391079032376,-1.0,0.028552578077513602,182.0,-0.07991391079032376,-0.028552578077513602,0.9838805891863104,1.1905937049192534,0.0,0.0,1929,True,2.073930864981513,2.073930864981513,False,False,2.231163595390875,11.99713185164767,,,sum_of_two_90pct_reference_radii_KBO_coverage_unknown,estimated_KBO_angle_unvalidated,False,False,unavailable_unseen_stadium_bias
2024,67266,박치국,Right,-71.25028361673124,120.84014768825762,0.05410224404725206,-1.0,0.024754168455406077,177.0,-0.05410224404725206,-0.024754168455406077,0.7095786324836731,1.184729403519653,0.0,0.0,803,True,7.570617087457215,7.570617087457215,False,False,2.231163595390875,11.99713185164767,,,sum_of_two_90pct_reference_radii_KBO_coverage_unknown,estimated_KBO_angle_unvalidated,False,False,unavailable_unseen_stadium_bias
2024,67365,양지율,Right,-51.94664281663976,172.53950900386823,0.03394708784468431,-1.0,-0.024045739622367494,185.0,-0.03394708784468431,0.024045739622367494,0.5162909621119341,1.687169950219178,0.0,0.0,345,False,37.85333621176405,37.85333621176405,False,False,2.231163595390875,11.99713185164767,23.625040764725508,52.08163165880259,sum_of_two_90pct_reference_radii_KBO_coverage_unknown,estimated_KBO_angle_unvalidated,False,False,reference_only_KBO_angle_unvalidated
2024,67391,김재웅,Left,13.712448218254417,177.33471848495728,-0.01585999726267943,-1.0,-0.03620078280243124,171.0,0.01585999726267943,0.03620078280243124,-0.14745254408276975,1.7352430414484876,0.0,1.0,405,False,53.08781728511131,,False,True,,,,,sum_of_two_90pct_reference_radii_KBO_coverage_unknown,withheld_bridge_extrapolation,False,False,withheld_estimate
2024,67419,문용익,Right,-59.3767088488498,166.79583790445577,0.045969341979671105,-1.0,-0.020345890032088705,178.0,-0.045969341979671105,0.020345890032088705,0.5877846852591938,1.6301426146873728,0.0,0.0,377,True,36.85624921580621,36.85624921580621,False,False,2.231163595390875,11.99713185164767,,,sum_of_two_90pct_reference_radii_KBO_coverage_unknown,estimated_KBO_angle_unvalidated,False,False,unavailable_unseen_stadium_bias
2024,67421,최지광,Right,-60.95225774784819,168.05250849006063,0.03979238637346177,-1.0,0.0003783724036766767,173.0,-0.03979238637346177,-0.0003783724036766767,0.606207768241522,1.6270693636068083,0.0,0.0,675,True,38.961802236539455,38.961802236539455,False,False,2.231163595390875,11.99713185164767,,,sum_of_two_90pct_reference_radii_KBO_coverage_unknown,estimated_KBO_angle_unvalidated,False,False,unavailable_unseen_stadium_bias
2024,67539,나균안,Right,-36.58744284445526,180.38525655809002,0.031021054572667305,-1.0,-0.0211304094262206,186.0,-0.031021054572667305,0.0211304094262206,0.37222688098910645,1.7580806934164999,0.0,0.0,1490,True,43.452878339405245,43.452878339405245,False,False,2.231163595390875,11.99713185164767,,,sum_of_two_90pct_reference_radii_KBO_coverage_unknown,estimated_KBO_angle_unvalidated,False,False,unavailable_unseen_stadium_bias
2024,67588,윤성빈,Right,-64.3297028561017,179.06948126620816,0.06207413320362069,-1.0,-0.03139675611241144,197.0,-0.06207413320362069,0.03139675611241144,0.6381191825304556,1.7551531853319688,0.0,0.0,35,False,34.75267002892751,,False,False,,,,,sum_of_two_90pct_reference_radii_KBO_coverage_unknown,withheld_small_sample,False,False,withheld_estimate
2024,67640,유승철,Right,-40.587534868940814,189.60103444155092,0.032916482686182656,-1.0,-0.028626362787742294,184.0,-0.032916482686182656,0.028626362787742294,0.40863642302814057,1.8453429537277697,0.0,0.0,101,True,49.22511298469584,49.22511298469584,False,False,2.231163595390875,11.99713185164767,,,sum_of_two_90pct_reference_radii_KBO_coverage_unknown,estimated_KBO_angle_unvalidated,False,False,unavailable_unseen_stadium_bias
2024,67703,박상원,Right,-55.663083026263635,183.0168054842697,0.0425556357308248,-1.0,-0.02427580284802974,187.0,-0.0425556357308248,0.02427580284802974,0.553653423651248,1.7832028324420017,0.0,0.0,1096,True,42.2644414438465,42.2644414438465,False,False,2.231163595390875,11.99713185164767,,,sum_of_two_90pct_reference_radii_KBO_coverage_unknown,estimated_KBO_angle_unvalidated,False,False,unavailable_unseen_stadium_bias
2024,67828,김성민,Left,66.45881162263586,154.4661672587242,-0.05893558953660889,-1.0,0.003880408042901448,181.0,0.05893558953660889,-0.003880408042901448,-0.6625554331445558,1.5046102800473182,0.0,0.0,721,False,27.213868328370594,27.213868328370594,False,False,2.231163595390875,11.99713185164767,12.98557288133205,41.44216377540914,sum_of_two_90pct_reference_radii_KBO_coverage_unknown,estimated_KBO_angle_unvalidated,False,False,reference_only_KBO_angle_unvalidated
2024,67954,김진호,Right,-55.707763950633975,164.71406135553084,0.05569003435434839,-1.0,-0.017436167044433466,183.0,-0.05569003435434839,0.017436167044433466,0.5561052690519278,1.6118482079715244,0.0,0.0,52,True,33.70055634987605,,False,False,,,,,sum_of_two_90pct_reference_radii_KBO_coverage_unknown,withheld_small_sample,False,False,withheld_estimate
2024,67956,김태현,Left,63.31996102204431,186.91775144147064,-0.05671327398708115,-1.0,-0.03225813373386777,188.0,0.05671327398708115,0.03225813373386777,-0.6265547881585299,1.823670112303331,0.0,0.0,187,False,43.82985507001434,43.82985507001434,False,False,2.231163595390875,11.99713185164767,29.601559622975795,58.05815051705288,sum_of_two_90pct_reference_radii_KBO_coverage_unknown,estimated_KBO_angle_unvalidated,False,False,reference_only_KBO_angle_unvalidated
2024,67962,소이현,Right,-47.399701669267436,176.07941282485558,0.03475095307010352,-1.0,-0.03174486509920408,185.0,-0.03475095307010352,0.03174486509920408,0.47176250959910143,1.7242919824391207,0.0,0.0,64,False,40.65623928756431,,False,False,,,,,sum_of_two_90pct_reference_radii_KBO_coverage_unknown,withheld_small_sample,False,False,withheld_estimate
2024,68036,최이준,Right,-44.1192286318301,180.36433342775223,0.035322609470053265,-1.0,-0.021391817590621923,182.0,-0.035322609470053265,0.021391817590621923,0.44329399811793585,1.7562166450211125,0.0,0.0,483,True,44.40407654977793,44.40407654977793,False,False,2.231163595390875,11.99713185164767,,,sum_of_two_90pct_reference_radii_KBO_coverage_unknown,estimated_KBO_angle_unvalidated,False,False,unavailable_unseen_stadium_bias
2024,68043,김민,Right,-57.04257689032938,179.11311127610426,0.04238724130088508,-1.0,-0.020991818956022878,185.0,-0.04238724130088508,0.020991818956022878,0.566916332011905,1.7449600704828832,0.0,0.0,1214,True,40.76538525918818,40.76538525918818,False,False,2.231163595390875,11.99713185164767,,,sum_of_two_90pct_reference_radii_KBO_coverage_unknown,estimated_KBO_angle_unvalidated,False,False,unavailable_unseen_stadium_bias
2024,68092,한두솔,Left,22.83080721103842,180.61747667548704,-0.016689890427607098,-1.0,-0.02301499397456386,177.0,0.016689890427607098,0.02301499397456386,-0.23817885870423813,1.7586647569685099,0.0,0.0,1070,True,50.364725070858825,50.364725070858825,False,False,2.231163595390875,11.99713185164767,,,sum_of_two_90pct_reference_radii_KBO_coverage_unknown,estimated_KBO_angle_unvalidated,False,False,unavailable_unseen_stadium_bias
2024,68097,박주현,Left,46.72015060082427,173.5142295748165,-0.04231239047216586,-1.0,-0.019413219209906983,184.0,0.04231239047216586,0.019413219209906983,-0.46935202142491045,1.6935514320380982,0.0,0.0,51,False,40.01621387046756,,False,False,,,,,sum_of_two_90pct_reference_radii_KBO_coverage_unknown,withheld_small_sample,False,False,withheld_estimate
2024,68130,김영준,Right,-20.28486697054359,185.93768773311746,0.016104858483522767,-1.0,-0.017662350653070466,185.0,-0.016104858483522767,0.017662350653070466,0.21703348046272036,1.8067980702263076,0.0,0.0,325,False,48.80115289259435,48.80115289259435,False,False,2.231163595390875,11.99713185164767,34.57285744555581,63.02944833963289,sum_of_two_90pct_reference_radii_KBO_coverage_unknown,estimated_KBO_angle_unvalidated,False,False,reference_only_KBO_angle_unvalidated
2024,68159,성동현,Right,-29.691500963571986,185.98782308840626,0.024538425729762905,-1.0,-0.03903971353975656,189.0,-0.024538425729762905,0.03903971353975656,0.3023929909405984,1.821048988974467,0.0,0.0,36,False,46.639478518409284,,False,False,,,,,sum_of_two_90pct_reference_radii_KBO_coverage_unknown,withheld_small_sample,False,False,withheld_estimate
2024,68200,김민규,Right,-49.33958935374258,166.5839366265487,0.04040609501214014,-1.0,-0.005531629758434039,183.0,-0.04040609501214014,0.005531629758434039,0.49670635046453926,1.6216817180146155,0.0,0.0,452,False,35.05661593217678,35.05661593217678,False,False,2.231163595390875,11.99713185164767,20.82832048513824,49.28491137921533,sum_of_two_90pct_reference_radii_KBO_coverage_unknown,estimated_KBO_angle_unvalidated,False,False,reference_only_KBO_angle_unvalidated
2024,68220,곽빈,Right,-41.76714467191388,186.3384756972171,0.03055313151589991,-1.0,-0.016674538637796717,187.0,-0.03055313151589991,0.016674538637796717,0.42271109497225884,1.809456081129403,0.0,0.0,2892,True,45.41351023459092,45.41351023459092,False,False,2.231163595390875,11.99713185164767,,,sum_of_two_90pct_reference_radii_KBO_coverage_unknown,estimated_KBO_angle_unvalidated,False,False,unavailable_unseen_stadium_bias
2024,68242,정철원,Right,-13.682539013787167,194.4760226983215,0.015157443583130622,-1.0,-0.03344916987761171,192.0,-0.015157443583130622,0.03344916987761171,0.15221474947023209,1.8967431084166753,0.0,0.0,633,True,51.55698588095953,51.55698588095953,False,False,2.231163595390875,11.99713185164767,,,sum_of_two_90pct_reference_radii_KBO_coverage_unknown,estimated_KBO_angle_unvalidated,False,False,unavailable_unseen_stadium_bias
2024,68249,박신지,Right,-70.67290345512949,181.20736635617092,0.06069945476125625,-1.0,-0.019401175565330733,185.0,-0.06069945476125625,0.019401175565330733,0.6990190816146017,1.7626307962535275,0.0,0.0,161,False,40.34682629493951,40.34682629493951,False,False,2.231163595390875,11.99713185164767,26.118530847900967,54.57512174197805,sum_of_two_90pct_reference_radii_KBO_coverage_unknown,estimated_KBO_angle_unvalidated,False,False,reference_only_KBO_angle_unvalidated
2024,68260,현도훈,Right,-42.71896425215275,168.07734892369606,0.03298501066458203,-1.0,-0.01765753834154158,188.0,-0.03298501066458203,0.01765753834154158,0.43085730941104927,1.6445205352708654,0.0,0.0,193,False,34.993358000878665,34.993358000878665,False,False,2.231163595390875,11.99713185164767,20.76506255384012,49.221653447917205,sum_of_two_90pct_reference_radii_KBO_coverage_unknown,estimated_KBO_angle_unvalidated,False,False,reference_only_KBO_angle_unvalidated
2024,68269,김호준,Left,45.462844126691635,180.34109485479257,-0.030123739297553367,-1.0,-0.01967564840604478,180.0,0.030123739297553367,0.01967564840604478,-0.45526541139300764,1.7540021957214398,0.0,0.0,237,True,45.706765462754255,45.706765462754255,False,False,2.231163595390875,11.99713185164767,,,sum_of_two_90pct_reference_radii_KBO_coverage_unknown,estimated_KBO_angle_unvalidated,False,False,unavailable_unseen_stadium_bias
2024,68403,김무신,Right,-29.551029166116777,190.11046804733363,0.02773024718916801,-1.0,-0.02609882576207366,183.0,-0.02773024718916801,0.02609882576207366,0.30414267724673416,1.8487421410956217,0.0,0.0,105,True,51.171926913229626,51.171926913229626,False,False,2.231163595390875,11.99713185164767,,,sum_of_two_90pct_reference_radii_KBO_coverage_unknown,estimated_KBO_angle_unvalidated,False,False,unavailable_unseen_stadium_bias
2024,68419,최지명,Left,62.987913623728595,185.49066121354878,-0.04337195391136824,-1.0,-0.01703140810404767,186.0,0.04337195391136824,0.01703140810404767,-0.6247588090103371,1.8004777610509741,0.0,0.0,358,True,43.42678621104053,43.42678621104053,False,False,2.231163595390875,11.99713185164767,,,sum_of_two_90pct_reference_radii_KBO_coverage_unknown,estimated_KBO_angle_unvalidated,False,False,unavailable_unseen_stadium_bias
2024,68501,최하늘,Right,-67.23174752468279,159.49421497530085,0.06765482218791945,-1.0,0.0008991148574159703,190.0,-0.06765482218791945,-0.0008991148574159703,0.6722424157195148,1.5554898053009074,0.0,0.0,579,True,25.557580963144805,25.557580963144805,False,False,2.231163595390875,11.99713185164767,,,sum_of_two_90pct_reference_radii_KBO_coverage_unknown,estimated_KBO_angle_unvalidated,False,False,unavailable_unseen_stadium_bias
2024,68585,김도규,Right,-19.641074973604038,203.37319590909235,0.02181727624158203,-1.0,-0.03405759626818917,192.0,-0.02181727624158203,0.03405759626818917,0.20991664130458146,1.9777114006890095,0.0,0.0,92,False,55.46891007151471,,False,False,,,,,sum_of_two_90pct_reference_radii_KBO_coverage_unknown,withheld_small_sample,False,False,withheld_estimate
2024,68619,윤중현,Right,-90.42590257042511,118.13341210468288,0.07130396992193079,-1.0,0.027877050116106042,180.0,-0.07130396992193079,-0.027877050116106042,0.8944272763950546,1.1584933942398798,0.0,0.0,239,True,2.0550452899590326,2.0550452899590326,False,False,2.231163595390875,11.99713185164767,,,sum_of_two_90pct_reference_radii_KBO_coverage_unknown,estimated_KBO_angle_unvalidated,False,False,unavailable_unseen_stadium_bias
2024,68830,김정우,Right,-75.12383252205471,168.0228519384486,0.07259132033934572,-1.0,-0.033539635453463765,183.0,-0.07259132033934572,0.033539635453463765,0.7381886266897303,1.6506697269993227,0.0,0.0,11,False,33.92070078280359,,False,False,,,,,sum_of_two_90pct_reference_radii_KBO_coverage_unknown,withheld_small_sample,False,False,withheld_estimate
2024,68856,최민준,Right,-21.06741141103079,175.86845874855874,0.019932759611480787,-1.0,-0.014352703063777289,178.0,-0.019932759611480787,0.014352703063777289,0.2241094440854476,1.7109299977801309,0.0,0.0,774,True,46.3441156844762,46.3441156844762,False,False,2.231163595390875,11.99713185164767,,,sum_of_two_90pct_reference_radii_KBO_coverage_unknown,estimated_KBO_angle_unvalidated,False,False,unavailable_unseen_stadium_bias
2024,68896,이채호,Right,-68.62004319262745,86.6591743037767,0.055374761975329805,-1.0,0.056151503350742704,185.0,-0.055374761975329805,-0.056151503350742704,0.6920810644365372,0.8585097070473926,0.0,0.0,151,False,-15.316630760211929,-15.316630760211929,False,False,2.231163595390875,11.99713185164767,-29.544926207250473,-1.0883353131733848,sum_of_two_90pct_reference_radii_KBO_coverage_unknown,estimated_KBO_angle_unvalidated,False,False,reference_only_KBO_angle_unvalidated
2024,68900,김영규,Left,70.98744700471157,187.2531256186573,-0.05448971767287292,-1.0,-0.02935204285775811,188.0,0.05448971767287292,0.02935204285775811,-0.6993414174150613,1.8243454252914664,0.0,0.0,734,True,42.961501779997356,42.961501779997356,False,False,2.231163595390875,11.99713185164767,,,sum_of_two_90pct_reference_radii_KBO_coverage_unknown,estimated_KBO_angle_unvalidated,False,False,unavailable_unseen_stadium_bias
2024,68902,신민혁,Right,-6.3485420151374115,176.37924249703764,0.0166273402672624,-1.0,-0.011216665752151267,184.0,-0.0166273402672624,0.011216665752151267,0.0864370951782617,1.7167914984455492,0.0,0.0,2003,True,45.7749112375426,45.7749112375426,False,False,2.231163595390875,11.99713185164767,,,sum_of_two_90pct_reference_radii_KBO_coverage_unknown,estimated_KBO_angle_unvalidated,False,False,unavailable_unseen_stadium_bias
2024,68928,김시훈,Right,-45.125809009942266,189.48900098334997,0.03484135675596638,-1.0,-0.02113854176508308,188.0,-0.03484135675596638,0.02113854176508308,0.4543207400664225,1.8409953756557558,0.0,0.0,1887,True,46.43031702982172,46.43031702982172,False,False,2.231163595390875,11.99713185164767,,,sum_of_two_90pct_reference_radii_KBO_coverage_unknown,estimated_KBO_angle_unvalidated,False,False,unavailable_unseen_stadium_bias
2024,69032,쿠에바스,Right,-54.98577297236244,169.933604249353,0.03475174221980738,-1.0,-0.01870789758478862,188.0,-0.03475174221980738,0.01870789758478862,0.546784029719699,1.6611722519220153,0.0,0.0,2857,True,34.4819276620866,34.4819276620866,False,False,2.231163595390875,11.99713185164767,,,sum_of_two_90pct_reference_radii_KBO_coverage_unknown,estimated_KBO_angle_unvalidated,False,False,unavailable_unseen_stadium_bias
2024,69041,손동현,Right,-31.55464734279659,168.40004589757615,0.02541075643314152,-1.0,-0.020818931744297157,183.0,-0.02541075643314152,0.020818931744297157,0.3226781787149762,1.648139532203826,0.0,0.0,759,True,38.936197584204336,38.936197584204336,False,False,2.231163595390875,11.99713185164767,,,sum_of_two_90pct_reference_radii_KBO_coverage_unknown,estimated_KBO_angle_unvalidated,False,False,unavailable_unseen_stadium_bias
2024,69045,알칸타라,Right,-29.986148854157825,184.65507221610318,0.03151157733706635,-1.0,-0.02843385953094712,193.0,-0.03151157733706635,0.02843385953094712,0.30953207737680016,1.8042205985554,0.0,0.0,1043,True,43.69272618383208,43.69272618383208,False,False,2.231163595390875,11.99713185164767,,,sum_of_two_90pct_reference_radii_KBO_coverage_unknown,estimated_KBO_angle_unvalidated,False,False,unavailable_unseen_stadium_bias
2024,69047,전용주,Left,72.85314048247326,168.62599263277102,-0.05626085660421239,-1.0,-0.01670924348358128,188.0,0.05626085660421239,0.01670924348358128,-0.7192822408484233,1.6474896127272427,0.0,0.0,50,False,32.00710486023571,,False,False,,,,,sum_of_two_90pct_reference_radii_KBO_coverage_unknown,withheld_small_sample,False,False,withheld_estimate
2024,69054,이상동,Right,-44.42392371134543,184.52784237472665,0.034418089896239644,-1.0,-0.030087729325132533,181.0,-0.034418089896239644,0.030087729325132533,0.4439186506371858,1.7988351153624216,0.0,0.0,573,True,47.50084312098013,47.50084312098013,False,False,2.231163595390875,11.99713185164767,,,sum_of_two_90pct_reference_radii_KBO_coverage_unknown,estimated_KBO_angle_unvalidated,False,False,unavailable_unseen_stadium_bias
2024,69068,이선우,Right,-88.90986022698871,113.70702223911746,0.06304593321945552,-1.0,0.040896517820782796,186.0,-0.06304593321945552,-0.040896517820782796,0.8828047256275602,1.112465623764118,0.0,0.0,188,False,-3.015061578503655,-3.015061578503655,False,False,2.231163595390875,11.99713185164767,-17.2433570255422,11.21323386853489,sum_of_two_90pct_reference_radii_KBO_coverage_unknown,estimated_KBO_angle_unvalidated,False,False,reference_only_KBO_angle_unvalidated
2024,69103,켈리,Right,-37.079873785470745,202.60263112440495,0.029767474545850527,-1.0,-0.03271210663098362,191.0,-0.029767474545850527,0.03271210663098362,0.3759285637580978,1.9685348111114587,0.0,0.0,1813,True,53.43268707017624,53.43268707017624,False,False,2.231163595390875,11.99713185164767,,,sum_of_two_90pct_reference_radii_KBO_coverage_unknown,estimated_KBO_angle_unvalidated,False,False,unavailable_unseen_stadium_bias
2024,69108,이지강,Right,-29.47972962840621,169.78677933678685,0.02505398754983324,-1.0,-0.010366142517504418,183.0,-0.02505398754983324,0.010366142517504418,0.30577251082837814,1.654623097039216,0.0,0.0,972,True,39.55063317488785,39.55063317488785,False,False,2.231163595390875,11.99713185164767,,,sum_of_two_90pct_reference_radii_KBO_coverage_unknown,estimated_KBO_angle_unvalidated,False,False,unavailable_unseen_stadium_bias
2024,69113,임준형,Left,86.30053718510743,169.44577146293085,-0.06648670221708644,-1.0,-0.009923055698735011,180.0,0.06648670221708644,0.009923055698735011,-0.8483245576718095,1.6473864982040196,0.0,0.0,239,True,34.1390369502312,34.1390369502312,False,False,2.231163595390875,11.99713185164767,,,sum_of_two_90pct_reference_radii_KBO_coverage_unknown,estimated_KBO_angle_unvalidated,False,False,unavailable_unseen_stadium_bias
2024,69159,정우영,Right,-79.27352639455013,121.94562283327822,0.06627150510251809,-1.0,0.029415563344144482,193.0,-0.06627150510251809,-0.029415563344144482,0.7910795452378329,1.1974687591250226,0.0,0.0,393,True,0.9548438620889002,0.9548438620889002,False,False,2.231163595390875,11.99713185164767,,,sum_of_two_90pct_reference_radii_KBO_coverage_unknown,estimated_KBO_angle_unvalidated,False,False,unavailable_unseen_stadium_bias
2024,69168,이상영,Left,87.85020446232765,175.6703132487814,-0.06736982873573753,-1.0,-0.008247695634764261,193.0,0.06736982873573753,0.008247695634764261,-0.8660048108169005,1.7074575601157818,0.0,0.0,302,False,31.403162002137712,31.403162002137712,False,False,2.231163595390875,11.99713185164767,17.174866555099168,45.63145744917625,sum_of_two_90pct_reference_radii_KBO_coverage_unknown,estimated_KBO_angle_unvalidated,False,False,reference_only_KBO_angle_unvalidated
2024,69204,전루건,Right,-65.38906051921005,193.73346229451394,0.04648396783626223,-1.0,-0.033838413137680504,185.0,-0.04648396783626223,0.033838413137680504,0.6440059763440321,1.8849832857977287,0.0,0.0,174,True,48.52435292433048,48.52435292433048,False,False,2.231163595390875,11.99713185164767,,,sum_of_two_90pct_reference_radii_KBO_coverage_unknown,estimated_KBO_angle_unvalidated,False,False,unavailable_unseen_stadium_bias
2024,69205,이교훈,Left,72.11224091070659,173.64303816255966,-0.0597031715504914,-1.0,-0.010122218627067088,181.0,0.0597031715504914,0.010122218627067088,-0.7136858977749421,1.6868063625036054,0.0,0.0,653,True,37.77910864116975,37.77910864116975,False,False,2.231163595390875,11.99713185164767,,,sum_of_two_90pct_reference_radii_KBO_coverage_unknown,estimated_KBO_angle_unvalidated,False,False,unavailable_unseen_stadium_bias
2024,69343,요키시,Left,74.66784754078986,183.06787789182087,-0.06293478780461532,-1.0,-0.020077148458621703,188.0,0.06293478780461532,0.020077148458621703,-0.73751379708054,1.780781554717784,0.0,0.0,755,True,39.84811269328971,39.84811269328971,False,False,2.231163595390875,11.99713185164767,,,sum_of_two_90pct_reference_radii_KBO_coverage_unknown,estimated_KBO_angle_unvalidated,False,False,unavailable_unseen_stadium_bias
2024,69360,조영건,Right,-55.911373196557925,179.2103483838813,0.04183990403990818,-1.0,-0.025600562146071048,180.0,-0.04183990403990818,0.025600562146071048,0.5541806199148914,1.7468914872051986,0.0,0.0,697,False,43.53962043553781,43.53962043553781,False,False,2.231163595390875,11.99713185164767,29.31132498849927,57.76791588257636,sum_of_two_90pct_reference_radii_KBO_coverage_unknown,estimated_KBO_angle_unvalidated,False,False,reference_only_KBO_angle_unvalidated
2024,69367,김인범,Right,-63.19668133593946,171.238540963172,0.04041062255578818,-1.0,-0.010370428629567992,187.0,-0.04041062255578818,0.010370428629567992,0.6272252513770203,1.6672668220408895,0.0,0.0,1040,True,34.320036647350875,34.320036647350875,False,False,2.231163595390875,11.99713185164767,,,sum_of_two_90pct_reference_radii_KBO_coverage_unknown,estimated_KBO_angle_unvalidated,False,False,unavailable_unseen_stadium_bias
2024,69399,윤정현,Left,81.65015160266992,183.6591140099836,-0.0619616625137674,-1.0,-0.028300857176937665,186.0,0.0619616625137674,0.028300857176937665,-0.8008998765912426,1.7898210743868308,0.0,0.0,62,False,40.61404740291244,,False,False,,,,,sum_of_two_90pct_reference_radii_KBO_coverage_unknown,withheld_small_sample,False,False,withheld_estimate
2024,69446,원태인,Right,-45.366916594613905,178.0536426458144,0.037484460936470884,-1.0,-0.019390623318257524,183.0,-0.037484460936470884,0.019390623318257524,0.4559397931014525,1.7343623214448336,0.0,0.0,2677,True,42.42960266674064,42.42960266674064,False,False,2.231163595390875,11.99713185164767,,,sum_of_two_90pct_reference_radii_KBO_coverage_unknown,estimated_KBO_angle_unvalidated,False,False,unavailable_unseen_stadium_bias
2024,69516,김현수,Right,-40.901177329848046,179.1612035332508,0.03728040260782903,-1.0,-0.011986902087239664,185.0,-0.03728040260782903,0.011986902087239664,0.4160212227945484,1.7410234872808736,0.0,0.0,105,True,42.3582684404883,42.3582684404883,False,False,2.231163595390875,11.99713185164767,,,sum_of_two_90pct_reference_radii_KBO_coverage_unknown,estimated_KBO_angle_unvalidated,False,False,unavailable_unseen_stadium_bias
2024,69594,박진,Right,-8.912281562558555,185.65695291618442,0.01678987585674233,-1.0,-0.019180308841884892,182.0,-0.01678987585674233,0.019180308841884892,0.10889838674269571,1.8049449581300565,0.0,0.0,799,True,51.53246919658372,51.53246919658372,False,False,2.231163595390875,11.99713185164767,,,sum_of_two_90pct_reference_radii_KBO_coverage_unknown,estimated_KBO_angle_unvalidated,False,False,unavailable_unseen_stadium_bias
2024,69620,김기훈,Left,30.449541740030085,184.04101868645503,-0.030234889860087384,-1.0,-0.024509230527891616,184.0,0.030234889860087384,0.024509230527891616,-0.3132082942888447,1.7930253819506352,0.0,0.0,386,True,48.07215908051177,48.07215908051177,False,False,2.231163595390875,11.99713185164767,,,sum_of_two_90pct_reference_radii_KBO_coverage_unknown,estimated_KBO_angle_unvalidated,False,False,unavailable_unseen_stadium_bias
2024,69645,장유호,Right,-52.191780336216354,173.5036147487412,0.02322832423476057,-1.0,-0.004428597538687757,179.0,-0.02322832423476057,0.004428597538687757,0.5209753659998037,1.6816964270659611,0.0,0.0,284,True,40.37464907139686,40.37464907139686,False,False,2.231163595390875,11.99713185164767,,,sum_of_two_90pct_reference_radii_KBO_coverage_unknown,estimated_KBO_angle_unvalidated,False,False,unavailable_unseen_stadium_bias
2024,69745,김도현,Right,-61.77311029995344,177.7527241961963,0.04970203471408366,-1.0,-0.016692491915165808,183.0,-0.04970203471408366,0.016692491915165808,0.6134135056988695,1.729211573507902,0.0,0.0,1333,True,40.249805392302264,40.249805392302264,False,False,2.231163595390875,11.99713185164767,,,sum_of_two_90pct_reference_radii_KBO_coverage_unknown,estimated_KBO_angle_unvalidated,False,False,unavailable_unseen_stadium_bias
2024,69839,백승건,Left,50.884066809960395,173.7610688882785,-0.03136321096933625,-1.0,-0.021462868011129184,183.0,0.03136321096933625,0.021462868011129184,-0.5062594204515036,1.6960056699778638,0.0,0.0,203,True,40.11361995380375,40.11361995380375,False,False,2.231163595390875,11.99713185164767,,,sum_of_two_90pct_reference_radii_KBO_coverage_unknown,estimated_KBO_angle_unvalidated,False,False,unavailable_unseen_stadium_bias
2024,69962,송명기,Right,-84.30473836315468,151.08877075192208,0.06742622602206852,-1.0,-0.0037144290480275173,191.0,-0.06742622602206852,0.0037144290480275173,0.8318424579605368,1.480992793051695,0.0,0.0,694,True,18.492954195593885,18.492954195593885,False,False,2.231163595390875,11.99713185164767,,,sum_of_two_90pct_reference_radii_KBO_coverage_unknown,estimated_KBO_angle_unvalidated,False,False,unavailable_unseen_stadium_bias
2024,69969,전사민,Right,-52.65428566567747,193.52231971781916,0.047406450605191296,-1.0,-0.02762248971209418,194.0,-0.047406450605191296,0.02762248971209418,0.5269536537687295,1.8835006399978869,0.0,0.0,479,True,45.144141735792964,45.144141735792964,False,False,2.231163595390875,11.99713185164767,,,sum_of_two_90pct_reference_radii_KBO_coverage_unknown,estimated_KBO_angle_unvalidated,False,False,unavailable_unseen_stadium_bias
2024,69974,배민서,Right,-82.12620788781632,156.25842548211824,0.059139894434512674,-1.0,0.0010486411843890762,184.0,-0.059139894434512674,-0.0010486411843890762,0.810364704757192,1.5225117450789047,0.0,0.0,41,False,24.53299823329058,,False,False,,,,,sum_of_two_90pct_reference_radii_KBO_coverage_unknown,withheld_small_sample,False,False,withheld_estimate
2024,72523,고효준,Left,57.038643210974456,173.50871738378487,-0.03999698609526337,-1.0,-0.015466618268348982,179.0,0.03999698609526337,0.015466618268348982,-0.5665847398832482,1.6885365310561058,0.0,0.0,482,False,40.73619192152054,40.73619192152054,False,False,2.231163595390875,11.99713185164767,26.507896474482,54.96448736855909,sum_of_two_90pct_reference_radii_KBO_coverage_unknown,estimated_KBO_angle_unvalidated,False,False,reference_only_KBO_angle_unvalidated
2024,73117,우규민,Right,-107.85998212703913,107.05568947872533,0.07061432551607309,-1.0,0.04646544591049992,184.0,-0.07061432551607309,-0.04646544591049992,1.0635670379271358,1.0468623405069457,0.0,0.0,694,True,-9.060020276904503,-9.060020276904503,False,False,2.231163595390875,11.99713185164767,,,sum_of_two_90pct_reference_radii_KBO_coverage_unknown,estimated_KBO_angle_unvalidated,False,False,unavailable_unseen_stadium_bias
2024,73211,노경은,Right,-33.621051434871774,188.28220962304093,0.034699263468188565,-1.0,-0.02669246040102953,187.0,-0.034699263468188565,0.02669246040102953,0.3440485233876462,1.8338370139608913,0.0,0.0,1328,True,47.830535858147975,47.830535858147975,False,False,2.231163595390875,11.99713185164767,,,sum_of_two_90pct_reference_radii_KBO_coverage_unknown,estimated_KBO_angle_unvalidated,False,False,unavailable_unseen_stadium_bias
2024,73801,송은범,Right,-52.17401548990754,178.3815068011814,0.04420914320534269,-1.0,-0.020425907921130002,182.0,-0.04420914320534269,0.020425907921130002,0.5208594350954439,1.7373258622225891,0.0,0.0,114,False,42.32589218439123,42.32589218439123,False,False,2.231163595390875,11.99713185164767,28.097596737352685,56.55418763142977,sum_of_two_90pct_reference_radii_KBO_coverage_unknown,estimated_KBO_angle_unvalidated,False,False,reference_only_KBO_angle_unvalidated
2024,74857,정우람,Left,78.01055764667328,166.3923001066055,-0.0838633295248748,-1.0,-0.01322905417493618,181.0,0.0838633295248748,0.01322905417493618,-0.771951829309707,1.6231506188899698,0.0,0.0,4,False,33.08223899150763,,False,False,,,,,sum_of_two_90pct_reference_radii_KBO_coverage_unknown,withheld_small_sample,False,False,withheld_estimate
2024,75421,오승환,Right,-72.68624864483084,170.412421222125,0.057382800992257295,-1.0,-0.01634586678183802,178.0,-0.057382800992257295,0.01634586678183802,0.7164728298662054,1.6600006010364583,0.0,0.0,1000,True,37.277609189526395,37.277609189526395,False,False,2.231163595390875,11.99713185164767,,,sum_of_two_90pct_reference_radii_KBO_coverage_unknown,estimated_KBO_angle_unvalidated,False,False,unavailable_unseen_stadium_bias
2024,75867,김진성,Right,1.3247980713570244,204.13547369562943,0.012502151587741758,-1.0,-0.03392132269053498,186.0,-0.012502151587741758,0.03392132269053498,0.00963815778548434,1.9836557616314958,0.0,0.15743183817062445,1137,True,61.252933287206446,61.252933287206446,False,False,2.231163595390875,11.99713185164767,,,sum_of_two_90pct_reference_radii_KBO_coverage_unknown,estimated_KBO_angle_unvalidated,False,False,unavailable_unseen_stadium_bias
2024,76118,원종현,Right,-49.48525492896315,154.15279655445033,0.03645452880983466,-1.0,-0.001163681401807244,182.0,-0.03645452880983466,0.001163681401807244,0.4976289346258681,1.505647649432846,0.0,0.0,58,False,28.41611483271026,,False,False,,,,,sum_of_two_90pct_reference_radii_KBO_coverage_unknown,withheld_small_sample,False,False,withheld_estimate
2024,76225,김건국,Right,-19.24375376332965,187.9928857804928,0.021314821589669762,-1.0,-0.023513107429040572,183.0,-0.021314821589669762,0.023513107429040572,0.20635101559534919,1.82850383487524,0.0,0.0,589,True,51.17804980454441,51.17804980454441,False,False,2.231163595390875,11.99713185164767,,,sum_of_two_90pct_reference_radii_KBO_coverage_unknown,estimated_KBO_angle_unvalidated,False,False,unavailable_unseen_stadium_bias
2024,76650,진해수,Left,48.76055014762953,193.9441715527916,-0.03679890998041613,-1.0,-0.017722740065156423,187.0,0.03679890998041613,0.017722740065156423,-0.4899246265213292,1.8788663687649712,0.0,0.0,471,True,49.3475130951811,49.3475130951811,False,False,2.231163595390875,11.99713185164767,,,sum_of_two_90pct_reference_radii_KBO_coverage_unknown,estimated_KBO_angle_unvalidated,False,False,unavailable_unseen_stadium_bias
2024,76715,류현진,Left,66.39243737879809,183.9101493835424,-0.055138761250204435,-1.0,-0.013112862866758612,190.0,0.055138761250204435,0.013112862866758612,-0.6603021030332741,1.7853278676978106,0.0,0.0,2496,True,40.14332296458162,40.14332296458162,False,False,2.231163595390875,11.99713185164767,,,sum_of_two_90pct_reference_radii_KBO_coverage_unknown,estimated_KBO_angle_unvalidated,False,False,unavailable_unseen_stadium_bias
2024,77211,이용찬,Right,-68.38681476604553,173.45479668902698,0.059890380546909205,-1.0,-0.01374562612191296,185.0,-0.059890380546909205,0.01374562612191296,0.6782628130800944,1.688961995189128,0.0,0.0,1042,True,36.013107375111744,36.013107375111744,False,False,2.231163595390875,11.99713185164767,,,sum_of_two_90pct_reference_radii_KBO_coverage_unknown,estimated_KBO_angle_unvalidated,False,False,unavailable_unseen_stadium_bias
2024,77263,김강률,Right,-19.272669605101655,187.448716049716,0.016306025932210432,-1.0,-0.021247567768564835,187.0,-0.016306025932210432,0.021247567768564835,0.20701774660032027,1.82345980537432,0.0,0.0,768,True,48.95908493405163,48.95908493405163,False,False,2.231163595390875,11.99713185164767,,,sum_of_two_90pct_reference_radii_KBO_coverage_unknown,estimated_KBO_angle_unvalidated,False,False,unavailable_unseen_stadium_bias
2024,77318,장시환,Right,-48.28287425946097,180.9329383902436,0.03062235710148227,-1.0,-0.014787305669035538,184.0,-0.03062235710148227,0.014787305669035538,0.483888137907694,1.757683372988501,0.0,0.0,611,True,43.020844033320074,43.020844033320074,False,False,2.231163595390875,11.99713185164767,,,sum_of_two_90pct_reference_radii_KBO_coverage_unknown,estimated_KBO_angle_unvalidated,False,False,unavailable_unseen_stadium_bias
2024,77446,백정현,Left,51.34504150959885,177.8887985030826,-0.036061672397444476,-1.0,-0.02113961687655328,184.0,0.036061672397444476,0.02113961687655328,-0.5118552192789326,1.7337829911030636,0.0,0.0,1288,True,41.83965374909438,41.83965374909438,False,False,2.231163595390875,11.99713185164767,,,sum_of_two_90pct_reference_radii_KBO_coverage_unknown,estimated_KBO_angle_unvalidated,False,False,unavailable_unseen_stadium_bias
2024,77637,양현종,Left,62.585484341385865,186.3767270863897,-0.047040259476706474,-1.0,-0.02653443585210142,183.0,0.047040259476706474,0.02653443585210142,-0.6187006534375566,1.8132964948058883,0.0,0.0,2616,True,45.75587997903249,45.75587997903249,False,False,2.231163595390875,11.99713185164767,,,sum_of_two_90pct_reference_radii_KBO_coverage_unknown,estimated_KBO_angle_unvalidated,False,False,unavailable_unseen_stadium_bias
2024,77829,김광현,Left,43.44956648885029,178.94045435190156,-0.025119891754203597,-1.0,-0.014312050945719709,188.0,0.025119891754203597,0.014312050945719709,-0.43803333655260734,1.7408930696734732,0.0,0.0,2756,True,41.435389139388235,41.435389139388235,False,False,2.231163595390875,11.99713185164767,,,sum_of_two_90pct_reference_radii_KBO_coverage_unknown,estimated_KBO_angle_unvalidated,False,False,unavailable_unseen_stadium_bias
2024,77927,장필준,Right,-59.17245848324113,190.9201305307701,0.03137559990983829,-1.0,-0.021933769040205203,190.0,-0.03137559990983829,0.021933769040205203,0.5865818250315784,1.8540423723243349,0.0,0.0,27,False,44.67663909164074,,False,False,,,,,sum_of_two_90pct_reference_radii_KBO_coverage_unknown,withheld_small_sample,False,False,withheld_estimate
2024,78148,정찬헌,Right,-25.92552367899373,181.17653914947434,0.014850501136396448,-1.0,-0.0037418670282999126,186.0,-0.014850501136396448,0.0037418670282999126,0.27347895567939806,1.755120053270662,0.0,0.0,183,False,44.550664228897354,44.550664228897354,False,False,2.231163595390875,11.99713185164767,30.32236878185881,58.778959675935894,sum_of_two_90pct_reference_radii_KBO_coverage_unknown,estimated_KBO_angle_unvalidated,False,False,reference_only_KBO_angle_unvalidated
2024,78352,임창민,Right,-66.82786226622574,182.31998934915865,0.05250626886776964,-1.0,-0.024327384504045167,183.0,-0.05250626886776964,0.024327384504045167,0.6599214114356969,1.7749910023947928,0.0,0.0,1030,True,42.57274603987071,42.57274603987071,False,False,2.231163595390875,11.99713185164767,,,sum_of_two_90pct_reference_radii_KBO_coverage_unknown,estimated_KBO_angle_unvalidated,False,False,unavailable_unseen_stadium_bias
2024,78517,하준호,Left,21.99182339654006,167.17729759557986,-0.026435252991034386,-1.0,-0.015820549814796636,174.0,0.026435252991034386,0.015820549814796636,-0.2323063738729248,1.6315798913507134,0.0,0.0,40,False,44.26003575977928,,False,False,,,,,sum_of_two_90pct_reference_radii_KBO_coverage_unknown,withheld_small_sample,False,False,withheld_estimate
2024,79140,최동환,Right,-38.89466112668075,189.64172031275726,0.029610054806359434,-1.0,-0.02697496797982018,184.0,-0.029610054806359434,0.02697496797982018,0.3925537258768283,1.844741000557321,0.0,0.0,392,True,49.37769774794593,49.37769774794593,False,False,2.231163595390875,11.99713185164767,,,sum_of_two_90pct_reference_radii_KBO_coverage_unknown,estimated_KBO_angle_unvalidated,False,False,unavailable_unseen_stadium_bias
2024,79764,장민재,Right,-52.66204848438048,181.37702827777414,0.03939540418702832,-1.0,-0.016137120416328015,184.0,-0.03939540418702832,0.016137120416328015,0.5263015748794335,1.7624896815258284,0.0,0.0,508,True,42.810751660732954,42.810751660732954,False,False,2.231163595390875,11.99713185164767,,,sum_of_two_90pct_reference_radii_KBO_coverage_unknown,estimated_KBO_angle_unvalidated,False,False,unavailable_unseen_stadium_bias
2025,50030,소형준,Right,-45.48046280395421,173.04860097247249,0.036223562861833605,-1.0,-0.013212167161784569,189.0,-0.036223562861833605,0.013212167161784569,0.45903693595260364,1.687278810454751,0.0,0.0,2209,True,36.71185836194988,36.71185836194988,False,False,2.231163595390875,11.99713185164767,,,sum_of_two_90pct_reference_radii_KBO_coverage_unknown,estimated_KBO_angle_unvalidated,True,False,unavailable_unseen_stadium_bias
2025,50036,이강준,Right,-95.23378721210537,147.89097791774444,0.07175571905598302,-1.0,0.0008446057284748132,180.0,-0.07175571905598302,-0.0008446057284748132,0.9348787149740818,1.4446539832379905,0.0,0.0,492,True,19.96789974840269,19.96789974840269,False,False,2.231163595390875,11.99713185164767,,,sum_of_two_90pct_reference_radii_KBO_coverage_unknown,estimated_KBO_angle_unvalidated,True,False,unavailable_unseen_stadium_bias
2025,50106,유영찬,Right,-55.44425608666467,178.95096358717987,0.046341384735669414,-1.0,-0.020018521243094948,185.0,-0.046341384735669414,0.020018521243094948,0.5526911735769344,1.743149866886011,0.0,0.0,672,True,40.82283574980211,40.82283574980211,False,False,2.231163595390875,11.99713185164767,,,sum_of_two_90pct_reference_radii_KBO_coverage_unknown,estimated_KBO_angle_unvalidated,True,False,unavailable_unseen_stadium_bias
2025,50206,최종인,Right,-48.17656876149764,184.64767862202257,0.027321822518394226,-1.0,-0.006350330434562789,185.0,-0.027321822518394226,0.006350330434562789,0.4848949093960398,1.786636548770369,0.0,0.0,46,False,44.274237766783266,,False,False,,,,,sum_of_two_90pct_reference_radii_KBO_coverage_unknown,withheld_small_sample,True,False,withheld_estimate
2025,50211,제환유,Right,-51.1799802327242,179.6853098820086,0.047324462066433905,-1.0,-0.008481115369030755,183.0,-0.047324462066433905,0.008481115369030755,0.5152418096088427,1.7425518847261416,0.0,0.0,304,False,42.21692112444345,42.21692112444345,False,False,2.231163595390875,11.99713185164767,27.988625677404908,56.44521657148199,sum_of_two_90pct_reference_radii_KBO_coverage_unknown,estimated_KBO_angle_unvalidated,True,False,reference_only_future_season_unvalidated
2025,50430,홍원표,Right,-51.55404858768573,172.2782537869933,0.03196905506509367,-1.0,0.0020476851434557053,183.0,-0.03196905506509367,-0.0020476851434557053,0.5185518099146058,1.668439802111719,0.0,0.0,40,True,37.638917331051644,,False,False,,,,,sum_of_two_90pct_reference_radii_KBO_coverage_unknown,withheld_small_sample,True,False,withheld_estimate
2025,50441,황동재,Right,-51.67604018515716,177.24033938363476,0.04735011909114366,-1.0,-0.01165004162734072,191.0,-0.04735011909114366,0.01165004162734072,0.5202645905815912,1.7250405964409623,0.0,0.0,403,True,37.24827136483761,37.24827136483761,False,False,2.231163595390875,11.99713185164767,,,sum_of_two_90pct_reference_radii_KBO_coverage_unknown,estimated_KBO_angle_unvalidated,True,False,unavailable_unseen_stadium_bias
2025,50464,이승민,Left,41.59170956553695,163.6253993009921,-0.0364405639091335,-1.0,-0.005557554296152657,174.0,0.0364405639091335,0.005557554296152657,-0.4212948678648954,1.5920653100205948,0.0,0.0,1062,True,39.13964263277883,39.13964263277883,False,False,2.231163595390875,11.99713185164767,,,sum_of_two_90pct_reference_radii_KBO_coverage_unknown,estimated_KBO_angle_unvalidated,True,False,unavailable_unseen_stadium_bias
2025,50556,최준용,Right,-83.01520991114384,166.7630903001455,0.05496063925733571,-1.0,-0.008056835252932189,185.0,-0.05496063925733571,0.008056835252932189,0.8166002667888159,1.6235403784577596,0.0,0.0,910,True,30.331064159119496,30.331064159119496,False,False,2.231163595390875,11.99713185164767,,,sum_of_two_90pct_reference_radii_KBO_coverage_unknown,estimated_KBO_angle_unvalidated,True,False,unavailable_unseen_stadium_bias
2025,50596,홍민기,Left,77.93318831389577,178.78049877105178,-0.04820022651747466,-1.0,-0.018013782345657155,185.0,0.04820022651747466,0.018013782345657155,-0.765777648838789,1.7388183860706306,0.0,0.0,513,True,38.39441440069426,38.39441440069426,False,False,2.231163595390875,11.99713185164767,,,sum_of_two_90pct_reference_radii_KBO_coverage_unknown,estimated_KBO_angle_unvalidated,True,False,unavailable_unseen_stadium_bias
2025,50604,유지성,Left,51.400854678204624,179.66533693628912,-0.030526071703233425,-1.0,-0.023126237235968922,189.0,0.030526071703233425,0.023126237235968922,-0.5119196370230156,1.752700610876601,0.0,0.0,10,False,40.64881341045066,,False,False,,,,,sum_of_two_90pct_reference_radii_KBO_coverage_unknown,withheld_small_sample,True,False,withheld_estimate
2025,50641,장재혁,Right,-40.06997009043944,179.61949397518686,0.03754346139775011,-1.0,-0.018942837889541764,180.0,-0.03754346139775011,0.018942837889541764,0.40567280332386924,1.74764347284557,0.0,0.0,63,True,45.32225265162028,,False,False,,,,,sum_of_two_90pct_reference_radii_KBO_coverage_unknown,withheld_small_sample,True,False,withheld_estimate
2025,50650,최용준,Right,-51.079364796690456,187.26080939791123,0.03935595499908391,-1.0,-0.03416855704071227,192.0,-0.03935595499908391,0.03416855704071227,0.508438686655297,1.8296805550169868,0.0,0.0,128,True,43.14811123173437,43.14811123173437,False,False,2.231163595390875,11.99713185164767,,,sum_of_two_90pct_reference_radii_KBO_coverage_unknown,estimated_KBO_angle_unvalidated,True,False,unavailable_unseen_stadium_bias
2025,50662,정해영,Right,-53.24572916840277,200.963194482003,0.033905679626437216,-1.0,-0.0365190194042559,189.0,-0.033905679626437216,0.0365190194042559,0.5277978007690763,1.9541624229197414,0.0,0.0,1121,True,51.88540742468225,51.88540742468225,False,False,2.231163595390875,11.99713185164767,,,sum_of_two_90pct_reference_radii_KBO_coverage_unknown,estimated_KBO_angle_unvalidated,True,False,unavailable_unseen_stadium_bias
2025,50705,강재민,Right,-68.99074276438104,129.15206653751565,0.04091466837301101,-1.0,0.02958820201572284,180.0,-0.04091466837301101,-0.02958820201572284,0.6883885255738358,1.258146280181664,0.0,0.0,92,True,11.294900757800008,,False,False,,,,,sum_of_two_90pct_reference_radii_KBO_coverage_unknown,withheld_small_sample,True,False,withheld_estimate
2025,50711,김승일,Right,-85.40192651763702,110.66857042884321,0.0702476154239032,-1.0,0.029826946454253156,183.0,-0.0702476154239032,-0.029826946454253156,0.8473486916377413,1.0909121111815139,0.0,0.0,71,True,-2.7164004562391213,,False,False,,,,,sum_of_two_90pct_reference_radii_KBO_coverage_unknown,withheld_small_sample,True,False,withheld_estimate
2025,50812,박시후,Left,24.201187567529363,186.67838444345927,-0.0250652931524426,-1.0,-0.02369624078833145,182.0,0.0250652931524426,0.02369624078833145,-0.2534530017245595,1.8160766616788264,0.0,0.0,930,True,51.1877709082985,51.1877709082985,False,False,2.231163595390875,11.99713185164767,,,sum_of_two_90pct_reference_radii_KBO_coverage_unknown,estimated_KBO_angle_unvalidated,True,False,unavailable_unseen_stadium_bias
2025,50848,김성민,Right,-40.173215668897335,181.9885114748382,0.056319186227778165,-1.0,-0.03741664623524589,185.0,-0.056319186227778165,0.03741664623524589,0.4058887253647818,1.7825927787127573,0.0,0.0,22,False,44.98271376944024,,False,False,,,,,sum_of_two_90pct_reference_radii_KBO_coverage_unknown,withheld_small_sample,True,False,withheld_estimate
2025,50859,오원석,Left,80.2599129331169,176.46549320526069,-0.06990661945386334,-1.0,-0.024115428698668614,182.0,0.06990661945386334,0.024115428698668614,-0.7890023144289036,1.7209085637097885,0.0,0.0,2190,True,38.48100246680505,38.48100246680505,False,False,2.231163595390875,11.99713185164767,,,sum_of_two_90pct_reference_radii_KBO_coverage_unknown,estimated_KBO_angle_unvalidated,True,False,unavailable_unseen_stadium_bias
2025,50904,이종준,Right,-63.6177325052148,174.91256563384724,0.037948607569831955,-1.0,-0.014227858870525151,191.0,-0.037948607569831955,0.014227858870525151,0.6307061222653713,1.704259066549709,0.0,0.0,33,True,34.62437738425271,,False,False,,,,,sum_of_two_90pct_reference_radii_KBO_coverage_unknown,withheld_small_sample,True,False,withheld_estimate
2025,50992,김태경,Right,-16.692991438763446,194.28483895369433,0.009061667888046611,-1.0,-0.014812410601678538,188.0,-0.009061667888046611,0.014812410601678538,0.18373795300153453,1.8820188009077128,0.0,0.0,265,True,52.194348449732104,52.194348449732104,False,False,2.231163595390875,11.99713185164767,,,sum_of_two_90pct_reference_radii_KBO_coverage_unknown,estimated_KBO_angle_unvalidated,True,False,unavailable_unseen_stadium_bias
2025,51058,한차현,Right,-42.3008798610829,175.91784791357605,0.04281128956994573,-1.0,-0.02439268967025723,180.0,-0.04281128956994573,0.02439268967025723,0.4259537395023747,1.7172854252255718,0.0,0.0,40,True,43.219684379720356,,False,False,,,,,sum_of_two_90pct_reference_radii_KBO_coverage_unknown,withheld_small_sample,True,False,withheld_estimate
2025,51111,송승기,Left,17.117686653827032,190.42837119406275,-0.018052554172700918,-1.0,-0.030553098533723864,181.0,0.018052554172700918,0.030553098533723864,-0.18380717487099862,1.8541801859384943,0.0,0.0,2522,True,54.85325014842638,54.85325014842638,False,False,2.231163595390875,11.99713185164767,,,sum_of_two_90pct_reference_radii_KBO_coverage_unknown,estimated_KBO_angle_unvalidated,True,False,unavailable_unseen_stadium_bias
2025,51154,김진수,Right,-49.010578660659924,182.19736021091447,0.03177741575627614,-1.0,-0.015271113144856933,179.0,-0.03177741575627614,0.015271113144856933,0.490088980476665,1.7676691408204765,0.0,0.0,104,True,46.06851183981085,46.06851183981085,False,False,2.231163595390875,11.99713185164767,,,sum_of_two_90pct_reference_radii_KBO_coverage_unknown,estimated_KBO_angle_unvalidated,True,False,unavailable_unseen_stadium_bias
2025,51264,최승용,Left,62.28693713632199,190.03782310470433,-0.04930967964618307,-1.0,-0.023632207473221718,190.0,0.04930967964618307,0.023632207473221718,-0.6183361637337179,1.8473976272063768,0.0,0.0,1957,True,44.38559321837806,44.38559321837806,False,False,2.231163595390875,11.99713185164767,,,sum_of_two_90pct_reference_radii_KBO_coverage_unknown,estimated_KBO_angle_unvalidated,True,False,unavailable_unseen_stadium_bias
2025,51454,이승현,Left,71.57297348694375,191.8882321222437,-0.04391078933650912,-1.0,-0.016372391159457777,183.0,0.04391078933650912,0.016372391159457777,-0.705967301914684,1.8565257415671623,0.0,0.0,1840,True,47.365862594675704,47.365862594675704,False,False,2.231163595390875,11.99713185164767,,,sum_of_two_90pct_reference_radii_KBO_coverage_unknown,estimated_KBO_angle_unvalidated,True,False,unavailable_unseen_stadium_bias
2025,51460,이재희,Right,-38.62063308930801,179.4866305685413,0.03303159722422725,-1.0,-0.02187117562810065,187.0,-0.03303159722422725,0.02187117562810065,0.39165608633719273,1.7506320469417624,0.0,0.0,155,True,42.287432040622576,42.287432040622576,False,False,2.231163595390875,11.99713185164767,,,sum_of_two_90pct_reference_radii_KBO_coverage_unknown,estimated_KBO_angle_unvalidated,True,False,unavailable_unseen_stadium_bias
2025,51516,김진욱,Left,49.89794182276729,189.11030557863896,-0.033536563589445276,-1.0,-0.02433321828982329,185.0,0.033536563589445276,0.02433321828982329,-0.4978443409045616,1.8380109127185154,0.0,0.0,542,True,47.78541809849319,47.78541809849319,False,False,2.231163595390875,11.99713185164767,,,sum_of_two_90pct_reference_radii_KBO_coverage_unknown,estimated_KBO_angle_unvalidated,True,False,unavailable_unseen_stadium_bias
2025,51526,우강훈,Right,-75.45446025143937,136.44594645345185,0.07234796716186859,-1.0,0.010244478832652388,183.0,-0.07234796716186859,-0.010244478832652388,0.7504137937448417,1.3375905306555007,0.0,0.0,180,False,14.152880310611998,14.152880310611998,False,False,2.231163595390875,11.99713185164767,-0.07541513642654607,28.381175757650542,sum_of_two_90pct_reference_radii_KBO_coverage_unknown,estimated_KBO_angle_unvalidated,True,False,reference_only_future_season_unvalidated
2025,51546,정우준,Right,-68.83229558806897,149.06637431417465,0.054342377839307246,-1.0,0.008885927342173545,180.0,-0.054342377839307246,-0.008885927342173545,0.6850060786334599,1.4518853044929996,0.0,0.0,58,False,23.50534850591229,,False,False,,,,,sum_of_two_90pct_reference_radii_KBO_coverage_unknown,withheld_small_sample,True,False,withheld_estimate
2025,51594,송재영,Left,36.215225930734526,186.36849275137374,-0.023307560429373386,-1.0,-0.022477592221523183,181.0,0.023307560429373386,0.022477592221523183,-0.36671488199166463,1.8112423975655367,0.0,0.0,491,True,49.835766493425986,49.835766493425986,False,False,2.231163595390875,11.99713185164767,,,sum_of_two_90pct_reference_radii_KBO_coverage_unknown,estimated_KBO_angle_unvalidated,True,False,unavailable_unseen_stadium_bias
2025,51648,이의리,Left,59.62125271862389,186.3950771079505,-0.040203166755336764,-1.0,-0.0296377095289429,185.0,0.040203166755336764,0.0296377095289429,-0.5891728224229494,1.8160244427107557,0.0,0.0,784,True,45.30205795723778,45.30205795723778,False,False,2.231163595390875,11.99713185164767,,,sum_of_two_90pct_reference_radii_KBO_coverage_unknown,estimated_KBO_angle_unvalidated,True,False,unavailable_unseen_stadium_bias
2025,51715,김기중,Left,47.973225850720866,189.04438445901474,-0.0330754420958389,-1.0,-0.010164297566399432,186.0,0.0330754420958389,0.010164297566399432,-0.4833538673244728,1.8294153887176428,0.0,0.0,259,True,46.97884532584802,46.97884532584802,False,False,2.231163595390875,11.99713185164767,,,sum_of_two_90pct_reference_radii_KBO_coverage_unknown,estimated_KBO_angle_unvalidated,True,False,unavailable_unseen_stadium_bias
2025,51867,김건우,Left,64.88393617501904,188.39281704480746,-0.05321855582380828,-1.0,-0.03739311099743426,186.0,0.05321855582380828,0.03739311099743426,-0.6392314353775308,1.8392047813089256,0.0,0.0,1238,True,45.58769205757213,45.58769205757213,False,False,2.231163595390875,11.99713185164767,,,sum_of_two_90pct_reference_radii_KBO_coverage_unknown,estimated_KBO_angle_unvalidated,True,False,unavailable_unseen_stadium_bias
2025,51897,조병현,Right,-33.83026016276022,199.8335019765866,0.03268244806929554,-1.0,-0.043966192213893314,182.0,-0.03268244806929554,0.043966192213893314,0.341233313358851,1.9472512397553572,0.0,0.0,1088,True,57.17632559644653,57.17632559644653,False,False,2.231163595390875,11.99713185164767,,,sum_of_two_90pct_reference_radii_KBO_coverage_unknown,estimated_KBO_angle_unvalidated,True,False,unavailable_unseen_stadium_bias
2025,51994,한재승,Right,-22.719069639741825,182.61900067498163,0.016541572968872605,-1.0,-0.023747586715757926,180.0,-0.016541572968872605,0.023747586715757926,0.23752373457664386,1.778353224916368,0.0,0.0,687,True,49.25504861174479,49.25504861174479,False,False,2.231163595390875,11.99713185164767,,,sum_of_two_90pct_reference_radii_KBO_coverage_unknown,estimated_KBO_angle_unvalidated,True,False,unavailable_unseen_stadium_bias
2025,52060,박영현,Right,-41.762188666487,168.38234872138798,0.029852029510226988,-1.0,-0.029282726425345795,183.0,-0.029852029510226988,0.029282726425345795,0.4175917939880176,1.6524406168482655,0.0,0.0,1218,True,37.94331350072967,37.94331350072967,False,False,2.231163595390875,11.99713185164767,,,sum_of_two_90pct_reference_radii_KBO_coverage_unknown,estimated_KBO_angle_unvalidated,True,False,unavailable_unseen_stadium_bias
2025,52202,윤태호,Right,-38.49221744312697,190.1826233625997,0.02997008232476672,-1.0,-0.03321388283675509,190.0,-0.02997008232476672,0.03321388283675509,0.3882316131229621,1.8555576016515527,0.0,0.0,287,True,47.1156723842815,47.1156723842815,False,False,2.231163595390875,11.99713185164767,,,sum_of_two_90pct_reference_radii_KBO_coverage_unknown,estimated_KBO_angle_unvalidated,True,False,unavailable_unseen_stadium_bias
2025,52204,이병헌,Left,62.7945815275079,176.57773491722617,-0.041322874449861054,-1.0,-0.019677948013343678,183.0,0.041322874449861054,0.019677948013343678,-0.6208989738497556,1.7199774364288178,0.0,0.0,210,False,40.038768357126806,40.038768357126806,False,False,2.231163595390875,11.99713185164767,25.81047291008826,54.267063804165346,sum_of_two_90pct_reference_radii_KBO_coverage_unknown,estimated_KBO_angle_unvalidated,True,False,reference_only_future_season_unvalidated
2025,52206,최지강,Right,-51.03984462974851,158.17999298951898,0.03799874687081679,-1.0,-0.007476093138452889,180.0,-0.03799874687081679,0.007476093138452889,0.5108749098962064,1.54523501205053,0.0,0.0,582,True,31.575950649785835,31.575950649785835,False,False,2.231163595390875,11.99713185164767,,,sum_of_two_90pct_reference_radii_KBO_coverage_unknown,estimated_KBO_angle_unvalidated,True,False,unavailable_unseen_stadium_bias
2025,52330,주승우,Right,-28.5605725790835,180.4513589516981,0.02896649169869099,-1.0,-0.0283930271347373,180.0,-0.02896649169869099,0.0283930271347373,0.29332117353973025,1.7614173772832795,0.0,0.0,713,True,47.53654281239144,47.53654281239144,False,False,2.231163595390875,11.99713185164767,,,sum_of_two_90pct_reference_radii_KBO_coverage_unknown,estimated_KBO_angle_unvalidated,True,False,unavailable_unseen_stadium_bias
2025,52395,윤석원,Left,45.504644436966444,189.54695397565294,-0.034268662443308465,-1.0,-0.02919401790708066,185.0,0.034268662443308465,0.02919401790708066,-0.4552818723322521,1.8452306051372194,0.0,0.0,623,True,48.766344069676414,48.766344069676414,False,False,2.231163595390875,11.99713185164767,,,sum_of_two_90pct_reference_radii_KBO_coverage_unknown,estimated_KBO_angle_unvalidated,True,False,unavailable_unseen_stadium_bias
2025,52528,반즈,Left,50.42361766105955,176.6251204362325,-0.04914258445630591,-1.0,-0.01251070174959211,189.0,0.04914258445630591,0.01251070174959211,-0.5081460143758971,1.7194067497767145,0.0,0.0,761,False,38.738670242857275,38.738670242857275,False,False,2.231163595390875,11.99713185164767,24.51037479581873,52.966965689895815,sum_of_two_90pct_reference_radii_KBO_coverage_unknown,estimated_KBO_angle_unvalidated,True,False,reference_only_future_season_unvalidated
2025,52530,이민석,Right,-57.592512442094936,184.8918743442867,0.040712963463613354,-1.0,-0.019069585589891913,189.0,-0.040712963463613354,0.019069585589891913,0.5733357101420582,1.7976303569080734,0.0,0.0,1596,False,41.919719052500376,41.919719052500376,False,False,2.231163595390875,11.99713185164767,27.691423605461832,56.14801449953892,sum_of_two_90pct_reference_radii_KBO_coverage_unknown,estimated_KBO_angle_unvalidated,True,False,reference_only_future_season_unvalidated
2025,52639,최지민,Left,29.449258653342497,165.2716936149975,-0.03693393324966895,-1.0,-0.022993652267789495,185.0,0.03693393324966895,0.022993652267789495,-0.30420463446988283,1.6222594770118752,0.0,0.0,1042,True,37.7857084535775,37.7857084535775,False,False,2.231163595390875,11.99713185164767,,,sum_of_two_90pct_reference_radii_KBO_coverage_unknown,estimated_KBO_angle_unvalidated,True,False,unavailable_unseen_stadium_bias
2025,52641,황동하,Right,-43.75712967178515,180.25676563981528,0.03824268514497865,-1.0,-0.01685764222513655,183.0,-0.03824268514497865,0.01685764222513655,0.44164317906302697,1.7530027272131534,0.0,0.0,580,True,43.73629198566268,43.73629198566268,False,False,2.231163595390875,11.99713185164767,,,sum_of_two_90pct_reference_radii_KBO_coverage_unknown,estimated_KBO_angle_unvalidated,True,False,unavailable_unseen_stadium_bias
2025,52701,문동주,Right,-60.097416665069424,190.03715206950844,0.04243357812784041,-1.0,-0.02765356854441799,188.0,-0.04243357812784041,0.02765356854441799,0.5952353314440282,1.8490247888398235,0.0,0.0,1946,True,45.285994427783116,45.285994427783116,False,False,2.231163595390875,11.99713185164767,,,sum_of_two_90pct_reference_radii_KBO_coverage_unknown,estimated_KBO_angle_unvalidated,True,False,unavailable_unseen_stadium_bias
2025,52731,박준영,Right,-25.458613447430768,191.5210017442558,0.007106856490755534,-1.0,-0.038113864377963234,190.0,-0.007106856490755534,0.038113864377963234,0.2604153522110677,1.8708583467626783,0.0,0.0,110,False,49.60959674912736,49.60959674912736,False,False,2.231163595390875,11.99713185164767,35.381301302088815,63.83789219616591,sum_of_two_90pct_reference_radii_KBO_coverage_unknown,estimated_KBO_angle_unvalidated,True,False,reference_only_future_season_unvalidated
2025,52809,전영준,Right,-57.317136159145264,184.19460529405546,0.04703223894291222,-1.0,-0.024937645148512575,190.0,-0.04703223894291222,0.024937645148512575,0.5703662481052808,1.7953870563111192,0.0,0.0,991,True,41.32832706682306,41.32832706682306,False,False,2.231163595390875,11.99713185164767,,,sum_of_two_90pct_reference_radii_KBO_coverage_unknown,estimated_KBO_angle_unvalidated,True,False,unavailable_unseen_stadium_bias
2025,52902,임지민,Right,-42.55160869406468,192.7287011536578,0.03473062401308629,-1.0,-0.04334374379960396,185.0,-0.03473062401308629,0.04334374379960396,0.4240869963937316,1.882830862601498,0.0,0.0,80,True,50.802665745853915,,False,False,,,,,sum_of_two_90pct_reference_radii_KBO_coverage_unknown,withheld_small_sample,True,False,withheld_estimate
2025,52903,조민석,Right,-59.83709221032113,177.63119238529106,0.05906759235277644,-1.0,-0.008749479447415576,180.0,-0.05906759235277644,0.008749479447415576,0.5981434377438409,1.7227360442201873,0.0,0.0,258,False,41.53573113508753,41.53573113508753,False,False,2.231163595390875,11.99713185164767,27.307435688048987,55.76402658212608,sum_of_two_90pct_reference_radii_KBO_coverage_unknown,estimated_KBO_angle_unvalidated,True,False,reference_only_future_season_unvalidated
2025,52992,이준혁,Right,-41.049138714973914,174.39062126056464,0.03431380537766933,-1.0,-0.0029790515644692395,184.0,-0.03431380537766933,0.0029790515644692395,0.418775066784216,1.6918352397903162,0.0,0.0,695,True,39.8373006843488,39.8373006843488,False,False,2.231163595390875,11.99713185164767,,,sum_of_two_90pct_reference_radii_KBO_coverage_unknown,estimated_KBO_angle_unvalidated,True,False,unavailable_unseen_stadium_bias
2025,52995,김녹원,Right,-46.831125496119846,172.2333766607009,0.046059808333851815,-1.0,-0.016442011086268124,182.0,-0.046059808333851815,0.016442011086268124,0.471344026085711,1.6795419877812534,0.0,0.0,1291,True,39.38238614488223,39.38238614488223,False,False,2.231163595390875,11.99713185164767,,,sum_of_two_90pct_reference_radii_KBO_coverage_unknown,estimated_KBO_angle_unvalidated,True,False,unavailable_unseen_stadium_bias
2025,53006,강건,Right,-27.87438234507633,180.4082651329067,0.0051977685511342365,-1.0,-0.02613357240117746,183.0,-0.0051977685511342365,0.02613357240117746,0.2841351303265488,1.760017702867182,0.0,0.0,104,False,46.1208946182975,46.1208946182975,False,False,2.231163595390875,11.99713185164767,31.892599171258954,60.349190065336046,sum_of_two_90pct_reference_radii_KBO_coverage_unknown,estimated_KBO_angle_unvalidated,True,False,reference_only_future_season_unvalidated
2025,53139,박명근,Right,-99.68321320813251,127.38130460129827,0.07658820388315733,-1.0,0.024861956277750397,174.0,-0.07658820388315733,-0.024861956277750397,0.9814939464455174,1.2416727631967168,0.0,0.0,638,True,8.859474941800045,8.859474941800045,False,False,2.231163595390875,11.99713185164767,,,sum_of_two_90pct_reference_radii_KBO_coverage_unknown,estimated_KBO_angle_unvalidated,True,False,unavailable_unseen_stadium_bias
2025,53164,김동규,Right,-35.27777971063932,184.5128227396034,0.03239089112781139,-1.0,-0.03718333157750908,194.0,-0.03239089112781139,0.03718333157750908,0.35755707695633926,1.8081597659247373,0.0,0.0,203,True,42.82946140214084,42.82946140214084,False,False,2.231163595390875,11.99713185164767,,,sum_of_two_90pct_reference_radii_KBO_coverage_unknown,estimated_KBO_angle_unvalidated,True,False,unavailable_unseen_stadium_bias
2025,53259,최준호,Right,-27.940283368454583,181.3204472746058,0.023373721517170598,-1.0,-0.019073230799756695,188.0,-0.023373721517170598,0.019073230799756695,0.29029039116131056,1.7664390198087594,0.0,0.0,301,False,44.062089447668185,44.062089447668185,False,False,2.231163595390875,11.99713185164767,29.83379400062964,58.29038489470673,sum_of_two_90pct_reference_radii_KBO_coverage_unknown,estimated_KBO_angle_unvalidated,True,False,reference_only_future_season_unvalidated
2025,53262,김유성,Right,-41.966557273795736,179.99864066471332,0.02650146932005931,-1.0,-0.018050823169496286,190.0,-0.02650146932005931,0.018050823169496286,0.4236929401832743,1.7536056734967755,0.0,0.0,389,False,40.64197841186438,40.64197841186438,False,False,2.231163595390875,11.99713185164767,26.413682964825835,54.87027385890292,sum_of_two_90pct_reference_radii_KBO_coverage_unknown,estimated_KBO_angle_unvalidated,True,False,reference_only_future_season_unvalidated
2025,53301,박윤성,Right,-26.57983770398384,169.94788857028595,0.01786812088955731,-1.0,-0.012965753800470322,183.0,-0.01786812088955731,0.012965753800470322,0.27661048453580156,1.657620843854143,0.0,0.0,905,True,40.123245998094205,40.123245998094205,False,False,2.231163595390875,11.99713185164767,,,sum_of_two_90pct_reference_radii_KBO_coverage_unknown,estimated_KBO_angle_unvalidated,True,False,unavailable_unseen_stadium_bias
2025,53375,후라도,Right,-22.622810062259145,191.50311910756903,0.03202465182329047,-1.0,-0.02875938588371557,188.0,-0.03202465182329047,0.02875938588371557,0.23963982632514516,1.8654050507163835,0.0,0.0,2921,True,50.513413521412375,50.513413521412375,False,False,2.231163595390875,11.99713185164767,,,sum_of_two_90pct_reference_radii_KBO_coverage_unknown,estimated_KBO_angle_unvalidated,True,False,unavailable_unseen_stadium_bias
2025,53455,이호성,Right,-35.95741985094021,175.3870520312219,0.02689618827569183,-1.0,-0.011841544693400449,184.0,-0.02689618827569183,0.011841544693400449,0.3673488372370572,1.706320990463028,0.0,0.0,1031,True,41.36733392318749,41.36733392318749,False,False,2.231163595390875,11.99713185164767,,,sum_of_two_90pct_reference_radii_KBO_coverage_unknown,estimated_KBO_angle_unvalidated,True,False,unavailable_unseen_stadium_bias
2025,53609,곽도규,Left,97.60907206317555,159.38693097757175,-0.07462964762835869,-1.0,-0.006021427826519041,185.0,0.07462964762835869,0.006021427826519041,-0.9575372055045036,1.5548873909492293,0.0,0.0,99,True,24.564877820021447,,False,False,,,,,sum_of_two_90pct_reference_radii_KBO_coverage_unknown,withheld_small_sample,True,False,withheld_estimate
2025,53613,윤영철,Left,61.95672851880444,181.85898247888943,-0.038608038186302394,-1.0,-0.015740167046512536,187.0,0.038608038186302394,0.015740167046512536,-0.6145333019004815,1.7669899712379193,0.0,0.0,888,True,41.06046418500964,41.06046418500964,False,False,2.231163595390875,11.99713185164767,,,sum_of_two_90pct_reference_radii_KBO_coverage_unknown,estimated_KBO_angle_unvalidated,True,False,unavailable_unseen_stadium_bias
2025,53615,이도현,Right,-45.809303894900474,175.09636744546856,0.045342558178755425,-1.0,-0.010194374785721324,188.0,-0.045342558178755425,0.010194374785721324,0.4643164874682793,1.703992541004121,0.0,0.0,242,True,38.10613086996236,38.10613086996236,False,False,2.231163595390875,11.99713185164767,,,sum_of_two_90pct_reference_radii_KBO_coverage_unknown,estimated_KBO_angle_unvalidated,True,False,unavailable_unseen_stadium_bias
2025,53754,김서현,Right,-63.10633164655281,169.11961489789874,0.05106518820217236,-1.0,-0.017370218649920815,188.0,-0.05106518820217236,0.017370218649920815,0.6263133157027257,1.6529131248935744,0.0,0.0,1124,True,32.98227634172858,32.98227634172858,False,False,2.231163595390875,11.99713185164767,,,sum_of_two_90pct_reference_radii_KBO_coverage_unknown,estimated_KBO_angle_unvalidated,True,False,unavailable_unseen_stadium_bias
2025,53892,이로운,Right,-22.086941022937904,182.52966983407129,0.025178380767232153,-1.0,-0.027055682748257186,185.0,-0.025178380767232153,0.027055682748257186,0.23288669783432656,1.781621588209215,0.0,0.0,1261,True,47.11354692768182,47.11354692768182,False,False,2.231163595390875,11.99713185164767,,,sum_of_two_90pct_reference_radii_KBO_coverage_unknown,estimated_KBO_angle_unvalidated,True,False,unavailable_unseen_stadium_bias
2025,53898,송영진,Right,-23.030572469093425,177.9115375707289,0.02204124851697971,-1.0,-0.009746595036997825,185.0,-0.02204124851697971,0.009746595036997825,0.2454014424311203,1.7291427594342796,0.0,0.0,1068,True,43.856835189471816,43.856835189471816,False,False,2.231163595390875,11.99713185164767,,,sum_of_two_90pct_reference_radii_KBO_coverage_unknown,estimated_KBO_angle_unvalidated,True,False,unavailable_unseen_stadium_bias
2025,53919,신영우,Right,-48.4361328135083,178.80597504114317,0.029182454988209365,-1.0,-0.008123683063236674,182.0,-0.029182454988209365,0.008123683063236674,0.48634201116460607,1.733607146673385,0.0,0.0,311,True,42.5069737727671,42.5069737727671,False,False,2.231163595390875,11.99713185164767,,,sum_of_two_90pct_reference_radii_KBO_coverage_unknown,estimated_KBO_angle_unvalidated,True,False,unavailable_unseen_stadium_bias
2025,53973,목지훈,Right,-38.429326225946525,172.88144468753234,0.03505076701349143,-1.0,-0.012791698727243724,181.0,-0.03505076701349143,0.012791698727243724,0.39109324986021815,1.6831473255360054,0.0,0.0,1116,True,41.08765944446603,41.08765944446603,False,False,2.231163595390875,11.99713185164767,,,sum_of_two_90pct_reference_radii_KBO_coverage_unknown,estimated_KBO_angle_unvalidated,True,False,unavailable_unseen_stadium_bias
2025,54063,원상현,Right,-47.15088500953398,173.1754921733069,0.03642228098561668,-1.0,-0.014957392945977257,183.0,-0.03642228098561668,0.014957392945977257,0.4734333002496546,1.6872309414548319,0.0,0.0,1005,True,39.34570834003546,39.34570834003546,False,False,2.231163595390875,11.99713185164767,,,sum_of_two_90pct_reference_radii_KBO_coverage_unknown,estimated_KBO_angle_unvalidated,True,False,unavailable_unseen_stadium_bias
2025,54119,에르난데스,Right,-44.87655562735812,163.85960170861424,0.03397463516358705,-1.0,-0.009472064910244408,185.0,-0.03397463516358705,0.009472064910244408,0.45271113994258616,1.600118136328084,0.0,0.0,1142,False,33.40308561859683,33.40308561859683,False,False,2.231163595390875,11.99713185164767,19.17479017155829,47.63138106563538,sum_of_two_90pct_reference_radii_KBO_coverage_unknown,estimated_KBO_angle_unvalidated,True,False,reference_only_future_season_unvalidated
2025,54263,김택연,Right,-44.320304806356816,179.51470379314677,0.03479210391013514,-1.0,-0.03150542929618602,181.0,-0.03479210391013514,0.03150542929618602,0.4423281897525838,1.7541626469457205,0.0,0.0,1153,True,44.78564069183561,44.78564069183561,False,False,2.231163595390875,11.99713185164767,,,sum_of_two_90pct_reference_radii_KBO_coverage_unknown,estimated_KBO_angle_unvalidated,True,False,unavailable_unseen_stadium_bias
2025,54319,김윤하,Right,-37.069675823556835,179.65527704550226,0.032095489464697376,-1.0,-0.02013691254289059,185.0,-0.032095489464697376,0.02013691254289059,0.37699437462183094,1.7504997587373694,0.0,0.0,1645,True,43.41676457210795,43.41676457210795,False,False,2.231163595390875,11.99713185164767,,,sum_of_two_90pct_reference_radii_KBO_coverage_unknown,estimated_KBO_angle_unvalidated,True,False,unavailable_unseen_stadium_bias
2025,54354,헤이수스,Left,82.65676160887318,186.21236615275774,-0.06594786869077744,-1.0,-0.03513051001848114,192.0,0.06594786869077744,0.03513051001848114,-0.8104286360815784,1.8192863497765237,0.0,0.0,2716,True,39.333283766001756,39.333283766001756,False,False,2.231163595390875,11.99713185164767,,,sum_of_two_90pct_reference_radii_KBO_coverage_unknown,estimated_KBO_angle_unvalidated,True,False,unavailable_unseen_stadium_bias
2025,54362,전준표,Right,-50.129642431112714,174.973003384651,0.04079753850764213,-1.0,-0.027910539424109513,186.0,-0.04079753850764213,0.027910539424109513,0.4995557218271923,1.7122985165136948,0.0,0.0,400,True,39.10725963305981,39.10725963305981,False,False,2.231163595390875,11.99713185164767,,,sum_of_two_90pct_reference_radii_KBO_coverage_unknown,estimated_KBO_angle_unvalidated,True,False,unavailable_unseen_stadium_bias
2025,54363,손현기,Left,81.52535738990294,184.27607483688644,-0.06084217427973688,-1.0,-0.04041348269619987,188.0,0.06084217427973688,0.04041348269619987,-0.7968332262170258,1.803355153161176,0.0,0.0,78,False,40.49721194649597,,False,False,,,,,sum_of_two_90pct_reference_radii_KBO_coverage_unknown,withheld_small_sample,True,False,withheld_estimate
2025,54368,김연주,Right,-40.812144107721785,157.7936791161578,0.04026025277294723,-1.0,-0.0051187147245382964,175.0,-0.04026025277294723,0.0051187147245382964,0.4144506122487156,1.5393619470140574,0.0,0.0,939,True,34.789234227374024,34.789234227374024,False,False,2.231163595390875,11.99713185164767,,,sum_of_two_90pct_reference_radii_KBO_coverage_unknown,estimated_KBO_angle_unvalidated,True,False,unavailable_unseen_stadium_bias
2025,54401,김대호,Right,-47.638177768918894,171.90511158629332,0.037682603028599666,-1.0,-0.011382161135643715,185.0,-0.037682603028599666,0.011382161135643715,0.4793837788364511,1.6742664471722914,0.0,0.0,392,True,37.53379250730373,37.53379250730373,False,False,2.231163595390875,11.99713185164767,,,sum_of_two_90pct_reference_radii_KBO_coverage_unknown,estimated_KBO_angle_unvalidated,True,False,unavailable_unseen_stadium_bias
2025,54404,육선엽,Right,-31.713761740954695,185.69221078512248,0.033995327120645014,-1.0,-0.022786706842096698,190.0,-0.033995327120645014,0.022786706842096698,0.32724651435121727,1.809153241156333,0.0,0.0,564,True,45.1503755553582,45.1503755553582,False,False,2.231163595390875,11.99713185164767,,,sum_of_two_90pct_reference_radii_KBO_coverage_unknown,estimated_KBO_angle_unvalidated,True,False,unavailable_unseen_stadium_bias
2025,54443,레예스,Right,-70.85985471437775,175.94156849586815,0.05533872443287759,-1.0,-0.011022579974842319,198.0,-0.05533872443287759,0.011022579974842319,0.7038323707045188,1.714207752647448,0.0,0.0,842,False,31.038850029986833,31.038850029986833,False,False,2.231163595390875,11.99713185164767,16.81055458294829,45.26714547702538,sum_of_two_90pct_reference_radii_KBO_coverage_unknown,estimated_KBO_angle_unvalidated,True,False,reference_only_future_season_unvalidated
2025,54467,정민성,Right,-59.7750543219315,145.30620446393826,0.05015108523833502,-1.0,0.005327285600503144,184.0,-0.05015108523833502,-0.005327285600503144,0.5983519103503178,1.421801737300943,0.0,0.0,23,False,21.02972326562248,,False,False,,,,,sum_of_two_90pct_reference_radii_KBO_coverage_unknown,withheld_small_sample,True,False,withheld_estimate
2025,54503,박준우,Right,-43.66147003277982,177.3065385339688,0.03488914146844016,-1.0,-0.016955316139795205,190.0,-0.03488914146844016,0.016955316139795205,0.4411313011425229,1.7286428343736062,0.0,0.0,238,True,38.938940014833584,38.938940014833584,False,False,2.231163595390875,11.99713185164767,,,sum_of_two_90pct_reference_radii_KBO_coverage_unknown,estimated_KBO_angle_unvalidated,True,False,unavailable_unseen_stadium_bias
2025,54537,정현수,Left,51.938929519370376,176.7452312679314,-0.034790359866060494,-1.0,-0.0070610763588732995,180.0,0.034790359866060494,0.0070610763588732995,-0.5201145039394236,1.7134673610672557,0.0,0.0,842,True,42.39253234108967,42.39253234108967,False,False,2.231163595390875,11.99713185164767,,,sum_of_two_90pct_reference_radii_KBO_coverage_unknown,estimated_KBO_angle_unvalidated,True,False,unavailable_unseen_stadium_bias
2025,54608,김민재,Right,-71.50520847377199,171.1283961057845,0.0544073413215315,-1.0,-0.021117025458485955,188.0,-0.0544073413215315,0.021117025458485955,0.7053018880450574,1.6728975324714843,0.0,0.0,21,True,33.24303346208487,,False,False,,,,,sum_of_two_90pct_reference_radii_KBO_coverage_unknown,withheld_small_sample,True,False,withheld_estimate
2025,54610,성영탁,Right,-65.15690635223686,168.74314868401046,0.04907767637282171,-1.0,-0.004089609843791687,180.0,-0.04907767637282171,0.004089609843791687,0.647409573468976,1.6384942976208954,0.0,0.0,749,True,35.691944091780705,35.691944091780705,False,False,2.231163595390875,11.99713185164767,,,sum_of_two_90pct_reference_radii_KBO_coverage_unknown,estimated_KBO_angle_unvalidated,True,False,unavailable_unseen_stadium_bias
2025,54640,네일,Right,-61.93769743451514,178.3199849370759,0.04077479810095328,-1.0,-0.008990045163805914,193.0,-0.04077479810095328,0.008990045163805914,0.6171578677365995,1.7330031662448875,0.0,0.0,2521,True,35.573456894589626,35.573456894589626,False,False,2.231163595390875,11.99713185164767,,,sum_of_two_90pct_reference_radii_KBO_coverage_unknown,estimated_KBO_angle_unvalidated,True,False,unavailable_unseen_stadium_bias
2025,54645,김민주,Right,-104.61338259065326,118.54756613015299,0.08314954020545719,-1.0,0.03538478379140983,182.0,-0.08314954020545719,-0.03538478379140983,1.0324851262186865,1.1578207336530681,0.0,0.0,54,True,-0.6970463053201144,,False,False,,,,,sum_of_two_90pct_reference_radii_KBO_coverage_unknown,withheld_small_sample,True,False,withheld_estimate
2025,54702,원종혁,Right,-35.99060136072597,174.20375693162663,0.032347565699369425,-1.0,-0.03358135871685745,184.0,-0.032347565699369425,0.03358135871685745,0.3629366691016068,1.708753034081243,0.0,0.0,37,True,41.56996145276595,,False,False,,,,,sum_of_two_90pct_reference_radii_KBO_coverage_unknown,withheld_small_sample,True,False,withheld_estimate
2025,54729,황준서,Left,47.62846517582541,177.6809232270198,-0.045588472285395164,-1.0,-0.01676306156831778,185.0,0.045588472285395164,0.01676306156831778,-0.47953818060275777,1.7302116826808185,0.0,0.0,1011,True,41.60001568754686,41.60001568754686,False,False,2.231163595390875,11.99713185164767,,,sum_of_two_90pct_reference_radii_KBO_coverage_unknown,estimated_KBO_angle_unvalidated,True,False,unavailable_unseen_stadium_bias
2025,54755,와이스,Right,-71.65878038673891,180.63433627807626,0.04005305423221415,-1.0,-0.014109382596525043,193.0,-0.04005305423221415,0.014109382596525043,0.7076553602328415,1.75635613923944,0.0,0.0,2837,True,35.88615085067767,35.88615085067767,False,False,2.231163595390875,11.99713185164767,,,sum_of_two_90pct_reference_radii_KBO_coverage_unknown,estimated_KBO_angle_unvalidated,True,False,unavailable_unseen_stadium_bias
2025,54768,조동욱,Left,85.33696906030517,184.3192409241062,-0.06312805887156227,-1.0,-0.023507619527610255,190.0,0.06312805887156227,0.023507619527610255,-0.837790879308637,1.7941377592920593,0.0,0.0,1071,True,38.45279023269516,38.45279023269516,False,False,2.231163595390875,11.99713185164767,,,sum_of_two_90pct_reference_radii_KBO_coverage_unknown,estimated_KBO_angle_unvalidated,True,False,unavailable_unseen_stadium_bias
2025,54802,박기호,Right,-90.09120086514534,96.8689043524181,0.07534399078340603,-1.0,0.05510569290859467,184.0,-0.07534399078340603,-0.05510569290859467,0.8981377490469286,0.9506062568312406,0.0,0.0,451,True,-12.692214202510492,-12.692214202510492,False,False,2.231163595390875,11.99713185164767,,,sum_of_two_90pct_reference_radii_KBO_coverage_unknown,estimated_KBO_angle_unvalidated,True,False,unavailable_unseen_stadium_bias
2025,54803,최현석,Right,-16.413035499301948,177.89588301223597,0.01656488644987114,-1.0,-0.009286684388030531,185.0,-0.01656488644987114,0.009286684388030531,0.18218087758215964,1.7290314329159597,0.0,0.0,290,False,44.704046670946646,44.704046670946646,False,False,2.231163595390875,11.99713185164767,30.4757512239081,58.932342117985186,sum_of_two_90pct_reference_radii_KBO_coverage_unknown,estimated_KBO_angle_unvalidated,True,False,reference_only_future_season_unvalidated
2025,54833,앤더슨,Right,-50.36826656263092,177.02911855153474,0.04110420203833097,-1.0,-0.012404012801198688,194.0,-0.04110420203833097,0.012404012801198688,0.5072104077699188,1.7245304379698776,0.0,0.0,2792,True,35.99322228741066,35.99322228741066,False,False,2.231163595390875,11.99713185164767,,,sum_of_two_90pct_reference_radii_KBO_coverage_unknown,estimated_KBO_angle_unvalidated,True,False,unavailable_unseen_stadium_bias
2025,54900,임상현,Right,-45.83044219787131,148.2464301653954,0.04089578996485494,-1.0,-0.0064521067478795855,184.0,-0.04089578996485494,0.0064521067478795855,0.4624448937316392,1.4562779812107078,0.0,0.0,34,False,25.033104604087043,,False,False,,,,,sum_of_two_90pct_reference_radii_KBO_coverage_unknown,withheld_small_sample,True,False,withheld_estimate
2025,54903,최우석,Right,-59.83733501528417,173.1370835908541,0.038711366519156305,-1.0,-0.01736790850600331,190.0,-0.038711366519156305,0.01736790850600331,0.594071648437853,1.6899551327119682,0.0,0.0,282,True,34.68704196982024,34.68704196982024,False,False,2.231163595390875,11.99713185164767,,,sum_of_two_90pct_reference_radii_KBO_coverage_unknown,estimated_KBO_angle_unvalidated,True,False,unavailable_unseen_stadium_bias
2025,54904,손주환,Right,-28.577041369733426,184.36918905793098,0.023603981749948533,-1.0,-0.022572173628489674,177.0,-0.023603981749948533,0.022572173628489674,0.29386345488486626,1.7922854278522935,0.0,0.0,801,True,50.88815673731369,50.88815673731369,False,False,2.231163595390875,11.99713185164767,,,sum_of_two_90pct_reference_radii_KBO_coverage_unknown,estimated_KBO_angle_unvalidated,True,False,unavailable_unseen_stadium_bias
2025,54913,김민규,Right,-66.80788443869679,137.3661923525462,0.06399456472563582,-1.0,0.013978410079242257,183.0,-0.06399456472563582,-0.013978410079242257,0.6684724597044077,1.3440772500564202,0.0,0.0,96,True,15.688799602102272,,False,False,,,,,sum_of_two_90pct_reference_radii_KBO_coverage_unknown,withheld_small_sample,True,False,withheld_estimate
2025,54944,데이비슨,Right,-79.56117150770534,191.42382489249124,0.06828033984837772,-1.0,-0.05487241047856298,190.0,-0.06828033984837772,0.05487241047856298,0.7765688970863273,1.8780321243172635,0.0,0.0,2,False,44.06501795182705,,False,False,,,,,sum_of_two_90pct_reference_radii_KBO_coverage_unknown,withheld_small_sample,True,False,withheld_estimate
2025,55032,패트릭,Right,-66.24441601006009,199.05381829124846,0.041551924551535564,-1.0,-0.0257746344188859,196.0,-0.041551924551535564,0.0257746344188859,0.6554525902708944,1.932170755317276,0.0,0.0,992,True,45.56289198953651,45.56289198953651,False,False,2.231163595390875,11.99713185164767,,,sum_of_two_90pct_reference_radii_KBO_coverage_unknown,estimated_KBO_angle_unvalidated,True,False,unavailable_unseen_stadium_bias
2025,55040,김동현,Right,-35.81013375747591,205.97779729893813,0.019689798137008902,-1.0,-0.05558980527252695,193.0,-0.019689798137008902,0.05558980527252695,0.35707602556827167,2.013358813365167,0.0,0.0,66,False,55.27566779666611,,False,False,,,,,sum_of_two_90pct_reference_radii_KBO_coverage_unknown,withheld_small_sample,True,False,withheld_estimate
2025,55043,김재원,Right,-45.797697991425416,180.8588126061846,0.025430792042572602,-1.0,-0.020618610182040496,190.0,-0.025430792042572602,0.020618610182040496,0.4590912796313446,1.7626411907463337,0.0,0.0,99,True,40.7291889830401,,False,False,,,,,sum_of_two_90pct_reference_radii_KBO_coverage_unknown,withheld_small_sample,True,False,withheld_estimate
2025,55046,박건우,Right,-3.502135285911312,183.74703514427176,-0.0023714590249218188,-1.0,-0.02827045553386713,182.0,0.0023714590249218188,0.02827045553386713,0.05236821578270052,1.7928073457073845,0.0,0.0,117,False,51.581101388994384,51.581101388994384,False,False,2.231163595390875,11.99713185164767,37.352805941955836,65.80939683603293,sum_of_two_90pct_reference_radii_KBO_coverage_unknown,estimated_KBO_angle_unvalidated,True,False,reference_only_future_season_unvalidated
2025,55121,박시원,Right,-28.962787860795373,182.07552927684,0.03231707849647443,-1.0,-0.011786240776421734,193.0,-0.03231707849647443,0.011786240776421734,0.30406181214675565,1.7709281695176198,0.0,0.0,35,False,41.83696492620722,,False,False,,,,,sum_of_two_90pct_reference_radii_KBO_coverage_unknown,withheld_small_sample,True,False,withheld_estimate
2025,55122,김종운,Right,-24.856333993702563,187.07819401845993,0.027181778232075387,-1.0,-0.03576977795703685,186.0,-0.027181778232075387,0.03576977795703685,0.25758070417591056,1.8283723720050236,0.0,0.0,31,False,49.07324645248336,,False,False,,,,,sum_of_two_90pct_reference_radii_KBO_coverage_unknown,withheld_small_sample,True,False,withheld_estimate
2025,55130,톨허스트,Right,-44.07850353694105,190.50067516199883,0.03631236826793738,-1.0,-0.024208537764466957,193.0,-0.03631236826793738,0.024208537764466957,0.44475876016001425,1.853920924484737,0.0,0.0,713,True,44.87491355034685,44.87491355034685,False,False,2.231163595390875,11.99713185164767,,,sum_of_two_90pct_reference_radii_KBO_coverage_unknown,estimated_KBO_angle_unvalidated,True,False,unavailable_unseen_stadium_bias
2025,55138,코엔 윈,Right,-59.81477680345643,177.08573180427692,0.05162778633160149,-1.0,-0.007142988769775451,193.0,-0.05162778633160149,0.007142988769775451,0.5992278006833295,1.7211931144906434,0.0,0.0,407,False,35.08966919204506,35.08966919204506,False,False,2.231163595390875,11.99713185164767,20.861373745006514,49.3179646390836,sum_of_two_90pct_reference_radii_KBO_coverage_unknown,estimated_KBO_angle_unvalidated,True,False,reference_only_future_season_unvalidated
2025,55146,치리노스,Right,-50.39819332045737,201.45573494339553,0.04302473351137023,-1.0,-0.02919482445118014,188.0,-0.04302473351137023,0.02919482445118014,0.5040882361955304,1.9544038178939394,0.0,0.0,2803,True,52.6797540573174,52.6797540573174,False,False,2.231163595390875,11.99713185164767,,,sum_of_two_90pct_reference_radii_KBO_coverage_unknown,estimated_KBO_angle_unvalidated,True,False,unavailable_unseen_stadium_bias
2025,55167,김영우,Right,-26.239663272676417,181.3729565724032,0.021507402875614087,-1.0,-0.03060581104301822,185.0,-0.021507402875614087,0.03060581104301822,0.27053435356821487,1.772815177422788,0.0,0.0,955,True,46.10461467818726,46.10461467818726,False,False,2.231163595390875,11.99713185164767,,,sum_of_two_90pct_reference_radii_KBO_coverage_unknown,estimated_KBO_angle_unvalidated,True,False,unavailable_unseen_stadium_bias
2025,55215,양재훈,Right,-15.028155986757204,192.5347263966956,0.011964939917739939,-1.0,-0.02436343820434188,186.0,-0.011964939917739939,0.02436343820434188,0.16562693636597461,1.8713409693080771,0.0,0.0,380,True,52.76461445101688,52.76461445101688,False,False,2.231163595390875,11.99713185164767,,,sum_of_two_90pct_reference_radii_KBO_coverage_unknown,estimated_KBO_angle_unvalidated,True,False,unavailable_unseen_stadium_bias
2025,55221,김한중,Right,-33.643744724558665,163.11728550857987,0.042704428628713764,-1.0,-0.009947939811720666,183.0,-0.042704428628713764,0.009947939811720666,0.3475664089118064,1.5940540553280675,0.0,0.0,25,False,35.36191813087768,,False,False,,,,,sum_of_two_90pct_reference_radii_KBO_coverage_unknown,withheld_small_sample,True,False,withheld_estimate
2025,55239,잭로그,Left,78.93399489480286,162.23808487785425,-0.059356993401580814,-1.0,-0.003415200596105411,183.0,0.059356993401580814,0.003415200596105411,-0.7793429160084655,1.5793884451891522,0.0,0.0,2697,True,29.32963589195859,29.32963589195859,False,False,2.231163595390875,11.99713185164767,,,sum_of_two_90pct_reference_radii_KBO_coverage_unknown,estimated_KBO_angle_unvalidated,True,False,unavailable_unseen_stadium_bias
2025,55257,콜어빈,Left,44.054647987406895,193.7329741129741,-0.03332876640376016,-1.0,-0.028545001277777083,193.0,0.03332876640376016,0.028545001277777083,-0.44316218043641603,1.8857832524092415,0.0,0.0,2592,True,47.506690938990594,47.506690938990594,False,False,2.231163595390875,11.99713185164767,,,sum_of_two_90pct_reference_radii_KBO_coverage_unknown,estimated_KBO_angle_unvalidated,True,False,unavailable_unseen_stadium_bias
2025,55267,홍민규,Right,-41.50967675235336,176.95178459269812,0.03953995276718172,-1.0,-0.021500383980390066,183.0,-0.03953995276718172,0.021500383980390066,0.41924937997246053,1.7259637077891357,0.0,0.0,571,True,42.37117499805563,42.37117499805563,False,False,2.231163595390875,11.99713185164767,,,sum_of_two_90pct_reference_radii_KBO_coverage_unknown,estimated_KBO_angle_unvalidated,True,False,unavailable_unseen_stadium_bias
2025,55268,최민석,Right,-32.673140760169,173.4286059601856,0.03299764865978752,-1.0,-0.010993866985733748,188.0,-0.03299764865978752,0.010993866985733748,0.33805067617730233,1.6898802883382273,0.0,0.0,1342,True,38.923429244862035,38.923429244862035,False,False,2.231163595390875,11.99713185164767,,,sum_of_two_90pct_reference_radii_KBO_coverage_unknown,estimated_KBO_angle_unvalidated,True,False,unavailable_unseen_stadium_bias
2025,55300,손힘찬,Right,-38.153977000815715,183.60966220027575,0.032937458637488884,-1.0,-0.024124605937164468,191.0,-0.032937458637488884,0.024124605937164468,0.38756680509244795,1.7908851926581086,0.0,0.0,84,False,42.83410853537409,,False,False,,,,,sum_of_two_90pct_reference_radii_KBO_coverage_unknown,withheld_small_sample,True,False,withheld_estimate
2025,55301,이준우,Right,-36.62246724659389,167.03784274923436,0.02159162358666523,-1.0,-0.00568973721247342,183.0,-0.02159162358666523,0.00568973721247342,0.3736666056315114,1.6262188850838635,0.0,0.0,469,True,36.939598630224275,36.939598630224275,False,False,2.231163595390875,11.99713185164767,,,sum_of_two_90pct_reference_radii_KBO_coverage_unknown,estimated_KBO_angle_unvalidated,True,False,unavailable_unseen_stadium_bias
2025,55313,정현우,Left,46.731181155289754,188.88933386180207,-0.03558791645864529,-1.0,-0.01802223461571779,181.0,0.03558791645864529,0.01802223461571779,-0.4692163510599039,1.8311063270005699,0.0,0.0,1496,True,49.69528855156044,49.69528855156044,False,False,2.231163595390875,11.99713185164767,,,sum_of_two_90pct_reference_radii_KBO_coverage_unknown,estimated_KBO_angle_unvalidated,True,False,unavailable_unseen_stadium_bias
2025,55322,로젠버그,Left,51.78930182018579,188.75033569193468,-0.04405427580600617,-1.0,-0.0320969543897557,186.0,0.04405427580600617,0.0320969543897557,-0.5155335933980337,1.839943713663865,0.0,0.0,1265,False,47.18853966790801,47.18853966790801,False,False,2.231163595390875,11.99713185164767,32.96024422086947,61.41683511494655,sum_of_two_90pct_reference_radii_KBO_coverage_unknown,estimated_KBO_angle_unvalidated,True,False,reference_only_future_season_unvalidated
2025,55342,메르세데스,Left,72.38794767820886,176.3283684758437,-0.04348620430185837,-1.0,-0.02179886359403854,188.0,0.04348620430185837,0.02179886359403854,-0.7120562362062802,1.7201242854852299,0.0,0.0,764,True,36.49560958726011,36.49560958726011,False,False,2.231163595390875,11.99713185164767,,,sum_of_two_90pct_reference_radii_KBO_coverage_unknown,estimated_KBO_angle_unvalidated,True,False,unavailable_unseen_stadium_bias
2025,55348,웰스,Left,34.82241433068133,189.50129812993055,-0.03686669470751314,-1.0,-0.03756554044706392,185.0,0.03686669470751314,0.03756554044706392,-0.35272708900873206,1.8506896267947635,0.0,0.0,329,False,50.445085375723586,50.445085375723586,False,False,2.231163595390875,11.99713185164767,36.216789928685046,64.67338082276213,sum_of_two_90pct_reference_radii_KBO_coverage_unknown,estimated_KBO_angle_unvalidated,True,False,reference_only_future_season_unvalidated
2025,55359,김서준,Right,-16.85840468016649,192.62133612935517,0.017666048364597453,-1.0,-0.038069872804358466,187.0,-0.017666048364597453,0.038069872804358466,0.18049691248429808,1.8807343182336174,0.0,0.0,123,True,52.641058499236934,52.641058499236934,False,False,2.231163595390875,11.99713185164767,,,sum_of_two_90pct_reference_radii_KBO_coverage_unknown,estimated_KBO_angle_unvalidated,True,False,unavailable_unseen_stadium_bias
2025,55377,정세영,Left,35.25922417985961,174.3213725389382,-0.03325695091855343,-1.0,-0.02240123019777218,177.0,0.03325695091855343,0.02240123019777218,-0.3578895282511472,1.7007314345352305,0.0,0.0,84,True,45.23342221092119,,False,False,,,,,sum_of_two_90pct_reference_radii_KBO_coverage_unknown,withheld_small_sample,True,False,withheld_estimate
2025,55382,임진묵,Right,-60.3683306498926,162.4906211060208,0.04837340679152513,-1.0,-0.01027975095311132,181.0,-0.04837340679152513,0.01027975095311132,0.6002963848640953,1.5860806245697419,0.0,0.0,108,True,32.50084383015359,32.50084383015359,False,False,2.231163595390875,11.99713185164767,,,sum_of_two_90pct_reference_radii_KBO_coverage_unknown,estimated_KBO_angle_unvalidated,True,False,unavailable_unseen_stadium_bias
2025,55394,박정훈,Left,100.70274472075381,179.18678736405988,-0.07538422344994675,-1.0,-0.0324932734162606,192.0,0.07538422344994675,0.0324932734162606,-0.9825076894599982,1.7528737500982485,0.0,0.0,450,True,33.20590639885688,33.20590639885688,False,False,2.231163595390875,11.99713185164767,,,sum_of_two_90pct_reference_radii_KBO_coverage_unknown,estimated_KBO_angle_unvalidated,True,False,unavailable_unseen_stadium_bias
2025,55396,윤현,Right,-50.71909492967069,197.557147429518,0.03115842486160337,-1.0,-0.03572589813788399,187.0,-0.03115842486160337,0.03572589813788399,0.5031778467904314,1.9221325276984607,0.0,0.0,512,True,51.26001555228902,51.26001555228902,False,False,2.231163595390875,11.99713185164767,,,sum_of_two_90pct_reference_radii_KBO_coverage_unknown,estimated_KBO_angle_unvalidated,True,False,unavailable_unseen_stadium_bias
2025,55455,배찬승,Left,69.3057075031947,167.01377054466465,-0.050434512495132255,-1.0,-0.017665889197154276,180.0,0.050434512495132255,0.017665889197154276,-0.6832372451805929,1.630647714121223,0.0,0.0,961,True,35.166993305836115,35.166993305836115,False,False,2.231163595390875,11.99713185164767,,,sum_of_two_90pct_reference_radii_KBO_coverage_unknown,estimated_KBO_angle_unvalidated,True,False,unavailable_unseen_stadium_bias
2025,55460,가라비토,Right,-43.627303312990016,175.4506376367448,0.03095377251294573,-1.0,-0.010387013665250576,183.0,-0.03095377251294573,0.010387013665250576,0.4406059915237912,1.7052445280383994,0.0,0.0,1355,True,40.849553779850474,40.849553779850474,False,False,2.231163595390875,11.99713185164767,,,sum_of_two_90pct_reference_radii_KBO_coverage_unknown,estimated_KBO_angle_unvalidated,True,False,unavailable_unseen_stadium_bias
2025,55503,이영재,Left,41.94533148633216,171.12381224101762,-0.040086552933996225,-1.0,-0.015836899742728623,180.0,0.040086552933996225,0.015836899742728623,-0.42403813117272376,1.6685540880788468,0.0,0.0,43,True,40.98395564990302,,False,False,,,,,sum_of_two_90pct_reference_radii_KBO_coverage_unknown,withheld_small_sample,True,False,withheld_estimate
2025,55526,벨라스케즈,Right,-57.9097370134438,172.49967106264768,0.0379168474176406,-1.0,-0.010972200870673656,190.0,-0.0379168474176406,0.010972200870673656,0.5773322351232432,1.6804533188311876,0.0,0.0,654,True,34.32472015548998,34.32472015548998,False,False,2.231163595390875,11.99713185164767,,,sum_of_two_90pct_reference_radii_KBO_coverage_unknown,estimated_KBO_angle_unvalidated,True,False,unavailable_unseen_stadium_bias
2025,55532,감보아,Left,45.46820371048713,198.38674237318463,-0.031277231121045745,-1.0,-0.03788752370365842,185.0,0.031277231121045745,0.03788752370365842,-0.4528088213147349,1.9306400057404558,0.0,0.0,1865,True,53.87897729837757,53.87897729837757,False,False,2.231163595390875,11.99713185164767,,,sum_of_two_90pct_reference_radii_KBO_coverage_unknown,estimated_KBO_angle_unvalidated,True,False,unavailable_unseen_stadium_bias
2025,55536,데이비슨,Left,55.99444942096319,196.02255156038052,-0.03472266678752639,-1.0,-0.035434125982275,188.0,0.03472266678752639,0.035434125982275,-0.5536812645500147,1.9081022520324464,0.0,0.0,2099,True,49.79184618139958,49.79184618139958,False,False,2.231163595390875,11.99713185164767,,,sum_of_two_90pct_reference_radii_KBO_coverage_unknown,estimated_KBO_angle_unvalidated,True,False,unavailable_unseen_stadium_bias
2025,55566,김태현,Left,52.30573303372592,187.4830524703936,-0.04121416336792685,-1.0,-0.014563161312450093,185.0,0.04121416336792685,0.014563161312450093,-0.5241665991919737,1.817456260461045,0.0,0.0,51,False,46.21664467523484,,False,False,,,,,sum_of_two_90pct_reference_radii_KBO_coverage_unknown,withheld_small_sample,True,False,withheld_estimate
2025,55568,박세현,Right,-53.542924815709966,176.94456687755732,0.04704799386166594,-1.0,-0.009855276773072184,183.0,-0.04704799386166594,0.009855276773072184,0.5369849873096895,1.7182948836814154,0.0,0.0,65,False,40.47105180898957,,False,False,,,,,sum_of_two_90pct_reference_radii_KBO_coverage_unknown,withheld_small_sample,True,False,withheld_estimate
2025,55610,김태형,Right,-38.19816205969632,189.77705989435776,0.028699940729359323,-1.0,-0.022817253060131378,184.0,-0.028699940729359323,0.022817253060131378,0.38689785606689997,1.8435042799066235,0.0,0.0,422,True,49.369935216152726,49.369935216152726,False,False,2.231163595390875,11.99713185164767,,,sum_of_two_90pct_reference_radii_KBO_coverage_unknown,estimated_KBO_angle_unvalidated,True,False,unavailable_unseen_stadium_bias
2025,55632,이성원,Right,-82.48189633264253,174.88489597063094,0.06896504169702178,-1.0,-0.012493096369354065,184.0,-0.06896504169702178,0.012493096369354065,0.8130016111880337,1.7001131944155852,0.0,0.0,71,True,35.69358701859748,,False,False,,,,,sum_of_two_90pct_reference_radii_KBO_coverage_unknown,withheld_small_sample,True,False,withheld_estimate
2025,55633,올러,Right,-80.59060724199242,176.45638824542112,0.053210464587830006,-1.0,-0.012687216091972967,193.0,-0.053210464587830006,0.012687216091972967,0.7941554093147052,1.7173258860628868,0.0,0.0,2489,True,32.49903788727396,32.49903788727396,False,False,2.231163595390875,11.99713185164767,,,sum_of_two_90pct_reference_radii_KBO_coverage_unknown,estimated_KBO_angle_unvalidated,True,False,unavailable_unseen_stadium_bias
2025,55646,김정엽,Right,-28.959629391741004,190.0327653977272,0.004595302944839488,-1.0,-0.009247511617104876,185.0,-0.004595302944839488,0.009247511617104876,0.29948979722634317,1.8379565540343545,0.0,0.0,21,True,49.59993522303673,,False,False,,,,,sum_of_two_90pct_reference_radii_KBO_coverage_unknown,withheld_small_sample,True,False,withheld_estimate
2025,55663,이호민,Right,-62.82066356969152,172.22223101374672,0.03952811136764272,-1.0,-0.008180764209534007,182.0,-0.03952811136764272,0.008180764209534007,0.6233451403727899,1.673117403357439,0.0,0.0,259,True,37.15015801972117,37.15015801972117,False,False,2.231163595390875,11.99713185164767,,,sum_of_two_90pct_reference_radii_KBO_coverage_unknown,estimated_KBO_angle_unvalidated,True,False,unavailable_unseen_stadium_bias
2025,55730,폰세,Right,-76.75231446516283,196.4327975549477,0.05624135946860382,-1.0,-0.030421113076138543,198.0,-0.05624135946860382,0.030421113076138543,0.7559535967963156,1.9115590131573608,0.0,0.0,2853,True,42.20024662452786,42.20024662452786,False,False,2.231163595390875,11.99713185164767,,,sum_of_two_90pct_reference_radii_KBO_coverage_unknown,estimated_KBO_angle_unvalidated,True,False,unavailable_unseen_stadium_bias
2025,55743,정우주,Right,-70.25352635908352,174.4076191997998,0.04757045290798906,-1.0,-0.021217547921833883,184.0,-0.04757045290798906,0.021217547921833883,0.6919361045713479,1.701197117675168,0.0,0.0,1006,True,37.11056993219366,37.11056993219366,False,False,2.231163595390875,11.99713185164767,,,sum_of_two_90pct_reference_radii_KBO_coverage_unknown,estimated_KBO_angle_unvalidated,True,False,unavailable_unseen_stadium_bias
2025,55764,권민규,Left,47.48357694084308,184.98973335313943,-0.03482827513832742,-1.0,-0.020975738439690944,188.0,0.03482827513832742,0.020975738439690944,-0.476337245327058,1.7998529318422534,0.0,0.0,129,True,44.37565720956241,44.37565720956241,False,False,2.231163595390875,11.99713185164767,,,sum_of_two_90pct_reference_radii_KBO_coverage_unknown,estimated_KBO_angle_unvalidated,True,False,unavailable_unseen_stadium_bias
2025,55855,화이트,Right,-54.75605041891649,185.42521757479724,0.039662027542691096,-1.0,-0.020561327479555195,190.0,-0.039662027542691096,0.020561327479555195,0.5462095255995455,1.8038959496434033,0.0,0.0,2165,True,42.12756803629815,42.12756803629815,False,False,2.231163595390875,11.99713185164767,,,sum_of_two_90pct_reference_radii_KBO_coverage_unknown,estimated_KBO_angle_unvalidated,True,False,unavailable_unseen_stadium_bias
2025,55860,신지환,Left,50.727906205764626,165.6336606094846,-0.05111472804056342,-1.0,-0.011738272448085367,180.0,0.05111472804056342,0.011738272448085367,-0.5093894409429515,1.6159440173805055,0.0,0.0,18,False,36.61345250778265,,False,False,,,,,sum_of_two_90pct_reference_radii_KBO_coverage_unknown,withheld_small_sample,True,False,withheld_estimate
2025,55903,라일리,Right,-6.266355012970243,207.74893495246926,0.013421691960708212,-1.0,-0.03811303472572845,190.0,-0.013421691960708212,0.03811303472572845,0.0812512206682204,2.019883443019097,0.0,0.0,2915,True,60.46881871161307,60.46881871161307,False,False,2.231163595390875,11.99713185164767,,,sum_of_two_90pct_reference_radii_KBO_coverage_unknown,estimated_KBO_angle_unvalidated,True,False,unavailable_unseen_stadium_bias
2025,55912,로건,Left,55.986215925874475,189.32044925667677,-0.04267481357608718,-1.0,-0.025459077373977596,186.0,0.04267481357608718,0.025459077373977596,-0.5566531556211655,1.8407997836461119,0.0,0.0,3036,True,46.71491217030765,46.71491217030765,False,False,2.231163595390875,11.99713185164767,,,sum_of_two_90pct_reference_radii_KBO_coverage_unknown,estimated_KBO_angle_unvalidated,True,False,unavailable_unseen_stadium_bias
2025,55995,김태훈,Right,-20.945744084593063,190.9062679705681,0.021789556712451464,-1.0,-0.03577898491713872,188.0,-0.021789556712451464,0.03577898491713872,0.22036999411418423,1.8639735051575796,0.0,0.0,356,True,50.67514442923007,50.67514442923007,False,False,2.231163595390875,11.99713185164767,,,sum_of_two_90pct_reference_radii_KBO_coverage_unknown,estimated_KBO_angle_unvalidated,True,False,unavailable_unseen_stadium_bias
2025,60146,이승현,Right,-24.54162183214012,185.7820819831999,0.026402722041891605,-1.0,-0.026801776485448587,181.0,-0.026402722041891605,0.026801776485448587,0.25587338042446045,1.8094561604841457,0.0,0.0,647,True,50.399240080614945,50.399240080614945,False,False,2.231163595390875,11.99713185164767,,,sum_of_two_90pct_reference_radii_KBO_coverage_unknown,estimated_KBO_angle_unvalidated,True,False,unavailable_unseen_stadium_bias
2025,60337,김대유,Left,96.37105907210797,148.92521900877756,-0.06677471795481565,-1.0,0.009972642508466589,187.0,0.06677471795481565,-0.009972642508466589,-0.9483362073176608,1.4508271673570987,0.0,0.0,140,True,17.297511620263325,17.297511620263325,False,False,2.231163595390875,11.99713185164767,,,sum_of_two_90pct_reference_radii_KBO_coverage_unknown,estimated_KBO_angle_unvalidated,True,False,unavailable_unseen_stadium_bias
2025,60559,박시영,Right,-23.991070866102223,188.1257626150687,0.017696262140919215,-1.0,-0.01692922674449432,181.0,-0.017696262140919215,0.01692922674449432,0.2519479377707527,1.8245976962192534,0.0,0.0,169,True,51.35405109082477,51.35405109082477,False,False,2.231163595390875,11.99713185164767,,,sum_of_two_90pct_reference_radii_KBO_coverage_unknown,estimated_KBO_angle_unvalidated,True,False,unavailable_unseen_stadium_bias
2025,60768,이태양,Right,-23.90111689317085,189.53054642514715,0.029988664467393494,-1.0,-0.022047211156813743,192.0,-0.029988664467393494,0.022047211156813743,0.25361058518675833,1.8447298112867654,0.0,0.0,181,True,47.23609963535172,47.23609963535172,False,False,2.231163595390875,11.99713185164767,,,sum_of_two_90pct_reference_radii_KBO_coverage_unknown,estimated_KBO_angle_unvalidated,True,False,unavailable_unseen_stadium_bias
2025,60841,박종훈,Right,-62.93918345181938,49.15663443213389,0.04428195118191708,-1.0,0.09188188199476757,186.0,-0.04428195118191708,-0.09188188199476757,0.6435900726120938,0.49686166184018105,0.0,0.0,369,True,-36.65399115502326,-36.65399115502326,False,False,2.231163595390875,11.99713185164767,,,sum_of_two_90pct_reference_radii_KBO_coverage_unknown,estimated_KBO_angle_unvalidated,True,False,unavailable_unseen_stadium_bias
2025,61101,임찬규,Right,-29.84371208479596,180.48748999523656,0.02409736735981877,-1.0,-0.0033602557494781253,185.0,-0.02409736735981877,0.0033602557494781253,0.3118229726659914,1.7482909996774914,0.0,0.0,2490,True,44.11698475953904,44.11698475953904,False,False,2.231163595390875,11.99713185164767,,,sum_of_two_90pct_reference_radii_KBO_coverage_unknown,estimated_KBO_angle_unvalidated,True,False,unavailable_unseen_stadium_bias
2025,61145,이우찬,Left,53.61668841744867,188.8899342988755,-0.04823885076539793,-1.0,-0.02585724376038828,185.0,0.04823885076539793,0.02585724376038828,-0.5348766538780135,1.8371259709622958,0.0,0.0,336,True,47.25905159764709,47.25905159764709,False,False,2.231163595390875,11.99713185164767,,,sum_of_two_90pct_reference_radii_KBO_coverage_unknown,estimated_KBO_angle_unvalidated,True,False,unavailable_unseen_stadium_bias
2025,61268,양현,Right,-90.48504075192685,108.18617040861818,0.06075735082489899,-1.0,0.04712462555594108,189.0,-0.06075735082489899,-0.04712462555594108,0.8990329200613202,1.0594619592198558,0.0,0.0,65,True,-7.660640167479137,,False,False,,,,,sum_of_two_90pct_reference_radii_KBO_coverage_unknown,withheld_small_sample,True,False,withheld_estimate
2025,61365,김대우,Right,-98.46759985975628,42.273618617484935,0.08265664858836647,-1.0,0.0939394691949892,183.0,-0.08265664858836647,-0.0939394691949892,0.984661569196067,0.4306873056649227,0.0,0.0,16,False,-46.74824404031267,,False,False,,,,,sum_of_two_90pct_reference_radii_KBO_coverage_unknown,withheld_small_sample,True,False,withheld_estimate
2025,61643,홍건희,Right,-50.419726245689745,186.68623463657525,0.038903464056483386,-1.0,-0.029671774287782535,187.0,-0.038903464056483386,0.029671774287782535,0.5024376212019886,1.820029870871276,0.0,0.0,341,True,45.09633708318286,45.09633708318286,False,False,2.231163595390875,11.99713185164767,,,sum_of_two_90pct_reference_radii_KBO_coverage_unknown,estimated_KBO_angle_unvalidated,True,False,unavailable_unseen_stadium_bias
2025,61666,한승혁,Right,-25.713569048513577,186.09521596676606,0.025610002573589627,-1.0,-0.020391491506834523,185.0,-0.025610002573589627,0.020391491506834523,0.26910258184505087,1.809773478972437,0.0,0.0,1002,True,48.30934383977519,48.30934383977519,False,False,2.231163595390875,11.99713185164767,,,sum_of_two_90pct_reference_radii_KBO_coverage_unknown,estimated_KBO_angle_unvalidated,True,False,unavailable_unseen_stadium_bias
2025,61895,서진용,Right,-43.23629902818507,183.47113236600816,0.030509432190250277,-1.0,-0.023333306976117605,184.0,-0.030509432190250277,0.023333306976117605,0.43422085505552993,1.7862191308609594,0.0,0.0,27,False,45.34782758361961,,False,False,,,,,sum_of_two_90pct_reference_radii_KBO_coverage_unknown,withheld_small_sample,True,False,withheld_estimate
2025,62146,최성훈,Left,50.53358931252836,164.46646011304878,-0.026518805246204858,-1.0,0.0036134301217267046,178.0,0.026518805246204858,-0.0036134301217267046,-0.5071595052721689,1.5946626105642578,0.0,0.0,20,False,36.26019131106881,,False,False,,,,,sum_of_two_90pct_reference_radii_KBO_coverage_unknown,withheld_small_sample,True,False,withheld_estimate
2025,62360,김태훈,Right,-43.3565001001728,178.40492176329923,0.033331474986724265,-1.0,-0.012450637567365298,187.0,-0.033331474986724265,0.012450637567365298,0.4387323669955903,1.73483284169907,0.0,0.0,1122,True,40.747918767865684,40.747918767865684,False,False,2.231163595390875,11.99713185164767,,,sum_of_two_90pct_reference_radii_KBO_coverage_unknown,estimated_KBO_angle_unvalidated,True,False,unavailable_unseen_stadium_bias
2025,62363,한현희,Right,-111.95132823979775,134.25176984150863,0.07025794620576058,-1.0,0.031123372749662925,182.0,-0.07025794620576058,-0.031123372749662925,1.0996096938968394,1.3020759859821562,0.0,0.0,161,True,7.808464951673251,7.808464951673251,False,False,2.231163595390875,11.99713185164767,,,sum_of_two_90pct_reference_radii_KBO_coverage_unknown,estimated_KBO_angle_unvalidated,True,False,unavailable_unseen_stadium_bias
2025,62528,김원중,Right,-62.61782304122184,186.32207886315263,0.054732224744815,-1.0,-0.024460149403174432,192.0,-0.054732224744815,0.024460149403174432,0.6222000709410324,1.814999819366037,0.0,0.0,1116,True,40.91680407550298,40.91680407550298,False,False,2.231163595390875,11.99713185164767,,,sum_of_two_90pct_reference_radii_KBO_coverage_unknown,estimated_KBO_angle_unvalidated,True,False,unavailable_unseen_stadium_bias
2025,62754,임기영,Right,-88.68402704930757,144.15705779905332,0.07669966098202895,-1.0,0.013056921964235347,184.0,-0.07669966098202895,-0.013056921964235347,0.8773438365092907,1.4054861884750585,0.0,0.0,176,True,16.31891284827746,16.31891284827746,False,False,2.231163595390875,11.99713185164767,,,sum_of_two_90pct_reference_radii_KBO_coverage_unknown,estimated_KBO_angle_unvalidated,True,False,unavailable_unseen_stadium_bias
2025,62869,문승원,Right,-42.92850968465473,175.49606499066124,0.037740519493952594,-1.0,-0.01684307212012002,180.0,-0.037740519493952594,0.01684307212012002,0.4329645843419865,1.7087265547203896,0.0,0.0,1783,True,42.61000506397508,42.61000506397508,False,False,2.231163595390875,11.99713185164767,,,sum_of_two_90pct_reference_radii_KBO_coverage_unknown,estimated_KBO_angle_unvalidated,True,False,unavailable_unseen_stadium_bias
2025,62951,이형범,Right,-30.32026982899858,171.9933122736257,0.03211110900758799,-1.0,-0.01121215747954789,181.0,-0.03211110900758799,0.01121215747954789,0.31442422467175846,1.6746316695933532,0.0,0.0,209,True,41.561716166794525,41.561716166794525,False,False,2.231163595390875,11.99713185164767,,,sum_of_two_90pct_reference_radii_KBO_coverage_unknown,estimated_KBO_angle_unvalidated,True,False,unavailable_unseen_stadium_bias
2025,63145,배재준,Right,-45.26358839244128,181.73360444659508,0.03459600714761239,-1.0,-0.019358906084353915,188.0,-0.03459600714761239,0.019358906084353915,0.45555148886928404,1.7694609687667096,0.0,0.0,233,True,42.133355266658484,42.133355266658484,False,False,2.231163595390875,11.99713185164767,,,sum_of_two_90pct_reference_radii_KBO_coverage_unknown,estimated_KBO_angle_unvalidated,True,False,unavailable_unseen_stadium_bias
2025,63248,함덕주,Left,66.72979177444597,186.103013662345,-0.05096360313918924,-1.0,-0.028046113841361884,181.0,0.05096360313918924,0.028046113841361884,-0.657720380898471,1.810829115676482,0.0,0.0,463,True,46.138189640750895,46.138189640750895,False,False,2.231163595390875,11.99713185164767,,,sum_of_two_90pct_reference_radii_KBO_coverage_unknown,estimated_KBO_angle_unvalidated,True,False,unavailable_unseen_stadium_bias
2025,63342,조상우,Right,-58.614469668961185,169.9103798336952,0.04275496176217831,-1.0,-0.011630458240711695,186.0,-0.04275496176217831,0.011630458240711695,0.5837768684074048,1.6560115440879686,0.0,0.0,1113,True,34.642911024504535,34.642911024504535,False,False,2.231163595390875,11.99713185164767,,,sum_of_two_90pct_reference_radii_KBO_coverage_unknown,estimated_KBO_angle_unvalidated,True,False,unavailable_unseen_stadium_bias
2025,63492,이재익,Left,61.91977104710474,176.20838541697734,-0.040932323014688354,-1.0,-0.009724082097391794,180.0,0.040932323014688354,0.009724082097391794,-0.6145966034523608,1.7096535249681348,0.0,0.0,112,True,40.93155713254962,40.93155713254962,False,False,2.231163595390875,11.99713185164767,,,sum_of_two_90pct_reference_radii_KBO_coverage_unknown,estimated_KBO_angle_unvalidated,True,False,unavailable_unseen_stadium_bias
2025,63512,박진형,Right,-36.37699518560355,171.22987280244385,0.03597875732777993,-1.0,-0.008004922378675883,181.0,-0.03597875732777993,0.008004922378675883,0.3729778517375157,1.665460298235306,0.0,0.0,104,False,40.24665792167146,40.24665792167146,False,False,2.231163595390875,11.99713185164767,26.01836247463292,54.474953368710004,sum_of_two_90pct_reference_radii_KBO_coverage_unknown,estimated_KBO_angle_unvalidated,True,False,reference_only_future_season_unvalidated
2025,63543,구승민,Right,-46.570176659974535,178.0537319646632,0.04190236650270307,-1.0,-0.019654840842779322,182.0,-0.04190236650270307,0.019654840842779322,0.46776949310234517,1.734221733902474,0.0,0.0,187,True,42.76736395191211,42.76736395191211,False,False,2.231163595390875,11.99713185164767,,,sum_of_two_90pct_reference_radii_KBO_coverage_unknown,estimated_KBO_angle_unvalidated,True,False,unavailable_unseen_stadium_bias
2025,63765,김종수,Right,-51.80997251954263,173.53637671458299,0.032730591954929,-1.0,-0.00984445337953163,180.0,-0.032730591954929,0.00984445337953163,0.5176653074999156,1.6859253633710696,0.0,0.0,1105,True,40.1826262940781,40.1826262940781,False,False,2.231163595390875,11.99713185164767,,,sum_of_two_90pct_reference_radii_KBO_coverage_unknown,estimated_KBO_angle_unvalidated,True,False,unavailable_unseen_stadium_bias
2025,63950,장현식,Right,-46.58340052266665,187.50467656660032,0.039060352639688045,-1.0,-0.027822468847062153,181.0,-0.039060352639688045,0.027822468847062153,0.4657988643645551,1.8245147396260049,0.0,0.0,884,True,48.8252515081426,48.8252515081426,False,False,2.231163595390875,11.99713185164767,,,sum_of_two_90pct_reference_radii_KBO_coverage_unknown,estimated_KBO_angle_unvalidated,True,False,unavailable_unseen_stadium_bias
2025,63959,임정호,Left,50.68854915659551,162.15320833029958,-0.040671907928162464,-1.0,0.0005532283115271617,188.0,0.040671907928162464,-0.0005532283115271617,-0.511557950449617,1.5794757652863374,0.0,0.0,328,False,30.878651647663716,30.878651647663716,False,False,2.231163595390875,11.99713185164767,16.650356200625172,45.106947094702264,sum_of_two_90pct_reference_radii_KBO_coverage_unknown,estimated_KBO_angle_unvalidated,True,False,reference_only_future_season_unvalidated
2025,63960,이상민,Left,68.26382476393614,169.71463602647722,-0.05430314272392756,-1.0,-0.011719819161586252,180.0,0.05430314272392756,0.011719819161586252,-0.6756908932888569,1.6518270589994393,0.0,0.0,12,True,36.57689739226859,,False,False,,,,,sum_of_two_90pct_reference_radii_KBO_coverage_unknown,withheld_small_sample,True,False,withheld_estimate
2025,64001,고영표,Right,-95.8410929753665,97.72529909198234,0.06905395510631127,-1.0,0.07194761383220757,187.0,-0.06905395510631127,-0.07194761383220757,0.956230653262232,0.9487496193817767,0.0,0.0,2522,True,-14.74592981040987,-14.74592981040987,False,False,2.231163595390875,11.99713185164767,,,sum_of_two_90pct_reference_radii_KBO_coverage_unknown,estimated_KBO_angle_unvalidated,True,False,unavailable_unseen_stadium_bias
2025,64017,심재민,Left,37.46128755598242,184.89416356597417,-0.02671441041606824,-1.0,-0.009980388584104225,182.0,0.02671441041606824,0.009980388584104225,-0.38225709745378583,1.7907465056513343,0.0,0.0,48,False,47.92936206406394,,False,False,,,,,sum_of_two_90pct_reference_radii_KBO_coverage_unknown,withheld_small_sample,True,False,withheld_estimate
2025,64021,박세웅,Right,-28.046089198207024,175.3584631379307,0.017924914889266345,-1.0,-0.008166567789172638,182.0,-0.017924914889266345,0.008166567789172638,0.2918533731772255,1.7034400880198195,0.0,0.0,2691,True,43.116133963708286,43.116133963708286,False,False,2.231163595390875,11.99713185164767,,,sum_of_two_90pct_reference_radii_KBO_coverage_unknown,estimated_KBO_angle_unvalidated,True,False,unavailable_unseen_stadium_bias
2025,64350,하영민,Right,-55.96015615483133,167.3947489376343,0.04262311628397762,-1.0,-0.01006673582777195,183.0,-0.04262311628397762,0.01006673582777195,0.5584551284917214,1.6313486522992784,0.0,0.0,2510,True,34.86919123253694,34.86919123253694,False,False,2.231163595390875,11.99713185164767,,,sum_of_two_90pct_reference_radii_KBO_coverage_unknown,estimated_KBO_angle_unvalidated,True,False,unavailable_unseen_stadium_bias
2025,64580,김재열,Right,-25.58234017049867,197.9374827067575,0.022738538931269203,-1.0,-0.022017923574046732,183.0,-0.022738538931269203,0.022017923574046732,0.2674103059537404,1.9175309088352603,0.0,0.0,398,True,55.719785698519175,55.719785698519175,False,False,2.231163595390875,11.99713185164767,,,sum_of_two_90pct_reference_radii_KBO_coverage_unknown,estimated_KBO_angle_unvalidated,True,False,unavailable_unseen_stadium_bias
2025,64596,김유영,Left,63.064299396707476,173.80692875164345,-0.043941128442030346,-1.0,-0.007891373923657193,180.0,0.043941128442030346,0.007891373923657193,-0.6261927994520347,1.6867556381600923,0.0,0.0,108,False,39.37291456018765,39.37291456018765,False,False,2.231163595390875,11.99713185164767,25.14461911314911,53.6012100072262,sum_of_two_90pct_reference_radii_KBO_coverage_unknown,estimated_KBO_angle_unvalidated,True,False,reference_only_future_season_unvalidated
2025,64768,조이현,Right,-34.201620019493454,188.04236071535715,0.017527452800991175,-1.0,-0.0198759300676225,185.0,-0.017527452800991175,0.0198759300676225,0.3482014602806663,1.8262706526999721,0.0,0.0,173,False,48.30554374930388,48.30554374930388,False,False,2.231163595390875,11.99713185164767,34.07724830226533,62.53383919634243,sum_of_two_90pct_reference_radii_KBO_coverage_unknown,estimated_KBO_angle_unvalidated,True,False,reference_only_future_season_unvalidated
2025,64995,배재환,Right,-44.637471399854476,183.36448150547366,0.033540109088487625,-1.0,-0.025222615001773346,186.0,-0.033540109088487625,0.025222615001773346,0.44776477501992895,1.7870862609175917,0.0,0.0,1119,True,44.25493446756283,44.25493446756283,False,False,2.231163595390875,11.99713185164767,,,sum_of_two_90pct_reference_radii_KBO_coverage_unknown,estimated_KBO_angle_unvalidated,True,False,unavailable_unseen_stadium_bias
2025,65048,김민수,Right,-48.14390028868302,198.51980520468456,0.0265223961212992,-1.0,-0.028318450193971934,188.0,-0.0265223961212992,0.028318450193971934,0.4802346089948558,1.9268383217535325,0.0,0.0,829,True,51.28299482696448,51.28299482696448,False,False,2.231163595390875,11.99713185164767,,,sum_of_two_90pct_reference_radii_KBO_coverage_unknown,estimated_KBO_angle_unvalidated,True,False,unavailable_unseen_stadium_bias
2025,65056,엄상백,Right,-70.10009097493051,147.47640447199484,0.062236203727470484,-1.0,0.008374759708510768,187.0,-0.062236203727470484,-0.008374759708510768,0.6991257194589233,1.4403948734594203,0.0,0.0,1539,True,19.50076718468843,19.50076718468843,False,False,2.231163595390875,11.99713185164767,,,sum_of_two_90pct_reference_radii_KBO_coverage_unknown,estimated_KBO_angle_unvalidated,True,False,unavailable_unseen_stadium_bias
2025,65060,주권,Right,-38.53855383590385,169.49201491333127,0.03449874568569278,-1.0,-0.016066462388950594,181.0,-0.03449874568569278,0.016066462388950594,0.39099534267881,1.654290444014767,0.0,0.0,634,True,39.33703485940097,39.33703485940097,False,False,2.231163595390875,11.99713185164767,,,sum_of_two_90pct_reference_radii_KBO_coverage_unknown,estimated_KBO_angle_unvalidated,True,False,unavailable_unseen_stadium_bias
2025,65062,김재윤,Right,-75.85686460492393,173.86330483108952,0.05892297557013514,-1.0,-0.01902312299976849,185.0,-0.05892297557013514,0.01902312299976849,0.7473130978324323,1.6952530903343013,0.0,0.0,938,True,35.61118640312955,35.61118640312955,False,False,2.231163595390875,11.99713185164767,,,sum_of_two_90pct_reference_radii_KBO_coverage_unknown,estimated_KBO_angle_unvalidated,True,False,unavailable_unseen_stadium_bias
2025,65109,백승현,Right,-36.43494927176061,177.04225114725642,0.0329420037880929,-1.0,-0.029453508350492742,183.0,-0.0329420037880929,0.029453508350492742,0.3682876546329664,1.731700766406276,0.0,0.0,583,True,43.35523505137597,43.35523505137597,False,False,2.231163595390875,11.99713185164767,,,sum_of_two_90pct_reference_radii_KBO_coverage_unknown,estimated_KBO_angle_unvalidated,True,False,unavailable_unseen_stadium_bias
2025,65117,이상규,Right,-27.20009465543829,173.79772825164878,0.015898433401030667,-1.0,-0.011169117899170316,185.0,-0.015898433401030667,0.011169117899170316,0.2831720677771913,1.6921191169948073,0.0,0.0,155,True,41.164662572371476,41.164662572371476,False,False,2.231163595390875,11.99713185164767,,,sum_of_two_90pct_reference_radii_KBO_coverage_unknown,estimated_KBO_angle_unvalidated,True,False,unavailable_unseen_stadium_bias
2025,65320,최원태,Right,-38.95103460973254,166.35203515344608,0.037766923892794,-1.0,-0.012761167690602353,184.0,-0.037766923892794,0.012761167690602353,0.3965342156786012,1.6249290814410005,0.0,0.0,2137,True,36.0995992695347,36.0995992695347,False,False,2.231163595390875,11.99713185164767,,,sum_of_two_90pct_reference_radii_KBO_coverage_unknown,estimated_KBO_angle_unvalidated,True,False,unavailable_unseen_stadium_bias
2025,65343,김택형,Left,80.05108545134964,180.01588590879302,-0.06279547536229246,-1.0,-0.022365791348436706,185.0,0.06279547536229246,0.022365791348436706,-0.7870542573808916,1.7529633755596232,0.0,0.0,374,True,39.00555700407887,39.00555700407887,False,False,2.231163595390875,11.99713185164767,,,sum_of_two_90pct_reference_radii_KBO_coverage_unknown,estimated_KBO_angle_unvalidated,True,False,unavailable_unseen_stadium_bias
2025,65411,김주온,Right,-56.3191086673626,184.23061743847552,0.046431905220969676,-1.0,-0.005444754738253504,187.0,-0.046431905220969676,0.005444754738253504,0.5653125661614234,1.783040541168446,0.0,0.0,23,False,42.11775636306712,,False,False,,,,,sum_of_two_90pct_reference_radii_KBO_coverage_unknown,withheld_small_sample,True,False,withheld_estimate
2025,65516,배제성,Right,-37.253835272370964,192.69208758571563,0.020351236931026397,-1.0,-0.035259533985943045,189.0,-0.020351236931026397,0.035259533985943045,0.37449405007866354,1.879001632816618,0.0,0.0,514,True,49.157594310982105,49.157594310982105,False,False,2.231163595390875,11.99713185164767,,,sum_of_two_90pct_reference_radii_KBO_coverage_unknown,estimated_KBO_angle_unvalidated,True,False,unavailable_unseen_stadium_bias
2025,65522,김강현,Right,-34.317529646147364,163.9538992766697,0.03340478423156114,-1.0,0.0010974874320589755,177.0,-0.03340478423156114,-0.0010974874320589755,0.35433952261148094,1.5925655268285723,0.0,0.0,1134,True,37.927538748753875,37.927538748753875,False,False,2.231163595390875,11.99713185164767,,,sum_of_two_90pct_reference_radii_KBO_coverage_unknown,estimated_KBO_angle_unvalidated,True,False,unavailable_unseen_stadium_bias
2025,65639,박정수,Right,-66.55054389797259,137.84878848931353,0.05547214103717811,-1.0,0.02051922320874148,178.0,-0.05547214103717811,-0.02051922320874148,0.6655756083803624,1.3425159825945636,0.0,0.0,418,True,17.76095553739734,17.76095553739734,False,False,2.231163595390875,11.99713185164767,,,sum_of_two_90pct_reference_radii_KBO_coverage_unknown,estimated_KBO_angle_unvalidated,True,False,unavailable_unseen_stadium_bias
2025,65665,이준영,Left,41.88057196352383,187.9397297087221,-0.026523562379934106,-1.0,-0.01627379892428152,177.0,0.026523562379934106,0.01627379892428152,-0.42173017336291174,1.8200749429960414,0.0,0.0,565,True,51.61721879939677,51.61721879939677,False,False,2.231163595390875,11.99713185164767,,,sum_of_two_90pct_reference_radii_KBO_coverage_unknown,estimated_KBO_angle_unvalidated,True,False,unavailable_unseen_stadium_bias
2025,65707,주현상,Right,-46.23928851070272,180.39560989245868,0.034998645323324334,-1.0,-0.020054174385122598,177.0,-0.034998645323324334,0.020054174385122598,0.4627897588629478,1.753760739520421,0.0,0.0,776,True,46.54006077761547,46.54006077761547,False,False,2.231163595390875,11.99713185164767,,,sum_of_two_90pct_reference_radii_KBO_coverage_unknown,estimated_KBO_angle_unvalidated,True,False,unavailable_unseen_stadium_bias
2025,65769,김범수,Left,59.68140534140253,163.83755112722926,-0.04512504759111128,-1.0,-0.0074956566278652865,181.0,0.04512504759111128,0.0074956566278652865,-0.594087583643858,1.5965955238834022,0.0,0.0,768,True,33.804863634151125,33.804863634151125,False,False,2.231163595390875,11.99713185164767,,,sum_of_two_90pct_reference_radii_KBO_coverage_unknown,estimated_KBO_angle_unvalidated,True,False,unavailable_unseen_stadium_bias
2025,65933,구창모,Left,72.63980689373132,186.23971136359822,-0.05362312512796523,-1.0,-0.02948663268706976,183.0,0.05362312512796523,0.02948663268706976,-0.7138977329276021,1.81329675305741,0.0,0.0,250,False,44.60664652400463,44.60664652400463,False,False,2.231163595390875,11.99713185164767,30.378351076966087,58.83494197104318,sum_of_two_90pct_reference_radii_KBO_coverage_unknown,estimated_KBO_angle_unvalidated,True,False,reference_only_future_season_unvalidated
2025,65949,류진욱,Right,-48.69700082888672,169.8338674072989,0.04467814556316156,-1.0,-0.020196453131356998,189.0,-0.04467814556316156,0.020196453131356998,0.4887677589130097,1.6622933641893192,0.0,0.0,1061,True,34.83399284164121,34.83399284164121,False,False,2.231163595390875,11.99713185164767,,,sum_of_two_90pct_reference_radii_KBO_coverage_unknown,estimated_KBO_angle_unvalidated,True,False,unavailable_unseen_stadium_bias
2025,66018,김선기,Right,-61.51130903247346,172.7223900495969,0.04039628845009614,-1.0,-0.020659902332291813,187.0,-0.04039628845009614,0.020659902332291813,0.6087952614507741,1.6870253259592696,0.0,0.0,1386,True,35.751268652880015,35.751268652880015,False,False,2.231163595390875,11.99713185164767,,,sum_of_two_90pct_reference_radii_KBO_coverage_unknown,estimated_KBO_angle_unvalidated,True,False,unavailable_unseen_stadium_bias
2025,66291,이영하,Right,-63.149987180357755,206.28568012941986,0.039443998062129094,-1.0,-0.03541973358495554,192.0,-0.039443998062129094,0.03541973358495554,0.6232647971640378,2.002375546088455,0.0,0.0,1136,True,52.197268775534354,52.197268775534354,False,False,2.231163595390875,11.99713185164767,,,sum_of_two_90pct_reference_radii_KBO_coverage_unknown,estimated_KBO_angle_unvalidated,True,False,unavailable_unseen_stadium_bias
2025,66451,최충연,Right,-78.84391528947626,185.94772985605957,0.04505578413975831,-1.0,-0.0065579517614273684,190.0,-0.04505578413975831,0.0065579517614273684,0.7780364421194683,1.7986786396348298,0.0,0.0,60,True,39.158264774170554,,False,False,,,,,sum_of_two_90pct_reference_radii_KBO_coverage_unknown,withheld_small_sample,True,False,withheld_estimate
2025,66609,전상현,Right,-47.054831224881276,179.70520546445172,0.035294895917171394,-1.0,-0.02390151097702981,180.0,-0.035294895917171394,0.02390151097702981,0.4700008792220533,1.75080536733604,0.0,0.0,1048,True,44.75201437541818,44.75201437541818,False,False,2.231163595390875,11.99713185164767,,,sum_of_two_90pct_reference_radii_KBO_coverage_unknown,estimated_KBO_angle_unvalidated,True,False,unavailable_unseen_stadium_bias
2025,66858,정동윤,Right,-34.671317544764214,182.0738455905551,0.02326314399451777,-1.0,-0.01973376927046448,193.0,-0.02326314399451777,0.01973376927046448,0.35450022029298184,1.77495690077423,0.0,0.0,317,True,41.40059417576526,41.40059417576526,False,False,2.231163595390875,11.99713185164767,,,sum_of_two_90pct_reference_radii_KBO_coverage_unknown,estimated_KBO_angle_unvalidated,True,False,unavailable_unseen_stadium_bias
2025,66920,최성영,Left,69.92957985006441,183.4769155052942,-0.051259730566264525,-1.0,-0.02289186180315267,180.0,0.051259730566264525,0.02289186180315267,-0.6889557329699907,1.7833101841376777,0.0,0.0,921,True,44.57056125139145,44.57056125139145,False,False,2.231163595390875,11.99713185164767,,,sum_of_two_90pct_reference_radii_KBO_coverage_unknown,estimated_KBO_angle_unvalidated,True,False,unavailable_unseen_stadium_bias
2025,66965,도태훈,Right,-70.67177937634334,187.82250314344464,0.05234802932992633,-1.0,-0.00809804695331957,184.0,-0.05234802932992633,0.00809804695331957,0.7008035669859172,1.815335715179999,0.0,0.0,16,False,44.12829785536188,,False,False,,,,,sum_of_two_90pct_reference_radii_KBO_coverage_unknown,withheld_small_sample,True,False,withheld_estimate
2025,67048,이정현,Right,-32.56059127361891,175.70542170195466,0.022650256728816834,-1.0,-0.017812006844165684,188.0,-0.022650256728816834,0.017812006844165684,0.33376189350552393,1.7143151923472784,0.0,0.0,100,True,40.42134064771841,40.42134064771841,False,False,2.231163595390875,11.99713185164767,,,sum_of_two_90pct_reference_radii_KBO_coverage_unknown,estimated_KBO_angle_unvalidated,True,False,unavailable_unseen_stadium_bias
2025,67116,오석주,Right,-57.21143282378575,185.12096985491746,0.025451970288532313,-1.0,-0.000247067092616468,180.0,-0.025451970288532313,0.000247067092616468,0.5706576832441813,1.784789146665339,0.0,0.0,1031,True,45.716330967826735,45.716330967826735,False,False,2.231163595390875,11.99713185164767,,,sum_of_two_90pct_reference_radii_KBO_coverage_unknown,estimated_KBO_angle_unvalidated,True,False,unavailable_unseen_stadium_bias
2025,67143,손주영,Left,52.000521675131914,200.0227082637767,-0.02957035236201451,-1.0,-0.025547795921582007,191.0,0.02957035236201451,0.025547795921582007,-0.5184043206607122,1.9397148484143765,0.0,0.0,2494,True,50.6281521810591,50.6281521810591,False,False,2.231163595390875,11.99713185164767,,,sum_of_two_90pct_reference_radii_KBO_coverage_unknown,estimated_KBO_angle_unvalidated,True,False,unavailable_unseen_stadium_bias
2025,67246,김명신,Right,-35.67209391160068,179.24493822883437,0.02299617892581476,-1.0,-0.013334682963275106,178.0,-0.02299617892581476,0.013334682963275106,0.36293014856726874,1.7400254141993152,0.0,0.0,202,False,46.363930394388966,46.363930394388966,False,False,2.231163595390875,11.99713185164767,32.135634947350425,60.592225841427506,sum_of_two_90pct_reference_radii_KBO_coverage_unknown,estimated_KBO_angle_unvalidated,True,False,reference_only_future_season_unvalidated
2025,67263,최원준,Right,-81.09602197770428,141.33213033463497,0.06984468832624786,-1.0,0.008796338407532535,182.0,-0.06984468832624786,-0.008796338407532535,0.8030485797380933,1.3819956323990301,0.0,0.0,1855,True,16.67600907087153,16.67600907087153,False,False,2.231163595390875,11.99713185164767,,,sum_of_two_90pct_reference_radii_KBO_coverage_unknown,estimated_KBO_angle_unvalidated,True,False,unavailable_unseen_stadium_bias
2025,67266,박치국,Right,-75.64767184329197,127.21001422954508,0.05778398923672099,-1.0,0.022707144452630643,177.0,-0.05778398923672099,-0.022707144452630643,0.7515496724076529,1.2436173328000926,0.0,0.0,1045,True,10.724653307282932,10.724653307282932,False,False,2.231163595390875,11.99713185164767,,,sum_of_two_90pct_reference_radii_KBO_coverage_unknown,estimated_KBO_angle_unvalidated,True,False,unavailable_unseen_stadium_bias
2025,67365,양지율,Right,-48.05215215805409,168.81935603435835,0.040415458419184695,-1.0,-0.021417981643563615,185.0,-0.040415458419184695,0.021417981643563615,0.48098653100784233,1.6522976300264285,0.0,0.0,268,True,36.18407840070373,36.18407840070373,False,False,2.231163595390875,11.99713185164767,,,sum_of_two_90pct_reference_radii_KBO_coverage_unknown,estimated_KBO_angle_unvalidated,True,False,unavailable_unseen_stadium_bias
2025,67419,문용익,Right,-40.982193387924326,172.82075064994856,0.031818305549107855,-1.0,-0.02277610825526785,178.0,-0.031818305549107855,0.02277610825526785,0.41165926947482845,1.6872136270635318,0.0,0.0,533,True,42.52833794132004,42.52833794132004,False,False,2.231163595390875,11.99713185164767,,,sum_of_two_90pct_reference_radii_KBO_coverage_unknown,estimated_KBO_angle_unvalidated,True,False,unavailable_unseen_stadium_bias
2025,67539,나균안,Right,-37.31938595183857,181.95700985789807,0.03135947331518585,-1.0,-0.019620926801967482,186.0,-0.03135947331518585,0.019620926801967482,0.3796706719443892,1.7714131795795178,0.0,0.0,2328,True,44.15473660021119,44.15473660021119,False,False,2.231163595390875,11.99713185164767,,,sum_of_two_90pct_reference_radii_KBO_coverage_unknown,estimated_KBO_angle_unvalidated,True,False,unavailable_unseen_stadium_bias
2025,67588,윤성빈,Right,-79.36606142903784,172.06113023920057,0.06560555651742167,-1.0,-0.01932146546596454,197.0,-0.06560555651742167,0.01932146546596454,0.7832479042760909,1.683278729719435,0.0,0.0,517,True,28.67061547072955,28.67061547072955,False,False,2.231163595390875,11.99713185164767,,,sum_of_two_90pct_reference_radii_KBO_coverage_unknown,estimated_KBO_angle_unvalidated,True,False,unavailable_unseen_stadium_bias
2025,67640,유승철,Right,-38.91289219541773,188.76667197779582,0.02798145708183602,-1.0,-0.03489502429675418,184.0,-0.02798145708183602,0.03489502429675418,0.3904043733748466,1.8414762812879535,0.0,0.0,40,True,49.206320850133395,,False,False,,,,,sum_of_two_90pct_reference_radii_KBO_coverage_unknown,withheld_small_sample,True,False,withheld_estimate
2025,67703,박상원,Right,-63.648211468590404,182.8599880304523,0.048502151224288345,-1.0,-0.02013531205783328,187.0,-0.048502151224288345,0.02013531205783328,0.6310147070727773,1.7789102588601897,0.0,0.0,1128,True,41.10508293385823,41.10508293385823,False,False,2.231163595390875,11.99713185164767,,,sum_of_two_90pct_reference_radii_KBO_coverage_unknown,estimated_KBO_angle_unvalidated,True,False,unavailable_unseen_stadium_bias
2025,67828,김성민,Left,66.76785192485508,157.03391818864864,-0.05647159795099557,-1.0,0.008824837838696788,181.0,0.05647159795099557,-0.008824837838696788,-0.6664966639347149,1.5248754867326766,0.0,0.0,397,True,28.40440375964868,28.40440375964868,False,False,2.231163595390875,11.99713185164767,,,sum_of_two_90pct_reference_radii_KBO_coverage_unknown,estimated_KBO_angle_unvalidated,True,False,unavailable_unseen_stadium_bias
2025,67954,김진호,Right,-48.09704177708401,162.46553247386086,0.05312062786845338,-1.0,-0.007949855832765952,183.0,-0.05312062786845338,0.007949855832765952,0.4861202574309384,1.5862193993954325,0.0,0.0,1305,True,33.03234886749736,33.03234886749736,False,False,2.231163595390875,11.99713185164767,,,sum_of_two_90pct_reference_radii_KBO_coverage_unknown,estimated_KBO_angle_unvalidated,True,False,unavailable_unseen_stadium_bias
2025,67956,김태현,Left,61.39045440213405,188.74340503974798,-0.05483426939579741,-1.0,-0.02241784732538959,188.0,0.05483426939579741,0.02241784732538959,-0.6106526971345553,1.8344473674916277,0.0,0.0,69,True,44.67722876608233,,False,False,,,,,sum_of_two_90pct_reference_radii_KBO_coverage_unknown,withheld_small_sample,True,False,withheld_estimate
2025,67962,소이현,Right,-54.713791982444164,176.23637518306296,0.039680255689760774,-1.0,-0.017918393602260916,185.0,-0.039680255689760774,0.017918393602260916,0.5451048198125633,1.7170707820860704,0.0,0.0,140,True,39.32140944191751,39.32140944191751,False,False,2.231163595390875,11.99713185164767,,,sum_of_two_90pct_reference_radii_KBO_coverage_unknown,estimated_KBO_angle_unvalidated,True,False,unavailable_unseen_stadium_bias
2025,68043,김민,Right,-52.77593874248226,186.01918028402878,0.04891588138574337,-1.0,-0.02524264608088283,185.0,-0.04891588138574337,0.02524264608088283,0.5270245351532512,1.8107631532089414,0.0,0.0,944,True,45.249400606929406,45.249400606929406,False,False,2.231163595390875,11.99713185164767,,,sum_of_two_90pct_reference_radii_KBO_coverage_unknown,estimated_KBO_angle_unvalidated,True,False,unavailable_unseen_stadium_bias
2025,68050,강백호,Right,-40.67142699123294,165.05996076811323,0.039389163826456124,-1.0,-0.0022410244759560414,184.0,-0.039389163826456124,0.0022410244759560414,0.41561982764242766,1.60682429074085,0.0,0.0,25,False,34.75604084662859,,False,False,,,,,sum_of_two_90pct_reference_radii_KBO_coverage_unknown,withheld_small_sample,True,False,withheld_estimate
2025,68092,한두솔,Left,22.01695440240575,183.13385218704482,-0.013829518787564506,-1.0,-0.025968966095850685,177.0,0.013829518787564506,0.025968966095850685,-0.2294504314349051,1.7832580867342676,0.0,0.0,646,True,51.94653420153235,51.94653420153235,False,False,2.231163595390875,11.99713185164767,,,sum_of_two_90pct_reference_radii_KBO_coverage_unknown,estimated_KBO_angle_unvalidated,True,False,unavailable_unseen_stadium_bias
2025,68159,성동현,Right,-41.10117116973138,191.94779421848418,0.031692871007924325,-1.0,-0.027323241882878872,189.0,-0.031692871007924325,0.027323241882878872,0.4145754153113224,1.8675787507517219,0.0,0.0,201,True,47.99769146978531,47.99769146978531,False,False,2.231163595390875,11.99713185164767,,,sum_of_two_90pct_reference_radii_KBO_coverage_unknown,estimated_KBO_angle_unvalidated,True,False,unavailable_unseen_stadium_bias
2025,68200,김민규,Right,-53.619222294612165,174.43749051463118,0.0414865545490779,-1.0,-0.012269323324468328,183.0,-0.0414865545490779,0.012269323324468328,0.5360562953117506,1.6967784141850915,0.0,0.0,199,True,39.161662715330465,39.161662715330465,False,False,2.231163595390875,11.99713185164767,,,sum_of_two_90pct_reference_radii_KBO_coverage_unknown,estimated_KBO_angle_unvalidated,True,False,unavailable_unseen_stadium_bias
2025,68220,곽빈,Right,-35.0042523805432,187.16288968111593,0.02860175098526903,-1.0,-0.01890898892040572,187.0,-0.02860175098526903,0.01890898892040572,0.3580452737833814,1.8187131225621143,0.0,0.0,1804,True,46.75950534703913,46.75950534703913,False,False,2.231163595390875,11.99713185164767,,,sum_of_two_90pct_reference_radii_KBO_coverage_unknown,estimated_KBO_angle_unvalidated,True,False,unavailable_unseen_stadium_bias
2025,68242,정철원,Right,-19.794294977945068,187.88242250136454,0.018094608048733946,-1.0,-0.019200888986989035,192.0,-0.018094608048733946,0.019200888986989035,0.2135786982534485,1.8279692946976045,0.0,0.0,1169,True,46.79833377545704,46.79833377545704,False,False,2.231163595390875,11.99713185164767,,,sum_of_two_90pct_reference_radii_KBO_coverage_unknown,estimated_KBO_angle_unvalidated,True,False,unavailable_unseen_stadium_bias
2025,68249,박신지,Right,-51.433103802654934,182.88824728199586,0.0461284440427789,-1.0,-0.02147981158244317,185.0,-0.0461284440427789,0.02147981158244317,0.5146666684650648,1.7800775373761104,0.0,0.0,1011,True,43.52385833221455,43.52385833221455,False,False,2.231163595390875,11.99713185164767,,,sum_of_two_90pct_reference_radii_KBO_coverage_unknown,estimated_KBO_angle_unvalidated,True,False,unavailable_unseen_stadium_bias
2025,68269,김호준,Left,27.048836933696034,172.00767938988014,-0.04108527651338281,-1.0,-0.016542045481745534,180.0,0.04108527651338281,0.016542045481745534,-0.28345033690577437,1.67812645481708,0.0,0.0,218,False,43.56546125946028,43.56546125946028,False,False,2.231163595390875,11.99713185164767,29.337165812421734,57.793756706498826,sum_of_two_90pct_reference_radii_KBO_coverage_unknown,estimated_KBO_angle_unvalidated,True,False,reference_only_future_season_unvalidated
2025,68415,양창섭,Right,-42.69375980201644,172.67678104062708,0.03359465842801356,-1.0,-0.008340587983441486,182.0,-0.03359465842801356,0.008340587983441486,0.4323966113249093,1.6786209274088553,0.0,0.0,975,True,39.81351553403494,39.81351553403494,False,False,2.231163595390875,11.99713185164767,,,sum_of_two_90pct_reference_radii_KBO_coverage_unknown,estimated_KBO_angle_unvalidated,True,False,unavailable_unseen_stadium_bias
2025,68419,최지명,Left,44.475481040771,185.66570463991079,-0.032400686377977175,-1.0,-0.014053566697655824,186.0,0.032400686377977175,0.014053566697655824,-0.4490317007608782,1.8012834875776667,0.0,0.0,506,True,45.76529387915525,45.76529387915525,False,False,2.231163595390875,11.99713185164767,,,sum_of_two_90pct_reference_radii_KBO_coverage_unknown,estimated_KBO_angle_unvalidated,True,False,unavailable_unseen_stadium_bias
2025,68556,정성종,Right,-63.67042387520136,161.67065652542433,0.04226954947115496,-1.0,0.0074602142798325605,181.0,-0.04226954947115496,-0.0074602142798325605,0.6349507349575358,1.5675787081548318,0.0,0.0,37,False,30.919668227809098,,False,False,,,,,sum_of_two_90pct_reference_radii_KBO_coverage_unknown,withheld_small_sample,True,False,withheld_estimate
2025,68619,윤중현,Right,-73.62446523903544,127.41572848423927,0.05524932877140303,-1.0,0.024877766976019476,180.0,-0.05524932877140303,-0.024877766976019476,0.7330973117042537,1.2453176053081387,0.0,0.0,159,True,9.851699706637618,9.851699706637618,False,False,2.231163595390875,11.99713185164767,,,sum_of_two_90pct_reference_radii_KBO_coverage_unknown,estimated_KBO_angle_unvalidated,True,False,unavailable_unseen_stadium_bias
2025,68639,하준영,Left,75.80744075384517,179.15373325026874,-0.05491932855172539,-1.0,-0.02871836891579378,182.0,0.05491932855172539,0.02871836891579378,-0.7435978027664868,1.7479222801132162,0.0,0.0,129,True,40.70967880181339,40.70967880181339,False,False,2.231163595390875,11.99713185164767,,,sum_of_two_90pct_reference_radii_KBO_coverage_unknown,estimated_KBO_angle_unvalidated,True,False,unavailable_unseen_stadium_bias
2025,68830,김정우,Right,-70.43980920282912,165.44841099476446,0.059356308339401635,-1.0,-0.012096960161777099,183.0,-0.059356308339401635,0.012096960161777099,0.6971555406554584,1.6143668556902164,0.0,0.0,395,True,32.128014583689506,32.128014583689506,False,False,2.231163595390875,11.99713185164767,,,sum_of_two_90pct_reference_radii_KBO_coverage_unknown,estimated_KBO_angle_unvalidated,True,False,unavailable_unseen_stadium_bias
2025,68856,최민준,Right,-38.00922143274436,176.44936710613499,0.03010635613105872,-1.0,-0.010731555005393816,178.0,-0.03010635613105872,0.010731555005393816,0.3866047212065375,1.7131322476430324,0.0,0.0,1170,True,44.427691201258874,44.427691201258874,False,False,2.231163595390875,11.99713185164767,,,sum_of_two_90pct_reference_radii_KBO_coverage_unknown,estimated_KBO_angle_unvalidated,True,False,unavailable_unseen_stadium_bias
2025,68896,이채호,Right,-71.6651894319934,113.58380558496279,0.04431307988132044,-1.0,0.03285473186133755,185.0,-0.04431307988132044,-0.03285473186133755,0.7148407915835363,1.1164556262171754,0.0,0.0,195,True,0.1516725356541997,0.1516725356541997,False,False,2.231163595390875,11.99713185164767,,,sum_of_two_90pct_reference_radii_KBO_coverage_unknown,estimated_KBO_angle_unvalidated,True,False,unavailable_unseen_stadium_bias
2025,68900,김영규,Left,66.47145610481311,193.26468965246588,-0.052301152735024045,-1.0,-0.0351731506738136,188.0,0.052301152735024045,0.0351731506738136,-0.6552615101937019,1.882697572996159,0.0,0.0,761,True,47.0237095196601,47.0237095196601,False,False,2.231163595390875,11.99713185164767,,,sum_of_two_90pct_reference_radii_KBO_coverage_unknown,estimated_KBO_angle_unvalidated,True,False,unavailable_unseen_stadium_bias
2025,68902,신민혁,Right,-14.122693332625389,179.62677387703468,0.0220801504273813,-1.0,-0.01059485237769104,184.0,-0.0220801504273813,0.01059485237769104,0.16104777848392135,1.7455293597551373,0.0,0.0,2292,True,46.41730881767507,46.41730881767507,False,False,2.231163595390875,11.99713185164767,,,sum_of_two_90pct_reference_radii_KBO_coverage_unknown,estimated_KBO_angle_unvalidated,True,False,unavailable_unseen_stadium_bias
2025,68928,김시훈,Right,-46.73540353982197,191.93365755238472,0.041189229784070996,-1.0,-0.013588537501209107,188.0,-0.041189229784070996,0.013588537501209107,0.4725876731558068,1.8587742534636833,0.0,0.0,437,True,47.2807943173369,47.2807943173369,False,False,2.231163595390875,11.99713185164767,,,sum_of_two_90pct_reference_radii_KBO_coverage_unknown,estimated_KBO_angle_unvalidated,True,False,unavailable_unseen_stadium_bias
2025,69032,쿠에바스,Right,-52.20607303432095,171.969617445381,0.032814546659664615,-1.0,-0.014217831148029702,188.0,-0.032814546659664615,0.014217831148029702,0.5215028005757559,1.677121747402725,0.0,0.0,1661,True,35.76456102990585,35.76456102990585,False,False,2.231163595390875,11.99713185164767,,,sum_of_two_90pct_reference_radii_KBO_coverage_unknown,estimated_KBO_angle_unvalidated,True,False,unavailable_unseen_stadium_bias
2025,69041,손동현,Right,-29.28111877930726,173.95383488133103,0.027533762930969173,-1.0,-0.021635243183743328,183.0,-0.027533762930969173,0.021635243183743328,0.3016907871749089,1.6993147489511544,0.0,0.0,942,True,42.272016411346335,42.272016411346335,False,False,2.231163595390875,11.99713185164767,,,sum_of_two_90pct_reference_radii_KBO_coverage_unknown,estimated_KBO_angle_unvalidated,True,False,unavailable_unseen_stadium_bias
2025,69045,알칸타라,Right,-35.67180239557617,182.05688959296566,0.03169094884006171,-1.0,-0.03089989910395414,193.0,-0.03169094884006171,0.03089989910395414,0.3624454911182473,1.7816838324635955,0.0,0.0,1796,True,41.68809634425922,41.68809634425922,False,False,2.231163595390875,11.99713185164767,,,sum_of_two_90pct_reference_radii_KBO_coverage_unknown,estimated_KBO_angle_unvalidated,True,False,unavailable_unseen_stadium_bias
2025,69047,전용주,Left,62.054097150450765,177.90950704944993,-0.05369793763581504,-1.0,-0.02475903689216402,188.0,0.05369793763581504,0.02475903689216402,-0.6154696026252385,1.737345364508805,0.0,0.0,257,True,38.800160317194745,38.800160317194745,False,False,2.231163595390875,11.99713185164767,,,sum_of_two_90pct_reference_radii_KBO_coverage_unknown,estimated_KBO_angle_unvalidated,True,False,unavailable_unseen_stadium_bias
2025,69054,이상동,Right,-45.4285230254009,184.18259974172605,0.033391203368159705,-1.0,-0.026649352427419767,181.0,-0.033391203368159705,0.026649352427419767,0.4540901813338294,1.7935349376891125,0.0,0.0,648,True,47.05836990549089,47.05836990549089,False,False,2.231163595390875,11.99713185164767,,,sum_of_two_90pct_reference_radii_KBO_coverage_unknown,estimated_KBO_angle_unvalidated,True,False,unavailable_unseen_stadium_bias
2025,69108,이지강,Right,-31.89043773486997,176.85127690088294,0.030854904971794835,-1.0,-0.021025649168845157,183.0,-0.030854904971794835,0.021025649168845157,0.3271833583074461,1.725188003873609,0.0,0.0,883,True,43.4874848136824,43.4874848136824,False,False,2.231163595390875,11.99713185164767,,,sum_of_two_90pct_reference_radii_KBO_coverage_unknown,estimated_KBO_angle_unvalidated,True,False,unavailable_unseen_stadium_bias
2025,69113,임준형,Left,67.1674198597437,160.83633428487897,-0.05430178094108719,-1.0,0.0039018364786739214,180.0,0.05430178094108719,-0.0039018364786739214,-0.6687512118566906,1.5619084030930686,0.0,0.0,179,False,31.106641640732754,31.106641640732754,False,False,2.231163595390875,11.99713185164767,16.87834619369421,45.334937087771294,sum_of_two_90pct_reference_radii_KBO_coverage_unknown,estimated_KBO_angle_unvalidated,True,False,reference_only_future_season_unvalidated
2025,69134,이정용,Right,-41.33639155562502,188.473378336749,0.035206770874292345,-1.0,-0.017137230535209783,186.0,-0.035206770874292345,0.017137230535209783,0.4192355962872608,1.828954409468552,0.0,0.0,575,True,47.1153719256166,47.1153719256166,False,False,2.231163595390875,11.99713185164767,,,sum_of_two_90pct_reference_radii_KBO_coverage_unknown,estimated_KBO_angle_unvalidated,True,False,unavailable_unseen_stadium_bias
2025,69159,정우영,Right,-73.51828804003529,123.01918495558706,0.05995260564779707,-1.0,0.0332990963220612,193.0,-0.05995260564779707,-0.0332990963220612,0.7368018892430221,1.2051133885953216,0.0,0.0,56,True,2.2380672999869162,,False,False,,,,,sum_of_two_90pct_reference_radii_KBO_coverage_unknown,withheld_small_sample,True,False,withheld_estimate
2025,69205,이교훈,Left,65.99368825287526,185.20667283266172,-0.057284354001789,-1.0,-0.029643591537751545,181.0,0.057284354001789,0.029643591537751545,-0.6513113923327218,1.8039011949358275,0.0,0.0,125,True,45.78741416567322,45.78741416567322,False,False,2.231163595390875,11.99713185164767,,,sum_of_two_90pct_reference_radii_KBO_coverage_unknown,estimated_KBO_angle_unvalidated,True,False,unavailable_unseen_stadium_bias
2025,69213,윤산흠,Right,-29.349711377974373,171.6175627028782,0.014392032283138038,-1.0,-0.002972248216747075,178.0,-0.014392032283138038,0.002972248216747075,0.3040390954489498,1.664719928088724,0.0,0.0,268,True,42.513125566284984,42.513125566284984,False,False,2.231163595390875,11.99713185164767,,,sum_of_two_90pct_reference_radii_KBO_coverage_unknown,estimated_KBO_angle_unvalidated,True,False,unavailable_unseen_stadium_bias
2025,69328,박주성,Right,-16.53548595913846,162.45604720365176,0.02206502150040717,-1.0,-0.0075035178287592525,181.0,-0.02206502150040717,0.0075035178287592525,0.18305348472145125,1.586455996095576,0.0,0.0,865,True,38.10964570696845,38.10964570696845,False,False,2.231163595390875,11.99713185164767,,,sum_of_two_90pct_reference_radii_KBO_coverage_unknown,estimated_KBO_angle_unvalidated,True,False,unavailable_unseen_stadium_bias
2025,69360,조영건,Right,-41.47487663239564,187.38277547642403,0.03461115895722272,-1.0,-0.028528682727908327,180.0,-0.03461115895722272,0.028528682727908327,0.4165220077802972,1.823704112794225,0.0,0.0,1330,True,49.84888802000138,49.84888802000138,False,False,2.231163595390875,11.99713185164767,,,sum_of_two_90pct_reference_radii_KBO_coverage_unknown,estimated_KBO_angle_unvalidated,True,False,unavailable_unseen_stadium_bias
2025,69446,원태인,Right,-49.88999852804734,171.44758128947268,0.038581541318666784,-1.0,-0.010538721961973576,183.0,-0.038581541318666784,0.010538721961973576,0.5006456810794848,1.6687603884658786,0.0,0.0,2492,True,37.88062060267741,37.88062060267741,False,False,2.231163595390875,11.99713185164767,,,sum_of_two_90pct_reference_radii_KBO_coverage_unknown,estimated_KBO_angle_unvalidated,True,False,unavailable_unseen_stadium_bias
2025,69516,김현수,Right,-43.857991418542426,175.7708261167333,0.03292701230466031,-1.0,-0.010311412273781226,185.0,-0.03292701230466031,0.010311412273781226,0.4434581900374852,1.7088648021023487,0.0,0.0,309,True,40.077615062930946,40.077615062930946,False,False,2.231163595390875,11.99713185164767,,,sum_of_two_90pct_reference_radii_KBO_coverage_unknown,estimated_KBO_angle_unvalidated,True,False,unavailable_unseen_stadium_bias
2025,69594,박진,Right,-7.968331839261724,186.18432969950086,0.012159621291813168,-1.0,-0.01735924609522163,182.0,-0.012159621291813168,0.01735924609522163,0.09974920014419897,1.8085650055316438,0.0,0.0,1175,True,51.865490140416014,51.865490140416014,False,False,2.231163595390875,11.99713185164767,,,sum_of_two_90pct_reference_radii_KBO_coverage_unknown,estimated_KBO_angle_unvalidated,True,False,unavailable_unseen_stadium_bias
2025,69620,김기훈,Left,31.8639751878489,190.74403110859802,-0.03119355359799528,-1.0,-0.031248773335114333,184.0,0.03119355359799528,0.031248773335114333,-0.3254195913502875,1.857876906956966,0.0,0.0,464,True,51.71053875876492,51.71053875876492,False,False,2.231163595390875,11.99713185164767,,,sum_of_two_90pct_reference_radii_KBO_coverage_unknown,estimated_KBO_angle_unvalidated,True,False,unavailable_unseen_stadium_bias
2025,69643,홍원빈,Right,-46.201937247460954,190.08865345509517,0.04010317135402264,-1.0,-0.024146529402776205,195.0,-0.04010317135402264,0.024146529402776205,0.46571714852562907,1.8508183970539005,0.0,0.0,36,True,43.475195725631714,,False,False,,,,,sum_of_two_90pct_reference_radii_KBO_coverage_unknown,withheld_small_sample,True,False,withheld_estimate
2025,69745,김도현,Right,-49.63726561531759,179.82562534185564,0.04336788466191831,-1.0,-0.015973378583327594,183.0,-0.04336788466191831,0.015973378583327594,0.4981603119033097,1.7482935661399241,0.0,0.0,2068,True,42.771009982713004,42.771009982713004,False,False,2.231163595390875,11.99713185164767,,,sum_of_two_90pct_reference_radii_KBO_coverage_unknown,estimated_KBO_angle_unvalidated,True,False,unavailable_unseen_stadium_bias
2025,69969,전사민,Right,-29.52733627290072,188.5208153013003,0.033789293111333524,-1.0,-0.021599641096430835,194.0,-0.033789293111333524,0.021599641096430835,0.3076972438859823,1.8357111722244048,0.0,0.0,1350,True,45.07571548518567,45.07571548518567,False,False,2.231163595390875,11.99713185164767,,,sum_of_two_90pct_reference_radii_KBO_coverage_unknown,estimated_KBO_angle_unvalidated,True,False,unavailable_unseen_stadium_bias
2025,72523,고효준,Left,57.279092269547654,174.47026851886739,-0.04164596236529283,-1.0,-0.01927355298647043,179.0,0.04164596236529283,0.01927355298647043,-0.5682097386816983,1.6995850653697373,0.0,0.0,441,True,41.39334930964304,41.39334930964304,False,False,2.231163595390875,11.99713185164767,,,sum_of_two_90pct_reference_radii_KBO_coverage_unknown,estimated_KBO_angle_unvalidated,True,False,unavailable_unseen_stadium_bias
2025,73117,우규민,Right,-107.40583997037662,101.6594028708598,0.06816365862505021,-1.0,0.051278391420934336,184.0,-0.06816365862505021,-0.051278391420934336,1.0597771571941248,0.9949154711784636,0.0,0.0,660,True,-12.340243239305913,-12.340243239305913,False,False,2.231163595390875,11.99713185164767,,,sum_of_two_90pct_reference_radii_KBO_coverage_unknown,estimated_KBO_angle_unvalidated,True,False,unavailable_unseen_stadium_bias
2025,73211,노경은,Right,-39.60692021022896,186.1081235815086,0.04041932726375654,-1.0,-0.020840199810595417,187.0,-0.04041932726375654,0.020840199810595417,0.40280979613316004,1.8103337935942287,0.0,0.0,1177,True,45.70892571098111,45.70892571098111,False,False,2.231163595390875,11.99713185164767,,,sum_of_two_90pct_reference_radii_KBO_coverage_unknown,estimated_KBO_angle_unvalidated,True,False,unavailable_unseen_stadium_bias
2025,73801,송은범,Right,-48.7277361136239,177.47464057498627,0.043450381158803786,-1.0,-0.018558578222393922,182.0,-0.043450381158803786,0.018558578222393922,0.4886239038845623,1.7281977683829803,0.0,0.0,93,False,42.148286339949465,,False,False,,,,,sum_of_two_90pct_reference_radii_KBO_coverage_unknown,withheld_small_sample,True,False,withheld_estimate
2025,75421,오승환,Right,-73.14512285177527,167.6914503464545,0.0541341489874108,-1.0,-0.000836467856502432,178.0,-0.0541341489874108,0.000836467856502432,0.7240553230939107,1.6258645456304588,0.0,0.0,173,True,35.015117448823865,35.015117448823865,False,False,2.231163595390875,11.99713185164767,,,sum_of_two_90pct_reference_radii_KBO_coverage_unknown,estimated_KBO_angle_unvalidated,True,False,unavailable_unseen_stadium_bias
2025,75867,김진성,Right,0.8829219660000553,208.57519098708462,0.01324369154130992,-1.0,-0.037615926232416316,186.0,-0.01324369154130992,0.037615926232416316,0.013265821343857415,2.026189305986203,0.0,0.16612641815235007,1234,True,63.64791389820805,63.64791389820805,False,False,2.231163595390875,11.99713185164767,,,sum_of_two_90pct_reference_radii_KBO_coverage_unknown,estimated_KBO_angle_unvalidated,True,False,unavailable_unseen_stadium_bias
2025,76118,원종현,Right,-35.715915925438004,157.30615038859494,0.0276566071595933,-1.0,-0.010976091495273661,182.0,-0.0276566071595933,0.010976091495273661,0.36396114500957416,1.5408851748263634,0.0,0.0,931,True,32.38929677274278,32.38929677274278,False,False,2.231163595390875,11.99713185164767,,,sum_of_two_90pct_reference_radii_KBO_coverage_unknown,estimated_KBO_angle_unvalidated,True,False,unavailable_unseen_stadium_bias
2025,76225,김건국,Right,-36.73706924446139,184.64934312979287,0.028364794321638947,-1.0,-0.01806967114467733,183.0,-0.028364794321638947,0.01806967114467733,0.373776015734496,1.793823644073258,0.0,0.0,840,True,47.029799351887746,47.029799351887746,False,False,2.231163595390875,11.99713185164767,,,sum_of_two_90pct_reference_radii_KBO_coverage_unknown,estimated_KBO_angle_unvalidated,True,False,unavailable_unseen_stadium_bias
2025,76715,류현진,Left,61.63057746931725,187.2544242784715,-0.052580172304628345,-1.0,-0.017645927570846365,190.0,0.052580172304628345,0.017645927570846365,-0.6140034272784332,1.8186851430242703,0.0,0.0,2271,True,42.73153820139798,42.73153820139798,False,False,2.231163595390875,11.99713185164767,,,sum_of_two_90pct_reference_radii_KBO_coverage_unknown,estimated_KBO_angle_unvalidated,True,False,unavailable_unseen_stadium_bias
2025,77211,이용찬,Right,-69.18751451127537,167.58481352621277,0.05848535012251924,-1.0,0.0033724764874717233,185.0,-0.05848535012251924,-0.0033724764874717233,0.6895762124733025,1.625291998928992,0.0,0.0,333,True,31.935950922089454,31.935950922089454,False,False,2.231163595390875,11.99713185164767,,,sum_of_two_90pct_reference_radii_KBO_coverage_unknown,estimated_KBO_angle_unvalidated,True,False,unavailable_unseen_stadium_bias
2025,77263,김강률,Right,-21.642039368184328,186.14901183246,0.006649693694348051,-1.0,-0.014457283188571497,187.0,-0.006649693694348051,0.014457283188571497,0.22949721463806264,1.807103955584815,0.0,0.0,182,True,47.70999063953216,47.70999063953216,False,False,2.231163595390875,11.99713185164767,,,sum_of_two_90pct_reference_radii_KBO_coverage_unknown,estimated_KBO_angle_unvalidated,True,False,unavailable_unseen_stadium_bias
2025,77446,백정현,Left,36.31834803811107,177.96445472573478,-0.02755272698025269,-1.0,-0.024172978796988966,184.0,0.02755272698025269,0.024172978796988966,-0.3678920583587357,1.7371074555458454,0.0,0.0,505,True,44.01928919805755,44.01928919805755,False,False,2.231163595390875,11.99713185164767,,,sum_of_two_90pct_reference_radii_KBO_coverage_unknown,estimated_KBO_angle_unvalidated,True,False,unavailable_unseen_stadium_bias
2025,77637,양현종,Left,61.6960509718596,190.66480089092522,-0.045420071168185354,-1.0,-0.030442852877894496,183.0,0.045420071168185354,0.030442852877894496,-0.6093232153422575,1.854601097998714,0.0,0.0,2497,True,48.38922615272195,48.38922615272195,False,False,2.231163595390875,11.99713185164767,,,sum_of_two_90pct_reference_radii_KBO_coverage_unknown,estimated_KBO_angle_unvalidated,True,False,unavailable_unseen_stadium_bias
2025,77829,김광현,Left,43.22834968491196,182.0817273092972,-0.023920222965026678,-1.0,-0.02165269477098613,188.0,0.023920222965026678,0.02165269477098613,-0.43408837770443753,1.7737981961353328,0.0,0.0,2452,True,43.42043963359221,43.42043963359221,False,False,2.231163595390875,11.99713185164767,,,sum_of_two_90pct_reference_radii_KBO_coverage_unknown,estimated_KBO_angle_unvalidated,True,False,unavailable_unseen_stadium_bias
2025,78352,임창민,Right,-63.655976118824576,180.93094588586285,0.05309128664039032,-1.0,-0.01848413101614798,183.0,-0.05309128664039032,0.01848413101614798,0.6314675126600148,1.7591274544544746,0.0,0.0,265,True,41.90064202090936,41.90064202090936,False,False,2.231163595390875,11.99713185164767,,,sum_of_two_90pct_reference_radii_KBO_coverage_unknown,estimated_KBO_angle_unvalidated,True,False,unavailable_unseen_stadium_bias
2025,79140,최동환,Right,-30.207759232192885,189.39846809295207,0.012401873092249611,-1.0,-0.027670968602903422,184.0,-0.012401873092249611,0.027670968602903422,0.30763353078904865,1.8430243819210905,0.0,0.018404907975460124,326,True,50.29268093170746,50.29268093170746,False,False,2.231163595390875,11.99713185164767,,,sum_of_two_90pct_reference_radii_KBO_coverage_unknown,estimated_KBO_angle_unvalidated,True,False,unavailable_unseen_stadium_bias
2026,50030,소형준,Right,-37.828884176386815,168.41274170791033,0.031365075729697586,-1.0,-0.009341124614811664,189.0,-0.031365075729697586,0.009341124614811664,0.3867308029335275,1.6432513397958688,0.4761652542372881,0.0,1888,True,35.06226246121947,35.06226246121947,False,False,2.231163595390875,11.99713185164767,,,sum_of_two_90pct_reference_radii_KBO_coverage_unknown,estimated_KBO_angle_unvalidated,True,True,unavailable_unseen_stadium_bias
2026,50036,이강준,Right,-76.41094308370045,146.74790696035242,0.07412580118354989,-1.0,-0.0046258352491566216,180.0,-0.07412580118354989,0.0046258352491566216,0.7561085888612322,1.4389957810995493,1.0,0.0,227,False,21.784153159955586,21.784153159955586,False,False,2.231163595390875,11.99713185164767,7.555857712917042,36.01244860699413,sum_of_two_90pct_reference_radii_KBO_coverage_unknown,estimated_KBO_angle_unvalidated,True,True,reference_only_future_season_unvalidated
2026,50106,유영찬,Right,-61.912484340806216,174.21951342530286,0.048778775552715245,-1.0,-0.016751899538143558,185.0,-0.048778775552715245,0.016751899538143558,0.6146711062720781,1.6978202601253625,0.0,0.0,182,False,37.308670988749114,37.308670988749114,False,False,2.231163595390875,11.99713185164767,23.08037554171057,51.53696643578766,sum_of_two_90pct_reference_radii_KBO_coverage_unknown,estimated_KBO_angle_unvalidated,True,False,reference_only_future_season_unvalidated
2026,50126,이민호,Right,-50.12038013169636,162.839785538817,0.04741967772508869,-1.0,-0.01955836863507525,189.0,-0.04741967772508869,0.01955836863507525,0.5023652000760663,1.5983608126801772,0.0,0.0,18,False,30.83279369484746,,False,False,,,,,sum_of_two_90pct_reference_radii_KBO_coverage_unknown,withheld_small_sample,True,False,withheld_estimate
2026,50157,김윤식,Left,48.195156359901404,178.74903041191385,-0.03979312028265599,-1.0,-0.009238420600691116,181.0,0.03979312028265599,0.009238420600691116,-0.48529942640735696,1.7337637791199787,0.3438538205980066,0.0,602,True,43.6085280227162,43.6085280227162,False,False,2.231163595390875,11.99713185164767,,,sum_of_two_90pct_reference_radii_KBO_coverage_unknown,estimated_KBO_angle_unvalidated,True,True,unavailable_unseen_stadium_bias
2026,50234,플렉센,Right,-19.79511917793423,208.3859269354016,0.015643683307536738,-1.0,-0.03499929665695066,190.0,-0.015643683307536738,0.03499929665695066,0.2101432980999783,2.0228902699948406,0.0,0.0,111,False,59.06775831039471,59.06775831039471,False,False,2.231163595390875,11.99713185164767,44.83946286335616,73.29605375743326,sum_of_two_90pct_reference_radii_KBO_coverage_unknown,estimated_KBO_angle_unvalidated,True,False,reference_only_future_season_unvalidated
2026,50464,이승민,Left,36.86256229843572,164.84715253661057,-0.040521292468885146,-1.0,-0.008557533602686351,174.0,0.040521292468885146,0.008557533602686351,-0.3766130955541091,1.6054369092631058,0.39652173913043476,0.0,1150,True,40.58968201709303,40.58968201709303,False,False,2.231163595390875,11.99713185164767,,,sum_of_two_90pct_reference_radii_KBO_coverage_unknown,estimated_KBO_angle_unvalidated,True,True,unavailable_unseen_stadium_bias
2026,50556,최준용,Right,-85.65500820193532,169.45851165430986,0.060362040503384326,-1.0,-0.02083853533162196,185.0,-0.060362040503384326,0.02083853533162196,0.8393002850947251,1.655655697433398,0.3308270676691729,0.0,931,True,32.09464766645963,32.09464766645963,False,False,2.231163595390875,11.99713185164767,,,sum_of_two_90pct_reference_radii_KBO_coverage_unknown,estimated_KBO_angle_unvalidated,True,True,unavailable_unseen_stadium_bias
2026,50596,홍민기,Left,84.72083522678332,189.4480491091183,-0.05506538323618917,-1.0,-0.02833822779291772,185.0,0.05506538323618917,0.02833822779291772,-0.8289842038383642,1.8416282961089305,0.0,0.0,139,True,44.0004654550404,44.0004654550404,False,False,2.231163595390875,11.99713185164767,,,sum_of_two_90pct_reference_radii_KBO_coverage_unknown,estimated_KBO_angle_unvalidated,True,False,unavailable_unseen_stadium_bias
2026,50641,장재혁,Right,-35.54756465855814,173.9703953609115,0.028055984322764578,-1.0,-0.022795031539595,180.0,-0.028055984322764578,0.022795031539595,0.3601506938266333,1.6986534433125429,0.0,0.0,110,True,42.899623857288816,42.899623857288816,False,False,2.231163595390875,11.99713185164767,,,sum_of_two_90pct_reference_radii_KBO_coverage_unknown,estimated_KBO_angle_unvalidated,True,False,unavailable_unseen_stadium_bias
2026,50650,최용준,Right,-42.47162487123588,182.5697256303325,0.04267249319553372,-1.0,-0.02862897129762801,192.0,-0.04267249319553372,0.02862897129762801,0.4288206773841684,1.7844882179882526,0.31402439024390244,0.0,328,True,41.461538111852775,41.461538111852775,False,False,2.231163595390875,11.99713185164767,,,sum_of_two_90pct_reference_radii_KBO_coverage_unknown,estimated_KBO_angle_unvalidated,True,True,unavailable_unseen_stadium_bias
2026,50662,정해영,Right,-60.244971041027924,200.87080053402437,0.03926423351222156,-1.0,-0.03923053563809275,189.0,-0.03926423351222156,0.03923053563809275,0.5940250780577679,1.9546076267869348,0.3711217183770883,0.0,838,True,51.19966570918094,51.19966570918094,False,False,2.231163595390875,11.99713185164767,,,sum_of_two_90pct_reference_radii_KBO_coverage_unknown,estimated_KBO_angle_unvalidated,True,True,unavailable_unseen_stadium_bias
2026,50705,강재민,Right,-64.7549784194484,127.67480439095446,0.0533488762158574,-1.0,0.01668758951926461,180.0,-0.0533488762158574,-0.01668758951926461,0.647007413055186,1.2531579395823937,0.6862745098039216,0.0,459,True,11.579679275393524,11.579679275393524,False,False,2.231163595390875,11.99713185164767,,,sum_of_two_90pct_reference_radii_KBO_coverage_unknown,estimated_KBO_angle_unvalidated,True,True,unavailable_unseen_stadium_bias
2026,50710,김범준,Right,-53.97291013203528,162.237501640212,0.028756545179591888,-1.0,0.011277370991982349,175.0,-0.028756545179591888,-0.011277370991982349,0.5413018342816578,1.568585614031448,0.0,0.0,14,False,35.00776264336927,,False,False,,,,,sum_of_two_90pct_reference_radii_KBO_coverage_unknown,withheld_small_sample,True,False,withheld_estimate
2026,50726,한승주,Right,-17.343753432795882,177.48475543592883,0.017783198819244277,-1.0,-0.02712820196623851,183.0,-0.017783198819244277,0.02712820196623851,0.18628512706435743,1.735233031781533,0.0,0.0,76,False,45.935915780595145,,False,False,,,,,sum_of_two_90pct_reference_radii_KBO_coverage_unknown,withheld_small_sample,True,False,withheld_estimate
2026,50812,박시후,Left,21.362143965650894,185.93633640967514,-0.024549474090380094,-1.0,-0.020382536728267772,182.0,0.024549474090380094,0.020382536728267772,-0.22736537514656038,1.807543941054333,0.29244114002478316,0.0,807,True,51.05373124291526,51.05373124291526,False,False,2.231163595390875,11.99713185164767,,,sum_of_two_90pct_reference_radii_KBO_coverage_unknown,estimated_KBO_angle_unvalidated,True,True,unavailable_unseen_stadium_bias
2026,50859,오원석,Left,87.17988747368994,172.9418627473534,-0.06773473809568308,-1.0,-0.022222928696380057,182.0,0.06773473809568308,0.022222928696380057,-0.8542434537758192,1.6871906287522567,0.23803827751196172,0.0,1672,True,35.5860206673599,35.5860206673599,False,False,2.231163595390875,11.99713185164767,,,sum_of_two_90pct_reference_radii_KBO_coverage_unknown,estimated_KBO_angle_unvalidated,True,True,unavailable_unseen_stadium_bias
2026,50904,이종준,Right,-69.160874212956,158.05278648121916,0.03811271681554592,-1.0,-0.003412822117835196,191.0,-0.03811271681554592,0.003412822117835196,0.684753680887106,1.54423087684027,0.0,0.0,50,False,24.264942381406737,,False,False,,,,,sum_of_two_90pct_reference_radii_KBO_coverage_unknown,withheld_small_sample,True,False,withheld_estimate
2026,50992,김태경,Right,-19.573922235764684,188.2339931089151,0.012513612618065956,-1.0,-0.01686901518350931,188.0,-0.012513612618065956,0.01686901518350931,0.2105821746629607,1.8281835387025815,0.2593939393939394,0.0,825,True,48.71598192663441,48.71598192663441,False,False,2.231163595390875,11.99713185164767,,,sum_of_two_90pct_reference_radii_KBO_coverage_unknown,estimated_KBO_angle_unvalidated,True,True,unavailable_unseen_stadium_bias
2026,51058,한차현,Right,-43.95221218489255,170.02978565000674,0.031137686404478906,-1.0,-0.015832376294301207,180.0,-0.031137686404478906,0.015832376294301207,0.44149913343995234,1.6581760201543472,0.281767955801105,0.0,181,True,39.40684196407565,39.40684196407565,False,False,2.231163595390875,11.99713185164767,,,sum_of_two_90pct_reference_radii_KBO_coverage_unknown,estimated_KBO_angle_unvalidated,True,True,unavailable_unseen_stadium_bias
2026,51097,김영현,Right,-49.92907534883721,168.3665581395349,0.04180883387537324,-1.0,-0.009677919646072515,177.0,-0.04180883387537324,0.009677919646072515,0.5005832886139577,1.6382294694616164,1.0,0.0,86,True,38.89847669392524,,False,False,,,,,sum_of_two_90pct_reference_radii_KBO_coverage_unknown,withheld_small_sample,True,True,withheld_estimate
2026,51111,송승기,Left,25.784345599513912,187.3143826520949,-0.025209317818205266,-1.0,-0.023475882878530516,181.0,0.025209317818205266,0.023475882878530516,-0.26835469993798344,1.8212564646190366,0.2880720180045011,0.0,1333,True,51.75799408218518,51.75799408218518,False,False,2.231163595390875,11.99713185164767,,,sum_of_two_90pct_reference_radii_KBO_coverage_unknown,estimated_KBO_angle_unvalidated,True,True,unavailable_unseen_stadium_bias
2026,51154,김진수,Right,-26.937927399291453,175.66499978379053,0.02055052854154083,-1.0,-0.005665578282909238,179.0,-0.02055052854154083,0.005665578282909238,0.28197715787819777,1.7038300207885122,0.38894681960375393,0.0,959,True,44.68927270940291,44.68927270940291,False,False,2.231163595390875,11.99713185164767,,,sum_of_two_90pct_reference_radii_KBO_coverage_unknown,estimated_KBO_angle_unvalidated,True,True,unavailable_unseen_stadium_bias
2026,51163,조건희,Left,42.24912542193344,172.55826904397412,-0.02756749140381162,-1.0,-0.01682785272632758,184.0,0.02756749140381162,0.01682785272632758,-0.4254075518743257,1.6831689381020887,0.0,0.0,47,True,40.01706692019979,,False,False,,,,,sum_of_two_90pct_reference_radii_KBO_coverage_unknown,withheld_small_sample,True,False,withheld_estimate
2026,51230,김동주,Right,-60.59986690317323,207.02637127357582,0.04669672177329956,-1.0,-0.041843337007945576,190.0,-0.04669672177329956,0.041843337007945576,0.5984337357109707,2.0126593609466803,0.14634146341463414,0.0,246,True,54.14365298225552,54.14365298225552,False,False,2.231163595390875,11.99713185164767,,,sum_of_two_90pct_reference_radii_KBO_coverage_unknown,estimated_KBO_angle_unvalidated,True,True,unavailable_unseen_stadium_bias
2026,51264,최승용,Left,49.52532587031393,189.964522250927,-0.04199880080129273,-1.0,-0.021174732449666632,190.0,0.04199880080129273,0.021174732449666632,-0.4973285827786253,1.8459570715539033,0.3489556800815079,0.0,1963,True,45.87004728157538,45.87004728157538,False,False,2.231163595390875,11.99713185164767,,,sum_of_two_90pct_reference_radii_KBO_coverage_unknown,estimated_KBO_angle_unvalidated,True,True,unavailable_unseen_stadium_bias
2026,51301,김성진,Right,-67.1718765487889,178.63188047709457,0.04815629331031691,-1.0,-0.026918604410369536,183.0,-0.04815629331031691,0.026918604410369536,0.6615933464203052,1.7428715248484363,0.13132911392405064,0.0,632,True,40.55281645862858,40.55281645862858,False,False,2.231163595390875,11.99713185164767,,,sum_of_two_90pct_reference_radii_KBO_coverage_unknown,estimated_KBO_angle_unvalidated,True,True,unavailable_unseen_stadium_bias
2026,51454,이승현,Left,54.46044993725027,192.36500626194876,-0.040930741699036245,-1.0,-0.019166432768565462,183.0,0.040930741699036245,0.019166432768565462,-0.5432751104589475,1.8636826818005965,0.6168639053254438,0.0,676,True,49.74433146996436,49.74433146996436,False,False,2.231163595390875,11.99713185164767,,,sum_of_two_90pct_reference_radii_KBO_coverage_unknown,estimated_KBO_angle_unvalidated,True,True,unavailable_unseen_stadium_bias
2026,51460,이재희,Right,-44.548833453399574,173.5488865685132,0.032205456348214284,-1.0,-0.026140951966083764,187.0,-0.032205456348214284,0.026140951966083764,0.44603458554888936,1.6987868430945217,0.26765799256505574,0.0,269,True,38.49627371030672,38.49627371030672,False,False,2.231163595390875,11.99713185164767,,,sum_of_two_90pct_reference_radii_KBO_coverage_unknown,estimated_KBO_angle_unvalidated,True,True,unavailable_unseen_stadium_bias
2026,51516,김진욱,Left,52.98417164234832,185.59244248343467,-0.0433257396720302,-1.0,-0.02809019727956523,185.0,0.0433257396720302,0.02809019727956523,-0.5273562150074425,1.8083936990246545,0.32051282051282054,0.0,2262,True,45.632412423076445,45.632412423076445,False,False,2.231163595390875,11.99713185164767,,,sum_of_two_90pct_reference_radii_KBO_coverage_unknown,estimated_KBO_angle_unvalidated,True,True,unavailable_unseen_stadium_bias
2026,51526,우강훈,Right,-88.02700662277505,138.6749043748783,0.07227317489036261,-1.0,0.005618217897587575,183.0,-0.07227317489036261,-0.005618217897587575,0.8680511391174343,1.3596853268212041,0.38669673055242393,0.0,887,True,13.980254889426128,13.980254889426128,False,False,2.231163595390875,11.99713185164767,,,sum_of_two_90pct_reference_radii_KBO_coverage_unknown,estimated_KBO_angle_unvalidated,True,True,unavailable_unseen_stadium_bias
2026,51586,김창훈,Right,-47.53675583953631,184.34029741878697,0.025432890981698826,-1.0,-0.022979797293316086,185.0,-0.025432890981698826,0.022979797293316086,0.47431836524019877,1.7937791244614156,0.5111111111111111,0.0,45,True,44.83272639210635,,False,False,,,,,sum_of_two_90pct_reference_radii_KBO_coverage_unknown,withheld_small_sample,True,True,withheld_estimate
2026,51648,이의리,Left,67.84731556139644,178.98672319773985,-0.05292686970709827,-1.0,-0.03460909292574528,185.0,0.05292686970709827,0.03460909292574528,-0.6671189483631687,1.75151129144774,0.415124698310539,0.0,1243,True,40.40592934338815,40.40592934338815,False,False,2.231163595390875,11.99713185164767,,,sum_of_two_90pct_reference_radii_KBO_coverage_unknown,estimated_KBO_angle_unvalidated,True,True,unavailable_unseen_stadium_bias
2026,51702,이준기,Right,-38.050435374944776,160.1143057556617,0.025220325787827,-1.0,0.0003451990089807055,180.0,-0.025220325787827,-0.0003451990089807055,0.3883368123283299,1.558662143680761,0.4728682170542636,0.0,129,True,34.02574005260595,34.02574005260595,False,False,2.231163595390875,11.99713185164767,,,sum_of_two_90pct_reference_radii_KBO_coverage_unknown,estimated_KBO_angle_unvalidated,True,True,unavailable_unseen_stadium_bias
2026,51761,배동현,Right,-35.09731704906552,171.7881584886623,0.02165692825133926,-1.0,-0.019492541048861698,183.0,-0.02165692825133926,0.019492541048861698,0.3560736733592777,1.6777435415818212,0.10328317373461013,0.0,1462,True,40.26791652544487,40.26791652544487,False,False,2.231163595390875,11.99713185164767,,,sum_of_two_90pct_reference_radii_KBO_coverage_unknown,estimated_KBO_angle_unvalidated,True,True,unavailable_unseen_stadium_bias
2026,51867,김건우,Left,58.60796274924674,188.40007047279371,-0.04792441469583009,-1.0,-0.03018164761423472,186.0,0.04792441469583009,0.03018164761423472,-0.580978212226004,1.8352430501822161,0.3763702801461632,0.0,2463,True,46.07401522702093,46.07401522702093,False,False,2.231163595390875,11.99713185164767,,,sum_of_two_90pct_reference_radii_KBO_coverage_unknown,estimated_KBO_angle_unvalidated,True,True,unavailable_unseen_stadium_bias
2026,51895,장지훈,Right,-87.84284980906266,148.43956101296746,0.07276613928197527,-1.0,0.010382759064191439,177.0,-0.07276613928197527,-0.010382759064191439,0.8672379615369362,1.4434392210691038,0.0,0.0,281,True,22.114663406043498,22.114663406043498,False,False,2.231163595390875,11.99713185164767,,,sum_of_two_90pct_reference_radii_KBO_coverage_unknown,estimated_KBO_angle_unvalidated,True,False,unavailable_unseen_stadium_bias
2026,51897,조병현,Right,-20.71292727170614,200.80997407821624,0.016784844581597076,-1.0,-0.04921134058128551,182.0,-0.016784844581597076,0.04921134058128551,0.2136194812393738,1.9597029560754633,0.33406113537117904,0.0,916,True,59.37124343512781,59.37124343512781,False,False,2.231163595390875,11.99713185164767,,,sum_of_two_90pct_reference_radii_KBO_coverage_unknown,estimated_KBO_angle_unvalidated,True,True,unavailable_unseen_stadium_bias
2026,51948,이용준,Right,-47.84401184433066,182.59823716296776,0.04338176586808508,-1.0,-0.020782207148735164,180.0,-0.04338176586808508,0.020782207148735164,0.4797024179092635,1.7754246447764412,0.8574561403508771,0.0,456,True,46.15693671134349,46.15693671134349,False,False,2.231163595390875,11.99713185164767,,,sum_of_two_90pct_reference_radii_KBO_coverage_unknown,estimated_KBO_angle_unvalidated,True,True,unavailable_unseen_stadium_bias
2026,51994,한재승,Right,-15.441608871035223,185.86625885997807,0.010394224482938625,-1.0,-0.02568688622943971,180.0,-0.010394224482938625,0.02568688622943971,0.16756165527767403,1.8093447862905796,0.25068493150684934,0.019178082191780823,730,True,51.99128330150896,51.99128330150896,False,False,2.231163595390875,11.99713185164767,,,sum_of_two_90pct_reference_radii_KBO_coverage_unknown,estimated_KBO_angle_unvalidated,True,True,unavailable_unseen_stadium_bias
2026,52043,벤자민,Left,66.52447886194872,194.6828361514724,-0.05043391618254984,-1.0,-0.02294083655678198,188.0,0.05043391618254984,0.02294083655678198,-0.6586576975110219,1.888197271021872,0.3818001978239367,0.0,2022,True,47.31409604433751,47.31409604433751,False,False,2.231163595390875,11.99713185164767,,,sum_of_two_90pct_reference_radii_KBO_coverage_unknown,estimated_KBO_angle_unvalidated,True,True,unavailable_unseen_stadium_bias
2026,52060,박영현,Right,-42.070031647623864,163.78734672802852,0.027828652164511147,-1.0,-0.032261191277775866,183.0,-0.027828652164511147,0.032261191277775866,0.4191359992590151,1.6123925438570867,0.3409090909090909,0.0,1056,True,35.50204936283124,35.50204936283124,False,False,2.231163595390875,11.99713185164767,,,sum_of_two_90pct_reference_radii_KBO_coverage_unknown,estimated_KBO_angle_unvalidated,True,True,unavailable_unseen_stadium_bias
2026,52149,조원태,Left,48.92035420678646,183.16615649958678,-0.035914622738829005,-1.0,-0.03350606662874952,186.0,0.035914622738829005,0.03350606662874952,-0.48645723282224557,1.7900045972593068,0.8832116788321168,0.0,137,True,44.595634709327186,44.595634709327186,False,False,2.231163595390875,11.99713185164767,,,sum_of_two_90pct_reference_radii_KBO_coverage_unknown,estimated_KBO_angle_unvalidated,True,True,unavailable_unseen_stadium_bias
2026,52202,윤태호,Right,-30.12957661497458,188.77844787577376,0.020592052117898264,-1.0,-0.020514803560603152,190.0,-0.020592052117898264,0.020514803560603152,0.3109380310265567,1.835510960757524,0.5589622641509434,0.0,424,True,46.9029118517615,46.9029118517615,False,False,2.231163595390875,11.99713185164767,,,sum_of_two_90pct_reference_radii_KBO_coverage_unknown,estimated_KBO_angle_unvalidated,True,True,unavailable_unseen_stadium_bias
2026,52204,이병헌,Left,56.37607302155012,171.93062025679146,-0.04432080646003776,-1.0,-0.019573051197541252,183.0,0.04432080646003776,0.019573051197541252,-0.5605208052362348,1.6782657394640366,0.30689655172413793,0.0,870,True,38.30672882098326,38.30672882098326,False,False,2.231163595390875,11.99713185164767,,,sum_of_two_90pct_reference_radii_KBO_coverage_unknown,estimated_KBO_angle_unvalidated,True,True,unavailable_unseen_stadium_bias
2026,52206,최지강,Right,-57.72450622315888,162.91403222247172,0.03817341704220575,-1.0,-0.010526622424308947,180.0,-0.03817341704220575,0.010526622424308947,0.5735260456716348,1.5895821871484987,0.0,0.0,290,True,33.52561218264497,33.52561218264497,False,False,2.231163595390875,11.99713185164767,,,sum_of_two_90pct_reference_radii_KBO_coverage_unknown,estimated_KBO_angle_unvalidated,True,False,unavailable_unseen_stadium_bias
2026,52395,윤석원,Left,36.69046433738055,191.85519759178115,-0.027813136919400735,-1.0,-0.030230555862131258,185.0,0.027813136919400735,0.030230555862131258,-0.3709350496286429,1.8672541705764556,0.5956112852664577,0.0,319,True,51.176519413572386,51.176519413572386,False,False,2.231163595390875,11.99713185164767,,,sum_of_two_90pct_reference_radii_KBO_coverage_unknown,estimated_KBO_angle_unvalidated,True,True,unavailable_unseen_stadium_bias
2026,52530,이민석,Right,-62.86320473902283,185.850825837499,0.039444803132764626,-1.0,-0.02005424512169681,189.0,-0.039444803132764626,0.02005424512169681,0.6226998146401402,1.8065043942391752,0.27689030883919064,0.0,939,True,41.884011839934594,41.884011839934594,False,False,2.231163595390875,11.99713185164767,,,sum_of_two_90pct_reference_radii_KBO_coverage_unknown,estimated_KBO_angle_unvalidated,True,True,unavailable_unseen_stadium_bias
2026,52639,최지민,Left,47.417639298330975,169.24826174859655,-0.05434385984039253,-1.0,-0.021585178288979327,185.0,0.05434385984039253,0.021585178288979327,-0.4771863890112825,1.6567921571712312,0.18581560283687942,0.0,705,True,37.266230692286975,37.266230692286975,False,False,2.231163595390875,11.99713185164767,,,sum_of_two_90pct_reference_radii_KBO_coverage_unknown,estimated_KBO_angle_unvalidated,True,True,unavailable_unseen_stadium_bias
2026,52641,황동하,Right,-37.409408465529395,178.55889038324514,0.03232535890618285,-1.0,-0.013128906882118332,183.0,-0.03232535890618285,0.013128906882118332,0.38162441371283695,1.735619997668767,0.2793398533007335,0.0,1636,True,43.423743573578484,43.423743573578484,False,False,2.231163595390875,11.99713185164767,,,sum_of_two_90pct_reference_radii_KBO_coverage_unknown,estimated_KBO_angle_unvalidated,True,True,unavailable_unseen_stadium_bias
2026,52701,문동주,Right,-58.833141698614526,185.81115348232896,0.03924098589626187,-1.0,-0.028938171575880127,188.0,-0.03924098589626187,0.028938171575880127,0.5822063613856578,1.81139236489676,0.0,0.0,442,True,43.14656710624378,43.14656710624378,False,False,2.231163595390875,11.99713185164767,,,sum_of_two_90pct_reference_radii_KBO_coverage_unknown,estimated_KBO_angle_unvalidated,True,False,unavailable_unseen_stadium_bias
2026,52731,박준영,Right,-22.218525460914115,188.48550394450174,0.018663861565247953,-1.0,-0.032325075127159195,190.0,-0.018663861565247953,0.032325075127159195,0.23293863342693583,1.8404315774682496,0.5194401244167963,0.0,1286,True,48.19470850604672,48.19470850604672,False,False,2.231163595390875,11.99713185164767,,,sum_of_two_90pct_reference_radii_KBO_coverage_unknown,estimated_KBO_angle_unvalidated,True,True,unavailable_unseen_stadium_bias
2026,52809,전영준,Right,-53.944359563379706,183.44114574226978,0.04147850478309338,-1.0,-0.03371970534424875,190.0,-0.04147850478309338,0.03371970534424875,0.5353733882856575,1.7938631402266527,0.4652351738241309,0.0,978,True,41.65511632896431,41.65511632896431,False,False,2.231163595390875,11.99713185164767,,,sum_of_two_90pct_reference_radii_KBO_coverage_unknown,estimated_KBO_angle_unvalidated,True,True,unavailable_unseen_stadium_bias
2026,52844,김도현,Right,-34.33430562312545,171.23495414832078,0.04008517128763241,-1.0,-0.030024839347797372,179.0,-0.04008517128763241,0.030024839347797372,0.34843651928683916,1.678253789775244,0.12,0.0,175,False,42.28788795047362,42.28788795047362,False,False,2.231163595390875,11.99713185164767,28.059592503435073,56.516183397512165,sum_of_two_90pct_reference_radii_KBO_coverage_unknown,estimated_KBO_angle_unvalidated,True,True,reference_only_future_season_unvalidated
2026,52867,윤태현,Right,-68.39857142857143,96.35381142857143,0.05608875433978508,-1.0,0.04392089451289771,189.0,-0.05608875433978508,-0.04392089451289771,0.6882498949217136,0.9553541016481617,1.0,0.0,42,False,-10.639097390686295,,False,False,,,,,sum_of_two_90pct_reference_radii_KBO_coverage_unknown,withheld_small_sample,True,True,withheld_estimate
2026,52868,이기순,Left,40.82236207564064,166.5794123811103,-0.03528373191309176,-1.0,-0.012972791932645729,174.0,0.03528373191309176,0.012972791932645729,-0.41215179714026895,1.6233554134159016,0.0,0.0,236,True,41.1847347047994,41.1847347047994,False,False,2.231163595390875,11.99713185164767,,,sum_of_two_90pct_reference_radii_KBO_coverage_unknown,estimated_KBO_angle_unvalidated,True,False,unavailable_unseen_stadium_bias
2026,52902,임지민,Right,-50.142850520722085,190.79591063536023,0.03345957634864105,-1.0,-0.041458086597332786,185.0,-0.03345957634864105,0.041458086597332786,0.4959047285093952,1.86354869765418,0.18867924528301888,0.0,848,True,48.818134789829045,48.818134789829045,False,False,2.231163595390875,11.99713185164767,,,sum_of_two_90pct_reference_radii_KBO_coverage_unknown,estimated_KBO_angle_unvalidated,True,True,unavailable_unseen_stadium_bias
2026,52992,이준혁,Right,-41.08433949654311,169.90181321101,0.030737942237451334,-1.0,-0.0032362348276806997,184.0,-0.030737942237451334,0.0032362348276806997,0.41819667061500954,1.6510932780459724,0.423728813559322,0.0,590,True,37.388545402266885,37.388545402266885,False,False,2.231163595390875,11.99713185164767,,,sum_of_two_90pct_reference_radii_KBO_coverage_unknown,estimated_KBO_angle_unvalidated,True,True,unavailable_unseen_stadium_bias
2026,53029,김정운,Right,-67.52185856173445,128.22266767430148,0.05544080226229152,-1.0,0.01097604168754418,184.0,-0.05544080226229152,-0.01097604168754418,0.6726889811309136,1.262837073138029,0.6224489795918368,0.0,392,True,10.19598505791912,10.19598505791912,False,False,2.231163595390875,11.99713185164767,,,sum_of_two_90pct_reference_radii_KBO_coverage_unknown,estimated_KBO_angle_unvalidated,True,True,unavailable_unseen_stadium_bias
2026,53164,김동규,Right,-54.527333353654555,177.8666216188313,0.0318504652566278,-1.0,-0.026495206594646038,194.0,-0.0318504652566278,0.026495206594646038,0.5414840332612044,1.7399650416266401,0.0,0.0,90,False,36.466183248735994,,False,False,,,,,sum_of_two_90pct_reference_radii_KBO_coverage_unknown,withheld_small_sample,True,False,withheld_estimate
2026,53259,최준호,Right,-50.68476853643356,184.70176159430181,0.02816951897059742,-1.0,-0.02948281205107082,188.0,-0.02816951897059742,0.02948281205107082,0.5033260138426858,1.8018767118141181,0.0,0.0,442,True,43.497439453866086,43.497439453866086,False,False,2.231163595390875,11.99713185164767,,,sum_of_two_90pct_reference_radii_KBO_coverage_unknown,estimated_KBO_angle_unvalidated,True,False,unavailable_unseen_stadium_bias
2026,53301,박윤성,Right,-26.73864256038276,172.1154373239594,0.02204829478417497,-1.0,-0.012480966397134122,183.0,-0.02204829478417497,0.012480966397134122,0.2790292912255783,1.6771452555191961,0.6025641025641025,0.0,78,True,41.2519663220095,,False,False,,,,,sum_of_two_90pct_reference_radii_KBO_coverage_unknown,withheld_small_sample,True,True,withheld_estimate
2026,53375,후라도,Right,-37.110445976444716,188.21291824193605,0.03273541112872408,-1.0,-0.02543733791089145,188.0,-0.03273541112872408,0.02543733791089145,0.3771528362188287,1.8324927028847002,0.22727272727272727,0.0,2134,True,46.85700371795619,46.85700371795619,False,False,2.231163595390875,11.99713185164767,,,sum_of_two_90pct_reference_radii_KBO_coverage_unknown,estimated_KBO_angle_unvalidated,True,True,unavailable_unseen_stadium_bias
2026,53540,김기준,Right,-36.70272532303211,178.43928807673743,0.02328910922046916,-1.0,-0.010186505890652509,188.0,-0.02328910922046916,0.010186505890652509,0.3750690582316366,1.7343058237434081,0.6777777777777778,0.0,90,False,41.06037961067375,,False,False,,,,,sum_of_two_90pct_reference_radii_KBO_coverage_unknown,withheld_small_sample,True,True,withheld_estimate
2026,53562,이진하,Right,-63.65627524859585,196.57645592006574,0.042874842119908683,-1.0,-0.032497011382960905,191.0,-0.042874842119908683,0.032497011382960905,0.6285632463827677,1.9121457313413102,0.6656891495601173,0.0,341,True,47.21047475273167,47.21047475273167,False,False,2.231163595390875,11.99713185164767,,,sum_of_two_90pct_reference_radii_KBO_coverage_unknown,estimated_KBO_angle_unvalidated,True,True,unavailable_unseen_stadium_bias
2026,53609,곽도규,Left,103.963669344901,152.75187824234243,-0.07736715502941953,-1.0,-0.0022549076579547436,185.0,0.07736715502941953,0.0022549076579547436,-1.0185003716385679,1.4919840185650552,0.5207100591715976,0.0,507,True,19.82749324560544,19.82749324560544,False,False,2.231163595390875,11.99713185164767,,,sum_of_two_90pct_reference_radii_KBO_coverage_unknown,estimated_KBO_angle_unvalidated,True,True,unavailable_unseen_stadium_bias
2026,53706,박재규,Right,-57.9169477260337,174.4834358881676,0.04603660165851664,-1.0,-0.027990474248619703,181.0,-0.04603660165851664,0.027990474248619703,0.5730387559239573,1.7057255185318296,0.8174603174603174,0.0,126,True,40.26050935950045,40.26050935950045,False,False,2.231163595390875,11.99713185164767,,,sum_of_two_90pct_reference_radii_KBO_coverage_unknown,estimated_KBO_angle_unvalidated,True,True,unavailable_unseen_stadium_bias
2026,53754,김서현,Right,-58.9212923034601,165.90332072360857,0.04717611559732256,-1.0,-0.011336397782998067,188.0,-0.04717611559732256,0.011336397782998067,0.5875215689076947,1.6202653515610093,0.6089385474860335,0.0,537,True,31.48867258167911,31.48867258167911,False,False,2.231163595390875,11.99713185164767,,,sum_of_two_90pct_reference_radii_KBO_coverage_unknown,estimated_KBO_angle_unvalidated,True,True,unavailable_unseen_stadium_bias
2026,53892,이로운,Right,-15.355027436731934,180.7489964973014,0.018765022634545804,-1.0,-0.028796471377220082,185.0,-0.018765022634545804,0.028796471377220082,0.16776998719291222,1.7667711078546489,0.37090558766859344,0.0,1038,True,47.105280680343505,47.105280680343505,False,False,2.231163595390875,11.99713185164767,,,sum_of_two_90pct_reference_radii_KBO_coverage_unknown,estimated_KBO_angle_unvalidated,True,True,unavailable_unseen_stadium_bias
2026,53919,신영우,Right,-35.3417370552223,174.68670468888374,0.01926220701576806,-1.0,-0.01641907025735183,182.0,-0.01926220701576806,0.01641907025735183,0.35880032524299066,1.7017852766032435,0.5096296296296297,0.0,675,True,42.15060191646664,42.15060191646664,False,False,2.231163595390875,11.99713185164767,,,sum_of_two_90pct_reference_radii_KBO_coverage_unknown,estimated_KBO_angle_unvalidated,True,True,unavailable_unseen_stadium_bias
2026,53973,목지훈,Right,-30.701962825478923,178.85186990902235,0.03239092892107835,-1.0,-0.015995821124476912,181.0,-0.03239092892107835,0.015995821124476912,0.3172848694857129,1.7397794631324284,0.0,0.0,165,True,45.44667561571333,45.44667561571333,False,False,2.231163595390875,11.99713185164767,,,sum_of_two_90pct_reference_radii_KBO_coverage_unknown,estimated_KBO_angle_unvalidated,True,False,unavailable_unseen_stadium_bias
2026,54263,김택연,Right,-53.17953503509397,176.2572916833852,0.040833513361615364,-1.0,-0.03447540721426594,181.0,-0.040833513361615364,0.03447540721426594,0.5259592955846478,1.7258970084434073,0.5979695431472081,0.0,985,True,42.05968013867479,42.05968013867479,False,False,2.231163595390875,11.99713185164767,,,sum_of_two_90pct_reference_radii_KBO_coverage_unknown,estimated_KBO_angle_unvalidated,True,True,unavailable_unseen_stadium_bias
2026,54319,김윤하,Right,-49.29653225605558,181.48098289474333,0.03755484393489165,-1.0,-0.02367491563021383,185.0,-0.03755484393489165,0.02367491563021383,0.4924956562488184,1.7684850250157458,0.5524861878453039,0.0,543,True,43.082330225882835,43.082330225882835,False,False,2.231163595390875,11.99713185164767,,,sum_of_two_90pct_reference_radii_KBO_coverage_unknown,estimated_KBO_angle_unvalidated,True,True,unavailable_unseen_stadium_bias
2026,54362,전준표,Right,-54.018526860625556,175.50036243873876,0.04838097346077245,-1.0,-0.028818774274125877,186.0,-0.04838097346077245,0.028818774274125877,0.537269694540564,1.7175943078784706,0.7987962166809974,0.0,1163,True,38.96438671020421,38.96438671020421,False,False,2.231163595390875,11.99713185164767,,,sum_of_two_90pct_reference_radii_KBO_coverage_unknown,estimated_KBO_angle_unvalidated,True,True,unavailable_unseen_stadium_bias
2026,54368,김연주,Right,-64.68237239491654,168.73743922277498,0.04816783923535857,-1.0,-0.015517956052493554,175.0,-0.04816783923535857,0.015517956052493554,0.6390789964774701,1.6435109329598376,0.4074074074074074,0.0,135,False,38.62102509627766,38.62102509627766,False,False,2.231163595390875,11.99713185164767,24.39272964923912,52.84932054331621,sum_of_two_90pct_reference_radii_KBO_coverage_unknown,estimated_KBO_angle_unvalidated,True,True,reference_only_future_season_unvalidated
2026,54404,육선엽,Right,-32.537090713719174,191.4687323195098,0.021184463208654098,-1.0,-0.018076971577638417,190.0,-0.021184463208654098,0.018076971577638417,0.3345444196387905,1.8583347486871935,0.0,0.0,53,False,47.943427014204,,False,False,,,,,sum_of_two_90pct_reference_radii_KBO_coverage_unknown,withheld_small_sample,True,False,withheld_estimate
2026,54503,박준우,Right,-34.104625740552386,179.04694866429955,0.028699885405662425,-1.0,-0.018274608842435452,190.0,-0.028699885405662425,0.018274608842435452,0.3497088761528397,1.7457401777534638,0.0,0.0,300,True,41.13809037837292,41.13809037837292,False,False,2.231163595390875,11.99713185164767,,,sum_of_two_90pct_reference_radii_KBO_coverage_unknown,estimated_KBO_angle_unvalidated,True,False,unavailable_unseen_stadium_bias
2026,54537,정현수,Left,49.861848400364366,175.83441775538267,-0.03505844963550372,-1.0,-0.0028271119817257326,180.0,0.03505844963550372,0.0028271119817257326,-0.5015668296186806,1.7028206842037652,0.16666666666666666,0.0,126,True,41.99206354541227,41.99206354541227,False,False,2.231163595390875,11.99713185164767,,,sum_of_two_90pct_reference_radii_KBO_coverage_unknown,estimated_KBO_angle_unvalidated,True,True,unavailable_unseen_stadium_bias
2026,54610,성영탁,Right,-62.42396456810223,166.8624567403939,0.048714392728789246,-1.0,-0.013432872708854916,180.0,-0.048714392728789246,0.013432872708854916,0.6190660525293867,1.6271877505980008,0.3193588162762022,0.0,811,True,35.3177031360447,35.3177031360447,False,False,2.231163595390875,11.99713185164767,,,sum_of_two_90pct_reference_radii_KBO_coverage_unknown,estimated_KBO_angle_unvalidated,True,True,unavailable_unseen_stadium_bias
2026,54640,네일,Right,-67.31384472844292,181.67803592148906,0.04210366305411033,-1.0,-0.012277541788152265,193.0,-0.04210366305411033,0.012277541788152265,0.667493736346328,1.7651254454046856,0.38703634319970026,0.0,2669,True,36.89185601975673,36.89185601975673,False,False,2.231163595390875,11.99713185164767,,,sum_of_two_90pct_reference_radii_KBO_coverage_unknown,estimated_KBO_angle_unvalidated,True,True,unavailable_unseen_stadium_bias
2026,54702,원종혁,Right,-41.62725831486495,172.77196098475875,0.03138109327701263,-1.0,-0.019145719817555355,184.0,-0.03138109327701263,0.019145719817555355,0.41956629041749643,1.6866661090383832,0.2869198312236287,0.0,237,True,39.51545656487132,39.51545656487132,False,False,2.231163595390875,11.99713185164767,,,sum_of_two_90pct_reference_radii_KBO_coverage_unknown,estimated_KBO_angle_unvalidated,True,True,unavailable_unseen_stadium_bias
2026,54705,김도빈,Right,-12.346835555841128,174.31110709162925,0.019277072258360454,-1.0,-0.01518993968013892,190.0,-0.019277072258360454,0.01518993968013892,0.14331253458689866,1.702157946892693,0.0,0.0,121,True,41.44828896688246,41.44828896688246,False,False,2.231163595390875,11.99713185164767,,,sum_of_two_90pct_reference_radii_KBO_coverage_unknown,estimated_KBO_angle_unvalidated,True,False,unavailable_unseen_stadium_bias
2026,54729,황준서,Left,56.80520337330736,174.42754132442644,-0.04909733323391058,-1.0,-0.004750965901767963,185.0,0.04909733323391058,0.004750965901767963,-0.5695664349490523,1.6929135230021162,0.5877862595419847,0.0,1179,True,38.14212494472125,38.14212494472125,False,False,2.231163595390875,11.99713185164767,,,sum_of_two_90pct_reference_radii_KBO_coverage_unknown,estimated_KBO_angle_unvalidated,True,True,unavailable_unseen_stadium_bias
2026,54768,조동욱,Left,84.77658292131211,171.2216887562227,-0.06755636685584324,-1.0,-0.017703813533927866,190.0,0.06755636685584324,0.017703813533927866,-0.8338594829457535,1.6718690981860589,0.45358649789029537,0.0,948,True,31.054984973305757,31.054984973305757,False,False,2.231163595390875,11.99713185164767,,,sum_of_two_90pct_reference_radii_KBO_coverage_unknown,estimated_KBO_angle_unvalidated,True,True,unavailable_unseen_stadium_bias
2026,54808,변건우,Right,-46.493783956589326,180.07075163133345,0.03403376630095293,-1.0,-0.034515567600151835,181.0,-0.03403376630095293,0.034515567600151835,0.4619966198708776,1.7608313946534928,0.0,0.0,25,False,44.96106058247335,,False,False,,,,,sum_of_two_90pct_reference_radii_KBO_coverage_unknown,withheld_small_sample,True,False,withheld_estimate
2026,54843,시라카와,Right,-30.819399718548933,189.41721903427643,0.026710635482617952,-1.0,-0.03086151411610634,180.0,-0.026710635482617952,0.03086151411610634,0.3142187814904091,1.8441037052289244,0.6102189781021898,0.0,1370,True,52.278253063107094,52.278253063107094,False,False,2.231163595390875,11.99713185164767,,,sum_of_two_90pct_reference_radii_KBO_coverage_unknown,estimated_KBO_angle_unvalidated,True,True,unavailable_unseen_stadium_bias
2026,54903,최우석,Right,-37.45771686781181,168.77858681361158,0.02300125012132346,-1.0,-0.023249662158396158,190.0,-0.02300125012132346,0.023249662158396158,0.37855867337713517,1.6550068738253512,0.4782608695652174,0.0,161,False,35.419341133308336,35.419341133308336,False,False,2.231163595390875,11.99713185164767,21.191045686269792,49.647636580346884,sum_of_two_90pct_reference_radii_KBO_coverage_unknown,estimated_KBO_angle_unvalidated,True,True,reference_only_future_season_unvalidated
2026,54904,손주환,Right,-16.928430674766574,186.97244800624415,0.023184952265621738,-1.0,-0.029223161679458376,177.0,-0.023184952265621738,0.029223161679458376,0.18230964967780727,1.8207511043263294,0.6711772665764547,0.0,739,True,53.96574418844038,53.96574418844038,False,False,2.231163595390875,11.99713185164767,,,sum_of_two_90pct_reference_radii_KBO_coverage_unknown,estimated_KBO_angle_unvalidated,True,True,unavailable_unseen_stadium_bias
2026,54906,원종해,Right,-61.87443916377009,127.38368132242495,0.06246499791567974,-1.0,0.024916734678191155,183.0,-0.06246499791567974,-0.024916734678191155,0.6238126163740891,1.2471606533271593,0.6053130929791272,0.0,527,True,10.348702219611244,10.348702219611244,False,False,2.231163595390875,11.99713185164767,,,sum_of_two_90pct_reference_radii_KBO_coverage_unknown,estimated_KBO_angle_unvalidated,True,True,unavailable_unseen_stadium_bias
2026,54910,김준원,Right,-76.20717805737819,175.4968349103934,0.05582804595937204,-1.0,-0.012316758432785483,190.0,-0.05582804595937204,0.012316758432785483,0.7527403521423579,1.707728234989903,0.3729903536977492,0.0,311,True,33.85281242945108,33.85281242945108,False,False,2.231163595390875,11.99713185164767,,,sum_of_two_90pct_reference_radii_KBO_coverage_unknown,estimated_KBO_angle_unvalidated,True,True,unavailable_unseen_stadium_bias
2026,55010,장민호,Right,-48.84541920000001,174.58212480000003,0.045605440426101304,-1.0,-0.021676910743024323,180.0,-0.045605440426101304,0.021676910743024323,0.4887820542062743,1.703138867877164,1.0,0.0,50,False,41.59172289342356,,False,False,,,,,sum_of_two_90pct_reference_radii_KBO_coverage_unknown,withheld_small_sample,True,True,withheld_estimate
2026,55121,박시원,Right,-28.537045275095263,189.42566788172712,0.01606834888075687,-1.0,-0.026262120821187923,193.0,-0.01606834888075687,0.026262120821187923,0.2942551398548344,1.8458632561619879,0.7101293103448276,0.0,928,True,46.30458173664022,46.30458173664022,False,False,2.231163595390875,11.99713185164767,,,sum_of_two_90pct_reference_radii_KBO_coverage_unknown,estimated_KBO_angle_unvalidated,True,True,unavailable_unseen_stadium_bias
2026,55130,톨허스트,Right,-49.139880923582304,187.3410681827126,0.035843460276083046,-1.0,-0.02199615966887812,193.0,-0.035843460276083046,0.02199615966887812,0.4928282849128529,1.8235095692498988,0.4011928429423459,0.0,2515,True,42.48996714774537,42.48996714774537,False,False,2.231163595390875,11.99713185164767,,,sum_of_two_90pct_reference_radii_KBO_coverage_unknown,estimated_KBO_angle_unvalidated,True,True,unavailable_unseen_stadium_bias
2026,55146,치리노스,Right,-38.924485376409756,196.41330574724682,0.034908524543299325,-1.0,-0.026517181790009975,188.0,-0.034908524543299325,0.026517181790009975,0.3948575812313899,1.9075706856493981,0.0,0.0,648,True,51.108056360382555,51.108056360382555,False,False,2.231163595390875,11.99713185164767,,,sum_of_two_90pct_reference_radii_KBO_coverage_unknown,estimated_KBO_angle_unvalidated,True,False,unavailable_unseen_stadium_bias
2026,55167,김영우,Right,-37.49990965033911,178.83858519096702,0.029704702912095014,-1.0,-0.037464216453993456,185.0,-0.029704702912095014,0.037464216453993456,0.37623083558866305,1.75333867224624,0.3900804289544236,0.0,746,True,43.59634561706912,43.59634561706912,False,False,2.231163595390875,11.99713185164767,,,sum_of_two_90pct_reference_radii_KBO_coverage_unknown,estimated_KBO_angle_unvalidated,True,True,unavailable_unseen_stadium_bias
2026,55215,양재훈,Right,-17.910551226435732,185.06653647018388,0.005370263531141265,-1.0,-0.0336696020876632,186.0,-0.005370263531141265,0.0336696020876632,0.18896701500376584,1.8086416428664585,0.0,0.0,526,True,48.80185374179857,48.80185374179857,False,False,2.231163595390875,11.99713185164767,,,sum_of_two_90pct_reference_radii_KBO_coverage_unknown,estimated_KBO_angle_unvalidated,True,False,unavailable_unseen_stadium_bias
2026,55221,김한중,Right,-48.232012866198545,154.6586452969776,0.043387735880262235,-1.0,-0.0030077939483802536,183.0,-0.043387735880262235,0.0030077939483802536,0.4866213231297817,1.5120175862444263,0.8,0.0,65,False,28.509859099245034,,False,False,,,,,sum_of_two_90pct_reference_radii_KBO_coverage_unknown,withheld_small_sample,True,True,withheld_estimate
2026,55239,잭로그,Left,83.41854765459998,160.05985283863393,-0.06309632208389332,-1.0,-0.002492692601056499,183.0,0.06309632208389332,0.002492692601056499,-0.8223674031177103,1.5588425113730315,0.4204680682268941,0.0,2521,True,27.486836267832743,27.486836267832743,False,False,2.231163595390875,11.99713185164767,,,sum_of_two_90pct_reference_radii_KBO_coverage_unknown,estimated_KBO_angle_unvalidated,True,True,unavailable_unseen_stadium_bias
2026,55267,홍민규,Right,-26.817065608680767,174.3593071170906,0.02901378022458348,-1.0,-0.022692174533126414,183.0,-0.02901378022458348,0.022692174533126414,0.27842171306035407,1.7038586246118848,0.12849162011173185,0.0,358,True,42.84982023080348,42.84982023080348,False,False,2.231163595390875,11.99713185164767,,,sum_of_two_90pct_reference_radii_KBO_coverage_unknown,estimated_KBO_angle_unvalidated,True,True,unavailable_unseen_stadium_bias
2026,55268,최민석,Right,-33.075863114843834,178.96320504321827,0.030993283936762366,-1.0,-0.016516363818271512,188.0,-0.030993283936762366,0.016516363818271512,0.34047837663092245,1.7433673753106989,0.37057569296375265,0.0,2345,True,42.0466052243755,42.0466052243755,False,False,2.231163595390875,11.99713185164767,,,sum_of_two_90pct_reference_radii_KBO_coverage_unknown,estimated_KBO_angle_unvalidated,True,True,unavailable_unseen_stadium_bias
2026,55301,이준우,Right,-42.98384038864225,168.56955489785437,0.02649737478528543,-1.0,-0.013422020055093194,183.0,-0.02649737478528543,0.013422020055093194,0.43262812471329565,1.6444536610721925,0.0,0.0,172,True,37.26535783700537,37.26535783700537,False,False,2.231163595390875,11.99713185164767,,,sum_of_two_90pct_reference_radii_KBO_coverage_unknown,estimated_KBO_angle_unvalidated,True,False,unavailable_unseen_stadium_bias
2026,55313,정현우,Left,30.10273670137706,184.76118739236833,-0.026673358030507598,-1.0,-0.025427980750895467,181.0,0.026673358030507598,0.025427980750895467,-0.3086978192373888,1.7989624964242479,0.7818181818181819,0.0,385,True,49.88953378267526,49.88953378267526,False,False,2.231163595390875,11.99713185164767,,,sum_of_two_90pct_reference_radii_KBO_coverage_unknown,estimated_KBO_angle_unvalidated,True,True,unavailable_unseen_stadium_bias
2026,55322,로젠버그,Left,44.717543460729665,190.08098474825883,-0.04144214904515418,-1.0,-0.026947520762610245,186.0,0.04144214904515418,0.026947520762610245,-0.44975210362384294,1.849382866252,0.0,0.0,556,False,48.60322197242755,48.60322197242755,False,False,2.231163595390875,11.99713185164767,34.374926525389,62.831517419466095,sum_of_two_90pct_reference_radii_KBO_coverage_unknown,estimated_KBO_angle_unvalidated,True,False,reference_only_future_season_unvalidated
2026,55348,웰스,Left,46.29684035836861,189.92976153512768,-0.043890304107316445,-1.0,-0.02922530502699246,185.0,0.043890304107316445,0.02922530502699246,-0.46429947638603986,1.8489810543144856,0.19498432601880877,0.0,1595,True,48.872472080770436,48.872472080770436,False,False,2.231163595390875,11.99713185164767,,,sum_of_two_90pct_reference_radii_KBO_coverage_unknown,estimated_KBO_angle_unvalidated,True,True,unavailable_unseen_stadium_bias
2026,55359,김서준,Right,-22.541126452480952,189.78639055050846,0.01563616809370649,-1.0,-0.03997403715729342,187.0,-0.01563616809370649,0.03997403715729342,0.2331606546677292,1.855639123716532,0.0,0.0,311,False,50.50467870152194,50.50467870152194,False,False,2.231163595390875,11.99713185164767,36.27638325448339,64.73297414856049,sum_of_two_90pct_reference_radii_KBO_coverage_unknown,estimated_KBO_angle_unvalidated,True,False,reference_only_future_season_unvalidated
2026,55377,정세영,Left,27.589553025598754,170.6039773864018,-0.029150104494422617,-1.0,-0.01226500427794123,177.0,0.029150104494422617,0.01226500427794123,-0.2871780977272736,1.6613247314733828,0.0,0.0,268,True,43.871798924570214,43.871798924570214,False,False,2.231163595390875,11.99713185164767,,,sum_of_two_90pct_reference_radii_KBO_coverage_unknown,estimated_KBO_angle_unvalidated,True,False,unavailable_unseen_stadium_bias
2026,55382,임진묵,Right,-42.699842307692315,181.15846615384615,0.03746353300303493,-1.0,-0.025611595897047014,181.0,-0.03746353300303493,0.025611595897047014,0.42905150290888205,1.7657737550734944,1.0,0.0,104,False,45.65349154127541,45.65349154127541,False,False,2.231163595390875,11.99713185164767,31.425196094236863,59.88178698831395,sum_of_two_90pct_reference_radii_KBO_coverage_unknown,estimated_KBO_angle_unvalidated,True,True,reference_only_future_season_unvalidated
2026,55394,박정훈,Left,63.503555319240526,178.1165076061567,-0.0659283234509804,-1.0,-0.02792859747549645,192.0,0.0659283234509804,0.02792859747549645,-0.6309436987693764,1.7428323551777696,0.17131474103585656,0.0,1004,True,37.07351052539998,37.07351052539998,False,False,2.231163595390875,11.99713185164767,,,sum_of_two_90pct_reference_radii_KBO_coverage_unknown,estimated_KBO_angle_unvalidated,True,True,unavailable_unseen_stadium_bias
2026,55420,김백산,Right,-12.618259730683604,171.38582445523954,0.015400994607067056,-1.0,-0.006292017209800104,183.0,-0.015400994607067056,0.006292017209800104,0.1462058180785927,1.667630932366058,0.7035573122529645,0.0,253,True,42.51842140112799,42.51842140112799,False,False,2.231163595390875,11.99713185164767,,,sum_of_two_90pct_reference_radii_KBO_coverage_unknown,estimated_KBO_angle_unvalidated,True,True,unavailable_unseen_stadium_bias
2026,55455,배찬승,Left,55.19829106529298,164.47514335267718,-0.042750635355715653,-1.0,-0.01892521897144515,180.0,0.042750635355715653,0.01892521897144515,-0.5483700336242137,1.6091216582436267,0.2879177377892031,0.0,778,True,35.65636153212902,35.65636153212902,False,False,2.231163595390875,11.99713185164767,,,sum_of_two_90pct_reference_radii_KBO_coverage_unknown,estimated_KBO_angle_unvalidated,True,True,unavailable_unseen_stadium_bias
2026,55503,이영재,Left,61.55745298509399,173.2140533148037,-0.04522772307482327,-1.0,-0.02171581760548634,180.0,0.04522772307482327,0.02171581760548634,-0.6086281197322072,1.6897928726790625,0.9471153846153846,0.0,208,True,39.786817373881775,39.786817373881775,False,False,2.231163595390875,11.99713185164767,,,sum_of_two_90pct_reference_radii_KBO_coverage_unknown,estimated_KBO_angle_unvalidated,True,True,unavailable_unseen_stadium_bias
2026,55507,김태균,Right,-45.2634096,189.2753136,0.03053754039575429,-1.0,-0.0249735064850038,191.0,-0.03053754039575429,0.0249735064850038,0.45443657175880325,1.8422635218645143,1.0,0.0,100,False,45.035086987000156,45.035086987000156,False,False,2.231163595390875,11.99713185164767,30.806791539961612,59.263382434038704,sum_of_two_90pct_reference_radii_KBO_coverage_unknown,estimated_KBO_angle_unvalidated,True,True,reference_only_future_season_unvalidated
2026,55610,김태형,Right,-60.5619549627759,181.977212186979,0.038700563415142324,-1.0,-0.01913074133292883,184.0,-0.038700563415142324,0.01913074133292883,0.6000441328768797,1.7691329791796229,0.3291233283803863,0.0,1346,True,42.36651562670959,42.36651562670959,False,False,2.231163595390875,11.99713185164767,,,sum_of_two_90pct_reference_radii_KBO_coverage_unknown,estimated_KBO_angle_unvalidated,True,True,unavailable_unseen_stadium_bias
2026,55633,올러,Right,-74.93305330616073,182.21567374160483,0.049559088398793465,-1.0,-0.01695984714184894,193.0,-0.049559088398793465,0.01695984714184894,0.739444720243992,1.7724958177776449,0.4225621414913958,0.0,2615,True,36.492385117596655,36.492385117596655,False,False,2.231163595390875,11.99713185164767,,,sum_of_two_90pct_reference_radii_KBO_coverage_unknown,estimated_KBO_angle_unvalidated,True,True,unavailable_unseen_stadium_bias
2026,55743,정우주,Right,-62.63937398808588,170.93881710076366,0.04242990547063198,-1.0,-0.0214300644418472,184.0,-0.04242990547063198,0.0214300644418472,0.6189753079355178,1.670202740426533,0.19915700737618547,0.0,949,True,36.043003956465434,36.043003956465434,False,False,2.231163595390875,11.99713185164767,,,sum_of_two_90pct_reference_radii_KBO_coverage_unknown,estimated_KBO_angle_unvalidated,True,True,unavailable_unseen_stadium_bias
2026,55764,권민규,Left,30.36418289394003,184.99127477985087,-0.027884710222117567,-1.0,-0.017467637750592728,188.0,0.027884710222117567,0.017467637750592728,-0.31452178659391594,1.7987941147551163,0.5759803921568627,0.0,408,True,46.55325244156795,46.55325244156795,False,False,2.231163595390875,11.99713185164767,,,sum_of_two_90pct_reference_radii_KBO_coverage_unknown,estimated_KBO_angle_unvalidated,True,True,unavailable_unseen_stadium_bias
2026,55855,화이트,Right,-45.07357256803208,184.396370545772,0.02936483527213074,-1.0,-0.020620464952447605,190.0,-0.02936483527213074,0.020620464952447605,0.45309808720660166,1.7949587586333564,0.0,0.0,557,True,42.725258747398456,42.725258747398456,False,False,2.231163595390875,11.99713185164767,,,sum_of_two_90pct_reference_radii_KBO_coverage_unknown,estimated_KBO_angle_unvalidated,True,False,unavailable_unseen_stadium_bias
2026,55903,라일리,Right,-5.414395496166906,206.6611953760019,0.010386446961600418,-1.0,-0.03803781749173023,190.0,-0.010386446961600418,0.03803781749173023,0.0726795965819164,2.009920997962398,0.49477186311787075,0.0,2104,True,60.007089427934226,60.007089427934226,False,False,2.231163595390875,11.99713185164767,,,sum_of_two_90pct_reference_radii_KBO_coverage_unknown,estimated_KBO_angle_unvalidated,True,True,unavailable_unseen_stadium_bias
2026,55912,로건,Left,58.572447032546,194.75093591332453,-0.04407213073387713,-1.0,-0.03336678559411584,186.0,0.04407213073387713,0.03336678559411584,-0.5796201014131349,1.8947189134784157,0.7694406548431105,0.0,1466,True,49.66799076480792,49.66799076480792,False,False,2.231163595390875,11.99713185164767,,,sum_of_two_90pct_reference_radii_KBO_coverage_unknown,estimated_KBO_angle_unvalidated,True,True,unavailable_unseen_stadium_bias
2026,55995,김태훈,Right,-21.98765464911175,185.67481814673855,0.02206067751428555,-1.0,-0.031566805367914216,188.0,-0.02206067751428555,0.031566805367914216,0.23099157099989998,1.81386242886503,0.5622775800711743,0.0,281,True,47.614548951408075,47.614548951408075,False,False,2.231163595390875,11.99713185164767,,,sum_of_two_90pct_reference_radii_KBO_coverage_unknown,estimated_KBO_angle_unvalidated,True,True,unavailable_unseen_stadium_bias
2026,55996,홍재문,Right,-65.61921765247976,183.99457680037844,0.046166981646753126,-1.0,-0.012320993908814241,183.0,-0.046166981646753126,0.012320993908814241,0.6506580928915905,1.7829025772460836,0.6666666666666666,0.0,24,True,43.16687067023993,,False,False,,,,,sum_of_two_90pct_reference_radii_KBO_coverage_unknown,withheld_small_sample,True,True,withheld_estimate
2026,56002,대니엘,Right,-62.15204380510441,161.25182338747098,0.054559303362952664,-1.0,-0.011797669215263517,185.0,-0.054559303362952664,0.011797669215263517,0.6182978130972727,1.5772249895545742,1.0,0.0,862,True,29.855012119292816,29.855012119292816,False,False,2.231163595390875,11.99713185164767,,,sum_of_two_90pct_reference_radii_KBO_coverage_unknown,estimated_KBO_angle_unvalidated,True,True,unavailable_unseen_stadium_bias
2026,56011,스기모토,Right,-54.269580740204134,161.8888652595261,0.034653033907072694,-1.0,-0.01102251650613628,182.0,-0.034653033907072694,0.01102251650613628,0.5404877603585334,1.5814140807595467,0.3944223107569721,0.0,1255,True,32.496081046961436,32.496081046961436,False,False,2.231163595390875,11.99713185164767,,,sum_of_two_90pct_reference_radii_KBO_coverage_unknown,estimated_KBO_angle_unvalidated,True,True,unavailable_unseen_stadium_bias
2026,56032,사우어,Right,-72.4032174492662,185.1283121670278,0.04199019318222879,-1.0,-0.03226971813934237,193.0,-0.04199019318222879,0.03226971813934237,0.7106622149080573,1.8080540904324618,0.11123853211009174,0.0,1744,True,38.97932786081797,38.97932786081797,False,False,2.231163595390875,11.99713185164767,,,sum_of_two_90pct_reference_radii_KBO_coverage_unknown,estimated_KBO_angle_unvalidated,True,True,unavailable_unseen_stadium_bias
2026,56036,보쉴리,Right,-51.44307319672347,173.3421857050223,0.03778363179351908,-1.0,-0.017894245067735397,190.0,-0.03778363179351908,0.017894245067735397,0.5145626560462883,1.692716705250769,0.0,0.0,1000,True,35.85744857489707,35.85744857489707,False,False,2.231163595390875,11.99713185164767,,,sum_of_two_90pct_reference_radii_KBO_coverage_unknown,estimated_KBO_angle_unvalidated,True,False,unavailable_unseen_stadium_bias
2026,56066,박지훈,Right,-44.185166280371085,164.17328465217628,0.012894947369610549,-1.0,0.007700095402741772,188.0,-0.012894947369610549,-0.007700095402741772,0.44770701688660103,1.5931248455922602,0.0,0.0,40,True,31.704224962088297,,False,False,,,,,sum_of_two_90pct_reference_radii_KBO_coverage_unknown,withheld_small_sample,True,False,withheld_estimate
2026,56103,카라스코,Right,-72.83662210796915,176.70803506426736,0.052420702778261496,-1.0,-0.01849336149248338,193.0,-0.052420702778261496,0.01849336149248338,0.7193759581587369,1.7236268626106879,1.0,0.0,778,True,33.766719018653696,33.766719018653696,False,False,2.231163595390875,11.99713185164767,,,sum_of_two_90pct_reference_radii_KBO_coverage_unknown,estimated_KBO_angle_unvalidated,True,True,unavailable_unseen_stadium_bias
2026,56146,리오스,Right,-57.113452936708995,170.14884773778837,0.03697489625175845,-1.0,-0.025923686954833294,190.0,-0.03697489625175845,0.025923686954833294,0.5657270911916724,1.6680710676084516,0.1588447653429603,0.0,277,True,33.72738241881931,33.72738241881931,False,False,2.231163595390875,11.99713185164767,,,sum_of_two_90pct_reference_radii_KBO_coverage_unknown,estimated_KBO_angle_unvalidated,True,True,unavailable_unseen_stadium_bias
2026,56165,양우진,Right,-34.369248,171.414948,0.026618109695384688,-1.0,-0.020533212438911635,190.0,-0.026618109695384688,0.020533212438911635,0.3508295056301947,1.6776739545750785,1.0,0.0,60,True,37.12855605989979,,False,False,,,,,sum_of_two_90pct_reference_radii_KBO_coverage_unknown,withheld_small_sample,True,True,withheld_estimate
2026,56168,케네디,Left,146.03324680851063,139.0433829787234,-0.10332504577334747,-1.0,0.017225482849011417,203.0,0.10332504577334747,-0.017225482849011417,-1.426740531348172,1.3599524328737918,1.0,0.950354609929078,282,True,-1.5466478963115975,,True,True,,,,,sum_of_two_90pct_reference_radii_KBO_coverage_unknown,withheld_MLB_extrapolation,True,True,withheld_estimate
2026,56212,타카다,Left,51.42844866538728,171.04337424976967,-0.04522800209627445,-1.0,-0.013628436463585641,179.0,0.04522800209627445,0.013628436463585641,-0.5147660154442454,1.6656208326839663,0.6728624535315985,0.0,807,True,40.02278811387359,40.02278811387359,False,False,2.231163595390875,11.99713185164767,,,sum_of_two_90pct_reference_radii_KBO_coverage_unknown,estimated_KBO_angle_unvalidated,True,True,unavailable_unseen_stadium_bias
2026,56215,최주형,Left,80.767150969723,138.6959552511186,-0.07789001726765261,-1.0,0.00588395482714719,174.0,0.07789001726765261,-0.00588395482714719,-0.7990231586162415,1.3572367982576654,0.0,0.0,141,True,19.117954162200377,19.117954162200377,False,False,2.231163595390875,11.99713185164767,,,sum_of_two_90pct_reference_radii_KBO_coverage_unknown,estimated_KBO_angle_unvalidated,True,False,unavailable_unseen_stadium_bias
2026,56218,타무라,Right,-43.29456743801436,163.23522174694307,0.031650582050546924,-1.0,-0.010079544038623482,173.0,-0.031650582050546924,0.010079544038623482,0.4352784257811415,1.5905916531463595,0.0,0.0,319,True,38.671273137947544,38.671273137947544,False,False,2.231163595390875,11.99713185164767,,,sum_of_two_90pct_reference_radii_KBO_coverage_unknown,estimated_KBO_angle_unvalidated,True,False,unavailable_unseen_stadium_bias
2026,56241,서준오,Right,-60.76976275862069,166.50908689655174,0.044162114329318866,-1.0,-0.010104446684855127,178.0,-0.044162114329318866,0.010104446684855127,0.603229080917428,1.6212498072917372,1.0,0.0,58,True,36.11446693282475,,False,False,,,,,sum_of_two_90pct_reference_radii_KBO_coverage_unknown,withheld_small_sample,True,True,withheld_estimate
2026,56312,최현우,Right,-9.74898668350194,196.75451244189674,0.012470392608284812,-1.0,-0.03644429925315952,190.0,-0.012470392608284812,0.03644429925315952,0.11371575895622857,1.9187240168651059,0.906832298136646,0.0,161,True,54.263584429116335,54.263584429116335,False,False,2.231163595390875,11.99713185164767,,,sum_of_two_90pct_reference_radii_KBO_coverage_unknown,estimated_KBO_angle_unvalidated,True,True,unavailable_unseen_stadium_bias
2026,56318,박준현,Right,-48.219750048739044,186.7752972658985,0.03745907442876036,-1.0,-0.03164696378271758,188.0,-0.03745907442876036,0.03164696378271758,0.48110724757279616,1.822489486122666,0.43776824034334766,0.0,1631,True,45.001662970450944,45.001662970450944,False,False,2.231163595390875,11.99713185164767,,,sum_of_two_90pct_reference_radii_KBO_coverage_unknown,estimated_KBO_angle_unvalidated,True,True,unavailable_unseen_stadium_bias
2026,56334,와일스,Right,-80.90857948019656,190.6272284220867,0.053271854815586404,-1.0,-0.02605390401544438,193.0,-0.053271854815586404,0.02605390401544438,0.7946575399490414,1.8540327529078133,0.0,0.0,431,False,40.840697717211995,40.840697717211995,False,False,2.231163595390875,11.99713185164767,26.61240227017345,55.06899316425054,sum_of_two_90pct_reference_radii_KBO_coverage_unknown,estimated_KBO_angle_unvalidated,True,False,reference_only_future_season_unvalidated
2026,56337,박지성,Right,-34.25218057920655,201.82320453866987,0.024294802350904632,-1.0,-0.03892591666671546,190.0,-0.024294802350904632,0.03892591666671546,0.34658249630525256,1.9648463611660583,0.4312267657992565,0.0,807,True,54.061110365507815,54.061110365507815,False,False,2.231163595390875,11.99713185164767,,,sum_of_two_90pct_reference_radii_KBO_coverage_unknown,estimated_KBO_angle_unvalidated,True,True,unavailable_unseen_stadium_bias
2026,56345,정다훈,Right,-33.16685125975651,175.78970997919043,0.029054661506154524,-1.0,-0.02095402814692693,183.0,-0.029054661506154524,0.02095402814692693,0.33889971083005316,1.7153499606905043,0.5477582846003899,0.0,513,True,42.74724540752505,42.74724540752505,False,False,2.231163595390875,11.99713185164767,,,sum_of_two_90pct_reference_radii_KBO_coverage_unknown,estimated_KBO_angle_unvalidated,True,True,unavailable_unseen_stadium_bias
2026,56348,유토,Right,-43.9552078275258,172.2262992467078,0.03188279323430892,-1.0,-0.028876910764693266,185.0,-0.03188279323430892,0.028876910764693266,0.43928038372837247,1.687732336088824,0.33649789029535865,0.0,948,True,38.85694607069433,38.85694607069433,False,False,2.231163595390875,11.99713185164767,,,sum_of_two_90pct_reference_radii_KBO_coverage_unknown,estimated_KBO_angle_unvalidated,True,True,unavailable_unseen_stadium_bias
2026,56366,이태양,Right,-34.60346956694524,166.6997642372784,0.01692960268266684,-1.0,-0.038345870199574056,180.0,-0.01692960268266684,0.038345870199574056,0.3450795509510663,1.6416176503946147,0.0,0.0,18,False,39.63515259370738,,False,False,,,,,sum_of_two_90pct_reference_radii_KBO_coverage_unknown,withheld_small_sample,True,False,withheld_estimate
2026,56402,보스,Right,-76.7754290625,172.868034375,0.04681577131600627,-1.0,-0.008632780253692551,188.0,-0.04681577131600627,0.008632780253692551,0.7571256654594578,1.68059994972303,1.0,0.0,512,True,33.10667531415952,33.10667531415952,False,False,2.231163595390875,11.99713185164767,,,sum_of_two_90pct_reference_radii_KBO_coverage_unknown,estimated_KBO_angle_unvalidated,True,True,unavailable_unseen_stadium_bias
2026,56415,미야지,Right,-63.44145854812202,173.17749258286935,0.04064018165772333,-1.0,-0.01662246147544655,186.0,-0.04064018165772333,0.01662246147544655,0.6279454099179403,1.688255953241675,0.04805914972273567,0.0,541,True,36.07673361196636,36.07673361196636,False,False,2.231163595390875,11.99713185164767,,,sum_of_two_90pct_reference_radii_KBO_coverage_unknown,estimated_KBO_angle_unvalidated,True,True,unavailable_unseen_stadium_bias
2026,56459,페덱,Right,-64.70048601859679,188.28974911242602,0.051299329281182825,-1.0,-0.0230392901450852,196.0,-0.051299329281182825,0.0230392901450852,0.642445566964616,1.8331802402941122,1.0,0.0,1183,True,39.81111239150032,39.81111239150032,False,False,2.231163595390875,11.99713185164767,,,sum_of_two_90pct_reference_radii_KBO_coverage_unknown,estimated_KBO_angle_unvalidated,True,True,unavailable_unseen_stadium_bias
2026,56460,장찬희,Right,-41.49260267047395,166.92393955575562,0.03420546189092607,-1.0,-0.01586509449758416,186.0,-0.03420546189092607,0.01586509449758416,0.41953373037075775,1.6323898436835922,0.21981681931723562,0.0,1201,True,35.328503075626585,35.328503075626585,False,False,2.231163595390875,11.99713185164767,,,sum_of_two_90pct_reference_radii_KBO_coverage_unknown,estimated_KBO_angle_unvalidated,True,True,unavailable_unseen_stadium_bias
2026,56464,오러클린,Left,56.02492566563619,186.06609555449663,-0.048490144628963214,-1.0,-0.018306746950342644,196.0,0.048490144628963214,0.018306746950342644,-0.5611661982597118,1.8106916362080574,0.0,0.0,1510,True,40.172895666222374,40.172895666222374,False,False,2.231163595390875,11.99713185164767,,,sum_of_two_90pct_reference_radii_KBO_coverage_unknown,estimated_KBO_angle_unvalidated,True,False,unavailable_unseen_stadium_bias
2026,56468,박용재,Right,-53.25001142857143,189.0921142857143,0.04759127689671715,-1.0,-0.02559193193270399,195.0,-0.04759127689671715,0.02559193193270399,0.5330075185739948,1.8423581587470141,1.0,0.0,21,False,42.15206852577727,,False,False,,,,,sum_of_two_90pct_reference_radii_KBO_coverage_unknown,withheld_small_sample,True,True,withheld_estimate
2026,56469,정재훈,Right,-59.32491791919318,162.02659628881838,0.040022735996853166,-1.0,0.002358371363724107,185.0,-0.040022735996853166,-0.002358371363724107,0.5929475501801076,1.5755287055791054,0.0,0.0,16,False,30.075106103644217,,False,False,,,,,sum_of_two_90pct_reference_radii_KBO_coverage_unknown,withheld_small_sample,True,False,withheld_estimate
2026,56474,사토시,Right,-40.72477541284403,178.10456697247704,0.042520634681396136,-1.0,-0.01754577400724392,193.0,-0.042520634681396136,0.01754577400724392,0.41500174727642997,1.7377723313136535,1.0,0.0,218,True,38.43270581767993,38.43270581767993,False,False,2.231163595390875,11.99713185164767,,,sum_of_two_90pct_reference_radii_KBO_coverage_unknown,estimated_KBO_angle_unvalidated,True,True,unavailable_unseen_stadium_bias
2026,56503,이이무라,Right,-51.45781800566025,168.93518274118813,0.034586932747542036,-1.0,-0.013947838218328075,183.0,-0.034586932747542036,0.013947838218328075,0.5137921943053362,1.6477327281853427,0.6980306345733042,0.0,457,True,36.43133198377954,36.43133198377954,False,False,2.231163595390875,11.99713185164767,,,sum_of_two_90pct_reference_radii_KBO_coverage_unknown,estimated_KBO_angle_unvalidated,True,True,unavailable_unseen_stadium_bias
2026,56523,비슬리,Right,-61.84036030681984,174.55924285234204,0.03987838714043983,-1.0,-0.01542685655051445,188.0,-0.03987838714043983,0.01542685655051445,0.613422765431761,1.7008947427300949,0.3867056856187291,0.0,2392,True,36.060638934257916,36.060638934257916,False,False,2.231163595390875,11.99713185164767,,,sum_of_two_90pct_reference_radii_KBO_coverage_unknown,estimated_KBO_angle_unvalidated,True,True,unavailable_unseen_stadium_bias
2026,56531,로드리게스,Right,-51.66657593215341,187.75014173622554,0.03433048340150879,-1.0,-0.026020342893284757,193.0,-0.03433048340150879,0.026020342893284757,0.5154451809541929,1.8293995757762815,0.4475951184493898,0.0,2786,True,42.562653436261826,42.562653436261826,False,False,2.231163595390875,11.99713185164767,,,sum_of_two_90pct_reference_radii_KBO_coverage_unknown,estimated_KBO_angle_unvalidated,True,True,unavailable_unseen_stadium_bias
2026,56536,박정민,Right,-22.127744862802665,194.26002215728712,0.026080431482351174,-1.0,-0.0348861229645744,188.0,-0.026080431482351174,0.0348861229645744,0.23264255564495712,1.8939583023210689,0.3464180569185476,0.0,1019,True,52.270407196993105,52.270407196993105,False,False,2.231163595390875,11.99713185164767,,,sum_of_two_90pct_reference_radii_KBO_coverage_unknown,estimated_KBO_angle_unvalidated,True,True,unavailable_unseen_stadium_bias
2026,56540,김한결,Right,-60.194522416107375,184.05296859060405,0.047179465352496106,-1.0,-0.02314432766997072,193.0,-0.047179465352496106,0.02314432766997072,0.5984825089739736,1.7938864595946804,1.0,0.0,149,True,39.4441942070181,39.4441942070181,False,False,2.231163595390875,11.99713185164767,,,sum_of_two_90pct_reference_radii_KBO_coverage_unknown,estimated_KBO_angle_unvalidated,True,True,unavailable_unseen_stadium_bias
2026,56548,쿄야마,Right,-37.481695826041296,175.33276499846636,0.03136849511326679,-1.0,-0.014488648055271577,183.0,-0.03136849511326679,0.014488648055271577,0.3816096520415978,1.7070904167011638,0.0,0.0,219,False,41.704214417523275,41.704214417523275,False,False,2.231163595390875,11.99713185164767,27.47591897048473,55.93250986456182,sum_of_two_90pct_reference_radii_KBO_coverage_unknown,estimated_KBO_angle_unvalidated,True,False,reference_only_future_season_unvalidated
2026,56554,이준서,Right,-59.661325230383525,177.1302586343675,0.03435700658487639,-1.0,-0.014980473696736097,177.0,-0.03435700658487639,0.014980473696736097,0.5904753458351112,1.7200601342154667,0.8426966292134831,0.0,89,True,42.993618146060875,,False,False,,,,,sum_of_two_90pct_reference_radii_KBO_coverage_unknown,withheld_small_sample,True,True,withheld_estimate
2026,56567,신동건,Right,-41.296500157682495,188.44858390806772,0.015860433262011885,-1.0,-0.010733929412706669,193.0,-0.015860433262011885,0.010733929412706669,0.41854910831737746,1.8267573275447946,0.0,0.0,33,False,43.60405331159854,,False,False,,,,,sum_of_two_90pct_reference_radii_KBO_coverage_unknown,withheld_small_sample,True,False,withheld_estimate
2026,56633,지현,Right,-70.8028262164965,173.04881019202483,0.057351715331768756,-1.0,-0.009146444273392985,180.0,-0.057351715331768756,0.009146444273392985,0.7010018538575112,1.680489047197661,0.0,0.0,82,True,37.726708579456265,,False,False,,,,,sum_of_two_90pct_reference_radii_KBO_coverage_unknown,withheld_small_sample,True,False,withheld_estimate
2026,56709,박준영,Right,-57.85575468786379,140.42523346943787,0.045946756306688555,-1.0,0.011320826355101177,184.0,-0.045946756306688555,-0.011320826355101177,0.5807849142336755,1.3738799563808695,0.22388059701492538,0.0,871,True,18.342020756602874,18.342020756602874,False,False,2.231163595390875,11.99713185164767,,,sum_of_two_90pct_reference_radii_KBO_coverage_unknown,estimated_KBO_angle_unvalidated,True,True,unavailable_unseen_stadium_bias
2026,56712,에르난데스,Right,-52.22187580579214,187.70726218807022,0.04248085611541685,-1.0,-0.026068031276220708,190.0,-0.04248085611541685,0.026068031276220708,0.5214784252741247,1.8281978497371498,0.006639004149377593,0.0,1205,True,43.87989391197031,43.87989391197031,False,False,2.231163595390875,11.99713185164767,,,sum_of_two_90pct_reference_radii_KBO_coverage_unknown,estimated_KBO_angle_unvalidated,True,True,unavailable_unseen_stadium_bias
2026,56719,왕옌청,Left,67.51943299521886,174.62621890417165,-0.046955735714664,-1.0,-0.024772798379071058,180.0,0.046955735714664,0.024772798379071058,-0.6644948308972565,1.704070537698612,0.3582727661393758,0.0,2339,True,39.95429441988242,39.95429441988242,False,False,2.231163595390875,11.99713185164767,,,sum_of_two_90pct_reference_radii_KBO_coverage_unknown,estimated_KBO_angle_unvalidated,True,True,unavailable_unseen_stadium_bias
2026,56724,화이트,Right,-52.65941643182646,182.03867214870712,0.030244820298338245,-1.0,-0.01774984921660052,190.0,-0.030244820298338245,0.01774984921660052,0.5254288745623938,1.7712975181414254,0.5552036199095023,0.0,2210,True,40.423049311857525,40.423049311857525,False,False,2.231163595390875,11.99713185164767,,,sum_of_two_90pct_reference_radii_KBO_coverage_unknown,estimated_KBO_angle_unvalidated,True,True,unavailable_unseen_stadium_bias
2026,56760,쿠싱,Right,-52.14481344913685,173.9036117603662,0.029230188589895182,-1.0,-0.01631001970925395,190.0,-0.029230188589895182,0.01631001970925395,0.5202695461498784,1.696540201758845,0.0,0.0,333,True,36.01311930315459,36.01311930315459,False,False,2.231163595390875,11.99713185164767,,,sum_of_two_90pct_reference_radii_KBO_coverage_unknown,estimated_KBO_angle_unvalidated,True,False,unavailable_unseen_stadium_bias
2026,56769,강건우,Left,55.298156560438656,183.63716143272856,-0.05017216548059538,-1.0,-0.0216660307594423,188.0,0.05017216548059538,0.0216660307594423,-0.5522766324461678,1.7879054561320267,0.27692307692307694,0.0,390,True,42.65428860249785,42.65428860249785,False,False,2.231163595390875,11.99713185164767,,,sum_of_two_90pct_reference_radii_KBO_coverage_unknown,estimated_KBO_angle_unvalidated,True,True,unavailable_unseen_stadium_bias
2026,56797,하동준,Left,64.22474666666668,174.04418666666666,-0.0413468554611188,-1.0,-0.0029055278431608248,189.0,0.0413468554611188,0.0029055278431608248,-0.639469585595128,1.6889525632586588,1.0,0.0,9,True,35.12283509697194,,False,False,,,,,sum_of_two_90pct_reference_radii_KBO_coverage_unknown,withheld_small_sample,True,True,withheld_estimate
2026,56799,짐머맨,Left,37.363101176470586,182.88705223529414,-0.032367655384120946,-1.0,-0.015457486558185496,190.0,0.032367655384120946,0.015457486558185496,-0.38200297855279625,1.7788197968395707,1.0,0.0,510,True,43.5338152727592,43.5338152727592,False,False,2.231163595390875,11.99713185164767,,,sum_of_two_90pct_reference_radii_KBO_coverage_unknown,estimated_KBO_angle_unvalidated,True,True,unavailable_unseen_stadium_bias
2026,56800,긴지로,Left,47.22108507233317,172.63485579420956,-0.04097310845652695,-1.0,-0.022000146302979928,180.0,0.04097310845652695,0.022000146302979928,-0.4725118312919781,1.6856113199132208,0.0,0.0,357,False,41.342043351837695,41.342043351837695,False,False,2.231163595390875,11.99713185164767,27.11374790479915,55.570338798876236,sum_of_two_90pct_reference_radii_KBO_coverage_unknown,estimated_KBO_angle_unvalidated,True,False,reference_only_future_season_unvalidated
2026,56801,아빌라,Right,-42.524675990528806,175.97383823204422,0.03777135297309284,-1.0,-0.022576504692702212,180.0,-0.03777135297309284,0.022576504692702212,0.4277325744036268,1.7165275733044483,1.0,0.0,1267,True,43.15162569872616,43.15162569872616,False,False,2.231163595390875,11.99713185164767,,,sum_of_two_90pct_reference_radii_KBO_coverage_unknown,estimated_KBO_angle_unvalidated,True,True,unavailable_unseen_stadium_bias
2026,56808,신상연,Right,-89.37092206444275,114.77549133117142,0.057596166694413455,-1.0,0.012670484319529478,179.0,-0.057596166694413455,-0.012670484319529478,0.8780699171227555,1.1363650044504,0.0,0.0,63,False,1.2636003966106841,,False,False,,,,,sum_of_two_90pct_reference_radii_KBO_coverage_unknown,withheld_small_sample,True,False,withheld_estimate
2026,56823,타케다,Right,-43.18917077413103,195.62302219629203,0.03148391621533089,-1.0,-0.019165109893366495,187.0,-0.03148391621533089,0.019165109893366495,0.43622813106089287,1.8952151772179542,0.288671650373778,0.0,1739,True,50.39296148407371,50.39296148407371,False,False,2.231163595390875,11.99713185164767,,,sum_of_two_90pct_reference_radii_KBO_coverage_unknown,estimated_KBO_angle_unvalidated,True,True,unavailable_unseen_stadium_bias
2026,56840,김민준,Right,-36.46045693728138,189.54017229557934,0.02816812390307902,-1.0,-0.02862007575518583,183.0,-0.02816812390307902,0.02862007575518583,0.3687615341433764,1.844579085185775,0.6973777462792345,0.0,1411,True,50.15041750358489,50.15041750358489,False,False,2.231163595390875,11.99713185164767,,,sum_of_two_90pct_reference_radii_KBO_coverage_unknown,estimated_KBO_angle_unvalidated,True,True,unavailable_unseen_stadium_bias
2026,56841,베니지아노,Left,64.31885292192167,189.9790922714495,-0.05048631953330328,-1.0,-0.0320693326599618,198.0,0.05048631953330328,0.0320693326599618,-0.6368516007439199,1.8546404693135707,0.0,0.0,1446,True,40.790423905686076,40.790423905686076,False,False,2.231163595390875,11.99713185164767,,,sum_of_two_90pct_reference_radii_KBO_coverage_unknown,estimated_KBO_angle_unvalidated,True,False,unavailable_unseen_stadium_bias
2026,56855,해치,Right,-51.56515931825949,176.1927900987932,0.03048674833440939,-1.0,-0.020864021539445745,185.0,-0.03048674833440939,0.020864021539445745,0.5131763040897009,1.7183691174461957,0.3914209115281501,0.0,746,False,39.78821322553412,39.78821322553412,False,False,2.231163595390875,11.99713185164767,25.559917778495578,54.01650867257267,sum_of_two_90pct_reference_radii_KBO_coverage_unknown,estimated_KBO_angle_unvalidated,True,True,reference_only_future_season_unvalidated
2026,56911,토다,Right,-51.42491334116847,173.13306436577363,0.03225872320765858,-1.0,-0.016378894860740966,170.0,-0.03225872320765858,0.016378894860740966,0.5106579931589006,1.6826354969065394,0.4191334191334191,1.0,2331,True,45.14993489149063,,True,True,,,,,sum_of_two_90pct_reference_radii_KBO_coverage_unknown,withheld_MLB_extrapolation,True,True,withheld_estimate
2026,56928,버하겐,Right,-45.08318156524679,194.69210791826652,0.03183130167820917,-1.0,-0.02407892167632714,198.0,-0.03183130167820917,0.02407892167632714,0.45463445862580304,1.893474652379901,0.0,0.0,447,True,44.669778571730525,44.669778571730525,False,False,2.231163595390875,11.99713185164767,,,sum_of_two_90pct_reference_radii_KBO_coverage_unknown,estimated_KBO_angle_unvalidated,True,False,unavailable_unseen_stadium_bias
2026,56939,클레빈저,Right,-51.02807628865979,170.62515463917526,0.04346931070959495,-1.0,-0.013061388555490595,193.0,-0.04346931070959495,0.013061388555490595,0.5130867859514309,1.6664224655097224,1.0,0.0,194,False,32.94033738018026,32.94033738018026,False,False,2.231163595390875,11.99713185164767,18.712041933141716,47.1686328272188,sum_of_two_90pct_reference_radii_KBO_coverage_unknown,estimated_KBO_angle_unvalidated,True,True,reference_only_future_season_unvalidated
2026,56966,테일러,Right,-44.65138760482467,175.5302671816087,0.032895351118788864,-1.0,-0.013909820296478225,198.0,-0.032895351118788864,0.013909820296478225,0.4521143881209984,1.713386451189805,0.29257849666983826,0.0,2102,True,34.262545583435355,34.262545583435355,False,False,2.231163595390875,11.99713185164767,,,sum_of_two_90pct_reference_radii_KBO_coverage_unknown,estimated_KBO_angle_unvalidated,True,True,unavailable_unseen_stadium_bias
2026,56967,최요한,Left,36.138760702197615,173.1530989749062,-0.03313592679627707,-1.0,-0.022403080901430457,180.0,0.03313592679627707,0.022403080901430457,-0.36658446507774106,1.6911160340998408,0.762962962962963,0.0,135,False,43.14274533388242,43.14274533388242,False,False,2.231163595390875,11.99713185164767,28.914449886843872,57.371040780920964,sum_of_two_90pct_reference_radii_KBO_coverage_unknown,estimated_KBO_angle_unvalidated,True,True,reference_only_future_season_unvalidated
2026,60146,이승현,Right,-24.544360250115478,182.95389651052534,0.02529205106900254,-1.0,-0.02731640424410975,181.0,-0.02529205106900254,0.02731640424410975,0.255416872133756,1.7840360108501891,0.3726190476190476,0.0,840,True,48.883608275616346,48.883608275616346,False,False,2.231163595390875,11.99713185164767,,,sum_of_two_90pct_reference_radii_KBO_coverage_unknown,estimated_KBO_angle_unvalidated,True,True,unavailable_unseen_stadium_bias
2026,60263,이재학,Right,-49.23453718309859,157.96410253521128,0.05710001983992944,-1.0,-0.002319510237727414,181.0,-0.05710001983992944,0.002319510237727414,0.49831348886037036,1.5412951013300287,1.0,0.0,284,True,31.040342196096077,31.040342196096077,False,False,2.231163595390875,11.99713185164767,,,sum_of_two_90pct_reference_radii_KBO_coverage_unknown,estimated_KBO_angle_unvalidated,True,True,unavailable_unseen_stadium_bias
2026,60768,이태양,Right,-30.69307254818034,187.20587604256235,0.03379099913187986,-1.0,-0.019494353996670797,192.0,-0.03379099913187986,0.019494353996670797,0.3188312707162121,1.8217115504237191,0.541747572815534,0.0,515,True,45.052442611126224,45.052442611126224,False,False,2.231163595390875,11.99713185164767,,,sum_of_two_90pct_reference_radii_KBO_coverage_unknown,estimated_KBO_angle_unvalidated,True,True,unavailable_unseen_stadium_bias
2026,61101,임찬규,Right,-31.88701327081274,174.81300303950457,0.02510364865154193,-1.0,-0.0007452932599549754,185.0,-0.02510364865154193,0.0007452932599549754,0.3315812772421756,1.6950615500602448,0.4059561128526646,0.0,2552,True,40.69415535255646,40.69415535255646,False,False,2.231163595390875,11.99713185164767,,,sum_of_two_90pct_reference_radii_KBO_coverage_unknown,estimated_KBO_angle_unvalidated,True,True,unavailable_unseen_stadium_bias
2026,61145,이우찬,Left,42.77577650164172,192.33011897163564,-0.03660864040589456,-1.0,-0.035499492168398754,185.0,0.03660864040589456,0.035499492168398754,-0.4284656050068764,1.874561386831419,0.8238213399503722,0.0,403,True,50.85571964029924,50.85571964029924,False,False,2.231163595390875,11.99713185164767,,,sum_of_two_90pct_reference_radii_KBO_coverage_unknown,estimated_KBO_angle_unvalidated,True,True,unavailable_unseen_stadium_bias
2026,61268,양현,Right,-81.60672412542081,116.1699976901947,0.07153541606122754,-1.0,0.04668573416791021,189.0,-0.07153541606122754,-0.04668573416791021,0.8173140389110959,1.1332498823297121,0.0,0.0,4,False,-1.8635550536171053,,False,False,,,,,sum_of_two_90pct_reference_radii_KBO_coverage_unknown,withheld_small_sample,True,False,withheld_estimate
2026,61643,홍건희,Right,-57.23607182215309,181.3673085757367,0.03983476197535515,-1.0,-0.02403886687133468,187.0,-0.03983476197535515,0.02403886687133468,0.5680290212086189,1.7678734603752042,0.22784810126582278,0.0,79,True,41.16370253418961,,False,False,,,,,sum_of_two_90pct_reference_radii_KBO_coverage_unknown,withheld_small_sample,True,True,withheld_estimate
2026,61666,한승혁,Right,-27.66526313522713,179.4533745830048,0.01923474571100711,-1.0,-0.025375577514680565,185.0,-0.01923474571100711,0.025375577514680565,0.28483946666915644,1.7520701231392297,0.0,0.0,602,True,44.691144982231044,44.691144982231044,False,False,2.231163595390875,11.99713185164767,,,sum_of_two_90pct_reference_radii_KBO_coverage_unknown,estimated_KBO_angle_unvalidated,True,False,unavailable_unseen_stadium_bias
2026,61895,서진용,Right,-35.33857811800958,184.66497223384127,0.033223359924227334,-1.0,-0.02409875976955169,184.0,-0.033223359924227334,0.02409875976955169,0.3599766361065327,1.7981875077851979,0.5469798657718121,0.0,298,True,46.96996613769944,46.96996613769944,False,False,2.231163595390875,11.99713185164767,,,sum_of_two_90pct_reference_radii_KBO_coverage_unknown,estimated_KBO_angle_unvalidated,True,True,unavailable_unseen_stadium_bias
2026,62360,김태훈,Right,-48.652828098294705,173.1552866660731,0.03757023041223448,-1.0,-0.011468886157095867,187.0,-0.03757023041223448,0.011468886157095867,0.48932298819623987,1.686307069400973,0.5310834813499112,0.0,563,True,37.19433908838541,37.19433908838541,False,False,2.231163595390875,11.99713185164767,,,sum_of_two_90pct_reference_radii_KBO_coverage_unknown,estimated_KBO_angle_unvalidated,True,True,unavailable_unseen_stadium_bias
2026,62528,김원중,Right,-54.710115518092174,187.93954305864588,0.04990322019537003,-1.0,-0.028458606434460715,192.0,-0.04990322019537003,0.028458606434460715,0.5458734800511477,1.8325068242169136,0.4171180931744312,0.0,923,True,42.86727526964221,42.86727526964221,False,False,2.231163595390875,11.99713185164767,,,sum_of_two_90pct_reference_radii_KBO_coverage_unknown,estimated_KBO_angle_unvalidated,True,True,unavailable_unseen_stadium_bias
2026,62754,임기영,Right,-89.63095232287581,142.67031172045156,0.07722522174688273,-1.0,0.008960283113321426,184.0,-0.07722522174688273,-0.008960283113321426,0.8852342450596784,1.3943791321487784,0.3070388349514563,0.0,824,True,15.515831310148862,15.515831310148862,False,False,2.231163595390875,11.99713185164767,,,sum_of_two_90pct_reference_radii_KBO_coverage_unknown,estimated_KBO_angle_unvalidated,True,True,unavailable_unseen_stadium_bias
2026,62869,문승원,Right,-47.3281902259468,175.98081851339614,0.041533448012040806,-1.0,-0.02645699942718921,180.0,-0.041533448012040806,0.02645699942718921,0.47268917384425035,1.718683617257166,0.37439846005774785,0.0,1039,True,42.742110931392055,42.742110931392055,False,False,2.231163595390875,11.99713185164767,,,sum_of_two_90pct_reference_radii_KBO_coverage_unknown,estimated_KBO_angle_unvalidated,True,True,unavailable_unseen_stadium_bias
2026,62951,이형범,Right,-51.463703027349254,170.316255476827,0.04313395221476497,-1.0,-0.007828788817328234,181.0,-0.04313395221476497,0.007828788817328234,0.5165162486428141,1.6561847973287784,0.28125,0.0,512,True,37.87290814317144,37.87290814317144,False,False,2.231163595390875,11.99713185164767,,,sum_of_two_90pct_reference_radii_KBO_coverage_unknown,estimated_KBO_angle_unvalidated,True,True,unavailable_unseen_stadium_bias
2026,63145,배재준,Right,-49.440761448764185,174.73297152252422,0.03652525347465616,-1.0,-0.011571767223584183,188.0,-0.03652525347465616,0.011571767223584183,0.4968291231910757,1.7009639930819576,0.2788104089219331,0.0,538,True,37.51096676146359,37.51096676146359,False,False,2.231163595390875,11.99713185164767,,,sum_of_two_90pct_reference_radii_KBO_coverage_unknown,estimated_KBO_angle_unvalidated,True,True,unavailable_unseen_stadium_bias
2026,63248,함덕주,Left,67.68665432632888,179.3175143809834,-0.0591648266881628,-1.0,-0.027149534824289088,181.0,0.0591648266881628,0.027149534824289088,-0.6678569424137719,1.7488479298427897,0.11475409836065574,0.0,610,True,42.188732438067966,42.188732438067966,False,False,2.231163595390875,11.99713185164767,,,sum_of_two_90pct_reference_radii_KBO_coverage_unknown,estimated_KBO_angle_unvalidated,True,True,unavailable_unseen_stadium_bias
2026,63342,조상우,Right,-48.66862203118959,167.97666576670434,0.039683624263264015,-1.0,-0.01367345389681345,186.0,-0.039683624263264015,0.01367345389681345,0.4887637828434587,1.640294957795943,0.4131551901336074,0.0,973,True,34.8942454633142,34.8942454633142,False,False,2.231163595390875,11.99713185164767,,,sum_of_two_90pct_reference_radii_KBO_coverage_unknown,estimated_KBO_angle_unvalidated,True,True,unavailable_unseen_stadium_bias
2026,63492,이재익,Left,30.023754574363856,176.86885784784627,-0.0225511711642444,-1.0,-0.0049933714802707545,180.0,0.0225511711642444,0.0049933714802707545,-0.3118308700961338,1.7145581292065706,0.6582278481012658,0.0,79,False,45.312612391289356,,False,False,,,,,sum_of_two_90pct_reference_radii_KBO_coverage_unknown,withheld_small_sample,True,True,withheld_estimate
2026,63512,박진형,Right,-42.26099663283099,175.0398342716379,0.034185948419198704,-1.0,-0.01672660705938704,181.0,-0.034185948419198704,0.01672660705938704,0.42626314105941077,1.704800707046028,0.2885572139303483,0.0,603,True,41.96526712684792,41.96526712684792,False,False,2.231163595390875,11.99713185164767,,,sum_of_two_90pct_reference_radii_KBO_coverage_unknown,estimated_KBO_angle_unvalidated,True,True,unavailable_unseen_stadium_bias
2026,63543,구승민,Right,-34.3378872603965,176.16804192831623,0.03369350845317996,-1.0,-0.013885540442869895,182.0,-0.03369350845317996,0.013885540442869895,0.3523438827319072,1.7142677763206535,0.2753623188405797,0.0,138,False,42.985439772767094,42.985439772767094,False,False,2.231163595390875,11.99713185164767,28.75714432572855,57.21373521980564,sum_of_two_90pct_reference_radii_KBO_coverage_unknown,estimated_KBO_angle_unvalidated,True,True,reference_only_future_season_unvalidated
2026,63765,김종수,Right,-56.347218545935284,169.88332556546348,0.03924739021955873,-1.0,-0.010745210605721433,180.0,-0.03924739021955873,0.010745210605721433,0.5610727096887357,1.6531589785628125,0.4633333333333333,0.0,600,True,37.63050588775877,37.63050588775877,False,False,2.231163595390875,11.99713185164767,,,sum_of_two_90pct_reference_radii_KBO_coverage_unknown,estimated_KBO_angle_unvalidated,True,True,unavailable_unseen_stadium_bias
2026,63950,장현식,Right,-46.70672243489192,180.86912727060238,0.03485057370676888,-1.0,-0.020105084806248955,181.0,-0.03485057370676888,0.020105084806248955,0.46784137709192575,1.7594731523653635,0.12427409988385599,0.0,861,True,44.808970421021726,44.808970421021726,False,False,2.231163595390875,11.99713185164767,,,sum_of_two_90pct_reference_radii_KBO_coverage_unknown,estimated_KBO_angle_unvalidated,True,True,unavailable_unseen_stadium_bias
2026,63959,임정호,Left,86.60177501895447,153.9922217438585,-0.05894633805653018,-1.0,0.006721247257287092,188.0,0.05894633805653018,-0.006721247257287092,-0.8545271504535944,1.4996171423554163,0.2311111111111111,0.0,225,True,21.162699067612632,21.162699067612632,False,False,2.231163595390875,11.99713185164767,,,sum_of_two_90pct_reference_radii_KBO_coverage_unknown,estimated_KBO_angle_unvalidated,True,True,unavailable_unseen_stadium_bias
2026,64001,고영표,Right,-92.68789443739637,86.68838881081132,0.06580838226038785,-1.0,0.07307835562748025,187.0,-0.06580838226038785,-0.07307835562748025,0.9255509590443626,0.8479367200484152,0.4062877871825877,0.0,2481,True,-20.55646023230745,-20.55646023230745,False,False,2.231163595390875,11.99713185164767,,,sum_of_two_90pct_reference_radii_KBO_coverage_unknown,estimated_KBO_angle_unvalidated,True,True,unavailable_unseen_stadium_bias
2026,64021,박세웅,Right,-23.538365503505002,174.14529200645177,0.014995832439387296,-1.0,-0.01022004518705168,182.0,-0.014995832439387296,0.01022004518705168,0.24824055100786208,1.693882452976192,0.3504020313161236,0.0,2363,True,43.12285223678823,43.12285223678823,False,False,2.231163595390875,11.99713185164767,,,sum_of_two_90pct_reference_radii_KBO_coverage_unknown,estimated_KBO_angle_unvalidated,True,True,unavailable_unseen_stadium_bias
2026,64350,하영민,Right,-56.645292188400504,167.1555661362367,0.04126109802139701,-1.0,-0.011235412400599191,183.0,-0.04126109802139701,0.011235412400599191,0.5643957687368363,1.629780820760736,0.47309833024118736,0.0,2156,True,34.698942293616795,34.698942293616795,False,False,2.231163595390875,11.99713185164767,,,sum_of_two_90pct_reference_radii_KBO_coverage_unknown,estimated_KBO_angle_unvalidated,True,True,unavailable_unseen_stadium_bias
2026,64596,김유영,Left,57.343415558634,166.92295411477426,-0.04808252973893135,-1.0,-0.014327051834933236,180.0,0.04808252973893135,0.014327051834933236,-0.570782851422614,1.628623168878491,0.0,0.0,96,False,36.53928340784771,,False,False,,,,,sum_of_two_90pct_reference_radii_KBO_coverage_unknown,withheld_small_sample,True,False,withheld_estimate
2026,64861,이건욱,Right,-25.302771143534986,180.08478619988654,0.0261048787327089,-1.0,-0.023186380658754974,182.0,-0.0261048787327089,0.023186380658754974,0.26373562008251916,1.75582721175467,0.4513031550068587,0.0,729,True,46.610418872244054,46.610418872244054,False,False,2.231163595390875,11.99713185164767,,,sum_of_two_90pct_reference_radii_KBO_coverage_unknown,estimated_KBO_angle_unvalidated,True,True,unavailable_unseen_stadium_bias
2026,64995,배재환,Right,-48.632442377280775,183.531158264026,0.03396338383326549,-1.0,-0.027767956524454906,186.0,-0.03396338383326549,0.027767956524454906,0.4849087566682312,1.7898449854925313,0.36742424242424243,0.0,792,True,43.974659655815934,43.974659655815934,False,False,2.231163595390875,11.99713185164767,,,sum_of_two_90pct_reference_radii_KBO_coverage_unknown,estimated_KBO_angle_unvalidated,True,True,unavailable_unseen_stadium_bias
2026,65048,김민수,Right,-51.88576404811127,192.2135869395021,0.03136027143065732,-1.0,-0.02342383865454604,188.0,-0.03136027143065732,0.02342383865454604,0.5171729161150285,1.8665063260395485,0.15532544378698224,0.0,676,True,47.230142859839106,47.230142859839106,False,False,2.231163595390875,11.99713185164767,,,sum_of_two_90pct_reference_radii_KBO_coverage_unknown,estimated_KBO_angle_unvalidated,True,True,unavailable_unseen_stadium_bias
2026,65056,엄상백,Right,-82.96081389363158,147.3006435824166,0.04737221971035964,-1.0,0.017676532536086052,187.0,-0.04737221971035964,-0.017676532536086052,0.8205254278584173,1.4318107376518978,0.0,0.0,13,True,17.365603289427565,,False,False,,,,,sum_of_two_90pct_reference_radii_KBO_coverage_unknown,withheld_small_sample,True,False,withheld_estimate
2026,65060,주권,Right,-42.13989428513758,161.35792643205,0.04098720385340704,-1.0,-0.002034988614704693,181.0,-0.04098720385340704,0.002034988614704693,0.4290725719828571,1.5719509357204586,0.3682896379525593,0.0,801,True,33.83248240215332,33.83248240215332,False,False,2.231163595390875,11.99713185164767,,,sum_of_two_90pct_reference_radii_KBO_coverage_unknown,estimated_KBO_angle_unvalidated,True,True,unavailable_unseen_stadium_bias
2026,65062,김재윤,Right,-70.39704562279724,174.81750513312744,0.05013298523615932,-1.0,-0.021359557730649764,185.0,-0.05013298523615932,0.021359557730649764,0.6938476244619441,1.7054330586646642,0.3965351299326275,0.0,1039,True,36.85368331900075,36.85368331900075,False,False,2.231163595390875,11.99713185164767,,,sum_of_two_90pct_reference_radii_KBO_coverage_unknown,estimated_KBO_angle_unvalidated,True,True,unavailable_unseen_stadium_bias
2026,65109,백승현,Right,-61.3426119324527,184.14518489749915,0.04314548411081635,-1.0,-0.034341321768358246,183.0,-0.04314548411081635,0.034341321768358246,0.6042320599198218,1.7976600589349796,0.3393939393939394,0.0,165,True,44.59328459679648,44.59328459679648,False,False,2.231163595390875,11.99713185164767,,,sum_of_two_90pct_reference_radii_KBO_coverage_unknown,estimated_KBO_angle_unvalidated,True,True,unavailable_unseen_stadium_bias
2026,65117,이상규,Right,-37.06488717804622,171.16092523273863,0.02062353341956293,-1.0,-0.012470437953829456,185.0,-0.02062353341956293,0.012470437953829456,0.3765491178919889,1.6683766596082876,0.3698630136986301,0.0,949,True,38.50923993604176,38.50923993604176,False,False,2.231163595390875,11.99713185164767,,,sum_of_two_90pct_reference_radii_KBO_coverage_unknown,estimated_KBO_angle_unvalidated,True,True,unavailable_unseen_stadium_bias
2026,65320,최원태,Right,-33.641713877965515,170.5802697489555,0.03111448436437965,-1.0,-0.019589482454524337,184.0,-0.03111448436437965,0.019589482454524337,0.34389208033526386,1.667596885004464,0.3760890609874153,0.0,2066,True,39.3560470794583,39.3560470794583,False,False,2.231163595390875,11.99713185164767,,,sum_of_two_90pct_reference_radii_KBO_coverage_unknown,estimated_KBO_angle_unvalidated,True,True,unavailable_unseen_stadium_bias
2026,65343,김택형,Left,74.22526730841093,174.73224935434567,-0.055882234503240404,-1.0,-0.017062991109900824,185.0,0.055882234503240404,0.017062991109900824,-0.7319807629342592,1.7019946324374344,0.0,0.0,25,False,36.55747591310309,,False,False,,,,,sum_of_two_90pct_reference_radii_KBO_coverage_unknown,withheld_small_sample,True,False,withheld_estimate
2026,65516,배제성,Right,-27.617335963828182,190.2588562163703,0.01650795705866965,-1.0,-0.038846085959083385,189.0,-0.01650795705866965,0.038846085959083385,0.281856325258665,1.8596231833975894,0.5730994152046783,0.0,1197,True,49.16086527864838,49.16086527864838,False,False,2.231163595390875,11.99713185164767,,,sum_of_two_90pct_reference_radii_KBO_coverage_unknown,estimated_KBO_angle_unvalidated,True,True,unavailable_unseen_stadium_bias
2026,65522,김강현,Right,-18.063341777069876,165.6460407006988,0.01857802543927692,-1.0,-0.0013798620941189214,177.0,-0.01857802543927692,0.0013798620941189214,0.19803017119718344,1.6101265831193308,0.2562674094707521,0.0,359,True,41.10507014683268,41.10507014683268,False,False,2.231163595390875,11.99713185164767,,,sum_of_two_90pct_reference_radii_KBO_coverage_unknown,estimated_KBO_angle_unvalidated,True,True,unavailable_unseen_stadium_bias
2026,65616,이민우,Right,-39.6883968602824,197.26854034874134,0.02760255802746815,-1.0,-0.01919140615803442,185.0,-0.02760255802746815,0.01919140615803442,0.4023391931651157,1.90959941217253,0.3613963039014374,0.0,974,True,52.66425902352236,52.66425902352236,False,False,2.231163595390875,11.99713185164767,,,sum_of_two_90pct_reference_radii_KBO_coverage_unknown,estimated_KBO_angle_unvalidated,True,True,unavailable_unseen_stadium_bias
2026,65639,박정수,Right,-88.19207286702574,137.22098868855116,0.06069292259629459,-1.0,0.016731036538680882,178.0,-0.06069292259629459,-0.016731036538680882,0.8696969653396376,1.337666884611655,0.0,0.0,121,True,14.767184424260304,14.767184424260304,False,False,2.231163595390875,11.99713185164767,,,sum_of_two_90pct_reference_radii_KBO_coverage_unknown,estimated_KBO_angle_unvalidated,True,False,unavailable_unseen_stadium_bias
2026,65707,주현상,Right,-47.17164337818329,178.28098724680203,0.034576512953611784,-1.0,-0.020048929076467995,177.0,-0.034576512953611784,0.020048929076467995,0.47139406884273305,1.7344660890247054,0.8151515151515152,0.0,330,True,45.24059217625316,45.24059217625316,False,False,2.231163595390875,11.99713185164767,,,sum_of_two_90pct_reference_radii_KBO_coverage_unknown,estimated_KBO_angle_unvalidated,True,True,unavailable_unseen_stadium_bias
2026,65769,김범수,Left,63.031972068596644,165.24821982863406,-0.05439458089493281,-1.0,-0.013907717811917618,181.0,0.05439458089493281,0.013907717811917618,-0.6256455875014406,1.613302464746444,0.1899070385126162,0.0,753,True,34.39575011033105,34.39575011033105,False,False,2.231163595390875,11.99713185164767,,,sum_of_two_90pct_reference_radii_KBO_coverage_unknown,estimated_KBO_angle_unvalidated,True,True,unavailable_unseen_stadium_bias
2026,65933,구창모,Left,78.56860356038487,179.04950569151177,-0.059898526942882474,-1.0,-0.023827546671815403,183.0,0.059898526942882474,0.023827546671815403,-0.7718471042256633,1.7443638308618128,0.40910956093557654,0.0,2437,True,39.649330954535465,39.649330954535465,False,False,2.231163595390875,11.99713185164767,,,sum_of_two_90pct_reference_radii_KBO_coverage_unknown,estimated_KBO_angle_unvalidated,True,True,unavailable_unseen_stadium_bias
2026,65949,류진욱,Right,-52.83776736644759,167.36381484801944,0.05049275530464272,-1.0,-0.022023317757576887,189.0,-0.05049275530464272,0.022023317757576887,0.5281599015417002,1.6408338730453782,0.27312775330396477,0.0,681,True,33.03605491170619,33.03605491170619,False,False,2.231163595390875,11.99713185164767,,,sum_of_two_90pct_reference_radii_KBO_coverage_unknown,estimated_KBO_angle_unvalidated,True,True,unavailable_unseen_stadium_bias
2026,66018,김선기,Right,-52.44078164356744,175.4574982658198,0.03836598767141068,-1.0,-0.01980330423339032,187.0,-0.03836598767141068,0.01980330423339032,0.5232360079534756,1.7119562497745204,0.8771498771498771,0.0,407,True,38.315715673728256,38.315715673728256,False,False,2.231163595390875,11.99713185164767,,,sum_of_two_90pct_reference_radii_KBO_coverage_unknown,estimated_KBO_angle_unvalidated,True,True,unavailable_unseen_stadium_bias
2026,66047,박세진,Left,61.858799382304355,173.96978688747217,-0.05452310820403698,-1.0,-0.011418756899055008,178.0,0.05452310820403698,0.011418756899055008,-0.6152807724160039,1.6900672108272503,0.5393258426966292,0.0,89,True,40.68535198672428,,False,False,,,,,sum_of_two_90pct_reference_radii_KBO_coverage_unknown,withheld_small_sample,True,True,withheld_estimate
2026,66145,김대현,Right,-32.988983314073735,182.9931571517247,0.02396121651871826,-1.0,-0.03945924868951754,188.0,-0.02396121651871826,0.03945924868951754,0.33297541093265914,1.7934812332284242,0.0,0.0,30,False,45.10139052994629,,False,False,,,,,sum_of_two_90pct_reference_radii_KBO_coverage_unknown,withheld_small_sample,True,False,withheld_estimate
2026,66291,이영하,Right,-58.14405613789119,200.6308429344677,0.032664366481705565,-1.0,-0.03778371128394878,192.0,-0.032664366481705565,0.03778371128394878,0.5739841524365283,1.952566174443984,0.39981185324553153,0.0,1063,True,49.7297620865409,49.7297620865409,False,False,2.231163595390875,11.99713185164767,,,sum_of_two_90pct_reference_radii_KBO_coverage_unknown,estimated_KBO_angle_unvalidated,True,True,unavailable_unseen_stadium_bias
2026,66451,최충연,Right,-72.77021147532074,180.65300378965435,0.04874310966118877,-1.0,-0.0004948505301871381,190.0,-0.04874310966118877,0.0004948505301871381,0.7224935438580096,1.7475162775991084,0.0,0.0,28,False,36.64159521205862,,False,False,,,,,sum_of_two_90pct_reference_radii_KBO_coverage_unknown,withheld_small_sample,True,False,withheld_estimate
2026,66609,전상현,Right,-43.18937527362086,178.00625119477075,0.035970535138232194,-1.0,-0.024391412944005337,180.0,-0.035970535138232194,0.024391412944005337,0.4333882038546064,1.7359692851267943,0.6994328922495274,0.0,529,True,44.274499210003974,44.274499210003974,False,False,2.231163595390875,11.99713185164767,,,sum_of_two_90pct_reference_radii_KBO_coverage_unknown,estimated_KBO_angle_unvalidated,True,True,unavailable_unseen_stadium_bias
2026,66858,정동윤,Right,-35.99905184708064,180.15934013982317,0.025702038104774092,-1.0,-0.02441500699157587,193.0,-0.025702038104774092,0.02441500699157587,0.3661134787247953,1.7603479901163828,0.0,0.0,88,False,40.39639621014629,,False,False,,,,,sum_of_two_90pct_reference_radii_KBO_coverage_unknown,withheld_small_sample,True,False,withheld_estimate
2026,66920,최성영,Left,65.73913608043385,173.36191264654195,-0.054954039752635214,-1.0,-0.023854936867327817,180.0,0.054954039752635214,0.023854936867327817,-0.6491095287447038,1.6924257623766483,0.5333333333333333,0.0,120,False,39.42898139478768,39.42898139478768,False,False,2.231163595390875,11.99713185164767,25.200685947749133,53.65727684182622,sum_of_two_90pct_reference_radii_KBO_coverage_unknown,estimated_KBO_angle_unvalidated,True,True,reference_only_future_season_unvalidated
2026,67048,이정현,Right,-59.414156000000006,175.292258,0.04386454491266255,-1.0,-0.02070691705485864,188.0,-0.04386454491266255,0.02070691705485864,0.5898568518424389,1.7110193160267566,1.0,0.0,120,True,36.962467917952395,36.962467917952395,False,False,2.231163595390875,11.99713185164767,,,sum_of_two_90pct_reference_radii_KBO_coverage_unknown,estimated_KBO_angle_unvalidated,True,True,unavailable_unseen_stadium_bias
2026,67116,오석주,Right,-61.83647059535292,187.04796861435432,0.030077063105621093,-1.0,-0.006323353626581468,180.0,-0.030077063105621093,0.006323353626581468,0.6136285431993312,1.805741817358564,0.0,0.0,489,True,46.56276859736916,46.56276859736916,False,False,2.231163595390875,11.99713185164767,,,sum_of_two_90pct_reference_radii_KBO_coverage_unknown,estimated_KBO_angle_unvalidated,True,False,unavailable_unseen_stadium_bias
2026,67119,고우석,Right,-63.67725081081082,154.98874054054053,0.044385086861218906,-1.0,-0.001974780274078971,182.0,-0.044385086861218906,0.001974780274078971,0.632702476347276,1.5129467365206706,1.0,0.0,148,True,27.082153055158724,27.082153055158724,False,False,2.231163595390875,11.99713185164767,,,sum_of_two_90pct_reference_radii_KBO_coverage_unknown,estimated_KBO_angle_unvalidated,True,True,unavailable_unseen_stadium_bias
2026,67143,손주영,Left,51.19061591955136,192.84702865864116,-0.03516827581914344,-1.0,-0.027176055406100765,191.0,0.03516827581914344,0.027176055406100765,-0.5107857275629204,1.875744481455345,0.46332046332046334,0.0,777,True,46.96825031826643,46.96825031826643,False,False,2.231163595390875,11.99713185164767,,,sum_of_two_90pct_reference_radii_KBO_coverage_unknown,estimated_KBO_angle_unvalidated,True,True,unavailable_unseen_stadium_bias
2026,67246,김명신,Right,-45.70692708112727,174.5773271558316,0.027945042462346165,-1.0,-0.005409222758035297,178.0,-0.027945042462346165,0.005409222758035297,0.4601620958904359,1.6923091297832813,0.0,0.0,41,False,42.25390142480808,,False,False,,,,,sum_of_two_90pct_reference_radii_KBO_coverage_unknown,withheld_small_sample,True,False,withheld_estimate
2026,67263,최원준,Right,-77.75716951332917,137.4347642419752,0.06503708613029432,-1.0,0.004449989629234826,182.0,-0.06503708613029432,-0.004449989629234826,0.7694237530294465,1.349279662387582,0.0,0.0,30,False,15.05689891296294,,False,False,,,,,sum_of_two_90pct_reference_radii_KBO_coverage_unknown,withheld_small_sample,True,False,withheld_estimate
2026,67266,박치국,Right,-76.30819531828952,123.54824585526264,0.05253420360389335,-1.0,0.01936803698320351,177.0,-0.05253420360389335,-0.01936803698320351,0.7558788798469203,1.2121322731014499,0.4361078546307151,0.0,853,True,8.652782805971299,8.652782805971299,False,False,2.231163595390875,11.99713185164767,,,sum_of_two_90pct_reference_radii_KBO_coverage_unknown,estimated_KBO_angle_unvalidated,True,True,unavailable_unseen_stadium_bias
2026,67391,김재웅,Left,8.879208947880835,178.16460851968236,-0.01601567195000712,-1.0,-0.03509752461381932,171.0,0.01601567195000712,0.03509752461381932,-0.10218320078051642,1.7424801869318545,0.05319148936170213,1.0,376,True,54.16346119051806,,False,True,,,,,sum_of_two_90pct_reference_radii_KBO_coverage_unknown,withheld_bridge_extrapolation,True,True,withheld_estimate
2026,67419,문용익,Right,-50.21709907974424,170.0332554175869,0.047619612091889155,-1.0,-0.02512171555151441,178.0,-0.047619612091889155,0.02512171555151441,0.5005696870510077,1.6631324073929195,0.4489051094890511,0.0,274,True,39.95845519923069,39.95845519923069,False,False,2.231163595390875,11.99713185164767,,,sum_of_two_90pct_reference_radii_KBO_coverage_unknown,estimated_KBO_angle_unvalidated,True,True,unavailable_unseen_stadium_bias
2026,67421,최지광,Right,-61.92412179749809,167.66121237482693,0.03210531673045732,-1.0,0.001353857415566719,173.0,-0.03210531673045732,-0.001353857415566719,0.6143880919711738,1.6226107056907362,0.0,0.0,381,True,38.58363302369074,38.58363302369074,False,False,2.231163595390875,11.99713185164767,,,sum_of_two_90pct_reference_radii_KBO_coverage_unknown,estimated_KBO_angle_unvalidated,True,False,unavailable_unseen_stadium_bias
2026,67539,나균안,Right,-30.304822894187183,185.78593047174277,0.02599254348474552,-1.0,-0.023905941812209886,186.0,-0.02599254348474552,0.023905941812209886,0.3117550283686461,1.809098223770691,0.33492615117289315,0.0,2302,True,47.249611616930984,47.249611616930984,False,False,2.231163595390875,11.99713185164767,,,sum_of_two_90pct_reference_radii_KBO_coverage_unknown,estimated_KBO_angle_unvalidated,True,True,unavailable_unseen_stadium_bias
2026,67588,윤성빈,Right,-70.15980447725495,176.85751188634052,0.06049402244208328,-1.0,-0.02278117388438501,197.0,-0.06049402244208328,0.02278117388438501,0.6949527885256078,1.7294270943217995,0.22772277227722773,0.0,101,False,32.51981184289365,32.51981184289365,False,False,2.231163595390875,11.99713185164767,18.29151639585511,46.74810728993219,sum_of_two_90pct_reference_radii_KBO_coverage_unknown,estimated_KBO_angle_unvalidated,True,True,reference_only_future_season_unvalidated
2026,67703,박상원,Right,-56.52590576251263,178.0427766379998,0.04397301850757158,-1.0,-0.023800764913643326,187.0,-0.04397301850757158,0.023800764913643326,0.5618338972582434,1.737716427063986,0.37338044758539457,0.0,849,True,39.40507523710487,39.40507523710487,False,False,2.231163595390875,11.99713185164767,,,sum_of_two_90pct_reference_radii_KBO_coverage_unknown,estimated_KBO_angle_unvalidated,True,True,unavailable_unseen_stadium_bias
2026,67828,김성민,Left,50.8604737947223,161.14379953517005,-0.05080914684768316,-1.0,-0.001950465371738003,181.0,0.05080914684768316,0.001950465371738003,-0.5129576082186997,1.5696363987659157,0.9296482412060302,0.0,199,True,33.31051660251221,33.31051660251221,False,False,2.231163595390875,11.99713185164767,,,sum_of_two_90pct_reference_radii_KBO_coverage_unknown,estimated_KBO_angle_unvalidated,True,True,unavailable_unseen_stadium_bias
2026,67954,김진호,Right,-51.90321067649341,164.21556104440953,0.05395723266076332,-1.0,-0.015150507301997837,183.0,-0.05395723266076332,0.015150507301997837,0.5204649559156043,1.606174096956152,0.3384279475982533,0.0,916,True,33.80529344216654,33.80529344216654,False,False,2.231163595390875,11.99713185164767,,,sum_of_two_90pct_reference_radii_KBO_coverage_unknown,estimated_KBO_angle_unvalidated,True,True,unavailable_unseen_stadium_bias
2026,68036,최이준,Right,-43.02306753272458,170.2056003224844,0.034688743432381534,-1.0,-0.019511993086405513,182.0,-0.034688743432381534,0.019511993086405513,0.4326908017283874,1.662867480360447,0.0,0.0,242,True,38.85194136633387,38.85194136633387,False,False,2.231163595390875,11.99713185164767,,,sum_of_two_90pct_reference_radii_KBO_coverage_unknown,estimated_KBO_angle_unvalidated,True,False,unavailable_unseen_stadium_bias
2026,68043,김민,Right,-49.16924991331894,183.03865790990292,0.04468715384425414,-1.0,-0.025915949444861874,185.0,-0.04468715384425414,0.025915949444861874,0.4919518179949629,1.7842167558018887,0.3433433433433433,0.0,999,True,44.04373327304862,44.04373327304862,False,False,2.231163595390875,11.99713185164767,,,sum_of_two_90pct_reference_radii_KBO_coverage_unknown,estimated_KBO_angle_unvalidated,True,True,unavailable_unseen_stadium_bias
2026,68092,한두솔,Left,33.54204440596603,174.4743846309179,-0.022613598133171382,-1.0,-0.01786954597331593,177.0,0.022613598133171382,0.01786954597331593,-0.34115334802898595,1.6991903623197182,0.22547332185886404,0.0,581,True,45.37298984754506,45.37298984754506,False,False,2.231163595390875,11.99713185164767,,,sum_of_two_90pct_reference_radii_KBO_coverage_unknown,estimated_KBO_angle_unvalidated,True,True,unavailable_unseen_stadium_bias
2026,68159,성동현,Right,-40.56004696564864,188.62135671720674,0.020984227806123776,-1.0,-0.022810125936980587,189.0,-0.020984227806123776,0.022810125936980587,0.408709614604647,1.834352669294031,0.0,0.0,126,True,46.094635061675206,46.094635061675206,False,False,2.231163595390875,11.99713185164767,,,sum_of_two_90pct_reference_radii_KBO_coverage_unknown,estimated_KBO_angle_unvalidated,True,False,unavailable_unseen_stadium_bias
2026,68220,곽빈,Right,-34.870782616733955,188.54686877095506,0.023000336901174662,-1.0,-0.027361196656876932,187.0,-0.023000336901174662,0.027361196656876932,0.3538403846784867,1.8361704679787128,0.3508158508158508,0.0,2574,True,47.848408770943266,47.848408770943266,False,False,2.231163595390875,11.99713185164767,,,sum_of_two_90pct_reference_radii_KBO_coverage_unknown,estimated_KBO_angle_unvalidated,True,True,unavailable_unseen_stadium_bias
2026,68242,정철원,Right,-14.989421658287784,188.74541500856446,0.013045160501708095,-1.0,-0.025579240540222852,192.0,-0.013045160501708095,0.025579240540222852,0.16585710987382302,1.8398124622284076,0.15625,0.033203125,512,True,48.11799479940773,48.11799479940773,False,False,2.231163595390875,11.99713185164767,,,sum_of_two_90pct_reference_radii_KBO_coverage_unknown,estimated_KBO_angle_unvalidated,True,True,unavailable_unseen_stadium_bias
2026,68249,박신지,Right,-49.05279502362303,182.39649122001413,0.036748908205584976,-1.0,-0.025810753147896746,185.0,-0.036748908205584976,0.025810753147896746,0.4895823236796626,1.7780712326537282,0.36610169491525424,0.0,590,True,43.69886624119977,43.69886624119977,False,False,2.231163595390875,11.99713185164767,,,sum_of_two_90pct_reference_radii_KBO_coverage_unknown,estimated_KBO_angle_unvalidated,True,True,unavailable_unseen_stadium_bias
2026,68260,현도훈,Right,-44.46729759845903,165.70471442553043,0.02854911653647936,-1.0,-0.012897826854724096,188.0,-0.02854911653647936,0.012897826854724096,0.4477189443749425,1.6198476049059942,0.37273695420660274,0.0,939,True,33.29741247927965,33.29741247927965,False,False,2.231163595390875,11.99713185164767,,,sum_of_two_90pct_reference_radii_KBO_coverage_unknown,estimated_KBO_angle_unvalidated,True,True,unavailable_unseen_stadium_bias
2026,68341,안우진,Right,-31.775236114206006,180.13178375867264,0.027149038052256245,-1.0,-0.02450343680926751,192.0,-0.027149038052256245,0.02450343680926751,0.3262843769182285,1.760151399444545,0.4696969696969697,0.0,1782,True,41.37125322433533,41.37125322433533,False,False,2.231163595390875,11.99713185164767,,,sum_of_two_90pct_reference_radii_KBO_coverage_unknown,estimated_KBO_angle_unvalidated,True,True,unavailable_unseen_stadium_bias
2026,68403,김무신,Right,-35.70312931183033,183.0864550767197,0.026601487978547892,-1.0,-0.0177699905618009,183.0,-0.026601487978547892,0.0177699905618009,0.36371528055570873,1.7794651201792262,0.0,0.0,46,False,46.28759655227927,,False,False,,,,,sum_of_two_90pct_reference_radii_KBO_coverage_unknown,withheld_small_sample,True,False,withheld_estimate
2026,68415,양창섭,Right,-26.48675721380019,172.04285072037132,0.022748824803191216,-1.0,-0.008540508774778419,182.0,-0.022748824803191216,0.008540508774778419,0.2775960282799912,1.6738145786073142,0.3605486610058785,0.0,1531,True,41.534614313115505,41.534614313115505,False,False,2.231163595390875,11.99713185164767,,,sum_of_two_90pct_reference_radii_KBO_coverage_unknown,estimated_KBO_angle_unvalidated,True,True,unavailable_unseen_stadium_bias
2026,68419,최지명,Left,44.08424,181.09184,-0.03257604108919024,-1.0,-0.0059708124043839185,186.0,0.03257604108919024,0.0059708124043839185,-0.4471320401055935,1.754931936229357,1.0,0.0,9,True,43.04961361703484,,False,False,,,,,sum_of_two_90pct_reference_radii_KBO_coverage_unknown,withheld_small_sample,True,True,withheld_estimate
2026,68529,이승헌,Right,-84.01112539358114,189.91626655962494,0.07220503510569103,-1.0,-0.034275963911735846,196.0,-0.07220503510569103,0.034275963911735846,0.8252976609398721,1.8539454546957665,0.26666666666666666,0.0,120,True,38.97306502580608,38.97306502580608,False,False,2.231163595390875,11.99713185164767,,,sum_of_two_90pct_reference_radii_KBO_coverage_unknown,estimated_KBO_angle_unvalidated,True,True,unavailable_unseen_stadium_bias
2026,68639,하준영,Left,87.76738771971557,173.70955312672132,-0.0614467134702698,-1.0,-0.02104422266305361,182.0,0.0614467134702698,0.02104422266305361,-0.8591405806482951,1.693212336841137,0.15384615384615385,0.0,169,False,35.90574140820186,35.90574140820186,False,False,2.231163595390875,11.99713185164767,21.67744596116332,50.13403685524041,sum_of_two_90pct_reference_radii_KBO_coverage_unknown,estimated_KBO_angle_unvalidated,True,True,reference_only_future_season_unvalidated
2026,68830,김정우,Right,-69.06293268220483,164.67788338656817,0.055554549836574416,-1.0,-0.013422140630398996,183.0,-0.055554549836574416,0.013422140630398996,0.6831718487623949,1.6081373890094732,0.4281217208814271,0.0,953,True,31.906838226087757,31.906838226087757,False,False,2.231163595390875,11.99713185164767,,,sum_of_two_90pct_reference_radii_KBO_coverage_unknown,estimated_KBO_angle_unvalidated,True,True,unavailable_unseen_stadium_bias
2026,68856,최민준,Right,-49.17515866649634,174.44799950512711,0.03453654551251674,-1.0,-0.01271497302876163,178.0,-0.03453654551251674,0.01271497302876163,0.49208430525905617,1.6954656422545547,0.35110844817255843,0.0,1669,True,42.06941899317526,42.06941899317526,False,False,2.231163595390875,11.99713185164767,,,sum_of_two_90pct_reference_radii_KBO_coverage_unknown,estimated_KBO_angle_unvalidated,True,True,unavailable_unseen_stadium_bias
2026,68900,김영규,Left,61.28150081537509,187.52706287070845,-0.053407901576536854,-1.0,-0.03391254057106449,188.0,0.053407901576536854,0.03391254057106449,-0.6064067069459502,1.8302368250109857,0.0,0.0,380,True,44.478853257977306,44.478853257977306,False,False,2.231163595390875,11.99713185164767,,,sum_of_two_90pct_reference_radii_KBO_coverage_unknown,estimated_KBO_angle_unvalidated,True,False,unavailable_unseen_stadium_bias
2026,68902,신민혁,Right,-15.531364956894201,178.9282556485837,0.01888199058760635,-1.0,-0.008519461666864955,184.0,-0.01888199058760635,0.008519461666864955,0.17432220071419863,1.7377354547948864,0.0,0.0,598,False,45.78083550203447,45.78083550203447,False,False,2.231163595390875,11.99713185164767,31.552540054995927,60.00913094907301,sum_of_two_90pct_reference_radii_KBO_coverage_unknown,estimated_KBO_angle_unvalidated,True,False,reference_only_future_season_unvalidated
2026,68928,김시훈,Right,-54.576649427557754,187.23571685629517,0.041450152267555856,-1.0,-0.009640893871266076,188.0,-0.041450152267555856,0.009640893871266076,0.5473590462343256,1.8131706328455977,0.0,0.0,78,False,43.658773983740794,,False,False,,,,,sum_of_two_90pct_reference_radii_KBO_coverage_unknown,withheld_small_sample,True,False,withheld_estimate
2026,69041,손동현,Right,-28.150442440182783,170.55156749814765,0.027768421127933995,-1.0,-0.016003106133779334,183.0,-0.027768421127933995,0.016003106133779334,0.29227151012582164,1.6651284040384742,0.4426877470355731,0.0,1012,True,40.35860420603283,40.35860420603283,False,False,2.231163595390875,11.99713185164767,,,sum_of_two_90pct_reference_radii_KBO_coverage_unknown,estimated_KBO_angle_unvalidated,True,True,unavailable_unseen_stadium_bias
2026,69045,알칸타라,Right,-47.64696861378314,179.25716660837975,0.040234502308274765,-1.0,-0.027747400526411795,193.0,-0.040234502308274765,0.027747400526411795,0.4774686426922091,1.7537662760699155,0.3317307692307692,0.0,2288,True,38.56253264327958,38.56253264327958,False,False,2.231163595390875,11.99713185164767,,,sum_of_two_90pct_reference_radii_KBO_coverage_unknown,estimated_KBO_angle_unvalidated,True,True,unavailable_unseen_stadium_bias
2026,69047,전용주,Left,63.756204473142986,172.11996777081467,-0.05597240842583422,-1.0,-0.02353772607311676,188.0,0.05597240842583422,0.02353772607311676,-0.6318471584155522,1.6839706571212862,0.3470661672908864,0.0,801,True,35.38394839975572,35.38394839975572,False,False,2.231163595390875,11.99713185164767,,,sum_of_two_90pct_reference_radii_KBO_coverage_unknown,estimated_KBO_angle_unvalidated,True,True,unavailable_unseen_stadium_bias
2026,69054,이상동,Right,-48.532729382485236,180.5242816141058,0.03527962548119014,-1.0,-0.028173853214378562,181.0,-0.03527962548119014,0.028173853214378562,0.4830783812697531,1.761048491440047,0.4805194805194805,0.0,385,False,44.72721498161228,44.72721498161228,False,False,2.231163595390875,11.99713185164767,30.498919534573734,58.955510428650825,sum_of_two_90pct_reference_radii_KBO_coverage_unknown,estimated_KBO_angle_unvalidated,True,True,reference_only_future_season_unvalidated
2026,69113,임준형,Left,101.31815902646306,163.81002258426352,-0.06258610924677152,-1.0,-0.010745363256986622,180.0,0.06258610924677152,0.010745363256986622,-0.988913206669437,1.595457940120183,0.0,0.0,19,True,29.149214420189484,,False,False,,,,,sum_of_two_90pct_reference_radii_KBO_coverage_unknown,withheld_small_sample,True,False,withheld_estimate
2026,69134,이정용,Right,-45.806174813163246,181.71437809167057,0.03162665313541245,-1.0,-0.016441243649014434,186.0,-0.03162665313541245,0.016441243649014434,0.4606192877887758,1.76669499202436,0.22424242424242424,0.0,990,True,42.87043597521975,42.87043597521975,False,False,2.231163595390875,11.99713185164767,,,sum_of_two_90pct_reference_radii_KBO_coverage_unknown,estimated_KBO_angle_unvalidated,True,True,unavailable_unseen_stadium_bias
2026,69168,이상영,Left,91.99488940834733,174.82980770168075,-0.07701681161875569,-1.0,-0.0232508046795971,193.0,0.07701681161875569,0.0232508046795971,-0.9027995892430439,1.7088085885899014,0.6596638655462185,0.0,238,True,31.016317357983823,31.016317357983823,False,False,2.231163595390875,11.99713185164767,,,sum_of_two_90pct_reference_radii_KBO_coverage_unknown,estimated_KBO_angle_unvalidated,True,True,unavailable_unseen_stadium_bias
2026,69205,이교훈,Left,69.93080134717684,172.48600060383743,-0.060676757358995144,-1.0,-0.009955716627599259,181.0,0.060676757358995144,0.009955716627599259,-0.6932176437909403,1.6763870110140038,0.8854166666666666,0.0,96,True,37.39280111645988,,False,False,,,,,sum_of_two_90pct_reference_radii_KBO_coverage_unknown,withheld_small_sample,True,True,withheld_estimate
2026,69213,윤산흠,Right,-27.770576522348836,169.9123931468626,0.010286058136516937,-1.0,0.001376706217372639,178.0,-0.010286058136516937,-0.001376706217372639,0.2894791884792712,1.6466100641693198,0.0,0.0,414,True,41.6057441723884,41.6057441723884,False,False,2.231163595390875,11.99713185164767,,,sum_of_two_90pct_reference_radii_KBO_coverage_unknown,estimated_KBO_angle_unvalidated,True,False,unavailable_unseen_stadium_bias
2026,69360,조영건,Right,-37.64085906596364,185.85334794075152,0.02842907965092668,-1.0,-0.02790520082392762,180.0,-0.02842907965092668,0.02790520082392762,0.37941328091041926,1.809517142645038,0.3918032786885246,0.0,610,True,49.41124010112643,49.41124010112643,False,False,2.231163595390875,11.99713185164767,,,sum_of_two_90pct_reference_radii_KBO_coverage_unknown,estimated_KBO_angle_unvalidated,True,True,unavailable_unseen_stadium_bias
2026,69446,원태인,Right,-56.80920482990864,167.3159468787821,0.04104178649753585,-1.0,-0.01459128037681434,183.0,-0.04104178649753585,0.01459128037681434,0.565067035551519,1.6332264709108892,0.438758389261745,0.0,2384,True,34.90251845425869,34.90251845425869,False,False,2.231163595390875,11.99713185164767,,,sum_of_two_90pct_reference_radii_KBO_coverage_unknown,estimated_KBO_angle_unvalidated,True,True,unavailable_unseen_stadium_bias
2026,69516,김현수,Right,-42.57472371607882,176.30814371068104,0.039113528006814065,-1.0,-0.014798784879218516,185.0,-0.039113528006814065,0.014798784879218516,0.43121883753986323,1.716725192659773,0.0,0.0,39,True,40.705430504155096,,False,False,,,,,sum_of_two_90pct_reference_radii_KBO_coverage_unknown,withheld_small_sample,True,False,withheld_estimate
2026,69620,김기훈,Left,36.043522450455015,181.81595037092464,-0.04003361831834302,-1.0,-0.03187190053829019,184.0,0.04003361831834302,0.03187190053829019,-0.3655604443981396,1.7771264735213441,0.0,0.0,44,False,46.41091782391845,,False,False,,,,,sum_of_two_90pct_reference_radii_KBO_coverage_unknown,withheld_small_sample,True,False,withheld_estimate
2026,69645,장유호,Right,-30.36296563368901,176.93605527810433,0.01603807297804577,-1.0,-0.01474833712936854,179.0,-0.01603807297804577,0.01474833712936854,0.31136981308568085,1.720414023513134,0.6852941176470588,0.0,680,True,45.31746435153263,45.31746435153263,False,False,2.231163595390875,11.99713185164767,,,sum_of_two_90pct_reference_radii_KBO_coverage_unknown,estimated_KBO_angle_unvalidated,True,True,unavailable_unseen_stadium_bias
2026,69839,백승건,Left,33.874263011450225,175.398606052441,-0.0275631217704634,-1.0,-0.026550239536700947,183.0,0.0275631217704634,0.026550239536700947,-0.343897502228143,1.7150452081322858,0.0,0.0,255,False,43.514801519044376,43.514801519044376,False,False,2.231163595390875,11.99713185164767,29.28650607200583,57.743096966082916,sum_of_two_90pct_reference_radii_KBO_coverage_unknown,estimated_KBO_angle_unvalidated,True,False,reference_only_future_season_unvalidated
2026,69962,송명기,Right,-83.1763269383939,146.90419121580166,0.06534991110588624,-1.0,0.0023489562276410828,191.0,-0.06534991110588624,-0.0023489562276410828,0.8221393820146707,1.439366612603174,0.7735849056603774,0.0,742,True,16.06367576803161,16.06367576803161,False,False,2.231163595390875,11.99713185164767,,,sum_of_two_90pct_reference_radii_KBO_coverage_unknown,estimated_KBO_angle_unvalidated,True,True,unavailable_unseen_stadium_bias
2026,69969,전사민,Right,-29.98523977737302,180.80923387527045,0.03142030924454124,-1.0,-0.02129519570522518,194.0,-0.03142030924454124,0.02129519570522518,0.3112422017054581,1.7653651051446912,0.46791707798617965,0.0,1013,True,40.964334641259924,40.964334641259924,False,False,2.231163595390875,11.99713185164767,,,sum_of_two_90pct_reference_radii_KBO_coverage_unknown,estimated_KBO_angle_unvalidated,True,True,unavailable_unseen_stadium_bias
2026,69994,박지한,Left,17.510199060556197,196.64688705747034,-0.010936428169989928,-1.0,-0.00411595835506778,185.0,0.010936428169989928,0.00411595835506778,-0.1941251197749171,1.8960129909998682,0.18666666666666668,0.0,75,False,55.24711179421375,,False,False,,,,,sum_of_two_90pct_reference_radii_KBO_coverage_unknown,withheld_small_sample,True,True,withheld_estimate
2026,73117,우규민,Right,-111.42116266895272,104.70011745581917,0.07508732688046586,-1.0,0.04561801180697916,184.0,-0.07508732688046586,-0.04561801180697916,1.0975310820651756,1.0258556631392404,0.38752052545155996,0.0,609,True,-10.898604064969945,-10.898604064969945,False,False,2.231163595390875,11.99713185164767,,,sum_of_two_90pct_reference_radii_KBO_coverage_unknown,estimated_KBO_angle_unvalidated,True,True,unavailable_unseen_stadium_bias
2026,73211,노경은,Right,-36.06108907999149,185.97005314164764,0.0328417984478936,-1.0,-0.02609497913695314,187.0,-0.0328417984478936,0.02609497913695314,0.36679595543080346,1.8122368248799539,0.24074074074074073,0.0,810,True,46.26612269120588,46.26612269120588,False,False,2.231163595390875,11.99713185164767,,,sum_of_two_90pct_reference_radii_KBO_coverage_unknown,estimated_KBO_angle_unvalidated,True,True,unavailable_unseen_stadium_bias
2026,75867,김진성,Right,-3.2160324576648778,202.26339020163115,0.012621351585480368,-1.0,-0.03377527264632406,186.0,-0.012621351585480368,0.03377527264632406,0.052442786536398424,1.9662339458524587,0.21904761904761905,0.058333333333333334,840,True,59.70772247472593,59.70772247472593,False,False,2.231163595390875,11.99713185164767,,,sum_of_two_90pct_reference_radii_KBO_coverage_unknown,estimated_KBO_angle_unvalidated,True,True,unavailable_unseen_stadium_bias
2026,76118,원종현,Right,-39.22060823842933,159.6561073168109,0.028402525323389903,-1.0,-0.011030510915552042,182.0,-0.028402525323389903,0.011030510915552042,0.39729573330679835,1.5620332526259506,0.35495716034271724,0.0,817,True,33.205669428849404,33.205669428849404,False,False,2.231163595390875,11.99713185164767,,,sum_of_two_90pct_reference_radii_KBO_coverage_unknown,estimated_KBO_angle_unvalidated,True,True,unavailable_unseen_stadium_bias
2026,76225,김건국,Right,-50.501850015087214,178.8872603893706,0.03749740996692745,-1.0,-0.01921486440840315,183.0,-0.03749740996692745,0.01921486440840315,0.5045117621115242,1.7414550065894774,0.0,0.0,111,True,42.27721658834357,42.27721658834357,False,False,2.231163595390875,11.99713185164767,,,sum_of_two_90pct_reference_radii_KBO_coverage_unknown,estimated_KBO_angle_unvalidated,True,False,unavailable_unseen_stadium_bias
2026,76715,류현진,Left,60.82180876956982,186.23810872612137,-0.0525282177488022,-1.0,-0.01770801882855967,190.0,0.0525282177488022,0.01770801882855967,-0.6062814924131839,1.8095473029917835,0.37319189971070393,0.0,2074,True,42.28807757228675,42.28807757228675,False,False,2.231163595390875,11.99713185164767,,,sum_of_two_90pct_reference_radii_KBO_coverage_unknown,estimated_KBO_angle_unvalidated,True,True,unavailable_unseen_stadium_bias
2026,77211,이용찬,Right,-72.18762866499536,166.47674426714926,0.06091792737333429,-1.0,-0.008422351464930462,185.0,-0.06091792737333429,0.008422351464930462,0.7152212435550347,1.622142532097134,0.3884180790960452,0.0,708,True,31.43258994806955,31.43258994806955,False,False,2.231163595390875,11.99713185164767,,,sum_of_two_90pct_reference_radii_KBO_coverage_unknown,estimated_KBO_angle_unvalidated,True,True,unavailable_unseen_stadium_bias
2026,77263,김강률,Right,-29.785364245556256,177.5925347576284,0.018146350214067332,-1.0,-0.01729756479540678,187.0,-0.018146350214067332,0.01729756479540678,0.306937201207619,1.7308522210965072,0.6,0.0,105,False,42.21338428747866,42.21338428747866,False,False,2.231163595390875,11.99713185164767,27.985088840440117,56.44167973451721,sum_of_two_90pct_reference_radii_KBO_coverage_unknown,estimated_KBO_angle_unvalidated,True,True,reference_only_future_season_unvalidated
2026,77446,백정현,Left,38.69327652316502,176.55140310410232,-0.03393701293573644,-1.0,-0.016194313576143645,184.0,0.03393701293573644,0.016194313576143645,-0.3932582060015512,1.7195308886792113,0.0,0.0,326,True,42.62447958690426,42.62447958690426,False,False,2.231163595390875,11.99713185164767,,,sum_of_two_90pct_reference_radii_KBO_coverage_unknown,estimated_KBO_angle_unvalidated,True,False,unavailable_unseen_stadium_bias
2026,77637,양현종,Left,59.151519482762,186.58550359350787,-0.042451599913785214,-1.0,-0.024237609160572625,183.0,0.042451599913785214,0.024237609160572625,-0.586153325916205,1.8139210173592208,0.3183632734530938,0.0,2004,True,46.19645758690415,46.19645758690415,False,False,2.231163595390875,11.99713185164767,,,sum_of_two_90pct_reference_radii_KBO_coverage_unknown,estimated_KBO_angle_unvalidated,True,True,unavailable_unseen_stadium_bias
