n_pitches,team_id,n_teams,arm_angle,relative_release_ball_x,release_ball_x,release_ball_z,relative_shoulder_x,shoulder_z,p_name_display_first_last,pitcher,pitch_hand,name,id,unique_id,team_name,season,reference_source_url,reference_source_sha256,source_collected_at,height_cm,height_source_url,height_source_sha256,height_collected_at,rel_height_m,rel_side_m,shoulder_side_m,shoulder_height_m,reference_frontal_from_mean_points_deg
727,138,1,43.94457452638267,-1.612477846263826,-1.197716643741403,6.238156808803301,-0.002642420165702889,4.686039078052817,"Wainwright, Adam",425794,R,"Wainwright, Adam",425794,pitcher-arm-angle-425794-R,Cardinals,2020,https://baseballsavant.mlb.com/leaderboard/pitcher-arm-angles?season=2020,630dfd920abfca4a9fa03ad089fa07a24a5c6d0555524fff95b59f57b4d8d6a4,2026-10-02T17:50:39.326934+00:00,200.66,https://www.mlb.com/player/425794,15f2004616fe6742c0ca783bbc9ae43373b63d6a1d56a10b8d9796872413d85b,2026-10-02T17:51:11.796859+00:00,1.9013901953232462,0.36506403301237966,-0.1256138048623283,1.4283047109904987,43.9542498073297
800,117,1,47.59231348135145,-1.3097693365412169,-1.193975,6.2994625,0.13777542441550483,4.7153606540719695,"Greinke, Zack",425844,R,"Greinke, Zack",425844,pitcher-arm-angle-425844-R,Astros,2020,https://baseballsavant.mlb.com/leaderboard/pitcher-arm-angles?season=2020,630dfd920abfca4a9fa03ad089fa07a24a5c6d0555524fff95b59f57b4d8d6a4,2026-10-02T17:50:39.326934+00:00,187.96,https://www.mlb.com/player/425844,b2299913fc602181b35bde6a2fb6e8bfb1cde4a9363a6042b509a1603948f71d,2026-10-02T17:51:10.514759+00:00,1.92007617,0.36392358,-0.07728806313960877,1.4372419273611363,47.57908011014432
700,120,1,47.590968075042944,-1.4106809891587142,-0.3139857142857143,5.851485714285714,0.12280167792844411,4.172919092804395,"Sánchez, Aníbal",434671,R,"Sánchez, Aníbal",434671,pitcher-arm-angle-434671-R,Nationals,2020,https://baseballsavant.mlb.com/leaderboard/pitcher-arm-angles?season=2020,630dfd920abfca4a9fa03ad089fa07a24a5c6d0555524fff95b59f57b4d8d6a4,2026-10-02T17:50:39.326934+00:00,182.88,https://www.mlb.com/player/434671,8f922addcec94230fbc1dcb4459a134a4b2a68e61d15722f7d57f673fbbb4203,2026-10-02T17:51:13.985486+00:00,1.7835328457142858,0.09570284571428572,-0.3717026712138802,1.2719057394867797,47.58621559496417
616,142,1,39.54795733805535,2.0902226197364007,1.5605194805194804,5.869545454545454,0.31903210777983715,4.40443486765574,"Hill, Rich",448179,L,"Hill, Rich",448179,pitcher-arm-angle-448179-L,Twins,2020,https://baseballsavant.mlb.com/leaderboard/pitcher-arm-angles?season=2020,630dfd920abfca4a9fa03ad089fa07a24a5c6d0555524fff95b59f57b4d8d6a4,2026-10-02T17:50:39.326934+00:00,195.58,https://www.mlb.com/player/448179,212c8771bdc89a9263fc97a41ab398ff75d0f560425bc055fd03ec52d0f7c529,2026-10-02T17:51:15.068610+00:00,1.7890374545454546,-0.47564633766233766,0.06421253038202293,1.3424717476614698,39.597202953096634
565,139,1,25.0693420914332,-2.28408627876252,-1.8270973451327435,5.597380530973451,-0.1558159542457369,4.601564358584544,"Morton, Charlie",450203,R,"Morton, Charlie",450203,pitcher-arm-angle-450203-R,Rays,2020,https://baseballsavant.mlb.com/leaderboard/pitcher-arm-angles?season=2020,630dfd920abfca4a9fa03ad089fa07a24a5c6d0555524fff95b59f57b4d8d6a4,2026-10-02T17:50:39.326934+00:00,195.58,https://www.mlb.com/player/450203,fc8493f1193af4145529d893a1ccf2a39617a9e5e4669533d38a65e1e0982bca,2026-10-02T17:51:17.093499+00:00,1.7060815858407081,0.5568992707964603,-0.09179752411625529,1.4025568164965692,25.07486030164652
1002,112,1,36.657707859032875,2.059205962354092,2.718622754491018,5.706167664670659,0.1897512357848919,4.314504375163126,"Lester, Jon",452657,L,"Lester, Jon",452657,pitcher-arm-angle-452657-L,Cubs,2020,https://baseballsavant.mlb.com/leaderboard/pitcher-arm-angles?season=2020,630dfd920abfca4a9fa03ad089fa07a24a5c6d0555524fff95b59f57b4d8d6a4,2026-10-02T17:50:39.326934+00:00,193.04,https://www.mlb.com/player/452657,b434b874cfd62907e35079f129a05398fbc6649a0d288b3c6c7b43d0a51b1e3c,2026-10-02T17:51:17.023828+00:00,1.739239904191617,-0.8286362155688624,-0.2588264149105701,1.3150609335497208,36.66480929841713
898,120,1,25.394215663978986,-2.4540340873452813,-3.224432071269488,5.467193763919822,-0.40411496073029335,4.493854056869508,"Scherzer, Max",453286,R,"Scherzer, Max",453286,pitcher-arm-angle-453286-R,Nationals,2020,https://baseballsavant.mlb.com/leaderboard/pitcher-arm-angles?season=2020,630dfd920abfca4a9fa03ad089fa07a24a5c6d0555524fff95b59f57b4d8d6a4,2026-10-02T17:50:39.326934+00:00,190.5,https://www.mlb.com/player/453286,6a71b8a1e6d5998652cc8b5a734326e4153d03b906c949a4bfb913c2bfb3e041,2026-10-02T17:51:17.658485+00:00,1.6664006592427616,0.98280689532294,0.3579915455306916,1.369726716533826,25.399236867647755
449,143,1,34.699611955671564,-2.116639320916543,-2.7857238307349665,6.120734966592428,-0.23800139730623976,4.819812185874248,"Arrieta, Jake",453562,R,"Arrieta, Jake",453562,pitcher-arm-angle-453562-R,Phillies,2020,https://baseballsavant.mlb.com/leaderboard/pitcher-arm-angles?season=2020,630dfd920abfca4a9fa03ad089fa07a24a5c6d0555524fff95b59f57b4d8d6a4,2026-10-02T17:50:39.326934+00:00,193.04,https://www.mlb.com/player/453562,a06b547b7a135845dac26dacfe33dbc865c1677027251366d02d7491b58bb1c5,2026-10-02T17:51:19.016861+00:00,1.8656000178173722,0.8490886236080178,0.27647978449159744,1.469078754254471,34.70190083700243
942,137,1,32.66461297448664,-2.1880544489318754,-2.5958174097664544,5.484777070063695,-0.20353221492358284,4.213390599835669,"Cueto, Johnny",456501,R,"Cueto, Johnny",456501,pitcher-arm-angle-456501-R,Giants,2020,https://baseballsavant.mlb.com/leaderboard/pitcher-arm-angles?season=2020,630dfd920abfca4a9fa03ad089fa07a24a5c6d0555524fff95b59f57b4d8d6a4,2026-10-02T17:50:39.326934+00:00,180.34,https://www.mlb.com/player/456501,8122a0f79701248b6038c36ddc06c029fde209a48e933dfcd8cb4fd611c3b18d,2026-10-02T17:51:19.508215+00:00,1.6717600509554142,0.7912051464968153,0.18632276957108773,1.284241454829912,32.645702818893305
578,147,1,42.12248357515694,1.6721255774656738,1.882249134948097,6.182335640138408,-0.07601928911545744,4.601260517705037,"Happ, J.A.",457918,L,"Happ, J.A.",457918,pitcher-arm-angle-457918-L,Yankees,2020,https://baseballsavant.mlb.com/leaderboard/pitcher-arm-angles?season=2020,630dfd920abfca4a9fa03ad089fa07a24a5c6d0555524fff95b59f57b4d8d6a4,2026-10-02T17:50:39.326934+00:00,195.58,https://www.mlb.com/player/457918,ca3c8b0e938080a644918e2c383ed2a27a25380311fffcc7cb47a30c525187a9,2026-10-02T17:51:21.080093+00:00,1.884375903114187,-0.57370953633218,-0.04087498099825116,1.4024642057964953,42.1271445165972
625,158,1,36.74540671456892,-1.8667158843810698,-2.24744,5.953392,-0.06534799885918004,4.608660625695188,"Lindblom, Josh",458676,R,"Lindblom, Josh",458676,pitcher-arm-angle-458676-R,Brewers,2020,https://baseballsavant.mlb.com/leaderboard/pitcher-arm-angles?season=2020,630dfd920abfca4a9fa03ad089fa07a24a5c6d0555524fff95b59f57b4d8d6a4,2026-10-02T17:50:39.326934+00:00,193.04,https://www.mlb.com/player/458676,e1d143bb81d919f511ece0e5998d03ec2113cca356d340a8fd031f4ba51c2a39,2026-10-02T17:51:21.203685+00:00,1.8145938816,0.6850197120000001,0.13596278049292804,1.4047197587118934,36.74154864540124
962,140,1,33.21031024840675,-2.4101687440171067,-3.1244698544698544,5.674656964656965,-0.39274045793816015,4.3532648245572325,"Lynn, Lance",458681,R,"Lynn, Lance",458681,pitcher-arm-angle-458681-R,Rangers,2020,https://baseballsavant.mlb.com/leaderboard/pitcher-arm-angles?season=2020,630dfd920abfca4a9fa03ad089fa07a24a5c6d0555524fff95b59f57b4d8d6a4,2026-10-02T17:50:39.326934+00:00,195.58,https://www.mlb.com/player/458681,e0d405d80db4a54cd2bb5a64924ba41581d108297ee53a8c4e30e56ae30f56c1,2026-10-02T17:51:21.390608+00:00,1.729635442827443,0.9523384116424116,0.3374262700455487,1.3268751185250445,33.22433400052671
371,144,1,43.82765552142262,-1.5458236852658782,-1.0984636118598383,5.9332614555256065,0.0713507489616773,4.379936194108861,"Tomlin, Josh",458708,R,"Tomlin, Josh",458708,pitcher-arm-angle-458708-R,Braves,2020,https://baseballsavant.mlb.com/leaderboard/pitcher-arm-angles?season=2020,630dfd920abfca4a9fa03ad089fa07a24a5c6d0555524fff95b59f57b4d8d6a4,2026-10-02T17:50:39.326934+00:00,185.42000000000002,https://www.mlb.com/player/458708,5358059485ff9e12a1eadbbf2e4d59ecd89df198ef0430e5b6106968b95b1105,2026-10-02T17:51:22.474780+00:00,1.808458091644205,0.3348117088948787,-0.1581030586576802,1.335004551964381,43.84630372271891
499,145,1,37.04958628244566,1.8581424281745247,2.671442885771543,5.576633266533066,0.12378074739815767,4.267623739212573,"Gonzalez, Gio",461829,L,"Gonzalez, Gio",461829,pitcher-arm-angle-461829-L,White Sox,2020,https://baseballsavant.mlb.com/leaderboard/pitcher-arm-angles?season=2020,630dfd920abfca4a9fa03ad089fa07a24a5c6d0555524fff95b59f57b4d8d6a4,2026-10-02T17:50:39.326934+00:00,182.88,https://www.mlb.com/player/461829,2ab68557f348f388cc7e7771d5f0ccc4270757f087bef15d177c324a20af1b52,2026-10-02T17:51:22.813499+00:00,1.6997578196392786,-0.8142557915831664,-0.2856223512825297,1.3007717157119925,37.04368108365611
878,114,1,35.67068000386357,-1.9381729693509162,-1.4978929384965831,5.720580865603645,-0.0724029456177532,4.38141696827618,"Carrasco, Carlos",471911,R,"Carrasco, Carlos",471911,pitcher-arm-angle-471911-R,Guardians,2020,https://baseballsavant.mlb.com/leaderboard/pitcher-arm-angles?season=2020,630dfd920abfca4a9fa03ad089fa07a24a5c6d0555524fff95b59f57b4d8d6a4,2026-10-02T17:50:39.326934+00:00,193.04,https://www.mlb.com/player/471911,c5dd2dc7509f642997d511bf532b4b91640f3a2be63ae2de37e4c7177c7c01a4,2026-10-02T17:51:24.049260+00:00,1.743633047835991,0.45655776765375855,-0.11212893558010957,1.3354558919305797,35.66904568795147
598,158,1,44.98607209429116,1.691137681097077,1.524799331103679,6.315936454849498,0.0868711659184805,4.712002845492104,"Anderson, Brett",474463,L,"Anderson, Brett",474463,pitcher-arm-angle-474463-L,Brewers,2020,https://baseballsavant.mlb.com/leaderboard/pitcher-arm-angles?season=2020,630dfd920abfca4a9fa03ad089fa07a24a5c6d0555524fff95b59f57b4d8d6a4,2026-10-02T17:50:39.326934+00:00,193.04,https://www.mlb.com/player/474463,bd2fd9f99098423cae5100ab40cf98093420ce97c6553cea454f257091502916,2026-10-02T17:51:26.037709+00:00,1.9250974314381273,-0.46475883612040136,0.024221597706034898,1.4362184673059935,44.99405457960186
615,119,1,61.39934687416639,0.9020215146510097,1.3690731707317072,6.261967479674797,-0.19502119961399195,4.252362359071603,"Kershaw, Clayton",477132,L,"Kershaw, Clayton",477132,pitcher-arm-angle-477132-L,Dodgers,2020,https://baseballsavant.mlb.com/leaderboard/pitcher-arm-angles?season=2020,630dfd920abfca4a9fa03ad089fa07a24a5c6d0555524fff95b59f57b4d8d6a4,2026-10-02T17:50:39.326934+00:00,193.04,https://www.mlb.com/player/477132,1f024e5b11e0db1d78c4fac0c11443754d58a052328b5b28eb13e5871cefe233,2026-10-02T17:51:26.741900+00:00,1.9086476878048781,-0.41729350243902436,-0.08291488313105187,1.2961200470450247,61.369889521602566
361,142,1,36.57978252858966,-2.4540927894864177,-2.3037119113573405,6.434542936288088,-0.4058722588799433,4.914108517156863,"Pineda, Michael",501381,R,"Pineda, Michael",501381,pitcher-arm-angle-501381-R,Twins,2020,https://baseballsavant.mlb.com/leaderboard/pitcher-arm-angles?season=2020,630dfd920abfca4a9fa03ad089fa07a24a5c6d0555524fff95b59f57b4d8d6a4,2026-10-02T17:50:39.326934+00:00,200.66,https://www.mlb.com/player/501381,442d956b2f17edb839b800fa5857eceb9c2799faa87733c999603c0b2a2d8ed5,2026-10-02T17:51:31.489402+00:00,1.9612486869806094,0.7021713905817174,0.07787377285286401,1.497820276029412,36.58722608206205
791,140,2,36.13747263063158,1.5582143128335413,0.9970037926675095,5.873716814159292,-0.3306085395513797,4.494747417489522,"Minor, Mike",501985,L,"Minor, Mike",501985,pitcher-arm-angle-501985-L,zMLB,2020,https://baseballsavant.mlb.com/leaderboard/pitcher-arm-angles?season=2020,630dfd920abfca4a9fa03ad089fa07a24a5c6d0555524fff95b59f57b4d8d6a4,2026-10-02T17:50:39.326934+00:00,193.04,https://www.mlb.com/player/501985,4016d5d9fb517cd9de9804bc2c00f111b743c7ac7bc2c6f0a7984459c905aaa5,2026-10-02T17:51:31.984515+00:00,1.7903088849557522,-0.30388675600505693,0.271826449401867,1.3699990128508064,36.13199115364766
850,140,1,46.84297909444698,-1.5573399905247034,-1.9604,6.485105882352941,0.07958338940910589,4.739449493058052,"Gibson, Kyle",502043,R,"Gibson, Kyle",502043,pitcher-arm-angle-502043-R,Rangers,2020,https://baseballsavant.mlb.com/leaderboard/pitcher-arm-angles?season=2020,630dfd920abfca4a9fa03ad089fa07a24a5c6d0555524fff95b59f57b4d8d6a4,2026-10-02T17:50:39.326934+00:00,198.12,https://www.mlb.com/player/502043,a490d55567e3b95708665f7e3c7cd7bcce2f1ed7f44ac503738b655f7ade40e7,2026-10-02T17:51:33.392600+00:00,1.9766602729411764,0.59752992,0.0985956737961749,1.4445842054840943,46.84113856378412
403,110,1,48.51802032666322,-1.6294797954453912,-1.9543424317617866,6.196600496277916,-0.1504810101986881,4.52383642252237,"Cobb, Alex",502171,R,"Cobb, Alex",502171,pitcher-arm-angle-502171-R,Orioles,2020,https://baseballsavant.mlb.com/leaderboard/pitcher-arm-angles?season=2020,630dfd920abfca4a9fa03ad089fa07a24a5c6d0555524fff95b59f57b4d8d6a4,2026-10-02T17:50:39.326934+00:00,190.5,https://www.mlb.com/player/502171,89615e338aba64490dc8d2a0844be648dfbf0c1b794280decd5afb662fe37eff,2026-10-02T17:51:32.896376+00:00,1.8887238312655088,0.5956835732009925,0.14488474345779745,1.3788653415848184,48.51802418271189
362,137,1,39.00511375036296,-1.962521139379194,-2.0144475138121547,6.284005524861879,-0.13920707562269005,4.804711146049203,"Cahill, Trevor",502239,R,"Cahill, Trevor",502239,pitcher-arm-angle-502239-R,Giants,2020,https://baseballsavant.mlb.com/leaderboard/pitcher-arm-angles?season=2020,630dfd920abfca4a9fa03ad089fa07a24a5c6d0555524fff95b59f57b4d8d6a4,2026-10-02T17:50:39.326934+00:00,193.04,https://www.mlb.com/player/502239,726f3270990da5062882da2098382c9d989dbdb32ba58826672445ea2e7aab0e,2026-10-02T17:51:36.066786+00:00,1.9153648839779007,0.6140036022099448,0.05825747557696238,1.4644759573157973,39.053171748392835
572,134,1,38.988251682034544,1.566361778937419,2.2932342657342657,5.9187412587412584,-0.18777997470889182,4.499557897997724,"Holland, Derek",502706,L,"Holland, Derek",502706,pitcher-arm-angle-502706-L,Pirates,2020,https://baseballsavant.mlb.com/leaderboard/pitcher-arm-angles?season=2020,630dfd920abfca4a9fa03ad089fa07a24a5c6d0555524fff95b59f57b4d8d6a4,2026-10-02T17:50:39.326934+00:00,187.96,https://www.mlb.com/player/502706,2d290dee1cd62361cbe5d502b95d7dd20c8012ea1e8948278731454089ac6076,2026-10-02T17:51:37.475554+00:00,1.8040323356643357,-0.6989778041958042,-0.16431539768440867,1.3714652473097064,38.97449110535959
1038,112,1,44.79668274372335,-1.594552471194944,-1.82368978805395,5.762832369942196,-0.11176989856702009,4.291744023293544,"Darvish, Yu",506433,R,"Darvish, Yu",506433,pitcher-arm-angle-506433-R,Cubs,2020,https://baseballsavant.mlb.com/leaderboard/pitcher-arm-angles?season=2020,630dfd920abfca4a9fa03ad089fa07a24a5c6d0555524fff95b59f57b4d8d6a4,2026-10-02T17:50:39.326934+00:00,195.58,https://www.mlb.com/player/506433,b91380662360721fb57aeb9b5b753b44ac1bc826317644034e9cc528f1ff5aec,2026-10-02T17:51:39.158133+00:00,1.7565113063583815,0.555860647398844,0.10390851926185278,1.3081235782998724,44.77317008389803
466,109,1,27.080033360279014,2.2984563820754924,2.9076609442060084,5.708304721030043,0.3814105895167275,4.728577659595832,"Bumgarner, Madison",518516,L,"Bumgarner, Madison",518516,pitcher-arm-angle-518516-L,Diamondbacks,2020,https://baseballsavant.mlb.com/leaderboard/pitcher-arm-angles?season=2020,630dfd920abfca4a9fa03ad089fa07a24a5c6d0555524fff95b59f57b4d8d6a4,2026-10-02T17:50:39.326934+00:00,193.04,https://www.mlb.com/player/518516,efa88091e2b8a633001529e61817220dc01f9131b00eb708cbb588b566d0d03b,2026-10-02T17:51:40.647166+00:00,1.7398912789699572,-0.8862550557939914,-0.3019394982220798,1.4412704706448096,27.06979713119745
363,145,1,3.00532052667214,-2.977293967901149,-3.6116528925619833,4.133774104683195,-0.5579504435681736,4.0064437899947105,"Cishek, Steve",518553,R,"Cishek, Steve",518553,pitcher-arm-angle-518553-R,White Sox,2020,https://baseballsavant.mlb.com/leaderboard/pitcher-arm-angles?season=2020,630dfd920abfca4a9fa03ad089fa07a24a5c6d0555524fff95b59f57b4d8d6a4,2026-10-02T17:50:39.326934+00:00,198.12,https://www.mlb.com/player/518553,a5b09e2ff1b18dcf5796ecbfdfc5b18cea91467f276deb4cd72860ab52409d98,2026-10-02T17:51:40.866656+00:00,1.259974347107438,1.1008318016528926,0.3634158954362017,1.2211640671903878,3.012703545623087
734,118,1,51.39128881960015,1.0846118539241503,0.6868256130790191,5.814877384196185,-0.3565969614803439,4.00980248075097,"Duffy, Danny",518633,L,"Duffy, Danny",518633,pitcher-arm-angle-518633-L,Royals,2020,https://baseballsavant.mlb.com/leaderboard/pitcher-arm-angles?season=2020,630dfd920abfca4a9fa03ad089fa07a24a5c6d0555524fff95b59f57b4d8d6a4,2026-10-02T17:50:39.326934+00:00,190.5,https://www.mlb.com/player/518633,0b04091701958ad1eb5cda499998bc75256ccdf79481f7d8522f25d645426b9c,2026-10-02T17:51:42.488809+00:00,1.7723746267029974,-0.20934444686648504,0.22993600006880482,1.2221877961328957,51.39541623901926
372,118,1,66.07036664117068,-0.3450368763234247,-0.20376344086021506,6.081666666666667,0.6055327987998719,3.944969693512791,"Holland, Greg",518813,R,"Holland, Greg",518813,pitcher-arm-angle-518813-R,Royals,2020,https://baseballsavant.mlb.com/leaderboard/pitcher-arm-angles?season=2020,630dfd920abfca4a9fa03ad089fa07a24a5c6d0555524fff95b59f57b4d8d6a4,2026-10-02T17:50:39.326934+00:00,177.8,https://www.mlb.com/player/518813,695109f7dc06b783899795503838582ab440dbfee50fee41096c78d06456203a,2026-10-02T17:51:44.610798+00:00,1.8536920000000001,0.06210709677419355,-0.22762654020338727,1.2024267625826988,66.01676647183747
468,109,1,31.011434922848732,-1.929454532899741,-1.691602564102564,5.614166666666667,-0.029289729116199703,4.472262949251185,"Kelly, Merrill",518876,R,"Kelly, Merrill",518876,pitcher-arm-angle-518876-R,Diamondbacks,2020,https://baseballsavant.mlb.com/leaderboard/pitcher-arm-angles?season=2020,630dfd920abfca4a9fa03ad089fa07a24a5c6d0555524fff95b59f57b4d8d6a4,2026-10-02T17:50:39.326934+00:00,187.96,https://www.mlb.com/player/518876,f87d8f52fc438331efd998dc9cb0a9ba20e3a2921816920008220a8258b5da24,2026-10-02T17:51:44.046365+00:00,1.7111980000000002,0.5156004615384615,-0.06356977065476187,1.3631457469317612,31.003755425194285
661,121,1,43.81986440964205,-1.681445090696357,-1.3322541603630862,6.216475037821483,0.04001072480051022,4.562426723742722,"Porcello, Rick",519144,R,"Porcello, Rick",519144,pitcher-arm-angle-519144-R,Mets,2020,https://baseballsavant.mlb.com/leaderboard/pitcher-arm-angles?season=2020,630dfd920abfca4a9fa03ad089fa07a24a5c6d0555524fff95b59f57b4d8d6a4,2026-10-02T17:50:39.326934+00:00,195.58,https://www.mlb.com/player/519144,a6bee94703ab12b4e6facffd6ee329cf3c5a6e4fc0d59227daef9c3b5dc808da,2026-10-02T17:51:46.374494+00:00,1.894781591527988,0.4060710680786687,-0.11862866448477645,1.3906276653967817,43.85597767867468
852,111,1,45.53427865898417,1.470976505574693,1.230492957746479,5.57981220657277,-0.15946340200591547,3.917300876935708,"Pérez, Martín",527048,L,"Pérez, Martín",527048,pitcher-arm-angle-527048-L,Red Sox,2020,https://baseballsavant.mlb.com/leaderboard/pitcher-arm-angles?season=2020,630dfd920abfca4a9fa03ad089fa07a24a5c6d0555524fff95b59f57b4d8d6a4,2026-10-02T17:50:39.326934+00:00,182.88,https://www.mlb.com/player/527048,96274a37651a0dfd447fdabc47ca64b52d30ba022566de45c9958e10b7df547b,2026-10-02T17:51:48.793965+00:00,1.7007267605633805,-0.3750542535211268,0.12190383030944271,1.193993307290004,45.55800979015798
471,108,1,25.37425158190937,-2.2863715340726922,-2.528747346072187,5.068343949044586,-0.34930341156912487,4.150233028621264,"Teheran, Julio",527054,R,"Teheran, Julio",527054,pitcher-arm-angle-527054-R,Angels,2020,https://baseballsavant.mlb.com/leaderboard/pitcher-arm-angles?season=2020,630dfd920abfca4a9fa03ad089fa07a24a5c6d0555524fff95b59f57b4d8d6a4,2026-10-02T17:50:39.326934+00:00,187.96,https://www.mlb.com/player/527054,ce5495d49f00b5acdca932d521b15f66d53c74411c31723e80f5df68b10b62d7,2026-10-02T17:51:49.416587+00:00,1.5448312356687899,0.7707621910828026,0.1803438273437153,1.2649910271237612,25.35951785695103
388,141,1,36.99379978635955,-1.7933262877682985,-1.8169072164948454,6.132963917525773,0.052845888346259313,4.742241889595869,"Shoemaker, Matt",533167,R,"Shoemaker, Matt",533167,pitcher-arm-angle-533167-R,Blue Jays,2020,https://baseballsavant.mlb.com/leaderboard/pitcher-arm-angles?season=2020,630dfd920abfca4a9fa03ad089fa07a24a5c6d0555524fff95b59f57b4d8d6a4,2026-10-02T17:50:39.326934+00:00,187.96,https://www.mlb.com/player/533167,3669bb157e02d7dde2957805f15e3018795dcd128ecb24d9c64c4fbced86715c,2026-10-02T17:51:50.541662+00:00,1.8693274020618558,0.5537933195876289,-0.008919959692088333,1.445435327948821,36.99072522593131
437,116,1,26.433263146188644,-2.257276953679396,-1.4772311212814646,5.425240274599543,-0.15955623392611673,4.382167948472816,"Cisnero, José",542585,R,"Cisnero, José",542585,pitcher-arm-angle-542585-R,Tigers,2020,https://baseballsavant.mlb.com/leaderboard/pitcher-arm-angles?season=2020,630dfd920abfca4a9fa03ad089fa07a24a5c6d0555524fff95b59f57b4d8d6a4,2026-10-02T17:50:39.326934+00:00,190.5,https://www.mlb.com/player/542585,1493f731f22b6e7c0517983558a59033d1c50aea7110bb7042888b1a336b36d2,2026-10-02T17:51:51.095731+00:00,1.6536132356979407,0.45026004576659046,-0.1891252296142091,1.3356847906945144,26.438439172001402
797,137,1,49.16667197125434,1.4089914916128976,1.9811543287327478,6.225144291091594,-0.05393678041445847,4.531383027193026,"Anderson, Tyler",542881,L,"Anderson, Tyler",542881,pitcher-arm-angle-542881-L,Giants,2020,https://baseballsavant.mlb.com/leaderboard/pitcher-arm-angles?season=2020,630dfd920abfca4a9fa03ad089fa07a24a5c6d0555524fff95b59f57b4d8d6a4,2026-10-02T17:50:39.326934+00:00,187.96,https://www.mlb.com/player/542881,d14e21288a74220f65897ea38af9a90c3860c49c0546882cf1982390e9b68aeb,2026-10-02T17:51:52.246534+00:00,1.897423979924718,-0.6038558393977416,-0.1579553020838034,1.3811655466884345,49.18231109231305
379,108,1,41.00201577404829,-2.2187455227233426,-2.341609498680739,5.74377308707124,-0.38789723925106145,4.152204359111418,"Andriese, Matt",542882,R,"Andriese, Matt",542882,pitcher-arm-angle-542882-R,Angels,2020,https://baseballsavant.mlb.com/leaderboard/pitcher-arm-angles?season=2020,630dfd920abfca4a9fa03ad089fa07a24a5c6d0555524fff95b59f57b4d8d6a4,2026-10-02T17:50:39.326934+00:00,187.96,https://www.mlb.com/player/542882,82d2ff0c004f26430d8180f774b336a94fbaff2b58c572f111a9677d72985311,2026-10-02T17:51:52.449906+00:00,1.750702036939314,0.7137225751978893,0.15568001839553797,1.2655918886571602,41.00065232121426
685,147,1,37.869271711801794,-1.6824894725724229,-1.922087591240876,5.617211678832117,0.11500204379562043,4.219176267003982,"Cole, Gerrit",543037,R,"Cole, Gerrit",543037,pitcher-arm-angle-543037-R,Yankees,2020,https://baseballsavant.mlb.com/leaderboard/pitcher-arm-angles?season=2020,630dfd920abfca4a9fa03ad089fa07a24a5c6d0555524fff95b59f57b4d8d6a4,2026-10-02T17:50:39.326934+00:00,193.04,https://www.mlb.com/player/543037,1456ff78fb6cb3c62d3d5b6b731411d73f0aef6ef6b0aeb9c71dbbf22dcea55d,2026-10-02T17:51:53.080213+00:00,1.7121261197080293,0.585852297810219,0.03797688362123938,1.2860049261828137,37.87471462824706
362,113,1,39.991926186393705,-1.4905879957490555,-1.6058563535911603,5.5469060773480665,0.12484789953424866,4.190886326459263,"DeSclafani, Anthony",543101,R,"DeSclafani, Anthony",543101,pitcher-arm-angle-543101-R,Reds,2020,https://baseballsavant.mlb.com/leaderboard/pitcher-arm-angles?season=2020,630dfd920abfca4a9fa03ad089fa07a24a5c6d0555524fff95b59f57b4d8d6a4,2026-10-02T17:50:39.326934+00:00,187.96,https://www.mlb.com/player/543101,5bdccd6c4808eda011c5fdd3f18578f2f04824d677a18c7a4a20c5a0e41fa79d,2026-10-02T17:51:54.355897+00:00,1.6906969723756908,0.4894650165745857,-0.0029198443077654594,1.2773821523047835,40.01057332621544
653,111,1,35.91964177272967,-2.39921998297157,-2.027488514548239,5.742419601837672,-0.44564842997111137,4.328438262445936,"Eovaldi, Nathan",543135,R,"Eovaldi, Nathan",543135,pitcher-arm-angle-543135-R,Red Sox,2020,https://baseballsavant.mlb.com/leaderboard/pitcher-arm-angles?season=2020,630dfd920abfca4a9fa03ad089fa07a24a5c6d0555524fff95b59f57b4d8d6a4,2026-10-02T17:50:39.326934+00:00,187.96,https://www.mlb.com/player/543135,018b7450213690fde18a445ab5ab33743ad18c7b55d91c8d778515f15f228fda,2026-10-02T17:51:54.880798+00:00,1.7502894946401226,0.6179784992343033,0.022529889879763513,1.3193079823935214,35.89675478636466
661,113,1,49.8929945142179,-1.1473729697221042,-0.7529198184568835,5.673328290468986,0.2646736384687626,3.997730192119311,"Gray, Sonny",543243,R,"Gray, Sonny",543243,pitcher-arm-angle-543243-R,Reds,2020,https://baseballsavant.mlb.com/leaderboard/pitcher-arm-angles?season=2020,630dfd920abfca4a9fa03ad089fa07a24a5c6d0555524fff95b59f57b4d8d6a4,2026-10-02T17:50:39.326934+00:00,177.8,https://www.mlb.com/player/543243,894c3a0f043ea77895e06fd195ad4af2e6df5a2c332a132ce5c1885d2a10f166,2026-10-02T17:51:54.805369+00:00,1.729230462934947,0.2294899606656581,-0.2009018455109181,1.2185081625579661,49.87875913933079
1045,112,1,50.535752397079946,-1.3458786515783776,-1.9223253588516747,6.139033492822967,0.19539737450608777,4.26704036369896,"Hendricks, Kyle",543294,R,"Hendricks, Kyle",543294,pitcher-arm-angle-543294-R,Cubs,2020,https://baseballsavant.mlb.com/leaderboard/pitcher-arm-angles?season=2020,630dfd920abfca4a9fa03ad089fa07a24a5c6d0555524fff95b59f57b4d8d6a4,2026-10-02T17:50:39.326934+00:00,190.5,https://www.mlb.com/player/543294,eecc4d2bc569ab719b77ebae5f785de49af9d5f3cbedc538d9c2d872bb04e266,2026-10-02T17:51:56.765566+00:00,1.8711774086124404,0.5859247693779904,0.1161438366274454,1.300593902855443,50.534204445880114
442,140,1,46.56527872690589,-1.4680576543883197,-2.018393665158371,6.155429864253394,0.16818870515873977,4.426841841159489,"Lyles, Jordan",543475,R,"Lyles, Jordan",543475,pitcher-arm-angle-543475-R,Rangers,2020,https://baseballsavant.mlb.com/leaderboard/pitcher-arm-angles?season=2020,630dfd920abfca4a9fa03ad089fa07a24a5c6d0555524fff95b59f57b4d8d6a4,2026-10-02T17:50:39.326934+00:00,195.58,https://www.mlb.com/player/543475,2875d8c040c8503496b19292f88c22b677c0203d7f37eee1546238f5faedc85a,2026-10-02T17:51:57.822715+00:00,1.8761750226244347,0.6152063891402716,0.11647849875032781,1.3493013931854123,46.57198226771556
605,144,2,44.9896067963403,1.6117345810621746,3.3469917355371903,6.0627933884297525,0.054058972632253524,4.5055542253539285,"Milone, Tommy",543548,L,"Milone, Tommy",543548,pitcher-arm-angle-543548-L,zMLB,2020,https://baseballsavant.mlb.com/leaderboard/pitcher-arm-angles?season=2020,630dfd920abfca4a9fa03ad089fa07a24a5c6d0555524fff95b59f57b4d8d6a4,2026-10-02T17:50:39.326934+00:00,182.88,https://www.mlb.com/player/543548,d25908186b518a2843c610a3abfea268132f51fe5bdb1d490eb0bb2ce54f1edf,2026-10-02T17:51:59.446725+00:00,1.8479394247933887,-1.0201630809917357,-0.5453835555422957,1.3732929278878774,44.99197201899617
481,141,1,54.63818095642589,-1.2235522355845254,-1.2636174636174635,5.9602079002079,0.08921828803814098,4.108057786506683,"Roark, Tanner",543699,R,"Roark, Tanner",543699,pitcher-arm-angle-543699-R,Blue Jays,2020,https://baseballsavant.mlb.com/leaderboard/pitcher-arm-angles?season=2020,630dfd920abfca4a9fa03ad089fa07a24a5c6d0555524fff95b59f57b4d8d6a4,2026-10-02T17:50:39.326934+00:00,187.96,https://www.mlb.com/player/543699,de9606bb851edc7efa8256d742651ba8941ea9ebfdecdfb372bf83af2b3f7949,2026-10-02T17:52:01.104810+00:00,1.816671367983368,0.3851506029106029,-0.014981852689585838,1.2521360133272372,54.671675037924636
526,111,1,16.050720884253927,-2.157121290913061,-1.8061977186311786,5.040380228136882,-0.1294275464976433,4.457849041438646,"Weber, Ryan",543901,R,"Weber, Ryan",543901,pitcher-arm-angle-543901-R,Red Sox,2020,https://baseballsavant.mlb.com/leaderboard/pitcher-arm-angles?season=2020,630dfd920abfca4a9fa03ad089fa07a24a5c6d0555524fff95b59f57b4d8d6a4,2026-10-02T17:50:39.326934+00:00,185.42000000000002,https://www.mlb.com/player/543901,b53a1f7975579ad3556cad852cb87049d26f7f5e5c7ae60326e9e04d25a10721,2026-10-02T17:52:02.543925+00:00,1.5363078935361216,0.5505290646387833,-0.06751198865903603,1.3587523878304992,16.02869999027978
1158,113,1,41.12390924092592,-1.720898851849174,-1.5498186528497409,5.642875647668394,-0.039567343921317936,4.174887151472518,"Bauer, Trevor",545333,R,"Bauer, Trevor",545333,pitcher-arm-angle-545333-R,Reds,2020,https://baseballsavant.mlb.com/leaderboard/pitcher-arm-angles?season=2020,630dfd920abfca4a9fa03ad089fa07a24a5c6d0555524fff95b59f57b4d8d6a4,2026-10-02T17:50:39.326934+00:00,185.42000000000002,https://www.mlb.com/player/545333,24ae809eed31167b70ff55d305e720377790fb0818aa7cb51c448698a17e7f45,2026-10-02T17:52:04.097177+00:00,1.7199484974093264,0.47238472538860105,-0.04008511822780949,1.2725056037688236,41.124557961385285
365,113,1,42.18411757677035,-1.651468919685704,-1.5788493150684932,5.91468493150685,0.04569689342050643,4.37700384175152,"Lorenzen, Michael",547179,R,"Lorenzen, Michael",547179,pitcher-arm-angle-547179-R,Reds,2020,https://baseballsavant.mlb.com/leaderboard/pitcher-arm-angles?season=2020,630dfd920abfca4a9fa03ad089fa07a24a5c6d0555524fff95b59f57b4d8d6a4,2026-10-02T17:50:39.326934+00:00,185.42000000000002,https://www.mlb.com/player/547179,72893afd6338293ebc8719b3fe5c1d21681482bb3338604c8e5327b383808b65,2026-10-02T17:52:04.394584+00:00,1.8027959671232878,0.4812332712328768,-0.03606286860189619,1.3341107709658635,42.17748355405394
640,147,1,40.678076487929346,-1.6330084668549927,-1.63303125,5.38084375,0.0790390786785595,3.9093781425870775,"Tanaka, Masahiro",547888,R,"Tanaka, Masahiro",547888,pitcher-arm-angle-547888-R,Yankees,2020,https://baseballsavant.mlb.com/leaderboard/pitcher-arm-angles?season=2020,630dfd920abfca4a9fa03ad089fa07a24a5c6d0555524fff95b59f57b4d8d6a4,2026-10-02T17:50:39.326934+00:00,187.96,https://www.mlb.com/player/547888,f71cc9d2ccfa240ce053a82fc09547ab8f38effa3723fdb152e25c13b97bf9d9,2026-10-02T17:52:04.998726+00:00,1.6400811750000002,0.497747925,-0.024084166878626724,1.1915784578605413,40.67830325554518
553,141,1,39.164734589169264,1.7781010631182634,2.4401446654611214,5.795678119349005,0.06828859158882196,4.4013558597892555,"Ryu, Hyun Jin",547943,L,"Ryu, Hyun Jin",547943,pitcher-arm-angle-547943-L,Blue Jays,2020,https://baseballsavant.mlb.com/leaderboard/pitcher-arm-angles?season=2020,630dfd920abfca4a9fa03ad089fa07a24a5c6d0555524fff95b59f57b4d8d6a4,2026-10-02T17:50:39.326934+00:00,190.5,https://www.mlb.com/player/547943,f40327d836e199e72c56dd8d233459918f45be54d249b4455442c5de30ed5ee6,2026-10-02T17:52:05.903948+00:00,1.7665226907775768,-0.7437560940325498,-0.22260525271037604,1.341533266063765,39.19664385473533
543,141,2,63.77988194931244,-0.8692582140815978,-1.033793738489871,7.024751381215469,0.1754845098484731,4.9033893666240145,"Stripling, Ross",548389,R,"Stripling, Ross",548389,pitcher-arm-angle-548389-R,zMLB,2020,https://baseballsavant.mlb.com/leaderboard/pitcher-arm-angles?season=2020,630dfd920abfca4a9fa03ad089fa07a24a5c6d0555524fff95b59f57b4d8d6a4,2026-10-02T17:50:39.326934+00:00,185.42000000000002,https://www.mlb.com/player/548389,f68791517099705b1743309fcef41d6f8faabc7038bed6eb852dd7ef78cbf6de,2026-10-02T17:52:07.486102+00:00,2.1411442209944753,0.3151003314917127,-0.0033372507621729206,1.4945530789469996,63.780363876656835
573,143,1,37.86745875938464,-1.9695260067605267,-1.5147469458987783,5.673280977312391,-0.026273374908229195,4.16211140273617,"Wheeler, Zack",554430,R,"Wheeler, Zack",554430,pitcher-arm-angle-554430-R,Phillies,2020,https://baseballsavant.mlb.com/leaderboard/pitcher-arm-angles?season=2020,630dfd920abfca4a9fa03ad089fa07a24a5c6d0555524fff95b59f57b4d8d6a4,2026-10-02T17:50:39.326934+00:00,193.04,https://www.mlb.com/player/554430,615907132913f13f7a205810b524fc072aae90077696e2f30afd8906a585da41,2026-10-02T17:52:09.527667+00:00,1.7292160418848168,0.46169486910994767,-0.13060853307863265,1.2686115555539847,37.87040640897911
390,108,1,39.670620694454286,-1.798016384208728,-2.4749487179487177,5.890153846153846,0.02180280374445816,4.380585565882239,"Peña, Félix",570240,R,"Peña, Félix",570240,pitcher-arm-angle-570240-R,Angels,2020,https://baseballsavant.mlb.com/leaderboard/pitcher-arm-angles?season=2020,630dfd920abfca4a9fa03ad089fa07a24a5c6d0555524fff95b59f57b4d8d6a4,2026-10-02T17:50:39.326934+00:00,187.96,https://www.mlb.com/player/570240,55f749f3a3aa5bc87aadd6974a9071b4963a293b2b3f3025ed2f340e010397b1,2026-10-02T17:52:10.900039+00:00,1.7953188923076924,0.7543643692307692,0.19968348074263803,1.3352024804809064,39.67623367482478
370,111,1,11.715321614308666,-2.4472679687205345,-1.9233243243243243,4.491621621621622,-0.25191987863517645,4.03585798991046,"Valdez, Phillips",570488,R,"Valdez, Phillips",570488,pitcher-arm-angle-570488-R,Red Sox,2020,https://baseballsavant.mlb.com/leaderboard/pitcher-arm-angles?season=2020,630dfd920abfca4a9fa03ad089fa07a24a5c6d0555524fff95b59f57b4d8d6a4,2026-10-02T17:50:39.326934+00:00,187.96,https://www.mlb.com/player/570488,ea74cc8ed3569cf55368aa26b1ef2a49d2cd759a3c09bb1a5aa3a3f8d0c8d304,2026-10-02T17:52:11.417272+00:00,1.3690462702702704,0.5862292540540541,-0.08291284380396309,1.2301295153247083,11.728248324031032
1078,116,1,29.551154827760087,2.354361623170359,2.683766233766234,5.7376623376623375,0.2235798312697275,4.529718500316006,"Boyd, Matthew",571510,L,"Boyd, Matthew",571510,pitcher-arm-angle-571510-L,Tigers,2020,https://baseballsavant.mlb.com/leaderboard/pitcher-arm-angles?season=2020,630dfd920abfca4a9fa03ad089fa07a24a5c6d0555524fff95b59f57b4d8d6a4,2026-10-02T17:50:39.326934+00:00,190.5,https://www.mlb.com/player/571510,5907092bfcc9de570f52409c103a306c00c1991b7098e1077aed877d783356d5,2026-10-02T17:52:12.305191+00:00,1.7488394805194805,-0.8180119480519481,-0.16854965788063564,1.3806581988963187,29.54897483339921
641,120,1,43.134221309963074,1.5258414805788254,2.27795631825273,6.404586583463338,-0.16152197933538043,4.824320394250205,"Corbin, Patrick",571578,L,"Corbin, Patrick",571578,pitcher-arm-angle-571578-L,Nationals,2020,https://baseballsavant.mlb.com/leaderboard/pitcher-arm-angles?season=2020,630dfd920abfca4a9fa03ad089fa07a24a5c6d0555524fff95b59f57b4d8d6a4,2026-10-02T17:50:39.326934+00:00,193.04,https://www.mlb.com/player/571578,60db0b5b9a16ae1d490538275f54313edac86864012522aa1bb61d641f0a1892,2026-10-02T17:52:14.243749+00:00,1.9521179906396255,-0.6943210858034321,-0.1800127032215822,1.4704528561674626,43.12279037850203
802,108,1,33.21711968889781,2.194285295170923,3.0128304239401498,5.3266334164588525,0.27505608381405156,4.069814784815677,"Heaney, Andrew",571760,L,"Heaney, Andrew",571760,pitcher-arm-angle-571760-L,Angels,2020,https://baseballsavant.mlb.com/leaderboard/pitcher-arm-angles?season=2020,630dfd920abfca4a9fa03ad089fa07a24a5c6d0555524fff95b59f57b4d8d6a4,2026-10-02T17:50:39.326934+00:00,187.96,https://www.mlb.com/player/571760,cfb0a7e5518039bfa91b2862b063ded2f619266bf6909dad5ca0c9fd9b3e4392,2026-10-02T17:52:16.077710+00:00,1.6235578653366582,-0.9183107132169577,-0.3333296495953832,1.2404795464118186,33.21902206422623
458,121,1,35.82779459075134,1.8946499058725934,1.7162227074235807,5.6420960698689955,-0.034813365286567186,4.249221251624905,"Matz, Steven",571927,L,"Matz, Steven",571927,pitcher-arm-angle-571927-L,Mets,2020,https://baseballsavant.mlb.com/leaderboard/pitcher-arm-angles?season=2020,630dfd920abfca4a9fa03ad089fa07a24a5c6d0555524fff95b59f57b4d8d6a4,2026-10-02T17:50:39.326934+00:00,187.96,https://www.mlb.com/player/571927,2522d9f586670062dcfcd69cb6315159981679d29b002ee8dd6440fec45bbc6d,2026-10-02T17:52:16.701731+00:00,1.7197108820960698,-0.5231046812227075,0.06499572382660475,1.2951626374952712,35.82542578675375
512,135,1,43.11547696191881,-1.7106328176400025,-2.40353515625,5.759765625,0.04847829166312298,4.1125707164423835,"Richards, Garrett",572070,R,"Richards, Garrett",572070,pitcher-arm-angle-572070-R,Padres,2020,https://baseballsavant.mlb.com/leaderboard/pitcher-arm-angles?season=2020,630dfd920abfca4a9fa03ad089fa07a24a5c6d0555524fff95b59f57b4d8d6a4,2026-10-02T17:50:39.326934+00:00,187.96,https://www.mlb.com/player/572070,2935e8ffb3da53856d21b887ea351e847c9f06221a491109db54486910b8338c,2026-10-02T17:52:20.082571+00:00,1.7555765625000002,0.732597515625,0.1964204495094073,1.2535115543716386,43.11819018183991
387,144,2,47.50610765941794,1.5678206776954253,2.448604651162791,5.751343669250646,0.1239524527590576,4.17507401060389,"Erlin, Robbie",572362,L,"Erlin, Robbie",572362,pitcher-arm-angle-572362-L,zMLB,2020,https://baseballsavant.mlb.com/leaderboard/pitcher-arm-angles?season=2020,630dfd920abfca4a9fa03ad089fa07a24a5c6d0555524fff95b59f57b4d8d6a4,2026-10-02T17:50:39.326934+00:00,180.34,https://www.mlb.com/player/572362,39149976f7ec37f543b041d748510c20a92886fe785d34d246655dec07b9d275,2026-10-02T17:52:20.573414+00:00,1.753009550387597,-0.7463346976744186,-0.30624366271381376,1.2725625584320657,47.510212896834396
955,145,1,49.079302043064644,1.4510266424102947,1.3055706806282723,6.175371727748691,-0.06561436240445727,4.4252583918245545,"Keuchel, Dallas",572971,L,"Keuchel, Dallas",572971,pitcher-arm-angle-572971-L,White Sox,2020,https://baseballsavant.mlb.com/leaderboard/pitcher-arm-angles?season=2020,630dfd920abfca4a9fa03ad089fa07a24a5c6d0555524fff95b59f57b4d8d6a4,2026-10-02T17:50:39.326934+00:00,187.96,https://www.mlb.com/player/572971,c9e4b9a5f5c8b9d45ba241789fdd2a6a45b3faf5d38ed56bf70e91afa2a9efab,2026-10-02T17:52:22.182349+00:00,1.882253302617801,-0.39793794345549743,0.064334234812039,1.3488187578281243,49.08793300804598
570,136,1,58.656044790417965,0.9515582092119814,2.4114561403508774,5.832508771929825,-0.18855570418023668,3.961011242358347,"Kikuchi, Yusei",579328,L,"Kikuchi, Yusei",579328,pitcher-arm-angle-579328-L,Mariners,2020,https://baseballsavant.mlb.com/leaderboard/pitcher-arm-angles?season=2020,630dfd920abfca4a9fa03ad089fa07a24a5c6d0555524fff95b59f57b4d8d6a4,2026-10-02T17:50:39.326934+00:00,182.88,https://www.mlb.com/player/579328,b72bc9fa048155a73e173e71d31e34584f5668188ca9f3b36104ce351f0ce63b,2026-10-02T17:52:23.664692+00:00,1.7777486736842107,-0.7350118315789474,-0.3875051107769994,1.2073162266708242,58.65028018594648
782,137,1,38.172795274285505,-1.9199030316134584,-2.7107416879795396,5.935562659846547,-0.014928032196806888,4.437794052412002,"Gausman, Kevin",592332,R,"Gausman, Kevin",592332,pitcher-arm-angle-592332-R,Giants,2020,https://baseballsavant.mlb.com/leaderboard/pitcher-arm-angles?season=2020,630dfd920abfca4a9fa03ad089fa07a24a5c6d0555524fff95b59f57b4d8d6a4,2026-10-02T17:50:39.326934+00:00,187.96,https://www.mlb.com/player/592332,b797b807a781c4e16bb2f5580f9c4feef31951be17c2f152792487c120cbf7e1,2026-10-02T17:52:25.045180+00:00,1.8091594987212276,0.8262340664961637,0.2455976866739683,1.3526396271751784,38.17586544553625
589,115,1,32.88146536634003,-1.993264085094827,-1.9488455008488963,5.706281833616298,0.010066793573116854,4.411364177930163,"Gray, Jon",592351,R,"Gray, Jon",592351,pitcher-arm-angle-592351-R,Rockies,2020,https://baseballsavant.mlb.com/leaderboard/pitcher-arm-angles?season=2020,630dfd920abfca4a9fa03ad089fa07a24a5c6d0555524fff95b59f57b4d8d6a4,2026-10-02T17:50:39.326934+00:00,193.04,https://www.mlb.com/player/592351,4645c32c44e0c695252f7ebe76e58aaf46efea1099dbfd66418a4326d8984359,2026-10-02T17:52:27.163509+00:00,1.7392747028862479,0.5940081086587436,-0.01660714315924573,1.3445838014331137,32.877912748496335
367,114,1,45.22920925398532,-1.4817277511594376,-1.7434604904632154,6.043569482288828,0.14460057911101026,4.404581140313446,"Plutko, Adam",592644,R,"Plutko, Adam",592644,pitcher-arm-angle-592644-R,Guardians,2020,https://baseballsavant.mlb.com/leaderboard/pitcher-arm-angles?season=2020,630dfd920abfca4a9fa03ad089fa07a24a5c6d0555524fff95b59f57b4d8d6a4,2026-10-02T17:50:39.326934+00:00,190.5,https://www.mlb.com/player/592644,099195d0818c4752fd96f92da0be208eb3fa5c812a2359cb145106f31b85d290,2026-10-02T17:52:28.337657+00:00,1.8420799782016348,0.5314067574931881,0.03570188242675556,1.3425163315675384,45.22214127374127
736,141,2,44.14341035562604,1.5409313582109092,2.110679347826087,6.093247282608695,-0.06935664362450143,4.531694579852259,"Ray, Robbie",592662,L,"Ray, Robbie",592662,pitcher-arm-angle-592662-L,zMLB,2020,https://baseballsavant.mlb.com/leaderboard/pitcher-arm-angles?season=2020,630dfd920abfca4a9fa03ad089fa07a24a5c6d0555524fff95b59f57b4d8d6a4,2026-10-02T17:50:39.326934+00:00,187.96,https://www.mlb.com/player/592662,84f88786d76c14779cb18721a309e104c90b22cf52270ba1f71b260e68e8deb6,2026-10-02T17:52:29.176010+00:00,1.8572217717391304,-0.6433350652173913,-0.1525192822579581,1.3812605079389688,44.11972021880061
439,143,1,44.374673353455016,-1.4471911937210562,-1.9845785876993165,5.72132118451025,0.23205732521601516,4.076280231630082,"Velasquez, Vince",592826,R,"Velasquez, Vince",592826,pitcher-arm-angle-592826-R,Phillies,2020,https://baseballsavant.mlb.com/leaderboard/pitcher-arm-angles?season=2020,630dfd920abfca4a9fa03ad089fa07a24a5c6d0555524fff95b59f57b4d8d6a4,2026-10-02T17:50:39.326934+00:00,190.5,https://www.mlb.com/player/592826,1a2d6511aa68f56a2a1e64aa84a50633826a8feee89fd7da6c08aeb635b749e4,2026-10-02T17:52:32.431416+00:00,1.7438586970387244,0.6048995535307518,0.09306460495873231,1.242450214600849,44.41043642404473
647,141,2,47.87021377194377,-1.588540957055956,-1.8770633693972179,6.488763523956723,-0.034907374215001445,4.771043224593863,"Walker, Taijuan",592836,R,"Walker, Taijuan",592836,pitcher-arm-angle-592836-R,zMLB,2020,https://baseballsavant.mlb.com/leaderboard/pitcher-arm-angles?season=2020,630dfd920abfca4a9fa03ad089fa07a24a5c6d0555524fff95b59f57b4d8d6a4,2026-10-02T17:50:39.326934+00:00,193.04,https://www.mlb.com/player/592836,6b55ca95f2555566df547acd884f723e3a151668b551cec31a472358de9da3c1,2026-10-02T17:52:33.996360+00:00,1.9777751221020092,0.572128914992272,0.09858139894234903,1.4542139748562095,47.87147284785793
1007,134,1,35.31642979975767,-1.9160692052083914,-1.5518768619662362,5.53454816285998,0.0001727778260351692,4.175724457599958,"Williams, Trevor",592866,R,"Williams, Trevor",592866,pitcher-arm-angle-592866-R,Pirates,2020,https://baseballsavant.mlb.com/leaderboard/pitcher-arm-angles?season=2020,630dfd920abfca4a9fa03ad089fa07a24a5c6d0555524fff95b59f57b4d8d6a4,2026-10-02T17:50:39.326934+00:00,190.5,https://www.mlb.com/player/592866,07c567235fae81f15ed678a4589f2bffb1c697fe15bef8d995a07d90c1ded56a,2026-10-02T17:52:33.983445+00:00,1.686930280039722,0.47301206752730884,-0.11105848890158443,1.272760814676467,35.340782099885764
582,110,1,37.31904105311274,-1.8548424307329354,-1.6211855670103092,5.655343642611684,-0.09845892665282295,4.3144619868791,"Wojciechowski, Asher",592879,R,"Wojciechowski, Asher",592879,pitcher-arm-angle-592879-R,Orioles,2020,https://baseballsavant.mlb.com/leaderboard/pitcher-arm-angles?season=2020,630dfd920abfca4a9fa03ad089fa07a24a5c6d0555524fff95b59f57b4d8d6a4,2026-10-02T17:50:39.326934+00:00,193.04,https://www.mlb.com/player/592879,13a5ec0628191253dfe9925aaabda661e5695f14e3839e342c65cca98041f158,2026-10-02T17:52:34.703902+00:00,1.7237487422680413,0.4941373608247423,-0.04120833121887602,1.3150480136007496,37.359319596634236
397,138,1,28.01569285478494,-2.244454468438798,-1.6879596977329976,5.380050377833753,-0.16866443524461536,4.275868435584733,"Martinez, Carlos",593372,R,"Martinez, Carlos",593372,pitcher-arm-angle-593372-R,Cardinals,2020,https://baseballsavant.mlb.com/leaderboard/pitcher-arm-angles?season=2020,630dfd920abfca4a9fa03ad089fa07a24a5c6d0555524fff95b59f57b4d8d6a4,2026-10-02T17:50:39.326934+00:00,182.88,https://www.mlb.com/player/593372,2d95974966c90207602cc16091847ac7cc12abb02fd9868d1e332d5f543251eb,2026-10-02T17:52:35.394606+00:00,1.639839355163728,0.5144901158690177,-0.11821068624856924,1.3032846991662266,28.010000877203804
905,133,1,49.77160230424981,-1.304604817915934,-1.131193370165746,6.188872928176796,0.1967193922398693,4.413954288208176,"Montas, Frankie",593423,R,"Montas, Frankie",593423,pitcher-arm-angle-593423-R,Athletics,2020,https://baseballsavant.mlb.com/leaderboard/pitcher-arm-angles?season=2020,630dfd920abfca4a9fa03ad089fa07a24a5c6d0555524fff95b59f57b4d8d6a4,2026-10-02T17:50:39.326934+00:00,187.96,https://www.mlb.com/player/593423,ade711afc6e83f5f9574f0b09731f5b12dd3e0e77da985d044965ed9cc44fcd1,2026-10-02T17:52:36.112707+00:00,1.8863684685082875,0.3447877392265194,-0.11281588002896949,1.345373267045852,49.773613916414206
373,108,1,38.5738735683786,-1.62834593735345,-2.144798927613941,5.807667560321716,0.21865499658308363,4.335358778368769,"Mayers, Mike",594577,R,"Mayers, Mike",594577,pitcher-arm-angle-594577-R,Angels,2020,https://baseballsavant.mlb.com/leaderboard/pitcher-arm-angles?season=2020,630dfd920abfca4a9fa03ad089fa07a24a5c6d0555524fff95b59f57b4d8d6a4,2026-10-02T17:50:39.326934+00:00,187.96,https://www.mlb.com/player/594577,3a813a2be07d046e88b197f333bfcf0a90e283d22a4b72492a8157f622063c31,2026-10-02T17:52:37.463800+00:00,1.770177072386059,0.6537347131367293,0.09076882847287379,1.3214173556468007,38.55956950960085
368,144,1,40.130680897606375,1.6718389140761811,3.358260869565217,5.600570652173913,0.04660733542033416,4.231120628591357,"Dayton, Grant",594795,L,"Dayton, Grant",594795,pitcher-arm-angle-594795-L,Braves,2020,https://baseballsavant.mlb.com/leaderboard/pitcher-arm-angles?season=2020,630dfd920abfca4a9fa03ad089fa07a24a5c6d0555524fff95b59f57b4d8d6a4,2026-10-02T17:50:39.326934+00:00,187.96,https://www.mlb.com/player/594795,af8c3d52beae767517342ce9be806d77e66016781c372059f352ff44cac354ee,2026-10-02T17:52:38.944014+00:00,1.7070539347826088,-1.0235979130434782,-0.5282273278691761,1.2896455675946459,40.11810497254525
891,121,1,34.57779490666359,-1.9294908643835849,-1.1113692480359147,5.508967452300785,0.08078308757634775,4.1228443177206096,"deGrom, Jacob",594798,R,"deGrom, Jacob",594798,pitcher-arm-angle-594798-R,Mets,2020,https://baseballsavant.mlb.com/leaderboard/pitcher-arm-angles?season=2020,630dfd920abfca4a9fa03ad089fa07a24a5c6d0555524fff95b59f57b4d8d6a4,2026-10-02T17:50:39.326934+00:00,193.04,https://www.mlb.com/player/594798,71efe3efa22eb45297de4b7502e59b4771b6159ad229ddf2b903d4438f0df604,2026-10-02T17:52:39.415329+00:00,1.6791332794612794,0.3387453468013468,-0.2739861537560407,1.2566429480412418,34.5870212997938
949,136,1,46.50976052402643,1.3559828967797125,2.4887671232876714,5.603308746048472,-0.07308831410263118,4.100273916106389,"Gonzales, Marco",594835,L,"Gonzales, Marco",594835,pitcher-arm-angle-594835-L,Mariners,2020,https://baseballsavant.mlb.com/leaderboard/pitcher-arm-angles?season=2020,630dfd920abfca4a9fa03ad089fa07a24a5c6d0555524fff95b59f57b4d8d6a4,2026-10-02T17:50:39.326934+00:00,185.42000000000002,https://www.mlb.com/player/594835,fe394158902021ca1306f3acf989ed763d634cb09cee6c74d6497b64fb8afc10,2026-10-02T17:52:40.709451+00:00,1.7078885057955744,-0.7585762191780823,-0.32299531410114385,1.2497634896292273,46.445003906573355
598,138,1,48.010346601742555,-1.5115989366047815,-1.1049665551839465,6.630217391304348,0.09640978139347865,4.844765216990225,"Ponce de Leon, Daniel",594965,R,"Ponce de Leon, Daniel",594965,pitcher-arm-angle-594965-R,Cardinals,2020,https://baseballsavant.mlb.com/leaderboard/pitcher-arm-angles?season=2020,630dfd920abfca4a9fa03ad089fa07a24a5c6d0555524fff95b59f57b4d8d6a4,2026-10-02T17:50:39.326934+00:00,190.5,https://www.mlb.com/player/594965,0c7e4c1ab8e7f6ab96ff7f54550a575143682904b89dd9680eab40d00bd8e8db,2026-10-02T17:52:41.048319+00:00,2.0208902608695656,0.3367938060200669,-0.15332725122580282,1.4766844381386206,47.99325985230911
458,116,1,42.22873035917601,1.886773389574531,2.0024017467248907,6.103515283842794,0.17845637127196054,4.553296112644393,"Norris, Daniel",596057,L,"Norris, Daniel",596057,pitcher-arm-angle-596057-L,Tigers,2020,https://baseballsavant.mlb.com/leaderboard/pitcher-arm-angles?season=2020,630dfd920abfca4a9fa03ad089fa07a24a5c6d0555524fff95b59f57b4d8d6a4,2026-10-02T17:50:39.326934+00:00,187.96,https://www.mlb.com/player/596057,48a103fb36a703929367ee80197d1f90b5c5417019dcd2cf024fe38690070b73,2026-10-02T17:52:44.310895+00:00,1.8603514585152838,-0.6103320524017467,-0.08963702522312325,1.3878446551340111,42.22229826456252
696,109,1,52.26506808187861,-1.1319677673420558,-1.042844827586207,5.6635201149425285,0.26096723284807655,3.8632063435142867,"Weaver, Luke",596133,R,"Weaver, Luke",596133,pitcher-arm-angle-596133-R,Diamondbacks,2020,https://baseballsavant.mlb.com/leaderboard/pitcher-arm-angles?season=2020,630dfd920abfca4a9fa03ad089fa07a24a5c6d0555524fff95b59f57b4d8d6a4,2026-10-02T17:50:39.326934+00:00,187.96,https://www.mlb.com/player/596133,15365037bcde18b5fcc7293c4ed62a392bac55afa52a0305d0344876658b25fb,2026-10-02T17:52:44.404323+00:00,1.7262409310344828,0.3178591034482759,-0.10670748460967647,1.1775052935031547,52.27023789719094
438,138,1,61.26053471442306,0.6258010693347665,1.7639954337899544,6.754200913242009,-0.48926853616166266,4.723262993809396,"Gomber, Austin",596295,L,"Gomber, Austin",596295,pitcher-arm-angle-596295-L,Cardinals,2020,https://baseballsavant.mlb.com/leaderboard/pitcher-arm-angles?season=2020,630dfd920abfca4a9fa03ad089fa07a24a5c6d0555524fff95b59f57b4d8d6a4,2026-10-02T17:50:39.326934+00:00,195.58,https://www.mlb.com/player/596295,6debe05903bb71bbb6c416f25e358bf7adca2c797bd49df448a70b7a8053ba41,2026-10-02T17:52:45.550236+00:00,2.0586804383561645,-0.5376658082191781,-0.19779259246386646,1.4396505605131038,61.231378103599354
407,118,1,35.512183963298355,-1.8048602712441661,-1.3155036855036855,5.394987714987715,0.07261985820461755,4.057163708672212,"Barlow, Scott",605130,R,"Barlow, Scott",605130,pitcher-arm-angle-605130-R,Royals,2020,https://baseballsavant.mlb.com/leaderboard/pitcher-arm-angles?season=2020,630dfd920abfca4a9fa03ad089fa07a24a5c6d0555524fff95b59f57b4d8d6a4,2026-10-02T17:50:39.326934+00:00,190.5,https://www.mlb.com/player/605130,b84f311299518d9da1ef7c1d7d6adeb5a0bf0477287eb00540c44c8984710899,2026-10-02T17:52:47.557622+00:00,1.6443922555282555,0.40096552334152336,-0.17129042011446596,1.2366234984032902,35.47228922747866
875,133,1,43.65203045250101,-1.6215304903960708,-1.241577142857143,5.6768914285714285,0.16892564990305214,3.9689043099979995,"Bassitt, Chris",605135,R,"Bassitt, Chris",605135,pitcher-arm-angle-605135-R,Athletics,2020,https://baseballsavant.mlb.com/leaderboard/pitcher-arm-angles?season=2020,630dfd920abfca4a9fa03ad089fa07a24a5c6d0555524fff95b59f57b4d8d6a4,2026-10-02T17:50:39.326934+00:00,195.58,https://www.mlb.com/player/605135,2d5b8d78f78c60ab5dc76cd73f77740147cb027467e9b85f1f0c1b610920b739,2026-10-02T17:52:48.378024+00:00,1.7303165074285716,0.3784327131428572,-0.1672983184203155,1.2097220336873904,43.64961310118212
697,108,1,51.04363661089489,-1.3032520025886114,-2.3183787661406026,6.108608321377331,0.07113021821347555,4.409241283791918,"Bundy, Dylan",605164,R,"Bundy, Dylan",605164,pitcher-arm-angle-605164-R,Angels,2020,https://baseballsavant.mlb.com/leaderboard/pitcher-arm-angles?season=2020,630dfd920abfca4a9fa03ad089fa07a24a5c6d0555524fff95b59f57b4d8d6a4,2026-10-02T17:50:39.326934+00:00,185.42000000000002,https://www.mlb.com/player/605164,26925fa43d4cec7c0d209f6e54ae527bc2571a30928652f5610af5ba572138a0,2026-10-02T17:52:49.320625+00:00,1.8619038163558106,0.7066418479196557,0.2877301470191796,1.3439367432997766,51.0354099918232
399,135,2,47.197602394661885,-1.536927712551629,-1.1926817042606517,5.775187969924812,0.02844347133989162,4.084851514886258,"Clevinger, Mike",605182,R,"Clevinger, Mike",605182,pitcher-arm-angle-605182-R,zMLB,2020,https://baseballsavant.mlb.com/leaderboard/pitcher-arm-angles?season=2020,630dfd920abfca4a9fa03ad089fa07a24a5c6d0555524fff95b59f57b4d8d6a4,2026-10-02T17:50:39.326934+00:00,193.04,https://www.mlb.com/player/605182,7a04a67831ca225d4640664a2e86e08c2a8359f95d84f48465284a005bb9c760,2026-10-02T17:52:48.894868+00:00,1.7602772932330828,0.36352938345864666,-0.11359575339148885,1.2450627417373314,47.198130262442014
650,135,1,39.196558303904986,-1.7422924487835707,-2.0435076923076925,5.5355384615384615,-0.12153862769093651,4.21329892452523,"Davies, Zach",605200,R,"Davies, Zach",605200,pitcher-arm-angle-605200-R,Padres,2020,https://baseballsavant.mlb.com/leaderboard/pitcher-arm-angles?season=2020,630dfd920abfca4a9fa03ad089fa07a24a5c6d0555524fff95b59f57b4d8d6a4,2026-10-02T17:50:39.326934+00:00,182.88,https://www.mlb.com/player/605200,c54f16b1dc5e432bb6d295bcf797672fda59a25437fddc50f3246e4e3010a77d,2026-10-02T17:52:49.924470+00:00,1.6872321230769232,0.6228611446153847,0.12885537994634977,1.28421351219529,39.20817201769975
522,116,1,39.411106849165186,-1.7148640458934257,-1.1950766283524905,6.1370689655172415,0.034994168218271296,4.697549084030381,"Fulmer, Michael",605242,R,"Fulmer, Michael",605242,pitcher-arm-angle-605242-R,Tigers,2020,https://baseballsavant.mlb.com/leaderboard/pitcher-arm-angles?season=2020,630dfd920abfca4a9fa03ad089fa07a24a5c6d0555524fff95b59f57b4d8d6a4,2026-10-02T17:50:39.326934+00:00,187.96,https://www.mlb.com/player/605242,638f4c7bcc5a9a15513d4c90b58feb42f7b13627548f9219edd230580e61d8fa,2026-10-02T17:52:51.203666+00:00,1.8705786206896553,0.36425935632183915,-0.16909742733940614,1.4318129608124603,39.44240361390482
727,158,1,45.239319004762706,-1.5003858700527284,-1.0317881705639615,6.093411279229711,0.19931540802984943,4.379318377724981,"Houser, Adrian",605288,R,"Houser, Adrian",605288,pitcher-arm-angle-605288-R,Brewers,2020,https://baseballsavant.mlb.com/leaderboard/pitcher-arm-angles?season=2020,630dfd920abfca4a9fa03ad089fa07a24a5c6d0555524fff95b59f57b4d8d6a4,2026-10-02T17:50:39.326934+00:00,193.04,https://www.mlb.com/player/605288,ba7121746c925ebbe4f6af45cd07c21a38a1849e1669ac167d8a342c511550b3,2026-10-02T17:52:52.705650+00:00,1.857271757909216,0.3144890343878955,-0.20357991517167423,1.3348162415305742,45.24154191910841
375,145,1,30.440787407384754,-2.0042782188190658,-2.358373333333333,5.870186666666667,-0.04018873134368899,4.7177743706137,"Marshall, Evan",605359,R,"Marshall, Evan",605359,pitcher-arm-angle-605359-R,White Sox,2020,https://baseballsavant.mlb.com/leaderboard/pitcher-arm-angles?season=2020,630dfd920abfca4a9fa03ad089fa07a24a5c6d0555524fff95b59f57b4d8d6a4,2026-10-02T17:50:39.326934+00:00,187.96,https://www.mlb.com/player/605359,2b1b918a71e6a0b73523665307ccf9368492079893b58f722158bbad42d6ed5a,2026-10-02T17:52:52.766262+00:00,1.7892328960000001,0.718832192,0.12017771621750513,1.4379776281630559,30.401906195233437
477,134,1,33.11904682744602,-2.414065438211244,-1.3550733752620545,6.526352201257861,-0.2656608337167057,5.126298259292758,"Musgrove, Joe",605397,R,"Musgrove, Joe",605397,pitcher-arm-angle-605397-R,Pirates,2020,https://baseballsavant.mlb.com/leaderboard/pitcher-arm-angles?season=2020,630dfd920abfca4a9fa03ad089fa07a24a5c6d0555524fff95b59f57b4d8d6a4,2026-10-02T17:50:39.326934+00:00,195.58,https://www.mlb.com/player/605397,4a3cfe24410d91df1a006a5f047a97bbe640bf2dac4fbb1ef8578a91c09d9b79,2026-10-02T17:52:52.867517+00:00,1.9892321509433961,0.41302636477987426,-0.2418073586700611,1.5624957094324328,33.09113915586784
805,143,1,19.17682616251045,-2.2765336442415522,-1.8648944099378881,4.951900621118012,-0.14309697013983458,4.210320046421731,"Nola, Aaron",605400,R,"Nola, Aaron",605400,pitcher-arm-angle-605400-R,Phillies,2020,https://baseballsavant.mlb.com/leaderboard/pitcher-arm-angles?season=2020,630dfd920abfca4a9fa03ad089fa07a24a5c6d0555524fff95b59f57b4d8d6a4,2026-10-02T17:50:39.326934+00:00,187.96,https://www.mlb.com/player/605400,158d0dcf12bef4170e18c67c6f23317694654b664b5354d4bea4d5e60c059320,2026-10-02T17:52:53.517192+00:00,1.5093393093167702,0.5684198161490683,-0.08185168211713524,1.2833055501493436,19.167403200352908
711,139,1,53.76348727376072,1.1376504922010806,1.8131082981715894,6.506666666666667,-0.24915300182846442,4.6150303256806176,"Snell, Blake",605483,L,"Snell, Blake",605483,pitcher-arm-angle-605483-L,Rays,2020,https://baseballsavant.mlb.com/leaderboard/pitcher-arm-angles?season=2020,630dfd920abfca4a9fa03ad089fa07a24a5c6d0555524fff95b59f57b4d8d6a4,2026-10-02T17:50:39.326934+00:00,193.04,https://www.mlb.com/player/605483,d576004cf5e141ca55e4cab351a50a2923cf7e315034cb4704231a398817d1a0,2026-10-02T17:52:55.113614+00:00,1.983232,-0.5526354092827005,-0.1299377043024951,1.4066612432674523,53.75397253798452
864,116,1,26.983302781274705,-2.391168478374193,-1.5612037037037036,5.688043981481481,-0.19860724065615304,4.572571153432043,"Turnbull, Spencer",605513,R,"Turnbull, Spencer",605513,pitcher-arm-angle-605513-R,Tigers,2020,https://baseballsavant.mlb.com/leaderboard/pitcher-arm-angles?season=2020,630dfd920abfca4a9fa03ad089fa07a24a5c6d0555524fff95b59f57b4d8d6a4,2026-10-02T17:50:39.326934+00:00,190.5,https://www.mlb.com/player/605513,fafd9fa8f7e9203dd21727d0c27da1ed7264de5191295bcbcf24458e7d15db8b,2026-10-02T17:52:57.218620+00:00,1.7337158055555557,0.4758548888888889,-0.19243777636756976,1.3937196875660869,26.96486780668702
366,133,1,39.503456963536834,-1.806297778276687,-2.808087431693989,5.800710382513661,-0.09578667923205049,4.391410868082951,"Wendelken, J.B.",605525,R,"Wendelken, J.B.",605525,pitcher-arm-angle-605525-R,Athletics,2020,https://baseballsavant.mlb.com/leaderboard/pitcher-arm-angles?season=2020,630dfd920abfca4a9fa03ad089fa07a24a5c6d0555524fff95b59f57b4d8d6a4,2026-10-02T17:50:39.326934+00:00,185.42000000000002,https://www.mlb.com/player/605525,44e5105e3245bfac8e69eaeea3ac9b55ecb9846cea7a698ee11f992029a38e59,2026-10-02T17:52:57.930881+00:00,1.768056524590164,0.8559050491803278,0.3345412661915227,1.3385020325916834,39.485297822947906
1111,158,1,42.69184658107876,-1.5243864596311743,-1.4050855085508551,5.90992799279928,0.19482514225267064,4.323749848922631,"Woodruff, Brandon",605540,R,"Woodruff, Brandon",605540,pitcher-arm-angle-605540-R,Brewers,2020,https://baseballsavant.mlb.com/leaderboard/pitcher-arm-angles?season=2020,630dfd920abfca4a9fa03ad089fa07a24a5c6d0555524fff95b59f57b4d8d6a4,2026-10-02T17:50:39.326934+00:00,193.04,https://www.mlb.com/player/605540,3c39e4346c92abeb140dd23a2e04fba11a6f47499c0abcf50c8df74579068691,2026-10-02T17:52:57.952230+00:00,1.8013460522052205,0.42827006300630066,-0.0957456332478953,1.317878953951618,42.69523577942687
677,139,1,55.57934892291361,-1.0211875456091852,-1.4747562776957164,6.103677991137371,0.33037155777578925,4.128854201375998,"Glasnow, Tyler",607192,R,"Glasnow, Tyler",607192,pitcher-arm-angle-607192-R,Rays,2020,https://baseballsavant.mlb.com/leaderboard/pitcher-arm-angles?season=2020,630dfd920abfca4a9fa03ad089fa07a24a5c6d0555524fff95b59f57b4d8d6a4,2026-10-02T17:50:39.326934+00:00,203.2,https://www.mlb.com/player/607192,2f65c0196847de5ce52d723cc3fb4acacc0da97b6944eb55888b52d5f871bbc6,2026-10-02T17:53:01.791687+00:00,1.8604010516986706,0.44950571344165435,0.03755049872991413,1.2584747605794042,55.61246500799579
663,120,1,36.22194294274983,-1.65735366820627,-1.390814479638009,5.824328808446455,0.2460417657520296,4.429043387681618,"Fedde, Erick",607200,R,"Fedde, Erick",607200,pitcher-arm-angle-607200-R,Nationals,2020,https://baseballsavant.mlb.com/leaderboard/pitcher-arm-angles?season=2020,630dfd920abfca4a9fa03ad089fa07a24a5c6d0555524fff95b59f57b4d8d6a4,2026-10-02T17:50:39.326934+00:00,193.04,https://www.mlb.com/player/607200,020d14d133a346bd062332f9843c06a439b6c1bb4b0a9f38b12c28494006dba0,2026-10-02T17:53:02.579014+00:00,1.7752554208144795,0.4239202533936652,-0.15623467487682455,1.3499724245653573,36.24330701762514
465,111,1,26.064012416108792,-2.183328050735176,-3.1263440860215055,5.414559139784946,-0.31960457662830527,4.502719770321471,"Mazza, Chris",607391,R,"Mazza, Chris",607391,pitcher-arm-angle-607391-R,Red Sox,2020,https://baseballsavant.mlb.com/leaderboard/pitcher-arm-angles?season=2020,630dfd920abfca4a9fa03ad089fa07a24a5c6d0555524fff95b59f57b4d8d6a4,2026-10-02T17:50:39.326934+00:00,193.04,https://www.mlb.com/player/607391,9c281e1b71f2c52a98bb01e932da758cbaf79159d65a22422152943470d0ceab,2026-10-02T17:53:04.726522+00:00,1.6503576258064516,0.952909677419355,0.38484676251158073,1.3724289859939847,26.070505856681077
437,115,1,29.98720503432709,2.1248821786235217,1.5383981693363844,5.67395881006865,0.09220640163752207,4.502605187364628,"Freeland, Kyle",607536,L,"Freeland, Kyle",607536,pitcher-arm-angle-607536-L,Rockies,2020,https://baseballsavant.mlb.com/leaderboard/pitcher-arm-angles?season=2020,630dfd920abfca4a9fa03ad089fa07a24a5c6d0555524fff95b59f57b4d8d6a4,2026-10-02T17:50:39.326934+00:00,193.04,https://www.mlb.com/player/607536,1de97eac619ac57f48d9f53fd204584698245fc31fb62208d81b1523ca3ae98c,2026-10-02T17:53:05.414676+00:00,1.7294226453089248,-0.46890376201372996,0.15065581481160273,1.3723940611087386,29.953209105525204
371,120,1,46.419276092145715,-1.326972768672735,-0.2896765498652291,6.142991913746631,0.1892217259352283,4.553428105706262,"Harper, Ryne",607560,R,"Harper, Ryne",607560,pitcher-arm-angle-607560-R,Nationals,2020,https://baseballsavant.mlb.com/leaderboard/pitcher-arm-angles?season=2020,630dfd920abfca4a9fa03ad089fa07a24a5c6d0555524fff95b59f57b4d8d6a4,2026-10-02T17:50:39.326934+00:00,190.5,https://www.mlb.com/player/607560,09344f743b7398a7aca2d5b55fc4d525e08d4f87273b02315bec10e5ff9b26f8,2026-10-02T17:53:06.353974+00:00,1.8723839353099732,0.08829341239892184,-0.3738426695575854,1.3878848866192686,46.353283112464425
403,121,1,37.50375806486787,-1.9516081561021175,-1.2626302729528536,5.60151364764268,-0.007953868836334432,4.107542181203916,"Lugo, Seth",607625,R,"Lugo, Seth",607625,pitcher-arm-angle-607625-R,Mets,2020,https://baseballsavant.mlb.com/leaderboard/pitcher-arm-angles?season=2020,630dfd920abfca4a9fa03ad089fa07a24a5c6d0555524fff95b59f57b4d8d6a4,2026-10-02T17:50:39.326934+00:00,193.04,https://www.mlb.com/player/607625,ca5b17a79da48a23302293e82efeea0cfc729cd8026aecf2ac9ed3ea18f51584,2026-10-02T17:53:07.234893+00:00,1.7073413598014888,0.3848497071960298,-0.2075761195625809,1.2519788568309538,37.54733967012529
504,110,1,46.88407335059969,1.4287305723702493,0.8379563492063492,6.482777777777778,-0.13984025483488852,4.807840869208163,"Means, John",607644,L,"Means, John",607644,pitcher-arm-angle-607644-L,Orioles,2020,https://baseballsavant.mlb.com/leaderboard/pitcher-arm-angles?season=2020,630dfd920abfca4a9fa03ad089fa07a24a5c6d0555524fff95b59f57b4d8d6a4,2026-10-02T17:50:39.326934+00:00,193.04,https://www.mlb.com/player/607644,5cb2d31eeb461f201c1f5f9e1812147d3adb6a8639892d4fc5d55010035b8451,2026-10-02T17:53:07.034577+00:00,1.9759506666666669,-0.25540909523809524,0.22269129289403075,1.4654298969346482,46.87825798636596
714,144,1,52.29598177970696,1.305766469770922,1.3426470588235293,5.9619607843137254,-0.215056103636196,3.995045392298185,"Fried, Max",608331,L,"Fried, Max",608331,pitcher-arm-angle-608331-L,Braves,2020,https://baseballsavant.mlb.com/leaderboard/pitcher-arm-angles?season=2020,630dfd920abfca4a9fa03ad089fa07a24a5c6d0555524fff95b59f57b4d8d6a4,2026-10-02T17:50:39.326934+00:00,193.04,https://www.mlb.com/player/608331,ddb476e8804f21219b47f7c533e3c6a00e049d54e0bf58703d6d8701ce1b7241,2026-10-02T17:53:07.871104+00:00,1.8172056470588236,-0.40923882352941177,0.054307896845077815,1.2176898355724868,52.288738963775074
1090,145,1,57.8541056250351,-1.082210475567714,-1.2978256880733945,6.481266055045872,0.22449583559595648,4.401170843786723,"Giolito, Lucas",608337,R,"Giolito, Lucas",608337,pitcher-arm-angle-608337-R,White Sox,2020,https://baseballsavant.mlb.com/leaderboard/pitcher-arm-angles?season=2020,630dfd920abfca4a9fa03ad089fa07a24a5c6d0555524fff95b59f57b4d8d6a4,2026-10-02T17:50:39.326934+00:00,198.12,https://www.mlb.com/player/608337,7d4c0c7de948eeb40e632fa97e5543b3e79814f43b6283d1cf13ac0713ea6b7d,2026-10-02T17:53:10.104946+00:00,1.9754898935779817,0.39557726972477064,-0.0027068139179161205,1.3414768731861932,57.86314934173219
408,121,1,44.75028605542805,-1.422261333215148,-1.7101960784313726,6.250171568627451,0.16553651642475173,4.677156578544965,"Wacha, Michael",608379,R,"Wacha, Michael",608379,pitcher-arm-angle-608379-R,Mets,2020,https://baseballsavant.mlb.com/leaderboard/pitcher-arm-angles?season=2020,630dfd920abfca4a9fa03ad089fa07a24a5c6d0555524fff95b59f57b4d8d6a4,2026-10-02T17:50:39.326934+00:00,198.12,https://www.mlb.com/player/608379,f7026d200526e13417f3c55ab6ec1ce91dced06849ca146c1edf0bf60f12cde6,2026-10-02T17:53:11.700826+00:00,1.905052294117647,0.5212677647058824,0.037306980135640946,1.4255973251405054,44.732034343947504
932,115,1,37.366665218087086,-1.799724036822404,-2.2643454935622316,6.202886266094421,0.09405729035893522,4.756937222072061,"Márquez, Germán",608566,R,"Márquez, Germán",608566,pitcher-arm-angle-608566-R,Rockies,2020,https://baseballsavant.mlb.com/leaderboard/pitcher-arm-angles?season=2020,630dfd920abfca4a9fa03ad089fa07a24a5c6d0555524fff95b59f57b4d8d6a4,2026-10-02T17:50:39.326934+00:00,185.42000000000002,https://www.mlb.com/player/608566,718eacb1c5194b4da3705a6436ad3036c888f06ab188c6cad3d9725ad1aead7b,2026-10-02T17:53:12.923691+00:00,1.8906397339055796,0.6901725064377682,0.11294795791289602,1.4499144652875642,37.362632239675996
510,134,1,40.736851058965385,-1.6064398152941435,-1.8447450980392157,5.906941176470588,0.15724953251153403,4.38748956195825,"Stratton, Chris",608717,R,"Stratton, Chris",608717,pitcher-arm-angle-608717-R,Pirates,2020,https://baseballsavant.mlb.com/leaderboard/pitcher-arm-angles?season=2020,630dfd920abfca4a9fa03ad089fa07a24a5c6d0555524fff95b59f57b4d8d6a4,2026-10-02T17:50:39.326934+00:00,187.96,https://www.mlb.com/player/608717,f81b26eceba51a286bafb54ae19148b8e99b61b4fa50bb02aa5877c9017896ec,2026-10-02T17:53:14.713390+00:00,1.8004356705882354,0.562278305882353,0.024705792671182444,1.3373068184848746,40.74551853269097
443,158,1,50.050663170933674,1.4638146897941986,2.949525959367946,6.192641083521445,0.05480415669022586,4.5102355268174374,"Suter, Brent",608718,L,"Suter, Brent",608718,pitcher-arm-angle-608718-L,Brewers,2020,https://baseballsavant.mlb.com/leaderboard/pitcher-arm-angles?season=2020,630dfd920abfca4a9fa03ad089fa07a24a5c6d0555524fff95b59f57b4d8d6a4,2026-10-02T17:50:39.326934+00:00,193.04,https://www.mlb.com/player/608718,697697d5712280f97918ea148ee9ca174a1ded50dbea98793a09cfe7d7144f93,2026-10-02T17:53:14.722499+00:00,1.8875170022573364,-0.8990155124153499,-0.469549101925259,1.374719788573955,50.05390853006429
718,120,1,38.336412801199245,-1.6558287483439176,-2.4650974930362115,5.738593314763231,0.0728886937435141,4.371613700167329,"Voth, Austin",608723,R,"Voth, Austin",608723,pitcher-arm-angle-608723-R,Nationals,2020,https://baseballsavant.mlb.com/leaderboard/pitcher-arm-angles?season=2020,630dfd920abfca4a9fa03ad089fa07a24a5c6d0555524fff95b59f57b4d8d6a4,2026-10-02T17:50:39.326934+00:00,187.96,https://www.mlb.com/player/608723,ff6d9d12935842fa4481ab5533fefcdeeb4d263b778a1f93beddb885a687bd01,2026-10-02T17:53:15.418514+00:00,1.749123242339833,0.7513617158774373,0.2244486395291881,1.3324678558110021,38.33510926867184
376,135,2,49.95294910211695,-1.1930397258819692,-1.2255851063829788,6.536781914893617,0.34423603415253917,4.708646497752873,"Quantrill, Cal",615698,R,"Quantrill, Cal",615698,pitcher-arm-angle-615698-R,zMLB,2020,https://baseballsavant.mlb.com/leaderboard/pitcher-arm-angles?season=2020,630dfd920abfca4a9fa03ad089fa07a24a5c6d0555524fff95b59f57b4d8d6a4,2026-10-02T17:50:39.326934+00:00,190.5,https://www.mlb.com/player/615698,a43abf37a76cb290084398de5d0c9d21fd2405849cabf8050cbd871017a99be8,2026-10-02T17:53:17.170402+00:00,1.9924111276595746,0.37355834042553193,-0.0950033112329862,1.4351954525150756,49.93958146856404
727,143,1,31.05328701297104,-2.300920987665005,-2.8733425034387894,5.653755158184319,-0.22047608215366302,4.40042980647461,"Eflin, Zach",621107,R,"Eflin, Zach",621107,pitcher-arm-angle-621107-R,Phillies,2020,https://baseballsavant.mlb.com/leaderboard/pitcher-arm-angles?season=2020,630dfd920abfca4a9fa03ad089fa07a24a5c6d0555524fff95b59f57b4d8d6a4,2026-10-02T17:50:39.326934+00:00,198.12,https://www.mlb.com/player/621107,e788f88a7294a6177eb9b0a857e9aa51f14fdc6273f1add2370837e0e0a24032,2026-10-02T17:53:19.382839+00:00,1.7232645722145805,0.8757947950481431,0.24167518784828598,1.3412510050134612,31.066080017299974
525,119,1,49.885333633972415,-1.3022527919736007,-0.9318666666666666,5.763561904761905,0.0997395937950938,4.101335160077667,"Buehler, Walker",621111,R,"Buehler, Walker",621111,pitcher-arm-angle-621111-R,Dodgers,2020,https://baseballsavant.mlb.com/leaderboard/pitcher-arm-angles?season=2020,630dfd920abfca4a9fa03ad089fa07a24a5c6d0555524fff95b59f57b4d8d6a4,2026-10-02T17:50:39.326934+00:00,187.96,https://www.mlb.com/player/621111,09ec2757607edd3b4a521395b53855965301f4a22da76be32f24ac71636678f7,2026-10-02T17:53:19.512701+00:00,1.7567336685714285,0.28403296,-0.1432943191822981,1.250086956791673,49.85429955193205
721,117,1,33.29537031594439,-2.1024956706608284,-1.850249653259362,5.442829403606103,-0.22119571080086933,4.20714844810497,"McCullers Jr., Lance",621121,R,"McCullers Jr., Lance",621121,pitcher-arm-angle-621121-R,Astros,2020,https://baseballsavant.mlb.com/leaderboard/pitcher-arm-angles?season=2020,630dfd920abfca4a9fa03ad089fa07a24a5c6d0555524fff95b59f57b4d8d6a4,2026-10-02T17:50:39.326934+00:00,185.42000000000002,https://www.mlb.com/player/621121,6e624a6c8e384d95be773a7c5cf96d24fdb4f5ecd7564b1e274e9e330a162b47,2026-10-02T17:53:21.083945+00:00,1.6589744022191402,0.5639560943134535,-0.009464133451862006,1.2823388469823949,33.29782695191686
670,112,1,32.2582662256384,-2.1646965602025734,-3.1023283582089554,5.7274328358208955,-0.22341992516860884,4.503175515750364,"Mills, Alec",621219,R,"Mills, Alec",621219,pitcher-arm-angle-621219-R,Cubs,2020,https://baseballsavant.mlb.com/leaderboard/pitcher-arm-angles?season=2020,630dfd920abfca4a9fa03ad089fa07a24a5c6d0555524fff95b59f57b4d8d6a4,2026-10-02T17:50:39.326934+00:00,193.04,https://www.mlb.com/player/621219,647dedaf04c41fa71914cf3aca5a4f6632148a82fc703e1a6f627a2f93d1f06a,2026-10-02T17:53:25.527654+00:00,1.745721528358209,0.9455896835820896,0.35388856522373724,1.372567897200711,32.237394947099865
388,121,1,21.374237509181604,-2.5767014571810916,-2.6028092783505157,4.97860824742268,-0.5167087955050811,4.1714844592452724,"Díaz, Edwin",621242,R,"Díaz, Edwin",621242,pitcher-arm-angle-621242-R,Mets,2020,https://baseballsavant.mlb.com/leaderboard/pitcher-arm-angles?season=2020,630dfd920abfca4a9fa03ad089fa07a24a5c6d0555524fff95b59f57b4d8d6a4,2026-10-02T17:50:39.326934+00:00,190.5,https://www.mlb.com/player/621242,7a15bace5ac341dd397c8b5b7b396cce8f078056575807176f60afc9733431d0,2026-10-02T17:53:21.618007+00:00,1.5174797938144329,0.7933362680412372,0.1654505047623892,1.2714684631779591,21.395695931066584
890,142,1,36.05379321130893,-2.123902192878038,-3.4471573033707865,5.429191011235955,-0.2561297928231303,4.0696774135644045,"Berríos, José",621244,R,"Berríos, José",621244,pitcher-arm-angle-621244-R,Twins,2020,https://baseballsavant.mlb.com/leaderboard/pitcher-arm-angles?season=2020,630dfd920abfca4a9fa03ad089fa07a24a5c6d0555524fff95b59f57b4d8d6a4,2026-10-02T17:50:39.326934+00:00,182.88,https://www.mlb.com/player/621244,004ef40d73fa0d8fcbdc5213208c8f190b6a2f6fd33c55fe9f9c60ed5f902c19,2026-10-02T17:53:22.874211+00:00,1.654817420224719,1.0506935460674158,0.48139651853067983,1.2404376756544306,36.05011250853498
365,144,1,36.57820465519486,1.7643748336562837,2.093232876712329,5.440328767123288,0.04257365522672332,4.164536029854345,"Minter, A.J.",621345,L,"Minter, A.J.",621345,pitcher-arm-angle-621345-L,Braves,2020,https://baseballsavant.mlb.com/leaderboard/pitcher-arm-angles?season=2020,630dfd920abfca4a9fa03ad089fa07a24a5c6d0555524fff95b59f57b4d8d6a4,2026-10-02T17:50:39.326934+00:00,182.88,https://www.mlb.com/player/621345,013c434fba653d4c00ea789357711e2c98352128f14f3c645d89ed304a56ecfb,2026-10-02T17:53:23.946186+00:00,1.6582122082191781,-0.638017380821918,-0.11321238163658787,1.2693505818996043,36.5371152624819
621,109,1,32.03208799126196,1.928844387018065,1.9309178743961353,6.024057971014493,0.020964115783848308,4.830261871072137,"Young, Alex",622065,L,"Young, Alex",622065,pitcher-arm-angle-622065-L,Diamondbacks,2020,https://baseballsavant.mlb.com/leaderboard/pitcher-arm-angles?season=2020,630dfd920abfca4a9fa03ad089fa07a24a5c6d0555524fff95b59f57b4d8d6a4,2026-10-02T17:50:39.326934+00:00,190.5,https://www.mlb.com/player/622065,1b88640ced1c50f336142f7447f36217eca4a989d4c4064ec35d73b8cbc507eb,2026-10-02T17:53:27.217889+00:00,1.8361328695652175,-0.5885437681159421,-0.0070218614437528035,1.4722638183027874,32.034979453853886
396,118,1,56.12910824211038,-1.1928495783115882,-0.8676262626262626,6.3340151515151515,0.07920541657663985,4.440388862218441,"Staumont, Josh",622251,R,"Staumont, Josh",622251,pitcher-arm-angle-622251-R,Royals,2020,https://baseballsavant.mlb.com/leaderboard/pitcher-arm-angles?season=2020,630dfd920abfca4a9fa03ad089fa07a24a5c6d0555524fff95b59f57b4d8d6a4,2026-10-02T17:50:39.326934+00:00,190.5,https://www.mlb.com/player/622251,36c309247b7fcb5bdea977656edb5b603a8d608e034994c71e43e65f8e847378,2026-10-02T17:53:30.633177+00:00,1.9306078181818183,0.2644524848484849,-0.12326987759344706,1.353430525204181,56.10852770022147
885,113,1,20.520951487769324,-2.208863547523116,-2.7244858757062147,5.330203389830508,0.03705588413331434,4.48948321212409,"Castillo, Luis",622491,R,"Castillo, Luis",622491,pitcher-arm-angle-622491-R,Reds,2020,https://baseballsavant.mlb.com/leaderboard/pitcher-arm-angles?season=2020,630dfd920abfca4a9fa03ad089fa07a24a5c6d0555524fff95b59f57b4d8d6a4,2026-10-02T17:50:39.326934+00:00,187.96,https://www.mlb.com/player/622491,8e9927e8051135689c09d10728142dd5599c6d147208c609182f83081315f6f8,2026-10-02T17:53:30.663400+00:00,1.624645993220339,0.8304232949152542,0.14586705214637422,1.3683944830554227,20.522497812686233
640,115,1,41.047695507852715,-1.8675198942381337,-2.452125,5.930375,-0.0957394812391576,4.387345442501433,"Senzatela, Antonio",622608,R,"Senzatela, Antonio",622608,pitcher-arm-angle-622608-R,Rockies,2020,https://baseballsavant.mlb.com/leaderboard/pitcher-arm-angles?season=2020,630dfd920abfca4a9fa03ad089fa07a24a5c6d0555524fff95b59f57b4d8d6a4,2026-10-02T17:50:39.326934+00:00,185.42000000000002,https://www.mlb.com/player/622608,097d9e8cf121ed72ad9e9e9ac6e97c2c625a39c059ba858d959dad1940e35eb4,2026-10-02T17:53:31.463988+00:00,1.8075783,0.7474077000000001,0.20736903011791213,1.3372628908744368,41.052349086762334
383,145,1,47.241599352301336,-1.4630205862308046,-2.508120104438642,6.278407310704961,0.1543630820137217,4.528676736052242,"Cordero, Jimmy",622772,R,"Cordero, Jimmy",622772,pitcher-arm-angle-622772-R,White Sox,2020,https://baseballsavant.mlb.com/leaderboard/pitcher-arm-angles?season=2020,630dfd920abfca4a9fa03ad089fa07a24a5c6d0555524fff95b59f57b4d8d6a4,2026-10-02T17:50:39.326934+00:00,193.04,https://www.mlb.com/player/622772,02cd9a9aba5b0396ffed09de3967d9d3b331083976da17e99a157f117b7f3813,2026-10-02T17:53:33.382849+00:00,1.9136585483028723,0.7644750078328981,0.2714964657519665,1.3803406691487234,47.25089414371131
363,118,1,44.433644960548975,-1.3715621808956517,-1.6691460055096419,6.255234159779614,0.2322391523554701,4.682627744201863,"Newberry, Jake",623470,R,"Newberry, Jake",623470,pitcher-arm-angle-623470-R,Royals,2020,https://baseballsavant.mlb.com/leaderboard/pitcher-arm-angles?season=2020,630dfd920abfca4a9fa03ad089fa07a24a5c6d0555524fff95b59f57b4d8d6a4,2026-10-02T17:50:39.326934+00:00,187.96,https://www.mlb.com/player/623470,e6e43eb564ea8df3349476f9d255732ddab8d60b527db483c335f5549b285069,2026-10-02T17:53:36.285605+00:00,1.9065953719008264,0.5087557024793389,0.019917056104396907,1.427264936432728,44.43732675158948
401,115,1,23.350991302588753,-2.6277568968858893,-1.7115960099750622,5.379027431421447,-0.38419485737805664,4.411309585759548,"Castellani, Ryan",624418,R,"Castellani, Ryan",624418,pitcher-arm-angle-624418-R,Rockies,2020,https://baseballsavant.mlb.com/leaderboard/pitcher-arm-angles?season=2020,630dfd920abfca4a9fa03ad089fa07a24a5c6d0555524fff95b59f57b4d8d6a4,2026-10-02T17:50:39.326934+00:00,193.04,https://www.mlb.com/player/624418,9277470848cd5e22cc5745097beb7fca31a8f79a54a26990c77735baa3cd0d2c,2026-10-02T17:53:37.626975+00:00,1.639527561097257,0.521694463840399,-0.16214324580158843,1.3445671617395103,23.332033881275656
449,145,1,46.596978511089624,-1.4560231378138957,-1.552338530066815,6.010846325167038,0.006430041849499467,4.464620672376665,"López, Reynaldo",625643,R,"López, Reynaldo",625643,pitcher-arm-angle-625643-R,White Sox,2020,https://baseballsavant.mlb.com/leaderboard/pitcher-arm-angles?season=2020,630dfd920abfca4a9fa03ad089fa07a24a5c6d0555524fff95b59f57b4d8d6a4,2026-10-02T17:50:39.326934+00:00,185.42000000000002,https://www.mlb.com/player/625643,30087a969e5164f0f6b13129603f3ce8876b924a30027945e1de324a16eef55f,2026-10-02T17:53:39.613242+00:00,1.8321059599109133,0.4731527839643653,0.0273970548029624,1.3608163809404075,46.59490913333064
821,142,1,37.41640152679886,-1.854502492583187,-2.291498172959805,5.759768574908648,-0.08189235043735132,4.403921343001324,"Maeda, Kenta",628317,R,"Maeda, Kenta",628317,pitcher-arm-angle-628317-R,Twins,2020,https://baseballsavant.mlb.com/leaderboard/pitcher-arm-angles?season=2020,630dfd920abfca4a9fa03ad089fa07a24a5c6d0555524fff95b59f57b4d8d6a4,2026-10-02T17:50:39.326934+00:00,185.42000000000002,https://www.mlb.com/player/628317,b31f92bf9ec33186d2551e1797a8bac522867c23019705787c55225a45a73378,2026-10-02T17:53:39.674490+00:00,1.755577461632156,0.6984486431181486,0.15815707179209784,1.3423152253468036,37.411920033588906
628,119,1,48.01797081710146,1.463321631983531,1.6032324840764332,6.023710191082802,-0.11188233831112063,4.271323863133556,"Urías, Julio",628711,L,"Urías, Julio",628711,pitcher-arm-angle-628711-L,Dodgers,2020,https://baseballsavant.mlb.com/leaderboard/pitcher-arm-angles?season=2020,630dfd920abfca4a9fa03ad089fa07a24a5c6d0555524fff95b59f57b4d8d6a4,2026-10-02T17:50:39.326934+00:00,182.88,https://www.mlb.com/player/628711,e2b14e7b500593e925c7d6237e8346d6dccc9752b77d02e1528b702eed4670fb,2026-10-02T17:53:41.551342+00:00,1.8360268662420383,-0.48866526114649683,-0.00854309100068703,1.301899513483108,48.04791834372567
628,133,1,25.821896687031188,2.6686806612946388,3.5231210191082805,5.460382165605096,0.5833993628961428,4.451258301794372,"Manaea, Sean",640455,L,"Manaea, Sean",640455,pitcher-arm-angle-640455-L,Athletics,2020,https://baseballsavant.mlb.com/leaderboard/pitcher-arm-angles?season=2020,630dfd920abfca4a9fa03ad089fa07a24a5c6d0555524fff95b59f57b4d8d6a4,2026-10-02T17:50:39.326934+00:00,195.58,https://www.mlb.com/player/640455,d51eb17f36e8e9241fb5315094f9c32a9aea261ca8539c8e2300aa776b176798,2026-10-02T17:53:42.397389+00:00,1.6643244840764333,-1.073847286624204,-0.43825354687234236,1.3567435303869246,25.823591955770784
896,146,1,28.359723399731923,-2.3258806297016013,-2.408158482142857,5.46765625,-0.23200148760409703,4.337783942509888,"López, Pablo",641154,R,"López, Pablo",641154,pitcher-arm-angle-641154-R,Marlins,2020,https://baseballsavant.mlb.com/leaderboard/pitcher-arm-angles?season=2020,630dfd920abfca4a9fa03ad089fa07a24a5c6d0555524fff95b59f57b4d8d6a4,2026-10-02T17:50:39.326934+00:00,193.04,https://www.mlb.com/player/641154,03b9cefaa5e11fccf2c3e011892e44018d15227d67202f46b86509116b739951,2026-10-02T17:53:45.049495+00:00,1.666541625,0.7340067053571429,0.09579234284582352,1.322156545677014,28.351619686197253
480,116,1,35.069314303518546,1.9700960006204673,2.46475,5.708354166666667,0.12777552174217224,4.414789041405388,"Alexander, Tyler",641302,L,"Alexander, Tyler",641302,pitcher-arm-angle-641302-L,Tigers,2020,https://baseballsavant.mlb.com/leaderboard/pitcher-arm-angles?season=2020,630dfd920abfca4a9fa03ad089fa07a24a5c6d0555524fff95b59f57b4d8d6a4,2026-10-02T17:50:39.326934+00:00,185.42000000000002,https://www.mlb.com/player/641302,ec1e9f7c8858fd9b09ed1d7148c0cfb2889624ce7b5615cba77e966b3dfef7e8,2026-10-02T17:53:45.369105+00:00,1.7399063500000003,-0.7512558,-0.18971651803789566,1.3456276998203625,35.07419108530619
462,145,1,39.94619125395753,-1.8554862006125716,-1.5418398268398268,5.813766233766234,-0.0572168971100837,4.306551366646521,"Dunning, Dane",641540,R,"Dunning, Dane",641540,pitcher-arm-angle-641540-R,White Sox,2020,https://baseballsavant.mlb.com/leaderboard/pitcher-arm-angles?season=2020,630dfd920abfca4a9fa03ad089fa07a24a5c6d0555524fff95b59f57b4d8d6a4,2026-10-02T17:50:39.326934+00:00,193.04,https://www.mlb.com/player/641540,6cd8c26450bb31ef027935da6ef20fe605793e4f0e9ba2d6731ee9ae9b1674a0,2026-10-02T17:53:48.078328+00:00,1.7720359480519483,0.4699527792207792,-0.07815970448677911,1.3126368565538598,39.967970906054305
378,145,1,54.86751799280315,-0.9566282944188315,-1.4358201058201059,6.129100529100529,0.28024343933027757,4.372352947573811,"Foster, Matt",641582,R,"Foster, Matt",641582,pitcher-arm-angle-641582-R,White Sox,2020,https://baseballsavant.mlb.com/leaderboard/pitcher-arm-angles?season=2020,630dfd920abfca4a9fa03ad089fa07a24a5c6d0555524fff95b59f57b4d8d6a4,2026-10-02T17:50:39.326934+00:00,182.88,https://www.mlb.com/player/641582,0eb616f2aecca7b024addbc0039278be47693ebf22d38e3953713a7b6ac8ee71,2026-10-02T17:53:48.445103+00:00,1.8681498412698414,0.4376379682539683,0.06063946380723985,1.3326931784204976,54.85180644069791
379,138,1,44.18137739921018,-1.442982905756476,-1.5726121372031663,6.266833773087071,0.17846508290651353,4.708581961189969,"Hudson, Dakota",641712,R,"Hudson, Dakota",641712,pitcher-arm-angle-641712-R,Cardinals,2020,https://baseballsavant.mlb.com/leaderboard/pitcher-arm-angles?season=2020,630dfd920abfca4a9fa03ad089fa07a24a5c6d0555524fff95b59f57b4d8d6a4,2026-10-02T17:50:39.326934+00:00,195.58,https://www.mlb.com/player/641712,c33d0b37a90da794adc253a79f10bbc722aff91b36e92585ac9b1251fdb934de,2026-10-02T17:53:49.915585+00:00,1.9101309340369392,0.4793321794195251,-0.014885167524954135,1.4351757817707027,43.86140271466477
669,118,1,51.096734825599704,-1.174994306509694,-1.547085201793722,6.425231689088191,0.305891612807951,4.589714495843045,"Keller, Brad",641745,R,"Keller, Brad",641745,pitcher-arm-angle-641745-R,Royals,2020,https://baseballsavant.mlb.com/leaderboard/pitcher-arm-angles?season=2020,630dfd920abfca4a9fa03ad089fa07a24a5c6d0555524fff95b59f57b4d8d6a4,2026-10-02T17:50:39.326934+00:00,195.58,https://www.mlb.com/player/641745,7f5a4277cf7c1b4b2955276f1000a55138aa02396f2edf7d552ba248e9d96bd8,2026-10-02T17:53:51.647290+00:00,1.9584106188340809,0.4715515695067265,0.02017754129870828,1.3989449783329602,51.10358748027838
698,134,1,41.151839917393595,-1.671376751974883,-2.3952578796561603,5.733223495702005,-0.043038778971604276,4.310513296252142,"Kuhl, Chad",641771,R,"Kuhl, Chad",641771,pitcher-arm-angle-641771-R,Pirates,2020,https://baseballsavant.mlb.com/leaderboard/pitcher-arm-angles?season=2020,630dfd920abfca4a9fa03ad089fa07a24a5c6d0555524fff95b59f57b4d8d6a4,2026-10-02T17:50:39.326934+00:00,190.5,https://www.mlb.com/player/641771,fe2fb065c64cdc4ed1501946c5c0db1eccf75768ebbc64647fc571b617fdb879,2026-10-02T17:53:52.575128+00:00,1.7474865214899713,0.7300746017191977,0.2337571875477983,1.313844452697653,41.14433687417983
783,113,1,36.8111592914229,-1.9931342262599365,-2.4220689655172416,5.601775223499361,-0.2291519137442798,4.281790160711968,"Mahle, Tyler",641816,R,"Mahle, Tyler",641816,pitcher-arm-angle-641816-R,Reds,2020,https://baseballsavant.mlb.com/leaderboard/pitcher-arm-angles?season=2020,630dfd920abfca4a9fa03ad089fa07a24a5c6d0555524fff95b59f57b4d8d6a4,2026-10-02T17:50:39.326934+00:00,190.5,https://www.mlb.com/player/641816,dd8206e548ec95c97c7a9d0913043519b0a5f5d5056c403a74d34ca3e330430b,2026-10-02T17:53:53.057361+00:00,1.7074210881226053,0.7382466206896553,0.20058481183488308,1.305089640985008,36.80744853538559
419,139,1,18.419707040922756,2.844611131019671,2.8651312649164677,5.12909307875895,0.6180404729572454,4.388747269274872,"Yarbrough, Ryan",642232,L,"Yarbrough, Ryan",642232,pitcher-arm-angle-642232-L,Rays,2020,https://baseballsavant.mlb.com/leaderboard/pitcher-arm-angles?season=2020,630dfd920abfca4a9fa03ad089fa07a24a5c6d0555524fff95b59f57b4d8d6a4,2026-10-02T17:50:39.326934+00:00,195.58,https://www.mlb.com/player/642232,7ec608393d67056a98d44abee180f0bb33f919362d615537fd473f0a5296183f,2026-10-02T17:53:57.468337+00:00,1.563347570405728,-0.8732920095465394,-0.194633272969112,1.337690167674981,18.39222265363625
366,158,1,-33.73498366944695,-2.78560010482596,-2.945928961748634,2.4343169398907105,-0.8821160710893896,3.7054606759494657,"Yardley, Eric",642233,R,"Yardley, Eric",642233,pitcher-arm-angle-642233-R,Brewers,2020,https://baseballsavant.mlb.com/leaderboard/pitcher-arm-angles?season=2020,630dfd920abfca4a9fa03ad089fa07a24a5c6d0555524fff95b59f57b4d8d6a4,2026-10-02T17:50:39.326934+00:00,182.88,https://www.mlb.com/player/642233,1d536e71dbd567fea6dc5bae7c9ab75aefae9a07251e34db5696f3c049a5d53e,2026-10-02T17:53:57.783606+00:00,0.7419798032786886,0.8979191475409837,0.317737214058077,1.1294244140293972,-33.734938760033764
514,158,1,36.64020942418255,-2.04518507994109,-2.6488326848249026,5.0777431906614785,-0.24206834037545863,3.737957717048749,"Peralta, Freddy",642547,R,"Peralta, Freddy",642547,pitcher-arm-angle-642547-R,Brewers,2020,https://baseballsavant.mlb.com/leaderboard/pitcher-arm-angles?season=2020,630dfd920abfca4a9fa03ad089fa07a24a5c6d0555524fff95b59f57b4d8d6a4,2026-10-02T17:50:39.326934+00:00,182.88,https://www.mlb.com/player/642547,9ec808812e8a5f552bcb591a68666d1da97fe698c6e710d2d7f7b90f5c633eee,2026-10-02T17:54:00.213678+00:00,1.5476961245136187,0.8073642023346304,0.257774220115026,1.1393295121564588,36.61377663882512
623,134,1,34.32592780657719,1.8831672749557553,2.4774317817014446,5.716629213483146,0.058167618147361086,4.470226207303146,"Brault, Steven",643230,L,"Brault, Steven",643230,pitcher-arm-angle-643230-L,Pirates,2020,https://baseballsavant.mlb.com/leaderboard/pitcher-arm-angles?season=2020,630dfd920abfca4a9fa03ad089fa07a24a5c6d0555524fff95b59f57b4d8d6a4,2026-10-02T17:50:39.326934+00:00,182.88,https://www.mlb.com/player/643230,7d1b0abc422a57e0e86ad153e41a3ca009700a35ae51d32ce5af5d6c8f043cd8,2026-10-02T17:54:02.636821+00:00,1.742428584269663,-0.7551212070626003,-0.19886131166740176,1.3625249479859989,34.33153980485139
535,136,1,38.119603272169854,-1.7260877776694228,-1.5458130841121496,5.746579439252336,-0.0006366409306288352,4.3919890329155455,"Dunn, Justin",643290,R,"Dunn, Justin",643290,pitcher-arm-angle-643290-R,Mariners,2020,https://baseballsavant.mlb.com/leaderboard/pitcher-arm-angles?season=2020,630dfd920abfca4a9fa03ad089fa07a24a5c6d0555524fff95b59f57b4d8d6a4,2026-10-02T17:50:39.326934+00:00,187.96,https://www.mlb.com/player/643290,54e1a63bc8a3a7d366ed8c9171c5bd394b453a2fdb71be1e927a4797256b6066,2026-10-02T17:54:03.643002+00:00,1.7515574130841123,0.4711638280373832,-0.05475367844060121,1.3386782572326583,38.1341995859929
552,111,1,35.44956769767351,-1.824948802500627,-1.1680072463768116,6.217409420289855,0.11782179483251634,4.83685151841303,"Godley, Zack",643327,R,"Godley, Zack",643327,pitcher-arm-angle-643327-R,Red Sox,2020,https://baseballsavant.mlb.com/leaderboard/pitcher-arm-angles?season=2020,630dfd920abfca4a9fa03ad089fa07a24a5c6d0555524fff95b59f57b4d8d6a4,2026-10-02T17:50:39.326934+00:00,190.5,https://www.mlb.com/player/643327,6755ca6fa526a350a065735de4a477240f71d7fdecc2db6c7909f4291ca5e1a7,2026-10-02T17:54:04.184209+00:00,1.895066391304348,0.3560086086956522,-0.23614786937148993,1.4742723428122917,35.398093381301905
465,146,1,35.651414217528945,-2.059903058355264,-2.1548817204301076,5.933397849462366,-0.006040985699020565,4.460270796496752,"Alcantara, Sandy",645261,R,"Alcantara, Sandy",645261,pitcher-arm-angle-645261-R,Marlins,2020,https://baseballsavant.mlb.com/leaderboard/pitcher-arm-angles?season=2020,630dfd920abfca4a9fa03ad089fa07a24a5c6d0555524fff95b59f57b4d8d6a4,2026-10-02T17:50:39.326934+00:00,195.58,https://www.mlb.com/player/645261,3b4fd6a916c939a9a9256a669ed2a94f44fa265d96ef59eee7c95eb89879a085,2026-10-02T17:54:05.710318+00:00,1.808499664516129,0.6568079483870969,0.030790788641473804,1.35949053877221,35.649880862303895
395,147,1,30.736308364468393,-1.860366494465503,-2.499291139240506,5.479670886075949,0.03496631898846995,4.35304414133893,"King, Michael",650633,R,"King, Michael",650633,pitcher-arm-angle-650633-R,Yankees,2020,https://baseballsavant.mlb.com/leaderboard/pitcher-arm-angles?season=2020,630dfd920abfca4a9fa03ad089fa07a24a5c6d0555524fff95b59f57b4d8d6a4,2026-10-02T17:50:39.326934+00:00,190.5,https://www.mlb.com/player/650633,480dbee58abe725782707f8a14756b6dc10f2a66e66074114c17ed587759a9fb,2026-10-02T17:54:09.175594+00:00,1.6702036860759493,0.7617839392405064,0.18408649769973537,1.3268078542801058,30.728163824638937
989,114,1,46.899743280777486,-1.1455417876704526,-0.7795247724974722,6.035783619817998,0.34540418053129884,4.441504895227049,"Civale, Aaron",650644,R,"Civale, Aaron",650644,pitcher-arm-angle-650644-R,Guardians,2020,https://baseballsavant.mlb.com/leaderboard/pitcher-arm-angles?season=2020,630dfd920abfca4a9fa03ad089fa07a24a5c6d0555524fff95b59f57b4d8d6a4,2026-10-02T17:50:39.326934+00:00,185.42000000000002,https://www.mlb.com/player/650644,0d58aab32e18b95d476d84f67b58e52ab38561c69adb465689f7f0eb62308492,2026-10-02T17:54:08.104243+00:00,1.839706847320526,0.23759915065722953,-0.2168411804506643,1.3537706920652046,46.91827794963599
460,117,1,46.41603475778661,-1.3675429194788111,-1.9483478260869564,6.195260869565217,0.25420873579545455,4.49177195619478,"Bielak, Brandon",656232,R,"Bielak, Brandon",656232,pitcher-arm-angle-656232-R,Astros,2020,https://baseballsavant.mlb.com/leaderboard/pitcher-arm-angles?season=2020,630dfd920abfca4a9fa03ad089fa07a24a5c6d0555524fff95b59f57b4d8d6a4,2026-10-02T17:50:39.326934+00:00,187.96,https://www.mlb.com/player/656232,38d73f35bfb1d8abf7a2a2a4397a37294aa630ceaa81f7867760bf0dad75b5f7,2026-10-02T17:54:11.968242+00:00,1.8883155130434783,0.5938564173913043,0.09954651286370815,1.369092092248169,46.40809572653301
677,108,1,49.31782955279292,-1.1002657270213068,-1.700162481536189,5.982540620384047,0.3828256845104095,4.257955344039052,"Canning, Griffin",656288,R,"Canning, Griffin",656288,pitcher-arm-angle-656288-R,Angels,2020,https://baseballsavant.mlb.com/leaderboard/pitcher-arm-angles?season=2020,630dfd920abfca4a9fa03ad089fa07a24a5c6d0555524fff95b59f57b4d8d6a4,2026-10-02T17:50:39.326934+00:00,187.96,https://www.mlb.com/player/656288,c994f55c55cc2527a4016e21ed425c79e82420fcafa0af552ce60e56c52bef7a,2026-10-02T17:54:13.269275+00:00,1.8234783810930577,0.5182095243722304,0.06616326213736333,1.2978247888631032,49.30546066193514
980,145,1,50.470628260952296,-1.2751160078664692,-1.3281734693877552,6.255438775510204,0.16548215853695375,4.512459874813399,"Cease, Dylan",656302,R,"Cease, Dylan",656302,pitcher-arm-angle-656302-R,White Sox,2020,https://baseballsavant.mlb.com/leaderboard/pitcher-arm-angles?season=2020,630dfd920abfca4a9fa03ad089fa07a24a5c6d0555524fff95b59f57b4d8d6a4,2026-10-02T17:50:39.326934+00:00,187.96,https://www.mlb.com/player/656302,983b647c40020b70347397ee338503886f4bdd163d5f28709bc5af5dd72f89fa,2026-10-02T17:54:13.396466+00:00,1.9066577387755104,0.4048272734693878,-0.03426704765037553,1.3753977698431241,50.42575860044334
544,138,1,29.884339302634338,-1.8297463619664536,-2.520422794117647,5.510698529411765,0.16689758495869939,4.363969142421047,"Flaherty, Jack",656427,R,"Flaherty, Jack",656427,pitcher-arm-angle-656427-R,Cardinals,2020,https://baseballsavant.mlb.com/leaderboard/pitcher-arm-angles?season=2020,630dfd920abfca4a9fa03ad089fa07a24a5c6d0555524fff95b59f57b4d8d6a4,2026-10-02T17:50:39.326934+00:00,193.04,https://www.mlb.com/player/656427,e96b471de2570b19aaad449aeeb56a7b4d77ac1942812569b6787f0cb13f2c9b,2026-10-02T17:54:15.200864+00:00,1.6796609117647059,0.7682248676470589,0.15964779262427226,1.3301377946099353,29.869976192888778
494,147,1,50.888435672024876,1.2615373112677037,1.6995344129554657,6.952914979757085,-0.29581429501387413,5.038168525277934,"Montgomery, Jordan",656756,L,"Montgomery, Jordan",656756,pitcher-arm-angle-656756-L,Yankees,2020,https://baseballsavant.mlb.com/leaderboard/pitcher-arm-angles?season=2020,630dfd920abfca4a9fa03ad089fa07a24a5c6d0555524fff95b59f57b4d8d6a4,2026-10-02T17:50:39.326934+00:00,198.12,https://www.mlb.com/player/656756,13c8ee02ad1ddc1755488cf31c940a871aa5f349cb02d741e3b6951a9c3a376a,2026-10-02T17:54:22.459630+00:00,2.1192484858299596,-0.518018089068826,-0.04333731947420101,1.5356337665047144,50.8769515507029
437,121,1,39.269560688779926,1.8054468075273382,2.110045766590389,5.946224256292906,-0.12216133495576305,4.370464345947189,"Peterson, David",656849,L,"Peterson, David",656849,pitcher-arm-angle-656849-L,Mets,2020,https://baseballsavant.mlb.com/leaderboard/pitcher-arm-angles?season=2020,630dfd920abfca4a9fa03ad089fa07a24a5c6d0555524fff95b59f57b4d8d6a4,2026-10-02T17:50:39.326934+00:00,198.12,https://www.mlb.com/player/656849,d6dd62b0c2ab26ebd78a736816ca2cd85e289cef6fc597ef2034ad7a26f2e11c,2026-10-02T17:54:22.486364+00:00,1.8124091533180777,-0.6431419496567505,-0.05560698782790128,1.3321175326447035,39.26493404053811
594,136,1,38.903587153429335,1.8123574631937753,1.583063973063973,5.433939393939394,0.07055422664811256,4.027620350875007,"Sheffield, Justus",656954,L,"Sheffield, Justus",656954,pitcher-arm-angle-656954-L,Mariners,2020,https://baseballsavant.mlb.com/leaderboard/pitcher-arm-angles?season=2020,630dfd920abfca4a9fa03ad089fa07a24a5c6d0555524fff95b59f57b4d8d6a4,2026-10-02T17:50:39.326934+00:00,177.8,https://www.mlb.com/player/656954,85e6ef5a79af45852a722300e0b7d3fe556d800716ee05ae5ce7fba6a2b74b3f,2026-10-02T17:54:24.260382+00:00,1.6562647272727273,-0.482517898989899,0.04838372750921902,1.2276186829467022,38.917149697994006
419,144,1,35.964187292640084,-1.895602898719726,-2.446038186157518,5.733890214797136,0.02657763812755521,4.3389754340893445,"Toussaint, Touki",657053,R,"Toussaint, Touki",657053,pitcher-arm-angle-657053-R,Braves,2020,https://baseballsavant.mlb.com/leaderboard/pitcher-arm-angles?season=2020,630dfd920abfca4a9fa03ad089fa07a24a5c6d0555524fff95b59f57b4d8d6a4,2026-10-02T17:50:39.326934+00:00,190.5,https://www.mlb.com/player/657053,d920a7dc1d388f5dca62981ce5be97916884fcc04eb3a3a95fed791f603d7a5a,2026-10-02T17:54:26.920266+00:00,1.7476897374701672,0.7455524391408115,0.1596718115097602,1.3225197123104322,35.96816488327808
466,144,1,36.22385700190923,-2.1299791030056414,-1.816824034334764,5.886051502145922,-0.06581166468064986,4.374464700611468,"Wright, Kyle",657140,R,"Wright, Kyle",657140,pitcher-arm-angle-657140-R,Braves,2020,https://baseballsavant.mlb.com/leaderboard/pitcher-arm-angles?season=2020,630dfd920abfca4a9fa03ad089fa07a24a5c6d0555524fff95b59f57b4d8d6a4,2026-10-02T17:50:39.326934+00:00,193.04,https://www.mlb.com/player/657140,ef32bc7ac9ee57772077ee2031315e9af91e90c50c0d321eb4206cb4788ca9e1,2026-10-02T17:54:27.496243+00:00,1.7940684978540773,0.5537679656652361,-0.07539026953622138,1.3333368407463755,36.215263535871316
589,137,1,26.86009179488826,-2.2048615171918606,-2.029830220713073,5.4235483870967744,-0.20453526345918055,4.409632862310922,"Webb, Logan",657277,R,"Webb, Logan",657277,pitcher-arm-angle-657277-R,Giants,2020,https://baseballsavant.mlb.com/leaderboard/pitcher-arm-angles?season=2020,630dfd920abfca4a9fa03ad089fa07a24a5c6d0555524fff95b59f57b4d8d6a4,2026-10-02T17:50:39.326934+00:00,187.96,https://www.mlb.com/player/657277,ddea7024766cf44a9f9b6d82777f6dc1128ccf03f8843bd8874d4b8c546e5b57,2026-10-02T17:54:28.868717+00:00,1.6530975483870969,0.6186922512733447,0.008992809135623815,1.3440560964323691,26.879314121436323
851,135,1,44.96611934841677,-1.5054529700756205,-1.343678025851939,6.172397179788484,0.23720502174302047,4.432890827185217,"Lamet, Dinelson",659275,R,"Lamet, Dinelson",659275,pitcher-arm-angle-659275-R,Padres,2020,https://baseballsavant.mlb.com/leaderboard/pitcher-arm-angles?season=2020,630dfd920abfca4a9fa03ad089fa07a24a5c6d0555524fff95b59f57b4d8d6a4,2026-10-02T17:50:39.326934+00:00,190.5,https://www.mlb.com/player/659275,607f3274c3a06b77efd6b614a1a68ccf8060d2cd3b19213b26c6316c1ff84ef1,2026-10-02T17:54:34.584766+00:00,1.88134666039953,0.40955306227967103,-0.12160909362665079,1.3511451241260541,44.94814271860238
646,118,1,45.40557394711878,1.521304893860537,1.1337461300309597,5.754891640866873,-0.07428383479686555,4.135362041753093,"Bubic, Kris",663460,L,"Bubic, Kris",663460,pitcher-arm-angle-663460-L,Royals,2020,https://baseballsavant.mlb.com/leaderboard/pitcher-arm-angles?season=2020,630dfd920abfca4a9fa03ad089fa07a24a5c6d0555524fff95b59f57b4d8d6a4,2026-10-02T17:50:39.326934+00:00,190.5,https://www.mlb.com/player/663460,638c6a7cdfba81fde41d0f4bac8ff45f933ed7dec49bdf8b72edb9af04efda3b,2026-10-02T17:54:41.949141+00:00,1.754090972136223,-0.34556582043343653,0.14076962406133978,1.260458350326343,45.42663608089854
589,140,1,46.63549040352226,1.4095351898295125,1.9378947368421053,5.644889643463498,-0.06479689716463835,4.082357823731746,"Allard, Kolby",663465,L,"Allard, Kolby",663465,pitcher-arm-angle-663465-L,Rangers,2020,https://baseballsavant.mlb.com/leaderboard/pitcher-arm-angles?season=2020,630dfd920abfca4a9fa03ad089fa07a24a5c6d0555524fff95b59f57b4d8d6a4,2026-10-02T17:50:39.326934+00:00,185.42000000000002,https://www.mlb.com/player/663465,8abce81d5187bc2d884e47b8cde44c4070ad8260aa799e641dc375a4928c854e,2026-10-02T17:54:43.518512+00:00,1.720562363327674,-0.5906703157894737,-0.14129389567365652,1.2443026646734363,46.66357546792755
438,114,1,49.23171003262847,-1.2818362274062998,-1.9762100456621006,6.304931506849315,0.2326139090339332,4.550246589382951,"McKenzie, Triston",663474,R,"McKenzie, Triston",663474,pitcher-arm-angle-663474-R,Guardians,2020,https://baseballsavant.mlb.com/leaderboard/pitcher-arm-angles?season=2020,630dfd920abfca4a9fa03ad089fa07a24a5c6d0555524fff95b59f57b4d8d6a4,2026-10-02T17:50:39.326934+00:00,195.58,https://www.mlb.com/player/663474,8fcb61bd94dc50ab6851a2855b89edb8899fff0a8f3729b105788c9e09fb3b51,2026-10-02T17:54:43.085821+00:00,1.9217431232876714,0.6023488219178083,0.14074442033082527,1.3869151604439236,49.202867760977
534,116,1,31.620731621661303,-2.0300504871176037,-1.1857677902621724,5.543876404494382,-0.19265565012555924,4.414042562561456,"Mize, Casey",663554,R,"Mize, Casey",663554,pitcher-arm-angle-663554-R,Tigers,2020,https://baseballsavant.mlb.com/leaderboard/pitcher-arm-angles?season=2020,630dfd920abfca4a9fa03ad089fa07a24a5c6d0555524fff95b59f57b4d8d6a4,2026-10-02T17:50:39.326934+00:00,190.5,https://www.mlb.com/player/663554,e3c68568a8a37b9854ab5647d5985d56c27cc6cf1e2de7abc31839e2b844d14d,2026-10-02T17:54:44.826658+00:00,1.6897735280898878,0.3614220224719102,-0.19861592384326504,1.345400173068732,31.587805344402934
519,108,1,57.360178720655725,0.8015034836122334,0.9606936416184971,6.4123314065510595,-0.4087343280969333,4.524075153470698,"Sandoval, Patrick",663776,L,"Sandoval, Patrick",663776,pitcher-arm-angle-663776-L,Angels,2020,https://baseballsavant.mlb.com/leaderboard/pitcher-arm-angles?season=2020,630dfd920abfca4a9fa03ad089fa07a24a5c6d0555524fff95b59f57b4d8d6a4,2026-10-02T17:50:39.326934+00:00,190.5,https://www.mlb.com/player/663776,c8eb9b45957754b06d88402c3b76c112e1249e4dd462af6b1d7c92a8942119c7,2026-10-02T17:54:49.873388+00:00,1.954478612716763,-0.29281942196531796,0.07606106304363609,1.378938106777869,57.34302012448918
971,118,1,35.459177361132305,-1.6869876656591558,-1.3621112255406798,5.510185375901133,0.04665777247164197,4.274119903878015,"Singer, Brady",663903,R,"Singer, Brady",663903,pitcher-arm-angle-663903-R,Royals,2020,https://baseballsavant.mlb.com/leaderboard/pitcher-arm-angles?season=2020,630dfd920abfca4a9fa03ad089fa07a24a5c6d0555524fff95b59f57b4d8d6a4,2026-10-02T17:50:39.326934+00:00,195.58,https://www.mlb.com/player/663903,01ab8393018553fddf3b6a3cce3c4075151b079c6bd843208e47beeb018fe590,2026-10-02T17:54:51.329823+00:00,1.6795045025746655,0.4151715015447992,-0.11324362799746798,1.302751746702019,35.48834944270477
752,135,1,47.164200839536306,-1.5855318854957106,-2.6429787234042554,6.199015957446808,0.0163758574319174,4.471919214213883,"Paddack, Chris",663978,R,"Paddack, Chris",663978,pitcher-arm-angle-663978-R,Padres,2020,https://baseballsavant.mlb.com/leaderboard/pitcher-arm-angles?season=2020,630dfd920abfca4a9fa03ad089fa07a24a5c6d0555524fff95b59f57b4d8d6a4,2026-10-02T17:50:39.326934+00:00,195.58,https://www.mlb.com/player/663978,48188b8765bde18949d7db1204f5aeeb65e995447f6f788c0065125e042117ba,2026-10-02T17:54:52.986199+00:00,1.8894600638297872,0.8055799148936171,0.317318434849276,1.3630409764923916,47.15362371926125
362,110,1,47.64104511884675,-1.3288343491106813,-1.0093646408839778,5.738950276243094,0.1345469588639072,4.135098780295644,"Eshelman, Thomas",664045,R,"Eshelman, Thomas",664045,pitcher-arm-angle-664045-R,Orioles,2020,https://baseballsavant.mlb.com/leaderboard/pitcher-arm-angles?season=2020,630dfd920abfca4a9fa03ad089fa07a24a5c6d0555524fff95b59f57b4d8d6a4,2026-10-02T17:50:39.326934+00:00,187.96,https://www.mlb.com/player/664045,f1b44ae25e17c064146a72e8f2ea49741bc5c734c913d636c0e2104ecb5f9934,2026-10-02T17:54:54.329713+00:00,1.749232044198895,0.3076543425414365,-0.13838428012921816,1.2603781082341123,47.62214501370169
529,119,1,46.69822862387706,-1.587960375345286,-0.7753686200378072,6.152646502835538,0.05185393655593359,4.411516660015871,"Gonsolin, Tony",664062,R,"Gonsolin, Tony",664062,pitcher-arm-angle-664062-R,Dodgers,2020,https://baseballsavant.mlb.com/leaderboard/pitcher-arm-angles?season=2020,630dfd920abfca4a9fa03ad089fa07a24a5c6d0555524fff95b59f57b4d8d6a4,2026-10-02T17:50:39.326934+00:00,190.5,https://www.mlb.com/player/664062,70bcc0a6d687c4666a3a73be68ae3e1fe6af15849671fe477dc2b718ec8c1e1c,2026-10-02T17:54:54.774461+00:00,1.8753266540642721,0.23633235538752365,-0.26348304687996815,1.3446302779728376,46.716448239370585
382,134,1,35.77501294255875,-1.946971785941946,-2.002565445026178,6.094712041884817,0.032459560383827496,4.668776605736298,"Hartlieb, Geoff",664129,R,"Hartlieb, Geoff",664129,pitcher-arm-angle-664129-R,Pirates,2020,https://baseballsavant.mlb.com/leaderboard/pitcher-arm-angles?season=2020,630dfd920abfca4a9fa03ad089fa07a24a5c6d0555524fff95b59f57b4d8d6a4,2026-10-02T17:50:39.326934+00:00,195.58,https://www.mlb.com/player/664129,9bca7eb6c5eb49b64c47d7823a8fb2f198e28df6c3256d284cccf2f07a20955c,2026-10-02T17:54:55.806318+00:00,1.8576682303664922,0.610381947643979,0.0070512732838832505,1.4230431094284237,35.76808427174073
679,134,1,45.03509120966522,-1.411097000629095,-2.4583505154639176,6.088203240058911,0.2871738042016244,4.388121990341123,"Brubaker, JT",664141,R,"Brubaker, JT",664141,pitcher-arm-angle-664141-R,Pirates,2020,https://baseballsavant.mlb.com/leaderboard/pitcher-arm-angles?season=2020,630dfd920abfca4a9fa03ad089fa07a24a5c6d0555524fff95b59f57b4d8d6a4,2026-10-02T17:50:39.326934+00:00,193.04,https://www.mlb.com/player/664141,66dec62b4bda93e494809a90af6398408ac32f767ccfe686b2eb7cd394a4349f,2026-10-02T17:54:56.417219+00:00,1.855684347569956,0.7493052371134021,0.2316722958009988,1.3374995826559744,45.03052386556531
647,109,1,47.35956029564523,-1.2332868660825675,-1.261823802163833,6.233693972179289,0.35733756003472766,4.507051849505258,"Clarke, Taylor",664199,R,"Clarke, Taylor",664199,pitcher-arm-angle-664199-R,Diamondbacks,2020,https://baseballsavant.mlb.com/leaderboard/pitcher-arm-angles?season=2020,630dfd920abfca4a9fa03ad089fa07a24a5c6d0555524fff95b59f57b4d8d6a4,2026-10-02T17:50:39.326934+00:00,190.5,https://www.mlb.com/player/664199,09a6da73c569be2f63ac9f85ebcd66f699fcb0007bf388611b7ce250e158d808,2026-10-02T17:54:57.359999+00:00,1.9000299227202473,0.38460389489953634,-0.10021843018101527,1.3737494037292026,47.34798042249256
739,117,1,40.45345263222278,1.6449501176241736,0.8545602165087957,5.829932341001353,-0.012122858321979305,4.416138051298942,"Valdez, Framber",664285,L,"Valdez, Framber",664285,pitcher-arm-angle-664285-L,Astros,2020,https://baseballsavant.mlb.com/leaderboard/pitcher-arm-angles?season=2020,630dfd920abfca4a9fa03ad089fa07a24a5c6d0555524fff95b59f57b4d8d6a4,2026-10-02T17:50:39.326934+00:00,180.34,https://www.mlb.com/player/664285,cdb7184387547666db168084d177823f9c9cafdcdbc09252d4b002e2f0ff2a75,2026-10-02T17:54:57.891751+00:00,1.7769633775372125,-0.26046995399188094,0.24460588907650652,1.3460388780359176,40.47040304404815
530,117,1,31.827910654193715,-2.0846184210936687,-1.6281132075471698,5.488905660377359,-0.07951951759048388,4.24464965203886,"Javier, Cristian",664299,R,"Javier, Cristian",664299,pitcher-arm-angle-664299-R,Astros,2020,https://baseballsavant.mlb.com/leaderboard/pitcher-arm-angles?season=2020,630dfd920abfca4a9fa03ad089fa07a24a5c6d0555524fff95b59f57b4d8d6a4,2026-10-02T17:50:39.326934+00:00,185.42000000000002,https://www.mlb.com/player/664299,2b5f519045cbd1e8d8ceecc47d214e2ed4f4778c849cee32125c86cdd2dc76c3,2026-10-02T17:54:59.052106+00:00,1.673018445283019,0.4962489056603774,-0.11490524012739338,1.2937692139414447,31.82150247261294
462,146,1,29.51655849283672,-2.249930596333263,-2.785735930735931,5.6159307359307356,-0.22032072057473126,4.467359090909091,"Sánchez, Sixto",664350,R,"Sánchez, Sixto",664350,pitcher-arm-angle-664350-R,Marlins,2020,https://baseballsavant.mlb.com/leaderboard/pitcher-arm-angles?season=2020,630dfd920abfca4a9fa03ad089fa07a24a5c6d0555524fff95b59f57b4d8d6a4,2026-10-02T17:50:39.326934+00:00,182.88,https://www.mlb.com/player/664350,fdf1e4a7da3206f33ad4b95e5b6e2f5494764482ad76fc710ec779f94644ca71,2026-10-02T17:54:59.276346+00:00,1.7117356883116883,0.8490923116883118,0.23046722155711122,1.361651050909091,29.50585109882775
428,117,1,52.543215627100274,-1.3018198756040316,-1.2172196261682242,6.268598130841122,0.03300861365993934,4.526102506076879,"Urquidy, José",664353,R,"Urquidy, José",664353,pitcher-arm-angle-664353-R,Astros,2020,https://baseballsavant.mlb.com/leaderboard/pitcher-arm-angles?season=2020,630dfd920abfca4a9fa03ad089fa07a24a5c6d0555524fff95b59f57b4d8d6a4,2026-10-02T17:50:39.326934+00:00,182.88,https://www.mlb.com/player/664353,8916da09ddc642b4f303cb10c756abc23579c615f9c69940e6ec0b79923410de,2026-10-02T17:54:59.051307+00:00,1.910668710280374,0.37100854205607475,-0.0358471814715836,1.3795560438522327,52.54629290163955
379,144,1,65.7758722399517,-0.42979165214755594,-1.4179683377308707,6.100263852242744,0.48668833120091404,4.063463858951172,"Anderson, Ian",666120,R,"Anderson, Ian",666120,pitcher-arm-angle-666120-R,Braves,2020,https://baseballsavant.mlb.com/leaderboard/pitcher-arm-angles?season=2020,630dfd920abfca4a9fa03ad089fa07a24a5c6d0555524fff95b59f57b4d8d6a4,2026-10-02T17:50:39.326934+00:00,190.5,https://www.mlb.com/player/666120,9d26d26037a11dbce4cab63575c2483420770636e3590ba18a1928f530486f1c,2026-10-02T17:55:03.219788+00:00,1.8593604221635884,0.4321967493403694,0.15285365041575574,1.2385437842083173,65.77412648244413
842,133,1,29.238986482843114,2.1047152162912726,2.5110688836104513,5.687268408551069,0.03498880277580693,4.528781054937172,"Luzardo, Jesús",666200,L,"Luzardo, Jesús",666200,pitcher-arm-angle-666200-L,Athletics,2020,https://baseballsavant.mlb.com/leaderboard/pitcher-arm-angles?season=2020,630dfd920abfca4a9fa03ad089fa07a24a5c6d0555524fff95b59f57b4d8d6a4,2026-10-02T17:50:39.326934+00:00,182.88,https://www.mlb.com/player/666200,5d50a0f3e81fd3abe453dfdd413a00ac74eefd72040e33eba5bb3b1ddaeca6b2,2026-10-02T17:55:05.806960+00:00,1.7334794109263658,-0.7653737957244656,-0.13452118488495166,1.38037246554485,29.237035394131848
685,114,1,48.58236278657948,-1.496871989484897,-1.2654452554744526,6.064277372262774,0.024217204216457653,4.340244757543695,"Plesac, Zach",668676,R,"Plesac, Zach",668676,pitcher-arm-angle-668676-R,Guardians,2020,https://baseballsavant.mlb.com/leaderboard/pitcher-arm-angles?season=2020,630dfd920abfca4a9fa03ad089fa07a24a5c6d0555524fff95b59f57b4d8d6a4,2026-10-02T17:50:39.326934+00:00,190.5,https://www.mlb.com/player/668676,74c6a6a05f87c45a33547feb223a4a787e4eece629d97aea9965a655cac75f1f,2026-10-02T17:55:12.845425+00:00,1.8483917430656935,0.3857077138686132,-0.07792027237155974,1.322906602099318,48.57850302100659
559,109,1,43.3678241556379,-1.3738399358627693,-3.1438282647584974,5.85871198568873,0.13783827798569417,4.428357375010136,"Gallen, Zac",668678,R,"Gallen, Zac",668678,pitcher-arm-angle-668678-R,Diamondbacks,2020,https://baseballsavant.mlb.com/leaderboard/pitcher-arm-angles?season=2020,630dfd920abfca4a9fa03ad089fa07a24a5c6d0555524fff95b59f57b4d8d6a4,2026-10-02T17:50:39.326934+00:00,187.96,https://www.mlb.com/player/668678,a6c2a1452320f445a22855de1766d6bb15f4a32104a74e2d71d3f6b3780f2096,2026-10-02T17:55:12.411648+00:00,1.785735413237925,0.95823885509839,0.4974793355173784,1.3497633279030894,43.416634580110994
678,119,1,27.036015170940804,-2.2489333492211907,-2.5351917404129796,5.3952654867256635,-0.19913307823954202,4.3501751866038045,"May, Dustin",669160,R,"May, Dustin",669160,pitcher-arm-angle-669160-R,Dodgers,2020,https://baseballsavant.mlb.com/leaderboard/pitcher-arm-angles?season=2020,630dfd920abfca4a9fa03ad089fa07a24a5c6d0555524fff95b59f57b4d8d6a4,2026-10-02T17:50:39.326934+00:00,198.12,https://www.mlb.com/player/669160,93326e39ef1db9d9a9745bb99360bcc837e1a968419d7571babe7796682fc93f,2026-10-02T17:55:18.296896+00:00,1.6444769203539824,0.7727264424778763,0.14794731988266965,1.3259333968768396,27.01475262737533
656,158,1,38.84541988425125,-1.7271248944115813,-0.8402591463414634,5.90670731707317,0.040009529951531626,4.483771322052137,"Burnes, Corbin",669203,R,"Burnes, Corbin",669203,pitcher-arm-angle-669203-R,Brewers,2020,https://baseballsavant.mlb.com/leaderboard/pitcher-arm-angles?season=2020,630dfd920abfca4a9fa03ad089fa07a24a5c6d0555524fff95b59f57b4d8d6a4,2026-10-02T17:50:39.326934+00:00,190.5,https://www.mlb.com/player/669203,2fbd37dd96bd0afb90fab61741728a45310fe59d09d15761b7e2bf645d7804c2,2026-10-02T17:55:20.295437+00:00,1.8003643902439024,0.25611098780487807,-0.2825115847409988,1.3666534989614914,38.841791674797726
366,110,1,41.527859699915616,1.7765509616329234,2.606256830601093,5.744207650273224,0.13260924572387325,4.28794965116449,"Akin, Keegan",669211,L,"Akin, Keegan",669211,pitcher-arm-angle-669211-L,Orioles,2020,https://baseballsavant.mlb.com/leaderboard/pitcher-arm-angles?season=2020,630dfd920abfca4a9fa03ad089fa07a24a5c6d0555524fff95b59f57b4d8d6a4,2026-10-02T17:50:39.326934+00:00,182.88,https://www.mlb.com/player/669211,a75abeba5e809754c2e9ccbb1340ee7823e247a5d7237c5cb4d02f2632f0fbf9,2026-10-02T17:55:20.643353+00:00,1.7508344918032788,-0.7943870819672132,-0.29331364695813467,1.3069670536749365,41.535585611735286
472,116,1,49.26343231901448,1.8650253702091277,2.86875,6.384936440677966,0.26423784970845043,4.526292577759147,"Skubal, Tarik",669373,L,"Skubal, Tarik",669373,pitcher-arm-angle-669373-L,Tigers,2020,https://baseballsavant.mlb.com/leaderboard/pitcher-arm-angles?season=2020,630dfd920abfca4a9fa03ad089fa07a24a5c6d0555524fff95b59f57b4d8d6a4,2026-10-02T17:50:39.326934+00:00,190.5,https://www.mlb.com/player/669373,a99c19dff3aedb56bcfc4bb373e58ad515e5cd956831218f38c13295f4f03f02,2026-10-02T17:55:21.545264+00:00,1.946128627118644,-0.874395,-0.38647496375139356,1.3796139777009881,49.262784477155726
1004,114,1,43.815233930089875,-1.3388339704350982,-1.1815637450199203,5.657978087649402,0.230015398537788,4.152913532119612,"Bieber, Shane",669456,R,"Bieber, Shane",669456,pitcher-arm-angle-669456-R,Guardians,2020,https://baseballsavant.mlb.com/leaderboard/pitcher-arm-angles?season=2020,630dfd920abfca4a9fa03ad089fa07a24a5c6d0555524fff95b59f57b4d8d6a4,2026-10-02T17:50:39.326934+00:00,190.5,https://www.mlb.com/player/669456,6953846c0a9fe4636e85b435f2fc746528e0d77e5f9e2f6448ff7a64fd686c98,2026-10-02T17:55:23.813817+00:00,1.724551721115538,0.36014062948207176,-0.118044658180864,1.265808044590058,43.8112626758179
488,139,1,54.005432902901156,-0.9718524059861589,-1.4128893442622952,6.242786885245901,0.41901694710158655,4.32838339256362,"Richards, Trevor",670950,R,"Richards, Trevor",670950,pitcher-arm-angle-670950-R,Rays,2020,https://baseballsavant.mlb.com/leaderboard/pitcher-arm-angles?season=2020,630dfd920abfca4a9fa03ad089fa07a24a5c6d0555524fff95b59f57b4d8d6a4,2026-10-02T17:50:39.326934+00:00,187.96,https://www.mlb.com/player/670950,298b6765db78bb2b87a068618abfb0508b86f0b44f32c096549b83ab8dcabdd1,2026-10-02T17:55:31.645999+00:00,1.9028014426229507,0.4306486721311476,0.006711693310002773,1.3192912580533915,54.000513228009936
390,114,1,67.8064978065255,-0.34905316118879565,0.15107692307692308,6.738025641025641,0.5365336763848896,4.566153318421774,"Karinchak, James",675916,R,"Karinchak, James",675916,pitcher-arm-angle-675916-R,Guardians,2020,https://baseballsavant.mlb.com/leaderboard/pitcher-arm-angles?season=2020,630dfd920abfca4a9fa03ad089fa07a24a5c6d0555524fff95b59f57b4d8d6a4,2026-10-02T17:50:39.326934+00:00,190.5,https://www.mlb.com/player/675916,c9cd00a3c81dfacb1d4da0ab42b61e986022ca2a81073d5d05998fa916726986,2026-10-02T17:55:40.985766+00:00,2.0537502153846154,-0.04604824615384616,-0.31597511424630537,1.3917635314549568,67.81668793177428
393,139,1,36.41361864937963,1.6915330343544783,2.6180661577608144,5.6841730279898215,-0.12582180720541744,4.343126918488886,"Fleming, Josh",676596,L,"Fleming, Josh",676596,pitcher-arm-angle-676596-L,Rays,2020,https://baseballsavant.mlb.com/leaderboard/pitcher-arm-angles?season=2020,630dfd920abfca4a9fa03ad089fa07a24a5c6d0555524fff95b59f57b4d8d6a4,2026-10-02T17:50:39.326934+00:00,187.96,https://www.mlb.com/player/676596,7a314622790515b6be5f88205b742edcbf5c237da66672fcecb23d90189f8557,2026-10-02T17:55:45.847611+00:00,1.7325359389312978,-0.7979865648854962,-0.24405680917804,1.3237850847554125,36.42402377350511
519,136,1,51.219755125315324,1.2877504757546734,2.2039691714836223,6.072215799614644,-0.06881944615742601,4.385482655274143,"Margevicius, Nick",676606,L,"Margevicius, Nick",676606,pitcher-arm-angle-676606-L,Mariners,2020,https://baseballsavant.mlb.com/leaderboard/pitcher-arm-angles?season=2020,630dfd920abfca4a9fa03ad089fa07a24a5c6d0555524fff95b59f57b4d8d6a4,2026-10-02T17:50:39.326934+00:00,195.58,https://www.mlb.com/player/676606,c06207949686b619be84dc94ef2e249917e1815b0968574b0b6c6902b469d344,2026-10-02T17:55:47.533842+00:00,1.8508113757225435,-0.6717698034682081,-0.2582872912694002,1.3366951133275589,51.19171426708461
742,142,1,17.02423707417697,-2.566333168560545,-2.0826280323450135,5.208342318059299,-0.325097610354176,4.522332860952057,"Dobnak, Randy",677976,R,"Dobnak, Randy",677976,pitcher-arm-angle-677976-R,Twins,2020,https://baseballsavant.mlb.com/leaderboard/pitcher-arm-angles?season=2020,630dfd920abfca4a9fa03ad089fa07a24a5c6d0555524fff95b59f57b4d8d6a4,2026-10-02T17:50:39.326934+00:00,185.42000000000002,https://www.mlb.com/player/677976,67b767d3a979a0f7f06ab3ce72625269f42516d0d4d9b5884a1775f211454e90,2026-10-02T17:55:52.518427+00:00,1.5875027385444744,0.6347850242587602,-0.04834357388254111,1.378407056018187,17.01858413243712
3042,138,1,46.511992774552425,-1.6865764920514135,-1.195716633793557,6.29292899408284,-0.1825905613479553,4.706696332942709,"Wainwright, Adam",425794,R,"Wainwright, Adam",425794,pitcher-arm-angle-425794-R,Cardinals,2021,https://baseballsavant.mlb.com/leaderboard/pitcher-arm-angles?season=2021,5aad5445df2f3ed492d69098db485e3f74e8fc44481d0612f1cef823925f5a21,2026-10-02T17:50:48.970292+00:00,200.66,https://www.mlb.com/player/425794,15f2004616fe6742c0ca783bbc9ae43373b63d6a1d56a10b8d9796872413d85b,2026-10-02T17:51:11.796859+00:00,1.9180847573964497,0.36445442998027616,-0.09396048169813791,1.4346010422809377,46.52457768385755
2560,117,1,47.51518928567944,-1.449534308143022,-1.26540625,6.362703125,-0.016591780879592604,4.798566132537648,"Greinke, Zack",425844,R,"Greinke, Zack",425844,pitcher-arm-angle-425844-R,Astros,2021,https://baseballsavant.mlb.com/leaderboard/pitcher-arm-angles?season=2021,5aad5445df2f3ed492d69098db485e3f74e8fc44481d0612f1cef823925f5a21,2026-10-02T17:50:48.970292+00:00,187.96,https://www.mlb.com/player/425844,b2299913fc602181b35bde6a2fb6e8bfb1cde4a9363a6042b509a1603948f71d,2026-10-02T17:51:10.514759+00:00,1.9393519125000003,0.38569582500000005,-0.051065057309893296,1.462602957197475,47.5064711819618
1060,118,1,43.789100180037515,-1.5474700902433287,-1.3365377358490567,6.14488679245283,0.1184723527083003,4.548092917058097,"Santana, Ervin",429722,R,"Santana, Ervin",429722,pitcher-arm-angle-429722-R,Royals,2021,https://baseballsavant.mlb.com/leaderboard/pitcher-arm-angles?season=2021,5aad5445df2f3ed492d69098db485e3f74e8fc44481d0612f1cef823925f5a21,2026-10-02T17:50:48.970292+00:00,187.96,https://www.mlb.com/player/429722,8c0578a721a91ad64de49fb450192de090c53e62d15fad3728853ff0befce8ab,2026-10-02T17:51:11.259517+00:00,1.8729614943396227,0.4073767018867925,-0.10040255472486406,1.3862587211193078,43.785887772403136
1053,133,1,43.11798316260112,-1.5208505197626683,-1.0711301044634378,5.673798670465337,-0.07984754015818966,4.323759758757642,"Petit, Yusmeiro",433589,R,"Petit, Yusmeiro",433589,pitcher-arm-angle-433589-R,Athletics,2021,https://baseballsavant.mlb.com/leaderboard/pitcher-arm-angles?season=2021,5aad5445df2f3ed492d69098db485e3f74e8fc44481d0612f1cef823925f5a21,2026-10-02T17:50:48.970292+00:00,185.42000000000002,https://www.mlb.com/player/433589,22594fa7fef62ef52bf5c499ee42235824767502882fdd6bb878989714cf471f,2026-10-02T17:51:12.051176+00:00,1.729373834757835,0.3264804558404559,-0.11273725234298923,1.3178819744693295,43.13330891908564
1058,119,1,68.16033359492093,-0.47230524700271453,-1.4615406427221171,6.389187145557656,0.4195490510977333,4.162808955978959,"Jansen, Kenley",445276,R,"Jansen, Kenley",445276,pitcher-arm-angle-445276-R,Dodgers,2021,https://baseballsavant.mlb.com/leaderboard/pitcher-arm-angles?season=2021,5aad5445df2f3ed492d69098db485e3f74e8fc44481d0612f1cef823925f5a21,2026-10-02T17:50:48.970292+00:00,195.58,https://www.mlb.com/player/445276,3c99562da4d55e27fb87408504a3753c3c495c0a6a8e47b00eaf6e6d318fbf4f,2026-10-02T17:51:12.871747+00:00,1.9474242419659737,0.44547758790170133,0.17364039784068483,1.2688241697823868,68.16968838253294
1258,147,1,32.82950409924161,-2.315434757493175,-1.888744038155803,5.259570747217806,-0.4799126325305921,4.074801219023055,"Kluber, Corey",446372,R,"Kluber, Corey",446372,pitcher-arm-angle-446372-R,Yankees,2021,https://baseballsavant.mlb.com/leaderboard/pitcher-arm-angles?season=2021,5aad5445df2f3ed492d69098db485e3f74e8fc44481d0612f1cef823925f5a21,2026-10-02T17:50:48.970292+00:00,193.04,https://www.mlb.com/player/446372,c065e4ec195d459435b41d025bee25320ad6a7ecf53908ed415c9b3e93ec5883,2026-10-02T17:51:14.851545+00:00,1.6031171637519874,0.5756891828298888,0.016222039141293443,1.2419994115582271,32.84092053332663
2372,139,2,39.44030885174442,2.2587892446284212,1.686610455311973,5.740358347386172,0.4882623084395589,4.2741738117603605,"Hill, Rich",448179,L,"Hill, Rich",448179,pitcher-arm-angle-448179-L,zMLB,2021,https://baseballsavant.mlb.com/leaderboard/pitcher-arm-angles?season=2021,5aad5445df2f3ed492d69098db485e3f74e8fc44481d0612f1cef823925f5a21,2026-10-02T17:50:48.970292+00:00,195.58,https://www.mlb.com/player/448179,212c8771bdc89a9263fc97a41ab398ff75d0f560425bc055fd03ec52d0f7c529,2026-10-02T17:51:15.068610+00:00,1.7496612242833054,-0.5140788667790894,0.025577743371275878,1.302768177824558,39.6283702213661
1178,108,1,48.728061240130415,-1.1863368598518595,-1.4582597623089983,5.791723259762309,0.17751035590380232,4.238524291629891,"Guerra, Junior",448855,R,"Guerra, Junior",448855,pitcher-arm-angle-448855-R,Angels,2021,https://baseballsavant.mlb.com/leaderboard/pitcher-arm-angles?season=2021,5aad5445df2f3ed492d69098db485e3f74e8fc44481d0612f1cef823925f5a21,2026-10-02T17:50:48.970292+00:00,182.88,https://www.mlb.com/player/448855,9120c1bc290da311c3c70ef850739d8dbbf8482d5d9dae53a889fc4cdd6be0ad,2026-10-02T17:51:15.641147+00:00,1.7653172495755518,0.44447757555178274,0.02877694418945696,1.2919022040887909,48.713981940154156
2871,144,1,24.781451557211568,-2.553964650740854,-2.056781609195402,5.500275165447579,-0.38173188790377144,4.4969519461146525,"Morton, Charlie",450203,R,"Morton, Charlie",450203,pitcher-arm-angle-450203-R,Braves,2021,https://baseballsavant.mlb.com/leaderboard/pitcher-arm-angles?season=2021,5aad5445df2f3ed492d69098db485e3f74e8fc44481d0612f1cef823925f5a21,2026-10-02T17:50:48.970292+00:00,195.58,https://www.mlb.com/player/450203,fc8493f1193af4145529d893a1ccf2a39617a9e5e4669533d38a65e1e0982bca,2026-10-02T17:51:17.093499+00:00,1.6764838704284224,0.6269070344827586,-0.03518951162998427,1.3706709531757462,24.79153921997381
2369,138,2,39.88416675331058,2.063285449451287,2.464626424651752,5.843208104685521,0.2813921543127113,4.353748426644268,"Lester, Jon",452657,L,"Lester, Jon",452657,pitcher-arm-angle-452657-L,zMLB,2021,https://baseballsavant.mlb.com/leaderboard/pitcher-arm-angles?season=2021,5aad5445df2f3ed492d69098db485e3f74e8fc44481d0612f1cef823925f5a21,2026-10-02T17:50:48.970292+00:00,193.04,https://www.mlb.com/player/452657,b434b874cfd62907e35079f129a05398fbc6649a0d288b3c6c7b43d0a51b1e3c,2026-10-02T17:51:17.023828+00:00,1.781009830308147,-0.7512181342338541,-0.2080970578756162,1.327022520441173,39.89177878611455
1214,115,1,23.234415594663766,-2.5207789447026663,-2.4976112026359143,5.46994233937397,-0.3183703106554326,4.524489556027312,"Bard, Daniel",453268,R,"Bard, Daniel",453268,pitcher-arm-angle-453268-R,Rockies,2021,https://baseballsavant.mlb.com/leaderboard/pitcher-arm-angles?season=2021,5aad5445df2f3ed492d69098db485e3f74e8fc44481d0612f1cef823925f5a21,2026-10-02T17:50:48.970292+00:00,193.04,https://www.mlb.com/player/453268,a6f4a5c29cf99eb578fdf3fa111815f27777e71d66f4ad7362d4d531cc1b0347,2026-10-02T17:51:17.109251+00:00,1.6672384250411862,0.7612718945634267,0.08997774290582986,1.3790644166771249,23.232941767118895
2714,120,2,28.942341457715724,-2.431195630026088,-3.2655490051584377,5.509395725865881,-0.4862752135749959,4.433542209635152,"Scherzer, Max",453286,R,"Scherzer, Max",453286,pitcher-arm-angle-453286-R,zMLB,2021,https://baseballsavant.mlb.com/leaderboard/pitcher-arm-angles?season=2021,5aad5445df2f3ed492d69098db485e3f74e8fc44481d0612f1cef823925f5a21,2026-10-02T17:50:48.970292+00:00,190.5,https://www.mlb.com/player/453286,6a71b8a1e6d5998652cc8b5a734326e4153d03b906c949a4bfb913c2bfb3e041,2026-10-02T17:51:17.658485+00:00,1.6792638172439205,0.9953393367722919,0.40252759383799896,1.3513436654967943,28.949643931528374
1047,135,1,59.7774121602203,-1.0677652234863444,-2.628424068767908,6.384727793696275,0.18731060951199527,4.2305540933502215,"Melancon, Mark",453343,R,"Melancon, Mark",453343,pitcher-arm-angle-453343-R,Padres,2021,https://baseballsavant.mlb.com/leaderboard/pitcher-arm-angles?season=2021,5aad5445df2f3ed492d69098db485e3f74e8fc44481d0612f1cef823925f5a21,2026-10-02T17:50:48.970292+00:00,185.42000000000002,https://www.mlb.com/player/453343,aa0a9ff17e2e6d001ec6fa18c8afc6cf9d56d5199d2de42c0866a2dee66aae97,2026-10-02T17:51:17.860225+00:00,1.9460650315186245,0.8011436561604585,0.41859654226256454,1.2894728876531476,59.773845280553836
1738,135,2,37.32938427436391,-2.207237870655414,-2.7332508630609897,6.133630609896433,-0.38862171148085767,4.74599204374606,"Arrieta, Jake",453562,R,"Arrieta, Jake",453562,pitcher-arm-angle-453562-R,zMLB,2021,https://baseballsavant.mlb.com/leaderboard/pitcher-arm-angles?season=2021,5aad5445df2f3ed492d69098db485e3f74e8fc44481d0612f1cef823925f5a21,2026-10-02T17:50:48.970292+00:00,193.04,https://www.mlb.com/player/453562,a06b547b7a135845dac26dacfe33dbc865c1677027251366d02d7491b58bb1c5,2026-10-02T17:51:19.016861+00:00,1.8695306098964328,0.8330948630609897,0.2787806577445849,1.4465783749337993,37.344317287851176
1157,119,1,34.67373626459536,2.388008877348209,2.801469317199654,5.768228176318064,0.33036520344273484,4.344589294364619,"Price, David",456034,L,"Price, David",456034,pitcher-arm-angle-456034-L,Dodgers,2021,https://baseballsavant.mlb.com/leaderboard/pitcher-arm-angles?season=2021,5aad5445df2f3ed492d69098db485e3f74e8fc44481d0612f1cef823925f5a21,2026-10-02T17:50:48.970292+00:00,195.58,https://www.mlb.com/player/456034,a97f71a6aac70d089d7cf653d37a91a8ae77176f8c12243e53d8082653fe1a4a,2026-10-02T17:51:19.733724+00:00,1.758155948141746,-0.8538878478824546,-0.2267180560760661,1.324230816922336,34.67851663203692
1867,137,1,35.07832338121196,-2.2124990404395515,-2.520262453133369,5.602174611676486,-0.30110485123309927,4.260103866907344,"Cueto, Johnny",456501,R,"Cueto, Johnny",456501,pitcher-arm-angle-456501-R,Giants,2021,https://baseballsavant.mlb.com/leaderboard/pitcher-arm-angles?season=2021,5aad5445df2f3ed492d69098db485e3f74e8fc44481d0612f1cef823925f5a21,2026-10-02T17:50:48.970292+00:00,180.34,https://www.mlb.com/player/456501,8122a0f79701248b6038c36ddc06c029fde209a48e933dfcd8cb4fd611c3b18d,2026-10-02T17:51:19.508215+00:00,1.707542821638993,0.7681759957150509,0.1855830468449242,1.2984796586333585,35.07431699437605
2653,142,2,43.05804583082914,1.7920595272892494,1.8543007915567282,6.229758763663777,0.0807523989685824,4.630524433446862,"Happ, J.A.",457918,L,"Happ, J.A.",457918,pitcher-arm-angle-457918-L,zMLB,2021,https://baseballsavant.mlb.com/leaderboard/pitcher-arm-angles?season=2021,5aad5445df2f3ed492d69098db485e3f74e8fc44481d0612f1cef823925f5a21,2026-10-02T17:50:48.970292+00:00,195.58,https://www.mlb.com/player/457918,ca3c8b0e938080a644918e2c383ed2a27a25380311fffcc7cb47a30c525187a9,2026-10-02T17:51:21.080093+00:00,1.8988304711647193,-0.5651908812664908,-0.04358446855435145,1.4113838473146036,43.06108847778051
2402,145,1,32.97792037860797,-2.493287703003238,-3.108975853455454,5.569167360532889,-0.500757924338553,4.2753873750564395,"Lynn, Lance",458681,R,"Lynn, Lance",458681,pitcher-arm-angle-458681-R,White Sox,2021,https://baseballsavant.mlb.com/leaderboard/pitcher-arm-angles?season=2021,5aad5445df2f3ed492d69098db485e3f74e8fc44481d0612f1cef823925f5a21,2026-10-02T17:50:48.970292+00:00,195.58,https://www.mlb.com/player/458681,e0d405d80db4a54cd2bb5a64924ba41581d108297ee53a8c4e30e56ae30f56c1,2026-10-02T17:51:21.390608+00:00,1.6974822114904247,0.9476158401332224,0.3402927635962264,1.3031380719172028,32.99627869423409
1063,115,1,48.08872569895797,-1.6525103808233077,-1.1105832549388523,6.18516462841016,-0.14180131156826453,4.502331761298956,"Chacín, Jhoulys",468504,R,"Chacín, Jhoulys",468504,pitcher-arm-angle-468504-R,Rockies,2021,https://baseballsavant.mlb.com/leaderboard/pitcher-arm-angles?season=2021,5aad5445df2f3ed492d69098db485e3f74e8fc44481d0612f1cef823925f5a21,2026-10-02T17:50:48.970292+00:00,190.5,https://www.mlb.com/player/468504,b71892dcf31ff56784a95072ff63d6d2703a8610f700a2f180751a27a28f3d56,2026-10-02T17:51:23.087432+00:00,1.8852381787394168,0.3385057761053622,-0.12195834820357497,1.3723107208439218,48.0851119275817
1474,158,1,48.37774629995543,1.6806419077147003,1.4297896879240164,6.352767978290366,0.154006462263717,4.634008071003951,"Anderson, Brett",474463,L,"Anderson, Brett",474463,pitcher-arm-angle-474463-L,Brewers,2021,https://baseballsavant.mlb.com/leaderboard/pitcher-arm-angles?season=2021,5aad5445df2f3ed492d69098db485e3f74e8fc44481d0612f1cef823925f5a21,2026-10-02T17:50:48.970292+00:00,193.04,https://www.mlb.com/player/474463,bd2fd9f99098423cae5100ab40cf98093420ce97c6553cea454f257091502916,2026-10-02T17:51:26.037709+00:00,1.9363236797829038,-0.4357998968792402,0.029518586894219528,1.4124456600420043,48.3879042074284
1171,147,1,48.32526477558503,1.5156130098062202,0.44050384286934247,6.1649103330486765,0.02623739287035362,4.491326200260323,"Luetge, Lucas",476595,L,"Luetge, Lucas",476595,pitcher-arm-angle-476595-L,Yankees,2021,https://baseballsavant.mlb.com/leaderboard/pitcher-arm-angles?season=2021,5aad5445df2f3ed492d69098db485e3f74e8fc44481d0612f1cef823925f5a21,2026-10-02T17:50:48.970292+00:00,193.04,https://www.mlb.com/player/476595,30b60a38b2905f00f1d2d749ecfec6fec52a17c47c897eb68768afa33e66c2a5,2026-10-02T17:51:26.584708+00:00,1.8790646695132367,-0.1342655713065756,0.31969611673547654,1.3689562258393464,48.33310024366848
1799,119,1,61.08250679262216,1.0621000957537639,1.468893829905503,6.240011117287382,-0.046481520161301165,4.234018553727292,"Kershaw, Clayton",477132,L,"Kershaw, Clayton",477132,pitcher-arm-angle-477132-L,Dodgers,2021,https://baseballsavant.mlb.com/leaderboard/pitcher-arm-angles?season=2021,5aad5445df2f3ed492d69098db485e3f74e8fc44481d0612f1cef823925f5a21,2026-10-02T17:50:48.970292+00:00,193.04,https://www.mlb.com/player/477132,1f024e5b11e0db1d78c4fac0c11443754d58a052328b5b28eb13e5871cefe233,2026-10-02T17:51:26.741900+00:00,1.901955388549194,-0.44771883935519735,-0.1098231628242855,1.2905288551760787,61.07342585823117
2575,113,1,54.11469701273656,1.5128474475874905,1.7838135922330096,6.356333980582524,0.17560787192241417,4.506356895294773,"Miley, Wade",489119,L,"Miley, Wade",489119,pitcher-arm-angle-489119-L,Reds,2021,https://baseballsavant.mlb.com/leaderboard/pitcher-arm-angles?season=2021,5aad5445df2f3ed492d69098db485e3f74e8fc44481d0612f1cef823925f5a21,2026-10-02T17:50:48.970292+00:00,185.42000000000002,https://www.mlb.com/player/489119,9e89b588d6a4a7c07abce870cbec0feee5ced2391ff18e31d528cdc7f66fe1dc,2026-10-02T17:51:27.681640+00:00,1.9374105972815534,-0.5437063829126214,-0.1361157602499061,1.3735375816858468,54.13904802823319
1015,133,1,16.967152107491515,-2.4620719143295573,-2.940256157635468,4.91848275862069,-0.4053952270394051,4.29095390920804,"Romo, Sergio",489265,R,"Romo, Sergio",489265,pitcher-arm-angle-489265-R,Athletics,2021,https://baseballsavant.mlb.com/leaderboard/pitcher-arm-angles?season=2021,5aad5445df2f3ed492d69098db485e3f74e8fc44481d0612f1cef823925f5a21,2026-10-02T17:50:48.970292+00:00,180.34,https://www.mlb.com/player/489265,cde3588cfc12328e3b7bf09b19e7129b804e5a9f3d66eae2a9b463f0ebbf1b91,2026-10-02T17:51:28.547944+00:00,1.4991535448275863,0.8961900768472907,0.2693150225612523,1.3078827515266107,16.9678853667591
1258,135,1,48.506809618142256,-1.525757625492866,-2.556804451510334,5.7562877583465815,-0.08221783546468885,4.1239463848484545,"Stammen, Craig",489334,R,"Stammen, Craig",489334,pitcher-arm-angle-489334-R,Padres,2021,https://baseballsavant.mlb.com/leaderboard/pitcher-arm-angles?season=2021,5aad5445df2f3ed492d69098db485e3f74e8fc44481d0612f1cef823925f5a21,2026-10-02T17:50:48.970292+00:00,187.96,https://www.mlb.com/player/489334,449470362b696b481e30c78b5248798b6408b65e9faf9329137794ff6a5c3a62,2026-10-02T17:51:28.568307+00:00,1.7545165087440382,0.7793139968203499,0.33932306881976143,1.256978858101809,48.512482551243004
1097,111,1,28.8453167378909,-2.6672064964965023,-2.454922515952598,5.536362807657247,-0.5224462748128795,4.354866387079817,"Ottavino, Adam",493603,R,"Ottavino, Adam",493603,pitcher-arm-angle-493603-R,Red Sox,2021,https://baseballsavant.mlb.com/leaderboard/pitcher-arm-angles?season=2021,5aad5445df2f3ed492d69098db485e3f74e8fc44481d0612f1cef823925f5a21,2026-10-02T17:50:48.970292+00:00,195.58,https://www.mlb.com/player/493603,74be390e4edc08c7382fced3cf28b562e63d42eb46945eac82f130fc6950b6b6,2026-10-02T17:51:30.188600+00:00,1.6874833837739291,0.7482603828623519,0.09453746729318359,1.3273632747819284,28.849303445295032
1083,133,1,43.42250965421952,-1.6870885592508416,-1.414589104339797,6.364829178208679,0.05170826951925738,4.7186824311029705,"Guerra, Deolis",500610,R,"Guerra, Deolis",500610,pitcher-arm-angle-500610-R,Athletics,2021,https://baseballsavant.mlb.com/leaderboard/pitcher-arm-angles?season=2021,5aad5445df2f3ed492d69098db485e3f74e8fc44481d0612f1cef823925f5a21,2026-10-02T17:50:48.970292+00:00,195.58,https://www.mlb.com/player/500610,35a83cfb888a6a9f9dcbbf7e5dec931692fec904f3ff1473836149ff651dd297,2026-10-02T17:51:29.757815+00:00,1.9399999335180056,0.43116675900277013,-0.09881851440635607,1.4382544050001855,43.43213529088337
1166,137,2,48.147400064644486,1.6704397634374946,2.338859348198971,5.850514579759863,0.2049062698962323,4.213314958207866,"Quintana, Jose",500779,L,"Quintana, Jose",500779,pitcher-arm-angle-500779-L,zMLB,2021,https://baseballsavant.mlb.com/leaderboard/pitcher-arm-angles?season=2021,5aad5445df2f3ed492d69098db485e3f74e8fc44481d0612f1cef823925f5a21,2026-10-02T17:50:48.970292+00:00,187.96,https://www.mlb.com/player/500779,77f3ea8ee97fc3c1583b56502d90a37ab60f1241cd71de9eaae03214c911b27c,2026-10-02T17:51:30.294199+00:00,1.7832368439108062,-0.7128843293310463,-0.26618972049966955,1.2842183992617577,48.1667973095424
1614,142,1,38.44463425490616,-2.4906303369783958,-2.3426456009913257,6.451629491945477,-0.4464269459803748,4.828615452455343,"Pineda, Michael",501381,R,"Pineda, Michael",501381,pitcher-arm-angle-501381-R,Twins,2021,https://baseballsavant.mlb.com/leaderboard/pitcher-arm-angles?season=2021,5aad5445df2f3ed492d69098db485e3f74e8fc44481d0612f1cef823925f5a21,2026-10-02T17:50:48.970292+00:00,200.66,https://www.mlb.com/player/501381,442d956b2f17edb839b800fa5857eceb9c2799faa87733c999603c0b2a2d8ed5,2026-10-02T17:51:31.489402+00:00,1.9664566691449814,0.7140383791821561,0.09096518560595929,1.4717619899083885,38.44814052559178
2603,118,1,40.286110534865614,1.5783610508628443,0.7880983480599308,6.01080676142912,-0.181016207817741,4.520046887480946,"Minor, Mike",501985,L,"Minor, Mike",501985,pitcher-arm-angle-501985-L,Royals,2021,https://baseballsavant.mlb.com/leaderboard/pitcher-arm-angles?season=2021,5aad5445df2f3ed492d69098db485e3f74e8fc44481d0612f1cef823925f5a21,2026-10-02T17:50:48.970292+00:00,193.04,https://www.mlb.com/player/501985,4016d5d9fb517cd9de9804bc2c00f111b743c7ac7bc2c6f0a7984459c905aaa5,2026-10-02T17:51:31.984515+00:00,1.832093900883596,-0.24021237648866695,0.2960458119571755,1.3777102913041925,40.27535552492052
2842,143,2,44.116272043205846,-1.7897473379740412,-2.0791731175228714,6.31518296973962,-0.10260024859243966,4.6785746457469015,"Gibson, Kyle",502043,R,"Gibson, Kyle",502043,pitcher-arm-angle-502043-R,zMLB,2021,https://baseballsavant.mlb.com/leaderboard/pitcher-arm-angles?season=2021,5aad5445df2f3ed492d69098db485e3f74e8fc44481d0612f1cef823925f5a21,2026-10-02T17:50:48.970292+00:00,198.12,https://www.mlb.com/player/502043,a490d55567e3b95708665f7e3c7cd7bcce2f1ed7f44ac503738b655f7ade40e7,2026-10-02T17:51:33.392600+00:00,1.9248677691766363,0.6337319662209713,0.11948953337745906,1.4260295520236557,44.12886645705708
1573,108,1,45.96873964535955,-1.860206306871429,-2.0105848696757787,5.980044500953592,-0.3036510062058546,4.369988752850516,"Cobb, Alex",502171,R,"Cobb, Alex",502171,pitcher-arm-angle-502171-R,Angels,2021,https://baseballsavant.mlb.com/leaderboard/pitcher-arm-angles?season=2021,5aad5445df2f3ed492d69098db485e3f74e8fc44481d0612f1cef823925f5a21,2026-10-02T17:50:48.970292+00:00,190.5,https://www.mlb.com/player/502171,89615e338aba64490dc8d2a0844be648dfbf0c1b794280decd5afb662fe37eff,2026-10-02T17:51:32.896376+00:00,1.822717563890655,0.6128262682771773,0.13838821263431028,1.3319725718688376,45.967930124054945
1707,120,1,55.448750274000716,-1.0857217283585587,-1.2786760398359696,5.660486233157586,0.06084433024782315,3.9949686512197413,"Espino, Paolo",502179,R,"Espino, Paolo",502179,pitcher-arm-angle-502179-R,Nationals,2021,https://baseballsavant.mlb.com/leaderboard/pitcher-arm-angles?season=2021,5aad5445df2f3ed492d69098db485e3f74e8fc44481d0612f1cef823925f5a21,2026-10-02T17:50:48.970292+00:00,177.8,https://www.mlb.com/player/502179,bb73257b26a5a08a621f720b8b9e3f8e0b1d67c4c444dc5bffbf225dba17af48,2026-10-02T17:51:35.046206+00:00,1.7253162038664325,0.38974045694200354,0.04026712227877832,1.2176664448917771,55.45592149605281
1032,158,1,36.20487534060162,-1.9517114603055408,-1.6222383720930234,5.712354651162791,-0.16220658492552675,4.4016674946529,"Boxberger, Brad",502202,R,"Boxberger, Brad",502202,pitcher-arm-angle-502202-R,Brewers,2021,https://baseballsavant.mlb.com/leaderboard/pitcher-arm-angles?season=2021,5aad5445df2f3ed492d69098db485e3f74e8fc44481d0612f1cef823925f5a21,2026-10-02T17:50:48.970292+00:00,177.8,https://www.mlb.com/player/502202,86d350ffebe65fd554f1098ac698d7f5fda51e5c12c10170e14fbe246007ff0e,2026-10-02T17:51:35.658868+00:00,1.7411256976744187,0.49445825581395353,-0.05098283020187476,1.3416282523702039,36.22016820275402
1544,116,1,58.424287179725795,-0.9979665073651662,-1.2274481865284974,6.588639896373057,0.21340648097039097,4.6170323292753865,"Peralta, Wily",503449,R,"Peralta, Wily",503449,pitcher-arm-angle-503449-R,Tigers,2021,https://baseballsavant.mlb.com/leaderboard/pitcher-arm-angles?season=2021,5aad5445df2f3ed492d69098db485e3f74e8fc44481d0612f1cef823925f5a21,2026-10-02T17:50:48.970292+00:00,185.42000000000002,https://www.mlb.com/player/503449,972d75b7212e71ef024ed887fe846eddd59992fbe50a3591d0225fb70212016d,2026-10-02T17:51:37.627625+00:00,2.008217440414508,0.374126207253886,0.004899720409208175,1.407271453963138,58.433069315993286
2736,135,1,46.4844522341373,-1.661368134319921,-1.5908150584795322,5.887923976608187,-0.20266036314099503,4.352465942550482,"Darvish, Yu",506433,R,"Darvish, Yu",506433,pitcher-arm-angle-506433-R,Padres,2021,https://baseballsavant.mlb.com/leaderboard/pitcher-arm-angles?season=2021,5aad5445df2f3ed492d69098db485e3f74e8fc44481d0612f1cef823925f5a21,2026-10-02T17:50:48.970292+00:00,195.58,https://www.mlb.com/player/506433,b91380662360721fb57aeb9b5b753b44ac1bc826317644034e9cc528f1ff5aec,2026-10-02T17:51:39.158133+00:00,1.7946392280701755,0.4848804298245614,0.040266301169224805,1.3266316192893868,46.4683566860521
1079,142,1,57.85789270448317,-1.153085374717234,-1.301649675625579,6.349953660797034,0.06407615899529835,4.411559220585108,"Colomé, Alex",517008,R,"Colomé, Alex",517008,pitcher-arm-angle-517008-R,Twins,2021,https://baseballsavant.mlb.com/leaderboard/pitcher-arm-angles?season=2021,5aad5445df2f3ed492d69098db485e3f74e8fc44481d0612f1cef823925f5a21,2026-10-02T17:50:48.970292+00:00,187.96,https://www.mlb.com/player/517008,4c31c07148929a3b159888ca5a57249b065eb3ea3cb16f2239dfab6a2ab2cf9a,2026-10-02T17:51:39.250878+00:00,1.9354658758109362,0.39674282113067655,0.025751985655096635,1.344643250434341,57.8743625764741
2259,109,1,26.555595715439498,2.5233779000856016,3.2857281983178397,5.689234174413457,0.5110558748014478,4.6828770282724745,"Bumgarner, Madison",518516,L,"Bumgarner, Madison",518516,pitcher-arm-angle-518516-L,Diamondbacks,2021,https://baseballsavant.mlb.com/leaderboard/pitcher-arm-angles?season=2021,5aad5445df2f3ed492d69098db485e3f74e8fc44481d0612f1cef823925f5a21,2026-10-02T17:50:48.970292+00:00,193.04,https://www.mlb.com/player/518516,efa88091e2b8a633001529e61817220dc01f9131b00eb708cbb588b566d0d03b,2026-10-02T17:51:40.647166+00:00,1.7340785763612216,-1.0014899548472775,-0.38813420154066747,1.4273409182174503,26.5695185271128
1209,108,1,3.6711576137727873,-2.921539054423409,-3.3910504549214227,4.175086848635235,-0.4882417945425595,4.019078946588411,"Cishek, Steve",518553,R,"Cishek, Steve",518553,pitcher-arm-angle-518553-R,Angels,2021,https://baseballsavant.mlb.com/leaderboard/pitcher-arm-angles?season=2021,5aad5445df2f3ed492d69098db485e3f74e8fc44481d0612f1cef823925f5a21,2026-10-02T17:50:48.970292+00:00,198.12,https://www.mlb.com/player/518553,a5b09e2ff1b18dcf5796ecbfdfc5b18cea91467f276deb4cd72860ab52409d98,2026-10-02T17:51:40.866656+00:00,1.2725664714640197,1.0335921786600497,0.2919231738483667,1.2250152629201476,3.668428444023899
1085,133,1,26.364828836839013,2.6711466926427705,3.2974193548387096,5.722976958525345,0.49763091390148434,4.6461667812220195,"Diekman, Jake",518617,L,"Diekman, Jake",518617,pitcher-arm-angle-518617-L,Athletics,2021,https://baseballsavant.mlb.com/leaderboard/pitcher-arm-angles?season=2021,5aad5445df2f3ed492d69098db485e3f74e8fc44481d0612f1cef823925f5a21,2026-10-02T17:50:48.970292+00:00,193.04,https://www.mlb.com/player/518617,8a3435138aad9c72b25dbfbf02c15e691bd0650cc6e0366cca4d667a00a9553f,2026-10-02T17:51:42.646030+00:00,1.7443633769585254,-1.0050534193548388,-0.34256580999449465,1.4161516349164716,26.354883038393737
1001,118,1,52.85142050992616,1.233617763602818,0.7634965034965034,5.831538461538462,-0.1336811340696482,4.026258509803158,"Duffy, Danny",518633,L,"Duffy, Danny",518633,pitcher-arm-angle-518633-L,Royals,2021,https://baseballsavant.mlb.com/leaderboard/pitcher-arm-angles?season=2021,5aad5445df2f3ed492d69098db485e3f74e8fc44481d0612f1cef823925f5a21,2026-10-02T17:50:48.970292+00:00,190.5,https://www.mlb.com/player/518633,0b04091701958ad1eb5cda499998bc75256ccdf79481f7d8522f25d645426b9c,2026-10-02T17:51:42.488809+00:00,1.7774529230769232,-0.23271373426573427,0.18403896974483347,1.2272035937880026,52.8601181295723
2042,110,1,44.45647369399938,-1.9364255392503067,-2.223521057786484,6.182742409402547,-0.20894461457751118,4.487574414774925,"Harvey, Matt",518774,R,"Harvey, Matt",518774,pitcher-arm-angle-518774-R,Orioles,2021,https://baseballsavant.mlb.com/leaderboard/pitcher-arm-angles?season=2021,5aad5445df2f3ed492d69098db485e3f74e8fc44481d0612f1cef823925f5a21,2026-10-02T17:50:48.970292+00:00,193.04,https://www.mlb.com/player/518774,840a10ccb22de19f0ced26b5cd891abc8b4752cf348d3e2405474060cdc9d681,2026-10-02T17:51:42.574288+00:00,1.8844998863858964,0.6777292184133203,0.15119303257305222,1.3678126816233973,44.45909161107778
990,118,1,69.10458614127556,-0.3448103217768324,-0.12718181818181817,6.029909090909091,0.4343678092032497,3.990549451432134,"Holland, Greg",518813,R,"Holland, Greg",518813,pitcher-arm-angle-518813-R,Royals,2021,https://baseballsavant.mlb.com/leaderboard/pitcher-arm-angles?season=2021,5aad5445df2f3ed492d69098db485e3f74e8fc44481d0612f1cef823925f5a21,2026-10-02T17:50:48.970292+00:00,177.8,https://www.mlb.com/player/518813,695109f7dc06b783899795503838582ab440dbfee50fee41096c78d06456203a,2026-10-02T17:51:44.610798+00:00,1.837916290909091,0.038765018181818184,-0.19872847614091088,1.2163194727965145,69.08964337393216
2310,109,1,31.709013212044226,-2.0804780761100394,-1.695008658008658,5.622982683982684,-0.23047677125995025,4.479751739420975,"Kelly, Merrill",518876,R,"Kelly, Merrill",518876,pitcher-arm-angle-518876-R,Diamondbacks,2021,https://baseballsavant.mlb.com/leaderboard/pitcher-arm-angles?season=2021,5aad5445df2f3ed492d69098db485e3f74e8fc44481d0612f1cef823925f5a21,2026-10-02T17:50:48.970292+00:00,187.96,https://www.mlb.com/player/518876,f87d8f52fc438331efd998dc9cb0a9ba20e3a2921816920008220a8258b5da24,2026-10-02T17:51:44.046365+00:00,1.7138851220779223,0.516638638961039,-0.0472417587572682,1.3654283301755135,31.71449951074179
979,145,2,26.695593973891445,-2.273982306614414,-2.926006128702758,4.836751787538304,-0.4328467319385736,3.910614336233751,"Kimbrel, Craig",518886,R,"Kimbrel, Craig",518886,pitcher-arm-angle-518886-R,zMLB,2021,https://baseballsavant.mlb.com/leaderboard/pitcher-arm-angles?season=2021,5aad5445df2f3ed492d69098db485e3f74e8fc44481d0612f1cef823925f5a21,2026-10-02T17:50:48.970292+00:00,182.88,https://www.mlb.com/player/518886,a6424e2cbc4bc30db27801ff587edf2acf92a615ca7030922e6be792aa64ccfd,2026-10-02T17:51:44.370438+00:00,1.4742419448416753,0.8918466680286007,0.33066854486740443,1.1919552496840473,26.70354480676325
1219,143,1,45.1443664580098,1.8061166280463943,1.5826333059885151,6.316045939294503,0.09497660664515638,4.597290935187428,"Moore, Matt",519043,L,"Moore, Matt",519043,pitcher-arm-angle-519043-L,Phillies,2021,https://baseballsavant.mlb.com/leaderboard/pitcher-arm-angles?season=2021,5aad5445df2f3ed492d69098db485e3f74e8fc44481d0612f1cef823925f5a21,2026-10-02T17:50:48.970292+00:00,190.5,https://www.mlb.com/player/519043,8794ff6ff678a8c6dc8e023aa5116d74b844c5c4a39cf2c3e3cf66613b9e14bf,2026-10-02T17:51:46.154932+00:00,1.9251308022969646,-0.48238663166529944,0.039168846857797895,1.4012542770451282,45.127206707490124
1020,144,1,47.46669261988247,1.5686431991371927,1.5262941176470588,6.684588235294117,0.025681379801474957,5.003342847156688,"Smith, Will",519293,L,"Smith, Will",519293,pitcher-arm-angle-519293-L,Braves,2021,https://baseballsavant.mlb.com/leaderboard/pitcher-arm-angles?season=2021,5aad5445df2f3ed492d69098db485e3f74e8fc44481d0612f1cef823925f5a21,2026-10-02T17:50:48.970292+00:00,195.58,https://www.mlb.com/player/519293,463aa4ee3e769168c6e39bc25b37fc60689b59baa356698d02d5bcfd1e6ffde3,2026-10-02T17:51:47.766800+00:00,2.037462494117647,-0.46521444705882353,0.0050803154747032595,1.5250188998133585,47.45586328822556
1098,145,1,47.88345359632693,-1.6780753108076514,-1.6453825136612021,5.9139708561020035,-0.2332489723925669,4.3153095770794865,"Hendriks, Liam",521230,R,"Hendriks, Liam",521230,pitcher-arm-angle-521230-R,White Sox,2021,https://baseballsavant.mlb.com/leaderboard/pitcher-arm-angles?season=2021,5aad5445df2f3ed492d69098db485e3f74e8fc44481d0612f1cef823925f5a21,2026-10-02T17:50:48.970292+00:00,182.88,https://www.mlb.com/player/521230,492cd52fcf4208071466145ae9c6d51480f0a6f6cc3959ed843aa4c35f761f85,2026-10-02T17:51:48.721480+00:00,1.8025783169398908,0.5015125901639345,0.06112952221501666,1.3153063590938276,47.89358761289338
1836,111,1,46.00982592969362,1.5709121437343287,1.264400871459695,5.54650871459695,-0.005979246783916082,3.912289630858483,"Pérez, Martín",527048,L,"Pérez, Martín",527048,pitcher-arm-angle-527048-L,Red Sox,2021,https://baseballsavant.mlb.com/leaderboard/pitcher-arm-angles?season=2021,5aad5445df2f3ed492d69098db485e3f74e8fc44481d0612f1cef823925f5a21,2026-10-02T17:50:48.970292+00:00,182.88,https://www.mlb.com/player/527048,96274a37651a0dfd447fdabc47ca64b52d30ba022566de45c9958e10b7df547b,2026-10-02T17:51:48.793965+00:00,1.6905758562091504,-0.38538938562091507,0.09524711020904598,1.1924658794856657,46.02278822134914
1063,142,1,39.02759740961862,-1.8765556160192276,-1.9188711194731891,6.265390404515522,-0.061306902045946236,4.794066387370158,"Shoemaker, Matt",533167,R,"Shoemaker, Matt",533167,pitcher-arm-angle-533167-R,Twins,2021,https://baseballsavant.mlb.com/leaderboard/pitcher-arm-angles?season=2021,5aad5445df2f3ed492d69098db485e3f74e8fc44481d0612f1cef823925f5a21,2026-10-02T17:50:48.970292+00:00,187.96,https://www.mlb.com/player/533167,3669bb157e02d7dde2957805f15e3018795dcd128ecb24d9c64c4fbced86715c,2026-10-02T17:51:50.541662+00:00,1.9096909952963312,0.5848719172154281,0.03158410919637188,1.4612314348704243,39.02600368677623
1060,116,1,26.60579555824018,-2.4189894986231573,-1.4212358490566037,5.346132075471698,-0.3218246314495138,4.295450334313785,"Cisnero, José",542585,R,"Cisnero, José",542585,pitcher-arm-angle-542585-R,Tigers,2021,https://baseballsavant.mlb.com/leaderboard/pitcher-arm-angles?season=2021,5aad5445df2f3ed492d69098db485e3f74e8fc44481d0612f1cef823925f5a21,2026-10-02T17:50:48.970292+00:00,190.5,https://www.mlb.com/player/542585,1493f731f22b6e7c0517983558a59033d1c50aea7110bb7042888b1a336b36d2,2026-10-02T17:51:51.095731+00:00,1.6295010566037738,0.4331926867924528,-0.20602316472207374,1.3092532618988417,26.610916258057593
2584,136,2,42.98861943645654,1.7281053733422718,2.3787848297213623,5.893808049535604,0.10970446870588757,4.37620073045795,"Anderson, Tyler",542881,L,"Anderson, Tyler",542881,pitcher-arm-angle-542881-L,zMLB,2021,https://baseballsavant.mlb.com/leaderboard/pitcher-arm-angles?season=2021,5aad5445df2f3ed492d69098db485e3f74e8fc44481d0612f1cef823925f5a21,2026-10-02T17:50:48.970292+00:00,187.96,https://www.mlb.com/player/542881,d14e21288a74220f65897ea38af9a90c3860c49c0546882cf1982390e9b68aeb,2026-10-02T17:51:52.246534+00:00,1.7964326934984522,-0.7250536160990713,-0.23176502036590133,1.3338659826435832,43.15910569029865
2856,147,1,40.572770312690466,-1.810868892803462,-1.938844537815126,5.666519607843138,-0.12819177539777052,4.224558143880937,"Cole, Gerrit",543037,R,"Cole, Gerrit",543037,pitcher-arm-angle-543037-R,Yankees,2021,https://baseballsavant.mlb.com/leaderboard/pitcher-arm-angles?season=2021,5aad5445df2f3ed492d69098db485e3f74e8fc44481d0612f1cef823925f5a21,2026-10-02T17:50:48.970292+00:00,193.04,https://www.mlb.com/player/543037,1456ff78fb6cb3c62d3d5b6b731411d73f0aef6ef6b0aeb9c71dbbf22dcea55d,2026-10-02T17:51:53.080213+00:00,1.7271551764705884,0.5909598151260504,0.07807982974079565,1.2876453222549098,40.59475345081618
2454,137,1,40.69413571367357,-1.5278946547470942,-1.7769845150774246,5.596149144254278,0.05665416470667877,4.2333754424462695,"DeSclafani, Anthony",543101,R,"DeSclafani, Anthony",543101,pitcher-arm-angle-543101-R,Giants,2021,https://baseballsavant.mlb.com/leaderboard/pitcher-arm-angles?season=2021,5aad5445df2f3ed492d69098db485e3f74e8fc44481d0612f1cef823925f5a21,2026-10-02T17:50:48.970292+00:00,187.96,https://www.mlb.com/player/543101,5bdccd6c4808eda011c5fdd3f18578f2f04824d677a18c7a4a20c5a0e41fa79d,2026-10-02T17:51:54.355897+00:00,1.7057062591687042,0.5416248801955991,0.05865440002608902,1.290332834857623,40.69681385618093
2820,111,1,37.06369820276703,-2.4058180211803846,-2.1158297872340426,5.739099290780142,-0.5047128741352601,4.303452361840852,"Eovaldi, Nathan",543135,R,"Eovaldi, Nathan",543135,pitcher-arm-angle-543135-R,Red Sox,2021,https://baseballsavant.mlb.com/leaderboard/pitcher-arm-angles?season=2021,5aad5445df2f3ed492d69098db485e3f74e8fc44481d0612f1cef823925f5a21,2026-10-02T17:50:48.970292+00:00,187.96,https://www.mlb.com/player/543135,018b7450213690fde18a445ab5ab33743ad18c7b55d91c8d778515f15f228fda,2026-10-02T17:51:54.880798+00:00,1.7492774638297872,0.6449049191489362,0.06544807032958225,1.3116922798890915,37.05880362926259
2211,113,1,52.96019707792721,-1.1564406694612115,-0.6024604251469923,5.565780189959295,0.12267202007842527,3.8699493200970716,"Gray, Sonny",543243,R,"Gray, Sonny",543243,pitcher-arm-angle-543243-R,Reds,2021,https://baseballsavant.mlb.com/leaderboard/pitcher-arm-angles?season=2021,5aad5445df2f3ed492d69098db485e3f74e8fc44481d0612f1cef823925f5a21,2026-10-02T17:50:48.970292+00:00,177.8,https://www.mlb.com/player/543243,894c3a0f043ea77895e06fd195ad4af2e6df5a2c332a132ce5c1885d2a10f166,2026-10-02T17:51:54.805369+00:00,1.696449801899593,0.18362993758480325,-0.20624361018687803,1.1795605527655875,52.97388086300001
1046,141,3,37.240011458861474,2.165959422196941,2.483565965583174,6.175908221797323,0.34569202640346947,4.7913197162178145,"Hand, Brad",543272,L,"Hand, Brad",543272,pitcher-arm-angle-543272-L,zMLB,2021,https://baseballsavant.mlb.com/leaderboard/pitcher-arm-angles?season=2021,5aad5445df2f3ed492d69098db485e3f74e8fc44481d0612f1cef823925f5a21,2026-10-02T17:50:48.970292+00:00,190.5,https://www.mlb.com/player/543272,61e7734b96ebda8ec790ccf2962636a07876f94ef7e7b900aa1d52b90385c07f,2026-10-02T17:51:55.833368+00:00,1.8824168260038243,-0.7569909063097514,-0.20217340407190132,1.4603942495031899,37.258475589619096
2751,112,1,46.36695205356224,-1.6821427992324964,-2.1189603780443473,6.064718284260269,0.0011610911447044701,4.299047979070185,"Hendricks, Kyle",543294,R,"Hendricks, Kyle",543294,pitcher-arm-angle-543294-R,Cubs,2021,https://baseballsavant.mlb.com/leaderboard/pitcher-arm-angles?season=2021,5aad5445df2f3ed492d69098db485e3f74e8fc44481d0612f1cef823925f5a21,2026-10-02T17:50:48.970292+00:00,190.5,https://www.mlb.com/player/543294,eecc4d2bc569ab719b77ebae5f785de49af9d5f3cbedc538d9c2d872bb04e266,2026-10-02T17:51:56.765566+00:00,1.84852613304253,0.645859123227917,0.13278809744094625,1.3103498240205924,46.368044762718604
2787,140,1,45.10492628565641,-1.698148531042708,-0.880416218155723,6.098220308575529,-0.011707263712339816,4.4052394448305385,"Lyles, Jordan",543475,R,"Lyles, Jordan",543475,pitcher-arm-angle-543475-R,Rangers,2021,https://baseballsavant.mlb.com/leaderboard/pitcher-arm-angles?season=2021,5aad5445df2f3ed492d69098db485e3f74e8fc44481d0612f1cef823925f5a21,2026-10-02T17:50:48.970292+00:00,195.58,https://www.mlb.com/player/543475,2875d8c040c8503496b19292f88c22b677c0203d7f37eee1546238f5faedc85a,2026-10-02T17:51:57.822715+00:00,1.8587375500538215,0.2683508632938644,-0.2456764349884319,1.3427169827843481,45.110874224066386
1110,121,1,47.37786975335739,-1.4335218394080362,-1.0176756756756757,5.768639639639639,0.1046518099523798,4.0967688138921,"May, Trevor",543507,R,"May, Trevor",543507,pitcher-arm-angle-543507-R,Mets,2021,https://baseballsavant.mlb.com/leaderboard/pitcher-arm-angles?season=2021,5aad5445df2f3ed492d69098db485e3f74e8fc44481d0612f1cef823925f5a21,2026-10-02T17:50:48.970292+00:00,195.58,https://www.mlb.com/player/543507,e016b7a54e3204ed52421d7f619ee625e46aaaddaa5210715aefb7cdb851eb0e,2026-10-02T17:51:57.978820+00:00,1.7582813621621622,0.310187545945946,-0.15864778237910884,1.2486951344743122,47.384969801076714
1841,117,1,40.12941157023062,-1.7703256306140096,-1.195605649103748,5.91860401955459,-0.10916197150853083,4.51787642686914,"Odorizzi, Jake",543606,R,"Odorizzi, Jake",543606,pitcher-arm-angle-543606-R,Astros,2021,https://baseballsavant.mlb.com/leaderboard/pitcher-arm-angles?season=2021,5aad5445df2f3ed492d69098db485e3f74e8fc44481d0612f1cef823925f5a21,2026-10-02T17:50:48.970292+00:00,187.96,https://www.mlb.com/player/543606,533615453f6eb8f72af268e989c9059a748157a0f931311671d5592615b34b4e,2026-10-02T17:52:00.082247+00:00,1.8039905051602392,0.3644206018468224,-0.1419020814485276,1.377048734909714,40.138280131586
1333,114,1,45.581073143727345,-1.7551831780887457,-3.206519129782446,6.071140285071268,-0.19653453803553067,4.479860307638861,"Shaw, Bryan",543766,R,"Shaw, Bryan",543766,pitcher-arm-angle-543766-R,Guardians,2021,https://baseballsavant.mlb.com/leaderboard/pitcher-arm-angles?season=2021,5aad5445df2f3ed492d69098db485e3f74e8fc44481d0612f1cef823925f5a21,2026-10-02T17:50:48.970292+00:00,185.42000000000002,https://www.mlb.com/player/543766,b91cb01ace972dc0b8957bf768f180dbfa2d380457fb4588e9a70a72c485fe42,2026-10-02T17:52:01.196644+00:00,1.8504835588897224,0.9773470307576896,0.5022709252694695,1.3654614217683247,45.59352806420547
1010,121,1,39.20681120049791,-2.3512604102991936,-1.5482277227722772,6.208475247524753,-0.3501638618847179,4.575735616817722,"Familia, Jeurys",544727,R,"Familia, Jeurys",544727,pitcher-arm-angle-544727-R,Mets,2021,https://baseballsavant.mlb.com/leaderboard/pitcher-arm-angles?season=2021,5aad5445df2f3ed492d69098db485e3f74e8fc44481d0612f1cef823925f5a21,2026-10-02T17:50:48.970292+00:00,190.5,https://www.mlb.com/player/544727,9fe52b2a27f9787c5a2ef84416dec08e621793168fd4e7b21b5a1ff4a91c2361,2026-10-02T17:52:03.627941+00:00,1.8923432554455446,0.4718998099009901,-0.13803441805574215,1.3946842160060418,39.21177831813917
1656,119,1,43.40044525602962,-1.8050689654531247,-1.7010809178743962,5.656473429951691,-0.1728978598024492,4.1128912910669735,"Bauer, Trevor",545333,R,"Bauer, Trevor",545333,pitcher-arm-angle-545333-R,Dodgers,2021,https://baseballsavant.mlb.com/leaderboard/pitcher-arm-angles?season=2021,5aad5445df2f3ed492d69098db485e3f74e8fc44481d0612f1cef823925f5a21,2026-10-02T17:50:48.970292+00:00,185.42000000000002,https://www.mlb.com/player/545333,24ae809eed31167b70ff55d305e720377790fb0818aa7cb51c448698a17e7f45,2026-10-02T17:52:04.097177+00:00,1.7240931014492755,0.518489463768116,0.02100371076579008,1.2536092655172135,43.40212461354728
1775,138,1,57.86851190398505,0.9428207588120281,1.577256338028169,5.854405633802817,-0.18857032057514428,4.052647386978556,"Kim, Kwang Hyun",547942,L,"Kim, Kwang Hyun",547942,pitcher-arm-angle-547942-L,Cardinals,2021,https://baseballsavant.mlb.com/leaderboard/pitcher-arm-angles?season=2021,5aad5445df2f3ed492d69098db485e3f74e8fc44481d0612f1cef823925f5a21,2026-10-02T17:50:48.970292+00:00,187.96,https://www.mlb.com/player/547942,0d956184237c50f4879a9cd510a7706716e33563545a866d40dd4ef5080bba00,2026-10-02T17:52:05.805638+00:00,1.7844228371830988,-0.48074773183098596,-0.13589973083377577,1.235246923551064,57.87375842856739
2372,141,1,40.35226992846503,1.9050281512003342,2.222613827993255,5.851606239460371,0.24717875625124533,4.442497229374024,"Ryu, Hyun Jin",547943,L,"Ryu, Hyun Jin",547943,pitcher-arm-angle-547943-L,Blue Jays,2021,https://baseballsavant.mlb.com/leaderboard/pitcher-arm-angles?season=2021,5aad5445df2f3ed492d69098db485e3f74e8fc44481d0612f1cef823925f5a21,2026-10-02T17:50:48.970292+00:00,190.5,https://www.mlb.com/player/547943,f40327d836e199e72c56dd8d233459918f45be54d249b4455442c5de30ed5ee6,2026-10-02T17:52:05.903948+00:00,1.7835695817875212,-0.677452694772344,-0.17214019919186177,1.3540731555132026,40.36327300421508
1161,141,1,65.16150128826355,-0.9734225712751207,-1.2088802756244617,6.948518518518519,0.009468085481001576,4.824030309351385,"Stripling, Ross",548389,R,"Stripling, Ross",548389,pitcher-arm-angle-548389-R,Blue Jays,2021,https://baseballsavant.mlb.com/leaderboard/pitcher-arm-angles?season=2021,5aad5445df2f3ed492d69098db485e3f74e8fc44481d0612f1cef823925f5a21,2026-10-02T17:50:48.970292+00:00,185.42000000000002,https://www.mlb.com/player/548389,f68791517099705b1743309fcef41d6f8faabc7038bed6eb852dd7ef78cbf6de,2026-10-02T17:52:07.486102+00:00,2.1179084444444447,0.36846670801033593,0.06888163583106985,1.4703644382903023,65.17246385085937
3152,143,1,37.56412488662383,-2.1066524857829023,-1.6217829949238578,5.619162436548224,-0.14430698027438651,4.109382167498229,"Wheeler, Zack",554430,R,"Wheeler, Zack",554430,pitcher-arm-angle-554430-R,Phillies,2021,https://baseballsavant.mlb.com/leaderboard/pitcher-arm-angles?season=2021,5aad5445df2f3ed492d69098db485e3f74e8fc44481d0612f1cef823925f5a21,2026-10-02T17:50:48.970292+00:00,193.04,https://www.mlb.com/player/554430,615907132913f13f7a205810b524fc072aae90077696e2f30afd8906a585da41,2026-10-02T17:52:09.527667+00:00,1.7127207106598987,0.4943194568527919,-0.10380345322620377,1.2525396846534602,37.5737961920458
1015,144,1,52.17529702354331,1.3543580362617693,1.8454581280788176,6.24007881773399,-0.08933892040515265,4.380671878195792,"Matzek, Tyler",554431,L,"Matzek, Tyler",554431,pitcher-arm-angle-554431-L,Braves,2021,https://baseballsavant.mlb.com/leaderboard/pitcher-arm-angles?season=2021,5aad5445df2f3ed492d69098db485e3f74e8fc44481d0612f1cef823925f5a21,2026-10-02T17:50:48.970292+00:00,190.5,https://www.mlb.com/player/554431,e66556f2aa4858a40205637face1c0bcf9ce49a7576f84db978ff12a5e796955,2026-10-02T17:52:09.733820+00:00,1.9019760236453203,-0.5624956374384237,-0.12245680504634579,1.3352287884740774,52.17320864508825
1689,116,1,37.53976905505766,-2.1084893113220256,-1.841101243339254,5.903990526939017,-0.18171890178097452,4.423582338620846,"Ureña, José",570632,R,"Ureña, José",570632,pitcher-arm-angle-570632-R,Tigers,2021,https://baseballsavant.mlb.com/leaderboard/pitcher-arm-angles?season=2021,5aad5445df2f3ed492d69098db485e3f74e8fc44481d0612f1cef823925f5a21,2026-10-02T17:50:48.970292+00:00,187.96,https://www.mlb.com/player/570632,5ba3754ccb5a4e9735b42723fce7a24ac256c5d7fbff5df5b927ae84de84b23e,2026-10-02T17:52:11.437864+00:00,1.7995363126110124,0.5611676589698046,-0.026111961858307747,1.3483078968116338,37.536390699044254
1134,142,2,38.65185989507477,-1.9152806830448086,-0.8226190476190476,5.374320987654321,-0.2165608729048578,4.015397912486403,"Robles, Hansel",570663,R,"Robles, Hansel",570663,pitcher-arm-angle-570663-R,zMLB,2021,https://baseballsavant.mlb.com/leaderboard/pitcher-arm-angles?season=2021,5aad5445df2f3ed492d69098db485e3f74e8fc44481d0612f1cef823925f5a21,2026-10-02T17:50:48.970292+00:00,182.88,https://www.mlb.com/player/570663,4590e5ba6d17df149a637bace323adbf659cbf9b6f615bbc9f5f8cc9a442366c,2026-10-02T17:52:12.536128+00:00,1.638093037037037,0.25073428571428574,-0.2670355124163713,1.2238932837258556,38.658722891278195
1272,116,1,31.445638109720612,2.3167004706094336,2.2361477987421385,5.75312893081761,0.2642434795178077,4.497361125590548,"Boyd, Matthew",571510,L,"Boyd, Matthew",571510,pitcher-arm-angle-571510-L,Tigers,2021,https://baseballsavant.mlb.com/leaderboard/pitcher-arm-angles?season=2021,5aad5445df2f3ed492d69098db485e3f74e8fc44481d0612f1cef823925f5a21,2026-10-02T17:50:48.970292+00:00,190.5,https://www.mlb.com/player/571510,5907092bfcc9de570f52409c103a306c00c1991b7098e1077aed877d783356d5,2026-10-02T17:52:12.305191+00:00,1.7535536981132076,-0.6815778490566039,-0.05598895817187624,1.3707956710799991,31.459810493104484
977,112,1,47.4098665054845,1.7928235277208333,1.9364994882292732,5.972231320368475,0.2205408964077396,4.261816202973164,"Brothers, Rex",571521,L,"Brothers, Rex",571521,pitcher-arm-angle-571521-L,Cubs,2021,https://baseballsavant.mlb.com/leaderboard/pitcher-arm-angles?season=2021,5aad5445df2f3ed492d69098db485e3f74e8fc44481d0612f1cef823925f5a21,2026-10-02T17:50:48.970292+00:00,182.88,https://www.mlb.com/player/571521,27110c08cc03582798d536f91180bb6eef09da7c172cbc5a834b17d4713b04e9,2026-10-02T17:52:14.077471+00:00,1.8203361064483112,-0.5902450440122825,-0.11101329798805151,1.2990015786662206,47.40952498310007
2672,120,1,46.973928400523945,1.5011588346854332,2.2313323353293413,6.3974775449101795,-0.08189870044425807,4.701521476650345,"Corbin, Patrick",571578,L,"Corbin, Patrick",571578,pitcher-arm-angle-571578-L,Nationals,2021,https://baseballsavant.mlb.com/leaderboard/pitcher-arm-angles?season=2021,5aad5445df2f3ed492d69098db485e3f74e8fc44481d0612f1cef823925f5a21,2026-10-02T17:50:48.970292+00:00,193.04,https://www.mlb.com/player/571578,60db0b5b9a16ae1d490538275f54313edac86864012522aa1bb61d641f0a1892,2026-10-02T17:52:14.243749+00:00,1.9499511556886229,-0.6801100958083832,-0.19759415910085332,1.433023746083025,46.971951308682044
1045,146,1,40.445689151695,-2.0247270255692595,-3.360583732057416,6.042937799043062,-0.3081502146532167,4.579526554723586,"Floro, Dylan",571670,R,"Floro, Dylan",571670,pitcher-arm-angle-571670-R,Marlins,2021,https://baseballsavant.mlb.com/leaderboard/pitcher-arm-angles?season=2021,5aad5445df2f3ed492d69098db485e3f74e8fc44481d0612f1cef823925f5a21,2026-10-02T17:50:48.970292+00:00,187.96,https://www.mlb.com/player/571670,bc1af426d5c09aedef6019930021c30bb0e6e0088084a52649255f02fbf758eb,2026-10-02T17:52:15.638412+00:00,1.8418874411483255,1.0243059215311006,0.5010933095638906,1.395839693879749,40.44816240917348
2156,147,2,32.1903223393437,2.3104413905378185,3.4148886827458256,5.286145640074212,0.4060995401786748,4.086978981283777,"Heaney, Andrew",571760,L,"Heaney, Andrew",571760,pitcher-arm-angle-571760-L,zMLB,2021,https://baseballsavant.mlb.com/leaderboard/pitcher-arm-angles?season=2021,5aad5445df2f3ed492d69098db485e3f74e8fc44481d0612f1cef823925f5a21,2026-10-02T17:50:48.970292+00:00,187.96,https://www.mlb.com/player/571760,cfb0a7e5518039bfa91b2862b063ded2f619266bf6909dad5ca0c9fd9b3e4392,2026-10-02T17:52:16.077710+00:00,1.6112171910946198,-1.0408580705009276,-0.4604146745114607,1.2457111934952954,32.19867706560213
2216,141,1,38.908919768080516,1.9493872024089558,1.9079828519855595,5.76221119133574,0.1692700900118211,4.325954378287662,"Matz, Steven",571927,L,"Matz, Steven",571927,pitcher-arm-angle-571927-L,Blue Jays,2021,https://baseballsavant.mlb.com/leaderboard/pitcher-arm-angles?season=2021,5aad5445df2f3ed492d69098db485e3f74e8fc44481d0612f1cef823925f5a21,2026-10-02T17:50:48.970292+00:00,187.96,https://www.mlb.com/player/571927,2522d9f586670062dcfcd69cb6315159981679d29b002ee8dd6440fec45bbc6d,2026-10-02T17:52:16.701731+00:00,1.7563219711191336,-0.5815531732851985,-0.038973477426551884,1.3185508945020794,38.8977264704211
2138,111,1,41.121199115639726,-1.893273041244398,-2.3874181478016836,5.780776426566885,-0.08352661852761982,4.200956339386879,"Richards, Garrett",572070,R,"Richards, Garrett",572070,pitcher-arm-angle-572070-R,Red Sox,2021,https://baseballsavant.mlb.com/leaderboard/pitcher-arm-angles?season=2021,5aad5445df2f3ed492d69098db485e3f74e8fc44481d0612f1cef823925f5a21,2026-10-02T17:50:48.970292+00:00,187.96,https://www.mlb.com/player/572070,2935e8ffb3da53856d21b887ea351e847c9f06221a491109db54486910b8338c,2026-10-02T17:52:20.082571+00:00,1.7619806548175867,0.7276850514499532,0.17607434180587914,1.280451492245121,41.119368585254016
1035,135,1,44.28699538487128,-1.7945219716999228,-1.8014009661835748,6.079323671497584,-0.1561451168702,4.481813518440094,"Johnson, Pierce",572955,R,"Johnson, Pierce",572955,pitcher-arm-angle-572955-R,Padres,2021,https://baseballsavant.mlb.com/leaderboard/pitcher-arm-angles?season=2021,5aad5445df2f3ed492d69098db485e3f74e8fc44481d0612f1cef823925f5a21,2026-10-02T17:50:48.970292+00:00,187.96,https://www.mlb.com/player/572955,ee0bc8d76d29ab04565b6206b08662347ef6e9e51a6039ae8039c05a61310afa,2026-10-02T17:52:21.826756+00:00,1.8529778550724638,0.5490670144927536,0.049689749140654105,1.3660567604205407,44.276437943125785
2707,145,1,46.81529571684603,1.6844370569544416,1.3567454746952345,6.074174362763206,0.13983539623261906,4.428055994438797,"Keuchel, Dallas",572971,L,"Keuchel, Dallas",572971,pitcher-arm-angle-572971-L,White Sox,2021,https://baseballsavant.mlb.com/leaderboard/pitcher-arm-angles?season=2021,5aad5445df2f3ed492d69098db485e3f74e8fc44481d0612f1cef823925f5a21,2026-10-02T17:50:48.970292+00:00,187.96,https://www.mlb.com/player/572971,c9e4b9a5f5c8b9d45ba241789fdd2a6a45b3faf5d38ed56bf70e91afa2a9efab,2026-10-02T17:52:22.182349+00:00,1.8514083457702253,-0.4135360206871075,0.05725856550090402,1.3496714671049452,46.822321423509024
2725,121,1,38.92250367804202,-1.7280576890536914,-1.0734422018348624,5.256822018348624,-0.08466971938613645,3.9297788879049533,"Stroman, Marcus",573186,R,"Stroman, Marcus",573186,pitcher-arm-angle-573186-R,Mets,2021,https://baseballsavant.mlb.com/leaderboard/pitcher-arm-angles?season=2021,5aad5445df2f3ed492d69098db485e3f74e8fc44481d0612f1cef823925f5a21,2026-10-02T17:50:48.970292+00:00,170.18,https://www.mlb.com/player/573186,7c7524ca75b399da91877e79ff6e3e037bad8d2988b3f3eaf58f9bd670da86f9,2026-10-02T17:52:23.513424+00:00,1.6022793511926605,0.3271851831192661,-0.1737194700354047,1.1977966050334299,38.92102970622055
1074,142,1,54.42464981732717,0.9598319874038062,0.5617504655493483,6.00231843575419,-0.3470564532842509,4.177262865288193,"Thielbar, Caleb",573204,L,"Thielbar, Caleb",573204,pitcher-arm-angle-573204-L,Twins,2021,https://baseballsavant.mlb.com/leaderboard/pitcher-arm-angles?season=2021,5aad5445df2f3ed492d69098db485e3f74e8fc44481d0612f1cef823925f5a21,2026-10-02T17:50:48.970292+00:00,182.88,https://www.mlb.com/player/573204,f86488313ebf448e7c194943285ea88c0f27d7c55cf42e1d7d52e9d966a71395,2026-10-02T17:52:23.706496+00:00,1.8295066592178773,-0.17122154189944136,0.22711805482227845,1.2732297213398414,54.39425143275705
2445,136,1,48.250726299373554,1.5600592234108743,2.248040899795501,5.655680981595092,0.1336907636235011,4.056248052225352,"Kikuchi, Yusei",579328,L,"Kikuchi, Yusei",579328,pitcher-arm-angle-579328-L,Mariners,2021,https://baseballsavant.mlb.com/leaderboard/pitcher-arm-angles?season=2021,5aad5445df2f3ed492d69098db485e3f74e8fc44481d0612f1cef823925f5a21,2026-10-02T17:50:48.970292+00:00,182.88,https://www.mlb.com/player/579328,b72bc9fa048155a73e173e71d31e34584f5668188ca9f3b36104ce351f0ce63b,2026-10-02T17:52:23.664692+00:00,1.723851563190184,-0.6852028662576687,-0.2504457597144773,1.2363444063182873,48.273536706204574
2173,140,1,38.08727434670232,-1.7694514793253444,-2.1037275655775427,5.860694891854579,0.09526210911461601,4.399321439979288,"Foltynewicz, Mike",592314,R,"Foltynewicz, Mike",592314,pitcher-arm-angle-592314-R,Rangers,2021,https://baseballsavant.mlb.com/leaderboard/pitcher-arm-angles?season=2021,5aad5445df2f3ed492d69098db485e3f74e8fc44481d0612f1cef823925f5a21,2026-10-02T17:50:48.970292+00:00,193.04,https://www.mlb.com/player/592314,053ac10a355407d54d5b6c2beb06cdd1711a857ca7f64a190a928a596ccfc2a8,2026-10-02T17:52:25.355705+00:00,1.786339803037276,0.641216161988035,0.07285146023153508,1.340913174905687,38.08574983174904
2985,137,1,41.35997619797211,-1.9844161516842722,-2.581041876046901,5.999688442211055,-0.19065248671877766,4.420373826464041,"Gausman, Kevin",592332,R,"Gausman, Kevin",592332,pitcher-arm-angle-592332-R,Giants,2021,https://baseballsavant.mlb.com/leaderboard/pitcher-arm-angles?season=2021,5aad5445df2f3ed492d69098db485e3f74e8fc44481d0612f1cef823925f5a21,2026-10-02T17:50:48.970292+00:00,187.96,https://www.mlb.com/player/592332,b797b807a781c4e16bb2f5580f9c4feef31951be17c2f152792487c120cbf7e1,2026-10-02T17:52:25.045180+00:00,1.8287050371859297,0.7867015638190955,0.23996239873761274,1.3473299423062397,41.36222175479803
1628,115,1,38.48790952737602,-1.8659212358501527,-1.8142383292383293,5.973617936117936,-0.07660581716281833,4.550617129510155,"González, Chi Chi",592346,R,"González, Chi Chi",592346,pitcher-arm-angle-592346-R,Rockies,2021,https://baseballsavant.mlb.com/leaderboard/pitcher-arm-angles?season=2021,5aad5445df2f3ed492d69098db485e3f74e8fc44481d0612f1cef823925f5a21,2026-10-02T17:50:48.970292+00:00,190.5,https://www.mlb.com/player/592346,4e48d9cc9c86aaf41565f30ed68e6f94546163ecd6d7c1546082009307e5e5d5,2026-10-02T17:52:26.449595+00:00,1.820758746928747,0.5529798427518428,0.007596503135943257,1.3870281010746954,38.49441121804595
2521,115,1,31.356183218862324,-2.1779521053234365,-1.9853550178500594,5.647973026576755,-0.19933986980581603,4.442228343767901,"Gray, Jon",592351,R,"Gray, Jon",592351,pitcher-arm-angle-592351-R,Rockies,2021,https://baseballsavant.mlb.com/leaderboard/pitcher-arm-angles?season=2021,5aad5445df2f3ed492d69098db485e3f74e8fc44481d0612f1cef823925f5a21,2026-10-02T17:50:48.970292+00:00,193.04,https://www.mlb.com/player/592351,4645c32c44e0c695252f7ebe76e58aaf46efea1099dbfd66418a4326d8984359,2026-10-02T17:52:27.163509+00:00,1.721502178500595,0.6051362094406981,0.0020552000549273804,1.3539911991804563,31.35767334660692
1080,121,2,38.36014039751047,-1.8647924009593584,-1.0463055555555556,5.747425925925926,-0.066820188041715,4.323889044719929,"Hembree, Heath",592390,R,"Hembree, Heath",592390,pitcher-arm-angle-592390-R,zMLB,2021,https://baseballsavant.mlb.com/leaderboard/pitcher-arm-angles?season=2021,5aad5445df2f3ed492d69098db485e3f74e8fc44481d0612f1cef823925f5a21,2026-10-02T17:50:48.970292+00:00,193.04,https://www.mlb.com/player/592390,69f8cae54d0d7677dc2207a5c3b3944a06884093d8c722c00eb3b216160d7983,2026-10-02T17:52:26.772552+00:00,1.7518154222222224,0.31891393333333334,-0.22910799716396438,1.3179213808306345,38.37027114711614
1026,144,1,50.815909007841036,-1.3520074603807228,-2.309317738791423,6.399005847953217,0.11582392006844824,4.596544093638142,"Jackson, Luke",592426,R,"Jackson, Luke",592426,pitcher-arm-angle-592426-R,Braves,2021,https://baseballsavant.mlb.com/leaderboard/pitcher-arm-angles?season=2021,5aad5445df2f3ed492d69098db485e3f74e8fc44481d0612f1cef823925f5a21,2026-10-02T17:50:48.970292+00:00,187.96,https://www.mlb.com/player/592426,558e46180011538d766c93eeeb606110100b4e5da50903309d772ec866335d3e,2026-10-02T17:52:27.987848+00:00,1.9504169824561406,0.7038800467836258,0.2564850420227185,1.401026639740906,50.84241518761894
2430,141,1,46.36700418642507,1.7040456170674827,2.5761069958847735,6.029333333333334,0.14525186356340142,4.394343855396545,"Ray, Robbie",592662,L,"Ray, Robbie",592662,pitcher-arm-angle-592662-L,Blue Jays,2021,https://baseballsavant.mlb.com/leaderboard/pitcher-arm-angles?season=2021,5aad5445df2f3ed492d69098db485e3f74e8fc44481d0612f1cef823925f5a21,2026-10-02T17:50:48.970292+00:00,187.96,https://www.mlb.com/player/592662,84f88786d76c14779cb18721a309e104c90b22cf52270ba1f71b260e68e8deb6,2026-10-02T17:52:29.176010+00:00,1.8377408000000002,-0.785197412345679,-0.31007707627763503,1.339396007124867,46.366675539191654
2041,109,1,49.47434078801799,1.1910300669561449,1.62234198922097,6.203302302792749,-0.24836950373125063,4.519393490226755,"Smith, Caleb",592761,L,"Smith, Caleb",592761,pitcher-arm-angle-592761-L,Diamondbacks,2021,https://baseballsavant.mlb.com/leaderboard/pitcher-arm-angles?season=2021,5aad5445df2f3ed492d69098db485e3f74e8fc44481d0612f1cef823925f5a21,2026-10-02T17:50:48.970292+00:00,182.88,https://www.mlb.com/player/592761,15839afca286cbd0947f06d4850b220e530eee1a6b1b599a654b70d4ca8d4374,2026-10-02T17:52:30.796613+00:00,1.89076654189123,-0.4944898383145517,-0.055760849169033525,1.377511135821115,49.47628971441797
2044,144,1,50.59877334421488,1.496871500020835,1.902803326810176,6.589212328767124,-0.02236916980880148,4.73936822791274,"Smyly, Drew",592767,L,"Smyly, Drew",592767,pitcher-arm-angle-592767-L,Braves,2021,https://baseballsavant.mlb.com/leaderboard/pitcher-arm-angles?season=2021,5aad5445df2f3ed492d69098db485e3f74e8fc44481d0612f1cef823925f5a21,2026-10-02T17:50:48.970292+00:00,187.96,https://www.mlb.com/player/592767,e9e92aa67f0c74c5b8e32987fe77d68eb57d457b6e9dddf00f324f80f7e6e7e3,2026-10-02T17:52:31.067100+00:00,2.0083919178082192,-0.5799744540117416,-0.11690989784766846,1.4445594358678033,50.604409508561204
1150,117,1,45.590734258246115,-1.450458757736492,-0.5188521739130435,6.251173913043479,0.23212553611452488,4.53330701760637,"Stanek, Ryne",592773,R,"Stanek, Ryne",592773,pitcher-arm-angle-592773-R,Astros,2021,https://baseballsavant.mlb.com/leaderboard/pitcher-arm-angles?season=2021,5aad5445df2f3ed492d69098db485e3f74e8fc44481d0612f1cef823925f5a21,2026-10-02T17:50:48.970292+00:00,193.04,https://www.mlb.com/player/592773,b5e60b60d7eb028469fb5bcb691da28717bb0ceae898736282bfffb436cec62f,2026-10-02T17:52:31.138265+00:00,1.9053578086956524,0.15814614260869567,-0.35470555015709426,1.3817519789664217,45.59447158857722
2367,147,1,45.02792668849343,-1.697453478988058,-1.5689015631601182,6.162564427545416,-0.047305282584084445,4.510354013110813,"Taillon, Jameson",592791,R,"Taillon, Jameson",592791,pitcher-arm-angle-592791-R,Yankees,2021,https://baseballsavant.mlb.com/leaderboard/pitcher-arm-angles?season=2021,5aad5445df2f3ed492d69098db485e3f74e8fc44481d0612f1cef823925f5a21,2026-10-02T17:50:48.970292+00:00,195.58,https://www.mlb.com/player/592791,27d81467cdcdf663878034762559e6df7f91dae897f0b86ce855040c42042f81,2026-10-02T17:52:31.811196+00:00,1.8783496375158428,0.47820119645120407,-0.02476397381272711,1.374755903196176,45.03577938926567
1647,143,2,46.18157212431795,-1.5060791869276946,-1.457103825136612,5.755743776563449,0.11045293379805696,4.068816901155947,"Velasquez, Vince",592826,R,"Velasquez, Vince",592826,pitcher-arm-angle-592826-R,zMLB,2021,https://baseballsavant.mlb.com/leaderboard/pitcher-arm-angles?season=2021,5aad5445df2f3ed492d69098db485e3f74e8fc44481d0612f1cef823925f5a21,2026-10-02T17:50:48.970292+00:00,190.5,https://www.mlb.com/player/592826,1a2d6511aa68f56a2a1e64aa84a50633826a8feee89fd7da6c08aeb635b749e4,2026-10-02T17:52:32.431416+00:00,1.7543507030965393,0.4441252459016394,-0.04859374449556975,1.2401753914723328,46.220754371661556
2520,121,1,44.83404285121118,-1.9149237711186018,-1.8756349206349205,6.341920634920635,-0.22009204146987077,4.656846149969647,"Walker, Taijuan",592836,R,"Walker, Taijuan",592836,pitcher-arm-angle-592836-R,Mets,2021,https://baseballsavant.mlb.com/leaderboard/pitcher-arm-angles?season=2021,5aad5445df2f3ed492d69098db485e3f74e8fc44481d0612f1cef823925f5a21,2026-10-02T17:50:48.970292+00:00,193.04,https://www.mlb.com/player/592836,6b55ca95f2555566df547acd884f723e3a151668b551cec31a472358de9da3c1,2026-10-02T17:52:33.996360+00:00,1.9330174095238097,0.5716935238095238,0.05510881261259057,1.4194067065107485,44.83459677506966
1513,121,2,27.865018765418743,-2.2542897630183525,-2.046463978849967,5.1825380039656315,-0.22808588996006682,4.111065055255143,"Williams, Trevor",592866,R,"Williams, Trevor",592866,pitcher-arm-angle-592866-R,zMLB,2021,https://baseballsavant.mlb.com/leaderboard/pitcher-arm-angles?season=2021,5aad5445df2f3ed492d69098db485e3f74e8fc44481d0612f1cef823925f5a21,2026-10-02T17:50:48.970292+00:00,190.5,https://www.mlb.com/player/592866,07c567235fae81f15ed678a4589f2bffb1c697fe15bef8d995a07d90c1ded56a,2026-10-02T17:52:33.983445+00:00,1.5796375836087246,0.62376222075347,0.00617528024530447,1.2530526288417676,27.870247110073766
1570,147,1,31.01308783644242,-2.402352767702698,-1.7198025477707006,5.508019108280255,-0.26650541737505656,4.224386636948758,"Germán, Domingo",593334,R,"Germán, Domingo",593334,pitcher-arm-angle-593334-R,Yankees,2021,https://baseballsavant.mlb.com/leaderboard/pitcher-arm-angles?season=2021,5aad5445df2f3ed492d69098db485e3f74e8fc44481d0612f1cef823925f5a21,2026-10-02T17:50:48.970292+00:00,187.96,https://www.mlb.com/player/593334,efb70d7225073a5e79192ebd021b687b2aa4fe8d30751d39ea6803a6f91257ab,2026-10-02T17:52:35.318013+00:00,1.6788442242038217,0.5241958165605096,-0.12681045581935554,1.2875930469419814,31.005634919223546
1199,138,1,28.586458321524383,-2.410779045570664,-1.9968974145120935,5.230391993327773,-0.3817653269584428,4.124528080347917,"Martinez, Carlos",593372,R,"Martinez, Carlos",593372,pitcher-arm-angle-593372-R,Cardinals,2021,https://baseballsavant.mlb.com/leaderboard/pitcher-arm-angles?season=2021,5aad5445df2f3ed492d69098db485e3f74e8fc44481d0612f1cef823925f5a21,2026-10-02T17:50:48.970292+00:00,182.88,https://www.mlb.com/player/593372,2d95974966c90207602cc16091847ac7cc12abb02fd9868d1e332d5f543251eb,2026-10-02T17:52:35.394606+00:00,1.5942234795663053,0.6086543319432861,-0.009789049489718914,1.2571561588900453,28.591503897505067
3010,133,1,51.45349357527856,-1.3655058247671241,-1.1822923588039866,6.246129568106312,0.09198892427229877,4.417066189644251,"Montas, Frankie",593423,R,"Montas, Frankie",593423,pitcher-arm-angle-593423-R,Athletics,2021,https://baseballsavant.mlb.com/leaderboard/pitcher-arm-angles?season=2021,5aad5445df2f3ed492d69098db485e3f74e8fc44481d0612f1cef823925f5a21,2026-10-02T17:50:48.970292+00:00,187.96,https://www.mlb.com/player/593423,ade711afc6e83f5f9574f0b09731f5b12dd3e0e77da985d044965ed9cc44fcd1,2026-10-02T17:52:36.112707+00:00,1.903820292358804,0.3603627109634551,-0.08388168854376098,1.3463217746035676,51.4503035768401
1215,143,1,33.874995896754506,-2.1226194877938287,-1.89440329218107,5.817843621399177,-0.2030932810770586,4.529290046208925,"Neris, Héctor",593576,R,"Neris, Héctor",593576,pitcher-arm-angle-593576-R,Phillies,2021,https://baseballsavant.mlb.com/leaderboard/pitcher-arm-angles?season=2021,5aad5445df2f3ed492d69098db485e3f74e8fc44481d0612f1cef823925f5a21,2026-10-02T17:50:48.970292+00:00,187.96,https://www.mlb.com/player/593576,c50fb75fb49dbe3b46a2ddf94063faa096838529f79ec4ccc4a9e2e554ed80e3,2026-10-02T17:52:37.207910+00:00,1.7732787358024693,0.5774141234567902,-0.0076574643504813715,1.3805276060844804,33.87296055353938
2600,111,1,34.833852214228145,2.157962482356498,1.7666923076923078,5.827015384615384,0.2838320202218737,4.522613667074041,"Rodriguez, Eduardo",593958,L,"Rodriguez, Eduardo",593958,pitcher-arm-angle-593958-L,Red Sox,2021,https://baseballsavant.mlb.com/leaderboard/pitcher-arm-angles?season=2021,5aad5445df2f3ed492d69098db485e3f74e8fc44481d0612f1cef823925f5a21,2026-10-02T17:50:48.970292+00:00,187.96,https://www.mlb.com/player/593958,0046f411825500f781abefcda9bf832f22a018c5592565ba72ddbf72df6d774f,2026-10-02T17:52:37.354668+00:00,1.7760742892307693,-0.5384878153846154,0.03274714947401801,1.3784926457241677,34.8380592403912
1205,108,1,37.227290826801195,-1.8534341207342728,-2.2603734439834025,5.70655601659751,0.0018944977481939582,4.29743729231504,"Mayers, Mike",594577,R,"Mayers, Mike",594577,pitcher-arm-angle-594577-R,Angels,2021,https://baseballsavant.mlb.com/leaderboard/pitcher-arm-angles?season=2021,5aad5445df2f3ed492d69098db485e3f74e8fc44481d0612f1cef823925f5a21,2026-10-02T17:50:48.970292+00:00,187.96,https://www.mlb.com/player/594577,3a813a2be07d046e88b197f333bfcf0a90e283d22a4b72492a8157f622063c31,2026-10-02T17:52:37.463800+00:00,1.739358273858921,0.6889618257261411,0.1234576628126852,1.3098588866976244,37.216604615048766
1114,121,1,35.799054536651596,-2.0077316054301844,-1.1336445242369837,5.5037881508079,-0.024573496363618084,4.072725262575325,"deGrom, Jacob",594798,R,"deGrom, Jacob",594798,pitcher-arm-angle-594798-R,Mets,2021,https://baseballsavant.mlb.com/leaderboard/pitcher-arm-angles?season=2021,5aad5445df2f3ed492d69098db485e3f74e8fc44481d0612f1cef823925f5a21,2026-10-02T17:50:48.970292+00:00,193.04,https://www.mlb.com/player/594798,71efe3efa22eb45297de4b7502e59b4771b6159ad229ddf2b903d4438f0df604,2026-10-02T17:52:39.415329+00:00,1.677554628366248,0.34553485098743264,-0.2589317406560568,1.2413666600329591,35.814520273319964
2218,136,1,48.003940431106095,1.4777269559602504,2.4069747520288547,5.656821460775474,0.10618382038872809,4.135819348506145,"Gonzales, Marco",594835,L,"Gonzales, Marco",594835,pitcher-arm-angle-594835-L,Mariners,2021,https://baseballsavant.mlb.com/leaderboard/pitcher-arm-angles?season=2021,5aad5445df2f3ed492d69098db485e3f74e8fc44481d0612f1cef823925f5a21,2026-10-02T17:50:48.970292+00:00,185.42000000000002,https://www.mlb.com/player/594835,fe394158902021ca1306f3acf989ed763d634cb09cee6c74d6497b64fb8afc10,2026-10-02T17:52:40.709451+00:00,1.7241991812443644,-0.733645904418395,-0.3155995566961949,1.2605977374246733,47.95786551725594
1078,119,1,35.37902303831999,-2.192401394319489,-3.0748144712430427,6.318664192949907,-0.16900066497245297,4.881984416205975,"Treinen, Blake",595014,R,"Treinen, Blake",595014,pitcher-arm-angle-595014-R,Dodgers,2021,https://baseballsavant.mlb.com/leaderboard/pitcher-arm-angles?season=2021,5aad5445df2f3ed492d69098db485e3f74e8fc44481d0612f1cef823925f5a21,2026-10-02T17:50:48.970292+00:00,195.58,https://www.mlb.com/player/595014,e190e2a837af3e10099d3f8752eab9feaa59dd65d64c4abd4af5040df03a77ca,2026-10-02T17:52:42.341016+00:00,1.9259288460111317,0.9372034508348794,0.3204709085299029,1.488028850059581,35.37598040623829
985,158,2,42.19500677374109,2.044340815627349,1.7828527918781727,5.934994923857868,0.3611154014526207,4.40898585096459,"Norris, Daniel",596057,L,"Norris, Daniel",596057,pitcher-arm-angle-596057-L,zMLB,2021,https://baseballsavant.mlb.com/leaderboard/pitcher-arm-angles?season=2021,5aad5445df2f3ed492d69098db485e3f74e8fc44481d0612f1cef823925f5a21,2026-10-02T17:50:48.970292+00:00,187.96,https://www.mlb.com/player/596057,48a103fb36a703929367ee80197d1f90b5c5417019dcd2cf024fe38690070b73,2026-10-02T17:52:44.310895+00:00,1.8089864527918782,-0.5434135309644671,-0.030366424724009914,1.3438588873740072,42.195394332891084
1106,109,1,52.1672373766234,-1.3152752346134056,-0.9731012658227848,5.725298372513563,0.05150077275213883,3.963875807856802,"Weaver, Luke",596133,R,"Weaver, Luke",596133,pitcher-arm-angle-596133-R,Diamondbacks,2021,https://baseballsavant.mlb.com/leaderboard/pitcher-arm-angles?season=2021,5aad5445df2f3ed492d69098db485e3f74e8fc44481d0612f1cef823925f5a21,2026-10-02T17:50:48.970292+00:00,187.96,https://www.mlb.com/player/596133,15365037bcde18b5fcc7293c4ed62a392bac55afa52a0305d0344876658b25fb,2026-10-02T17:52:44.404323+00:00,1.745070943942134,0.2966012658227848,-0.11999206122223313,1.2081893462347533,52.19032182990547
1747,115,1,60.59446440502632,0.7752651286599261,1.9293073840870063,6.684499141385232,-0.351487495317831,4.6857103602057855,"Gomber, Austin",596295,L,"Gomber, Austin",596295,pitcher-arm-angle-596295-L,Rockies,2021,https://baseballsavant.mlb.com/leaderboard/pitcher-arm-angles?season=2021,5aad5445df2f3ed492d69098db485e3f74e8fc44481d0612f1cef823925f5a21,2026-10-02T17:50:48.970292+00:00,195.58,https://www.mlb.com/player/596295,6debe05903bb71bbb6c416f25e358bf7adca2c797bd49df448a70b7a8053ba41,2026-10-02T17:52:45.550236+00:00,2.0374353382942187,-0.5880528906697196,-0.24461869088129914,1.4282045177907234,60.589274178833406
2608,111,1,55.5369779797335,-1.3257162674353884,-1.7363458588957055,6.572902607361963,-0.0018895601546181822,4.644759870388436,"Pivetta, Nick",601713,R,"Pivetta, Nick",601713,pitcher-arm-angle-601713-R,Red Sox,2021,https://baseballsavant.mlb.com/leaderboard/pitcher-arm-angles?season=2021,5aad5445df2f3ed492d69098db485e3f74e8fc44481d0612f1cef823925f5a21,2026-10-02T17:50:48.970292+00:00,195.58,https://www.mlb.com/player/601713,1d5dd5d365c34dc7c11c37be25bbe96bf37d32eda867061d650ad00d6608316c,2026-10-02T17:52:46.334739+00:00,2.0034207147239265,0.529238217791411,0.12573583741223227,1.4157228084943954,55.52723647120628
1187,118,1,34.39995139586352,-1.995160818406874,-1.8801853411962932,5.380935130581298,-0.14363255004506206,4.113272751990357,"Barlow, Scott",605130,R,"Barlow, Scott",605130,pitcher-arm-angle-605130-R,Royals,2021,https://baseballsavant.mlb.com/leaderboard/pitcher-arm-angles?season=2021,5aad5445df2f3ed492d69098db485e3f74e8fc44481d0612f1cef823925f5a21,2026-10-02T17:50:48.970292+00:00,190.5,https://www.mlb.com/player/605130,b84f311299518d9da1ef7c1d7d6adeb5a0bf0477287eb00540c44c8984710899,2026-10-02T17:52:47.557622+00:00,1.6401090278011796,0.5730804919966302,0.008734675799949866,1.253725534806661,34.39777758629084
2371,133,1,39.44872852189671,-2.0147657291883756,-1.2697089835512443,5.545786587937579,-0.04120351043726412,3.921097712576672,"Bassitt, Chris",605135,R,"Bassitt, Chris",605135,pitcher-arm-angle-605135-R,Athletics,2021,https://baseballsavant.mlb.com/leaderboard/pitcher-arm-angles?season=2021,5aad5445df2f3ed492d69098db485e3f74e8fc44481d0612f1cef823925f5a21,2026-10-02T17:50:48.970292+00:00,195.58,https://www.mlb.com/player/605135,2d5b8d78f78c60ab5dc76cd73f77740147cb027467e9b85f1f0c1b610920b739,2026-10-02T17:52:48.378024+00:00,1.6903557520033743,0.38700729818641927,-0.21453446608891955,1.1951505827933697,39.46211926611202
1506,108,1,54.08634791829937,-1.301064909963497,-2.055889774236388,6.137290836653387,-0.022916506256613473,4.373685705517946,"Bundy, Dylan",605164,R,"Bundy, Dylan",605164,pitcher-arm-angle-605164-R,Angels,2021,https://baseballsavant.mlb.com/leaderboard/pitcher-arm-angles?season=2021,5aad5445df2f3ed492d69098db485e3f74e8fc44481d0612f1cef823925f5a21,2026-10-02T17:50:48.970292+00:00,185.42000000000002,https://www.mlb.com/player/605164,26925fa43d4cec7c0d209f6e54ae527bc2571a30928652f5610af5ba572138a0,2026-10-02T17:52:49.320625+00:00,1.8706462470119523,0.6266352031872511,0.23705556973739297,1.3330994030418701,54.06779818811705
2460,112,1,38.7816733286168,-1.9062318438156505,-1.8113333333333332,5.479516260162602,-0.25143826861545615,4.1493299617015875,"Davies, Zach",605200,R,"Davies, Zach",605200,pitcher-arm-angle-605200-R,Cubs,2021,https://baseballsavant.mlb.com/leaderboard/pitcher-arm-angles?season=2021,5aad5445df2f3ed492d69098db485e3f74e8fc44481d0612f1cef823925f5a21,2026-10-02T17:50:48.970292+00:00,182.88,https://www.mlb.com/player/605200,c54f16b1dc5e432bb6d295bcf797672fda59a25437fddc50f3246e4e3010a77d,2026-10-02T17:52:49.924470+00:00,1.670156556097561,0.5520944,0.047713318278980746,1.264715772326644,38.793650706178305
1177,116,1,47.181663705318854,-1.4737616631065311,-1.9577060322854716,6.186380628717077,0.061934009331217614,4.529318822689827,"Fulmer, Michael",605242,R,"Fulmer, Michael",605242,pitcher-arm-angle-605242-R,Tigers,2021,https://baseballsavant.mlb.com/leaderboard/pitcher-arm-angles?season=2021,5aad5445df2f3ed492d69098db485e3f74e8fc44481d0612f1cef823925f5a21,2026-10-02T17:50:48.970292+00:00,187.96,https://www.mlb.com/player/605242,638f4c7bcc5a9a15513d4c90b58feb42f7b13627548f9219edd230580e61d8fa,2026-10-02T17:52:51.203666+00:00,1.8856088156329653,0.5967087986406118,0.12862875768158594,1.3805363771558594,47.17693351794695
1082,147,2,48.42731492833252,-1.6680603693786769,-0.9892975970425139,6.422726432532348,-0.03285011745371984,4.5792473002296825,"Holmes, Clay",605280,R,"Holmes, Clay",605280,pitcher-arm-angle-605280-R,zMLB,2021,https://baseballsavant.mlb.com/leaderboard/pitcher-arm-angles?season=2021,5aad5445df2f3ed492d69098db485e3f74e8fc44481d0612f1cef823925f5a21,2026-10-02T17:50:48.970292+00:00,195.58,https://www.mlb.com/player/605280,5536b14d41d22735cbe6e82895b4da698e78959f1940857a143e30493a5d68d4,2026-10-02T17:52:50.718605+00:00,1.9576470166358597,0.30153790757855825,-0.1968741772081687,1.3957545771100073,48.426204418637774
2262,158,1,45.57716367655059,-1.7176119673676704,-1.2965473032714412,6.01919098143236,-0.043081600084752966,4.3118133880636496,"Houser, Adrian",605288,R,"Houser, Adrian",605288,pitcher-arm-angle-605288-R,Brewers,2021,https://baseballsavant.mlb.com/leaderboard/pitcher-arm-angles?season=2021,5aad5445df2f3ed492d69098db485e3f74e8fc44481d0612f1cef823925f5a21,2026-10-02T17:50:48.970292+00:00,193.04,https://www.mlb.com/player/605288,ba7121746c925ebbe4f6af45cd07c21a38a1849e1669ac167d8a342c511550b3,2026-10-02T17:52:52.705650+00:00,1.8346494111405836,0.3951876180371353,-0.11520923791069797,1.3142407206818005,45.55647529998366
2057,110,1,39.12464991378306,-1.7653066665496604,-1.8656781720952844,5.806674769081186,-0.0534801817625667,4.414095150250735,"López, Jorge",605347,R,"López, Jorge",605347,pitcher-arm-angle-605347-R,Orioles,2021,https://baseballsavant.mlb.com/leaderboard/pitcher-arm-angles?season=2021,5aad5445df2f3ed492d69098db485e3f74e8fc44481d0612f1cef823925f5a21,2026-10-02T17:50:48.970292+00:00,190.5,https://www.mlb.com/player/605347,7c65603d188c484d0e369cd02c2bb73bc67b578ff26f6b70d9295f8a999c802f,2026-10-02T17:52:52.020206+00:00,1.7698744696159456,0.5686587068546427,0.04689399429153653,1.3454162017964242,39.12853098980288
2899,135,1,36.244868376741145,-2.416595964283894,-1.343566747154191,6.396640220765781,-0.36274739090763936,4.892553421336314,"Musgrove, Joe",605397,R,"Musgrove, Joe",605397,pitcher-arm-angle-605397-R,Padres,2021,https://baseballsavant.mlb.com/leaderboard/pitcher-arm-angles?season=2021,5aad5445df2f3ed492d69098db485e3f74e8fc44481d0612f1cef823925f5a21,2026-10-02T17:50:48.970292+00:00,195.58,https://www.mlb.com/player/605397,4a3cfe24410d91df1a006a5f047a97bbe640bf2dac4fbb1ef8578a91c09d9b79,2026-10-02T17:52:52.867517+00:00,1.9496959392894102,0.4095191445325974,-0.21649390063248505,1.4912502828233085,36.216289274803366
2831,143,1,23.089672964373722,-2.289224347363373,-1.8342988343341575,5.075376192158248,-0.17682068200448992,4.174417080827338,"Nola, Aaron",605400,R,"Nola, Aaron",605400,pitcher-arm-angle-605400-R,Phillies,2021,https://baseballsavant.mlb.com/leaderboard/pitcher-arm-angles?season=2021,5aad5445df2f3ed492d69098db485e3f74e8fc44481d0612f1cef823925f5a21,2026-10-02T17:50:48.970292+00:00,187.96,https://www.mlb.com/player/605400,158d0dcf12bef4170e18c67c6f23317694654b664b5354d4bea4d5e60c059320,2026-10-02T17:52:53.517192+00:00,1.546974663369834,0.5590942847050513,-0.08476635249633639,1.2723623262361725,23.098682582843573
1690,120,1,36.32014547007748,-2.0877627703433532,-2.7535739644970416,5.792360946745562,-0.28316252875009607,4.465028171797942,"Ross, Joe",605452,R,"Ross, Joe",605452,pitcher-arm-angle-605452-R,Nationals,2021,https://baseballsavant.mlb.com/leaderboard/pitcher-arm-angles?season=2021,5aad5445df2f3ed492d69098db485e3f74e8fc44481d0612f1cef823925f5a21,2026-10-02T17:50:48.970292+00:00,193.04,https://www.mlb.com/player/605452,c1460cb33fd795e0588a0b6d148a88827a23ce3378425105c68f5c8e0d0c51e8,2026-10-02T17:52:54.464077+00:00,1.7655116165680476,0.8392893443786983,0.2892471907410735,1.360940586764013,36.33549749896347
2318,135,1,56.58424124743667,1.2199433269517308,1.9739214840379637,6.591462467644521,-0.116282843646577,4.5667186766007,"Snell, Blake",605483,L,"Snell, Blake",605483,pitcher-arm-angle-605483-L,Padres,2021,https://baseballsavant.mlb.com/leaderboard/pitcher-arm-angles?season=2021,5aad5445df2f3ed492d69098db485e3f74e8fc44481d0612f1cef823925f5a21,2026-10-02T17:50:48.970292+00:00,193.04,https://www.mlb.com/player/605483,d576004cf5e141ca55e4cab351a50a2923cf7e315034cb4704231a398817d1a0,2026-10-02T17:52:55.113614+00:00,2.0090777601380503,-0.6016512683347713,-0.19436953153640713,1.3919358526278933,56.577253278568676
1178,146,1,42.919647537428034,-1.8559312532837855,-1.246332767402377,6.5077334465195245,-0.012739383801058615,4.7938351214585815,"Thompson, Zach",605507,R,"Thompson, Zach",605507,pitcher-arm-angle-605507-R,Marlins,2021,https://baseballsavant.mlb.com/leaderboard/pitcher-arm-angles?season=2021,5aad5445df2f3ed492d69098db485e3f74e8fc44481d0612f1cef823925f5a21,2026-10-02T17:50:48.970292+00:00,200.66,https://www.mlb.com/player/605507,0529acb2a118a5d61124fddafaf8a8329a70a0a16339f0d9ca44ec2fc4d9c78c,2026-10-02T17:52:56.473014+00:00,1.9835571544991513,0.3798822275042445,-0.18192265431409066,1.4611609450205758,42.91832251775584
2787,158,1,42.60745613334877,-1.7320875350787992,-1.4515536419088626,5.900355220667384,-0.027599630357484348,4.33248884935157,"Woodruff, Brandon",605540,R,"Woodruff, Brandon",605540,pitcher-arm-angle-605540-R,Brewers,2021,https://baseballsavant.mlb.com/leaderboard/pitcher-arm-angles?season=2021,5aad5445df2f3ed492d69098db485e3f74e8fc44481d0612f1cef823925f5a21,2026-10-02T17:50:48.970292+00:00,193.04,https://www.mlb.com/player/605540,3c39e4346c92abeb140dd23a2e04fba11a6f47499c0abcf50c8df74579068691,2026-10-02T17:52:57.952230+00:00,1.7984282712594188,0.44243355005382135,-0.07709436330523545,1.3205426012823587,42.60927663704477
1227,138,1,53.97082518022968,-1.3295986211883208,-2.18200488997555,6.581646291768541,0.07624678908766218,4.6490980240385404,"Gallegos, Giovanny",606149,R,"Gallegos, Giovanny",606149,pitcher-arm-angle-606149-R,Cardinals,2021,https://baseballsavant.mlb.com/leaderboard/pitcher-arm-angles?season=2021,5aad5445df2f3ed492d69098db485e3f74e8fc44481d0612f1cef823925f5a21,2026-10-02T17:50:48.970292+00:00,187.96,https://www.mlb.com/player/606149,dd523472b0461706d743e5c84c8932b0df9117b8e7e0f76c8429ef73ad918008,2026-10-02T17:52:59.244907+00:00,2.0060857897310513,0.6650750904645477,0.2365734094124281,1.4170450777269472,53.96572856624126
990,137,1,38.37702879220284,1.7809065360882004,1.5994242424242424,5.876848484848485,0.0015619571200610617,4.466345477921724,"García, Jarlín",606424,L,"García, Jarlín",606424,pitcher-arm-angle-606424-L,Giants,2021,https://baseballsavant.mlb.com/leaderboard/pitcher-arm-angles?season=2021,5aad5445df2f3ed492d69098db485e3f74e8fc44481d0612f1cef823925f5a21,2026-10-02T17:50:48.970292+00:00,190.5,https://www.mlb.com/player/606424,e80557ae24e23383661c12eb6eb8c91e0f4f56b63516e9178ba29ccea3603d5f,2026-10-02T17:53:00.905699+00:00,1.7912634181818183,-0.4875045090909091,0.05483971857857978,1.3613421016705416,38.40418989230144
2213,145,1,48.09492976095189,1.6806150354151597,2.1162629914143696,6.579466787166742,0.08950885773577805,4.806153683976744,"Rodón, Carlos",607074,L,"Rodón, Carlos",607074,pitcher-arm-angle-607074-L,White Sox,2021,https://baseballsavant.mlb.com/leaderboard/pitcher-arm-angles?season=2021,5aad5445df2f3ed492d69098db485e3f74e8fc44481d0612f1cef823925f5a21,2026-10-02T17:50:48.970292+00:00,187.96,https://www.mlb.com/player/607074,f82f3852673598ea59ea572d872ed50c1785684ef045f3cc6c2fd3141eeb90da,2026-10-02T17:53:01.702775+00:00,2.005421476728423,-0.6450369597830998,-0.16006779682642436,1.4649156428761116,48.09994040798132
1242,139,1,53.67211157884077,-1.2349236899042346,-1.663196457326892,6.123824476650563,0.18175183234196182,4.194320329411775,"Glasnow, Tyler",607192,R,"Glasnow, Tyler",607192,pitcher-arm-angle-607192-R,Rays,2021,https://baseballsavant.mlb.com/leaderboard/pitcher-arm-angles?season=2021,5aad5445df2f3ed492d69098db485e3f74e8fc44481d0612f1cef823925f5a21,2026-10-02T17:50:48.970292+00:00,203.2,https://www.mlb.com/player/607192,2f65c0196847de5ce52d723cc3fb4acacc0da97b6944eb55888b52d5f871bbc6,2026-10-02T17:53:01.791687+00:00,1.8665417004830918,0.5069422801932367,0.07513958101259602,1.278428836404709,53.713236793253365
2309,120,1,35.05367488961417,-1.887731396166795,-1.5326548289302728,5.782815071459506,0.008969749701486958,4.450127476687957,"Fedde, Erick",607200,R,"Fedde, Erick",607200,pitcher-arm-angle-607200-R,Nationals,2021,https://baseballsavant.mlb.com/leaderboard/pitcher-arm-angles?season=2021,5aad5445df2f3ed492d69098db485e3f74e8fc44481d0612f1cef823925f5a21,2026-10-02T17:50:48.970292+00:00,193.04,https://www.mlb.com/player/607200,020d14d133a346bd062332f9843c06a439b6c1bb4b0a9f38b12c28494006dba0,2026-10-02T17:53:02.579014+00:00,1.7626020337808574,0.4671531918579472,-0.11096131740270518,1.3563988548944894,35.093199378512146
1968,142,2,45.28148167550576,-1.760699664162189,-2.646819105691057,6.092251016260162,-0.12681774076334157,4.4438408879442965,"Gant, John",607231,R,"Gant, John",607231,pitcher-arm-angle-607231-R,zMLB,2021,https://baseballsavant.mlb.com/leaderboard/pitcher-arm-angles?season=2021,5aad5445df2f3ed492d69098db485e3f74e8fc44481d0612f1cef823925f5a21,2026-10-02T17:50:48.970292+00:00,193.04,https://www.mlb.com/player/607231,462706b61bbf6dbe74d1b94593bf57a5200d69d87fcb162fb56668e107e869d0,2026-10-02T17:53:03.455140+00:00,1.8569181097560976,0.8067504634146342,0.3087432531626655,1.3544827026454216,45.25360308484232
1878,115,1,30.983937163622628,2.2415330951006056,1.830346112886049,5.654595314164005,0.26762078958633506,4.469657877807951,"Freeland, Kyle",607536,L,"Freeland, Kyle",607536,pitcher-arm-angle-607536-L,Rockies,2021,https://baseballsavant.mlb.com/leaderboard/pitcher-arm-angles?season=2021,5aad5445df2f3ed492d69098db485e3f74e8fc44481d0612f1cef823925f5a21,2026-10-02T17:50:48.970292+00:00,193.04,https://www.mlb.com/player/607536,1de97eac619ac57f48d9f53fd204584698245fc31fb62208d81b1523ca3ae98c,2026-10-02T17:53:05.414676+00:00,1.7235206517571886,-0.5578894952076677,0.04375897551308194,1.3623517211558636,30.97634838521214
2210,110,1,51.41314098150576,1.4272784959213287,0.4581809954751131,6.512692307692308,0.011325874962983953,4.737675736156793,"Means, John",607644,L,"Means, John",607644,pitcher-arm-angle-607644-L,Orioles,2021,https://baseballsavant.mlb.com/leaderboard/pitcher-arm-angles?season=2021,5aad5445df2f3ed492d69098db485e3f74e8fc44481d0612f1cef823925f5a21,2026-10-02T17:50:48.970292+00:00,193.04,https://www.mlb.com/player/607644,5cb2d31eeb461f201c1f5f9e1812147d3adb6a8639892d4fc5d55010035b8451,2026-10-02T17:53:07.034577+00:00,1.9850686153846155,-0.13965356742081447,0.29192879144728906,1.4440435643805904,51.42020373984569
986,115,1,37.938247048524566,-1.824680943167483,-2.128052738336714,5.797484787018256,0.09115890740096518,4.303515876777366,"Estévez, Carlos",608032,R,"Estévez, Carlos",608032,pitcher-arm-angle-608032-R,Rockies,2021,https://baseballsavant.mlb.com/leaderboard/pitcher-arm-angles?season=2021,5aad5445df2f3ed492d69098db485e3f74e8fc44481d0612f1cef823925f5a21,2026-10-02T17:50:48.970292+00:00,198.12,https://www.mlb.com/player/608032,d4e3b3cf497b768035ebb1a1922a0bfad50953fe6c3991fc495c0f949021c11c,2026-10-02T17:53:08.109505+00:00,1.7670733630831645,0.6486304746450304,0.06468248819176735,1.3117116392417414,37.94704972590154
2541,144,1,54.638518102491595,1.342679624218003,1.3113695395513576,6.077922077922078,-0.05175768930274339,4.114530911678032,"Fried, Max",608331,L,"Fried, Max",608331,pitcher-arm-angle-608331-L,Braves,2021,https://baseballsavant.mlb.com/leaderboard/pitcher-arm-angles?season=2021,5aad5445df2f3ed492d69098db485e3f74e8fc44481d0612f1cef823925f5a21,2026-10-02T17:50:48.970292+00:00,193.04,https://www.mlb.com/player/608331,ddb476e8804f21219b47f7c533e3c6a00e049d54e0bf58703d6d8701ce1b7241,2026-10-02T17:53:07.871104+00:00,1.8525506493506494,-0.3997054356552538,0.02531905750586971,1.2541090218794642,54.61691434153001
1183,116,1,34.652618308870665,-2.027981504440024,-1.5449112426035503,5.648867286559594,-0.21519682821097777,4.395816836672135,"Funkhouser, Kyle",608335,R,"Funkhouser, Kyle",608335,pitcher-arm-angle-608335-R,Tigers,2021,https://baseballsavant.mlb.com/leaderboard/pitcher-arm-angles?season=2021,5aad5445df2f3ed492d69098db485e3f74e8fc44481d0612f1cef823925f5a21,2026-10-02T17:50:48.970292+00:00,190.5,https://www.mlb.com/player/608335,39beb3d40dd57609cdb65bc412c77bae7b8771e9803178ce6b2280e2e2f839d0,2026-10-02T17:53:09.580929+00:00,1.7217747489433644,0.47088894674556214,-0.08164782256905118,1.3398449718176668,34.653376343043746
2951,145,1,56.44752856217848,-1.3455935363867295,-1.5491663842765164,6.404828871568959,0.008598472589052563,4.361807105221914,"Giolito, Lucas",608337,R,"Giolito, Lucas",608337,pitcher-arm-angle-608337-R,White Sox,2021,https://baseballsavant.mlb.com/leaderboard/pitcher-arm-angles?season=2021,5aad5445df2f3ed492d69098db485e3f74e8fc44481d0612f1cef823925f5a21,2026-10-02T17:50:48.970292+00:00,198.12,https://www.mlb.com/player/608337,7d4c0c7de948eeb40e632fa97e5543b3e79814f43b6283d1cf13ac0713ea6b7d,2026-10-02T17:53:10.104946+00:00,1.9521918400542189,0.4721859139274822,0.059428189591663835,1.3294788056716393,56.46207884877972
2670,133,1,47.09813331329665,1.861482348579457,1.6619588014981272,6.261973782771536,0.2730548988078548,4.5526706413866025,"Irvin, Cole",608344,L,"Irvin, Cole",608344,pitcher-arm-angle-608344-L,Athletics,2021,https://baseballsavant.mlb.com/leaderboard/pitcher-arm-angles?season=2021,5aad5445df2f3ed492d69098db485e3f74e8fc44481d0612f1cef823925f5a21,2026-10-02T17:50:48.970292+00:00,193.04,https://www.mlb.com/player/608344,8a7dfc06fe725ee5565d925b6797711d39434ed52a75447a5ac7767d7192e8fb,2026-10-02T17:53:11.165783+00:00,1.9086496089887641,-0.5065650426966292,-0.022412356006244846,1.3876540114946365,47.09919144886519
1843,139,1,51.64417830330222,-1.2975749823298437,-1.5395387954422137,6.456939772110689,0.08573559558688813,4.709150930531871,"Wacha, Michael",608379,R,"Wacha, Michael",608379,pitcher-arm-angle-608379-R,Rays,2021,https://baseballsavant.mlb.com/leaderboard/pitcher-arm-angles?season=2021,5aad5445df2f3ed492d69098db485e3f74e8fc44481d0612f1cef823925f5a21,2026-10-02T17:50:48.970292+00:00,198.12,https://www.mlb.com/player/608379,f7026d200526e13417f3c55ab6ec1ce91dced06849ca146c1edf0bf60f12cde6,2026-10-02T17:53:11.700826+00:00,1.9680752425393382,0.46925142485078675,0.04761836070176688,1.4353492036261144,51.63968111448781
2774,115,1,40.17834660879657,-1.895397344901414,-1.8253568853640951,6.124610670511896,-0.10165797987093998,4.608998658042508,"Márquez, Germán",608566,R,"Márquez, Germán",608566,pitcher-arm-angle-608566-R,Rockies,2021,https://baseballsavant.mlb.com/leaderboard/pitcher-arm-angles?season=2021,5aad5445df2f3ed492d69098db485e3f74e8fc44481d0612f1cef823925f5a21,2026-10-02T17:50:48.970292+00:00,185.42000000000002,https://www.mlb.com/player/608566,718eacb1c5194b4da3705a6436ad3036c888f06ab188c6cad3d9725ad1aead7b,2026-10-02T17:53:12.923691+00:00,1.8667813323720261,0.5563687786589763,0.009637020197687685,1.4048227909713566,40.195988201234655
1042,142,1,32.87982929853391,-2.1706304307631217,-2.7423896353166985,6.03010556621881,-0.21787399763259868,4.767485346878456,"Duffey, Tyler",608648,R,"Duffey, Tyler",608648,pitcher-arm-angle-608648-R,Twins,2021,https://baseballsavant.mlb.com/leaderboard/pitcher-arm-angles?season=2021,5aad5445df2f3ed492d69098db485e3f74e8fc44481d0612f1cef823925f5a21,2026-10-02T17:50:48.970292+00:00,190.5,https://www.mlb.com/player/608648,17a114c468550cb30e59657811888cc1d6d2f3bb2b902b37620e733190753eb3,2026-10-02T17:53:12.679651+00:00,1.8379761765834934,0.8358803608445298,0.24068020002634632,1.4531295337285535,32.886044782745856
977,136,1,52.71722154420926,-1.202219140061773,-1.1828249744114636,6.205987717502559,0.18807612105433502,4.380416508091861,"Steckenrider, Drew",608716,R,"Steckenrider, Drew",608716,pitcher-arm-angle-608716-R,Mariners,2021,https://baseballsavant.mlb.com/leaderboard/pitcher-arm-angles?season=2021,5aad5445df2f3ed492d69098db485e3f74e8fc44481d0612f1cef823925f5a21,2026-10-02T17:50:48.970292+00:00,193.04,https://www.mlb.com/player/608716,c1b5954b12298db74387a2648c136de771d548d159dc650c3abcf0db81e8c36a,2026-10-02T17:53:14.178305+00:00,1.89158505629478,0.36052505220061415,-0.06323694338757561,1.3351509516663993,52.70828878746004
1348,134,1,42.939119365998486,-1.656748358716157,-1.6107566765578636,5.96759643916914,0.02545212291346941,4.402235560032112,"Stratton, Chris",608717,R,"Stratton, Chris",608717,pitcher-arm-angle-608717-R,Pirates,2021,https://baseballsavant.mlb.com/leaderboard/pitcher-arm-angles?season=2021,5aad5445df2f3ed492d69098db485e3f74e8fc44481d0612f1cef823925f5a21,2026-10-02T17:50:48.970292+00:00,187.96,https://www.mlb.com/player/608717,f81b26eceba51a286bafb54ae19148b8e99b61b4fa50bb02aa5877c9017896ec,2026-10-02T17:53:14.713390+00:00,1.8189233946587537,0.49095863501483683,-0.021776071785873343,1.341801398697788,42.93952162752527
1181,158,1,51.97549293710661,1.492522801909009,2.818467400508044,6.210194750211685,0.15943423374216517,4.505949988077019,"Suter, Brent",608718,L,"Suter, Brent",608718,pitcher-arm-angle-608718-L,Brewers,2021,https://baseballsavant.mlb.com/leaderboard/pitcher-arm-angles?season=2021,5aad5445df2f3ed492d69098db485e3f74e8fc44481d0612f1cef823925f5a21,2026-10-02T17:50:48.970292+00:00,193.04,https://www.mlb.com/player/608718,697697d5712280f97918ea148ee9ca174a1ded50dbea98793a09cfe7d7144f93,2026-10-02T17:53:14.722499+00:00,1.8928673598645218,-0.8590688636748519,-0.45274346809759786,1.3734135563658754,51.96689185457998
987,120,1,41.452957529418995,-1.7154120250829075,-2.440131712259372,5.884204660587639,-0.04752563179124004,4.410761120677639,"Voth, Austin",608723,R,"Voth, Austin",608723,pitcher-arm-angle-608723-R,Nationals,2021,https://baseballsavant.mlb.com/leaderboard/pitcher-arm-angles?season=2021,5aad5445df2f3ed492d69098db485e3f74e8fc44481d0612f1cef823925f5a21,2026-10-02T17:50:48.970292+00:00,187.96,https://www.mlb.com/player/608723,ff6d9d12935842fa4481ab5533fefcdeeb4d263b778a1f93beddb885a687bd01,2026-10-02T17:53:15.418514+00:00,1.7935055805471125,0.7437521458966566,0.23538037322135635,1.3443999895825445,41.45800998234654
1217,121,1,15.606403598498847,-2.7229331179551153,-2.637025472473295,4.902013147082991,-0.3544585207686384,4.239608426620536,"Castro, Miguel",612434,R,"Castro, Miguel",612434,pitcher-arm-angle-612434-R,Mets,2021,https://baseballsavant.mlb.com/leaderboard/pitcher-arm-angles?season=2021,5aad5445df2f3ed492d69098db485e3f74e8fc44481d0612f1cef823925f5a21,2026-10-02T17:50:48.970292+00:00,200.66,https://www.mlb.com/player/612434,e8ba925e597641ea3d5c1e8762df5f10e79563967cfd4dd2d4f415bcc0c25285,2026-10-02T17:53:16.344913+00:00,1.4941336072308957,0.8037653640098604,0.0818543067874222,1.2922326484339395,15.625013250896941
1017,145,1,49.38144444118434,-1.5392879953817544,-1.4538643067846608,6.194680432645034,-0.023645056402376807,4.427467546180647,"Ruiz, José",614179,R,"Ruiz, José",614179,pitcher-arm-angle-614179-R,White Sox,2021,https://baseballsavant.mlb.com/leaderboard/pitcher-arm-angles?season=2021,5aad5445df2f3ed492d69098db485e3f74e8fc44481d0612f1cef823925f5a21,2026-10-02T17:50:48.970292+00:00,185.42000000000002,https://www.mlb.com/player/614179,53f23b842741b505d26b976f446eb0bab37e6588f12d8883adccae26235c4a43,2026-10-02T17:53:16.216023+00:00,1.8881385958702066,0.44313784070796464,-0.018830127092949678,1.3494921080758615,49.38209333464947
2103,114,1,47.004504635262585,-1.4863543064852376,-1.3440656205420827,6.378102710413695,0.14071122477706555,4.632200600185585,"Quantrill, Cal",615698,R,"Quantrill, Cal",615698,pitcher-arm-angle-615698-R,Guardians,2021,https://baseballsavant.mlb.com/leaderboard/pitcher-arm-angles?season=2021,5aad5445df2f3ed492d69098db485e3f74e8fc44481d0612f1cef823925f5a21,2026-10-02T17:50:48.970292+00:00,190.5,https://www.mlb.com/player/615698,a43abf37a76cb290084398de5d0c9d21fd2405849cabf8050cbd871017a99be8,2026-10-02T17:53:17.170402+00:00,1.9440457061340943,0.4096712011412268,-0.0862583727875232,1.4118947429365662,47.01781338658209
1236,138,1,40.008384899644355,-1.7039480500808917,-1.160898058252427,6.142394822006472,0.02866230695348896,4.6882902159547255,"Reyes, Alex",621052,R,"Reyes, Alex",621052,pitcher-arm-angle-621052-R,Cardinals,2021,https://baseballsavant.mlb.com/leaderboard/pitcher-arm-angles?season=2021,5aad5445df2f3ed492d69098db485e3f74e8fc44481d0612f1cef823925f5a21,2026-10-02T17:50:48.970292+00:00,193.04,https://www.mlb.com/player/621052,1e4a2cda3121a20bec5c09830259e5c655bcee94deebb0244790751c9f1d4ceb,2026-10-02T17:53:17.838397+00:00,1.8722019417475728,0.3538417281553398,-0.17425790866873944,1.4289908578230004,40.00527589942245
2011,133,1,35.74425801532254,-2.0235488210339456,-2.549602187966186,5.974644455494778,-0.24681289508266352,4.697238758806606,"Kaprielian, James",621076,R,"Kaprielian, James",621076,pitcher-arm-angle-621076-R,Athletics,2021,https://baseballsavant.mlb.com/leaderboard/pitcher-arm-angles?season=2021,5aad5445df2f3ed492d69098db485e3f74e8fc44481d0612f1cef823925f5a21,2026-10-02T17:50:48.970292+00:00,190.5,https://www.mlb.com/player/621076,aaafd3435c9a398eaebb17f3bd0380fb31dd102214a413ab82667d2359c2e500,2026-10-02T17:53:18.772290+00:00,1.8210716300348087,0.7771187468920935,0.2355696366621427,1.4317183736842534,35.71470149737839
1503,143,1,30.690138172175338,-2.402817475272532,-2.4527877578176978,5.6728077178975385,-0.29383043047319335,4.420973605327013,"Eflin, Zach",621107,R,"Eflin, Zach",621107,pitcher-arm-angle-621107-R,Phillies,2021,https://baseballsavant.mlb.com/leaderboard/pitcher-arm-angles?season=2021,5aad5445df2f3ed492d69098db485e3f74e8fc44481d0612f1cef823925f5a21,2026-10-02T17:50:48.970292+00:00,198.12,https://www.mlb.com/player/621107,e788f88a7294a6177eb9b0a857e9aa51f14fdc6273f1add2370837e0e0a24032,2026-10-02T17:53:19.382839+00:00,1.7290717924151697,0.7476097085828343,0.1047904573279958,1.3475127549036734,30.692150538936502
3126,119,1,50.97378343755476,-1.432316693243204,-0.904532949456174,5.69872040946897,-0.1070943640109522,4.062874488695575,"Buehler, Walker",621111,R,"Buehler, Walker",621111,pitcher-arm-angle-621111-R,Dodgers,2021,https://baseballsavant.mlb.com/leaderboard/pitcher-arm-angles?season=2021,5aad5445df2f3ed492d69098db485e3f74e8fc44481d0612f1cef823925f5a21,2026-10-02T17:50:48.970292+00:00,187.96,https://www.mlb.com/player/621111,09ec2757607edd3b4a521395b53855965301f4a22da76be32f24ac71636678f7,2026-10-02T17:53:19.512701+00:00,1.736969980806142,0.2757016429942419,-0.12822612295574856,1.2383641441544115,50.988569949893574
2784,117,1,31.610096271614836,-2.2784152555482993,-1.654367816091954,5.266648706896552,-0.33426257883582183,4.0701455305108345,"McCullers Jr., Lance",621121,R,"McCullers Jr., Lance",621121,pitcher-arm-angle-621121-R,Astros,2021,https://baseballsavant.mlb.com/leaderboard/pitcher-arm-angles?season=2021,5aad5445df2f3ed492d69098db485e3f74e8fc44481d0612f1cef823925f5a21,2026-10-02T17:50:48.970292+00:00,185.42000000000002,https://www.mlb.com/player/621121,6e624a6c8e384d95be773a7c5cf96d24fdb4f5ecd7564b1e274e9e330a162b47,2026-10-02T17:53:21.083945+00:00,1.605274525862069,0.5042513103448276,-0.08832642551713557,1.2405803576997023,31.609672466417575
1917,112,1,35.13742225946453,-2.251480897532931,-3.167887323943662,5.737683881064163,-0.3578966720311803,4.404640311696797,"Mills, Alec",621219,R,"Mills, Alec",621219,pitcher-arm-angle-621219-R,Cubs,2021,https://baseballsavant.mlb.com/leaderboard/pitcher-arm-angles?season=2021,5aad5445df2f3ed492d69098db485e3f74e8fc44481d0612f1cef823925f5a21,2026-10-02T17:50:48.970292+00:00,193.04,https://www.mlb.com/player/621219,647dedaf04c41fa71914cf3aca5a4f6632148a82fc703e1a6f627a2f93d1f06a,2026-10-02T17:53:25.527654+00:00,1.7488460469483569,0.9655720563380282,0.3884075844050946,1.3425343670051837,35.14474180646537
1009,143,1,56.123311154853305,1.0106512112377306,0.9186124876114965,6.465252725470763,-0.34818234126121844,4.441702436395745,"Alvarado, José",621237,L,"Alvarado, José",621237,pitcher-arm-angle-621237-L,Phillies,2021,https://baseballsavant.mlb.com/leaderboard/pitcher-arm-angles?season=2021,5aad5445df2f3ed492d69098db485e3f74e8fc44481d0612f1cef823925f5a21,2026-10-02T17:50:48.970292+00:00,187.96,https://www.mlb.com/player/621237,c4cad9b8fcd3171c9b1d5ce501394c557fd9b5c82fe5d83fbebcfe1b908cf333,2026-10-02T17:53:20.838547+00:00,1.9706090307234887,-0.27999308622398417,0.13417938057769555,1.353830902613423,56.11825823268073
987,121,1,22.37268270205714,-2.668595589237973,-2.240567375886525,4.897558257345492,-0.6353382537989406,4.058883362963174,"Díaz, Edwin",621242,R,"Díaz, Edwin",621242,pitcher-arm-angle-621242-R,Mets,2021,https://baseballsavant.mlb.com/leaderboard/pitcher-arm-angles?season=2021,5aad5445df2f3ed492d69098db485e3f74e8fc44481d0612f1cef823925f5a21,2026-10-02T17:50:48.970292+00:00,190.5,https://www.mlb.com/player/621242,7a15bace5ac341dd397c8b5b7b396cce8f078056575807176f60afc9733431d0,2026-10-02T17:53:21.618007+00:00,1.492775756838906,0.6829249361702129,0.06318810032839577,1.2371476490311755,22.415093742505995
2959,142,2,38.199524900168086,-2.208788441622447,-3.250253464008111,5.498431902669821,-0.40368706413565614,4.076956805025345,"Berríos, José",621244,R,"Berríos, José",621244,pitcher-arm-angle-621244-R,zMLB,2021,https://baseballsavant.mlb.com/leaderboard/pitcher-arm-angles?season=2021,5aad5445df2f3ed492d69098db485e3f74e8fc44481d0612f1cef823925f5a21,2026-10-02T17:50:48.970292+00:00,182.88,https://www.mlb.com/player/621244,004ef40d73fa0d8fcbdc5213208c8f190b6a2f6fd33c55fe9f9c60ed5f902c19,2026-10-02T17:53:22.874211+00:00,1.6759220439337614,0.9906772558296723,0.4404823559716984,1.2426564341717252,38.21960456354953
1136,134,1,49.65592025429319,-1.5693870248467217,-2.0724647887323946,6.177086267605634,-0.06400407752441567,4.4047694788744165,"Underwood Jr., Duane",621249,R,"Underwood Jr., Duane",621249,pitcher-arm-angle-621249-R,Pirates,2021,https://baseballsavant.mlb.com/leaderboard/pitcher-arm-angles?season=2021,5aad5445df2f3ed492d69098db485e3f74e8fc44481d0612f1cef823925f5a21,2026-10-02T17:50:48.970292+00:00,187.96,https://www.mlb.com/player/621249,45af85bce930aaa0aa69dfc12dc3571ccbb7920a00779f20529131f0843daec9,2026-10-02T17:53:23.175011+00:00,1.8827758943661972,0.6316872676056339,0.17284654526179502,1.3425737371609223,49.65585789700499
993,114,1,34.48752147765799,-2.1145851274261793,-2.374833836858006,5.743272910372609,-0.32229703594518005,4.512132839862806,"Wittgren, Nick",621295,R,"Wittgren, Nick",621295,pitcher-arm-angle-621295-R,Guardians,2021,https://baseballsavant.mlb.com/leaderboard/pitcher-arm-angles?season=2021,5aad5445df2f3ed492d69098db485e3f74e8fc44481d0612f1cef823925f5a21,2026-10-02T17:50:48.970292+00:00,187.96,https://www.mlb.com/player/621295,eaa9e3ec31536bd9122ceddaf667e8c05ec71e49cc48c124dcc5ed4b36dd79e8,2026-10-02T17:53:24.539207+00:00,1.7505495830815712,0.7238493534743203,0.1775599431909117,1.3752980895901834,34.48555009703164
1638,140,1,37.43773898383173,2.053474392869751,2.616886446886447,6.276739926739927,0.08512046869243035,4.768865026514879,"Hearn, Taylor",621368,L,"Hearn, Taylor",621368,pitcher-arm-angle-621368-L,Rangers,2021,https://baseballsavant.mlb.com/leaderboard/pitcher-arm-angles?season=2021,5aad5445df2f3ed492d69098db485e3f74e8fc44481d0612f1cef823925f5a21,2026-10-02T17:50:48.970292+00:00,198.12,https://www.mlb.com/player/621368,fa750f2c7f1a19aada6d5c13b02592d79d816299169d8ccbea3620bc18d425f7,2026-10-02T17:53:25.335925+00:00,1.9131503296703298,-0.797626989010989,-0.19767271292174174,1.4535500600817353,37.45423895096114
2177,137,1,23.177297097497107,2.5856207964168227,2.046564079007809,4.91773082223243,0.36658688417233304,3.9675291571932045,"Wood, Alex",622072,L,"Wood, Alex",622072,pitcher-arm-angle-622072-L,Giants,2021,https://baseballsavant.mlb.com/leaderboard/pitcher-arm-angles?season=2021,5aad5445df2f3ed492d69098db485e3f74e8fc44481d0612f1cef823925f5a21,2026-10-02T17:50:48.970292+00:00,193.04,https://www.mlb.com/player/622072,a457df8a23383439d571590c4a1c5801abf4546f0e333731cc8bb2a6ba321dae,2026-10-02T17:53:28.584451+00:00,1.4989243546164448,-0.6237927312815802,0.05256880517054034,1.209302887112489,23.180856590809004
1053,140,1,48.66542628204038,-1.3791703450538604,-1.1497530864197532,6.428319088319088,0.14162025545487555,4.699175491703739,"Sborz, Josh",622250,R,"Sborz, Josh",622250,pitcher-arm-angle-622250-R,Rangers,2021,https://baseballsavant.mlb.com/leaderboard/pitcher-arm-angles?season=2021,5aad5445df2f3ed492d69098db485e3f74e8fc44481d0612f1cef823925f5a21,2026-10-02T17:50:48.970292+00:00,190.5,https://www.mlb.com/player/622250,9aedadf05cffd59aa4f39088b807f50f633207f4853e84a04930516b93c85b3d,2026-10-02T17:53:28.818903+00:00,1.9593516581196582,0.3504447407407408,-0.11309223429432196,1.4323086898712998,48.6682073486615
1088,118,1,59.81317917455616,-1.1778420685288042,-0.9892463235294118,6.2957720588235295,-0.03882862215002144,4.33706505863427,"Staumont, Josh",622251,R,"Staumont, Josh",622251,pitcher-arm-angle-622251-R,Royals,2021,https://baseballsavant.mlb.com/leaderboard/pitcher-arm-angles?season=2021,5aad5445df2f3ed492d69098db485e3f74e8fc44481d0612f1cef823925f5a21,2026-10-02T17:50:48.970292+00:00,190.5,https://www.mlb.com/player/622251,36c309247b7fcb5bdea977656edb5b603a8d608e034994c71e43e65f8e847378,2026-10-02T17:53:30.633177+00:00,1.918951323529412,0.30152227941176474,-0.04564901904448829,1.3219374298717255,59.82144525618431
977,110,1,31.640692567169864,-2.076928167255156,-1.738761514841351,5.420388945752303,-0.1824284338875822,4.252564218771625,"Tate, Dillon",622253,R,"Tate, Dillon",622253,pitcher-arm-angle-622253-R,Orioles,2021,https://baseballsavant.mlb.com/leaderboard/pitcher-arm-angles?season=2021,5aad5445df2f3ed492d69098db485e3f74e8fc44481d0612f1cef823925f5a21,2026-10-02T17:50:48.970292+00:00,187.96,https://www.mlb.com/player/622253,134e14f68e9aa07d1f85df9bc6b20872c80a13e445f93efb6985acdcaa43f7b3,2026-10-02T17:53:30.180203+00:00,1.652134550665302,0.5299745097236438,-0.0474690090067927,1.2961815738815914,31.6508877341964
3142,113,1,18.06011979286153,-2.3720865794036707,-2.7966263526416295,5.169455760661998,-0.1514677514045011,4.44463618696167,"Castillo, Luis",622491,R,"Castillo, Luis",622491,pitcher-arm-angle-622491-R,Reds,2021,https://baseballsavant.mlb.com/leaderboard/pitcher-arm-angles?season=2021,5aad5445df2f3ed492d69098db485e3f74e8fc44481d0612f1cef823925f5a21,2026-10-02T17:50:48.970292+00:00,187.96,https://www.mlb.com/player/622491,8e9927e8051135689c09d10728142dd5599c6d147208c609182f83081315f6f8,2026-10-02T17:53:30.663400+00:00,1.575650115849777,0.8524117122851688,0.17556709351102176,1.3547251097859172,18.07690619861715
1326,135,1,36.30745806151489,-2.0251432780529743,-2.2700678733031676,5.514856711915535,-0.28218386154226877,4.237340233673118,"Crismatt, Nabil",622503,R,"Crismatt, Nabil",622503,pitcher-arm-angle-622503-R,Padres,2021,https://baseballsavant.mlb.com/leaderboard/pitcher-arm-angles?season=2021,5aad5445df2f3ed492d69098db485e3f74e8fc44481d0612f1cef823925f5a21,2026-10-02T17:50:48.970292+00:00,185.42000000000002,https://www.mlb.com/player/622503,f7c84b65eb7eeaf9372b76ed1bc7c107f2c8905ea3438cae1c17d8f711e60efe,2026-10-02T17:53:31.604212+00:00,1.6809283257918552,0.6919166877828056,0.16066265763034243,1.2915413032235663,36.239859958882434
2400,115,1,44.5340501938408,-1.859955374490348,-2.5616125,5.991970833333333,-0.22926647096463587,4.387477869352334,"Senzatela, Antonio",622608,R,"Senzatela, Antonio",622608,pitcher-arm-angle-622608-R,Rockies,2021,https://baseballsavant.mlb.com/leaderboard/pitcher-arm-angles?season=2021,5aad5445df2f3ed492d69098db485e3f74e8fc44481d0612f1cef823925f5a21,2026-10-02T17:50:48.970292+00:00,185.42000000000002,https://www.mlb.com/player/622608,097d9e8cf121ed72ad9e9e9ac6e97c2c625a39c059ba858d959dad1940e35eb4,2026-10-02T17:53:31.463988+00:00,1.82635271,0.78077949,0.2837455122053629,1.3373032545785914,44.5360743115451
1088,136,1,21.776939491664265,-2.4935966985887896,-3.8284375,4.569632352941176,-0.5969775108340671,3.810433452664008,"Sewald, Paul",623149,R,"Sewald, Paul",623149,pitcher-arm-angle-623149-R,Mariners,2021,https://baseballsavant.mlb.com/leaderboard/pitcher-arm-angles?season=2021,5aad5445df2f3ed492d69098db485e3f74e8fc44481d0612f1cef823925f5a21,2026-10-02T17:50:48.970292+00:00,190.5,https://www.mlb.com/player/623149,00020df5975f91b2c277ccae53357850e6f84ea8a7b1fa60f65ada95e40a59ba,2026-10-02T17:53:34.756347+00:00,1.3928239411764707,1.16690775,0.5888182215723606,1.1614201163719897,21.815763389645525
2706,136,1,67.13608232239476,-0.6756452324547122,-0.7453067257945307,6.864822616407983,0.22439407382291254,4.726938131821885,"Flexen, Chris",623167,R,"Flexen, Chris",623167,pitcher-arm-angle-623167-R,Mariners,2021,https://baseballsavant.mlb.com/leaderboard/pitcher-arm-angles?season=2021,5aad5445df2f3ed492d69098db485e3f74e8fc44481d0612f1cef823925f5a21,2026-10-02T17:50:48.970292+00:00,190.5,https://www.mlb.com/player/623167,6bc25147a140e958cc198cbdc701ab92092c1a4709f960bf3516eee6d10d7e9c,2026-10-02T17:53:34.686006+00:00,2.0923979334811533,0.227169490022173,-0.04716249053124706,1.4407707425793106,67.1691363872444
1565,143,1,40.59668811060108,1.7877823734472793,2.4494952076677317,5.902044728434505,0.07598913326200363,4.434096418471978,"Suarez, Ranger",624133,L,"Suarez, Ranger",624133,pitcher-arm-angle-624133-L,Phillies,2021,https://baseballsavant.mlb.com/leaderboard/pitcher-arm-angles?season=2021,5aad5445df2f3ed492d69098db485e3f74e8fc44481d0612f1cef823925f5a21,2026-10-02T17:50:48.970292+00:00,185.42000000000002,https://www.mlb.com/player/624133,a083b416ffc464e3c8be8b31ccbd4afeaeb11e16030bef1b314972b407d2a851,2026-10-02T17:53:38.425788+00:00,1.7989432332268371,-0.7466061392971246,-0.22485155968865259,1.351512588350259,40.61473992126703
1772,142,1,41.688869534648575,-1.8445488572406,-2.2660496613995487,5.88010158013544,-0.18762646739715022,4.404271099649048,"Maeda, Kenta",628317,R,"Maeda, Kenta",628317,pitcher-arm-angle-628317-R,Twins,2021,https://baseballsavant.mlb.com/leaderboard/pitcher-arm-angles?season=2021,5aad5445df2f3ed492d69098db485e3f74e8fc44481d0612f1cef823925f5a21,2026-10-02T17:50:48.970292+00:00,185.42000000000002,https://www.mlb.com/player/628317,b31f92bf9ec33186d2551e1797a8bac522867c23019705787c55225a45a73378,2026-10-02T17:53:39.674490+00:00,1.792254961625282,0.6906919367945825,0.18566199237029896,1.3424218311730298,41.691641944101924
1054,108,1,32.692126862346335,-2.332726687793248,-1.907314990512334,5.518415559772296,-0.3127061280376175,4.221034812647135,"Iglesias, Raisel",628452,R,"Iglesias, Raisel",628452,pitcher-arm-angle-628452-R,Angels,2021,https://baseballsavant.mlb.com/leaderboard/pitcher-arm-angles?season=2021,5aad5445df2f3ed492d69098db485e3f74e8fc44481d0612f1cef823925f5a21,2026-10-02T17:50:48.970292+00:00,187.96,https://www.mlb.com/player/628452,17a236065acc7c16428bc173b3a107ae2afb22366ff805c110d3e3a47f1eedc5,2026-10-02T17:53:40.206518+00:00,1.6820130626185958,0.5813496091081595,-0.03435265750535681,1.2865714108948467,32.71105771518321
2684,119,1,48.03291383764101,1.6322125830098004,1.5963152011922503,6.084854694485842,0.06848434127097187,4.3453051993826675,"Urías, Julio",628711,L,"Urías, Julio",628711,pitcher-arm-angle-628711-L,Dodgers,2021,https://baseballsavant.mlb.com/leaderboard/pitcher-arm-angles?season=2021,5aad5445df2f3ed492d69098db485e3f74e8fc44481d0612f1cef823925f5a21,2026-10-02T17:50:48.970292+00:00,182.88,https://www.mlb.com/player/628711,e2b14e7b500593e925c7d6237e8346d6dccc9752b77d02e1528b702eed4670fb,2026-10-02T17:53:41.551342+00:00,1.8546637108792847,-0.4865568733233979,-0.009932505241402961,1.324449024771837,48.046767342963264
2151,134,1,49.03719667628185,-1.4543031398241482,-1.8017805671780567,5.999688516968852,0.026873161864815656,4.2931567582861305,"Crowe, Wil",640444,R,"Crowe, Wil",640444,pitcher-arm-angle-640444-R,Pirates,2021,https://baseballsavant.mlb.com/leaderboard/pitcher-arm-angles?season=2021,5aad5445df2f3ed492d69098db485e3f74e8fc44481d0612f1cef823925f5a21,2026-10-02T17:50:48.970292+00:00,185.42000000000002,https://www.mlb.com/player/640444,4938a599d0e93dee7cc32576d0bf6d980399b030babcf33c76f6147ed9c67e2c,2026-10-02T17:53:41.737804+00:00,1.828705059972106,0.5491827168758717,0.09772018012107551,1.3085541799256126,49.043805205179154
1125,120,1,53.14872992242417,-0.9924199369310984,-1.9385511111111111,5.745102222222222,0.2846709372619755,4.039948724592423,"Finnegan, Kyle",640448,R,"Finnegan, Kyle",640448,pitcher-arm-angle-640448-R,Nationals,2021,https://baseballsavant.mlb.com/leaderboard/pitcher-arm-angles?season=2021,5aad5445df2f3ed492d69098db485e3f74e8fc44481d0612f1cef823925f5a21,2026-10-02T17:50:48.970292+00:00,187.96,https://www.mlb.com/player/640448,2d0d872515211d61b0e37f88d2222ee698f66d3b16ae82828691956a57869f0c,2026-10-02T17:53:43.190877+00:00,1.7511071573333334,0.5908703786666667,0.20161308021261773,1.2313763712557706,53.168276611856186
2851,133,1,32.75150823619664,2.61269005387288,3.29245878639074,5.652644686075061,0.6339910300905301,4.379325747045096,"Manaea, Sean",640455,L,"Manaea, Sean",640455,pitcher-arm-angle-640455-L,Athletics,2021,https://baseballsavant.mlb.com/leaderboard/pitcher-arm-angles?season=2021,5aad5445df2f3ed492d69098db485e3f74e8fc44481d0612f1cef823925f5a21,2026-10-02T17:50:48.970292+00:00,195.58,https://www.mlb.com/player/640455,d51eb17f36e8e9241fb5315094f9c32a9aea261ca8539c8e2300aa776b176798,2026-10-02T17:53:42.397389+00:00,1.7229261003156788,-1.0035414380918977,-0.40043397564303723,1.3348184876993452,32.76181578933415
1936,112,1,40.739101974104294,-1.8514521174603702,-1.8481921487603306,6.1190495867768595,-0.12374408973968297,4.630789489514426,"Alzolay, Adbert",640470,R,"Alzolay, Adbert",640470,pitcher-arm-angle-640470-R,Cubs,2021,https://baseballsavant.mlb.com/leaderboard/pitcher-arm-angles?season=2021,5aad5445df2f3ed492d69098db485e3f74e8fc44481d0612f1cef823925f5a21,2026-10-02T17:50:48.970292+00:00,185.42000000000002,https://www.mlb.com/player/640470,f9b58e4031dabeea2488eaf67071a68d18c951cad264e7b2e6be55f480961a11,2026-10-02T17:53:44.015880+00:00,1.8650863140495868,0.5633289669421487,0.03672356009288329,1.4114646364039973,40.741845891715414
1667,146,1,30.088832526515674,-2.4205632274461033,-2.1646730653869226,5.475590881823635,-0.3534895223849615,4.278117148418865,"López, Pablo",641154,R,"López, Pablo",641154,pitcher-arm-angle-641154-R,Marlins,2021,https://baseballsavant.mlb.com/leaderboard/pitcher-arm-angles?season=2021,5aad5445df2f3ed492d69098db485e3f74e8fc44481d0612f1cef823925f5a21,2026-10-02T17:50:48.970292+00:00,193.04,https://www.mlb.com/player/641154,03b9cefaa5e11fccf2c3e011892e44018d15227d67202f46b86509116b739951,2026-10-02T17:53:45.049495+00:00,1.668960100779844,0.659792350329934,0.029748285027297993,1.30397010683807,30.08408501210396
1591,116,1,40.082540305654284,1.8981499074882393,2.0615336266499056,5.786888749214331,0.16798114444010562,4.330551072087197,"Alexander, Tyler",641302,L,"Alexander, Tyler",641302,pitcher-arm-angle-641302-L,Tigers,2021,https://baseballsavant.mlb.com/leaderboard/pitcher-arm-angles?season=2021,5aad5445df2f3ed492d69098db485e3f74e8fc44481d0612f1cef823925f5a21,2026-10-02T17:50:48.970292+00:00,185.42000000000002,https://www.mlb.com/player/641302,ec1e9f7c8858fd9b09ed1d7148c0cfb2889624ce7b5615cba77e966b3dfef7e8,2026-10-02T17:53:45.369105+00:00,1.7638436907605282,-0.6283554494028912,-0.10100001042582007,1.3199519667721777,40.08837802396974
1091,118,1,30.484556883535415,1.8617893938418226,1.4352153987167735,5.166443629697525,0.0841179911136607,4.119189817375308,"Brentz, Jake",641394,L,"Brentz, Jake",641394,pitcher-arm-angle-641394-L,Royals,2021,https://baseballsavant.mlb.com/leaderboard/pitcher-arm-angles?season=2021,5aad5445df2f3ed492d69098db485e3f74e8fc44481d0612f1cef823925f5a21,2026-10-02T17:50:48.970292+00:00,185.42000000000002,https://www.mlb.com/player/641394,71de6b1667302d3ae3700756671c1d4d0577b8585109428964b63ac45de5465a,2026-10-02T17:53:46.861750+00:00,1.5747320183318059,-0.4374536535288726,0.1043805900226712,1.255529056335994,30.502998882879083
1405,147,1,42.150628934057785,1.9548833455131207,1.53576512455516,5.37485409252669,0.4159077498074286,3.981493981192461,"Cortes, Nestor",641482,L,"Cortes, Nestor",641482,pitcher-arm-angle-641482-L,Yankees,2021,https://baseballsavant.mlb.com/leaderboard/pitcher-arm-angles?season=2021,5aad5445df2f3ed492d69098db485e3f74e8fc44481d0612f1cef823925f5a21,2026-10-02T17:50:48.970292+00:00,177.8,https://www.mlb.com/player/641482,0bd16c486948c53ab466dd3bc4d4d0698e472c9c50fb24fc8cea8dfe06c15a3c,2026-10-02T17:53:47.740098+00:00,1.6382555274021353,-0.4681012099644128,0.0009785516066821778,1.2135593654674621,42.15711103335743
1897,140,1,35.20405400721007,-2.1856235937023887,-2.1446547179757514,5.569404322614655,-0.2751358184327908,4.220488288967298,"Dunning, Dane",641540,R,"Dunning, Dane",641540,pitcher-arm-angle-641540-R,Rangers,2021,https://baseballsavant.mlb.com/leaderboard/pitcher-arm-angles?season=2021,5aad5445df2f3ed492d69098db485e3f74e8fc44481d0612f1cef823925f5a21,2026-10-02T17:50:48.970292+00:00,193.04,https://www.mlb.com/player/641540,6cd8c26450bb31ef027935da6ef20fe605793e4f0e9ba2d6731ee9ae9b1674a0,2026-10-02T17:53:48.078328+00:00,1.6975544375329468,0.653690758039009,0.07137408413683557,1.2864048304772324,35.22432651477963
2332,118,1,51.3096991346874,-1.3149265009397857,-1.3909648370497427,6.367598627787307,0.1770663900477644,4.503686608381629,"Keller, Brad",641745,R,"Keller, Brad",641745,pitcher-arm-angle-641745-R,Royals,2021,https://baseballsavant.mlb.com/leaderboard/pitcher-arm-angles?season=2021,5aad5445df2f3ed492d69098db485e3f74e8fc44481d0612f1cef823925f5a21,2026-10-02T17:50:48.970292+00:00,195.58,https://www.mlb.com/player/641745,7f5a4277cf7c1b4b2955276f1000a55138aa02396f2edf7d552ba248e9d96bd8,2026-10-02T17:53:51.647290+00:00,1.9408440617495712,0.4239660823327616,-0.030793350840243688,1.3727236782347205,51.324014497558096
1126,115,1,52.35761501012992,-1.2116482717048773,-0.656696269982238,6.650905861456483,0.1818532503401611,4.844027629456272,"Kinley, Tyler",641755,R,"Kinley, Tyler",641755,pitcher-arm-angle-641755-R,Rockies,2021,https://baseballsavant.mlb.com/leaderboard/pitcher-arm-angles?season=2021,5aad5445df2f3ed492d69098db485e3f74e8fc44481d0612f1cef823925f5a21,2026-10-02T17:50:48.970292+00:00,193.04,https://www.mlb.com/player/641755,1623be26e1886eb4915231429f1a3ce003ac3a569727c00026e1362072089d11,2026-10-02T17:53:51.957024+00:00,2.027196106571936,0.20016102309058614,-0.2245782408287416,1.4764596214582717,52.35985422865232
1427,134,1,39.7476611409717,-1.819148698184536,-2.1220672740014015,5.632179397337071,-0.15790359314073468,4.250428597948385,"Kuhl, Chad",641771,R,"Kuhl, Chad",641771,pitcher-arm-angle-641771-R,Pirates,2021,https://baseballsavant.mlb.com/leaderboard/pitcher-arm-angles?season=2021,5aad5445df2f3ed492d69098db485e3f74e8fc44481d0612f1cef823925f5a21,2026-10-02T17:50:48.970292+00:00,190.5,https://www.mlb.com/player/641771,fe2fb065c64cdc4ed1501946c5c0db1eccf75768ebbc64647fc571b617fdb879,2026-10-02T17:53:52.575128+00:00,1.7166882803083392,0.6468061051156272,0.14045859709827654,1.295530636654668,39.752198304485404
1867,158,1,39.35937757849246,1.7275942171279806,1.7777075522228174,5.940423138725228,-0.08693027982970955,4.451814263076232,"Lauer, Eric",641778,L,"Lauer, Eric",641778,pitcher-arm-angle-641778-L,Brewers,2021,https://baseballsavant.mlb.com/leaderboard/pitcher-arm-angles?season=2021,5aad5445df2f3ed492d69098db485e3f74e8fc44481d0612f1cef823925f5a21,2026-10-02T17:50:48.970292+00:00,190.5,https://www.mlb.com/player/641778,a5e60c359484bf253769b236b698f1775e8ca3909fda4741dc446996ad692ebf,2026-10-02T17:53:52.433675+00:00,1.8106409726834496,-0.5418452619175148,0.011221804755189203,1.3569129873856354,39.36494379150151
3182,113,1,39.78281506552904,-2.060822667585188,-1.8256065367693275,5.538384663733501,-0.37403029371280827,4.133737513089739,"Mahle, Tyler",641816,R,"Mahle, Tyler",641816,pitcher-arm-angle-641816-R,Reds,2021,https://baseballsavant.mlb.com/leaderboard/pitcher-arm-angles?season=2021,5aad5445df2f3ed492d69098db485e3f74e8fc44481d0612f1cef823925f5a21,2026-10-02T17:50:48.970292+00:00,190.5,https://www.mlb.com/player/641816,dd8206e548ec95c97c7a9d0913043519b0a5f5d5056c403a74d34ca3e330430b,2026-10-02T17:53:53.057361+00:00,1.6880996455059711,0.556444872407291,0.042310556850989695,1.2599631939897524,39.78525499009808
1470,142,1,35.60383308216639,-2.219396138419673,-1.8447142857142858,5.8213333333333335,-0.24791152010923417,4.410747154890853,"Ober, Bailey",641927,R,"Ober, Bailey",641927,pitcher-arm-angle-641927-R,Twins,2021,https://baseballsavant.mlb.com/leaderboard/pitcher-arm-angles?season=2021,5aad5445df2f3ed492d69098db485e3f74e8fc44481d0612f1cef823925f5a21,2026-10-02T17:50:48.970292+00:00,205.74,https://www.mlb.com/player/641927,afd5db36543c56b0b8aba777237a7f395da8e7d9229882e45dc695d3922ca576,2026-10-02T17:53:53.988842+00:00,1.7743424,0.5622689142857143,-0.03863959737530752,1.344395732810732,35.58350753407491
1089,135,1,42.456795755917135,-1.6010501514395994,-1.590358126721763,5.499329660238751,0.05271612883236607,3.985780890638917,"Pagán, Emilio",641941,R,"Pagán, Emilio",641941,pitcher-arm-angle-641941-R,Padres,2021,https://baseballsavant.mlb.com/leaderboard/pitcher-arm-angles?season=2021,5aad5445df2f3ed492d69098db485e3f74e8fc44481d0612f1cef823925f5a21,2026-10-02T17:50:48.970292+00:00,187.96,https://www.mlb.com/player/641941,a2c949b891751dc8fe3a87f6c377afb71459e02d49812e71822146998d7d2ed0,2026-10-02T17:53:54.969462+00:00,1.6761956804407714,0.48474115702479337,-0.019326805202101702,1.2148660154667419,42.465162376376774
1062,109,1,40.40752147619841,-1.638146495972335,-1.582627118644068,5.7133050847457625,0.031926311501102755,4.291641594298544,"Smith, Riley",642092,R,"Smith, Riley",642092,pitcher-arm-angle-642092-R,Diamondbacks,2021,https://baseballsavant.mlb.com/leaderboard/pitcher-arm-angles?season=2021,5aad5445df2f3ed492d69098db485e3f74e8fc44481d0612f1cef823925f5a21,2026-10-02T17:50:48.970292+00:00,185.42000000000002,https://www.mlb.com/player/642092,c343002331b66563d1f2a0efb88831106ec383ce52f1fe8b787dfddf96b0d89c,2026-10-02T17:53:54.874314+00:00,1.7414153898305085,0.4823847457627119,-0.026653445955191955,1.3080923579421964,40.40636863031451
1021,110,1,49.431007623293354,-1.4452410496004182,-1.7657198824681686,5.858374142997062,-0.07641688340167783,4.259959777291626,"Sulser, Cole",642121,R,"Sulser, Cole",642121,pitcher-arm-angle-642121-R,Orioles,2021,https://baseballsavant.mlb.com/leaderboard/pitcher-arm-angles?season=2021,5aad5445df2f3ed492d69098db485e3f74e8fc44481d0612f1cef823925f5a21,2026-10-02T17:50:48.970292+00:00,182.88,https://www.mlb.com/player/642121,470fc31f8558de35076467383df69ebb7ba354c905d0fa6dfa30321781373685,2026-10-02T17:53:54.607289+00:00,1.7856324387855045,0.5381914201762978,0.12097381431892172,1.2984357401184876,49.42444770213578
1148,133,1,36.004150320943516,-2.122223845312176,-1.4865766550522648,5.921437282229965,-0.25116418205932595,4.56237469110621,"Trivino III, Lou",642152,R,"Trivino III, Lou",642152,pitcher-arm-angle-642152-R,Athletics,2021,https://baseballsavant.mlb.com/leaderboard/pitcher-arm-angles?season=2021,5aad5445df2f3ed492d69098db485e3f74e8fc44481d0612f1cef823925f5a21,2026-10-02T17:50:48.970292+00:00,195.58,https://www.mlb.com/player/642152,a55f48ab67352854830b9548c578895eae138baeffef9f27d2fea9fbf31b6a14,2026-10-02T17:53:55.991437+00:00,1.8048540836236933,0.4531085644599303,-0.11719042089953834,1.3906118058491728,35.99314836921726
1202,109,1,34.977327666476356,-1.8848068901629238,-2.4943843594009985,5.392271214642263,-0.12920764313980773,4.163293678033798,"Widener, Taylor",642203,R,"Widener, Taylor",642203,pitcher-arm-angle-642203-R,Diamondbacks,2021,https://baseballsavant.mlb.com/leaderboard/pitcher-arm-angles?season=2021,5aad5445df2f3ed492d69098db485e3f74e8fc44481d0612f1cef823925f5a21,2026-10-02T17:50:48.970292+00:00,182.88,https://www.mlb.com/player/642203,f5326234c5d56bd423cf825b98706010ffe50ac6cb2aafeaaf51197eaf8081a6,2026-10-02T17:53:56.260919+00:00,1.643564266222962,0.7602883527454244,0.22518170225277856,1.2689719130647017,34.993291969446574
2357,139,1,22.12476879243618,2.917452666122795,2.9274925753075944,5.121187950784896,0.7440787072441407,4.23803043854647,"Yarbrough, Ryan",642232,L,"Yarbrough, Ryan",642232,pitcher-arm-angle-642232-L,Rays,2021,https://baseballsavant.mlb.com/leaderboard/pitcher-arm-angles?season=2021,5aad5445df2f3ed492d69098db485e3f74e8fc44481d0612f1cef823925f5a21,2026-10-02T17:50:48.970292+00:00,195.58,https://www.mlb.com/player/642232,7ec608393d67056a98d44abee180f0bb33f919362d615537fd473f0a5296183f,2026-10-02T17:53:57.468337+00:00,1.5609380873992365,-0.8922997369537549,-0.22985535428754095,1.2917516776689641,22.114524576942493
1124,116,1,37.50820169885489,2.095723251893182,2.0093060498220643,5.630391459074733,0.24446572669566452,4.209239580123339,"Soto, Gregory",642397,L,"Soto, Gregory",642397,pitcher-arm-angle-642397-L,Tigers,2021,https://baseballsavant.mlb.com/leaderboard/pitcher-arm-angles?season=2021,5aad5445df2f3ed492d69098db485e3f74e8fc44481d0612f1cef823925f5a21,2026-10-02T17:50:48.970292+00:00,185.42000000000002,https://www.mlb.com/player/642397,883e8042152287118215b59745598b084870c04cc747f0496bb946ba3cac19ea,2026-10-02T17:53:58.360202+00:00,1.7161433167259788,-0.6124364839857652,-0.04817319030556191,1.2829762240215938,37.51230968837996
1016,147,1,52.24829127088097,-1.1556623467783622,-2.038277559055118,5.604557086614173,0.19840120130935338,3.8551027733208754,"Loáisiga, Jonathan",642528,R,"Loáisiga, Jonathan",642528,pitcher-arm-angle-642528-R,Yankees,2021,https://baseballsavant.mlb.com/leaderboard/pitcher-arm-angles?season=2021,5aad5445df2f3ed492d69098db485e3f74e8fc44481d0612f1cef823925f5a21,2026-10-02T17:50:48.970292+00:00,180.34,https://www.mlb.com/player/642528,3a7e9f6085b074e06b6a01861a1d4fd8ecdfc1c5ecde5e54710737eafa0b0240,2026-10-02T17:53:59.072775+00:00,1.708269,0.621267,0.2085484305428643,1.1750353253082029,52.260417495543656
2330,158,1,37.34517690949011,-2.09044638879,-2.5494678111587983,5.073257510729614,-0.33820655575744735,3.736836238626391,"Peralta, Freddy",642547,R,"Peralta, Freddy",642547,pitcher-arm-angle-642547-R,Brewers,2021,https://baseballsavant.mlb.com/leaderboard/pitcher-arm-angles?season=2021,5aad5445df2f3ed492d69098db485e3f74e8fc44481d0612f1cef823925f5a21,2026-10-02T17:50:48.970292+00:00,182.88,https://www.mlb.com/player/642547,9ec808812e8a5f552bcb591a68666d1da97fe698c6e710d2d7f7b90f5c633eee,2026-10-02T17:54:00.213678+00:00,1.5463288892703864,0.7770777888412017,0.24299508773287962,1.138987685533324,37.33251688577388
1262,147,1,50.06871626054788,-1.4311550644029225,-1.590229793977813,6.147012678288431,0.028818229746660224,4.402680371314676,"Green, Chad",643338,R,"Green, Chad",643338,pitcher-arm-angle-643338-R,Yankees,2021,https://baseballsavant.mlb.com/leaderboard/pitcher-arm-angles?season=2021,5aad5445df2f3ed492d69098db485e3f74e8fc44481d0612f1cef823925f5a21,2026-10-02T17:50:48.970292+00:00,190.5,https://www.mlb.com/player/643338,b3ccce4da16e20131d4d9fbcc788f958b0e50c7c34dcbb49196a863a27f9418c,2026-10-02T17:54:04.973888+00:00,1.8736094643423138,0.4847020412044374,0.039702181147644566,1.3419369771767133,50.07130241432613
1297,142,1,41.577403549415955,-1.566708225149338,-0.6712952968388589,5.647070161912105,0.09363168541230188,4.17499585082917,"Jax, Griffin",643377,R,"Jax, Griffin",643377,pitcher-arm-angle-643377-R,Twins,2021,https://baseballsavant.mlb.com/leaderboard/pitcher-arm-angles?season=2021,5aad5445df2f3ed492d69098db485e3f74e8fc44481d0612f1cef823925f5a21,2026-10-02T17:50:48.970292+00:00,187.96,https://www.mlb.com/player/643377,efdb8b2d8618dca7a559368d34c9ebb28551fa423aeaa9d91f448f4d73d487df,2026-10-02T17:54:04.908793+00:00,1.7212269853508098,0.20461080647648422,-0.30146079826270367,1.272538735332731,41.560523868879486
1105,137,1,-59.215661940544564,-2.606004408454611,-3.989257918552036,1.197049773755656,-1.369461596553101,3.272095996827567,"Rogers, Tyler",643511,R,"Rogers, Tyler",643511,pitcher-arm-angle-643511-R,Giants,2021,https://baseballsavant.mlb.com/leaderboard/pitcher-arm-angles?season=2021,5aad5445df2f3ed492d69098db485e3f74e8fc44481d0612f1cef823925f5a21,2026-10-02T17:50:48.970292+00:00,190.5,https://www.mlb.com/player/643511,8570e9b43a6218af42e0f5484c95d6f71289e891d43a95b6aef9fb9f8dfe417c,2026-10-02T17:54:06.396244+00:00,0.36486077104072395,1.2159258135746607,0.8390275645070804,0.9973348598330425,-59.20882195363571
3074,146,1,35.11747801059121,-2.290989468566644,-2.345149642160052,5.95547820429408,-0.23454402984747752,4.508664065107878,"Alcantara, Sandy",645261,R,"Alcantara, Sandy",645261,pitcher-arm-angle-645261-R,Marlins,2021,https://baseballsavant.mlb.com/leaderboard/pitcher-arm-angles?season=2021,5aad5445df2f3ed492d69098db485e3f74e8fc44481d0612f1cef823925f5a21,2026-10-02T17:50:48.970292+00:00,195.58,https://www.mlb.com/player/645261,3b4fd6a916c939a9a9256a669ed2a94f44fa265d96ef59eee7c95eb89879a085,2026-10-02T17:54:05.710318+00:00,1.8152297566688356,0.7148016109303839,0.08799704120878193,1.3742408070448813,35.128339085851806
980,114,1,27.5857850730433,-2.5071964785693326,-1.7530102040816327,5.65780612244898,-0.23501420407286291,4.4709062917767755,"Mejía, J.C.",650496,R,"Mejía, J.C.",650496,pitcher-arm-angle-650496-R,Guardians,2021,https://baseballsavant.mlb.com/leaderboard/pitcher-arm-angles?season=2021,5aad5445df2f3ed492d69098db485e3f74e8fc44481d0612f1cef823925f5a21,2026-10-02T17:50:48.970292+00:00,198.12,https://www.mlb.com/player/650496,dd2ebc4e20dc4a9b146e96b52094a8a6d01ce8ff08951d13c8b324c5ff69e879,2026-10-02T17:54:07.480256+00:00,1.7244993061224492,0.5343175102040817,-0.15824364706244234,1.3627322377335613,27.580819603723292
1804,114,1,49.00394550675392,-1.1646818549915139,-0.6984866962305987,6.190371396895787,0.2753057012694465,4.533105392027086,"Civale, Aaron",650644,R,"Civale, Aaron",650644,pitcher-arm-angle-650644-R,Guardians,2021,https://baseballsavant.mlb.com/leaderboard/pitcher-arm-angles?season=2021,5aad5445df2f3ed492d69098db485e3f74e8fc44481d0612f1cef823925f5a21,2026-10-02T17:50:48.970292+00:00,185.42000000000002,https://www.mlb.com/player/650644,0d58aab32e18b95d476d84f67b58e52ab38561c69adb465689f7f0eb62308492,2026-10-02T17:54:08.104243+00:00,1.886825201773836,0.2128987450110865,-0.22600946213725423,1.381690523489856,49.01283780975083
1187,138,1,53.15262459308656,1.1475760024740844,1.2478348778433024,6.0880286436394275,-0.2902385283884558,4.170920628387968,"Cabrera, Génesis",650893,L,"Cabrera, Génesis",650893,pitcher-arm-angle-650893-L,Cardinals,2021,https://baseballsavant.mlb.com/leaderboard/pitcher-arm-angles?season=2021,5aad5445df2f3ed492d69098db485e3f74e8fc44481d0612f1cef823925f5a21,2026-10-02T17:50:48.970292+00:00,187.96,https://www.mlb.com/player/650893,e26ddaa918320871043a2f58d99ea165fc7e187b1219e4e3521c38f5b6aeb6fd,2026-10-02T17:54:09.433807+00:00,1.8556311305812976,-0.38034007076663856,0.0579057982402637,1.2712966075326528,53.13041758608765
1072,108,1,51.79495196763044,-1.2091165878290666,-1.632294776119403,5.991669776119403,0.1799031685514903,4.227055182259004,"Canning, Griffin",656288,R,"Canning, Griffin",656288,pitcher-arm-angle-656288-R,Angels,2021,https://baseballsavant.mlb.com/leaderboard/pitcher-arm-angles?season=2021,5aad5445df2f3ed492d69098db485e3f74e8fc44481d0612f1cef823925f5a21,2026-10-02T17:50:48.970292+00:00,187.96,https://www.mlb.com/player/656288,c994f55c55cc2527a4016e21ed425c79e82420fcafa0af552ce60e56c52bef7a,2026-10-02T17:54:13.269275+00:00,1.8262609477611942,0.4975234477611941,0.07415022601640033,1.2884064195525446,51.79187983755833
2942,145,1,53.991400058697025,-1.319138444925821,-1.6246532970768186,6.333779741672331,-0.00947302994620381,4.533949627994367,"Cease, Dylan",656302,R,"Cease, Dylan",656302,pitcher-arm-angle-656302-R,White Sox,2021,https://baseballsavant.mlb.com/leaderboard/pitcher-arm-angles?season=2021,5aad5445df2f3ed492d69098db485e3f74e8fc44481d0612f1cef823925f5a21,2026-10-02T17:50:48.970292+00:00,187.96,https://www.mlb.com/player/656302,983b647c40020b70347397ee338503886f4bdd163d5f28709bc5af5dd72f89fa,2026-10-02T17:54:13.396466+00:00,1.9305360652617267,0.49519432494901433,0.096008306463227,1.3819478466126833,53.958094891398915
1351,138,1,35.42984487828314,-1.8056595288654165,-2.4913471502590676,5.534115470022206,0.022073930915748306,4.233793053293385,"Flaherty, Jack",656427,R,"Flaherty, Jack",656427,pitcher-arm-angle-656427-R,Cardinals,2021,https://baseballsavant.mlb.com/leaderboard/pitcher-arm-angles?season=2021,5aad5445df2f3ed492d69098db485e3f74e8fc44481d0612f1cef823925f5a21,2026-10-02T17:50:48.970292+00:00,193.04,https://www.mlb.com/player/656427,e96b471de2570b19aaad449aeeb56a7b4d77ac1942812569b6787f0cb13f2c9b,2026-10-02T17:54:15.200864+00:00,1.6867983952627685,0.7593626113989639,0.2022694528576648,1.290460122643824,35.42956283756126
1253,114,1,41.62748074286556,1.9078951694765878,1.8720111731843574,6.426895450917797,-0.0006470193752970977,4.732511886176131,"Hentges, Sam",656529,L,"Hentges, Sam",656529,pitcher-arm-angle-656529-L,Guardians,2021,https://baseballsavant.mlb.com/leaderboard/pitcher-arm-angles?season=2021,5aad5445df2f3ed492d69098db485e3f74e8fc44481d0612f1cef823925f5a21,2026-10-02T17:50:48.970292+00:00,203.2,https://www.mlb.com/player/656529,a6118ed6b4e39c6be62fe08403706eeef28039790224ebb36d7f57d369afaa85,2026-10-02T17:54:17.135512+00:00,1.9589177334397447,-0.5705890055865922,0.011134653575462375,1.4424696229064848,41.5983298801812
1262,113,1,45.097677193444774,-1.6031292946222917,-1.6199207606973058,6.224033280507132,0.09707409031181988,4.51591708440088,"Hoffman, Jeff",656546,R,"Hoffman, Jeff",656546,pitcher-arm-angle-656546-R,Reds,2021,https://baseballsavant.mlb.com/leaderboard/pitcher-arm-angles?season=2021,5aad5445df2f3ed492d69098db485e3f74e8fc44481d0612f1cef823925f5a21,2026-10-02T17:50:48.970292+00:00,195.58,https://www.mlb.com/player/656546,48018c0518941a95746acc59b893bd8121d6ce307fea05eddcaec98462d7c30d,2026-10-02T17:54:17.345175+00:00,1.8970853438985738,0.49375184786053883,-0.02447014386737839,1.3764515273253883,45.13301859139935
1054,111,1,20.541225635489305,-2.575536064175792,-2.933292220113852,5.313102466793169,-0.2810715146092722,4.453072303636177,"Houck, Tanner",656557,R,"Houck, Tanner",656557,pitcher-arm-angle-656557-R,Red Sox,2021,https://baseballsavant.mlb.com/leaderboard/pitcher-arm-angles?season=2021,5aad5445df2f3ed492d69098db485e3f74e8fc44481d0612f1cef823925f5a21,2026-10-02T17:50:48.970292+00:00,195.58,https://www.mlb.com/player/656557,0517f46f0a65760dffabb9824195d7c7f7b11571a54cb5ea4a8c72a6d1fde1b4,2026-10-02T17:54:19.100610+00:00,1.619433631878558,0.8940674686907021,0.19471467398282685,1.3572964381483068,20.54741808739249
1739,134,1,51.144333663314924,-1.4796255676667058,-1.638073605520414,6.233956296722254,-0.10248588477073615,4.525599066219358,"Keller, Mitch",656605,R,"Keller, Mitch",656605,pitcher-arm-angle-656605-R,Pirates,2021,https://baseballsavant.mlb.com/leaderboard/pitcher-arm-angles?season=2021,5aad5445df2f3ed492d69098db485e3f74e8fc44481d0612f1cef823925f5a21,2026-10-02T17:50:48.970292+00:00,190.5,https://www.mlb.com/player/656605,e417f72d3d494f4c05b11a70225f832dd1075f56ad45518176a07ce2e80e3821,2026-10-02T17:54:19.048154+00:00,1.900109879240943,0.4992848349626222,0.07953265961593062,1.3794025953836604,51.12704341931283
1090,145,1,48.00188138358079,-1.5879239672715069,-2.140844036697248,5.782467889908257,-0.06980360799659732,4.0954422314577625,"Kopech, Michael",656629,R,"Kopech, Michael",656629,pitcher-arm-angle-656629-R,White Sox,2021,https://baseballsavant.mlb.com/leaderboard/pitcher-arm-angles?season=2021,5aad5445df2f3ed492d69098db485e3f74e8fc44481d0612f1cef823925f5a21,2026-10-02T17:50:48.970292+00:00,190.5,https://www.mlb.com/player/656629,2d440f0145d30d7b7527bbf5f8c459c23a3281fa99e5d7f431bec233ddc4fc2b,2026-10-02T17:54:19.969894+00:00,1.7624962128440367,0.6525292623853212,0.18980617687832874,1.2482907921483262,48.01659179295701
1542,121,1,38.493586467405926,-2.0914501755802055,-1.4111543450064852,5.757684824902723,-0.21331258216463098,4.263790374358283,"Megill, Tylor",656731,R,"Megill, Tylor",656731,pitcher-arm-angle-656731-R,Mets,2021,https://baseballsavant.mlb.com/leaderboard/pitcher-arm-angles?season=2021,5aad5445df2f3ed492d69098db485e3f74e8fc44481d0612f1cef823925f5a21,2026-10-02T17:50:48.970292+00:00,200.66,https://www.mlb.com/player/656731,f22e857b223c1e842d9ea2ad546837f711ba40e15f71a00ca20960aeeaff28ae,2026-10-02T17:54:21.712515+00:00,1.75494233463035,0.4301198443579767,-0.14233649411509045,1.2996033061044048,38.499184450602215
2450,147,1,51.58794382078642,1.4034704485525216,1.734473469387755,6.699465306122449,-0.13330539693987983,4.761951026857951,"Montgomery, Jordan",656756,L,"Montgomery, Jordan",656756,pitcher-arm-angle-656756-L,Yankees,2021,https://baseballsavant.mlb.com/leaderboard/pitcher-arm-angles?season=2021,5aad5445df2f3ed492d69098db485e3f74e8fc44481d0612f1cef823925f5a21,2026-10-02T17:50:48.970292+00:00,198.12,https://www.mlb.com/player/656756,13c8ee02ad1ddc1755488cf31c940a871aa5f349cb02d741e3b6951a9c3a376a,2026-10-02T17:54:22.459630+00:00,2.041997025306123,-0.5286675134693878,-0.060258235763303795,1.4514426729863037,51.57964672355739
1119,121,1,42.567136506518025,1.826082888121173,0.8763181411974977,6.034530831099196,0.018885038399631515,4.3739921582449295,"Peterson, David",656849,L,"Peterson, David",656849,pitcher-arm-angle-656849-L,Mets,2021,https://baseballsavant.mlb.com/leaderboard/pitcher-arm-angles?season=2021,5aad5445df2f3ed492d69098db485e3f74e8fc44481d0612f1cef823925f5a21,2026-10-02T17:50:48.970292+00:00,198.12,https://www.mlb.com/player/656849,d6dd62b0c2ab26ebd78a736816ca2cd85e289cef6fc597ef2034ad7a26f2e11c,2026-10-02T17:54:22.486364+00:00,1.839324997319035,-0.2671017694369973,0.28373213515812856,1.3331928098330545,42.57826259700524
1175,158,2,56.476093622076995,-1.0387738385120031,-1.0602553191489361,6.057940425531915,0.20994269400061766,4.171455754344852,"Rasmussen, Drew",656876,R,"Rasmussen, Drew",656876,pitcher-arm-angle-656876-R,zMLB,2021,https://baseballsavant.mlb.com/leaderboard/pitcher-arm-angles?season=2021,5aad5445df2f3ed492d69098db485e3f74e8fc44481d0612f1cef823925f5a21,2026-10-02T17:50:48.970292+00:00,185.42000000000002,https://www.mlb.com/player/656876,f8edcf97aa39f78758192bac4d5403a6154e4a07f2711204dfef4c36387e083a,2026-10-02T17:54:23.071776+00:00,1.8464602417021279,0.32316582127659577,-0.057442977833251085,1.2714597139243111,56.49831961661921
981,110,1,41.006801893718944,2.0228170112572026,2.4978593272171254,5.5218450560652395,0.3093538065975394,4.03264380687821,"Scott, Tanner",656945,L,"Scott, Tanner",656945,pitcher-arm-angle-656945-L,Orioles,2021,https://baseballsavant.mlb.com/leaderboard/pitcher-arm-angles?season=2021,5aad5445df2f3ed492d69098db485e3f74e8fc44481d0612f1cef823925f5a21,2026-10-02T17:50:48.970292+00:00,182.88,https://www.mlb.com/player/656945,7153ed25115a211f5d38f929819a5b73540ead628eb6b24649494221ba11e1ab,2026-10-02T17:54:23.946526+00:00,1.683058373088685,-0.7613475229357799,-0.2390839381555145,1.2291498323364785,40.994483952228435
1360,136,1,43.44357450017055,1.7669966965185009,1.3108088235294117,5.538375,0.1478443280793601,4.004513078727915,"Sheffield, Justus",656954,L,"Sheffield, Justus",656954,pitcher-arm-angle-656954-L,Mariners,2021,https://baseballsavant.mlb.com/leaderboard/pitcher-arm-angles?season=2021,5aad5445df2f3ed492d69098db485e3f74e8fc44481d0612f1cef823925f5a21,2026-10-02T17:50:48.970292+00:00,177.8,https://www.mlb.com/player/656954,85e6ef5a79af45852a722300e0b7d3fe556d800716ee05ae5ce7fba6a2b74b3f,2026-10-02T17:54:24.260382+00:00,1.6880967000000002,-0.3995345294117647,0.09398311248848541,1.2205755863962686,43.45050139333768
2182,137,1,21.711287589819737,-2.492867191818123,-1.8780797433547205,5.110142071494042,-0.4021811279878171,4.277627307602474,"Webb, Logan",657277,R,"Webb, Logan",657277,pitcher-arm-angle-657277-R,Giants,2021,https://baseballsavant.mlb.com/leaderboard/pitcher-arm-angles?season=2021,5aad5445df2f3ed492d69098db485e3f74e8fc44481d0612f1cef823925f5a21,2026-10-02T17:50:48.970292+00:00,187.96,https://www.mlb.com/player/657277,ddea7024766cf44a9f9b6d82777f6dc1128ccf03f8843bd8874d4b8c546e5b57,2026-10-02T17:54:28.868717+00:00,1.5575713033913843,0.5724387057745188,-0.06480240648095847,1.303820803357234,21.712531619716003
2011,108,1,45.11993891450871,-1.634925795675557,-1.94546494281452,6.063003480855296,-0.04326066329103858,4.465477354329565,"Ohtani, Shohei",660271,R,"Ohtani, Shohei",660271,pitcher-arm-angle-660271-R,Angels,2021,https://baseballsavant.mlb.com/leaderboard/pitcher-arm-angles?season=2021,5aad5445df2f3ed492d69098db485e3f74e8fc44481d0612f1cef823925f5a21,2026-10-02T17:50:48.970292+00:00,193.04,https://www.mlb.com/player/660271,ffe4ab3d955931c11dc7360c7f452699fe399d6685e425e89d2baa58d9f4ed51,2026-10-02T17:54:34.400250+00:00,1.8480034609646943,0.5929777145698657,0.10783818221906452,1.3610774975996514,45.10529624055965
1475,144,1,49.11487644123,-1.5463875894013546,-1.162528813559322,6.377952542372881,0.03159116245905142,4.552855377969339,"Ynoa, Huascar",660623,R,"Ynoa, Huascar",660623,pitcher-arm-angle-660623-R,Braves,2021,https://baseballsavant.mlb.com/leaderboard/pitcher-arm-angles?season=2021,5aad5445df2f3ed492d69098db485e3f74e8fc44481d0612f1cef823925f5a21,2026-10-02T17:50:48.970292+00:00,187.96,https://www.mlb.com/player/660623,c6132ca4681de34b2a8e0bf536551f7ef6d50205656faaecbab28381763be0b5,2026-10-02T17:54:35.933762+00:00,1.9439999349152544,0.35433878237288136,-0.12662914119417043,1.3877103192050544,49.15331124561993
1561,108,1,34.72084161711659,2.0409393693427544,2.435816784112748,5.288219090326714,0.29296100709382816,4.076438522415999,"Suarez, José",660761,L,"Suarez, José",660761,pitcher-arm-angle-660761-L,Angels,2021,https://baseballsavant.mlb.com/leaderboard/pitcher-arm-angles?season=2021,5aad5445df2f3ed492d69098db485e3f74e8fc44481d0612f1cef823925f5a21,2026-10-02T17:50:48.970292+00:00,177.8,https://www.mlb.com/player/660761,ca787e0865c08124b1fd88f07e2200cc87dad5b466becb26eee1597e2271b1b8,2026-10-02T17:54:35.868412+00:00,1.6118491787315825,-0.7424369557975656,-0.2096531509840929,1.2424984616323966,34.73151459878002
1812,113,1,44.471296405650435,-1.6754077339342321,-2.077317880794702,5.430546357615894,0.006599169251786603,3.7791768950817586,"Gutierrez, Vladimir",661269,R,"Gutierrez, Vladimir",661269,pitcher-arm-angle-661269-R,Reds,2021,https://baseballsavant.mlb.com/leaderboard/pitcher-arm-angles?season=2021,5aad5445df2f3ed492d69098db485e3f74e8fc44481d0612f1cef823925f5a21,2026-10-02T17:50:48.970292+00:00,185.42000000000002,https://www.mlb.com/player/661269,7e69aa1dc625d2b90a61481313e168ffd490ba072c7d55d8453ebd38adb56d8f,2026-10-02T17:54:37.274153+00:00,1.6552305298013246,0.6331664900662252,0.12049078597512664,1.1518931176209202,44.47340281312129
1015,114,1,55.71547070242318,-1.2081285920198088,-0.6610443349753694,6.182137931034482,0.16056259297198505,4.175951852904171,"Clase, Emmanuel",661403,R,"Clase, Emmanuel",661403,pitcher-arm-angle-661403-R,Guardians,2021,https://baseballsavant.mlb.com/leaderboard/pitcher-arm-angles?season=2021,5aad5445df2f3ed492d69098db485e3f74e8fc44481d0612f1cef823925f5a21,2026-10-02T17:50:48.970292+00:00,187.96,https://www.mlb.com/player/661403,647a9211dfbcbec45afd4623611af5dd0d0b6ee7813d29b2fb27a55a93c98db6,2026-10-02T17:54:38.703329+00:00,1.8843156413793103,0.2014863133004926,-0.2156907598850062,1.2728301247651914,55.696807055055594
2182,118,1,43.95318305435243,1.7451974802050794,1.4015582034830432,5.716480293308891,0.12285418714880961,4.151794888161456,"Bubic, Kris",663460,L,"Bubic, Kris",663460,pitcher-arm-angle-663460-L,Royals,2021,https://baseballsavant.mlb.com/leaderboard/pitcher-arm-angles?season=2021,5aad5445df2f3ed492d69098db485e3f74e8fc44481d0612f1cef823925f5a21,2026-10-02T17:50:48.970292+00:00,190.5,https://www.mlb.com/player/663460,638c6a7cdfba81fde41d0f4bac8ff45f933ed7dec49bdf8b72edb9af04efda3b,2026-10-02T17:54:41.949141+00:00,1.74238319340055,-0.4271949404216316,0.06729529530191947,1.2654670819116118,43.96355081830683
2034,140,1,46.81972606870638,1.4761552023610711,2.1841937069813175,5.525693215339233,0.039900109221350115,3.9942902462075045,"Allard, Kolby",663465,L,"Allard, Kolby",663465,pitcher-arm-angle-663465-L,Rangers,2021,https://baseballsavant.mlb.com/leaderboard/pitcher-arm-angles?season=2021,5aad5445df2f3ed492d69098db485e3f74e8fc44481d0612f1cef823925f5a21,2026-10-02T17:50:48.970292+00:00,185.42000000000002,https://www.mlb.com/player/663465,8abce81d5187bc2d884e47b8cde44c4070ad8260aa799e641dc375a4928c854e,2026-10-02T17:54:43.518512+00:00,1.6842312920353983,-0.6657422418879057,-0.22797168949891863,1.2174596670440474,46.8363655065191
1951,114,1,50.38633847831099,-1.3078158718087651,-1.8656637621732446,6.276048180420298,0.16993914436642743,4.491262833640679,"McKenzie, Triston",663474,R,"McKenzie, Triston",663474,pitcher-arm-angle-663474-R,Guardians,2021,https://baseballsavant.mlb.com/leaderboard/pitcher-arm-angles?season=2021,5aad5445df2f3ed492d69098db485e3f74e8fc44481d0612f1cef823925f5a21,2026-10-02T17:50:48.970292+00:00,195.58,https://www.mlb.com/player/663474,8fcb61bd94dc50ab6851a2855b89edb8899fff0a8f3729b105788c9e09fb3b51,2026-10-02T17:54:43.085821+00:00,1.912939485392107,0.568654314710405,0.11823458578020626,1.368936911693679,50.37614330786827
2345,116,1,36.09483427769402,-1.9643691827279262,-1.9741705756929637,5.504179104477612,-0.21788810757674848,4.233061950205659,"Mize, Casey",663554,R,"Mize, Casey",663554,pitcher-arm-angle-663554-R,Tigers,2021,https://baseballsavant.mlb.com/leaderboard/pitcher-arm-angles?season=2021,5aad5445df2f3ed492d69098db485e3f74e8fc44481d0612f1cef823925f5a21,2026-10-02T17:50:48.970292+00:00,190.5,https://www.mlb.com/player/663554,e3c68568a8a37b9854ab5647d5985d56c27cc6cf1e2de7abc31839e2b844d14d,2026-10-02T17:54:44.826658+00:00,1.6776737910447763,0.6017271914712153,0.06939975976513639,1.290237282422685,36.047733110673086
1798,139,1,42.580188250569734,1.6531839624713371,0.762091212458287,6.215411568409344,0.09015866407335003,4.778796531811051,"McClanahan, Shane",663556,L,"McClanahan, Shane",663556,pitcher-arm-angle-663556-L,Rays,2021,https://baseballsavant.mlb.com/leaderboard/pitcher-arm-angles?season=2021,5aad5445df2f3ed492d69098db485e3f74e8fc44481d0612f1cef823925f5a21,2026-10-02T17:50:48.970292+00:00,190.5,https://www.mlb.com/player/663556,3d3e7d72421dc40a3c2db14a020dd4871e0d263aa1f9b47cca7dd092bd17d66b,2026-10-02T17:54:45.531043+00:00,1.894457446051168,-0.23228540155728591,0.2441247093944206,1.4565771828960083,42.58688019735252
1247,118,1,43.4229622752507,1.5382561875692105,1.0076423416198876,6.039663191659984,-0.13210354858893328,4.457296142123832,"Lynch IV, Daniel",663738,L,"Lynch IV, Daniel",663738,pitcher-arm-angle-663738-L,Royals,2021,https://baseballsavant.mlb.com/leaderboard/pitcher-arm-angles?season=2021,5aad5445df2f3ed492d69098db485e3f74e8fc44481d0612f1cef823925f5a21,2026-10-02T17:50:48.970292+00:00,198.12,https://www.mlb.com/player/663738,83f5ac28ec2cd36e54ae36a1c68995cc0238dccf625f7651fd27dbd6fd2548f0,2026-10-02T17:54:48.458811+00:00,1.8408893408179632,-0.3071293857257418,0.20199626185526046,1.3585838641193442,43.450413880157576
1146,138,1,46.918975456824526,-1.750747803435949,-2.4086561954624783,5.688394415357766,-0.1694301832269081,3.997760308473917,"Woodford, Jake",663765,R,"Woodford, Jake",663765,pitcher-arm-angle-663765-R,Cardinals,2021,https://baseballsavant.mlb.com/leaderboard/pitcher-arm-angles?season=2021,5aad5445df2f3ed492d69098db485e3f74e8fc44481d0612f1cef823925f5a21,2026-10-02T17:50:48.970292+00:00,193.04,https://www.mlb.com/player/663765,7d25f042df28e51a135bc83730a5d73a11abbcef9502ff46df556af320e19a00,2026-10-02T17:54:48.933429+00:00,1.733822617801047,0.7341584083769634,0.25217279773724777,1.21851734202285,46.91355035882508
1428,108,1,55.20449179658542,1.1575760359650353,1.7342927170868347,6.211484593837535,-0.0972553634556541,4.406503493603323,"Sandoval, Patrick",663776,L,"Sandoval, Patrick",663776,pitcher-arm-angle-663776-L,Angels,2021,https://baseballsavant.mlb.com/leaderboard/pitcher-arm-angles?season=2021,5aad5445df2f3ed492d69098db485e3f74e8fc44481d0612f1cef823925f5a21,2026-10-02T17:50:48.970292+00:00,190.5,https://www.mlb.com/player/663776,c8eb9b45957754b06d88402c3b76c112e1249e4dd462af6b1d7c92a8942119c7,2026-10-02T17:54:49.873388+00:00,1.8932605042016808,-0.5286124201680673,-0.1461398096246411,1.343102264850293,55.1927906075387
2277,118,1,39.45443645540736,-1.630196736778686,-1.1871102327624068,5.5431884057971015,0.022198758625380927,4.182240952264015,"Singer, Brady",663903,R,"Singer, Brady",663903,pitcher-arm-angle-663903-R,Royals,2021,https://baseballsavant.mlb.com/leaderboard/pitcher-arm-angles?season=2021,5aad5445df2f3ed492d69098db485e3f74e8fc44481d0612f1cef823925f5a21,2026-10-02T17:50:48.970292+00:00,195.58,https://www.mlb.com/player/663903,01ab8393018553fddf3b6a3cce3c4075151b079c6bd843208e47beeb018fe590,2026-10-02T17:54:51.329823+00:00,1.6895638260869565,0.3618311989459816,-0.14181894805317802,1.274747042250072,39.4755829873601
1748,135,1,50.21283212114977,-1.6335964122043367,-2.5546395881006867,6.260463386727689,-0.08404396406034849,4.400129632999939,"Paddack, Chris",663978,R,"Paddack, Chris",663978,pitcher-arm-angle-663978-R,Padres,2021,https://baseballsavant.mlb.com/leaderboard/pitcher-arm-angles?season=2021,5aad5445df2f3ed492d69098db485e3f74e8fc44481d0612f1cef823925f5a21,2026-10-02T17:50:48.970292+00:00,195.58,https://www.mlb.com/player/663978,48188b8765bde18949d7db1204f5aeeb65e995447f6f788c0065125e042117ba,2026-10-02T17:54:52.986199+00:00,1.9081892402745997,0.7786541464530894,0.3063505602588017,1.3411595121383815,50.2076215832375
1153,114,1,34.80004918002786,-2.1342415861416892,-2.0298091934084996,5.724423243712056,-0.22337933803445292,4.396185011619526,"Stephan, Trevor",663986,R,"Stephan, Trevor",663986,pitcher-arm-angle-663986-R,Guardians,2021,https://baseballsavant.mlb.com/leaderboard/pitcher-arm-angles?season=2021,5aad5445df2f3ed492d69098db485e3f74e8fc44481d0612f1cef823925f5a21,2026-10-02T17:50:48.970292+00:00,195.58,https://www.mlb.com/player/663986,a2d6c1b3efe656c55e59dbb9a54b218cd8145736cff5c8796061a6173c530157,2026-10-02T17:54:53.261386+00:00,1.7448042046834347,0.6186858421509107,0.03625502892782506,1.3399571915416315,34.80312097934238
984,119,1,48.58992776859039,-1.6356850210954592,-0.8511382113821139,6.256473577235773,-0.16420627095988063,4.588062222541178,"Gonsolin, Tony",664062,R,"Gonsolin, Tony",664062,pitcher-arm-angle-664062-R,Dodgers,2021,https://baseballsavant.mlb.com/leaderboard/pitcher-arm-angles?season=2021,5aad5445df2f3ed492d69098db485e3f74e8fc44481d0612f1cef823925f5a21,2026-10-02T17:50:48.970292+00:00,190.5,https://www.mlb.com/player/664062,70bcc0a6d687c4666a3a73be68ae3e1fe6af15849671fe477dc2b718ec8c1e1c,2026-10-02T17:54:54.774461+00:00,1.9069731463414636,0.2594269268292683,-0.18907979621205606,1.3984413654305512,48.5888665471028
1847,134,1,49.17732577116186,-1.444686489260632,-2.4160638873849485,6.211981591770439,0.1308561211219365,4.387831470606848,"Brubaker, JT",664141,R,"Brubaker, JT",664141,pitcher-arm-angle-664141-R,Pirates,2021,https://baseballsavant.mlb.com/leaderboard/pitcher-arm-angles?season=2021,5aad5445df2f3ed492d69098db485e3f74e8fc44481d0612f1cef823925f5a21,2026-10-02T17:50:48.970292+00:00,193.04,https://www.mlb.com/player/664141,66dec62b4bda93e494809a90af6398408ac32f767ccfe686b2eb7cd394a4349f,2026-10-02T17:54:56.417219+00:00,1.89341198917163,0.7364162728749324,0.25619088523032546,1.3374110322409674,49.18239331559607
1149,117,2,32.36453197451468,-2.1684361057876274,-1.8307310704960835,5.342184508268059,-0.21772647255515862,4.105232067292658,"Maton, Phil",664208,R,"Maton, Phil",664208,pitcher-arm-angle-664208-R,zMLB,2021,https://baseballsavant.mlb.com/leaderboard/pitcher-arm-angles?season=2021,5aad5445df2f3ed492d69098db485e3f74e8fc44481d0612f1cef823925f5a21,2026-10-02T17:50:48.970292+00:00,187.96,https://www.mlb.com/player/664208,f45c3eb6fe7e0b13e3b502e328f513ae0c804a7b663682ac0d5cf98caf6ca245,2026-10-02T17:54:58.236483+00:00,1.6282978381201045,0.5580068302872063,-0.036569465922050216,1.2512747341108021,32.37894034344414
2085,117,1,42.07717739132636,1.7134351870357523,1.1285083932853717,5.9311175059952035,0.12511611983614027,4.49694599714911,"Valdez, Framber",664285,L,"Valdez, Framber",664285,pitcher-arm-angle-664285-L,Astros,2021,https://baseballsavant.mlb.com/leaderboard/pitcher-arm-angles?season=2021,5aad5445df2f3ed492d69098db485e3f74e8fc44481d0612f1cef823925f5a21,2026-10-02T17:50:48.970292+00:00,180.34,https://www.mlb.com/player/664285,cdb7184387547666db168084d177823f9c9cafdcdbc09252d4b002e2f0ff2a75,2026-10-02T17:54:57.891751+00:00,1.8078046158273382,-0.3439693582733813,0.14015029340906046,1.3706691399310489,42.080434555381835
1786,117,1,35.793905907217294,-2.0221020731886976,-1.5746472564389697,5.605307950727884,-0.13367880379415586,4.244228497114169,"Javier, Cristian",664299,R,"Javier, Cristian",664299,pitcher-arm-angle-664299-R,Astros,2021,https://baseballsavant.mlb.com/leaderboard/pitcher-arm-angles?season=2021,5aad5445df2f3ed492d69098db485e3f74e8fc44481d0612f1cef823925f5a21,2026-10-02T17:50:48.970292+00:00,185.42000000000002,https://www.mlb.com/player/664299,2b5f519045cbd1e8d8ceecc47d214e2ed4f4778c849cee32125c86cdd2dc76c3,2026-10-02T17:54:59.052106+00:00,1.708497863381859,0.479952483762598,-0.09563892874885835,1.2936408459203987,35.78214562118481
1486,117,1,54.0360588103441,-1.466622311670198,-1.512577388963661,6.259273216689098,-0.20652790662632667,4.520702688580495,"Urquidy, José",664353,R,"Urquidy, José",664353,pitcher-arm-angle-664353-R,Astros,2021,https://baseballsavant.mlb.com/leaderboard/pitcher-arm-angles?season=2021,5aad5445df2f3ed492d69098db485e3f74e8fc44481d0612f1cef823925f5a21,2026-10-02T17:50:48.970292+00:00,182.88,https://www.mlb.com/player/664353,8916da09ddc642b4f303cb10c756abc23579c615f9c69940e6ec0b79923410de,2026-10-02T17:54:59.051307+00:00,1.9078264764468371,0.4610335881561239,0.07695681349875189,1.377910179479335,54.06586478319915
1978,144,1,64.81753257332322,-0.643066179303025,-1.5437967644084933,6.193655207280081,0.32582105563968167,4.1300647576024385,"Anderson, Ian",666120,R,"Anderson, Ian",666120,pitcher-arm-angle-666120-R,Braves,2021,https://baseballsavant.mlb.com/leaderboard/pitcher-arm-angles?season=2021,5aad5445df2f3ed492d69098db485e3f74e8fc44481d0612f1cef823925f5a21,2026-10-02T17:50:48.970292+00:00,190.5,https://www.mlb.com/player/666120,9d26d26037a11dbce4cab63575c2483420770636e3590ba18a1928f530486f1c,2026-10-02T17:55:03.219788+00:00,1.8878261071789688,0.4705492537917088,0.17523242458117178,1.2588437381172233,64.84922750165553
1396,116,1,54.78196468999277,-1.4081121819574876,-1.900179083094556,5.944025787965616,-0.1540993516436107,4.168020167018129,"Manning, Matt",666159,R,"Manning, Matt",666159,pitcher-arm-angle-666159-R,Tigers,2021,https://baseballsavant.mlb.com/leaderboard/pitcher-arm-angles?season=2021,5aad5445df2f3ed492d69098db485e3f74e8fc44481d0612f1cef823925f5a21,2026-10-02T17:50:48.970292+00:00,198.12,https://www.mlb.com/player/666159,16dcf3d8dae77a1d790f715477cd8e7ee3a8238d9269e14bd4ee3420a2832ae9,2026-10-02T17:55:05.952797+00:00,1.8117390601719199,0.5791745845272207,0.196951473847551,1.270412546907126,54.774617351422506
1699,146,2,35.71126082179746,1.9816876124333904,2.2271336080047086,5.861159505591524,0.11634670703965679,4.5203004640742135,"Luzardo, Jesús",666200,L,"Luzardo, Jesús",666200,pitcher-arm-angle-666200-L,zMLB,2021,https://baseballsavant.mlb.com/leaderboard/pitcher-arm-angles?season=2021,5aad5445df2f3ed492d69098db485e3f74e8fc44481d0612f1cef823925f5a21,2026-10-02T17:50:48.970292+00:00,182.88,https://www.mlb.com/player/666200,5d50a0f3e81fd3abe453dfdd413a00ac74eefd72040e33eba5bb3b1ddaeca6b2,2026-10-02T17:55:05.806960+00:00,1.7864814173042967,-0.6788303237198352,-0.11027441575582517,1.3777875814498204,35.709633383663345
1533,141,1,39.59060786856142,-2.2857054752214254,-2.596294846705806,5.830704500978474,-0.3551630081824137,4.233534604952297,"Manoah, Alek",666201,R,"Manoah, Alek",666201,pitcher-arm-angle-666201-R,Blue Jays,2021,https://baseballsavant.mlb.com/leaderboard/pitcher-arm-angles?season=2021,5aad5445df2f3ed492d69098db485e3f74e8fc44481d0612f1cef823925f5a21,2026-10-02T17:50:48.970292+00:00,198.12,https://www.mlb.com/player/666201,e43f12decffd6113b16e518ea4544669056c9814004435be08099c51e0444091,2026-10-02T17:55:06.605183+00:00,1.777198731898239,0.7913506692759297,0.20292132532243887,1.29038134758946,39.601520080268045
2187,114,1,52.16747747951557,-1.385690876039468,-0.7665660722450846,6.041197988111568,0.036546483268058864,4.209770243155437,"Plesac, Zach",668676,R,"Plesac, Zach",668676,pitcher-arm-angle-668676-R,Guardians,2021,https://baseballsavant.mlb.com/leaderboard/pitcher-arm-angles?season=2021,5aad5445df2f3ed492d69098db485e3f74e8fc44481d0612f1cef823925f5a21,2026-10-02T17:50:48.970292+00:00,190.5,https://www.mlb.com/player/668676,74c6a6a05f87c45a33547feb223a4a787e4eece629d97aea9965a655cac75f1f,2026-10-02T17:55:12.845425+00:00,1.841357146776406,0.23364933882030178,-0.19984860829663242,1.2831379701137773,52.1680512336291
2091,109,1,45.15177735537011,-1.4573659998329533,-3.064983261597322,5.884658058345289,0.006202636618862134,4.412615400230209,"Gallen, Zac",668678,R,"Gallen, Zac",668678,pitcher-arm-angle-668678-R,Diamondbacks,2021,https://baseballsavant.mlb.com/leaderboard/pitcher-arm-angles?season=2021,5aad5445df2f3ed492d69098db485e3f74e8fc44481d0612f1cef823925f5a21,2026-10-02T17:50:48.970292+00:00,187.96,https://www.mlb.com/player/668678,a6c2a1452320f445a22855de1766d6bb15f4a32104a74e2d71d3f6b3780f2096,2026-10-02T17:55:12.411648+00:00,1.7936437761836443,0.9342068981348637,0.48811117774435037,1.3449651739901676,45.165391218225814
1126,144,2,40.40163737865666,-2.075256817765563,-2.4321669626998226,5.475639431616341,-0.3483370699841377,4.005109412400193,"Wilson, Bryse",669060,R,"Wilson, Bryse",669060,pitcher-arm-angle-669060-R,zMLB,2021,https://baseballsavant.mlb.com/leaderboard/pitcher-arm-angles?season=2021,5aad5445df2f3ed492d69098db485e3f74e8fc44481d0612f1cef823925f5a21,2026-10-02T17:50:48.970292+00:00,187.96,https://www.mlb.com/player/669060,45ad35de0f92b59c46db33de1d16057fc215457d55d69cb6ff1dd69a47296222,2026-10-02T17:55:15.968462+00:00,1.6689748987566608,0.741324490230906,0.21495935110712755,1.2207573488995789,40.41550707401505
1011,110,1,46.388189177026234,1.5607445747893678,0.7769238377843719,6.172848664688427,-0.03493272116959815,4.4988153581612265,"Zimmermann, Bruce",669145,L,"Zimmermann, Bruce",669145,pitcher-arm-angle-669145-L,Orioles,2021,https://baseballsavant.mlb.com/leaderboard/pitcher-arm-angles?season=2021,5aad5445df2f3ed492d69098db485e3f74e8fc44481d0612f1cef823925f5a21,2026-10-02T17:50:48.970292+00:00,190.5,https://www.mlb.com/player/669145,5185a43e1200d7f79831a613502a20a61228d43d51679d730277bf044a1a4798,2026-10-02T17:55:16.762771+00:00,1.8814842729970327,-0.23680638575667656,0.24955605405161627,1.371238921167542,46.372784976454746
2578,158,1,41.89526132363751,-1.691193809506367,-0.8031186966640806,5.962765709852599,-0.014259198013696617,4.459456399214386,"Burnes, Corbin",669203,R,"Burnes, Corbin",669203,pitcher-arm-angle-669203-R,Brewers,2021,https://baseballsavant.mlb.com/leaderboard/pitcher-arm-angles?season=2021,5aad5445df2f3ed492d69098db485e3f74e8fc44481d0612f1cef823925f5a21,2026-10-02T17:50:48.970292+00:00,190.5,https://www.mlb.com/player/669203,2fbd37dd96bd0afb90fab61741728a45310fe59d09d15761b7e2bf645d7804c2,2026-10-02T17:55:20.295437+00:00,1.8174509883630723,0.2447905787432118,-0.26633909083975416,1.3592423104805451,41.875041305871896
1752,110,1,44.0218038643655,1.6991075002301999,2.4410901826484017,5.820896118721461,0.09099027735881608,4.267056496416424,"Akin, Keegan",669211,L,"Akin, Keegan",669211,pitcher-arm-angle-669211-L,Orioles,2021,https://baseballsavant.mlb.com/leaderboard/pitcher-arm-angles?season=2021,5aad5445df2f3ed492d69098db485e3f74e8fc44481d0612f1cef823925f5a21,2026-10-02T17:50:48.970292+00:00,182.88,https://www.mlb.com/player/669211,a75abeba5e809754c2e9ccbb1340ee7823e247a5d7237c5cb4d02f2632f0fbf9,2026-10-02T17:55:20.643353+00:00,1.7742091369863016,-0.7440442876712329,-0.25389015814003507,1.300598820107726,44.01656721364101
1387,114,1,46.066066292798936,-1.2595577377054572,-0.8036697909156453,5.8412040374909875,0.2694723662286898,4.254851370644787,"Morgan, Eli",669212,R,"Morgan, Eli",669212,pitcher-arm-angle-669212-R,Guardians,2021,https://baseballsavant.mlb.com/leaderboard/pitcher-arm-angles?season=2021,5aad5445df2f3ed492d69098db485e3f74e8fc44481d0612f1cef823925f5a21,2026-10-02T17:50:48.970292+00:00,177.8,https://www.mlb.com/player/669212,c4e36711b3caacdc3720b6e7db83a7eafba1b0edcada86627a4b826b82afeb4b,2026-10-02T17:55:20.042387+00:00,1.780398990627253,0.2449585522710887,-0.22108982340803934,1.2968786977725313,46.054114566336104
2111,136,1,48.40289454477948,-1.5464103764335546,-2.0738986262434866,6.0048460445286596,-0.01621239561933038,4.280241333653181,"Gilbert, Logan",669302,R,"Gilbert, Logan",669302,pitcher-arm-angle-669302-R,Mariners,2021,https://baseballsavant.mlb.com/leaderboard/pitcher-arm-angles?season=2021,5aad5445df2f3ed492d69098db485e3f74e8fc44481d0612f1cef823925f5a21,2026-10-02T17:50:48.970292+00:00,198.12,https://www.mlb.com/player/669302,504188b7b1946b56d966809c89501738b9245a58268fd676e8a965b8866ffdea,2026-10-02T17:55:22.269339+00:00,1.8302770743723356,0.6321243012790148,0.1657199567268392,1.3046175584974895,48.41816953007498
2448,116,1,51.38876968355718,1.8895847689781964,2.977765522875817,6.341482843137255,0.33414703174982857,4.392349291926645,"Skubal, Tarik",669373,L,"Skubal, Tarik",669373,pitcher-arm-angle-669373-L,Tigers,2021,https://baseballsavant.mlb.com/leaderboard/pitcher-arm-angles?season=2021,5aad5445df2f3ed492d69098db485e3f74e8fc44481d0612f1cef823925f5a21,2026-10-02T17:50:48.970292+00:00,190.5,https://www.mlb.com/player/669373,a99c19dff3aedb56bcfc4bb373e58ad515e5cd956831218f38c13295f4f03f02,2026-10-02T17:55:21.545264+00:00,1.9328839705882355,-0.9076229313725491,-0.43352550906534254,1.3387880641792413,51.409609104606076
2051,146,1,26.3892260095753,2.486695247742343,2.1770599707459777,5.828366650414432,0.2865880677950671,4.736508759230034,"Rogers, Trevor",669432,L,"Rogers, Trevor",669432,pitcher-arm-angle-669432-L,Marlins,2021,https://baseballsavant.mlb.com/leaderboard/pitcher-arm-angles?season=2021,5aad5445df2f3ed492d69098db485e3f74e8fc44481d0612f1cef823925f5a21,2026-10-02T17:50:48.970292+00:00,195.58,https://www.mlb.com/player/669432,496c3004a99c1f9b68c2d106e34e6cc4bfeb7ea7987136982395e19d3a433526,2026-10-02T17:55:24.217554+00:00,1.776486155046319,-0.663567879083374,0.007024789364555747,1.4436878698133144,26.394049218234773
1544,114,1,43.80971535194521,-1.4142047142978116,-1.2154080310880828,5.547668393782383,0.13007502134248367,4.066263088337652,"Bieber, Shane",669456,R,"Bieber, Shane",669456,pitcher-arm-angle-669456-R,Guardians,2021,https://baseballsavant.mlb.com/leaderboard/pitcher-arm-angles?season=2021,5aad5445df2f3ed492d69098db485e3f74e8fc44481d0612f1cef823925f5a21,2026-10-02T17:50:48.970292+00:00,190.5,https://www.mlb.com/player/669456,6953846c0a9fe4636e85b435f2fc746528e0d77e5f9e2f6448ff7a64fd686c98,2026-10-02T17:55:23.813817+00:00,1.6909293264248706,0.3704563678756477,-0.10024009554751435,1.2393969893253165,43.80955187264473
1080,138,1,34.93678004293845,-1.9124881099890463,-2.5718425925925925,5.754703703703703,-0.10170636341678926,4.490601891020087,"Oviedo, Johan",670912,R,"Oviedo, Johan",670912,pitcher-arm-angle-670912-R,Cardinals,2021,https://baseballsavant.mlb.com/leaderboard/pitcher-arm-angles?season=2021,5aad5445df2f3ed492d69098db485e3f74e8fc44481d0612f1cef823925f5a21,2026-10-02T17:50:48.970292+00:00,198.12,https://www.mlb.com/player/670912,c5e6a65a7efd89879a7373ac48bbca7c521d765786702da90e49e2dbddb1b0b1,2026-10-02T17:55:31.578864+00:00,1.754033688888889,0.7838976222222223,0.23197134586699827,1.3687354563829226,34.91878846646771
992,158,3,57.061182568745956,-0.9161389676798068,-2.4403629032258065,6.309778225806451,0.369159866422788,4.325874509186396,"Richards, Trevor",670950,R,"Richards, Trevor",670950,pitcher-arm-angle-670950-R,zMLB,2021,https://baseballsavant.mlb.com/leaderboard/pitcher-arm-angles?season=2021,5aad5445df2f3ed492d69098db485e3f74e8fc44481d0612f1cef823925f5a21,2026-10-02T17:50:48.970292+00:00,187.96,https://www.mlb.com/player/670950,298b6765db78bb2b87a068618abfb0508b86f0b44f32c096549b83ab8dcabdd1,2026-10-02T17:55:31.645999+00:00,1.9232204032258065,0.7438226129032258,0.3520635282687549,1.3185265504000137,57.06227032542373
1423,118,1,43.79643691720733,-1.5297074769851184,-0.8454532677442024,5.948840477863668,0.24735383597612687,4.245146124797808,"Hernández, Carlos",672578,R,"Hernández, Carlos",672578,pitcher-arm-angle-672578-R,Royals,2021,https://baseballsavant.mlb.com/leaderboard/pitcher-arm-angles?season=2021,5aad5445df2f3ed492d69098db485e3f74e8fc44481d0612f1cef823925f5a21,2026-10-02T17:50:48.970292+00:00,193.04,https://www.mlb.com/player/672578,607c3b1acd653ed8ce901b366b06aa367d223a0844203ae470e7d1a62a7ccf0e,2026-10-02T17:55:36.244987+00:00,1.813206577652846,0.2576941560084329,-0.2839541321821547,1.2939205388383719,43.79250507556398
1260,139,1,47.51362604396703,-1.5561011786689114,-1.9456269841269842,5.92465873015873,-0.07111907310967316,4.303282337668401,"Patiño, Luis",672715,R,"Patiño, Luis",672715,pitcher-arm-angle-672715-R,Rays,2021,https://baseballsavant.mlb.com/leaderboard/pitcher-arm-angles?season=2021,5aad5445df2f3ed492d69098db485e3f74e8fc44481d0612f1cef823925f5a21,2026-10-02T17:50:48.970292+00:00,185.42000000000002,https://www.mlb.com/player/672715,d61b32c4427ef8e757720af9775856bcbb7d7b1262f04632618fbad5d5192e25,2026-10-02T17:55:37.055508+00:00,1.805835980952381,0.5930271047619048,0.14040455898744897,1.3116404565213287,47.514133729511315
980,114,1,60.49112757041101,-0.8675959119436983,-0.3303673469387755,6.487163265306123,0.27735200378820357,4.465354031214758,"Karinchak, James",675916,R,"Karinchak, James",675916,pitcher-arm-angle-675916-R,Guardians,2021,https://baseballsavant.mlb.com/leaderboard/pitcher-arm-angles?season=2021,5aad5445df2f3ed492d69098db485e3f74e8fc44481d0612f1cef823925f5a21,2026-10-02T17:50:48.970292+00:00,190.5,https://www.mlb.com/player/675916,c9cd00a3c81dfacb1d4da0ab42b61e986022ca2a81073d5d05998fa916726986,2026-10-02T17:55:40.985766+00:00,1.9772873632653063,0.10069596734693878,-0.24828415736814496,1.3610399087142584,60.477179288441114
1040,145,2,30.523333586234326,-2.422771532551697,-1.8970576923076923,5.648884615384615,-0.4081160351719359,4.460581459558059,"Heuer, Codi",676051,R,"Heuer, Codi",676051,pitcher-arm-angle-676051-R,zMLB,2021,https://baseballsavant.mlb.com/leaderboard/pitcher-arm-angles?season=2021,5aad5445df2f3ed492d69098db485e3f74e8fc44481d0612f1cef823925f5a21,2026-10-02T17:50:48.970292+00:00,195.58,https://www.mlb.com/player/676051,c188a9c919286e2f0ae7e78f04a00ab44baf68665aa2eca193666609ec1d8df3,2026-10-02T17:55:43.110161+00:00,1.7217800307692308,0.5782231846153847,-0.03584381098596657,1.3595852288732964,30.53335599052889
1085,111,1,37.157947977258885,-1.981660160663338,-1.7031889400921658,5.5040829493087555,-0.22786316732338097,4.175391774389668,"Whitlock, Garrett",676477,R,"Whitlock, Garrett",676477,pitcher-arm-angle-676477-R,Red Sox,2021,https://baseballsavant.mlb.com/leaderboard/pitcher-arm-angles?season=2021,5aad5445df2f3ed492d69098db485e3f74e8fc44481d0612f1cef823925f5a21,2026-10-02T17:50:48.970292+00:00,195.58,https://www.mlb.com/player/676477,ad32c20a8c73db341f2b43e948dc5588670b3b8ecf58ddae15cf00767b4a0c67,2026-10-02T17:55:45.683883+00:00,1.6776444829493087,0.5191319889400922,-0.015425334629926747,1.272659412833971,37.14787166548759
1534,139,1,31.853068671102687,1.995088705888757,2.5611277705345503,5.492574967405476,0.02984074204999056,4.271714749188478,"Fleming, Josh",676596,L,"Fleming, Josh",676596,pitcher-arm-angle-676596-L,Rays,2021,https://baseballsavant.mlb.com/leaderboard/pitcher-arm-angles?season=2021,5aad5445df2f3ed492d69098db485e3f74e8fc44481d0612f1cef823925f5a21,2026-10-02T17:50:48.970292+00:00,187.96,https://www.mlb.com/player/676596,7a314622790515b6be5f88205b742edcbf5c237da66672fcecb23d90189f8557,2026-10-02T17:55:45.847611+00:00,1.6741368500651892,-0.780631744458931,-0.18162416508087495,1.302018655552648,31.849563803383756
1299,109,1,34.12953188325791,-1.7779730146771988,-1.236974595842956,5.6834411085450345,-0.0012178566903876874,4.478301445566294,"Peacock, Matt",676840,R,"Peacock, Matt",676840,pitcher-arm-angle-676840-R,Diamondbacks,2021,https://baseballsavant.mlb.com/leaderboard/pitcher-arm-angles?season=2021,5aad5445df2f3ed492d69098db485e3f74e8fc44481d0612f1cef823925f5a21,2026-10-02T17:50:48.970292+00:00,185.42000000000002,https://www.mlb.com/player/676840,0d6061ed47b1480ecd98848618a9b9ec104961f37dd214ab183d2fa91f84ca1a,2026-10-02T17:55:49.180503+00:00,1.7323128498845266,0.37702985681293305,-0.16452511534144704,1.3649862806086066,34.148307887264885
2486,117,1,46.95072200952739,-1.5924857562517367,-1.6372485921158488,6.000880933226066,-0.16760440242132105,4.477062925893279,"Garcia, Luis",677651,R,"Garcia, Luis",677651,pitcher-arm-angle-677651-R,Astros,2021,https://baseballsavant.mlb.com/leaderboard/pitcher-arm-angles?season=2021,5aad5445df2f3ed492d69098db485e3f74e8fc44481d0612f1cef823925f5a21,2026-10-02T17:50:48.970292+00:00,185.42000000000002,https://www.mlb.com/player/677651,8eba100853558d573f4d4d40f99842f56e94fbafbe656255990d239495df857c,2026-10-02T17:55:50.808860+00:00,1.8290685084473048,0.49903337087691074,0.06472953422940003,1.3646087798122715,46.92170384577082
1603,135,1,33.05892327478821,2.0208571090327143,1.8088022457891455,5.657654398003743,0.16495875214456565,4.449479725092002,"Weathers, Ryan",677960,L,"Weathers, Ryan",677960,pitcher-arm-angle-677960-L,Padres,2021,https://baseballsavant.mlb.com/leaderboard/pitcher-arm-angles?season=2021,5aad5445df2f3ed492d69098db485e3f74e8fc44481d0612f1cef823925f5a21,2026-10-02T17:50:48.970292+00:00,185.42000000000002,https://www.mlb.com/player/677960,434f17a27ceef5cdf9ca20073d388429925104b05d54ad3b71ab93c78064cc4e,2026-10-02T17:55:51.221436+00:00,1.724453060511541,-0.5513229245165315,0.014354894662976165,1.3562014202080421,33.06379872143828
1196,120,2,39.96371051274539,-1.938191572506051,-1.8836622073578595,5.401555183946488,-0.122996420979516,3.8791303121737064,"Gray, Josiah",680686,R,"Gray, Josiah",680686,pitcher-arm-angle-680686-R,zMLB,2021,https://baseballsavant.mlb.com/leaderboard/pitcher-arm-angles?season=2021,5aad5445df2f3ed492d69098db485e3f74e8fc44481d0612f1cef823925f5a21,2026-10-02T17:50:48.970292+00:00,185.42000000000002,https://www.mlb.com/player/680686,90da80b9e57e9aaa27dfd5220df52382fb235ffcac5467234dbfd7018bf956df,2026-10-02T17:55:55.642207+00:00,1.6463940200668898,0.5741402408026756,0.020868758617387708,1.1823589191505457,39.98694427666264
3132,138,1,46.17354955196504,-1.6099267448501624,-1.121625159642401,6.305565134099617,-0.11221702345747309,4.744019084011173,"Wainwright, Adam",425794,R,"Wainwright, Adam",425794,pitcher-arm-angle-425794-R,Cardinals,2022,https://baseballsavant.mlb.com/leaderboard/pitcher-arm-angles?season=2022,9f25788d3071af04d33d1bc4dd2dd6d840b36a7e7cc9692546c369d20bb5ee76,2026-10-02T17:50:58.471200+00:00,200.66,https://www.mlb.com/player/425794,15f2004616fe6742c0ca783bbc9ae43373b63d6a1d56a10b8d9796872413d85b,2026-10-02T17:51:11.796859+00:00,1.9219362528735635,0.3418713486590038,-0.1146305744214879,1.4459770168066055,46.19539580003346
2169,118,1,43.1724568679492,-1.5446856363437789,-1.6813370216689718,6.204910096818811,-0.02196835620873942,4.776555592866259,"Greinke, Zack",425844,R,"Greinke, Zack",425844,pitcher-arm-angle-425844-R,Royals,2022,https://baseballsavant.mlb.com/leaderboard/pitcher-arm-angles?season=2022,9f25788d3071af04d33d1bc4dd2dd6d840b36a7e7cc9692546c369d20bb5ee76,2026-10-02T17:50:58.471200+00:00,187.96,https://www.mlb.com/player/425844,b2299913fc602181b35bde6a2fb6e8bfb1cde4a9363a6042b509a1603948f71d,2026-10-02T17:51:10.514759+00:00,1.8912565975103737,0.5124715242047027,0.04834729721954258,1.455894144705636,43.168547670569275
2590,117,1,52.038981573581445,-1.3591814098414985,-1.611799227799228,6.965027027027027,0.09609352290793467,5.098811262500086,"Verlander, Justin",434378,R,"Verlander, Justin",434378,pitcher-arm-angle-434378-R,Astros,2022,https://baseballsavant.mlb.com/leaderboard/pitcher-arm-angles?season=2022,9f25788d3071af04d33d1bc4dd2dd6d840b36a7e7cc9692546c369d20bb5ee76,2026-10-02T17:50:58.471200+00:00,195.58,https://www.mlb.com/player/434378,8fd67a7a5f75d8d8c525c0caf6bd034406dedcec2017ad71c5c3a3d9d8c0c99c,2026-10-02T17:51:12.062912+00:00,2.1229402378378377,0.4912764046332047,0.047708605131177445,1.5541176728100263,52.05289668359196
1232,120,1,48.924932102140545,-1.2643130587467717,-0.2828896103896104,5.938871753246753,0.16058545218707318,4.30371216866912,"Sánchez, Aníbal",434671,R,"Sánchez, Aníbal",434671,pitcher-arm-angle-434671-R,Nationals,2022,https://baseballsavant.mlb.com/leaderboard/pitcher-arm-angles?season=2022,9f25788d3071af04d33d1bc4dd2dd6d840b36a7e7cc9692546c369d20bb5ee76,2026-10-02T17:50:58.471200+00:00,182.88,https://www.mlb.com/player/434671,8f922addcec94230fbc1dcb4459a134a4b2a68e61d15722f7d57f673fbbb4203,2026-10-02T17:51:13.985486+00:00,1.8101681103896103,0.08622475324675326,-0.34808431288588265,1.311771469010348,48.930698740024496
1000,144,1,71.55102161431824,-0.2696251175028611,-1.18572,6.70028,0.4824095630124777,4.444353690106952,"Jansen, Kenley",445276,R,"Jansen, Kenley",445276,pitcher-arm-angle-445276-R,Braves,2022,https://baseballsavant.mlb.com/leaderboard/pitcher-arm-angles?season=2022,9f25788d3071af04d33d1bc4dd2dd6d840b36a7e7cc9692546c369d20bb5ee76,2026-10-02T17:50:58.471200+00:00,195.58,https://www.mlb.com/player/445276,3c99562da4d55e27fb87408504a3753c3c495c0a6a8e47b00eaf6e6d318fbf4f,2026-10-02T17:51:12.871747+00:00,2.0422453440000004,0.36140745600000007,0.13218728537892477,1.3546390047445989,71.56369698478987
1201,144,3,17.264438067981065,-2.1184048653142655,-1.6515070774354703,4.961865112406328,-0.1431843808858037,4.347959140852617,"Chavez, Jesse",445926,R,"Chavez, Jesse",445926,pitcher-arm-angle-445926-R,zMLB,2022,https://baseballsavant.mlb.com/leaderboard/pitcher-arm-angles?season=2022,9f25788d3071af04d33d1bc4dd2dd6d840b36a7e7cc9692546c369d20bb5ee76,2026-10-02T17:50:58.471200+00:00,185.42000000000002,https://www.mlb.com/player/445926,f3e410bdfce44a1bb798dc1677e14495382708163ff983869f3d96a539c456da,2026-10-02T17:51:13.567643+00:00,1.5123764862614488,0.5033793572023314,-0.09866784645146381,1.3252579461318776,17.26544158112356
2432,139,1,31.98388538431085,-2.3320187180280487,-1.8377960526315789,5.330143914473684,-0.5224061031903791,4.199570498668965,"Kluber, Corey",446372,R,"Kluber, Corey",446372,pitcher-arm-angle-446372-R,Rays,2022,https://baseballsavant.mlb.com/leaderboard/pitcher-arm-angles?season=2022,9f25788d3071af04d33d1bc4dd2dd6d840b36a7e7cc9692546c369d20bb5ee76,2026-10-02T17:50:58.471200+00:00,193.04,https://www.mlb.com/player/446372,c065e4ec195d459435b41d025bee25320ad6a7ecf53908ed415c9b3e93ec5883,2026-10-02T17:51:14.851545+00:00,1.6246278651315789,0.5601602368421053,0.008590311839583522,1.2800290879943006,31.995490114690426
1965,111,1,35.610368919766636,2.315415895106952,1.6634860050890585,5.596590330788804,0.4585602892871236,4.255492749633742,"Hill, Rich",448179,L,"Hill, Rich",448179,pitcher-arm-angle-448179-L,Red Sox,2022,https://baseballsavant.mlb.com/leaderboard/pitcher-arm-angles?season=2022,9f25788d3071af04d33d1bc4dd2dd6d840b36a7e7cc9692546c369d20bb5ee76,2026-10-02T17:50:58.471200+00:00,195.58,https://www.mlb.com/player/448179,212c8771bdc89a9263fc97a41ab398ff75d0f560425bc055fd03ec52d0f7c529,2026-10-02T17:51:15.068610+00:00,1.7058407328244276,-0.5070305343511451,0.058939054302738624,1.2970741900883647,35.83836674542301
2899,144,1,20.680697353983643,-2.5908880866003026,-2.352445670921007,5.411472921697137,-0.3423107144328458,4.562202863978543,"Morton, Charlie",450203,R,"Morton, Charlie",450203,pitcher-arm-angle-450203-R,Braves,2022,https://baseballsavant.mlb.com/leaderboard/pitcher-arm-angles?season=2022,9f25788d3071af04d33d1bc4dd2dd6d840b36a7e7cc9692546c369d20bb5ee76,2026-10-02T17:50:58.471200+00:00,195.58,https://www.mlb.com/player/450203,fc8493f1193af4145529d893a1ccf2a39617a9e5e4669533d38a65e1e0982bca,2026-10-02T17:51:17.093499+00:00,1.6494169465332875,0.717025440496723,0.031659057460082136,1.39055943294066,20.691158029493216
2163,121,1,27.925082612356878,-2.3577856364993797,-3.2730004623208506,5.571354600092464,-0.4048132238597116,4.535691892985497,"Scherzer, Max",453286,R,"Scherzer, Max",453286,pitcher-arm-angle-453286-R,Mets,2022,https://baseballsavant.mlb.com/leaderboard/pitcher-arm-angles?season=2022,9f25788d3071af04d33d1bc4dd2dd6d840b36a7e7cc9692546c369d20bb5ee76,2026-10-02T17:50:58.471200+00:00,190.5,https://www.mlb.com/player/453286,6a71b8a1e6d5998652cc8b5a734326e4153d03b906c949a4bfb913c2bfb3e041,2026-10-02T17:51:17.658485+00:00,1.6981488821081832,0.9976105409153954,0.40234454954282445,1.3824788889819795,27.937040209882593
2372,145,1,32.615488690610306,-2.2146539475527605,-2.613423271500843,5.59858347386172,-0.26796693840498026,4.352832524731493,"Cueto, Johnny",456501,R,"Cueto, Johnny",456501,pitcher-arm-angle-456501-R,White Sox,2022,https://baseballsavant.mlb.com/leaderboard/pitcher-arm-angles?season=2022,9f25788d3071af04d33d1bc4dd2dd6d840b36a7e7cc9692546c369d20bb5ee76,2026-10-02T17:50:58.471200+00:00,180.34,https://www.mlb.com/player/456501,8122a0f79701248b6038c36ddc06c029fde209a48e933dfcd8cb4fd611c3b18d,2026-10-02T17:51:19.508215+00:00,1.7064482428330523,0.796571413153457,0.20322121276521363,1.3267433535381592,32.616554966958745
2022,145,1,29.83054172296851,-2.581493493919817,-3.2608259149357073,5.519935707220574,-0.5336524707716015,4.344562244984317,"Lynn, Lance",458681,R,"Lynn, Lance",458681,pitcher-arm-angle-458681-R,White Sox,2022,https://baseballsavant.mlb.com/leaderboard/pitcher-arm-angles?season=2022,9f25788d3071af04d33d1bc4dd2dd6d840b36a7e7cc9692546c369d20bb5ee76,2026-10-02T17:50:58.471200+00:00,195.58,https://www.mlb.com/player/458681,e0d405d80db4a54cd2bb5a64924ba41581d108297ee53a8c4e30e56ae30f56c1,2026-10-02T17:51:21.390608+00:00,1.682476403560831,0.9938997388724037,0.3697177950168275,1.32422257227122,29.853986997885862
2412,121,1,34.338392960621476,-2.087419023225509,-1.3430514096185737,5.699017412935324,-0.22201828321257644,4.425036306103174,"Carrasco, Carlos",471911,R,"Carrasco, Carlos",471911,pitcher-arm-angle-471911-R,Mets,2022,https://baseballsavant.mlb.com/leaderboard/pitcher-arm-angles?season=2022,9f25788d3071af04d33d1bc4dd2dd6d840b36a7e7cc9692546c369d20bb5ee76,2026-10-02T17:50:58.471200+00:00,193.04,https://www.mlb.com/player/471911,c5dd2dc7509f642997d511bf532b4b91640f3a2be63ae2de37e4c7177c7c01a4,2026-10-02T17:51:24.049260+00:00,1.7370605074626868,0.40936206965174127,-0.15921207590420064,1.3487510661002475,34.331241320086846
1151,141,1,40.31489366442746,-1.6345744582113249,-2.4141268462206775,6.145655951346655,0.14382571289632667,4.63569874618831,"Phelps, David",475479,R,"Phelps, David",475479,pitcher-arm-angle-475479-R,Blue Jays,2022,https://baseballsavant.mlb.com/leaderboard/pitcher-arm-angles?season=2022,9f25788d3071af04d33d1bc4dd2dd6d840b36a7e7cc9692546c369d20bb5ee76,2026-10-02T17:50:58.471200+00:00,187.96,https://www.mlb.com/player/475479,610861a03a3ad6ccd60d578fe499d6b5571adc1cc5e76791a3f0061808590fbc,2026-10-02T17:51:25.504884+00:00,1.8731959339704607,0.7358258627280625,0.1937694905744503,1.4129609778381969,40.333044197169635
1842,119,1,58.50615794454096,1.029831342285968,1.3788110749185667,6.152220412595005,-0.12752868984924934,4.264378111978184,"Kershaw, Clayton",477132,L,"Kershaw, Clayton",477132,pitcher-arm-angle-477132-L,Dodgers,2022,https://baseballsavant.mlb.com/leaderboard/pitcher-arm-angles?season=2022,9f25788d3071af04d33d1bc4dd2dd6d840b36a7e7cc9692546c369d20bb5ee76,2026-10-02T17:50:58.471200+00:00,193.04,https://www.mlb.com/player/477132,1f024e5b11e0db1d78c4fac0c11443754d58a052328b5b28eb13e5871cefe233,2026-10-02T17:51:26.741900+00:00,1.8751967817589577,-0.42026161563517916,-0.0674982778403649,1.2997824485309506,58.4892166429479
1055,121,1,25.402417877602083,-2.720598923208182,-2.7009383886255924,5.4504170616113745,-0.5419135474060369,4.415744785969537,"Ottavino, Adam",493603,R,"Ottavino, Adam",493603,pitcher-arm-angle-493603-R,Mets,2022,https://baseballsavant.mlb.com/leaderboard/pitcher-arm-angles?season=2022,9f25788d3071af04d33d1bc4dd2dd6d840b36a7e7cc9692546c369d20bb5ee76,2026-10-02T17:50:58.471200+00:00,195.58,https://www.mlb.com/player/493603,74be390e4edc08c7382fced3cf28b562e63d42eb46945eac82f130fc6950b6b6,2026-10-02T17:51:30.188600+00:00,1.661287120379147,0.8232460208530806,0.1591827183085867,1.3459190107635148,25.403356203013157
2722,138,2,44.498091390613,1.6961463123147995,2.275047759000735,5.803144746509919,0.13072928982961832,4.263633905976391,"Quintana, Jose",500779,L,"Quintana, Jose",500779,pitcher-arm-angle-500779-L,zMLB,2022,https://baseballsavant.mlb.com/leaderboard/pitcher-arm-angles?season=2022,9f25788d3071af04d33d1bc4dd2dd6d840b36a7e7cc9692546c369d20bb5ee76,2026-10-02T17:50:58.471200+00:00,187.96,https://www.mlb.com/player/500779,77f3ea8ee97fc3c1583b56502d90a37ab60f1241cd71de9eaae03214c911b27c,2026-10-02T17:51:30.294199+00:00,1.7687985187362234,-0.693434556943424,-0.21629544848994078,1.299555614541604,44.52195976446305
1750,113,1,34.541257148210704,1.662554721051986,0.9540685714285714,5.9077714285714285,-0.24003079928698753,4.598198021288515,"Minor, Mike",501985,L,"Minor, Mike",501985,pitcher-arm-angle-501985-L,Reds,2022,https://baseballsavant.mlb.com/leaderboard/pitcher-arm-angles?season=2022,9f25788d3071af04d33d1bc4dd2dd6d840b36a7e7cc9692546c369d20bb5ee76,2026-10-02T17:50:58.471200+00:00,193.04,https://www.mlb.com/player/501985,4016d5d9fb517cd9de9804bc2c00f111b743c7ac7bc2c6f0a7984459c905aaa5,2026-10-02T17:51:31.984515+00:00,1.8006887314285716,-0.2908001005714286,0.2891079660278906,1.4015307568887394,34.54012269421368
1787,142,1,53.48021390024582,-1.2787238038395479,-1.370934527140459,6.255008393956351,-0.010392377559458437,4.541022914104341,"Archer, Chris",502042,R,"Archer, Chris",502042,pitcher-arm-angle-502042-R,Twins,2022,https://baseballsavant.mlb.com/leaderboard/pitcher-arm-angles?season=2022,9f25788d3071af04d33d1bc4dd2dd6d840b36a7e7cc9692546c369d20bb5ee76,2026-10-02T17:50:58.471200+00:00,187.96,https://www.mlb.com/player/502042,d785c31a974f66c03067ebeec657b0e78b8d6fc394cec72e86a3ccc4485eaf26,2026-10-02T17:51:32.111770+00:00,1.9065265584778959,0.4178608438724119,0.03127342514224062,1.3841037842190032,53.49894398639322
2739,143,1,41.50134634222887,-1.8370537940407186,-2.296710478276743,6.261646586345382,-0.07720501233584476,4.704401128806264,"Gibson, Kyle",502043,R,"Gibson, Kyle",502043,pitcher-arm-angle-502043-R,Phillies,2022,https://baseballsavant.mlb.com/leaderboard/pitcher-arm-angles?season=2022,9f25788d3071af04d33d1bc4dd2dd6d840b36a7e7cc9692546c369d20bb5ee76,2026-10-02T17:50:58.471200+00:00,198.12,https://www.mlb.com/player/502043,a490d55567e3b95708665f7e3c7cd7bcce2f1ed7f44ac503738b655f7ade40e7,2026-10-02T17:51:33.392600+00:00,1.9085498795180724,0.7000373537787513,0.16363544511510578,1.4339014640601493,41.5047986306405
1054,143,2,41.698419825873316,-1.4310082933516854,-2.567988614800759,5.781432637571157,0.1128818060896948,4.40737166020626,"Robertson, David",502085,R,"Robertson, David",502085,pitcher-arm-angle-502085-R,zMLB,2022,https://baseballsavant.mlb.com/leaderboard/pitcher-arm-angles?season=2022,9f25788d3071af04d33d1bc4dd2dd6d840b36a7e7cc9692546c369d20bb5ee76,2026-10-02T17:50:58.471200+00:00,180.34,https://www.mlb.com/player/502085,e4468bba2807429e9158337a45f6ce951078d0005de872edef910891f985a7e2,2026-10-02T17:51:34.115954+00:00,1.762180667931689,0.7827229297912713,0.3121452274815386,1.343366882030868,41.66905753895785
2418,137,1,40.91963784775343,-2.006689265028747,-1.9259057071960297,5.789119106699752,-0.35875006811657667,4.36038231482833,"Cobb, Alex",502171,R,"Cobb, Alex",502171,pitcher-arm-angle-502171-R,Giants,2022,https://baseballsavant.mlb.com/leaderboard/pitcher-arm-angles?season=2022,9f25788d3071af04d33d1bc4dd2dd6d840b36a7e7cc9692546c369d20bb5ee76,2026-10-02T17:50:58.471200+00:00,190.5,https://www.mlb.com/player/502171,89615e338aba64490dc8d2a0844be648dfbf0c1b794280decd5afb662fe37eff,2026-10-02T17:51:32.896376+00:00,1.7645235037220843,0.5870160595533499,0.0847241923345203,1.3290445295596751,40.9247621541319
1847,120,1,51.750332689573,-1.114681696323993,-1.6317000541418516,5.746090958310774,0.10092441908495445,4.203076285965486,"Espino, Paolo",502179,R,"Espino, Paolo",502179,pitcher-arm-angle-502179-R,Nationals,2022,https://baseballsavant.mlb.com/leaderboard/pitcher-arm-angles?season=2022,9f25788d3071af04d33d1bc4dd2dd6d840b36a7e7cc9692546c369d20bb5ee76,2026-10-02T17:50:58.471200+00:00,177.8,https://www.mlb.com/player/502179,bb73257b26a5a08a621f720b8b9e3f8e0b1d67c4c444dc5bffbf225dba17af48,2026-10-02T17:51:35.046206+00:00,1.751408524093124,0.4973421765024364,0.1268254325257892,1.2810976519622803,51.76852126785609
1090,158,1,36.18928780383344,-1.8210928887515336,-1.4278807339449542,5.775495412844037,-0.08259558586403702,4.502873746586207,"Boxberger, Brad",502202,R,"Boxberger, Brad",502202,pitcher-arm-angle-502202-R,Brewers,2022,https://baseballsavant.mlb.com/leaderboard/pitcher-arm-angles?season=2022,9f25788d3071af04d33d1bc4dd2dd6d840b36a7e7cc9692546c369d20bb5ee76,2026-10-02T17:50:58.471200+00:00,177.8,https://www.mlb.com/player/502202,86d350ffebe65fd554f1098ac698d7f5fda51e5c12c10170e14fbe246007ff0e,2026-10-02T17:51:35.658868+00:00,1.7603710018348624,0.4352180477064221,-0.09467593021368693,1.372475917959476,36.20502127030795
2966,135,1,39.85671098010448,-1.7633171812787003,-2.1997437626432905,5.465738368172623,-0.2068345487720007,4.166411876669996,"Darvish, Yu",506433,R,"Darvish, Yu",506433,pitcher-arm-angle-506433-R,Padres,2022,https://baseballsavant.mlb.com/leaderboard/pitcher-arm-angles?season=2022,9f25788d3071af04d33d1bc4dd2dd6d840b36a7e7cc9692546c369d20bb5ee76,2026-10-02T17:50:58.471200+00:00,195.58,https://www.mlb.com/player/506433,b91380662360721fb57aeb9b5b753b44ac1bc826317644034e9cc528f1ff5aec,2026-10-02T17:51:39.158133+00:00,1.6659570546190157,0.670481898853675,0.19606599246563292,1.269922340009015,39.85458216369533
985,111,1,39.91173612323228,-1.7507663194897476,-1.3796345177664975,5.7125888324873095,-0.1323465826976845,4.359678230769926,"Brasier, Ryan",518489,R,"Brasier, Ryan",518489,pitcher-arm-angle-518489-R,Red Sox,2022,https://baseballsavant.mlb.com/leaderboard/pitcher-arm-angles?season=2022,9f25788d3071af04d33d1bc4dd2dd6d840b36a7e7cc9692546c369d20bb5ee76,2026-10-02T17:50:58.471200+00:00,182.88,https://www.mlb.com/player/518489,3ec7907ccc84a29f2ce2c7498320c37da3b8d126524bb3e4da32925588e542d6,2026-10-02T17:51:39.426294+00:00,1.741197076142132,0.42051260101522847,-0.0727817347589924,1.3288299247386737,39.893783279090954
2713,109,1,24.41170050291342,2.594729554288821,2.781002580169554,5.6296203464799115,0.5276966013312808,4.690958444158416,"Bumgarner, Madison",518516,L,"Bumgarner, Madison",518516,pitcher-arm-angle-518516-L,Diamondbacks,2022,https://baseballsavant.mlb.com/leaderboard/pitcher-arm-angles?season=2022,9f25788d3071af04d33d1bc4dd2dd6d840b36a7e7cc9692546c369d20bb5ee76,2026-10-02T17:50:58.471200+00:00,193.04,https://www.mlb.com/player/518516,efa88091e2b8a633001529e61817220dc01f9131b00eb708cbb588b566d0d03b,2026-10-02T17:51:40.647166+00:00,1.7159082816070772,-0.8476495864356801,-0.21761794237422183,1.4298041337794853,24.423309925266963
1159,120,1,5.5018100842212485,-2.8591451302957096,-3.3707592752372735,4.2720103537532355,-0.43215054306450795,4.037903137885478,"Cishek, Steve",518553,R,"Cishek, Steve",518553,pitcher-arm-angle-518553-R,Nationals,2022,https://baseballsavant.mlb.com/leaderboard/pitcher-arm-angles?season=2022,9f25788d3071af04d33d1bc4dd2dd6d840b36a7e7cc9692546c369d20bb5ee76,2026-10-02T17:50:58.471200+00:00,198.12,https://www.mlb.com/player/518553,a5b09e2ff1b18dcf5796ecbfdfc5b18cea91467f276deb4cd72860ab52409d98,2026-10-02T17:51:40.866656+00:00,1.3021087558239863,1.027407427092321,0.2876594769042507,1.2307528764274938,5.509688726804751
1172,145,2,20.600788371409596,2.802943746626196,3.5090529010238907,5.483165529010239,0.5251628798525305,4.626867686298845,"Diekman, Jake",518617,L,"Diekman, Jake",518617,pitcher-arm-angle-518617-L,zMLB,2022,https://baseballsavant.mlb.com/leaderboard/pitcher-arm-angles?season=2022,9f25788d3071af04d33d1bc4dd2dd6d840b36a7e7cc9692546c369d20bb5ee76,2026-10-02T17:50:58.471200+00:00,193.04,https://www.mlb.com/player/518617,8a3435138aad9c72b25dbfbf02c15e691bd0650cc6e0366cca4d667a00a9553f,2026-10-02T17:51:42.646030+00:00,1.6712688532423208,-1.069559324232082,-0.37529171603946865,1.410269270783888,20.603004065635137
3068,109,1,26.447443385474358,-2.109596001527511,-1.700058670143416,5.542887874837027,-0.19683489232186888,4.590777284434575,"Kelly, Merrill",518876,R,"Kelly, Merrill",518876,pitcher-arm-angle-518876-R,Diamondbacks,2022,https://baseballsavant.mlb.com/leaderboard/pitcher-arm-angles?season=2022,9f25788d3071af04d33d1bc4dd2dd6d840b36a7e7cc9692546c369d20bb5ee76,2026-10-02T17:50:58.471200+00:00,187.96,https://www.mlb.com/player/518876,f87d8f52fc438331efd998dc9cb0a9ba20e3a2921816920008220a8258b5da24,2026-10-02T17:51:44.046365+00:00,1.689472224250326,0.5181778826597132,-0.06483170342616648,1.3992689162956584,26.462636162536995
1064,119,1,23.77743464289063,-2.189540887024481,-2.8953383458646615,4.745704887218045,-0.3701811416911262,3.9436815019668154,"Kimbrel, Craig",518886,R,"Kimbrel, Craig",518886,pitcher-arm-angle-518886-R,Dodgers,2022,https://baseballsavant.mlb.com/leaderboard/pitcher-arm-angles?season=2022,9f25788d3071af04d33d1bc4dd2dd6d840b36a7e7cc9692546c369d20bb5ee76,2026-10-02T17:50:58.471200+00:00,182.88,https://www.mlb.com/player/518886,a6424e2cbc4bc30db27801ff587edf2acf92a615ca7030922e6be792aa64ccfd,2026-10-02T17:51:44.370438+00:00,1.44649084962406,0.8824991278195489,0.32795827744194234,1.2020341217994854,23.789193288182336
1215,140,1,43.92343670178526,1.6277023406547313,1.4033333333333333,6.394279835390947,-0.08714220483704144,4.743566342436713,"Moore, Matt",519043,L,"Moore, Matt",519043,pitcher-arm-angle-519043-L,Rangers,2022,https://baseballsavant.mlb.com/leaderboard/pitcher-arm-angles?season=2022,9f25788d3071af04d33d1bc4dd2dd6d840b36a7e7cc9692546c369d20bb5ee76,2026-10-02T17:50:58.471200+00:00,190.5,https://www.mlb.com/player/519043,8794ff6ff678a8c6dc8e023aa5116d74b844c5c4a39cf2c3e3cf66613b9e14bf,2026-10-02T17:51:46.154932+00:00,1.9489764938271605,-0.427736,0.09494861746589234,1.4458390211747103,43.908355174613426
985,144,2,42.02591652939548,1.7080520318090933,1.5381827411167512,6.539989847715736,0.004347183691196828,5.005255268872662,"Smith, Will",519293,L,"Smith, Will",519293,pitcher-arm-angle-519293-L,zMLB,2022,https://baseballsavant.mlb.com/leaderboard/pitcher-arm-angles?season=2022,9f25788d3071af04d33d1bc4dd2dd6d840b36a7e7cc9692546c369d20bb5ee76,2026-10-02T17:50:58.471200+00:00,195.58,https://www.mlb.com/player/519293,463aa4ee3e769168c6e39bc25b37fc60689b59baa356698d02d5bcfd1e6ffde3,2026-10-02T17:51:47.766800+00:00,1.9933889055837564,-0.4688380994923858,0.05045113821394906,1.5256018059523875,42.01321811013198
1068,113,1,29.732405343465953,-2.288053884264604,-3.058661048689139,5.828642322097378,-0.3691219520886325,4.73277613519531,"Strickland, Hunter",519326,R,"Strickland, Hunter",519326,pitcher-arm-angle-519326-R,Reds,2022,https://baseballsavant.mlb.com/leaderboard/pitcher-arm-angles?season=2022,9f25788d3071af04d33d1bc4dd2dd6d840b36a7e7cc9692546c369d20bb5ee76,2026-10-02T17:50:58.471200+00:00,190.5,https://www.mlb.com/player/519326,8f8461c01aa9eb209ae94c8488bf4274c9d2f6ed0a44a5756d7694c67d59e1e4,2026-10-02T17:51:48.026601+00:00,1.776570179775281,0.9322798876404496,0.3473894347132135,1.4425501660075306,29.72988063618804
2954,140,1,41.68171448817275,1.4995493666124655,1.062139471902505,5.609096140825999,-0.18646017234554313,4.106775119810957,"Pérez, Martín",527048,L,"Pérez, Martín",527048,pitcher-arm-angle-527048-L,Rangers,2022,https://baseballsavant.mlb.com/leaderboard/pitcher-arm-angles?season=2022,9f25788d3071af04d33d1bc4dd2dd6d840b36a7e7cc9692546c369d20bb5ee76,2026-10-02T17:50:58.471200+00:00,182.88,https://www.mlb.com/player/527048,96274a37651a0dfd447fdabc47ca64b52d30ba022566de45c9958e10b7df547b,2026-10-02T17:51:48.793965+00:00,1.7096525037237646,-0.32374011103588357,0.1901555964385175,1.2517450565183799,41.70267707056977
1221,120,1,33.03122853306291,-1.8929771364807506,-2.2104504504504505,5.263521703521704,-0.1619525107265749,4.137106863986008,"Ramírez, Erasmo",541640,R,"Ramírez, Erasmo",541640,pitcher-arm-angle-541640-R,Nationals,2022,https://baseballsavant.mlb.com/leaderboard/pitcher-arm-angles?season=2022,9f25788d3071af04d33d1bc4dd2dd6d840b36a7e7cc9692546c369d20bb5ee76,2026-10-02T17:50:58.471200+00:00,182.88,https://www.mlb.com/player/541640,3c53a0f42cc1b32bad9b9eeb93582c1bd6a9090b63a749332365717c987c788a,2026-10-02T17:51:50.837175+00:00,1.6043214152334155,0.6737452972972974,0.14612899136742458,1.2609901721429353,33.05291635767034
2522,119,1,45.02907398111763,1.5005164381283793,1.9177993655828707,6.014821570182395,-0.03023146340722144,4.475186904332781,"Anderson, Tyler",542881,L,"Anderson, Tyler",542881,pitcher-arm-angle-542881-L,Dodgers,2022,https://baseballsavant.mlb.com/leaderboard/pitcher-arm-angles?season=2022,9f25788d3071af04d33d1bc4dd2dd6d840b36a7e7cc9692546c369d20bb5ee76,2026-10-02T17:50:58.471200+00:00,187.96,https://www.mlb.com/player/542881,d14e21288a74220f65897ea38af9a90c3860c49c0546882cf1982390e9b68aeb,2026-10-02T17:51:52.246534+00:00,1.8333176145915941,-0.584545246629659,-0.11797328624160788,1.3640369684406317,45.16583362357095
1047,146,2,42.02742384092409,-1.8130755630665076,-1.9997134670487107,5.886647564469914,-0.14010465424513124,4.378553277593055,"Armstrong, Shawn",542888,R,"Armstrong, Shawn",542888,pitcher-arm-angle-542888-R,zMLB,2022,https://baseballsavant.mlb.com/leaderboard/pitcher-arm-angles?season=2022,9f25788d3071af04d33d1bc4dd2dd6d840b36a7e7cc9692546c369d20bb5ee76,2026-10-02T17:50:58.471200+00:00,187.96,https://www.mlb.com/player/542888,a070c8330980b2721af79da98c5353e2ce97ded3ded602d52a32b49449c50b7b,2026-10-02T17:51:52.745105+00:00,1.79425017765043,0.609512664756447,0.09959113174769149,1.3345830390103632,42.03297847589777
986,146,2,48.30369510871019,-1.2157084047007038,-1.516419878296146,5.841551724137931,0.21753732839069612,4.232443654297419,"Bass, Anthony",542914,R,"Bass, Anthony",542914,pitcher-arm-angle-542914-R,zMLB,2022,https://baseballsavant.mlb.com/leaderboard/pitcher-arm-angles?season=2022,9f25788d3071af04d33d1bc4dd2dd6d840b36a7e7cc9692546c369d20bb5ee76,2026-10-02T17:50:58.471200+00:00,187.96,https://www.mlb.com/player/542914,a7403023c12827398a1f5aa6d65538adb06eeb5b9674ffc516dbc8737c701fd2,2026-10-02T17:51:53.256741+00:00,1.7805049655172414,0.4622047789046653,0.02535147945840659,1.2900488258298533,48.30828364776394
3271,147,1,39.77688874396408,-1.7933027123288023,-1.8489024763069397,5.737590950779578,-0.12039038547577671,4.34406301517522,"Cole, Gerrit",543037,R,"Cole, Gerrit",543037,pitcher-arm-angle-543037-R,Yankees,2022,https://baseballsavant.mlb.com/leaderboard/pitcher-arm-angles?season=2022,9f25788d3071af04d33d1bc4dd2dd6d840b36a7e7cc9692546c369d20bb5ee76,2026-10-02T17:50:58.471200+00:00,193.04,https://www.mlb.com/player/543037,1456ff78fb6cb3c62d3d5b6b731411d73f0aef6ef6b0aeb9c71dbbf22dcea55d,2026-10-02T17:51:53.080213+00:00,1.7488177217976153,0.5635454747783553,0.053641797553553014,1.3240704070254072,39.794135528837714
1715,111,1,31.53447076741978,-2.499659380965536,-2.3789562682215744,5.500944606413994,-0.4983158377636769,4.273078156769201,"Eovaldi, Nathan",543135,R,"Eovaldi, Nathan",543135,pitcher-arm-angle-543135-R,Red Sox,2022,https://baseballsavant.mlb.com/leaderboard/pitcher-arm-angles?season=2022,9f25788d3071af04d33d1bc4dd2dd6d840b36a7e7cc9692546c369d20bb5ee76,2026-10-02T17:50:58.471200+00:00,187.96,https://www.mlb.com/player/543135,018b7450213690fde18a445ab5ab33743ad18c7b55d91c8d778515f15f228fda,2026-10-02T17:51:54.880798+00:00,1.6766879160349855,0.7251058705539359,0.11509635858600925,1.3024342221832526,31.529993186026218
1798,142,1,46.95224833491624,-1.1432052887795439,-0.8986484983314794,5.467269187986652,0.2413745741455648,3.9840180113475263,"Gray, Sonny",543243,R,"Gray, Sonny",543243,pitcher-arm-angle-543243-R,Twins,2022,https://baseballsavant.mlb.com/leaderboard/pitcher-arm-angles?season=2022,9f25788d3071af04d33d1bc4dd2dd6d840b36a7e7cc9692546c369d20bb5ee76,2026-10-02T17:50:58.471200+00:00,177.8,https://www.mlb.com/player/543243,894c3a0f043ea77895e06fd195ad4af2e6df5a2c332a132ce5c1885d2a10f166,2026-10-02T17:51:54.805369+00:00,1.6664236484983317,0.27390806229143494,-0.1481118799281382,1.214328689858726,46.97055562458196
1347,112,1,47.330495862359015,-1.4765402596565849,-2.2034224201930215,6.243608017817372,0.1530989855981537,4.475583322680493,"Hendricks, Kyle",543294,R,"Hendricks, Kyle",543294,pitcher-arm-angle-543294-R,Cubs,2022,https://baseballsavant.mlb.com/leaderboard/pitcher-arm-angles?season=2022,9f25788d3071af04d33d1bc4dd2dd6d840b36a7e7cc9692546c369d20bb5ee76,2026-10-02T17:50:58.471200+00:00,190.5,https://www.mlb.com/player/543294,eecc4d2bc569ab719b77ebae5f785de49af9d5f3cbedc538d9c2d872bb04e266,2026-10-02T17:51:56.765566+00:00,1.903051723830735,0.671603153674833,0.17488911172118865,1.3641577967530145,47.332344312265654
2911,110,1,43.159174905107555,-1.7385063480618945,-1.6970491240123668,6.0679525936104435,-0.05182722683214631,4.486459982572711,"Lyles, Jordan",543475,R,"Lyles, Jordan",543475,pitcher-arm-angle-543475-R,Orioles,2022,https://baseballsavant.mlb.com/leaderboard/pitcher-arm-angles?season=2022,9f25788d3071af04d33d1bc4dd2dd6d840b36a7e7cc9692546c369d20bb5ee76,2026-10-02T17:50:58.471200+00:00,195.58,https://www.mlb.com/player/543475,2875d8c040c8503496b19292f88c22b677c0203d7f37eee1546238f5faedc85a,2026-10-02T17:51:57.822715+00:00,1.8495119505324633,0.5172605729989694,0.0031607768481421595,1.3674730026881625,43.156564622930276
1085,144,1,24.43875660364651,-2.328403733674619,-2.297364055299539,5.309152073732719,-0.22043283208884726,4.352192297493778,"McHugh, Collin",543521,R,"McHugh, Collin",543521,pitcher-arm-angle-543521-R,Braves,2022,https://baseballsavant.mlb.com/leaderboard/pitcher-arm-angles?season=2022,9f25788d3071af04d33d1bc4dd2dd6d840b36a7e7cc9692546c369d20bb5ee76,2026-10-02T17:50:58.471200+00:00,187.96,https://www.mlb.com/player/543521,a1e01a7a1429c62610bcc65547a6483ae092878ac3fe4f094c136abc79e954d2,2026-10-02T17:51:59.445836+00:00,1.6182295520737326,0.7002365640552995,0.057727033251956286,1.3265482122761034,24.41671871852393
1798,144,2,40.46487381851895,-1.5759923377542688,-0.9943437152391547,5.976979977753059,0.04719711786120051,4.591886518889081,"Odorizzi, Jake",543606,R,"Odorizzi, Jake",543606,pitcher-arm-angle-543606-R,zMLB,2022,https://baseballsavant.mlb.com/leaderboard/pitcher-arm-angles?season=2022,9f25788d3071af04d33d1bc4dd2dd6d840b36a7e7cc9692546c369d20bb5ee76,2026-10-02T17:50:58.471200+00:00,187.96,https://www.mlb.com/player/543606,533615453f6eb8f72af268e989c9059a748157a0f931311671d5592615b34b4e,2026-10-02T17:52:00.082247+00:00,1.8217834972191325,0.30307596440489437,-0.19167218166670072,1.399607010957392,40.47465533054609
1652,108,1,34.48822953297425,-1.9437747104881629,-1.9263256658595642,5.622633171912833,-0.10264160570237339,4.358819619442539,"Lorenzen, Michael",547179,R,"Lorenzen, Michael",547179,pitcher-arm-angle-547179-R,Angels,2022,https://baseballsavant.mlb.com/leaderboard/pitcher-arm-angles?season=2022,9f25788d3071af04d33d1bc4dd2dd6d840b36a7e7cc9692546c369d20bb5ee76,2026-10-02T17:50:58.471200+00:00,185.42000000000002,https://www.mlb.com/player/547179,72893afd6338293ebc8719b3fe5c1d21681482bb3338604c8e5327b383808b65,2026-10-02T17:52:04.394584+00:00,1.7137785907990315,0.5871440629539952,0.025966692615286543,1.3285682200060858,34.46696868115848
2032,141,1,63.87706815632334,-0.8899321107562755,-1.0337942913385827,6.973528543307086,0.11750820179270706,4.9181413819178355,"Stripling, Ross",548389,R,"Stripling, Ross",548389,pitcher-arm-angle-548389-R,Blue Jays,2022,https://baseballsavant.mlb.com/leaderboard/pitcher-arm-angles?season=2022,9f25788d3071af04d33d1bc4dd2dd6d840b36a7e7cc9692546c369d20bb5ee76,2026-10-02T17:50:58.471200+00:00,185.42000000000002,https://www.mlb.com/player/548389,f68791517099705b1743309fcef41d6f8faabc7038bed6eb852dd7ef78cbf6de,2026-10-02T17:52:07.486102+00:00,2.1255315,0.3151005,0.008032692735070108,1.4990494932085563,63.8883891891899
1038,141,1,23.313627880930717,-2.5638753987905845,-2.6892389210019267,5.1051637764932565,-0.31404071752891033,4.135878045672639,"García, Yimi",554340,R,"García, Yimi",554340,pitcher-arm-angle-554340-R,Blue Jays,2022,https://baseballsavant.mlb.com/leaderboard/pitcher-arm-angles?season=2022,9f25788d3071af04d33d1bc4dd2dd6d840b36a7e7cc9692546c369d20bb5ee76,2026-10-02T17:50:58.471200+00:00,185.42000000000002,https://www.mlb.com/player/554340,b27297d9dc6732e682e3a6198162aab6ae8cfe95cc205428147657d4be67a9a3,2026-10-02T17:52:09.291172+00:00,1.5560539190751446,0.8196800231213873,0.133930412272829,1.2606156283210204,23.30760082430314
2358,143,1,35.13585456506692,-2.094540178636235,-1.647069550466497,5.5092578456318915,-0.15155636631242828,4.141683090446449,"Wheeler, Zack",554430,R,"Wheeler, Zack",554430,pitcher-arm-angle-554430-R,Phillies,2022,https://baseballsavant.mlb.com/leaderboard/pitcher-arm-angles?season=2022,9f25788d3071af04d33d1bc4dd2dd6d840b36a7e7cc9692546c369d20bb5ee76,2026-10-02T17:50:58.471200+00:00,193.04,https://www.mlb.com/player/554430,615907132913f13f7a205810b524fc072aae90077696e2f30afd8906a585da41,2026-10-02T17:52:09.527667+00:00,1.6792217913486005,0.5020267989821883,-0.09019466701410801,1.2623850059680777,35.13990912796208
1622,158,2,34.69374618185987,-2.1021361836553925,-1.7774352651048089,5.8372194821208385,-0.13345807023964165,4.474624675089181,"Ureña, José",570632,R,"Ureña, José",570632,pitcher-arm-angle-570632-R,zMLB,2022,https://baseballsavant.mlb.com/leaderboard/pitcher-arm-angles?season=2022,9f25788d3071af04d33d1bc4dd2dd6d840b36a7e7cc9692546c369d20bb5ee76,2026-10-02T17:50:58.471200+00:00,187.96,https://www.mlb.com/player/570632,5ba3754ccb5a4e9735b42723fce7a24ac256c5d7fbff5df5b927ae84de84b23e,2026-10-02T17:52:11.437864+00:00,1.7791844981504317,0.5417622688039457,-0.0582908201651751,1.3638656009671826,34.6885386810762
1221,113,1,44.511891324250556,-1.2257557473143492,-0.9802293202293202,6.062989352989353,0.41501595197531027,4.450885465655252,"Cessa, Luis",570666,R,"Cessa, Luis",570666,pitcher-arm-angle-570666-R,Reds,2022,https://baseballsavant.mlb.com/leaderboard/pitcher-arm-angles?season=2022,9f25788d3071af04d33d1bc4dd2dd6d840b36a7e7cc9692546c369d20bb5ee76,2026-10-02T17:50:58.471200+00:00,182.88,https://www.mlb.com/player/570666,532d185194310dfe8575787ba1a90ce8081c1957b2c684e83d332b7ca0369836,2026-10-02T17:52:13.066223+00:00,1.847999154791155,0.29877389680589683,-0.20133331713759142,1.3566298899317208,44.49506150309068
2623,120,1,43.46409736935858,1.5344847189290922,2.1606176134197486,6.373930613800991,-0.1628784420079334,4.765237287181882,"Corbin, Patrick",571578,L,"Corbin, Patrick",571578,pitcher-arm-angle-571578-L,Nationals,2022,https://baseballsavant.mlb.com/leaderboard/pitcher-arm-angles?season=2022,9f25788d3071af04d33d1bc4dd2dd6d840b36a7e7cc9692546c369d20bb5ee76,2026-10-02T17:50:58.471200+00:00,193.04,https://www.mlb.com/player/571578,60db0b5b9a16ae1d490538275f54313edac86864012522aa1bb61d641f0a1892,2026-10-02T17:52:14.243749+00:00,1.942774051086542,-0.6585562485703393,-0.14119995711673397,1.4524443251330377,43.4636712502077
1018,121,2,5.602126219837188,-2.7514627284537596,-2.7505206286836934,4.552996070726915,-0.569996342746779,4.341672064689423,"Givens, Mychal",571710,R,"Givens, Mychal",571710,pitcher-arm-angle-571710-R,zMLB,2022,https://baseballsavant.mlb.com/leaderboard/pitcher-arm-angles?season=2022,9f25788d3071af04d33d1bc4dd2dd6d840b36a7e7cc9692546c369d20bb5ee76,2026-10-02T17:50:58.471200+00:00,182.88,https://www.mlb.com/player/571710,afd974aa8b8faec134ec309aca043708fde859222a195cf235ccfff76fb003cd,2026-10-02T17:52:15.955485+00:00,1.3877532023575638,0.8383586876227898,0.17344773325930207,1.3233416453173361,5.53311787439781
1224,119,1,27.02626328803658,2.4047479118462056,2.8933986928104574,5.116764705882353,0.37852918974928057,4.082923893854928,"Heaney, Andrew",571760,L,"Heaney, Andrew",571760,pitcher-arm-angle-571760-L,Dodgers,2022,https://baseballsavant.mlb.com/leaderboard/pitcher-arm-angles?season=2022,9f25788d3071af04d33d1bc4dd2dd6d840b36a7e7cc9692546c369d20bb5ee76,2026-10-02T17:50:58.471200+00:00,187.96,https://www.mlb.com/player/571760,cfb0a7e5518039bfa91b2862b063ded2f619266bf6909dad5ca0c9fd9b3e4392,2026-10-02T17:52:16.077710+00:00,1.5595898823529413,-0.8819079215686274,-0.26431645507348467,1.244475202846982,27.032111087570602
1759,116,1,45.6234451249314,-1.9095930307679356,-2.6581182490051165,6.106799317794201,-0.43609710103070637,4.601210958361328,"Hutchison, Drew",571800,R,"Hutchison, Drew",571800,pitcher-arm-angle-571800-R,Tigers,2022,https://baseballsavant.mlb.com/leaderboard/pitcher-arm-angles?season=2022,9f25788d3071af04d33d1bc4dd2dd6d840b36a7e7cc9692546c369d20bb5ee76,2026-10-02T17:50:58.471200+00:00,190.5,https://www.mlb.com/player/571800,bf37c12605e034cc62c82a1cef51c66a94159b90bbc78a54a3f7eac15f64f670,2026-10-02T17:52:17.064868+00:00,1.8613524320636727,0.8101944422967595,0.36107288291285206,1.4024491001085329,45.617199606948645
3148,138,1,47.89052575209875,-1.7834313830566857,-2.0623284625158833,6.561867852604829,-0.12695308987173476,4.729063675066307,"Mikolas, Miles",571945,R,"Mikolas, Miles",571945,pitcher-arm-angle-571945-R,Cardinals,2022,https://baseballsavant.mlb.com/leaderboard/pitcher-arm-angles?season=2022,9f25788d3071af04d33d1bc4dd2dd6d840b36a7e7cc9692546c369d20bb5ee76,2026-10-02T17:50:58.471200+00:00,193.04,https://www.mlb.com/player/571945,b21488b615adb3de69282538b50ffe46f8c9a8dcb8df7ea6814904bc7140bfb0,2026-10-02T17:52:18.555714+00:00,2.000057321473952,0.6285977153748412,0.1237031316120682,1.4414186081602105,47.89289922710935
1088,158,1,-1.4386528907312972,2.8499311562036893,4.228685661764706,4.421985294117647,0.5974483797479554,4.4787435521685275,"Milner, Hoby",571948,L,"Milner, Hoby",571948,pitcher-arm-angle-571948-L,Brewers,2022,https://baseballsavant.mlb.com/leaderboard/pitcher-arm-angles?season=2022,9f25788d3071af04d33d1bc4dd2dd6d840b36a7e7cc9692546c369d20bb5ee76,2026-10-02T17:50:58.471200+00:00,190.5,https://www.mlb.com/player/571948,874df3ecdde65a75390527c5f319a2032cf1172614d7f5c32782907eb8413a24,2026-10-02T17:52:19.028250+00:00,1.347821117647059,-1.2889033897058824,-0.6023466394421746,1.3651210347009672,-1.443438615470363
1164,145,3,44.235195952067365,1.6642126078814468,1.4304639175257732,6.095498281786941,0.0795075221591292,4.551504560308972,"Keuchel, Dallas",572971,L,"Keuchel, Dallas",572971,pitcher-arm-angle-572971-L,zMLB,2022,https://baseballsavant.mlb.com/leaderboard/pitcher-arm-angles?season=2022,9f25788d3071af04d33d1bc4dd2dd6d840b36a7e7cc9692546c369d20bb5ee76,2026-10-02T17:50:58.471200+00:00,187.96,https://www.mlb.com/player/572971,c9e4b9a5f5c8b9d45ba241789fdd2a6a45b3faf5d38ed56bf70e91afa2a9efab,2026-10-02T17:52:22.182349+00:00,1.8579078762886598,-0.4360054020618557,0.04701270806630673,1.3872985899821748,44.25449592417288
1085,158,2,26.88877641231427,1.9276735237032494,1.725705069124424,5.524829493087558,-0.12560069099780674,4.483171807913782,"Rogers, Taylor",573124,L,"Rogers, Taylor",573124,pitcher-arm-angle-573124-L,zMLB,2022,https://baseballsavant.mlb.com/leaderboard/pitcher-arm-angles?season=2022,9f25788d3071af04d33d1bc4dd2dd6d840b36a7e7cc9692546c369d20bb5ee76,2026-10-02T17:50:58.471200+00:00,190.5,https://www.mlb.com/player/573124,698a9b571d55360dd8c66e915758e872921ff688c672a16b81dd4d2b41f3beb4,2026-10-02T17:52:22.882716+00:00,1.6839680294930877,-0.5259949050691245,0.09984307557175748,1.3664707670521208,26.899383535993348
2135,112,1,32.282241855480784,-1.788705079893181,-1.0662388758782202,5.244772833723653,-0.058613327280241455,4.15146757341983,"Stroman, Marcus",573186,R,"Stroman, Marcus",573186,pitcher-arm-angle-573186-R,Cubs,2022,https://baseballsavant.mlb.com/leaderboard/pitcher-arm-angles?season=2022,9f25788d3071af04d33d1bc4dd2dd6d840b36a7e7cc9692546c369d20bb5ee76,2026-10-02T17:50:58.471200+00:00,170.18,https://www.mlb.com/player/573186,7c7524ca75b399da91877e79ff6e3e037bad8d2988b3f3eaf58f9bd670da86f9,2026-10-02T17:52:23.513424+00:00,1.5986067597189695,0.3249896093676815,-0.20234235682874244,1.2653673163783643,32.29021874181678
987,142,1,52.12111042415794,0.9460509932934252,0.35289766970618036,6.036707193515705,-0.4297499301074395,4.269840618142808,"Thielbar, Caleb",573204,L,"Thielbar, Caleb",573204,pitcher-arm-angle-573204-L,Twins,2022,https://baseballsavant.mlb.com/leaderboard/pitcher-arm-angles?season=2022,9f25788d3071af04d33d1bc4dd2dd6d840b36a7e7cc9692546c369d20bb5ee76,2026-10-02T17:50:58.471200+00:00,182.88,https://www.mlb.com/player/573204,f86488313ebf448e7c194943285ea88c0f27d7c55cf42e1d7d52e9d966a71395,2026-10-02T17:52:23.706496+00:00,1.839988352583587,-0.10756320972644377,0.31178091172613975,1.301447420409928,52.09328048127824
1843,141,1,41.692670020742895,1.6694661935072737,1.7416169289202388,5.492311448724905,0.08163918797628063,4.0796652843587,"Kikuchi, Yusei",579328,L,"Kikuchi, Yusei",579328,pitcher-arm-angle-579328-L,Blue Jays,2022,https://baseballsavant.mlb.com/leaderboard/pitcher-arm-angles?season=2022,9f25788d3071af04d33d1bc4dd2dd6d840b36a7e7cc9692546c369d20bb5ee76,2026-10-02T17:50:58.471200+00:00,182.88,https://www.mlb.com/player/579328,b72bc9fa048155a73e173e71d31e34584f5668188ca9f3b36104ce351f0ce63b,2026-10-02T17:52:23.664692+00:00,1.6740565295713512,-0.5308448399348888,-0.04687516864904211,1.2434819786725317,41.65861318932586
2783,141,1,39.63379356873206,-1.9107881002381402,-2.3421559468199784,5.952791951131872,-0.09015431496807393,4.444270584392251,"Gausman, Kevin",592332,R,"Gausman, Kevin",592332,pitcher-arm-angle-592332-R,Blue Jays,2022,https://baseballsavant.mlb.com/leaderboard/pitcher-arm-angles?season=2022,9f25788d3071af04d33d1bc4dd2dd6d840b36a7e7cc9692546c369d20bb5ee76,2026-10-02T17:50:58.471200+00:00,187.96,https://www.mlb.com/player/592332,b797b807a781c4e16bb2f5580f9c4feef31951be17c2f152792487c120cbf7e1,2026-10-02T17:52:25.045180+00:00,1.8144109867049947,0.7138891325907295,0.15895995484041323,1.3546136741227583,39.64410461677809
2062,140,1,27.664051926225635,-2.1985802975975286,-1.9290203685741998,5.596256062075654,-0.1675719405212045,4.531521366947273,"Gray, Jon",592351,R,"Gray, Jon",592351,pitcher-arm-angle-592351-R,Rangers,2022,https://baseballsavant.mlb.com/leaderboard/pitcher-arm-angles?season=2022,9f25788d3071af04d33d1bc4dd2dd6d840b36a7e7cc9692546c369d20bb5ee76,2026-10-02T17:50:58.471200+00:00,193.04,https://www.mlb.com/player/592351,4645c32c44e0c695252f7ebe76e58aaf46efea1099dbfd66418a4326d8984359,2026-10-02T17:52:27.163509+00:00,1.7057388477206594,0.5879654083414161,-0.031085938895447494,1.3812077126455289,27.665301169594148
2936,136,1,44.47043060054493,1.6737705712224487,2.56475136239782,6.095827656675749,0.06778599501789818,4.51901313715169,"Ray, Robbie",592662,L,"Ray, Robbie",592662,pitcher-arm-angle-592662-L,Mariners,2022,https://baseballsavant.mlb.com/leaderboard/pitcher-arm-angles?season=2022,9f25788d3071af04d33d1bc4dd2dd6d840b36a7e7cc9692546c369d20bb5ee76,2026-10-02T17:50:58.471200+00:00,187.96,https://www.mlb.com/player/592662,84f88786d76c14779cb18721a309e104c90b22cf52270ba1f71b260e68e8deb6,2026-10-02T17:52:29.176010+00:00,1.8580082697547684,-0.7817362152588556,-0.29223211643170854,1.3773952042038353,44.47490422940681
1607,112,1,35.80919313810153,-2.0877055483688043,-2.7871935283136278,5.744206596141879,-0.2530666462568509,4.42028743237862,"Sampson, Adrian",592716,R,"Sampson, Adrian",592716,pitcher-arm-angle-592716-R,Cubs,2022,https://baseballsavant.mlb.com/leaderboard/pitcher-arm-angles?season=2022,9f25788d3071af04d33d1bc4dd2dd6d840b36a7e7cc9692546c369d20bb5ee76,2026-10-02T17:50:58.471200+00:00,187.96,https://www.mlb.com/player/592716,bad3159e25b289dd9f0fd7cd3674baa4a14f4c5df1dda9efe8d90f156b4a62ea,2026-10-02T17:52:29.449536+00:00,1.7508341705040449,0.8495365874299938,0.29033865006627035,1.3473036093890034,35.815114452641964
1004,142,2,30.479013747111335,-1.883863280766231,-1.7134661354581673,5.7082569721115535,0.03347614781515649,4.5791711403938615,"Sanchez, Aaron",592717,R,"Sanchez, Aaron",592717,pitcher-arm-angle-592717-R,zMLB,2022,https://baseballsavant.mlb.com/leaderboard/pitcher-arm-angles?season=2022,9f25788d3071af04d33d1bc4dd2dd6d840b36a7e7cc9692546c369d20bb5ee76,2026-10-02T17:50:58.471200+00:00,193.04,https://www.mlb.com/player/592717,ad3c0c7a475c0c88e0cce944387a7a0bb3e0a118574f6a20849516c2ca1f0b13,2026-10-02T17:52:29.506531+00:00,1.7398767250996017,0.5222644780876494,-0.06214057974395752,1.395731363592049,30.49304656728536
1234,109,1,46.78733703540636,1.159017670657229,1.49790113452188,6.27402755267423,-0.35565232090183946,4.6614514736217165,"Smith, Caleb",592761,L,"Smith, Caleb",592761,pitcher-arm-angle-592761-L,Diamondbacks,2022,https://baseballsavant.mlb.com/leaderboard/pitcher-arm-angles?season=2022,9f25788d3071af04d33d1bc4dd2dd6d840b36a7e7cc9692546c369d20bb5ee76,2026-10-02T17:50:58.471200+00:00,182.88,https://www.mlb.com/player/592761,15839afca286cbd0947f06d4850b220e530eee1a6b1b599a654b70d4ca8d4374,2026-10-02T17:52:30.796613+00:00,1.9123235980551054,-0.45656026580226905,0.005111147624935055,1.4208104091598992,46.793198804726075
1723,112,1,44.1241373147585,1.6379695681644737,2.041340684852002,6.42053395240859,-0.042001146282393084,4.7910539260689236,"Smyly, Drew",592767,L,"Smyly, Drew",592767,pitcher-arm-angle-592767-L,Cubs,2022,https://baseballsavant.mlb.com/leaderboard/pitcher-arm-angles?season=2022,9f25788d3071af04d33d1bc4dd2dd6d840b36a7e7cc9692546c369d20bb5ee76,2026-10-02T17:50:58.471200+00:00,187.96,https://www.mlb.com/player/592767,e9e92aa67f0c74c5b8e32987fe77d68eb57d457b6e9dddf00f324f80f7e6e7e3,2026-10-02T17:52:31.067100+00:00,1.9569787486941383,-0.6222006407428903,-0.11014556697948526,1.460313236665808,44.12593383639644
2021,143,2,39.2275626932659,-1.7245341497308182,-0.7869470559129144,6.232256308758041,0.026714491422946764,4.802424972283007,"Syndergaard, Noah",592789,R,"Syndergaard, Noah",592789,pitcher-arm-angle-592789-R,zMLB,2022,https://baseballsavant.mlb.com/leaderboard/pitcher-arm-angles?season=2022,9f25788d3071af04d33d1bc4dd2dd6d840b36a7e7cc9692546c369d20bb5ee76,2026-10-02T17:50:58.471200+00:00,198.12,https://www.mlb.com/player/592789,f78ce363fbed5dd398451b01d7bc32b012d205750eed366de60f1ba6b5feb41d,2026-10-02T17:52:31.574843+00:00,1.899591722909451,0.2398614626422563,-0.2939191231814113,1.4637791315518607,39.230397783894155
2795,147,1,43.2981722591897,-1.6975173189260864,-1.4265939177101967,6.092275491949911,-0.020352054407061244,4.5107779186795876,"Taillon, Jameson",592791,R,"Taillon, Jameson",592791,pitcher-arm-angle-592791-R,Yankees,2022,https://baseballsavant.mlb.com/leaderboard/pitcher-arm-angles?season=2022,9f25788d3071af04d33d1bc4dd2dd6d840b36a7e7cc9692546c369d20bb5ee76,2026-10-02T17:50:58.471200+00:00,195.58,https://www.mlb.com/player/592791,27d81467cdcdf663878034762559e6df7f91dae897f0b86ce855040c42042f81,2026-10-02T17:52:31.811196+00:00,1.856925569946333,0.43482582611806797,-0.0763741465073309,1.3748851096135384,43.31839584014905
1285,145,1,42.628928233983196,-1.5706956800632321,-1.2651439688715953,5.631470817120623,0.09686881520630891,4.095027846397137,"Velasquez, Vince",592826,R,"Velasquez, Vince",592826,pitcher-arm-angle-592826-R,White Sox,2022,https://baseballsavant.mlb.com/leaderboard/pitcher-arm-angles?season=2022,9f25788d3071af04d33d1bc4dd2dd6d840b36a7e7cc9692546c369d20bb5ee76,2026-10-02T17:50:58.471200+00:00,190.5,https://www.mlb.com/player/592826,1a2d6511aa68f56a2a1e64aa84a50633826a8feee89fd7da6c08aeb635b749e4,2026-10-02T17:52:32.431416+00:00,1.716472305058366,0.3856158817120623,-0.12265777644609387,1.2481644875818474,42.65652228564855
2499,121,1,42.659140549851806,-1.8932838528322884,-2.198191276510604,6.424269707883154,-0.17466428810383333,4.841264033099871,"Walker, Taijuan",592836,R,"Walker, Taijuan",592836,pitcher-arm-angle-592836-R,Mets,2022,https://baseballsavant.mlb.com/leaderboard/pitcher-arm-angles?season=2022,9f25788d3071af04d33d1bc4dd2dd6d840b36a7e7cc9692546c369d20bb5ee76,2026-10-02T17:50:58.471200+00:00,193.04,https://www.mlb.com/player/592836,6b55ca95f2555566df547acd884f723e3a151668b551cec31a472358de9da3c1,2026-10-02T17:52:33.996360+00:00,1.9581174069627854,0.6700087010804322,0.14617345775119905,1.4756172772888407,42.64790440333647
1131,112,1,55.79012893111888,-0.9847213191079423,-1.5671529619805482,5.822475685234306,0.21386857961736258,4.057679698135987,"Wick, Rowan",592858,R,"Wick, Rowan",592858,pitcher-arm-angle-592858-R,Cubs,2022,https://baseballsavant.mlb.com/leaderboard/pitcher-arm-angles?season=2022,9f25788d3071af04d33d1bc4dd2dd6d840b36a7e7cc9692546c369d20bb5ee76,2026-10-02T17:50:58.471200+00:00,190.5,https://www.mlb.com/player/592858,82d4129ad3f64a85ab571eedd13a0d7d6ffcfab7b12aadb00e20465b3e81af88,2026-10-02T17:52:33.277501+00:00,1.7746905888594164,0.4776682228116711,0.11233802168019819,1.2367807719918489,55.816975676829685
1407,121,1,20.823761814761728,-2.4571975422164463,-2.3366595593461263,5.002786069651742,-0.29750620604641675,4.1812956561095715,"Williams, Trevor",592866,R,"Williams, Trevor",592866,pitcher-arm-angle-592866-R,Mets,2022,https://baseballsavant.mlb.com/leaderboard/pitcher-arm-angles?season=2022,9f25788d3071af04d33d1bc4dd2dd6d840b36a7e7cc9692546c369d20bb5ee76,2026-10-02T17:50:58.471200+00:00,190.5,https://www.mlb.com/player/592866,07c567235fae81f15ed678a4589f2bffb1c697fe15bef8d995a07d90c1ded56a,2026-10-02T17:52:33.983445+00:00,1.524849194029851,0.7122138336886994,0.05393991442407432,1.2744589159821975,20.825513017528266
1081,147,1,28.766951284994867,-2.3572918568529504,-1.5691674375578168,5.428566142460685,-0.2012723914609995,4.2451333351471945,"Germán, Domingo",593334,R,"Germán, Domingo",593334,pitcher-arm-angle-593334-R,Yankees,2022,https://baseballsavant.mlb.com/leaderboard/pitcher-arm-angles?season=2022,9f25788d3071af04d33d1bc4dd2dd6d840b36a7e7cc9692546c369d20bb5ee76,2026-10-02T17:50:58.471200+00:00,187.96,https://www.mlb.com/player/593334,efb70d7225073a5e79192ebd021b687b2aa4fe8d30751d39ea6803a6f91257ab,2026-10-02T17:52:35.318013+00:00,1.654626960222017,0.4782822349676226,-0.17887249808384406,1.293916640552865,28.762255084743618
2327,147,2,45.93707980584992,-1.4839287030201664,-1.1346755479157713,6.054434894714224,0.12206308371768444,4.394870308139664,"Montas, Frankie",593423,R,"Montas, Frankie",593423,pitcher-arm-angle-593423-R,zMLB,2022,https://baseballsavant.mlb.com/leaderboard/pitcher-arm-angles?season=2022,9f25788d3071af04d33d1bc4dd2dd6d840b36a7e7cc9692546c369d20bb5ee76,2026-10-02T17:50:58.471200+00:00,187.96,https://www.mlb.com/player/593423,ade711afc6e83f5f9574f0b09731f5b12dd3e0e77da985d044965ed9cc44fcd1,2026-10-02T17:52:36.112707+00:00,1.8453917559088957,0.3458491070047271,-0.14365718959296986,1.3395564699209697,45.939876593379196
1006,117,1,33.72624784180262,-1.9595567862527346,-1.753817097415507,5.918936381709742,-0.06073019450144055,4.65189623125773,"Neris, Héctor",593576,R,"Neris, Héctor",593576,pitcher-arm-angle-593576-R,Astros,2022,https://baseballsavant.mlb.com/leaderboard/pitcher-arm-angles?season=2022,9f25788d3071af04d33d1bc4dd2dd6d840b36a7e7cc9692546c369d20bb5ee76,2026-10-02T17:50:58.471200+00:00,187.96,https://www.mlb.com/player/593576,c50fb75fb49dbe3b46a2ddf94063faa096838529f79ec4ccc4a9e2e554ed80e3,2026-10-02T17:52:37.207910+00:00,1.8040918091451292,0.5345634512922466,-0.0441988938735479,1.4178979712873563,33.71420437703898
1467,116,1,34.05252818349062,2.1429823310570164,1.805385139740968,5.76931833674165,0.22912062371580597,4.475382849972114,"Rodriguez, Eduardo",593958,L,"Rodriguez, Eduardo",593958,pitcher-arm-angle-593958-L,Tigers,2022,https://baseballsavant.mlb.com/leaderboard/pitcher-arm-angles?season=2022,9f25788d3071af04d33d1bc4dd2dd6d840b36a7e7cc9692546c369d20bb5ee76,2026-10-02T17:50:58.471200+00:00,187.96,https://www.mlb.com/player/593958,0046f411825500f781abefcda9bf832f22a018c5592565ba72ddbf72df6d774f,2026-10-02T17:52:37.354668+00:00,1.758488229038855,-0.550281390593047,0.03306365780455392,1.3640966926715004,34.06208301856651
2773,136,1,39.42640185716611,1.6216230860487362,2.215849260728453,5.521702127659575,0.03138960902592031,4.216398361074096,"Gonzales, Marco",594835,L,"Gonzales, Marco",594835,pitcher-arm-angle-594835-L,Mariners,2022,https://baseballsavant.mlb.com/leaderboard/pitcher-arm-angles?season=2022,9f25788d3071af04d33d1bc4dd2dd6d840b36a7e7cc9692546c369d20bb5ee76,2026-10-02T17:50:58.471200+00:00,185.42000000000002,https://www.mlb.com/player/594835,fe394158902021ca1306f3acf989ed763d634cb09cee6c74d6497b64fb8afc10,2026-10-02T17:52:40.709451+00:00,1.6830148085106384,-0.6753908546700325,-0.19068769087347823,1.2851582204553844,39.38001340276448
1072,137,2,35.70585140073562,-2.211431671883972,-1.8330037313432836,5.362751865671642,-0.2791278534632985,3.973754833536196,"Beede, Tyler",595881,R,"Beede, Tyler",595881,pitcher-arm-angle-595881-R,zMLB,2022,https://baseballsavant.mlb.com/leaderboard/pitcher-arm-angles?season=2022,9f25788d3071af04d33d1bc4dd2dd6d840b36a7e7cc9692546c369d20bb5ee76,2026-10-02T17:50:58.471200+00:00,187.96,https://www.mlb.com/player/595881,3fc64d27b9eb5e445e1b09f80a69d65b152c6c925873309a3a81b94555549462,2026-10-02T17:52:42.597795+00:00,1.6345667686567167,0.5586995373134329,-0.03026666654118848,1.2112004732618327,35.70969559242593
1802,137,1,29.437875405075047,-2.144747908561548,-1.8904106548279689,5.840932297447281,-0.18981858545961014,4.737529373284982,"Junis, Jakob",596001,R,"Junis, Jakob",596001,pitcher-arm-angle-596001-R,Giants,2022,https://baseballsavant.mlb.com/leaderboard/pitcher-arm-angles?season=2022,9f25788d3071af04d33d1bc4dd2dd6d840b36a7e7cc9692546c369d20bb5ee76,2026-10-02T17:50:58.471200+00:00,190.5,https://www.mlb.com/player/596001,4f4eee27c94754580828762e06003fc6d8041f7864887a2e7c49ced5890eed4e,2026-10-02T17:52:44.117575+00:00,1.7803161642619312,0.5761971675915649,-0.01966529008990573,1.4439989529772626,29.441289943549663
1010,116,2,35.03544322701323,2.1678316902356607,2.55229702970297,5.677752475247525,0.3876804464269956,4.431001198531618,"Norris, Daniel",596057,L,"Norris, Daniel",596057,pitcher-arm-angle-596057-L,zMLB,2022,https://baseballsavant.mlb.com/leaderboard/pitcher-arm-angles?season=2022,9f25788d3071af04d33d1bc4dd2dd6d840b36a7e7cc9692546c369d20bb5ee76,2026-10-02T17:50:58.471200+00:00,187.96,https://www.mlb.com/player/596057,48a103fb36a703929367ee80197d1f90b5c5417019dcd2cf024fe38690070b73,2026-10-02T17:52:44.310895+00:00,1.7305789544554457,-0.7779401346534653,-0.2353500355405842,1.3505691653124372,35.00595942004605
2058,115,1,55.3170071613864,0.9351530946868966,1.7796501457725948,6.635126336248785,-0.3912398824031777,4.719006943253492,"Gomber, Austin",596295,L,"Gomber, Austin",596295,pitcher-arm-angle-596295-L,Rockies,2022,https://baseballsavant.mlb.com/leaderboard/pitcher-arm-angles?season=2022,9f25788d3071af04d33d1bc4dd2dd6d840b36a7e7cc9692546c369d20bb5ee76,2026-10-02T17:50:58.471200+00:00,195.58,https://www.mlb.com/player/596295,6debe05903bb71bbb6c416f25e358bf7adca2c797bd49df448a70b7a8053ba41,2026-10-02T17:52:45.550236+00:00,2.02238650728863,-0.5424373644314869,-0.1381527850144323,1.4383533163036644,55.307903264831715
991,120,1,36.38969223041632,-1.73705446335895,-1.7921190716448032,5.4255297679112005,0.02925096843067105,4.123522329306,"Machado, Andrés",600921,R,"Machado, Andrés",600921,pitcher-arm-angle-600921-R,Nationals,2022,https://baseballsavant.mlb.com/leaderboard/pitcher-arm-angles?season=2022,9f25788d3071af04d33d1bc4dd2dd6d840b36a7e7cc9692546c369d20bb5ee76,2026-10-02T17:50:58.471200+00:00,185.42000000000002,https://www.mlb.com/player/600921,bcf824654b827e93acfb6b30b5ca765071ce8c3e18d7cd4513b73e700d5a581d,2026-10-02T17:52:46.205562+00:00,1.653701473259334,0.546237893037336,0.007867997427859534,1.2568496059724688,36.39526632104906
2979,111,1,55.30319418488085,-1.147090650181651,-1.4940349110439746,6.584753272910373,0.1409329018219635,4.724306509081096,"Pivetta, Nick",601713,R,"Pivetta, Nick",601713,pitcher-arm-angle-601713-R,Red Sox,2022,https://baseballsavant.mlb.com/leaderboard/pitcher-arm-angles?season=2022,9f25788d3071af04d33d1bc4dd2dd6d840b36a7e7cc9692546c369d20bb5ee76,2026-10-02T17:50:58.471200+00:00,195.58,https://www.mlb.com/player/601713,1d5dd5d365c34dc7c11c37be25bbe96bf37d32eda867061d650ad00d6608316c,2026-10-02T17:52:46.334739+00:00,2.0070327975830815,0.4553818408862035,0.06279226223550179,1.4399686239679181,55.30438957996476
1198,118,1,25.714919155471318,-2.1857749892059792,-2.0047328881469113,5.152854757929883,-0.14099383509056984,4.168926701439417,"Barlow, Scott",605130,R,"Barlow, Scott",605130,pitcher-arm-angle-605130-R,Royals,2022,https://baseballsavant.mlb.com/leaderboard/pitcher-arm-angles?season=2022,9f25788d3071af04d33d1bc4dd2dd6d840b36a7e7cc9692546c369d20bb5ee76,2026-10-02T17:50:58.471200+00:00,190.5,https://www.mlb.com/player/605130,b84f311299518d9da1ef7c1d7d6adeb5a0bf0477287eb00540c44c8984710899,2026-10-02T17:52:47.557622+00:00,1.5705901302170284,0.6110425843071786,-0.012206711467198218,1.2706888585987344,25.696390318557434
2884,121,1,38.845928765226,-1.9579706545277087,-1.1980305131761442,5.581934812760055,-0.008447134723262641,4.012027272325524,"Bassitt, Chris",605135,R,"Bassitt, Chris",605135,pitcher-arm-angle-605135-R,Mets,2022,https://baseballsavant.mlb.com/leaderboard/pitcher-arm-angles?season=2022,9f25788d3071af04d33d1bc4dd2dd6d840b36a7e7cc9692546c369d20bb5ee76,2026-10-02T17:50:58.471200+00:00,195.58,https://www.mlb.com/player/605135,2d5b8d78f78c60ab5dc76cd73f77740147cb027467e9b85f1f0c1b610920b739,2026-10-02T17:52:48.378024+00:00,1.701373730929265,0.36515970041608875,-0.22905506842030643,1.2228659126048196,38.84371333872857
1091,137,1,40.09567576770971,-1.6735357075452786,-1.8603666361136573,5.816278643446379,-0.031287009089111854,4.432363849254393,"Brebbia, John",605154,R,"Brebbia, John",605154,pitcher-arm-angle-605154-R,Giants,2022,https://baseballsavant.mlb.com/leaderboard/pitcher-arm-angles?season=2022,9f25788d3071af04d33d1bc4dd2dd6d840b36a7e7cc9692546c369d20bb5ee76,2026-10-02T17:50:58.471200+00:00,185.42000000000002,https://www.mlb.com/player/605154,4193a1375777ceef73b325085e9608406eca71bb237e471dd142481e2e809ac5,2026-10-02T17:52:48.103720+00:00,1.7728017305224566,0.5670397506874427,0.06648234739800313,1.3509845012527388,40.120672188277716
2180,142,1,52.75448869665335,-1.2980653959235497,-1.6959495412844037,6.090380733944954,-0.0025593797527351226,4.38667091510082,"Bundy, Dylan",605164,R,"Bundy, Dylan",605164,pitcher-arm-angle-605164-R,Twins,2022,https://baseballsavant.mlb.com/leaderboard/pitcher-arm-angles?season=2022,9f25788d3071af04d33d1bc4dd2dd6d840b36a7e7cc9692546c369d20bb5ee76,2026-10-02T17:50:58.471200+00:00,185.42000000000002,https://www.mlb.com/player/605164,26925fa43d4cec7c0d209f6e54ae527bc2571a30928652f5610af5ba572138a0,2026-10-02T17:52:49.320625+00:00,1.8563480477064223,0.5169254201834863,0.12205518645462195,1.33705729492273,52.75053345539716
1902,135,1,37.97724271283697,-1.9090843369224975,-1.5662460567823344,5.428002103049422,-0.17359221740507694,4.07347666608561,"Clevinger, Mike",605182,R,"Clevinger, Mike",605182,pitcher-arm-angle-605182-R,Padres,2022,https://baseballsavant.mlb.com/leaderboard/pitcher-arm-angles?season=2022,9f25788d3071af04d33d1bc4dd2dd6d840b36a7e7cc9692546c369d20bb5ee76,2026-10-02T17:50:58.471200+00:00,193.04,https://www.mlb.com/player/605182,7a04a67831ca225d4640664a2e86e08c2a8359f95d84f48465284a005bb9c760,2026-10-02T17:52:48.894868+00:00,1.6544550410094638,0.47739179810725557,-0.051586199921654245,1.241595687822894,37.9715012245947
2288,109,1,37.35179556334326,-1.8424529573315258,-1.500777972027972,5.613343531468532,-0.19611802697636588,4.356291471974995,"Davies, Zach",605200,R,"Davies, Zach",605200,pitcher-arm-angle-605200-R,Diamondbacks,2022,https://baseballsavant.mlb.com/leaderboard/pitcher-arm-angles?season=2022,9f25788d3071af04d33d1bc4dd2dd6d840b36a7e7cc9692546c369d20bb5ee76,2026-10-02T17:50:58.471200+00:00,182.88,https://www.mlb.com/player/605200,c54f16b1dc5e432bb6d295bcf797672fda59a25437fddc50f3246e4e3010a77d,2026-10-02T17:52:49.924470+00:00,1.7109471083916086,0.4574371258741259,-0.04436576089812691,1.3277976406579786,37.363390299016615
999,120,1,52.01596976145288,-1.059181493041572,-1.9348148148148148,6.373973973973974,0.2833885702993546,4.656346497388654,"Edwards Jr., Carl",605218,R,"Edwards Jr., Carl",605218,pitcher-arm-angle-605218-R,Nationals,2022,https://baseballsavant.mlb.com/leaderboard/pitcher-arm-angles?season=2022,9f25788d3071af04d33d1bc4dd2dd6d840b36a7e7cc9692546c369d20bb5ee76,2026-10-02T17:50:58.471200+00:00,190.5,https://www.mlb.com/player/605218,7f697b724ff9356ccd30404e84a80a467b1ba25db6ee1a04e2046d79884a3a24,2026-10-02T17:52:50.701043+00:00,1.9427872672672672,0.5897315555555556,0.18051620024924114,1.4192544124040618,51.98731702974519
1042,142,2,38.57936529590656,-1.7210796303277884,-2.3141170825335893,5.924952015355086,0.018782491335392986,4.5368666434013845,"Fulmer, Michael",605242,R,"Fulmer, Michael",605242,pitcher-arm-angle-605242-R,zMLB,2022,https://baseballsavant.mlb.com/leaderboard/pitcher-arm-angles?season=2022,9f25788d3071af04d33d1bc4dd2dd6d840b36a7e7cc9692546c369d20bb5ee76,2026-10-02T17:50:58.471200+00:00,187.96,https://www.mlb.com/player/605242,638f4c7bcc5a9a15513d4c90b58feb42f7b13627548f9219edd230580e61d8fa,2026-10-02T17:52:51.203666+00:00,1.8059253742802304,0.705342886756238,0.17503291207330032,1.382836952908742,38.5833358363364
975,147,1,42.91027321544218,-1.7579018783313527,-0.9156820512820513,6.34788717948718,0.017630117007175837,4.697369952008776,"Holmes, Clay",605280,R,"Holmes, Clay",605280,pitcher-arm-angle-605280-R,Yankees,2022,https://baseballsavant.mlb.com/leaderboard/pitcher-arm-angles?season=2022,9f25788d3071af04d33d1bc4dd2dd6d840b36a7e7cc9692546c369d20bb5ee76,2026-10-02T17:50:58.471200+00:00,195.58,https://www.mlb.com/player/605280,5536b14d41d22735cbe6e82895b4da698e78959f1940857a143e30493a5d68d4,2026-10-02T17:52:50.718605+00:00,1.9348360123076924,0.2790998892307692,-0.2620822629484143,1.431758361372275,42.91023374413004
1847,158,1,44.315975523495446,-1.6980283912534762,-1.1244125609095832,5.982766648619383,-0.017020338420351153,4.341180910364835,"Houser, Adrian",605288,R,"Houser, Adrian",605288,pitcher-arm-angle-605288-R,Brewers,2022,https://baseballsavant.mlb.com/leaderboard/pitcher-arm-angles?season=2022,9f25788d3071af04d33d1bc4dd2dd6d840b36a7e7cc9692546c369d20bb5ee76,2026-10-02T17:50:58.471200+00:00,193.04,https://www.mlb.com/player/605288,ba7121746c925ebbe4f6af45cd07c21a38a1849e1669ac167d8a342c511550b3,2026-10-02T17:52:52.705650+00:00,1.823547274499188,0.342720948565241,-0.16965030593829555,1.3231919414792017,44.32022197026818
1159,142,2,35.58579000859595,-1.7162771706679445,-2.1637704918032785,5.845470232959448,0.04000239726606777,4.588213361524702,"López, Jorge",605347,R,"López, Jorge",605347,pitcher-arm-angle-605347-R,zMLB,2022,https://baseballsavant.mlb.com/leaderboard/pitcher-arm-angles?season=2022,9f25788d3071af04d33d1bc4dd2dd6d840b36a7e7cc9692546c369d20bb5ee76,2026-10-02T17:50:58.471200+00:00,190.5,https://www.mlb.com/player/605347,7c65603d188c484d0e369cd02c2bb73bc67b578ff26f6b70d9295f8a999c802f,2026-10-02T17:52:52.020206+00:00,1.7816993270060397,0.6595172459016393,0.12420323359535236,1.3984874325927292,35.59750223757703
2833,135,1,36.345771206763764,-2.325513894984154,-1.5412530885986586,6.40210730674197,-0.29402441866391327,4.908208363928313,"Musgrove, Joe",605397,R,"Musgrove, Joe",605397,pitcher-arm-angle-605397-R,Padres,2022,https://baseballsavant.mlb.com/leaderboard/pitcher-arm-angles?season=2022,9f25788d3071af04d33d1bc4dd2dd6d840b36a7e7cc9692546c369d20bb5ee76,2026-10-02T17:50:58.471200+00:00,195.58,https://www.mlb.com/player/605397,4a3cfe24410d91df1a006a5f047a97bbe640bf2dac4fbb1ef8578a91c09d9b79,2026-10-02T17:52:52.867517+00:00,1.9513623070949524,0.46977394140487116,-0.1494240509775382,1.49602190932535,36.329694101731924
3039,143,1,20.885779668058195,-2.3153795885379065,-1.9533037183283974,5.102342875946035,-0.20723568625691324,4.29790105203947,"Nola, Aaron",605400,R,"Nola, Aaron",605400,pitcher-arm-angle-605400-R,Phillies,2022,https://baseballsavant.mlb.com/leaderboard/pitcher-arm-angles?season=2022,9f25788d3071af04d33d1bc4dd2dd6d840b36a7e7cc9692546c369d20bb5ee76,2026-10-02T17:50:58.471200+00:00,187.96,https://www.mlb.com/player/605400,158d0dcf12bef4170e18c67c6f23317694654b664b5354d4bea4d5e60c059320,2026-10-02T17:52:53.517192+00:00,1.5551941085883516,0.5953669733464956,-0.0471952880687512,1.3100002406616305,20.886240182478137
987,141,1,47.323680832930854,-1.4576834630293676,-1.882127659574468,5.98144883485309,0.11244489865578727,4.279815299427314,"Romano, Jordan",605447,R,"Romano, Jordan",605447,pitcher-arm-angle-605447-R,Blue Jays,2022,https://baseballsavant.mlb.com/leaderboard/pitcher-arm-angles?season=2022,9f25788d3071af04d33d1bc4dd2dd6d840b36a7e7cc9692546c369d20bb5ee76,2026-10-02T17:50:58.471200+00:00,195.58,https://www.mlb.com/player/605447,90e5be99f52912b60d2409c76970de30f93581e4f545189ac6f77029c9f753ca,2026-10-02T17:52:54.753831+00:00,1.823145604863222,0.5736725106382979,0.09509738599666266,1.3044877032654454,47.30170716277255
2341,135,1,54.872756830753985,1.2070266566763057,2.0876078598889363,6.586270824434003,-0.16843675181850923,4.6318100747658,"Snell, Blake",605483,L,"Snell, Blake",605483,pitcher-arm-angle-605483-L,Padres,2022,https://baseballsavant.mlb.com/leaderboard/pitcher-arm-angles?season=2022,9f25788d3071af04d33d1bc4dd2dd6d840b36a7e7cc9692546c369d20bb5ee76,2026-10-02T17:50:58.471200+00:00,193.04,https://www.mlb.com/player/605483,d576004cf5e141ca55e4cab351a50a2923cf7e315034cb4704231a398817d1a0,2026-10-02T17:52:55.113614+00:00,2.007495347287484,-0.6363028756941478,-0.21706162878492818,1.411775710788616,54.863804395828666
2134,139,1,43.91140535879077,1.4805501285282947,2.3162839737582006,6.066879100281162,-0.09401318964494718,4.546989868557119,"Springs, Jeffrey",605488,L,"Springs, Jeffrey",605488,pitcher-arm-angle-605488-L,Rays,2022,https://baseballsavant.mlb.com/leaderboard/pitcher-arm-angles?season=2022,9f25788d3071af04d33d1bc4dd2dd6d840b36a7e7cc9692546c369d20bb5ee76,2026-10-02T17:50:58.471200+00:00,190.5,https://www.mlb.com/player/605488,6f11db365d41ee5c3b99d52a6be08c43052e6ad581b7d2b43ddbb10d5e0edc97,2026-10-02T17:52:56.260622+00:00,1.8491847497656984,-0.7060033552014996,-0.22607645582229544,1.3859225119362097,43.98777944005105
2078,134,1,47.082332334928736,-1.6046587850734408,-0.8898748796920115,6.636780558229066,0.08357090197965616,4.820911622309262,"Thompson, Zach",605507,R,"Thompson, Zach",605507,pitcher-arm-angle-605507-R,Pirates,2022,https://baseballsavant.mlb.com/leaderboard/pitcher-arm-angles?season=2022,9f25788d3071af04d33d1bc4dd2dd6d840b36a7e7cc9692546c369d20bb5ee76,2026-10-02T17:50:58.471200+00:00,200.66,https://www.mlb.com/player/605507,0529acb2a118a5d61124fddafaf8a8329a70a0a16339f0d9ca44ec2fc4d9c78c,2026-10-02T17:52:56.473014+00:00,2.0228907141482195,0.2712338633301251,-0.2433385452836589,1.469413862479863,47.08611661992679
2536,158,1,43.69584596170902,-1.547973895628438,-1.2570504731861198,5.881912460567824,0.08318357769333716,4.3225229420058815,"Woodruff, Brandon",605540,R,"Woodruff, Brandon",605540,pitcher-arm-angle-605540-R,Brewers,2022,https://baseballsavant.mlb.com/leaderboard/pitcher-arm-angles?season=2022,9f25788d3071af04d33d1bc4dd2dd6d840b36a7e7cc9692546c369d20bb5ee76,2026-10-02T17:50:58.471200+00:00,193.04,https://www.mlb.com/player/605540,3c39e4346c92abeb140dd23a2e04fba11a6f47499c0abcf50c8df74579068691,2026-10-02T17:52:57.952230+00:00,1.7928069179810728,0.38314898422712934,-0.11402781364134772,1.3175049927233928,43.71140979685514
988,138,1,57.05963445835082,-1.037771852927114,-1.7484615384615385,6.767935222672064,0.22207815939220737,4.823704572607475,"Gallegos, Giovanny",606149,R,"Gallegos, Giovanny",606149,pitcher-arm-angle-606149-R,Cardinals,2022,https://baseballsavant.mlb.com/leaderboard/pitcher-arm-angles?season=2022,9f25788d3071af04d33d1bc4dd2dd6d840b36a7e7cc9692546c369d20bb5ee76,2026-10-02T17:50:58.471200+00:00,187.96,https://www.mlb.com/player/606149,dd523472b0461706d743e5c84c8932b0df9117b8e7e0f76c8429ef73ad918008,2026-10-02T17:52:59.244907+00:00,2.062866655870445,0.532931076923077,0.14892879316814778,1.4702651537307585,57.057000153097704
1093,117,1,32.13183265322484,-1.7870343841068193,-1.4679688929551693,5.096331198536139,0.0930632098119128,3.914221774115951,"Montero, Rafael",606160,R,"Montero, Rafael",606160,pitcher-arm-angle-606160-R,Astros,2022,https://baseballsavant.mlb.com/leaderboard/pitcher-arm-angles?season=2022,9f25788d3071af04d33d1bc4dd2dd6d840b36a7e7cc9692546c369d20bb5ee76,2026-10-02T17:50:58.471200+00:00,182.88,https://www.mlb.com/player/606160,1702d0ac865cee36bd1aa0fe2671858193e56afdbea1c170c05050bc4bb5e57b,2026-10-02T17:52:59.662730+00:00,1.5533617493138152,0.44743691857273565,-0.12561682805369392,1.1930547967505418,32.1595860220104
1015,137,1,37.88547136411271,1.67147614551045,1.7438817733990148,5.884926108374384,-0.10987059376728747,4.497913657701325,"García, Jarlín",606424,L,"García, Jarlín",606424,pitcher-arm-angle-606424-L,Giants,2022,https://baseballsavant.mlb.com/leaderboard/pitcher-arm-angles?season=2022,9f25788d3071af04d33d1bc4dd2dd6d840b36a7e7cc9692546c369d20bb5ee76,2026-10-02T17:50:58.471200+00:00,190.5,https://www.mlb.com/player/606424,e80557ae24e23383661c12eb6eb8c91e0f4f56b63516e9178ba29ccea3603d5f,2026-10-02T17:53:00.905699+00:00,1.7937254778325125,-0.5315351645320198,0.011419321599834687,1.370964082867364,37.905443987804496
2985,137,1,48.835512102987536,1.4767937425418909,1.97057621440536,6.514378559463987,-0.08129990376720202,4.732262878354936,"Rodón, Carlos",607074,L,"Rodón, Carlos",607074,pitcher-arm-angle-607074-L,Giants,2022,https://baseballsavant.mlb.com/leaderboard/pitcher-arm-angles?season=2022,9f25788d3071af04d33d1bc4dd2dd6d840b36a7e7cc9692546c369d20bb5ee76,2026-10-02T17:50:58.471200+00:00,187.96,https://www.mlb.com/player/607074,f82f3852673598ea59ea572d872ed50c1785684ef045f3cc6c2fd3141eeb90da,2026-10-02T17:53:01.702775+00:00,1.9855825849246234,-0.6006316301507537,-0.12572468675574222,1.4423937253225845,48.836982135681104
2420,120,1,32.85205801227689,-1.9126186173515298,-1.6855909090909091,5.72951652892562,-0.01742146539532417,4.504613652016028,"Fedde, Erick",607200,R,"Fedde, Erick",607200,pitcher-arm-angle-607200-R,Nationals,2022,https://baseballsavant.mlb.com/leaderboard/pitcher-arm-angles?season=2022,9f25788d3071af04d33d1bc4dd2dd6d840b36a7e7cc9692546c369d20bb5ee76,2026-10-02T17:50:58.471200+00:00,193.04,https://www.mlb.com/player/607200,020d14d133a346bd062332f9843c06a439b6c1bb4b0a9f38b12c28494006dba0,2026-10-02T17:53:02.579014+00:00,1.746356638016529,0.5137681090909091,-0.06388798282534239,1.3730062411344854,32.87537416333582
976,110,1,28.744348783379333,-2.0320786556798436,-1.473514344262295,5.714098360655738,-0.125473439828614,4.6685395598645565,"Krehbiel, Joey",607216,R,"Krehbiel, Joey",607216,pitcher-arm-angle-607216-R,Orioles,2022,https://baseballsavant.mlb.com/leaderboard/pitcher-arm-angles?season=2022,9f25788d3071af04d33d1bc4dd2dd6d840b36a7e7cc9692546c369d20bb5ee76,2026-10-02T17:50:58.471200+00:00,190.5,https://www.mlb.com/player/607216,42d7b49b24229a5dc21418f0a723609669ba3960f98c262a7b38479f32d0a46e,2026-10-02T17:53:03.340409+00:00,1.741657180327869,0.44912717213114756,-0.13200609766030721,1.4229708578467168,28.73982074641419
1720,135,1,52.80987655466226,-1.0964087172904815,-1.8187616279069767,6.037959302325581,0.22221966644903204,4.299358158241097,"Martinez, Nick",607259,R,"Martinez, Nick",607259,pitcher-arm-angle-607259-R,Padres,2022,https://baseballsavant.mlb.com/leaderboard/pitcher-arm-angles?season=2022,9f25788d3071af04d33d1bc4dd2dd6d840b36a7e7cc9692546c369d20bb5ee76,2026-10-02T17:50:58.471200+00:00,185.42000000000002,https://www.mlb.com/player/607259,5f651b41f4871063a3f68b914e313a6be85413dee16974a891d45c512ff1add9,2026-10-02T17:53:03.200378+00:00,1.8403699953488373,0.5543585441860466,0.15244061282224278,1.3104443666318866,52.821787110891655
2837,115,1,24.800514028759398,2.302610267505269,1.5943743390905887,5.610652097285866,0.23679098662504705,4.657104884964849,"Freeland, Kyle",607536,L,"Freeland, Kyle",607536,pitcher-arm-angle-607536-L,Rockies,2022,https://baseballsavant.mlb.com/leaderboard/pitcher-arm-angles?season=2022,9f25788d3071af04d33d1bc4dd2dd6d840b36a7e7cc9692546c369d20bb5ee76,2026-10-02T17:50:58.471200+00:00,193.04,https://www.mlb.com/player/607536,1de97eac619ac57f48d9f53fd204584698245fc31fb62208d81b1523ca3ae98c,2026-10-02T17:53:05.414676+00:00,1.7101267592527318,-0.48596529855481146,0.14369641825748025,1.419485568937286,24.777247723390158
1079,121,1,38.52450400551084,-1.9273265122824277,-0.9329935125115848,5.636153846153846,-0.04937419963688568,4.139874653199388,"Lugo, Seth",607625,R,"Lugo, Seth",607625,pitcher-arm-angle-607625-R,Mets,2022,https://baseballsavant.mlb.com/leaderboard/pitcher-arm-angles?season=2022,9f25788d3071af04d33d1bc4dd2dd6d840b36a7e7cc9692546c369d20bb5ee76,2026-10-02T17:50:58.471200+00:00,193.04,https://www.mlb.com/player/607625,ca5b17a79da48a23302293e82efeea0cfc729cd8026aecf2ac9ed3ea18f51584,2026-10-02T17:53:07.234893+00:00,1.7178996923076923,0.2843764226135311,-0.28802344228083016,1.2618337942951734,38.546470729901124
1021,115,1,35.39856118626745,-1.8860995901146953,-1.9770421155729676,5.737120470127326,0.10133286098875487,4.324248143007537,"Estévez, Carlos",608032,R,"Estévez, Carlos",608032,pitcher-arm-angle-608032-R,Rockies,2022,https://baseballsavant.mlb.com/leaderboard/pitcher-arm-angles?season=2022,9f25788d3071af04d33d1bc4dd2dd6d840b36a7e7cc9692546c369d20bb5ee76,2026-10-02T17:50:58.471200+00:00,198.12,https://www.mlb.com/player/608032,d4e3b3cf497b768035ebb1a1922a0bfad50953fe6c3991fc495c0f949021c11c,2026-10-02T17:53:08.109505+00:00,1.748674319294809,0.6026024368266406,-0.003166974269691085,1.3180308339886975,35.40914738865639
1174,134,1,50.88387075848793,-1.2196365977548485,-0.9307325383304941,6.1799148211243615,0.19805593154715811,4.435035235433805,"De Jong, Chase",608328,R,"De Jong, Chase",608328,pitcher-arm-angle-608328-R,Pirates,2022,https://baseballsavant.mlb.com/leaderboard/pitcher-arm-angles?season=2022,9f25788d3071af04d33d1bc4dd2dd6d840b36a7e7cc9692546c369d20bb5ee76,2026-10-02T17:50:58.471200+00:00,193.04,https://www.mlb.com/player/608328,88dc60da88754907dd041d80def70a176ae2e99ea56d25668107efd04a628334,2026-10-02T17:53:08.464261+00:00,1.8836380374787054,0.2836872776831346,-0.148425405248117,1.3517987397602238,50.906578910196835
2817,144,1,49.708668062508956,1.3969097330039997,1.3549414270500533,6.032193823216187,-0.1461315449805959,4.212952315676973,"Fried, Max",608331,L,"Fried, Max",608331,pitcher-arm-angle-608331-L,Braves,2022,https://baseballsavant.mlb.com/leaderboard/pitcher-arm-angles?season=2022,9f25788d3071af04d33d1bc4dd2dd6d840b36a7e7cc9692546c369d20bb5ee76,2026-10-02T17:50:58.471200+00:00,193.04,https://www.mlb.com/player/608331,ddb476e8804f21219b47f7c533e3c6a00e049d54e0bf58703d6d8701ce1b7241,2026-10-02T17:53:07.871104+00:00,1.8386126773162939,-0.41298614696485625,0.0573328345648485,1.2841078658183414,49.696111416456205
2752,145,1,56.772454154008756,-1.1958796332242527,-1.4323582848837209,6.368201308139535,0.12917604710753222,4.341562532969054,"Giolito, Lucas",608337,R,"Giolito, Lucas",608337,pitcher-arm-angle-608337-R,White Sox,2022,https://baseballsavant.mlb.com/leaderboard/pitcher-arm-angles?season=2022,9f25788d3071af04d33d1bc4dd2dd6d840b36a7e7cc9692546c369d20bb5ee76,2026-10-02T17:50:58.471200+00:00,198.12,https://www.mlb.com/player/608337,7d4c0c7de948eeb40e632fa97e5543b3e79814f43b6283d1cf13ac0713ea6b7d,2026-10-02T17:53:10.104946+00:00,1.9410277587209304,0.43658280523255816,0.03270583386743007,1.3233082600489678,56.82256350588252
2607,133,1,42.45952632774761,1.9344056601917614,1.4912504794783277,6.11897583429229,0.24755921288974495,4.575163397427876,"Irvin, Cole",608344,L,"Irvin, Cole",608344,pitcher-arm-angle-608344-L,Athletics,2022,https://baseballsavant.mlb.com/leaderboard/pitcher-arm-angles?season=2022,9f25788d3071af04d33d1bc4dd2dd6d840b36a7e7cc9692546c369d20bb5ee76,2026-10-02T17:50:58.471200+00:00,193.04,https://www.mlb.com/player/608344,8a7dfc06fe725ee5565d925b6797711d39434ed52a75447a5ac7767d7192e8fb,2026-10-02T17:53:11.165783+00:00,1.86506383429229,-0.4545331461449943,0.059617650992660344,1.3945098035360168,42.46494539251017
1949,111,1,54.58038402069821,-1.0822838008158029,-1.358517188301693,6.637024114930734,0.19827379619696192,4.8363177993833855,"Wacha, Michael",608379,R,"Wacha, Michael",608379,pitcher-arm-angle-608379-R,Red Sox,2022,https://baseballsavant.mlb.com/leaderboard/pitcher-arm-angles?season=2022,9f25788d3071af04d33d1bc4dd2dd6d840b36a7e7cc9692546c369d20bb5ee76,2026-10-02T17:50:58.471200+00:00,198.12,https://www.mlb.com/player/608379,f7026d200526e13417f3c55ab6ec1ce91dced06849ca146c1edf0bf60f12cde6,2026-10-02T17:53:11.700826+00:00,2.0229649502308877,0.4140760389943561,0.023762083424865344,1.474109665252056,54.5817755272577
2838,115,1,34.167317416988865,-1.976053583777219,-2.2192424242424242,5.9541930937279774,-0.07889370191154173,4.665850551749305,"Márquez, Germán",608566,R,"Márquez, Germán",608566,pitcher-arm-angle-608566-R,Rockies,2022,https://baseballsavant.mlb.com/leaderboard/pitcher-arm-angles?season=2022,9f25788d3071af04d33d1bc4dd2dd6d840b36a7e7cc9692546c369d20bb5ee76,2026-10-02T17:50:58.471200+00:00,185.42000000000002,https://www.mlb.com/player/608566,718eacb1c5194b4da3705a6436ad3036c888f06ab188c6cad3d9725ad1aead7b,2026-10-02T17:53:12.923691+00:00,1.8148380549682877,0.676425090909091,0.09817075891643245,1.4221512481731882,34.18003881445635
1035,145,1,43.03415116282562,-1.6470817549941033,-1.085342995169082,5.710541062801933,-0.030334879227053132,4.200371845737856,"Graveman, Kendall",608665,R,"Graveman, Kendall",608665,pitcher-arm-angle-608665-R,White Sox,2022,https://baseballsavant.mlb.com/leaderboard/pitcher-arm-angles?season=2022,9f25788d3071af04d33d1bc4dd2dd6d840b36a7e7cc9692546c369d20bb5ee76,2026-10-02T17:50:58.471200+00:00,187.96,https://www.mlb.com/player/608665,d9d608347134b8bcfdf1ae9a200ed0da4aff010bb1bdc81b392de25834eb08e5,2026-10-02T17:53:13.522656+00:00,1.7405729159420291,0.3308125449275362,-0.16197190280626067,1.2802733385808986,43.04788908734484
1100,138,2,38.55343026297433,-1.734242610658459,-1.6987545454545454,5.897627272727273,0.06122288923999352,4.4668414717225735,"Stratton, Chris",608717,R,"Stratton, Chris",608717,pitcher-arm-angle-608717-R,zMLB,2022,https://baseballsavant.mlb.com/leaderboard/pitcher-arm-angles?season=2022,9f25788d3071af04d33d1bc4dd2dd6d840b36a7e7cc9692546c369d20bb5ee76,2026-10-02T17:50:58.471200+00:00,187.96,https://www.mlb.com/player/608717,f81b26eceba51a286bafb54ae19148b8e99b61b4fa50bb02aa5877c9017896ec,2026-10-02T17:53:14.713390+00:00,1.797596792727273,0.5177803854545454,-0.029477498914502884,1.3614932805810405,38.55093821828186
1070,158,1,53.18540207067832,1.263216316794377,2.9165607476635516,6.230018691588785,0.03658614806670331,4.590726433604877,"Suter, Brent",608718,L,"Suter, Brent",608718,pitcher-arm-angle-608718-L,Brewers,2022,https://baseballsavant.mlb.com/leaderboard/pitcher-arm-angles?season=2022,9f25788d3071af04d33d1bc4dd2dd6d840b36a7e7cc9692546c369d20bb5ee76,2026-10-02T17:50:58.471200+00:00,193.04,https://www.mlb.com/player/608718,697697d5712280f97918ea148ee9ca174a1ded50dbea98793a09cfe7d7144f93,2026-10-02T17:53:14.722499+00:00,1.8989096971962618,-0.8889677158878505,-0.5150908404596556,1.3992534169627666,53.193661257712925
1761,120,2,36.03295338778805,-1.847399294251512,-2.6394151050539465,5.807586598523566,-0.08722472125807632,4.52643331197535,"Voth, Austin",608723,R,"Voth, Austin",608723,pitcher-arm-angle-608723-R,zMLB,2022,https://baseballsavant.mlb.com/leaderboard/pitcher-arm-angles?season=2022,9f25788d3071af04d33d1bc4dd2dd6d840b36a7e7cc9692546c369d20bb5ee76,2026-10-02T17:50:58.471200+00:00,187.96,https://www.mlb.com/player/608723,ff6d9d12935842fa4481ab5533fefcdeeb4d263b778a1f93beddb885a687bd01,2026-10-02T17:53:15.418514+00:00,1.7701523952299831,0.804493724020443,0.2679925141720437,1.379656873490087,36.04921801615331
1115,145,1,43.89328083575346,-1.615475442539992,-1.5611390134529148,6.204457399103139,0.051429785376849474,4.601050342837502,"Ruiz, José",614179,R,"Ruiz, José",614179,pitcher-arm-angle-614179-R,White Sox,2022,https://baseballsavant.mlb.com/leaderboard/pitcher-arm-angles?season=2022,9f25788d3071af04d33d1bc4dd2dd6d840b36a7e7cc9692546c369d20bb5ee76,2026-10-02T17:50:58.471200+00:00,185.42000000000002,https://www.mlb.com/player/614179,53f23b842741b505d26b976f446eb0bab37e6588f12d8883adccae26235c4a43,2026-10-02T17:53:16.216023+00:00,1.8911186152466368,0.47583517130044845,-0.03223754216860483,1.4024001444968708,43.88765358494603
2919,114,1,45.09200758514005,-1.5314602455500101,-1.2821479958890032,6.407009249743063,0.13608716464567078,4.73476548970144,"Quantrill, Cal",615698,R,"Quantrill, Cal",615698,pitcher-arm-angle-615698-R,Guardians,2022,https://baseballsavant.mlb.com/leaderboard/pitcher-arm-angles?season=2022,9f25788d3071af04d33d1bc4dd2dd6d840b36a7e7cc9692546c369d20bb5ee76,2026-10-02T17:50:58.471200+00:00,190.5,https://www.mlb.com/player/615698,a43abf37a76cb290084398de5d0c9d21fd2405849cabf8050cbd871017a99be8,2026-10-02T17:53:17.170402+00:00,1.9528564193216857,0.3907987091469682,-0.11746974148067538,1.443156521260999,45.08056816555846
2229,133,1,37.358596017131866,-1.8492167429902715,-2.680820995962315,6.071956034096007,-0.1629274271493336,4.785491585757024,"Kaprielian, James",621076,R,"Kaprielian, James",621076,pitcher-arm-angle-621076-R,Athletics,2022,https://baseballsavant.mlb.com/leaderboard/pitcher-arm-angles?season=2022,9f25788d3071af04d33d1bc4dd2dd6d840b36a7e7cc9692546c369d20bb5ee76,2026-10-02T17:50:58.471200+00:00,190.5,https://www.mlb.com/player/621076,aaafd3435c9a398eaebb17f3bd0380fb31dd102214a413ab82667d2359c2e500,2026-10-02T17:53:18.772290+00:00,1.850732199192463,0.8171142395693136,0.3031332561009958,1.458617835338741,37.33988825839005
1175,143,1,31.532774378009695,-2.330528555317037,-2.7793531914893617,5.81484255319149,-0.25840689710623127,4.54363188007737,"Eflin, Zach",621107,R,"Eflin, Zach",621107,pitcher-arm-angle-621107-R,Phillies,2022,https://baseballsavant.mlb.com/leaderboard/pitcher-arm-angles?season=2022,9f25788d3071af04d33d1bc4dd2dd6d840b36a7e7cc9692546c369d20bb5ee76,2026-10-02T17:50:58.471200+00:00,198.12,https://www.mlb.com/player/621107,e788f88a7294a6177eb9b0a857e9aa51f14fdc6273f1add2370837e0e0a24032,2026-10-02T17:53:19.382839+00:00,1.772364010212766,0.8471468527659575,0.21556417134330386,1.3848989970475822,31.52839322359453
1046,119,1,45.602006242702444,-1.4660220536052269,-0.9463288718929255,5.55131931166348,-0.04126824350807592,4.095947804129474,"Buehler, Walker",621111,R,"Buehler, Walker",621111,pitcher-arm-angle-621111-R,Dodgers,2022,https://baseballsavant.mlb.com/leaderboard/pitcher-arm-angles?season=2022,9f25788d3071af04d33d1bc4dd2dd6d840b36a7e7cc9692546c369d20bb5ee76,2026-10-02T17:50:58.471200+00:00,187.96,https://www.mlb.com/player/621111,09ec2757607edd3b4a521395b53855965301f4a22da76be32f24ac71636678f7,2026-10-02T17:53:19.512701+00:00,1.692042126195029,0.2884410401529637,-0.14582392116464793,1.2484448906986636,45.60907028985948
1761,133,1,49.95981285969096,-1.3514283977879704,-1.7535150482680295,5.964151050539466,0.10255729633239904,4.232492371960916,"Blackburn, Paul",621112,R,"Blackburn, Paul",621112,pitcher-arm-angle-621112-R,Athletics,2022,https://baseballsavant.mlb.com/leaderboard/pitcher-arm-angles?season=2022,9f25788d3071af04d33d1bc4dd2dd6d840b36a7e7cc9692546c369d20bb5ee76,2026-10-02T17:50:58.471200+00:00,185.42000000000002,https://www.mlb.com/player/621112,c75ac075219c1bd921b8af029ca58902d1d49399a1d74062c6fc0bbc4d668110,2026-10-02T17:53:19.414857+00:00,1.8178732402044293,0.5344713867120954,0.09129654714420678,1.2900636749736873,49.98152962105662
2721,141,1,34.78183990993489,-2.253125274604315,-2.8492833517089307,5.406666666666666,-0.384238275058779,4.107931215422924,"Berríos, José",621244,R,"Berríos, José",621244,pitcher-arm-angle-621244-R,Blue Jays,2022,https://baseballsavant.mlb.com/leaderboard/pitcher-arm-angles?season=2022,9f25788d3071af04d33d1bc4dd2dd6d840b36a7e7cc9692546c369d20bb5ee76,2026-10-02T17:50:58.471200+00:00,182.88,https://www.mlb.com/player/621244,004ef40d73fa0d8fcbdc5213208c8f190b6a2f6fd33c55fe9f9c60ed5f902c19,2026-10-02T17:53:22.874211+00:00,1.6479519999999999,0.8684615656008821,0.29882480813940265,1.2520974344609073,34.79638531912305
1003,134,1,46.16674927150393,-1.6318363109910174,-2.229690927218345,6.2004885343968095,-0.06937772413597,4.572147665292891,"Underwood Jr., Duane",621249,R,"Underwood Jr., Duane",621249,pitcher-arm-angle-621249-R,Pirates,2022,https://baseballsavant.mlb.com/leaderboard/pitcher-arm-angles?season=2022,9f25788d3071af04d33d1bc4dd2dd6d840b36a7e7cc9692546c369d20bb5ee76,2026-10-02T17:50:58.471200+00:00,187.96,https://www.mlb.com/player/621249,45af85bce930aaa0aa69dfc12dc3571ccbb7920a00779f20529131f0843daec9,2026-10-02T17:53:23.175011+00:00,1.8899089052841476,0.6796097946161516,0.2033724173427331,1.3935906083812732,46.18285103239365
1111,144,1,39.042283998314325,1.6522000419241865,2.332808280828083,5.63985598559856,0.032312215232218416,4.3261867312132285,"Minter, A.J.",621345,L,"Minter, A.J.",621345,pitcher-arm-angle-621345-L,Braves,2022,https://baseballsavant.mlb.com/leaderboard/pitcher-arm-angles?season=2022,9f25788d3071af04d33d1bc4dd2dd6d840b36a7e7cc9692546c369d20bb5ee76,2026-10-02T17:50:58.471200+00:00,182.88,https://www.mlb.com/player/621345,013c434fba653d4c00ea789357711e2c98352128f14f3c645d89ed304a56ecfb,2026-10-02T17:53:23.946186+00:00,1.7190281044104412,-0.7110399639963997,-0.21729815442068784,1.318621715673792,39.040777066378624
1771,140,1,36.09943817903514,2.0058548129802314,2.591964991530209,6.2724110671936755,0.01807582642111822,4.822295328027007,"Hearn, Taylor",621368,L,"Hearn, Taylor",621368,pitcher-arm-angle-621368-L,Rangers,2022,https://baseballsavant.mlb.com/leaderboard/pitcher-arm-angles?season=2022,9f25788d3071af04d33d1bc4dd2dd6d840b36a7e7cc9692546c369d20bb5ee76,2026-10-02T17:50:58.471200+00:00,198.12,https://www.mlb.com/player/621368,fa750f2c7f1a19aada6d5c13b02592d79d816299169d8ccbea3620bc18d425f7,2026-10-02T17:53:25.335925+00:00,1.9118308932806323,-0.7900309294184077,-0.18415589431519003,1.4698356159826318,36.111333596311724
2237,137,1,17.866178385041938,2.722402651615472,2.270290567724631,4.817375949932946,0.4399016546782081,4.081637334386756,"Wood, Alex",622072,L,"Wood, Alex",622072,pitcher-arm-angle-622072-L,Giants,2022,https://baseballsavant.mlb.com/leaderboard/pitcher-arm-angles?season=2022,9f25788d3071af04d33d1bc4dd2dd6d840b36a7e7cc9692546c369d20bb5ee76,2026-10-02T17:50:58.471200+00:00,193.04,https://www.mlb.com/player/622072,a457df8a23383439d571590c4a1c5801abf4546f0e333731cc8bb2a6ba321dae,2026-10-02T17:53:28.584451+00:00,1.468336189539562,-0.6919845650424675,0.0037217388240105183,1.2440830595210834,17.8661446243761
1054,110,1,25.80631594458532,-2.166981069856843,-1.871034155597723,5.25938330170778,-0.19199799778113763,4.305500485629822,"Tate, Dillon",622253,R,"Tate, Dillon",622253,pitcher-arm-angle-622253-R,Orioles,2022,https://baseballsavant.mlb.com/leaderboard/pitcher-arm-angles?season=2022,9f25788d3071af04d33d1bc4dd2dd6d840b36a7e7cc9692546c369d20bb5ee76,2026-10-02T17:50:58.471200+00:00,187.96,https://www.mlb.com/player/622253,134e14f68e9aa07d1f85df9bc6b20872c80a13e445f93efb6985acdcaa43f7b3,2026-10-02T17:53:30.180203+00:00,1.6030600303605316,0.570291210626186,-0.031683629742488964,1.3123165480199699,25.77974264130825
2506,136,2,16.935003841126413,-2.3505685539365686,-2.8254269752593775,5.184381484437351,-0.1278130745391097,4.507072477355594,"Castillo, Luis",622491,R,"Castillo, Luis",622491,pitcher-arm-angle-622491-R,zMLB,2022,https://baseballsavant.mlb.com/leaderboard/pitcher-arm-angles?season=2022,9f25788d3071af04d33d1bc4dd2dd6d840b36a7e7cc9692546c369d20bb5ee76,2026-10-02T17:50:58.471200+00:00,187.96,https://www.mlb.com/player/622491,8e9927e8051135689c09d10728142dd5599c6d147208c609182f83081315f6f8,2026-10-02T17:53:30.663400+00:00,1.5801994764565046,0.8611901420590583,0.1836942719387128,1.3737556910979851,16.94681400530312
1061,135,1,33.83267192491575,-2.0523071157289707,-2.3681526861451463,5.467219604147031,-0.2707893942754036,4.275308096152521,"Crismatt, Nabil",622503,R,"Crismatt, Nabil",622503,pitcher-arm-angle-622503-R,Padres,2022,https://baseballsavant.mlb.com/leaderboard/pitcher-arm-angles?season=2022,9f25788d3071af04d33d1bc4dd2dd6d840b36a7e7cc9692546c369d20bb5ee76,2026-10-02T17:50:58.471200+00:00,185.42000000000002,https://www.mlb.com/player/622503,f7c84b65eb7eeaf9372b76ed1bc7c107f2c8905ea3438cae1c17d8f711e60efe,2026-10-02T17:53:31.604212+00:00,1.6664085353440152,0.7218129387370407,0.17880633723799333,1.3031139077072886,33.78421448228001
1521,115,1,45.40881587621514,-1.7478935554068433,-2.202386587771203,6.114608809993426,-0.13594359325943037,4.480019725623798,"Senzatela, Antonio",622608,R,"Senzatela, Antonio",622608,pitcher-arm-angle-622608-R,Rockies,2022,https://baseballsavant.mlb.com/leaderboard/pitcher-arm-angles?season=2022,9f25788d3071af04d33d1bc4dd2dd6d840b36a7e7cc9692546c369d20bb5ee76,2026-10-02T17:50:58.471200+00:00,185.42000000000002,https://www.mlb.com/player/622608,097d9e8cf121ed72ad9e9e9ac6e97c2c625a39c059ba858d959dad1940e35eb4,2026-10-02T17:53:31.463988+00:00,1.8637327652859963,0.6712874319526627,0.1799650834901312,1.3655100123701336,45.39953473902618
1620,147,1,43.00719724716616,-1.3860967035601421,-1.5610864197530865,5.991543209876543,0.18668846119143503,4.524453765927246,"Severino, Luis",622663,R,"Severino, Luis",622663,pitcher-arm-angle-622663-R,Yankees,2022,https://baseballsavant.mlb.com/leaderboard/pitcher-arm-angles?season=2022,9f25788d3071af04d33d1bc4dd2dd6d840b36a7e7cc9692546c369d20bb5ee76,2026-10-02T17:50:58.471200+00:00,187.96,https://www.mlb.com/player/622663,5adf38cfa4dcb81c06d97cb727743b1e0ce52fa510cd529905f516f7ec5ccd10,2026-10-02T17:53:33.217151+00:00,1.8262223703703704,0.4758191407407408,-0.0035657774755399625,1.3790535078546247,43.00864152128446
1092,146,1,37.61731453840987,-1.5727393450748897,-1.9146794871794872,5.298351648351648,-0.07500252917017623,4.144153482383629,"Hernández, Elieser",622694,R,"Hernández, Elieser",622694,pitcher-arm-angle-622694-R,Marlins,2022,https://baseballsavant.mlb.com/leaderboard/pitcher-arm-angles?season=2022,9f25788d3071af04d33d1bc4dd2dd6d840b36a7e7cc9692546c369d20bb5ee76,2026-10-02T17:50:58.471200+00:00,185.42000000000002,https://www.mlb.com/player/622694,1676fd3a2d311ad1eb2fe91649f8734567be1abdf6ee7528479e738dc2f7d5ee,2026-10-02T17:53:33.272114+00:00,1.6149375824175825,0.5835943076923077,0.12708412620455106,1.2631379814305304,37.61885885851915
2200,136,1,66.05462944994385,-0.5848232550621943,-0.8779590909090909,6.912136363636364,0.33211816711229947,4.844729002754821,"Flexen, Chris",623167,R,"Flexen, Chris",623167,pitcher-arm-angle-623167-R,Mariners,2022,https://baseballsavant.mlb.com/leaderboard/pitcher-arm-angles?season=2022,9f25788d3071af04d33d1bc4dd2dd6d840b36a7e7cc9692546c369d20bb5ee76,2026-10-02T17:50:58.471200+00:00,190.5,https://www.mlb.com/player/623167,6bc25147a140e958cc198cbdc701ab92092c1a4709f960bf3516eee6d10d7e9c,2026-10-02T17:53:34.686006+00:00,2.106819163636364,0.2676019309090909,-0.011881814569694822,1.4766734000396695,66.08164248061104
995,108,1,0.7814288596510198,-2.9482937847038917,-2.32191959798995,4.938402010050251,-0.6411027004899721,4.905409617517176,"Herget, Jimmy",623474,R,"Herget, Jimmy",623474,pitcher-arm-angle-623474-R,Angels,2022,https://baseballsavant.mlb.com/leaderboard/pitcher-arm-angles?season=2022,9f25788d3071af04d33d1bc4dd2dd6d840b36a7e7cc9692546c369d20bb5ee76,2026-10-02T17:50:58.471200+00:00,190.5,https://www.mlb.com/player/623474,c6e1c521be6dc0f2bc14fefef075c5e81bea7a4acea96e1e4318a628d1d886c0,2026-10-02T17:53:36.634606+00:00,1.5052249326633167,0.7077210934673368,0.004489250998934017,1.4951688514192352,0.8192628818293326
2564,143,1,37.043910428229744,1.8236433240910481,2.2485023400936037,5.846314352574103,0.017175391753638063,4.482449956131935,"Suarez, Ranger",624133,L,"Suarez, Ranger",624133,pitcher-arm-angle-624133-L,Phillies,2022,https://baseballsavant.mlb.com/leaderboard/pitcher-arm-angles?season=2022,9f25788d3071af04d33d1bc4dd2dd6d840b36a7e7cc9692546c369d20bb5ee76,2026-10-02T17:50:58.471200+00:00,185.42000000000002,https://www.mlb.com/player/624133,a083b416ffc464e3c8be8b31ccbd4afeaeb11e16030bef1b314972b407d2a851,2026-10-02T17:53:38.425788+00:00,1.7819566146645867,-0.6853435132605304,-0.13473208748408785,1.366250746629014,37.05242288078311
1808,112,1,41.583287727636396,-1.5010439832683937,-1.4612389380530972,5.779657079646018,0.1566255681818182,4.308323380834635,"Thompson, Keegan",624522,R,"Thompson, Keegan",624522,pitcher-arm-angle-624522-R,Cubs,2022,https://baseballsavant.mlb.com/leaderboard/pitcher-arm-angles?season=2022,9f25788d3071af04d33d1bc4dd2dd6d840b36a7e7cc9692546c369d20bb5ee76,2026-10-02T17:50:58.471200+00:00,185.42000000000002,https://www.mlb.com/player/624522,98e4c14850833dbf9418cc5e860b72186070cb48d59237153854d9922f1daf0a,2026-10-02T17:53:38.247813+00:00,1.7616394778761064,0.4453856283185841,-0.05987205096344056,1.3131769664783968,41.59199326379539
985,145,1,44.060992800914015,-1.548542294496851,-1.601492385786802,5.820060913705584,-0.07224180985730702,4.390152838024919,"López, Reynaldo",625643,R,"López, Reynaldo",625643,pitcher-arm-angle-625643-R,White Sox,2022,https://baseballsavant.mlb.com/leaderboard/pitcher-arm-angles?season=2022,9f25788d3071af04d33d1bc4dd2dd6d840b36a7e7cc9692546c369d20bb5ee76,2026-10-02T17:50:58.471200+00:00,185.42000000000002,https://www.mlb.com/player/625643,30087a969e5164f0f6b13129603f3ce8876b924a30027945e1de324a16eef55f,2026-10-02T17:53:39.613242+00:00,1.773954566497462,0.4881348791878173,0.03815849146968424,1.3381185850299955,44.08545328646851
979,144,2,28.50985713292313,-2.421423723334742,-1.9206435137895812,5.367568947906027,-0.36233154388322325,4.248503401193331,"Iglesias, Raisel",628452,R,"Iglesias, Raisel",628452,pitcher-arm-angle-628452-R,zMLB,2022,https://baseballsavant.mlb.com/leaderboard/pitcher-arm-angles?season=2022,9f25788d3071af04d33d1bc4dd2dd6d840b36a7e7cc9692546c369d20bb5ee76,2026-10-02T17:50:58.471200+00:00,187.96,https://www.mlb.com/player/628452,17a236065acc7c16428bc173b3a107ae2afb22366ff805c110d3e3a47f1eedc5,2026-10-02T17:53:40.206518+00:00,1.636035015321757,0.5854121430030644,-0.04219915329375863,1.2949438366837274,28.52298349213304
2621,119,1,42.03747884483925,1.72556431934546,1.6408546356352538,5.927176650133537,0.014773269241101457,4.384174548059312,"Urías, Julio",628711,L,"Urías, Julio",628711,pitcher-arm-angle-628711-L,Dodgers,2022,https://baseballsavant.mlb.com/leaderboard/pitcher-arm-angles?season=2022,9f25788d3071af04d33d1bc4dd2dd6d840b36a7e7cc9692546c369d20bb5ee76,2026-10-02T17:50:58.471200+00:00,182.88,https://www.mlb.com/player/628711,e2b14e7b500593e925c7d6237e8346d6dccc9752b77d02e1528b702eed4670fb,2026-10-02T17:53:41.551342+00:00,1.806603442960702,-0.5001324929416254,0.021316619130183113,1.3362964022484785,42.0480327788856
1380,134,1,45.42598788524291,-1.4715929469077564,-2.122702898550725,5.946739130434783,0.07921937391821023,4.372706134038595,"Crowe, Wil",640444,R,"Crowe, Wil",640444,pitcher-arm-angle-640444-R,Pirates,2022,https://baseballsavant.mlb.com/leaderboard/pitcher-arm-angles?season=2022,9f25788d3071af04d33d1bc4dd2dd6d840b36a7e7cc9692546c369d20bb5ee76,2026-10-02T17:50:58.471200+00:00,185.42000000000002,https://www.mlb.com/player/640444,4938a599d0e93dee7cc32576d0bf6d980399b030babcf33c76f6147ed9c67e2c,2026-10-02T17:53:41.737804+00:00,1.8125660869565219,0.646999843478261,0.1743122480905063,1.3328008296549638,45.42575618454374
1041,120,1,49.935361833888905,-0.987036664423303,-1.787492795389049,5.692439961575408,0.35339893108059744,4.096844228092075,"Finnegan, Kyle",640448,R,"Finnegan, Kyle",640448,pitcher-arm-angle-640448-R,Nationals,2022,https://baseballsavant.mlb.com/leaderboard/pitcher-arm-angles?season=2022,9f25788d3071af04d33d1bc4dd2dd6d840b36a7e7cc9692546c369d20bb5ee76,2026-10-02T17:50:58.471200+00:00,187.96,https://www.mlb.com/player/640448,2d0d872515211d61b0e37f88d2222ee698f66d3b16ae82828691956a57869f0c,2026-10-02T17:53:43.190877+00:00,1.7350557002881843,0.5448278040345821,0.13626303452499328,1.2487181207224645,49.9668948591325
2481,135,1,25.76362053592137,2.7746828935753696,2.985304312777106,5.359681580008061,0.6349612314912407,4.32629627302975,"Manaea, Sean",640455,L,"Manaea, Sean",640455,pitcher-arm-angle-640455-L,Padres,2022,https://baseballsavant.mlb.com/leaderboard/pitcher-arm-angles?season=2022,9f25788d3071af04d33d1bc4dd2dd6d840b36a7e7cc9692546c369d20bb5ee76,2026-10-02T17:50:58.471200+00:00,195.58,https://www.mlb.com/player/640455,d51eb17f36e8e9241fb5315094f9c32a9aea261ca8539c8e2300aa776b176798,2026-10-02T17:53:42.397389+00:00,1.633630945586457,-0.909920754534462,-0.25773359193121953,1.3186551040194678,25.778365816388863
1072,133,1,26.890341945051336,2.4169805100274075,3.4387033582089552,5.545233208955224,0.18243453221858622,4.411755935895389,"Puk, A.J.",640462,L,"Puk, A.J.",640462,pitcher-arm-angle-640462-L,Athletics,2022,https://baseballsavant.mlb.com/leaderboard/pitcher-arm-angles?season=2022,9f25788d3071af04d33d1bc4dd2dd6d840b36a7e7cc9692546c369d20bb5ee76,2026-10-02T17:50:58.471200+00:00,200.66,https://www.mlb.com/player/640462,4951b7406feacb7ea226b244da3ee18bc83710fa668d692c96de479605fe575d,2026-10-02T17:53:43.610376+00:00,1.6901870820895524,-1.0481167835820897,-0.3670271695459609,1.3447032092609146,26.89648009792516
2905,146,1,29.611338679169073,-2.3766142509092627,-2.1284509466437176,5.458361445783132,-0.323154390181045,4.291414858455978,"López, Pablo",641154,R,"López, Pablo",641154,pitcher-arm-angle-641154-R,Marlins,2022,https://baseballsavant.mlb.com/leaderboard/pitcher-arm-angles?season=2022,9f25788d3071af04d33d1bc4dd2dd6d840b36a7e7cc9692546c369d20bb5ee76,2026-10-02T17:50:58.471200+00:00,193.04,https://www.mlb.com/player/641154,03b9cefaa5e11fccf2c3e011892e44018d15227d67202f46b86509116b739951,2026-10-02T17:53:45.049495+00:00,1.6637085686746989,0.6487518485370052,0.022857282987044373,1.3080232488573822,29.608838471593074
1591,116,1,39.32502453454496,1.8516077497209678,1.9422250157133878,5.736561910747957,0.12550159290617566,4.322060575866253,"Alexander, Tyler",641302,L,"Alexander, Tyler",641302,pitcher-arm-angle-641302-L,Tigers,2022,https://baseballsavant.mlb.com/leaderboard/pitcher-arm-angles?season=2022,9f25788d3071af04d33d1bc4dd2dd6d840b36a7e7cc9692546c369d20bb5ee76,2026-10-02T17:50:58.471200+00:00,185.42000000000002,https://www.mlb.com/player/641302,ec1e9f7c8858fd9b09ed1d7148c0cfb2889624ce7b5615cba77e966b3dfef7e8,2026-10-02T17:53:45.369105+00:00,1.7485040703959773,-0.5919901847894407,-0.06587302819229197,1.317364063524034,39.33377146876495
1181,110,1,56.84961706987362,-1.0047230590736294,-0.6788653683319221,6.5552413209144795,0.3135236373296143,4.53577833107687,"Baker, Bryan",641329,R,"Baker, Bryan",641329,pitcher-arm-angle-641329-R,Orioles,2022,https://baseballsavant.mlb.com/leaderboard/pitcher-arm-angles?season=2022,9f25788d3071af04d33d1bc4dd2dd6d840b36a7e7cc9692546c369d20bb5ee76,2026-10-02T17:50:58.471200+00:00,198.12,https://www.mlb.com/player/641329,49da485cc9d102157f8000c0bbc88686f3eae2087bda2337708562a2890fc837,2026-10-02T17:53:45.861198+00:00,1.9980375546147335,0.20691816426756987,-0.19488342879613882,1.38250523531223,56.86466631611506
990,119,1,29.31964524323086,-2.1580120718502225,-2.4976262626262624,5.093090909090909,-0.16854440456255965,3.9775225871009563,"Bickford, Phil",641360,R,"Bickford, Phil",641360,pitcher-arm-angle-641360-R,Dodgers,2022,https://baseballsavant.mlb.com/leaderboard/pitcher-arm-angles?season=2022,9f25788d3071af04d33d1bc4dd2dd6d840b36a7e7cc9692546c369d20bb5ee76,2026-10-02T17:50:58.471200+00:00,193.04,https://www.mlb.com/player/641360,b4a7904d94cc8ca02674f1da322a02193de33b62d044820a9b1023c7e1149986,2026-10-02T17:53:46.269308+00:00,1.5523741090909093,0.7612764848484849,0.15488673985920517,1.2123488845483716,29.280966416315753
2463,147,1,45.05159990290593,1.736224004586334,1.4198051157125458,5.611079983759643,0.3063012589533654,4.180908293908491,"Cortes, Nestor",641482,L,"Cortes, Nestor",641482,pitcher-arm-angle-641482-L,Yankees,2022,https://baseballsavant.mlb.com/leaderboard/pitcher-arm-angles?season=2022,9f25788d3071af04d33d1bc4dd2dd6d840b36a7e7cc9692546c369d20bb5ee76,2026-10-02T17:50:58.471200+00:00,177.8,https://www.mlb.com/player/641482,0bd16c486948c53ab466dd3bc4d4d0698e472c9c50fb24fc8cea8dfe06c15a3c,2026-10-02T17:53:47.740098+00:00,1.7102571790499392,-0.432756599269184,0.003083853599744873,1.274340847983308,45.00498705665908
2469,140,1,32.65731719857055,-2.108334448290904,-2.577440259214257,5.469509923045767,-0.15816803320171915,4.2191465924342415,"Dunning, Dane",641540,R,"Dunning, Dane",641540,pitcher-arm-angle-641540-R,Rangers,2022,https://baseballsavant.mlb.com/leaderboard/pitcher-arm-angles?season=2022,9f25788d3071af04d33d1bc4dd2dd6d840b36a7e7cc9692546c369d20bb5ee76,2026-10-02T17:50:58.471200+00:00,193.04,https://www.mlb.com/player/641540,6cd8c26450bb31ef027935da6ef20fe605793e4f0e9ba2d6731ee9ae9b1674a0,2026-10-02T17:53:48.078328+00:00,1.66710662454435,0.7856037910085055,0.19119306768932193,1.285995881373957,32.66625680210095
2253,138,1,34.50939921558433,-1.914017777959703,-1.8320017754105637,6.104141145139813,-0.06203130158006793,4.832788138453542,"Hudson, Dakota",641712,R,"Hudson, Dakota",641712,pitcher-arm-angle-641712-R,Cardinals,2022,https://baseballsavant.mlb.com/leaderboard/pitcher-arm-angles?season=2022,9f25788d3071af04d33d1bc4dd2dd6d840b36a7e7cc9692546c369d20bb5ee76,2026-10-02T17:50:58.471200+00:00,195.58,https://www.mlb.com/player/641712,c33d0b37a90da794adc253a79f10bbc722aff91b36e92585ac9b1251fdb934de,2026-10-02T17:53:49.915585+00:00,1.860542221038615,0.5583941411451399,-0.006091336855372927,1.4730338246006396,34.468847516920995
2275,118,1,47.75652109770904,-1.385227406983125,-1.4874153846153846,6.287024175824175,0.18040417562829328,4.562331368474663,"Keller, Brad",641745,R,"Keller, Brad",641745,pitcher-arm-angle-641745-R,Royals,2022,https://baseballsavant.mlb.com/leaderboard/pitcher-arm-angles?season=2022,9f25788d3071af04d33d1bc4dd2dd6d840b36a7e7cc9692546c369d20bb5ee76,2026-10-02T17:50:58.471200+00:00,195.58,https://www.mlb.com/player/641745,7f5a4277cf7c1b4b2955276f1000a55138aa02396f2edf7d552ba248e9d96bd8,2026-10-02T17:53:51.647290+00:00,1.9162849687912087,0.45336420923076926,-0.023840297149191062,1.3905986011110774,47.767644279933286
2371,115,1,29.91349620288676,-2.12706463386815,-2.3377098270771826,5.618312948123155,-0.23896387126531146,4.532337382295428,"Kuhl, Chad",641771,R,"Kuhl, Chad",641771,pitcher-arm-angle-641771-R,Rockies,2022,https://baseballsavant.mlb.com/leaderboard/pitcher-arm-angles?season=2022,9f25788d3071af04d33d1bc4dd2dd6d840b36a7e7cc9692546c369d20bb5ee76,2026-10-02T17:50:58.471200+00:00,190.5,https://www.mlb.com/player/641771,fe2fb065c64cdc4ed1501946c5c0db1eccf75768ebbc64647fc571b617fdb879,2026-10-02T17:53:52.575128+00:00,1.7124617865879377,0.7125339552931252,0.13704084285178014,1.3814564341236466,29.906144998620526
2667,158,1,39.246306871985006,1.6012457343910171,1.5274653168353955,5.9450656167979,-0.19827070690361565,4.474773077496329,"Lauer, Eric",641778,L,"Lauer, Eric",641778,pitcher-arm-angle-641778-L,Brewers,2022,https://baseballsavant.mlb.com/leaderboard/pitcher-arm-angles?season=2022,9f25788d3071af04d33d1bc4dd2dd6d840b36a7e7cc9692546c369d20bb5ee76,2026-10-02T17:50:58.471200+00:00,190.5,https://www.mlb.com/player/641778,a5e60c359484bf253769b236b698f1775e8ca3909fda4741dc446996ad692ebf,2026-10-02T17:53:52.433675+00:00,1.8120560000000001,-0.4655714285714286,0.08292118273517551,1.3639108340208812,39.25049523917073
2101,142,2,42.315662131535376,-1.8939042913654613,-1.9129890528319848,5.5687624940504525,-0.2890313034451806,4.1073129947881535,"Mahle, Tyler",641816,R,"Mahle, Tyler",641816,pitcher-arm-angle-641816-R,zMLB,2022,https://baseballsavant.mlb.com/leaderboard/pitcher-arm-angles?season=2022,9f25788d3071af04d33d1bc4dd2dd6d840b36a7e7cc9692546c369d20bb5ee76,2026-10-02T17:50:58.471200+00:00,190.5,https://www.mlb.com/player/641816,dd8206e548ec95c97c7a9d0913043519b0a5f5d5056c403a74d34ca3e330430b,2026-10-02T17:53:53.057361+00:00,1.697358808186578,0.583079063303189,0.0939137765850874,1.2519090008114293,42.322011720523854
1126,142,1,42.544296150029,-1.4063581311831501,-1.6640053285968028,5.543063943161634,0.20384566825923006,4.064290371719494,"Pagán, Emilio",641941,R,"Pagán, Emilio",641941,pitcher-arm-angle-641941-R,Twins,2022,https://baseballsavant.mlb.com/leaderboard/pitcher-arm-angles?season=2022,9f25788d3071af04d33d1bc4dd2dd6d840b36a7e7cc9692546c369d20bb5ee76,2026-10-02T17:50:58.471200+00:00,187.96,https://www.mlb.com/player/641941,a2c949b891751dc8fe3a87f6c377afb71459e02d49812e71822146998d7d2ed0,2026-10-02T17:53:54.969462+00:00,1.6895258898756662,0.5071888241563055,0.016398706086268026,1.2387957053001017,42.56364091154324
1068,158,1,26.242891740965273,-2.097854185196714,-1.9486423220973783,5.272668539325843,-0.2791630161495991,4.38026634028654,"Williams, Devin",642207,R,"Williams, Devin",642207,pitcher-arm-angle-642207-R,Brewers,2022,https://baseballsavant.mlb.com/leaderboard/pitcher-arm-angles?season=2022,9f25788d3071af04d33d1bc4dd2dd6d840b36a7e7cc9692546c369d20bb5ee76,2026-10-02T17:50:58.471200+00:00,187.96,https://www.mlb.com/player/642207,0d4368631c39e26ed1c6ff6ab76737a33eb9d5fbd920f47ba3457a07990e427f,2026-10-02T17:53:56.407961+00:00,1.607109370786517,0.593946179775281,0.03960911144972033,1.3351051805193375,26.136436366795238
1355,139,1,20.104832984231646,2.921110389708538,3.0439040590405906,5.118295202952029,0.7204211510152535,4.313920157862541,"Yarbrough, Ryan",642232,L,"Yarbrough, Ryan",642232,pitcher-arm-angle-642232-L,Rays,2022,https://baseballsavant.mlb.com/leaderboard/pitcher-arm-angles?season=2022,9f25788d3071af04d33d1bc4dd2dd6d840b36a7e7cc9692546c369d20bb5ee76,2026-10-02T17:50:58.471200+00:00,195.58,https://www.mlb.com/player/642232,7ec608393d67056a98d44abee180f0bb33f919362d615537fd473f0a5296183f,2026-10-02T17:53:57.468337+00:00,1.5600563778597787,-0.9277819571955721,-0.2570118772418589,1.3148828641165027,20.077889231437638
1088,116,1,31.32821134422968,2.284371130880362,2.207389705882353,5.481691176470588,0.2739604271521443,4.2579202967717835,"Soto, Gregory",642397,L,"Soto, Gregory",642397,pitcher-arm-angle-642397-L,Tigers,2022,https://baseballsavant.mlb.com/leaderboard/pitcher-arm-angles?season=2022,9f25788d3071af04d33d1bc4dd2dd6d840b36a7e7cc9692546c369d20bb5ee76,2026-10-02T17:50:58.471200+00:00,185.42000000000002,https://www.mlb.com/player/642397,883e8042152287118215b59745598b084870c04cc747f0496bb946ba3cac19ea,2026-10-02T17:53:58.360202+00:00,1.6708194705882353,-0.6728123823529413,-0.060039199856580516,1.2978141064560398,31.329579244677024
1123,108,1,54.094781596336134,-1.1744934964729186,-1.9307569011576136,6.485485307212823,0.11688598570165538,4.703411466453335,"Barria, Jaime",642545,R,"Barria, Jaime",642545,pitcher-arm-angle-642545-R,Angels,2022,https://baseballsavant.mlb.com/leaderboard/pitcher-arm-angles?season=2022,9f25788d3071af04d33d1bc4dd2dd6d840b36a7e7cc9692546c369d20bb5ee76,2026-10-02T17:50:58.471200+00:00,185.42000000000002,https://www.mlb.com/player/642545,4a3a561527e51f549c342267706807833557f0cf271d530fd0bb42b095516aaf,2026-10-02T17:53:59.833123+00:00,1.9767759216384686,0.5884947034728406,0.19488223730603046,1.4335998149749765,54.07104166262276
1353,158,1,33.76517446024442,-2.11674220841127,-2.551160384331116,5.014242424242425,-0.3151339402239428,3.810376633558752,"Peralta, Freddy",642547,R,"Peralta, Freddy",642547,pitcher-arm-angle-642547-R,Brewers,2022,https://baseballsavant.mlb.com/leaderboard/pitcher-arm-angles?season=2022,9f25788d3071af04d33d1bc4dd2dd6d840b36a7e7cc9692546c369d20bb5ee76,2026-10-02T17:50:58.471200+00:00,182.88,https://www.mlb.com/player/642547,9ec808812e8a5f552bcb591a68666d1da97fe698c6e710d2d7f7b90f5c633eee,2026-10-02T17:54:00.213678+00:00,1.528341090909091,0.7775936851441242,0.2284634850006269,1.1614027979087076,33.751530932467155
983,110,1,57.65054962628279,-0.8101586900746941,-0.686205493387589,6.983763987792472,0.5184041620199361,4.885935211337841,"Bautista, Félix",642585,R,"Bautista, Félix",642585,pitcher-arm-angle-642585-R,Orioles,2022,https://baseballsavant.mlb.com/leaderboard/pitcher-arm-angles?season=2022,9f25788d3071af04d33d1bc4dd2dd6d840b36a7e7cc9692546c369d20bb5ee76,2026-10-02T17:50:58.471200+00:00,203.2,https://www.mlb.com/player/642585,d2b9324a68447037d725cf007b6197e65838f9ea166e96091e90c9c12684bd0a,2026-10-02T17:54:00.976023+00:00,2.1286512634791457,0.20915543438453713,-0.19579052293390617,1.4892330524157742,57.6537658595308
991,140,1,28.506991020037844,-2.4555102755728435,-2.3532088799192734,5.739909182643794,-0.34885140965660644,4.596285251038311,"Santana, Dennis",642701,R,"Santana, Dennis",642701,pitcher-arm-angle-642701-R,Rangers,2022,https://baseballsavant.mlb.com/leaderboard/pitcher-arm-angles?season=2022,9f25788d3071af04d33d1bc4dd2dd6d840b36a7e7cc9692546c369d20bb5ee76,2026-10-02T17:50:58.471200+00:00,187.96,https://www.mlb.com/player/642701,7b3ffb21d7e1760086b6188405d17715da7b9107a23f80636946bb3f9ee2965c,2026-10-02T17:54:01.802601+00:00,1.7495243188698286,0.7172580665993946,0.07514844426812547,1.4009477445164773,28.495830172801618
1005,133,1,24.456045374132962,-2.140777071474321,-2.0002885572139304,5.47007960199005,0.12624645905942658,4.439074909764901,"Acevedo, Domingo",642758,R,"Acevedo, Domingo",642758,pitcher-arm-angle-642758-R,Athletics,2022,https://baseballsavant.mlb.com/leaderboard/pitcher-arm-angles?season=2022,9f25788d3071af04d33d1bc4dd2dd6d840b36a7e7cc9692546c369d20bb5ee76,2026-10-02T17:50:58.471200+00:00,200.66,https://www.mlb.com/player/642758,4796ea11f56c1e4dc026b0879a63c0d4a1a85a4f79c40a9c8b9ceaecbec2089d,2026-10-02T17:54:01.941077+00:00,1.6672802626865673,0.609687952238806,-0.08130081986788029,1.353030032496342,24.455253058148408
1043,141,1,-28.33184488924971,-3.4371486635462873,-4.110402684563758,2.0702301054650047,-1.3839315015817186,3.177680546483389,"Cimber, Adam",643256,R,"Cimber, Adam",643256,pitcher-arm-angle-643256-R,Blue Jays,2022,https://baseballsavant.mlb.com/leaderboard/pitcher-arm-angles?season=2022,9f25788d3071af04d33d1bc4dd2dd6d840b36a7e7cc9692546c369d20bb5ee76,2026-10-02T17:50:58.471200+00:00,190.5,https://www.mlb.com/player/643256,4fdb5788f57fef8e8b73fb8c7f8c560cea24a1ce69f33d5d00d42d14a2035705,2026-10-02T17:54:03.228952+00:00,0.6310061361457335,1.2528507382550336,0.6270301472882329,0.9685570305681369,-28.341236775014163
1155,142,1,41.90585652552745,-1.4258150676086974,-0.86004329004329,5.692666666666667,0.2157136301132023,4.219273683048977,"Jax, Griffin",643377,R,"Jax, Griffin",643377,pitcher-arm-angle-643377-R,Twins,2022,https://baseballsavant.mlb.com/leaderboard/pitcher-arm-angles?season=2022,9f25788d3071af04d33d1bc4dd2dd6d840b36a7e7cc9692546c369d20bb5ee76,2026-10-02T17:50:58.471200+00:00,187.96,https://www.mlb.com/player/643377,efdb8b2d8618dca7a559368d34c9ebb28551fa423aeaa9d91f448f4d73d487df,2026-10-02T17:54:04.908793+00:00,1.7351248000000001,0.2621411948051948,-0.23819675226044024,1.2860346185933282,41.910314872022276
1086,112,1,49.73465915898411,-1.2629560812592644,-1.3305985267034992,5.735755064456722,0.09347992600690033,4.133640376629473,"Leiter Jr., Mark",643410,R,"Leiter Jr., Mark",643410,pitcher-arm-angle-643410-R,Cubs,2022,https://baseballsavant.mlb.com/leaderboard/pitcher-arm-angles?season=2022,9f25788d3071af04d33d1bc4dd2dd6d840b36a7e7cc9692546c369d20bb5ee76,2026-10-02T17:50:58.471200+00:00,182.88,https://www.mlb.com/player/643410,6f8f063f8e8702554b99c48b719429ab2f7887aad6501fcc6daad4b84e460e73,2026-10-02T17:54:06.040651+00:00,1.7482581436464089,0.40556643093922656,-0.007875264075500451,1.2599335867966635,49.74696256601091
1162,137,1,-61.14418809533516,-2.6522534214211912,-4.134862306368331,1.204776247848537,-1.448011695751685,3.39514290500428,"Rogers, Tyler",643511,R,"Rogers, Tyler",643511,pitcher-arm-angle-643511-R,Giants,2022,https://baseballsavant.mlb.com/leaderboard/pitcher-arm-angles?season=2022,9f25788d3071af04d33d1bc4dd2dd6d840b36a7e7cc9692546c369d20bb5ee76,2026-10-02T17:50:58.471200+00:00,190.5,https://www.mlb.com/player/643511,8570e9b43a6218af42e0f5484c95d6f71289e891d43a95b6aef9fb9f8dfe417c,2026-10-02T17:54:06.396244+00:00,0.3672158003442341,1.2603060309810672,0.8932531529970017,1.0348395574453046,-61.1984439552274
3236,146,1,33.935044411197154,-2.264236122159202,-2.1068726823238566,6.050377008652657,-0.17723498837168308,4.646203503836078,"Alcantara, Sandy",645261,R,"Alcantara, Sandy",645261,pitcher-arm-angle-645261-R,Marlins,2022,https://baseballsavant.mlb.com/leaderboard/pitcher-arm-angles?season=2022,9f25788d3071af04d33d1bc4dd2dd6d840b36a7e7cc9692546c369d20bb5ee76,2026-10-02T17:50:58.471200+00:00,195.58,https://www.mlb.com/player/645261,3b4fd6a916c939a9a9256a669ed2a94f44fa265d96ef59eee7c95eb89879a085,2026-10-02T17:54:05.710318+00:00,1.84415491223733,0.6421747935723116,0.006056847993875795,1.4161628279692364,33.93340575980908
1017,117,1,40.83907271045209,-1.6778477578269293,-2.0502163225172074,5.7816322517207475,0.04445776706856873,4.2923434041087605,"Abreu, Bryan",650556,R,"Abreu, Bryan",650556,pitcher-arm-angle-650556-R,Astros,2022,https://baseballsavant.mlb.com/leaderboard/pitcher-arm-angles?season=2022,9f25788d3071af04d33d1bc4dd2dd6d840b36a7e7cc9692546c369d20bb5ee76,2026-10-02T17:50:58.471200+00:00,185.42000000000002,https://www.mlb.com/player/650556,f576ed7c0613cd7d7ef784fce4ae0d00894713ac5dcdf34c01d174b39847f740,2026-10-02T17:54:07.812994+00:00,1.762241510324484,0.6249059351032449,0.09994721111509702,1.3083062695723502,40.85018619945601
1564,114,1,45.475773889293,-1.1343397916342357,-0.7523401534526855,6.249053708439898,0.36284264107526293,4.727341242859618,"Civale, Aaron",650644,R,"Civale, Aaron",650644,pitcher-arm-angle-650644-R,Guardians,2022,https://baseballsavant.mlb.com/leaderboard/pitcher-arm-angles?season=2022,9f25788d3071af04d33d1bc4dd2dd6d840b36a7e7cc9692546c369d20bb5ee76,2026-10-02T17:50:58.471200+00:00,185.42000000000002,https://www.mlb.com/player/650644,0d58aab32e18b95d476d84f67b58e52ab38561c69adb465689f7f0eb62308492,2026-10-02T17:54:08.104243+00:00,1.904711570332481,0.22931327877237853,-0.22702792671747668,1.4408936108236117,45.46554665597
999,139,1,48.882992171445835,1.5489565954350235,0.7450650650650651,6.12946946946947,0.039532874050521104,4.399386098487079,"Beeks, Jalen",656222,L,"Beeks, Jalen",656222,pitcher-arm-angle-656222-L,Rays,2022,https://baseballsavant.mlb.com/leaderboard/pitcher-arm-angles?season=2022,9f25788d3071af04d33d1bc4dd2dd6d840b36a7e7cc9692546c369d20bb5ee76,2026-10-02T17:50:58.471200+00:00,180.34,https://www.mlb.com/player/656222,35b302ed40d1e8b394ec8457356e36c8a186a13ee62580d978c3c5a70a885bb9,2026-10-02T17:54:10.908162+00:00,1.8682622942942946,-0.22709583183183185,0.23297651844616452,1.3409328828188616,48.89669402573084
1291,140,1,41.42261889209503,1.7549805801189216,1.68998450813323,6.220193648334624,0.06069480884389528,4.724358642307708,"Burke, Brock",656271,L,"Burke, Brock",656271,pitcher-arm-angle-656271-L,Rangers,2022,https://baseballsavant.mlb.com/leaderboard/pitcher-arm-angles?season=2022,9f25788d3071af04d33d1bc4dd2dd6d840b36a7e7cc9692546c369d20bb5ee76,2026-10-02T17:50:58.471200+00:00,193.04,https://www.mlb.com/player/656271,595e6348da00eac2e29275cdb9818ac72928a33d6eb2c94cca68557d99ee100b,2026-10-02T17:54:12.772366+00:00,1.8959150240123936,-0.5151072780790086,0.0013110250056194753,1.4399845141753895,41.440335992419534
3120,145,1,53.459133677792735,-1.1818627827256667,-1.4291634615384614,6.304990384615385,0.10142187405731523,4.573127081219434,"Cease, Dylan",656302,R,"Cease, Dylan",656302,pitcher-arm-angle-656302-R,White Sox,2022,https://baseballsavant.mlb.com/leaderboard/pitcher-arm-angles?season=2022,9f25788d3071af04d33d1bc4dd2dd6d840b36a7e7cc9692546c369d20bb5ee76,2026-10-02T17:50:58.471200+00:00,187.96,https://www.mlb.com/player/656302,983b647c40020b70347397ee338503886f4bdd163d5f28709bc5af5dd72f89fa,2026-10-02T17:54:13.396466+00:00,1.9217610692307694,0.43560902307692306,0.04446385968947015,1.3938891343556836,53.46211060387893
1104,142,2,34.5699468914654,2.0496986484017325,2.5703260869565216,5.8505797101449275,0.13860576392118112,4.533591470410628,"Davis, Austin",656354,L,"Davis, Austin",656354,pitcher-arm-angle-656354-L,zMLB,2022,https://baseballsavant.mlb.com/leaderboard/pitcher-arm-angles?season=2022,9f25788d3071af04d33d1bc4dd2dd6d840b36a7e7cc9692546c369d20bb5ee76,2026-10-02T17:50:58.471200+00:00,193.04,https://www.mlb.com/player/656354,db7b338ff6c766452529971fcd0e9b3b1393d5d9f92b23047e9090ccd8f8478a,2026-10-02T17:54:14.817225+00:00,1.783256695652174,-0.7834353913043478,-0.2009342801146757,1.3818386801811595,34.571827159841014
2661,134,1,43.63491380726379,-1.5631605128172392,-1.8789477639984968,6.026332205937617,-0.04951072938416595,4.583614422459223,"Keller, Mitch",656605,R,"Keller, Mitch",656605,pitcher-arm-angle-656605-R,Pirates,2022,https://baseballsavant.mlb.com/leaderboard/pitcher-arm-angles?season=2022,9f25788d3071af04d33d1bc4dd2dd6d840b36a7e7cc9692546c369d20bb5ee76,2026-10-02T17:50:58.471200+00:00,190.5,https://www.mlb.com/player/656605,e417f72d3d494f4c05b11a70225f832dd1075f56ad45518176a07ce2e80e3821,2026-10-02T17:54:19.048154+00:00,1.8368260563697858,0.5727032784667418,0.11134282447634111,1.3970856759655712,43.62556852048915
2005,145,1,46.115990572814916,-1.5921955240737824,-2.192927680798005,5.814673316708229,-0.07096761340854638,4.232356862078316,"Kopech, Michael",656629,R,"Kopech, Michael",656629,pitcher-arm-angle-656629-R,White Sox,2022,https://baseballsavant.mlb.com/leaderboard/pitcher-arm-angles?season=2022,9f25788d3071af04d33d1bc4dd2dd6d840b36a7e7cc9692546c369d20bb5ee76,2026-10-02T17:50:58.471200+00:00,190.5,https://www.mlb.com/player/656629,2d440f0145d30d7b7527bbf5f8c459c23a3281fa99e5d7f431bec233ddc4fc2b,2026-10-02T17:54:19.969894+00:00,1.7723124269326684,0.668404357107232,0.20473408993646805,1.2900223715614707,46.12763454021699
1040,116,1,36.32110075948861,-1.637128976418728,-2.5826346153846154,5.6813942307692304,0.17230439753873578,4.349503142653915,"Lange, Alex",656638,R,"Lange, Alex",656638,pitcher-arm-angle-656638-R,Tigers,2022,https://baseballsavant.mlb.com/leaderboard/pitcher-arm-angles?season=2022,9f25788d3071af04d33d1bc4dd2dd6d840b36a7e7cc9692546c369d20bb5ee76,2026-10-02T17:50:58.471200+00:00,190.5,https://www.mlb.com/player/656638,49b8c907ad6c8c23be7e784a40cb27404317296673e8113e0218b7d23b4a0d89,2026-10-02T17:54:20.996352+00:00,1.7316889615384616,0.7871870307692308,0.23567173838699582,1.3257285578809133,36.35611052409429
1022,133,1,21.667701346186703,2.294951113144214,2.497553816046967,5.156536203522505,0.2759170857882381,4.354014685039645,"Logue, Zach",656657,L,"Logue, Zach",656657,pitcher-arm-angle-656657-L,Athletics,2022,https://baseballsavant.mlb.com/leaderboard/pitcher-arm-angles?season=2022,9f25788d3071af04d33d1bc4dd2dd6d840b36a7e7cc9692546c369d20bb5ee76,2026-10-02T17:50:58.471200+00:00,182.88,https://www.mlb.com/player/656657,a656ea71beb33c5b23f969103535204dd585b919505bd8e848e35d91f4e62f15,2026-10-02T17:54:20.614661+00:00,1.5717122348336594,-0.7612544031311155,-0.145852831593014,1.3271036760000838,21.676730157019733
2586,147,2,42.0708184774819,1.7329369160369177,1.8489868522815158,6.5062412993039445,-0.08723689646568042,4.863833521960426,"Montgomery, Jordan",656756,L,"Montgomery, Jordan",656756,pitcher-arm-angle-656756-L,zMLB,2022,https://baseballsavant.mlb.com/leaderboard/pitcher-arm-angles?season=2022,9f25788d3071af04d33d1bc4dd2dd6d840b36a7e7cc9692546c369d20bb5ee76,2026-10-02T17:50:58.471200+00:00,198.12,https://www.mlb.com/player/656756,13c8ee02ad1ddc1755488cf31c940a871aa5f349cb02d741e3b6951a9c3a376a,2026-10-02T17:54:22.459630+00:00,1.9831023480278425,-0.563571192575406,-0.008782214524614121,1.4824964574935378,42.061062976181425
1204,143,1,45.940443244683195,-1.5267102910784565,-2.3645514950166113,5.827790697674419,-0.07056891259675119,4.321932406165426,"Nelson, Nick",656793,R,"Nelson, Nick",656793,pitcher-arm-angle-656793-R,Phillies,2022,https://baseballsavant.mlb.com/leaderboard/pitcher-arm-angles?season=2022,9f25788d3071af04d33d1bc4dd2dd6d840b36a7e7cc9692546c369d20bb5ee76,2026-10-02T17:50:58.471200+00:00,185.42000000000002,https://www.mlb.com/player/656793,0c235b1f3adfe0273d98b953b19435212177618ce6a86d07c6cd7e898b1414cb,2026-10-02T17:54:22.302206+00:00,1.776310604651163,0.7207152956810632,0.2768834035198394,1.317324997399222,45.96161449597865
1889,121,1,35.93396125401603,2.0451032326633816,2.0900741132874536,5.87643197458973,0.08093486924487298,4.4525919180752815,"Peterson, David",656849,L,"Peterson, David",656849,pitcher-arm-angle-656849-L,Mets,2022,https://baseballsavant.mlb.com/leaderboard/pitcher-arm-angles?season=2022,9f25788d3071af04d33d1bc4dd2dd6d840b36a7e7cc9692546c369d20bb5ee76,2026-10-02T17:50:58.471200+00:00,198.12,https://www.mlb.com/player/656849,d6dd62b0c2ab26ebd78a736816ca2cd85e289cef6fc597ef2034ad7a26f2e11c,2026-10-02T17:54:22.486364+00:00,1.7911364658549498,-0.6370545897300159,-0.03837607256005445,1.357150016629346,35.93863167898903
2238,139,1,53.683182106064145,-1.1114137975775855,-1.9033646112600535,6.024642537980339,0.2235245472784938,4.207177340547886,"Rasmussen, Drew",656876,R,"Rasmussen, Drew",656876,pitcher-arm-angle-656876-R,Rays,2022,https://baseballsavant.mlb.com/leaderboard/pitcher-arm-angles?season=2022,9f25788d3071af04d33d1bc4dd2dd6d840b36a7e7cc9692546c369d20bb5ee76,2026-10-02T17:50:58.471200+00:00,185.42000000000002,https://www.mlb.com/player/656876,f8edcf97aa39f78758192bac4d5403a6154e4a07f2711204dfef4c36387e083a,2026-10-02T17:54:23.071776+00:00,1.8363110455764076,0.5801455335120643,0.17325632599993135,1.2823476533989957,53.70250982502882
1248,146,1,35.550979103536946,2.0942454340952477,2.522051282051282,5.2914102564102565,0.31366651719399885,4.018791191753508,"Scott, Tanner",656945,L,"Scott, Tanner",656945,pitcher-arm-angle-656945-L,Marlins,2022,https://baseballsavant.mlb.com/leaderboard/pitcher-arm-angles?season=2022,9f25788d3071af04d33d1bc4dd2dd6d840b36a7e7cc9692546c369d20bb5ee76,2026-10-02T17:50:58.471200+00:00,182.88,https://www.mlb.com/player/656945,7153ed25115a211f5d38f929819a5b73540ead628eb6b24649494221ba11e1ab,2026-10-02T17:54:23.946526+00:00,1.6128218461538462,-0.7687212307692308,-0.22600077689773018,1.2249275552464693,35.55422964478557
1129,142,1,33.42254242356103,2.0951596632032077,2.175403011514615,5.883666961913198,0.2128778040131424,4.641968196027908,"Smeltzer, Devin",656970,L,"Smeltzer, Devin",656970,pitcher-arm-angle-656970-L,Twins,2022,https://baseballsavant.mlb.com/leaderboard/pitcher-arm-angles?season=2022,9f25788d3071af04d33d1bc4dd2dd6d840b36a7e7cc9692546c369d20bb5ee76,2026-10-02T17:50:58.471200+00:00,190.5,https://www.mlb.com/player/656970,474e2621ec95f35563d0fe2a8658f590693f710275954f342539622616f23790,2026-10-02T17:54:24.593131+00:00,1.7933416899911427,-0.6630628379096546,-0.08934332722852269,1.4148719061493065,33.411933300121724
2032,112,1,46.277422692785116,1.5104592992809072,1.860767716535433,6.101358267716535,0.00280171616875097,4.524969985841509,"Steele, Justin",657006,L,"Steele, Justin",657006,pitcher-arm-angle-657006-L,Cubs,2022,https://baseballsavant.mlb.com/leaderboard/pitcher-arm-angles?season=2022,9f25788d3071af04d33d1bc4dd2dd6d840b36a7e7cc9692546c369d20bb5ee76,2026-10-02T17:50:58.471200+00:00,187.96,https://www.mlb.com/player/657006,3e5e118e4fcbfde86a53d28366d9e3b5e69b12ca0f7104fbfd2a1c5ca0466f7d,2026-10-02T17:54:25.217284+00:00,1.8596940000000002,-0.567162,-0.1076279686674148,1.379210851684492,46.276675958177115
1631,110,1,53.41019903619167,-1.118158123364623,-1.8699754751686082,6.318534641324341,0.2224851554277583,4.5119169390190725,"Watkins, Spenser",657093,R,"Watkins, Spenser",657093,pitcher-arm-angle-657093-R,Orioles,2022,https://baseballsavant.mlb.com/leaderboard/pitcher-arm-angles?season=2022,9f25788d3071af04d33d1bc4dd2dd6d840b36a7e7cc9692546c369d20bb5ee76,2026-10-02T17:50:58.471200+00:00,187.96,https://www.mlb.com/player/657093,adb9c3f7ff6346c851e8705a98c853f081cd314161cc5f39e71c48223b703680,2026-10-02T17:54:26.829909+00:00,1.9258893586756591,0.5699685248313918,0.161340453455474,1.3752322830130135,53.42186591356788
2692,144,1,28.73150210178122,-2.2911369125456824,-1.8032912332838038,5.592447994056464,-0.12476708412461296,4.404861191342673,"Wright, Kyle",657140,R,"Wright, Kyle",657140,pitcher-arm-angle-657140-R,Braves,2022,https://baseballsavant.mlb.com/leaderboard/pitcher-arm-angles?season=2022,9f25788d3071af04d33d1bc4dd2dd6d840b36a7e7cc9692546c369d20bb5ee76,2026-10-02T17:50:58.471200+00:00,193.04,https://www.mlb.com/player/657140,ef32bc7ac9ee57772077ee2031315e9af91e90c50c0d321eb4206cb4788ca9e1,2026-10-02T17:54:27.496243+00:00,1.7045781485884102,0.5496431679049034,-0.11066635579783858,1.3426016911212466,28.73120470775942
2217,140,1,42.76706606797018,-1.6781150979952515,-1.742101939557961,6.007920613441588,-0.09148986172317781,4.539961435215001,"Otto Jr., Glenn",657248,R,"Otto Jr., Glenn",657248,pitcher-arm-angle-657248-R,Rangers,2022,https://baseballsavant.mlb.com/leaderboard/pitcher-arm-angles?season=2022,9f25788d3071af04d33d1bc4dd2dd6d840b36a7e7cc9692546c369d20bb5ee76,2026-10-02T17:50:58.471200+00:00,190.5,https://www.mlb.com/player/657248,d52071f487c4b3b623d619572fd278f35cf46105b7cca92befbef933ad4f5cac,2026-10-02T17:54:28.904079+00:00,1.831214202976996,0.5309926711772666,0.04738929916153849,1.3837802454535324,42.77526299126686
3004,137,1,13.772797029143094,-2.6466987154952872,-1.4975133155792277,4.825572569906791,-0.44349015552050625,4.285556590440316,"Webb, Logan",657277,R,"Webb, Logan",657277,pitcher-arm-angle-657277-R,Giants,2022,https://baseballsavant.mlb.com/leaderboard/pitcher-arm-angles?season=2022,9f25788d3071af04d33d1bc4dd2dd6d840b36a7e7cc9692546c369d20bb5ee76,2026-10-02T17:50:58.471200+00:00,187.96,https://www.mlb.com/player/657277,ddea7024766cf44a9f9b6d82777f6dc1128ccf03f8843bd8874d4b8c546e5b57,2026-10-02T17:54:28.868717+00:00,1.47083451930759,0.45644205858854864,-0.21509591049176466,1.3062376487662084,13.771940254557284
2318,142,1,26.28439694770497,-1.926738243864083,-2.4255694564279553,5.033576358930112,0.042145734113709796,4.060219387179925,"Ryan, Joe",657746,R,"Ryan, Joe",657746,pitcher-arm-angle-657746-R,Twins,2022,https://baseballsavant.mlb.com/leaderboard/pitcher-arm-angles?season=2022,9f25788d3071af04d33d1bc4dd2dd6d840b36a7e7cc9692546c369d20bb5ee76,2026-10-02T17:50:58.471200+00:00,187.96,https://www.mlb.com/player/657746,8109d45f00797bec8ffe17e55168f8df99e2b34e77aa3311a3911fb30a5a3dd5,2026-10-02T17:54:32.530560+00:00,1.5342340742018983,0.7393135703192408,0.13919773383160955,1.2375548692124412,26.30640559231772
2629,108,1,38.61534811407468,-1.851968843581375,-2.3334081399771778,5.914659566375048,-0.11387433704281533,4.527583777135461,"Ohtani, Shohei",660271,R,"Ohtani, Shohei",660271,pitcher-arm-angle-660271-R,Angels,2022,https://baseballsavant.mlb.com/leaderboard/pitcher-arm-angles?season=2022,9f25788d3071af04d33d1bc4dd2dd6d840b36a7e7cc9692546c369d20bb5ee76,2026-10-02T17:50:58.471200+00:00,193.04,https://www.mlb.com/player/660271,ffe4ab3d955931c11dc7360c7f452699fe399d6685e425e89d2baa58d9f4ed51,2026-10-02T17:54:34.400250+00:00,1.8027882358311147,0.7112228010650439,0.1814515954720908,1.3800075352708885,38.591405247006065
1783,108,1,31.045822019040994,1.9774762917970516,2.360684240044868,5.2633426808749295,0.14945418779860897,4.1622662467271105,"Suarez, José",660761,L,"Suarez, José",660761,pitcher-arm-angle-660761-L,Angels,2022,https://baseballsavant.mlb.com/leaderboard/pitcher-arm-angles?season=2022,9f25788d3071af04d33d1bc4dd2dd6d840b36a7e7cc9692546c369d20bb5ee76,2026-10-02T17:50:58.471200+00:00,177.8,https://www.mlb.com/player/660761,ca787e0865c08124b1fd88f07e2200cc87dad5b466becb26eee1597e2271b1b8,2026-10-02T17:54:35.868412+00:00,1.6042668491306786,-0.7195365563656758,-0.16235541906695045,1.2686587520024233,31.06190602935543
1015,133,1,18.392928960853034,-2.3220898469592144,-2.404857142857143,5.578384236453202,-0.10449498081364207,4.841866351167426,"Martinez, Adrián",661309,R,"Martinez, Adrián",661309,pitcher-arm-angle-661309-R,Athletics,2022,https://baseballsavant.mlb.com/leaderboard/pitcher-arm-angles?season=2022,9f25788d3071af04d33d1bc4dd2dd6d840b36a7e7cc9692546c369d20bb5ee76,2026-10-02T17:50:58.471200+00:00,187.96,https://www.mlb.com/player/661309,b338bae1eee9e7ba5129bb767d117240e15658268b21a28ef3a7d064d34956cb,2026-10-02T17:54:37.255736+00:00,1.700291515270936,0.7330004571428571,0.05707754194168668,1.4758008638358315,18.372598251830944
999,142,1,36.614256715165446,-1.853585758327122,-1.9985085085085086,6.073443443443443,0.08179050672776163,4.635459697041069,"Duran, Jhoan",661395,R,"Duran, Jhoan",661395,pitcher-arm-angle-661395-R,Twins,2022,https://baseballsavant.mlb.com/leaderboard/pitcher-arm-angles?season=2022,9f25788d3071af04d33d1bc4dd2dd6d840b36a7e7cc9692546c369d20bb5ee76,2026-10-02T17:50:58.471200+00:00,195.58,https://www.mlb.com/player/661395,c336273b75ccfc354522ec4cca0aa6d732ef5b68d14039a9b3041a1c65714563,2026-10-02T17:54:37.489839+00:00,1.8511855615615616,0.6091453933933935,0.01924270780466488,1.412888115658118,36.612333305667896
1007,136,1,26.437387485795263,-1.8747043341290428,-1.9787686196623635,5.218222442899702,0.03100698196404137,4.27110322838172,"Muñoz, Andrés",662253,R,"Muñoz, Andrés",662253,pitcher-arm-angle-662253-R,Mariners,2022,https://baseballsavant.mlb.com/leaderboard/pitcher-arm-angles?season=2022,9f25788d3071af04d33d1bc4dd2dd6d840b36a7e7cc9692546c369d20bb5ee76,2026-10-02T17:50:58.471200+00:00,187.96,https://www.mlb.com/player/662253,bfc9bb52a18933e96e0320920ec56c9302c72798beec2346218ae361f011f9d8,2026-10-02T17:54:39.278546+00:00,1.5905142005958293,0.6031286752730884,0.02226786612791634,1.3018322640107483,26.426910806630374
1675,115,1,35.45842870910467,-1.7880419534019225,-1.9432298507462686,5.2344835820895526,-0.015248846303243144,3.971657383776306,"Feltner, Ryan",663372,R,"Feltner, Ryan",663372,pitcher-arm-angle-663372-R,Rockies,2022,https://baseballsavant.mlb.com/leaderboard/pitcher-arm-angles?season=2022,9f25788d3071af04d33d1bc4dd2dd6d840b36a7e7cc9692546c369d20bb5ee76,2026-10-02T17:50:58.471200+00:00,193.04,https://www.mlb.com/player/663372,bc245b0b20d04bf68450a1d56d9dd730d28aa4950141b9f7e89ed1ba3db0b01e,2026-10-02T17:54:40.423357+00:00,1.5954705958208957,0.5922964585074627,0.05194911946378521,1.210561170575018,35.46367877005853
1042,145,1,45.42285110789757,-1.6590441315488,-1.863176583493282,6.227140115163148,-0.08712027346970895,4.632749915492283,"Martin, Davis",663436,R,"Martin, Davis",663436,pitcher-arm-angle-663436-R,White Sox,2022,https://baseballsavant.mlb.com/leaderboard/pitcher-arm-angles?season=2022,9f25788d3071af04d33d1bc4dd2dd6d840b36a7e7cc9692546c369d20bb5ee76,2026-10-02T17:50:58.471200+00:00,187.96,https://www.mlb.com/player/663436,b3e564ab4bef2e73e256523c663cdfa57958f601ddd316536dac3fc31b7b5a23,2026-10-02T17:54:41.833826+00:00,1.8980323071017275,0.5678962226487524,0.08877383070624542,1.412062174242048,45.40653104198027
1039,114,1,39.304266859833334,2.075439368236901,1.7787295476419633,5.879586140519731,0.26646326493148664,4.399070222121573,"Pilkington, Konnor",663455,L,"Pilkington, Konnor",663455,pitcher-arm-angle-663455-L,Guardians,2022,https://baseballsavant.mlb.com/leaderboard/pitcher-arm-angles?season=2022,9f25788d3071af04d33d1bc4dd2dd6d840b36a7e7cc9692546c369d20bb5ee76,2026-10-02T17:50:58.471200+00:00,190.5,https://www.mlb.com/player/663455,baaacbc9994fae168182e1dbbbf40d629afd3cb723812dd3e01829fc52cd3e6a,2026-10-02T17:54:42.238608+00:00,1.792097855630414,-0.5421567661212705,0.009219150166219806,1.3408366037026553,39.297840268355934
2198,118,1,40.68441184298454,1.8212530906782047,1.6686351228389444,5.7040718835304824,0.11441965958357865,4.236679513258691,"Bubic, Kris",663460,L,"Bubic, Kris",663460,pitcher-arm-angle-663460-L,Royals,2022,https://baseballsavant.mlb.com/leaderboard/pitcher-arm-angles?season=2022,9f25788d3071af04d33d1bc4dd2dd6d840b36a7e7cc9692546c369d20bb5ee76,2026-10-02T17:50:58.471200+00:00,190.5,https://www.mlb.com/player/663460,638c6a7cdfba81fde41d0f4bac8ff45f933ed7dec49bdf8b72edb9af04efda3b,2026-10-02T17:54:41.949141+00:00,1.738601110100091,-0.5085999854413102,0.011642844356331766,1.291339915641249,40.68618280394451
2803,114,1,51.79715399517395,-1.186695056263919,-1.9653193007491974,6.47777381377096,0.2061559438480416,4.708838446139004,"McKenzie, Triston",663474,R,"McKenzie, Triston",663474,pitcher-arm-angle-663474-R,Guardians,2022,https://baseballsavant.mlb.com/leaderboard/pitcher-arm-angles?season=2022,9f25788d3071af04d33d1bc4dd2dd6d840b36a7e7cc9692546c369d20bb5ee76,2026-10-02T17:50:58.471200+00:00,195.58,https://www.mlb.com/player/663474,8fcb61bd94dc50ab6851a2855b89edb8899fff0a8f3729b105788c9e09fb3b51,2026-10-02T17:54:43.085821+00:00,1.9744254584373886,0.5990293228683554,0.1744883380342298,1.4352539583831685,51.78327866637989
2463,139,1,38.95249328581563,1.7112424349966593,0.9074746244417378,6.1660048721071865,0.05783310333397745,4.829663508047444,"McClanahan, Shane",663556,L,"McClanahan, Shane",663556,pitcher-arm-angle-663556-L,Rays,2022,https://baseballsavant.mlb.com/leaderboard/pitcher-arm-angles?season=2022,9f25788d3071af04d33d1bc4dd2dd6d840b36a7e7cc9692546c369d20bb5ee76,2026-10-02T17:50:58.471200+00:00,190.5,https://www.mlb.com/player/663556,3d3e7d72421dc40a3c2db14a020dd4871e0d263aa1f9b47cca7dd092bd17d66b,2026-10-02T17:54:45.531043+00:00,1.8793982850182704,-0.2765982655298417,0.22736089876094379,1.472081437252861,38.94631605001936
1295,143,1,57.40333628449636,0.8976720980895793,0.9158996138996139,5.723420849420849,-0.23805035244564657,3.9450398741216386,"Falter, Bailey",663559,L,"Falter, Bailey",663559,pitcher-arm-angle-663559-L,Phillies,2022,https://baseballsavant.mlb.com/leaderboard/pitcher-arm-angles?season=2022,9f25788d3071af04d33d1bc4dd2dd6d840b36a7e7cc9692546c369d20bb5ee76,2026-10-02T17:50:58.471200+00:00,193.04,https://www.mlb.com/player/663559,610128803e70aa0b727af08edff0118026d079be631a5eacf9af071c0f13ed31,2026-10-02T17:54:46.343893+00:00,1.744498674903475,-0.27916620231660233,0.06700200060653451,1.2024481536322755,57.436591968861876
2435,118,1,39.474573358619445,1.5589879329289489,1.3865954825462012,5.80494045174538,-0.17320486477286454,4.377926184797608,"Lynch IV, Daniel",663738,L,"Lynch IV, Daniel",663738,pitcher-arm-angle-663738-L,Royals,2022,https://baseballsavant.mlb.com/leaderboard/pitcher-arm-angles?season=2022,9f25788d3071af04d33d1bc4dd2dd6d840b36a7e7cc9692546c369d20bb5ee76,2026-10-02T17:50:58.471200+00:00,198.12,https://www.mlb.com/player/663738,83f5ac28ec2cd36e54ae36a1c68995cc0238dccf625f7651fd27dbd6fd2548f0,2026-10-02T17:54:48.458811+00:00,1.7693458496919918,-0.42263430308008215,0.1053380616594306,1.334391901126311,39.48236362838057
2456,108,1,49.05617901392081,1.2219611360680722,1.363371335504886,6.180960912052117,-0.16732848206872325,4.580513934081184,"Sandoval, Patrick",663776,L,"Sandoval, Patrick",663776,pitcher-arm-angle-663776-L,Angels,2022,https://baseballsavant.mlb.com/leaderboard/pitcher-arm-angles?season=2022,9f25788d3071af04d33d1bc4dd2dd6d840b36a7e7cc9692546c369d20bb5ee76,2026-10-02T17:50:58.471200+00:00,190.5,https://www.mlb.com/player/663776,c8eb9b45957754b06d88402c3b76c112e1249e4dd462af6b1d7c92a8942119c7,2026-10-02T17:54:49.873388+00:00,1.8839568859934854,-0.4155555830618893,0.007899892546206011,1.396140647107945,49.03994417412088
1050,138,1,35.012769155538095,-2.0625231760042495,-2.1936857142857145,5.974980952380952,-0.22735226194720312,4.689600677531619,"Hicks, Jordan",663855,R,"Hicks, Jordan",663855,pitcher-arm-angle-663855-R,Cardinals,2022,https://baseballsavant.mlb.com/leaderboard/pitcher-arm-angles?season=2022,9f25788d3071af04d33d1bc4dd2dd6d840b36a7e7cc9692546c369d20bb5ee76,2026-10-02T17:50:58.471200+00:00,187.96,https://www.mlb.com/player/663855,71b73671ae559cf18b650ae3d0b0d969767baefbdf54660775c653eb4ee0957b,2026-10-02T17:54:49.722198+00:00,1.8211741942857143,0.6686354057142858,0.10927531110969804,1.4293902865116375,35.007955180961766
2376,118,1,32.161617757758165,-1.7684206899016248,-1.5100294612794614,5.399789562289563,0.010232148992899886,4.279635865300359,"Singer, Brady",663903,R,"Singer, Brady",663903,pitcher-arm-angle-663903-R,Royals,2022,https://baseballsavant.mlb.com/leaderboard/pitcher-arm-angles?season=2022,9f25788d3071af04d33d1bc4dd2dd6d840b36a7e7cc9692546c369d20bb5ee76,2026-10-02T17:50:58.471200+00:00,195.58,https://www.mlb.com/player/663903,01ab8393018553fddf3b6a3cce3c4075151b079c6bd843208e47beeb018fe590,2026-10-02T17:54:51.329823+00:00,1.6458558585858587,0.46025697979797986,-0.08187640549707131,1.3044330117435496,32.201758194987306
1022,114,1,35.36769803989265,-1.98572899567338,-1.8394422700587083,5.786819960861057,-0.09444459136082826,4.444223135929341,"Stephan, Trevor",663986,R,"Stephan, Trevor",663986,pitcher-arm-angle-663986-R,Guardians,2022,https://baseballsavant.mlb.com/leaderboard/pitcher-arm-angles?season=2022,9f25788d3071af04d33d1bc4dd2dd6d840b36a7e7cc9692546c369d20bb5ee76,2026-10-02T17:50:58.471200+00:00,195.58,https://www.mlb.com/player/663986,a2d6c1b3efe656c55e59dbb9a54b218cd8145736cff5c8796061a6173c530157,2026-10-02T17:54:53.261386+00:00,1.7638227240704503,0.5606620039138943,-0.01580148252057145,1.354599211831263,35.3704191589628
1942,119,1,45.43779824353396,-1.6345061520647448,-0.9300514933058702,6.22524201853759,-0.10616052831581092,4.674089918923285,"Gonsolin, Tony",664062,R,"Gonsolin, Tony",664062,pitcher-arm-angle-664062-R,Dodgers,2022,https://baseballsavant.mlb.com/leaderboard/pitcher-arm-angles?season=2022,9f25788d3071af04d33d1bc4dd2dd6d840b36a7e7cc9692546c369d20bb5ee76,2026-10-02T17:50:58.471200+00:00,190.5,https://www.mlb.com/player/664062,70bcc0a6d687c4666a3a73be68ae3e1fe6af15849671fe477dc2b718ec8c1e1c,2026-10-02T17:54:54.774461+00:00,1.8974537672502574,0.2834796951596293,-0.1823600509590458,1.4246626072878175,45.424319496496274
2376,134,1,43.90611153062271,-1.443101507878715,-2.30489898989899,6.201973905723905,0.26690443202074216,4.556139555049905,"Brubaker, JT",664141,R,"Brubaker, JT",664141,pitcher-arm-angle-664141-R,Pirates,2022,https://baseballsavant.mlb.com/leaderboard/pitcher-arm-angles?season=2022,9f25788d3071af04d33d1bc4dd2dd6d840b36a7e7cc9692546c369d20bb5ee76,2026-10-02T17:50:58.471200+00:00,193.04,https://www.mlb.com/player/664141,66dec62b4bda93e494809a90af6398408ac32f767ccfe686b2eb7cd394a4349f,2026-10-02T17:54:56.417219+00:00,1.8903616464646464,0.7025332121212122,0.18132340163985763,1.388711336379211,43.904502940149825
1077,117,1,27.07117662619058,-2.1403933105346655,-1.5411606313834727,5.233760445682451,-0.15537963867745122,4.2184414147206954,"Maton, Phil",664208,R,"Maton, Phil",664208,pitcher-arm-angle-664208-R,Astros,2022,https://baseballsavant.mlb.com/leaderboard/pitcher-arm-angles?season=2022,9f25788d3071af04d33d1bc4dd2dd6d840b36a7e7cc9692546c369d20bb5ee76,2026-10-02T17:50:58.471200+00:00,187.96,https://www.mlb.com/player/664208,f45c3eb6fe7e0b13e3b502e328f513ae0c804a7b663682ac0d5cf98caf6ca245,2026-10-02T17:54:58.236483+00:00,1.5952501838440112,0.4697457604456825,-0.13528640673639647,1.285780943206868,27.089390274342968
3004,117,1,42.98404258852398,1.6028238849126357,0.8682789613848202,6.071557922769641,0.038331604740915855,4.613131955372634,"Valdez, Framber",664285,L,"Valdez, Framber",664285,pitcher-arm-angle-664285-L,Astros,2022,https://baseballsavant.mlb.com/leaderboard/pitcher-arm-angles?season=2022,9f25788d3071af04d33d1bc4dd2dd6d840b36a7e7cc9692546c369d20bb5ee76,2026-10-02T17:50:58.471200+00:00,180.34,https://www.mlb.com/player/664285,cdb7184387547666db168084d177823f9c9cafdcdbc09252d4b002e2f0ff2a75,2026-10-02T17:54:57.891751+00:00,1.8506108548601865,-0.26465142743009323,0.212205819566247,1.406082619997579,42.9904650068691
2543,117,1,32.88137021889427,-2.1148901673078577,-1.6500078647267007,5.673543059378686,-0.17473736442634108,4.419211618521501,"Javier, Cristian",664299,R,"Javier, Cristian",664299,pitcher-arm-angle-664299-R,Astros,2022,https://baseballsavant.mlb.com/leaderboard/pitcher-arm-angles?season=2022,9f25788d3071af04d33d1bc4dd2dd6d840b36a7e7cc9692546c369d20bb5ee76,2026-10-02T17:50:58.471200+00:00,185.42000000000002,https://www.mlb.com/player/664299,2b5f519045cbd1e8d8ceecc47d214e2ed4f4778c849cee32125c86cdd2dc76c3,2026-10-02T17:54:59.052106+00:00,1.7292959244986237,0.5029223971686984,-0.0884361771495879,1.3469757013253536,32.88314002603205
2639,117,1,52.80301757696933,-1.369755476958776,-1.4924100037893142,6.290242516104585,-0.07937620287082761,4.589857016344035,"Urquidy, José",664353,R,"Urquidy, José",664353,pitcher-arm-angle-664353-R,Astros,2022,https://baseballsavant.mlb.com/leaderboard/pitcher-arm-angles?season=2022,9f25788d3071af04d33d1bc4dd2dd6d840b36a7e7cc9692546c369d20bb5ee76,2026-10-02T17:50:58.471200+00:00,182.88,https://www.mlb.com/player/664353,8916da09ddc642b4f303cb10c756abc23579c615f9c69940e6ec0b79923410de,2026-10-02T17:54:59.051307+00:00,1.9172659189086776,0.454886569154983,0.06157896641297628,1.398988418581662,52.806062783395255
1010,113,1,16.76690805285013,-2.5300422870098185,-1.9342673267326733,4.851891089108911,-0.45085432219692556,4.2253864874428615,"Díaz, Alexis",664747,R,"Díaz, Alexis",664747,pitcher-arm-angle-664747-R,Reds,2022,https://baseballsavant.mlb.com/leaderboard/pitcher-arm-angles?season=2022,9f25788d3071af04d33d1bc4dd2dd6d840b36a7e7cc9692546c369d20bb5ee76,2026-10-02T17:50:58.471200+00:00,187.96,https://www.mlb.com/player/664747,8c8e830dcc183cc748c423d0ed8963cb2b0a4a09c246eba2643b0866912408a5,2026-10-02T17:55:00.631520+00:00,1.478856403960396,0.5895646811881189,-0.04417181048685093,1.2878978013725841,16.768697787758537
1867,110,1,37.49258762053903,-1.7917996541289167,-2.519496518478843,5.889630423138725,-0.03193187637425327,4.539055606619139,"Kremer, Dean",665152,R,"Kremer, Dean",665152,pitcher-arm-angle-665152-R,Orioles,2022,https://baseballsavant.mlb.com/leaderboard/pitcher-arm-angles?season=2022,9f25788d3071af04d33d1bc4dd2dd6d840b36a7e7cc9692546c369d20bb5ee76,2026-10-02T17:50:58.471200+00:00,187.96,https://www.mlb.com/player/665152,161b870615d52693c2873c8807e184b39ef8e356cb1c94ab6cfa3c84e1a0f124,2026-10-02T17:55:00.772289+00:00,1.7951593529726835,0.7679425388323514,0.23153484017273,1.3835041488975137,37.50370419315404
1020,113,1,21.03538407694244,2.450920819357558,3.432019607843137,5.261882352941177,0.42537871194645416,4.48327811768201,"Sanmartin, Reiver",665665,L,"Sanmartin, Reiver",665665,pitcher-arm-angle-665665-L,Reds,2022,https://baseballsavant.mlb.com/leaderboard/pitcher-arm-angles?season=2022,9f25788d3071af04d33d1bc4dd2dd6d840b36a7e7cc9692546c369d20bb5ee76,2026-10-02T17:50:58.471200+00:00,185.42000000000002,https://www.mlb.com/player/665665,e57ab75e1a3f4596e0ca37c0c36cc6ddfe72b2e6f460fab231d2fa0f25c6cd19,2026-10-02T17:55:02.443754+00:00,1.6038217411764708,-1.0460795764705881,-0.4286943421316838,1.3665031702694768,21.02641115940321
1215,146,1,42.763593248546854,-1.6659382786826948,-1.7282716049382716,6.210691358024691,0.11991475627737065,4.558408330802579,"Cabrera, Edward",665795,R,"Cabrera, Edward",665795,pitcher-arm-angle-665795-R,Marlins,2022,https://baseballsavant.mlb.com/leaderboard/pitcher-arm-angles?season=2022,9f25788d3071af04d33d1bc4dd2dd6d840b36a7e7cc9692546c369d20bb5ee76,2026-10-02T17:50:58.471200+00:00,195.58,https://www.mlb.com/player/665795,83e2d5ef43683ce315faf92f234a4c65fd38552bf4eb37475579ae60d31aab0a,2026-10-02T17:55:02.883410+00:00,1.8930187259259261,0.5267771851851852,-0.017550819870642782,1.3894028592286263,42.7752041024893
1998,144,1,59.87947528275293,-0.8441014357870164,-1.5763063063063063,6.242007007007007,0.2501101203253164,4.353474531751003,"Anderson, Ian",666120,R,"Anderson, Ian",666120,pitcher-arm-angle-666120-R,Braves,2022,https://baseballsavant.mlb.com/leaderboard/pitcher-arm-angles?season=2022,9f25788d3071af04d33d1bc4dd2dd6d840b36a7e7cc9692546c369d20bb5ee76,2026-10-02T17:50:58.471200+00:00,190.5,https://www.mlb.com/player/666120,9d26d26037a11dbce4cab63575c2483420770636e3590ba18a1928f530486f1c,2026-10-02T17:55:03.219788+00:00,1.9025637357357357,0.4804581621621622,0.14694247985912315,1.3269390372777057,59.912091973530714
1421,146,1,39.29802392467337,1.677230830617509,2.7187332864180154,6.0449120337790285,-0.022730087583622778,4.652517975152444,"Garrett, Braxton",666129,L,"Garrett, Braxton",666129,pitcher-arm-angle-666129-L,Marlins,2022,https://baseballsavant.mlb.com/leaderboard/pitcher-arm-angles?season=2022,9f25788d3071af04d33d1bc4dd2dd6d840b36a7e7cc9692546c369d20bb5ee76,2026-10-02T17:50:58.471200+00:00,187.96,https://www.mlb.com/player/666129,6707fb631fed6654d8ee3edcb5e2d090e627e641ec957a6172da1d72f65596d8,2026-10-02T17:55:04.525232+00:00,1.842489187895848,-0.8286699057002112,-0.31052181783250615,1.418087478826465,39.32001925243758
1681,113,1,19.44367120835979,2.7299218331921558,3.36162998215348,5.4549970255800115,0.42197512335094656,4.639659456693823,"Lodolo, Nick",666157,L,"Lodolo, Nick",666157,pitcher-arm-angle-666157-L,Reds,2022,https://baseballsavant.mlb.com/leaderboard/pitcher-arm-angles?season=2022,9f25788d3071af04d33d1bc4dd2dd6d840b36a7e7cc9692546c369d20bb5ee76,2026-10-02T17:50:58.471200+00:00,198.12,https://www.mlb.com/player/666157,7122e3574d4a6164a91492bb73ee867431256bf5f53ecf1d61b647b2d98b49e1,2026-10-02T17:55:05.101696+00:00,1.6626830933967875,-1.0246248185603808,-0.3211626614007802,1.4141682024002773,19.456990203526708
989,116,1,48.426751946355,-1.4908055061737586,-1.888978766430738,5.719615773508594,-0.09454376537635921,4.1447782878148045,"Manning, Matt",666159,R,"Manning, Matt",666159,pitcher-arm-angle-666159-R,Tigers,2022,https://baseballsavant.mlb.com/leaderboard/pitcher-arm-angles?season=2022,9f25788d3071af04d33d1bc4dd2dd6d840b36a7e7cc9692546c369d20bb5ee76,2026-10-02T17:50:58.471200+00:00,198.12,https://www.mlb.com/player/666159,16dcf3d8dae77a1d790f715477cd8e7ee3a8238d9269e14bd4ee3420a2832ae9,2026-10-02T17:55:05.952797+00:00,1.7433388877654197,0.575760728008089,0.1501801494130416,1.2633284221259524,48.43958302606888
1568,146,1,35.921219273306036,1.8286560409448704,1.9827997448979593,5.900510204081633,-0.015643783934028155,4.5641778921795995,"Luzardo, Jesús",666200,L,"Luzardo, Jesús",666200,pitcher-arm-angle-666200-L,Marlins,2022,https://baseballsavant.mlb.com/leaderboard/pitcher-arm-angles?season=2022,9f25788d3071af04d33d1bc4dd2dd6d840b36a7e7cc9692546c369d20bb5ee76,2026-10-02T17:50:58.471200+00:00,182.88,https://www.mlb.com/player/666200,5d50a0f3e81fd3abe453dfdd413a00ac74eefd72040e33eba5bb3b1ddaeca6b2,2026-10-02T17:55:05.806960+00:00,1.798475510204082,-0.604357362244898,-0.042214775621809704,1.391161421536342,35.92612238044733
2948,141,1,38.197679869536245,-2.309908665317257,-2.36853459972863,5.884728629579376,-0.34350228596927856,4.3374372412064615,"Manoah, Alek",666201,R,"Manoah, Alek",666201,pitcher-arm-angle-666201-R,Blue Jays,2022,https://baseballsavant.mlb.com/leaderboard/pitcher-arm-angles?season=2022,9f25788d3071af04d33d1bc4dd2dd6d840b36a7e7cc9692546c369d20bb5ee76,2026-10-02T17:50:58.471200+00:00,198.12,https://www.mlb.com/player/666201,e43f12decffd6113b16e518ea4544669056c9814004435be08099c51e0444091,2026-10-02T17:55:06.605183+00:00,1.793665286295794,0.7219293459972864,0.12256868157202257,1.3220508711197294,38.19787936907088
1121,137,1,18.516827306032177,-2.1364940334451217,-1.7964763603925067,5.275878679750223,-0.007427953221674687,4.562416644245891,"Doval, Camilo",666808,R,"Doval, Camilo",666808,pitcher-arm-angle-666808-R,Giants,2022,https://baseballsavant.mlb.com/leaderboard/pitcher-arm-angles?season=2022,9f25788d3071af04d33d1bc4dd2dd6d840b36a7e7cc9692546c369d20bb5ee76,2026-10-02T17:50:58.471200+00:00,187.96,https://www.mlb.com/player/666808,0c6b9bb3ea2140dde2f236c6c3daee1bdff4c9b72cd7c10f25576feff7c98219,2026-10-02T17:55:10.171000+00:00,1.608087821587868,0.5475659946476361,-0.10137334660447062,1.3906245931661476,18.526290917272384
2150,114,1,50.95843403370221,-1.3344421332017924,-0.2936232558139535,6.213097674418605,0.09272625626994985,4.453333280976661,"Plesac, Zach",668676,R,"Plesac, Zach",668676,pitcher-arm-angle-668676-R,Guardians,2022,https://baseballsavant.mlb.com/leaderboard/pitcher-arm-angles?season=2022,9f25788d3071af04d33d1bc4dd2dd6d840b36a7e7cc9692546c369d20bb5ee76,2026-10-02T17:50:58.471200+00:00,190.5,https://www.mlb.com/player/668676,74c6a6a05f87c45a33547feb223a4a787e4eece629d97aea9965a655cac75f1f,2026-10-02T17:55:12.845425+00:00,1.893752171162791,0.08949636837209303,-0.345504556738894,1.3573759840416864,50.957958034106255
2935,109,1,43.58027055564194,-1.3741349899188358,-2.875335604770017,5.901713798977854,0.10633279787553862,4.492227408892006,"Gallen, Zac",668678,R,"Gallen, Zac",668678,pitcher-arm-angle-668678-R,Diamondbacks,2022,https://baseballsavant.mlb.com/leaderboard/pitcher-arm-angles?season=2022,9f25788d3071af04d33d1bc4dd2dd6d840b36a7e7cc9692546c369d20bb5ee76,2026-10-02T17:50:58.471200+00:00,187.96,https://www.mlb.com/player/668678,a6c2a1452320f445a22855de1766d6bb15f4a32104a74e2d71d3f6b3780f2096,2026-10-02T17:55:12.411648+00:00,1.7988423659284498,0.8764022923339012,0.4251557106141759,1.3692309142302836,43.59301679301674
2200,113,1,32.92951660042077,-2.2491365616397467,-2.3847272727272726,5.937504545454545,-0.2813453626640739,4.662662233957219,"Greene, Hunter",668881,R,"Greene, Hunter",668881,pitcher-arm-angle-668881-R,Reds,2022,https://baseballsavant.mlb.com/leaderboard/pitcher-arm-angles?season=2022,9f25788d3071af04d33d1bc4dd2dd6d840b36a7e7cc9692546c369d20bb5ee76,2026-10-02T17:50:58.471200+00:00,195.58,https://www.mlb.com/player/668881,3727c3b50c6449328eb87be6b874a5c1df4fe77f167a7206cb2ee96998d7fbda,2026-10-02T17:55:13.158839+00:00,1.8097513854545455,0.7268648727272727,0.1270821152794876,1.4211794489101603,32.93736440649777
1654,113,1,47.87506587218961,-1.3911017588820611,-1.3026904474002419,6.194183796856106,0.16950932175442454,4.468858719584349,"Ashcraft, Graham",668933,R,"Ashcraft, Graham",668933,pitcher-arm-angle-668933-R,Reds,2022,https://baseballsavant.mlb.com/leaderboard/pitcher-arm-angles?season=2022,9f25788d3071af04d33d1bc4dd2dd6d840b36a7e7cc9692546c369d20bb5ee76,2026-10-02T17:50:58.471200+00:00,187.96,https://www.mlb.com/player/668933,da83e83dde9cbec0be100d2e869b263772d1a6cb5207196079157a71da040d84,2026-10-02T17:55:13.960702+00:00,1.8879872212817412,0.39706004836759373,-0.07861420901040712,1.3621081377293098,47.86966142128273
1257,135,1,50.197017596015314,1.3747607165171014,1.5324980111376294,5.904470962609388,-0.06126147860749854,4.181162241394714,"Gore, MacKenzie",669022,L,"Gore, MacKenzie",669022,pitcher-arm-angle-669022-L,Padres,2022,https://baseballsavant.mlb.com/leaderboard/pitcher-arm-angles?season=2022,9f25788d3071af04d33d1bc4dd2dd6d840b36a7e7cc9692546c369d20bb5ee76,2026-10-02T17:50:58.471200+00:00,187.96,https://www.mlb.com/player/669022,ec9b55277bbab607187c2624b71b61fd40f6377f1f60669010d090821e9cb040,2026-10-02T17:55:15.581921+00:00,1.7996827494033414,-0.46710539379474947,-0.029405828720771382,1.2744182511771087,50.195771160085386
1825,134,1,38.18719653279421,-2.0553940026984145,-1.8193917808219178,5.479830136986301,-0.26466582584914417,4.070368622860352,"Wilson, Bryse",669060,R,"Wilson, Bryse",669060,pitcher-arm-angle-669060-R,Pirates,2022,https://baseballsavant.mlb.com/leaderboard/pitcher-arm-angles?season=2022,9f25788d3071af04d33d1bc4dd2dd6d840b36a7e7cc9692546c369d20bb5ee76,2026-10-02T17:50:58.471200+00:00,187.96,https://www.mlb.com/player/669060,45ad35de0f92b59c46db33de1d16057fc215457d55d69cb6ff1dd69a47296222,2026-10-02T17:55:15.968462+00:00,1.6702522257534247,0.5545506147945206,0.008736666490862924,1.2406483562478354,38.20587591200947
1127,110,1,42.96929138300317,1.5560549629216593,0.970301685891748,6.127586512866016,-0.14446068696253206,4.5440940954247315,"Zimmermann, Bruce",669145,L,"Zimmermann, Bruce",669145,pitcher-arm-angle-669145-L,Orioles,2022,https://baseballsavant.mlb.com/leaderboard/pitcher-arm-angles?season=2022,9f25788d3071af04d33d1bc4dd2dd6d840b36a7e7cc9692546c369d20bb5ee76,2026-10-02T17:50:58.471200+00:00,190.5,https://www.mlb.com/player/669145,5185a43e1200d7f79831a613502a20a61228d43d51679d730277bf044a1a4798,2026-10-02T17:55:16.762771+00:00,1.8676883691215618,-0.2957479538598048,0.22256921622489675,1.3850398802854582,42.95917020679034
1788,118,1,53.72598271299846,-1.220216940532957,-1.5417897091722594,6.047432885906041,0.10235471004956792,4.244943224287884,"Heasley, Jonathan",669169,R,"Heasley, Jonathan",669169,pitcher-arm-angle-669169-R,Royals,2022,https://baseballsavant.mlb.com/leaderboard/pitcher-arm-angles?season=2022,9f25788d3071af04d33d1bc4dd2dd6d840b36a7e7cc9692546c369d20bb5ee76,2026-10-02T17:50:58.471200+00:00,190.5,https://www.mlb.com/player/669169,3f9cfdcc4bdc606dba73808824ceaf782a278d300309335003dc7ea44221f357,2026-10-02T17:55:18.551896+00:00,1.8432575436241614,0.4699375033557047,0.06681766425815107,1.2938586947629471,53.73074701757849
3260,158,1,41.276161655389906,-1.6180359194222176,-0.5988926380368098,5.967098159509202,0.03213471826711723,4.519782615973885,"Burnes, Corbin",669203,R,"Burnes, Corbin",669203,pitcher-arm-angle-669203-R,Brewers,2022,https://baseballsavant.mlb.com/leaderboard/pitcher-arm-angles?season=2022,9f25788d3071af04d33d1bc4dd2dd6d840b36a7e7cc9692546c369d20bb5ee76,2026-10-02T17:50:58.471200+00:00,190.5,https://www.mlb.com/player/669203,2fbd37dd96bd0afb90fab61741728a45310fe59d09d15761b7e2bf645d7804c2,2026-10-02T17:55:20.295437+00:00,1.818771519018405,0.18254247607361965,-0.32042953429408966,1.3776297413488403,41.25303676360463
1235,110,1,42.04016262438098,1.619221388860857,2.282744939271255,5.969481781376518,-0.02065972872328909,4.490567541766799,"Akin, Keegan",669211,L,"Akin, Keegan",669211,pitcher-arm-angle-669211-L,Orioles,2022,https://baseballsavant.mlb.com/leaderboard/pitcher-arm-angles?season=2022,9f25788d3071af04d33d1bc4dd2dd6d840b36a7e7cc9692546c369d20bb5ee76,2026-10-02T17:50:58.471200+00:00,182.88,https://www.mlb.com/player/669211,a75abeba5e809754c2e9ccbb1340ee7823e247a5d7237c5cb4d02f2632f0fbf9,2026-10-02T17:55:20.643353+00:00,1.8194980469635629,-0.6957806574898786,-0.19594489285023078,1.3687249867305205,42.04547889855544
1002,114,1,43.60946998505046,-1.056325144293429,-0.37713572854291416,5.806347305389221,0.5089470692305229,4.316597403054853,"Morgan, Eli",669212,R,"Morgan, Eli",669212,pitcher-arm-angle-669212-R,Guardians,2022,https://baseballsavant.mlb.com/leaderboard/pitcher-arm-angles?season=2022,9f25788d3071af04d33d1bc4dd2dd6d840b36a7e7cc9692546c369d20bb5ee76,2026-10-02T17:50:58.471200+00:00,177.8,https://www.mlb.com/player/669212,c4e36711b3caacdc3720b6e7db83a7eafba1b0edcada86627a4b826b82afeb4b,2026-10-02T17:55:20.042387+00:00,1.7697746586826346,0.11495097005988024,-0.3621440006222203,1.3156988884511194,43.5838961560292
2924,136,1,49.423539598605586,-1.4375235458659643,-1.0447845417236663,6.088204514363885,0.07223255643259667,4.324460576402554,"Gilbert, Logan",669302,R,"Gilbert, Logan",669302,pitcher-arm-angle-669302-R,Mariners,2022,https://baseballsavant.mlb.com/leaderboard/pitcher-arm-angles?season=2022,9f25788d3071af04d33d1bc4dd2dd6d840b36a7e7cc9692546c369d20bb5ee76,2026-10-02T17:50:58.471200+00:00,198.12,https://www.mlb.com/player/669302,504188b7b1946b56d966809c89501738b9245a58268fd676e8a965b8866ffdea,2026-10-02T17:55:22.269339+00:00,1.8556847359781123,0.3184503283173735,-0.1417233316632279,1.3180955836874986,49.436637754727634
1649,110,1,50.654158157253626,-1.491574940544468,-1.100175864160097,6.861983020012128,0.07933119980888326,4.945227527675716,"Wells, Tyler",669330,R,"Wells, Tyler",669330,pitcher-arm-angle-669330-R,Orioles,2022,https://baseballsavant.mlb.com/leaderboard/pitcher-arm-angles?season=2022,9f25788d3071af04d33d1bc4dd2dd6d840b36a7e7cc9692546c369d20bb5ee76,2026-10-02T17:50:58.471200+00:00,203.2,https://www.mlb.com/player/669330,ac0604668fdc63cadb98c2909877524d3f13b8de9b45994f3a92bfdc454d283c,2026-10-02T17:55:20.920102+00:00,2.0915324244996967,0.33533360339599755,-0.14347858818370393,1.5073053504355582,50.66314588050161
1912,116,1,47.81599396780103,1.931373056442639,2.273451882845188,6.19885460251046,0.25399889822418126,4.348066363533812,"Skubal, Tarik",669373,L,"Skubal, Tarik",669373,pitcher-arm-angle-669373-L,Tigers,2022,https://baseballsavant.mlb.com/leaderboard/pitcher-arm-angles?season=2022,9f25788d3071af04d33d1bc4dd2dd6d840b36a7e7cc9692546c369d20bb5ee76,2026-10-02T17:50:58.471200+00:00,190.5,https://www.mlb.com/player/669373,a99c19dff3aedb56bcfc4bb373e58ad515e5cd956831218f38c13295f4f03f02,2026-10-02T17:55:21.545264+00:00,1.8894108828451883,-0.6929481338912133,-0.18168449046622742,1.325290627605106,47.8139025802901
1200,118,1,34.35720568844435,-1.8236097088452548,-2.084808333333333,5.855441666666667,0.08351430258467023,4.551736883912656,"Coleman, Dylan",669395,R,"Coleman, Dylan",669395,pitcher-arm-angle-669395-R,Royals,2022,https://baseballsavant.mlb.com/leaderboard/pitcher-arm-angles?season=2022,9f25788d3071af04d33d1bc4dd2dd6d840b36a7e7cc9692546c369d20bb5ee76,2026-10-02T17:50:58.471200+00:00,195.58,https://www.mlb.com/player/669395,f7612ac7e683557bb5d5664c63a0aa679598944929465dd24e3bf924ba6b19a5,2026-10-02T17:55:22.989974+00:00,1.7847386200000002,0.63544958,0.05415818131615881,1.3873694022165777,34.35640525331647
1938,146,1,21.410600446032177,2.590524820980918,2.487781217750258,5.6410010319917445,0.30790934840114864,4.745186298286084,"Rogers, Trevor",669432,L,"Rogers, Trevor",669432,pitcher-arm-angle-669432-L,Marlins,2022,https://baseballsavant.mlb.com/leaderboard/pitcher-arm-angles?season=2022,9f25788d3071af04d33d1bc4dd2dd6d840b36a7e7cc9692546c369d20bb5ee76,2026-10-02T17:50:58.471200+00:00,195.58,https://www.mlb.com/player/669432,496c3004a99c1f9b68c2d106e34e6cc4bfeb7ea7987136982395e19d3a433526,2026-10-02T17:55:24.217554+00:00,1.7193771145510839,-0.7582757151702786,-0.06253451912796484,1.4463327837175985,21.427574736465637
2874,114,1,41.09851583206612,-1.4618764140052944,-1.2932463465553237,5.582272094641614,0.10795642132984022,4.2115323216197345,"Bieber, Shane",669456,R,"Bieber, Shane",669456,pitcher-arm-angle-669456-R,Guardians,2022,https://baseballsavant.mlb.com/leaderboard/pitcher-arm-angles?season=2022,9f25788d3071af04d33d1bc4dd2dd6d840b36a7e7cc9692546c369d20bb5ee76,2026-10-02T17:50:58.471200+00:00,190.5,https://www.mlb.com/player/669456,6953846c0a9fe4636e85b435f2fc746528e0d77e5f9e2f6448ff7a64fd686c98,2026-10-02T17:55:23.813817+00:00,1.7014765344467642,0.3941814864300627,-0.0843035617800864,1.283675051629695,41.126669476020055
1746,138,1,50.49526418365837,-1.7357093474991423,-1.8943413516609393,5.810870561282933,-0.34286698202971705,4.122508024402096,"Pallante, Andre",669467,R,"Pallante, Andre",669467,pitcher-arm-angle-669467-R,Cardinals,2022,https://baseballsavant.mlb.com/leaderboard/pitcher-arm-angles?season=2022,9f25788d3071af04d33d1bc4dd2dd6d840b36a7e7cc9692546c369d20bb5ee76,2026-10-02T17:50:58.471200+00:00,182.88,https://www.mlb.com/player/669467,27d9bee0b95ebf3122b51349137c52c70c84a96dcc83c4e89f45da8703226bba,2026-10-02T17:55:25.450168+00:00,1.771153347079038,0.5773952439862543,0.15285689099117347,1.256540445837759,50.47851420638992
1160,158,1,21.017999234339307,-2.3913106236999124,-2.309146551724138,5.409568965517241,-0.2837960145829492,4.59954135833487,"Alexander, Jason",669920,R,"Alexander, Jason",669920,pitcher-arm-angle-669920-R,Brewers,2022,https://baseballsavant.mlb.com/leaderboard/pitcher-arm-angles?season=2022,9f25788d3071af04d33d1bc4dd2dd6d840b36a7e7cc9692546c369d20bb5ee76,2026-10-02T17:50:58.471200+00:00,187.96,https://www.mlb.com/player/669920,6b79aa462c8f6263f73f4990036288169a5a0a2d70ea05f4a0baa54182fd9a41,2026-10-02T17:55:27.333236+00:00,1.6488366206896552,0.7038278689655173,0.061457416106666884,1.4019402060204684,21.02436733651666
2074,136,1,33.98167485186611,-1.7632721866587968,-1.4263162970106076,5.817526518804243,0.17354860482985165,4.511660120333747,"Kirby, George",669923,R,"Kirby, George",669923,pitcher-arm-angle-669923-R,Mariners,2022,https://baseballsavant.mlb.com/leaderboard/pitcher-arm-angles?season=2022,9f25788d3071af04d33d1bc4dd2dd6d840b36a7e7cc9692546c369d20bb5ee76,2026-10-02T17:50:58.471200+00:00,193.04,https://www.mlb.com/player/669923,53276cfb7f6126caa354ae9c64067562ef3a5220e0544b5c3afc071b769133d4,2026-10-02T17:55:28.241802+00:00,1.7731820829315335,0.4347412073288332,-0.15560176991690688,1.3751540046777262,33.98910628603669
1715,141,2,44.75449102657634,-1.603807054695088,-1.6856559766763848,6.097533527696793,0.04623884478466711,4.461463814616756,"White, Mitch",669952,R,"White, Mitch",669952,pitcher-arm-angle-669952-R,zMLB,2022,https://baseballsavant.mlb.com/leaderboard/pitcher-arm-angles?season=2022,9f25788d3071af04d33d1bc4dd2dd6d840b36a7e7cc9692546c369d20bb5ee76,2026-10-02T17:50:58.471200+00:00,190.5,https://www.mlb.com/player/669952,1c829b9754fc5da83156869111dbb91bb6c57c51d1310fda8386df02a24906f9,2026-10-02T17:55:28.755088+00:00,1.8585282192419827,0.5137879416909621,0.010853951529532726,1.3598541706951872,44.75631664844649
1294,133,1,38.3833564913749,-1.7995003236173692,-1.8662364760432768,5.7704868624420405,-0.11147769845468046,4.433957527474949,"Oller, Adam",670124,R,"Oller, Adam",670124,pitcher-arm-angle-670124-R,Athletics,2022,https://baseballsavant.mlb.com/leaderboard/pitcher-arm-angles?season=2022,9f25788d3071af04d33d1bc4dd2dd6d840b36a7e7cc9692546c369d20bb5ee76,2026-10-02T17:50:58.471200+00:00,193.04,https://www.mlb.com/player/670124,de33fea955ae694175658d57fed46fb801f1e44044acef19ad259de8b42bfbcb,2026-10-02T17:55:29.963713+00:00,1.758844395672334,0.5688288778979907,0.05431958174840324,1.3514702543743646,38.37120111881492
1011,111,1,3.0650504489836106,-2.948387110679044,-2.9255885262116714,4.006983184965381,-0.6885651079656753,3.8864602559016594,"Schreiber, John",670167,R,"Schreiber, John",670167,pitcher-arm-angle-670167-R,Red Sox,2022,https://baseballsavant.mlb.com/leaderboard/pitcher-arm-angles?season=2022,9f25788d3071af04d33d1bc4dd2dd6d840b36a7e7cc9692546c369d20bb5ee76,2026-10-02T17:50:58.471200+00:00,187.96,https://www.mlb.com/player/670167,6897ba9c075019625d3079c2798e3903034160e300266544eff47fa007be1625,2026-10-02T17:55:29.388389+00:00,1.2213284747774482,0.8917193827893175,0.20292563636228267,1.1845930859988258,3.0528594806620015
1194,111,1,49.917471197583176,-1.0998019520390692,-1.739681742043551,5.992654941373535,0.2950532308751123,4.333275889324818,"Winckowski, Josh",670174,R,"Winckowski, Josh",670174,pitcher-arm-angle-670174-R,Red Sox,2022,https://baseballsavant.mlb.com/leaderboard/pitcher-arm-angles?season=2022,9f25788d3071af04d33d1bc4dd2dd6d840b36a7e7cc9692546c369d20bb5ee76,2026-10-02T17:50:58.471200+00:00,193.04,https://www.mlb.com/player/670174,85cc7eedceeb2d6f1f2baa0b08e6224c9ebd5ff4d7b3a759ec91e875ffdaceca,2026-10-02T17:55:30.741337+00:00,1.8265612261306534,0.5302549949748744,0.10510313522263186,1.3207824910662045,49.949972381853314
980,138,2,26.00353286746796,-2.2942001004601726,-2.727183673469388,5.403510204081632,-0.26037790861799265,4.412862170504566,"Oviedo, Johan",670912,R,"Oviedo, Johan",670912,pitcher-arm-angle-670912-R,zMLB,2022,https://baseballsavant.mlb.com/leaderboard/pitcher-arm-angles?season=2022,9f25788d3071af04d33d1bc4dd2dd6d840b36a7e7cc9692546c369d20bb5ee76,2026-10-02T17:50:58.471200+00:00,198.12,https://www.mlb.com/player/670912,c5e6a65a7efd89879a7373ac48bbca7c521d765786702da90e49e2dbddb1b0b1,2026-10-02T17:55:31.578864+00:00,1.6469899102040817,0.8312455836734695,0.211336579599973,1.3450403895697918,25.970103941059744
1162,141,1,52.19609283027266,-1.0422087936872735,-2.33736660929432,6.242581755593804,0.38147149982665574,4.407489050625727,"Richards, Trevor",670950,R,"Richards, Trevor",670950,pitcher-arm-angle-670950-R,Blue Jays,2022,https://baseballsavant.mlb.com/leaderboard/pitcher-arm-angles?season=2022,9f25788d3071af04d33d1bc4dd2dd6d840b36a7e7cc9692546c369d20bb5ee76,2026-10-02T17:50:58.471200+00:00,187.96,https://www.mlb.com/player/670950,298b6765db78bb2b87a068618abfb0508b86f0b44f32c096549b83ab8dcabdd1,2026-10-02T17:55:31.645999+00:00,1.9027389191049915,0.7124293425129088,0.27849158904986315,1.3434026626307216,52.19539044400924
2179,108,1,39.19099375843994,1.6328058045471432,1.8277558513079395,6.072413951353832,-0.048474738857952955,4.701926019474501,"Detmers, Reid",672282,L,"Detmers, Reid",672282,pitcher-arm-angle-672282-L,Angels,2022,https://baseballsavant.mlb.com/leaderboard/pitcher-arm-angles?season=2022,9f25788d3071af04d33d1bc4dd2dd6d840b36a7e7cc9692546c369d20bb5ee76,2026-10-02T17:50:58.471200+00:00,187.96,https://www.mlb.com/player/672282,563886456ce6c73badca4a24e632c65b7dae1ad67752bda308708f7d94ad2d26,2026-10-02T17:55:35.123025+00:00,1.8508717723726482,-0.55709998347866,-0.044645673848786656,1.4331470507358282,39.18503608346729
1001,118,1,42.491381882227294,-1.6307060933801774,-1.0603496503496503,6.110679320679321,0.18128844951839604,4.451492335828164,"Hernández, Carlos",672578,R,"Hernández, Carlos",672578,pitcher-arm-angle-672578-R,Royals,2022,https://baseballsavant.mlb.com/leaderboard/pitcher-arm-angles?season=2022,9f25788d3071af04d33d1bc4dd2dd6d840b36a7e7cc9692546c369d20bb5ee76,2026-10-02T17:50:58.471200+00:00,193.04,https://www.mlb.com/player/672578,607c3b1acd653ed8ce901b366b06aa367d223a0844203ae470e7d1a62a7ccf0e,2026-10-02T17:55:36.244987+00:00,1.862535056943057,0.32319457342657343,-0.22910136324891175,1.3568148639604245,42.47936573823447
1587,134,1,47.269911484243636,-1.177331175713188,-0.8901764335223693,5.890302457466919,0.341707395089559,4.245363943561041,"Contreras, Roansy",672710,R,"Contreras, Roansy",672710,pitcher-arm-angle-672710-R,Pirates,2022,https://baseballsavant.mlb.com/leaderboard/pitcher-arm-angles?season=2022,9f25788d3071af04d33d1bc4dd2dd6d840b36a7e7cc9692546c369d20bb5ee76,2026-10-02T17:50:58.471200+00:00,185.42000000000002,https://www.mlb.com/player/672710,98949782d847d5309acade0a00d5fb25ae71d2f7d9760f4b6378535c784090ef,2026-10-02T17:55:36.691953+00:00,1.7953641890359169,0.27132577693761817,-0.1916771794430591,1.2939869299974054,47.27869278167341
1200,120,1,37.17284164580549,-1.8749101630640896,-2.564566666666667,6.031916666666667,-0.07005999442959003,4.662899817513369,"Adon, Joan",672851,R,"Adon, Joan",672851,pitcher-arm-angle-672851-R,Nationals,2022,https://baseballsavant.mlb.com/leaderboard/pitcher-arm-angles?season=2022,9f25788d3071af04d33d1bc4dd2dd6d840b36a7e7cc9692546c369d20bb5ee76,2026-10-02T17:50:58.471200+00:00,187.96,https://www.mlb.com/player/672851,9c15bbe4c071d977809a84262d327519398e21844519624a2a2c668ab4a3f43b,2026-10-02T17:55:37.680504+00:00,1.8385282,0.7816799200000001,0.2315615886002046,1.4212518643780752,37.18108280706522
2276,144,1,45.57953937933346,-1.4438161621332648,-2.0975702987697713,5.691432337434095,-0.01874639186238483,4.236168207075928,"Strider, Spencer",675911,R,"Strider, Spencer",675911,pitcher-arm-angle-675911-R,Braves,2022,https://baseballsavant.mlb.com/leaderboard/pitcher-arm-angles?season=2022,9f25788d3071af04d33d1bc4dd2dd6d840b36a7e7cc9692546c369d20bb5ee76,2026-10-02T17:50:58.471200+00:00,182.88,https://www.mlb.com/player/675911,034105f34f9bd13bdae32124487c5c909fd106eb35c34931c69c77b77729bcb3,2026-10-02T17:55:41.391316+00:00,1.7347485764499122,0.6393394270650263,0.20497816108646208,1.291184069516743,45.60060607227361
1166,111,1,35.70232641371509,-1.9629184362132708,-1.5972898799313895,5.602804459691252,-0.16798022139465485,4.3112622860886125,"Whitlock, Garrett",676477,R,"Whitlock, Garrett",676477,pitcher-arm-angle-676477-R,Red Sox,2022,https://baseballsavant.mlb.com/leaderboard/pitcher-arm-angles?season=2022,9f25788d3071af04d33d1bc4dd2dd6d840b36a7e7cc9692546c369d20bb5ee76,2026-10-02T17:50:58.471200+00:00,195.58,https://www.mlb.com/player/676477,ad32c20a8c73db341f2b43e948dc5588670b3b8ecf58ddae15cf00767b4a0c67,2026-10-02T17:55:45.683883+00:00,1.7077347993138938,0.48685395540308757,-0.06024321247362662,1.314072744799809,35.7367850163926
1078,147,2,21.788491108411463,2.184476177988019,1.2649072356215214,4.913265306122449,0.2120984678168788,4.125506267052275,"Sears, JP",676664,L,"Sears, JP",676664,pitcher-arm-angle-676664-L,zMLB,2022,https://baseballsavant.mlb.com/leaderboard/pitcher-arm-angles?season=2022,9f25788d3071af04d33d1bc4dd2dd6d840b36a7e7cc9692546c369d20bb5ee76,2026-10-02T17:50:58.471200+00:00,180.34,https://www.mlb.com/player/676664,c33078f5c534499f9bb1be4723a7fbbb6a7777fa7a8af0bc6810d114b8e77c33,2026-10-02T17:55:47.452616+00:00,1.4975632653061226,-0.38554372541743975,0.21563700064272384,1.2574543101975335,21.771551694535795
1083,116,1,43.92532337883497,-1.5131284220553904,-2.4100554016620497,5.642853185595568,-6.717879462706876e-05,4.184476521117975,"Vest, Will",676684,R,"Vest, Will",676684,pitcher-arm-angle-676684-R,Tigers,2022,https://baseballsavant.mlb.com/leaderboard/pitcher-arm-angles?season=2022,9f25788d3071af04d33d1bc4dd2dd6d840b36a7e7cc9692546c369d20bb5ee76,2026-10-02T17:50:58.471200+00:00,182.88,https://www.mlb.com/player/676684,269c38375ea1af426f31ab311d220eb33284cf10665138abe1a28d10f151c20c,2026-10-02T17:55:48.073995+00:00,1.7199416509695291,0.7345848864265928,0.2734038194807121,1.2754284436367587,43.94568151333685
1296,111,1,46.68285876541287,-1.4137249654829065,-1.9691203703703704,6.010501543209877,0.056297474609933756,4.45145646731476,"Crawford, Kutter",676710,R,"Crawford, Kutter",676710,pitcher-arm-angle-676710-R,Red Sox,2022,https://baseballsavant.mlb.com/leaderboard/pitcher-arm-angles?season=2022,9f25788d3071af04d33d1bc4dd2dd6d840b36a7e7cc9692546c369d20bb5ee76,2026-10-02T17:50:58.471200+00:00,185.42000000000002,https://www.mlb.com/player/676710,874be5ee3204616b89852ebaa9194bc73f96f5a1ef977a212746e2fea5e72113,2026-10-02T17:55:48.941763+00:00,1.8320008703703705,0.600187888888889,0.15212504914859118,1.3568039312375388,46.68340702527589
1876,158,1,46.4781041162248,1.2272594954394367,0.6749466950959488,6.31157249466951,-0.41366053389469765,4.584174807019144,"Ashby, Aaron",676879,L,"Ashby, Aaron",676879,pitcher-arm-angle-676879-L,Brewers,2022,https://baseballsavant.mlb.com/leaderboard/pitcher-arm-angles?season=2022,9f25788d3071af04d33d1bc4dd2dd6d840b36a7e7cc9692546c369d20bb5ee76,2026-10-02T17:50:58.471200+00:00,182.88,https://www.mlb.com/player/676879,11ad0dd269be27fafb29afa35c6ea882f09b994e6344a29f98b0bcc91e396188,2026-10-02T17:55:49.332906+00:00,1.9237672963752668,-0.20572375266524523,0.29442867227579894,1.3972564811794352,46.47067974085583
2457,117,1,45.533208908198816,-1.515371303261546,-1.4806064306064306,6.293878713878714,-0.08806910906812868,4.84111415352984,"Garcia, Luis",677651,R,"Garcia, Luis",677651,pitcher-arm-angle-677651-R,Astros,2022,https://baseballsavant.mlb.com/leaderboard/pitcher-arm-angles?season=2022,9f25788d3071af04d33d1bc4dd2dd6d840b36a7e7cc9692546c369d20bb5ee76,2026-10-02T17:50:58.471200+00:00,185.42000000000002,https://www.mlb.com/player/677651,8eba100853558d573f4d4d40f99842f56e94fbafbe656255990d239495df857c,2026-10-02T17:55:50.808860+00:00,1.9183742319902322,0.45128884004884007,0.01624713125868648,1.475571593995895,45.506532741670625
997,111,1,32.23082599061429,-1.8845085054428532,-2.052146439317954,5.403109327983952,0.023103406207928598,4.200696555620516,"Bello, Brayan",678394,R,"Bello, Brayan",678394,pitcher-arm-angle-678394-R,Red Sox,2022,https://baseballsavant.mlb.com/leaderboard/pitcher-arm-angles?season=2022,9f25788d3071af04d33d1bc4dd2dd6d840b36a7e7cc9692546c369d20bb5ee76,2026-10-02T17:50:58.471200+00:00,185.42000000000002,https://www.mlb.com/player/678394,74071101e173d2c6dba0326df0dd65622af15fa00dcdf7e15706ee7bdb5dcf5d,2026-10-02T17:55:52.904589+00:00,1.6468677231695086,0.6254942347041125,0.0440541240329541,1.2803723101531332,32.22419793036275
2507,120,1,37.591342089290706,-1.9487791291838097,-1.6922018348623853,5.3635021938572,-0.08493299954423514,3.9278036886379457,"Gray, Josiah",680686,R,"Gray, Josiah",680686,pitcher-arm-angle-680686-R,Nationals,2022,https://baseballsavant.mlb.com/leaderboard/pitcher-arm-angles?season=2022,9f25788d3071af04d33d1bc4dd2dd6d840b36a7e7cc9692546c369d20bb5ee76,2026-10-02T17:50:58.471200+00:00,185.42000000000002,https://www.mlb.com/player/680686,90da80b9e57e9aaa27dfd5220df52382fb235ffcac5467234dbfd7018bf956df,2026-10-02T17:55:55.642207+00:00,1.6347954686876747,0.515783119266055,-0.05231718104808729,1.197194564296846,37.606632728893764
1993,110,1,57.36947195774846,-0.9063440187313692,-1.6587807325639738,6.389006522829905,0.2620888512199114,4.562997817181883,"Bradish, Kyle",680694,R,"Bradish, Kyle",680694,pitcher-arm-angle-680694-R,Orioles,2022,https://baseballsavant.mlb.com/leaderboard/pitcher-arm-angles?season=2022,9f25788d3071af04d33d1bc4dd2dd6d840b36a7e7cc9692546c369d20bb5ee76,2026-10-02T17:50:58.471200+00:00,190.5,https://www.mlb.com/player/680694,0a037cf3fa3eeb05ff03ac4ec4ac56429c791576f6277aceec7efc3286a8304a,2026-10-02T17:55:56.132593+00:00,1.947369188158555,0.5055963672854993,0.14945802852434892,1.390801734677038,57.38549190448258
1114,142,1,53.45501867194848,-1.1096334946646882,-0.7241113105924596,6.245439856373429,0.31202207386463643,4.325213761892876,"Winder, Josh",680739,R,"Winder, Josh",680739,pitcher-arm-angle-680739-R,Twins,2022,https://baseballsavant.mlb.com/leaderboard/pitcher-arm-angles?season=2022,9f25788d3071af04d33d1bc4dd2dd6d840b36a7e7cc9692546c369d20bb5ee76,2026-10-02T17:50:58.471200+00:00,195.58,https://www.mlb.com/player/680739,a27b7f5c5bb33137850308bf466a62c20970ef0b818f3a3b0908bae39040d6be,2026-10-02T17:55:57.691042+00:00,1.9036100682226214,0.2207091274685817,-0.21261148981915648,1.3183251546249486,53.485291389561134
1019,116,1,35.67754997642134,-1.745357645800061,-2.603925417075564,5.305878312070657,-0.03465839346533511,4.077214050071809,"Hill, Garrett",682051,R,"Hill, Garrett",682051,pitcher-arm-angle-682051-R,Tigers,2022,https://baseballsavant.mlb.com/leaderboard/pitcher-arm-angles?season=2022,9f25788d3071af04d33d1bc4dd2dd6d840b36a7e7cc9692546c369d20bb5ee76,2026-10-02T17:50:58.471200+00:00,182.88,https://www.mlb.com/player/682051,09e1d36ac29fa001e63175a085a36665f1f6e5ee53b990935c312269879e3f25,2026-10-02T17:56:01.828429+00:00,1.6172317095191364,0.793676467124632,0.27225533501300747,1.2427348424618874,35.68679261496048
1003,136,1,0.02360587055898096,-3.1784908958295497,-3.9155732801595216,4.177696909272183,-0.9186030718895009,4.176731448613163,"Murfee, Penn",682171,R,"Murfee, Penn",682171,pitcher-arm-angle-682171-R,Mariners,2022,https://baseballsavant.mlb.com/leaderboard/pitcher-arm-angles?season=2022,9f25788d3071af04d33d1bc4dd2dd6d840b36a7e7cc9692546c369d20bb5ee76,2026-10-02T17:50:58.471200+00:00,187.96,https://www.mlb.com/player/682171,8ccf33c6208f5cf07355e09c31cdc4336ecefd3ac770a22fc730648eb35e1005,2026-10-02T17:56:03.100469+00:00,1.2733620179461613,1.1934667357926223,0.5046529270556953,1.273067745537292,0.024477682961252467
1287,116,1,48.85874837741896,-1.1475583311935453,-1.0665268065268065,6.038088578088578,0.3760895401983637,4.293265633920447,"Brieske, Beau",689225,R,"Brieske, Beau",689225,pitcher-arm-angle-689225-R,Tigers,2022,https://baseballsavant.mlb.com/leaderboard/pitcher-arm-angles?season=2022,9f25788d3071af04d33d1bc4dd2dd6d840b36a7e7cc9692546c369d20bb5ee76,2026-10-02T17:50:58.471200+00:00,190.5,https://www.mlb.com/player/689225,41afb8257caf82749c4c8e72182f3b4e22ea175b67d32b8dcaa3f2b02a268b51,2026-10-02T17:56:16.746996+00:00,1.8404093986013987,0.32507737062937064,-0.13933050057088325,1.3085873652189521,48.87126244300838
1680,138,1,45.45488183448327,-1.646189608596962,-1.229577380952381,6.228779761904762,-0.07793819943128766,4.633131462683559,"Wainwright, Adam",425794,R,"Wainwright, Adam",425794,pitcher-arm-angle-425794-R,Cardinals,2023,https://baseballsavant.mlb.com/leaderboard/pitcher-arm-angles?season=2023,a5a7d5783ac11be1f4a6acec7ad4854d29a21e6cea179bba298bcf246dbe9126,2026-10-02T17:51:08.672246+00:00,200.66,https://www.mlb.com/player/425794,15f2004616fe6742c0ca783bbc9ae43373b63d6a1d56a10b8d9796872413d85b,2026-10-02T17:51:11.796859+00:00,1.8985320714285714,0.3747751857142857,-0.10322784379941187,1.4121784698259487,45.4961241141194
2218,118,1,43.7751929536752,-1.5872130636346138,-1.3821866546438233,6.209670874661858,-0.029719410663683457,4.717702325086113,"Greinke, Zack",425844,R,"Greinke, Zack",425844,pitcher-arm-angle-425844-R,Royals,2023,https://baseballsavant.mlb.com/leaderboard/pitcher-arm-angles?season=2023,a5a7d5783ac11be1f4a6acec7ad4854d29a21e6cea179bba298bcf246dbe9126,2026-10-02T17:51:08.672246+00:00,187.96,https://www.mlb.com/player/425844,b2299913fc602181b35bde6a2fb6e8bfb1cde4a9363a6042b509a1603948f71d,2026-10-02T17:51:10.514759+00:00,1.8927076825969342,0.42129049233543736,-0.053433573090102236,1.4379556686862471,43.769050413890035
2602,121,2,55.11172897184824,-1.2599007399244873,-1.4749692544196773,6.99435049961568,0.15037904203677138,4.965253052327772,"Verlander, Justin",434378,R,"Verlander, Justin",434378,pitcher-arm-angle-434378-R,zMLB,2023,https://baseballsavant.mlb.com/leaderboard/pitcher-arm-angles?season=2023,a5a7d5783ac11be1f4a6acec7ad4854d29a21e6cea179bba298bcf246dbe9126,2026-10-02T17:51:08.672246+00:00,195.58,https://www.mlb.com/player/434378,8fd67a7a5f75d8d8c525c0caf6bd034406dedcec2017ad71c5c3a3d9d8c0c99c,2026-10-02T17:51:12.062912+00:00,2.1318780322828594,0.4495706287471177,0.01971735120532601,1.513409130349505,55.19961314555196
981,111,1,31.365196726497455,-2.36973207782961,-1.8837614678899084,5.033455657492355,-0.5125595697031476,3.9006609621125814,"Kluber, Corey",446372,R,"Kluber, Corey",446372,pitcher-arm-angle-446372-R,Red Sox,2023,https://baseballsavant.mlb.com/leaderboard/pitcher-arm-angles?season=2023,a5a7d5783ac11be1f4a6acec7ad4854d29a21e6cea179bba298bcf246dbe9126,2026-10-02T17:51:08.672246+00:00,193.04,https://www.mlb.com/player/446372,c065e4ec195d459435b41d025bee25320ad6a7ecf53908ed415c9b3e93ec5883,2026-10-02T17:51:14.851545+00:00,1.5341972844036698,0.5741704954128442,0.008104314935898407,1.1889214612519148,31.38138023595941
2497,135,2,36.78504865497727,2.3107532999056675,1.6267040448538246,5.621806167400881,0.45106115156369464,4.219175573326138,"Hill, Rich",448179,L,"Hill, Rich",448179,pitcher-arm-angle-448179-L,zMLB,2023,https://baseballsavant.mlb.com/leaderboard/pitcher-arm-angles?season=2023,a5a7d5783ac11be1f4a6acec7ad4854d29a21e6cea179bba298bcf246dbe9126,2026-10-02T17:51:08.672246+00:00,195.58,https://www.mlb.com/player/448179,212c8771bdc89a9263fc97a41ab398ff75d0f560425bc055fd03ec52d0f7c529,2026-10-02T17:51:15.068610+00:00,1.7135265198237886,-0.4958193928714458,0.07101477394318759,1.2860047147498068,37.02459562007501
2841,144,1,20.184527256356855,-2.641282260451314,-2.4399753607884547,5.369866244280183,-0.3134400416363147,4.513704099037458,"Morton, Charlie",450203,R,"Morton, Charlie",450203,pitcher-arm-angle-450203-R,Braves,2023,https://baseballsavant.mlb.com/leaderboard/pitcher-arm-angles?season=2023,a5a7d5783ac11be1f4a6acec7ad4854d29a21e6cea179bba298bcf246dbe9126,2026-10-02T17:51:08.672246+00:00,195.58,https://www.mlb.com/player/450203,fc8493f1193af4145529d893a1ccf2a39617a9e5e4669533d38a65e1e0982bca,2026-10-02T17:51:17.093499+00:00,1.6367352312565997,0.7437044899683211,0.034178181673509146,1.3757770093866173,20.193127032353797
2452,140,2,28.755158619952113,-2.399522443930584,-3.117190048939641,5.446039967373572,-0.41601217769771415,4.357206659665943,"Scherzer, Max",453286,R,"Scherzer, Max",453286,pitcher-arm-angle-453286-R,zMLB,2023,https://baseballsavant.mlb.com/leaderboard/pitcher-arm-angles?season=2023,a5a7d5783ac11be1f4a6acec7ad4854d29a21e6cea179bba298bcf246dbe9126,2026-10-02T17:51:08.672246+00:00,190.5,https://www.mlb.com/player/453286,6a71b8a1e6d5998652cc8b5a734326e4153d03b906c949a4bfb913c2bfb3e041,2026-10-02T17:51:17.658485+00:00,1.6599529820554648,0.9501195269168027,0.3455455977690239,1.3280765898661795,28.764259475500605
3164,145,2,32.474540582789146,-2.4781184273562795,-3.100736409608091,5.573476611883692,-0.48479360654961906,4.3028618506211815,"Lynn, Lance",458681,R,"Lynn, Lance",458681,pitcher-arm-angle-458681-R,zMLB,2023,https://baseballsavant.mlb.com/leaderboard/pitcher-arm-angles?season=2023,a5a7d5783ac11be1f4a6acec7ad4854d29a21e6cea179bba298bcf246dbe9126,2026-10-02T17:51:08.672246+00:00,195.58,https://www.mlb.com/player/458681,e0d405d80db4a54cd2bb5a64924ba41581d108297ee53a8c4e30e56ae30f56c1,2026-10-02T17:51:21.390608+00:00,1.6987956713021493,0.9451044576485461,0.337539052266676,1.3115122920693363,32.514857467289126
1525,121,1,34.76425148421406,-2.0759835292720896,-1.4364524590163934,5.791704918032787,-0.16599638654627275,4.466081509950031,"Carrasco, Carlos",471911,R,"Carrasco, Carlos",471911,pitcher-arm-angle-471911-R,Mets,2023,https://baseballsavant.mlb.com/leaderboard/pitcher-arm-angles?season=2023,a5a7d5783ac11be1f4a6acec7ad4854d29a21e6cea179bba298bcf246dbe9126,2026-10-02T17:51:08.672246+00:00,193.04,https://www.mlb.com/player/471911,c5dd2dc7509f642997d511bf532b4b91640f3a2be63ae2de37e4c7177c7c01a4,2026-10-02T17:51:24.049260+00:00,1.7653116590163935,0.43783070950819675,-0.14433337159463228,1.3612616442327694,34.762517343770355
974,135,1,45.97359556008884,-1.662532777890816,-2.4433983572895275,6.1717145790554415,-0.06837124405670425,4.52287278391476,"García, Luis",472610,R,"García, Luis",472610,pitcher-arm-angle-472610-R,Padres,2023,https://baseballsavant.mlb.com/leaderboard/pitcher-arm-angles?season=2023,a5a7d5783ac11be1f4a6acec7ad4854d29a21e6cea179bba298bcf246dbe9126,2026-10-02T17:51:08.672246+00:00,187.96,https://www.mlb.com/player/472610,1164ca94e6ae64f937180a167fa1ac549033f2c8d6593a2d4fd90f8ab44e66aa,2026-10-02T17:51:24.766579+00:00,1.8811386036960986,0.744747819301848,0.2588473837892107,1.378571624537219,45.96597229065218
2024,119,1,59.13558143683013,1.0430616359770828,1.4936758893280633,6.1879743083003955,-0.11702022027999126,4.247542255016452,"Kershaw, Clayton",477132,L,"Kershaw, Clayton",477132,pitcher-arm-angle-477132-L,Dodgers,2023,https://baseballsavant.mlb.com/leaderboard/pitcher-arm-angles?season=2023,a5a7d5783ac11be1f4a6acec7ad4854d29a21e6cea179bba298bcf246dbe9126,2026-10-02T17:51:08.672246+00:00,193.04,https://www.mlb.com/player/477132,1f024e5b11e0db1d78c4fac0c11443754d58a052328b5b28eb13e5871cefe233,2026-10-02T17:51:26.741900+00:00,1.8860945691699607,-0.4552724110671937,-0.10167946128003752,1.2946508793290146,59.12702575778813
1873,158,1,50.29812056826491,1.5678005494926246,1.8300427122263747,6.218985584623598,0.11092346493419482,4.464625491433287,"Miley, Wade",489119,L,"Miley, Wade",489119,pitcher-arm-angle-489119-L,Brewers,2023,https://baseballsavant.mlb.com/leaderboard/pitcher-arm-angles?season=2023,a5a7d5783ac11be1f4a6acec7ad4854d29a21e6cea179bba298bcf246dbe9126,2026-10-02T17:51:08.672246+00:00,185.42000000000002,https://www.mlb.com/player/489119,9e89b588d6a4a7c07abce870cbec0feee5ced2391ff18e31d528cdc7f66fe1dc,2026-10-02T17:51:27.681640+00:00,1.895546806193273,-0.557797018686599,-0.11374088331318961,1.3608178497888659,50.29266814363151
1056,144,1,20.928939691061682,-2.447350445214605,-2.6236647727272726,5.323465909090909,-0.4810897209055799,4.571144047594934,"Yates, Kirby",489446,R,"Yates, Kirby",489446,pitcher-arm-angle-489446-R,Braves,2023,https://baseballsavant.mlb.com/leaderboard/pitcher-arm-angles?season=2023,a5a7d5783ac11be1f4a6acec7ad4854d29a21e6cea179bba298bcf246dbe9126,2026-10-02T17:51:08.672246+00:00,177.8,https://www.mlb.com/player/489446,f48a5dcafdffabfa7256cba1a36228010fef4148a8c48789045be711b7e1e638,2026-10-02T17:51:29.517922+00:00,1.6225924090909092,0.7996930227272727,0.20037675395788188,1.3932847057069357,20.93762614673717
1024,121,1,22.818440895981354,-2.8403503867885083,-2.824384765625,5.31892578125,-0.5902789110370711,4.37157937895151,"Ottavino, Adam",493603,R,"Ottavino, Adam",493603,pitcher-arm-angle-493603-R,Mets,2023,https://baseballsavant.mlb.com/leaderboard/pitcher-arm-angles?season=2023,a5a7d5783ac11be1f4a6acec7ad4854d29a21e6cea179bba298bcf246dbe9126,2026-10-02T17:51:08.672246+00:00,195.58,https://www.mlb.com/player/493603,74be390e4edc08c7382fced3cf28b562e63d42eb46945eac82f130fc6950b6b6,2026-10-02T17:51:30.188600+00:00,1.621208578125,0.8608724765625001,0.17505069075346197,1.3324573947044203,22.832526977889355
1229,121,1,45.71354910017669,1.7307176811555662,2.2015622457282342,5.791993490642799,0.17735116161857895,4.197106386799116,"Quintana, Jose",500779,L,"Quintana, Jose",500779,pitcher-arm-angle-500779-L,Mets,2023,https://baseballsavant.mlb.com/leaderboard/pitcher-arm-angles?season=2023,a5a7d5783ac11be1f4a6acec7ad4854d29a21e6cea179bba298bcf246dbe9126,2026-10-02T17:51:08.672246+00:00,187.96,https://www.mlb.com/player/500779,77f3ea8ee97fc3c1583b56502d90a37ab60f1241cd71de9eaae03214c911b27c,2026-10-02T17:51:30.294199+00:00,1.7653996159479253,-0.6710361724979659,-0.1975700573430921,1.2792780266963706,45.75559869524281
3028,110,1,43.80571806854006,-1.6851008910555259,-2.174580581241744,6.259554161162484,0.010963485337091483,4.632546094590713,"Gibson, Kyle",502043,R,"Gibson, Kyle",502043,pitcher-arm-angle-502043-R,Orioles,2023,https://baseballsavant.mlb.com/leaderboard/pitcher-arm-angles?season=2023,a5a7d5783ac11be1f4a6acec7ad4854d29a21e6cea179bba298bcf246dbe9126,2026-10-02T17:51:08.672246+00:00,198.12,https://www.mlb.com/player/502043,a490d55567e3b95708665f7e3c7cd7bcce2f1ed7f44ac503738b655f7ade40e7,2026-10-02T17:51:33.392600+00:00,1.9079121083223252,0.6628121611624835,0.14585173923801376,1.4120000496312493,43.8095156615137
1054,146,2,42.40466111243566,-1.4728911359202672,-2.7514326375711575,5.762267552182164,0.06396398847273944,4.359091206827737,"Robertson, David",502085,R,"Robertson, David",502085,pitcher-arm-angle-502085-R,zMLB,2023,https://baseballsavant.mlb.com/leaderboard/pitcher-arm-angles?season=2023,a5a7d5783ac11be1f4a6acec7ad4854d29a21e6cea179bba298bcf246dbe9126,2026-10-02T17:51:08.672246+00:00,180.34,https://www.mlb.com/player/502085,e4468bba2807429e9158337a45f6ce951078d0005de872edef910891f985a7e2,2026-10-02T17:51:34.115954+00:00,1.7563391499051235,0.8386366679316889,0.3702032260167004,1.3286509998410945,42.39664072374736
2353,137,1,40.800086912673535,-2.0984021373408663,-2.0747003824904375,5.7745091372715684,-0.43923934212250754,4.3423625314291385,"Cobb, Alex",502171,R,"Cobb, Alex",502171,pitcher-arm-angle-502171-R,Giants,2023,https://baseballsavant.mlb.com/leaderboard/pitcher-arm-angles?season=2023,a5a7d5783ac11be1f4a6acec7ad4854d29a21e6cea179bba298bcf246dbe9126,2026-10-02T17:51:08.672246+00:00,190.5,https://www.mlb.com/player/502171,89615e338aba64490dc8d2a0844be648dfbf0c1b794280decd5afb662fe37eff,2026-10-02T17:51:32.896376+00:00,1.760070385040374,0.6323686765830854,0.1266558566005296,1.3235520995796015,40.799914879255596
1446,139,2,45.78267857747449,-1.5109565243585554,-1.5261479944674965,5.844854771784233,0.06442865671604993,4.227034140958031,"Anderson, Chase",502624,R,"Anderson, Chase",502624,pitcher-arm-angle-502624-R,zMLB,2023,https://baseballsavant.mlb.com/leaderboard/pitcher-arm-angles?season=2023,a5a7d5783ac11be1f4a6acec7ad4854d29a21e6cea179bba298bcf246dbe9126,2026-10-02T17:51:08.672246+00:00,185.42000000000002,https://www.mlb.com/player/502624,20d18d581582444b772689612f0a08cc061e694473a9d8bc610bd8c82ceaf5b1,2026-10-02T17:51:36.887507+00:00,1.7815117344398341,0.46516990871369296,-0.015007494477846783,1.2884000061640077,45.76137562054973
2041,135,1,40.12699089397142,-1.7988192499378273,-2.094982851543361,5.486918177364037,-0.216912191168392,4.154478009669861,"Darvish, Yu",506433,R,"Darvish, Yu",506433,pitcher-arm-angle-506433-R,Padres,2023,https://baseballsavant.mlb.com/leaderboard/pitcher-arm-angles?season=2023,a5a7d5783ac11be1f4a6acec7ad4854d29a21e6cea179bba298bcf246dbe9126,2026-10-02T17:51:08.672246+00:00,195.58,https://www.mlb.com/player/506433,b91380662360721fb57aeb9b5b753b44ac1bc826317644034e9cc528f1ff5aec,2026-10-02T17:51:39.158133+00:00,1.6724126604605587,0.6385507731504165,0.1563855016374926,1.2662848973473735,40.107431976198356
1119,113,1,43.339803564001535,-1.734723208738003,-1.3944772117962465,5.9392135835567474,-0.13374199517649288,4.426589790349481,"Cruz, Fernando",518585,R,"Cruz, Fernando",518585,pitcher-arm-angle-518585-R,Reds,2023,https://baseballsavant.mlb.com/leaderboard/pitcher-arm-angles?season=2023,a5a7d5783ac11be1f4a6acec7ad4854d29a21e6cea179bba298bcf246dbe9126,2026-10-02T17:51:08.672246+00:00,187.96,https://www.mlb.com/player/518585,08de0facf55325a6d7c59a88bc7d7034879c24b23821f74a5a1ec5a2e4f803fe,2026-10-02T17:51:40.578921+00:00,1.8102723002680967,0.42503665415549596,-0.06294241973805233,1.3492245680985218,43.374505124972934
981,145,2,20.182789222478547,2.820630605302374,3.946768603465851,5.46361875637105,0.5224117290007468,4.617888830198004,"Diekman, Jake",518617,L,"Diekman, Jake",518617,pitcher-arm-angle-518617-L,zMLB,2023,https://baseballsavant.mlb.com/leaderboard/pitcher-arm-angles?season=2023,a5a7d5783ac11be1f4a6acec7ad4854d29a21e6cea179bba298bcf246dbe9126,2026-10-02T17:51:08.672246+00:00,193.04,https://www.mlb.com/player/518617,8a3435138aad9c72b25dbfbf02c15e691bd0650cc6e0366cca4d667a00a9553f,2026-10-02T17:51:42.646030+00:00,1.665310996941896,-1.2029750703363915,-0.5024779568396555,1.4075325154443519,20.203294149477347
2802,109,1,26.914518008149827,-2.1816730654051764,-1.7396538187009278,5.511937901498929,-0.21629096914477944,4.5138862277835665,"Kelly, Merrill",518876,R,"Kelly, Merrill",518876,pitcher-arm-angle-518876-R,Diamondbacks,2023,https://baseballsavant.mlb.com/leaderboard/pitcher-arm-angles?season=2023,a5a7d5783ac11be1f4a6acec7ad4854d29a21e6cea179bba298bcf246dbe9126,2026-10-02T17:51:08.672246+00:00,187.96,https://www.mlb.com/player/518876,f87d8f52fc438331efd998dc9cb0a9ba20e3a2921816920008220a8258b5da24,2026-10-02T17:51:44.046365+00:00,1.6800386723768737,0.5302464839400428,-0.06880197900012618,1.375832522228431,26.92217047044871
1120,143,1,25.208510261945445,-2.1765020242220454,-2.9051428571428572,4.808107142857143,-0.36637540067163227,3.9552632721384007,"Kimbrel, Craig",518886,R,"Kimbrel, Craig",518886,pitcher-arm-angle-518886-R,Phillies,2023,https://baseballsavant.mlb.com/leaderboard/pitcher-arm-angles?season=2023,a5a7d5783ac11be1f4a6acec7ad4854d29a21e6cea179bba298bcf246dbe9126,2026-10-02T17:51:08.672246+00:00,182.88,https://www.mlb.com/player/518886,a6424e2cbc4bc30db27801ff587edf2acf92a615ca7030922e6be792aa64ccfd,2026-10-02T17:51:44.370438+00:00,1.4655110571428571,0.8854875428571429,0.333760947998977,1.2055642453477846,25.227539380432145
1024,117,1,59.388812260065116,-0.8739558000173919,-0.288896484375,5.97228515625,0.3137451318098262,3.9594077458291554,"Pressly, Ryan",519151,R,"Pressly, Ryan",519151,pitcher-arm-angle-519151-R,Astros,2023,https://baseballsavant.mlb.com/leaderboard/pitcher-arm-angles?season=2023,a5a7d5783ac11be1f4a6acec7ad4854d29a21e6cea179bba298bcf246dbe9126,2026-10-02T17:51:08.672246+00:00,187.96,https://www.mlb.com/player/519151,4ea86291382668afda0e48fa7b4dc1ed9ebb618be4cd3ed97fa51ba5b6ca02de,2026-10-02T17:51:45.933077+00:00,1.820352515625,0.0880556484375,-0.27395559558343613,1.2068274809287267,59.45721491074933
1580,111,1,13.17119307344633,3.1233243995724944,3.22123417721519,5.23690506329114,0.8054001561971164,4.694257219364156,"Sale, Chris",519242,L,"Sale, Chris",519242,pitcher-arm-angle-519242-L,Red Sox,2023,https://baseballsavant.mlb.com/leaderboard/pitcher-arm-angles?season=2023,a5a7d5783ac11be1f4a6acec7ad4854d29a21e6cea179bba298bcf246dbe9126,2026-10-02T17:51:08.672246+00:00,198.12,https://www.mlb.com/player/519242,0c0c7f3478f1735f2e5f53ed4392c7f986c2478cb19dc384f46e613d8a024cab,2026-10-02T17:51:46.561143+00:00,1.5962086632911394,-0.98183217721519,-0.2753288678343747,1.4308096004621946,13.176184277571616
2170,140,1,44.86242785911705,1.5990182579722279,1.2155622119815668,5.606188940092166,-0.0267116445698514,3.985164759645794,"Pérez, Martín",527048,L,"Pérez, Martín",527048,pitcher-arm-angle-527048-L,Rangers,2023,https://baseballsavant.mlb.com/leaderboard/pitcher-arm-angles?season=2023,a5a7d5783ac11be1f4a6acec7ad4854d29a21e6cea179bba298bcf246dbe9126,2026-10-02T17:51:08.672246+00:00,182.88,https://www.mlb.com/player/527048,96274a37651a0dfd447fdabc47ca64b52d30ba022566de45c9958e10b7df547b,2026-10-02T17:51:48.793965+00:00,1.7087663889400924,-0.37050336221198155,0.12501911208284422,1.214678218740038,44.91695773071718
1080,158,1,22.56273095346243,-2.6405172366208887,-2.8242037037037035,4.931342592592593,-0.6182332650854955,4.090871519442794,"Teheran, Julio",527054,R,"Teheran, Julio",527054,pitcher-arm-angle-527054-R,Brewers,2023,https://baseballsavant.mlb.com/leaderboard/pitcher-arm-angles?season=2023,a5a7d5783ac11be1f4a6acec7ad4854d29a21e6cea179bba298bcf246dbe9126,2026-10-02T17:51:08.672246+00:00,187.96,https://www.mlb.com/player/527054,ce5495d49f00b5acdca932d521b15f66d53c74411c31723e80f5df68b10b62d7,2026-10-02T17:51:49.416587+00:00,1.5030732222222223,0.8608172888888889,0.24442513436490101,1.2468976391261635,22.568008569976346
986,116,1,29.152931707205596,-2.30721382565736,-1.5111460446247464,5.350436105476674,-0.2217619094235518,4.184795102558818,"Cisnero, José",542585,R,"Cisnero, José",542585,pitcher-arm-angle-542585-R,Tigers,2023,https://baseballsavant.mlb.com/leaderboard/pitcher-arm-angles?season=2023,a5a7d5783ac11be1f4a6acec7ad4854d29a21e6cea179bba298bcf246dbe9126,2026-10-02T17:51:08.672246+00:00,190.5,https://www.mlb.com/player/542585,1493f731f22b6e7c0517983558a59033d1c50aea7110bb7042888b1a336b36d2,2026-10-02T17:51:51.095731+00:00,1.6308129249492902,0.4605973144016227,-0.1750484296664421,1.2755255472599276,29.202539814805082
2430,108,1,49.98591428560235,1.344707306870348,1.8183909465020576,6.276127572016461,-0.07938721015529294,4.571133868862921,"Anderson, Tyler",542881,L,"Anderson, Tyler",542881,pitcher-arm-angle-542881-L,Angels,2023,https://baseballsavant.mlb.com/leaderboard/pitcher-arm-angles?season=2023,a5a7d5783ac11be1f4a6acec7ad4854d29a21e6cea179bba298bcf246dbe9126,2026-10-02T17:51:08.672246+00:00,187.96,https://www.mlb.com/player/542881,d14e21288a74220f65897ea38af9a90c3860c49c0546882cf1982390e9b68aeb,2026-10-02T17:51:52.246534+00:00,1.9129636839506172,-0.5542455604938272,-0.12018155170441183,1.3932816032294184,50.12970915751289
3279,147,1,42.09960294852095,-1.7204050883057342,-2.0215401036901492,5.924303141201586,-0.07347875982797678,4.436434745468788,"Cole, Gerrit",543037,R,"Cole, Gerrit",543037,pitcher-arm-angle-543037-R,Yankees,2023,https://baseballsavant.mlb.com/leaderboard/pitcher-arm-angles?season=2023,a5a7d5783ac11be1f4a6acec7ad4854d29a21e6cea179bba298bcf246dbe9126,2026-10-02T17:51:08.672246+00:00,193.04,https://www.mlb.com/player/543037,1456ff78fb6cb3c62d3d5b6b731411d73f0aef6ef6b0aeb9c71dbbf22dcea55d,2026-10-02T17:51:53.080213+00:00,1.8057275974382434,0.6161654236047576,0.11418227868473703,1.3522253104188868,42.09533148410515
1547,137,1,35.35122937652283,-1.799366897864162,-1.9555914673561732,5.516224951519069,-0.05772065345266038,4.280993598788754,"DeSclafani, Anthony",543101,R,"DeSclafani, Anthony",543101,pitcher-arm-angle-543101-R,Giants,2023,https://baseballsavant.mlb.com/leaderboard/pitcher-arm-angles?season=2023,a5a7d5783ac11be1f4a6acec7ad4854d29a21e6cea179bba298bcf246dbe9126,2026-10-02T17:51:08.672246+00:00,187.96,https://www.mlb.com/player/543101,5bdccd6c4808eda011c5fdd3f18578f2f04824d677a18c7a4a20c5a0e41fa79d,2026-10-02T17:51:54.355897+00:00,1.6813453652230124,0.5960642792501616,0.0652105039535359,1.3048468489108123,35.345488028150314
2232,140,1,32.76266228981149,-2.6337752039733022,-2.4032213261648745,5.522495519713262,-0.6598333902753021,4.2524438219561205,"Eovaldi, Nathan",543135,R,"Eovaldi, Nathan",543135,pitcher-arm-angle-543135-R,Rangers,2023,https://baseballsavant.mlb.com/leaderboard/pitcher-arm-angles?season=2023,a5a7d5783ac11be1f4a6acec7ad4854d29a21e6cea179bba298bcf246dbe9126,2026-10-02T17:51:08.672246+00:00,187.96,https://www.mlb.com/player/543135,018b7450213690fde18a445ab5ab33743ad18c7b55d91c8d778515f15f228fda,2026-10-02T17:51:54.880798+00:00,1.6832566344086024,0.7325018602150538,0.1308443953999033,1.2961448769322257,32.75758899244368
2815,142,1,48.22739324270851,-1.202845891703312,-0.9136127886323269,5.512785079928952,0.2159585011223931,3.92428984049037,"Gray, Sonny",543243,R,"Gray, Sonny",543243,pitcher-arm-angle-543243-R,Twins,2023,https://baseballsavant.mlb.com/leaderboard/pitcher-arm-angles?season=2023,a5a7d5783ac11be1f4a6acec7ad4854d29a21e6cea179bba298bcf246dbe9126,2026-10-02T17:51:08.672246+00:00,177.8,https://www.mlb.com/player/543243,894c3a0f043ea77895e06fd195ad4af2e6df5a2c332a132ce5c1885d2a10f166,2026-10-02T17:51:54.805369+00:00,1.6802968923623447,0.27846917797513326,-0.1539824009581417,1.1961235433814648,48.229565234598645
2107,112,1,45.392103134885325,-1.7673016813679687,-2.620968201233982,6.069250118652112,-0.05445390710195283,4.331523819506661,"Hendricks, Kyle",543294,R,"Hendricks, Kyle",543294,pitcher-arm-angle-543294-R,Cubs,2023,https://baseballsavant.mlb.com/leaderboard/pitcher-arm-angles?season=2023,a5a7d5783ac11be1f4a6acec7ad4854d29a21e6cea179bba298bcf246dbe9126,2026-10-02T17:51:08.672246+00:00,190.5,https://www.mlb.com/player/543294,eecc4d2bc569ab719b77ebae5f785de49af9d5f3cbedc538d9c2d872bb04e266,2026-10-02T17:51:56.765566+00:00,1.849907436165164,0.7988711077361177,0.27679510613983604,1.3202484601856306,45.41309351626658
2813,118,1,43.64843411074663,-1.7070949597766396,-1.6746711695698542,5.933096338428724,0.022564872032256655,4.282179399914961,"Lyles, Jordan",543475,R,"Lyles, Jordan",543475,pitcher-arm-angle-543475-R,Royals,2023,https://baseballsavant.mlb.com/leaderboard/pitcher-arm-angles?season=2023,a5a7d5783ac11be1f4a6acec7ad4854d29a21e6cea179bba298bcf246dbe9126,2026-10-02T17:51:08.672246+00:00,195.58,https://www.mlb.com/player/543475,2875d8c040c8503496b19292f88c22b677c0203d7f37eee1546238f5faedc85a,2026-10-02T17:51:57.822715+00:00,1.8084077639530751,0.5104397724848916,-0.01676054425046003,1.3052082810940802,43.66566562672512
1189,109,1,46.29250001268016,-1.4251167013665693,-1.7120773759461734,6.004238856181665,0.03916942929018079,4.472742099144115,"McGough, Scott",543518,R,"McGough, Scott",543518,pitcher-arm-angle-543518-R,Diamondbacks,2023,https://baseballsavant.mlb.com/leaderboard/pitcher-arm-angles?season=2023,a5a7d5783ac11be1f4a6acec7ad4854d29a21e6cea179bba298bcf246dbe9126,2026-10-02T17:51:08.672246+00:00,180.34,https://www.mlb.com/player/543518,161d5cd685f08ea83015e3f2c339bd43ddc89b69d0a8e438434034fece96050e,2026-10-02T17:51:58.313100+00:00,1.8300920033641717,0.5218411841883936,0.07552677156421621,1.3632917918191265,46.28521974962221
1017,144,1,24.894431721774183,-2.3918173479152824,-2.3045526057030483,5.311976401179941,-0.250053742000957,4.319412095271647,"McHugh, Collin",543521,R,"McHugh, Collin",543521,pitcher-arm-angle-543521-R,Braves,2023,https://baseballsavant.mlb.com/leaderboard/pitcher-arm-angles?season=2023,a5a7d5783ac11be1f4a6acec7ad4854d29a21e6cea179bba298bcf246dbe9126,2026-10-02T17:51:08.672246+00:00,187.96,https://www.mlb.com/player/543521,a1e01a7a1429c62610bcc65547a6483ae092878ac3fe4f094c136abc79e954d2,2026-10-02T17:51:59.445836+00:00,1.6190904070796461,0.7024276342182891,0.04961808713560273,1.3165568066387983,24.864571028862137
1283,144,1,14.551820568319089,-2.8925889521161445,-3.6401247077162897,5.316204208885424,-0.5714815537197661,4.713280257598682,"Tonkin, Michael",543859,R,"Tonkin, Michael",543859,pitcher-arm-angle-543859-R,Braves,2023,https://baseballsavant.mlb.com/leaderboard/pitcher-arm-angles?season=2023,a5a7d5783ac11be1f4a6acec7ad4854d29a21e6cea179bba298bcf246dbe9126,2026-10-02T17:51:08.672246+00:00,200.66,https://www.mlb.com/player/543859,d19922a2ecbd2fe10c3057206843ed5b1038de1f536cd8245eae6ac9635a3e51,2026-10-02T17:52:01.694013+00:00,1.6203790428682774,1.1095100109119251,0.40203647588070895,1.4366078225160783,14.561175456294633
2363,143,2,41.27245448116483,-1.7510709182897037,-1.7269868810833686,5.739517562420652,0.011864957269792848,4.189209869625532,"Lorenzen, Michael",547179,R,"Lorenzen, Michael",547179,pitcher-arm-angle-547179-R,zMLB,2023,https://baseballsavant.mlb.com/leaderboard/pitcher-arm-angles?season=2023,a5a7d5783ac11be1f4a6acec7ad4854d29a21e6cea179bba298bcf246dbe9126,2026-10-02T17:51:08.672246+00:00,185.42000000000002,https://www.mlb.com/player/547179,72893afd6338293ebc8719b3fe5c1d21681482bb3338604c8e5327b383808b65,2026-10-02T17:52:04.394584+00:00,1.7494049530258147,0.5263856013542108,-0.010957253516323805,1.2768711682618623,41.328065299157124
1008,140,2,49.489208599075795,1.4230581690091713,0.5466765873015873,6.082212301587302,-0.16145362023597318,4.225709053065671,"Chapman, Aroldis",547973,L,"Chapman, Aroldis",547973,pitcher-arm-angle-547973-L,zMLB,2023,https://baseballsavant.mlb.com/leaderboard/pitcher-arm-angles?season=2023,a5a7d5783ac11be1f4a6acec7ad4854d29a21e6cea179bba298bcf246dbe9126,2026-10-02T17:51:08.672246+00:00,193.04,https://www.mlb.com/player/547973,237a32c0658b8cd2a3b586233ab89b7f32693ae285baa9fec017c8e2d2a42755,2026-10-02T17:52:05.776403+00:00,1.8538583095238097,-0.16662702380952382,0.3163321695523962,1.2879961193744167,49.51948849696121
982,121,1,32.9663565045438,2.1750912254246773,3.0020468431771894,5.589765784114053,0.2298734108788859,4.324760495696149,"Raley, Brooks",548384,L,"Raley, Brooks",548384,pitcher-arm-angle-548384-L,Mets,2023,https://baseballsavant.mlb.com/leaderboard/pitcher-arm-angles?season=2023,a5a7d5783ac11be1f4a6acec7ad4854d29a21e6cea179bba298bcf246dbe9126,2026-10-02T17:51:08.672246+00:00,190.5,https://www.mlb.com/player/548384,de9d68143f90fd07a0f1cf2f32f73366edf1a149545082c6f7923834ef586f07,2026-10-02T17:52:07.393610+00:00,1.7037606109979633,-0.9150238778004074,-0.3221214879268502,1.3181869990881865,33.036573354577804
1453,137,1,64.82710702362805,-0.8877795842224563,-1.0144115622849277,6.9381761871988985,0.11738052857631823,4.795134010584776,"Stripling, Ross",548389,R,"Stripling, Ross",548389,pitcher-arm-angle-548389-R,Giants,2023,https://baseballsavant.mlb.com/leaderboard/pitcher-arm-angles?season=2023,a5a7d5783ac11be1f4a6acec7ad4854d29a21e6cea179bba298bcf246dbe9126,2026-10-02T17:51:08.672246+00:00,185.42000000000002,https://www.mlb.com/player/548389,f68791517099705b1743309fcef41d6f8faabc7038bed6eb852dd7ef78cbf6de,2026-10-02T17:52:07.486102+00:00,2.1147561018582244,0.309192644184446,0.0028198418033794858,1.4615568464262396,64.87181560616452
1100,141,1,25.750670555998806,-2.5659192825072417,-2.6312454545454544,5.100981818181818,-0.34011119891427644,4.0266103876195105,"García, Yimi",554340,R,"García, Yimi",554340,pitcher-arm-angle-554340-R,Blue Jays,2023,https://baseballsavant.mlb.com/leaderboard/pitcher-arm-angles?season=2023,a5a7d5783ac11be1f4a6acec7ad4854d29a21e6cea179bba298bcf246dbe9126,2026-10-02T17:51:08.672246+00:00,185.42000000000002,https://www.mlb.com/player/554340,b27297d9dc6732e682e3a6198162aab6ae8cfe95cc205428147657d4be67a9a3,2026-10-02T17:52:09.291172+00:00,1.5547792581818183,0.8020036145454545,0.12357731066631872,1.2273108461464268,25.766058111590215
3055,143,1,31.087412356915735,-2.4173785163470645,-2.0102094926350245,5.399178396072013,-0.28397164278775044,4.112904425316027,"Wheeler, Zack",554430,R,"Wheeler, Zack",554430,pitcher-arm-angle-554430-R,Phillies,2023,https://baseballsavant.mlb.com/leaderboard/pitcher-arm-angles?season=2023,a5a7d5783ac11be1f4a6acec7ad4854d29a21e6cea179bba298bcf246dbe9126,2026-10-02T17:51:08.672246+00:00,193.04,https://www.mlb.com/player/554430,615907132913f13f7a205810b524fc072aae90077696e2f30afd8906a585da41,2026-10-02T17:52:09.527667+00:00,1.6456695751227497,0.6127118533551554,-0.03755056170572346,1.253613268836325,31.08662136164117
1178,116,1,23.937548291328874,2.595283615897839,2.1939473684210524,5.314414261460102,0.3605792150507371,4.322778073807081,"Boyd, Matthew",571510,L,"Boyd, Matthew",571510,pitcher-arm-angle-571510-L,Tigers,2023,https://baseballsavant.mlb.com/leaderboard/pitcher-arm-angles?season=2023,a5a7d5783ac11be1f4a6acec7ad4854d29a21e6cea179bba298bcf246dbe9126,2026-10-02T17:51:08.672246+00:00,190.5,https://www.mlb.com/player/571510,5907092bfcc9de570f52409c103a306c00c1991b7098e1077aed877d783356d5,2026-10-02T17:52:12.305191+00:00,1.6198334668930392,-0.6687151578947368,0.012422743483459939,1.3175827568963983,23.92895722441239
2910,120,1,40.911323445752636,1.6548243417073265,2.2590927835051544,6.30733676975945,-0.13922748411954597,4.751880087840197,"Corbin, Patrick",571578,L,"Corbin, Patrick",571578,pitcher-arm-angle-571578-L,Nationals,2023,https://baseballsavant.mlb.com/leaderboard/pitcher-arm-angles?season=2023,a5a7d5783ac11be1f4a6acec7ad4854d29a21e6cea179bba298bcf246dbe9126,2026-10-02T17:51:08.672246+00:00,193.04,https://www.mlb.com/player/571578,60db0b5b9a16ae1d490538275f54313edac86864012522aa1bb61d641f0a1892,2026-10-02T17:52:14.243749+00:00,1.9224762474226804,-0.6885714804123712,-0.14174448390034033,1.4483730507736923,40.92553864527515
1222,113,1,32.718842269828514,-1.7951371393477342,-1.287103109656301,5.808551554828151,0.21194171976334056,4.518535493959524,"Farmer, Buck",571656,R,"Farmer, Buck",571656,pitcher-arm-angle-571656-R,Reds,2023,https://baseballsavant.mlb.com/leaderboard/pitcher-arm-angles?season=2023,a5a7d5783ac11be1f4a6acec7ad4854d29a21e6cea179bba298bcf246dbe9126,2026-10-02T17:51:08.672246+00:00,193.04,https://www.mlb.com/player/571656,12dac4e8cf83a3520a47d30547a805614c4dc023c58592b63b3444371c66e81d,2026-10-02T17:52:14.504756+00:00,1.7704465139116206,0.39230902782324056,-0.21944860843381503,1.377249618558863,32.7301980000166
2601,140,1,28.911253865299898,2.3204429228171715,2.876562860438293,5.010534409842368,0.33602764554425457,3.9140175343913386,"Heaney, Andrew",571760,L,"Heaney, Andrew",571760,pitcher-arm-angle-571760-L,Rangers,2023,https://baseballsavant.mlb.com/leaderboard/pitcher-arm-angles?season=2023,a5a7d5783ac11be1f4a6acec7ad4854d29a21e6cea179bba298bcf246dbe9126,2026-10-02T17:51:08.672246+00:00,187.96,https://www.mlb.com/player/571760,cfb0a7e5518039bfa91b2862b063ded2f619266bf6909dad5ca0c9fd9b3e4392,2026-10-02T17:52:16.077710+00:00,1.5272108881199538,-0.8767763598615917,-0.27192658334880665,1.19299254448248,28.923469181864203
1815,138,1,34.960401627701366,1.984361479851532,1.7684683195592288,5.6091845730027545,0.056039165745937744,4.26037109966952,"Matz, Steven",571927,L,"Matz, Steven",571927,pitcher-arm-angle-571927-L,Cardinals,2023,https://baseballsavant.mlb.com/leaderboard/pitcher-arm-angles?season=2023,a5a7d5783ac11be1f4a6acec7ad4854d29a21e6cea179bba298bcf246dbe9126,2026-10-02T17:51:08.672246+00:00,187.96,https://www.mlb.com/player/571927,2522d9f586670062dcfcd69cb6315159981679d29b002ee8dd6440fec45bbc6d,2026-10-02T17:52:16.701731+00:00,1.7096794578512398,-0.539029143801653,0.048723497537732224,1.2985611111792696,34.971831551290364
3197,138,1,47.45853140488931,-1.7304615759839226,-2.087372536753206,6.553431341883015,-0.03808546620968745,4.7082247027767234,"Mikolas, Miles",571945,R,"Mikolas, Miles",571945,pitcher-arm-angle-571945-R,Cardinals,2023,https://baseballsavant.mlb.com/leaderboard/pitcher-arm-angles?season=2023,a5a7d5783ac11be1f4a6acec7ad4854d29a21e6cea179bba298bcf246dbe9126,2026-10-02T17:51:08.672246+00:00,193.04,https://www.mlb.com/player/571945,b21488b615adb3de69282538b50ffe46f8c9a8dcb8df7ea6814904bc7140bfb0,2026-10-02T17:52:18.555714+00:00,1.997485873005943,0.6362311492023772,0.12039491094319035,1.4350668894063454,47.47375206697495
1027,158,1,-2.4277733528569696,2.8942818279958265,4.326572541382668,4.2652677702044794,0.6546967317368657,4.360656838706094,"Milner, Hoby",571948,L,"Milner, Hoby",571948,pitcher-arm-angle-571948-L,Brewers,2023,https://baseballsavant.mlb.com/leaderboard/pitcher-arm-angles?season=2023,a5a7d5783ac11be1f4a6acec7ad4854d29a21e6cea179bba298bcf246dbe9126,2026-10-02T17:51:08.672246+00:00,190.5,https://www.mlb.com/player/571948,874df3ecdde65a75390527c5f319a2032cf1172614d7f5c32782907eb8413a24,2026-10-02T17:52:19.028250+00:00,1.3000536163583254,-1.3187393106134373,-0.636113773273706,1.3291282044376176,-2.4388846443568877
1689,111,1,45.16508820677649,1.7148439059758953,1.9554706927175844,6.079182948490231,-0.015487654045417078,4.3388580942641335,"Paxton, James",572020,L,"Paxton, James",572020,pitcher-arm-angle-572020-L,Red Sox,2023,https://baseballsavant.mlb.com/leaderboard/pitcher-arm-angles?season=2023,a5a7d5783ac11be1f4a6acec7ad4854d29a21e6cea179bba298bcf246dbe9126,2026-10-02T17:51:08.672246+00:00,193.04,https://www.mlb.com/player/572020,493826a9ebdbd149db3287c7425dcecfe931253698c54e1c6674e1108ace829f,2026-10-02T17:52:19.484530+00:00,1.8529349626998224,-0.5960274671403197,-0.06862240764582372,1.322483947131708,45.16497513169793
1019,138,1,48.740477616046306,-1.7183410543362245,-1.176162904808636,6.386162904808636,-0.10318260361509221,4.544425417950212,"VerHagen, Drew",572403,R,"VerHagen, Drew",572403,pitcher-arm-angle-572403-R,Cardinals,2023,https://baseballsavant.mlb.com/leaderboard/pitcher-arm-angles?season=2023,a5a7d5783ac11be1f4a6acec7ad4854d29a21e6cea179bba298bcf246dbe9126,2026-10-02T17:51:08.672246+00:00,198.12,https://www.mlb.com/player/572403,da0e4bcb956fc49a16a268a4004f6801eea218f9d53c5436f97ec53d12da128a,2026-10-02T17:52:21.039992+00:00,1.9465024533856723,0.35849445338567226,-0.1338058423941289,1.3851408673912247,48.75003475289418
1084,144,2,40.22597165927065,-1.864920430222501,-1.937140221402214,6.04429889298893,-0.12817397340016182,4.573148095371996,"Johnson, Pierce",572955,R,"Johnson, Pierce",572955,pitcher-arm-angle-572955-R,zMLB,2023,https://baseballsavant.mlb.com/leaderboard/pitcher-arm-angles?season=2023,a5a7d5783ac11be1f4a6acec7ad4854d29a21e6cea179bba298bcf246dbe9126,2026-10-02T17:51:08.672246+00:00,187.96,https://www.mlb.com/player/572955,ee0bc8d76d29ab04565b6206b08662347ef6e9e51a6039ae8039c05a61310afa,2026-10-02T17:52:21.826756+00:00,1.842302302583026,0.5904403394833948,0.06108001944394581,1.3938955394693846,40.26703009974839
2129,112,1,34.33773276840425,-1.9171329921177374,-0.9285720995772663,5.267444809769845,-0.2078632695590726,4.0989925502085205,"Stroman, Marcus",573186,R,"Stroman, Marcus",573186,pitcher-arm-angle-573186-R,Cubs,2023,https://baseballsavant.mlb.com/leaderboard/pitcher-arm-angles?season=2023,a5a7d5783ac11be1f4a6acec7ad4854d29a21e6cea179bba298bcf246dbe9126,2026-10-02T17:51:08.672246+00:00,170.18,https://www.mlb.com/player/573186,7c7524ca75b399da91877e79ff6e3e037bad8d2988b3f3eaf58f9bd670da86f9,2026-10-02T17:52:23.513424+00:00,1.605517178017849,0.2830287759511508,-0.23795663548473026,1.2493729293035571,34.35640822528313
2817,141,1,42.00709864630453,1.68007666891187,2.2741995030173943,5.399219027334043,0.03226147059139917,3.915944106478555,"Kikuchi, Yusei",579328,L,"Kikuchi, Yusei",579328,pitcher-arm-angle-579328-L,Blue Jays,2023,https://baseballsavant.mlb.com/leaderboard/pitcher-arm-angles?season=2023,a5a7d5783ac11be1f4a6acec7ad4854d29a21e6cea179bba298bcf246dbe9126,2026-10-02T17:51:08.672246+00:00,182.88,https://www.mlb.com/player/579328,b72bc9fa048155a73e173e71d31e34584f5668188ca9f3b36104ce351f0ce63b,2026-10-02T17:52:23.664692+00:00,1.6456819595314165,-0.6931760085197018,-0.19092193607162228,1.1935797636546637,41.99184651171751
3066,141,1,38.4146509926447,-1.9826742597681175,-2.436852576647097,5.7288519243313765,-0.09434476766630272,4.230070325157875,"Gausman, Kevin",592332,R,"Gausman, Kevin",592332,pitcher-arm-angle-592332-R,Blue Jays,2023,https://baseballsavant.mlb.com/leaderboard/pitcher-arm-angles?season=2023,a5a7d5783ac11be1f4a6acec7ad4854d29a21e6cea179bba298bcf246dbe9126,2026-10-02T17:51:08.672246+00:00,187.96,https://www.mlb.com/player/592332,b797b807a781c4e16bb2f5580f9c4feef31951be17c2f152792487c120cbf7e1,2026-10-02T17:52:25.045180+00:00,1.7461540665362036,0.7427526653620352,0.16718983616940208,1.2893254351081205,38.43930078840613
2392,140,1,29.895056558915805,-2.1627196049272124,-1.940915551839465,5.558574414715719,-0.15618693945653664,4.404529321073215,"Gray, Jon",592351,R,"Gray, Jon",592351,pitcher-arm-angle-592351-R,Rangers,2023,https://baseballsavant.mlb.com/leaderboard/pitcher-arm-angles?season=2023,a5a7d5783ac11be1f4a6acec7ad4854d29a21e6cea179bba298bcf246dbe9126,2026-10-02T17:51:08.672246+00:00,193.04,https://www.mlb.com/player/592351,4645c32c44e0c695252f7ebe76e58aaf46efea1099dbfd66418a4326d8984359,2026-10-02T17:52:27.163509+00:00,1.6942534816053512,0.591591060200669,-0.020000096234793048,1.342500537063116,29.90509920870207
2400,112,1,46.43441714600163,1.647841442913076,1.9265916666666667,6.4388875,-0.017348719808377898,4.6850482888443254,"Smyly, Drew",592767,L,"Smyly, Drew",592767,pitcher-arm-angle-592767-L,Cubs,2023,https://baseballsavant.mlb.com/leaderboard/pitcher-arm-angles?season=2023,a5a7d5783ac11be1f4a6acec7ad4854d29a21e6cea179bba298bcf246dbe9126,2026-10-02T17:51:08.672246+00:00,187.96,https://www.mlb.com/player/592767,e9e92aa67f0c74c5b8e32987fe77d68eb57d457b6e9dddf00f324f80f7e6e7e3,2026-10-02T17:52:31.067100+00:00,1.96257291,-0.58722514,-0.07967517840250084,1.4280027184397506,46.485239826388536
1404,119,2,39.97594298953203,-1.7687143960306169,-0.987542735042735,6.315007122507122,0.002097828714495389,4.830251696134294,"Syndergaard, Noah",592789,R,"Syndergaard, Noah",592789,pitcher-arm-angle-592789-R,zMLB,2023,https://baseballsavant.mlb.com/leaderboard/pitcher-arm-angles?season=2023,a5a7d5783ac11be1f4a6acec7ad4854d29a21e6cea179bba298bcf246dbe9126,2026-10-02T17:51:08.672246+00:00,198.12,https://www.mlb.com/player/592789,f78ce363fbed5dd398451b01d7bc32b012d205750eed366de60f1ba6b5feb41d,2026-10-02T17:52:31.574843+00:00,1.924814170940171,0.30100302564102566,-0.2387405404612846,1.4722607169817328,39.97849115790255
2529,112,1,43.613287159357526,-1.6337413690469378,-1.3125425069197312,6.014242783708976,0.06915972131474539,4.388469471210605,"Taillon, Jameson",592791,R,"Taillon, Jameson",592791,pitcher-arm-angle-592791-R,Cubs,2023,https://baseballsavant.mlb.com/leaderboard/pitcher-arm-angles?season=2023,a5a7d5783ac11be1f4a6acec7ad4854d29a21e6cea179bba298bcf246dbe9126,2026-10-02T17:51:08.672246+00:00,195.58,https://www.mlb.com/player/592791,27d81467cdcdf663878034762559e6df7f91dae897f0b86ce855040c42042f81,2026-10-02T17:52:31.811196+00:00,1.833141200474496,0.40006295610913406,-0.11898129623310698,1.3376054948249927,43.672653125531816
2831,143,1,39.9399874895145,-1.9774686569714086,-1.9460084775697633,6.430130695867184,-0.15046139261587554,4.900435890865771,"Walker, Taijuan",592836,R,"Walker, Taijuan",592836,pitcher-arm-angle-592836-R,Phillies,2023,https://baseballsavant.mlb.com/leaderboard/pitcher-arm-angles?season=2023,a5a7d5783ac11be1f4a6acec7ad4854d29a21e6cea179bba298bcf246dbe9126,2026-10-02T17:51:08.672246+00:00,193.04,https://www.mlb.com/player/592836,6b55ca95f2555566df547acd884f723e3a151668b551cec31a472358de9da3c1,2026-10-02T17:52:33.996360+00:00,1.9599038361003178,0.5931433839632638,0.03627156978769736,1.4936528595358871,39.938361931737774
2517,120,1,18.427108924139286,-2.625877349524728,-2.395248311481923,5.012240762812873,-0.4034178519755502,4.2713911974332115,"Williams, Trevor",592866,R,"Williams, Trevor",592866,pitcher-arm-angle-592866-R,Nationals,2023,https://baseballsavant.mlb.com/leaderboard/pitcher-arm-angles?season=2023,a5a7d5783ac11be1f4a6acec7ad4854d29a21e6cea179bba298bcf246dbe9126,2026-10-02T17:51:08.672246+00:00,190.5,https://www.mlb.com/player/592866,07c567235fae81f15ed678a4589f2bffb1c697fe15bef8d995a07d90c1ded56a,2026-10-02T17:52:33.983445+00:00,1.5277309845053637,0.7300716853396901,0.05266603048670077,1.301920036977643,18.435638691362097
1575,147,1,31.28672988121746,-2.350764668415867,-1.5104507936507936,5.544349206349207,-0.17189759335653454,4.220282498656028,"Germán, Domingo",593334,R,"Germán, Domingo",593334,pitcher-arm-angle-593334-R,Yankees,2023,https://baseballsavant.mlb.com/leaderboard/pitcher-arm-angles?season=2023,a5a7d5783ac11be1f4a6acec7ad4854d29a21e6cea179bba298bcf246dbe9126,2026-10-02T17:51:08.672246+00:00,187.96,https://www.mlb.com/player/593334,efb70d7225073a5e79192ebd021b687b2aa4fe8d30751d39ea6803a6f91257ab,2026-10-02T17:52:35.318013+00:00,1.6899176380952383,0.4603854019047619,-0.20373328257332265,1.2863421055903572,31.28645830964588
1092,117,1,39.725239697205126,-1.8157715817472906,-1.5665018315018315,6.041675824175824,-0.004922781711752297,4.535810930572695,"Neris, Héctor",593576,R,"Neris, Héctor",593576,pitcher-arm-angle-593576-R,Astros,2023,https://baseballsavant.mlb.com/leaderboard/pitcher-arm-angles?season=2023,a5a7d5783ac11be1f4a6acec7ad4854d29a21e6cea179bba298bcf246dbe9126,2026-10-02T17:51:08.672246+00:00,187.96,https://www.mlb.com/player/593576,c50fb75fb49dbe3b46a2ddf94063faa096838529f79ec4ccc4a9e2e554ed80e3,2026-10-02T17:52:37.207910+00:00,1.8415027912087913,0.4774697582417583,-0.07447695600907382,1.3825151716385575,39.74621884624707
2369,116,1,37.79372504165321,2.046316775172234,1.6671211481637822,5.808666103841283,0.2093528781972131,4.384099104219761,"Rodriguez, Eduardo",593958,L,"Rodriguez, Eduardo",593958,pitcher-arm-angle-593958-L,Tigers,2023,https://baseballsavant.mlb.com/leaderboard/pitcher-arm-angles?season=2023,a5a7d5783ac11be1f4a6acec7ad4854d29a21e6cea179bba298bcf246dbe9126,2026-10-02T17:51:08.672246+00:00,187.96,https://www.mlb.com/player/593958,0046f411825500f781abefcda9bf832f22a018c5592565ba72ddbf72df6d774f,2026-10-02T17:52:37.354668+00:00,1.770481428450823,-0.5081385259603208,0.05176806983766555,1.3362734069661832,37.79360708031054
1025,133,2,18.374417624074766,2.1186138318349927,2.2305560975609757,5.0614536585365855,0.053297614625451066,4.37484560253902,"Moll, Sam",594580,L,"Moll, Sam",594580,pitcher-arm-angle-594580-L,zMLB,2023,https://baseballsavant.mlb.com/leaderboard/pitcher-arm-angles?season=2023,a5a7d5783ac11be1f4a6acec7ad4854d29a21e6cea179bba298bcf246dbe9126,2026-10-02T17:51:08.672246+00:00,175.26,https://www.mlb.com/player/594580,da357d8d5686be918dd6ad5cbfb29ddfbfd61dad0637d13edef919aa17595544,2026-10-02T17:52:38.983515+00:00,1.5427310751219514,-0.6798734985365854,-0.050365115531117104,1.3334529396538934,18.389228723897517
1383,113,1,35.637621345880106,-1.7981311705467458,-1.5206218365871293,5.12355025307303,-0.08158367765958681,3.891618899148432,"Lively, Ben",594902,R,"Lively, Ben",594902,pitcher-arm-angle-594902-R,Reds,2023,https://baseballsavant.mlb.com/leaderboard/pitcher-arm-angles?season=2023,a5a7d5783ac11be1f4a6acec7ad4854d29a21e6cea179bba298bcf246dbe9126,2026-10-02T17:51:08.672246+00:00,193.04,https://www.mlb.com/player/594902,60606d7c76b59754ec61521e0169d7ec5d437dcf25c9d384a3ff272baf7bf26b,2026-10-02T17:52:40.370296+00:00,1.5616581171366597,0.46348553579175705,-0.05971814004024903,1.186165440460442,35.6662373744669
1019,146,1,31.6764774953312,2.474256890961477,3.0183415112855743,5.7135819430814525,0.42845617649682766,4.450327429813927,"Okert, Steven",595345,L,"Okert, Steven",595345,pitcher-arm-angle-595345-L,Marlins,2023,https://baseballsavant.mlb.com/leaderboard/pitcher-arm-angles?season=2023,a5a7d5783ac11be1f4a6acec7ad4854d29a21e6cea179bba298bcf246dbe9126,2026-10-02T17:51:08.672246+00:00,187.96,https://www.mlb.com/player/595345,412ac1e4d15d4505f1fe999596adcc63802166c706203bb66d94a77c9b64dc54,2026-10-02T17:52:42.522916+00:00,1.7414997762512268,-0.9199904926398431,-0.2964304348710179,1.356459800607285,31.694774040948353
1332,137,1,31.19087644720637,-2.192663102051557,-1.9464114114114115,5.818641141141141,-0.21971261823320648,4.623065659108306,"Junis, Jakob",596001,R,"Junis, Jakob",596001,pitcher-arm-angle-596001-R,Giants,2023,https://baseballsavant.mlb.com/leaderboard/pitcher-arm-angles?season=2023,a5a7d5783ac11be1f4a6acec7ad4854d29a21e6cea179bba298bcf246dbe9126,2026-10-02T17:51:08.672246+00:00,190.5,https://www.mlb.com/player/596001,4f4eee27c94754580828762e06003fc6d8041f7864887a2e7c49ced5890eed4e,2026-10-02T17:52:44.117575+00:00,1.77352181981982,0.5932661981981983,-0.008089109269635018,1.4091104128962118,31.21517250226963
2258,147,3,47.036635461185526,-1.4381739259800084,-1.2804074402125776,5.747643932683791,0.09875661131188927,4.097224575958091,"Weaver, Luke",596133,R,"Weaver, Luke",596133,pitcher-arm-angle-596133-R,zMLB,2023,https://baseballsavant.mlb.com/leaderboard/pitcher-arm-angles?season=2023,a5a7d5783ac11be1f4a6acec7ad4854d29a21e6cea179bba298bcf246dbe9126,2026-10-02T17:51:08.672246+00:00,187.96,https://www.mlb.com/player/596133,15365037bcde18b5fcc7293c4ed62a392bac55afa52a0305d0344876658b25fb,2026-10-02T17:52:44.404323+00:00,1.7518818706820194,0.3902681877767937,-0.07818823998977677,1.2488340507520261,47.03921275625769
2160,115,1,53.814349845024175,0.9891606712616718,1.5661666666666667,6.596990740740741,-0.42642069250511655,4.660265374249026,"Gomber, Austin",596295,L,"Gomber, Austin",596295,pitcher-arm-angle-596295-L,Rockies,2023,https://baseballsavant.mlb.com/leaderboard/pitcher-arm-angles?season=2023,a5a7d5783ac11be1f4a6acec7ad4854d29a21e6cea179bba298bcf246dbe9126,2026-10-02T17:51:08.672246+00:00,195.58,https://www.mlb.com/player/596295,6debe05903bb71bbb6c416f25e358bf7adca2c797bd49df448a70b7a8053ba41,2026-10-02T17:52:45.550236+00:00,2.010762777777778,-0.47736760000000006,-0.04589840032388291,1.4204488860711033,53.83637542280349
2277,111,1,55.468415214484594,-1.0333076125174483,-1.33911286780852,6.592986385595081,0.2807584851068227,4.68222212428869,"Pivetta, Nick",601713,R,"Pivetta, Nick",601713,pitcher-arm-angle-601713-R,Red Sox,2023,https://baseballsavant.mlb.com/leaderboard/pitcher-arm-angles?season=2023,a5a7d5783ac11be1f4a6acec7ad4854d29a21e6cea179bba298bcf246dbe9126,2026-10-02T17:51:08.672246+00:00,195.58,https://www.mlb.com/player/601713,1d5dd5d365c34dc7c11c37be25bbe96bf37d32eda867061d650ad00d6608316c,2026-10-02T17:52:46.334739+00:00,2.009542250329381,0.4081616021080369,0.007634255552159096,1.4271413034831928,55.48301416321276
1197,135,2,28.9794517334303,-2.2079721561992565,-1.9051294903926483,5.215948203842941,-0.1863076243788318,4.096959562527829,"Barlow, Scott",605130,R,"Barlow, Scott",605130,pitcher-arm-angle-605130-R,zMLB,2023,https://baseballsavant.mlb.com/leaderboard/pitcher-arm-angles?season=2023,a5a7d5783ac11be1f4a6acec7ad4854d29a21e6cea179bba298bcf246dbe9126,2026-10-02T17:51:08.672246+00:00,190.5,https://www.mlb.com/player/605130,b84f311299518d9da1ef7c1d7d6adeb5a0bf0477287eb00540c44c8984710899,2026-10-02T17:52:47.557622+00:00,1.5898210125313283,0.5806834686716792,-0.03551988062718622,1.2487532746584822,28.96446987582931
3138,141,1,39.48393632912755,-1.9206436449929127,-1.4793371574251115,5.628945188017846,0.08857533895358943,3.9725977326975754,"Bassitt, Chris",605135,R,"Bassitt, Chris",605135,pitcher-arm-angle-605135-R,Blue Jays,2023,https://baseballsavant.mlb.com/leaderboard/pitcher-arm-angles?season=2023,a5a7d5783ac11be1f4a6acec7ad4854d29a21e6cea179bba298bcf246dbe9126,2026-10-02T17:51:08.672246+00:00,195.58,https://www.mlb.com/player/605135,2d5b8d78f78c60ab5dc76cd73f77740147cb027467e9b85f1f0c1b610920b739,2026-10-02T17:52:48.378024+00:00,1.7157024933078395,0.450901965583174,-0.16150798072371989,1.210847788926221,39.50127576124787
2013,145,1,44.900473032248485,-1.5865063304700437,-1.5944461003477397,5.783273720814704,0.020901974244062434,4.180219198649066,"Clevinger, Mike",605182,R,"Clevinger, Mike",605182,pitcher-arm-angle-605182-R,White Sox,2023,https://baseballsavant.mlb.com/leaderboard/pitcher-arm-angles?season=2023,a5a7d5783ac11be1f4a6acec7ad4854d29a21e6cea179bba298bcf246dbe9126,2026-10-02T17:51:08.672246+00:00,193.04,https://www.mlb.com/player/605182,7a04a67831ca225d4640664a2e86e08c2a8359f95d84f48465284a005bb9c760,2026-10-02T17:52:48.894868+00:00,1.7627418301043218,0.48598717138599107,-0.003950879890868502,1.2741308117482355,44.922299922012535
1443,109,1,35.7630006751454,-1.9950088454622035,-1.8467636867636867,5.512106722106722,-0.29231900767489005,4.285278930493637,"Davies, Zach",605200,R,"Davies, Zach",605200,pitcher-arm-angle-605200-R,Diamondbacks,2023,https://baseballsavant.mlb.com/leaderboard/pitcher-arm-angles?season=2023,a5a7d5783ac11be1f4a6acec7ad4854d29a21e6cea179bba298bcf246dbe9126,2026-10-02T17:51:08.672246+00:00,182.88,https://www.mlb.com/player/605200,c54f16b1dc5e432bb6d295bcf797672fda59a25437fddc50f3246e4e3010a77d,2026-10-02T17:52:49.924470+00:00,1.680090128898129,0.5628935717255718,0.04391370916799859,1.3061530180144605,35.77363073212015
1021,147,1,46.104384974148154,-1.628578164451293,-0.8196082272282076,6.559608227228208,0.09990511652795746,4.763033304788392,"Holmes, Clay",605280,R,"Holmes, Clay",605280,pitcher-arm-angle-605280-R,Yankees,2023,https://baseballsavant.mlb.com/leaderboard/pitcher-arm-angles?season=2023,a5a7d5783ac11be1f4a6acec7ad4854d29a21e6cea179bba298bcf246dbe9126,2026-10-02T17:51:08.672246+00:00,195.58,https://www.mlb.com/player/605280,5536b14d41d22735cbe6e82895b4da698e78959f1940857a143e30493a5d68d4,2026-10-02T17:52:50.718605+00:00,1.9993685876591578,0.24981658765915768,-0.2770251163833179,1.451772551299502,46.10661394122989
1856,158,1,41.38517651661774,-1.8336444945806851,-1.3862984913793104,5.881449353448276,-0.0835647132775524,4.338701245370797,"Houser, Adrian",605288,R,"Houser, Adrian",605288,pitcher-arm-angle-605288-R,Brewers,2023,https://baseballsavant.mlb.com/leaderboard/pitcher-arm-angles?season=2023,a5a7d5783ac11be1f4a6acec7ad4854d29a21e6cea179bba298bcf246dbe9126,2026-10-02T17:51:08.672246+00:00,193.04,https://www.mlb.com/player/605288,ba7121746c925ebbe4f6af45cd07c21a38a1849e1669ac167d8a342c511550b3,2026-10-02T17:52:52.705650+00:00,1.7926657629310345,0.42254378017241384,-0.11088053716878106,1.322436139589019,41.39714892654645
1411,135,1,36.20911435684483,-2.2999288364489074,-1.3391849751948972,6.373260099220411,-0.24832651271964232,4.872021045553716,"Musgrove, Joe",605397,R,"Musgrove, Joe",605397,pitcher-arm-angle-605397-R,Padres,2023,https://baseballsavant.mlb.com/leaderboard/pitcher-arm-angles?season=2023,a5a7d5783ac11be1f4a6acec7ad4854d29a21e6cea179bba298bcf246dbe9126,2026-10-02T17:51:08.672246+00:00,195.58,https://www.mlb.com/player/605397,4a3cfe24410d91df1a006a5f047a97bbe640bf2dac4fbb1ef8578a91c09d9b79,2026-10-02T17:52:52.867517+00:00,1.9425696782423814,0.40818358043940467,-0.21714480783327533,1.4849920146847726,36.194419069299435
3087,143,1,23.03208952637598,-2.325297769827297,-2.0077097505668933,5.168445092322643,-0.21841099256441393,4.273039209536629,"Nola, Aaron",605400,R,"Nola, Aaron",605400,pitcher-arm-angle-605400-R,Phillies,2023,https://baseballsavant.mlb.com/leaderboard/pitcher-arm-angles?season=2023,a5a7d5783ac11be1f4a6acec7ad4854d29a21e6cea179bba298bcf246dbe9126,2026-10-02T17:51:08.672246+00:00,187.96,https://www.mlb.com/player/605400,158d0dcf12bef4170e18c67c6f23317694654b664b5354d4bea4d5e60c059320,2026-10-02T17:52:53.517192+00:00,1.5753420641399416,0.6119499319727891,-0.030229157736937684,1.3024223510667645,23.025008349101633
3107,135,1,57.520660588969214,1.0855718822422402,2.119391696169939,6.594708722240103,-0.20412877408095229,4.567750712897735,"Snell, Blake",605483,L,"Snell, Blake",605483,pitcher-arm-angle-605483-L,Padres,2023,https://baseballsavant.mlb.com/leaderboard/pitcher-arm-angles?season=2023,a5a7d5783ac11be1f4a6acec7ad4854d29a21e6cea179bba298bcf246dbe9126,2026-10-02T17:51:08.672246+00:00,193.04,https://www.mlb.com/player/605483,d576004cf5e141ca55e4cab351a50a2923cf7e315034cb4704231a398817d1a0,2026-10-02T17:52:55.113614+00:00,2.0100672185387833,-0.6459905889925974,-0.2528898289452883,1.3922504172912296,57.53246381347761
1043,158,1,42.812757089115514,-1.6049674195387995,-1.2964333652924258,5.829357622243529,0.06960513985948254,4.277600859562861,"Woodruff, Brandon",605540,R,"Woodruff, Brandon",605540,pitcher-arm-angle-605540-R,Brewers,2023,https://baseballsavant.mlb.com/leaderboard/pitcher-arm-angles?season=2023,a5a7d5783ac11be1f4a6acec7ad4854d29a21e6cea179bba298bcf246dbe9126,2026-10-02T17:51:08.672246+00:00,193.04,https://www.mlb.com/player/605540,3c39e4346c92abeb140dd23a2e04fba11a6f47499c0abcf50c8df74579068691,2026-10-02T17:52:57.952230+00:00,1.7767882032598277,0.3951528897411314,-0.11525682636346499,1.3038127419947603,42.819989810524056
1253,117,1,35.37186462473319,-1.7814898380311481,-1.437366320830008,5.050837988826816,0.09621229590871393,3.7151229382458926,"Montero, Rafael",606160,R,"Montero, Rafael",606160,pitcher-arm-angle-606160-R,Astros,2023,https://baseballsavant.mlb.com/leaderboard/pitcher-arm-angles?season=2023,a5a7d5783ac11be1f4a6acec7ad4854d29a21e6cea179bba298bcf246dbe9126,2026-10-02T17:51:08.672246+00:00,182.88,https://www.mlb.com/player/606160,1702d0ac865cee36bd1aa0fe2671858193e56afdbea1c170c05050bc4bb5e57b,2026-10-02T17:52:59.662730+00:00,1.5394954189944134,0.4381092545889865,-0.1342143558358835,1.132369471577348,35.42638050901501
1116,158,1,29.906996123566138,-2.003642195305088,-2.6186917562724012,5.682329749103943,0.0902099009545167,4.4782739014911925,"Payamps, Joel",606303,R,"Payamps, Joel",606303,pitcher-arm-angle-606303-R,Brewers,2023,https://baseballsavant.mlb.com/leaderboard/pitcher-arm-angles?season=2023,a5a7d5783ac11be1f4a6acec7ad4854d29a21e6cea179bba298bcf246dbe9126,2026-10-02T17:51:08.672246+00:00,190.5,https://www.mlb.com/player/606303,c61ec66be984f4927f2d710ed1349f7bc0312a4f93a9c15c7922c3001ed8ecef,2026-10-02T17:52:59.864908+00:00,1.7319741075268817,0.7981772473118279,0.15997112837190045,1.3649778851745156,29.900770969546272
1993,158,1,37.48919621415263,-1.9005636619786814,-2.1227997992975416,5.6304666332162565,-0.12118515942161201,4.264332282552212,"Rea, Colin",607067,R,"Rea, Colin",607067,pitcher-arm-angle-607067-R,Brewers,2023,https://baseballsavant.mlb.com/leaderboard/pitcher-arm-angles?season=2023,a5a7d5783ac11be1f4a6acec7ad4854d29a21e6cea179bba298bcf246dbe9126,2026-10-02T17:51:08.672246+00:00,195.58,https://www.mlb.com/player/607067,cdb3cbdeea1bef8f75c7b14f81322dee462ebd6583563c1fe2550538836839ab,2026-10-02T17:53:01.807774+00:00,1.716166229804315,0.6470293788258907,0.10467481124649593,1.2997684797219144,37.51558613247232
1133,147,1,46.97915586719141,1.577664989425128,1.9137511032656664,6.428490732568402,-0.05194527983222495,4.681115062624585,"Rodón, Carlos",607074,L,"Rodón, Carlos",607074,pitcher-arm-angle-607074-L,Yankees,2023,https://baseballsavant.mlb.com/leaderboard/pitcher-arm-angles?season=2023,a5a7d5783ac11be1f4a6acec7ad4854d29a21e6cea179bba298bcf246dbe9126,2026-10-02T17:51:08.672246+00:00,187.96,https://www.mlb.com/player/607074,f82f3852673598ea59ea572d872ed50c1785684ef045f3cc6c2fd3141eeb90da,2026-10-02T17:53:01.702775+00:00,1.959403975286849,-0.5833113362753751,-0.08660612620573395,1.4268038710879736,46.99726244168746
1839,139,1,55.28751248381219,-1.264560721592076,-1.8630288200108756,6.048798259923871,0.1473661276908806,4.0057068578986295,"Glasnow, Tyler",607192,R,"Glasnow, Tyler",607192,pitcher-arm-angle-607192-R,Rays,2023,https://baseballsavant.mlb.com/leaderboard/pitcher-arm-angles?season=2023,a5a7d5783ac11be1f4a6acec7ad4854d29a21e6cea179bba298bcf246dbe9126,2026-10-02T17:51:08.672246+00:00,203.2,https://www.mlb.com/player/607192,2f65c0196847de5ce52d723cc3fb4acacc0da97b6944eb55888b52d5f871bbc6,2026-10-02T17:53:01.791687+00:00,1.8436737096247962,0.5678511843393149,0.13749588067786972,1.2209394502875024,55.35266682424271
1651,135,1,58.02636546471297,-0.9265601337230875,-1.8619321623258631,6.150321017565112,0.274466409165946,4.223789226267017,"Martinez, Nick",607259,R,"Martinez, Nick",607259,pitcher-arm-angle-607259-R,Padres,2023,https://baseballsavant.mlb.com/leaderboard/pitcher-arm-angles?season=2023,a5a7d5783ac11be1f4a6acec7ad4854d29a21e6cea179bba298bcf246dbe9126,2026-10-02T17:51:08.672246+00:00,185.42000000000002,https://www.mlb.com/player/607259,5f651b41f4871063a3f68b914e313a6be85413dee16974a891d45c512ff1add9,2026-10-02T17:53:03.200378+00:00,1.8746178461538463,0.5675169230769231,0.20144403280434567,1.2874109561661868,58.0600163272902
1071,145,1,9.243413435065747,2.5292021141471612,2.3321008403361345,5.186573295985061,0.25249814257253705,4.816025002371715,"Bummer, Aaron",607481,L,"Bummer, Aaron",607481,pitcher-arm-angle-607481-L,White Sox,2023,https://baseballsavant.mlb.com/leaderboard/pitcher-arm-angles?season=2023,a5a7d5783ac11be1f4a6acec7ad4854d29a21e6cea179bba298bcf246dbe9126,2026-10-02T17:51:08.672246+00:00,190.5,https://www.mlb.com/player/607481,09a32fbded769f4858971e5496615a540f01b043514d2b52381294d7b913fcc5,2026-10-02T17:53:05.203389+00:00,1.5808675406162465,-0.7108243361344538,-0.016884965598508352,1.4679244207228987,9.244202065976314
2413,115,1,24.46851423466757,2.2417938882430914,1.455246581019478,5.708777455449647,0.1626767942583732,4.763515026597611,"Freeland, Kyle",607536,L,"Freeland, Kyle",607536,pitcher-arm-angle-607536-L,Rockies,2023,https://baseballsavant.mlb.com/leaderboard/pitcher-arm-angles?season=2023,a5a7d5783ac11be1f4a6acec7ad4854d29a21e6cea179bba298bcf246dbe9126,2026-10-02T17:51:08.672246+00:00,193.04,https://www.mlb.com/player/607536,1de97eac619ac57f48d9f53fd204584698245fc31fb62208d81b1523ca3ae98c,2026-10-02T17:53:05.414676+00:00,1.7400353684210526,-0.4435591578947369,0.19015573235180525,1.4519193801069519,24.448732606861658
2259,135,1,39.42581263268875,-1.974444672668619,-1.128756086764055,5.626657813191677,-0.07563498160260522,4.061176351634461,"Lugo, Seth",607625,R,"Lugo, Seth",607625,pitcher-arm-angle-607625-R,Padres,2023,https://baseballsavant.mlb.com/leaderboard/pitcher-arm-angles?season=2023,a5a7d5783ac11be1f4a6acec7ad4854d29a21e6cea179bba298bcf246dbe9126,2026-10-02T17:51:08.672246+00:00,193.04,https://www.mlb.com/player/607625,ca5b17a79da48a23302293e82efeea0cfc729cd8026aecf2ac9ed3ea18f51584,2026-10-02T17:53:07.234893+00:00,1.7150053014608233,0.34404485524568396,-0.23471233859123705,1.2378465519781836,39.50401596754639
1127,108,1,39.6485024906561,-1.696987586671986,-1.643513753327418,5.775492457852707,0.19753064799042147,4.205353073877773,"Estévez, Carlos",608032,R,"Estévez, Carlos",608032,pitcher-arm-angle-608032-R,Angels,2023,https://baseballsavant.mlb.com/leaderboard/pitcher-arm-angles?season=2023,a5a7d5783ac11be1f4a6acec7ad4854d29a21e6cea179bba298bcf246dbe9126,2026-10-02T17:51:08.672246+00:00,198.12,https://www.mlb.com/player/608032,d4e3b3cf497b768035ebb1a1922a0bfad50953fe6c3991fc495c0f949021c11c,2026-10-02T17:53:08.109505+00:00,1.7603701011535051,0.500942992014197,-0.07650616591090477,1.2817916169179453,39.65127000450959
1203,144,1,49.72372747495984,1.4399235146890108,1.2755112219451372,5.9782294264339155,-0.11302532572312535,4.146814545187833,"Fried, Max",608331,L,"Fried, Max",608331,pitcher-arm-angle-608331-L,Braves,2023,https://baseballsavant.mlb.com/leaderboard/pitcher-arm-angles?season=2023,a5a7d5783ac11be1f4a6acec7ad4854d29a21e6cea179bba298bcf246dbe9126,2026-10-02T17:51:08.672246+00:00,193.04,https://www.mlb.com/player/608331,ddb476e8804f21219b47f7c533e3c6a00e049d54e0bf58703d6d8701ce1b7241,2026-10-02T17:53:07.871104+00:00,1.8221643291770575,-0.3887758204488778,0.08456298610874129,1.2639490733732515,49.703711136065166
3190,145,3,51.335626250785936,-1.4125641091339278,-1.2719655172413793,6.325905956112853,0.09174520521460222,4.444616704384803,"Giolito, Lucas",608337,R,"Giolito, Lucas",608337,pitcher-arm-angle-608337-R,zMLB,2023,https://baseballsavant.mlb.com/leaderboard/pitcher-arm-angles?season=2023,a5a7d5783ac11be1f4a6acec7ad4854d29a21e6cea179bba298bcf246dbe9126,2026-10-02T17:51:08.672246+00:00,198.12,https://www.mlb.com/player/608337,7d4c0c7de948eeb40e632fa97e5543b3e79814f43b6283d1cf13ac0713ea6b7d,2026-10-02T17:53:10.104946+00:00,1.9281361354231976,0.3876950896551724,-0.07081838935825956,1.354719171496488,51.35360376213985
1268,110,1,42.24243294387063,1.9336807334096735,1.3705914826498422,6.20333596214511,0.22535904690812372,4.652408495490253,"Irvin, Cole",608344,L,"Irvin, Cole",608344,pitcher-arm-angle-608344-L,Orioles,2023,https://baseballsavant.mlb.com/leaderboard/pitcher-arm-angles?season=2023,a5a7d5783ac11be1f4a6acec7ad4854d29a21e6cea179bba298bcf246dbe9126,2026-10-02T17:51:08.672246+00:00,193.04,https://www.mlb.com/player/608344,8a7dfc06fe725ee5565d925b6797711d39434ed52a75447a5ac7767d7192e8fb,2026-10-02T17:53:11.165783+00:00,1.8907768012618298,-0.4177562839116719,0.10294016613400048,1.418054109425429,42.235245404386994
1056,113,1,38.9683573419411,-1.5268217312716157,-2.0443276515151516,5.707111742424242,0.18831791410090207,4.31908888390928,"Sims, Lucas",608371,R,"Sims, Lucas",608371,pitcher-arm-angle-608371-R,Reds,2023,https://baseballsavant.mlb.com/leaderboard/pitcher-arm-angles?season=2023,a5a7d5783ac11be1f4a6acec7ad4854d29a21e6cea179bba298bcf246dbe9126,2026-10-02T17:51:08.672246+00:00,187.96,https://www.mlb.com/player/608371,9b13957547554d7ede14df618ef8a0459cfaad2ec716d4bb23e3bb1af126faaa,2026-10-02T17:53:11.153347+00:00,1.7395276590909092,0.6231110681818183,0.1003365042722748,1.3164582918155485,38.98244600646386
2220,135,1,53.14310862518624,-1.171320314827797,-1.5478198198198199,6.579247747747748,0.22269330213903743,4.719214736755472,"Wacha, Michael",608379,R,"Wacha, Michael",608379,pitcher-arm-angle-608379-R,Padres,2023,https://baseballsavant.mlb.com/leaderboard/pitcher-arm-angles?season=2023,a5a7d5783ac11be1f4a6acec7ad4854d29a21e6cea179bba298bcf246dbe9126,2026-10-02T17:51:08.672246+00:00,198.12,https://www.mlb.com/player/608379,f7026d200526e13417f3c55ab6ec1ce91dced06849ca146c1edf0bf60f12cde6,2026-10-02T17:53:11.700826+00:00,2.0053547135135137,0.47177548108108114,0.046880130629589935,1.4384166517630679,53.15004152589959
1113,145,2,44.72834229901119,-1.577850874929474,-1.0510691823899372,5.771437556154537,0.03696881090915498,4.170748945535904,"Graveman, Kendall",608665,R,"Graveman, Kendall",608665,pitcher-arm-angle-608665-R,zMLB,2023,https://baseballsavant.mlb.com/leaderboard/pitcher-arm-angles?season=2023,a5a7d5783ac11be1f4a6acec7ad4854d29a21e6cea179bba298bcf246dbe9126,2026-10-02T17:51:08.672246+00:00,187.96,https://www.mlb.com/player/608665,d9d608347134b8bcfdf1ae9a200ed0da4aff010bb1bdc81b392de25834eb08e5,2026-10-02T17:53:13.522656+00:00,1.759134167115903,0.32036588679245287,-0.17183115345116123,1.2712442785993436,44.74820598075889
1337,140,2,37.812496721865834,-1.795542177578832,-1.8457516828721017,5.8517501869857895,0.09457079828599693,4.384050158854594,"Stratton, Chris",608717,R,"Stratton, Chris",608717,pitcher-arm-angle-608717-R,zMLB,2023,https://baseballsavant.mlb.com/leaderboard/pitcher-arm-angles?season=2023,a5a7d5783ac11be1f4a6acec7ad4854d29a21e6cea179bba298bcf246dbe9126,2026-10-02T17:51:08.672246+00:00,187.96,https://www.mlb.com/player/608717,f81b26eceba51a286bafb54ae19148b8e99b61b4fa50bb02aa5877c9017896ec,2026-10-02T17:53:14.713390+00:00,1.7836134569932687,0.5625851129394166,-0.013521322104183286,1.3362584884188802,37.829855452331316
1128,115,1,52.97693534897914,1.2447780345000494,3.2601063829787233,6.290274822695036,-0.012419088570308854,4.623614525969963,"Suter, Brent",608718,L,"Suter, Brent",608718,pitcher-arm-angle-608718-L,Rockies,2023,https://baseballsavant.mlb.com/leaderboard/pitcher-arm-angles?season=2023,a5a7d5783ac11be1f4a6acec7ad4854d29a21e6cea179bba298bcf246dbe9126,2026-10-02T17:51:08.672246+00:00,193.04,https://www.mlb.com/player/608718,697697d5712280f97918ea148ee9ca174a1ded50dbea98793a09cfe7d7144f93,2026-10-02T17:53:14.722499+00:00,1.917275765957447,-0.9936804255319149,-0.6104867424200696,1.4092777075156446,52.971976941716996
977,109,1,17.158731457900114,-2.679131257672524,-2.3998055271238483,5.001606960081883,-0.28106243475151294,4.2595499345918695,"Castro, Miguel",612434,R,"Castro, Miguel",612434,pitcher-arm-angle-612434-R,Diamondbacks,2023,https://baseballsavant.mlb.com/leaderboard/pitcher-arm-angles?season=2023,a5a7d5783ac11be1f4a6acec7ad4854d29a21e6cea179bba298bcf246dbe9126,2026-10-02T17:51:08.672246+00:00,200.66,https://www.mlb.com/player/612434,e8ba925e597641ea3d5c1e8762df5f10e79563967cfd4dd2d4f415bcc0c25285,2026-10-02T17:53:16.344913+00:00,1.524489801432958,0.731460724667349,0.0005293474410247523,1.298310820063602,17.194128679968834
1706,114,1,46.47503212111887,-1.5559941335381882,-1.2178370457209848,6.308065650644783,0.11997691883318393,4.543615841749681,"Quantrill, Cal",615698,R,"Quantrill, Cal",615698,pitcher-arm-angle-615698-R,Guardians,2023,https://baseballsavant.mlb.com/leaderboard/pitcher-arm-angles?season=2023,a5a7d5783ac11be1f4a6acec7ad4854d29a21e6cea179bba298bcf246dbe9126,2026-10-02T17:51:08.672246+00:00,190.5,https://www.mlb.com/player/615698,a43abf37a76cb290084398de5d0c9d21fd2405849cabf8050cbd871017a99be8,2026-10-02T17:53:17.170402+00:00,1.92269841031653,0.3711967315357562,-0.13963924522703805,1.3848941085653028,46.47317504172415
1176,118,2,2.5622207668285757,-3.2527107700797835,-4.232287414965986,4.041037414965986,-0.8279514952950877,3.9325552332296554,"Cuas, Jose",621016,R,"Cuas, Jose",621016,pitcher-arm-angle-621016-R,zMLB,2023,https://baseballsavant.mlb.com/leaderboard/pitcher-arm-angles?season=2023,a5a7d5783ac11be1f4a6acec7ad4854d29a21e6cea179bba298bcf246dbe9126,2026-10-02T17:51:08.672246+00:00,190.5,https://www.mlb.com/player/621016,b9bc5bbc1bfa83f54b55b36706fc34700010706fd2061f48547a7e6a93b3cc6f,2026-10-02T17:53:18.230854+00:00,1.2317082040816327,1.2900012040816327,0.5509345771272574,1.198642835088399,2.5616683491208776
1090,133,1,33.191292764867086,-2.09608128702991,-2.8641284403669727,5.914211009174312,-0.28559755139086496,4.7298857773634895,"Kaprielian, James",621076,R,"Kaprielian, James",621076,pitcher-arm-angle-621076-R,Athletics,2023,https://baseballsavant.mlb.com/leaderboard/pitcher-arm-angles?season=2023,a5a7d5783ac11be1f4a6acec7ad4854d29a21e6cea179bba298bcf246dbe9126,2026-10-02T17:51:08.672246+00:00,190.5,https://www.mlb.com/player/621076,aaafd3435c9a398eaebb17f3bd0380fb31dd102214a413ab82667d2359c2e500,2026-10-02T17:53:18.772290+00:00,1.8026515155963303,0.8729863486238533,0.32115090600107243,1.4416691849403918,33.190645428675424
2506,139,1,32.755549726166436,-2.3767779819986976,-2.2183838786911414,5.922210694333599,-0.29855521692679104,4.584624306975202,"Eflin, Zach",621107,R,"Eflin, Zach",621107,pitcher-arm-angle-621107-R,Rays,2023,https://baseballsavant.mlb.com/leaderboard/pitcher-arm-angles?season=2023,a5a7d5783ac11be1f4a6acec7ad4854d29a21e6cea179bba298bcf246dbe9126,2026-10-02T17:51:08.672246+00:00,198.12,https://www.mlb.com/player/621107,e788f88a7294a6177eb9b0a857e9aa51f14fdc6273f1add2370837e0e0a24032,2026-10-02T17:53:19.382839+00:00,1.805089819632881,0.6761634062250599,0.04272110743114278,1.3973934887660417,32.76615554786414
1874,133,1,49.36049041188993,-1.4741572024089613,-2.071147278548559,5.952401280683031,0.041459435002292364,4.185062718464702,"Blackburn, Paul",621112,R,"Blackburn, Paul",621112,pitcher-arm-angle-621112-R,Athletics,2023,https://baseballsavant.mlb.com/leaderboard/pitcher-arm-angles?season=2023,a5a7d5783ac11be1f4a6acec7ad4854d29a21e6cea179bba298bcf246dbe9126,2026-10-02T17:51:08.672246+00:00,185.42000000000002,https://www.mlb.com/player/621112,c75ac075219c1bd921b8af029ca58902d1d49399a1d74062c6fc0bbc4d668110,2026-10-02T17:53:19.414857+00:00,1.8142919103521877,0.6312856905016009,0.16932573941865073,1.2756071165880414,49.3845980976415
2936,141,1,41.302297098946106,-2.041669921330801,-2.3233310626702997,5.634356267029973,-0.3021771457462103,4.105737906897959,"Berríos, José",621244,R,"Berríos, José",621244,pitcher-arm-angle-621244-R,Blue Jays,2023,https://baseballsavant.mlb.com/leaderboard/pitcher-arm-angles?season=2023,a5a7d5783ac11be1f4a6acec7ad4854d29a21e6cea179bba298bcf246dbe9126,2026-10-02T17:51:08.672246+00:00,182.88,https://www.mlb.com/player/621244,004ef40d73fa0d8fcbdc5213208c8f190b6a2f6fd33c55fe9f9c60ed5f902c19,2026-10-02T17:53:22.874211+00:00,1.7173517901907358,0.7081513079019074,0.17795390990372406,1.251428914022498,41.30811580564036
1041,144,1,42.235826432887144,1.6783107259296914,2.4587800192122957,5.773938520653218,0.11960152739464489,4.3591603958726095,"Minter, A.J.",621345,L,"Minter, A.J.",621345,pitcher-arm-angle-621345-L,Braves,2023,https://baseballsavant.mlb.com/leaderboard/pitcher-arm-angles?season=2023,a5a7d5783ac11be1f4a6acec7ad4854d29a21e6cea179bba298bcf246dbe9126,2026-10-02T17:51:08.672246+00:00,182.88,https://www.mlb.com/player/621345,013c434fba653d4c00ea789357711e2c98352128f14f3c645d89ed304a56ecfb,2026-10-02T17:53:23.946186+00:00,1.759896461095101,-0.7494361498559078,-0.27434158614242554,1.3286720886619714,42.22877197280399
1366,143,1,32.66066509820894,2.1462065710862874,2.2958199121522695,5.454648609077599,0.06404407693331558,4.119035113711397,"Strahm, Matt",621381,L,"Strahm, Matt",621381,pitcher-arm-angle-621381-L,Phillies,2023,https://baseballsavant.mlb.com/leaderboard/pitcher-arm-angles?season=2023,a5a7d5783ac11be1f4a6acec7ad4854d29a21e6cea179bba298bcf246dbe9126,2026-10-02T17:51:08.672246+00:00,187.96,https://www.mlb.com/player/621381,686366efa23ff12f918c888c7ffe0dfc68131b6ba22dd84814bb3838a40ca913,2026-10-02T17:53:25.323152+00:00,1.662576896046852,-0.6997659092240118,-0.06512278100618595,1.2554819026592339,32.67834422991946
1007,145,1,48.4446007282461,1.7032548863623331,2.7114399205561073,6.304131082423039,0.1522071542871911,4.5534074244105875,"Banks, Tanner",621383,L,"Banks, Tanner",621383,pitcher-arm-angle-621383-L,White Sox,2023,https://baseballsavant.mlb.com/leaderboard/pitcher-arm-angles?season=2023,a5a7d5783ac11be1f4a6acec7ad4854d29a21e6cea179bba298bcf246dbe9126,2026-10-02T17:51:08.672246+00:00,185.42000000000002,https://www.mlb.com/player/621383,809b1c49c2d4e2b8e5af8c9a36fcf6494653293b253f2131ee4b0ae2e3be8ed2,2026-10-02T17:53:26.931424+00:00,1.9214991539225423,-0.8264468877855016,-0.3536875390489982,1.387878582960347,48.46076995744134
1263,115,1,21.504670762661156,2.3502974613942427,3.117220902612827,5.743428345209818,0.1428598698314711,4.873277343153486,"Blach, Ty",621389,L,"Blach, Ty",621389,pitcher-arm-angle-621389-L,Rockies,2023,https://baseballsavant.mlb.com/leaderboard/pitcher-arm-angles?season=2023,a5a7d5783ac11be1f4a6acec7ad4854d29a21e6cea179bba298bcf246dbe9126,2026-10-02T17:51:08.672246+00:00,185.42000000000002,https://www.mlb.com/player/621389,055c7db98acd0a1c0404c323660c8e682d49a0acd65c3e04cd92cdfb0c91a194,2026-10-02T17:53:26.984158+00:00,1.7505969596199527,-0.9501289311163896,-0.27730195320805684,1.4853749341931826,21.513889444587793
1705,137,1,18.16264945051157,2.8116739189868407,2.0886451612903225,4.763108504398827,0.4742677075394274,3.995903399407217,"Wood, Alex",622072,L,"Wood, Alex",622072,pitcher-arm-angle-622072-L,Giants,2023,https://baseballsavant.mlb.com/leaderboard/pitcher-arm-angles?season=2023,a5a7d5783ac11be1f4a6acec7ad4854d29a21e6cea179bba298bcf246dbe9126,2026-10-02T17:51:08.672246+00:00,193.04,https://www.mlb.com/player/622072,a457df8a23383439d571590c4a1c5801abf4546f0e333731cc8bb2a6ba321dae,2026-10-02T17:53:28.584451+00:00,1.4517954721407624,-0.6366190451612903,0.07582236808788129,1.2179513561393198,18.171349241097026
1081,121,1,40.52380738190645,-1.8079061126077454,-2.2880851063829786,5.51840888066605,-0.11096313590275064,4.066600105368865,"Smith, Drew",622098,R,"Smith, Drew",622098,pitcher-arm-angle-622098-R,Mets,2023,https://baseballsavant.mlb.com/leaderboard/pitcher-arm-angles?season=2023,a5a7d5783ac11be1f4a6acec7ad4854d29a21e6cea179bba298bcf246dbe9126,2026-10-02T17:51:08.672246+00:00,187.96,https://www.mlb.com/player/622098,12a5da3db757dce9d31f7801ab3724c215126b243fa326dc1a1073529d3a5686,2026-10-02T17:53:28.559796+00:00,1.6820110268270123,0.6974083404255319,0.1801801211258495,1.2394997121164302,40.548431894808644
3205,136,1,18.06905713379509,-2.3783544498787075,-2.482390015600624,5.092408736349454,-0.11749658276812355,4.354178703173796,"Castillo, Luis",622491,R,"Castillo, Luis",622491,pitcher-arm-angle-622491-R,Mariners,2023,https://baseballsavant.mlb.com/leaderboard/pitcher-arm-angles?season=2023,a5a7d5783ac11be1f4a6acec7ad4854d29a21e6cea179bba298bcf246dbe9126,2026-10-02T17:51:08.672246+00:00,187.96,https://www.mlb.com/player/622491,8e9927e8051135689c09d10728142dd5599c6d147208c609182f83081315f6f8,2026-10-02T17:53:30.663400+00:00,1.5521661828393136,0.7566324767550703,0.06752299885976422,1.327153668727373,18.08323308421814
1636,147,1,42.52289814391432,-1.4843381331372598,-1.7827017114914425,6.049957212713936,0.11883252264119695,4.579468219462713,"Severino, Luis",622663,R,"Severino, Luis",622663,pitcher-arm-angle-622663-R,Yankees,2023,https://baseballsavant.mlb.com/leaderboard/pitcher-arm-angles?season=2023,a5a7d5783ac11be1f4a6acec7ad4854d29a21e6cea179bba298bcf246dbe9126,2026-10-02T17:51:08.672246+00:00,187.96,https://www.mlb.com/player/622663,5adf38cfa4dcb81c06d97cb727743b1e0ce52fa510cd529905f516f7ec5ccd10,2026-10-02T17:53:33.217151+00:00,1.8440269584352078,0.5433674816625917,0.05472106578131806,1.3958219132922352,42.52822906277391
994,136,2,17.405575511809936,-2.612320794446034,-3.716227364185111,4.422193158953722,-0.6278567125569818,3.799021248345689,"Sewald, Paul",623149,R,"Sewald, Paul",623149,pitcher-arm-angle-623149-R,zMLB,2023,https://baseballsavant.mlb.com/leaderboard/pitcher-arm-angles?season=2023,a5a7d5783ac11be1f4a6acec7ad4854d29a21e6cea179bba298bcf246dbe9126,2026-10-02T17:51:08.672246+00:00,190.5,https://www.mlb.com/player/623149,00020df5975f91b2c277ccae53357850e6f84ea8a7b1fa60f65ada95e40a59ba,2026-10-02T17:53:34.756347+00:00,1.3478844748490946,1.1327061006036219,0.5278414484438387,1.1579416764957662,17.43360760384174
1752,136,2,69.480424791407,-0.3546806848431486,-0.36989155251141553,6.8030993150684935,0.4593618180699013,4.622800873867605,"Flexen, Chris",623167,R,"Flexen, Chris",623167,pitcher-arm-angle-623167-R,zMLB,2023,https://baseballsavant.mlb.com/leaderboard/pitcher-arm-angles?season=2023,a5a7d5783ac11be1f4a6acec7ad4854d29a21e6cea179bba298bcf246dbe9126,2026-10-02T17:51:08.672246+00:00,190.5,https://www.mlb.com/player/623167,6bc25147a140e958cc198cbdc701ab92092c1a4709f960bf3516eee6d10d7e9c,2026-10-02T17:53:34.686006+00:00,2.073584671232877,0.11274294520547946,-0.13537720968241815,1.409029706354846,69.52623473856383
1012,146,1,35.73700589328218,-2.171309592888599,-1.8086166007905138,5.73649209486166,-0.05619836375261567,4.212355707094193,"Brazobán, Huascar",623211,R,"Brazobán, Huascar",623211,pitcher-arm-angle-623211-R,Marlins,2023,https://baseballsavant.mlb.com/leaderboard/pitcher-arm-angles?season=2023,a5a7d5783ac11be1f4a6acec7ad4854d29a21e6cea179bba298bcf246dbe9126,2026-10-02T17:51:08.672246+00:00,190.5,https://www.mlb.com/player/623211,44a1022038d552c074bf4f1fb9dff649dc141cae08d26a7d8340cc72cda81b17,2026-10-02T17:53:34.171633+00:00,1.748482790513834,0.5512663399209486,-0.09341956271969913,1.28392601952231,35.7762938165652
992,135,1,33.372371735002616,2.104834449940312,2.8022479838709677,5.5436895161290325,0.13646782612055086,4.24581536435872,"Hader, Josh",623352,L,"Hader, Josh",623352,pitcher-arm-angle-623352-L,Padres,2023,https://baseballsavant.mlb.com/leaderboard/pitcher-arm-angles?season=2023,a5a7d5783ac11be1f4a6acec7ad4854d29a21e6cea179bba298bcf246dbe9126,2026-10-02T17:51:08.672246+00:00,190.5,https://www.mlb.com/player/623352,336cc2b95a36abd2263cd0050744aa6c9d2fd338cf26474942db8690d3487f42,2026-10-02T17:53:34.794167+00:00,1.6897165645161292,-0.8541251854838711,-0.2541670385436078,1.2941245230565381,33.399502958090494
1043,136,1,12.245433357192404,-2.8530352009392317,-2.408293384467881,4.896845637583892,-0.526972336585641,4.391955788184706,"Topa, Justin",623437,R,"Topa, Justin",623437,pitcher-arm-angle-623437-R,Mariners,2023,https://baseballsavant.mlb.com/leaderboard/pitcher-arm-angles?season=2023,a5a7d5783ac11be1f4a6acec7ad4854d29a21e6cea179bba298bcf246dbe9126,2026-10-02T17:51:08.672246+00:00,193.04,https://www.mlb.com/player/623437,61533d1e52f75d9083850955df5916d0b00888aa6531ca055d1749263e4a6672,2026-10-02T17:53:36.304188+00:00,1.4925585503355705,0.7340478235858102,0.02506386253083573,1.3386681242386986,12.246520752963471
2021,143,1,40.030634509367715,1.7777388029943166,1.7377684314695696,5.877773379515092,0.01429405864095447,4.39614077352681,"Suarez, Ranger",624133,L,"Suarez, Ranger",624133,pitcher-arm-angle-624133-L,Phillies,2023,https://baseballsavant.mlb.com/leaderboard/pitcher-arm-angles?season=2023,a5a7d5783ac11be1f4a6acec7ad4854d29a21e6cea179bba298bcf246dbe9126,2026-10-02T17:51:08.672246+00:00,185.42000000000002,https://www.mlb.com/player/624133,a083b416ffc464e3c8be8b31ccbd4afeaeb11e16030bef1b314972b407d2a851,2026-10-02T17:53:38.425788+00:00,1.7915453260762,-0.5296718179119249,0.007826140166979972,1.3399437077709717,40.03671683599054
1204,145,3,42.36106374805603,-1.6281823980703223,-1.7156976744186048,5.794094684385382,-0.08730028840288759,4.388930190881849,"López, Reynaldo",625643,R,"López, Reynaldo",625643,pitcher-arm-angle-625643-R,zMLB,2023,https://baseballsavant.mlb.com/leaderboard/pitcher-arm-angles?season=2023,a5a7d5783ac11be1f4a6acec7ad4854d29a21e6cea179bba298bcf246dbe9126,2026-10-02T17:51:08.672246+00:00,185.42000000000002,https://www.mlb.com/player/625643,30087a969e5164f0f6b13129603f3ce8876b924a30027945e1de324a16eef55f,2026-10-02T17:53:39.613242+00:00,1.7660400598006647,0.5229446511627908,0.05328378413615664,1.3377459221807877,42.36237955829487
1700,142,1,39.64485012777362,-1.8931764773440447,-2.189535294117647,5.760464705882353,-0.16203519780853518,4.325286403690888,"Maeda, Kenta",628317,R,"Maeda, Kenta",628317,pitcher-arm-angle-628317-R,Twins,2023,https://baseballsavant.mlb.com/leaderboard/pitcher-arm-angles?season=2023,a5a7d5783ac11be1f4a6acec7ad4854d29a21e6cea179bba298bcf246dbe9126,2026-10-02T17:51:08.672246+00:00,185.42000000000002,https://www.mlb.com/player/628317,b31f92bf9ec33186d2551e1797a8bac522867c23019705787c55225a45a73378,2026-10-02T17:53:39.674490+00:00,1.7557896423529413,0.6673703576470588,0.13971849564463548,1.3183472958449827,39.659951301905735
1849,119,1,44.89897198231538,1.7115291720878385,1.5157815035154136,6.010951865873445,0.03136948126317738,4.335643120335798,"Urías, Julio",628711,L,"Urías, Julio",628711,pitcher-arm-angle-628711-L,Dodgers,2023,https://baseballsavant.mlb.com/leaderboard/pitcher-arm-angles?season=2023,a5a7d5783ac11be1f4a6acec7ad4854d29a21e6cea179bba298bcf246dbe9126,2026-10-02T17:51:08.672246+00:00,182.88,https://www.mlb.com/player/628711,e2b14e7b500593e925c7d6237e8346d6dccc9752b77d02e1528b702eed4670fb,2026-10-02T17:53:41.551342+00:00,1.8321381287182261,-0.4620102022714981,0.05010247149185864,1.3215040230783515,44.91716849577472
1342,144,2,46.42858204709358,-1.543570396288488,-0.8002682563338301,6.622332339791356,0.1356909768988208,4.856536496662071,"Chirinos, Yonny",630023,R,"Chirinos, Yonny",630023,pitcher-arm-angle-630023-R,zMLB,2023,https://baseballsavant.mlb.com/leaderboard/pitcher-arm-angles?season=2023,a5a7d5783ac11be1f4a6acec7ad4854d29a21e6cea179bba298bcf246dbe9126,2026-10-02T17:51:08.672246+00:00,187.96,https://www.mlb.com/player/630023,1d49dce3f0882c03d1014abbb78a7c9076f91af92c02cc759c9a87ddefb1b150,2026-10-02T17:53:41.530362+00:00,2.0184868971684056,0.24392176453055145,-0.2679171020169403,1.4802723241825992,46.438878153156075
1088,120,1,50.20649609695237,-1.0276137192957593,-1.7660386029411765,5.68688419117647,0.3727335230549439,4.004981293580267,"Finnegan, Kyle",640448,R,"Finnegan, Kyle",640448,pitcher-arm-angle-640448-R,Nationals,2023,https://baseballsavant.mlb.com/leaderboard/pitcher-arm-angles?season=2023,a5a7d5783ac11be1f4a6acec7ad4854d29a21e6cea179bba298bcf246dbe9126,2026-10-02T17:51:08.672246+00:00,187.96,https://www.mlb.com/player/640448,2d0d872515211d61b0e37f88d2222ee698f66d3b16ae82828691956a57869f0c,2026-10-02T17:53:43.190877+00:00,1.7333623014705881,0.5382885661764706,0.11146272670797629,1.2207182982832654,50.21933752680923
1981,137,1,27.947910934540953,2.7517773527924394,2.294921756688541,5.66449772841999,0.6558360429877058,4.55153098670885,"Manaea, Sean",640455,L,"Manaea, Sean",640455,pitcher-arm-angle-640455-L,Giants,2023,https://baseballsavant.mlb.com/leaderboard/pitcher-arm-angles?season=2023,a5a7d5783ac11be1f4a6acec7ad4854d29a21e6cea179bba298bcf246dbe9126,2026-10-02T17:51:08.672246+00:00,195.58,https://www.mlb.com/player/640455,d51eb17f36e8e9241fb5315094f9c32a9aea261ca8539c8e2300aa776b176798,2026-10-02T17:53:42.397389+00:00,1.7265389076224131,-0.6994921514386674,-0.06064924021018455,1.3873066447488576,27.968769207618802
3023,142,1,36.00911055231752,-2.2134358419568003,-2.0018193847171686,5.522256037049289,-0.25187306252185415,4.095243369432096,"López, Pablo",641154,R,"López, Pablo",641154,pitcher-arm-angle-641154-R,Twins,2023,https://baseballsavant.mlb.com/leaderboard/pitcher-arm-angles?season=2023,a5a7d5783ac11be1f4a6acec7ad4854d29a21e6cea179bba298bcf246dbe9126,2026-10-02T17:51:08.672246+00:00,193.04,https://www.mlb.com/player/641154,03b9cefaa5e11fccf2c3e011892e44018d15227d67202f46b86509116b739951,2026-10-02T17:53:45.049495+00:00,1.6831836400926232,0.6101545484617931,0.012270213290021393,1.2482301790029031,36.035426135166226
1229,121,2,27.858967651511126,-2.2569123902246724,-2.3818307567127746,5.091708706265257,-0.17942623366677835,3.993657064929678,"Bickford, Phil",641360,R,"Bickford, Phil",641360,pitcher-arm-angle-641360-R,zMLB,2023,https://baseballsavant.mlb.com/leaderboard/pitcher-arm-angles?season=2023,a5a7d5783ac11be1f4a6acec7ad4854d29a21e6cea179bba298bcf246dbe9126,2026-10-02T17:51:08.672246+00:00,193.04,https://www.mlb.com/player/641360,b4a7904d94cc8ca02674f1da322a02193de33b62d044820a9b1023c7e1149986,2026-10-02T17:53:46.269308+00:00,1.5519528136696503,0.7259820146460537,0.09276423412720759,1.217266673390566,27.858611991295763
1068,147,1,48.67743858670562,1.6626781820377925,1.2002247191011235,5.7200374531835205,0.29208899604104493,4.163091125731873,"Cortes, Nestor",641482,L,"Cortes, Nestor",641482,pitcher-arm-angle-641482-L,Yankees,2023,https://baseballsavant.mlb.com/leaderboard/pitcher-arm-angles?season=2023,a5a7d5783ac11be1f4a6acec7ad4854d29a21e6cea179bba298bcf246dbe9126,2026-10-02T17:51:08.672246+00:00,177.8,https://www.mlb.com/player/641482,0bd16c486948c53ab466dd3bc4d4d0698e472c9c50fb24fc8cea8dfe06c15a3c,2026-10-02T17:53:47.740098+00:00,1.7434674157303371,-0.3658284943820225,0.051927089509786216,1.268910175123075,48.642343630495574
2655,140,1,37.803771987701005,-1.9775432468692593,-2.451894538606403,5.454316384180791,-0.1054020187585392,4.0004535153462175,"Dunning, Dane",641540,R,"Dunning, Dane",641540,pitcher-arm-angle-641540-R,Rangers,2023,https://baseballsavant.mlb.com/leaderboard/pitcher-arm-angles?season=2023,a5a7d5783ac11be1f4a6acec7ad4854d29a21e6cea179bba298bcf246dbe9126,2026-10-02T17:51:08.672246+00:00,193.04,https://www.mlb.com/player/641540,6cd8c26450bb31ef027935da6ef20fe605793e4f0e9ba2d6731ee9ae9b1674a0,2026-10-02T17:53:48.078328+00:00,1.662475633898305,0.7473374553672316,0.1767088090390841,1.2193382314775272,37.83211137136954
2202,117,1,42.20838484793203,-1.3748565264838482,-1.463928247048138,5.522016348773842,0.09346447262333221,4.192164999409061,"France, J.P.",641585,R,"France, J.P.",641585,pitcher-arm-angle-641585-R,Astros,2023,https://baseballsavant.mlb.com/leaderboard/pitcher-arm-angles?season=2023,a5a7d5783ac11be1f4a6acec7ad4854d29a21e6cea179bba298bcf246dbe9126,2026-10-02T17:51:08.672246+00:00,182.88,https://www.mlb.com/player/641585,738cb7416311ec93456ed48aedc9b8cbf590d99aeca5b89812607ec74ae0a768,2026-10-02T17:53:50.190185+00:00,1.683110583106267,0.4462053297002725,-0.0013389108275960926,1.277771891819882,42.16698655681646
979,147,1,41.54636430853639,-1.550363470106251,-2.6988457609805923,6.0736874361593465,0.11644154472077622,4.595994593140441,"Hamilton, Ian",641656,R,"Hamilton, Ian",641656,pitcher-arm-angle-641656-R,Yankees,2023,https://baseballsavant.mlb.com/leaderboard/pitcher-arm-angles?season=2023,a5a7d5783ac11be1f4a6acec7ad4854d29a21e6cea179bba298bcf246dbe9126,2026-10-02T17:51:08.672246+00:00,185.42000000000002,https://www.mlb.com/player/641656,7373ee5cdfefcc296c556ecbe9f0b586528f603b1b6b2a01e6ce2e4f5dab4c2a,2026-10-02T17:53:49.372520+00:00,1.8512599305413688,0.8226081879468845,0.31456601942760665,1.4008591519892064,41.55833947581799
1317,138,1,41.51371627197157,-1.7417695967864903,-2.169035687167806,6.280751708428246,0.03963960921015054,4.701555153437091,"Hudson, Dakota",641712,R,"Hudson, Dakota",641712,pitcher-arm-angle-641712-R,Cardinals,2023,https://baseballsavant.mlb.com/leaderboard/pitcher-arm-angles?season=2023,a5a7d5783ac11be1f4a6acec7ad4854d29a21e6cea179bba298bcf246dbe9126,2026-10-02T17:51:08.672246+00:00,195.58,https://www.mlb.com/player/641712,c33d0b37a90da794adc253a79f10bbc722aff91b36e92585ac9b1251fdb934de,2026-10-02T17:53:49.915585+00:00,1.9143731207289296,0.6611220774487473,0.11814855146097109,1.4330340107676256,41.55657941410598
1313,139,2,42.97791819340714,-1.8711387423259604,-0.9535567402894135,6.151591774562071,-0.20457073288776842,4.597649528980047,"Littell, Zack",641793,R,"Littell, Zack",641793,pitcher-arm-angle-641793-R,zMLB,2023,https://baseballsavant.mlb.com/leaderboard/pitcher-arm-angles?season=2023,a5a7d5783ac11be1f4a6acec7ad4854d29a21e6cea179bba298bcf246dbe9126,2026-10-02T17:51:08.672246+00:00,193.04,https://www.mlb.com/player/641793,343e4ca9d997859a3f0e0b23a9eee7e7be56345e1dec68ecfad6da37fbc87747,2026-10-02T17:53:53.390991+00:00,1.8750051728865194,0.2906440944402133,-0.21732583483654772,1.4013635764331185,42.997102419154835
2326,142,1,31.250163213492403,-2.353721661793247,-1.4256104901117799,5.832115219260533,-0.25743754201516456,4.559677270696444,"Ober, Bailey",641927,R,"Ober, Bailey",641927,pitcher-arm-angle-641927-R,Twins,2023,https://baseballsavant.mlb.com/leaderboard/pitcher-arm-angles?season=2023,a5a7d5783ac11be1f4a6acec7ad4854d29a21e6cea179bba298bcf246dbe9126,2026-10-02T17:51:08.672246+00:00,205.74,https://www.mlb.com/player/641927,afd5db36543c56b0b8aba777237a7f395da8e7d9229882e45dc695d3922ca576,2026-10-02T17:53:53.988842+00:00,1.7776287188306106,0.4345260773860705,-0.20442132232228905,1.389789632108276,31.25762070067053
1061,142,1,40.952303378386276,-1.5631246710952087,-1.7604901036757776,5.597379830348728,0.18352693940569972,4.080876044443996,"Pagán, Emilio",641941,R,"Pagán, Emilio",641941,pitcher-arm-angle-641941-R,Twins,2023,https://baseballsavant.mlb.com/leaderboard/pitcher-arm-angles?season=2023,a5a7d5783ac11be1f4a6acec7ad4854d29a21e6cea179bba298bcf246dbe9126,2026-10-02T17:51:08.672246+00:00,187.96,https://www.mlb.com/player/641941,a2c949b891751dc8fe3a87f6c377afb71459e02d49812e71822146998d7d2ed0,2026-10-02T17:53:54.969462+00:00,1.7060813722902923,0.536597383600377,0.004217972719700135,1.2438510183465301,40.96565361059974
1422,119,2,19.802142727354408,2.939776215498907,3.098333333333333,5.251526019690576,0.7671886026434612,4.47018227854369,"Yarbrough, Ryan",642232,L,"Yarbrough, Ryan",642232,pitcher-arm-angle-642232-L,zMLB,2023,https://baseballsavant.mlb.com/leaderboard/pitcher-arm-angles?season=2023,a5a7d5783ac11be1f4a6acec7ad4854d29a21e6cea179bba298bcf246dbe9126,2026-10-02T17:51:08.672246+00:00,195.58,https://www.mlb.com/player/642232,7ec608393d67056a98d44abee180f0bb33f919362d615537fd473f0a5296183f,2026-10-02T17:53:57.468337+00:00,1.6006651308016877,-0.944372,-0.28216729560166015,1.3625115585001166,19.780481916837918
1349,108,1,55.51884080197188,-1.1484064110601475,-1.9489547813194958,6.4384136397331355,0.1283023923444976,4.5797159335693305,"Barria, Jaime",642545,R,"Barria, Jaime",642545,pitcher-arm-angle-642545-R,Angels,2023,https://baseballsavant.mlb.com/leaderboard/pitcher-arm-angles?season=2023,a5a7d5783ac11be1f4a6acec7ad4854d29a21e6cea179bba298bcf246dbe9126,2026-10-02T17:51:08.672246+00:00,185.42000000000002,https://www.mlb.com/player/642545,4a3a561527e51f549c342267706807833557f0cf271d530fd0bb42b095516aaf,2026-10-02T17:53:59.833123+00:00,1.9624284773906597,0.5940414173461823,0.20490057406844653,1.395897416551932,55.5154693552651
2839,158,1,35.66722556016244,-2.1635698715339613,-2.782507925325819,5.073709052483268,-0.34276497436080966,3.7687007690815286,"Peralta, Freddy",642547,R,"Peralta, Freddy",642547,pitcher-arm-angle-642547-R,Brewers,2023,https://baseballsavant.mlb.com/leaderboard/pitcher-arm-angles?season=2023,a5a7d5783ac11be1f4a6acec7ad4854d29a21e6cea179bba298bcf246dbe9126,2026-10-02T17:51:08.672246+00:00,182.88,https://www.mlb.com/player/642547,9ec808812e8a5f552bcb591a68666d1da97fe698c6e710d2d7f7b90f5c633eee,2026-10-02T17:54:00.213678+00:00,1.5464665191969003,0.8481084156393096,0.293127082980933,1.14869999441605,35.62994684090167
977,110,1,64.07763396933791,-0.32197018952891043,-0.22308085977482087,6.930747185261003,0.7869788901417085,4.639732281968338,"Bautista, Félix",642585,R,"Bautista, Félix",642585,pitcher-arm-angle-642585-R,Orioles,2023,https://baseballsavant.mlb.com/leaderboard/pitcher-arm-angles?season=2023,a5a7d5783ac11be1f4a6acec7ad4854d29a21e6cea179bba298bcf246dbe9126,2026-10-02T17:51:08.672246+00:00,203.2,https://www.mlb.com/player/642585,d2b9324a68447037d725cf007b6197e65838f9ea166e96091e90c9c12684bd0a,2026-10-02T17:54:00.976023+00:00,2.112491742067554,0.0679950460593654,-0.27001263342423926,1.4141903995439495,64.1710349063493
1046,142,1,46.384846106054376,-1.3852521148026253,-0.8621032504780115,5.50244741873805,0.20607509790288445,3.830151240103203,"Jax, Griffin",643377,R,"Jax, Griffin",643377,pitcher-arm-angle-643377-R,Twins,2023,https://baseballsavant.mlb.com/leaderboard/pitcher-arm-angles?season=2023,a5a7d5783ac11be1f4a6acec7ad4854d29a21e6cea179bba298bcf246dbe9126,2026-10-02T17:51:08.672246+00:00,187.96,https://www.mlb.com/player/643377,efdb8b2d8618dca7a559368d34c9ebb28551fa423aeaa9d91f448f4d73d487df,2026-10-02T17:54:04.908793+00:00,1.6771459732313576,0.26276907074569794,-0.2222674636869415,1.1674300979834564,46.42118988300382
1046,112,1,48.8866253842485,-1.4171996904384634,-1.4270267686424474,5.700162523900573,0.045675677907178865,4.022349888123162,"Leiter Jr., Mark",643410,R,"Leiter Jr., Mark",643410,pitcher-arm-angle-643410-R,Cubs,2023,https://baseballsavant.mlb.com/leaderboard/pitcher-arm-angles?season=2023,a5a7d5783ac11be1f4a6acec7ad4854d29a21e6cea179bba298bcf246dbe9126,2026-10-02T17:51:08.672246+00:00,182.88,https://www.mlb.com/player/643410,6f8f063f8e8702554b99c48b719429ab2f7887aad6501fcc6daad4b84e460e73,2026-10-02T17:54:06.040651+00:00,1.7374095372848948,0.43495775908221795,-0.0109266531895338,1.2260122458999398,48.915010406185125
1087,137,1,-62.91738482872949,-2.7421819104827403,-3.9696872125114995,1.0901195952161915,-1.6516520275267421,3.224016553762092,"Rogers, Tyler",643511,R,"Rogers, Tyler",643511,pitcher-arm-angle-643511-R,Giants,2023,https://baseballsavant.mlb.com/leaderboard/pitcher-arm-angles?season=2023,a5a7d5783ac11be1f4a6acec7ad4854d29a21e6cea179bba298bcf246dbe9126,2026-10-02T17:51:08.672246+00:00,190.5,https://www.mlb.com/player/643511,8570e9b43a6218af42e0f5484c95d6f71289e891d43a95b6aef9fb9f8dfe417c,2026-10-02T17:54:06.396244+00:00,0.3322684526218952,1.209960662373505,0.8775671540485168,0.9826802455866857,-62.93065678416067
2719,146,1,33.71439993014804,-2.3035679553963977,-1.9400919455682235,6.0284553144538435,-0.14744229778039136,4.589282582329799,"Alcantara, Sandy",645261,R,"Alcantara, Sandy",645261,pitcher-arm-angle-645261-R,Marlins,2023,https://baseballsavant.mlb.com/leaderboard/pitcher-arm-angles?season=2023,a5a7d5783ac11be1f4a6acec7ad4854d29a21e6cea179bba298bcf246dbe9126,2026-10-02T17:51:08.672246+00:00,195.58,https://www.mlb.com/player/645261,3b4fd6a916c939a9a9256a669ed2a94f44fa265d96ef59eee7c95eb89879a085,2026-10-02T17:54:05.710318+00:00,1.8374731798455315,0.5913400250091946,-0.06584707543216421,1.3988133310941229,33.7223537129952
1209,117,1,42.31895036107251,-1.755926789310209,-2.2960463192721257,5.691373035566584,-0.015609428469485405,4.103301546555911,"Abreu, Bryan",650556,R,"Abreu, Bryan",650556,pitcher-arm-angle-650556-R,Astros,2023,https://baseballsavant.mlb.com/leaderboard/pitcher-arm-angles?season=2023,a5a7d5783ac11be1f4a6acec7ad4854d29a21e6cea179bba298bcf246dbe9126,2026-10-02T17:51:08.672246+00:00,185.42000000000002,https://www.mlb.com/player/650556,f576ed7c0613cd7d7ef784fce4ae0d00894713ac5dcdf34c01d174b39847f740,2026-10-02T17:54:07.812994+00:00,1.7347305012406948,0.6998349181141439,0.16938618652989135,1.2506863113902418,42.38102421481235
1642,147,1,31.340305532452973,-1.910837038652567,-2.495456760048721,5.65095006090134,0.009936219742021482,4.480639093666478,"King, Michael",650633,R,"King, Michael",650633,pitcher-arm-angle-650633-R,Yankees,2023,https://baseballsavant.mlb.com/leaderboard/pitcher-arm-angles?season=2023,a5a7d5783ac11be1f4a6acec7ad4854d29a21e6cea179bba298bcf246dbe9126,2026-10-02T17:51:08.672246+00:00,190.5,https://www.mlb.com/player/650633,480dbee58abe725782707f8a14756b6dc10f2a66e66074114c17ed587759a9fb,2026-10-02T17:54:09.175594+00:00,1.7224095785627285,0.7606152204628502,0.17516353130417964,1.3656987957495426,31.353599594452678
2007,139,2,46.95711603444614,-1.287556910078565,-0.49590433482810165,6.3489486796213255,0.2301983492269037,4.7213885902904895,"Civale, Aaron",650644,R,"Civale, Aaron",650644,pitcher-arm-angle-650644-R,zMLB,2023,https://baseballsavant.mlb.com/leaderboard/pitcher-arm-angles?season=2023,a5a7d5783ac11be1f4a6acec7ad4854d29a21e6cea179bba298bcf246dbe9126,2026-10-02T17:51:08.672246+00:00,185.42000000000002,https://www.mlb.com/player/650644,0d58aab32e18b95d476d84f67b58e52ab38561c69adb465689f7f0eb62308492,2026-10-02T17:54:08.104243+00:00,1.93515955754858,0.1511516412556054,-0.31146016178070157,1.4390792423205412,46.99941774968568
1460,143,1,28.206165329432704,2.1635760312613947,1.874931506849315,6.067178082191781,0.07200371529558273,4.945971672038678,"Sánchez, Cristopher",650911,L,"Sánchez, Cristopher",650911,pitcher-arm-angle-650911-L,Phillies,2023,https://baseballsavant.mlb.com/leaderboard/pitcher-arm-angles?season=2023,a5a7d5783ac11be1f4a6acec7ad4854d29a21e6cea179bba298bcf246dbe9126,2026-10-02T17:51:08.672246+00:00,198.12,https://www.mlb.com/player/650911,dcc80aec54d614307e4a87d87cce6dfbcd45682a36a3a4595891d04a2258201b,2026-10-02T17:54:09.890251+00:00,1.8492758794520547,-0.5714791232876713,0.06603211861870827,1.5075321656373892,28.193939553598394
1044,147,1,39.86580397371138,-1.6120763139935956,-1.5393295019157087,5.743199233716475,0.09202673054070112,4.31871602399929,"Abreu, Albert",656061,R,"Abreu, Albert",656061,pitcher-arm-angle-656061-R,Yankees,2023,https://baseballsavant.mlb.com/leaderboard/pitcher-arm-angles?season=2023,a5a7d5783ac11be1f4a6acec7ad4854d29a21e6cea179bba298bcf246dbe9126,2026-10-02T17:51:08.672246+00:00,187.96,https://www.mlb.com/player/656061,9296c36230ef9786207219df0fec56807408570ba90fd03889d3f46231cf683c,2026-10-02T17:54:11.232548+00:00,1.7505271264367817,0.469187632183908,-0.05022297579014564,1.3163446441149835,39.89271525160852
1377,117,1,45.92660860035111,-1.5635231731892891,-1.1936165577342048,6.223318809005083,0.08090554862996231,4.52241055628695,"Bielak, Brandon",656232,R,"Bielak, Brandon",656232,pitcher-arm-angle-656232-R,Astros,2023,https://baseballsavant.mlb.com/leaderboard/pitcher-arm-angles?season=2023,a5a7d5783ac11be1f4a6acec7ad4854d29a21e6cea179bba298bcf246dbe9126,2026-10-02T17:51:08.672246+00:00,187.96,https://www.mlb.com/player/656232,38d73f35bfb1d8abf7a2a2a4397a37294aa630ceaa81f7867760bf0dad75b5f7,2026-10-02T17:54:11.968242+00:00,1.8968675729847495,0.3638143267973856,-0.1374075476131222,1.3784307375562623,45.96723629402851
1391,115,1,19.343481474123497,-2.4681367589287513,-2.142020129403307,5.2684327821711,-0.225958336504983,4.481668407357715,"Bird, Jake",656234,R,"Bird, Jake",656234,pitcher-arm-angle-656234-R,Rockies,2023,https://baseballsavant.mlb.com/leaderboard/pitcher-arm-angles?season=2023,a5a7d5783ac11be1f4a6acec7ad4854d29a21e6cea179bba298bcf246dbe9126,2026-10-02T17:51:08.672246+00:00,190.5,https://www.mlb.com/player/656234,1d23df501c9e553dfb4c2354bcb923f71c51f9a12287f68d0e886ffa50b28b01,2026-10-02T17:54:13.069335+00:00,1.6058183120057514,0.6528877354421281,-0.03052824771263653,1.3660125305626314,19.335607231352586
2081,108,1,45.47388896152362,-1.4962539078300219,-1.1194617972128784,5.818226814031716,0.07313711005524048,4.221331376489261,"Canning, Griffin",656288,R,"Canning, Griffin",656288,pitcher-arm-angle-656288-R,Angels,2023,https://baseballsavant.mlb.com/leaderboard/pitcher-arm-angles?season=2023,a5a7d5783ac11be1f4a6acec7ad4854d29a21e6cea179bba298bcf246dbe9126,2026-10-02T17:51:08.672246+00:00,187.96,https://www.mlb.com/player/656288,c994f55c55cc2527a4016e21ed425c79e82420fcafa0af552ce60e56c52bef7a,2026-10-02T17:54:13.269275+00:00,1.7733955329168671,0.34121195579048536,-0.13713842646094263,1.286661803553927,45.497695818301125
3153,145,1,53.3790348102606,-1.2596595810349345,-1.4167174119885824,6.161135426577863,0.04229613471141708,4.407612370839983,"Cease, Dylan",656302,R,"Cease, Dylan",656302,pitcher-arm-angle-656302-R,White Sox,2023,https://baseballsavant.mlb.com/leaderboard/pitcher-arm-angles?season=2023,a5a7d5783ac11be1f4a6acec7ad4854d29a21e6cea179bba298bcf246dbe9126,2026-10-02T17:51:08.672246+00:00,187.96,https://www.mlb.com/player/656302,983b647c40020b70347397ee338503886f4bdd163d5f28709bc5af5dd72f89fa,2026-10-02T17:54:13.396466+00:00,1.8779140780209327,0.43181546717411995,0.034979365014631954,1.3434402506320269,53.40685403531266
1033,116,1,31.593225711835757,-2.4297743755045493,-2.3855759922555664,6.0975605033881894,-0.3330910502439117,4.807909416095929,"Faedo, Alex",656412,R,"Faedo, Alex",656412,pitcher-arm-angle-656412-R,Tigers,2023,https://baseballsavant.mlb.com/leaderboard/pitcher-arm-angles?season=2023,a5a7d5783ac11be1f4a6acec7ad4854d29a21e6cea179bba298bcf246dbe9126,2026-10-02T17:51:08.672246+00:00,198.12,https://www.mlb.com/player/656412,f288d221d9a5531068dd538e3d44702da1a4d7d6fceaf30627f229c2c8bbfe01,2026-10-02T17:54:14.694581+00:00,1.8585364414327203,0.7271235624394967,0.0880544849000543,1.4654507900260392,31.595299487094422
2630,138,2,29.821320613743676,-1.894651843836691,-2.5318669201520914,5.4069543726235745,0.06320907555763404,4.285364436266038,"Flaherty, Jack",656427,R,"Flaherty, Jack",656427,pitcher-arm-angle-656427-R,zMLB,2023,https://baseballsavant.mlb.com/leaderboard/pitcher-arm-angles?season=2023,a5a7d5783ac11be1f4a6acec7ad4854d29a21e6cea179bba298bcf246dbe9126,2026-10-02T17:51:08.672246+00:00,193.04,https://www.mlb.com/player/656427,e96b471de2570b19aaad449aeeb56a7b4d77ac1942812569b6787f0cb13f2c9b,2026-10-02T17:54:15.200864+00:00,1.6480396927756655,0.7717130372623575,0.1749570290309672,1.3061790801738884,29.8068841158766
988,109,1,40.665547703721145,-1.7926670498461523,-2.2332894736842106,6.431538461538461,0.02196926062843246,4.871768846749226,"Ginkel, Kevin",656464,R,"Ginkel, Kevin",656464,pitcher-arm-angle-656464-R,Diamondbacks,2023,https://baseballsavant.mlb.com/leaderboard/pitcher-arm-angles?season=2023,a5a7d5783ac11be1f4a6acec7ad4854d29a21e6cea179bba298bcf246dbe9126,2026-10-02T17:51:08.672246+00:00,193.04,https://www.mlb.com/player/656464,99a2994b4eedc9453b420d640f05d95a42a2126451608e8d0c08ae780a9b90f4,2026-10-02T17:54:16.408312+00:00,1.960332923076923,0.6807066315789474,0.12760548414629394,1.4849151444891642,40.68068783237159
1651,111,1,20.062911137580528,-2.5148909197524443,-2.92534221683828,5.2939430648092065,-0.21009089424547972,4.452039597726652,"Houck, Tanner",656557,R,"Houck, Tanner",656557,pitcher-arm-angle-656557-R,Red Sox,2023,https://baseballsavant.mlb.com/leaderboard/pitcher-arm-angles?season=2023,a5a7d5783ac11be1f4a6acec7ad4854d29a21e6cea179bba298bcf246dbe9126,2026-10-02T17:51:08.672246+00:00,195.58,https://www.mlb.com/player/656557,0517f46f0a65760dffabb9824195d7c7f7b11571a54cb5ea4a8c72a6d1fde1b4,2026-10-02T17:54:19.100610+00:00,1.6135938461538462,0.8916443076923077,0.18914125991778494,1.3569816693870838,20.066371742422053
1001,134,2,53.32559797479668,-1.3563275287064722,-1.78991008991009,5.996033966033966,0.051362437295325,4.102622272201951,"Jackson, Andre",656578,R,"Jackson, Andre",656578,pitcher-arm-angle-656578-R,zMLB,2023,https://baseballsavant.mlb.com/leaderboard/pitcher-arm-angles?season=2023,a5a7d5783ac11be1f4a6acec7ad4854d29a21e6cea179bba298bcf246dbe9126,2026-10-02T17:51:08.672246+00:00,190.5,https://www.mlb.com/player/656578,09a71bdeddf533f55d867b5072c73d9855c6058444d6b6612c9e597d2d4f339d,2026-10-02T17:54:18.633968+00:00,1.8275911528471531,0.5455645954045955,0.11650069376724763,1.2504792685671546,53.3703984137162
3119,134,1,38.87226778023305,-1.8009447272233345,-2.0660051298493105,5.89159025328631,-0.1299106717267921,4.543996103006186,"Keller, Mitch",656605,R,"Keller, Mitch",656605,pitcher-arm-angle-656605-R,Pirates,2023,https://baseballsavant.mlb.com/leaderboard/pitcher-arm-angles?season=2023,a5a7d5783ac11be1f4a6acec7ad4854d29a21e6cea179bba298bcf246dbe9126,2026-10-02T17:51:08.672246+00:00,190.5,https://www.mlb.com/player/656605,e417f72d3d494f4c05b11a70225f832dd1075f56ad45518176a07ce2e80e3821,2026-10-02T17:54:19.048154+00:00,1.7957567092016673,0.6297183635780699,0.12038718346272372,1.3850100121962854,38.8842064234664
2430,145,1,41.243686249478635,-1.73660324053944,-2.5739506172839506,5.681633744855967,-0.09301078600089493,4.240069572926065,"Kopech, Michael",656629,R,"Kopech, Michael",656629,pitcher-arm-angle-656629-R,White Sox,2023,https://baseballsavant.mlb.com/leaderboard/pitcher-arm-angles?season=2023,a5a7d5783ac11be1f4a6acec7ad4854d29a21e6cea179bba298bcf246dbe9126,2026-10-02T17:51:08.672246+00:00,190.5,https://www.mlb.com/player/656629,2d440f0145d30d7b7527bbf5f8c459c23a3281fa99e5d7f431bec233ddc4fc2b,2026-10-02T17:54:19.969894+00:00,1.7317619654320988,0.7845401481481482,0.2835731680047996,1.2923732058278647,41.25339451457483
1146,116,1,40.83764268452647,-1.635557729387599,-2.3464834205933682,5.7163525305410126,0.12181010365434448,4.193694821949087,"Lange, Alex",656638,R,"Lange, Alex",656638,pitcher-arm-angle-656638-R,Tigers,2023,https://baseballsavant.mlb.com/leaderboard/pitcher-arm-angles?season=2023,a5a7d5783ac11be1f4a6acec7ad4854d29a21e6cea179bba298bcf246dbe9126,2026-10-02T17:51:08.672246+00:00,190.5,https://www.mlb.com/player/656638,49b8c907ad6c8c23be7e784a40cb27404317296673e8113e0218b7d23b4a0d89,2026-10-02T17:54:20.996352+00:00,1.7423442513089007,0.7152081465968587,0.1795624310856743,1.2782381817300819,40.907038992318
2235,121,1,41.39616827447634,-1.8430041987887555,-1.6097136465324384,5.978013422818792,-0.08986443104555225,4.432240490495161,"Megill, Tylor",656731,R,"Megill, Tylor",656731,pitcher-arm-angle-656731-R,Mets,2023,https://baseballsavant.mlb.com/leaderboard/pitcher-arm-angles?season=2023,a5a7d5783ac11be1f4a6acec7ad4854d29a21e6cea179bba298bcf246dbe9126,2026-10-02T17:51:08.672246+00:00,200.66,https://www.mlb.com/player/656731,f22e857b223c1e842d9ea2ad546837f711ba40e15f71a00ca20960aeeaff28ae,2026-10-02T17:54:21.712515+00:00,1.8220984912751679,0.49064071946308724,-0.043716281745041136,1.3509469015029252,41.40316859612363
2913,140,2,46.58807897805185,1.5662175322285325,1.7174150360453142,6.689721936148301,-0.12836558692883887,4.899095615083408,"Montgomery, Jordan",656756,L,"Montgomery, Jordan",656756,pitcher-arm-angle-656756-L,zMLB,2023,https://baseballsavant.mlb.com/leaderboard/pitcher-arm-angles?season=2023,a5a7d5783ac11be1f4a6acec7ad4854d29a21e6cea179bba298bcf246dbe9126,2026-10-02T17:51:08.672246+00:00,198.12,https://www.mlb.com/player/656756,13c8ee02ad1ddc1755488cf31c940a871aa5f349cb02d741e3b6951a9c3a376a,2026-10-02T17:54:22.459630+00:00,2.0390272461380023,-0.5234681029866118,-0.00695916826744496,1.493244343477423,46.57852142700643
1962,121,1,40.6091766512816,1.7445577044327205,2.242940876656473,6.110886850152905,-0.11924875427235114,4.512813437032676,"Peterson, David",656849,L,"Peterson, David",656849,pitcher-arm-angle-656849-L,Mets,2023,https://baseballsavant.mlb.com/leaderboard/pitcher-arm-angles?season=2023,a5a7d5783ac11be1f4a6acec7ad4854d29a21e6cea179bba298bcf246dbe9126,2026-10-02T17:51:08.672246+00:00,198.12,https://www.mlb.com/player/656849,d6dd62b0c2ab26ebd78a736816ca2cd85e289cef6fc597ef2034ad7a26f2e11c,2026-10-02T17:54:22.486364+00:00,1.8625983119266056,-0.6836483792048931,-0.11556017059158717,1.3755055356075598,40.61059745878119
1207,146,1,32.85279618506408,2.3338253939669893,2.75986743993372,5.082908036454018,0.4601124678236136,3.8735971947655314,"Scott, Tanner",656945,L,"Scott, Tanner",656945,pitcher-arm-angle-656945-L,Marlins,2023,https://baseballsavant.mlb.com/leaderboard/pitcher-arm-angles?season=2023,a5a7d5783ac11be1f4a6acec7ad4854d29a21e6cea179bba298bcf246dbe9126,2026-10-02T17:51:08.672246+00:00,182.88,https://www.mlb.com/player/656945,7153ed25115a211f5d38f929819a5b73540ead628eb6b24649494221ba11e1ab,2026-10-02T17:54:23.946526+00:00,1.549270369511185,-0.8412075956917979,-0.27009989580329696,1.180672424964534,32.83855468614682
2589,112,1,47.25041407888899,1.5957852952955038,1.978053302433372,6.104013132483584,0.048775894312217676,4.426998732330461,"Steele, Justin",657006,L,"Steele, Justin",657006,pitcher-arm-angle-657006-L,Cubs,2023,https://baseballsavant.mlb.com/leaderboard/pitcher-arm-angles?season=2023,a5a7d5783ac11be1f4a6acec7ad4854d29a21e6cea179bba298bcf246dbe9126,2026-10-02T17:51:08.672246+00:00,187.96,https://www.mlb.com/player/657006,3e5e118e4fcbfde86a53d28366d9e3b5e69b12ca0f7104fbfd2a1c5ca0466f7d,2026-10-02T17:54:25.217284+00:00,1.8605032027809967,-0.6029106465816918,-0.13138218116198616,1.3493492136143248,47.309134459568114
1059,141,1,48.23130865537161,-1.5670629374302993,-1.0921246458923513,6.038508026440038,-0.12571206255186426,4.422959701581723,"Swanson, Erik",657024,R,"Swanson, Erik",657024,pitcher-arm-angle-657024-R,Blue Jays,2023,https://baseballsavant.mlb.com/leaderboard/pitcher-arm-angles?season=2023,a5a7d5783ac11be1f4a6acec7ad4854d29a21e6cea179bba298bcf246dbe9126,2026-10-02T17:51:08.672246+00:00,190.5,https://www.mlb.com/player/657024,3788bbae32492360ddfa4830971a4e9dbbbd2722a4a243fd236679daf8a9d4ca,2026-10-02T17:54:25.905581+00:00,1.8405372464589236,0.33287959206798867,-0.10644415459495835,1.3481181170421093,48.261473648235025
1503,145,2,36.20688538355162,-1.9945500589606335,-1.5261077844311377,5.706586826347305,-0.04947681221039798,4.284288218156675,"Toussaint, Touki",657053,R,"Toussaint, Touki",657053,pitcher-arm-angle-657053-R,zMLB,2023,https://baseballsavant.mlb.com/leaderboard/pitcher-arm-angles?season=2023,a5a7d5783ac11be1f4a6acec7ad4854d29a21e6cea179bba298bcf246dbe9126,2026-10-02T17:51:08.672246+00:00,190.5,https://www.mlb.com/player/657053,d920a7dc1d388f5dca62981ce5be97916884fcc04eb3a3a95fed791f603d7a5a,2026-10-02T17:54:26.920266+00:00,1.7393676646706586,0.4651576526946108,-0.12770067291486104,1.3058510488941546,36.17544317663032
1214,112,1,54.89952899879032,-1.1763265560614236,-1.7564909390444812,6.091243822075782,0.2638471989739433,4.0403401120909646,"Merryweather, Julian",657240,R,"Merryweather, Julian",657240,pitcher-arm-angle-657240-R,Cubs,2023,https://baseballsavant.mlb.com/leaderboard/pitcher-arm-angles?season=2023,a5a7d5783ac11be1f4a6acec7ad4854d29a21e6cea179bba298bcf246dbe9126,2026-10-02T17:51:08.672246+00:00,193.04,https://www.mlb.com/player/657240,aeba9979c91ad008159e490eab4a4a7284c9713bca992401100ce597681f104c,2026-10-02T17:54:28.958186+00:00,1.8566111169686985,0.5353784382207579,0.09641347768597804,1.231495666165326,54.92292362497578
3180,137,1,22.04979487027499,-2.6011192006963033,-1.284179245283019,5.020924528301887,-0.4582483530084418,4.1525052628672965,"Webb, Logan",657277,R,"Webb, Logan",657277,pitcher-arm-angle-657277-R,Giants,2023,https://baseballsavant.mlb.com/leaderboard/pitcher-arm-angles?season=2023,a5a7d5783ac11be1f4a6acec7ad4854d29a21e6cea179bba298bcf246dbe9126,2026-10-02T17:51:08.672246+00:00,187.96,https://www.mlb.com/player/657277,ddea7024766cf44a9f9b6d82777f6dc1128ccf03f8843bd8874d4b8c546e5b57,2026-10-02T17:54:28.868717+00:00,1.5303777962264151,0.3914178339622642,-0.261729200412996,1.2656836041219521,22.060730867855902
2706,147,1,34.11610692563857,-1.9528377517266027,-1.591969696969697,5.567575757575757,-0.002111306754778774,4.243469958486654,"Schmidt, Clarke",657376,R,"Schmidt, Clarke",657376,pitcher-arm-angle-657376-R,Yankees,2023,https://baseballsavant.mlb.com/leaderboard/pitcher-arm-angles?season=2023,a5a7d5783ac11be1f4a6acec7ad4854d29a21e6cea179bba298bcf246dbe9126,2026-10-02T17:51:08.672246+00:00,185.42000000000002,https://www.mlb.com/player/657376,f953b5ea2d674b69806648b6c4d2c1e942650474534257e8513e041820b3c28e,2026-10-02T17:54:30.470931+00:00,1.696997090909091,0.4852323636363637,-0.10934905679104827,1.2934096433467321,34.16770945583142
1069,110,1,47.49904352009388,-1.445969221992162,-1.8812909260991582,6.088147801683816,0.12940199355020518,4.367929384167988,"Baumann, Mike",657508,R,"Baumann, Mike",657508,pitcher-arm-angle-657508-R,Orioles,2023,https://baseballsavant.mlb.com/leaderboard/pitcher-arm-angles?season=2023,a5a7d5783ac11be1f4a6acec7ad4854d29a21e6cea179bba298bcf246dbe9126,2026-10-02T17:51:08.672246+00:00,193.04,https://www.mlb.com/player/657508,4c8665fdbdac3b7d1f055bff5c1b67dfe9b2f6ac5d7afef1161f80b526e2b249,2026-10-02T17:54:30.305413+00:00,1.8556674499532273,0.5734174742750234,0.09324432777770987,1.331344876294403,47.51663479636183
1065,119,1,41.120991734659334,1.7695558643173859,2.4682535211267607,5.734657276995305,-0.0561437249880746,4.140321677253061,"Ferguson, Caleb",657571,L,"Ferguson, Caleb",657571,pitcher-arm-angle-657571-L,Dodgers,2023,https://baseballsavant.mlb.com/leaderboard/pitcher-arm-angles?season=2023,a5a7d5783ac11be1f4a6acec7ad4854d29a21e6cea179bba298bcf246dbe9126,2026-10-02T17:51:08.672246+00:00,190.5,https://www.mlb.com/player/657571,3b1ae4a7caf498f5725090060836481a897bcaa556149e216ba147650bda31a1,2026-10-02T17:54:30.659273+00:00,1.747923538028169,-0.7523236732394367,-0.1958504384191323,1.261970047226733,41.12986048700053
2683,142,1,27.383390917590003,-1.9708593536018977,-2.615836749906821,5.000633619083116,0.05485615418396545,3.950007554729953,"Ryan, Joe",657746,R,"Ryan, Joe",657746,pitcher-arm-angle-657746-R,Twins,2023,https://baseballsavant.mlb.com/leaderboard/pitcher-arm-angles?season=2023,a5a7d5783ac11be1f4a6acec7ad4854d29a21e6cea179bba298bcf246dbe9126,2026-10-02T17:51:08.672246+00:00,187.96,https://www.mlb.com/player/657746,8109d45f00797bec8ffe17e55168f8df99e2b34e77aa3311a3911fb30a5a3dd5,2026-10-02T17:54:32.530560+00:00,1.5241931270965339,0.797307041371599,0.17986895459846794,1.2039623026816897,27.41326070031985
1562,115,1,30.84238780221036,-2.174488313435224,-2.4698911651728555,5.532964148527529,-0.322569794598086,4.428168233799165,"Seabold, Connor",657756,R,"Seabold, Connor",657756,pitcher-arm-angle-657756-R,Rockies,2023,https://baseballsavant.mlb.com/leaderboard/pitcher-arm-angles?season=2023,a5a7d5783ac11be1f4a6acec7ad4854d29a21e6cea179bba298bcf246dbe9126,2026-10-02T17:51:08.672246+00:00,187.96,https://www.mlb.com/player/657756,6f2a0808e24e05d2083fa713c4f847d1f821f4c208f30d540968a728dcb9f5ac,2026-10-02T17:54:33.557259+00:00,1.6864474724711909,0.7528228271446864,0.18835806260312662,1.3497056776619856,30.818963412981134
1399,133,2,35.33154882256345,-1.9251922569577173,-2.054288777698356,5.53867762687634,0.0803267585453832,4.116306876442175,"Fujinami, Shintaro",660261,R,"Fujinami, Shintaro",660261,pitcher-arm-angle-660261-R,zMLB,2023,https://baseballsavant.mlb.com/leaderboard/pitcher-arm-angles?season=2023,a5a7d5783ac11be1f4a6acec7ad4854d29a21e6cea179bba298bcf246dbe9126,2026-10-02T17:51:08.672246+00:00,198.12,https://www.mlb.com/player/660261,5227a0acf5b337bfab3c72d9606f78594197cbe2e7b29ed6329614ccb4ba038f,2026-10-02T17:54:34.855823+00:00,1.6881889406719086,0.626147219442459,0.014865023517113881,1.2546503359395749,35.345342975511734
2094,108,1,35.61837167398768,-1.9946456234892542,-2.233194842406877,5.692917860553964,-0.17424258530016157,4.389658160996447,"Ohtani, Shohei",660271,R,"Ohtani, Shohei",660271,pitcher-arm-angle-660271-R,Angels,2023,https://baseballsavant.mlb.com/leaderboard/pitcher-arm-angles?season=2023,a5a7d5783ac11be1f4a6acec7ad4854d29a21e6cea179bba298bcf246dbe9126,2026-10-02T17:51:08.672246+00:00,193.04,https://www.mlb.com/player/660271,ffe4ab3d955931c11dc7360c7f452699fe399d6685e425e89d2baa58d9f4ed51,2026-10-02T17:54:34.400250+00:00,1.7352013638968482,0.6806777879656161,0.12581894192558063,1.3379678074717172,35.59956570818201
1048,114,1,24.967083923487206,-2.404702209271416,-2.0397996183206106,5.4238549618320615,-0.2729653578329319,4.430562389527289,"De Los Santos, Enyel",660853,R,"De Los Santos, Enyel",660853,pitcher-arm-angle-660853-R,Guardians,2023,https://baseballsavant.mlb.com/leaderboard/pitcher-arm-angles?season=2023,a5a7d5783ac11be1f4a6acec7ad4854d29a21e6cea179bba298bcf246dbe9126,2026-10-02T17:51:08.672246+00:00,190.5,https://www.mlb.com/player/660853,d28c6aaa761852e0965df93431ab260855fa13a96f031b1f570595ad441dc040,2026-10-02T17:54:36.703928+00:00,1.6531909923664125,0.6217309236641222,-0.02802246865432786,1.3504354163279177,24.983381556598037
1017,142,1,38.79747740791203,-1.8133830521013043,-2.128721730580138,6.065526057030482,0.06797300104988808,4.553298937492222,"Duran, Jhoan",661395,R,"Duran, Jhoan",661395,pitcher-arm-angle-661395-R,Twins,2023,https://baseballsavant.mlb.com/leaderboard/pitcher-arm-angles?season=2023,a5a7d5783ac11be1f4a6acec7ad4854d29a21e6cea179bba298bcf246dbe9126,2026-10-02T17:51:08.672246+00:00,195.58,https://www.mlb.com/player/661395,c336273b75ccfc354522ec4cca0aa6d732ef5b68d14039a9b3041a1c65714563,2026-10-02T17:54:37.489839+00:00,1.848772342182891,0.648834383480826,0.07539705848034256,1.3878455161476295,38.79219368438292
1120,114,1,53.07951253582859,-1.2603872953231638,-0.6662857142857143,6.030696428571429,0.18883785260695188,4.100586616453399,"Clase, Emmanuel",661403,R,"Clase, Emmanuel",661403,pitcher-arm-angle-661403-R,Guardians,2023,https://baseballsavant.mlb.com/leaderboard/pitcher-arm-angles?season=2023,a5a7d5783ac11be1f4a6acec7ad4854d29a21e6cea179bba298bcf246dbe9126,2026-10-02T17:51:08.672246+00:00,187.96,https://www.mlb.com/player/661403,647a9211dfbcbec45afd4623611af5dd0d0b6ee7813d29b2fb27a55a93c98db6,2026-10-02T17:54:38.703329+00:00,1.8381562714285715,0.2030838857142857,-0.23863993937481356,1.2498588006949962,53.098904487595235
1820,139,1,43.265368230765816,1.5243685663408895,0.9162252747252747,6.128994505494505,-0.03773409928306987,4.660040072917279,"McClanahan, Shane",663556,L,"McClanahan, Shane",663556,pitcher-arm-angle-663556-L,Rays,2023,https://baseballsavant.mlb.com/leaderboard/pitcher-arm-angles?season=2023,a5a7d5783ac11be1f4a6acec7ad4854d29a21e6cea179bba298bcf246dbe9126,2026-10-02T17:51:08.672246+00:00,190.5,https://www.mlb.com/player/663556,3d3e7d72421dc40a3c2db14a020dd4871e0d263aa1f9b47cca7dd092bd17d66b,2026-10-02T17:54:45.531043+00:00,1.8681175252747253,-0.27926546373626376,0.1968634287459191,1.4203802142251867,43.23978193285079
1292,143,2,56.68640243851995,0.9061371393455432,1.1271130030959753,5.729434984520124,-0.2674247907733316,3.9410239536597076,"Falter, Bailey",663559,L,"Falter, Bailey",663559,pitcher-arm-angle-663559-L,zMLB,2023,https://baseballsavant.mlb.com/leaderboard/pitcher-arm-angles?season=2023,a5a7d5783ac11be1f4a6acec7ad4854d29a21e6cea179bba298bcf246dbe9126,2026-10-02T17:51:08.672246+00:00,193.04,https://www.mlb.com/player/663559,610128803e70aa0b727af08edff0118026d079be631a5eacf9af071c0f13ed31,2026-10-02T17:54:46.343893+00:00,1.7463317832817338,-0.3435440433436533,0.014157632956579765,1.201224101075479,56.726966416693124
1450,115,1,49.87173444745933,-1.3644378070093546,-1.7623103448275863,5.941434482758621,0.12284264515335915,4.1757436724445265,"Lambert, Peter",663567,R,"Lambert, Peter",663567,pitcher-arm-angle-663567-R,Rockies,2023,https://baseballsavant.mlb.com/leaderboard/pitcher-arm-angles?season=2023,a5a7d5783ac11be1f4a6acec7ad4854d29a21e6cea179bba298bcf246dbe9126,2026-10-02T17:51:08.672246+00:00,187.96,https://www.mlb.com/player/663567,e62fb77f081caf4bdc40100d53e6030d2f18c910368120199d2112a30258eb65,2026-10-02T17:54:46.716006+00:00,1.8109492303448278,0.5371521931034483,0.08382911128425317,1.2727666713610917,49.89182302348665
2147,120,1,31.830140265682967,-2.0489074359988573,-2.0403772706101537,5.877051700046577,-0.034146807426023294,4.625713586673608,"Irvin, Jake",663623,R,"Irvin, Jake",663623,pitcher-arm-angle-663623-R,Nationals,2023,https://baseballsavant.mlb.com/leaderboard/pitcher-arm-angles?season=2023,a5a7d5783ac11be1f4a6acec7ad4854d29a21e6cea179bba298bcf246dbe9126,2026-10-02T17:51:08.672246+00:00,198.12,https://www.mlb.com/player/663623,5ddd102483054cfb31aa2b03eba1868d00054b50a7d0febd2b6b20a2f66fda4e,2026-10-02T17:54:47.296493+00:00,1.7913253581741968,0.6219069920819749,0.007807952492975059,1.4099175012181158,31.843806033307445
1109,133,1,49.01095811986502,1.7302813805077104,2.942678088367899,5.99009918845807,0.19283130005834617,4.218179376724868,"Harris, Hogan",663687,L,"Harris, Hogan",663687,pitcher-arm-angle-663687-L,Athletics,2023,https://baseballsavant.mlb.com/leaderboard/pitcher-arm-angles?season=2023,a5a7d5783ac11be1f4a6acec7ad4854d29a21e6cea179bba298bcf246dbe9126,2026-10-02T17:51:08.672246+00:00,190.5,https://www.mlb.com/player/663687,237a6575d0b2ca4ed8bd2ad566906c872bf47458874f52333f095f28b24cab9a,2026-10-02T17:54:47.979158+00:00,1.8257822326420199,-0.8969282813345357,-0.42831349681356945,1.28570107402574,49.05264906250285
1124,146,1,34.37806735373901,-1.7662217802522377,-2.8437544483985766,6.035854092526691,0.0875388073216993,4.767976506429165,"Hoeing, Bryan",663773,R,"Hoeing, Bryan",663773,pitcher-arm-angle-663773-R,Marlins,2023,https://baseballsavant.mlb.com/leaderboard/pitcher-arm-angles?season=2023,a5a7d5783ac11be1f4a6acec7ad4854d29a21e6cea179bba298bcf246dbe9126,2026-10-02T17:51:08.672246+00:00,198.12,https://www.mlb.com/player/663773,d34754bd651a3a93f69279c6b3af612cddac590db95d4e64a5d93328f02ccf9e,2026-10-02T17:54:49.464325+00:00,1.8397283274021354,0.8667763558718862,0.30175012877935015,1.4532792391596097,34.370134754790165
2618,108,1,54.896448372614124,1.0405113956800773,1.0079946524064172,6.1239190221543165,-0.20079865646307138,4.3588840716743675,"Sandoval, Patrick",663776,L,"Sandoval, Patrick",663776,pitcher-arm-angle-663776-L,Angels,2023,https://baseballsavant.mlb.com/leaderboard/pitcher-arm-angles?season=2023,a5a7d5783ac11be1f4a6acec7ad4854d29a21e6cea179bba298bcf246dbe9126,2026-10-02T17:51:08.672246+00:00,190.5,https://www.mlb.com/player/663776,c8eb9b45957754b06d88402c3b76c112e1249e4dd462af6b1d7c92a8942119c7,2026-10-02T17:54:49.873388+00:00,1.8665705179526357,-0.307236770053476,0.07111453383975577,1.3285878650463472,54.88212740376106
1062,141,2,39.76713777828598,-1.8359059654573673,-1.8157909604519773,5.933709981167608,-0.06572160966595164,4.460150285255345,"Hicks, Jordan",663855,R,"Hicks, Jordan",663855,pitcher-arm-angle-663855-R,zMLB,2023,https://baseballsavant.mlb.com/leaderboard/pitcher-arm-angles?season=2023,a5a7d5783ac11be1f4a6acec7ad4854d29a21e6cea179bba298bcf246dbe9126,2026-10-02T17:51:08.672246+00:00,187.96,https://www.mlb.com/player/663855,71b73671ae559cf18b650ae3d0b0d969767baefbdf54660775c653eb4ee0957b,2026-10-02T17:54:49.722198+00:00,1.808594802259887,0.5534530847457627,0.013900893100539194,1.3594538069458293,39.77511042349936
2611,118,1,30.055875237306722,-1.865545366736268,-1.5368096514745309,5.27864036767522,-0.06331829497580167,4.235293031675258,"Singer, Brady",663903,R,"Singer, Brady",663903,pitcher-arm-angle-663903-R,Royals,2023,https://baseballsavant.mlb.com/leaderboard/pitcher-arm-angles?season=2023,a5a7d5783ac11be1f4a6acec7ad4854d29a21e6cea179bba298bcf246dbe9126,2026-10-02T17:51:08.672246+00:00,195.58,https://www.mlb.com/player/663903,01ab8393018553fddf3b6a3cce3c4075151b079c6bd843208e47beeb018fe590,2026-10-02T17:54:51.329823+00:00,1.6089295840674072,0.46841958176943704,-0.08089922970315315,1.2909173160546188,30.067456929264477
1298,137,1,45.33221111945374,-1.7085138117517376,-2.487858243451464,6.047904468412943,-0.07753733132558248,4.398984396534913,"Beck, Tristan",663941,R,"Beck, Tristan",663941,pitcher-arm-angle-663941-R,Giants,2023,https://baseballsavant.mlb.com/leaderboard/pitcher-arm-angles?season=2023,a5a7d5783ac11be1f4a6acec7ad4854d29a21e6cea179bba298bcf246dbe9126,2026-10-02T17:51:08.672246+00:00,193.04,https://www.mlb.com/player/663941,2bbff270a768fcc3c53bd5f0ec515334c8c9fed5a54ff1620a0bd80cd0644001,2026-10-02T17:54:51.697473+00:00,1.8434012819722652,0.7582991926040062,0.26117756137011416,1.3408104440638415,45.31344945993032
1195,116,1,46.242515875356276,1.5225299591324575,1.235866108786611,5.859983263598326,-0.05749430059890065,4.208572477867526,"Holton, Tyler",663947,L,"Holton, Tyler",663947,pitcher-arm-angle-663947-L,Tigers,2023,https://baseballsavant.mlb.com/leaderboard/pitcher-arm-angles?season=2023,a5a7d5783ac11be1f4a6acec7ad4854d29a21e6cea179bba298bcf246dbe9126,2026-10-02T17:51:08.672246+00:00,187.96,https://www.mlb.com/player/663947,ce4891bcdd7bab220580f4239554c6880e9a8c740923984d5947ab86822d6fa1,2026-10-02T17:54:53.327228+00:00,1.78612289874477,-0.37669198995815906,0.10489940440795895,1.282772891254022,46.26553108051279
1127,114,1,37.60753133943622,-1.9450815955982315,-1.9327506654835847,5.798677905944987,-0.06020087220659014,4.345313978951264,"Stephan, Trevor",663986,R,"Stephan, Trevor",663986,pitcher-arm-angle-663986-R,Guardians,2023,https://baseballsavant.mlb.com/leaderboard/pitcher-arm-angles?season=2023,a5a7d5783ac11be1f4a6acec7ad4854d29a21e6cea179bba298bcf246dbe9126,2026-10-02T17:51:08.672246+00:00,195.58,https://www.mlb.com/player/663986,a2d6c1b3efe656c55e59dbb9a54b218cd8145736cff5c8796061a6173c530157,2026-10-02T17:54:53.261386+00:00,1.7674370257320322,0.5891024028393966,0.014590758349624328,1.3244517007843453,37.63452788790422
1664,119,1,40.78775155798919,-1.9050542773453196,-0.9686237980769231,6.0583473557692304,-0.1698593579138386,4.5611712092824455,"Gonsolin, Tony",664062,R,"Gonsolin, Tony",664062,pitcher-arm-angle-664062-R,Dodgers,2023,https://baseballsavant.mlb.com/leaderboard/pitcher-arm-angles?season=2023,a5a7d5783ac11be1f4a6acec7ad4854d29a21e6cea179bba298bcf246dbe9126,2026-10-02T17:51:08.672246+00:00,190.5,https://www.mlb.com/player/664062,70bcc0a6d687c4666a3a73be68ae3e1fe6af15849671fe477dc2b718ec8c1e1c,2026-10-02T17:54:54.774461+00:00,1.8465842740384615,0.29523653365384617,-0.23365087778886925,1.3902449845892895,40.788570643849766
1214,113,1,44.804910185195624,-1.5819253358000573,-1.343986820428336,5.7573805601317956,0.041277588708090694,4.143475563244618,"Gibaut, Ian",664139,R,"Gibaut, Ian",664139,pitcher-arm-angle-664139-R,Reds,2023,https://baseballsavant.mlb.com/leaderboard/pitcher-arm-angles?season=2023,a5a7d5783ac11be1f4a6acec7ad4854d29a21e6cea179bba298bcf246dbe9126,2026-10-02T17:51:08.672246+00:00,190.5,https://www.mlb.com/player/664139,c9e0a4a52196e2fe83c78f20622957425d374ea8b3abef1d95cd22da93d17015,2026-10-02T17:54:56.332542+00:00,1.7548495947281715,0.4096471828665568,-0.08510506852352669,1.2629313516769596,44.83543009414072
1066,118,1,53.29631679057649,-1.2569213929627823,-1.0843245778611632,6.079878048780488,0.19445715779915923,4.12736947666155,"Clarke, Taylor",664199,R,"Clarke, Taylor",664199,pitcher-arm-angle-664199-R,Royals,2023,https://baseballsavant.mlb.com/leaderboard/pitcher-arm-angles?season=2023,a5a7d5783ac11be1f4a6acec7ad4854d29a21e6cea179bba298bcf246dbe9126,2026-10-02T17:51:08.672246+00:00,190.5,https://www.mlb.com/player/664199,09a6da73c569be2f63ac9f85ebcd66f699fcb0007bf388611b7ce250e158d808,2026-10-02T17:54:57.359999+00:00,1.8531468292682929,0.33050213133208256,-0.11187805094015722,1.2580222164864405,53.375085945524084
1039,117,1,30.488521404221014,-2.058298681306735,-1.382993262752647,5.3766025024061594,-0.14655442578991523,4.250449257993512,"Maton, Phil",664208,R,"Maton, Phil",664208,pitcher-arm-angle-664208-R,Astros,2023,https://baseballsavant.mlb.com/leaderboard/pitcher-arm-angles?season=2023,a5a7d5783ac11be1f4a6acec7ad4854d29a21e6cea179bba298bcf246dbe9126,2026-10-02T17:51:08.672246+00:00,187.96,https://www.mlb.com/player/664208,f45c3eb6fe7e0b13e3b502e328f513ae0c804a7b663682ac0d5cf98caf6ca245,2026-10-02T17:54:58.236483+00:00,1.6387884427333974,0.4215363464870068,-0.16116330259451997,1.2955369338364224,30.501108447721336
2900,117,1,49.060072154047,1.4732918707651594,0.6913,6.1755862068965515,0.05617719703116356,4.540997036787756,"Valdez, Framber",664285,L,"Valdez, Framber",664285,pitcher-arm-angle-664285-L,Astros,2023,https://baseballsavant.mlb.com/leaderboard/pitcher-arm-angles?season=2023,a5a7d5783ac11be1f4a6acec7ad4854d29a21e6cea179bba298bcf246dbe9126,2026-10-02T17:51:08.672246+00:00,180.34,https://www.mlb.com/player/664285,cdb7184387547666db168084d177823f9c9cafdcdbc09252d4b002e2f0ff2a75,2026-10-02T17:54:57.891751+00:00,1.882318675862069,-0.21070824000000002,0.22122831255412195,1.384095896812908,49.07619556567647
2839,117,1,38.45284577737191,-1.990898842388487,-1.7790313490665728,5.722229658330398,-0.10433772517877112,4.223383517582639,"Javier, Cristian",664299,R,"Javier, Cristian",664299,pitcher-arm-angle-664299-R,Astros,2023,https://baseballsavant.mlb.com/leaderboard/pitcher-arm-angles?season=2023,a5a7d5783ac11be1f4a6acec7ad4854d29a21e6cea179bba298bcf246dbe9126,2026-10-02T17:51:08.672246+00:00,185.42000000000002,https://www.mlb.com/player/664299,2b5f519045cbd1e8d8ceecc47d214e2ed4f4778c849cee32125c86cdd2dc76c3,2026-10-02T17:54:59.052106+00:00,1.7441355998591053,0.5422487551954914,-0.032775073330030026,1.2872872961591884,38.466645096437375
1093,117,1,51.885547057596455,-1.4623609867281138,-1.5207319304666056,6.092470265324794,-0.1278163041262417,4.389182044219168,"Urquidy, José",664353,R,"Urquidy, José",664353,pitcher-arm-angle-664353-R,Astros,2023,https://baseballsavant.mlb.com/leaderboard/pitcher-arm-angles?season=2023,a5a7d5783ac11be1f4a6acec7ad4854d29a21e6cea179bba298bcf246dbe9126,2026-10-02T17:51:08.672246+00:00,182.88,https://www.mlb.com/player/664353,8916da09ddc642b4f303cb10c756abc23579c615f9c69940e6ec0b79923410de,2026-10-02T17:54:59.051307+00:00,1.8569849368709972,0.4635190924062214,0.056749873149170786,1.3378226870780023,51.92091792981389
1161,113,1,11.806046295033523,-2.713314710513411,-2.3570973298880276,4.619138673557278,-0.5719874248642375,4.17221242597736,"Díaz, Alexis",664747,R,"Díaz, Alexis",664747,pitcher-arm-angle-664747-R,Reds,2023,https://baseballsavant.mlb.com/leaderboard/pitcher-arm-angles?season=2023,a5a7d5783ac11be1f4a6acec7ad4854d29a21e6cea179bba298bcf246dbe9126,2026-10-02T17:51:08.672246+00:00,187.96,https://www.mlb.com/player/664747,8c8e830dcc183cc748c423d0ed8963cb2b0a4a09c246eba2643b0866912408a5,2026-10-02T17:55:00.631520+00:00,1.4079134677002583,0.7184432661498709,0.06576670948400265,1.2716903474378993,11.789223094802344
1183,115,1,-4.663901249873321,-3.2681934515142093,-3.0572104818258663,4.24381234150465,-0.8206643744641482,4.443003524529769,"Lawrence, Justin",664875,R,"Lawrence, Justin",664875,pitcher-arm-angle-664875-R,Rockies,2023,https://baseballsavant.mlb.com/leaderboard/pitcher-arm-angles?season=2023,a5a7d5783ac11be1f4a6acec7ad4854d29a21e6cea179bba298bcf246dbe9126,2026-10-02T17:51:08.672246+00:00,190.5,https://www.mlb.com/player/664875,10f12d782f23832970b8d4123cc833d806051251a713099154283a40992fc4cc,2026-10-02T17:55:00.835744+00:00,1.2935140016906173,0.9318377548605241,0.18583089217566545,1.3542274742766736,-4.652739965487269
2925,110,1,37.29192952646506,-1.8968386572738052,-2.4151042735042734,5.853015384615385,-0.09019404524886879,4.4728133140759025,"Kremer, Dean",665152,R,"Kremer, Dean",665152,pitcher-arm-angle-665152-R,Orioles,2023,https://baseballsavant.mlb.com/leaderboard/pitcher-arm-angles?season=2023,a5a7d5783ac11be1f4a6acec7ad4854d29a21e6cea179bba298bcf246dbe9126,2026-10-02T17:51:08.672246+00:00,187.96,https://www.mlb.com/player/665152,161b870615d52693c2873c8807e184b39ef8e356cb1c94ab6cfa3c84e1a0f124,2026-10-02T17:55:00.772289+00:00,1.7839990892307693,0.7361237825641026,0.18545850481890191,1.3633134981303352,37.37833737677042
1945,133,1,44.1912310998225,-1.7766586460954357,-2.5003033419023137,6.195686375321337,-0.05771101132296808,4.524234417194782,"Medina, Luis",665622,R,"Medina, Luis",665622,pitcher-arm-angle-665622-R,Athletics,2023,https://baseballsavant.mlb.com/leaderboard/pitcher-arm-angles?season=2023,a5a7d5783ac11be1f4a6acec7ad4854d29a21e6cea179bba298bcf246dbe9126,2026-10-02T17:51:08.672246+00:00,185.42000000000002,https://www.mlb.com/player/665622,d6a3bdd51e139ae25a9ef242a38dc49a4f5e71924fadee7a096c7fef2a780267,2026-10-02T17:55:01.527872+00:00,1.8884452071979436,0.7620924586118253,0.23815721953317712,1.3789866503609696,44.197403212754715
1800,146,1,44.125342153742366,-1.62807688455724,-1.671038888888889,6.21635,0.15072934586056644,4.490148741632006,"Cabrera, Edward",665795,R,"Cabrera, Edward",665795,pitcher-arm-angle-665795-R,Marlins,2023,https://baseballsavant.mlb.com/leaderboard/pitcher-arm-angles?season=2023,a5a7d5783ac11be1f4a6acec7ad4854d29a21e6cea179bba298bcf246dbe9126,2026-10-02T17:51:08.672246+00:00,195.58,https://www.mlb.com/player/665795,83e2d5ef43683ce315faf92f234a4c65fd38552bf4eb37475579ae60d31aab0a,2026-10-02T17:55:02.883410+00:00,1.8947434800000003,0.5093326533333333,-0.032847485698014045,1.3685973364494355,44.14013975433087
1710,112,1,52.601765214564395,-1.1643083382026609,-1.6665964912280702,5.996304093567251,0.1995090854364074,4.212981505040081,"Assad, Javier",665871,R,"Assad, Javier",665871,pitcher-arm-angle-665871-R,Cubs,2023,https://baseballsavant.mlb.com/leaderboard/pitcher-arm-angles?season=2023,a5a7d5783ac11be1f4a6acec7ad4854d29a21e6cea179bba298bcf246dbe9126,2026-10-02T17:51:08.672246+00:00,185.42000000000002,https://www.mlb.com/player/665871,caa146caff3c3c02cde3b158fdec07b1c5ddc6666a948ebb16770c9f659ad2ce,2026-10-02T17:55:03.225094+00:00,1.8276734877192982,0.5079786105263158,0.09228705980112777,1.2841167627362167,52.59261304842084
2475,146,1,43.00908577122165,1.5998707685950524,2.6173818181818183,6.01909898989899,-0.06274446389023927,4.465559504456328,"Garrett, Braxton",666129,L,"Garrett, Braxton",666129,pitcher-arm-angle-666129-L,Marlins,2023,https://baseballsavant.mlb.com/leaderboard/pitcher-arm-angles?season=2023,a5a7d5783ac11be1f4a6acec7ad4854d29a21e6cea179bba298bcf246dbe9126,2026-10-02T17:51:08.672246+00:00,187.96,https://www.mlb.com/player/666129,6707fb631fed6654d8ee3edcb5e2d090e627e641ec957a6172da1d72f65596d8,2026-10-02T17:55:04.525232+00:00,1.8346213721212121,-0.7977779781818183,-0.2910128553203013,1.361102536958289,43.05756065442119
1574,140,2,42.97570664094492,1.8388152912545408,1.3756543837357051,6.260368487928844,0.07839168897661872,4.619727563322892,"Ragans, Cole",666142,L,"Ragans, Cole",666142,pitcher-arm-angle-666142-L,zMLB,2023,https://baseballsavant.mlb.com/leaderboard/pitcher-arm-angles?season=2023,a5a7d5783ac11be1f4a6acec7ad4854d29a21e6cea179bba298bcf246dbe9126,2026-10-02T17:51:08.672246+00:00,193.04,https://www.mlb.com/player/666142,9342aaae17fbbd752b68c78ac2bf9b2e87a76362dd0f36b758ba12be1a581a19,2026-10-02T17:55:05.003616+00:00,1.9081603151207116,-0.41929945616264297,0.11727765781166771,1.4080929613008175,42.982923779090186
1180,116,1,44.4164090210194,-1.686963230372459,-1.7544491525423729,5.447152542372882,-0.13792671825432792,3.9296069486993566,"Manning, Matt",666159,R,"Manning, Matt",666159,pitcher-arm-angle-666159-R,Tigers,2023,https://baseballsavant.mlb.com/leaderboard/pitcher-arm-angles?season=2023,a5a7d5783ac11be1f4a6acec7ad4854d29a21e6cea179bba298bcf246dbe9126,2026-10-02T17:51:08.672246+00:00,198.12,https://www.mlb.com/player/666159,16dcf3d8dae77a1d790f715477cd8e7ee3a8238d9269e14bd4ee3420a2832ae9,2026-10-02T17:55:05.952797+00:00,1.6602920949152544,0.5347561016949153,0.06260977280130887,1.197744197963564,44.41164683076003
2988,146,1,34.86845196794025,2.034837447193381,2.366271753681392,5.802630522088354,0.12485523988407582,4.470372516924502,"Luzardo, Jesús",666200,L,"Luzardo, Jesús",666200,pitcher-arm-angle-666200-L,Marlins,2023,https://baseballsavant.mlb.com/leaderboard/pitcher-arm-angles?season=2023,a5a7d5783ac11be1f4a6acec7ad4854d29a21e6cea179bba298bcf246dbe9126,2026-10-02T17:51:08.672246+00:00,182.88,https://www.mlb.com/player/666200,5d50a0f3e81fd3abe453dfdd413a00ac74eefd72040e33eba5bb3b1ddaeca6b2,2026-10-02T17:55:05.806960+00:00,1.7686417831325303,-0.7212396305220884,-0.13907705373421214,1.3625695431585882,34.896689876488495
1684,141,1,37.240932896123425,-2.3474370161225253,-2.526021377672209,5.794020190023753,-0.3524018704404673,4.276837027110563,"Manoah, Alek",666201,R,"Manoah, Alek",666201,pitcher-arm-angle-666201-R,Blue Jays,2023,https://baseballsavant.mlb.com/leaderboard/pitcher-arm-angles?season=2023,a5a7d5783ac11be1f4a6acec7ad4854d29a21e6cea179bba298bcf246dbe9126,2026-10-02T17:51:08.672246+00:00,198.12,https://www.mlb.com/player/666201,e43f12decffd6113b16e518ea4544669056c9814004435be08099c51e0444091,2026-10-02T17:55:06.605183+00:00,1.76601735391924,0.7699313159144894,0.16184460351059804,1.3035799258632996,37.25224155145649
1453,133,1,36.10858214840565,2.272471291487152,1.7408740536820373,6.076035788024776,0.17722002857202443,4.546846695447246,"Muller, Kyle",666205,L,"Muller, Kyle",666205,pitcher-arm-angle-666205-L,Athletics,2023,https://baseballsavant.mlb.com/leaderboard/pitcher-arm-angles?season=2023,a5a7d5783ac11be1f4a6acec7ad4854d29a21e6cea179bba298bcf246dbe9126,2026-10-02T17:51:08.672246+00:00,200.66,https://www.mlb.com/player/666205,c60eeb7de69bb55acd87254c9e861566bf870e71803023513c862f9bbe6ff3eb,2026-10-02T17:55:07.178940+00:00,1.851975708189952,-0.530618411562285,0.10801417337424594,1.3858788727723206,36.123301140224164
1930,116,1,40.23387763248723,1.7108771971927268,1.2385906735751295,6.036839378238342,-0.1864355083908269,4.432752147211216,"Wentz, Joey",666214,L,"Wentz, Joey",666214,pitcher-arm-angle-666214-L,Tigers,2023,https://baseballsavant.mlb.com/leaderboard/pitcher-arm-angles?season=2023,a5a7d5783ac11be1f4a6acec7ad4854d29a21e6cea179bba298bcf246dbe9126,2026-10-02T17:51:08.672246+00:00,195.58,https://www.mlb.com/player/666214,41750b32181a3cf0295f4da1d6d64703eb4054b52151e4060473364e43f419e8,2026-10-02T17:55:07.800289+00:00,1.8400286424870467,-0.3775224373056995,0.2007784753561677,1.3511028544699788,40.212923039502826
1287,136,1,30.755138570137344,-1.9568741895292827,-2.65008547008547,5.107661227661228,0.10394918885827975,3.88077233489426,"Brash, Matt",666374,R,"Brash, Matt",666374,pitcher-arm-angle-666374-R,Mariners,2023,https://baseballsavant.mlb.com/leaderboard/pitcher-arm-angles?season=2023,a5a7d5783ac11be1f4a6acec7ad4854d29a21e6cea179bba298bcf246dbe9126,2026-10-02T17:51:08.672246+00:00,185.42000000000002,https://www.mlb.com/player/666374,7320eacaf6ddb1e5e7f483c84605b078e951aa3a7646d46ef5110f155b6610a9,2026-10-02T17:55:08.393249+00:00,1.5568151421911423,0.8077460512820512,0.1796070855495222,1.1828594076757706,30.76699571382129
1044,145,1,33.940688510002275,-2.022376277142136,-1.5504597701149425,5.895593869731801,0.04650900545345272,4.5026223360207895,"Santos, Gregory",666619,R,"Santos, Gregory",666619,pitcher-arm-angle-666619-R,White Sox,2023,https://baseballsavant.mlb.com/leaderboard/pitcher-arm-angles?season=2023,a5a7d5783ac11be1f4a6acec7ad4854d29a21e6cea179bba298bcf246dbe9126,2026-10-02T17:51:08.672246+00:00,190.5,https://www.mlb.com/player/666619,856c3d5bc8ba9731a8c839bc13d985cecf214c958ec8c34b2c9da4513a4a7b68,2026-10-02T17:55:09.595710+00:00,1.7969770114942532,0.4725801379310345,-0.15801609620410093,1.3723992880191367,33.952212339128785
1445,147,1,49.47300457422813,-1.1770979647282285,-1.1926159169550172,6.112636678200692,0.45566082434357824,4.198550220380068,"Brito, Jhony",666745,R,"Brito, Jhony",666745,pitcher-arm-angle-666745-R,Yankees,2023,https://baseballsavant.mlb.com/leaderboard/pitcher-arm-angles?season=2023,a5a7d5783ac11be1f4a6acec7ad4854d29a21e6cea179bba298bcf246dbe9126,2026-10-02T17:51:08.672246+00:00,187.96,https://www.mlb.com/player/666745,5e42e85a6cb68e99bb42713579f69bc8d0a9393c4da5302b542ac401de8aa453,2026-10-02T17:55:09.406405+00:00,1.8631316595155711,0.3635093314878893,-0.13415554742119745,1.2797181071718449,49.535075839557585
1121,137,1,18.425931543911453,-2.158822906813728,-1.6864495985727028,5.340704727921499,0.0295299388119533,4.611641635460445,"Doval, Camilo",666808,R,"Doval, Camilo",666808,pitcher-arm-angle-666808-R,Giants,2023,https://baseballsavant.mlb.com/leaderboard/pitcher-arm-angles?season=2023,a5a7d5783ac11be1f4a6acec7ad4854d29a21e6cea179bba298bcf246dbe9126,2026-10-02T17:51:08.672246+00:00,187.96,https://www.mlb.com/player/666808,0c6b9bb3ea2140dde2f236c6c3daee1bdff4c9b72cd7c10f25576feff7c98219,2026-10-02T17:55:10.171000+00:00,1.627846801070473,0.5140298376449598,-0.15298010970174783,1.4056283704883437,18.42580892201357
1013,110,1,14.507135484806202,-2.9570948219971913,-2.322902270483712,5.363514313919052,-0.48941013500078306,4.723254485714236,"Cano, Yennier",666974,R,"Cano, Yennier",666974,pitcher-arm-angle-666974-R,Orioles,2023,https://baseballsavant.mlb.com/leaderboard/pitcher-arm-angles?season=2023,a5a7d5783ac11be1f4a6acec7ad4854d29a21e6cea179bba298bcf246dbe9126,2026-10-02T17:51:08.672246+00:00,193.04,https://www.mlb.com/player/666974,3f7dcab9a55b4aaca8ea86982a7790d76567198a2a142cf8b79eaac0a488c666,2026-10-02T17:55:11.633368+00:00,1.6347991628825271,0.7080206120434355,-0.04412968055306985,1.4396479672456992,14.545109051119358
1053,133,1,46.41058017763624,-1.3656418592419242,-2.0415384615384613,6.1467331433998105,0.23909270770381882,4.460248795310233,"Erceg, Lucas",668674,R,"Erceg, Lucas",668674,pitcher-arm-angle-668674-R,Athletics,2023,https://baseballsavant.mlb.com/leaderboard/pitcher-arm-angles?season=2023,a5a7d5783ac11be1f4a6acec7ad4854d29a21e6cea179bba298bcf246dbe9126,2026-10-02T17:51:08.672246+00:00,187.96,https://www.mlb.com/player/668674,13c9ceab2276967b7c957d90254f04d02b482355d36a54878a240182be7aa26d,2026-10-02T17:55:12.534436+00:00,1.8735242621082624,0.622260923076923,0.13313782707186053,1.359483832810559,46.4228632746312
3158,109,1,42.66158468622933,-1.4791074632988466,-2.7937650411652943,5.907973400886637,0.07829188338701246,4.471609564877249,"Gallen, Zac",668678,R,"Gallen, Zac",668678,pitcher-arm-angle-668678-R,Diamondbacks,2023,https://baseballsavant.mlb.com/leaderboard/pitcher-arm-angles?season=2023,a5a7d5783ac11be1f4a6acec7ad4854d29a21e6cea179bba298bcf246dbe9126,2026-10-02T17:51:08.672246+00:00,187.96,https://www.mlb.com/player/668678,a6c2a1452320f445a22855de1766d6bb15f4a32104a74e2d71d3f6b3780f2096,2026-10-02T17:55:12.411648+00:00,1.800750292590247,0.8515395845471817,0.37684426367733187,1.3629465953745856,42.684837163977015
1168,138,1,55.63547624009296,1.017747411382044,0.6032534246575343,5.914948630136986,-0.3133383083962103,3.967461241926721,"Thompson, Zack",668868,L,"Thompson, Zack",668868,pitcher-arm-angle-668868-L,Cardinals,2023,https://baseballsavant.mlb.com/leaderboard/pitcher-arm-angles?season=2023,a5a7d5783ac11be1f4a6acec7ad4854d29a21e6cea179bba298bcf246dbe9126,2026-10-02T17:51:08.672246+00:00,187.96,https://www.mlb.com/player/668868,fd341f138a9e66962cf20215ab4d0822958d3863e2ca02999e918fbb62bc3741,2026-10-02T17:55:14.485623+00:00,1.8028763424657535,-0.18387164383561647,0.22184328355279542,1.2092821865392647,55.647832806349086
2002,113,1,29.061734939705975,-2.4284466747471978,-2.4625424575424577,5.952352647352647,-0.37192104308347623,4.810053981624436,"Greene, Hunter",668881,R,"Greene, Hunter",668881,pitcher-arm-angle-668881-R,Reds,2023,https://baseballsavant.mlb.com/leaderboard/pitcher-arm-angles?season=2023,a5a7d5783ac11be1f4a6acec7ad4854d29a21e6cea179bba298bcf246dbe9126,2026-10-02T17:51:08.672246+00:00,195.58,https://www.mlb.com/player/668881,3727c3b50c6449328eb87be6b874a5c1df4fe77f167a7206cb2ee96998d7fbda,2026-10-02T17:55:13.158839+00:00,1.814277086913087,0.7505829410589412,0.12375392852783879,1.466104453599128,29.050014407137517
1385,114,1,39.82419490701906,-1.9114910551338715,-2.745046931407942,5.877545126353791,-0.12120475620507473,4.385355301067588,"Williams, Gavin",668909,R,"Williams, Gavin",668909,pitcher-arm-angle-668909-R,Guardians,2023,https://baseballsavant.mlb.com/leaderboard/pitcher-arm-angles?season=2023,a5a7d5783ac11be1f4a6acec7ad4854d29a21e6cea179bba298bcf246dbe9126,2026-10-02T17:51:08.672246+00:00,198.12,https://www.mlb.com/player/668909,4db4037d65bae269d38463e10246b557a82b92b201bfb1bfb8715c94ad7b5e17,2026-10-02T17:55:13.723155+00:00,1.7914757545126356,0.8366903046931409,0.29101104077964357,1.336656295765401,39.81094558404374
2303,113,1,48.784827474755915,-1.459549934581831,-1.3801650021710812,6.234311767260095,0.11246429264162144,4.437362656435882,"Ashcraft, Graham",668933,R,"Ashcraft, Graham",668933,pitcher-arm-angle-668933-R,Reds,2023,https://baseballsavant.mlb.com/leaderboard/pitcher-arm-angles?season=2023,a5a7d5783ac11be1f4a6acec7ad4854d29a21e6cea179bba298bcf246dbe9126,2026-10-02T17:51:08.672246+00:00,187.96,https://www.mlb.com/player/668933,da83e83dde9cbec0be100d2e869b263772d1a6cb5207196079157a71da040d84,2026-10-02T17:55:13.960702+00:00,1.9002182266608771,0.42067429266174555,-0.05847564379596277,1.3525081376816568,48.81978632643539
2459,120,1,50.357518146804885,1.4276575538035254,1.572667751118341,5.992265148434323,-0.006977134452435268,4.260540824168774,"Gore, MacKenzie",669022,L,"Gore, MacKenzie",669022,pitcher-arm-angle-669022-L,Nationals,2023,https://baseballsavant.mlb.com/leaderboard/pitcher-arm-angles?season=2023,a5a7d5783ac11be1f4a6acec7ad4854d29a21e6cea179bba298bcf246dbe9126,2026-10-02T17:51:08.672246+00:00,187.96,https://www.mlb.com/player/669022,ec9b55277bbab607187c2624b71b61fd40f6377f1f60669010d090821e9cb040,2026-10-02T17:55:15.581921+00:00,1.8264424172427818,-0.4793491305408703,-0.04207247756045348,1.2986128432066424,50.36019241076254
1156,158,1,43.12518121415887,-1.9102616060167728,-2.9561245674740486,5.682664359861592,-0.22402641977992835,4.101971222915086,"Wilson, Bryse",669060,R,"Wilson, Bryse",669060,pitcher-arm-angle-669060-R,Brewers,2023,https://baseballsavant.mlb.com/leaderboard/pitcher-arm-angles?season=2023,a5a7d5783ac11be1f4a6acec7ad4854d29a21e6cea179bba298bcf246dbe9126,2026-10-02T17:51:08.672246+00:00,187.96,https://www.mlb.com/player/669060,45ad35de0f92b59c46db33de1d16057fc215457d55d69cb6ff1dd69a47296222,2026-10-02T17:55:15.968462+00:00,1.7320760968858133,0.9010267681660901,0.3870622834010999,1.2502808287445184,43.14963447874598
2318,109,1,48.89815076720686,-1.2554949904527748,-1.1396635030198448,5.974033649698016,0.24287247054363356,4.256910804307604,"Nelson, Ryne",669194,R,"Nelson, Ryne",669194,pitcher-arm-angle-669194-R,Diamondbacks,2023,https://baseballsavant.mlb.com/leaderboard/pitcher-arm-angles?season=2023,a5a7d5783ac11be1f4a6acec7ad4854d29a21e6cea179bba298bcf246dbe9126,2026-10-02T17:51:08.672246+00:00,190.5,https://www.mlb.com/player/669194,edd4495c055dec9c2fd6ccd49e3f6f5f151cc9058f3ec08d88816faafef6c64d,2026-10-02T17:55:18.690665+00:00,1.8208854564279553,0.3473694357204487,-0.1093329663912566,1.2975064131529577,48.891934312254286
3077,158,1,43.36883645581011,-1.5989641514495245,-0.656350341241469,5.898371790705232,0.04124378990346989,4.349222109237822,"Burnes, Corbin",669203,R,"Burnes, Corbin",669203,pitcher-arm-angle-669203-R,Brewers,2023,https://baseballsavant.mlb.com/leaderboard/pitcher-arm-angles?season=2023,a5a7d5783ac11be1f4a6acec7ad4854d29a21e6cea179bba298bcf246dbe9126,2026-10-02T17:51:08.672246+00:00,190.5,https://www.mlb.com/player/669203,2fbd37dd96bd0afb90fab61741728a45310fe59d09d15761b7e2bf645d7804c2,2026-10-02T17:55:20.295437+00:00,1.7978237218069548,0.20005558401039975,-0.299879796513993,1.325642898895688,43.36461203371538
1188,114,1,49.56844325763063,-1.0532693266091018,-0.29788720538720537,5.678552188552189,0.3967544411734697,3.9769085884843682,"Morgan, Eli",669212,R,"Morgan, Eli",669212,pitcher-arm-angle-669212-R,Guardians,2023,https://baseballsavant.mlb.com/leaderboard/pitcher-arm-angles?season=2023,a5a7d5783ac11be1f4a6acec7ad4854d29a21e6cea179bba298bcf246dbe9126,2026-10-02T17:51:08.672246+00:00,177.8,https://www.mlb.com/player/669212,c4e36711b3caacdc3720b6e7db83a7eafba1b0edcada86627a4b826b82afeb4b,2026-10-02T17:55:20.042387+00:00,1.7308227070707072,0.0907960202020202,-0.3511712242181076,1.2121617377700356,49.56464429262149
2873,136,1,52.262554866191216,-1.1952389508763979,-1.1079150713539854,6.2047372084928645,0.2503747552819818,4.334945214744443,"Gilbert, Logan",669302,R,"Gilbert, Logan",669302,pitcher-arm-angle-669302-R,Mariners,2023,https://baseballsavant.mlb.com/leaderboard/pitcher-arm-angles?season=2023,a5a7d5783ac11be1f4a6acec7ad4854d29a21e6cea179bba298bcf246dbe9126,2026-10-02T17:51:08.672246+00:00,198.12,https://www.mlb.com/player/669302,504188b7b1946b56d966809c89501738b9245a58268fd676e8a965b8866ffdea,2026-10-02T17:55:22.269339+00:00,1.8912039011486252,0.33769251374869474,-0.10293054388837938,1.3212913014541063,52.29090376988851
1903,110,1,50.539641130377156,-1.4477296223929192,-1.2788439306358381,6.913011035207567,0.14848908820204143,4.973777313473519,"Wells, Tyler",669330,R,"Wells, Tyler",669330,pitcher-arm-angle-669330-R,Orioles,2023,https://baseballsavant.mlb.com/leaderboard/pitcher-arm-angles?season=2023,a5a7d5783ac11be1f4a6acec7ad4854d29a21e6cea179bba298bcf246dbe9126,2026-10-02T17:51:08.672246+00:00,203.2,https://www.mlb.com/player/669330,ac0604668fdc63cadb98c2909877524d3f13b8de9b45994f3a92bfdc454d283c,2026-10-02T17:55:20.920102+00:00,2.1070857635312663,0.3897916300578035,-0.09673583293154056,1.5160073251467288,50.54157977760859
1218,116,1,47.40073366459005,1.9621037228402656,1.8811986863711,6.150607553366174,0.23055722064165268,4.268005320592187,"Skubal, Tarik",669373,L,"Skubal, Tarik",669373,pitcher-arm-angle-669373-L,Tigers,2023,https://baseballsavant.mlb.com/leaderboard/pitcher-arm-angles?season=2023,a5a7d5783ac11be1f4a6acec7ad4854d29a21e6cea179bba298bcf246dbe9126,2026-10-02T17:51:08.672246+00:00,190.5,https://www.mlb.com/player/669373,a99c19dff3aedb56bcfc4bb373e58ad515e5cd956831218f38c13295f4f03f02,2026-10-02T17:55:21.545264+00:00,1.87470518226601,-0.5733893596059113,-0.045613985735774104,1.3008880217164986,47.393321937324956
1954,114,1,42.861969711525035,-1.4447221404289863,-1.4561770726714431,5.637906857727738,0.11707868839822148,4.187381647545964,"Bieber, Shane",669456,R,"Bieber, Shane",669456,pitcher-arm-angle-669456-R,Guardians,2023,https://baseballsavant.mlb.com/leaderboard/pitcher-arm-angles?season=2023,a5a7d5783ac11be1f4a6acec7ad4854d29a21e6cea179bba298bcf246dbe9126,2026-10-02T17:51:08.672246+00:00,190.5,https://www.mlb.com/player/669456,6953846c0a9fe4636e85b435f2fc746528e0d77e5f9e2f6448ff7a64fd686c98,2026-10-02T17:55:23.813817+00:00,1.7184340102354145,0.4438427717502559,-0.03219412087627706,1.2763139261720098,42.88445022083468
1003,138,1,46.420854595612255,1.5292076837106952,1.2083449651046858,6.394526420737787,-0.05753078358507366,4.727135297849767,"Liberatore, Matthew",669461,L,"Liberatore, Matthew",669461,pitcher-arm-angle-669461-L,Cardinals,2023,https://baseballsavant.mlb.com/leaderboard/pitcher-arm-angles?season=2023,a5a7d5783ac11be1f4a6acec7ad4854d29a21e6cea179bba298bcf246dbe9126,2026-10-02T17:51:08.672246+00:00,193.04,https://www.mlb.com/player/669461,3590d97dee6fd6700ad05a4aa76057d4bc05db01d2c7bf8944d8e7488502367d,2026-10-02T17:55:24.581358+00:00,1.9490516530408775,-0.36830354536390825,0.11533433946784212,1.440830838784609,46.419768568563775
1115,138,1,53.128573252585085,-1.653193189728664,-1.9615156950672645,5.944412556053812,-0.318527522921113,4.166826665867325,"Pallante, Andre",669467,R,"Pallante, Andre",669467,pitcher-arm-angle-669467-R,Cardinals,2023,https://baseballsavant.mlb.com/leaderboard/pitcher-arm-angles?season=2023,a5a7d5783ac11be1f4a6acec7ad4854d29a21e6cea179bba298bcf246dbe9126,2026-10-02T17:51:08.672246+00:00,182.88,https://www.mlb.com/player/669467,27d9bee0b95ebf3122b51349137c52c70c84a96dcc83c4e89f45da8703226bba,2026-10-02T17:55:25.450168+00:00,1.811856947085202,0.5978699838565023,0.19106388861356072,1.2700487677563608,53.09966137985109
1461,112,1,38.971532892958216,-1.9791892457792803,-2.0493429158110885,5.5334839151266255,-0.11992357723874815,4.026396882339521,"Wesneski, Hayden",669713,R,"Wesneski, Hayden",669713,pitcher-arm-angle-669713-R,Cubs,2023,https://baseballsavant.mlb.com/leaderboard/pitcher-arm-angles?season=2023,a5a7d5783ac11be1f4a6acec7ad4854d29a21e6cea179bba298bcf246dbe9126,2026-10-02T17:51:08.672246+00:00,190.5,https://www.mlb.com/player/669713,cbff92b9c7cec3381b0785271b3bbc13e9a490d4f5edd70efcdecec38d342516,2026-10-02T17:55:26.178692+00:00,1.6866058973305955,0.6246397207392198,0.057935544968065564,1.227245769737086,39.02759749115062
2824,136,1,35.67396241785214,-1.8262564151236933,-1.5449645892351276,5.871940509915015,0.15110699545656534,4.451449127007873,"Kirby, George",669923,R,"Kirby, George",669923,pitcher-arm-angle-669923-R,Mariners,2023,https://baseballsavant.mlb.com/leaderboard/pitcher-arm-angles?season=2023,a5a7d5783ac11be1f4a6acec7ad4854d29a21e6cea179bba298bcf246dbe9126,2026-10-02T17:51:08.672246+00:00,193.04,https://www.mlb.com/player/669923,53276cfb7f6126caa354ae9c64067562ef3a5220e0544b5c3afc071b769133d4,2026-10-02T17:55:28.241802+00:00,1.7897674674220965,0.47090520679886694,-0.13179516074599595,1.3568016939119998,35.69257798064598
1447,145,1,50.827044184553436,-1.4111401842581017,-0.9531997235659986,6.070974429854872,0.07735486044640888,4.244650589701232,"Scholtens, Jesse",669947,R,"Scholtens, Jesse",669947,pitcher-arm-angle-669947-R,White Sox,2023,https://baseballsavant.mlb.com/leaderboard/pitcher-arm-angles?season=2023,a5a7d5783ac11be1f4a6acec7ad4854d29a21e6cea179bba298bcf246dbe9126,2026-10-02T17:51:08.672246+00:00,193.04,https://www.mlb.com/player/669947,3b290bd105f6257b847c770906cfeae92a794aaa85ddf926c2cf452f1c6cae6d,2026-10-02T17:55:28.544841+00:00,1.8504330062197651,0.2905352757429164,-0.16315801388301848,1.2937694997409355,50.81919086636495
1332,111,1,52.41930544438855,-1.046422445165135,-1.6156456456456456,5.99180930930931,0.3317859309844604,4.198209776822277,"Winckowski, Josh",670174,R,"Winckowski, Josh",670174,pitcher-arm-angle-670174-R,Red Sox,2023,https://baseballsavant.mlb.com/leaderboard/pitcher-arm-angles?season=2023,a5a7d5783ac11be1f4a6acec7ad4854d29a21e6cea179bba298bcf246dbe9126,2026-10-02T17:51:08.672246+00:00,193.04,https://www.mlb.com/player/670174,85cc7eedceeb2d6f1f2baa0b08e6224c9ebd5ff4d7b3a759ec91e875ffdaceca,2026-10-02T17:55:30.741337+00:00,1.8263034774774776,0.4924487927927928,0.07237087974239613,1.27961433997543,52.46119408041707
1052,134,1,38.228672090451376,-1.8244247497888677,-2.083374524714829,5.865684410646388,-0.0992324182611171,4.504767998651241,"Bednar, David",670280,R,"Bednar, David",670280,pitcher-arm-angle-670280-R,Pirates,2023,https://baseballsavant.mlb.com/leaderboard/pitcher-arm-angles?season=2023,a5a7d5783ac11be1f4a6acec7ad4854d29a21e6cea179bba298bcf246dbe9126,2026-10-02T17:51:08.672246+00:00,185.42000000000002,https://www.mlb.com/player/670280,3668b1d6da164821cc1dc8c11f4790965ce40f5648bd2b45e73e420c12e65724,2026-10-02T17:55:30.365010+00:00,1.787860608365019,0.6350125551330799,0.1091739324834215,1.3730532859888984,38.2681107047851
2963,134,1,30.258913651069943,-2.167541979578905,-2.466537293283834,5.638454269321634,-0.17514499375241765,4.477477986100708,"Oviedo, Johan",670912,R,"Oviedo, Johan",670912,pitcher-arm-angle-670912-R,Pirates,2023,https://baseballsavant.mlb.com/leaderboard/pitcher-arm-angles?season=2023,a5a7d5783ac11be1f4a6acec7ad4854d29a21e6cea179bba298bcf246dbe9126,2026-10-02T17:51:08.672246+00:00,198.12,https://www.mlb.com/player/670912,c5e6a65a7efd89879a7373ac48bbca7c521d765786702da90e49e2dbddb1b0b1,2026-10-02T17:55:31.578864+00:00,1.718600861289234,0.7518005669929126,0.1445179657129992,1.364735290163496,30.229496038895785
1351,141,1,50.86502599179562,-1.1644766529738024,-2.391820873427091,6.266476683937824,0.3665119163727667,4.385203107620816,"Richards, Trevor",670950,R,"Richards, Trevor",670950,pitcher-arm-angle-670950-R,Blue Jays,2023,https://baseballsavant.mlb.com/leaderboard/pitcher-arm-angles?season=2023,a5a7d5783ac11be1f4a6acec7ad4854d29a21e6cea179bba298bcf246dbe9126,2026-10-02T17:51:08.672246+00:00,187.96,https://www.mlb.com/player/670950,298b6765db78bb2b87a068618abfb0508b86f0b44f32c096549b83ab8dcabdd1,2026-10-02T17:55:31.645999+00:00,1.9100220932642487,0.7290270022205774,0.26238168628374314,1.3366099072028248,50.86115467431071
1895,113,1,45.94796461255533,1.540490630183606,1.6345488126649077,5.782084432717678,0.04250664851212733,4.23316282952135,"Abbott, Andrew",671096,L,"Abbott, Andrew",671096,pitcher-arm-angle-671096-L,Reds,2023,https://baseballsavant.mlb.com/leaderboard/pitcher-arm-angles?season=2023,a5a7d5783ac11be1f4a6acec7ad4854d29a21e6cea179bba298bcf246dbe9126,2026-10-02T17:51:08.672246+00:00,182.88,https://www.mlb.com/player/671096,45c7ec1455c2eef1362cc8c5a1f069e4653c2f9912f214b5ac442d9786cb2f11,2026-10-02T17:55:32.375984+00:00,1.7623793350923482,-0.4982104781002639,-0.04162496048679714,1.2902680304381076,45.95777135269484
2133,114,1,43.434717637174266,1.3060874521999941,2.2505344585091422,5.229535864978903,-0.29013675561773106,3.717143350147458,"Allen, Logan",671106,L,"Allen, Logan",671106,pitcher-arm-angle-671106-L,Guardians,2023,https://baseballsavant.mlb.com/leaderboard/pitcher-arm-angles?season=2023,a5a7d5783ac11be1f4a6acec7ad4854d29a21e6cea179bba298bcf246dbe9126,2026-10-02T17:51:08.672246+00:00,182.88,https://www.mlb.com/player/671106,0c059fd3c28bd7099451029ed603401c9d87e026ab6d5e0bcabecc065837a4f2,2026-10-02T17:55:33.150199+00:00,1.5939625316455697,-0.6859629029535866,-0.19943376441074395,1.1329852931249451,43.455249147174534
1046,116,1,31.3973522717684,-2.244936827060831,-1.8388718929254302,5.677179732313576,-0.11252519972529251,4.375527344642011,"Foley, Jason",671345,R,"Foley, Jason",671345,pitcher-arm-angle-671345-R,Tigers,2023,https://baseballsavant.mlb.com/leaderboard/pitcher-arm-angles?season=2023,a5a7d5783ac11be1f4a6acec7ad4854d29a21e6cea179bba298bcf246dbe9126,2026-10-02T17:51:08.672246+00:00,193.04,https://www.mlb.com/player/671345,9062a38e65122a3c063da530ea645bbace2eb03f9603d20e7e72c94c1c8ed19e,2026-10-02T17:55:33.168413+00:00,1.730404382409178,0.5604881529636712,-0.08947091104820101,1.333660734646885,31.40044575304722
1821,139,1,55.79379636852217,-1.296217827131118,-1.3994453596924767,6.107935200439319,-0.012722030950066614,4.219443503892496,"Bradley, Taj",671737,R,"Bradley, Taj",671737,pitcher-arm-angle-671737-R,Rays,2023,https://baseballsavant.mlb.com/leaderboard/pitcher-arm-angles?season=2023,a5a7d5783ac11be1f4a6acec7ad4854d29a21e6cea179bba298bcf246dbe9126,2026-10-02T17:51:08.672246+00:00,187.96,https://www.mlb.com/player/671737,ef8444a07d427c42299fac028abf6c05d9bf3e6224b5bf380f1f629cfc83ed9d,2026-10-02T17:55:34.183397+00:00,1.8616986490939045,0.42655094563426693,0.035341426958282456,1.2860863799864328,55.79837779991699
2599,108,1,38.812667429577424,1.7331720132383814,1.3834282416313968,6.067275875336668,-0.05636487340187746,4.626845492953207,"Detmers, Reid",672282,L,"Detmers, Reid",672282,pitcher-arm-angle-672282-L,Angels,2023,https://baseballsavant.mlb.com/leaderboard/pitcher-arm-angles?season=2023,a5a7d5783ac11be1f4a6acec7ad4854d29a21e6cea179bba298bcf246dbe9126,2026-10-02T17:51:08.672246+00:00,187.96,https://www.mlb.com/player/672282,563886456ce6c73badca4a24e632c65b7dae1ad67752bda308708f7d94ad2d26,2026-10-02T17:55:35.123025+00:00,1.8493056868026163,-0.42166892804924977,0.12378191499870118,1.4102625062521374,38.83121265343148
1250,118,1,41.484017421421946,-1.6141674862810367,-1.621792,6.039608,0.2860150527629233,4.358945780606061,"Hernández, Carlos",672578,R,"Hernández, Carlos",672578,pitcher-arm-angle-672578-R,Royals,2023,https://baseballsavant.mlb.com/leaderboard/pitcher-arm-angles?season=2023,a5a7d5783ac11be1f4a6acec7ad4854d29a21e6cea179bba298bcf246dbe9126,2026-10-02T17:51:08.672246+00:00,193.04,https://www.mlb.com/player/672578,607c3b1acd653ed8ce901b366b06aa367d223a0844203ae470e7d1a62a7ccf0e,2026-10-02T17:55:36.244987+00:00,1.8408725184,0.4943222016,-0.08485343630059905,1.3286066739287274,41.49192640206579
1139,134,1,49.9735564140389,-1.1393473629438107,-0.8764003511852502,5.8742142230026335,0.3604942425337922,4.087990542568692,"Contreras, Roansy",672710,R,"Contreras, Roansy",672710,pitcher-arm-angle-672710-R,Pirates,2023,https://baseballsavant.mlb.com/leaderboard/pitcher-arm-angles?season=2023,a5a7d5783ac11be1f4a6acec7ad4854d29a21e6cea179bba298bcf246dbe9126,2026-10-02T17:51:08.672246+00:00,185.42000000000002,https://www.mlb.com/player/672710,98949782d847d5309acade0a00d5fb25ae71d2f7d9760f4b6378535c784090ef,2026-10-02T17:55:36.691953+00:00,1.7904604951712029,0.2671268270412643,-0.1900248943083091,1.2460195173749373,49.98076854114781
2754,121,1,47.578668160090245,-1.3992889430224555,-1.93779593318809,5.923126361655774,0.11981674229802834,4.258897270960276,"Senga, Kodai",673540,R,"Senga, Kodai",673540,pitcher-arm-angle-673540-R,Mets,2023,https://baseballsavant.mlb.com/leaderboard/pitcher-arm-angles?season=2023,a5a7d5783ac11be1f4a6acec7ad4854d29a21e6cea179bba298bcf246dbe9126,2026-10-02T17:51:08.672246+00:00,185.42000000000002,https://www.mlb.com/player/673540,680b6e8753ed3ce62899e14d46e441a87b0d2b8582f26ac87063ff25009c9847,2026-10-02T17:55:38.526598+00:00,1.80536891503268,0.5906402004357298,0.12761678755004638,1.2981118881886922,47.61022042611956
1309,109,1,42.23473253683103,1.7739329508573625,1.8788311688311687,5.665324675324675,-0.040047116561743805,4.01692053485468,"Henry, Tommy",674072,L,"Henry, Tommy",674072,pitcher-arm-angle-674072-L,Diamondbacks,2023,https://baseballsavant.mlb.com/leaderboard/pitcher-arm-angles?season=2023,a5a7d5783ac11be1f4a6acec7ad4854d29a21e6cea179bba298bcf246dbe9126,2026-10-02T17:51:08.672246+00:00,190.5,https://www.mlb.com/player/674072,3f6ecc52a9b18feac516a87aae3c3fdcbafbe27c5254376243562c4d8ca77464,2026-10-02T17:55:40.153480+00:00,1.7267909610389611,-0.5726677402597402,-0.01976661571039664,1.2243573790237066,42.2621236100262
1494,114,1,61.77839681309267,-0.7787825449066197,-1.4952677376171353,6.0458835341365464,0.2996987723323478,4.036907724182529,"Curry, Xzavion",675540,R,"Curry, Xzavion",675540,pitcher-arm-angle-675540-R,Guardians,2023,https://baseballsavant.mlb.com/leaderboard/pitcher-arm-angles?season=2023,a5a7d5783ac11be1f4a6acec7ad4854d29a21e6cea179bba298bcf246dbe9126,2026-10-02T17:51:08.672246+00:00,182.88,https://www.mlb.com/player/675540,cc3853e4efcd8784e0cd2f2d8063d3bb2b437cac082d92e3a1671d6f17738d6a,2026-10-02T17:55:39.582087+00:00,1.8427853012048194,0.45575760642570284,0.12703650093126553,1.230449474330835,61.771699506759866
1132,119,1,51.42005051027562,-1.207579863399291,-1.3056095406360424,6.065865724381625,0.13091873177314614,4.388459818408571,"Grove, Michael",675627,R,"Grove, Michael",675627,pitcher-arm-angle-675627-R,Dodgers,2023,https://baseballsavant.mlb.com/leaderboard/pitcher-arm-angles?season=2023,a5a7d5783ac11be1f4a6acec7ad4854d29a21e6cea179bba298bcf246dbe9126,2026-10-02T17:51:08.672246+00:00,190.5,https://www.mlb.com/player/675627,ab1eb2533286fc5d25a41e12f730c92bfaf6232975253c750fc7b21cd3027df6,2026-10-02T17:55:40.984520+00:00,1.8488758727915195,0.3979497879858657,-0.01002458382269309,1.3376025526509325,51.411621162694416
2998,144,1,47.68970123469473,-1.5073589649305488,-2.0504636424282854,5.844479653102068,-0.09607719900016529,4.293188955292833,"Strider, Spencer",675911,R,"Strider, Spencer",675911,pitcher-arm-angle-675911-R,Braves,2023,https://baseballsavant.mlb.com/leaderboard/pitcher-arm-angles?season=2023,a5a7d5783ac11be1f4a6acec7ad4854d29a21e6cea179bba298bcf246dbe9126,2026-10-02T17:51:08.672246+00:00,182.88,https://www.mlb.com/player/675911,034105f34f9bd13bdae32124487c5c909fd106eb35c34931c69c77b77729bcb3,2026-10-02T17:55:41.391316+00:00,1.7813973982655105,0.6249813182121414,0.19482263595656052,1.3085639935732556,47.70574199622614
1078,137,1,19.065365955927525,-2.8256059919635925,-3.608051948051948,5.298107606679035,-0.5434636461196048,4.509284857579395,"Walker, Ryan",676254,R,"Walker, Ryan",676254,pitcher-arm-angle-676254-R,Giants,2023,https://baseballsavant.mlb.com/leaderboard/pitcher-arm-angles?season=2023,a5a7d5783ac11be1f4a6acec7ad4854d29a21e6cea179bba298bcf246dbe9126,2026-10-02T17:51:08.672246+00:00,187.96,https://www.mlb.com/player/676254,5e5a6be6c99dbfcf39114e356cd0d3f240ac39fd1d57abaa5042b370e8065611,2026-10-02T17:55:44.124775+00:00,1.61486319851577,1.099734233766234,0.4041372467529864,1.3744300245901997,19.06771421538515
1961,119,1,46.68566844320081,-1.2767008859556932,-1.1956960734319224,5.984018357980622,0.34083568480194454,4.267460696187055,"Miller, Bobby",676272,R,"Miller, Bobby",676272,pitcher-arm-angle-676272-R,Dodgers,2023,https://baseballsavant.mlb.com/leaderboard/pitcher-arm-angles?season=2023,a5a7d5783ac11be1f4a6acec7ad4854d29a21e6cea179bba298bcf246dbe9126,2026-10-02T17:51:08.672246+00:00,195.58,https://www.mlb.com/player/676272,62cda397acbf24a8115a5a0aada52901adefd2044cce733d8cfac826c8d93f94,2026-10-02T17:55:44.575960+00:00,1.8239287955124937,0.36444816318205,-0.12857698358487804,1.3007220201978145,46.70115868363905
2321,114,1,59.363878925427464,-1.0760590696807528,-2.0254071520896164,6.365127100387764,0.06155475769172577,4.444585943731611,"Bibee, Tanner",676440,R,"Bibee, Tanner",676440,pitcher-arm-angle-676440-R,Guardians,2023,https://baseballsavant.mlb.com/leaderboard/pitcher-arm-angles?season=2023,a5a7d5783ac11be1f4a6acec7ad4854d29a21e6cea179bba298bcf246dbe9126,2026-10-02T17:51:08.672246+00:00,187.96,https://www.mlb.com/player/676440,743d16d6b9119f2ddeac86f23f744529304c5b325179df40590d63a8cf4432ea,2026-10-02T17:55:44.638566+00:00,1.9400907401981906,0.6173440999569151,0.27059940537378363,1.3547097956493952,59.36003377059004
1144,111,1,36.33238766520875,-2.0186864797884985,-1.4090472027972027,5.707613636363637,-0.2289970685620084,4.391005411010558,"Whitlock, Garrett",676477,R,"Whitlock, Garrett",676477,pitcher-arm-angle-676477-R,Red Sox,2023,https://baseballsavant.mlb.com/leaderboard/pitcher-arm-angles?season=2023,a5a7d5783ac11be1f4a6acec7ad4854d29a21e6cea179bba298bcf246dbe9126,2026-10-02T17:51:08.672246+00:00,195.58,https://www.mlb.com/player/676477,ad32c20a8c73db341f2b43e948dc5588670b3b8ecf58ddae15cf00767b4a0c67,2026-10-02T17:55:45.683883+00:00,1.7396806363636366,0.4294775874125874,-0.11601974512924677,1.338378449276018,36.340540804788866
2865,133,1,22.9576548201532,2.233199036448731,1.3515776614310646,4.75873647469459,0.241630157783564,3.915344698385145,"Sears, JP",676664,L,"Sears, JP",676664,pitcher-arm-angle-676664-L,Athletics,2023,https://baseballsavant.mlb.com/leaderboard/pitcher-arm-angles?season=2023,a5a7d5783ac11be1f4a6acec7ad4854d29a21e6cea179bba298bcf246dbe9126,2026-10-02T17:51:08.672246+00:00,180.34,https://www.mlb.com/player/676664,c33078f5c534499f9bb1be4723a7fbbb6a7777fa7a8af0bc6810d114b8e77c33,2026-10-02T17:55:47.452616+00:00,1.450462877486911,-0.4119608712041885,0.19506932301295443,1.1933970640677922,22.951739367397646
2006,111,1,48.074233833897345,-1.4619905130982567,-1.1927018943170489,5.952941176470588,0.01341795691357301,4.309178477668598,"Crawford, Kutter",676710,R,"Crawford, Kutter",676710,pitcher-arm-angle-676710-R,Red Sox,2023,https://baseballsavant.mlb.com/leaderboard/pitcher-arm-angles?season=2023,a5a7d5783ac11be1f4a6acec7ad4854d29a21e6cea179bba298bcf246dbe9126,2026-10-02T17:51:08.672246+00:00,185.42000000000002,https://www.mlb.com/player/676710,874be5ee3204616b89852ebaa9194bc73f96f5a1ef977a212746e2fea5e72113,2026-10-02T17:55:48.941763+00:00,1.8144564705882353,0.3635355373878365,-0.08616896427176919,1.3134375999933887,48.08948618328963
1072,146,2,38.476496425324335,1.72860038598977,2.4519309701492538,5.8125466417910445,-0.02121013764732487,4.421376539262245,"Weathers, Ryan",677960,L,"Weathers, Ryan",677960,pitcher-arm-angle-677960-L,zMLB,2023,https://baseballsavant.mlb.com/leaderboard/pitcher-arm-angles?season=2023,a5a7d5783ac11be1f4a6acec7ad4854d29a21e6cea179bba298bcf246dbe9126,2026-10-02T17:51:08.672246+00:00,185.42000000000002,https://www.mlb.com/player/677960,434f17a27ceef5cdf9ca20073d388429925104b05d54ad3b71ab93c78064cc4e,2026-10-02T17:55:51.221436+00:00,1.7716642164179104,-0.7473485597014926,-0.21400631209690604,1.3476355691671325,38.486118631061224
2549,111,1,29.662240958780323,-2.219920367520894,-1.8892232247940368,5.232899176147509,-0.19403007390266638,4.0781053066841775,"Bello, Brayan",678394,R,"Bello, Brayan",678394,pitcher-arm-angle-678394-R,Red Sox,2023,https://baseballsavant.mlb.com/leaderboard/pitcher-arm-angles?season=2023,a5a7d5783ac11be1f4a6acec7ad4854d29a21e6cea179bba298bcf246dbe9126,2026-10-02T17:51:08.672246+00:00,185.42000000000002,https://www.mlb.com/player/678394,74071101e173d2c6dba0326df0dd65622af15fa00dcdf7e15706ee7bdb5dcf5d,2026-10-02T17:55:52.904589+00:00,1.5949876688897608,0.5758352389172224,-0.04165612257761331,1.2430064974773374,29.683917225072857
1342,118,1,36.602100377120934,-2.1463914628621494,-2.3406482861400892,5.67,-0.2847367298389346,4.287410708934705,"Marsh, Alec",679525,R,"Marsh, Alec",679525,pitcher-arm-angle-679525-R,Royals,2023,https://baseballsavant.mlb.com/leaderboard/pitcher-arm-angles?season=2023,a5a7d5783ac11be1f4a6acec7ad4854d29a21e6cea179bba298bcf246dbe9126,2026-10-02T17:51:08.672246+00:00,187.96,https://www.mlb.com/player/679525,14a0997f22444597225a2215d2b495b92ad290f1906e9b5c881f48e107dbd822,2026-10-02T17:55:53.842540+00:00,1.728216,0.7134295976154993,0.14599723499002332,1.306802784083298,36.60004900744221
2080,110,1,42.36125147266718,-1.666469397966992,-2.4139663461538463,5.779951923076923,0.101430912004662,4.165839762314891,"Rodriguez, Grayson",680570,R,"Rodriguez, Grayson",680570,pitcher-arm-angle-680570-R,Orioles,2023,https://baseballsavant.mlb.com/leaderboard/pitcher-arm-angles?season=2023,a5a7d5783ac11be1f4a6acec7ad4854d29a21e6cea179bba298bcf246dbe9126,2026-10-02T17:51:08.672246+00:00,195.58,https://www.mlb.com/player/680570,091ac11269034e677812306d6b84e560a3f57848a645b6e9292ef10ca597d46e,2026-10-02T17:55:54.618029+00:00,1.7617293461538461,0.7357769423076924,0.1969209278283322,1.269747959553579,42.39641817979212
2811,120,1,33.76168589069224,-2.1829069962387875,-1.7880789754535753,5.177431519032373,-0.16524091758821183,3.828051703233604,"Gray, Josiah",680686,R,"Gray, Josiah",680686,pitcher-arm-angle-680686-R,Nationals,2023,https://baseballsavant.mlb.com/leaderboard/pitcher-arm-angles?season=2023,a5a7d5783ac11be1f4a6acec7ad4854d29a21e6cea179bba298bcf246dbe9126,2026-10-02T17:51:08.672246+00:00,185.42000000000002,https://www.mlb.com/player/680686,90da80b9e57e9aaa27dfd5220df52382fb235ffcac5467234dbfd7018bf956df,2026-10-02T17:55:55.642207+00:00,1.5780811270010673,0.5450064717182498,-0.06997814905444572,1.1667901591456027,33.77391389795873
2638,110,1,53.682616015540965,-1.1639965822987732,-1.361819560272934,6.266383623957544,0.16293125342079764,4.459666847791567,"Bradish, Kyle",680694,R,"Bradish, Kyle",680694,pitcher-arm-angle-680694-R,Orioles,2023,https://baseballsavant.mlb.com/leaderboard/pitcher-arm-angles?season=2023,a5a7d5783ac11be1f4a6acec7ad4854d29a21e6cea179bba298bcf246dbe9126,2026-10-02T17:51:08.672246+00:00,190.5,https://www.mlb.com/player/680694,0a037cf3fa3eeb05ff03ac4ec4ac56429c791576f6277aceec7efc3286a8304a,2026-10-02T17:55:56.132593+00:00,1.9099937285822595,0.4150826019711903,0.010634997643865062,1.3593064552068697,53.70489393456582
1004,114,1,5.5374080752611485,-2.629872041183125,-3.1033266932270918,4.176593625498008,-0.6292973369445569,3.9808416064796077,"Sandlin, Nick",680704,R,"Sandlin, Nick",680704,pitcher-arm-angle-680704-R,Guardians,2023,https://baseballsavant.mlb.com/leaderboard/pitcher-arm-angles?season=2023,a5a7d5783ac11be1f4a6acec7ad4854d29a21e6cea179bba298bcf246dbe9126,2026-10-02T17:51:08.672246+00:00,180.34,https://www.mlb.com/player/680704,08959e54dc18d2e1089ccc54f18c393b32f14ca821d56be24193aac9b1e2f00d,2026-10-02T17:55:57.221945+00:00,1.2730257370517928,0.9458939760956177,0.336118806243702,1.2133605216549845,5.588481496089835
1710,116,1,37.69487693632298,-2.0548707089203027,-2.8655087719298247,5.937070175438596,-0.13664435464031438,4.4518149107170775,"Olson, Reese",681857,R,"Olson, Reese",681857,pitcher-arm-angle-681857-R,Tigers,2023,https://baseballsavant.mlb.com/leaderboard/pitcher-arm-angles?season=2023,a5a7d5783ac11be1f4a6acec7ad4854d29a21e6cea179bba298bcf246dbe9126,2026-10-02T17:51:08.672246+00:00,185.42000000000002,https://www.mlb.com/player/681857,2fffc395334b7df587f388e31db24bc90b555d41b5fe4570fa80b7a4738375dd,2026-10-02T17:56:01.314520+00:00,1.8096189894736843,0.8734070736842106,0.28873168089967016,1.3569131847865652,37.75010701079001
1938,113,1,45.114274916349665,1.6288933444643225,1.0394633642930857,6.525665634674922,-0.09778195987373278,4.791365641895186,"Williamson, Brandon",682227,L,"Williamson, Brandon",682227,pitcher-arm-angle-682227-L,Reds,2023,https://baseballsavant.mlb.com/leaderboard/pitcher-arm-angles?season=2023,a5a7d5783ac11be1f4a6acec7ad4854d29a21e6cea179bba298bcf246dbe9126,2026-10-02T17:51:08.672246+00:00,198.12,https://www.mlb.com/player/682227,ada82b90fbb0929fe441476ebfb5d34e9da5d1bbcb2de47e90d73cc5a3f16a2b,2026-10-02T17:56:03.609169+00:00,1.9890228854489165,-0.31682843343653255,0.20946219932570675,1.4604082476496527,45.12622504454697
2094,136,1,45.96661918687417,-1.4493854624984965,-1.0043361986628463,5.636251193887297,0.20947702062764847,3.9163487474185645,"Miller, Bryce",682243,R,"Miller, Bryce",682243,pitcher-arm-angle-682243-R,Mariners,2023,https://baseballsavant.mlb.com/leaderboard/pitcher-arm-angles?season=2023,a5a7d5783ac11be1f4a6acec7ad4854d29a21e6cea179bba298bcf246dbe9126,2026-10-02T17:51:08.672246+00:00,187.96,https://www.mlb.com/player/682243,df777b89f457425444e0643e5df9a3c8ae235356d21a3e92e7c9f9fedd9580cd,2026-10-02T17:56:04.735615+00:00,1.7179293638968482,0.30612167335243556,-0.19949961150441348,1.1937030982131784,46.0349793346652
1459,134,1,31.349757948939384,-1.8732823550497455,-1.4792392049348868,5.307854694996573,0.09156409787916663,4.109054796279532,"Ortiz, Luis",682847,R,"Ortiz, Luis",682847,pitcher-arm-angle-682847-R,Pirates,2023,https://baseballsavant.mlb.com/leaderboard/pitcher-arm-angles?season=2023,a5a7d5783ac11be1f4a6acec7ad4854d29a21e6cea179bba298bcf246dbe9126,2026-10-02T17:51:08.672246+00:00,187.96,https://www.mlb.com/player/682847,51cd5328caf31397670fe89e5b1da3a037f9ee510ed287d27b2b1f67e5fae73f,2026-10-02T17:56:05.284237+00:00,1.6178341110349554,0.45087210966415353,-0.14801308918857892,1.2524399019060013,31.388367060507083
1031,119,1,29.65944068004611,-2.211850741891889,-1.398399612027158,5.342938894277401,-0.20047115575795613,4.1967849198033855,"Sheehan, Emmet",686218,R,"Sheehan, Emmet",686218,pitcher-arm-angle-686218-R,Dodgers,2023,https://baseballsavant.mlb.com/leaderboard/pitcher-arm-angles?season=2023,a5a7d5783ac11be1f4a6acec7ad4854d29a21e6cea179bba298bcf246dbe9126,2026-10-02T17:51:08.672246+00:00,195.58,https://www.mlb.com/player/686218,3e464c0395f7eb7f3adadb33e5f7c7aa77e1ce0f33ee51e168642836d1856775,2026-10-02T17:56:10.041242+00:00,1.6285277749757519,0.4262322017458778,-0.18683629610774494,1.279180043556072,29.6759931784055
2553,133,1,34.40824853225825,1.9440522560842357,2.506020368194281,5.465891108499804,0.10952002718831363,4.209216036776139,"Waldichuk, Ken",686610,L,"Waldichuk, Ken",686610,pitcher-arm-angle-686610-L,Athletics,2023,https://baseballsavant.mlb.com/leaderboard/pitcher-arm-angles?season=2023,a5a7d5783ac11be1f4a6acec7ad4854d29a21e6cea179bba298bcf246dbe9126,2026-10-02T17:51:08.672246+00:00,193.04,https://www.mlb.com/player/686610,83ad4fb8668e30c0e1241e8dbe32509dff0ef0e24bf418cf89a7ce17e72066fd,2026-10-02T17:56:12.015362+00:00,1.6660036098707403,-0.7638350082256169,-0.20466958485813988,1.2829690480093672,34.41157904942218
2719,117,1,56.509533819526474,-1.0339123947933033,-1.3467304155939683,6.16672305994851,0.18164997184269407,4.3259722854095335,"Brown, Hunter",686613,R,"Brown, Hunter",686613,pitcher-arm-angle-686613-R,Astros,2023,https://baseballsavant.mlb.com/leaderboard/pitcher-arm-angles?season=2023,a5a7d5783ac11be1f4a6acec7ad4854d29a21e6cea179bba298bcf246dbe9126,2026-10-02T17:51:08.672246+00:00,187.96,https://www.mlb.com/player/686613,3ab855141bbf07797bb0bcba3b837dea7bb50bf79a8e4b13cc3d50c0298c0cc2,2026-10-02T17:56:11.030645+00:00,1.879617188672306,0.41048343067304155,0.03998002132238954,1.3185563525928259,56.5607326371677
1091,142,1,36.08681794198646,-2.1241624062388733,-1.7127589367552705,5.455820348304308,-0.27775958694618585,4.108381394524312,"Varland, Louis",686973,R,"Varland, Louis",686973,pitcher-arm-angle-686973-R,Twins,2023,https://baseballsavant.mlb.com/leaderboard/pitcher-arm-angles?season=2023,a5a7d5783ac11be1f4a6acec7ad4854d29a21e6cea179bba298bcf246dbe9126,2026-10-02T17:51:08.672246+00:00,185.42000000000002,https://www.mlb.com/player/686973,16bcbecfa42217a833f06a2a084d908ff149f4d75ac31c3a0bc6b7fcfbf82769,2026-10-02T17:56:13.714265+00:00,1.6629340421631533,0.5220489239230065,-0.0407346553974047,1.2522346490510106,36.12063518666669
1038,139,1,4.247924886499293,-2.691197302298066,-1.8865414258188824,3.737610789980732,-0.5965614950078822,3.5809943165074754,"Kelly, Kevin",687330,R,"Kelly, Kevin",687330,pitcher-arm-angle-687330-R,Rays,2023,https://baseballsavant.mlb.com/leaderboard/pitcher-arm-angles?season=2023,a5a7d5783ac11be1f4a6acec7ad4854d29a21e6cea179bba298bcf246dbe9126,2026-10-02T17:51:08.672246+00:00,187.96,https://www.mlb.com/player/687330,cd00da148123ebca730e32206129f8ab3bd64c100944fb75ab2095bffd727adf,2026-10-02T17:56:13.938408+00:00,1.139223768786127,0.5750178265895954,-0.06342716747245265,1.0914870676714785,4.276063860800962
1534,146,1,32.03219928025123,-2.1742494441631366,-1.9376727509778358,5.942177314211213,0.018352320195590386,4.569683093725816,"Pérez, Eury",691587,R,"Pérez, Eury",691587,pitcher-arm-angle-691587-R,Marlins,2023,https://baseballsavant.mlb.com/leaderboard/pitcher-arm-angles?season=2023,a5a7d5783ac11be1f4a6acec7ad4854d29a21e6cea179bba298bcf246dbe9126,2026-10-02T17:51:08.672246+00:00,203.2,https://www.mlb.com/player/691587,070454165b1c0f325f65da674dbb2defa819498ed151834a8bae86b7929fc648,2026-10-02T17:56:17.674608+00:00,1.8111756453715777,0.5906026544980444,-0.07770236327849565,1.3928394069676289,32.04516774943286
1447,136,1,26.935815592604545,-2.1556491771131436,-1.5202557014512785,4.944872149274361,-0.19457921423265542,3.947865315601644,"Woo, Bryan",693433,R,"Woo, Bryan",693433,pitcher-arm-angle-693433-R,Mariners,2023,https://baseballsavant.mlb.com/leaderboard/pitcher-arm-angles?season=2023,a5a7d5783ac11be1f4a6acec7ad4854d29a21e6cea179bba298bcf246dbe9126,2026-10-02T17:51:08.672246+00:00,187.96,https://www.mlb.com/player/693433,b871c46b628e279a5c2e0fb4bc98d8cdf7f4c57ffa310633ef2f58e4509b3944,2026-10-02T17:56:16.963005+00:00,1.5071970310988254,0.4633739378023497,-0.1343601868836231,1.2033093481953812,26.94875735654292
2837,144,1,52.9079626854029,-1.17332322568479,-1.137959111737751,6.514272118434967,0.23246249490279017,4.653708998232548,"Elder, Bryce",693821,R,"Elder, Bryce",693821,pitcher-arm-angle-693821-R,Braves,2023,https://baseballsavant.mlb.com/leaderboard/pitcher-arm-angles?season=2023,a5a7d5783ac11be1f4a6acec7ad4854d29a21e6cea179bba298bcf246dbe9126,2026-10-02T17:51:08.672246+00:00,187.96,https://www.mlb.com/player/693821,15435d8d7a7d303b659e08723b4b6a60888ef08a1dc19a6dcebd9699be5f18bc,2026-10-02T17:56:18.612138+00:00,1.985550141698978,0.3468499372576665,-0.08163355037742795,1.4184505026612808,52.92639897922324
1561,109,1,29.24696707753598,-2.3469621259687834,-2.145419602818706,5.480301089045484,-0.32981841728130307,4.350435472713341,"Pfaadt, Brandon",694297,R,"Pfaadt, Brandon",694297,pitcher-arm-angle-694297-R,Diamondbacks,2023,https://baseballsavant.mlb.com/leaderboard/pitcher-arm-angles?season=2023,a5a7d5783ac11be1f4a6acec7ad4854d29a21e6cea179bba298bcf246dbe9126,2026-10-02T17:51:08.672246+00:00,193.04,https://www.mlb.com/player/694297,cec8f4c4f4af7b423c9cfc2163bef8313376ca8c3d5d71610e0cc300adf43a0d,2026-10-02T17:56:18.657224+00:00,1.6703957719410636,0.6539238949391416,0.03909849253119759,1.3260127320830266,29.25455921448571
1580,117,1,54.68030320034231,-1.2649702409476302,-1.5440822784810126,7.096683544303797,0.15464905046368374,5.087383938829848,"Verlander, Justin",434378,R,"Verlander, Justin",434378,pitcher-arm-angle-434378-R,Astros,2024,https://baseballsavant.mlb.com/leaderboard/pitcher-arm-angles?season=2024,2d7bf811125d5cd194f1c4197220fc9b214de7aa165448ebc31e93034103951b,2026-10-02T17:51:09.468897+00:00,195.58,https://www.mlb.com/player/434378,8fd67a7a5f75d8d8c525c0caf6bd034406dedcec2017ad71c5c3a3d9d8c0c99c,2026-10-02T17:51:12.062912+00:00,2.1630691443037975,0.4706362784810127,0.03793631845884416,1.5506346245553377,54.75785997431284
1044,144,1,21.588730694208973,-2.1029339606433566,-1.5924521072796936,5.141944444444444,-0.16109328315268984,4.373591528622944,"Chavez, Jesse",445926,R,"Chavez, Jesse",445926,pitcher-arm-angle-445926-R,Braves,2024,https://baseballsavant.mlb.com/leaderboard/pitcher-arm-angles?season=2024,2d7bf811125d5cd194f1c4197220fc9b214de7aa165448ebc31e93034103951b,2026-10-02T17:51:09.468897+00:00,185.42000000000002,https://www.mlb.com/player/445926,f3e410bdfce44a1bb798dc1677e14495382708163ff983869f3d96a539c456da,2026-10-02T17:51:13.567643+00:00,1.5672646666666668,0.4853794022988506,-0.10649363620030464,1.3330706979242735,21.587852433751618
2789,144,1,20.829269804836297,-2.603150762323139,-2.5583757619218357,5.459802796701327,-0.2612275695708056,4.5689257680574755,"Morton, Charlie",450203,R,"Morton, Charlie",450203,pitcher-arm-angle-450203-R,Braves,2024,https://baseballsavant.mlb.com/leaderboard/pitcher-arm-angles?season=2024,2d7bf811125d5cd194f1c4197220fc9b214de7aa165448ebc31e93034103951b,2026-10-02T17:51:09.468897+00:00,195.58,https://www.mlb.com/player/450203,fc8493f1193af4145529d893a1ccf2a39617a9e5e4669533d38a65e1e0982bca,2026-10-02T17:51:17.093499+00:00,1.6641478924345645,0.7797929322337755,0.06597474308286426,1.3926085741039187,20.827016726986834
2038,138,1,31.928983909568093,-2.5766369100560116,-3.1429685966633953,5.578954857703631,-0.5491585598232512,4.313939074474468,"Lynn, Lance",458681,R,"Lynn, Lance",458681,pitcher-arm-angle-458681-R,Cardinals,2024,https://baseballsavant.mlb.com/leaderboard/pitcher-arm-angles?season=2024,2d7bf811125d5cd194f1c4197220fc9b214de7aa165448ebc31e93034103951b,2026-10-02T17:51:09.468897+00:00,195.58,https://www.mlb.com/player/458681,e0d405d80db4a54cd2bb5a64924ba41581d108297ee53a8c4e30e56ae30f56c1,2026-10-02T17:51:21.390608+00:00,1.7004654406280668,0.9579768282630029,0.34000142711205755,1.314888629899818,31.961504592680846
1688,114,1,35.75765901016312,-2.0050088437224973,-1.3028021327014219,5.896723933649289,-0.1365497419131375,4.551724024412652,"Carrasco, Carlos",471911,R,"Carrasco, Carlos",471911,pitcher-arm-angle-471911-R,Guardians,2024,https://baseballsavant.mlb.com/leaderboard/pitcher-arm-angles?season=2024,2d7bf811125d5cd194f1c4197220fc9b214de7aa165448ebc31e93034103951b,2026-10-02T17:51:09.468897+00:00,193.04,https://www.mlb.com/player/471911,c5dd2dc7509f642997d511bf532b4b91640f3a2be63ae2de37e4c7177c7c01a4,2026-10-02T17:51:24.049260+00:00,1.7973214549763035,0.3970940900473934,-0.1724122441840995,1.3873654826409763,35.74801714314259
1025,140,1,21.519858772273306,-2.2920950017325237,-2.4466926829268294,5.262741463414634,-0.3500245458023564,4.496734601278205,"Yates, Kirby",489446,R,"Yates, Kirby",489446,pitcher-arm-angle-489446-R,Rangers,2024,https://baseballsavant.mlb.com/leaderboard/pitcher-arm-angles?season=2024,2d7bf811125d5cd194f1c4197220fc9b214de7aa165448ebc31e93034103951b,2026-10-02T17:51:09.468897+00:00,177.8,https://www.mlb.com/player/489446,f48a5dcafdffabfa7256cba1a36228010fef4148a8c48789045be711b7e1e638,2026-10-02T17:51:29.517922+00:00,1.6040835980487804,0.7457519297560976,0.15380885478858264,1.370604706469597,21.525661840760257
997,121,1,24.796806604193023,-2.744897312047179,-2.7308926780341025,5.383219658976931,-0.5435088101202001,4.365634280113066,"Ottavino, Adam",493603,R,"Ottavino, Adam",493603,pitcher-arm-angle-493603-R,Mets,2024,https://baseballsavant.mlb.com/leaderboard/pitcher-arm-angles?season=2024,2d7bf811125d5cd194f1c4197220fc9b214de7aa165448ebc31e93034103951b,2026-10-02T17:51:09.468897+00:00,195.58,https://www.mlb.com/player/493603,74be390e4edc08c7382fced3cf28b562e63d42eb46945eac82f130fc6950b6b6,2026-10-02T17:51:30.188600+00:00,1.6408053520561687,0.8323760882647945,0.16139287287745127,1.3306453285784625,24.80860188272314
2749,121,1,44.76273465089145,1.8301294520697216,2.2291669698072027,5.781531465987632,0.23004516307663977,4.193622152505303,"Quintana, Jose",500779,L,"Quintana, Jose",500779,pitcher-arm-angle-500779-L,Mets,2024,https://baseballsavant.mlb.com/leaderboard/pitcher-arm-angles?season=2024,2d7bf811125d5cd194f1c4197220fc9b214de7aa165448ebc31e93034103951b,2026-10-02T17:51:09.468897+00:00,187.96,https://www.mlb.com/player/500779,77f3ea8ee97fc3c1583b56502d90a37ab60f1241cd71de9eaae03214c911b27c,2026-10-02T17:51:30.294199+00:00,1.7622107908330302,-0.6794500923972354,-0.19174440111214408,1.2782160320836164,44.78118797961402
2763,138,1,45.08900510087479,-1.6622144149004505,-2.1663264567499096,6.247676438653637,0.0013884058700307017,4.579021336053258,"Gibson, Kyle",502043,R,"Gibson, Kyle",502043,pitcher-arm-angle-502043-R,Cardinals,2024,https://baseballsavant.mlb.com/leaderboard/pitcher-arm-angles?season=2024,2d7bf811125d5cd194f1c4197220fc9b214de7aa165448ebc31e93034103951b,2026-10-02T17:51:09.468897+00:00,198.12,https://www.mlb.com/player/502043,a490d55567e3b95708665f7e3c7cd7bcce2f1ed7f44ac503738b655f7ade40e7,2026-10-02T17:51:33.392600+00:00,1.9042917785016287,0.6602963040173725,0.15323016424652977,1.395685703229033,45.086870287537145
1211,140,1,44.7085382720836,-1.3893451659260587,-2.680074318744839,5.821701073492981,0.05075309757113564,4.396749008936207,"Robertson, David",502085,R,"Robertson, David",502085,pitcher-arm-angle-502085-R,Rangers,2024,https://baseballsavant.mlb.com/leaderboard/pitcher-arm-angles?season=2024,2d7bf811125d5cd194f1c4197220fc9b214de7aa165448ebc31e93034103951b,2026-10-02T17:51:09.468897+00:00,180.34,https://www.mlb.com/player/502085,e4468bba2807429e9158337a45f6ce951078d0005de872edef910891f985a7e2,2026-10-02T17:51:34.115954+00:00,1.7744544872006607,0.816886652353427,0.377944701639482,1.340129097923756,44.697106475865716
1016,140,2,42.850057186391204,-1.6451803502189468,-1.403986220472441,5.7492125984251965,0.027916873429758446,4.198692346081239,"Anderson, Chase",502624,R,"Anderson, Chase",502624,pitcher-arm-angle-502624-R,zMLB,2024,https://baseballsavant.mlb.com/leaderboard/pitcher-arm-angles?season=2024,2d7bf811125d5cd194f1c4197220fc9b214de7aa165448ebc31e93034103951b,2026-10-02T17:51:09.468897+00:00,185.42000000000002,https://www.mlb.com/player/502624,20d18d581582444b772689612f0a08cc061e694473a9d8bc610bd8c82ceaf5b1,2026-10-02T17:51:36.887507+00:00,1.75236,0.427935,-0.08202503376812538,1.2797614270855615,42.822396346823936
1189,135,1,39.883997483515785,-1.747011155975283,-1.961412952060555,5.602607232968881,-0.15646071550112514,4.275107778072617,"Darvish, Yu",506433,R,"Darvish, Yu",506433,pitcher-arm-angle-506433-R,Padres,2024,https://baseballsavant.mlb.com/leaderboard/pitcher-arm-angles?season=2024,2d7bf811125d5cd194f1c4197220fc9b214de7aa165448ebc31e93034103951b,2026-10-02T17:51:09.468897+00:00,195.58,https://www.mlb.com/player/506433,b91380662360721fb57aeb9b5b753b44ac1bc826317644034e9cc528f1ff5aec,2026-10-02T17:51:39.158133+00:00,1.7076746846089152,0.5978386677880572,0.11303889353153386,1.3030528507565338,39.84892862645965
1138,113,1,45.40702377279063,-1.6678581342655558,-1.0960632688927945,6.028646748681898,-0.10075219863788301,4.437668922320486,"Cruz, Fernando",518585,R,"Cruz, Fernando",518585,pitcher-arm-angle-518585-R,Reds,2024,https://baseballsavant.mlb.com/leaderboard/pitcher-arm-angles?season=2024,2d7bf811125d5cd194f1c4197220fc9b214de7aa165448ebc31e93034103951b,2026-10-02T17:51:09.468897+00:00,187.96,https://www.mlb.com/player/518585,08de0facf55325a6d7c59a88bc7d7034879c24b23821f74a5a1ec5a2e4f803fe,2026-10-02T17:51:40.578921+00:00,1.8375315289982426,0.33408008435852377,-0.14357380482079093,1.3526014875232844,45.43308938001806
1142,109,1,25.344292198245352,-2.237125414731016,-1.8395796847635728,5.484684763572679,-0.24530054123703293,4.540673060599817,"Kelly, Merrill",518876,R,"Kelly, Merrill",518876,pitcher-arm-angle-518876-R,Diamondbacks,2024,https://baseballsavant.mlb.com/leaderboard/pitcher-arm-angles?season=2024,2d7bf811125d5cd194f1c4197220fc9b214de7aa165448ebc31e93034103951b,2026-10-02T17:51:09.468897+00:00,187.96,https://www.mlb.com/player/518876,f87d8f52fc438331efd998dc9cb0a9ba20e3a2921816920008220a8258b5da24,2026-10-02T17:51:44.046365+00:00,1.6717319159369528,0.5607038879159371,-0.046404333525029054,1.3839971488708243,25.358290809846682
2813,144,1,10.921964302319033,3.220037554211435,3.0893849982225383,5.101283327408461,0.8792517942225205,4.650305091588392,"Sale, Chris",519242,L,"Sale, Chris",519242,pitcher-arm-angle-519242-L,Braves,2024,https://baseballsavant.mlb.com/leaderboard/pitcher-arm-angles?season=2024,2d7bf811125d5cd194f1c4197220fc9b214de7aa165448ebc31e93034103951b,2026-10-02T17:51:09.468897+00:00,198.12,https://www.mlb.com/player/519242,0c0c7f3478f1735f2e5f53ed4392c7f986c2478cb19dc384f46e613d8a024cab,2026-10-02T17:51:46.561143+00:00,1.5548711581940988,-0.9416445474582297,-0.22817304781360856,1.417412991916142,10.905049488497818
1157,108,1,31.65239315169182,-2.3017080151034364,-3.10542783059637,5.880458081244598,-0.31566356195027706,4.653020648320616,"Strickland, Hunter",519326,R,"Strickland, Hunter",519326,pitcher-arm-angle-519326-R,Angels,2024,https://baseballsavant.mlb.com/leaderboard/pitcher-arm-angles?season=2024,2d7bf811125d5cd194f1c4197220fc9b214de7aa165448ebc31e93034103951b,2026-10-02T17:51:09.468897+00:00,190.5,https://www.mlb.com/player/519326,8f8461c01aa9eb209ae94c8488bf4274c9d2f6ed0a44a5756d7694c67d59e1e4,2026-10-02T17:51:48.026601+00:00,1.7923636231633535,0.9465344027657736,0.34118805344469066,1.4182406936081238,31.717358713336562
2204,135,2,46.990003372495075,1.555468195732762,1.0816107078039927,5.72931941923775,-0.01591995743438441,4.042135196660746,"Pérez, Martín",527048,L,"Pérez, Martín",527048,pitcher-arm-angle-527048-L,zMLB,2024,https://baseballsavant.mlb.com/leaderboard/pitcher-arm-angles?season=2024,2d7bf811125d5cd194f1c4197220fc9b214de7aa165448ebc31e93034103951b,2026-10-02T17:51:09.468897+00:00,182.88,https://www.mlb.com/player/527048,96274a37651a0dfd447fdabc47ca64b52d30ba022566de45c9958e10b7df547b,2026-10-02T17:51:48.793965+00:00,1.746296558983666,-0.32967494373865697,0.14928416534668928,1.2320428079421955,47.03519660952538
2913,108,1,57.5271719836474,0.9518018076415896,1.41608994164092,6.404263645726056,-0.23215594948087526,4.534649762176193,"Anderson, Tyler",542881,L,"Anderson, Tyler",542881,pitcher-arm-angle-542881-L,Angels,2024,https://baseballsavant.mlb.com/leaderboard/pitcher-arm-angles?season=2024,2d7bf811125d5cd194f1c4197220fc9b214de7aa165448ebc31e93034103951b,2026-10-02T17:51:09.468897+00:00,187.96,https://www.mlb.com/player/542881,d14e21288a74220f65897ea38af9a90c3860c49c0546882cf1982390e9b68aeb,2026-10-02T17:51:52.246534+00:00,1.952019559217302,-0.43162421421215247,-0.07075388984122515,1.3821612475113036,57.65542266978627
1109,139,3,39.881729159910776,-1.9627118985369403,-1.5688548241659153,5.7996032461677185,-0.185865349859921,4.3132888564475715,"Armstrong, Shawn",542888,R,"Armstrong, Shawn",542888,pitcher-arm-angle-542888-R,zMLB,2024,https://baseballsavant.mlb.com/leaderboard/pitcher-arm-angles?season=2024,2d7bf811125d5cd194f1c4197220fc9b214de7aa165448ebc31e93034103951b,2026-10-02T17:51:09.468897+00:00,187.96,https://www.mlb.com/player/542888,a070c8330980b2721af79da98c5353e2ce97ded3ded602d52a32b49449c50b7b,2026-10-02T17:51:52.745105+00:00,1.7677190694319207,0.47818695040577097,-0.0633958776309845,1.3146904434452198,39.912145120904896
1534,147,1,42.41612767263222,-1.7952213362612757,-2.3104432855280312,5.986597131681878,-0.14853098286724908,4.4814583576194496,"Cole, Gerrit",543037,R,"Cole, Gerrit",543037,pitcher-arm-angle-543037-R,Yankees,2024,https://baseballsavant.mlb.com/leaderboard/pitcher-arm-angles?season=2024,2d7bf811125d5cd194f1c4197220fc9b214de7aa165448ebc31e93034103951b,2026-10-02T17:51:09.468897+00:00,193.04,https://www.mlb.com/player/543037,1456ff78fb6cb3c62d3d5b6b731411d73f0aef6ef6b0aeb9c71dbbf22dcea55d,2026-10-02T17:51:53.080213+00:00,1.8247148057366365,0.704223113428944,0.20231189371444463,1.3659485074024083,42.42852117522021
2621,140,1,32.573013106560076,-2.6056144678190543,-2.3543533002670736,5.507264402899657,-0.575454586226291,4.210155175393316,"Eovaldi, Nathan",543135,R,"Eovaldi, Nathan",543135,pitcher-arm-angle-543135-R,Rangers,2024,https://baseballsavant.mlb.com/leaderboard/pitcher-arm-angles?season=2024,2d7bf811125d5cd194f1c4197220fc9b214de7aa165448ebc31e93034103951b,2026-10-02T17:51:09.468897+00:00,187.96,https://www.mlb.com/player/543135,018b7450213690fde18a445ab5ab33743ad18c7b55d91c8d778515f15f228fda,2026-10-02T17:51:54.880798+00:00,1.6786141900038156,0.7176068859214041,0.09881415401192978,1.2832552974598828,32.57531245862089
2483,138,1,48.86864148396268,-1.1868205827071783,-0.7996254530809505,5.51344341522352,0.20319720789425133,3.9224087957110134,"Gray, Sonny",543243,R,"Gray, Sonny",543243,pitcher-arm-angle-543243-R,Cardinals,2024,https://baseballsavant.mlb.com/leaderboard/pitcher-arm-angles?season=2024,2d7bf811125d5cd194f1c4197220fc9b214de7aa165448ebc31e93034103951b,2026-10-02T17:51:09.468897+00:00,177.8,https://www.mlb.com/player/543243,894c3a0f043ea77895e06fd195ad4af2e6df5a2c332a132ce5c1885d2a10f166,2026-10-02T17:51:54.805369+00:00,1.680497552960129,0.24372583809907372,-0.17995158447624204,1.195550200932717,48.857700304049715
2134,112,1,42.966694713926515,-1.8336664558746985,-2.640065604498594,5.98746954076851,-0.04584381084119769,4.321524930377707,"Hendricks, Kyle",543294,R,"Hendricks, Kyle",543294,pitcher-arm-angle-543294-R,Cubs,2024,https://baseballsavant.mlb.com/leaderboard/pitcher-arm-angles?season=2024,2d7bf811125d5cd194f1c4197220fc9b214de7aa165448ebc31e93034103951b,2026-10-02T17:51:09.468897+00:00,190.5,https://www.mlb.com/player/543294,eecc4d2bc569ab719b77ebae5f785de49af9d5f3cbedc538d9c2d872bb04e266,2026-10-02T17:51:56.765566+00:00,1.824980716026242,0.8046919962511715,0.2597636540449605,1.317200798779125,42.97896035659799
980,119,1,30.415976076316632,-2.2634486531449345,-2.876265306122449,5.503622448979592,-0.1941857984102732,4.288460335588781,"Hudson, Daniel",543339,R,"Hudson, Daniel",543339,pitcher-arm-angle-543339-R,Dodgers,2024,https://baseballsavant.mlb.com/leaderboard/pitcher-arm-angles?season=2024,2d7bf811125d5cd194f1c4197220fc9b214de7aa165448ebc31e93034103951b,2026-10-02T17:51:09.468897+00:00,190.5,https://www.mlb.com/player/543339,2bb3de458dcea712b44c3b434b818f321ca0fd74749a8baaa45b5400fc720b78,2026-10-02T17:51:56.305546+00:00,1.6775041224489797,0.8766856653061225,0.24597434718299763,1.3071227102874605,30.423328735245704
1402,147,3,13.192528357391586,-2.9512729321980045,-3.8209771754636233,5.194942938659058,-0.619582767996318,4.647982156379605,"Tonkin, Michael",543859,R,"Tonkin, Michael",543859,pitcher-arm-angle-543859-R,zMLB,2024,https://baseballsavant.mlb.com/leaderboard/pitcher-arm-angles?season=2024,2d7bf811125d5cd194f1c4197220fc9b214de7aa165448ebc31e93034103951b,2026-10-02T17:51:09.468897+00:00,200.66,https://www.mlb.com/player/543859,d19922a2ecbd2fe10c3057206843ed5b1038de1f536cd8245eae6ac9635a3e51,2026-10-02T17:52:01.694013+00:00,1.583418607703281,1.1646338430813123,0.45393468103263834,1.4167049612645037,13.201578946372907
2233,110,1,39.987855466255716,-1.7782574205615915,-1.4074070756829378,6.231957008508733,0.023472518366138135,4.719309859002022,"Suárez, Albert",544150,R,"Suárez, Albert",544150,pitcher-arm-angle-544150-R,Orioles,2024,https://baseballsavant.mlb.com/leaderboard/pitcher-arm-angles?season=2024,2d7bf811125d5cd194f1c4197220fc9b214de7aa165448ebc31e93034103951b,2026-10-02T17:51:09.468897+00:00,190.5,https://www.mlb.com/player/544150,34ba37238f517c0cbaf69a379ca41e556fcfc84b5981fa6adea8b0bbb66a310d,2026-10-02T17:52:02.773211+00:00,1.8995004961934618,0.42897767666815945,-0.12018960871701256,1.4384456450238166,40.01522833541138
2091,140,2,42.5277548672446,-1.691673152697178,-1.4542993782879006,5.784701099952176,0.025535348931973116,4.207241914418043,"Lorenzen, Michael",547179,R,"Lorenzen, Michael",547179,pitcher-arm-angle-547179-R,zMLB,2024,https://baseballsavant.mlb.com/leaderboard/pitcher-arm-angles?season=2024,2d7bf811125d5cd194f1c4197220fc9b214de7aa165448ebc31e93034103951b,2026-10-02T17:51:09.468897+00:00,185.42000000000002,https://www.mlb.com/player/547179,72893afd6338293ebc8719b3fe5c1d21681482bb3338604c8e5327b383808b65,2026-10-02T17:52:04.394584+00:00,1.7631768952654234,0.44327045050215214,-0.08013470079441318,1.2823673355146197,42.57115136239411
1128,134,1,52.469159428119944,1.3258410940034282,0.42693262411347516,6.102748226950355,-0.1436272817347442,4.188267935218898,"Chapman, Aroldis",547973,L,"Chapman, Aroldis",547973,pitcher-arm-angle-547973-L,Pirates,2024,https://baseballsavant.mlb.com/leaderboard/pitcher-arm-angles?season=2024,2d7bf811125d5cd194f1c4197220fc9b214de7aa165448ebc31e93034103951b,2026-10-02T17:51:09.468897+00:00,193.04,https://www.mlb.com/player/547973,237a32c0658b8cd2a3b586233ab89b7f32693ae285baa9fec017c8e2d2a42755,2026-10-02T17:52:05.776403+00:00,1.8601176595744682,-0.13012906382978723,0.3177648970952077,1.2765840666547201,52.4917884757081
1357,133,1,61.29584076173692,-1.0531280907238907,-1.16274134119381,6.863677229182019,0.07571144701600074,4.8002453522830715,"Stripling, Ross",548389,R,"Stripling, Ross",548389,pitcher-arm-angle-548389-R,Athletics,2024,https://baseballsavant.mlb.com/leaderboard/pitcher-arm-angles?season=2024,2d7bf811125d5cd194f1c4197220fc9b214de7aa165448ebc31e93034103951b,2026-10-02T17:51:09.468897+00:00,185.42000000000002,https://www.mlb.com/player/548389,f68791517099705b1743309fcef41d6f8faabc7038bed6eb852dd7ef78cbf6de,2026-10-02T17:52:07.486102+00:00,2.0920488194546794,0.35440356079587326,0.01033326969275435,1.4631147833758802,61.31829942820413
1010,138,1,39.22991293659867,-1.7372211490862821,-1.7597029702970297,5.7700792079207925,-0.03156057676355871,4.378271410670479,"Kittredge, Andrew",552640,R,"Kittredge, Andrew",552640,pitcher-arm-angle-552640-R,Cardinals,2024,https://baseballsavant.mlb.com/leaderboard/pitcher-arm-angles?season=2024,2d7bf811125d5cd194f1c4197220fc9b214de7aa165448ebc31e93034103951b,2026-10-02T17:51:09.468897+00:00,185.42000000000002,https://www.mlb.com/player/552640,74c0c6d89ffac899ad38151a2b6892bca40714fb24fb312b2b6703c8bcc55c2f,2026-10-02T17:52:08.033782+00:00,1.7587201425742576,0.5363574653465347,0.016472122902568564,1.334497125972362,39.214218689312595
3134,143,1,24.662811162747893,-2.6740014675524773,-2.12968410976388,5.228321633694958,-0.41501362931086455,4.190937892950299,"Wheeler, Zack",554430,R,"Wheeler, Zack",554430,pitcher-arm-angle-554430-R,Phillies,2024,https://baseballsavant.mlb.com/leaderboard/pitcher-arm-angles?season=2024,2d7bf811125d5cd194f1c4197220fc9b214de7aa165448ebc31e93034103951b,2026-10-02T17:51:09.468897+00:00,193.04,https://www.mlb.com/player/554430,615907132913f13f7a205810b524fc072aae90077696e2f30afd8906a585da41,2026-10-02T17:52:09.527667+00:00,1.5935924339502232,0.6491277166560306,-0.03941177644001296,1.2773978697712514,24.66577126031953
1758,140,1,31.334855109318635,-2.2282608574594542,-2.983458475540387,5.668714448236632,-0.19095539839268008,4.428397145161716,"Ureña, José",570632,R,"Ureña, José",570632,pitcher-arm-angle-570632-R,Rangers,2024,https://baseballsavant.mlb.com/leaderboard/pitcher-arm-angles?season=2024,2d7bf811125d5cd194f1c4197220fc9b214de7aa165448ebc31e93034103951b,2026-10-02T17:51:09.468897+00:00,187.96,https://www.mlb.com/player/570632,5ba3754ccb5a4e9735b42723fce7a24ac256c5d7fbff5df5b927ae84de84b23e,2026-10-02T17:52:11.437864+00:00,1.7278241638225256,0.90935814334471,0.28838743942115713,1.349775449845291,31.33317281500908
2888,120,1,38.535889893032184,1.7949492310381991,2.4523407202216068,6.250682132963989,-0.0634572063514401,4.77092600184055,"Corbin, Patrick",571578,L,"Corbin, Patrick",571578,pitcher-arm-angle-571578-L,Nationals,2024,https://baseballsavant.mlb.com/leaderboard/pitcher-arm-angles?season=2024,2d7bf811125d5cd194f1c4197220fc9b214de7aa165448ebc31e93034103951b,2026-10-02T17:51:09.468897+00:00,193.04,https://www.mlb.com/player/571578,60db0b5b9a16ae1d490538275f54313edac86864012522aa1bb61d641f0a1892,2026-10-02T17:52:14.243749+00:00,1.9052079141274239,-0.7474734515235458,-0.1810311694071837,1.4541782453609997,38.52855679896807
1167,113,1,29.74472720086352,-1.936675861410177,-1.195235646958012,5.693161953727507,0.1290935708972379,4.512314025022644,"Farmer, Buck",571656,R,"Farmer, Buck",571656,pitcher-arm-angle-571656-R,Reds,2024,https://baseballsavant.mlb.com/leaderboard/pitcher-arm-angles?season=2024,2d7bf811125d5cd194f1c4197220fc9b214de7aa165448ebc31e93034103951b,2026-10-02T17:51:09.468897+00:00,193.04,https://www.mlb.com/player/571656,12dac4e8cf83a3520a47d30547a805614c4dc023c58592b63b3444371c66e81d,2026-10-02T17:52:14.504756+00:00,1.7352757634961442,0.3643078251928021,-0.265338697774498,1.3753533148269022,29.75341654263118
1018,120,2,37.43708576191142,-2.150030752746696,-3.3678880157170923,6.024390962671906,-0.36273365368115457,4.656118883273974,"Floro, Dylan",571670,R,"Floro, Dylan",571670,pitcher-arm-angle-571670-R,zMLB,2024,https://baseballsavant.mlb.com/leaderboard/pitcher-arm-angles?season=2024,2d7bf811125d5cd194f1c4197220fc9b214de7aa165448ebc31e93034103951b,2026-10-02T17:51:09.468897+00:00,187.96,https://www.mlb.com/player/571670,bc1af426d5c09aedef6019930021c30bb0e6e0088084a52649255f02fbf758eb,2026-10-02T17:52:15.638412+00:00,1.8362343654223972,1.02653226719057,0.48176411139539266,1.4191850356219073,37.435999478036194
2729,140,1,29.502896202543727,2.3249950101168793,2.9750494686698423,5.027753755954562,0.3514099486338391,3.9099913532540502,"Heaney, Andrew",571760,L,"Heaney, Andrew",571760,pitcher-arm-angle-571760-L,Rangers,2024,https://baseballsavant.mlb.com/leaderboard/pitcher-arm-angles?season=2024,2d7bf811125d5cd194f1c4197220fc9b214de7aa165448ebc31e93034103951b,2026-10-02T17:51:09.468897+00:00,187.96,https://www.mlb.com/player/571760,cfb0a7e5518039bfa91b2862b063ded2f619266bf6909dad5ca0c9fd9b3e4392,2026-10-02T17:52:16.077710+00:00,1.5324593448149506,-0.906795078050568,-0.30524635131053734,1.1917653644718347,29.52554139136365
1368,120,1,51.16289022114318,-1.2297224961616788,-1.0120833333333332,6.487843567251462,0.17753103636989087,4.74166512454264,"Law, Derek",571882,R,"Law, Derek",571882,pitcher-arm-angle-571882-R,Nationals,2024,https://baseballsavant.mlb.com/leaderboard/pitcher-arm-angles?season=2024,2d7bf811125d5cd194f1c4197220fc9b214de7aa165448ebc31e93034103951b,2026-10-02T17:51:09.468897+00:00,190.5,https://www.mlb.com/player/571882,d1ffb03afef8b788d21629d4fab964a23febbf9395f72e7fb2b5bbf2b206efcb,2026-10-02T17:52:17.684299+00:00,1.9774947192982455,0.308483,-0.12044787671562249,1.4452595299605968,51.13449348732091
2703,138,1,43.32577405204488,-1.9708407148210152,-2.671021087680355,6.426270810210877,-0.1460003909962061,4.703901034138473,"Mikolas, Miles",571945,R,"Mikolas, Miles",571945,pitcher-arm-angle-571945-R,Cardinals,2024,https://baseballsavant.mlb.com/leaderboard/pitcher-arm-angles?season=2024,2d7bf811125d5cd194f1c4197220fc9b214de7aa165448ebc31e93034103951b,2026-10-02T17:51:09.468897+00:00,193.04,https://www.mlb.com/player/571945,b21488b615adb3de69282538b50ffe46f8c9a8dcb8df7ea6814904bc7140bfb0,2026-10-02T17:52:18.555714+00:00,1.9587273429522754,0.8141272275249722,0.2579158968231704,1.4337490352054065,43.34532000710237
1043,158,1,-2.661262703683537,2.892088037009883,4.167986577181208,4.2989261744966445,0.6544353676919211,4.403488625383039,"Milner, Hoby",571948,L,"Milner, Hoby",571948,pitcher-arm-angle-571948-L,Brewers,2024,https://baseballsavant.mlb.com/leaderboard/pitcher-arm-angles?season=2024,2d7bf811125d5cd194f1c4197220fc9b214de7aa165448ebc31e93034103951b,2026-10-02T17:51:09.468897+00:00,190.5,https://www.mlb.com/player/571948,874df3ecdde65a75390527c5f319a2032cf1172614d7f5c32782907eb8413a24,2026-10-02T17:52:19.028250+00:00,1.3103126979865773,-1.2704023087248322,-0.5883657751167174,1.3421833330167503,-2.6754072905120663
1708,119,2,42.33481177921521,1.9248453831795205,2.242377049180328,6.051522248243559,0.11154186688833508,4.399527986679024,"Paxton, James",572020,L,"Paxton, James",572020,pitcher-arm-angle-572020-L,zMLB,2024,https://baseballsavant.mlb.com/leaderboard/pitcher-arm-angles?season=2024,2d7bf811125d5cd194f1c4197220fc9b214de7aa165448ebc31e93034103951b,2026-10-02T17:51:09.468897+00:00,193.04,https://www.mlb.com/player/572020,493826a9ebdbd149db3287c7425dcecfe931253698c54e1c6674e1108ace829f,2026-10-02T17:52:19.484530+00:00,1.8445039812646369,-0.6834765245901641,-0.1307816128246107,1.3409761303397665,42.33481131197293
1060,137,1,29.13127815454135,1.9079096388059316,1.9280471698113208,5.671754716981132,-0.16788201232637137,4.514249885817105,"Rogers, Taylor",573124,L,"Rogers, Taylor",573124,pitcher-arm-angle-573124-L,Giants,2024,https://baseballsavant.mlb.com/leaderboard/pitcher-arm-angles?season=2024,2d7bf811125d5cd194f1c4197220fc9b214de7aa165448ebc31e93034103951b,2026-10-02T17:51:09.468897+00:00,190.5,https://www.mlb.com/player/573124,698a9b571d55360dd8c66e915758e872921ff688c672a16b81dd4d2b41f3beb4,2026-10-02T17:52:22.882716+00:00,1.7287508377358491,-0.5876687773584907,0.045032517906635344,1.3759433651970538,29.14495148001632
2579,147,1,32.52634637040725,-1.920231042627612,-1.0308452888716557,5.2262815044590925,-0.18844095156339527,4.121246778311592,"Stroman, Marcus",573186,R,"Stroman, Marcus",573186,pitcher-arm-angle-573186-R,Yankees,2024,https://baseballsavant.mlb.com/leaderboard/pitcher-arm-angles?season=2024,2d7bf811125d5cd194f1c4197220fc9b214de7aa165448ebc31e93034103951b,2026-10-02T17:51:09.468897+00:00,170.18,https://www.mlb.com/player/573186,7c7524ca75b399da91877e79ff6e3e037bad8d2988b3f3eaf58f9bd670da86f9,2026-10-02T17:52:23.513424+00:00,1.5929706025591315,0.31420164404808065,-0.21364797570829258,1.2561560180293734,32.54146473454631
2923,141,2,41.85371546514007,1.650527999038948,2.4663325350667122,5.426712281902155,0.04728330729362003,3.9907875101765273,"Kikuchi, Yusei",579328,L,"Kikuchi, Yusei",579328,pitcher-arm-angle-579328-L,zMLB,2024,https://baseballsavant.mlb.com/leaderboard/pitcher-arm-angles?season=2024,2d7bf811125d5cd194f1c4197220fc9b214de7aa165448ebc31e93034103951b,2026-10-02T17:51:09.468897+00:00,182.88,https://www.mlb.com/player/579328,b72bc9fa048155a73e173e71d31e34584f5668188ca9f3b36104ce351f0ce63b,2026-10-02T17:52:23.664692+00:00,1.654061903523777,-0.7517381566883339,-0.2630691746443579,1.2163920331018057,41.84879136892984
1109,139,2,34.99134564867195,-2.0540191923212197,-1.1550856627592425,6.140216411181244,-0.0832859870384747,4.760578074464477,"Adam, Jason",592094,R,"Adam, Jason",592094,pitcher-arm-angle-592094-R,zMLB,2024,https://baseballsavant.mlb.com/leaderboard/pitcher-arm-angles?season=2024,2d7bf811125d5cd194f1c4197220fc9b214de7aa165448ebc31e93034103951b,2026-10-02T17:51:09.468897+00:00,190.5,https://www.mlb.com/player/592094,2707d42784ae7b4cca65b6e0c9de0be92519d5ae170dff36d9f9ca512f541c6b,2026-10-02T17:52:25.255701+00:00,1.8715379621280432,0.3520701100090171,-0.24860937096116356,1.4510241970967728,34.99446097864979
2864,141,1,36.13800520255654,-2.0779015282964672,-2.532227653631285,5.678823324022346,-0.1422783686354176,4.264443529922127,"Gausman, Kevin",592332,R,"Gausman, Kevin",592332,pitcher-arm-angle-592332-R,Blue Jays,2024,https://baseballsavant.mlb.com/leaderboard/pitcher-arm-angles?season=2024,2d7bf811125d5cd194f1c4197220fc9b214de7aa165448ebc31e93034103951b,2026-10-02T17:51:09.468897+00:00,187.96,https://www.mlb.com/player/592332,b797b807a781c4e16bb2f5580f9c4feef31951be17c2f152792487c120cbf7e1,2026-10-02T17:52:25.045180+00:00,1.7309053491620112,0.7718229888268157,0.18184504976212773,1.2998023879202643,36.155984592173816
1619,140,1,32.396078477159946,-2.0775903520659953,-1.6882581840642372,5.604848672019766,-0.13047884364481938,4.36911164733848,"Gray, Jon",592351,R,"Gray, Jon",592351,pitcher-arm-angle-592351-R,Rangers,2024,https://baseballsavant.mlb.com/leaderboard/pitcher-arm-angles?season=2024,2d7bf811125d5cd194f1c4197220fc9b214de7aa165448ebc31e93034103951b,2026-10-02T17:51:09.468897+00:00,193.04,https://www.mlb.com/player/592351,4645c32c44e0c695252f7ebe76e58aaf46efea1099dbfd66418a4326d8984359,2026-10-02T17:52:27.163509+00:00,1.7083578752316246,0.5145810945027796,-0.07889849326399492,1.3317052301087688,32.40131080248149
1015,112,1,51.56442256401269,1.4344182351889787,1.4975270935960592,6.63048275862069,-0.07906935978153017,4.720323113897597,"Smyly, Drew",592767,L,"Smyly, Drew",592767,pitcher-arm-angle-592767-L,Cubs,2024,https://baseballsavant.mlb.com/leaderboard/pitcher-arm-angles?season=2024,2d7bf811125d5cd194f1c4197220fc9b214de7aa165448ebc31e93034103951b,2026-10-02T17:51:09.468897+00:00,187.96,https://www.mlb.com/player/592767,e9e92aa67f0c74c5b8e32987fe77d68eb57d457b6e9dddf00f324f80f7e6e7e3,2026-10-02T17:52:31.067100+00:00,2.020971144827586,-0.4564462581280789,0.004864760818932268,1.4387544851159875,51.608959607093816
977,136,2,45.575642966695874,-1.3805041722932003,-0.9258546571136131,6.297430910951894,0.3163735648069594,4.565274209309666,"Stanek, Ryne",592773,R,"Stanek, Ryne",592773,pitcher-arm-angle-592773-R,zMLB,2024,https://baseballsavant.mlb.com/leaderboard/pitcher-arm-angles?season=2024,2d7bf811125d5cd194f1c4197220fc9b214de7aa165448ebc31e93034103951b,2026-10-02T17:51:09.468897+00:00,193.04,https://www.mlb.com/player/592773,b5e60b60d7eb028469fb5bcb691da28717bb0ceae898736282bfffb436cec62f,2026-10-02T17:52:31.138265+00:00,1.9194569416581373,0.2822004994882293,-0.2350078347798994,1.3914955789975862,45.58945586447197
2483,112,1,44.94336241936298,-1.5775322902001188,-1.349299234796617,6.136133709222714,0.06800485978450253,4.491315143187579,"Taillon, Jameson",592791,R,"Taillon, Jameson",592791,pitcher-arm-angle-592791-R,Cubs,2024,https://baseballsavant.mlb.com/leaderboard/pitcher-arm-angles?season=2024,2d7bf811125d5cd194f1c4197220fc9b214de7aa165448ebc31e93034103951b,2026-10-02T17:51:09.468897+00:00,195.58,https://www.mlb.com/player/592791,27d81467cdcdf663878034762559e6df7f91dae897f0b86ce855040c42042f81,2026-10-02T17:52:31.811196+00:00,1.8702935545710835,0.4112664067660089,-0.0902933165493037,1.3689528556435742,44.98748711980399
1355,143,1,40.59657751238388,-1.9011491161973788,-1.9150184501845018,6.453365313653136,-0.1094915329768271,4.917818532338799,"Walker, Taijuan",592836,R,"Walker, Taijuan",592836,pitcher-arm-angle-592836-R,Phillies,2024,https://baseballsavant.mlb.com/leaderboard/pitcher-arm-angles?season=2024,2d7bf811125d5cd194f1c4197220fc9b214de7aa165448ebc31e93034103951b,2026-10-02T17:51:09.468897+00:00,193.04,https://www.mlb.com/player/592836,6b55ca95f2555566df547acd884f723e3a151668b551cec31a472358de9da3c1,2026-10-02T17:52:33.996360+00:00,1.966985747601476,0.5836976236162362,0.037600392250611986,1.498951088656866,40.598350092046466
1064,120,1,16.84813864488568,-2.754454433461228,-2.3098496240601505,4.983186090225564,-0.5090383604398697,4.302989583668396,"Williams, Trevor",592866,R,"Williams, Trevor",592866,pitcher-arm-angle-592866-R,Nationals,2024,https://baseballsavant.mlb.com/leaderboard/pitcher-arm-angles?season=2024,2d7bf811125d5cd194f1c4197220fc9b214de7aa165448ebc31e93034103951b,2026-10-02T17:51:09.468897+00:00,190.5,https://www.mlb.com/player/592866,07c567235fae81f15ed678a4589f2bffb1c697fe15bef8d995a07d90c1ded56a,2026-10-02T17:52:33.983445+00:00,1.518875120300752,0.7040421654135339,0.019639346356623802,1.311551225102127,16.85296243382459
2632,158,2,42.67335851135492,-1.6702669268424943,-1.0698670212765957,5.940531914893617,0.03371320393728091,4.371810502948762,"Montas, Frankie",593423,R,"Montas, Frankie",593423,pitcher-arm-angle-593423-R,zMLB,2024,https://baseballsavant.mlb.com/leaderboard/pitcher-arm-angles?season=2024,2d7bf811125d5cd194f1c4197220fc9b214de7aa165448ebc31e93034103951b,2026-10-02T17:51:09.468897+00:00,187.96,https://www.mlb.com/player/593423,ade711afc6e83f5f9574f0b09731f5b12dd3e0e77da985d044965ed9cc44fcd1,2026-10-02T17:52:36.112707+00:00,1.8106741276595746,0.32609546808510637,-0.19327767577656915,1.3325278412987827,42.633347969376224
1008,117,2,39.92804322584707,-1.804020400401683,-1.4728769841269842,6.080426587301587,0.00967464614633733,4.561677304735025,"Neris, Héctor",593576,R,"Neris, Héctor",593576,pitcher-arm-angle-593576-R,zMLB,2024,https://baseballsavant.mlb.com/leaderboard/pitcher-arm-angles?season=2024,2d7bf811125d5cd194f1c4197220fc9b214de7aa165448ebc31e93034103951b,2026-10-02T17:51:09.468897+00:00,187.96,https://www.mlb.com/player/593576,c50fb75fb49dbe3b46a2ddf94063faa096838529f79ec4ccc4a9e2e554ed80e3,2026-10-02T17:52:37.207910+00:00,1.8533140238095238,0.4489329047619048,-0.10388134542593185,1.3903992424832357,39.94208296293744
2405,114,1,37.69643783708081,-1.7416763682034173,-1.3917338877338876,5.224893970893971,-0.06751707309119075,3.930023924570395,"Lively, Ben",594902,R,"Lively, Ben",594902,pitcher-arm-angle-594902-R,Guardians,2024,https://baseballsavant.mlb.com/leaderboard/pitcher-arm-angles?season=2024,2d7bf811125d5cd194f1c4197220fc9b214de7aa165448ebc31e93034103951b,2026-10-02T17:51:09.468897+00:00,193.04,https://www.mlb.com/player/594902,60606d7c76b59754ec61521e0169d7ec5d437dcf25c9d384a3ff272baf7bf26b,2026-10-02T17:52:40.370296+00:00,1.5925476823284825,0.424200488981289,-0.0860832641689177,1.1978712922090564,37.719977870076676
1362,147,1,46.562862437417884,-1.397229063301045,-1.6783480176211454,5.70442731277533,0.16288179985917742,4.055986939294473,"Weaver, Luke",596133,R,"Weaver, Luke",596133,pitcher-arm-angle-596133-R,Yankees,2024,https://baseballsavant.mlb.com/leaderboard/pitcher-arm-angles?season=2024,2d7bf811125d5cd194f1c4197220fc9b214de7aa165448ebc31e93034103951b,2026-10-02T17:51:09.468897+00:00,187.96,https://www.mlb.com/player/596133,15365037bcde18b5fcc7293c4ed62a392bac55afa52a0305d0344876658b25fb,2026-10-02T17:52:44.404323+00:00,1.7387094449339207,0.5115604757709251,0.03603868467968935,1.2362648190969554,46.57692050251105
2542,115,1,53.08913760807205,1.0217325748837658,2.1841424075531077,6.530601888276947,-0.39571394995449005,4.64337807774136,"Gomber, Austin",596295,L,"Gomber, Austin",596295,pitcher-arm-angle-596295-L,Rockies,2024,https://baseballsavant.mlb.com/leaderboard/pitcher-arm-angles?season=2024,2d7bf811125d5cd194f1c4197220fc9b214de7aa165448ebc31e93034103951b,2026-10-02T17:51:09.468897+00:00,195.58,https://www.mlb.com/player/596295,6debe05903bb71bbb6c416f25e358bf7adca2c797bd49df448a70b7a8053ba41,2026-10-02T17:52:45.550236+00:00,1.9905274555468135,-0.6657266058221872,-0.23368890505148687,1.4153016380955667,53.09070510904057
1204,140,1,40.41662329823865,-1.5308313248757917,-1.7698006644518272,5.879393687707641,0.21652526175375011,4.389771065550956,"Leclerc, José",600917,R,"Leclerc, José",600917,pitcher-arm-angle-600917-R,Rangers,2024,https://baseballsavant.mlb.com/leaderboard/pitcher-arm-angles?season=2024,2d7bf811125d5cd194f1c4197220fc9b214de7aa165448ebc31e93034103951b,2026-10-02T17:51:09.468897+00:00,182.88,https://www.mlb.com/player/600917,56e836eb164aa9e270a4e1dc764eca2791b7047d191db3ec5ccbfdf2798e0428,2026-10-02T17:52:45.792732+00:00,1.792039196013289,0.5394352425249169,0.006840954920232586,1.3380022207799316,40.44761342904046
2386,111,1,56.42357435007716,-0.9674159910097769,-1.5358507963118189,6.813575020955574,0.3173364988203618,4.877866862214672,"Pivetta, Nick",601713,R,"Pivetta, Nick",601713,pitcher-arm-angle-601713-R,Red Sox,2024,https://baseballsavant.mlb.com/leaderboard/pitcher-arm-angles?season=2024,2d7bf811125d5cd194f1c4197220fc9b214de7aa165448ebc31e93034103951b,2026-10-02T17:51:09.468897+00:00,195.58,https://www.mlb.com/player/601713,1d5dd5d365c34dc7c11c37be25bbe96bf37d32eda867061d650ad00d6608316c,2026-10-02T17:52:46.334739+00:00,2.076777666387259,0.4681273227158424,0.07653476381561611,1.4867738196030322,56.427298080475275
1017,114,1,28.407599579448306,-2.214493423136349,-1.8944444444444444,5.269695181907571,-0.14688859758438103,4.152086648718663,"Barlow, Scott",605130,R,"Barlow, Scott",605130,pitcher-arm-angle-605130-R,Guardians,2024,https://baseballsavant.mlb.com/leaderboard/pitcher-arm-angles?season=2024,2d7bf811125d5cd194f1c4197220fc9b214de7aa165448ebc31e93034103951b,2026-10-02T17:51:09.468897+00:00,190.5,https://www.mlb.com/player/605130,b84f311299518d9da1ef7c1d7d6adeb5a0bf0477287eb00540c44c8984710899,2026-10-02T17:52:47.557622+00:00,1.6062030914454277,0.5774266666666666,-0.05277928416157323,1.2655560105294488,28.392682797985742
2959,141,1,35.286137771056374,-2.062586334955595,-1.717546468401487,5.522419736397431,0.040983214266996554,4.032917895101142,"Bassitt, Chris",605135,R,"Bassitt, Chris",605135,pitcher-arm-angle-605135-R,Blue Jays,2024,https://baseballsavant.mlb.com/leaderboard/pitcher-arm-angles?season=2024,2d7bf811125d5cd194f1c4197220fc9b214de7aa165448ebc31e93034103951b,2026-10-02T17:51:09.468897+00:00,195.58,https://www.mlb.com/player/605135,2d5b8d78f78c60ab5dc76cd73f77740147cb027467e9b85f1f0c1b610920b739,2026-10-02T17:52:48.378024+00:00,1.6832335356539372,0.5235081635687733,-0.11765983503427266,1.2292333744268282,35.301661412957436
994,145,2,40.67288179702448,-1.625316138496377,-1.9201710261569416,5.874637826961771,0.05201702299357643,4.431563261386501,"Brebbia, John",605154,R,"Brebbia, John",605154,pitcher-arm-angle-605154-R,zMLB,2024,https://baseballsavant.mlb.com/leaderboard/pitcher-arm-angles?season=2024,2d7bf811125d5cd194f1c4197220fc9b214de7aa165448ebc31e93034103951b,2026-10-02T17:51:09.468897+00:00,185.42000000000002,https://www.mlb.com/player/605154,4193a1375777ceef73b325085e9608406eca71bb237e471dd142481e2e809ac5,2026-10-02T17:52:48.103720+00:00,1.790589609657948,0.5852681287726358,0.07401698115049798,1.3507404820706055,40.706683359602074
1063,147,1,49.19466710785385,-1.500066525570226,-0.7730009407337723,6.575766698024459,0.13242143925559619,4.684355173364993,"Holmes, Clay",605280,R,"Holmes, Clay",605280,pitcher-arm-angle-605280-R,Yankees,2024,https://baseballsavant.mlb.com/leaderboard/pitcher-arm-angles?season=2024,2d7bf811125d5cd194f1c4197220fc9b214de7aa165448ebc31e93034103951b,2026-10-02T17:51:09.468897+00:00,195.58,https://www.mlb.com/player/605280,5536b14d41d22735cbe6e82895b4da698e78959f1940857a143e30493a5d68d4,2026-10-02T17:52:50.718605+00:00,2.0042936895578554,0.23561068673565383,-0.2619716449432568,1.4277914568416499,49.202337774266745
1099,121,1,40.493000967413465,-1.8987140841970251,-1.3780345768880802,5.874549590536851,-0.13430969816994545,4.367848275453783,"Houser, Adrian",605288,R,"Houser, Adrian",605288,pitcher-arm-angle-605288-R,Mets,2024,https://baseballsavant.mlb.com/leaderboard/pitcher-arm-angles?season=2024,2d7bf811125d5cd194f1c4197220fc9b214de7aa165448ebc31e93034103951b,2026-10-02T17:51:09.468897+00:00,193.04,https://www.mlb.com/player/605288,ba7121746c925ebbe4f6af45cd07c21a38a1849e1669ac167d8a342c511550b3,2026-10-02T17:52:52.705650+00:00,1.7905627151956325,0.4200249390354869,-0.11776551782556707,1.331320154358313,40.49544840152499
1522,135,1,35.50743340935842,-2.299002111645378,-1.3505059132720105,6.355289093298292,-0.22481770860416797,4.876472621925368,"Musgrove, Joe",605397,R,"Musgrove, Joe",605397,pitcher-arm-angle-605397-R,Padres,2024,https://baseballsavant.mlb.com/leaderboard/pitcher-arm-angles?season=2024,2d7bf811125d5cd194f1c4197220fc9b214de7aa165448ebc31e93034103951b,2026-10-02T17:51:09.468897+00:00,195.58,https://www.mlb.com/player/605397,4a3cfe24410d91df1a006a5f047a97bbe640bf2dac4fbb1ef8578a91c09d9b79,2026-10-02T17:52:52.867517+00:00,1.9370921156373193,0.41163420236530884,-0.22057720368165204,1.486348855162852,35.487458984893074
3189,143,1,20.082618560743683,-2.401194614062124,-1.8098996550642834,5.024550015678896,-0.24431070963634463,4.236191173983205,"Nola, Aaron",605400,R,"Nola, Aaron",605400,pitcher-arm-angle-605400-R,Phillies,2024,https://baseballsavant.mlb.com/leaderboard/pitcher-arm-angles?season=2024,2d7bf811125d5cd194f1c4197220fc9b214de7aa165448ebc31e93034103951b,2026-10-02T17:51:09.468897+00:00,187.96,https://www.mlb.com/player/605400,158d0dcf12bef4170e18c67c6f23317694654b664b5354d4bea4d5e60c059320,2026-10-02T17:52:53.517192+00:00,1.5314828447789275,0.5516574148635937,-0.105760799205384,1.291191069830081,20.077774563295126
1197,158,1,34.70252543810739,-1.9998368919108331,-2.195822890559733,5.68920634920635,-0.14489318088745334,4.404681786611508,"Ross, Joe",605452,R,"Ross, Joe",605452,pitcher-arm-angle-605452-R,Brewers,2024,https://baseballsavant.mlb.com/leaderboard/pitcher-arm-angles?season=2024,2d7bf811125d5cd194f1c4197220fc9b214de7aa165448ebc31e93034103951b,2026-10-02T17:51:09.468897+00:00,193.04,https://www.mlb.com/player/605452,c1460cb33fd795e0588a0b6d148a88827a23ce3378425105c68f5c8e0d0c51e8,2026-10-02T17:52:54.464077+00:00,1.7340700952380954,0.6692868170426066,0.1038999739226804,1.3425470085591877,34.7021011617246
1178,117,1,13.218425404120365,-2.783731494946469,-3.6007215619694395,4.776553480475382,-0.5824923124937581,4.2594931135735665,"Scott, Tayler",605463,R,"Scott, Tayler",605463,pitcher-arm-angle-605463-R,Astros,2024,https://baseballsavant.mlb.com/leaderboard/pitcher-arm-angles?season=2024,2d7bf811125d5cd194f1c4197220fc9b214de7aa165448ebc31e93034103951b,2026-10-02T17:51:09.468897+00:00,190.5,https://www.mlb.com/player/605463,b4b7dff463c7f10141eea0f4734afa17fbcf3b1068ad57cfeb6243f3c5ee1ec2,2026-10-02T17:52:55.118975+00:00,1.4558935008488965,1.0974999320882852,0.4265622292766989,1.2982935010172232,13.218856983698958
1773,137,1,57.090788427005975,1.1071542499099827,1.9851720248166949,6.638742244782854,-0.18897046703724818,4.636251638360313,"Snell, Blake",605483,L,"Snell, Blake",605483,pitcher-arm-angle-605483-L,Giants,2024,https://baseballsavant.mlb.com/leaderboard/pitcher-arm-angles?season=2024,2d7bf811125d5cd194f1c4197220fc9b214de7aa165448ebc31e93034103951b,2026-10-02T17:51:09.468897+00:00,193.04,https://www.mlb.com/player/605483,d576004cf5e141ca55e4cab351a50a2923cf7e315034cb4704231a398817d1a0,2026-10-02T17:52:55.113614+00:00,2.023488636209814,-0.6050804331641286,-0.21002161943861264,1.4131294993722234,57.086781270249446
1117,120,1,43.11206905256039,-1.5237218940782333,-1.208854073410922,5.698549686660698,0.21547261971444392,4.069630445696632,"Barnes, Jacob",606930,R,"Barnes, Jacob",606930,pitcher-arm-angle-606930-R,Nationals,2024,https://baseballsavant.mlb.com/leaderboard/pitcher-arm-angles?season=2024,2d7bf811125d5cd194f1c4197220fc9b214de7aa165448ebc31e93034103951b,2026-10-02T17:51:09.468897+00:00,187.96,https://www.mlb.com/player/606930,1625dd5b8db41850c5f9b61d483daf86e95ad2b2a8f0580b769e0b8d0f203a58,2026-10-02T17:53:01.162910+00:00,1.736917944494181,0.3684587215756491,-0.16164776622835897,1.2404233598483334,43.12475113696664
2650,158,1,34.50207688706533,-1.9164222712561931,-1.992267924528302,5.576962264150944,-0.08772867638650658,4.319599294790301,"Rea, Colin",607067,R,"Rea, Colin",607067,pitcher-arm-angle-607067-R,Brewers,2024,https://baseballsavant.mlb.com/leaderboard/pitcher-arm-angles?season=2024,2d7bf811125d5cd194f1c4197220fc9b214de7aa165448ebc31e93034103951b,2026-10-02T17:51:09.468897+00:00,195.58,https://www.mlb.com/player/607067,cdb3cbdeea1bef8f75c7b14f81322dee462ebd6583563c1fe2550538836839ab,2026-10-02T17:53:01.807774+00:00,1.6998580981132076,0.6072432633962265,0.04985745567994597,1.3166138650520838,34.51141897305078
3102,147,1,45.38041860078494,1.695468761020261,2.049603481624758,6.325892972275951,-0.016885460820516,4.589699503511621,"Rodón, Carlos",607074,L,"Rodón, Carlos",607074,pitcher-arm-angle-607074-L,Yankees,2024,https://baseballsavant.mlb.com/leaderboard/pitcher-arm-angles?season=2024,2d7bf811125d5cd194f1c4197220fc9b214de7aa165448ebc31e93034103951b,2026-10-02T17:51:09.468897+00:00,187.96,https://www.mlb.com/player/607074,f82f3852673598ea59ea572d872ed50c1785684ef045f3cc6c2fd3141eeb90da,2026-10-02T17:53:01.702775+00:00,1.92813217794971,-0.6247191411992263,-0.10279357438215746,1.3989404086703423,45.39607005652247
1934,119,1,57.84177731366449,-1.1237964225640704,-1.578324715615305,6.054400206825233,0.1739812898742274,3.9849101560959066,"Glasnow, Tyler",607192,R,"Glasnow, Tyler",607192,pitcher-arm-angle-607192-R,Dodgers,2024,https://baseballsavant.mlb.com/leaderboard/pitcher-arm-angles?season=2024,2d7bf811125d5cd194f1c4197220fc9b214de7aa165448ebc31e93034103951b,2026-10-02T17:51:09.468897+00:00,203.2,https://www.mlb.com/player/607192,2f65c0196847de5ce52d723cc3fb4acacc0da97b6944eb55888b52d5f871bbc6,2026-10-02T17:53:01.791687+00:00,1.845381183040331,0.48107337331954503,0.08551072656835182,1.2146006155780324,57.90816540990693
2891,145,2,37.22685256510934,-1.771194661182555,-1.4556139744033207,5.826118989968869,0.11966506383755351,4.388129700416376,"Fedde, Erick",607200,R,"Fedde, Erick",607200,pitcher-arm-angle-607200-R,zMLB,2024,https://baseballsavant.mlb.com/leaderboard/pitcher-arm-angles?season=2024,2d7bf811125d5cd194f1c4197220fc9b214de7aa165448ebc31e93034103951b,2026-10-02T17:51:09.468897+00:00,193.04,https://www.mlb.com/player/607200,020d14d133a346bd062332f9843c06a439b6c1bb4b0a9f38b12c28494006dba0,2026-10-02T17:53:02.579014+00:00,1.7758010681425114,0.4436711393981322,-0.13266290478799694,1.3375019326869113,37.25280578397948
2122,113,1,58.61605965979748,-0.8373672959795044,-1.6216918001885015,6.241573986804901,0.33658885527392346,4.316381573398788,"Martinez, Nick",607259,R,"Martinez, Nick",607259,pitcher-arm-angle-607259-R,Reds,2024,https://baseballsavant.mlb.com/leaderboard/pitcher-arm-angles?season=2024,2d7bf811125d5cd194f1c4197220fc9b214de7aa165448ebc31e93034103951b,2026-10-02T17:51:09.468897+00:00,185.42000000000002,https://www.mlb.com/player/607259,5f651b41f4871063a3f68b914e313a6be85413dee16974a891d45c512ff1add9,2026-10-02T17:53:03.200378+00:00,1.902431751178134,0.4942916606974553,0.13646982579541042,1.3156331035719506,58.62572923769318
974,144,1,7.273682862537767,2.6269247817981816,2.4297843942505133,5.131211498973306,0.30306837727437436,4.834755175288334,"Bummer, Aaron",607481,L,"Bummer, Aaron",607481,pitcher-arm-angle-607481-L,Braves,2024,https://baseballsavant.mlb.com/leaderboard/pitcher-arm-angles?season=2024,2d7bf811125d5cd194f1c4197220fc9b214de7aa165448ebc31e93034103951b,2026-10-02T17:51:09.468897+00:00,190.5,https://www.mlb.com/player/607481,09a32fbded769f4858971e5496615a540f01b043514d2b52381294d7b913fcc5,2026-10-02T17:53:05.203389+00:00,1.5639932648870636,-0.7405982833675565,-0.03228685126870002,1.4736333774278845,7.270002564092046
1769,115,1,27.2835747962549,2.165502115003917,2.541814584511023,5.723629169022046,0.133707758545116,4.6759105656034965,"Freeland, Kyle",607536,L,"Freeland, Kyle",607536,pitcher-arm-angle-607536-L,Rockies,2024,https://baseballsavant.mlb.com/leaderboard/pitcher-arm-angles?season=2024,2d7bf811125d5cd194f1c4197220fc9b214de7aa165448ebc31e93034103951b,2026-10-02T17:51:09.468897+00:00,193.04,https://www.mlb.com/player/607536,1de97eac619ac57f48d9f53fd204584698245fc31fb62208d81b1523ca3ae98c,2026-10-02T17:53:05.414676+00:00,1.7445621707179197,-0.7747450853589599,-0.1554541655103173,1.4252175403959457,27.27842606710312
3112,118,1,32.608203915535405,-2.202980982680938,-1.3056748071979434,5.485899742930592,-0.1693410549812353,4.182185503645253,"Lugo, Seth",607625,R,"Lugo, Seth",607625,pitcher-arm-angle-607625-R,Royals,2024,https://baseballsavant.mlb.com/leaderboard/pitcher-arm-angles?season=2024,2d7bf811125d5cd194f1c4197220fc9b214de7aa165448ebc31e93034103951b,2026-10-02T17:51:09.468897+00:00,193.04,https://www.mlb.com/player/607625,ca5b17a79da48a23302293e82efeea0cfc729cd8026aecf2ac9ed3ea18f51584,2026-10-02T17:53:07.234893+00:00,1.6721022416452445,0.39796968123393317,-0.22188376872893628,1.2747301415110732,32.66288759492351
2761,144,1,48.445519542200884,1.4837803267658716,1.314846070264397,5.950445490764216,-0.09755479901815522,4.167901485227459,"Fried, Max",608331,L,"Fried, Max",608331,pitcher-arm-angle-608331-L,Braves,2024,https://baseballsavant.mlb.com/leaderboard/pitcher-arm-angles?season=2024,2d7bf811125d5cd194f1c4197220fc9b214de7aa165448ebc31e93034103951b,2026-10-02T17:51:09.468897+00:00,193.04,https://www.mlb.com/player/608331,ddb476e8804f21219b47f7c533e3c6a00e049d54e0bf58703d6d8701ce1b7241,2026-10-02T17:53:07.871104+00:00,1.8136957855849332,-0.4007650822165882,0.08122586412238318,1.2703763726973294,48.423042233895465
1469,108,1,37.744798386338225,-2.0459968269344992,-2.499135466303608,5.659142273655548,-0.27422259901299467,4.287237667590088,"Fulmer, Carson",608334,R,"Fulmer, Carson",608334,pitcher-arm-angle-608334-R,Angels,2024,https://baseballsavant.mlb.com/leaderboard/pitcher-arm-angles?season=2024,2d7bf811125d5cd194f1c4197220fc9b214de7aa165448ebc31e93034103951b,2026-10-02T17:51:09.468897+00:00,182.88,https://www.mlb.com/player/608334,50e774738010d7d5e07979bec3fc4025a8e99765f7e5b78e25fe0a713b9f912b,2026-10-02T17:53:09.505417+00:00,1.7249065650102111,0.7617364901293397,0.22169970545886516,1.306750041081459,37.75101942537474
1767,142,2,40.01589607281257,2.009759765310023,1.1388624787775892,6.094272778720996,0.23581559487817352,4.605764152964782,"Irvin, Cole",608344,L,"Irvin, Cole",608344,pitcher-arm-angle-608344-L,zMLB,2024,https://baseballsavant.mlb.com/leaderboard/pitcher-arm-angles?season=2024,2d7bf811125d5cd194f1c4197220fc9b214de7aa165448ebc31e93034103951b,2026-10-02T17:51:09.468897+00:00,193.04,https://www.mlb.com/player/608344,8a7dfc06fe725ee5565d925b6797711d39434ed52a75447a5ac7767d7192e8fb,2026-10-02T17:53:11.165783+00:00,1.8575343429541598,-0.3471252835314092,0.19357289961621862,1.4038369138236657,39.99986214329107
2602,118,1,51.518072999459164,-1.2611875324712423,-1.6337778631821676,6.520857033051499,0.1639085179232758,4.727319871112445,"Wacha, Michael",608379,R,"Wacha, Michael",608379,pitcher-arm-angle-608379-R,Royals,2024,https://baseballsavant.mlb.com/leaderboard/pitcher-arm-angles?season=2024,2d7bf811125d5cd194f1c4197220fc9b214de7aa165448ebc31e93034103951b,2026-10-02T17:51:09.468897+00:00,198.12,https://www.mlb.com/player/608379,f7026d200526e13417f3c55ab6ec1ce91dced06849ca146c1edf0bf60f12cde6,2026-10-02T17:53:11.700826+00:00,1.9875572236740968,0.4979754926979247,0.06360621653767556,1.4408870967150733,51.53029742710385
994,118,1,35.079000440700504,-1.952518398197004,-1.8332394366197182,5.854346076458753,0.022813486892836524,4.467459695965454,"Stratton, Chris",608717,R,"Stratton, Chris",608717,pitcher-arm-angle-608717-R,Royals,2024,https://baseballsavant.mlb.com/leaderboard/pitcher-arm-angles?season=2024,2d7bf811125d5cd194f1c4197220fc9b214de7aa165448ebc31e93034103951b,2026-10-02T17:51:09.468897+00:00,187.96,https://www.mlb.com/player/608717,f81b26eceba51a286bafb54ae19148b8e99b61b4fa50bb02aa5877c9017896ec,2026-10-02T17:53:14.713390+00:00,1.784404684104628,0.5587713802816902,-0.043309778293693285,1.3616817153302705,35.07280692410212
1022,113,1,55.64336703791228,1.1142917034910154,3.3387181996086106,6.290557729941292,-0.05780173081685976,4.575350392959177,"Suter, Brent",608718,L,"Suter, Brent",608718,pitcher-arm-angle-608718-L,Reds,2024,https://baseballsavant.mlb.com/leaderboard/pitcher-arm-angles?season=2024,2d7bf811125d5cd194f1c4197220fc9b214de7aa165448ebc31e93034103951b,2026-10-02T17:51:09.468897+00:00,193.04,https://www.mlb.com/player/608718,697697d5712280f97918ea148ee9ca174a1ded50dbea98793a09cfe7d7144f93,2026-10-02T17:53:14.722499+00:00,1.917361996086106,-1.0176413072407047,-0.6603872284636642,1.394566799773957,55.65310361421508
974,136,1,37.35122516099648,-1.7965253295734853,-2.4725975359342915,5.685985626283368,-0.04748363063537905,4.350308466748656,"Voth, Austin",608723,R,"Voth, Austin",608723,pitcher-arm-angle-608723-R,Mariners,2024,https://baseballsavant.mlb.com/leaderboard/pitcher-arm-angles?season=2024,2d7bf811125d5cd194f1c4197220fc9b214de7aa165448ebc31e93034103951b,2026-10-02T17:51:09.468897+00:00,187.96,https://www.mlb.com/player/608723,ff6d9d12935842fa4481ab5533fefcdeeb4d263b778a1f93beddb885a687bd01,2026-10-02T17:53:15.418514+00:00,1.7330884188911706,0.7536477289527721,0.2205398191164373,1.3259740206649904,37.36760709556572
2545,115,1,45.748917343878325,-1.5459790767581156,-1.4171905697445972,6.315347740667977,0.15818215045403766,4.5685226944587445,"Quantrill, Cal",615698,R,"Quantrill, Cal",615698,pitcher-arm-angle-615698-R,Rockies,2024,https://baseballsavant.mlb.com/leaderboard/pitcher-arm-angles?season=2024,2d7bf811125d5cd194f1c4197220fc9b214de7aa165448ebc31e93034103951b,2026-10-02T17:51:09.468897+00:00,190.5,https://www.mlb.com/player/615698,a43abf37a76cb290084398de5d0c9d21fd2405849cabf8050cbd871017a99be8,2026-10-02T17:53:17.170402+00:00,1.9249179913555994,0.43195968565815324,-0.0874686563961111,1.3924857172710254,45.70829961304708
2447,139,2,27.192055317171054,-2.6404009726783495,-2.316685737637924,5.787331426236207,-0.4433402027802242,4.658509989969165,"Eflin, Zach",621107,R,"Eflin, Zach",621107,pitcher-arm-angle-621107-R,zMLB,2024,https://baseballsavant.mlb.com/leaderboard/pitcher-arm-angles?season=2024,2d7bf811125d5cd194f1c4197220fc9b214de7aa165448ebc31e93034103951b,2026-10-02T17:51:09.468897+00:00,198.12,https://www.mlb.com/player/621107,e788f88a7294a6177eb9b0a857e9aa51f14fdc6273f1add2370837e0e0a24032,2026-10-02T17:53:19.382839+00:00,1.763978618716796,0.7061258128320393,0.03646169016709069,1.4199138449426014,27.193513140715197
1336,119,1,45.50603214522052,-1.5334914752059103,-1.1762949101796407,5.537769461077844,-0.073211283115587,4.05113861735086,"Buehler, Walker",621111,R,"Buehler, Walker",621111,pitcher-arm-angle-621111-R,Dodgers,2024,https://baseballsavant.mlb.com/leaderboard/pitcher-arm-angles?season=2024,2d7bf811125d5cd194f1c4197220fc9b214de7aa165448ebc31e93034103951b,2026-10-02T17:51:09.468897+00:00,187.96,https://www.mlb.com/player/621111,09ec2757607edd3b4a521395b53855965301f4a22da76be32f24ac71636678f7,2026-10-02T17:53:19.512701+00:00,1.687912131736527,0.3585346886227545,-0.08655871392637607,1.2347870505685423,45.512313019061544
1212,133,2,49.58428359508672,-1.5023394397978669,-2.053506600660066,6.042541254125412,0.005599708720872079,4.270532995946653,"Blackburn, Paul",621112,R,"Blackburn, Paul",621112,pitcher-arm-angle-621112-R,zMLB,2024,https://baseballsavant.mlb.com/leaderboard/pitcher-arm-angles?season=2024,2d7bf811125d5cd194f1c4197220fc9b214de7aa165448ebc31e93034103951b,2026-10-02T17:51:09.468897+00:00,185.42000000000002,https://www.mlb.com/player/621112,c75ac075219c1bd921b8af029ca58902d1d49399a1d74062c6fc0bbc4d668110,2026-10-02T17:53:19.414857+00:00,1.8417665742574256,0.6259088118811882,0.16628895941267655,1.30165845716454,49.60296454451388
1017,143,1,65.14763752929936,0.5206819358590487,1.0288003933136676,6.654601769911505,-0.5324393113855894,4.374738650955153,"Alvarado, José",621237,L,"Alvarado, José",621237,pitcher-arm-angle-621237-L,Phillies,2024,https://baseballsavant.mlb.com/leaderboard/pitcher-arm-angles?season=2024,2d7bf811125d5cd194f1c4197220fc9b214de7aa165448ebc31e93034103951b,2026-10-02T17:51:09.468897+00:00,187.96,https://www.mlb.com/player/621237,c4cad9b8fcd3171c9b1d5ce501394c557fd9b5c82fe5d83fbebcfe1b908cf333,2026-10-02T17:53:20.838547+00:00,2.028322619469027,-0.3135783598820059,0.007412996278159808,1.3334203408111307,65.2066980274271
2907,141,1,39.5502881311915,-2.15007123701684,-1.9853973168214654,5.611795665634675,-0.3531916772287925,4.12770302122788,"Berríos, José",621244,R,"Berríos, José",621244,pitcher-arm-angle-621244-R,Blue Jays,2024,https://baseballsavant.mlb.com/leaderboard/pitcher-arm-angles?season=2024,2d7bf811125d5cd194f1c4197220fc9b214de7aa165448ebc31e93034103951b,2026-10-02T17:51:09.468897+00:00,182.88,https://www.mlb.com/player/621244,004ef40d73fa0d8fcbdc5213208c8f190b6a2f6fd33c55fe9f9c60ed5f902c19,2026-10-02T17:53:22.874211+00:00,1.7104753188854491,0.6051491021671827,0.057460212343785774,1.258123880870258,39.55424477543019
1174,145,2,48.83727622346053,1.714126153546922,2.7118739352640544,6.247052810902896,0.17050048252846128,4.48126296814219,"Banks, Tanner",621383,L,"Banks, Tanner",621383,pitcher-arm-angle-621383-L,zMLB,2024,https://baseballsavant.mlb.com/leaderboard/pitcher-arm-angles?season=2024,2d7bf811125d5cd194f1c4197220fc9b214de7aa165448ebc31e93034103951b,2026-10-02T17:51:09.468897+00:00,185.42000000000002,https://www.mlb.com/player/621383,809b1c49c2d4e2b8e5af8c9a36fcf6494653293b253f2131ee4b0ae2e3be8ed2,2026-10-02T17:53:26.931424+00:00,1.9041016967632027,-0.8265791754684838,-0.35608207094205696,1.3658889526897395,48.84055717187105
1133,115,1,20.938010477667916,2.3192544413560183,3.068358340688438,5.738358340688438,0.13436002048416254,4.9016901776710045,"Blach, Ty",621389,L,"Blach, Ty",621389,pitcher-arm-angle-621389-L,Rockies,2024,https://baseballsavant.mlb.com/leaderboard/pitcher-arm-angles?season=2024,2d7bf811125d5cd194f1c4197220fc9b214de7aa165448ebc31e93034103951b,2026-10-02T17:51:09.468897+00:00,185.42000000000002,https://www.mlb.com/player/621389,055c7db98acd0a1c0404c323660c8e682d49a0acd65c3e04cd92cdfb0c91a194,2026-10-02T17:53:26.984158+00:00,1.749051622241836,-0.9352356222418359,-0.2692798027600942,1.4940351661541222,20.95349175485364
2852,136,1,15.335331705209128,-2.473328915976878,-2.2568969144460027,5.026399018232819,-0.16350473770790988,4.392772321765631,"Castillo, Luis",622491,R,"Castillo, Luis",622491,pitcher-arm-angle-622491-R,Mariners,2024,https://baseballsavant.mlb.com/leaderboard/pitcher-arm-angles?season=2024,2d7bf811125d5cd194f1c4197220fc9b214de7aa165448ebc31e93034103951b,2026-10-02T17:51:09.468897+00:00,187.96,https://www.mlb.com/player/622491,8e9927e8051135689c09d10728142dd5599c6d147208c609182f83081315f6f8,2026-10-02T17:53:30.663400+00:00,1.5320464207573634,0.6879021795231417,-0.01613223001323982,1.3389170036741644,15.339924548235574
1050,143,2,29.475836185125505,-2.0725608353855582,-1.780257142857143,5.441904761904762,-0.09448619760631526,4.324531656395892,"Domínguez, Seranthony",622554,R,"Domínguez, Seranthony",622554,pitcher-arm-angle-622554-R,zMLB,2024,https://baseballsavant.mlb.com/leaderboard/pitcher-arm-angles?season=2024,2d7bf811125d5cd194f1c4197220fc9b214de7aa165448ebc31e93034103951b,2026-10-02T17:51:09.468897+00:00,185.42000000000002,https://www.mlb.com/player/622554,d50aed53af634188f49f9ba570983344eb46b9319e1c4f0935dc90c905d4ebec,2026-10-02T17:53:31.933564+00:00,1.6586925714285714,0.5426223771428572,-0.06029477245225608,1.318117248869468,29.461199000847067
2888,121,1,41.056628997217494,-1.5554512666709048,-1.982583102493075,5.910803324099723,0.07422070399489436,4.491105180728171,"Severino, Luis",622663,R,"Severino, Luis",622663,pitcher-arm-angle-622663-R,Mets,2024,https://baseballsavant.mlb.com/leaderboard/pitcher-arm-angles?season=2024,2d7bf811125d5cd194f1c4197220fc9b214de7aa165448ebc31e93034103951b,2026-10-02T17:51:09.468897+00:00,187.96,https://www.mlb.com/player/622663,5adf38cfa4dcb81c06d97cb727743b1e0ce52fa510cd529905f516f7ec5ccd10,2026-10-02T17:53:33.217151+00:00,1.8016128531855955,0.6042913296398893,0.10756731298095365,1.3688888590859467,41.06093932935886
2797,145,1,70.06505785798443,-0.32153229258470345,-0.16291741151233463,6.842366821594566,0.4569256036038103,4.691820796760216,"Flexen, Chris",623167,R,"Flexen, Chris",623167,pitcher-arm-angle-623167-R,White Sox,2024,https://baseballsavant.mlb.com/leaderboard/pitcher-arm-angles?season=2024,2d7bf811125d5cd194f1c4197220fc9b214de7aa165448ebc31e93034103951b,2026-10-02T17:51:09.468897+00:00,190.5,https://www.mlb.com/player/623167,6bc25147a140e958cc198cbdc701ab92092c1a4709f960bf3516eee6d10d7e9c,2026-10-02T17:53:34.686006+00:00,2.0855534072220236,0.0496572270289596,-0.18761673972929943,1.4300669788525138,70.10068069104572
1151,117,1,34.02700496519837,2.1094516229663367,3.0614422241529105,5.708036490008688,0.15370403562894236,4.38706326855203,"Hader, Josh",623352,L,"Hader, Josh",623352,pitcher-arm-angle-623352-L,Astros,2024,https://baseballsavant.mlb.com/leaderboard/pitcher-arm-angles?season=2024,2d7bf811125d5cd194f1c4197220fc9b214de7aa165448ebc31e93034103951b,2026-10-02T17:51:09.468897+00:00,190.5,https://www.mlb.com/player/623352,336cc2b95a36abd2263cd0050744aa6c9d2fd338cf26474942db8690d3487f42,2026-10-02T17:53:34.794167+00:00,1.7398095221546481,-0.9331275899218071,-0.3370157253013693,1.3371768842546587,34.036324999245316
2265,143,1,41.81186032886871,1.7074498814543801,1.81519646799117,5.845532008830022,0.000508569607252897,4.319290149803449,"Suarez, Ranger",624133,L,"Suarez, Ranger",624133,pitcher-arm-angle-624133-L,Phillies,2024,https://baseballsavant.mlb.com/leaderboard/pitcher-arm-angles?season=2024,2d7bf811125d5cd194f1c4197220fc9b214de7aa165448ebc31e93034103951b,2026-10-02T17:51:09.468897+00:00,185.42000000000002,https://www.mlb.com/player/624133,a083b416ffc464e3c8be8b31ccbd4afeaeb11e16030bef1b314972b407d2a851,2026-10-02T17:53:38.425788+00:00,1.7817181562913909,-0.5532718834437087,-0.03299617159270425,1.3165196376600914,41.80112266943462
2109,144,1,41.89196529629738,-1.662428572389232,-1.7995211000474158,5.831247036510194,-0.11392869659696285,4.441849304863546,"López, Reynaldo",625643,R,"López, Reynaldo",625643,pitcher-arm-angle-625643-R,Braves,2024,https://baseballsavant.mlb.com/leaderboard/pitcher-arm-angles?season=2024,2d7bf811125d5cd194f1c4197220fc9b214de7aa165448ebc31e93034103951b,2026-10-02T17:51:09.468897+00:00,185.42000000000002,https://www.mlb.com/player/625643,30087a969e5164f0f6b13129603f3ce8876b924a30027945e1de324a16eef55f,2026-10-02T17:53:39.613242+00:00,1.7773640967283073,0.5484940312944524,0.07651126915296871,1.353875668122409,41.90016922754327
1958,116,1,38.46809129122817,-1.9532311236786257,-2.1495454545454544,5.68614913176711,-0.1866933288906611,4.281775642230149,"Maeda, Kenta",628317,R,"Maeda, Kenta",628317,pitcher-arm-angle-628317-R,Tigers,2024,https://baseballsavant.mlb.com/leaderboard/pitcher-arm-angles?season=2024,2d7bf811125d5cd194f1c4197220fc9b214de7aa165448ebc31e93034103951b,2026-10-02T17:51:09.468897+00:00,185.42000000000002,https://www.mlb.com/player/628317,b31f92bf9ec33186d2551e1797a8bac522867c23019705787c55225a45a73378,2026-10-02T17:53:39.674490+00:00,1.7331382553626151,0.6551814545454545,0.1167407346940829,1.3050852157517494,38.48422134400931
1066,120,1,50.33733188890234,-1.0217979552205663,-1.8669043151969982,5.728245778611632,0.3744760531314692,4.04245364097882,"Finnegan, Kyle",640448,R,"Finnegan, Kyle",640448,pitcher-arm-angle-640448-R,Nationals,2024,https://baseballsavant.mlb.com/leaderboard/pitcher-arm-angles?season=2024,2d7bf811125d5cd194f1c4197220fc9b214de7aa165448ebc31e93034103951b,2026-10-02T17:51:09.468897+00:00,187.96,https://www.mlb.com/player/640448,2d0d872515211d61b0e37f88d2222ee698f66d3b16ae82828691956a57869f0c,2026-10-02T17:53:43.190877+00:00,1.7459693133208256,0.5690324352720451,0.14344811752634465,1.2321398697703445,50.36641047171806
2909,121,1,22.719265365080616,2.9287574626183006,2.930594706084565,5.436675833619801,0.7583734313082088,4.527256666875006,"Manaea, Sean",640455,L,"Manaea, Sean",640455,pitcher-arm-angle-640455-L,Mets,2024,https://baseballsavant.mlb.com/leaderboard/pitcher-arm-angles?season=2024,2d7bf811125d5cd194f1c4197220fc9b214de7aa165448ebc31e93034103951b,2026-10-02T17:51:09.468897+00:00,195.58,https://www.mlb.com/player/640455,d51eb17f36e8e9241fb5315094f9c32a9aea261ca8539c8e2300aa776b176798,2026-10-02T17:53:42.397389+00:00,1.6570987940873154,-0.8932452664145755,-0.2317122136712595,1.3799078320635019,22.7343185753667
1173,146,2,28.47303388992585,2.319097172573425,3.0574680306905373,5.551756180733163,0.08587987236590366,4.339213312985428,"Puk, A.J.",640462,L,"Puk, A.J.",640462,pitcher-arm-angle-640462-L,zMLB,2024,https://baseballsavant.mlb.com/leaderboard/pitcher-arm-angles?season=2024,2d7bf811125d5cd194f1c4197220fc9b214de7aa165448ebc31e93034103951b,2026-10-02T17:51:09.468897+00:00,200.66,https://www.mlb.com/player/640462,4951b7406feacb7ea226b244da3ee18bc83710fa668d692c96de479605fe575d,2026-10-02T17:53:43.610376+00:00,1.6921752838874682,-0.9319162557544758,-0.25123162265122323,1.3225922177979585,28.500095230981312
2985,142,1,38.307809135208636,-2.1003531825457395,-1.7023383584589615,5.583159128978225,-0.21565295500079124,4.093698536682223,"López, Pablo",641154,R,"López, Pablo",641154,pitcher-arm-angle-641154-R,Twins,2024,https://baseballsavant.mlb.com/leaderboard/pitcher-arm-angles?season=2024,2d7bf811125d5cd194f1c4197220fc9b214de7aa165448ebc31e93034103951b,2026-10-02T17:51:09.468897+00:00,193.04,https://www.mlb.com/player/641154,03b9cefaa5e11fccf2c3e011892e44018d15227d67202f46b86509116b739951,2026-10-02T17:53:45.049495+00:00,1.7017469025125629,0.5188727316582915,-0.05558389769740878,1.2477593139807417,38.31898077976871
1668,139,1,35.86028804044753,2.0843995684801278,1.4958453237410072,5.638585131894485,0.18970622325668876,4.268755165439841,"Alexander, Tyler",641302,L,"Alexander, Tyler",641302,pitcher-arm-angle-641302-L,Rays,2024,https://baseballsavant.mlb.com/leaderboard/pitcher-arm-angles?season=2024,2d7bf811125d5cd194f1c4197220fc9b214de7aa165448ebc31e93034103951b,2026-10-02T17:51:09.468897+00:00,185.42000000000002,https://www.mlb.com/player/641302,ec1e9f7c8858fd9b09ed1d7148c0cfb2889624ce7b5615cba77e966b3dfef7e8,2026-10-02T17:53:45.369105+00:00,1.718640748201439,-0.455933654676259,0.12156887694784523,1.3011165744260635,35.86626748042555
2849,147,1,47.10748983984068,1.68227411845579,1.2366549666549667,5.71963144963145,0.28441208170111915,4.215708523771358,"Cortes, Nestor",641482,L,"Cortes, Nestor",641482,pitcher-arm-angle-641482-L,Yankees,2024,https://baseballsavant.mlb.com/leaderboard/pitcher-arm-angles?season=2024,2d7bf811125d5cd194f1c4197220fc9b214de7aa165448ebc31e93034103951b,2026-10-02T17:51:09.468897+00:00,177.8,https://www.mlb.com/player/641482,0bd16c486948c53ab466dd3bc4d4d0698e472c9c50fb24fc8cea8dfe06c15a3c,2026-10-02T17:53:47.740098+00:00,1.743343665847666,-0.3769324338364339,0.04913591496638981,1.28494795804551,47.093241748362175
1689,140,1,38.24047152579504,-1.8942707644314134,-2.3285435168738897,5.411426879810539,-0.06612274384214098,3.968746011414954,"Dunning, Dane",641540,R,"Dunning, Dane",641540,pitcher-arm-angle-641540-R,Rangers,2024,https://baseballsavant.mlb.com/leaderboard/pitcher-arm-angles?season=2024,2d7bf811125d5cd194f1c4197220fc9b214de7aa165448ebc31e93034103951b,2026-10-02T17:51:09.468897+00:00,193.04,https://www.mlb.com/player/641540,6cd8c26450bb31ef027935da6ef20fe605793e4f0e9ba2d6731ee9ae9b1674a0,2026-10-02T17:53:48.078328+00:00,1.6494029129662522,0.7097400639431616,0.15252054726755138,1.2096737842792782,38.27869508845739
1508,115,1,35.825861721903586,-1.9461026802597612,-2.2836538461538463,6.124781167108753,0.006136895085982305,4.713467222998435,"Hudson, Dakota",641712,R,"Hudson, Dakota",641712,pitcher-arm-angle-641712-R,Rockies,2024,https://baseballsavant.mlb.com/leaderboard/pitcher-arm-angles?season=2024,2d7bf811125d5cd194f1c4197220fc9b214de7aa165448ebc31e93034103951b,2026-10-02T17:51:09.468897+00:00,195.58,https://www.mlb.com/player/641712,c33d0b37a90da794adc253a79f10bbc722aff91b36e92585ac9b1251fdb934de,2026-10-02T17:53:49.915585+00:00,1.866833299734748,0.6960576923076923,0.10101506974230973,1.4366648095699233,35.863936505042034
1089,144,1,31.383713714746907,-1.9965958556188101,-2.5235720844811755,5.654710743801653,-0.03633453273620993,4.458097843120886,"Jiménez, Joe",641729,R,"Jiménez, Joe",641729,pitcher-arm-angle-641729-R,Braves,2024,https://baseballsavant.mlb.com/leaderboard/pitcher-arm-angles?season=2024,2d7bf811125d5cd194f1c4197220fc9b214de7aa165448ebc31e93034103951b,2026-10-02T17:51:09.468897+00:00,190.5,https://www.mlb.com/player/641729,8a8a4b0178e891a2020d095c6f144849dbfa0014ed98393e0aaf3489a00893f3,2026-10-02T17:53:51.112723+00:00,1.7235558347107438,0.7691847713498623,0.17169712013524577,1.3588282225832462,31.401368765780486
1160,115,1,44.97016236950616,-1.4902609041451398,-1.0050344827586206,6.452129310344827,0.1300940860685967,4.832219467622473,"Kinley, Tyler",641755,R,"Kinley, Tyler",641755,pitcher-arm-angle-641755-R,Rockies,2024,https://baseballsavant.mlb.com/leaderboard/pitcher-arm-angles?season=2024,2d7bf811125d5cd194f1c4197220fc9b214de7aa165448ebc31e93034103951b,2026-10-02T17:51:09.468897+00:00,193.04,https://www.mlb.com/player/641755,1623be26e1886eb4915231429f1a3ce003ac3a569727c00026e1362072089d11,2026-10-02T17:53:51.957024+00:00,1.9666090137931036,0.30633451034482756,-0.18754969067231933,1.4728604937313297,44.992128707475615
980,145,1,25.708552601453317,-2.331768445788542,-2.625295918367347,5.286744897959184,-0.36573153397722724,4.338873728946124,"Kuhl, Chad",641771,R,"Kuhl, Chad",641771,pitcher-arm-angle-641771-R,White Sox,2024,https://baseballsavant.mlb.com/leaderboard/pitcher-arm-angles?season=2024,2d7bf811125d5cd194f1c4197220fc9b214de7aa165448ebc31e93034103951b,2026-10-02T17:51:09.468897+00:00,190.5,https://www.mlb.com/player/641771,fe2fb065c64cdc4ed1501946c5c0db1eccf75768ebbc64647fc571b617fdb879,2026-10-02T17:53:52.575128+00:00,1.6113998448979594,0.8001901959183674,0.20094214519827866,1.3224887125827787,25.739774689400797
2467,139,1,41.52859456571872,-1.9370185211283921,-0.6018483988650183,6.1458897446291045,-0.2355123966843619,4.638212079882253,"Littell, Zack",641793,R,"Littell, Zack",641793,pitcher-arm-angle-641793-R,Rays,2024,https://baseballsavant.mlb.com/leaderboard/pitcher-arm-angles?season=2024,2d7bf811125d5cd194f1c4197220fc9b214de7aa165448ebc31e93034103951b,2026-10-02T17:51:09.468897+00:00,193.04,https://www.mlb.com/player/641793,343e4ca9d997859a3f0e0b23a9eee7e7be56345e1dec68ecfad6da37fbc87747,2026-10-02T17:53:53.390991+00:00,1.873267194162951,0.1834433919740576,-0.33517567475648286,1.4137270419481107,41.54364510591822
2692,142,1,34.99813968586801,-2.197338225859832,-1.4290638930163446,5.985746656760773,-0.16501370367206725,4.5609444013820575,"Ober, Bailey",641927,R,"Ober, Bailey",641927,pitcher-arm-angle-641927-R,Twins,2024,https://baseballsavant.mlb.com/leaderboard/pitcher-arm-angles?season=2024,2d7bf811125d5cd194f1c4197220fc9b214de7aa165448ebc31e93034103951b,2026-10-02T17:51:09.468897+00:00,205.74,https://www.mlb.com/player/641927,afd5db36543c56b0b8aba777237a7f395da8e7d9229882e45dc695d3922ca576,2026-10-02T17:53:53.988842+00:00,1.8244555809806835,0.4355786745913819,-0.18387383977144886,1.3901758535412512,35.0331543103931
1476,141,2,13.489191754423516,3.1875735109780408,3.233827913279133,5.01739159891599,0.9129248450550459,4.472438969078639,"Yarbrough, Ryan",642232,L,"Yarbrough, Ryan",642232,pitcher-arm-angle-642232-L,zMLB,2024,https://baseballsavant.mlb.com/leaderboard/pitcher-arm-angles?season=2024,2d7bf811125d5cd194f1c4197220fc9b214de7aa165448ebc31e93034103951b,2026-10-02T17:51:09.468897+00:00,195.58,https://www.mlb.com/player/642232,7ec608393d67056a98d44abee180f0bb33f919362d615537fd473f0a5296183f,2026-10-02T17:53:57.468337+00:00,1.5293009593495936,-0.9856707479674798,-0.29235783459415093,1.3631993977751693,13.47279412679181
3066,158,1,36.8910701769034,-2.172796899421917,-2.827648401826484,5.279817351598173,-0.3890275162991722,3.941091193359868,"Peralta, Freddy",642547,R,"Peralta, Freddy",642547,pitcher-arm-angle-642547-R,Brewers,2024,https://baseballsavant.mlb.com/leaderboard/pitcher-arm-angles?season=2024,2d7bf811125d5cd194f1c4197220fc9b214de7aa165448ebc31e93034103951b,2026-10-02T17:51:09.468897+00:00,182.88,https://www.mlb.com/player/642547,9ec808812e8a5f552bcb591a68666d1da97fe698c6e710d2d7f7b90f5c633eee,2026-10-02T17:54:00.213678+00:00,1.6092883287671234,0.8618672328767124,0.3181743249008998,1.2012445957360878,36.88837657980715
1106,147,2,32.292295407187936,-2.401018576097299,-2.3285352622061484,5.741491862567812,-0.3426287560478737,4.440307997859673,"Santana, Dennis",642701,R,"Santana, Dennis",642701,pitcher-arm-angle-642701-R,zMLB,2024,https://baseballsavant.mlb.com/leaderboard/pitcher-arm-angles?season=2024,2d7bf811125d5cd194f1c4197220fc9b214de7aa165448ebc31e93034103951b,2026-10-02T17:51:09.468897+00:00,187.96,https://www.mlb.com/player/642701,7b3ffb21d7e1760086b6188405d17715da7b9107a23f80636946bb3f9ee2965c,2026-10-02T17:54:01.802601+00:00,1.750006719710669,0.7097375479204341,0.08234033076936924,1.3534058777476283,32.29848529739279
1066,142,1,45.789452609769526,-1.3803030125766795,-0.7402720450281426,5.500609756097561,0.21743911033968424,3.856790475330504,"Jax, Griffin",643377,R,"Jax, Griffin",643377,pitcher-arm-angle-643377-R,Twins,2024,https://baseballsavant.mlb.com/leaderboard/pitcher-arm-angles?season=2024,2d7bf811125d5cd194f1c4197220fc9b214de7aa165448ebc31e93034103951b,2026-10-02T17:51:09.468897+00:00,187.96,https://www.mlb.com/player/643377,efdb8b2d8618dca7a559368d34c9ebb28551fa423aeaa9d91f448f4d73d487df,2026-10-02T17:54:04.908793+00:00,1.6765858536585367,0.22563491932457788,-0.26135687974032984,1.1755497368807377,45.814375716566445
1008,147,2,50.293930378499454,-1.3895920347935502,-1.4267361111111112,5.802847222222222,0.015165158323430381,4.110382076012223,"Leiter Jr., Mark",643410,R,"Leiter Jr., Mark",643410,pitcher-arm-angle-643410-R,zMLB,2024,https://baseballsavant.mlb.com/leaderboard/pitcher-arm-angles?season=2024,2d7bf811125d5cd194f1c4197220fc9b214de7aa165448ebc31e93034103951b,2026-10-02T17:51:09.468897+00:00,182.88,https://www.mlb.com/player/643410,6f8f063f8e8702554b99c48b719429ab2f7887aad6501fcc6daad4b84e460e73,2026-10-02T17:54:06.040651+00:00,1.7687078333333333,0.4348691666666667,0.006699174204611014,1.2528444567685255,50.30710391796159
992,137,1,-64.09954978717616,-2.6995425009894207,-3.8026108870967743,1.0996471774193548,-1.670734337085274,3.2186675634128283,"Rogers, Tyler",643511,R,"Rogers, Tyler",643511,pitcher-arm-angle-643511-R,Giants,2024,https://baseballsavant.mlb.com/leaderboard/pitcher-arm-angles?season=2024,2d7bf811125d5cd194f1c4197220fc9b214de7aa165448ebc31e93034103951b,2026-10-02T17:51:09.468897+00:00,190.5,https://www.mlb.com/player/643511,8570e9b43a6218af42e0f5484c95d6f71289e891d43a95b6aef9fb9f8dfe417c,2026-10-02T17:54:06.396244+00:00,0.3351724596774194,1.159035798387097,0.8454550700291129,0.9810498733282301,-64.10290684371725
1442,145,1,37.413795870722616,-2.067094703765303,-2.678536754507628,6.0955894590846045,-0.1558871704727787,4.631256250664432,"Soroka, Michael",647336,R,"Soroka, Michael",647336,pitcher-arm-angle-647336-R,White Sox,2024,https://baseballsavant.mlb.com/leaderboard/pitcher-arm-angles?season=2024,2d7bf811125d5cd194f1c4197220fc9b214de7aa165448ebc31e93034103951b,2026-10-02T17:51:09.468897+00:00,195.58,https://www.mlb.com/player/647336,0aabfe9c3c4a73c3995ed61b0fe84c0b750abe50a8661f03be273e5bc4925cd3,2026-10-02T17:54:07.475947+00:00,1.8579356671289875,0.8164180027739251,0.2338819466263637,1.4116069052025189,37.458693542451506
1270,117,1,45.12190419989736,-1.6400657213600989,-2.2149133858267716,5.75032283464567,0.00825571939871152,4.089015636588207,"Abreu, Bryan",650556,R,"Abreu, Bryan",650556,pitcher-arm-angle-650556-R,Astros,2024,https://baseballsavant.mlb.com/leaderboard/pitcher-arm-angles?season=2024,2d7bf811125d5cd194f1c4197220fc9b214de7aa165448ebc31e93034103951b,2026-10-02T17:51:09.468897+00:00,185.42000000000002,https://www.mlb.com/player/650556,f576ed7c0613cd7d7ef784fce4ae0d00894713ac5dcdf34c01d174b39847f740,2026-10-02T17:54:07.812994+00:00,1.7526984,0.6751056,0.17269722485671457,1.2463319660320855,45.2248062698715
2819,135,1,29.297441090372256,-2.145033586186572,-3.0650585313941114,5.498744235544519,-0.1880650807577054,4.400251933499383,"King, Michael",650633,R,"King, Michael",650633,pitcher-arm-angle-650633-R,Padres,2024,https://baseballsavant.mlb.com/leaderboard/pitcher-arm-angles?season=2024,2d7bf811125d5cd194f1c4197220fc9b214de7aa165448ebc31e93034103951b,2026-10-02T17:51:09.468897+00:00,190.5,https://www.mlb.com/player/650633,480dbee58abe725782707f8a14756b6dc10f2a66e66074114c17ed587759a9fb,2026-10-02T17:54:09.175594+00:00,1.6760172429939695,0.9342298403689252,0.33774583991420665,1.3411967893306118,29.306518933328455
2692,158,2,45.738325369970156,-1.3421083230851956,-0.8909212481426448,6.37150074294205,0.19698100018408013,4.790600549359957,"Civale, Aaron",650644,R,"Civale, Aaron",650644,pitcher-arm-angle-650644-R,zMLB,2024,https://baseballsavant.mlb.com/leaderboard/pitcher-arm-angles?season=2024,2d7bf811125d5cd194f1c4197220fc9b214de7aa165448ebc31e93034103951b,2026-10-02T17:51:09.468897+00:00,185.42000000000002,https://www.mlb.com/player/650644,0d58aab32e18b95d476d84f67b58e52ab38561c69adb465689f7f0eb62308492,2026-10-02T17:54:08.104243+00:00,1.942033426448737,0.27155279643387814,-0.1975616292985971,1.4601750474449149,45.76777277767164
1030,141,1,45.00480136263683,1.539473394365275,1.856368932038835,5.9258155339805825,-0.16798951802433243,4.217905889708046,"Cabrera, Génesis",650893,L,"Cabrera, Génesis",650893,pitcher-arm-angle-650893-L,Blue Jays,2024,https://baseballsavant.mlb.com/leaderboard/pitcher-arm-angles?season=2024,2d7bf811125d5cd194f1c4197220fc9b214de7aa165448ebc31e93034103951b,2026-10-02T17:51:09.468897+00:00,187.96,https://www.mlb.com/player/650893,e26ddaa918320871043a2f58d99ea165fc7e187b1219e4e3521c38f5b6aeb6fd,2026-10-02T17:54:09.433807+00:00,1.8061885747572817,-0.565821250485437,-0.04538655478908458,1.2856177151830124,45.007494307252045
2796,143,1,32.22143335857525,2.050893952705123,1.8790629470672389,6.181698855507868,0.07531110307824522,4.9372990070166445,"Sánchez, Cristopher",650911,L,"Sánchez, Cristopher",650911,pitcher-arm-angle-650911-L,Phillies,2024,https://baseballsavant.mlb.com/leaderboard/pitcher-arm-angles?season=2024,2d7bf811125d5cd194f1c4197220fc9b214de7aa165448ebc31e93034103951b,2026-10-02T17:51:09.468897+00:00,198.12,https://www.mlb.com/player/650911,dcc80aec54d614307e4a87d87cce6dfbcd45682a36a3a4595891d04a2258201b,2026-10-02T17:54:09.890251+00:00,1.8841818111587982,-0.5727383862660944,0.029419266300177972,1.5048887373386732,32.206415020028444
1157,134,2,49.471639944415614,1.7218073496372885,0.8444079515989629,5.985280898876405,0.2039476869462329,4.209234505459291,"Beeks, Jalen",656222,L,"Beeks, Jalen",656222,pitcher-arm-angle-656222-L,zMLB,2024,https://baseballsavant.mlb.com/leaderboard/pitcher-arm-angles?season=2024,2d7bf811125d5cd194f1c4197220fc9b214de7aa165448ebc31e93034103951b,2026-10-02T17:51:09.468897+00:00,180.34,https://www.mlb.com/player/656222,35b302ed40d1e8b394ec8457356e36c8a186a13ee62580d978c3c5a70a885bb9,2026-10-02T17:54:10.908162+00:00,1.8243136179775283,-0.25737554364736387,0.2052680815408699,1.2829746772639918,49.48185991264416
2869,108,1,45.18131176526527,-1.513033815962462,-1.576943185779017,5.900013942140118,0.045962179490763956,4.3313066618142555,"Canning, Griffin",656288,R,"Canning, Griffin",656288,pitcher-arm-angle-656288-R,Angels,2024,https://baseballsavant.mlb.com/leaderboard/pitcher-arm-angles?season=2024,2d7bf811125d5cd194f1c4197220fc9b214de7aa165448ebc31e93034103951b,2026-10-02T17:51:09.468897+00:00,187.96,https://www.mlb.com/player/656288,c994f55c55cc2527a4016e21ed425c79e82420fcafa0af552ce60e56c52bef7a,2026-10-02T17:54:13.269275+00:00,1.7983242495643081,0.48065228302544444,0.0054703036113011565,1.3201822705209851,45.17789854079753
3188,135,1,53.43720366234052,-1.2926272100200744,-1.2417785445420326,6.100291718946048,0.020948343750069893,4.3277111857187265,"Cease, Dylan",656302,R,"Cease, Dylan",656302,pitcher-arm-angle-656302-R,Padres,2024,https://baseballsavant.mlb.com/leaderboard/pitcher-arm-angles?season=2024,2d7bf811125d5cd194f1c4197220fc9b214de7aa165448ebc31e93034103951b,2026-10-02T17:51:09.468897+00:00,187.96,https://www.mlb.com/player/656302,983b647c40020b70347397ee338503886f4bdd163d5f28709bc5af5dd72f89fa,2026-10-02T17:54:13.396466+00:00,1.8593689159347555,0.37849410037641157,-0.02188372841272844,1.3190863694070678,53.45960583010211
1007,116,1,32.510783413298604,-2.3724476988645122,-2.148162859980139,6.033674280039722,-0.3056385398467413,4.716390571525171,"Faedo, Alex",656412,R,"Faedo, Alex",656412,pitcher-arm-angle-656412-R,Tigers,2024,https://baseballsavant.mlb.com/leaderboard/pitcher-arm-angles?season=2024,2d7bf811125d5cd194f1c4197220fc9b214de7aa165448ebc31e93034103951b,2026-10-02T17:51:09.468897+00:00,198.12,https://www.mlb.com/player/656412,f288d221d9a5531068dd538e3d44702da1a4d7d6fceaf30627f229c2c8bbfe01,2026-10-02T17:54:14.694581+00:00,1.8390639205561072,0.6547600397219463,0.024796608053329713,1.4375558462008722,32.511456321588334
2569,119,2,28.520379462082435,-1.9454571923441055,-2.4565044764499806,5.381514207862982,0.020469636222088534,4.3136226975060525,"Flaherty, Jack",656427,R,"Flaherty, Jack",656427,pitcher-arm-angle-656427-R,zMLB,2024,https://baseballsavant.mlb.com/leaderboard/pitcher-arm-angles?season=2024,2d7bf811125d5cd194f1c4197220fc9b214de7aa165448ebc31e93034103951b,2026-10-02T17:51:09.468897+00:00,193.04,https://www.mlb.com/player/656427,e96b471de2570b19aaad449aeeb56a7b4d77ac1942812569b6787f0cb13f2c9b,2026-10-02T17:54:15.200864+00:00,1.640285530556637,0.7487425644219541,0.14952806707497815,1.314792198199845,28.510810626554374
1184,109,1,40.25446804298483,-1.7702920218596077,-2.129966216216216,6.42835304054054,0.05065392789179554,4.8862614758725975,"Ginkel, Kevin",656464,R,"Ginkel, Kevin",656464,pitcher-arm-angle-656464-R,Diamondbacks,2024,https://baseballsavant.mlb.com/leaderboard/pitcher-arm-angles?season=2024,2d7bf811125d5cd194f1c4197220fc9b214de7aa165448ebc31e93034103951b,2026-10-02T17:51:09.468897+00:00,193.04,https://www.mlb.com/player/656464,99a2994b4eedc9453b420d640f05d95a42a2126451608e8d0c08ae780a9b90f4,2026-10-02T17:54:16.408312+00:00,1.9593620067567568,0.6492137027027027,0.09418937721847497,1.4893324978459679,40.26002500768252
990,143,1,39.617860951639095,-1.824444000960117,-2.670161616161616,6.038555555555556,0.09033977700354705,4.452051756333387,"Hoffman, Jeff",656546,R,"Hoffman, Jeff",656546,pitcher-arm-angle-656546-R,Phillies,2024,https://baseballsavant.mlb.com/leaderboard/pitcher-arm-angles?season=2024,2d7bf811125d5cd194f1c4197220fc9b214de7aa165448ebc31e93034103951b,2026-10-02T17:51:09.468897+00:00,195.58,https://www.mlb.com/player/656546,48018c0518941a95746acc59b893bd8121d6ce307fea05eddcaec98462d7c30d,2026-10-02T17:54:17.345175+00:00,1.8405517333333334,0.8138652606060607,0.2302391650827358,1.3569853753304164,39.643619068672685
1023,144,1,40.022825217724055,-1.8970490700540574,-2.2393743890518083,5.943998044965787,-0.20386680527894085,4.522193906722913,"Holmes, Grant",656550,R,"Holmes, Grant",656550,pitcher-arm-angle-656550-R,Braves,2024,https://baseballsavant.mlb.com/leaderboard/pitcher-arm-angles?season=2024,2d7bf811125d5cd194f1c4197220fc9b214de7aa165448ebc31e93034103951b,2026-10-02T17:51:09.468897+00:00,182.88,https://www.mlb.com/player/656550,6653b75535b0527ee38b11dd8312c142b4c9931e08a1a9a12ec33c8218ee4ae2,2026-10-02T17:54:17.035218+00:00,1.811730604105572,0.6825613137829912,0.16647935947953565,1.3783647027691441,40.02095375210858
2732,111,1,22.146083093993557,-2.527372265312875,-2.300212298682284,5.60353953147877,-0.23545156111759225,4.670585774331029,"Houck, Tanner",656557,R,"Houck, Tanner",656557,pitcher-arm-angle-656557-R,Red Sox,2024,https://baseballsavant.mlb.com/leaderboard/pitcher-arm-angles?season=2024,2d7bf811125d5cd194f1c4197220fc9b214de7aa165448ebc31e93034103951b,2026-10-02T17:51:09.468897+00:00,195.58,https://www.mlb.com/player/656557,0517f46f0a65760dffabb9824195d7c7f7b11571a54cb5ea4a8c72a6d1fde1b4,2026-10-02T17:54:19.100610+00:00,1.707958849194729,0.7011047086383602,0.0025272779996379753,1.4235945440160975,22.149369136992608
2848,134,1,34.73760903192247,-1.9514175314775692,-1.968616573033708,5.753110955056179,-0.1620462259846482,4.512348614282281,"Keller, Mitch",656605,R,"Keller, Mitch",656605,pitcher-arm-angle-656605-R,Pirates,2024,https://baseballsavant.mlb.com/leaderboard/pitcher-arm-angles?season=2024,2d7bf811125d5cd194f1c4197220fc9b214de7aa165448ebc31e93034103951b,2026-10-02T17:51:09.468897+00:00,190.5,https://www.mlb.com/player/656605,e417f72d3d494f4c05b11a70225f832dd1075f56ad45518176a07ce2e80e3821,2026-10-02T17:54:19.048154+00:00,1.7535482191011236,0.6000343314606742,0.05463395754643186,1.3753638576332394,34.737704592620105
1141,145,2,44.76730122995692,-1.5907048719841164,-2.327817703768624,5.717537248028045,-0.08144733518616594,4.219771227665634,"Kopech, Michael",656629,R,"Kopech, Michael",656629,pitcher-arm-angle-656629-R,zMLB,2024,https://baseballsavant.mlb.com/leaderboard/pitcher-arm-angles?season=2024,2d7bf811125d5cd194f1c4197220fc9b214de7aa165448ebc31e93034103951b,2026-10-02T17:51:09.468897+00:00,190.5,https://www.mlb.com/player/656629,2d440f0145d30d7b7527bbf5f8c459c23a3281fa99e5d7f431bec233ddc4fc2b,2026-10-02T17:54:19.969894+00:00,1.7427053531989483,0.7095188361086766,0.24949713889266129,1.286186270192485,44.78104189267563
1365,121,1,36.755677961279744,-2.022162902236752,-1.8644688644688645,5.788322344322344,-0.16499613543319425,4.400101078202843,"Megill, Tylor",656731,R,"Megill, Tylor",656731,pitcher-arm-angle-656731-R,Mets,2024,https://baseballsavant.mlb.com/leaderboard/pitcher-arm-angles?season=2024,2d7bf811125d5cd194f1c4197220fc9b214de7aa165448ebc31e93034103951b,2026-10-02T17:51:09.468897+00:00,200.66,https://www.mlb.com/player/656731,f22e857b223c1e842d9ea2ad546837f711ba40e15f71a00ca20960aeeaff28ae,2026-10-02T17:54:21.712515+00:00,1.7642806505494506,0.56829010989011,0.002225679368385433,1.3411508086362265,36.77789875878317
1929,109,1,45.57932328685456,1.6284171017978546,1.534613789528253,6.603639191290824,-0.08761701471766424,4.853465583656527,"Montgomery, Jordan",656756,L,"Montgomery, Jordan",656756,pitcher-arm-angle-656756-L,Diamondbacks,2024,https://baseballsavant.mlb.com/leaderboard/pitcher-arm-angles?season=2024,2d7bf811125d5cd194f1c4197220fc9b214de7aa165448ebc31e93034103951b,2026-10-02T17:51:09.468897+00:00,198.12,https://www.mlb.com/player/656756,13c8ee02ad1ddc1755488cf31c940a871aa5f349cb02d741e3b6951a9c3a376a,2026-10-02T17:54:22.459630+00:00,2.0127892255054434,-0.46775028304821153,0.055296915665718635,1.4793363098985093,45.56430129546915
1871,121,1,40.882411524658586,1.7605148115858409,2.3380598610368786,6.1298343132014965,-0.11821820820840848,4.502925692076548,"Peterson, David",656849,L,"Peterson, David",656849,pitcher-arm-angle-656849-L,Mets,2024,https://baseballsavant.mlb.com/leaderboard/pitcher-arm-angles?season=2024,2d7bf811125d5cd194f1c4197220fc9b214de7aa165448ebc31e93034103951b,2026-10-02T17:51:09.468897+00:00,198.12,https://www.mlb.com/player/656849,d6dd62b0c2ab26ebd78a736816ca2cd85e289cef6fc597ef2034ad7a26f2e11c,2026-10-02T17:54:22.486364+00:00,1.8683734986638163,-0.7126406456440406,-0.1400028212107534,1.372491750944932,40.89127022838138
1163,146,2,35.239753917034285,2.2475399275341124,2.505846947549441,5.23164230438521,0.4436093735391444,3.957439418845784,"Scott, Tanner",656945,L,"Scott, Tanner",656945,pitcher-arm-angle-656945-L,zMLB,2024,https://baseballsavant.mlb.com/leaderboard/pitcher-arm-angles?season=2024,2d7bf811125d5cd194f1c4197220fc9b214de7aa165448ebc31e93034103951b,2026-10-02T17:51:09.468897+00:00,182.88,https://www.mlb.com/player/656945,7153ed25115a211f5d38f929819a5b73540ead628eb6b24649494221ba11e1ab,2026-10-02T17:54:23.946526+00:00,1.5946045743766122,-0.7637821496130697,-0.21394411675540345,1.206227534864195,35.23539911412065
2046,112,1,45.74406625773782,1.6955910965256205,2.163494623655914,6.124877810361681,0.10514987611146832,4.489132182572665,"Steele, Justin",657006,L,"Steele, Justin",657006,pitcher-arm-angle-657006-L,Cubs,2024,https://baseballsavant.mlb.com/leaderboard/pitcher-arm-angles?season=2024,2d7bf811125d5cd194f1c4197220fc9b214de7aa165448ebc31e93034103951b,2026-10-02T17:51:09.468897+00:00,187.96,https://www.mlb.com/player/657006,3e5e118e4fcbfde86a53d28366d9e3b5e69b12ca0f7104fbfd2a1c5ca0466f7d,2026-10-02T17:54:25.217284+00:00,1.8668627565982405,-0.6594331612903226,-0.17466667730808905,1.3682874892481485,45.80453515336308
977,109,1,-5.816225746617439,-3.364642491041433,-3.5722415557830094,3.7941658137154555,-0.8818769952216488,4.04788665874836,"Thompson, Ryan",657044,R,"Thompson, Ryan",657044,pitcher-arm-angle-657044-R,Diamondbacks,2024,https://baseballsavant.mlb.com/leaderboard/pitcher-arm-angles?season=2024,2d7bf811125d5cd194f1c4197220fc9b214de7aa165448ebc31e93034103951b,2026-10-02T17:51:09.468897+00:00,195.58,https://www.mlb.com/player/657044,35452add24ed231b158dd39f59bd03654804c023a47b012d839320688133bb66,2026-10-02T17:54:25.371910+00:00,1.1564617400204709,1.0888192262026613,0.332072303076791,1.2337958535865001,-5.834962177017469
3198,137,1,22.131578530333467,-2.6642362299545006,-1.4558255159474671,4.978202001250781,-0.5149773569766755,4.103699446735315,"Webb, Logan",657277,R,"Webb, Logan",657277,pitcher-arm-angle-657277-R,Giants,2024,https://baseballsavant.mlb.com/leaderboard/pitcher-arm-angles?season=2024,2d7bf811125d5cd194f1c4197220fc9b214de7aa165448ebc31e93034103951b,2026-10-02T17:51:09.468897+00:00,187.96,https://www.mlb.com/player/657277,ddea7024766cf44a9f9b6d82777f6dc1128ccf03f8843bd8874d4b8c546e5b57,2026-10-02T17:54:28.868717+00:00,1.5173559699812382,0.443735617260788,-0.21135848722285314,1.2508075913649241,22.1407013282208
1454,147,1,35.093813264986096,-1.9219600941680652,-1.4834731774415406,5.640742778541953,0.012585028086512837,4.280150257939865,"Schmidt, Clarke",657376,R,"Schmidt, Clarke",657376,pitcher-arm-angle-657376-R,Yankees,2024,https://baseballsavant.mlb.com/leaderboard/pitcher-arm-angles?season=2024,2d7bf811125d5cd194f1c4197220fc9b214de7aa165448ebc31e93034103951b,2026-10-02T17:51:09.468897+00:00,185.42000000000002,https://www.mlb.com/player/657376,f953b5ea2d674b69806648b6c4d2c1e942650474534257e8513e041820b3c28e,2026-10-02T17:54:30.470931+00:00,1.7192983988995874,0.4521626244841816,-0.13748672877901383,1.304589798620071,35.119254012062896
1066,146,5,48.73687862401756,-1.380466368212265,-1.713921200750469,6.096219512195122,0.13667325994187543,4.364813904997441,"Baumann, Mike",657508,R,"Baumann, Mike",657508,pitcher-arm-angle-657508-R,zMLB,2024,https://baseballsavant.mlb.com/leaderboard/pitcher-arm-angles?season=2024,2d7bf811125d5cd194f1c4197220fc9b214de7aa165448ebc31e93034103951b,2026-10-02T17:51:09.468897+00:00,193.04,https://www.mlb.com/player/657508,4c8665fdbdac3b7d1f055bff5c1b67dfe9b2f6ac5d7afef1161f80b526e2b249,2026-10-02T17:54:30.305413+00:00,1.8581277073170734,0.5224031819887429,0.05997902332736091,1.3303952782432202,48.77362146406438
982,147,2,-19.589065133111458,3.102259693804158,3.8339918533604886,3.1423625254582483,0.8772059571393823,3.9345277872470965,"Hill, Tim",657612,L,"Hill, Tim",657612,pitcher-arm-angle-657612-L,zMLB,2024,https://baseballsavant.mlb.com/leaderboard/pitcher-arm-angles?season=2024,2d7bf811125d5cd194f1c4197220fc9b214de7aa165448ebc31e93034103951b,2026-10-02T17:51:09.468897+00:00,193.04,https://www.mlb.com/player/657612,c1183193568558af92850eb2eb92cfc384616815387f6205d21390570cefba2a,2026-10-02T17:54:32.103169+00:00,0.9577920977596741,-1.168600716904277,-0.4904043379688534,1.1992440695529152,-19.596783775696817
1017,158,1,31.37350448077123,2.4561634301217987,2.75937069813176,5.878525073746313,0.48099452778697965,4.676010592827459,"Koenig, Jared",657649,L,"Koenig, Jared",657649,pitcher-arm-angle-657649-L,Brewers,2024,https://baseballsavant.mlb.com/leaderboard/pitcher-arm-angles?season=2024,2d7bf811125d5cd194f1c4197220fc9b214de7aa165448ebc31e93034103951b,2026-10-02T17:51:09.468897+00:00,195.58,https://www.mlb.com/player/657649,e3e54b52d5ca653219ae08ad7a9826b8b5b675624871844e7bab28abb1409ccf,2026-10-02T17:54:32.006627+00:00,1.7917744424778763,-0.8410561887905605,-0.2390247073589076,1.4252480286938096,31.333724947810108
2106,142,1,25.626512715673236,-1.9662328413714931,-2.497758784425451,4.771614434947768,0.07963416556210674,3.7881715277037173,"Ryan, Joe",657746,R,"Ryan, Joe",657746,pitcher-arm-angle-657746-R,Twins,2024,https://baseballsavant.mlb.com/leaderboard/pitcher-arm-angles?season=2024,2d7bf811125d5cd194f1c4197220fc9b214de7aa165448ebc31e93034103951b,2026-10-02T17:51:09.468897+00:00,187.96,https://www.mlb.com/player/657746,8109d45f00797bec8ffe17e55168f8df99e2b34e77aa3311a3911fb30a5a3dd5,2026-10-02T17:54:32.530560+00:00,1.4543880797720798,0.7613168774928775,0.13773661377951624,1.154634681644093,25.673471672698994
1419,135,2,45.029013467734714,-1.6812338141272145,-1.2024101479915432,5.781057082452431,-0.016615217465037135,4.111801814815234,"Avila, Pedro",658648,R,"Avila, Pedro",658648,pitcher-arm-angle-658648-R,zMLB,2024,https://baseballsavant.mlb.com/leaderboard/pitcher-arm-angles?season=2024,2d7bf811125d5cd194f1c4197220fc9b214de7aa165448ebc31e93034103951b,2026-10-02T17:51:09.468897+00:00,180.34,https://www.mlb.com/player/658648,fe33285537ef1e74123a8a1fa8b22cf85f2a66555781006df6d040b3809737e3,2026-10-02T17:54:33.773091+00:00,1.7620661987315012,0.3664946131078224,-0.1408811351548093,1.2532771931556834,45.0796855302231
987,108,1,40.241927557121635,1.8095025449487567,1.6222492401215804,5.597760891590679,0.16150701517228425,4.2018102204776175,"Suarez, José",660761,L,"Suarez, José",660761,pitcher-arm-angle-660761-L,Angels,2024,https://baseballsavant.mlb.com/leaderboard/pitcher-arm-angles?season=2024,2d7bf811125d5cd194f1c4197220fc9b214de7aa165448ebc31e93034103951b,2026-10-02T17:51:09.468897+00:00,177.8,https://www.mlb.com/player/660761,ca787e0865c08124b1fd88f07e2200cc87dad5b466becb26eee1597e2271b1b8,2026-10-02T17:54:35.868412+00:00,1.7061975197568389,-0.49446156838905775,0.007847469086811092,1.2807117552015779,40.26659236698311
1116,147,3,24.828688141474778,-2.4590637711457193,-1.9735125448028674,5.451621863799283,-0.2931278129172816,4.448780313891604,"De Los Santos, Enyel",660853,R,"De Los Santos, Enyel",660853,pitcher-arm-angle-660853-R,zMLB,2024,https://baseballsavant.mlb.com/leaderboard/pitcher-arm-angles?season=2024,2d7bf811125d5cd194f1c4197220fc9b214de7aa165448ebc31e93034103951b,2026-10-02T17:51:09.468897+00:00,190.5,https://www.mlb.com/player/660853,d28c6aaa761852e0965df93431ab260855fa13a96f031b1f570595ad441dc040,2026-10-02T17:54:36.703928+00:00,1.6616543440860216,0.601526623655914,-0.05865065641211381,1.3559882396741612,24.84442416181183
983,114,1,53.293685882082464,-1.2545900717057394,-0.6938657171922685,6.05175991861648,0.17012577190128803,4.1387117756767,"Clase, Emmanuel",661403,R,"Clase, Emmanuel",661403,pitcher-arm-angle-661403-R,Guardians,2024,https://baseballsavant.mlb.com/leaderboard/pitcher-arm-angles?season=2024,2d7bf811125d5cd194f1c4197220fc9b214de7aa165448ebc31e93034103951b,2026-10-02T17:51:09.468897+00:00,187.96,https://www.mlb.com/player/661403,647a9211dfbcbec45afd4623611af5dd0d0b6ee7813d29b2fb27a55a93c98db6,2026-10-02T17:54:38.703329+00:00,1.8445764231943034,0.21149027060020345,-0.22276311853121852,1.2614793492262582,53.32361734830404
2664,147,1,35.79310203032552,-2.0423615989939488,-2.8629466966966968,5.667837837837838,-0.06117254169276229,4.2380339906417115,"Gil, Luis",661563,R,"Gil, Luis",661563,pitcher-arm-angle-661563-R,Yankees,2024,https://baseballsavant.mlb.com/leaderboard/pitcher-arm-angles?season=2024,2d7bf811125d5cd194f1c4197220fc9b214de7aa165448ebc31e93034103951b,2026-10-02T17:51:09.468897+00:00,190.5,https://www.mlb.com/player/661563,1461bd0b5809af588611ee11b1a3fb282339c5c46ab4378703ac732e60057a40,2026-10-02T17:54:39.026369+00:00,1.727556972972973,0.8726261531531532,0.26875972848775154,1.2917527603475938,35.817597956994945
2448,135,1,28.61707951797252,-2.411743391798,-1.3403839869281047,5.479093137254902,-0.461148258682558,4.415699664464716,"Waldron, Matt",663362,R,"Waldron, Matt",663362,pitcher-arm-angle-663362-R,Padres,2024,https://baseballsavant.mlb.com/leaderboard/pitcher-arm-angles?season=2024,2d7bf811125d5cd194f1c4197220fc9b214de7aa165448ebc31e93034103951b,2026-10-02T17:51:09.468897+00:00,187.96,https://www.mlb.com/player/663362,f690890a399cb0363215e7918a4d382bb9ac69763e2bcadb9550935aff113e42,2026-10-02T17:54:40.625744+00:00,1.6700275882352944,0.4085490392156863,-0.18599235735790037,1.3459052577288455,28.59761073455314
2577,115,1,41.981879976241835,-1.723656794165882,-1.3203531237873496,5.536550252231277,-0.04595534216367606,4.025761687200015,"Feltner, Ryan",663372,R,"Feltner, Ryan",663372,pitcher-arm-angle-663372-R,Rockies,2024,https://baseballsavant.mlb.com/leaderboard/pitcher-arm-angles?season=2024,2d7bf811125d5cd194f1c4197220fc9b214de7aa165448ebc31e93034103951b,2026-10-02T17:51:09.468897+00:00,193.04,https://www.mlb.com/player/663372,bc245b0b20d04bf68450a1d56d9dd730d28aa4950141b9f7e89ed1ba3db0b01e,2026-10-02T17:54:40.423357+00:00,1.6875405168800932,0.4024436321303842,-0.10891977043988822,1.2270521622585646,42.0033832657883
1139,136,1,35.02965615991746,-1.9588525719222687,-2.3150570676031608,5.184284460052678,-0.16624286142424086,3.9297969787739504,"Thornton, Trent",663423,R,"Thornton, Trent",663423,pitcher-arm-angle-663423-R,Mariners,2024,https://baseballsavant.mlb.com/leaderboard/pitcher-arm-angles?season=2024,2d7bf811125d5cd194f1c4197220fc9b214de7aa165448ebc31e93034103951b,2026-10-02T17:51:09.468897+00:00,182.88,https://www.mlb.com/player/663423,dd38a1ba2b261c033da759bd13ce2a4cb318fb1b8f082bfed091b7f895abecbe,2026-10-02T17:54:41.137408+00:00,1.5801699034240562,0.7056293942054435,0.1592419544456445,1.1978021191303,34.984740830693916
1299,114,1,53.946611571543144,-1.0465318044701222,-1.7725866050808314,6.473086989992302,0.286344410618891,4.643205124125373,"McKenzie, Triston",663474,R,"McKenzie, Triston",663474,pitcher-arm-angle-663474-R,Guardians,2024,https://baseballsavant.mlb.com/leaderboard/pitcher-arm-angles?season=2024,2d7bf811125d5cd194f1c4197220fc9b214de7aa165448ebc31e93034103951b,2026-10-02T17:51:09.468897+00:00,195.58,https://www.mlb.com/player/663474,8fcb61bd94dc50ab6851a2855b89edb8899fff0a8f3729b105788c9e09fb3b51,2026-10-02T17:54:43.085821+00:00,1.9729969145496538,0.5402843972286374,0.13402372686950623,1.4152489218334139,53.930604411459775
1154,142,1,25.911203532084116,-2.3468286116368566,-2.6366031195840556,5.750831889081455,-0.23041003237595653,4.721914213523759,"Sands, Cole",663485,R,"Sands, Cole",663485,pitcher-arm-angle-663485-R,Twins,2024,https://baseballsavant.mlb.com/leaderboard/pitcher-arm-angles?season=2024,2d7bf811125d5cd194f1c4197220fc9b214de7aa165448ebc31e93034103951b,2026-10-02T17:51:09.468897+00:00,190.5,https://www.mlb.com/player/663485,6711e4271314ca136e445fce3215809800f4670dc572c2a4c952e22d91e29309,2026-10-02T17:54:44.220240+00:00,1.7528535597920276,0.8036366308492202,0.15855224789049782,1.4392394522820418,25.927158849445416
1209,137,1,28.076325176059477,-2.2232391563837055,-1.4855831265508685,6.426881720430107,0.048490647240172866,5.214660385492643,"Hjelle, Sean",663546,R,"Hjelle, Sean",663546,pitcher-arm-angle-663546-R,Giants,2024,https://baseballsavant.mlb.com/leaderboard/pitcher-arm-angles?season=2024,2d7bf811125d5cd194f1c4197220fc9b214de7aa165448ebc31e93034103951b,2026-10-02T17:51:09.468897+00:00,210.82,https://www.mlb.com/player/663546,f8705c8cbc7a2738d5c2dd47454c4b365a3e18bb2ffe57348c038e0e75e95984,2026-10-02T17:54:44.484142+00:00,1.9589135483870967,0.45280573697270476,-0.2396175071718534,1.5894284854981577,28.084897473505332
1788,116,1,43.31866868753107,-1.66229423377499,-1.7449161073825503,5.6478691275167785,-0.0755867832489921,4.152719920085179,"Mize, Casey",663554,R,"Mize, Casey",663554,pitcher-arm-angle-663554-R,Tigers,2024,https://baseballsavant.mlb.com/leaderboard/pitcher-arm-angles?season=2024,2d7bf811125d5cd194f1c4197220fc9b214de7aa165448ebc31e93034103951b,2026-10-02T17:51:09.468897+00:00,190.5,https://www.mlb.com/player/663554,e3c68568a8a37b9854ab5647d5985d56c27cc6cf1e2de7abc31839e2b844d14d,2026-10-02T17:54:44.826658+00:00,1.7214705100671142,0.5318504295302013,0.048221998609877186,1.2657490316419626,43.29831204301791
2137,134,1,55.96856990681194,0.8691145239582374,1.2053860552175948,5.781478708469818,-0.32744405487893885,4.00746676684542,"Falter, Bailey",663559,L,"Falter, Bailey",663559,pitcher-arm-angle-663559-L,Pirates,2024,https://baseballsavant.mlb.com/leaderboard/pitcher-arm-angles?season=2024,2d7bf811125d5cd194f1c4197220fc9b214de7aa165448ebc31e93034103951b,2026-10-02T17:51:09.468897+00:00,193.04,https://www.mlb.com/player/663559,610128803e70aa0b727af08edff0118026d079be631a5eacf9af071c0f13ed31,2026-10-02T17:54:46.343893+00:00,1.7621947103416005,-0.3674016696303229,-0.0026906148007515684,1.2214758705344841,56.00061233205804
1039,115,1,53.686479298778586,-1.1604147387975736,-1.7551106833493744,6.097901828681424,0.1867814399729618,4.264264220361344,"Lambert, Peter",663567,R,"Lambert, Peter",663567,pitcher-arm-angle-663567-R,Rockies,2024,https://baseballsavant.mlb.com/leaderboard/pitcher-arm-angles?season=2024,2d7bf811125d5cd194f1c4197220fc9b214de7aa165448ebc31e93034103951b,2026-10-02T17:51:09.468897+00:00,187.96,https://www.mlb.com/player/663567,e62fb77f081caf4bdc40100d53e6030d2f18c910368120199d2112a30258eb65,2026-10-02T17:54:46.716006+00:00,1.8586404773820981,0.5349577362848893,0.12433234099563012,1.2997477343661377,53.69481586953546
3046,120,1,28.53806388787479,-2.1689572141954647,-2.2019500984898226,5.724711096520027,-0.10945356377493994,4.603897474523147,"Irvin, Jake",663623,R,"Irvin, Jake",663623,pitcher-arm-angle-663623-R,Nationals,2024,https://baseballsavant.mlb.com/leaderboard/pitcher-arm-angles?season=2024,2d7bf811125d5cd194f1c4197220fc9b214de7aa165448ebc31e93034103951b,2026-10-02T17:51:09.468897+00:00,198.12,https://www.mlb.com/player/663623,5ddd102483054cfb31aa2b03eba1868d00054b50a7d0febd2b6b20a2f66fda4e,2026-10-02T17:54:47.296493+00:00,1.7448919422193043,0.671154390019698,0.04341767737152197,1.4032679502346552,28.555713520554203
1213,133,1,49.32890283419954,1.6158786686570203,2.438779884583677,5.887609233305853,0.09722832946114067,4.11737162939222,"Harris, Hogan",663687,L,"Harris, Hogan",663687,pitcher-arm-angle-663687-L,Athletics,2024,https://baseballsavant.mlb.com/leaderboard/pitcher-arm-angles?season=2024,2d7bf811125d5cd194f1c4197220fc9b214de7aa165448ebc31e93034103951b,2026-10-02T17:51:09.468897+00:00,190.5,https://www.mlb.com/player/663687,237a6575d0b2ca4ed8bd2ad566906c872bf47458874f52333f095f28b24cab9a,2026-10-02T17:54:47.979158+00:00,1.7945432943116242,-0.7433401088211047,-0.28045548543420057,1.2549748726387486,49.37438732824777
1442,108,1,52.90546259606429,1.1443923693103122,0.9807350901525659,6.057302357836338,-0.17503963715230134,4.313792056919856,"Sandoval, Patrick",663776,L,"Sandoval, Patrick",663776,pitcher-arm-angle-663776-L,Angels,2024,https://baseballsavant.mlb.com/leaderboard/pitcher-arm-angles?season=2024,2d7bf811125d5cd194f1c4197220fc9b214de7aa165448ebc31e93034103951b,2026-10-02T17:51:09.468897+00:00,190.5,https://www.mlb.com/player/663776,c8eb9b45957754b06d88402c3b76c112e1249e4dd462af6b1d7c92a8942119c7,2026-10-02T17:54:49.873388+00:00,1.846265758668516,-0.2989280554785021,0.10323482009130251,1.314843818949172,52.88274635851001
1958,137,1,29.380462401695524,-2.3196527608033315,-1.844943820224719,5.615955056179775,-0.29308856061971633,4.474915976550338,"Hicks, Jordan",663855,R,"Hicks, Jordan",663855,pitcher-arm-angle-663855-R,Giants,2024,https://baseballsavant.mlb.com/leaderboard/pitcher-arm-angles?season=2024,2d7bf811125d5cd194f1c4197220fc9b214de7aa165448ebc31e93034103951b,2026-10-02T17:51:09.468897+00:00,187.96,https://www.mlb.com/player/663855,71b73671ae559cf18b650ae3d0b0d969767baefbdf54660775c653eb4ee0957b,2026-10-02T17:54:49.722198+00:00,1.7117431011235955,0.5623388764044944,-0.05535789181147154,1.363954389652543,29.38130221780495
1058,141,2,40.277709329635044,-1.7340879779916951,-1.768383742911153,5.493969754253308,0.09603073358403337,3.9414801558619668,"Pearson, Nate",663878,R,"Pearson, Nate",663878,pitcher-arm-angle-663878-R,zMLB,2024,https://baseballsavant.mlb.com/leaderboard/pitcher-arm-angles?season=2024,2d7bf811125d5cd194f1c4197220fc9b214de7aa165448ebc31e93034103951b,2026-10-02T17:51:09.468897+00:00,198.12,https://www.mlb.com/player/663878,11e105a8849d153cd47c0b72c53ab605a8ad67c81e429280fe78cf7734e6ad69,2026-10-02T17:54:51.151117+00:00,1.6745619810964083,0.5390033648393194,-0.018816818448962585,1.2013631515067276,40.30793985064002
2966,118,1,27.817675585843702,-1.9701505505872097,-1.4062913014160485,5.2622791638570465,-0.14635944801631803,4.299006867673202,"Singer, Brady",663903,R,"Singer, Brady",663903,pitcher-arm-angle-663903-R,Royals,2024,https://baseballsavant.mlb.com/leaderboard/pitcher-arm-angles?season=2024,2d7bf811125d5cd194f1c4197220fc9b214de7aa165448ebc31e93034103951b,2026-10-02T17:51:09.468897+00:00,195.58,https://www.mlb.com/player/663903,01ab8393018553fddf3b6a3cce3c4075151b079c6bd843208e47beeb018fe590,2026-10-02T17:54:51.329823+00:00,1.603942689143628,0.4286375886716116,-0.12725393939199617,1.310337293266792,27.841683736183725
1338,116,1,43.168248591781634,1.7192384006938322,1.5785799701046337,5.890097159940209,0.04131163854317376,4.3149472254862,"Holton, Tyler",663947,L,"Holton, Tyler",663947,pitcher-arm-angle-663947-L,Tigers,2024,https://baseballsavant.mlb.com/leaderboard/pitcher-arm-angles?season=2024,2d7bf811125d5cd194f1c4197220fc9b214de7aa165448ebc31e93034103951b,2026-10-02T17:51:09.468897+00:00,187.96,https://www.mlb.com/player/663947,ce4891bcdd7bab220580f4239554c6880e9a8c740923984d5947ab86822d6fa1,2026-10-02T17:54:53.327228+00:00,1.795301614349776,-0.4811511748878924,0.03028090221562833,1.3151959143281937,43.19041452390494
1459,142,1,45.882266429496745,-1.6276275989945899,-2.4836326250856753,6.174694996572995,0.07140337953986504,4.422423420370703,"Paddack, Chris",663978,R,"Paddack, Chris",663978,pitcher-arm-angle-663978-R,Twins,2024,https://baseballsavant.mlb.com/leaderboard/pitcher-arm-angles?season=2024,2d7bf811125d5cd194f1c4197220fc9b214de7aa165448ebc31e93034103951b,2026-10-02T17:51:09.468897+00:00,195.58,https://www.mlb.com/player/663978,48188b8765bde18949d7db1204f5aeeb65e995447f6f788c0065125e042117ba,2026-10-02T17:54:52.986199+00:00,1.882047034955449,0.7570112241261139,0.23914658186881196,1.3479546585289903,45.88378794958301
1040,139,1,34.975308116687664,2.0938403542104824,1.0084903846153845,5.287298076923077,0.2420073922768408,3.991983443456054,"Cleavinger, Garrett",664076,L,"Cleavinger, Garrett",664076,pitcher-arm-angle-664076-L,Rays,2024,https://baseballsavant.mlb.com/leaderboard/pitcher-arm-angles?season=2024,2d7bf811125d5cd194f1c4197220fc9b214de7aa165448ebc31e93034103951b,2026-10-02T17:51:09.468897+00:00,185.42000000000002,https://www.mlb.com/player/664076,0069d653752f6fd7be466320f966e82dd53ef737d32f81fa4a18bb1d1817e35c,2026-10-02T17:54:54.828273+00:00,1.6115684538461539,-0.3073878692307692,0.2570508175666048,1.2167565535654052,34.9719054819664
1048,139,2,31.21599164603796,-2.1335546352379353,-1.2133015267175573,5.329675572519084,-0.21269818923405587,4.164968452429549,"Maton, Phil",664208,R,"Maton, Phil",664208,pitcher-arm-angle-664208-R,zMLB,2024,https://baseballsavant.mlb.com/leaderboard/pitcher-arm-angles?season=2024,2d7bf811125d5cd194f1c4197220fc9b214de7aa165448ebc31e93034103951b,2026-10-02T17:51:09.468897+00:00,187.96,https://www.mlb.com/player/664208,f45c3eb6fe7e0b13e3b502e328f513ae0c804a7b663682ac0d5cf98caf6ca245,2026-10-02T17:54:58.236483+00:00,1.6244851145038168,0.3698143053435115,-0.21566273939847103,1.2694823843005265,31.23043668751346
2526,117,1,42.72962027109567,1.7451942268433613,0.695938242280285,6.000645288994457,0.15589289164524947,4.532282610582562,"Valdez, Framber",664285,L,"Valdez, Framber",664285,pitcher-arm-angle-664285-L,Astros,2024,https://baseballsavant.mlb.com/leaderboard/pitcher-arm-angles?season=2024,2d7bf811125d5cd194f1c4197220fc9b214de7aa165448ebc31e93034103951b,2026-10-02T17:51:09.468897+00:00,180.34,https://www.mlb.com/player/664285,cdb7184387547666db168084d177823f9c9cafdcdbc09252d4b002e2f0ff2a75,2026-10-02T17:54:57.891751+00:00,1.8289966840855107,-0.21212197624703089,0.2722970707213537,1.3814397397055649,42.73498181597099
977,113,1,9.970322954121974,-2.7226730984334693,-2.0898362333674516,4.591514841351075,-0.5699764288985344,4.213885639950592,"Díaz, Alexis",664747,R,"Díaz, Alexis",664747,pitcher-arm-angle-664747-R,Reds,2024,https://baseballsavant.mlb.com/leaderboard/pitcher-arm-angles?season=2024,2d7bf811125d5cd194f1c4197220fc9b214de7aa165448ebc31e93034103951b,2026-10-02T17:51:09.468897+00:00,187.96,https://www.mlb.com/player/664747,8c8e830dcc183cc748c423d0ed8963cb2b0a4a09c246eba2643b0866912408a5,2026-10-02T17:55:00.631520+00:00,1.3994937236438079,0.6369820839303992,-0.019159860943848903,1.2843923430569406,9.94967437869368
1080,115,1,-2.20614287676667,-3.2595490130901057,-2.673074074074074,4.357648148148148,-0.8318851390539381,4.451531696540569,"Lawrence, Justin",664875,R,"Lawrence, Justin",664875,pitcher-arm-angle-664875-R,Rockies,2024,https://baseballsavant.mlb.com/leaderboard/pitcher-arm-angles?season=2024,2d7bf811125d5cd194f1c4197220fc9b214de7aa165448ebc31e93034103951b,2026-10-02T17:51:09.468897+00:00,190.5,https://www.mlb.com/player/664875,10f12d782f23832970b8d4123cc833d806051251a713099154283a40992fc4cc,2026-10-02T17:55:00.835744+00:00,1.3282111555555556,0.8147529777777779,0.07480102897155393,1.3568268611055656,-2.214660751633709
2171,110,1,41.00028477010573,-1.7797091577545763,-1.9381943804698296,6.040156609857209,-0.05282877273014645,4.537115732500445,"Kremer, Dean",665152,R,"Kremer, Dean",665152,pitcher-arm-angle-665152-R,Orioles,2024,https://baseballsavant.mlb.com/leaderboard/pitcher-arm-angles?season=2024,2d7bf811125d5cd194f1c4197220fc9b214de7aa165448ebc31e93034103951b,2026-10-02T17:51:09.468897+00:00,187.96,https://www.mlb.com/player/665152,161b870615d52693c2873c8807e184b39ef8e356cb1c94ab6cfa3c84e1a0f124,2026-10-02T17:55:00.772289+00:00,1.8410397346844773,0.5907616471672041,0.06440850581175786,1.3829128752661357,41.03563518509713
1734,146,1,42.003962666027235,-1.6954773178697264,-1.3279584775086506,6.151972318339101,0.10661359827668092,4.528603850586056,"Cabrera, Edward",665795,R,"Cabrera, Edward",665795,pitcher-arm-angle-665795-R,Marlins,2024,https://baseballsavant.mlb.com/leaderboard/pitcher-arm-angles?season=2024,2d7bf811125d5cd194f1c4197220fc9b214de7aa165448ebc31e93034103951b,2026-10-02T17:51:09.468897+00:00,195.58,https://www.mlb.com/player/665795,83e2d5ef43683ce315faf92f234a4c65fd38552bf4eb37475579ae60d31aab0a,2026-10-02T17:55:02.883410+00:00,1.875121162629758,0.4047617439446367,-0.14451556729678827,1.38031845365863,42.013315829466755
2538,112,1,54.78853401645591,-1.0466034696142883,-1.4070252167060677,6.0000788022064615,0.22297430612620434,4.20082770512102,"Assad, Javier",665871,R,"Assad, Javier",665871,pitcher-arm-angle-665871-R,Cubs,2024,https://baseballsavant.mlb.com/leaderboard/pitcher-arm-angles?season=2024,2d7bf811125d5cd194f1c4197220fc9b214de7aa165448ebc31e93034103951b,2026-10-02T17:51:09.468897+00:00,185.42000000000002,https://www.mlb.com/player/665871,caa146caff3c3c02cde3b158fdec07b1c5ddc6666a948ebb16770c9f659ad2ce,2026-10-02T17:55:03.225094+00:00,1.8288240189125295,0.42886128605200946,0.04189398000630729,1.280412284520887,54.79264897593386
3118,118,1,45.12287747317045,1.650727651461802,1.1434765875561257,6.335323925593329,-0.028577902901786998,4.6485713887450135,"Ragans, Cole",666142,L,"Ragans, Cole",666142,pitcher-arm-angle-666142-L,Royals,2024,https://baseballsavant.mlb.com/leaderboard/pitcher-arm-angles?season=2024,2d7bf811125d5cd194f1c4197220fc9b214de7aa165448ebc31e93034103951b,2026-10-02T17:51:09.468897+00:00,193.04,https://www.mlb.com/player/666142,9342aaae17fbbd752b68c78ac2bf9b2e87a76362dd0f36b758ba12be1a581a19,2026-10-02T17:55:05.003616+00:00,1.9310067325208466,-0.3485316638871071,0.1633206690829148,1.41688455928948,45.12675953853993
1863,113,1,18.538278558873937,2.9300858469422506,3.5606333870101987,5.519924852388621,0.5563698258994224,4.72415647715193,"Lodolo, Nick",666157,L,"Lodolo, Nick",666157,pitcher-arm-angle-666157-L,Reds,2024,https://baseballsavant.mlb.com/leaderboard/pitcher-arm-angles?season=2024,2d7bf811125d5cd194f1c4197220fc9b214de7aa165448ebc31e93034103951b,2026-10-02T17:51:09.468897+00:00,198.12,https://www.mlb.com/player/666157,7122e3574d4a6164a91492bb73ee867431256bf5f53ecf1d61b647b2d98b49e1,2026-10-02T17:55:05.101696+00:00,1.6824730950080518,-1.0852810563607087,-0.36177241314685454,1.4399228942359084,18.533294888111545
1083,146,1,39.29354401289324,1.894745522013087,2.338568790397045,5.975401662049862,0.09039720539269179,4.497080952427979,"Luzardo, Jesús",666200,L,"Luzardo, Jesús",666200,pitcher-arm-angle-666200-L,Marlins,2024,https://baseballsavant.mlb.com/leaderboard/pitcher-arm-angles?season=2024,2d7bf811125d5cd194f1c4197220fc9b214de7aa165448ebc31e93034103951b,2026-10-02T17:51:09.468897+00:00,182.88,https://www.mlb.com/player/666200,5d50a0f3e81fd3abe453dfdd413a00ac74eefd72040e33eba5bb3b1ddaeca6b2,2026-10-02T17:55:05.806960+00:00,1.821302426592798,-0.7127957673130194,-0.16283040040712288,1.3707102743000479,39.328107209611915
1224,134,2,49.68978885480716,1.2627591531307134,1.0689133986928105,6.352058823529412,-0.3487151660783149,4.452086176863793,"Wentz, Joey",666214,L,"Wentz, Joey",666214,pitcher-arm-angle-666214-L,zMLB,2024,https://baseballsavant.mlb.com/leaderboard/pitcher-arm-angles?season=2024,2d7bf811125d5cd194f1c4197220fc9b214de7aa165448ebc31e93034103951b,2026-10-02T17:51:09.468897+00:00,195.58,https://www.mlb.com/player/666214,41750b32181a3cf0295f4da1d6d64703eb4054b52151e4060473364e43f419e8,2026-10-02T17:55:07.800289+00:00,1.936107529411765,-0.3258048039215687,0.16537256857334318,1.3569958667080844,49.69683689294492
1116,137,1,19.322753568003158,-2.2024403065553093,-1.580331541218638,5.472858422939068,-0.014273112689194277,4.705413142893195,"Doval, Camilo",666808,R,"Doval, Camilo",666808,pitcher-arm-angle-666808-R,Giants,2024,https://baseballsavant.mlb.com/leaderboard/pitcher-arm-angles?season=2024,2d7bf811125d5cd194f1c4197220fc9b214de7aa165448ebc31e93034103951b,2026-10-02T17:51:09.468897+00:00,187.96,https://www.mlb.com/player/666808,0c6b9bb3ea2140dde2f236c6c3daee1bdff4c9b72cd7c10f25576feff7c98219,2026-10-02T17:55:10.171000+00:00,1.668127247311828,0.4816850537634409,-0.18526830692695098,1.4342099259538459,19.327051983475016
1008,110,1,17.619680343304896,-2.8913293232672803,-2.2306051587301585,5.472083333333333,-0.473628475140056,4.703143853450471,"Cano, Yennier",666974,R,"Cano, Yennier",666974,pitcher-arm-angle-666974-R,Orioles,2024,https://baseballsavant.mlb.com/leaderboard/pitcher-arm-angles?season=2024,2d7bf811125d5cd194f1c4197220fc9b214de7aa165448ebc31e93034103951b,2026-10-02T17:51:09.468897+00:00,193.04,https://www.mlb.com/player/666974,3f7dcab9a55b4aaca8ea86982a7790d76567198a2a142cf8b79eaac0a488c666,2026-10-02T17:55:11.633368+00:00,1.667891,0.6798884523809523,-0.05702676612822565,1.4335182465317036,17.643044534561877
1736,108,1,36.10755072879532,-2.1581442936076436,-1.4562269585253456,6.004665898617511,-0.24934576381872398,4.615176302962534,"Soriano, José",667755,R,"Soriano, José",667755,pitcher-arm-angle-667755-R,Angels,2024,https://baseballsavant.mlb.com/leaderboard/pitcher-arm-angles?season=2024,2d7bf811125d5cd194f1c4197220fc9b214de7aa165448ebc31e93034103951b,2026-10-02T17:51:09.468897+00:00,190.5,https://www.mlb.com/player/667755,452bfbfa6277cca62addcd43e7e946888956a36c24e5785576da33a0219cf8f7,2026-10-02T17:55:11.245781+00:00,1.8302221658986175,0.44385797695852536,-0.1379438149211374,1.4067057371429805,36.05234752134917
2506,109,1,41.190170964834174,-1.4924126025437485,-2.840869912210694,5.859305666400639,0.10813196257680319,4.456933896829428,"Gallen, Zac",668678,R,"Gallen, Zac",668678,pitcher-arm-angle-668678-R,Diamondbacks,2024,https://baseballsavant.mlb.com/leaderboard/pitcher-arm-angles?season=2024,2d7bf811125d5cd194f1c4197220fc9b214de7aa165448ebc31e93034103951b,2026-10-02T17:51:09.468897+00:00,187.96,https://www.mlb.com/player/668678,a6c2a1452320f445a22855de1766d6bb15f4a32104a74e2d71d3f6b3780f2096,2026-10-02T17:55:12.411648+00:00,1.7859163671189147,0.8658971492418196,0.37805116579307546,1.3584734517536097,41.22432893025198
2563,113,1,31.968808249347344,-2.2741819552306253,-2.0880725712056183,5.971037846273898,-0.317083326030728,4.750401012801815,"Greene, Hunter",668881,R,"Greene, Hunter",668881,pitcher-arm-angle-668881-R,Reds,2024,https://baseballsavant.mlb.com/leaderboard/pitcher-arm-angles?season=2024,2d7bf811125d5cd194f1c4197220fc9b214de7aa165448ebc31e93034103951b,2026-10-02T17:51:09.468897+00:00,195.58,https://www.mlb.com/player/668881,3727c3b50c6449328eb87be6b874a5c1df4fe77f167a7206cb2ee96998d7fbda,2026-10-02T17:55:13.158839+00:00,1.8199723355442843,0.6364445197034725,0.03992085752334376,1.4479222287019933,31.95167237133257
1361,114,1,35.38984944863974,-2.099351859918551,-2.936348273328435,5.8617634092578985,-0.2112575357455787,4.520651036710189,"Williams, Gavin",668909,R,"Williams, Gavin",668909,pitcher-arm-angle-668909-R,Guardians,2024,https://baseballsavant.mlb.com/leaderboard/pitcher-arm-angles?season=2024,2d7bf811125d5cd194f1c4197220fc9b214de7aa165448ebc31e93034103951b,2026-10-02T17:51:09.468897+00:00,198.12,https://www.mlb.com/player/668909,4db4037d65bae269d38463e10246b557a82b92b201bfb1bfb8715c94ad7b5e17,2026-10-02T17:55:13.723155+00:00,1.7866654871418075,0.8949989537105071,0.31950780370258514,1.3778944359892655,35.38615745286233
1342,113,1,48.99570436060148,-1.45409179949284,-0.49781669150521607,6.296587183308495,0.11187623462201572,4.494224667601765,"Ashcraft, Graham",668933,R,"Ashcraft, Graham",668933,pitcher-arm-angle-668933-R,Reds,2024,https://baseballsavant.mlb.com/leaderboard/pitcher-arm-angles?season=2024,2d7bf811125d5cd194f1c4197220fc9b214de7aa165448ebc31e93034103951b,2026-10-02T17:51:09.468897+00:00,187.96,https://www.mlb.com/player/668933,da83e83dde9cbec0be100d2e869b263772d1a6cb5207196079157a71da040d84,2026-10-02T17:55:13.960702+00:00,1.9191997734724295,0.15173452757078987,-0.3255725292274182,1.369839678685018,49.014521135723015
2152,158,1,60.542015504351305,-0.8445703135750517,-0.9660827137546468,5.8872026022304835,0.27303905549039487,3.908987568335885,"Myers, Tobias",668964,R,"Myers, Tobias",668964,pitcher-arm-angle-668964-R,Brewers,2024,https://baseballsavant.mlb.com/leaderboard/pitcher-arm-angles?season=2024,2d7bf811125d5cd194f1c4197220fc9b214de7aa165448ebc31e93034103951b,2026-10-02T17:51:09.468897+00:00,185.42000000000002,https://www.mlb.com/player/668964,68ece018f2a3bbfe1bf99780fca07574e8af3baf5ecedece56592e8f3f0f93a6,2026-10-02T17:55:15.575207+00:00,1.7944193531598516,0.2944620111524164,-0.046185324538731774,1.1914594108287777,60.53535479997726
2993,120,1,47.192975272276335,1.552864720890452,1.8836217841630472,5.850691613765453,0.026161597619638932,4.203441980574996,"Gore, MacKenzie",669022,L,"Gore, MacKenzie",669022,pitcher-arm-angle-669022-L,Nationals,2024,https://baseballsavant.mlb.com/leaderboard/pitcher-arm-angles?season=2024,2d7bf811125d5cd194f1c4197220fc9b214de7aa165448ebc31e93034103951b,2026-10-02T17:51:09.468897+00:00,187.96,https://www.mlb.com/player/669022,ec9b55277bbab607187c2624b71b61fd40f6377f1f60669010d090821e9cb040,2026-10-02T17:55:15.581921+00:00,1.7832908038757103,-0.5741279198128968,-0.10878880783995294,1.2812091156792589,47.17504439692805
1642,158,1,45.77349618911567,-1.7674747785831157,-2.857563946406821,5.788879415347138,-0.14551856285865028,4.121100957269189,"Wilson, Bryse",669060,R,"Wilson, Bryse",669060,pitcher-arm-angle-669060-R,Brewers,2024,https://baseballsavant.mlb.com/leaderboard/pitcher-arm-angles?season=2024,2d7bf811125d5cd194f1c4197220fc9b214de7aa165448ebc31e93034103951b,2026-10-02T17:51:09.468897+00:00,187.96,https://www.mlb.com/player/669060,45ad35de0f92b59c46db33de1d16057fc215457d55d69cb6ff1dd69a47296222,2026-10-02T17:55:15.968462+00:00,1.7644504457978076,0.8709854908647992,0.37661323631198207,1.2561115717756488,45.798013088016326
1269,137,1,37.06394711067908,1.953448708083059,1.234554767533491,6.389078014184397,-0.006170083676424949,4.911736635370532,"Miller, Erik",669062,L,"Miller, Erik",669062,pitcher-arm-angle-669062-L,Giants,2024,https://baseballsavant.mlb.com/leaderboard/pitcher-arm-angles?season=2024,2d7bf811125d5cd194f1c4197220fc9b214de7aa165448ebc31e93034103951b,2026-10-02T17:51:09.468897+00:00,195.58,https://www.mlb.com/player/669062,3f42b2c2f5371dda189feda5c06897ed6a77e8102272facfb47c946ec51173b8,2026-10-02T17:55:17.080309+00:00,1.9473909787234043,-0.37629229314420803,0.22099951458408265,1.4970973264609382,37.012356506876884
977,135,1,63.863426255663164,-0.6774426158304931,-0.6394370522006141,5.815649948822927,0.3415969153270315,3.729362266441889,"Estrada, Jeremiah",669093,R,"Estrada, Jeremiah",669093,pitcher-arm-angle-669093-R,Padres,2024,https://baseballsavant.mlb.com/leaderboard/pitcher-arm-angles?season=2024,2d7bf811125d5cd194f1c4197220fc9b214de7aa165448ebc31e93034103951b,2026-10-02T17:51:09.468897+00:00,185.42000000000002,https://www.mlb.com/player/669093,ca8bc5fab7eff5b842cb50814e37b12e73929e24a90ddedc75d0fbeae6d2b7ac,2026-10-02T17:55:16.866741+00:00,1.7726101044012283,0.1949004135107472,-0.11570283558606635,1.1367096188114878,63.96697423978083
2406,109,1,47.61709314923894,-1.3013737489520334,-1.5880049875311721,6.072323358270989,0.20760487795662358,4.418825069975092,"Nelson, Ryne",669194,R,"Nelson, Ryne",669194,pitcher-arm-angle-669194-R,Diamondbacks,2024,https://baseballsavant.mlb.com/leaderboard/pitcher-arm-angles?season=2024,2d7bf811125d5cd194f1c4197220fc9b214de7aa165448ebc31e93034103951b,2026-10-02T17:51:09.468897+00:00,190.5,https://www.mlb.com/player/669194,edd4495c055dec9c2fd6ccd49e3f6f5f151cc9058f3ec08d88816faafef6c64d,2026-10-02T17:55:18.690665+00:00,1.8508441596009975,0.4840239201995013,0.024087234717742625,1.3468578813284082,47.61649651250103
2994,110,1,43.7088112595522,-1.5769566482868338,-0.9282765531062124,5.967802271209085,0.06756166736324701,4.395320908513402,"Burnes, Corbin",669203,R,"Burnes, Corbin",669203,pitcher-arm-angle-669203-R,Orioles,2024,https://baseballsavant.mlb.com/leaderboard/pitcher-arm-angles?season=2024,2d7bf811125d5cd194f1c4197220fc9b214de7aa165448ebc31e93034103951b,2026-10-02T17:51:09.468897+00:00,190.5,https://www.mlb.com/player/669203,2fbd37dd96bd0afb90fab61741728a45310fe59d09d15761b7e2bf645d7804c2,2026-10-02T17:55:20.295437+00:00,1.8189861322645293,0.2829386933867735,-0.2183104892233711,1.339693812914885,43.717213513708835
1216,110,1,42.3921143172847,1.722348782488735,2.17,5.913478618421053,0.04394475326015573,4.377588611589971,"Akin, Keegan",669211,L,"Akin, Keegan",669211,pitcher-arm-angle-669211-L,Orioles,2024,https://baseballsavant.mlb.com/leaderboard/pitcher-arm-angles?season=2024,2d7bf811125d5cd194f1c4197220fc9b214de7aa165448ebc31e93034103951b,2026-10-02T17:51:09.468897+00:00,182.88,https://www.mlb.com/player/669211,a75abeba5e809754c2e9ccbb1340ee7823e247a5d7237c5cb4d02f2632f0fbf9,2026-10-02T17:55:20.643353+00:00,1.8024282828947369,-0.661416,-0.14983845189112904,1.3342890088126231,42.46130639901518
3036,136,1,43.835482970185915,-1.4977128477976314,-1.1252997364953887,5.825405138339921,0.17979565226198277,4.2117641799886805,"Gilbert, Logan",669302,R,"Gilbert, Logan",669302,pitcher-arm-angle-669302-R,Mariners,2024,https://baseballsavant.mlb.com/leaderboard/pitcher-arm-angles?season=2024,2d7bf811125d5cd194f1c4197220fc9b214de7aa165448ebc31e93034103951b,2026-10-02T17:51:09.468897+00:00,198.12,https://www.mlb.com/player/669302,504188b7b1946b56d966809c89501738b9245a58268fd676e8a965b8866ffdea,2026-10-02T17:55:22.269339+00:00,1.775583486166008,0.3429913596837945,-0.16831323113437593,1.28374572206055,43.88826642954326
1206,139,1,38.3091059718657,-1.73118671996243,-1.5125207296849088,5.800787728026534,0.05342561923005295,4.388375122678349,"Baz, Shane",669358,R,"Baz, Shane",669358,pitcher-arm-angle-669358-R,Rays,2024,https://baseballsavant.mlb.com/leaderboard/pitcher-arm-angles?season=2024,2d7bf811125d5cd194f1c4197220fc9b214de7aa165448ebc31e93034103951b,2026-10-02T17:51:09.468897+00:00,190.5,https://www.mlb.com/player/669358,e92c24f80e0ca2df94745a41c07ce07622f09528dc671ee0cf9353182f5f0d03,2026-10-02T17:55:22.235131+00:00,1.7680800995024877,0.4610163184079602,-0.0829335225779086,1.3375767373923608,38.359481574684395
2741,116,1,48.05935176561497,1.8776872294173508,1.7014885078438526,6.1636008755928495,0.17235176929715204,4.266466560274072,"Skubal, Tarik",669373,L,"Skubal, Tarik",669373,pitcher-arm-angle-669373-L,Tigers,2024,https://baseballsavant.mlb.com/leaderboard/pitcher-arm-angles?season=2024,2d7bf811125d5cd194f1c4197220fc9b214de7aa165448ebc31e93034103951b,2026-10-02T17:51:09.468897+00:00,190.5,https://www.mlb.com/player/669373,a99c19dff3aedb56bcfc4bb373e58ad515e5cd956831218f38c13295f4f03f02,2026-10-02T17:55:21.545264+00:00,1.8786655468807005,-0.5186136971908063,0.0011725510538302911,1.3004190075715372,48.047603407482406
2243,146,2,22.71928536768266,2.4689770663491846,2.499607668301382,5.706486847971467,0.23645099227304914,4.771702789029526,"Rogers, Trevor",669432,L,"Rogers, Trevor",669432,pitcher-arm-angle-669432-L,zMLB,2024,https://baseballsavant.mlb.com/leaderboard/pitcher-arm-angles?season=2024,2d7bf811125d5cd194f1c4197220fc9b214de7aa165448ebc31e93034103951b,2026-10-02T17:51:09.468897+00:00,195.58,https://www.mlb.com/player/669432,496c3004a99c1f9b68c2d106e34e6cc4bfeb7ea7987136982395e19d3a433526,2026-10-02T17:55:24.217554+00:00,1.7393371912617033,-0.7618804172982613,-0.08140646991985513,1.4544150100961994,22.71961517316495
1356,138,1,45.23668853588764,1.6033319899029148,0.7064970501474926,6.441681415929203,-0.03552556604567277,4.789524688451406,"Liberatore, Matthew",669461,L,"Liberatore, Matthew",669461,pitcher-arm-angle-669461-L,Cardinals,2024,https://baseballsavant.mlb.com/leaderboard/pitcher-arm-angles?season=2024,2d7bf811125d5cd194f1c4197220fc9b214de7aa165448ebc31e93034103951b,2026-10-02T17:51:09.468897+00:00,193.04,https://www.mlb.com/player/669461,3590d97dee6fd6700ad05a4aa76057d4bc05db01d2c7bf8944d8e7488502367d,2026-10-02T17:55:24.581358+00:00,1.9634244955752211,-0.21534030088495576,0.28418348216817374,1.4598471250399887,45.23153416736696
1880,138,1,58.80290329846951,-1.355305292270511,-1.7610212765957447,5.998718085106383,-0.22368324027193082,4.1305193380930705,"Pallante, Andre",669467,R,"Pallante, Andre",669467,pitcher-arm-angle-669467-R,Cardinals,2024,https://baseballsavant.mlb.com/leaderboard/pitcher-arm-angles?season=2024,2d7bf811125d5cd194f1c4197220fc9b214de7aa165448ebc31e93034103951b,2026-10-02T17:51:09.468897+00:00,182.88,https://www.mlb.com/player/669467,27d9bee0b95ebf3122b51349137c52c70c84a96dcc83c4e89f45da8703226bba,2026-10-02T17:55:25.450168+00:00,1.8284092723404255,0.536759285106383,0.19184088365721574,1.258982294250768,58.79549730609728
1028,111,1,15.694728755836282,-2.770719985955185,-3.530875486381323,4.826809338521401,-0.5399130020738399,4.201374541015557,"Weissert, Greg",669711,R,"Weissert, Greg",669711,pitcher-arm-angle-669711-R,Red Sox,2024,https://baseballsavant.mlb.com/leaderboard/pitcher-arm-angles?season=2024,2d7bf811125d5cd194f1c4197220fc9b214de7aa165448ebc31e93034103951b,2026-10-02T17:51:09.468897+00:00,187.96,https://www.mlb.com/player/669711,b86ed5ad926d1ee49084cad097f8e654b66d6313d90396e770d9ff46cf256fc3,2026-10-02T17:55:26.011689+00:00,1.471211486381323,1.0762108482490274,0.3962608795619933,1.2805789601015418,15.661508554092922
1075,112,1,49.6217856052195,-1.5217672216403848,-1.301218604651163,5.933227906976744,0.012400272768726942,4.127370946233885,"Wesneski, Hayden",669713,R,"Wesneski, Hayden",669713,pitcher-arm-angle-669713-R,Cubs,2024,https://baseballsavant.mlb.com/leaderboard/pitcher-arm-angles?season=2024,2d7bf811125d5cd194f1c4197220fc9b214de7aa165448ebc31e93034103951b,2026-10-02T17:51:09.468897+00:00,190.5,https://www.mlb.com/player/669713,cbff92b9c7cec3381b0785271b3bbc13e9a490d4f5edd70efcdecec38d342516,2026-10-02T17:55:26.178692+00:00,1.8084478660465118,0.39661143069767446,-0.07100282159822281,1.2580226644120882,49.650403595330665
2649,117,1,46.46471142868028,-1.4800588121656428,-0.9653831634579086,6.1155341638354095,0.07072117383279199,4.484586021362112,"Blanco, Ronel",669854,R,"Blanco, Ronel",669854,pitcher-arm-angle-669854-R,Astros,2024,https://baseballsavant.mlb.com/leaderboard/pitcher-arm-angles?season=2024,2d7bf811125d5cd194f1c4197220fc9b214de7aa165448ebc31e93034103951b,2026-10-02T17:51:09.468897+00:00,190.5,https://www.mlb.com/player/669854,1a7437177b0a1bff257f95b22c2003fbf010dcb1f1ddf61898da0934f2ae0c9b,2026-10-02T17:55:26.944434+00:00,1.8640148131370329,0.2942487882219706,-0.17842895151035237,1.366901819311172,46.443343104498574
2967,136,1,36.6343888620905,-1.796165269375224,-1.7841658240647118,5.866788001348163,0.14812834299697145,4.420407643736478,"Kirby, George",669923,R,"Kirby, George",669923,pitcher-arm-angle-669923-R,Mariners,2024,https://baseballsavant.mlb.com/leaderboard/pitcher-arm-angles?season=2024,2d7bf811125d5cd194f1c4197220fc9b214de7aa165448ebc31e93034103951b,2026-10-02T17:51:09.468897+00:00,193.04,https://www.mlb.com/player/669923,53276cfb7f6126caa354ae9c64067562ef3a5220e0544b5c3afc071b769133d4,2026-10-02T17:55:28.241802+00:00,1.78819698281092,0.5438137431749241,-0.04880694987612099,1.3473402498108786,36.64594505080985
1558,141,1,40.2231110753685,-1.8601146811232703,-2.121976893453145,5.917188703465982,-0.09745535091151643,4.426798381534899,"Francis, Bowden",670102,R,"Francis, Bowden",670102,pitcher-arm-angle-670102-R,Blue Jays,2024,https://baseballsavant.mlb.com/leaderboard/pitcher-arm-angles?season=2024,2d7bf811125d5cd194f1c4197220fc9b214de7aa165448ebc31e93034103951b,2026-10-02T17:51:09.468897+00:00,195.58,https://www.mlb.com/player/670102,5f8ba2a9e45125be34d97e99e5768afea8bb6ca31ba924bc1437b299f6b11a6f,2026-10-02T17:55:29.732944+00:00,1.8035591168164313,0.6467785571245186,0.10951999327597599,1.3492881466918372,40.21569210193726
1240,111,1,50.99460625869497,-1.1569769240218735,-1.7390806451612904,6.031991935483871,0.26791478566499916,4.270517621327123,"Winckowski, Josh",670174,R,"Winckowski, Josh",670174,pitcher-arm-angle-670174-R,Red Sox,2024,https://baseballsavant.mlb.com/leaderboard/pitcher-arm-angles?season=2024,2d7bf811125d5cd194f1c4197220fc9b214de7aa165448ebc31e93034103951b,2026-10-02T17:51:09.468897+00:00,193.04,https://www.mlb.com/player/670174,85cc7eedceeb2d6f1f2baa0b08e6224c9ebd5ff4d7b3a759ec91e875ffdaceca,2026-10-02T17:55:30.741337+00:00,1.838551141935484,0.5300717806451614,0.09576478753260254,1.3016537709805072,51.02991356556394
1009,134,1,40.80194276992068,-1.68140108212055,-1.8673835480673935,5.897333994053518,-0.04265297642076923,4.480788854498462,"Bednar, David",670280,R,"Bednar, David",670280,pitcher-arm-angle-670280-R,Pirates,2024,https://baseballsavant.mlb.com/leaderboard/pitcher-arm-angles?season=2024,2d7bf811125d5cd194f1c4197220fc9b214de7aa165448ebc31e93034103951b,2026-10-02T17:51:09.468897+00:00,185.42000000000002,https://www.mlb.com/player/670280,3668b1d6da164821cc1dc8c11f4790965ce40f5648bd2b45e73e420c12e65724,2026-10-02T17:55:30.365010+00:00,1.7975074013875125,0.5691785054509415,0.06968808283364834,1.3657444428511312,40.84036104474689
1180,142,2,52.26833869058468,-1.135537841960952,-2.2478389830508476,6.279593220338983,0.3317453837729236,4.384528123508263,"Richards, Trevor",670950,R,"Richards, Trevor",670950,pitcher-arm-angle-670950-R,zMLB,2024,https://baseballsavant.mlb.com/leaderboard/pitcher-arm-angles?season=2024,2d7bf811125d5cd194f1c4197220fc9b214de7aa165448ebc31e93034103951b,2026-10-02T17:51:09.468897+00:00,187.96,https://www.mlb.com/player/670950,298b6765db78bb2b87a068618abfb0508b86f0b44f32c096549b83ab8dcabdd1,2026-10-02T17:55:31.645999+00:00,1.9140200135593222,0.6851413220338984,0.23791339483021304,1.3364041720453186,52.25062277109372
1053,135,1,42.79595585940719,1.756019802590873,2.308053181386515,5.811889838556505,0.12577444911660599,4.303193932961253,"Morejon, Adrian",670970,L,"Morejon, Adrian",670970,pitcher-arm-angle-670970-L,Padres,2024,https://baseballsavant.mlb.com/leaderboard/pitcher-arm-angles?season=2024,2d7bf811125d5cd194f1c4197220fc9b214de7aa165448ebc31e93034103951b,2026-10-02T17:51:09.468897+00:00,180.34,https://www.mlb.com/player/670970,baef1466081b1f6c4824286a5d2d79234645a3e3609aef0a6f2ac168b60386a2,2026-10-02T17:55:32.576194+00:00,1.7714640227920229,-0.7034946096866097,-0.2065958259476531,1.31161351076659,42.782439364085754
2333,113,1,45.00463154965998,1.6470728370678138,1.699271324474925,5.862678954136305,0.10519578209415707,4.31995651552208,"Abbott, Andrew",671096,L,"Abbott, Andrew",671096,pitcher-arm-angle-671096-L,Reds,2024,https://baseballsavant.mlb.com/leaderboard/pitcher-arm-angles?season=2024,2d7bf811125d5cd194f1c4197220fc9b214de7aa165448ebc31e93034103951b,2026-10-02T17:51:09.468897+00:00,182.88,https://www.mlb.com/player/671096,45c7ec1455c2eef1362cc8c5a1f069e4653c2f9912f214b5ac442d9786cb2f11,2026-10-02T17:55:32.375984+00:00,1.7869445452207458,-0.5179378996999572,-0.04797377334398654,1.31672274593113,45.01570282092114
1664,114,1,44.58806822038376,1.3326085279269184,1.8075360576923076,5.376129807692307,-0.2288441246100713,3.835641286539747,"Allen, Logan",671106,L,"Allen, Logan",671106,pitcher-arm-angle-671106-L,Guardians,2024,https://baseballsavant.mlb.com/leaderboard/pitcher-arm-angles?season=2024,2d7bf811125d5cd194f1c4197220fc9b214de7aa165448ebc31e93034103951b,2026-10-02T17:51:09.468897+00:00,182.88,https://www.mlb.com/player/671106,0c059fd3c28bd7099451029ed603401c9d87e026ab6d5e0bcabecc065837a4f2,2026-10-02T17:55:33.150199+00:00,1.6386443653846154,-0.5509369903846154,-0.0750062218913409,1.1691034641373148,44.61277861352409
2294,139,1,54.37002512686661,-1.2984871226094772,-1.450915431560593,6.105797733217088,0.013338093173387288,4.2752716189796836,"Bradley, Taj",671737,R,"Bradley, Taj",671737,pitcher-arm-angle-671737-R,Rays,2024,https://baseballsavant.mlb.com/leaderboard/pitcher-arm-angles?season=2024,2d7bf811125d5cd194f1c4197220fc9b214de7aa165448ebc31e93034103951b,2026-10-02T17:51:09.468897+00:00,187.96,https://www.mlb.com/player/671737,ef8444a07d427c42299fac028abf6c05d9bf3e6224b5bf380f1f629cfc83ed9d,2026-10-02T17:55:34.183397+00:00,1.8610471490845684,0.44223902353966876,0.04239469776905165,1.3031027894650076,54.373164579534674
1166,114,1,37.23074712037422,-1.8982844077956957,-2.6293825042881647,5.744914236706689,0.03033396119402073,4.278840376854,"Smith, Cade",671922,R,"Smith, Cade",671922,pitcher-arm-angle-671922-R,Guardians,2024,https://baseballsavant.mlb.com/leaderboard/pitcher-arm-angles?season=2024,2d7bf811125d5cd194f1c4197220fc9b214de7aa165448ebc31e93034103951b,2026-10-02T17:51:09.468897+00:00,195.58,https://www.mlb.com/player/671922,a3a2fdbe5e72ce10679ee3525cd5da506e048f9931267637668cb2b2a341530c,2026-10-02T17:55:34.581137+00:00,1.7510498593481991,0.8014357873070326,0.213592908438967,1.3041905468650994,37.24093292310318
1557,108,1,45.387530878750944,1.4723519362551265,1.439344894026975,6.140706486833655,-0.11361091333830198,4.531944176893038,"Detmers, Reid",672282,L,"Detmers, Reid",672282,pitcher-arm-angle-672282-L,Angels,2024,https://baseballsavant.mlb.com/leaderboard/pitcher-arm-angles?season=2024,2d7bf811125d5cd194f1c4197220fc9b214de7aa165448ebc31e93034103951b,2026-10-02T17:51:09.468897+00:00,187.96,https://www.mlb.com/player/672282,563886456ce6c73badca4a24e632c65b7dae1ad67752bda308708f7d94ad2d26,2026-10-02T17:55:35.123025+00:00,1.871687337186898,-0.43871232369942204,0.044689152856655,1.381336585116998,45.40888984536884
1539,116,1,43.05925740398049,-1.6209038147831611,-2.527907732293697,5.83454840805718,0.01775041268087363,4.302410320612385,"Montero, Keider",672456,R,"Montero, Keider",672456,pitcher-arm-angle-672456-R,Tigers,2024,https://baseballsavant.mlb.com/leaderboard/pitcher-arm-angles?season=2024,2d7bf811125d5cd194f1c4197220fc9b214de7aa165448ebc31e93034103951b,2026-10-02T17:51:09.468897+00:00,185.42000000000002,https://www.mlb.com/player/672456,f96709d06ba23d8a8f6b51d393d46d8e526be2ee6a6c6936175afd95ee2b2a47,2026-10-02T17:55:35.615287+00:00,1.7783703547758285,0.7705062768031189,0.2710444682720811,1.3113746657226548,43.07599157033631
1074,134,2,48.55131531498398,-1.1259998195250647,-1.1324767225325885,5.93233705772812,0.3732978765638641,4.23443770186253,"Contreras, Roansy",672710,R,"Contreras, Roansy",672710,pitcher-arm-angle-672710-R,zMLB,2024,https://baseballsavant.mlb.com/leaderboard/pitcher-arm-angles?season=2024,2d7bf811125d5cd194f1c4197220fc9b214de7aa165448ebc31e93034103951b,2026-10-02T17:51:09.468897+00:00,185.42000000000002,https://www.mlb.com/player/672710,98949782d847d5309acade0a00d5fb25ae71d2f7d9760f4b6378535c784090ef,2026-10-02T17:55:36.691953+00:00,1.808176335195531,0.34517890502793297,-0.11180703273997253,1.2906566115276992,48.55449942342349
1029,135,1,56.635073037391905,1.1437413090604607,2.0731584062196307,5.968785228377065,-0.0012103495077684812,4.229526688337673,"Matsui, Yuki",673513,L,"Matsui, Yuki",673513,pitcher-arm-angle-673513-L,Padres,2024,https://baseballsavant.mlb.com/leaderboard/pitcher-arm-angles?season=2024,2d7bf811125d5cd194f1c4197220fc9b214de7aa165448ebc31e93034103951b,2026-10-02T17:51:09.468897+00:00,172.72,https://www.mlb.com/player/673513,4bff8652a6b19fb6813e4a0b48be1654005aaa7c491776d7302140592d3767e7,2026-10-02T17:55:37.313676+00:00,1.8192857376093297,-0.6318986822157434,-0.2829174166841472,1.2891597346053227,56.64314146220574
1175,140,1,56.633812354833694,1.0587746119575638,0.5578553191489362,6.224374468085107,-0.27013268942238405,4.206505137027345,"Bradford, Cody",674003,L,"Bradford, Cody",674003,pitcher-arm-angle-674003-L,Rangers,2024,https://baseballsavant.mlb.com/leaderboard/pitcher-arm-angles?season=2024,2d7bf811125d5cd194f1c4197220fc9b214de7aa165448ebc31e93034103951b,2026-10-02T17:51:09.468897+00:00,193.04,https://www.mlb.com/player/674003,27decceddb90726388bae5c029b95943882b0fb375ad223d45d314c8dd7edeee,2026-10-02T17:55:38.750811+00:00,1.8971893378723406,-0.17003430127659575,0.2350166441840124,1.2821427657659348,56.632316526510564
1055,133,1,33.86329496475294,-2.0852033169894093,-2.2790805687203792,5.847554502369668,-0.08690994956534963,4.505703603669818,"Bido, Osvaldo",674370,R,"Bido, Osvaldo",674370,pitcher-arm-angle-674370-R,Athletics,2024,https://baseballsavant.mlb.com/leaderboard/pitcher-arm-angles?season=2024,2d7bf811125d5cd194f1c4197220fc9b214de7aa165448ebc31e93034103951b,2026-10-02T17:51:09.468897+00:00,190.5,https://www.mlb.com/player/674370,11b019a4f8db1deace149d7900a4810517b1f72384328e4355970db52fd4cd2a,2026-10-02T17:55:39.983611+00:00,1.782334612322275,0.6946637573459716,0.0855839389551182,1.3733384583985606,33.88129936383314
1013,136,1,27.462594934576106,-2.099057783313881,-1.7724185587364265,5.5687166831194475,-0.0629507451261937,4.511082102190244,"Hancock, Emerson",676106,R,"Hancock, Emerson",676106,pitcher-arm-angle-676106-R,Mariners,2024,https://baseballsavant.mlb.com/leaderboard/pitcher-arm-angles?season=2024,2d7bf811125d5cd194f1c4197220fc9b214de7aa165448ebc31e93034103951b,2026-10-02T17:51:09.468897+00:00,193.04,https://www.mlb.com/player/676106,bdc9e04f2a7d50fdc34a44c61bbe4dcb9b81ede9f629cf9c5e98319ab57cf192,2026-10-02T17:55:42.500977+00:00,1.6973448450148076,0.5402331767028629,-0.08037224853674431,1.3749778247475863,27.449150475741835
1222,121,1,33.06780630583802,-2.164254365146933,-2.5198036006546647,5.287790507364975,-0.14297427750597339,3.9709411758141733,"Buttó, José",676130,R,"Buttó, José",676130,pitcher-arm-angle-676130-R,Mets,2024,https://baseballsavant.mlb.com/leaderboard/pitcher-arm-angles?season=2024,2d7bf811125d5cd194f1c4197220fc9b214de7aa165448ebc31e93034103951b,2026-10-02T17:51:09.468897+00:00,182.88,https://www.mlb.com/player/676130,9a45a618341ab4f6e0c0cf617bf547be6f95b4907e337519b8ccda2356eaac8f,2026-10-02T17:55:43.417864+00:00,1.6117185466448445,0.7680361374795418,0.15194996676657735,1.21034287038816,33.08395204906374
1205,137,1,17.10443749500129,-2.8554150330599852,-3.4053278008298755,5.180605809128631,-0.559733551083202,4.474050149924927,"Walker, Ryan",676254,R,"Walker, Ryan",676254,pitcher-arm-angle-676254-R,Giants,2024,https://baseballsavant.mlb.com/leaderboard/pitcher-arm-angles?season=2024,2d7bf811125d5cd194f1c4197220fc9b214de7aa165448ebc31e93034103951b,2026-10-02T17:51:09.468897+00:00,187.96,https://www.mlb.com/player/676254,5e5a6be6c99dbfcf39114e356cd0d3f240ac39fd1d57abaa5042b370e8065611,2026-10-02T17:55:44.124775+00:00,1.5790486506224066,1.037943913692946,0.33822019798642255,1.3636904856971177,17.107109255904554
1053,119,1,47.40850139193097,-1.2477083212670472,-1.2482051282051283,6.0295156695156695,0.32421517462203736,4.318551870134223,"Miller, Bobby",676272,R,"Miller, Bobby",676272,pitcher-arm-angle-676272-R,Dodgers,2024,https://baseballsavant.mlb.com/leaderboard/pitcher-arm-angles?season=2024,2d7bf811125d5cd194f1c4197220fc9b214de7aa165448ebc31e93034103951b,2026-10-02T17:51:09.468897+00:00,195.58,https://www.mlb.com/player/676272,62cda397acbf24a8115a5a0aada52901adefd2044cce733d8cfac826c8d93f94,2026-10-02T17:55:44.575960+00:00,1.8377963760683762,0.38045292307692313,-0.09866935847006988,1.316294610016911,47.42520185331907
2851,114,1,51.022111541704156,-1.44108146867321,-2.2817713083128726,6.177600841809891,-0.0428130679043723,4.449418399335755,"Bibee, Tanner",676440,R,"Bibee, Tanner",676440,pitcher-arm-angle-676440-R,Guardians,2024,https://baseballsavant.mlb.com/leaderboard/pitcher-arm-angles?season=2024,2d7bf811125d5cd194f1c4197220fc9b214de7aa165448ebc31e93034103951b,2026-10-02T17:51:09.468897+00:00,187.96,https://www.mlb.com/player/676440,743d16d6b9119f2ddeac86f23f744529304c5b325179df40590d63a8cf4432ea,2026-10-02T17:55:44.638566+00:00,1.882932736583655,0.6954838947737636,0.26929168621942184,1.3561827281175383,51.02375870407178
987,146,1,50.01338730671133,-1.5493588711437405,-1.0446403242147924,6.000577507598784,-0.08529302537262487,4.2526452222926565,"Faucher, Calvin",676534,R,"Faucher, Calvin",676534,pitcher-arm-angle-676534-R,Marlins,2024,https://baseballsavant.mlb.com/leaderboard/pitcher-arm-angles?season=2024,2d7bf811125d5cd194f1c4197220fc9b214de7aa165448ebc31e93034103951b,2026-10-02T17:51:09.468897+00:00,185.42000000000002,https://www.mlb.com/player/676534,6d2bc649929202b99cf216899b4214ce052a3d16986556f9116ce2710a1552dc,2026-10-02T17:55:46.213275+00:00,1.8289760243161095,0.31840637082066875,-0.12784089897036735,1.2962062637548017,50.05050174365291
2856,133,1,21.381615951190234,2.3110987940334913,1.358764005602241,4.639856442577031,0.2886569901935819,3.847992704760157,"Sears, JP",676664,L,"Sears, JP",676664,pitcher-arm-angle-676664-L,Athletics,2024,https://baseballsavant.mlb.com/leaderboard/pitcher-arm-angles?season=2024,2d7bf811125d5cd194f1c4197220fc9b214de7aa165448ebc31e93034103951b,2026-10-02T17:51:09.468897+00:00,180.34,https://www.mlb.com/player/676664,c33078f5c534499f9bb1be4723a7fbbb6a7777fa7a8af0bc6810d114b8e77c33,2026-10-02T17:55:47.452616+00:00,1.4142282436974791,-0.4141512689075631,0.20228899290284136,1.172868176410896,21.38225354676237
1143,116,1,46.17674074020299,-1.510727195180127,-2.401049868766404,5.54925634295713,-0.0032502969325804106,3.9773966426656564,"Vest, Will",676684,R,"Vest, Will",676684,pitcher-arm-angle-676684-R,Tigers,2024,https://baseballsavant.mlb.com/leaderboard/pitcher-arm-angles?season=2024,2d7bf811125d5cd194f1c4197220fc9b214de7aa165448ebc31e93034103951b,2026-10-02T17:51:09.468897+00:00,182.88,https://www.mlb.com/player/676684,269c38375ea1af426f31ab311d220eb33284cf10665138abe1a28d10f151c20c,2026-10-02T17:55:48.073995+00:00,1.6914133333333332,0.73184,0.27236104141414774,1.2123104966844922,46.19776624955659
2822,111,1,47.6362745941393,-1.5619419673766233,-1.190251594613749,6.019964564138909,-0.07806651418508258,4.3918824440258675,"Crawford, Kutter",676710,R,"Crawford, Kutter",676710,pitcher-arm-angle-676710-R,Red Sox,2024,https://baseballsavant.mlb.com/leaderboard/pitcher-arm-angles?season=2024,2d7bf811125d5cd194f1c4197220fc9b214de7aa165448ebc31e93034103951b,2026-10-02T17:51:09.468897+00:00,185.42000000000002,https://www.mlb.com/player/676710,874be5ee3204616b89852ebaa9194bc73f96f5a1ef977a212746e2fea5e72113,2026-10-02T17:55:48.941763+00:00,1.8348851991495394,0.36278868603827075,-0.08949655209451089,1.3386457689390845,47.65316177579502
2367,145,1,37.5804715460975,1.985944411860062,2.519974651457541,6.100397127165188,0.0591085831475118,4.617481752137042,"Crochet, Garrett",676979,L,"Crochet, Garrett",676979,pitcher-arm-angle-676979-L,White Sox,2024,https://baseballsavant.mlb.com/leaderboard/pitcher-arm-angles?season=2024,2d7bf811125d5cd194f1c4197220fc9b214de7aa165448ebc31e93034103951b,2026-10-02T17:51:09.468897+00:00,198.12,https://www.mlb.com/player/676979,f42ad3b6e15855d0a45e0b59afe3a1b6b52909da1fa026a91c175031c00e6f26,2026-10-02T17:55:49.773104+00:00,1.8594010443599494,-0.7680882737642586,-0.18078871317267325,1.4074084380513705,37.58230115310511
1290,109,1,37.29426867407787,-1.7699119812464654,-1.9040852713178296,5.646279069767442,0.059029016982409595,4.253787472398403,"Cecconi, Slade",677944,R,"Cecconi, Slade",677944,pitcher-arm-angle-677944-R,Diamondbacks,2024,https://baseballsavant.mlb.com/leaderboard/pitcher-arm-angles?season=2024,2d7bf811125d5cd194f1c4197220fc9b214de7aa165448ebc31e93034103951b,2026-10-02T17:51:09.468897+00:00,193.04,https://www.mlb.com/player/677944,aef72d8747340cbcfef5043fb9746ad8d7cbb9ac68a73cc6198c5f9cc2f84987,2026-10-02T17:55:50.894640+00:00,1.7209858604651165,0.5803651906976744,0.02290397443751335,1.2965544215870333,37.284374592489016
1413,146,1,35.59982540869458,1.9443078246001706,2.88416135881104,5.702724699221514,0.13241544147608217,4.405541130992704,"Weathers, Ryan",677960,L,"Weathers, Ryan",677960,pitcher-arm-angle-677960-L,Marlins,2024,https://baseballsavant.mlb.com/leaderboard/pitcher-arm-angles?season=2024,2d7bf811125d5cd194f1c4197220fc9b214de7aa165448ebc31e93034103951b,2026-10-02T17:51:09.468897+00:00,185.42000000000002,https://www.mlb.com/player/677960,434f17a27ceef5cdf9ca20073d388429925104b05d54ad3b71ab93c78064cc4e,2026-10-02T17:55:51.221436+00:00,1.7381904883227177,-0.8790923821656051,-0.32682758378938287,1.3428089367265763,35.599916972892004
1094,146,1,45.58564268655553,-1.4595377120555484,-1.0656855575868374,6.1064808043875685,0.06730277718034197,4.549337343376772,"Bellozo, Valente",678368,R,"Bellozo, Valente",678368,pitcher-arm-angle-678368-R,Marlins,2024,https://baseballsavant.mlb.com/leaderboard/pitcher-arm-angles?season=2024,2d7bf811125d5cd194f1c4197220fc9b214de7aa165448ebc31e93034103951b,2026-10-02T17:51:09.468897+00:00,177.8,https://www.mlb.com/player/678368,e01b5ee73aa76bca080a860c02307aa45c4a18092fd4c93ed58d97a615ea23d3,2026-10-02T17:55:52.268762+00:00,1.861255349177331,0.32482095795246807,-0.14056002316663135,1.3866380222612402,45.56296548350621
2709,111,1,28.248725908587385,-2.293676865502994,-1.816205241786637,5.180073827980805,-0.2552934817196787,4.08494169250975,"Bello, Brayan",678394,R,"Bello, Brayan",678394,pitcher-arm-angle-678394-R,Red Sox,2024,https://baseballsavant.mlb.com/leaderboard/pitcher-arm-angles?season=2024,2d7bf811125d5cd194f1c4197220fc9b214de7aa165448ebc31e93034103951b,2026-10-02T17:51:09.468897+00:00,185.42000000000002,https://www.mlb.com/player/678394,74071101e173d2c6dba0326df0dd65622af15fa00dcdf7e15706ee7bdb5dcf5d,2026-10-02T17:55:52.904589+00:00,1.5788865027685495,0.553579357696567,-0.06771989768058762,1.2450902278769718,28.247147776585535
2160,118,1,32.34971425533187,-2.2605620849377943,-1.905949074074074,5.658069444444444,-0.3067316554433221,4.4212335382831585,"Marsh, Alec",679525,R,"Marsh, Alec",679525,pitcher-arm-angle-679525-R,Royals,2024,https://baseballsavant.mlb.com/leaderboard/pitcher-arm-angles?season=2024,2d7bf811125d5cd194f1c4197220fc9b214de7aa165448ebc31e93034103951b,2026-10-02T17:51:09.468897+00:00,187.96,https://www.mlb.com/player/679525,14a0997f22444597225a2215d2b495b92ad290f1906e9b5c881f48e107dbd822,2026-10-02T17:55:53.842540+00:00,1.7245795666666666,0.5809332777777778,-0.014594237132137347,1.3475919824687068,32.33509260487206
1176,109,1,41.978947710057454,-1.8093757681284628,-2.860280612244898,6.251301020408163,-0.06097415723865304,4.677376624816594,"Martinez, Justin",679885,R,"Martinez, Justin",679885,pitcher-arm-angle-679885-R,Diamondbacks,2024,https://baseballsavant.mlb.com/leaderboard/pitcher-arm-angles?season=2024,2d7bf811125d5cd194f1c4197220fc9b214de7aa165448ebc31e93034103951b,2026-10-02T17:51:09.468897+00:00,190.5,https://www.mlb.com/player/679885,8673df42a3d55eaf535de8d020dc685bea4621aba78b16c2613adf1a62cbfaa8,2026-10-02T17:55:54.160771+00:00,1.905396551020408,0.8718135306122449,0.33890071961303087,1.425664395244098,41.993783016641366
1869,110,1,37.59935657230983,-1.8171576882126406,-2.3908025682182985,5.593017656500803,0.05545227375253813,4.148739274436366,"Rodriguez, Grayson",680570,R,"Rodriguez, Grayson",680570,pitcher-arm-angle-680570-R,Orioles,2024,https://baseballsavant.mlb.com/leaderboard/pitcher-arm-angles?season=2024,2d7bf811125d5cd194f1c4197220fc9b214de7aa165448ebc31e93034103951b,2026-10-02T17:51:09.468897+00:00,195.58,https://www.mlb.com/player/680570,091ac11269034e677812306d6b84e560a3f57848a645b6e9292ef10ca597d46e,2026-10-02T17:55:54.618029+00:00,1.7047517817014448,0.7287166227929375,0.1579451063859509,1.2645357308482044,37.64174202822487
2295,142,1,46.86911349811824,-1.2869274531712962,-1.0579782135076252,6.420209150326797,0.29503664942388125,4.733629990524235,"Woods Richardson, Simeon",680573,R,"Woods Richardson, Simeon",680573,pitcher-arm-angle-680573-R,Twins,2024,https://baseballsavant.mlb.com/leaderboard/pitcher-arm-angles?season=2024,2d7bf811125d5cd194f1c4197220fc9b214de7aa165448ebc31e93034103951b,2026-10-02T17:51:09.468897+00:00,190.5,https://www.mlb.com/player/680573,f488c5fbb7ce81350c934a48145c2e34856d1771ec8f47655dc2d4919f392e24,2026-10-02T17:55:55.687474+00:00,1.956879749019608,0.3224717594771242,-0.1597108989938859,1.442810421111787,46.83321902977155
1003,114,1,11.778079577222424,-2.490515036023413,-3.040089730807577,4.490189431704885,-0.47274894452116023,4.068595092085597,"Sandlin, Nick",680704,R,"Sandlin, Nick",680704,pitcher-arm-angle-680704-R,Guardians,2024,https://baseballsavant.mlb.com/leaderboard/pitcher-arm-angles?season=2024,2d7bf811125d5cd194f1c4197220fc9b214de7aa165448ebc31e93034103951b,2026-10-02T17:51:09.468897+00:00,180.34,https://www.mlb.com/player/680704,08959e54dc18d2e1089ccc54f18c393b32f14ca821d56be24193aac9b1e2f00d,2026-10-02T17:55:57.221945+00:00,1.368609738783649,0.9266193499501496,0.31160424526026287,1.24010778406769,11.801660805813121
2403,120,1,52.02383745083378,1.4364986886722173,1.8493799417394923,6.034481897627965,-0.03499019741366073,4.14450963431035,"Parker, Mitchell",680730,L,"Parker, Mitchell",680730,pitcher-arm-angle-680730-L,Nationals,2024,https://baseballsavant.mlb.com/leaderboard/pitcher-arm-angles?season=2024,2d7bf811125d5cd194f1c4197220fc9b214de7aa165448ebc31e93034103951b,2026-10-02T17:51:09.468897+00:00,193.04,https://www.mlb.com/player/680730,56306253f46c66a6c5b833eaae42b4e5df85dd246505c90f6afc61cd9102c732,2026-10-02T17:55:57.265061+00:00,1.8393100823970039,-0.5636910062421973,-0.11518119376322163,1.2632465365377947,52.09649634238987
1312,115,1,42.54015199926495,-1.5086616561183614,-2.2021189024390244,5.276036585365854,0.1674699117022086,3.733388228093344,"Vodnik, Victor",680767,R,"Vodnik, Victor",680767,pitcher-arm-angle-680767-R,Rockies,2024,https://baseballsavant.mlb.com/leaderboard/pitcher-arm-angles?season=2024,2d7bf811125d5cd194f1c4197220fc9b214de7aa165448ebc31e93034103951b,2026-10-02T17:51:09.468897+00:00,182.88,https://www.mlb.com/player/680767,9c151a080d0f695e4af3fa8efe132a9584f87d44c816e977619a14c913e1579f,2026-10-02T17:55:58.732759+00:00,1.6081359512195124,0.6712058414634147,0.1603209395917049,1.1379367319228513,42.62529746924528
1887,144,1,33.23735717952689,-2.258937003113078,-2.5582670906200318,5.439798622151564,-0.5218472213484324,4.301821779895655,"Schwellenbach, Spencer",680885,R,"Schwellenbach, Spencer",680885,pitcher-arm-angle-680885-R,Braves,2024,https://baseballsavant.mlb.com/leaderboard/pitcher-arm-angles?season=2024,2d7bf811125d5cd194f1c4197220fc9b214de7aa165448ebc31e93034103951b,2026-10-02T17:51:09.468897+00:00,185.42000000000002,https://www.mlb.com/player/680885,c8d83c4561bb4113bc3da33d0c5294f65d19ccbf6c7a206d14715a408976b863,2026-10-02T17:55:57.886831+00:00,1.6580506200317968,0.7797598092209858,0.25029484373912164,1.3111952785121956,33.229023290209824
1687,135,1,36.734721861185044,-1.8452312919236815,-2.028968583283936,5.9464552459988145,0.03147377190785782,4.545042939718324,"Vásquez, Randy",681190,R,"Vásquez, Randy",681190,pitcher-arm-angle-681190-R,Padres,2024,https://baseballsavant.mlb.com/leaderboard/pitcher-arm-angles?season=2024,2d7bf811125d5cd194f1c4197220fc9b214de7aa165448ebc31e93034103951b,2026-10-02T17:51:09.468897+00:00,182.88,https://www.mlb.com/player/681190,bd64af4bc2919b667f1d4507bb7ab512a0c6231b7c154eb7b6ee85dd0b9726d9,2026-10-02T17:55:59.012380+00:00,1.8124795589804388,0.6184296241849437,0.046409920729090545,1.3853290880261453,36.75019926553141
2505,117,1,24.638970508202714,-2.240839662102975,-1.688934131736527,5.0593612774451096,-0.18381528547183706,4.116487344419895,"Arrighetti, Spencer",681293,R,"Arrighetti, Spencer",681293,pitcher-arm-angle-681293-R,Astros,2024,https://baseballsavant.mlb.com/leaderboard/pitcher-arm-angles?season=2024,2d7bf811125d5cd194f1c4197220fc9b214de7aa165448ebc31e93034103951b,2026-10-02T17:51:09.468897+00:00,187.96,https://www.mlb.com/player/681293,86f4d1982956bfb464e872fd8fca157d928e6e49fabb99763ede3cc1f8b02661,2026-10-02T17:55:59.376614+00:00,1.5420933173652696,0.5147871233532935,-0.1121939066438774,1.2547053425791839,24.625201220377377
1190,138,1,52.64598373409312,-1.1512344728632122,-2.1960756302521007,5.7819915966386555,0.2495194420227984,3.945472516439731,"Fernandez, Ryan",681676,R,"Fernandez, Ryan",681676,pitcher-arm-angle-681676-R,Cardinals,2024,https://baseballsavant.mlb.com/leaderboard/pitcher-arm-angles?season=2024,2d7bf811125d5cd194f1c4197220fc9b214de7aa165448ebc31e93034103951b,2026-10-02T17:51:09.468897+00:00,182.88,https://www.mlb.com/player/681676,5def2fe0df4149faa6261eaa8fd96a03f0112623c8c197a961f3943cdf26b6d3,2026-10-02T17:56:00.198926+00:00,1.7623510386554624,0.6693638521008404,0.24241405884358427,1.2025800230108301,52.666429049907954
1840,116,1,38.512845421232306,-1.9633390844551184,-2.666358695652174,6.02054347826087,-0.06357953712314965,4.50562348557506,"Olson, Reese",681857,R,"Olson, Reese",681857,pitcher-arm-angle-681857-R,Tigers,2024,https://baseballsavant.mlb.com/leaderboard/pitcher-arm-angles?season=2024,2d7bf811125d5cd194f1c4197220fc9b214de7aa165448ebc31e93034103951b,2026-10-02T17:51:09.468897+00:00,185.42000000000002,https://www.mlb.com/player/681857,2fffc395334b7df587f388e31db24bc90b555d41b5fe4570fa80b7a4738375dd,2026-10-02T17:56:01.314520+00:00,1.8350616521739134,0.8127061304347827,0.23365942040799853,1.3733140384032785,38.56981191398588
1755,111,1,12.37057332915455,-2.797251150315204,-1.7592478632478632,4.9772193732193735,-0.39934396036788194,4.4504544747119255,"Criswell, Cooper",681867,R,"Criswell, Cooper",681867,pitcher-arm-angle-681867-R,Red Sox,2024,https://baseballsavant.mlb.com/leaderboard/pitcher-arm-angles?season=2024,2d7bf811125d5cd194f1c4197220fc9b214de7aa165448ebc31e93034103951b,2026-10-02T17:51:09.468897+00:00,198.12,https://www.mlb.com/player/681867,82ac0971d5fbcb753a47f128a309eebac7bd9f3b4e70bd5a42092bb96aa6acd6,2026-10-02T17:56:00.216303+00:00,1.517056464957265,0.5362187487179487,-0.1946633627779951,1.356498523892195,12.38976152959597
1090,119,1,61.31478414680861,0.7824376343029464,0.5381834862385321,5.897899082568808,-0.3375379762547221,3.8506953260069667,"Vesia, Alex",681911,L,"Vesia, Alex",681911,pitcher-arm-angle-681911-L,Dodgers,2024,https://baseballsavant.mlb.com/leaderboard/pitcher-arm-angles?season=2024,2d7bf811125d5cd194f1c4197220fc9b214de7aa165448ebc31e93034103951b,2026-10-02T17:51:09.468897+00:00,185.42000000000002,https://www.mlb.com/player/681911,72bb8e6ae057c3a7f6e27b3f9c0e8d7ff251eb5b76a4bee7d36df83e62907689,2026-10-02T17:56:01.623598+00:00,1.7976796403669726,-0.16403832660550458,0.17733023949247279,1.1736919353669235,61.3179984256431
990,114,1,30.92384316438876,2.376196063862603,2.204222222222222,5.720121212121212,0.3704288530582113,4.517394167701975,"Herrin, Tim",682120,L,"Herrin, Tim",682120,pitcher-arm-angle-682120-L,Guardians,2024,https://baseballsavant.mlb.com/leaderboard/pitcher-arm-angles?season=2024,2d7bf811125d5cd194f1c4197220fc9b214de7aa165448ebc31e93034103951b,2026-10-02T17:51:09.468897+00:00,198.12,https://www.mlb.com/player/682120,5e721a49cb5d79a9944571c15605ee471707aafba201ab7a95fed0cba8388b6f,2026-10-02T17:56:02.848366+00:00,1.7434929454545456,-0.6718469333333333,-0.060489087480154725,1.376901742315562,30.948352149342295
2749,136,1,43.027111229594645,-1.584259320867821,-1.385638413968716,5.567930156420517,0.1661017831472018,3.9310862940923585,"Miller, Bryce",682243,R,"Miller, Bryce",682243,pitcher-arm-angle-682243-R,Mariners,2024,https://baseballsavant.mlb.com/leaderboard/pitcher-arm-angles?season=2024,2d7bf811125d5cd194f1c4197220fc9b214de7aa165448ebc31e93034103951b,2026-10-02T17:51:09.468897+00:00,187.96,https://www.mlb.com/player/682243,df777b89f457425444e0643e5df9a3c8ae235356d21a3e92e7c9f9fedd9580cd,2026-10-02T17:56:04.735615+00:00,1.6971051116769738,0.4223425885776646,-0.11116747592611437,1.198195102439351,43.08053379493469
1485,146,1,37.743226721742786,-1.7258798289107924,-1.5656565656565657,5.696713804713805,0.18445097883169184,4.2168062108308275,"Muñoz, Roddery",682610,R,"Muñoz, Roddery",682610,pitcher-arm-angle-682610-R,Marlins,2024,https://baseballsavant.mlb.com/leaderboard/pitcher-arm-angles?season=2024,2d7bf811125d5cd194f1c4197220fc9b214de7aa165448ebc31e93034103951b,2026-10-02T17:51:09.468897+00:00,187.96,https://www.mlb.com/player/682610,7d8d6a1f83fc887dffab15be79e433380a0e01d8128d724df371cdc347ce1c09,2026-10-02T17:56:05.034481+00:00,1.7363583676767678,0.47721212121212125,-0.10505670898778795,1.2852825330612363,37.76446259213415
2143,134,1,21.769395626404762,-2.2083496106858256,-1.8103033131124593,4.964638357442837,-0.0861132920015671,4.116028723789181,"Ortiz, Luis",682847,R,"Ortiz, Luis",682847,pitcher-arm-angle-682847-R,Pirates,2024,https://baseballsavant.mlb.com/leaderboard/pitcher-arm-angles?season=2024,2d7bf811125d5cd194f1c4197220fc9b214de7aa165448ebc31e93034103951b,2026-10-02T17:51:09.468897+00:00,187.96,https://www.mlb.com/player/682847,51cd5328caf31397670fe89e5b1da3a037f9ee510ed287d27b2b1f67e5fae73f,2026-10-02T17:56:05.284237+00:00,1.5132217713485767,0.5517804498366776,-0.0950771800982844,1.2545655550109422,21.794778562639678
1823,134,1,44.5666952976337,-1.6016992556721459,-1.3921338453099288,5.544443225452551,-0.05199715161684282,4.016731582531781,"Jones, Jared",683003,R,"Jones, Jared",683003,pitcher-arm-angle-683003-R,Pirates,2024,https://baseballsavant.mlb.com/leaderboard/pitcher-arm-angles?season=2024,2d7bf811125d5cd194f1c4197220fc9b214de7aa165448ebc31e93034103951b,2026-10-02T17:51:09.468897+00:00,182.88,https://www.mlb.com/player/683003,6c9464cbac29d338731072c82c461130bc5295fc98984ea596cf9ee8212e198c,2026-10-02T17:56:06.326410+00:00,1.6899462951179376,0.4243223960504663,-0.04802680526559008,1.224299786355687,44.590585058922784
2027,133,1,37.30281283125626,-1.7825559734712475,-2.071253083374445,5.8626541687222495,0.0325712567944162,4.479246618071366,"Estes, Joey",683155,R,"Estes, Joey",683155,pitcher-arm-angle-683155-R,Athletics,2024,https://baseballsavant.mlb.com/leaderboard/pitcher-arm-angles?season=2024,2d7bf811125d5cd194f1c4197220fc9b214de7aa165448ebc31e93034103951b,2026-10-02T17:51:09.468897+00:00,187.96,https://www.mlb.com/player/683155,03cd0c8465b958d240bc7e404f626a7c253654880a6a75e6bbbf6d086502e0b8,2026-10-02T17:56:06.940941+00:00,1.7869369906265418,0.6313179398125309,0.07806716002755659,1.3652743691881526,37.313003895230786
1011,158,2,60.78812304541522,-0.6235561307854052,-1.4774480712166171,6.165202769535114,0.46931632294316883,4.209868329480879,"Mears, Nick",683232,R,"Mears, Nick",683232,pitcher-arm-angle-683232-R,zMLB,2024,https://baseballsavant.mlb.com/leaderboard/pitcher-arm-angles?season=2024,2d7bf811125d5cd194f1c4197220fc9b214de7aa165448ebc31e93034103951b,2026-10-02T17:51:09.468897+00:00,190.5,https://www.mlb.com/player/683232,c44c38be20ecc079fddac69dbbcb370413a1829e3808ebd3902bf29e4e997aba,2026-10-02T17:56:07.252234+00:00,1.8791538041543028,0.4503261721068249,0.11721864821035556,1.283167866825772,60.79837069170939
1042,115,1,50.69986706176848,-1.2552328637125258,-1.7126679462571976,6.29531669865643,0.17527004098795337,4.546622135291038,"Molina, Anthony",683627,R,"Molina, Anthony",683627,pitcher-arm-angle-683627-R,Rockies,2024,https://baseballsavant.mlb.com/leaderboard/pitcher-arm-angles?season=2024,2d7bf811125d5cd194f1c4197220fc9b214de7aa165448ebc31e93034103951b,2026-10-02T17:51:09.468897+00:00,185.42000000000002,https://www.mlb.com/player/683627,4799a982e33b3aa28f774a2d4cd417cd36650e2ca08f906620671329f196a688,2026-10-02T17:56:07.110959+00:00,1.9188125297504801,0.5220211900191939,0.08600390466648777,1.3858104268367084,50.71544499708821
1075,114,1,34.22464413502277,-2.1084926308059164,-2.6749023255813955,6.1541116279069765,-0.11468715881109315,4.7967706568834725,"Gaddis, Hunter",683769,R,"Gaddis, Hunter",683769,pitcher-arm-angle-683769-R,Guardians,2024,https://baseballsavant.mlb.com/leaderboard/pitcher-arm-angles?season=2024,2d7bf811125d5cd194f1c4197220fc9b214de7aa165448ebc31e93034103951b,2026-10-02T17:51:09.468897+00:00,198.12,https://www.mlb.com/player/683769,11352a503e51af9f678592bcd58ab2afd87c47f7b06a9e2c70c7558276587612,2026-10-02T17:56:08.538822+00:00,1.8757732241860465,0.8153102288372094,0.20759832097318723,1.4620556962180824,34.246213222108054
2590,112,1,39.55195518236694,1.862092455621675,2.5622393822393823,5.426718146718147,0.16718687836805485,4.027508508042038,"Imanaga, Shota",684007,L,"Imanaga, Shota",684007,pitcher-arm-angle-684007-L,Cubs,2024,https://baseballsavant.mlb.com/leaderboard/pitcher-arm-angles?season=2024,2d7bf811125d5cd194f1c4197220fc9b214de7aa165448ebc31e93034103951b,2026-10-02T17:51:09.468897+00:00,177.8,https://www.mlb.com/player/684007,bacd315575b311350cc6342ef407b12a41b8ea3a85b13d9a9a3e74782cb634d9,2026-10-02T17:56:08.590753+00:00,1.6540636911196913,-0.7809705637065638,-0.2643633437596603,1.2275845932512133,39.54098153089499
1501,141,1,39.793378983690836,-1.8796699363164089,-1.7413124583610926,5.794810126582279,-0.13280196416886664,4.339241032834914,"Rodríguez, Yariel",684320,R,"Rodríguez, Yariel",684320,pitcher-arm-angle-684320-R,Blue Jays,2024,https://baseballsavant.mlb.com/leaderboard/pitcher-arm-angles?season=2024,2d7bf811125d5cd194f1c4197220fc9b214de7aa165448ebc31e93034103951b,2026-10-02T17:51:09.468897+00:00,182.88,https://www.mlb.com/player/684320,c6ab1312758e7eab3f4ba2ab3fd86d47dfb2637f1cae7d811b659fde7d8dc3dd,2026-10-02T17:56:08.764335+00:00,1.7662581265822788,0.5307520373084611,-0.0016933206021098502,1.3226006668080819,39.80258581575472
1074,146,1,21.88723312939534,-2.4435140252768623,-1.886973929236499,5.272169459962756,-0.05533926265613745,4.312299881164587,"Cronin, Declan",686539,R,"Cronin, Declan",686539,pitcher-arm-angle-686539-R,Marlins,2024,https://baseballsavant.mlb.com/leaderboard/pitcher-arm-angles?season=2024,2d7bf811125d5cd194f1c4197220fc9b214de7aa165448ebc31e93034103951b,2026-10-02T17:51:09.468897+00:00,193.04,https://www.mlb.com/player/686539,6a7a60afcd1a95a7425d6c307843b42462a2666338f46a316110e925e385f0fe,2026-10-02T17:56:10.429602+00:00,1.6069572513966481,0.575149653631285,-0.15276601401551204,1.3143890037789663,21.8964780275867
2027,145,1,25.072476741320834,-2.673735016307832,-2.3289590527873707,5.798815984213123,-0.5003058496394925,4.781583414677258,"Cannon, Jonathan",686563,R,"Cannon, Jonathan",686563,pitcher-arm-angle-686563-R,White Sox,2024,https://baseballsavant.mlb.com/leaderboard/pitcher-arm-angles?season=2024,2d7bf811125d5cd194f1c4197220fc9b214de7aa165448ebc31e93034103951b,2026-10-02T17:51:09.468897+00:00,198.12,https://www.mlb.com/player/686563,474290e273677cb5cd9d9c8ebd61e719a62a1413b6d91dbd7e81635788928fd4,2026-10-02T17:56:10.218314+00:00,1.7674791119881599,0.7098667192895907,0.047405509289080675,1.4574266247936283,25.08105846858897
2888,117,1,57.4260896986329,-0.970287026633872,-1.6092105263157894,6.256994459833795,0.21461922698757166,4.3983668993277245,"Brown, Hunter",686613,R,"Brown, Hunter",686613,pitcher-arm-angle-686613-R,Astros,2024,https://baseballsavant.mlb.com/leaderboard/pitcher-arm-angles?season=2024,2d7bf811125d5cd194f1c4197220fc9b214de7aa165448ebc31e93034103951b,2026-10-02T17:51:09.468897+00:00,187.96,https://www.mlb.com/player/686613,3ab855141bbf07797bb0bcba3b837dea7bb50bf79a8e4b13cc3d50c0298c0cc2,2026-10-02T17:56:11.030645+00:00,1.9071319113573408,0.4904873684210526,0.1293279423172366,1.3406222309150906,57.48180587445677
1554,113,1,30.157500718723995,-2.039690832429668,-1.627046332046332,5.318732303732304,-0.07962340392340392,4.180772751074222,"Spiers, Carson",686730,R,"Spiers, Carson",686730,pitcher-arm-angle-686730-R,Reds,2024,https://baseballsavant.mlb.com/leaderboard/pitcher-arm-angles?season=2024,2d7bf811125d5cd194f1c4197220fc9b214de7aa165448ebc31e93034103951b,2026-10-02T17:51:09.468897+00:00,190.5,https://www.mlb.com/player/686730,0b24838f47c0cf3dd43e1d76857b7e489f359f900f42f79fa7aeff3917f1d1f1,2026-10-02T17:56:12.057109+00:00,1.6211496061776063,0.495923722007722,-0.10150483020098733,1.2742995345274228,30.138234928924007
2148,139,1,41.79839400370237,-1.6844739431351576,-1.1078584729981378,5.964283054003724,-0.032050986284136135,4.487714755673727,"Pepiot, Ryan",686752,R,"Pepiot, Ryan",686752,pitcher-arm-angle-686752-R,Rays,2024,https://baseballsavant.mlb.com/leaderboard/pitcher-arm-angles?season=2024,2d7bf811125d5cd194f1c4197220fc9b214de7aa165448ebc31e93034103951b,2026-10-02T17:51:09.468897+00:00,190.5,https://www.mlb.com/player/686752,ed77039845e02d3e68251645d16719fb1c8271685dfaa7555937b042e101a558,2026-10-02T17:56:12.499144+00:00,1.8179134748603352,0.33767526256983244,-0.16598325467835895,1.367855457529352,41.78326320791255
1006,109,1,35.811156257399304,-1.7970159757579174,-2.2839264413518885,5.64844930417495,-0.07428721503421538,4.402919838455896,"Jarvis, Bryce",686826,R,"Jarvis, Bryce",686826,pitcher-arm-angle-686826-R,Diamondbacks,2024,https://baseballsavant.mlb.com/leaderboard/pitcher-arm-angles?season=2024,2d7bf811125d5cd194f1c4197220fc9b214de7aa165448ebc31e93034103951b,2026-10-02T17:51:09.468897+00:00,187.96,https://www.mlb.com/player/686826,877a546286dcbcf9dfadbf0af82fca2d5d16d3f5b152f76266121af0ce3fd788,2026-10-02T17:56:13.421942+00:00,1.721647347912525,0.6961407793240556,0.17105305305547128,1.342009966761357,35.866854356966044
1033,139,1,2.9885440995792747,-2.709576722749364,-1.8009680542110358,3.715837366892546,-0.6288215170324049,3.6058792161694386,"Kelly, Kevin",687330,R,"Kelly, Kevin",687330,pitcher-arm-angle-687330-R,Rays,2024,https://baseballsavant.mlb.com/leaderboard/pitcher-arm-angles?season=2024,2d7bf811125d5cd194f1c4197220fc9b214de7aa165448ebc31e93034103951b,2026-10-02T17:51:09.468897+00:00,187.96,https://www.mlb.com/player/687330,cd00da148123ebca730e32206129f8ab3bd64c100944fb75ab2095bffd727adf,2026-10-02T17:56:13.938408+00:00,1.1325872294288482,0.5489350629235238,-0.08527912377900548,1.099071985088445,3.024999339162288
2480,133,1,47.40417889054668,-1.6672343903423559,-2.671725806451613,6.2059879032258065,-0.09307258405928355,4.494800895362544,"Spence, Mitch",687765,R,"Spence, Mitch",687765,pitcher-arm-angle-687765-R,Athletics,2024,https://baseballsavant.mlb.com/leaderboard/pitcher-arm-angles?season=2024,2d7bf811125d5cd194f1c4197220fc9b214de7aa165448ebc31e93034103951b,2026-10-02T17:51:09.468897+00:00,185.42000000000002,https://www.mlb.com/player/687765,e5c9e882ed152a9015e3cb1327c46f4e17a8dea5cffc855de08b8e640f25c711,2026-10-02T17:56:14.885288+00:00,1.891585112903226,0.8143420258064517,0.3345375072513712,1.3700153129065034,47.38830594066691
1586,120,1,37.24127769473858,1.8702606474185628,2.0382723833543506,5.790296343001261,0.03271410705976762,4.3929951633387505,"Herz, DJ",687792,L,"Herz, DJ",687792,pitcher-arm-angle-687792-L,Nationals,2024,https://baseballsavant.mlb.com/leaderboard/pitcher-arm-angles?season=2024,2d7bf811125d5cd194f1c4197220fc9b214de7aa165448ebc31e93034103951b,2026-10-02T17:51:09.468897+00:00,187.96,https://www.mlb.com/player/687792,ca11f3206650d8825d2965bfcadb32c1176377e6b6b77d590306c2452053728e,2026-10-02T17:56:15.503000+00:00,1.7648823253467845,-0.621265422446406,-0.06118123694504529,1.3389849257856512,37.249966828983744
1149,119,1,53.028814453894725,-1.150137732800804,-0.8647519582245431,5.796927763272411,0.20357847876709034,3.9985862629520517,"Knack, Landon",689017,R,"Knack, Landon",689017,pitcher-arm-angle-689017-R,Dodgers,2024,https://baseballsavant.mlb.com/leaderboard/pitcher-arm-angles?season=2024,2d7bf811125d5cd194f1c4197220fc9b214de7aa165448ebc31e93034103951b,2026-10-02T17:51:09.468897+00:00,187.96,https://www.mlb.com/player/689017,454d862ca462460eb0673055f58611be937b9bbdfe1f43c8551aaf3e3a55ef16,2026-10-02T17:56:15.257353+00:00,1.7669035822454309,0.26357639686684076,-0.14903630441905347,1.2187690929477855,53.0290969434786
1063,143,1,31.196133011017807,-2.215434379257991,-1.4716839134524928,5.6517215428033865,-0.21379688040272124,4.4423816397610105,"Kerkering, Orion",689147,R,"Kerkering, Orion",689147,pitcher-arm-angle-689147-R,Phillies,2024,https://baseballsavant.mlb.com/leaderboard/pitcher-arm-angles?season=2024,2d7bf811125d5cd194f1c4197220fc9b214de7aa165448ebc31e93034103951b,2026-10-02T17:51:09.468897+00:00,187.96,https://www.mlb.com/player/689147,9d6a8c6cf599f74b0a39dc26ea8cd2e7b7c935f98d99f93991a4a351a27d0308,2026-10-02T17:56:16.217642+00:00,1.7226447262464724,0.44856925682031984,-0.16152985283076637,1.354037923799156,31.139334115836956
1145,116,1,49.097469681919144,-1.3413182494944025,-1.4837903930131005,5.978034934497817,0.2089479545259946,4.188228531708038,"Brieske, Beau",689225,R,"Brieske, Beau",689225,pitcher-arm-angle-689225-R,Tigers,2024,https://baseballsavant.mlb.com/leaderboard/pitcher-arm-angles?season=2024,2d7bf811125d5cd194f1c4197220fc9b214de7aa165448ebc31e93034103951b,2026-10-02T17:51:09.468897+00:00,190.5,https://www.mlb.com/player/689225,41afb8257caf82749c4c8e72182f3b4e22ea175b67d32b8dcaa3f2b02a268b51,2026-10-02T17:56:16.746996+00:00,1.8221050480349348,0.452259311790393,-0.020261827195024014,1.2765720564646101,49.10206190702453
2078,137,1,23.74676053939472,2.5294083950674238,1.9359528392685275,4.840572666025024,0.4247231865876108,3.9150274352824512,"Harrison, Kyle",690986,L,"Harrison, Kyle",690986,pitcher-arm-angle-690986-L,Giants,2024,https://baseballsavant.mlb.com/leaderboard/pitcher-arm-angles?season=2024,2d7bf811125d5cd194f1c4197220fc9b214de7aa165448ebc31e93034103951b,2026-10-02T17:51:09.468897+00:00,187.96,https://www.mlb.com/player/690986,0ec89d6855fcca3a004ca46bacafee582c6501bba557cf3335e154354239f330,2026-10-02T17:56:16.127186+00:00,1.4754065486044274,-0.5900784254090472,0.051429626135599815,1.1933003622740912,23.737718833140068
1715,136,1,26.8299827836407,-2.2155939948002925,-1.5092128279883381,5.04536443148688,-0.26240129838948567,4.056588193459202,"Woo, Bryan",693433,R,"Woo, Bryan",693433,pitcher-arm-angle-693433-R,Mariners,2024,https://baseballsavant.mlb.com/leaderboard/pitcher-arm-angles?season=2024,2d7bf811125d5cd194f1c4197220fc9b214de7aa165448ebc31e93034103951b,2026-10-02T17:51:09.468897+00:00,187.96,https://www.mlb.com/player/693433,b871c46b628e279a5c2e0fb4bc98d8cdf7f4c57ffa310633ef2f58e4509b3944,2026-10-02T17:56:16.963005+00:00,1.5378270787172013,0.4600080699708455,-0.13532506389516846,1.2364480813663647,26.85016965691558
2790,109,1,27.743143621567746,-2.4093714655386176,-1.9830035842293907,5.508007168458781,-0.3724358933739674,4.436423559184508,"Pfaadt, Brandon",694297,R,"Pfaadt, Brandon",694297,pitcher-arm-angle-694297-R,Diamondbacks,2024,https://baseballsavant.mlb.com/leaderboard/pitcher-arm-angles?season=2024,2d7bf811125d5cd194f1c4197220fc9b214de7aa165448ebc31e93034103951b,2026-10-02T17:51:09.468897+00:00,193.04,https://www.mlb.com/player/694297,cec8f4c4f4af7b423c9cfc2163bef8313376ca8c3d5d71610e0cc300adf43a0d,2026-10-02T17:56:18.657224+00:00,1.6788405849462367,0.6044194924731183,-0.016438469922667096,1.352221900839438,27.74779608520319
1290,145,1,39.73192795445831,1.659616746503721,1.4298449612403101,5.553232558139535,-0.0002744903204410756,4.173069746438392,"Shuster, Jared",694363,L,"Shuster, Jared",694363,pitcher-arm-angle-694363-L,White Sox,2024,https://baseballsavant.mlb.com/leaderboard/pitcher-arm-angles?season=2024,2d7bf811125d5cd194f1c4197220fc9b214de7aa165448ebc31e93034103951b,2026-10-02T17:51:09.468897+00:00,190.5,https://www.mlb.com/player/694363,d8e197b763a1abe4c83d94b2cd5f677dddd32675a1e3cb066ef59dfb3ac34737,2026-10-02T17:56:19.044867+00:00,1.6926252837209304,-0.43581674418604655,0.07011810479795809,1.271951658714422,39.74277298247916
2153,119,1,47.02032791689799,-1.2617987679311693,-1.887059916395727,5.611936832326986,0.2622761234789909,3.97669547209755,"Stone, Gavin",694813,R,"Stone, Gavin",694813,pitcher-arm-angle-694813-R,Dodgers,2024,https://baseballsavant.mlb.com/leaderboard/pitcher-arm-angles?season=2024,2d7bf811125d5cd194f1c4197220fc9b214de7aa165448ebc31e93034103951b,2026-10-02T17:51:09.468897+00:00,185.42000000000002,https://www.mlb.com/player/694813,22527348864177223b9aacd16b836daa3c8e560d52d8e726167f8c0a2f3689ba,2026-10-02T17:56:20.514141+00:00,1.7105183464932654,0.5751758625174176,0.11063783561560074,1.2120967798953333,47.01522806119674
2125,134,1,23.302048943848135,-2.756957058016092,-2.318103529411765,5.664536470588235,-0.552281638880151,4.714925331404006,"Skenes, Paul",694973,R,"Skenes, Paul",694973,pitcher-arm-angle-694973-R,Pirates,2024,https://baseballsavant.mlb.com/leaderboard/pitcher-arm-angles?season=2024,2d7bf811125d5cd194f1c4197220fc9b214de7aa165448ebc31e93034103951b,2026-10-02T17:51:09.468897+00:00,198.12,https://www.mlb.com/player/694973,dc9f4c7507de1a428df8953b66afeaceb485573089b60ee4f7f093e19b0dab93,2026-10-02T17:56:20.727575+00:00,1.7265507162352942,0.7065579557647059,0.034572888012071194,1.437109241011941,23.30280376443714
1024,133,1,33.95400873089078,-2.162280814416067,-2.051455078125,6.05671875,-0.14260596033868092,4.696207808148118,"Miller, Mason",695243,R,"Miller, Mason",695243,pitcher-arm-angle-695243-R,Athletics,2024,https://baseballsavant.mlb.com/leaderboard/pitcher-arm-angles?season=2024,2d7bf811125d5cd194f1c4197220fc9b214de7aa165448ebc31e93034103951b,2026-10-02T17:51:09.468897+00:00,195.58,https://www.mlb.com/player/695243,eb446c45d8f8c07aabc0235d19c0394261de7b425b195aa2c1c9679ec8f535e0,2026-10-02T17:56:19.825087+00:00,1.846087875,0.6252835078125001,0.009686612289712737,1.4314041399235462,33.96533896249596
1383,110,1,40.76471583136142,1.7929084913447055,1.8542588575560377,5.811409978308026,0.008798878861345368,4.271788445124977,"Povich, Cade",700249,L,"Povich, Cade",700249,pitcher-arm-angle-700249-L,Orioles,2024,https://baseballsavant.mlb.com/leaderboard/pitcher-arm-angles?season=2024,2d7bf811125d5cd194f1c4197220fc9b214de7aa165448ebc31e93034103951b,2026-10-02T17:51:09.468897+00:00,190.5,https://www.mlb.com/player/700249,da493c2448ddaec2e7bf0ca5227b40ebfb4f70652ad9fa87ec275d7f1f320ee3,2026-10-02T17:56:21.410139+00:00,1.7713177613882864,-0.5651780997830803,-0.021381489898152112,1.302041118074093,40.79299558715863
1099,142,1,56.38242701183972,-0.9512033536058623,-2.1007734303912646,6.154649681528662,0.35404882464856235,4.190241022871222,"Festa, David",701581,R,"Festa, David",701581,pitcher-arm-angle-701581-R,Twins,2024,https://baseballsavant.mlb.com/leaderboard/pitcher-arm-angles?season=2024,2d7bf811125d5cd194f1c4197220fc9b214de7aa165448ebc31e93034103951b,2026-10-02T17:51:09.468897+00:00,198.12,https://www.mlb.com/player/701581,a75a5d38d0951c32210992ed830120a9c41969616a8375a0033375c5acb32184,2026-10-02T17:56:22.198274+00:00,1.8759372229299363,0.6403157415832574,0.24247487765130882,1.2771854637711484,56.39793233992191
1388,137,1,41.46177148276231,-1.5906631766995043,-1.215086455331412,6.343832853025937,0.17110463939702159,4.787208131899603,"Birdsong, Hayden",806185,R,"Birdsong, Hayden",806185,pitcher-arm-angle-806185-R,Giants,2024,https://baseballsavant.mlb.com/leaderboard/pitcher-arm-angles?season=2024,2d7bf811125d5cd194f1c4197220fc9b214de7aa165448ebc31e93034103951b,2026-10-02T17:51:09.468897+00:00,195.58,https://www.mlb.com/player/806185,d7b89a151bded2991385ba54d1dce8f7292dcaf7b46d7d1baf52d8b316ae20d0,2026-10-02T17:56:22.160708+00:00,1.9336002536023056,0.3703583515850144,-0.1666284787612067,1.459141038602999,41.46247561734948
1421,119,1,46.05643145889845,-1.3542937233715435,-1.1769739619985926,5.515559465165376,0.0359924235524931,4.074529518014102,"Yamamoto, Yoshinobu",808967,R,"Yamamoto, Yoshinobu",808967,pitcher-arm-angle-808967-R,Dodgers,2024,https://baseballsavant.mlb.com/leaderboard/pitcher-arm-angles?season=2024,2d7bf811125d5cd194f1c4197220fc9b214de7aa165448ebc31e93034103951b,2026-10-02T17:51:09.468897+00:00,177.8,https://www.mlb.com/player/808967,01055fc6c06f0a81accede873c130ac96b1fe46c58ae81102867548c9d527715,2026-10-02T17:56:22.039779+00:00,1.6811425249824068,0.358741663617171,-0.06501755396527534,1.2419165970906982,46.02676432330426
