season,pitcher_trackman_id,player_id,player_name,pitcher_hand,pitches,valid_release_pitches,estimated_pitches,fixed_proxy_median_deg,estimated_median_deg,estimated_q10_deg,estimated_q90_deg,scenario_low_median_deg,scenario_high_median_deg,scenario_width_median_deg,height_cm,extension_median_m,extension_height_ratio_median
2019,458676,65543,린드블럼,Right,2887,2885,2885,37.29871499849854,40.38727301763616,35.81944825838726,45.44023716213077,21.196485172894924,61.74976042303307,40.50031666547608,195.0,1.77151,0.9084666666666666
2019,464400,62698,소사,Right,1426,1423,1423,57.57424575608064,73.62783715882348,60.76659610435539,86.50390644784254,44.28946162906326,90.0,45.35042390301834,185.0,1.67984,0.9080216216216216
2019,502010,67313,브리검,Right,2691,2687,2687,37.14919463242893,41.75467714438325,38.098087559550265,45.720765514123684,24.65502912204695,60.339099392707816,35.55500136822347,190.0,1.69532,0.8922736842105263
2019,518445,69748,채드벨,Left,2584,2578,2578,52.95892196519537,64.11756358654519,55.98398937821802,71.98426574488781,39.02234764703532,85.45904714858882,46.057871066188106,190.0,1.91001,1.0052684210526317
2019,518852,69343,요키시,Left,2587,2570,2570,29.443997730497998,32.942189072091224,29.273832895889345,37.74922902780303,17.22110020509954,51.613614208658845,34.32445230249486,188.0,1.776535,0.9449654255319149
2019,534648,67008,이대은,Right,1336,1333,1333,36.808593888899196,42.425376765170974,36.67496039113873,51.90211111917542,23.08802646168435,63.725059759292236,40.45930280010532,189.0,1.81426,0.959925925925926
2019,543184,69953,프리드릭,Left,992,986,986,50.587223306630534,57.92614537410482,50.19750813545211,65.81001033045794,37.19063532477853,76.82155270398684,39.4044265920839,194.0,1.7761550000000002,0.9155438144329897
2019,543391,69103,켈리,Right,2888,2886,2886,48.174877003922944,56.175875088363426,51.806859820704645,61.892930536255946,34.880475742557635,76.2721391649304,41.174737703425805,191.0,1.772105,0.927803664921466
2019,545363,69640,터너,Right,1642,1638,1638,40.99897528109934,46.348662434786256,35.26500585204018,68.73728247154236,19.58381510177747,75.19879901919074,54.30704070818268,196.0,1.94316,0.9914081632653062
2019,548384,65546,레일리,Left,2531,2529,2529,27.577963037198195,29.606756376769766,22.13568548888023,36.03524841578011,14.484312072937024,47.749562506891024,32.976946809207476,190.0,1.75845,0.9255000000000001
2019,571035,69032,쿠에바스,Right,2782,2778,2778,44.33188072266852,54.01011714023748,40.89822963521322,69.23338679198493,29.649427660284317,77.84142063358948,46.968532793955504,188.0,1.97784,1.0520425531914896
2019,573348,66960,정수민,Right,214,214,214,45.36685827921855,53.6470666609132,48.45767448286894,64.40650062515608,33.00208617397239,73.77654358317469,41.3986357182583,188.0,1.820075,0.968125
2019,593417,69045,알칸타라,Right,2372,2370,2370,42.05207727539782,49.132947240817586,30.695763066904675,67.29954669153209,23.27623514046907,76.9270438524641,49.94706213382673,193.0,1.9237350000000002,0.9967538860103629
2019,594902,69439,라이블리,Right,827,827,827,24.311579861173282,24.005823718902366,13.271977027190593,33.31021566777576,-2.334059150907332,63.90136281002281,67.2213174054289,193.0,1.99841,1.0354455958549222
2019,599683,69744,서폴드,Right,2942,2929,2929,39.39232141661587,46.2175453815359,40.151725388939546,53.43597832317375,26.322186250616195,66.99680383123535,40.43327080540311,188.0,1.65755,0.8816755319148937
2019,60140,60140,신정락,Right,729,728,728,4.325637887954627,7.356306892843038,-2.30125599605622,24.524214266345155,-8.248366478269908,26.070276476313886,32.05288258911515,178.0,1.662875,0.9341994382022472
2019,60146,60146,이승현,Right,510,510,510,57.12569839202858,73.12647636983925,65.25670448424431,81.64705415592911,46.411649234605676,90.0,43.46287338967673,181.0,1.812365,1.0013066298342541
2019,60263,60263,이재학,Right,2014,2011,2011,1.6936042982439459,1.8497805071982165,-4.6499109366512,8.94786462816396,-12.39175510722039,15.58385685069168,27.291881043170765,181.0,1.89762,1.0484088397790055
2019,60337,60337,김대유,Left,386,382,382,10.23082016749532,9.176666755811752,2.365384009238975,14.92618383824937,-5.160455086263774,26.656826042295926,31.667352103763413,187.0,2.0317749999999997,1.0865106951871657
2019,60339,60339,김건태,Right,794,792,792,33.741927833056266,40.08423436750137,34.33485314293011,45.601556267882216,22.21679706004221,59.6978495378649,37.50009806994818,185.0,1.653355,0.8937054054054054
2019,60559,60559,박시영,Right,909,904,904,72.79203519474888,84.60689461937855,77.70490047054605,88.94784830008653,53.26232142391825,90.0,36.73767857608175,181.0,1.74208,0.9624751381215468
2019,60634,60634,임기준,Left,223,223,223,15.114228650941563,18.22069925920523,6.441985075485332,27.61285252783025,4.493492254190596,37.8688494954269,33.002360719052554,182.0,1.67989,0.9230164835164836
2019,60757,60757,김경태,Left,197,197,197,3.9276104931954827,3.4198886451870245,-4.306023309728184,10.69923743404438,-17.267613350317706,22.41169109386651,40.732465560152875,183.0,1.89281,1.0343224043715846
2019,60768,60768,이태양,Right,876,872,872,72.82647038345118,86.694285945372,81.21425391728447,89.3371081399595,54.94400088792594,90.0,35.05599911207406,192.0,1.70221,0.8865677083333334
2019,60841,60841,박종훈,Right,2360,2356,2356,-63.5681696963171,-73.90937984918168,-76.85103422869227,-69.95706983844778,-85.75286430692472,-60.46182909182406,25.290073801792506,186.0,1.50019,0.8065537634408602
2019,60845,60845,문광은,Right,439,438,438,56.410640924506794,71.8879635944726,65.46996851861479,79.2487382105571,46.43477850827681,90.0,43.26131765663763,180.0,1.76206,0.9789222222222222
2019,61101,61101,임찬규,Right,1409,1402,1402,60.009143712615,81.14010645359176,49.2627223208567,88.58260171207102,36.70941157326385,90.0,50.281419792695225,185.0,1.9383650000000001,1.047764864864865
2019,61145,61145,이우찬,Left,1546,1544,1544,39.473202927411734,47.79713674828713,42.737598711536634,54.23321906843696,27.36031078559006,69.13169974205618,41.52206394306204,185.0,1.621245,0.8763486486486487
2019,61214,61214,이현호,Left,557,557,557,43.236117130941196,51.81365259337837,45.89430345691811,62.15630852091875,32.213256624003584,71.36826763173275,39.31591008136192,185.0,1.61754,0.874345945945946
2019,61268,61268,양현,Right,558,554,554,-16.9906273980734,-22.70917076048623,-28.60449110649471,-15.474801489761077,-34.91964945856471,-13.854898580361533,21.289601031991502,189.0,1.872045,0.9905000000000002
2019,61295,61295,강동연,Right,89,89,89,43.022986150747435,47.298292855743476,44.00752487411028,54.72181903958781,28.858008878336737,66.71522154258989,38.86077443238657,195.0,1.79179,0.9188666666666667
2019,61329,61329,윤지웅,Left,198,198,198,30.879188551486017,38.44024386428971,30.296863404915168,42.53159304170874,21.706529703771167,57.74152544258824,36.22394444681993,180.0,1.63644,0.9091333333333333
2019,61365,61365,김대우,Right,894,894,894,-49.647593030073395,-59.046189940265435,-67.86820803813046,-49.918848199398454,-73.2320991262904,-44.61696733012574,28.09476596515831,183.0,1.74132,0.9515409836065574
2019,61396,61396,박정준,Right,47,47,47,23.292094086175734,30.766243424657596,25.281862412186797,39.121056528499246,5.005468034125271,67.38906240347993,62.75560272652631,184.0,1.80168,0.9791739130434782
2019,61456,61456,윤영삼,Right,967,963,963,40.444783675307725,49.801615336123966,45.098605222816545,55.39514609287421,31.08210819722461,69.06425039593837,37.80846200081116,181.0,1.81936,1.005171270718232
2019,61457,61457,임현준,Left,596,596,596,-15.40096149208316,-19.437404607828253,-28.60363353321734,-14.657138880563835,-31.291894116844098,-10.91452144009641,20.65103412305249,185.0,1.90552,1.0300108108108108
2019,61643,61643,홍건희,Right,663,661,661,42.459460715695805,51.885717072242564,44.187456435952406,68.21464390996447,28.291385986755998,75.90412799396805,48.29747376849402,187.0,1.91761,1.0254598930481282
2019,61895,61895,서진용,Right,1078,1068,1068,45.72529775055783,57.9904150604698,43.15028577332208,68.27519999436427,32.677669381080364,81.44631379889628,46.64960422864182,184.0,1.877665,1.020470108695652
2019,61962,61962,김정후,Right,35,35,35,40.303791478086474,53.80934354615284,48.44924210123734,58.331773589252414,29.798884702761157,77.11037546119394,48.20878146081567,178.0,1.92763,1.082938202247191
2019,62056,62056,정영일,Left,3,3,3,63.482882725417916,44.505571838462714,42.39773874034642,45.3580934628173,23.00208436957547,67.91941366686179,44.02684130763399,188.0,2.20913,1.1750691489361702
2019,62056,62056,정영일,Right,694,684,684,68.15154387878025,84.96837412104642,77.63675639396186,89.09806077153937,47.148524108981846,90.0,42.851475891018154,188.0,2.1128549999999997,1.1238590425531916
2019,621245,69861,다익손,Right,2239,2238,2238,59.3525921650365,67.42835066340182,47.954498520111514,75.98386708965153,43.20377302435125,86.68641074309609,41.23626825117466,205.0,1.79397,0.8751073170731708
2019,62242,62242,윤명준,Right,976,972,972,40.03502373464619,53.01789494467705,47.79608424969996,57.94697712600494,30.02168057687745,75.8986803723283,45.43479213775548,178.0,1.686725,0.9475983146067416
2019,62360,62360,김태훈,Right,917,917,917,52.057773791009424,66.22128348887841,56.378254948677366,75.59025221791028,36.99895703978362,90.0,50.999486344760605,187.0,1.76997,0.9465080213903743
2019,62363,62363,한현희,Right,875,874,874,-5.188833657503936,-6.8540734489007065,-11.777044444504476,-1.54195947130413,-19.847918635651205,1.577429725276489,22.363849087002507,182.0,1.8018800000000001,0.990043956043956
2019,62528,62528,김원중,Right,1742,1721,1721,43.64941344061444,50.521752717271774,45.37138206178396,55.20129250932853,28.46339788518377,72.51761083356918,44.04423711162086,192.0,1.8666,0.9721875000000001
2019,62611,62611,임준섭,Left,798,797,797,55.508237765602715,69.26230892766625,62.74131935595607,74.56201877281683,45.85671486535252,88.28261848873419,42.10531006404235,181.0,1.77814,0.9823977900552486
2019,62648,62648,김윤동,Right,156,147,147,34.90639569852165,46.03705429426691,37.752049129184456,87.17366973923227,15.668183038336695,79.89577468243837,62.55029022134742,186.0,2.09337,1.125467741935484
2019,62655,62655,홍성민,Right,229,229,229,24.76489210748897,26.401180372738384,14.898343429870565,34.46861498188261,4.423952119313371,56.92357816653872,53.63445891277812,191.0,1.86801,0.9780157068062827
2019,62754,62754,임기영,Right,339,336,336,-7.385707780708319,-11.327587508805152,-17.512838891828487,-5.579939296020738,-29.84606796621147,-0.5910273121172349,29.9937411231138,184.0,1.7894800000000002,0.9725434782608695
2019,62869,62869,문승원,Right,2238,2201,2201,41.19098778131131,53.82639858819135,45.8233949542648,60.70939866533416,29.99891365561383,77.45257909705991,46.945419283021344,180.0,1.64819,0.9156611111111111
2019,62920,62920,노건우,Left,66,66,66,31.384513289244346,43.160667155967914,36.04356084432885,48.85348306138313,15.642960157370208,75.85155397808097,60.029605218051245,182.0,1.806425,0.9925412087912087
2019,62929,62929,이민호,Right,207,207,207,63.678272923762066,85.1824105945031,77.61797689065708,89.04234318373464,45.27344753857743,90.0,44.72655246142257,185.0,1.67869,0.9074
2019,62937,62937,신재영,Right,510,510,510,0.9317375287549178,-2.633594634775941,-9.146274968937883,5.25322037016481,-31.339801285650125,21.818280517904313,52.08033656804462,185.0,1.7656800000000001,0.9544216216216216
2019,62951,62951,이형범,Right,940,935,935,45.302207875704624,63.33491132663716,52.81443293539893,72.4406524338151,29.83547165706407,90.0,58.620408432922275,181.0,1.77341,0.9797845303867403
2019,63103,63103,류원석,Right,80,80,80,-16.305997927195072,-21.511639664749175,-25.57419902455196,-16.45639111998846,-35.659223396375616,-11.637172690689777,24.254387408117648,186.0,1.88673,1.0143709677419355
2019,63104,63104,조근종,Right,158,158,158,-7.467264238701279,-12.305649519853585,-18.12085478850634,-7.491186478599133,-30.263960645375214,-1.7982833090740225,28.159255211877504,186.0,1.6874449999999999,0.9072284946236558
2019,63111,63111,류제국,Right,833,832,832,43.542721250293404,54.31008775531416,37.91237572013064,67.13979277699333,24.375463299333504,83.40252987952394,55.439070630981604,190.0,1.957625,1.030328947368421
2019,63145,63145,배재준,Right,1011,1010,1010,35.05622430015583,40.17982248296964,31.691515385472986,66.7927650467588,22.806918166018225,59.90230176924823,38.225405436625195,188.0,1.94424,1.0341702127659576
2019,63248,63248,함덕주,Left,949,939,939,35.2934550195083,44.50502780905245,37.43982743705417,52.273777658865605,24.753046363475377,66.21479542316101,41.35478405142342,181.0,1.85024,1.022232044198895
2019,63342,63342,조상우,Right,749,747,747,29.112679513200206,36.62088549465297,20.01569400196595,47.56281590060505,11.097354237833898,68.73136465341501,56.447151356259454,186.0,1.90797,1.025790322580645
2019,63348,63348,조성운,Right,68,68,68,60.3222409592238,80.34477983095778,71.85400826460484,87.27300493324447,45.100408721160164,90.0,44.899591278839836,185.0,1.8669099999999998,1.0091405405405405
2019,63512,63512,박진형,Right,532,524,524,44.346957976221006,60.87449380586324,51.442323109537234,70.98811361922444,30.01593269449743,88.82671381304945,56.24939912428557,181.0,1.812625,1.001450276243094
2019,63543,63543,구승민,Right,619,599,599,39.71421651019096,53.7943296651607,45.347763052039916,64.8484165356356,25.07920683301599,82.52171716444163,56.50638716433629,182.0,1.75838,0.9661428571428572
2019,63628,63628,고영창,Right,436,432,432,35.21625079826741,40.92640062357711,34.5439373038986,48.474601026818675,20.07486085579636,64.42404236245565,44.11025333264633,189.0,1.839095,0.9730661375661376
2019,63638,63638,박준표,Right,322,322,322,2.3021623801616244,2.837342422102488,-19.95862502524813,14.360038104616848,-32.2760385241676,34.668227468049935,58.69860855731824,181.0,1.844315,1.0189585635359115
2019,63765,63765,김종수,Right,528,527,527,41.69615300642807,56.24595904741007,50.388208374767814,66.28886283930204,28.953445286733775,82.0390445227494,52.339259843660514,180.0,1.64698,0.914988888888889
2019,63791,63791,송창현,Left,104,104,104,38.060235116986306,46.602393707513194,43.65373240486031,50.23985197087118,28.84015511599729,64.94590459800699,35.347019316167504,181.0,1.7836349999999999,0.9854337016574586
2019,63936,63936,윤강민,Right,139,139,139,-39.3190572712255,-47.024429977975544,-50.116676031553475,-43.05248693507392,-61.555931839224954,-33.928897051999414,27.73800092448149,183.0,1.8329,1.0015846994535518
2019,63950,63950,장현식,Right,940,938,938,44.905023477702095,56.56636447279292,49.54781358193435,64.60369519996793,34.71260203933335,77.20570579030706,41.93879335212741,181.0,1.770915,0.9784060773480663
2019,63959,63959,임정호,Left,96,96,96,22.04925349562832,25.774520026765074,18.442901255298224,36.85801674623863,-4.892576405533091,70.81899438378893,75.09224475634521,188.0,1.772525,0.9428324468085107
2019,63961,63961,윤호솔,Right,64,63,63,34.877892631581695,44.51843512551625,32.74462765567372,49.732495942184485,21.510117577064698,69.53910839227575,46.837106171298444,183.0,1.84098,1.006
2019,63991,63991,박진우,Right,1993,1946,1946,-8.157194832501864,-9.63216201113831,-13.167325063451074,-5.119510631046644,-24.53589677505187,-0.7135776661590547,24.19861524229671,180.0,1.717755,0.9543083333333333
2019,64021,64021,박세웅,Right,996,991,991,54.87592151716782,76.3857610162965,55.58098192897462,87.26169697844578,38.47695974485707,90.0,51.03994752020785,182.0,1.7977,0.9877472527472527
2019,64047,64047,조현우,Left,143,143,143,28.58251384633672,36.077763664332124,29.221870561379188,44.38438345390872,16.315790782336048,59.06367881243033,43.24351841152982,182.0,1.81215,0.9956868131868131
2019,64051,64051,이영준,Left,556,556,556,43.593822408429666,53.756788029776345,49.93025635585732,58.18174049692948,32.10645788465689,75.19013323446065,42.81294342804619,184.0,1.866865,1.0146005434782608
2019,64155,64155,임지섭,Left,144,144,144,45.348556841573256,53.081712547118656,47.483740906246304,59.4135727682386,33.19110285598789,72.29714187243508,39.031543869871584,189.0,1.7613150000000002,0.9319126984126985
2019,64554,64554,문동욱,Right,284,284,284,58.28427610485697,73.00217323997656,64.78538614181136,85.80929297552103,45.110078893144376,90.0,44.674804157933174,187.0,1.67755,0.8970855614973261
2019,64565,64565,이인복,Right,255,255,255,45.82388982691337,55.28273683648725,51.71463930810578,61.75198977418274,33.22284305801379,76.40874811377665,43.531016691729484,187.0,1.80707,0.9663475935828876
2019,64615,64615,차명진,Right,208,208,208,34.09928052139021,40.09781202831057,35.850428369649855,43.93055374395105,18.82032062914429,64.49491329492508,45.70593227354402,188.0,1.9900950000000002,1.0585611702127662
2019,64718,64718,최설우,Right,318,317,317,46.28901203525709,58.375796878515565,53.96127983822155,63.233485600314445,37.382841401769106,78.11804619892392,40.732754056099836,179.0,1.58811,0.8872122905027933
2019,64759,64759,서균,Right,84,83,83,1.002653474120182,-1.2654943107993182,-5.086927733353614,2.0826966497202375,-17.36239647894416,11.510329087652808,29.166569122736316,185.0,1.80785,0.9772162162162161
2019,64760,64760,황영국,Left,68,68,68,31.32026455314346,38.069023508578994,31.0054407025688,43.8433346794417,17.77935518443484,62.6587992031329,44.00583313889749,185.0,1.8334549999999998,0.9910567567567566
2019,64768,64768,조이현,Right,224,223,223,55.763853140588246,70.03057378833611,61.54674377168021,78.07570828367693,43.42043758674884,90.0,45.69368552911409,185.0,1.86663,1.0089891891891891
2019,64805,64805,이승진,Right,308,307,307,67.71225138685145,83.4512845434347,74.5920855885939,88.57949506002974,57.33035899985528,90.0,32.66964100014472,186.0,1.70158,0.9148279569892473
2019,64893,64893,박민호,Right,735,734,734,-0.16603688699863894,-3.6867366842693152,-16.453921598630252,4.264412013450369,-28.062998945920718,15.430946987608847,42.08899492901334,185.0,1.7550599999999998,0.9486810810810811
2019,64995,64995,배재환,Right,967,963,963,37.65130294907276,45.25618021777465,40.30787547054656,50.85676326134808,24.71100073175716,67.35477474265085,42.346380094643095,186.0,1.88392,1.0128602150537633
2019,65042,65042,홍성무,Right,243,243,243,54.14547839569346,69.47317203062492,61.00801157244626,80.33213001995475,41.356701817355315,90.0,47.698483450323266,183.0,1.67399,0.9147486338797814
2019,65048,65048,김민수,Right,1250,1240,1240,46.47274718405294,55.42079695497023,51.029039441180466,59.98836666021181,33.77777799872677,75.90519630337074,41.95706716912693,188.0,1.9337650000000002,1.0285984042553191
2019,65056,65056,엄상백,Right,584,583,583,14.456824182472474,14.680069653341787,-1.0097054959737979,43.18896425570302,-11.919796870548552,47.87750748764941,55.53459184993864,187.0,1.83967,0.9837807486631015
2019,65058,65058,정성곤,Left,887,875,875,49.930059299489365,63.67198930264213,49.748973098281134,73.36013756858524,39.009887002908016,85.43794068833766,44.83572235641093,181.0,1.68467,0.930756906077348
2019,65060,65060,주권,Right,1009,1009,1009,34.02137794263585,44.33228228754043,36.22490167109257,53.207380224395955,21.990782830920878,69.07525258119162,46.653626609932104,181.0,1.7222,0.9514917127071822
2019,65062,65062,김재윤,Right,655,647,647,44.30953738407069,56.14860192339707,49.86590072400556,65.42049894959294,29.666422878259528,81.14262252739432,50.5766201075576,185.0,1.78654,0.9656972972972973
2019,65067,65067,조무근,Right,110,110,110,48.61767942432468,55.72459631531594,42.670993198927505,63.97578646870861,25.425160499118153,81.6747715505239,54.83585106217518,200.0,1.92882,0.96441
2019,65117,65117,이상규,Right,18,18,18,40.97137844281765,53.13345444862296,48.61188407955227,56.99091040467233,24.776879468238178,80.95889069614617,55.72135186396756,185.0,1.806555,0.9765162162162162
2019,65320,65320,최원태,Right,2277,2277,2277,41.480888274376106,55.26470144086329,46.173374869060986,64.7874740783014,25.2130851077999,84.6587858623976,58.01310974016812,184.0,1.86099,1.011407608695652
2019,65343,65343,김택형,Left,416,415,415,29.010925739278978,34.8691910578969,30.68524890883058,40.50571262938879,15.612092753683402,58.656138104101714,43.260136416330326,185.0,1.88505,1.0189459459459458
2019,65496,65496,홍정우,Right,123,123,123,50.60060247199907,64.45738255577139,58.30869358664837,73.13392072926274,39.011904202629566,86.24412447043225,45.5606464719543,182.0,1.97004,1.0824395604395605
2019,65509,65509,차재용,Left,170,167,167,72.10532433204764,86.30996759002444,82.07937698235754,89.19439566499804,58.959529942945224,90.0,31.040470057054776,184.0,1.90679,1.036298913043478
2019,65516,65516,배제성,Right,2202,2202,2202,68.52109878871423,85.42563591591824,78.73015835166925,89.05293562183002,55.20049081795011,90.0,34.79950918204989,189.0,1.743945,0.9227222222222222
2019,65616,65616,이민우,Right,634,633,633,41.109218880596835,49.26035692302556,41.90682897066328,58.42259790295892,29.9044791557889,69.2588850974747,39.0013685951702,185.0,1.88437,1.0185783783783784
2019,65618,65618,황인준,Right,72,72,72,47.9902741483534,61.535227085310176,54.09208724670672,66.6470622684659,34.968222550322125,84.71972779093556,51.063302659548285,184.0,1.724685,0.9373288043478261
2019,65639,65639,박정수,Right,105,105,105,-0.7191724228355698,0.815544302102003,-3.1574407453529485,4.083012420439128,-14.560944024039697,15.582785783637789,28.219204746567783,178.0,1.62323,0.9119269662921348
2019,65643,65643,문경찬,Right,378,374,374,30.168449592194243,36.04355121849748,27.507053254335148,46.18880513441231,15.668360173447233,60.31562027398684,44.1806419537697,186.0,2.12281,1.141295698924731
2019,65665,65665,이준영,Left,448,446,446,40.480890728482876,51.79880406869568,47.2224652090495,56.825543767291364,32.38727518402386,71.26045935038451,38.88649648446662,177.0,1.798635,1.016177966101695
2019,65764,65764,김민우,Right,985,985,985,49.7595023800211,63.54676986760012,53.24641468788088,74.19237749525189,34.6605929507893,87.9065122406923,50.960799590357546,186.0,2.01468,1.0831612903225805
2019,65769,65769,김범수,Left,1694,1691,1691,25.664622555904607,32.96651945646756,27.22009392130844,43.68210738427268,14.230526482010358,56.08685197693882,41.52675414254,181.0,1.76155,0.973232044198895
2019,65827,65827,조한욱,Right,42,42,42,63.926619931710775,82.61890590203072,75.28170352669424,88.31444915848276,49.85261686357145,90.0,40.14738313642855,186.0,1.8182749999999999,0.9775672043010752
2019,65933,65933,구창모,Left,1505,1502,1502,27.92242837762632,33.63595211806867,28.651917889655287,38.49417522909022,17.23063629682106,53.27599706903446,35.509367616831724,183.0,1.855375,1.0138661202185792
2019,65964,65964,이우석,Right,118,118,118,34.23078584520092,40.52990972856892,32.02376748145585,44.52916274090507,22.743565778035332,60.158157404720086,36.46907543680785,185.0,1.72796,0.9340324324324324
2019,66018,66018,김선기,Right,364,364,364,29.456010521885403,34.41339861394218,29.464716386070283,42.17584282742778,14.99851757789404,58.335950941831186,43.90509290929664,187.0,1.9611049999999999,1.0487192513368981
2019,66064,66064,김태오,Left,71,71,71,82.74853191231162,74.586243812813,70.19441454891205,78.97636202159661,42.50751018734447,90.0,47.49248981265553,183.0,1.72523,0.9427486338797814
2019,66145,66145,김대현,Right,958,954,954,44.649434970780945,57.689670215635644,36.70467786906137,80.90271468253562,26.47822616880573,87.80032890016525,48.36397194138175,188.0,1.8557549999999998,0.9871037234042553
2019,66291,66291,이영하,Right,2580,2574,2574,47.67659602643621,54.85997492539645,49.49107074961387,63.01624395340229,34.48349720840706,74.31978584747313,39.78915660813047,192.0,1.822175,0.9490494791666668
2019,66444,66444,이케빈,Right,65,65,65,48.3951539777711,65.53189305460336,58.778721307398776,71.83794705879279,30.288243817538604,90.0,58.31364893587905,184.0,1.89555,1.0301902173913042
2019,66451,66451,최충연,Right,690,690,690,40.92590419409895,47.59305727616545,39.995409765651615,54.02341036694868,26.576707775061116,69.48270963195137,42.47997616037681,190.0,1.9262000000000001,1.0137894736842106
2019,66492,66492,김승현,Right,228,228,228,35.83931603559488,47.33687192476465,38.520944805240475,58.17682411053001,24.67435135693202,71.95017419143844,47.43851748454602,180.0,2.0647149999999996,1.1470638888888889
2019,66609,66609,전상현,Right,417,407,407,44.05017731593515,60.54705964094109,48.71312958082773,71.65260426412169,30.061625372070715,88.30827456389365,54.95311144245218,180.0,1.872,1.04
2019,66741,66741,김재영,Right,58,58,58,-18.21026359823646,-24.942972948868622,-27.099306307204998,-22.210304446541556,-41.25964900728551,-13.418800355865155,27.97972506037266,187.0,2.05258,1.0976363636363637
2019,66859,66859,김주한,Right,216,211,211,7.180875095480608,7.022672473609887,1.041503893554104,11.523013057326876,-10.636751997098518,26.886702748105677,40.98690712072396,184.0,1.88705,1.025570652173913
2019,66920,66920,최성영,Left,1294,1294,1294,31.04840113363276,40.53606650264373,34.890472983722354,46.494415544846284,20.193788370610925,64.37508379443096,43.87585267251546,180.0,1.907425,1.0596805555555555
2019,67048,67048,이정현,Right,213,213,213,69.41881751168324,86.50771888936391,77.00653618045048,89.3014235778582,53.083364592148605,90.0,36.916635407851395,188.0,1.55126,0.8251382978723405
2019,67066,67066,이종혁,Right,103,103,103,31.062860954316736,34.34911084714289,27.625201130318654,45.023733007786156,17.390328702496763,54.726290589048496,37.214449873506595,190.0,2.02565,1.0661315789473687
2019,67116,67116,오석주,Right,101,101,101,56.83750071932684,76.02610046013467,62.21429695577176,87.324739004685,45.49126529275345,90.0,44.50873470724655,180.0,1.83671,1.0203944444444444
2019,67119,67119,고우석,Right,1112,1096,1096,34.55322069535568,45.856450089725556,36.74970231721061,55.15234415397961,20.680546813341994,73.62734891982771,52.35590946663947,182.0,1.72224,0.9462857142857142
2019,67263,67263,최원준,Right,887,881,881,-14.862600256540846,-17.956368812465737,-23.73201244072824,-13.816893297272998,-30.6494991347724,-9.277715298460803,20.918444685636942,182.0,1.83787,1.0098186813186811
2019,67266,67266,박치국,Right,774,766,766,-17.899036003530266,-19.767825200579374,-25.72169697073852,-15.5847601430223,-34.66995140561158,-9.783105236100784,24.537898352387238,177.0,1.8753199999999999,1.059502824858757
2019,67365,67365,양지율,Right,84,84,84,45.25762560011374,65.20841712453054,52.95241264868241,86.53488789986878,21.609614241574313,90.0,67.59916328781264,185.0,2.108575,1.1397702702702701
2019,67421,67421,최지광,Right,1091,1078,1078,38.063929460059114,54.11943062770439,48.549626399018045,63.43479884556674,30.101118152737072,78.26053552888897,48.251076769100116,173.0,2.03101,1.1739942196531792
2019,67443,67443,장지훈,Right,267,267,267,40.28613477724605,46.992489382513355,36.325429827901615,61.60281382359865,25.079058095539686,70.4258050164658,46.15881278871507,190.0,2.06525,1.0869736842105262
2019,67467,67467,김시현,Right,239,239,239,46.672316062970836,60.894162610848895,53.42831916992418,69.55319778334822,35.05366499924441,84.40554667047263,47.94702533109762,181.0,1.66051,0.9174088397790054
2019,67588,67588,윤성빈,Right,21,21,21,33.563874797669634,34.47755227425473,31.105814636298252,37.77994208658689,14.98887240947035,57.65054513590462,41.380113628776115,197.0,2.03012,1.030517766497462
2019,67603,67603,이승호,Left,1889,1886,1886,41.64329277802493,51.73245877328607,42.84753020019764,60.40517989137336,26.156475112960564,77.5158851381506,50.6508047723895,187.0,1.954145,1.0449973262032084
2019,67604,67604,강이준,Right,141,140,140,26.673203392803938,28.646605938002686,23.960038121427626,34.81659543166509,12.762789124787439,48.80864374818327,35.5173101042647,190.0,2.1921150000000003,1.1537447368421052
2019,67640,67640,유승철,Right,79,79,79,59.10757746599791,74.02881972826843,64.92444543969546,87.72387118720366,49.034635014633,90.0,40.31166478589349,184.0,1.88487,1.0243858695652173
2019,67646,67646,박진태,Right,91,91,91,-15.582382656313609,-18.812668908738665,-24.10370351213467,-11.0467210050376,-36.50064885514043,-7.608983991135963,28.930115890834344,180.0,1.70929,0.9496055555555555
2019,67703,67703,박상원,Right,902,898,898,38.50922928825557,45.87000299912896,39.581027068326506,51.76762253342943,24.957278452176084,68.22277132550462,43.341356864522936,187.0,1.793405,0.9590401069518717
2019,67737,67737,김진영,Right,282,282,282,24.390613749638643,31.210644215854423,25.956930581980274,37.869849372502784,14.396112125903915,52.10622134910375,37.057348529566475,180.0,1.79633,0.9979611111111111
2019,67762,67762,김성훈,Right,337,337,337,64.21815137435246,81.02080276957837,75.19245912341887,87.75104097733016,52.50744735576994,90.0,37.49255264423006,186.0,1.79189,0.9633817204301075
2019,67828,67828,김성민,Left,777,777,777,36.72509471694126,47.04032014952986,41.84596932124073,54.253512587322234,25.339272412292676,70.40813653288632,45.12225929187436,181.0,1.75122,0.967524861878453
2019,67863,67863,이원준,Right,73,72,72,63.734657772791635,79.53352241556183,72.18508796391151,85.4644100624963,50.34263632981139,90.0,39.65736367018861,190.0,1.897025,0.9984342105263158
2019,67962,67962,소이현,Right,23,23,23,77.89776705454886,77.44200222436059,60.907744959176625,83.86903931191318,40.9406369938959,90.0,48.502871660842004,185.0,1.83337,0.9910108108108108
2019,68036,68036,최이준,Right,18,18,18,53.89240910379172,73.92213698948308,66.71724567645347,85.09018818216828,38.71833118679798,90.0,51.28166881320202,182.0,1.795845,0.9867280219780219
2019,68043,68043,김민,Right,2140,2140,2140,36.65124556385992,45.384785704190556,39.621656316225405,52.69849161982173,22.56530691587823,69.9061321415833,47.02019798887659,185.0,1.794365,0.9699270270270269
2019,68050,68050,강백호,Right,14,14,14,20.17125526571609,23.86267228240167,20.5994112530442,38.32116769796151,7.8031150712634325,45.796412526729256,38.244193235164424,184.0,1.8403450000000001,1.0001875
2019,68135,68135,윌슨,Right,2567,2559,2559,49.3367000971147,59.78636830028222,53.35280661370335,66.41997798000615,35.9257792869394,81.27915319402454,45.11494857753912,188.0,1.94322,1.033627659574468
2019,68240,68240,후랭코프,Right,1973,1966,1966,36.18570669533723,38.440096305375704,33.53517536204854,43.51406864712486,22.40310436771749,56.121581063630586,33.69286050328361,195.0,1.788735,0.9173
2019,68249,68249,박신지,Right,18,18,18,29.498111247914885,35.00920227432448,32.12137168315299,42.559234612844456,17.544915614034167,56.266504489989714,38.00358575969888,185.0,1.54968,0.8376648648648648
2019,68341,68341,안우진,Right,1471,1469,1469,51.85230888013711,64.32965099555673,56.42517154342914,72.83719053629267,33.580164471871875,89.6381040722312,53.94786597027847,192.0,1.67035,0.8699739583333334
2019,68403,68403,김무신,Right,204,204,204,43.78588086636939,55.35462047426522,50.510087654208434,61.665244112088274,31.480378608495435,78.62877459033476,46.57453731447425,183.0,1.92361,1.0511530054644809
2019,68419,68419,최지명,Left,1704,1699,1699,34.71887039326977,40.04408566937405,36.77760296788028,43.31317885623615,24.102801777982773,57.56555749265769,33.1983033806073,186.0,1.79523,0.9651774193548387
2019,68454,,,Right,29,29,0,-43.23944745317748,,,,,,,,1.69754,
2019,68501,68501,최하늘,Right,70,70,70,25.601205340941764,28.22893836686866,20.720252786366313,39.32253369400011,6.330242975889597,58.91087163857395,52.33074572282827,190.0,1.7950300000000001,0.9447526315789474
2019,68556,68556,정성종,Right,781,771,771,44.884060066985384,62.338841445289816,50.29389628972947,73.51232472102656,29.899393886790847,90.0,57.682909180945394,181.0,1.74798,0.9657348066298342
2019,68639,68639,하준영,Left,530,526,526,34.10094556491903,43.02589101185015,37.40501772510551,48.94376115501732,22.761809449477326,65.63767375098296,42.70410526359139,182.0,1.8458649999999999,1.0142115384615384
2019,68701,68701,김진욱,Right,20,20,20,25.37214775438185,36.44976329785987,32.66366929625576,43.18090300865184,16.256279267939924,62.81865679241396,46.48766839529408,176.0,1.8948649999999998,1.0766278409090908
2019,68703,68703,박성웅,Left,636,636,636,38.04527377166295,50.57038521060137,44.648555956899614,58.74468562291618,28.173962751983296,74.02828762874935,44.89079932401827,178.0,1.83443,1.0305786516853932
2019,68815,68815,산체스,Right,2497,2493,2493,66.74296679574013,81.57677737347453,69.62196057324802,88.47470096480484,44.14796646723735,90.0,45.85203353276265,185.0,1.86742,1.0094162162162161
2019,68830,68830,김정우,Right,22,22,22,34.853888959887065,49.2563400036848,40.82388971320664,63.94036502529928,15.40213091070514,86.64537973984105,70.6144229021748,183.0,1.837275,1.0039754098360656
2019,68900,68900,김영규,Left,1086,1086,1086,37.12517505998184,42.70535345525737,30.086696116556073,52.9819279914483,24.64266216380814,61.994306736519064,35.94487522197258,188.0,1.799305,0.9570771276595746
2019,69041,69041,손동현,Right,850,843,843,33.126575137761385,41.003922730663504,33.822567204167235,59.897510665693446,21.09625238052974,63.707828195634,44.30902065921622,183.0,1.84842,1.0100655737704918
2019,69047,69047,전용주,Left,97,97,97,32.838239216218504,37.56005263896037,30.790350693399237,45.80032090635267,20.338739288715473,57.706954906874316,36.64107784141302,188.0,1.76532,0.9390000000000001
2019,69054,69054,이상동,Right,97,97,97,32.42000337085354,40.86309100776869,34.88674776895654,47.1454444214094,22.245418431766584,62.434562892037036,39.748789855463414,181.0,1.87793,1.0375303867403316
2019,69068,69068,이선우,Right,25,25,25,-11.34899411667999,-15.644361251877195,-21.166445632274232,-13.175161690661596,-29.689937550005023,-6.85216174958544,22.62324282021994,186.0,2.08798,1.1225698924731182
2019,69111,69111,한선태,Right,79,79,79,-11.692793706621208,-15.787507697463674,-25.624832250816702,-12.59281766078752,-33.11908764486694,-4.9973173261307675,27.26544109094757,183.0,1.95834,1.0701311475409836
2019,69158,69158,강정현,Right,154,154,154,49.503451817565015,71.51815896044423,61.11575077837502,79.05440412076624,33.42396253295247,90.0,56.57603746704753,180.0,1.833895,1.0188305555555555
2019,69159,69159,정우영,Right,952,934,934,-12.655250333831994,-25.67384990143704,-35.84931155523381,-17.358430351524692,-51.745544258667124,-9.029311535056783,41.53687512168863,193.0,1.94709,1.008854922279793
2019,69168,69168,이상영,Left,33,33,33,30.987323383812786,32.82885285970297,29.236614144147932,36.09834017333188,16.81022308303111,52.02442553363145,34.85250466699924,193.0,2.06641,1.070678756476684
2019,69328,69328,박주성,Right,95,95,95,21.75886830878595,29.3109736328516,23.478766777157976,34.59673185375414,8.454118059137908,57.09412551167628,47.00363318204183,181.0,1.89553,1.0472541436464087
2019,69360,69360,조영건,Right,39,39,39,51.94393117909665,75.99676229433987,70.29210516095505,84.43464161925253,35.80922982506036,90.0,54.19077017493964,180.0,1.831,1.0172222222222222
2019,69399,69399,윤정현,Left,46,46,46,28.1744871130252,31.902111789000124,27.610777941240663,36.78401797925994,17.781809187310976,48.329029386221464,31.965018848935024,186.0,1.753595,0.9427930107526881
2019,69413,69413,맥과이어,Right,1871,1868,1868,39.900212810625995,43.096722357453785,29.327791392868892,53.29425112717947,20.37251607668582,67.82694130565265,46.96461361226278,198.0,1.744045,0.880830808080808
2019,69435,69435,헤일리,Right,1396,1392,1392,50.40860968448894,57.930959476356406,50.446164468687854,65.44528467214622,35.57014863010454,78.56729269827133,42.37087123354712,195.0,2.085075,1.0692692307692306
2019,69446,69446,원태인,Right,1797,1797,1797,49.77380653421362,66.03429799582061,57.435665195863365,73.51167880712823,35.33292080397961,90.0,53.20379477087556,183.0,1.90245,1.0395901639344263
2019,69516,69516,김현수,Right,90,90,90,52.86164795526589,71.25993320013552,55.06832106849229,79.43300025568819,34.754479303907516,90.0,54.44724678357308,185.0,1.773685,0.9587486486486486
2019,69539,69539,서준원,Right,1659,1648,1648,3.3513918313333297,0.9928312863999673,-28.576204088969252,8.849068786832717,-23.720247408663106,23.719107439993873,45.69129383101409,185.0,1.91823,1.0368810810810811
2019,69550,69550,톰슨,Right,1060,1056,1056,32.363335445992135,34.36972072166722,29.65092270345724,56.69737635109797,19.07736985786446,52.058791196348785,33.07086669393875,193.0,1.8174299999999999,0.9416735751295338
2019,69594,69594,박진,Right,27,27,27,43.3094077685762,55.052992642397314,52.42450967906722,59.97543033563237,32.02140898890734,77.44112994683088,45.680398946014705,182.0,1.80768,0.9932307692307691
2019,69620,69620,김기훈,Left,561,560,560,45.995295332604584,57.242116593110666,47.684986615589615,69.58313511070172,33.961837109828465,78.84404019631339,44.03721413496379,184.0,1.6733,0.9094021739130435
2019,69645,69645,장유호,Right,109,109,109,67.90079258129434,83.17722277593398,76.00132637066287,88.30674018105931,45.55163695687437,90.0,44.44836304312563,179.0,1.80117,1.0062402234636871
2019,69646,69646,양승철,Right,294,291,291,38.22194454376654,42.159340689260986,36.789433237287334,46.49687066384905,24.12293577699507,61.67164358779265,37.285155928734056,193.0,1.69012,0.8757098445595856
2019,69656,69656,윌랜드,Right,1506,1502,1502,45.49249446644903,55.035326794602135,47.78008097693681,61.89811388614498,31.679058776635223,77.24983690873344,45.20274419005352,188.0,1.9197,1.0211170212765959
2019,69745,69745,김도현,Right,611,604,604,41.8220259560225,51.02823460556007,45.824009515392405,56.350440436034184,31.261165965409646,70.82965139313826,39.418226241760685,183.0,1.714255,0.9367513661202185
2019,69762,69762,박윤철,Right,563,563,563,42.53292380658731,56.48555389189163,44.21118414087146,67.17659408069119,24.13139669727148,87.25797259616813,61.32663545872258,186.0,1.81956,0.9782580645161291
2019,69813,69813,하재훈,Right,1034,1018,1018,83.99035016424492,70.35156850082632,64.21792544474023,80.75371912812203,46.815104107394745,89.24840180232067,40.53934265676939,182.0,1.73049,0.9508186813186814
2019,69839,69839,백승건,Left,287,287,287,44.001156567885886,56.54987097582863,48.09518945884962,65.1813590639459,31.37075734182383,80.84946353278448,48.81372122960671,183.0,1.70038,0.9291693989071038
2019,69934,69934,버틀러,Right,1248,1239,1239,49.91296001900211,59.5498376492684,42.5948659914075,77.15564994261972,37.80988771454321,79.30600905771294,38.85984792182361,188.0,1.62321,0.8634095744680852
2019,69940,69940,루친스키,Right,2621,2616,2616,37.94655552017126,45.00680261039082,37.77116567549138,55.17551108739046,23.395142644727294,68.12060934075261,44.91230973979022,188.0,1.9476149999999999,1.035965425531915
2019,69962,69962,송명기,Right,53,53,53,28.879312808751685,32.42302132708241,20.938694953195782,40.15791594212866,7.6588499909750505,68.34476782936879,60.480511592115114,191.0,1.88266,0.9856858638743455
2019,69969,69969,전사민,Right,13,13,13,54.93844515441992,63.565616986192424,60.62334633344382,65.20437758598445,42.63738015155952,81.95664119401206,39.27912908028895,194.0,1.9569,1.0087113402061856
2019,69974,69974,배민서,Right,75,75,75,5.3272364742305,4.701576544642013,0.10506701885494439,9.82387155865342,-12.187933065810647,22.800024902645713,33.1182229783851,184.0,1.91212,1.039195652173913
2019,70425,70425,배영수,Right,595,587,587,40.663290892433594,49.614083564274175,39.74426627265042,58.14441264873918,28.185651560882587,71.15648617242367,43.18306875846142,185.0,1.82684,0.987481081081081
2019,71118,71118,이동현,Right,73,73,73,37.828024021753635,44.370341018357145,36.71847250747637,53.702737906173,17.53862641948273,74.49510271315089,56.003931762268934,192.0,1.92579,1.003015625
2019,71845,71845,채병용,Right,84,84,84,83.32874478632468,72.28158037183668,60.11776111840989,79.8182090441145,44.719724896643456,90.0,44.78044787410941,185.0,1.784445,0.9645648648648648
2019,72447,72447,권혁,Left,584,584,584,52.387421674480535,61.590595667872556,53.46160976589167,87.81116348379818,38.96495941186687,81.86443288309725,40.59654883712418,192.0,1.605545,0.8362213541666668
2019,72523,72523,고효준,Left,986,975,975,37.38985821126254,51.141972210900946,38.445680744420436,62.376019694607095,25.471110496132432,77.33216991420716,51.53464066205552,179.0,1.73778,0.9708268156424581
2019,72862,72862,윤길현,Right,148,138,138,32.109600160149725,38.667003541128864,35.65937986801144,45.042234070620516,21.45704944998372,58.32152545261813,36.884781212863594,183.0,1.625955,0.8885
2019,73117,73117,우규민,Right,898,892,892,-17.940764877796596,-22.870590279287036,-28.24784366115589,-7.723499089583698,-37.32665806284104,-12.541377245773607,24.560534561469076,184.0,1.734345,0.942578804347826
2019,73248,73248,김승회,Right,911,908,908,39.272012576355465,52.88547905197434,42.85342147249914,83.45074414085269,29.380212537006408,76.77203685568264,46.66020454663494,177.0,1.6606299999999998,0.9382090395480225
2019,73738,73738,안영명,Right,859,854,854,38.619462082572696,47.45015447161708,43.77141568223557,52.15053576036068,27.65776589618921,68.36257370894816,40.29073814426391,183.0,1.90394,1.0404043715846993
2019,73750,73750,윤규진,Right,74,74,74,31.392588391526928,36.11443700460579,31.458324825025212,39.82029581251364,19.057913919093494,56.157441288178305,36.66784736922416,187.0,1.83574,0.9816791443850267
2019,73801,73801,송은범,Right,774,755,755,38.08578158561792,46.88193690594306,40.691171780189116,63.01505800913693,27.943921244809914,66.98771816195243,39.43806186745994,182.0,1.63863,0.9003461538461538
2019,74167,74167,심수창,Right,228,228,228,72.35524981129639,80.2258150283181,60.904134923115535,87.62711456238446,49.26205855333249,90.0,39.91150328139886,185.0,1.738,0.9394594594594594
2019,74359,74359,오주원,Left,864,863,863,20.952265740924616,23.864733766917716,19.53516951061605,28.227764984917595,11.199734148205579,39.5801595956462,28.367574888399687,184.0,1.84886,1.0048152173913043
2019,74454,74454,윤성환,Right,2129,2129,2129,44.28871225833582,57.605835896426576,48.7332345605697,66.70739474246872,30.37126771184902,83.12848721500059,51.83942405004766,183.0,1.66266,0.9085573770491803
2019,74513,74513,장원준,Left,60,60,60,40.86240088537794,50.55152627223295,44.61978216391781,55.396163549580805,28.081339369505287,73.5277560719778,45.55809776643,184.0,1.58758,0.8628152173913043
2019,74543,74543,최대성,Right,12,12,12,51.82703129910038,63.46549755139969,59.41103000262221,67.09356783840197,41.883496766330985,83.12028910624332,41.8089136453647,183.0,1.745155,0.9536366120218579
2019,74630,74630,박근홍,Left,344,340,340,31.304274164192787,38.8170465072103,33.05107976005401,44.518491307864615,22.418984642464103,57.349165883205245,34.842469628455206,180.0,1.6044450000000001,0.8913583333333333
2019,74731,74731,송창식,Right,9,9,9,65.39122443986726,87.04151651612275,80.36964813601531,89.36549102896687,51.96180334350608,90.0,38.03819665649392,183.0,1.75477,0.9588907103825136
2019,74748,74748,정재원,Right,31,31,31,0.9082047975839522,-2.6486608635455244,-4.943192906928341,3.0800901300858334,-17.752953105635164,9.827637216952196,27.546754766170846,187.0,1.7621,0.9422994652406417
2019,74857,74857,정우람,Left,844,836,836,31.700857125364983,39.901257193198504,33.54360158510443,46.582843357640904,21.041372658430404,61.233655754167366,39.87558300607272,181.0,1.6828750000000001,0.9297651933701657
2019,75138,75138,신재웅,Left,340,339,339,54.070581421705334,69.83809717330497,61.16857740507509,78.35276668705738,42.55163524719171,90.0,46.25004749270355,181.0,1.63279,0.9020939226519337
2019,75250,75250,박정배,Right,284,284,284,52.8588542599,68.76360483095155,61.136872882246266,76.69560011081404,42.28132738781483,90.0,46.391871253055015,180.0,1.858895,1.0327194444444443
2019,75258,75258,금민철,Left,1013,1013,1013,55.81015557434674,68.65487857303788,47.50236017431308,76.9879337751499,46.913127195875276,87.00403762734474,38.2644413446232,181.0,1.25085,0.6910773480662983
2019,75321,75321,손승락,Right,816,805,805,58.997241321568694,72.72237175159825,62.42663773309248,80.2489244593272,46.855185603738185,90.0,41.99242003928261,187.0,1.742,0.9315508021390374
2019,75340,75340,전유수,Right,994,984,984,38.59987290897416,48.34544537953169,41.72819471363852,56.2679367814919,24.662289394399984,73.22291069480391,47.57892457678368,185.0,1.7756949999999998,0.9598351351351351
2019,75342,75342,이보근,Right,299,299,299,51.95564339422212,63.96515947558515,55.46636597951133,71.6706135290264,38.59782175753734,85.14603614858602,46.06906599288006,187.0,1.75297,0.9374171122994651
2019,75867,75867,김진성,Right,709,705,705,54.85502784475984,65.8582296131695,54.603236810991135,84.15707416697873,44.47832706729415,84.1480798936418,38.17289301613601,186.0,1.57942,0.8491505376344086
2019,76118,76118,원종현,Right,905,898,898,25.334070058505304,44.352028831243445,28.800188978362854,63.62788584542317,0.11421228407515094,90.0,89.42381175600153,182.0,1.90461,1.0464890109890108
2019,76225,76225,김건국,Right,883,882,882,59.55055673057438,76.32012361213606,68.9484169229305,83.4771953594168,47.72612958198765,90.0,42.27387041801235,183.0,1.757025,0.960122950819672
2019,76329,76329,이현승,Left,106,106,106,42.35315334141353,53.3900707027681,49.328777452444115,60.4822921529132,33.49076415779789,73.38115450937946,40.299837801407435,179.0,1.693125,0.9458798882681564
2019,76350,76350,김세현,Right,68,68,68,40.055388378465395,46.601871328702046,32.76610884009427,55.257443299273646,27.780567976624305,66.07636473071037,38.31120049046677,188.0,1.8406,0.9790425531914895
2019,76355,76355,장원삼,Left,252,252,252,38.64976568720455,49.557990760482355,45.17535589154553,84.32535884073636,27.56676598780249,72.78291378660796,44.647989647221095,181.0,1.664725,0.9197375690607734
2019,76430,76430,김상수,Right,1023,1015,0,40.32238958086543,,,,,,,,1.6038,
2019,76455,76455,차우찬,Left,2673,2666,2666,36.9170545853748,45.01538458613773,39.07464351622171,51.45706538995325,24.123638522159855,67.6002814148887,43.488506369399715,185.0,1.820635,0.984127027027027
2019,76650,76650,진해수,Left,710,710,710,40.8693873814793,48.32340725991325,42.90723163620036,53.482134042117345,28.636407493067093,68.50636340539344,39.69826197122441,187.0,1.611355,0.861687165775401
2019,76757,76757,유원상,Right,302,302,302,61.087008177088606,75.95119410863506,62.6237848891627,85.24662107968156,49.22337763484673,90.0,40.77662236515327,187.0,1.7788,0.9512299465240641
2019,76858,76858,박희수,Left,480,479,479,37.238074631573845,47.739904904626165,40.78525184192061,53.730707363476775,22.628199107427726,74.68078533212585,50.71652270072905,184.0,1.83996,0.9999782608695652
2019,77211,77211,이용찬,Right,2270,2261,2261,29.868993466376356,36.0823112859203,27.992256359490177,44.64447595744076,16.41171838677465,59.77402558123175,43.144700782780205,185.0,1.91915,1.0373783783783783
2019,77318,77318,장시환,Right,2103,2097,2097,45.5502308804157,59.87561598756801,40.70591652167479,77.60178968394582,30.144271781805838,86.33463443044263,49.92456666689551,184.0,1.8203,0.9892934782608696
2019,77446,77446,백정현,Left,2076,2076,2076,50.70238192097425,65.66249490022668,58.55383397924112,73.96797934150018,36.54758795594125,89.83102862959655,51.36721873704671,184.0,2.107415,1.1453342391304346
2019,77591,77591,송승준,Right,241,241,241,51.192252021344586,66.2606511719882,57.07343438725043,77.09459041545178,37.4815209126825,90.0,48.45444405435249,184.0,1.74552,0.9486521739130435
2019,77637,77637,양현종,Left,1154,1154,1154,38.38768032757338,46.86684545049023,41.676240283306804,52.711861432559175,27.481395436092996,67.36858646163653,39.73650458470365,183.0,1.93995,1.0600819672131148
2019,77829,77829,김광현,Left,2910,2905,2905,44.363449380540565,56.18007907672732,49.86816631047721,63.60097110688384,26.68175706745277,84.01408546164689,56.735738185197086,188.0,1.93354,1.0284787234042554
2019,77927,77927,장필준,Right,1102,1091,1091,39.10625584827782,45.87466960998681,40.37321130769639,51.986379461325356,23.20932931005764,70.19465051349425,46.60878567999165,190.0,2.09261,1.1013736842105264
2019,78148,78148,정찬헌,Right,168,168,168,46.771400235053754,63.139711858093136,52.1074827173071,72.54803733070466,27.88775975614648,90.0,59.87789647444458,186.0,1.745245,0.9383037634408601
2019,78247,78247,홍상삼,Right,93,93,93,30.11207029586086,33.95587760273728,28.214186673519574,39.66721488171277,17.564298392326656,53.111628224648726,35.58848460412949,188.0,1.80577,0.9605159574468086
2019,78352,78352,임창민,Right,243,239,239,41.61873048147674,50.98384924125354,46.13568976689734,55.6608809197732,31.01462451357996,71.29780575473734,39.908004733118645,183.0,1.61137,0.8805300546448087
2019,78366,78366,민태호,Left,111,111,111,40.13348111587416,59.23765614756322,47.59929446862916,77.55434458990618,21.16489043399517,90.0,66.11517554536512,182.0,1.64996,0.9065714285714286
2019,78517,78517,하준호,Left,147,147,147,41.44125563543052,59.23538271507087,51.99309094241091,68.8482761665176,31.990509383545906,84.67169565328435,52.620039167705976,174.0,1.65529,0.951316091954023
2019,78819,78819,백청훈,Right,86,86,86,19.347579456747273,21.68326159098169,16.58564674569532,25.44291152873845,8.12718935968675,39.079054644416075,30.964080935949696,185.0,1.679945,0.9080783783783783
2019,79130,79130,강지광,Right,366,361,361,66.20155792738166,83.23575995292896,76.70060655755239,88.70640550231148,45.35569342129695,90.0,44.64430657870305,181.0,1.6435,0.9080110497237569
2019,79140,79140,최동환,Right,356,356,356,62.43927105839383,78.94481824949324,62.157081093438975,86.94672824257958,48.837801041872865,90.0,41.162198958127135,184.0,1.996235,1.0849103260869564
2019,79229,79229,유희관,Left,2414,2400,2400,33.60349760672757,47.46902142093312,37.038849657185466,57.86006266181373,19.321156622909427,78.55752522802983,58.60489098371713,180.0,1.89809,1.0544944444444444
2019,79293,79293,오현택,Right,205,201,201,-2.810220553140658,-3.058634844558309,-5.75378915987108,0.7143630366713906,-12.866037077456458,4.386961550882652,17.678227948169162,180.0,1.76528,0.9807111111111111
2019,79358,79358,강윤구,Left,894,890,890,33.91912181392821,43.35206975900953,36.77512051693382,54.02495375062356,20.644945663411534,68.99526386300278,48.27651414267274,183.0,1.721665,0.9408005464480873
2019,79440,79440,정인욱,Right,403,400,400,51.495876385049584,64.62095743863108,55.91619566866013,75.50554783243194,37.63807753897903,87.59895756995034,48.57715000277386,186.0,1.8876,1.0148387096774194
2019,79545,79545,진명호,Right,931,927,927,59.13173490920716,74.42941115642063,66.20144940782777,84.81966570539893,41.32677486136798,90.0,48.66693105336054,193.0,1.79129,0.9281295336787565
2019,79764,79764,장민재,Right,1782,1776,1776,32.04421682215249,39.38775021430399,33.00627264625068,45.65994817272015,19.33249279893611,62.68169065475722,43.01066581064599,184.0,1.79824,0.977304347826087
2019,79825,79825,여건욱,Right,374,374,374,45.04066703726392,55.51779369081303,47.699351858622755,68.37122135479737,32.562801072119605,77.31010147382688,44.4626452724026,185.0,1.68118,0.9087459459459459
2019,79847,79847,김태훈,Left,1098,1097,1097,43.64183121745131,56.249177139491685,50.540908662478685,62.86265800690089,35.96392774812363,75.65764625922706,39.42761372261464,176.0,1.66119,0.9438579545454545
2019,99445,99445,권오준,Right,587,586,586,-0.3180151864115086,-1.2470085982090993,-9.767282084120819,4.8906070301220534,-17.434742104238417,11.781136215344448,28.713761152452257,182.0,1.9706549999999998,1.0827774725274724
2020,50030,50030,소형준,Right,2306,2292,2292,41.72099102039731,52.11783779916472,39.64475346352143,60.81463082254059,23.22073060778297,80.61178265725923,55.118377949983014,189.0,1.9249550000000002,1.0184947089947092
2020,50036,50036,이강준,Right,109,109,109,-16.127131674911663,-19.36024582761092,-24.014462510736227,-16.148178532283666,-35.99086508124368,-8.654045270231787,27.202519134596976,180.0,1.71383,0.9521277777777777
2020,50109,50109,성재헌,Left,73,73,73,52.77320264719345,74.37655917972288,70.20016647322629,78.05084895442005,41.82088554790133,90.0,48.17911445209867,175.0,1.73539,0.9916514285714285
2020,50126,50126,이민호,Right,1618,1614,1614,23.695558113579033,25.325631131487743,19.72072614087207,31.87404017781063,10.303505296138763,44.499778812636485,34.249703410237444,189.0,1.94581,1.0295291005291005
2020,50157,50157,김윤식,Left,1128,1128,1128,37.028611195175756,47.355521294535734,36.67009915801459,62.63483602374476,25.947419397454652,70.39953241109248,42.6516042115058,181.0,1.62975,0.900414364640884
2020,502010,67313,브리검,Right,1766,1764,1764,36.894722360005176,41.66457458315949,37.51580464193272,45.851340263794704,24.068200595969383,60.75286725040648,36.55141109267145,190.0,1.8308200000000001,0.9635894736842106
2020,50203,50203,권휘,Right,215,214,214,29.123752118396027,41.04150479532149,29.664343492004637,50.10606414497173,14.148369737167577,72.82117043615196,57.73619340179589,181.0,1.7588300000000001,0.9717292817679558
2020,50262,50262,이주엽,Right,80,80,80,46.313047992588544,58.243659410373596,52.43945656791089,69.92719314435088,29.3372173172031,84.9143851235036,54.49180199502395,188.0,1.89609,1.008558510638298
2020,50296,50296,조제영,Right,136,136,136,40.48755709071034,52.10857779152277,43.980359998664284,62.333998826851825,27.02784545397565,77.61493895143032,49.21107846303383,183.0,1.82304,0.9961967213114753
2020,50298,50298,최세창,Right,47,47,47,46.207742949266674,58.58978966003862,49.05922116209966,65.52608326825256,29.468337643516445,83.68866840724927,54.547594794279874,187.0,2.08016,1.1123850267379678
2020,50360,50360,김동혁,Right,110,109,109,-14.159871074080868,-19.048933456516828,-25.905513806773637,-15.043777624772636,-36.193984416661934,-8.13479769907218,27.90529246505089,184.0,1.87704,1.0201304347826086
2020,50397,50397,박관진,Right,22,22,22,36.60311491682762,49.67025460713337,44.241019458167436,58.92774091580615,16.51760108249922,84.2945252700344,67.85977296732324,186.0,2.057465,1.1061639784946236
2020,50430,50430,홍원표,Right,24,24,24,41.969333045834,54.549723544073714,47.60793840489515,62.852062791383275,27.426672273464433,80.03210736348733,51.652582928022255,183.0,1.88092,1.0278251366120217
2020,50441,50441,황동재,Right,50,50,50,58.001113724181465,71.56187650901009,65.13190940043908,77.13644949429433,43.500630100028246,90.0,46.12985857950736,191.0,1.8127650000000002,0.9490916230366493
2020,50449,50449,허윤동,Left,839,839,839,46.547466214991154,59.91215555994837,53.39016688273849,65.69673806514139,35.26242296134572,82.43191688925415,47.21480655506623,181.0,1.84733,1.0206243093922651
2020,50464,50464,이승민,Left,396,396,396,42.33703828396763,60.92729068943136,51.34774274585098,68.37261663909479,32.5000305962313,86.9744466907631,54.61729020017641,174.0,1.72392,0.9907586206896551
2020,50556,50556,최준용,Right,483,475,475,22.216694402621965,25.815822903821637,19.680152440247188,32.1352408454629,9.68514129686068,47.21201953970201,37.31840730737276,185.0,2.06932,1.1185513513513512
2020,50592,50592,박명현,Right,31,31,31,6.211166672767008,5.285683510872527,3.203654574747498,7.472700977367801,-9.226937269760846,20.560051397162173,29.19600355965715,185.0,2.08339,1.1261567567567567
2020,50662,50662,정해영,Right,258,258,258,44.233026738961726,53.15054839095742,48.0939190891461,58.773835139366156,29.034654904760057,76.3691983582656,47.27519990678781,189.0,2.2045000000000003,1.1664021164021166
2020,50705,50705,강재민,Right,823,819,819,-4.433850635986347,-5.890637881657855,-16.901489918217077,10.55637521042825,-45.65341706879089,23.586644654790614,66.78008426778226,180.0,1.84471,1.0248388888888889
2020,50706,50706,장웅정,Right,156,156,156,35.26347496850639,47.10667229328577,34.12168374694814,58.77653175330286,22.0035490578663,75.42615549547422,52.509514510618715,181.0,1.92739,1.0648563535911602
2020,50726,50726,한승주,Right,36,36,36,42.91245733021936,54.44074972072602,50.96560437865392,60.05081090960099,30.408046426499975,78.06191840913809,47.48720730203017,183.0,1.844315,1.0078224043715847
2020,50813,50813,양선률,Right,23,23,23,57.28227153686728,72.01185237454172,69.93755029471563,76.05142506766005,43.948979075129095,90.0,46.051020924870905,186.0,1.86028,1.0001505376344084
2020,50859,50859,오원석,Left,170,170,170,37.7135301078317,47.788186605554436,38.369789128006765,54.12258341533327,26.00800091546028,71.09651420905922,44.52333830132557,182.0,2.0155950000000002,1.1074697802197804
2020,50900,50900,임형원,Right,7,7,7,8.657585584953607,9.390044175666244,7.960705339168933,10.9947456617234,-1.6590132775083712,24.43263895687236,26.734135170076186,183.0,1.9853,1.084863387978142
2020,518445,69748,채드벨,Left,1368,1366,1366,52.720650048063106,64.48354231754419,58.05125590516803,71.50566147384774,37.88576880809667,87.01594488551552,48.08105055017745,190.0,2.021245,1.063813157894737
2020,518852,69343,요키시,Left,2351,2334,2334,33.18401802661634,37.73685561346044,33.82106397815232,42.07917334694908,20.90767797980112,56.917305382892856,35.911021697184864,188.0,1.842805,0.980215425531915
2020,534648,67008,이대은,Right,526,514,514,35.685564890808834,41.263517416886245,35.773159633074286,46.52906902309587,21.38750344219693,63.47899867526991,41.89418819911505,189.0,1.856345,0.9821931216931217
2020,543193,50640,가뇽,Right,1903,1901,1901,26.774911836005405,27.282592899497708,23.628749009349992,31.038596245623378,13.087414398168788,44.67550791078939,31.842233718248444,193.0,1.91508,0.9922694300518135
2020,543391,69103,켈리,Right,2630,2630,2630,46.947698199851786,54.84486420940968,50.351969255592415,58.892386075363085,33.185438332255956,75.56135318365796,42.09838615199498,191.0,1.773025,0.9282853403141362
2020,571035,69032,쿠에바스,Right,2441,2440,2440,38.09340539373608,46.1880425420963,36.3392332623678,56.37296213151231,22.022424308879256,72.41793138492012,49.779810694003785,188.0,2.0738700000000003,1.1031223404255321
2020,571527,50404,뷰캐넌,Right,2601,2599,2599,40.665851012923525,46.86112072165053,41.40817997481008,52.29889136652692,27.137139520458707,67.45160832505918,40.18245416641558,190.0,1.74794,0.9199684210526317
2020,573185,50558,스트레일리,Right,2950,2946,2946,33.62818667308724,37.642328444594824,30.574389965171527,43.39126648556279,21.682832682580162,55.445288452143814,33.47304716924492,189.0,1.839605,0.9733359788359789
2020,573348,66960,정수민,Right,172,172,172,58.51499884609657,73.18441681610044,68.64122822546332,78.42460386162053,45.034154562937715,90.0,44.965845437062285,188.0,1.946945,1.0356090425531916
2020,592468,50815,킹험,Right,191,191,191,38.578070615506725,41.40672426149949,33.89788179623466,48.64620281058174,22.480092069527903,62.20299617750828,40.101161070370765,196.0,1.83742,0.9374591836734695
2020,592716,50524,샘슨,Right,2118,2118,2118,33.88449334659157,38.66783547140511,33.19409044361067,45.86338061489138,19.92436653819703,60.071502170583535,39.671722654588805,189.0,1.83769,0.9723227513227514
2020,593417,69045,알칸타라,Right,3424,3423,3423,46.3050547821658,56.88013565741417,49.068690569494954,66.29944105417466,24.722163968269395,86.47631915913567,60.18385339059302,193.0,1.94955,1.0101295336787564
2020,594902,69439,라이블리,Right,1768,1768,1768,26.101544396360946,26.9000407440217,16.294591062631905,37.587447015581965,-8.117394341385584,74.24537955306884,81.62642199532164,193.0,2.07423,1.0747305699481866
2020,599683,69744,서폴드,Right,2536,2517,2517,37.500363603335806,43.427927881806255,34.25599892103551,51.30973524142583,24.971057221334153,63.553326032727256,38.26936260156755,188.0,1.71075,0.9099734042553193
2020,60140,60140,신정락,Right,243,243,243,-3.692699477629701,-3.1167628337741458,-20.139400972930577,8.926598115943854,-21.776792230456763,11.518828481075351,32.5222622374233,178.0,1.681,0.9443820224719102
2020,60146,60146,이승현,Right,872,869,869,67.85033366674628,84.14879055002619,77.42510070759147,88.5700568158488,57.05861312539896,90.0,32.94138687460104,181.0,1.86265,1.0290883977900551
2020,60181,60181,김지용,Right,71,71,71,58.734327373253315,85.18292618536444,79.58236918010714,89.36413022093352,43.303822543044305,90.0,46.696177456955695,174.0,1.77172,1.0182298850574711
2020,60263,60263,이재학,Right,1578,1578,1578,6.821322727913337,8.431301942343095,2.9327769853342045,14.72167327670997,-6.269154596375369,27.00332000749171,33.43016860397412,181.0,2.0010250000000003,1.1055386740331492
2020,60264,60264,정대현,Left,61,61,61,66.170245977949,80.14296742066526,74.13999324120174,87.830783415474,32.77891842652467,90.0,57.22108157347533,186.0,1.92761,1.0363494623655913
2020,60336,60336,문성현,Right,260,260,260,65.74174713350797,85.79620820236954,79.83741942932798,89.3097122157929,50.723358565337996,90.0,39.276641434662004,182.0,1.979695,1.0877445054945054
2020,60337,60337,김대유,Left,55,55,55,17.51144888775201,18.36399599027503,9.94360291392981,23.065734137248352,6.1883258325446215,34.69234220270252,28.042303672219166,187.0,2.03109,1.0861443850267378
2020,60339,60339,김건태,Right,674,673,673,33.35768725433682,41.05504774997317,35.09234402366393,50.19242269875158,19.291967889098967,66.05572684219524,46.87531307540668,185.0,1.78509,0.9649135135135135
2020,605156,50636,브룩스,Right,1141,1141,1141,39.293845328005595,43.37898122392991,37.85648786350193,48.77572502647075,25.69467051679097,62.116747999727615,36.34889899518364,193.0,1.80114,0.9332331606217616
2020,605541,50912,라이트,Right,2566,2539,2539,38.2998912773631,40.53918555958278,31.138178794977158,52.827509717857275,19.73911206198957,63.657715340110016,43.69148110588465,198.0,1.87593,0.947439393939394
2020,60559,60559,박시영,Right,502,501,501,79.7682600708137,80.10477290574973,73.45066030125808,86.60283191184452,51.793712923596,90.0,38.206287076404,181.0,1.7606,0.972707182320442
2020,60768,60768,이태양,Right,859,852,852,70.783361693075,86.58874893425521,81.42072549593676,89.35999592979589,57.318682688039914,90.0,32.681317311960086,192.0,1.73292,0.9025625
2020,60841,60841,박종훈,Right,2655,2654,2654,-62.192557941947555,-72.28113740796144,-75.848652248952,-69.02029933761816,-84.1520246119942,-59.068124318657624,25.033353353642028,186.0,1.5982699999999999,0.859284946236559
2020,60845,60845,문광은,Right,76,76,76,48.72047865663899,61.81200992150103,58.406129411337716,66.98001874423878,38.688991089245164,82.73833031662812,44.34960204927033,180.0,1.781155,0.9895305555555556
2020,61101,61101,임찬규,Right,2426,2420,2420,55.46670932423645,79.46321693069368,62.57642416301006,88.08845612876682,32.640612242084636,90.0,57.359387757915364,185.0,2.047065,1.1065216216216216
2020,61145,61145,이우찬,Left,133,133,133,45.03554772005489,55.681091894235664,48.18823537096515,62.762970254591416,32.31997994731996,78.9951514313818,46.058620516071706,185.0,1.75466,0.9484648648648649
2020,61156,61156,송윤준,Left,416,415,415,35.947557544497506,43.37807457246581,34.604146503998926,53.48549306883357,22.105611698377285,67.0945067644233,44.42395989340295,186.0,1.91891,1.0316720430107527
2020,61214,61214,이현호,Left,267,267,267,37.827843858488116,44.926939783023165,38.33615070610018,60.83796883794665,26.752129497760695,64.56022093970803,37.83231857758932,185.0,1.67789,0.9069675675675676
2020,61268,61268,양현,Right,853,853,853,-18.957460012364187,-25.070368518675636,-29.892323394315437,-19.996868056398878,-38.027746117251326,-15.601404730266765,21.7836030849244,189.0,1.89539,1.0028518518518519
2020,61295,61295,강동연,Right,412,408,408,40.8050889754387,44.51859276194873,40.11598257489558,48.77675167697142,26.770424050426307,63.158617222323386,36.74141053185154,195.0,1.84664,0.9469948717948719
2020,61365,61365,김대우,Right,1346,1346,1346,-52.175664776301915,-62.167731836982384,-70.14484017737436,-53.5367890717139,-76.99948567200633,-46.97731711969479,29.880185563844606,183.0,1.7582550000000001,0.9607950819672131
2020,61411,61411,심창민,Right,375,375,375,-7.563748142010057,-12.416511992656334,-20.56256051638124,-6.010714790828199,-32.86833044134548,-0.6434244306315203,33.43712961932867,185.0,1.82492,0.9864432432432433
2020,61457,61457,임현준,Left,413,409,409,-21.92990126382156,-28.396818033493076,-37.0164108536465,-20.67567482539779,-44.5757306666817,-16.558360970812263,28.34951138902269,185.0,1.92126,1.0385189189189188
2020,61643,61643,홍건희,Right,1151,1145,1145,41.97081375732796,50.96901680529767,46.65829715936004,54.975753467917926,28.141145203957365,74.07035941324214,45.859845164194766,187.0,2.03341,1.0873850267379679
2020,61895,61895,서진용,Right,1030,1029,1029,47.306059158718725,59.76872732231052,49.03506590292637,68.23052221014582,34.16186792936672,82.95796597083304,47.756560300639926,184.0,1.97763,1.0747989130434783
2020,61962,61962,김정후,Right,51,51,51,50.54182990951219,68.73725043955022,60.59491369001337,87.6075127212107,40.03558767732875,90.0,48.44262668554373,178.0,1.90252,1.0688314606741574
2020,62056,62056,정영일,Right,456,448,448,63.7437729096055,81.25051270956726,54.8940400510227,88.34453458062279,42.567660745324396,90.0,46.60213788557969,188.0,2.1564550000000002,1.1470505319148936
2020,620982,50835,핀토,Right,2858,2821,2821,55.774932146430686,71.5815554930103,44.263694344399035,86.88958146274321,43.55540106114231,90.0,39.22358836465944,183.0,1.77913,0.9722021857923497
2020,62146,62146,최성훈,Left,558,554,554,24.36092843640771,32.701983885675844,27.131497469059582,39.7822410881967,15.058131059194709,54.940127027183564,39.80537836289943,178.0,1.6792,0.9433707865168539
2020,62242,62242,윤명준,Right,666,663,663,43.93110050634176,56.67089085561051,51.33413338978116,63.6627171803107,34.850166387649416,77.63400638848024,42.859165142257766,178.0,1.70549,0.9581404494382022
2020,62263,62263,변시원,Right,38,38,38,-20.848222514311843,-24.236306395566352,-29.119885589564543,-20.680688851848743,-42.173517647296684,-12.1273218867942,29.981146089936427,178.0,1.857945,1.0437893258426967
2020,62294,62294,이태오,Right,9,9,9,54.91708643512557,68.52968104852029,63.24088228402325,73.25276400438551,38.97253506412513,90.0,50.55854346422356,190.0,1.81242,0.9539052631578947
2020,623167,50234,플렉센,Right,2410,2398,2398,75.41918733193435,86.73233364837665,77.39904508246548,89.41319038282496,66.587151465238,90.0,23.412848534762006,190.0,1.7970199999999998,0.9458
2020,62360,62360,김태훈,Right,1049,1044,1044,57.96132551113721,73.36497398774408,63.241276442597524,84.11305141080612,43.81205905476773,90.0,46.12299623874904,187.0,1.857335,0.9932272727272726
2020,62363,62363,한현희,Right,2112,2105,2105,-2.2420028365126883,-3.6246048762599488,-10.82096269867151,2.9219398240166585,-19.387111640119468,8.75597173279549,29.985629437029164,182.0,1.88226,1.0342087912087912
2020,62528,62528,김원중,Right,955,935,935,48.227780669538646,56.976824119260876,52.126845678826136,61.91928199102995,32.941658400843856,79.27474798890633,46.16071260825482,192.0,1.96291,1.0223489583333334
2020,62595,62595,정태승,Left,48,48,48,45.15556747990263,61.61059338473483,55.90181077022496,65.04762913472416,33.61950272383682,86.48101102454629,53.7404692283787,178.0,2.181445,1.2255308988764044
2020,62611,62611,임준섭,Left,178,178,178,74.14627766864105,82.80936805667221,61.78665703585998,88.54874208337039,57.04720378624211,90.0,32.95279621375789,181.0,1.78929,0.9885580110497239
2020,62655,62655,홍성민,Right,416,411,411,35.57697908756491,42.37585655504865,31.97026813774822,51.55394652085822,14.167621027570812,74.62747357243585,59.282749414018305,191.0,1.92596,1.0083560209424083
2020,62754,62754,임기영,Right,988,988,988,6.361317660434926,6.0428917768036206,0.010032494059409966,14.087069350848774,-6.939825559355803,21.07119030710585,27.794899160558735,184.0,1.816005,0.9869592391304347
2020,628333,50040,데스파이네,Right,3192,3191,3191,42.49118160196453,55.94464362046543,30.430130124025197,69.35142199610925,28.98703994482362,82.01141841262209,51.474561244360544,182.0,1.7989,0.9884065934065933
2020,62869,62869,문승원,Right,2239,2237,2237,35.42723464269134,45.5689356225921,37.09637055481481,52.23389790919419,24.965565495547576,67.9523931276353,42.361282716258856,180.0,1.71016,0.9500888888888888
2020,62908,62908,황윤호,Right,4,4,4,28.043833934946704,38.32207006829066,37.380466077763316,39.63055912730122,18.825621545699512,61.66188254154086,41.94566253264333,177.0,1.58339,0.8945706214689266
2020,62920,62920,노건우,Left,637,630,630,45.394927695086864,63.951892649045256,53.09634985839757,73.75541157826972,28.526105218918616,90.0,60.57594854955498,182.0,1.84254,1.0123846153846152
2020,62937,62937,신재영,Right,121,121,121,1.9771344450681616,-1.495473750179984,-8.834961950660471,5.737682159182304,-32.70100565236027,27.727871991648026,56.01041850875035,185.0,1.78496,0.9648432432432432
2020,62951,62951,이형범,Right,399,393,393,46.25425792443634,64.59233862159346,51.39054888007655,74.04641465084373,31.1359365174419,90.0,57.43428708507491,181.0,1.84286,1.0181546961325967
2020,63103,63103,류원석,Right,171,171,171,-8.34041721491952,-12.36627159509616,-23.439610489875015,-4.842789359278595,-25.801727155389223,-3.5293563061427062,23.453019658056967,186.0,1.97958,1.064290322580645
2020,63248,63248,함덕주,Left,936,931,931,40.19061482715254,50.904857198110626,44.63719280024646,58.2583501856567,29.512048276513777,72.81122887273699,43.164753129735246,181.0,1.88478,1.0413149171270717
2020,63292,63292,박소준,Right,468,468,468,41.87673948032416,55.5486993702625,46.987536114819775,62.85381707305565,32.36773593962108,78.07579363175189,45.43845817530093,177.0,1.753885,0.9908954802259886
2020,63342,63342,조상우,Right,952,945,945,33.77195861915767,43.54110485716797,33.56541747691348,51.9087306252232,15.380365621464508,76.4839945123474,60.54539744610898,186.0,2.02249,1.0873602150537633
2020,63348,63348,조성운,Right,793,788,788,52.04172664399998,66.73559665063306,59.425457277936495,78.28697458233371,37.63912000851472,90.0,50.48439324650182,185.0,1.93048,1.0435027027027026
2020,63464,63464,윤대경,Right,839,828,828,39.907339999803426,51.79185713867455,42.14489984525917,58.62123076764689,30.16209066812448,73.50549485175478,43.150607627824975,179.0,1.845545,1.0310307262569833
2020,63492,63492,이재익,Left,51,51,51,53.13383546462197,66.0064456287836,62.802525792917905,72.3284474794487,44.17277501816058,84.77778725675495,41.2528951438537,180.0,1.70123,0.9451277777777778
2020,63512,63512,박진형,Right,802,797,797,45.94064237243633,62.81990583002347,53.315138792998496,72.8419264566484,31.731606142409902,89.8634064833014,56.04385218593438,181.0,1.83084,1.011513812154696
2020,63543,63543,구승민,Right,970,963,963,43.546450128878895,58.49495704602402,49.704209054917115,71.08193858518598,29.252718775957213,85.37441669839038,54.439431607917314,182.0,1.83023,1.0056208791208792
2020,63628,63628,고영창,Right,329,329,329,34.66955356575344,39.93564508727015,35.0438401201121,45.61987370563069,20.22775852656876,63.00918222074149,42.94981904194192,189.0,1.83268,0.9696719576719578
2020,63638,63638,박준표,Right,389,389,389,-8.784778466332229,-13.531323045330835,-28.235685719549572,2.5656598901090177,-50.01913837157432,11.932856634709893,57.257145720561766,181.0,1.88678,1.0424198895027623
2020,63765,63765,김종수,Right,888,885,885,37.62008923423775,49.76674616378936,45.51620596835501,54.55763689855323,26.05469104914114,74.62232650902438,49.15178240348372,180.0,1.59059,0.883661111111111
2020,63894,63894,김사윤,Left,882,877,877,47.380666437793586,60.88509080926606,54.802706792833014,67.07388079901428,35.43905039981508,83.70390441146426,47.78438593589542,182.0,1.78876,0.9828351648351648
2020,63914,63914,손정욱,Left,240,240,240,40.98918685506364,52.033342819532734,39.763520747859125,64.26243668714187,29.38465336640222,74.73961709565258,45.32003330346068,182.0,1.8220049999999999,1.0011016483516482
2020,63936,63936,윤강민,Right,23,23,23,-36.99738357204196,-44.61565586326486,-47.01741669559734,-31.135095773561236,-60.04210822402148,-31.612434771093753,28.25631623708862,183.0,1.90372,1.0402841530054645
2020,63950,63950,장현식,Right,475,475,475,47.15948163784321,62.30814797253953,47.22608130855644,76.85471831396264,34.70092718727313,86.55494276115621,45.816462019119435,181.0,1.8205,1.0058011049723756
2020,63959,63959,임정호,Left,728,715,715,20.377767673824827,23.283249536408047,13.062516792642691,39.34651190824315,-22.662829111940137,73.6875722952152,92.11767483917504,188.0,1.85253,0.9853882978723405
2020,63960,63960,이상민,Left,262,258,258,31.428411195245403,40.4842641763382,34.830481800601405,46.35003185131004,21.172843783635038,61.928581116414755,40.777614797372934,180.0,1.760715,0.978175
2020,63961,63961,윤호솔,Right,133,132,132,38.13049081458014,49.71121217246578,42.90844756980616,55.14659566981491,23.741000645569372,77.02219686417226,52.850658482779664,183.0,1.953325,1.0673907103825135
2020,63991,63991,박진우,Right,711,707,707,-13.56571428969027,-16.327513764518248,-19.988666617786276,-12.471610281189717,-33.52152075491611,-5.639226286848991,27.74261731195975,180.0,1.80165,1.0009166666666667
2020,64021,64021,박세웅,Right,2249,2248,2248,51.927243086966726,74.46986269823,58.57027503195136,87.29703717425649,33.705019078152915,90.0,56.28812624669123,182.0,1.85677,1.0202032967032966
2020,64029,64029,류희운,Right,141,141,141,37.14381282743204,42.65283033839723,39.61884090215686,50.73115260683007,20.696663017396517,66.92483097417096,47.20177158146669,191.0,1.90409,0.9969057591623037
2020,64041,64041,안현준,Right,31,31,31,8.843419538827904,6.351100942983339,-12.074587225229138,13.136183947634018,-32.66211010215057,43.1879592444781,68.4407220142015,187.0,1.85563,0.9923155080213902
2020,64047,64047,조현우,Left,667,666,666,30.431592972860088,39.509147809785915,30.82302490342,60.49461919732202,17.551105868925276,65.7910336983073,48.286712811228966,182.0,1.848975,1.0159203296703296
2020,64051,64051,이영준,Left,666,666,666,44.338338140294184,54.48957240478127,49.42674099078093,59.482738150767396,32.918197939989184,75.50715762262041,42.094713030548476,184.0,1.883505,1.0236440217391305
2020,64554,64554,문동욱,Right,273,266,266,63.49043967899175,81.57861233051366,72.45673532492441,88.50170208147637,49.348024909084,90.0,40.651975090916,187.0,1.8256350000000001,0.9762754010695187
2020,64565,64565,이인복,Right,591,591,591,56.11166417668948,70.7045288323483,65.287970101276,75.40058901447473,42.4477254771927,90.0,47.23829456070628,187.0,1.85685,0.9929679144385025
2020,64580,64580,김재열,Right,142,142,142,59.20863307714508,75.21638520228854,65.7210244987244,86.9907400317949,46.91774018672432,90.0,43.08225981327568,183.0,1.79419,0.980431693989071
2020,64596,64596,김유영,Left,114,109,109,22.59773152028178,33.6383824325909,20.50869307148394,44.56268908555439,6.719159620325964,73.16596263585625,63.87124809695568,180.0,1.81776,1.0098666666666667
2020,64615,64615,차명진,Right,24,24,24,29.894575632681523,34.29481247256554,26.286441746175424,38.1122351096784,15.528636146186301,56.640084644753394,40.675308310173364,188.0,2.104735,1.1195398936170213
2020,64718,64718,최설우,Right,152,152,152,46.01305888219079,57.324317257074696,54.36090199471661,61.516904202032805,37.71435614544834,76.16671180011085,38.4064191631887,179.0,1.5750250000000001,0.8799022346368714
2020,64759,64759,서균,Right,123,123,123,-2.1936800022378447,-5.221783614614497,-8.882195873514286,-1.3866270229491737,-21.5152558841094,6.277571599130959,27.95569225296576,185.0,1.91866,1.0371135135135134
2020,64760,64760,황영국,Left,368,366,366,29.0519379762537,34.50585892594232,28.332082577744707,41.47500634417824,16.627415830911396,55.97003311957937,39.38466856927987,185.0,1.807775,0.9771756756756755
2020,64768,64768,조이현,Right,1204,1202,1202,53.9072349649515,67.78831729141572,59.87666198909216,76.2467819026234,41.30329531629276,89.32174716859248,46.49763372338857,185.0,1.946545,1.0521864864864865
2020,64805,64805,이승진,Right,1160,1159,1159,47.751597210946436,58.20463560527727,52.17365931078735,68.56523452264813,35.40160974905534,79.21173866095769,43.686833345312316,186.0,1.79955,0.9674999999999999
2020,64861,64861,이건욱,Right,2143,2127,2127,73.96521590209568,84.3782205740733,78.44226158115971,88.67256983712056,52.85581010293251,90.0,37.14418989706749,182.0,2.02094,1.1104065934065934
2020,64893,64893,박민호,Right,784,781,781,1.0138891582308598,-0.7850417405350206,-12.88982894140185,3.7195601054648635,-12.97659064259673,10.175341863587613,22.777422730816607,185.0,1.8233,0.9855675675675675
2020,64896,64896,서동민,Right,172,153,153,58.72568980699498,77.14858466537326,68.32951398776898,85.55684014640015,43.25548815662004,90.0,46.74451184337996,186.0,1.77582,0.9547419354838709
2020,64995,64995,배재환,Right,789,782,782,45.5588226717998,55.883719756346366,41.13741155619639,84.37861805391614,32.0478350397748,78.60943128067895,43.283104674618414,186.0,1.9577149999999999,1.052534946236559
2020,65042,65042,홍성무,Right,282,282,282,42.81296596885653,55.48981291975709,43.62082833564539,66.75597076740887,29.333400399753092,81.0217787338168,50.32727384653663,183.0,1.7376550000000002,0.9495382513661202
2020,65048,65048,김민수,Right,1726,1726,1726,58.506073010355806,71.42750233330662,58.93762439576055,76.972042205762,46.4774017901876,90.0,42.13898528348332,188.0,1.9475500000000001,1.0359308510638299
2020,65057,65057,이창재,Left,161,159,159,50.81131088388088,66.23837604253235,59.03862877141859,73.73794678900259,40.78433866784901,87.63437503766576,45.67576377493947,178.0,1.67656,0.9418876404494382
2020,65060,65060,주권,Right,1156,1152,1152,35.53495164849192,46.88368064468258,38.83855998488952,55.50612921456442,22.8515511166777,72.8729112171024,49.469942911051646,181.0,1.762915,0.9739861878453039
2020,65062,65062,김재윤,Right,1000,991,991,42.0644979548737,53.51860442281529,38.16126761212308,61.91294532596732,26.571376879467312,79.77563153468608,50.13931669302285,185.0,1.82502,0.9864972972972973
2020,65117,65117,이상규,Right,567,567,567,66.54170573282171,83.59074139849983,75.98558038810997,88.93716446047782,46.49805217508608,90.0,43.50194782491392,185.0,1.76938,0.9564216216216216
2020,65241,65241,채원후,Right,627,626,626,43.567229908093964,60.227392376691746,44.23082573929344,71.11563594153321,29.756125325034635,87.60035946651078,56.27562915235237,180.0,1.812415,1.0068972222222223
2020,65320,65320,최원태,Right,1558,1549,1549,29.36697021286115,39.25397291952522,30.995724148600143,47.54668258836038,11.757673642005225,73.53385979927991,59.592927567737945,184.0,1.88619,1.0251032608695652
2020,65343,65343,김택형,Left,396,392,392,30.548666746397224,36.158349243378495,32.055509375454506,40.36454999422398,18.722822981268017,56.81626036068657,38.108588242606785,185.0,1.872625,1.0122297297297296
2020,65392,65392,김정인,Right,48,48,48,43.7066428200845,62.86852630288848,54.816725574022655,70.99703755878348,24.123783927761302,90.0,65.36467078992294,184.0,2.07089,1.1254836956521737
2020,65398,65398,임규빈,Right,527,527,527,51.01917170430088,64.59578808340176,56.978284445178225,71.72581015589574,38.23849160902454,87.35508254265076,48.10553947876562,184.0,1.76399,0.9586902173913042
2020,65411,65411,김주온,Right,572,572,572,48.876680775198224,61.09402330047634,54.29041193829417,69.0318969446383,34.181045408983735,84.66534403814381,49.31468833448835,187.0,1.69334,0.9055294117647059
2020,65496,65496,홍정우,Right,481,481,481,55.68249524400376,70.75127014485179,58.352649738120284,80.00831053760109,44.52996265239323,90.0,44.16691124853473,182.0,2.04725,1.1248626373626374
2020,65509,65509,차재용,Left,18,18,18,63.15182644854025,77.82382245714714,74.18765529501069,80.7504318487732,53.591958876016335,90.0,36.408041123983665,184.0,1.79184,0.9738260869565218
2020,65516,65516,배제성,Right,2301,2300,2300,68.61029671681027,84.80964814401017,78.38723685979775,88.84126796201095,57.38110275809741,90.0,32.61889724190259,189.0,1.6878,0.893015873015873
2020,65616,65616,이민우,Right,847,847,847,46.360966289071605,56.179646772855946,49.044046271835526,63.351016135658845,34.97775304765523,76.12861453771197,41.230655349028,185.0,1.90835,1.0315405405405405
2020,65618,65618,황인준,Right,45,45,45,32.826898634206096,39.38799815466141,35.18262359417162,43.85126366230732,21.037408779377376,60.33175339579602,39.27487147038045,184.0,1.80098,0.9787934782608695
2020,65639,65639,박정수,Right,502,502,502,8.288242901744981,16.341922164102023,5.541710310988347,29.439267892897586,-29.103153719351557,63.476962744972255,86.80353605845585,178.0,1.768485,0.9935308988764044
2020,65643,65643,문경찬,Right,725,725,725,34.3411331329165,41.5089380758027,32.78564746647001,52.61921445212563,20.528881617785064,64.7872773899651,44.73211835992521,186.0,2.12252,1.1411397849462366
2020,65665,65665,이준영,Left,263,263,263,44.24122675143687,56.675009693469,51.07797530462064,64.77929906956781,36.24845234487663,75.97576395825584,39.693428916218366,177.0,1.81868,1.027502824858757
2020,65696,65696,김명찬,Left,92,92,92,43.446766299819444,52.414791668362014,44.83533087629057,61.39467528511704,30.219873078173315,74.73121776557328,44.16974323476816,187.0,1.926325,1.0301203208556151
2020,65764,65764,김민우,Right,2271,2254,2254,58.997926995312824,75.21050040141131,60.72577051261755,87.63243056469406,45.60353622381548,90.0,44.34849471000058,186.0,2.13818,1.1495591397849463
2020,65769,65769,김범수,Left,1098,1091,1091,57.51436997962879,83.8042707909554,75.80857000994706,88.84584953001813,35.73196803587312,90.0,54.26803196412688,181.0,1.76651,0.9759723756906077
2020,65933,65933,구창모,Left,1575,1575,1575,28.60888075544643,34.00931167648085,29.163667746731086,38.66253095027555,18.686920090901353,51.84872373541095,32.92293531352099,183.0,1.86202,1.0174972677595628
2020,65937,65937,이호중,Right,93,93,93,38.36863451772808,53.17560220451607,46.099041357272625,72.81740288068217,20.747418298031317,85.28555374573311,62.95656715533479,183.0,1.93322,1.0564043715846994
2020,65949,65949,류진욱,Right,30,30,30,34.00198350884233,39.276120860163374,31.211239325617978,42.93077889526816,18.584466585200065,62.46030919168541,43.57007825952082,189.0,2.013065,1.0651137566137567
2020,66018,66018,김선기,Right,358,358,358,30.303859915873964,35.07253701405232,31.23221929717819,42.6116945492,17.105685139714602,57.05945143027593,39.92853455181266,187.0,1.94264,1.0388449197860963
2020,66039,66039,한승지,Right,27,26,26,37.94828811925531,45.85441536284455,42.83691920412982,50.46106522961249,27.045299590710165,66.27328705055712,39.6772033842274,184.0,1.6087799999999999,0.8743369565217392
2020,66047,66047,박세진,Left,13,13,13,30.78926666967903,40.65004730779872,37.55326815217815,42.657350014826385,21.422782424658216,62.31621755427332,41.32303579650912,178.0,1.91956,1.0784044943820223
2020,66145,66145,김대현,Right,535,535,535,51.195083737504135,69.22709661892108,38.66633137081286,83.38250662802669,30.349603201420155,90.0,49.240861791920786,188.0,1.86197,0.9904095744680851
2020,66291,66291,이영하,Right,2261,2235,2235,54.85943169716847,64.0171760807513,58.28680044750204,71.85579527606048,42.92643426207583,82.36290245751469,39.05084196509398,192.0,1.84763,0.9623072916666667
2020,66305,66305,박승주,Right,57,57,57,50.45176441760827,66.40675283202032,62.27045132554139,70.63663778626795,36.17265933656353,90.0,52.98907285936546,183.0,1.79778,0.9823934426229507
2020,66557,66557,한승혁,Left,124,124,124,47.273047513978526,54.95501365115014,51.44581940566947,59.821669947129166,35.56873269260271,73.51003565108817,37.95918574862172,189.0,1.6743700000000001,0.885910052910053
2020,66609,66609,전상현,Right,462,462,462,46.90985563798755,63.414851045445744,53.25819415590815,72.95357125197584,33.91325716350113,88.76874057699024,52.61661663465424,180.0,1.848295,1.0268305555555557
2020,66630,66630,김현준,Right,118,114,114,40.630154058236556,56.00653629679174,42.082133787619,63.656715383743936,24.55191735224729,86.40809766997202,59.68702548207871,182.0,1.88836,1.0375604395604396
2020,66660,66660,남하준,Right,111,111,111,39.97995778077679,49.304507715817294,44.67725186764031,53.549648504196675,29.80533185394933,69.27214377956366,39.60887508463806,182.0,1.76538,0.9699890109890109
2020,66663,66663,서덕원,Right,70,70,70,8.090606227004583,8.758814447284701,-9.617799868001496,28.899334274280065,-3.6706074907629076,24.356331616894224,28.881281983783104,183.0,1.836565,1.003587431693989
2020,66801,66801,김찬호,Right,57,57,57,66.27909438561954,84.28919749370966,71.1308984008706,89.01706962479882,57.185778873625836,90.0,32.814221126374164,179.0,2.12209,1.1855251396648046
2020,66859,66859,김주한,Right,760,739,739,3.434498414676309,2.082911344145254,-5.829784954972064,8.411160112193496,-16.242326743806508,19.036141891938907,30.36006030108809,184.0,1.92401,1.0456576086956522
2020,66920,66920,최성영,Left,990,990,990,40.053585192124416,52.416405815568766,44.08399501414151,59.84978692584311,28.64011580437314,75.95397402021283,47.29950334874628,180.0,1.949245,1.0829138888888887
2020,67045,67045,조병욱,Right,411,408,408,36.850723468526446,44.38230689323605,39.060609029272044,49.248225190870286,24.57712761358254,65.38747268419485,39.60187212395036,185.0,1.6276350000000002,0.8798027027027027
2020,67119,67119,고우석,Right,759,755,755,34.77528630310401,49.165083007463814,42.033187721041514,55.569711907362304,18.05381899519193,82.97586237132808,64.42760593885824,182.0,1.74374,0.9580989010989011
2020,67164,67164,이찬혁,Right,73,73,73,14.097005640559326,14.152608336446386,4.460288456927933,20.722967484101666,-2.0961851870643184,37.96013664711359,40.22423837792274,187.0,2.11413,1.1305508021390374
2020,67246,67246,김명신,Right,250,250,250,59.55660343746978,79.23926480686839,68.1085693426364,88.60655351782836,48.68657009622379,90.0,41.14339775623633,178.0,1.869975,1.0505477528089888
2020,67259,67259,문원,Right,112,112,112,58.892956752528434,71.46571637453783,66.41974868812375,76.29393811307538,47.778832404301255,90.0,41.01643754977744,187.0,1.592375,0.8515374331550802
2020,67263,67263,최원준,Right,2180,2178,2178,-10.976197014215643,-13.66436552110359,-19.19348307763897,-7.833462033354911,-27.174397100169468,-4.912370709299962,22.015922338177507,182.0,1.951445,1.0722225274725274
2020,67266,67266,박치국,Right,1250,1234,1234,-10.429519252637835,-11.029500836522093,-20.035692002246336,2.2583496969956998,-30.13355383357205,-0.1370132780123952,32.12915414476578,177.0,1.799515,1.016675141242938
2020,67365,67365,양지율,Right,385,383,383,34.608999147092575,47.05354308563345,38.22222511852941,56.338086447455424,15.152262682824746,83.24159249066543,66.95756186180697,185.0,2.12344,1.1478054054054054
2020,67391,67391,김재웅,Left,954,950,950,64.66121455294297,85.34450781531706,79.81012163644138,89.04664294598017,56.413176219320825,90.0,33.586823780679175,171.0,1.8031899999999998,1.0544970760233918
2020,67421,67421,최지광,Right,743,729,729,43.33861794444648,59.51999315766811,53.55179142337922,66.40038636024151,35.60126063559846,82.00158640391713,45.84417140227642,173.0,2.06404,1.193086705202312
2020,67443,67443,장지훈,Right,570,570,570,46.367034155392986,56.23718872219415,46.99910616572896,68.9784724940818,29.869249971191913,81.40164315783665,50.3532486751114,190.0,2.125475,1.118671052631579
2020,67591,67591,강동호,Right,191,191,191,47.92974010918666,59.25457515922867,50.76102364177193,65.8039137664684,31.49540863303591,84.10661391854126,52.2955928869656,189.0,1.93638,1.0245396825396826
2020,67603,67603,이승호,Left,1855,1855,1855,41.44116222200765,50.23908432377766,42.20773360457565,59.51974873354193,27.638738033699642,73.30249261948124,45.71952448412761,187.0,1.96546,1.051048128342246
2020,67646,67646,박진태,Right,203,203,203,-11.755921543476388,-15.476576567864148,-23.336331574318,-2.908302644299842,-43.581594785005166,-0.9098601925321711,43.17231294711405,180.0,1.76936,0.9829777777777777
2020,67703,67703,박상원,Right,945,940,940,32.90246020937872,38.52197044237971,32.05595221754133,44.97235041720124,19.453548280301867,60.406249853444095,40.68444991579952,187.0,1.839925,0.9839171122994651
2020,67711,67711,김기탁,Left,119,119,119,43.40902546681093,57.670504662765964,49.58240645552215,64.07444213819716,28.71945979052785,85.16899624574282,55.316790905342245,182.0,1.75745,0.9656318681318681
2020,67737,67737,김진영,Right,895,895,895,37.473561683702286,52.393148832617214,35.89556298808542,61.61212407492131,23.588693327272875,81.60340530130537,56.910675880374164,180.0,1.84449,1.0247166666666667
2020,67828,67828,김성민,Left,401,393,393,23.58599366068118,31.274527097806875,9.659254222148666,60.639811410741245,11.271192055344626,58.379818184266234,45.39723953720737,181.0,1.81719,1.0039723756906078
2020,67863,67863,이원준,Right,398,390,390,43.094429960521225,50.26174882370162,45.19622849663984,56.57293494991887,29.45379692036469,71.15289383383126,41.797308636471726,190.0,1.95472,1.0288
2020,67954,67954,김진호,Right,194,194,194,20.962255557079622,25.392421170473288,19.25348892358147,31.003279707454126,9.13694962950704,47.48903130487082,38.3460287951819,183.0,2.079765,1.136483606557377
2020,67956,67956,김태현,Left,48,48,48,37.79496747347847,43.48487485553032,39.57180379607652,46.19122501224019,25.72499162559479,62.437018353708815,36.5583398012593,188.0,1.84273,0.9801755319148937
2020,67962,67962,소이현,Right,249,249,249,53.45064737969628,72.40355939016798,63.25479514913089,80.34180046202727,36.79153772091502,90.0,53.177856609970526,185.0,1.98101,1.070816216216216
2020,68043,68043,김민,Right,772,768,768,35.1067966759862,42.98244186027508,36.98683361483532,57.135658502467194,21.281511194370772,67.11407280534809,46.49921016998701,185.0,1.8371149999999998,0.993035135135135
2020,68135,68135,윌슨,Right,2180,2165,2165,48.279446343055625,58.507410713555586,49.34522310649594,65.93906937133963,34.680437546026,80.39084805772804,45.100072714839285,188.0,1.95957,1.0423244680851065
2020,68200,68200,김민규,Right,1154,1148,1148,40.30744586778512,51.81729003752545,43.04051638513807,60.00885485261069,27.163449198887186,77.46812373695005,50.17517882357738,183.0,1.795305,0.9810409836065572
2020,68207,68207,배창현,Left,13,13,13,31.866901624194785,40.043783098768166,38.78368178429418,41.24014027173416,18.863748192853045,64.28739740628261,45.371661969497396,183.0,1.85382,1.0130163934426228
2020,68249,68249,박신지,Right,37,37,37,37.719056919774204,44.74148454279498,42.86821878270977,48.47593712677735,26.73652876232818,63.991311863071964,37.41007773113826,185.0,1.64716,0.8903567567567567
2020,68341,68341,안우진,Right,577,576,576,58.46888462240502,75.52111474735821,67.05763082471572,82.30166497369316,38.828037042042496,90.0,51.171962957957504,192.0,1.739715,0.9061015625
2020,68403,68403,김무신,Right,974,970,970,66.09485157234295,80.69875368734361,68.2612301718021,88.38994558456784,54.47995094030381,90.0,35.51176988306317,183.0,1.881275,1.02801912568306
2020,68415,68415,양창섭,Right,95,91,91,48.187950904669734,63.04479193732572,55.9859404995535,73.10287813354228,35.67980493269389,86.93831191086345,50.342935865462614,182.0,1.81563,0.9975989010989011
2020,68419,68419,최지명,Left,2416,2416,2416,37.16112782179621,43.014293124510765,39.24426246712276,47.060097668954576,26.685222509389426,60.53162107051911,33.97057395013144,186.0,1.851225,0.9952822580645161
2020,68529,68529,이승헌,Right,568,551,551,32.14924376181733,32.95012979296512,26.10279227089886,39.01198482083807,16.172745498571047,52.78978400216135,36.889606009175694,196.0,2.14431,1.0940357142857142
2020,68701,68701,김진욱,Right,837,837,837,36.48999382532659,50.694806633056274,42.994654102613424,59.134356580449,26.518628167588446,75.36829937738648,49.00494467739722,176.0,1.85815,1.0557670454545454
2020,68703,68703,박성웅,Left,465,465,465,36.78636848718284,48.88902557385012,40.03563705207862,60.28135961103923,26.923827525143974,72.3979869723188,44.589771354543366,178.0,1.94253,1.091308988764045
2020,68900,68900,김영규,Left,1213,1192,1192,43.73059778256987,52.463735602526604,42.44667981336854,61.614538670832275,30.058624979894145,74.63623405214315,43.63045743378338,188.0,1.87192,0.9957021276595746
2020,68902,68902,신민혁,Right,622,622,622,42.88316404565687,57.4950704540746,46.693351058000935,68.51367170860043,26.25667016582519,86.59315416262112,57.59257146153509,184.0,1.80121,0.9789184782608695
2020,68910,68910,이승헌,Left,22,22,22,30.950409490686273,40.04568580040622,34.10476335600731,48.37474175418154,20.3279375625389,63.27804421998327,42.55096519247725,180.0,1.4903650000000002,0.8279805555555555
2020,69041,69041,손동현,Right,344,342,342,55.416452158501365,75.00106586493517,63.057810031708605,83.54884398608901,39.56078732485459,90.0,50.43921267514541,183.0,1.90502,1.0409945355191257
2020,69054,69054,이상동,Right,113,113,113,39.536667904469105,49.50118765081325,45.50801869401225,52.39804436873981,29.086276627509328,70.53394664241634,41.83437074571421,181.0,1.87825,1.037707182320442
2020,69068,69068,이선우,Right,50,50,50,-7.154749321178619,-12.000087398545535,-14.99976303969012,-9.735811281111419,-30.122447551311474,-1.454085958207552,28.78176383647251,186.0,1.934725,1.0401747311827956
2020,69098,69098,김성훈,Right,55,55,55,32.65772646818827,46.83127654076574,39.47440926512692,55.800136881890616,16.704198173113262,81.03414474596148,64.68065682933396,181.0,2.02872,1.1208397790055247
2020,69104,69104,남호,Left,310,310,310,51.054324350006084,64.79421076022294,58.13205614633177,70.54405818677863,40.096863271357954,85.84078972427558,45.56804679845216,182.0,1.817335,0.9985357142857143
2020,69111,69111,한선태,Right,29,29,29,-5.805079551523216,-8.321801747425875,-15.377573530801358,-5.090830179248391,-23.143226298698863,0.6841126241968929,24.440958815098615,183.0,1.93084,1.0551038251366118
2020,69134,69134,이정용,Right,544,544,544,63.154650845472005,82.93297919079285,75.47477467183823,88.35243155899803,48.192433838230784,90.0,41.807566161769216,186.0,1.823795,0.9805349462365591
2020,69159,69159,정우영,Right,1087,1073,1073,-1.7139011461399347,-11.146032523094155,-20.930028819016307,-3.0560821526448168,-36.71640941432331,3.3808170796606456,41.316675305788664,193.0,2.00854,1.0406943005181348
2020,69205,69205,이교훈,Left,88,88,88,34.97968149080258,43.92223361084713,40.79335830362516,47.63414660841818,24.69407879551963,64.77027213042395,39.96394431210492,181.0,1.825355,1.0084834254143646
2020,69328,69328,박주성,Right,37,37,37,40.73818417764034,59.619514845406655,51.00140363297605,68.61541509275187,23.316388591050448,90.0,65.051337160188,181.0,2.00266,1.1064419889502763
2020,69360,69360,조영건,Right,790,785,785,43.03041559830976,58.64545462454693,48.08786535166649,74.61529495047836,29.79922967060988,85.40420151813906,52.78238776517519,180.0,1.9101,1.0611666666666666
2020,69399,69399,윤정현,Left,476,476,476,29.225425260952484,32.9790062691239,28.48138380274146,36.636792024117725,19.411331295838927,48.82168073941466,29.183095528859756,186.0,1.8054649999999999,0.9706801075268816
2020,69446,69446,원태인,Right,2270,2265,2265,54.73120640346943,74.13492142515926,64.56065078402243,83.76537822781046,39.16945630656464,90.0,50.82344791793029,183.0,1.97751,1.0806065573770491
2020,69516,69516,김현수,Right,246,246,246,43.95213709959803,56.76211231790746,47.99650078025096,61.796238333427496,27.869383338363367,83.58706912482847,54.74944466109842,185.0,1.865915,1.0086027027027027
2020,69539,69539,서준원,Right,1769,1764,1764,4.092213049940852,2.161076575122167,-4.861399221324873,8.91367913893015,-20.56826812689274,23.300445981753562,43.41940753529194,185.0,2.00077,1.0814972972972972
2020,69620,69620,김기훈,Left,216,216,216,45.69601782478608,56.12609994311097,51.48469565336042,58.69805363624039,34.08979063923367,76.88923480271804,42.83320436418043,184.0,1.66262,0.9035978260869565
2020,69646,69646,양승철,Right,197,197,197,30.50964190811845,32.11369729575964,27.518777491970518,38.08383730366494,15.61171036231152,52.30664136102639,36.613599411120305,193.0,1.65836,0.8592538860103628
2020,69703,69703,오동욱,Right,230,230,230,-7.794513312523523,-11.56854985822632,-18.414392769213197,-5.876174074236888,-26.407281214193915,-2.367281459847664,23.61480792079572,185.0,1.97322,1.0666054054054053
2020,69737,69737,노시환,Right,21,21,21,26.476527881456256,32.1636274955933,29.738921895670543,36.64309114339313,12.1075843456297,58.42961848238381,46.17416160845266,185.0,1.78953,0.9673135135135135
2020,69745,69745,김도현,Right,1211,1211,1211,43.65997808635291,54.0639841995345,47.80235370634356,60.352144325519824,32.44974024987877,74.9232674182538,42.48034123363391,183.0,1.70133,0.9296885245901639
2020,69813,69813,하재훈,Right,258,258,258,62.650224875642735,67.23006531012705,61.89677894671979,73.34720706512343,45.23989672294933,85.9991861105701,40.07561405443549,182.0,1.7765900000000001,0.9761483516483516
2020,69839,69839,백승건,Left,637,637,637,39.62870888388917,51.897065511770464,44.3966520434774,59.30428212328972,25.586626267702744,78.41282585042475,51.404675616235735,183.0,1.83933,1.0050983606557375
2020,69940,69940,루친스키,Right,3125,3124,3124,26.062763878086663,29.111950534310274,22.041715854989008,37.46387741147275,12.141412132294782,50.78278426079986,38.446676516673335,188.0,2.00344,1.0656595744680852
2020,69962,69962,송명기,Right,1424,1420,1420,13.422679114969728,11.410639939026236,7.596854079864967,15.420179316266838,0.5636562140569764,26.192495650501016,26.10881735004328,191.0,1.98114,1.0372460732984292
2020,69974,69974,배민서,Right,220,220,220,17.54423932392929,20.40472714287202,-0.047046687274004274,29.167217746821013,5.82239462201413,40.61215637386084,37.27871550515229,184.0,1.9606949999999999,1.065595108695652
2020,72447,72447,권혁,Left,135,135,135,46.57854879512868,53.58454467264546,47.55671759256578,64.79325582925327,33.08455011475033,73.58516671117098,39.64804147862415,192.0,1.63701,0.8526093750000001
2020,72523,72523,고효준,Left,241,241,241,41.07428675837906,54.83068833387018,41.594983470689954,68.9834695032611,29.73937845761567,79.89053828699807,49.25219810883628,179.0,1.7656,0.9863687150837989
2020,73117,73117,우규민,Right,730,726,726,-16.09779176571761,-20.45365532113371,-26.171727616835803,-6.862734337132623,-34.10304418839954,-10.834199340580973,23.631274399864466,184.0,1.8131,0.9853804347826087
2020,73211,73211,노경은,Right,2052,2044,2044,45.66802279587601,55.824943432347595,46.49727025943016,65.70559936345528,31.998839610581996,78.26874564100069,45.160044536407426,187.0,1.776245,0.9498636363636364
2020,73738,73738,안영명,Right,730,728,728,41.40207400549414,50.86864528778996,46.89856970629357,56.23253022379512,30.531999396189,71.5709142034583,40.74731902076448,183.0,1.939555,1.0598661202185793
2020,73750,73750,윤규진,Right,73,73,73,33.33345750907353,38.615219606971756,35.22084296741873,42.995447608698036,20.955158995359884,58.71491328606766,37.236038725270774,187.0,1.87719,1.0038449197860961
2020,73801,73801,송은범,Right,882,880,880,42.1935290839843,52.96928804587578,42.073563387733074,71.20615752246334,30.687020558627218,73.80582754575696,42.219568235213806,182.0,1.6465649999999998,0.9047060439560439
2020,74359,74359,오주원,Left,249,249,249,26.172903227095063,30.466458806061016,23.122338263442433,36.814511734238174,15.760029232910934,48.52088907013369,32.88045861341314,184.0,1.94702,1.0581630434782607
2020,74454,74454,윤성환,Right,331,331,331,46.375978140699914,60.078510218035525,51.82057821462845,70.11952750476102,33.29489689965189,85.04638360581197,51.44859297055493,183.0,1.68632,0.9214863387978142
2020,74513,74513,장원준,Left,126,126,126,41.934410237995294,53.4139263311959,46.90296456194183,58.32608769076966,27.796724146486024,78.53836061615601,50.78599504269827,184.0,1.7795100000000001,0.967125
2020,74838,74838,윤희상,Right,54,54,54,45.49264715566669,53.65262613183219,48.95496607013977,59.57507388983423,26.88758914620776,79.07100672858958,51.38556955154737,193.0,1.9048349999999998,0.9869611398963731
2020,74857,74857,정우람,Left,879,873,873,28.899548152074637,35.86174927344001,30.2022476786402,43.04469268679461,19.108606159536365,55.72093769578922,36.48706613431754,181.0,1.7142,0.9470718232044198
2020,75138,75138,신재웅,Left,347,346,346,49.090144718032,63.759958710370206,53.91612072073458,70.94922367070538,37.326970145449394,86.58064148025765,47.91595332146709,181.0,1.68541,0.9311657458563536
2020,75258,75258,금민철,Left,55,55,55,64.77218837302415,78.94661087932923,70.23422963867277,83.6070365791322,56.89541669198576,90.0,33.10458330801424,181.0,1.27275,0.7031767955801105
2020,75340,75340,전유수,Right,783,767,767,45.142319816518295,56.09986417681003,48.823090975608125,62.82616277075702,31.994460085364388,79.11259908059426,46.6929283168856,185.0,1.78061,0.9624918918918919
2020,75342,75342,이보근,Right,656,650,650,54.909258804529216,67.38057745121164,60.3900819048565,75.22971425714175,42.74477194298558,87.76492352549991,43.93576050112149,187.0,1.7726250000000001,0.947927807486631
2020,75421,75421,오승환,Right,790,790,790,27.26829290199489,35.30691287093286,29.514199352336107,41.7204664755645,18.74124744698768,54.902942132698115,36.1953109987174,178.0,1.8303250000000002,1.0282724719101124
2020,75867,75867,김진성,Right,770,769,769,70.42311957463546,85.1956461476445,79.20366462576385,88.95349610539463,61.4680442379707,90.0,28.5319557620293,186.0,1.65271,0.8885537634408601
2020,76118,76118,원종현,Right,924,920,920,24.78528925424862,41.43812694487629,28.216490456964433,59.760724269932766,1.1710300924882369,90.0,87.84755634045717,182.0,1.995155,1.0962390109890108
2020,76225,76225,김건국,Right,528,528,528,63.09311774660006,79.75156889874009,74.69456983949075,85.47311550982054,52.403823360529145,90.0,37.596176639470855,183.0,1.802475,0.9849590163934425
2020,76329,76329,이현승,Left,728,728,728,46.05352480067674,59.058294627462175,52.98382795290282,65.76124287853077,36.22603917682129,80.10655243780533,43.34097976567878,179.0,1.762155,0.9844441340782122
2020,76350,76350,김세현,Right,709,708,708,48.92526317437473,59.52309602966281,46.259204847136566,72.80287464710676,34.646879831529816,82.1000867066106,45.82679768898059,188.0,1.81263,0.9641648936170214
2020,76355,76355,장원삼,Left,585,581,581,47.010618218286766,62.94790372021985,54.603564841325976,74.54441995296335,34.016755782343076,88.37969644510216,52.68317377086001,181.0,1.6958,0.9369060773480663
2020,76430,76430,김상수,Right,880,876,0,42.87191004858725,,,,,,,,1.69737,
2020,76455,76455,차우찬,Left,1063,1062,1062,40.355723510522424,49.35223640283081,43.699295388931816,54.18070318230376,27.701968447385717,71.7025539648426,43.72469252772518,185.0,1.819455,0.983489189189189
2020,76650,76650,진해수,Left,947,943,943,46.85439562691739,56.61258517098395,48.28724357694809,65.21206242938183,34.34686647409095,77.81890242994997,42.64242798495291,187.0,1.66216,0.888855614973262
2020,76757,76757,유원상,Right,959,955,955,60.52541922272978,74.74785067284668,66.27118493835273,81.12729149312685,48.923382616255964,90.0,40.58099677322606,187.0,1.81719,0.97175935828877
2020,76858,76858,박희수,Left,452,447,447,39.36246723341274,49.93084605803799,43.01066014163266,56.42455797281248,25.623322116675904,74.96018472677396,49.15541513694869,184.0,1.87619,1.0196684782608696
2020,77211,77211,이용찬,Right,379,377,377,30.619509715708855,36.785382190056474,30.765015953273906,44.10620791382141,17.67082018253244,59.769208130984445,41.68177795341283,185.0,1.93938,1.0483135135135135
2020,77263,77263,김강률,Right,607,604,604,60.21475557645938,75.7892142666723,69.7753122608641,81.06680813593867,46.99724913959727,90.0,43.00275086040273,187.0,2.12634,1.1370802139037433
2020,77318,77318,장시환,Right,2339,2322,2322,46.99280200755772,60.204641345792375,50.86526465256461,72.25772230056602,33.20680953657077,83.89086694591467,49.53253692566982,184.0,1.8391000000000002,0.9995108695652173
2020,77446,77446,백정현,Left,941,941,941,52.071539363076724,67.43309957184836,59.6796357217915,72.8643103228189,38.31979839777722,90.0,50.40806233927926,184.0,2.11078,1.147163043478261
2020,77563,77563,이상화,Right,220,220,220,62.51335491006347,78.13668887551185,70.67013348897603,83.36376444356277,49.71795550372191,90.0,40.28204449627809,188.0,1.73605,0.9234308510638298
2020,77591,77591,송승준,Right,392,384,384,47.37214140720609,59.516142190981604,50.369083335940886,69.0893357971959,34.90605126254438,81.74521737123251,45.38853012596013,184.0,1.7800099999999999,0.9673967391304348
2020,77637,77637,양현종,Left,1515,1515,1515,40.17533896017846,49.051543573237204,45.814483477433825,53.07665618236296,29.635366602823982,69.15923629183754,39.4808962780395,183.0,1.9603,1.0712021857923497
2020,77927,77927,장필준,Right,631,631,631,42.53244575773419,50.04900842898155,43.07422337860689,56.71007237309393,27.59036766436701,72.76756150974941,45.565519040917444,190.0,2.11974,1.1156526315789475
2020,78148,78148,정찬헌,Right,1723,1723,1723,49.255359334457694,66.90034299939441,55.40638551303116,77.17449343769708,30.005745760675264,90.0,59.19182926241662,186.0,1.74465,0.9379838709677419
2020,78247,78247,홍상삼,Right,416,416,416,39.217844144192455,45.08004995036809,39.04526370191865,53.37865047564313,27.47127955044393,63.69776709360747,36.11097406268301,188.0,1.79202,0.9532021276595746
2020,78352,78352,임창민,Right,682,678,678,39.27740604163199,48.070561789852526,42.15854477641751,56.36270434526334,28.450023663153047,68.36702509590808,39.347357794268575,183.0,1.682485,0.9193907103825136
2020,78517,78517,하준호,Left,734,732,732,46.88577489381822,68.32171545695944,52.19206799817568,79.32932183072649,35.99534098182565,90.0,52.139538002959284,174.0,1.71573,0.986051724137931
2020,78536,78536,김대우,Right,721,718,718,32.31069979193447,36.441473076314196,24.65009413090539,49.48622334095758,16.427010189311524,60.42541832110561,43.402376580632975,190.0,1.89686,0.9983473684210526
2020,78819,78819,백청훈,Right,32,32,32,26.62683501875723,36.04770347970333,26.42129397593698,44.145369797639304,4.457224430171779,80.68548360648744,77.58176890401992,185.0,1.733465,0.9370081081081081
2020,79130,79130,강지광,Right,87,87,87,51.604261071189406,72.62859017995046,66.58978382856488,77.78919840888246,35.9052158685251,90.0,54.0947841314749,181.0,1.76619,0.9757955801104972
2020,79140,79140,최동환,Right,783,783,783,72.88901551840671,85.43405302761904,78.90290648201263,89.16443718765801,58.6020877857442,90.0,31.397912214255797,184.0,1.96562,1.0682717391304346
2020,79229,79229,유희관,Left,2019,2010,2010,40.65254681554339,58.07718317889825,48.245610062078136,67.24223583133546,25.298986389174075,88.33158472883875,60.99749829688221,180.0,1.90692,1.0594000000000001
2020,79293,79293,오현택,Right,555,547,547,-3.073181100087213,-3.3683234561826745,-6.317354322566432,0.8818576790734279,-13.086929115891717,3.9433182640253115,17.155617683628012,180.0,1.85728,1.0318222222222222
2020,79358,79358,강윤구,Left,379,379,379,34.58031190924654,45.036031766599315,37.67882015522224,50.940740391814906,20.35107665278413,72.48055139810815,51.4326236837538,183.0,1.77503,0.9699617486338798
2020,79440,79440,정인욱,Right,104,104,104,49.01569512195873,60.04042442385206,53.642959524291236,65.32344555903808,36.58141590098607,81.09170760873849,44.55566970799537,186.0,1.9140549999999998,1.0290618279569892
2020,79545,79545,진명호,Right,530,530,530,57.67500797867751,71.25539788611631,64.83436944874994,82.22999197456078,41.117508980841556,90.0,48.87152130664519,193.0,1.81122,0.9384559585492228
2020,79617,79617,정용운,Left,22,22,22,44.21002949706873,54.014833101259576,46.61241439442838,61.36258950950272,31.239654149437367,76.20283166528756,44.6702965278054,186.0,1.74251,0.9368333333333333
2020,79764,79764,장민재,Right,809,808,808,37.42448645485847,46.17015054503062,35.18471861124187,53.530526900483785,25.04795738817153,68.85852878906542,44.415393307283736,184.0,1.864955,1.0135625
2020,79825,79825,여건욱,Right,404,404,404,45.228154427002295,55.89202371455863,49.82446200928623,87.24311522898006,32.72844551610691,78.32152948630284,44.00557157857149,185.0,1.67225,0.903918918918919
2020,79847,79847,김태훈,Left,1085,1081,1081,46.49648113069819,59.96129865160813,53.92851728423451,67.02677987380785,38.49924580401663,79.94154296607762,41.39179114068794,176.0,1.69108,0.960840909090909
2020,99445,99445,권오준,Right,283,283,283,-2.1817235018576397,-3.7522546484925736,-12.638091415170184,2.8701624350154837,-22.62577937894526,10.016544575061594,31.723254044842005,182.0,2.02262,1.1113296703296702
2021,50030,50030,소형준,Right,1958,1958,1958,43.54529842337679,54.8487566084324,48.0985303178772,61.39959660718749,24.613512725729265,84.08304050882725,59.140607212116194,189.0,1.9343650000000001,1.023473544973545
2021,50036,50036,이강준,Right,166,166,166,-4.515977704964222,-5.296333659334287,-11.118077090339977,-0.3226322861262836,-22.52560154594135,7.202315863224699,30.75752979728513,180.0,1.8360750000000001,1.0200416666666667
2021,50126,50126,이민호,Right,1902,1899,1899,25.076554658865252,27.034324035566073,23.33685086597417,31.625118149868612,12.16710047810378,45.888368750978564,33.874303990351756,189.0,1.90695,1.008968253968254
2021,50157,50157,김윤식,Left,1177,1172,1172,45.67580803742051,58.62287213684574,38.10587641621839,79.51272044507787,34.767488467510816,80.62539218860418,39.93964821787333,181.0,1.5752,0.8702762430939226
2021,502010,67313,브리검,Right,855,840,840,37.89987809026098,43.15122041847089,39.19941066848998,47.10948540758662,24.525510369883616,63.348803288878976,38.67775172638305,190.0,1.8933,0.9964736842105264
2021,50203,50203,권휘,Right,452,452,452,59.225853456556834,77.48165704180343,67.59912087453131,85.42710098374553,47.43730174082201,90.0,42.51296161085388,181.0,1.7276099999999999,0.9544806629834254
2021,50205,50205,박웅,Right,140,140,0,31.316892959116856,,,,,,,,1.8921649999999999,
2021,50296,50296,조제영,Right,229,228,228,38.45328291610348,47.897216596868795,41.926667693319715,53.847772588056806,26.71221719440166,69.99154688437713,43.28776633159501,183.0,1.8504399999999999,1.0111693989071038
2021,50298,50298,최세창,Right,17,17,17,43.772327394900614,55.33732793375057,49.38601611583136,62.461879249850014,27.309535120049148,82.18466858886893,54.83999618551173,187.0,2.22696,1.1908877005347593
2021,50354,50354,이종민,Left,70,70,70,47.96575388785574,57.56964832389019,53.35854864259748,61.0485389142893,37.32417795186912,76.63181224672083,39.46180285602934,185.0,2.00346,1.0829513513513513
2021,50360,50360,김동혁,Right,1312,1300,1300,-9.981030176106874,-13.601892576326104,-18.524739469295515,-6.4527278506532975,-28.41752625645059,-4.2881676910637445,24.585999361133908,184.0,1.920845,1.0439375
2021,50393,50393,김동욱,Right,55,55,55,33.73905828026544,48.393741908557516,44.42497490908967,53.36833151469719,21.465043411098502,78.2848731202623,55.49006716649437,178.0,1.71562,0.9638314606741573
2021,50397,50397,박관진,Right,43,43,43,49.26034214362855,69.40943119162567,63.40978107834963,77.69572888627297,27.560986761011744,90.0,62.43901323898825,186.0,2.1556,1.1589247311827957
2021,50449,50449,허윤동,Left,73,73,73,41.15670814805889,51.26450460244941,44.407656405924875,55.08996738011315,31.160272476670617,71.33084325209315,40.202820693248654,181.0,1.94753,1.0759834254143645
2021,50464,50464,이승민,Left,692,691,691,39.59774399476461,59.35734606170055,51.23818398530631,66.61769213232274,29.26083754144596,87.56717421046176,57.22761040889846,174.0,1.74693,1.0039827586206898
2021,50556,50556,최준용,Right,692,684,684,23.72449814401435,27.42189815595905,23.67998684972614,31.183243307164762,12.101249727048545,46.81109058471568,34.354425667266824,185.0,2.061035,1.1140729729729728
2021,50563,50563,박로건,Left,56,56,56,47.85511112852844,61.33754324182229,49.17650541692058,65.78418996282336,32.01259061743894,86.99944368681496,55.150498569696,186.0,1.8176350000000001,0.9772231182795699
2021,50596,50596,홍민기,Left,14,14,14,41.76616862888715,50.44449133001126,47.852629583066836,51.294993765469336,30.181822918764446,70.4800066303111,40.31225006256463,185.0,2.06313,1.1152054054054052
2021,50650,50650,최용준,Right,54,54,54,60.31595051157211,73.3765196235266,66.83384425685271,80.27849102663022,46.53087882983721,90.0,43.18844625084792,192.0,2.0522400000000003,1.068875
2021,50662,50662,정해영,Right,591,591,591,42.19260504732251,49.645170012282506,44.40121902825488,55.76716807180944,28.153139804681008,71.8193751931185,43.40866702474141,189.0,2.1452,1.135026455026455
2021,50705,50705,강재민,Right,1105,1096,1096,-3.8988318475800963,-5.107036486171859,-21.386175610689804,11.899875925835916,-43.42316493465501,25.296392404036425,61.44586966809099,180.0,1.840535,1.0225194444444445
2021,50706,50706,장웅정,Right,136,136,136,42.71235248911014,56.70395348171628,42.952713241074946,65.20021538222122,29.567697372001888,82.50138535212271,52.772834839198424,181.0,1.97648,1.0919779005524861
2021,50720,50720,남지민,Right,99,97,97,53.55417805395093,67.43178828621707,60.39376311374928,75.33063021786339,43.56697384060763,87.67527059415208,42.813979506229174,181.0,1.80974,0.9998563535911601
2021,50758,50758,신지후,Right,14,14,14,61.767313955347035,73.89376659171302,67.51792638258776,82.19950738156116,46.17701047166178,90.0,43.82298952833822,198.0,1.78869,0.9033787878787879
2021,50813,50813,양선률,Right,52,52,52,50.36802815093878,64.58482390679842,62.08889545973016,68.78756350354587,35.326808087869786,89.50160360725451,53.98127359251738,186.0,1.74147,0.936274193548387
2021,50859,50859,오원석,Left,2035,2034,2034,25.330420067446784,30.534254218253736,26.053553908654216,34.13242188870282,15.662575163543867,48.34146861831412,32.37835382523236,182.0,2.0135300000000003,1.1063351648351647
2021,50901,50901,안인산,Right,134,134,134,26.014556911419128,33.45606679390545,27.767843924518886,37.596323686273635,14.637864609955514,55.965310224615564,41.272639332081035,181.0,1.9442300000000001,1.0741602209944752
2021,50905,50905,강태경,Right,241,241,241,25.779851027693326,28.295608542339757,23.6535794369994,32.76375596863477,13.585200538725026,46.47322084137071,32.818425480266846,188.0,1.89544,1.008212765957447
2021,50992,50992,김태경,Right,286,286,286,66.2575089963579,80.25614934894253,66.91097807915156,87.29104430681366,50.50943195666564,90.0,39.49056804333436,188.0,1.818025,0.9670345744680852
2021,51058,51058,한차현,Right,90,90,90,33.52418572726157,42.21488332956285,35.42363456255359,45.6003837995006,24.10956937332376,62.34951471289513,37.85542594246577,180.0,1.8749,1.041611111111111
2021,51060,51060,지명성,Right,32,32,32,-4.040471620490706,-0.88939448820991,-3.5164898955190336,2.5095652721615687,-15.296479946975175,11.531805367224166,26.556123647347302,173.0,1.8505099999999999,1.0696589595375723
2021,51154,51154,김진수,Right,34,34,34,33.379981590331184,44.84812860325359,39.26752421013539,52.81162551054984,22.420298738722586,70.46950475548869,47.76592863353371,179.0,1.8227600000000002,1.0183016759776535
2021,51264,51264,최승용,Left,386,386,386,39.39369743496037,46.72457250727376,41.130142026259094,51.98580710189905,23.265512667411613,71.74623500738284,48.12210105795148,190.0,1.89001,0.994742105263158
2021,51294,51294,김도윤,Right,17,17,17,-22.964362050310616,-28.721060587427008,-32.880531688849636,-26.42628834564995,-49.79206036011912,-14.824348708862653,33.674075439045026,181.0,1.72806,0.9547292817679557
2021,51301,51301,김성진,Right,692,687,687,45.753937348248,60.047370798539916,38.212627803811955,77.96583736159252,32.34823913638479,83.35014472159476,42.35100719205413,183.0,1.86742,1.020448087431694
2021,51359,51359,장재영,Right,371,371,371,48.83428777349363,62.580094259305234,54.237788057938715,71.4061623189691,32.95893956194876,87.97186258643369,53.01659872614985,187.0,1.98683,1.062475935828877
2021,51393,51393,김준형,Right,210,210,210,53.41239158299272,72.31011906002934,63.513900679692405,80.20053006726165,39.10577626882808,90.0,50.89422373117192,182.0,2.09237,1.1496538461538464
2021,51454,51454,이승현,Left,732,732,732,47.031200958531244,56.07059779977135,51.229436869989634,61.40297553561085,38.049326215462756,73.33515939463504,35.48313959601415,183.0,1.7776049999999999,0.9713688524590164
2021,51460,51460,이재희,Right,390,390,390,65.38744389762573,82.6062407418465,75.32568023700574,87.88377778911911,53.147464946320824,90.0,36.852535053679176,187.0,2.06352,1.1034866310160427
2021,51516,51516,김진욱,Left,856,851,851,53.26818005164161,65.24202884666775,57.30338581672383,72.07558145126897,42.164849723272766,85.0652932156857,42.48624693082313,185.0,1.92618,1.0411783783783783
2021,51546,51546,정우준,Right,119,119,119,17.479953270076138,22.318662420569517,17.0633629657757,25.511130662172427,7.922884999035756,41.88505842715577,34.229881179285606,180.0,1.79759,0.9986611111111111
2021,51586,51586,김창훈,Right,129,129,129,38.954533530051286,47.71324141729763,42.55452760060624,53.17666650302414,26.257702422208673,70.2706230284641,44.015570693649195,185.0,1.96285,1.061
2021,51594,51594,송재영,Left,298,298,298,80.38626221971987,79.30147878522752,74.41669133274854,85.53607853912152,51.04177660207587,90.0,38.95822339792413,181.0,1.9395,1.071546961325967
2021,51648,51648,이의리,Left,668,668,668,31.484530228637794,37.03979081019854,31.36615807276764,41.76769130919559,20.22613913498772,56.23831226615165,36.028727282683505,185.0,1.867575,1.0095
2021,51665,51665,장민기,Left,179,179,179,33.9650060013566,41.69680981830974,32.795302897374086,47.904634873150414,24.008995371653242,60.93795793686818,36.625934388241625,182.0,1.95226,1.0726703296703297
2021,51668,51668,이승재,Right,200,200,200,41.922563718726906,54.268706142476454,48.84138144586471,60.92015641457493,29.176563368899004,78.59112672281056,47.80809646423083,182.0,1.8309000000000002,1.005989010989011
2021,51715,51715,김기중,Left,1043,1040,1040,50.434188461897406,65.37461344531849,55.34451935434255,72.15207631367991,34.81141514238108,90.0,52.96474542139211,186.0,2.026945,1.089755376344086
2021,51761,51761,배동현,Right,662,662,662,59.15806198143331,80.92326612994648,69.71089490722096,88.49364574285111,23.29463155987557,90.0,66.70536844012443,183.0,2.021025,1.1043852459016392
2021,51809,51809,조요한,Right,157,157,157,49.19719783713594,58.54587264592039,54.982328678221386,63.63053851753937,34.409028976219034,81.1244552283845,46.64143709224658,191.0,1.80605,0.9455759162303665
2021,51867,51867,김건우,Left,185,185,185,49.248946657127675,61.1299964524536,55.15520089586876,68.1180606443405,36.22618495503944,82.85821790137547,45.54748442668722,186.0,1.89407,1.018317204301075
2021,518852,69343,요키시,Left,2655,2642,2642,34.50438050071359,39.47625701979139,33.970819342290504,44.05533329284661,22.101374122636905,58.996796336542076,36.80862594919192,188.0,1.88371,1.001973404255319
2021,51895,51895,장지훈,Right,1191,1187,1187,11.971126416775373,16.310352131919426,12.304150477646758,20.08645459989184,5.101812962060489,31.128956100299344,25.91757694784794,177.0,1.61795,0.9140960451977401
2021,51897,51897,조병현,Right,148,148,148,45.050195575335735,56.067292303350364,52.51123633331432,60.03893595581732,34.65347294378345,76.55338972231769,41.66854561826767,182.0,1.762855,0.9686016483516483
2021,51948,51948,이용준,Right,56,53,53,33.483370802604824,42.46355465282888,40.46363793839057,47.28861628978072,23.755165745742424,63.81782963512386,39.9108517068046,180.0,1.88468,1.0470444444444444
2021,521655,51863,폰트,Right,2424,2400,2400,47.0814656772222,52.675272169381174,46.72551669568339,59.207876526874664,35.72872848578773,68.88219331850313,33.02370715481946,193.0,1.854585,0.9609248704663212
2021,534648,67008,이대은,Right,462,462,462,38.007189790545134,44.16976092811716,39.96357180438619,48.34896103914888,23.64729801333543,66.16989242701902,42.518506903257304,189.0,1.885615,0.9976798941798943
2021,543001,51722,카펜터,Left,2691,2665,2665,39.99381902547907,43.017368375987864,33.271618770042515,51.56473948297612,26.03747197356643,60.89527172885102,34.349609516562026,196.0,1.84887,0.9433010204081633
2021,543208,51833,가빌리오,Right,1196,1192,1192,60.04411959293893,78.86059471444906,72.81595962141346,84.1823677621707,45.37659893247455,90.0,44.62340106752545,185.0,2.02869,1.0965891891891892
2021,543391,69103,켈리,Right,2821,2779,2779,59.033840536743476,71.42332318007261,54.13992841789346,80.54871936660686,45.508757174210466,90.0,39.36149282812363,191.0,1.80371,0.9443507853403141
2021,543557,51439,몽고메리,Left,917,899,899,38.72331736304138,41.073263501604686,35.89822651985803,45.04624325930589,25.896273538943387,57.09254781034426,30.79356693275365,196.0,1.94752,0.9936326530612245
2021,571035,69032,쿠에바스,Right,2178,2177,2177,38.106945180441905,46.1359829171272,38.31066955859704,55.464299616262906,22.20704163669403,71.99400973453899,49.7605611773257,188.0,2.05231,1.0916542553191488
2021,571527,50404,뷰캐넌,Right,2981,2958,2958,45.612429798896386,52.82088351762769,47.18628383792655,59.0288686770213,33.091454800862515,72.13545026141715,38.93530953051773,190.0,1.73305,0.9121315789473684
2021,573185,50558,스트레일리,Right,2870,2861,2861,34.784869731566054,39.18410548507694,31.812037279567626,45.910064079618635,22.566760425416433,57.70289526544559,34.96421821619344,189.0,1.87088,0.989883597883598
2021,573348,66960,정수민,Right,468,464,464,58.53940075114001,73.33406493217063,67.95612869366771,81.44470208157718,44.717981250326304,90.0,45.282018749673696,188.0,1.91931,1.0209095744680852
2021,575070,51567,프랑코,Right,2634,2634,2634,43.99410253778048,51.590168050856576,45.5020572295245,57.882642160767844,31.041525972066268,72.13388953556809,40.90979932896907,189.0,1.738505,0.9198439153439154
2021,586512,,,Right,43,43,0,34.67412527797105,,,,,,,,2.07934,
2021,592468,50815,킹험,Right,2263,2260,2260,39.30965292877435,42.84972066773028,33.22674969094198,56.56859248605985,21.81404145767206,65.79185998555678,44.118417399525875,196.0,1.91783,0.9784846938775511
2021,592499,51834,르위키,Right,215,191,191,57.63009216367891,69.54187086815578,65.22378597711631,74.0840472997488,45.18398867956582,88.88372343775717,43.1012863190122,190.0,1.74019,0.9158894736842105
2021,594902,69439,라이블리,Right,613,600,600,28.77603187410675,31.552237538421497,16.322348360529766,46.79389010534378,0.20412077264988882,80.52924174257251,82.69596126905404,193.0,2.0639649999999996,1.0694119170984455
2021,595001,51334,스미스,Right,180,180,180,32.16043405702588,37.21155358915384,32.29029863154295,41.13098732473672,17.96661129820947,59.66892766951548,41.95935440279601,188.0,2.0065049999999998,1.0672898936170214
2021,596043,51619,멩덴,Right,844,844,844,45.41522769783304,56.67543924266573,47.853407822584714,63.82736173644715,32.29837047165049,79.2739454144899,47.15262180591855,185.0,1.895035,1.024343243243243
2021,60140,60140,신정락,Right,361,357,357,7.188945300576992,11.407553130720649,-6.317450019847623,16.099294643299828,-7.132187791285153,31.544488700036123,33.69771251374467,178.0,1.72223,0.9675449438202247
2021,60146,60146,이승현,Right,346,346,346,73.3799728267182,81.89014573719942,68.27505673587626,87.93585416442593,56.337438024137185,90.0,33.662561975862815,181.0,1.8340200000000002,1.0132707182320444
2021,60181,60181,김지용,Right,67,67,67,84.08243312605377,63.521081621342915,50.78486013964877,68.73281531350405,31.095521684333793,90.0,57.58193372951104,174.0,1.79628,1.032344827586207
2021,60263,60263,이재학,Right,1438,1437,1437,13.054642725141743,16.414271063807995,12.760976685139111,21.07891530672136,2.6036033371710627,36.39515332846437,33.83276479513103,181.0,2.01312,1.112220994475138
2021,60336,60336,문성현,Right,85,84,84,71.08687892211682,84.78966267151432,76.80385918175037,89.04304500295173,48.192744888602874,90.0,41.807255111397126,182.0,1.93635,1.0639285714285713
2021,60337,60337,김대유,Left,815,815,815,7.067914627229688,5.543145354982435,1.8211715986408428,9.446097799171852,-4.900684587875581,17.263647151066767,22.02440228351616,187.0,2.05172,1.0971764705882352
2021,60339,60339,김건태,Right,131,131,131,25.317276808091087,29.68610311882027,24.395665719187864,52.674527711701025,13.211484090842282,50.36146867255762,36.19621764058446,185.0,1.78577,0.9652810810810811
2021,605156,50636,브룩스,Right,384,384,384,36.84087053599143,40.29995502509624,34.42152731714237,45.362843143156645,22.601005687802637,59.727806114017696,36.68263894071142,193.0,1.79921,0.9322331606217616
2021,605498,51136,수아레즈,Left,1820,1816,1816,50.30452439474522,58.852955017148176,51.76618620989521,72.06799791582472,39.75569672439891,76.50427233005414,36.97396694795704,185.0,1.584475,0.856472972972973
2021,60559,60559,박시영,Right,695,689,689,71.19608522686127,86.12067347552521,79.67294765673867,89.07663963602087,57.791658412614474,90.0,32.208341587385526,181.0,1.7102,0.9448618784530386
2021,60768,60768,이태양,Right,1537,1524,1524,66.61474931207414,83.19245172549898,77.93137361638104,87.72971075984782,53.085625600066024,90.0,36.914374399933976,192.0,1.730245,0.9011692708333334
2021,60841,60841,박종훈,Right,867,847,847,-62.256865973106905,-72.53546489210187,-76.77211200402046,-69.40111872828966,-84.49585366480501,-59.13093829016207,25.371597371780695,186.0,1.65036,0.8872903225806451
2021,61101,61101,임찬규,Right,1488,1484,1484,54.94373017445912,76.04676987508785,62.225298860516446,85.62829764310312,36.019139265393925,90.0,53.980860734606075,185.0,1.99976,1.0809513513513513
2021,61145,61145,이우찬,Left,634,631,631,42.514395741164776,51.777049966838376,46.60970227932171,57.808654945948156,30.354556555736398,73.40993340219505,42.912421115638345,185.0,1.74425,0.9428378378378378
2021,61156,61156,송윤준,Left,202,198,198,24.2375210840366,28.71051595109168,12.105352573244412,40.41184673652566,8.509488862100136,55.797657502391516,45.67005742325796,186.0,1.95721,1.052263440860215
2021,61208,61208,정진호,Left,12,12,12,53.102812088103434,42.97790387038838,40.771054914812574,47.60995794861754,29.057900668499123,57.49850126872224,28.136464271052077,185.0,1.5438999999999998,0.8345405405405405
2021,61208,61208,정진호,Right,11,11,11,46.25905500884969,55.20382234000412,52.91245141791453,58.209140980286264,36.63510112386517,73.55460216919131,35.48163594190722,185.0,1.46187,0.7902
2021,61268,61268,양현,Right,901,887,887,-20.679188321622767,-27.166658120236374,-33.539437709149844,-20.3134395753587,-40.03647864973002,-17.415545189438838,22.82744318111083,189.0,1.89018,1.0000952380952381
2021,61295,61295,강동연,Right,435,435,435,52.95949885575536,62.454953384019866,57.64124969928317,67.74210107328737,36.92306231037368,84.28461443030159,47.21933687387802,195.0,1.82262,0.9346769230769231
2021,61365,61365,김대우,Right,795,779,779,-50.48908824041311,-60.11681719184349,-66.6301484342343,-51.2993990697089,-74.89202790016462,-45.42434423212402,29.488805996382105,183.0,1.70963,0.934224043715847
2021,61411,61411,심창민,Right,1032,1031,1031,-7.635802158200076,-12.558012601632797,-18.976967967007752,-4.714577806751616,-33.7747104138441,-0.642796439191431,32.01642716348903,185.0,1.78583,0.9653135135135135
2021,61457,61457,임현준,Left,204,204,204,-21.92824611349255,-27.213697791270107,-35.17720325314775,-22.344038858353116,-40.20856246456582,-17.465898442068635,22.53578421482124,185.0,1.9370150000000002,1.0470351351351352
2021,61643,61643,홍건희,Right,1374,1373,1373,44.81124939280981,54.003306958731514,49.4681564190122,60.02777612417009,31.504332890363898,76.04251396616884,44.36651859022504,187.0,2.10093,1.1234919786096256
2021,61666,61666,한승혁,Right,175,175,175,44.024858074230416,55.23798874955685,49.94579506454419,62.41148160599112,30.368131286736382,79.38410092165958,48.8021953773375,185.0,1.94295,1.0502432432432431
2021,61700,61700,강경학,Right,28,28,28,20.08273363021229,25.68427373903593,21.919629433456354,30.543985608247432,10.648191904577075,45.22943042607351,34.15625984245026,180.0,1.59633,0.8868499999999999
2021,61895,61895,서진용,Right,1092,1072,1072,57.501896193238764,73.23083525152983,62.79587257885409,83.14183453261644,45.25778714718125,90.0,44.66480080385366,184.0,1.9862250000000001,1.0794701086956522
2021,62056,62056,정영일,Right,39,39,39,68.08198255638061,86.20411962189621,81.48681883931897,89.52065622590081,49.47959650259041,90.0,40.52040349740959,188.0,2.22138,1.1815851063829788
2021,621141,51234,로켓,Right,2020,2017,2017,42.341663418730995,47.77862801196986,42.54545373305679,53.49809464008384,22.93240268253246,73.73308896419212,50.59839152994444,196.0,1.95027,0.9950357142857142
2021,62146,62146,최성훈,Left,632,629,629,25.54321460930875,33.72891906224451,27.80111207524065,40.41367194868884,16.590866066550742,54.58650363183355,37.57467199832044,178.0,1.65684,0.9308089887640449
2021,62242,62242,윤명준,Right,764,756,756,38.84017451544749,50.61997517896447,46.98879979003111,55.132603739475044,29.692117767088252,72.06862432751012,42.32093842061845,178.0,1.7190349999999999,0.9657499999999999
2021,62360,62360,김태훈,Right,1066,1058,1058,65.30103417850364,82.31682613770798,70.6178015226507,88.49295783811925,53.28896423926517,90.0,36.71103576073483,187.0,1.87558,1.0029839572192514
2021,62363,62363,한현희,Right,1456,1456,1456,-0.6208232610599256,-1.4454318119177754,-7.274949442247797,3.529946323503225,-14.776831650833298,9.251529323745412,23.02694284210545,182.0,1.9487,1.0707142857142857
2021,62528,62528,김원중,Right,960,945,945,45.51721473372242,52.841797421785955,48.691396560163426,57.34418030460961,30.67450437966344,74.55479410146091,43.90032584223858,192.0,1.95331,1.0173489583333335
2021,62611,62611,임준섭,Left,247,247,247,50.2423282105713,63.238190846852696,58.819282651406844,67.53486732669433,40.130569984528236,83.81877229963365,43.77038028362518,181.0,1.7852,0.9862983425414363
2021,62655,62655,홍성민,Right,675,671,671,40.78959532506059,50.23605066584377,37.198451109210666,60.696840831483534,19.65702115593777,81.58428174214909,60.39766609118138,191.0,1.90935,0.9996596858638744
2021,62754,62754,임기영,Right,1595,1594,1594,6.001093869894904,5.568581037953339,-2.445454578622659,11.524666142438607,-8.919493418212493,21.256510015922256,29.812348544333773,184.0,1.89162,1.0280543478260868
2021,628333,50040,데스파이네,Right,3255,3255,3255,44.52644808667509,58.180997170289565,38.81233433226587,68.48967135702753,31.465219639681397,83.0329598191337,50.295641220753055,182.0,1.81258,0.9959230769230769
2021,62869,62869,문승원,Right,858,858,858,34.14237447232691,43.696847009635135,38.78910342206103,49.891339716116164,23.90006746639041,65.74197364041945,41.80750051952715,180.0,1.708465,0.9491472222222221
2021,62908,62908,황윤호,Right,20,20,20,19.532780739455898,27.530450208593404,23.774886329402026,31.527762766042137,10.430582583608864,50.24594900694888,39.79507796409098,177.0,1.631985,0.9220254237288136
2021,62920,62920,노건우,Left,328,327,327,48.01386091329963,67.18116366498337,55.144849163977796,79.26860414147511,31.63311592233461,90.0,57.73532354073147,182.0,1.89762,1.0426483516483516
2021,62937,62937,신재영,Right,426,425,425,3.297618440555707,0.5532783313064161,-4.858101406542542,7.559250640473131,-30.9243558899629,29.85447585778547,60.01919450865273,185.0,1.80292,0.9745513513513513
2021,62951,62951,이형범,Right,68,68,68,46.104738891879286,63.67446713772793,48.24486600003447,75.36906009528806,31.43871013802958,90.0,55.0831558487788,181.0,1.8179400000000001,1.0043867403314917
2021,62966,62966,최금강,Right,470,469,469,27.334864520176477,27.11850185209258,22.10174785124951,32.05848626619918,12.327983250169089,45.39894648973761,33.07559763789696,195.0,1.80441,0.9253384615384616
2021,63103,63103,류원석,Right,128,128,128,-4.358174289391421,-9.381791843517327,-15.491108636356293,-4.5211210240643,-31.555769875846856,3.1347258403745686,33.76343792177033,186.0,2.0757250000000003,1.1159811827956987
2021,63145,63145,배재준,Right,513,513,513,39.06106859309948,47.32654690058226,37.447676693870264,55.98115581888157,23.088813605680016,73.28526793172315,50.17782665724019,188.0,1.94383,1.0339521276595744
2021,63248,63248,함덕주,Left,393,391,391,37.01661245959986,45.79881591503454,38.881009031799714,51.589408309327546,27.18476085753781,65.40077869071588,38.32731792271828,181.0,1.94542,1.0748176795580109
2021,63292,63292,박소준,Right,1044,1034,1034,30.907288537424172,40.45998988004065,35.431127771268386,47.947989278142316,22.691747951289685,60.81586594226809,38.18678794617387,177.0,1.820025,1.0282627118644068
2021,63342,63342,조상우,Right,796,791,791,31.704957510494097,40.02960828756799,30.50136260263941,49.8441436282008,14.465249494004503,70.50905835501536,55.48782414281019,186.0,2.01052,1.0809247311827956
2021,63464,63464,윤대경,Right,1263,1237,1237,40.21851302704817,51.50729561318138,39.33498343417818,61.04091917244962,30.707151795024597,72.73330457160068,41.57922359012914,179.0,1.90501,1.0642513966480447
2021,63492,63492,이재익,Left,226,222,222,44.513781826219656,55.90273831365944,51.33501997537978,59.118496756741614,35.231229792590966,75.93967878353934,40.69256765660023,180.0,1.7896100000000001,0.9942277777777778
2021,63512,63512,박진형,Right,322,313,313,49.94032798518749,66.88347137762682,56.72421639376272,76.99567664302612,36.872523680519556,90.0,52.756910288370236,181.0,1.82279,1.0070662983425414
2021,63543,63543,구승민,Right,982,982,982,44.184837777824534,58.636173859249965,49.04876963148302,72.74415239737628,30.53473457654915,84.45832275008391,52.5577987000969,182.0,1.817245,0.9984862637362637
2021,63628,63628,고영창,Right,259,259,259,34.83498177530071,40.17818976330241,33.98646275399829,45.21615368354306,20.43309627245119,62.23690778360185,42.15869822031182,189.0,1.80478,0.9549100529100529
2021,63638,63638,박준표,Right,269,269,269,-1.0636632596010513,-1.994824800709005,-22.880496639893998,15.577881919949261,-48.95527359702454,34.08820706629958,69.71382063629234,181.0,1.86472,1.030232044198895
2021,63749,63749,이충호,Left,309,309,309,31.529724312207346,38.01984044953535,34.04542164880383,42.23916056892977,22.056462595148524,55.90441440167844,33.48917586303274,182.0,1.79476,0.986131868131868
2021,63765,63765,김종수,Right,886,875,875,38.967339931636694,50.79053907109799,45.2945266520007,56.50170047132899,27.835051799090746,74.44008126787593,46.6601225031673,180.0,1.62549,0.90305
2021,63894,63894,김사윤,Left,406,406,406,45.31164058274691,58.834350803247226,43.75935197517082,85.92414714465039,32.72280902260157,83.57579742378937,50.91806282189804,182.0,1.81894,0.9994175824175824
2021,63914,63914,손정욱,Left,247,247,247,44.59680995057649,56.203416764434806,45.46351605924218,67.12683648775854,33.57544429641094,78.41548562774713,44.672512399478386,182.0,1.78995,0.9834890109890109
2021,63950,63950,장현식,Right,647,646,646,51.43896527632718,65.74954436283699,55.202640759482506,74.98190371981681,40.40788188394417,87.20022666864037,45.40242966474776,181.0,1.8172549999999998,1.0040082872928178
2021,63959,63959,임정호,Left,617,615,615,33.47669827557101,45.39734541432675,32.34831291767476,57.67851209029082,6.9929150911043765,90.0,80.30575574423766,188.0,1.78569,0.9498351063829787
2021,63960,63960,이상민,Left,450,449,449,36.907831499206715,47.46383734576512,41.53979512099438,57.42879126691553,26.105365978710093,70.4394500795365,44.300207810154234,180.0,1.76913,0.98285
2021,63961,63961,윤호솔,Right,837,832,832,59.012667934564746,78.72210117310703,54.9760668462791,88.40589501022326,43.94306593368573,90.0,44.582089944696186,183.0,1.96272,1.0725245901639342
2021,63991,63991,박진우,Right,196,196,196,-10.56950801825515,-12.678590087450488,-15.506530771962634,-9.723124888260251,-28.423859998014084,-3.0025901832532336,25.10738444739239,180.0,1.793235,0.9962416666666666
2021,64001,64001,고영표,Right,2405,2377,2377,-17.07013969296495,-24.907844365623124,-30.699426708151876,-19.50185646669291,-44.85110530920275,-11.581169406053661,33.318962732811215,187.0,2.01695,1.0785828877005348
2021,64017,64017,심재민,Left,731,726,726,45.89615764572373,58.13676489134171,50.572625384856046,88.07315551683641,34.893706258932916,79.84344534550318,41.63677829017787,182.0,1.8529,1.018076923076923
2021,64021,64021,박세웅,Right,2510,2510,2510,60.648088105952496,81.93526600802832,72.17236653197996,88.5915959343029,46.15529016577305,90.0,43.84470983422695,182.0,1.82444,1.0024395604395604
2021,64047,64047,조현우,Left,443,442,442,32.0727445357258,43.03082490655507,30.903915358734174,54.817482734984466,17.57425556760422,73.00910739221041,55.98468782832319,182.0,1.8244099999999999,1.0024230769230769
2021,641149,51967,파슨스,Right,2370,2356,2356,35.55845289475932,37.89537259833992,32.46231822739722,44.572114135858044,16.669277487637814,63.09139065705324,46.738821146067494,196.0,2.04072,1.0411836734693876
2021,64498,64498,구준범,Left,43,43,43,36.160894963615846,46.87765809390474,44.1500861850125,50.749774062527,29.267409761374207,65.7458360730704,36.54391757109782,175.0,1.877,1.0725714285714285
2021,64501,64501,배성근,Right,28,28,28,33.535184489959164,40.35138780200268,37.60540851829102,44.24719362940964,23.41987175581878,58.959041039814295,35.285077718811934,183.0,1.7049750000000001,0.9316803278688525
2021,64504,64504,오윤석,Right,8,8,8,28.82971426358275,35.813458633693386,33.33111293791469,38.13630791633775,19.854618378580575,53.64359679689872,33.480147843760776,180.0,1.47075,0.8170833333333334
2021,64554,64554,문동욱,Right,24,24,24,70.82955630278401,86.50538039204686,80.44728623602911,88.98586334265856,57.58188070628549,90.0,32.41811929371451,187.0,1.718365,0.9189117647058823
2021,64565,64565,이인복,Right,918,914,914,56.31662400041536,70.3009354793431,65.54603061161751,76.8346620642145,43.149813136158706,90.0,46.450027692086266,187.0,1.8727,1.0014438502673797
2021,64580,64580,김재열,Right,214,212,212,56.561666510338085,69.8310089705559,61.76515580111004,76.00790620407706,46.39596686305819,89.03737970958309,41.90663874248051,183.0,1.781655,0.9735819672131147
2021,64596,64596,김유영,Left,339,339,339,23.78849082212693,32.12080014824715,20.703888154291153,47.67175369416299,12.243051111355076,57.43202544766594,41.70686610769598,180.0,1.65576,0.9198666666666666
2021,64615,64615,차명진,Right,205,205,205,25.081346410342103,27.618278175729262,23.099967193140333,31.62921790172545,11.908405604328822,47.53313104607167,35.60759660417159,188.0,2.09616,1.1149787234042552
2021,64718,64718,최설우,Right,711,711,711,52.11466964624791,64.55212016540644,59.58417664219998,68.28982360570556,43.99881487912733,82.63483188374319,38.24872080446032,179.0,1.50722,0.8420223463687151
2021,64759,64759,서균,Right,12,12,12,-20.504746700481512,-28.859657755613327,-35.10557747546275,-22.08323622069252,-50.66569258256412,-13.50937952504652,37.26369401757265,185.0,1.8532,1.0017297297297296
2021,64760,64760,황영국,Left,273,273,273,29.417645949305196,35.05827500874573,30.827324854010364,41.88014133526177,16.793364874473756,56.78607675345572,40.14320568254607,185.0,1.89503,1.0243405405405406
2021,64768,64768,조이현,Right,1110,1101,1101,65.2095933367107,80.32827171078422,66.02725527298941,88.60897808344909,50.35227220533613,90.0,39.64772779466387,185.0,1.93035,1.0434324324324324
2021,64805,64805,이승진,Right,826,822,822,48.47607898799827,58.771275525266304,52.34247003589208,67.94376047364227,36.575541217921966,79.10515354785005,41.349758767843305,186.0,1.752375,0.9421370967741935
2021,64861,64861,이건욱,Right,284,284,284,68.65306064372086,86.22927456106032,49.941304932757824,89.36637628413443,53.65223936408479,90.0,36.34776063591521,182.0,2.08923,1.1479285714285714
2021,64893,64893,박민호,Right,659,659,659,0.8956755743566305,-0.8521197455746267,-8.047441239304543,2.9111503878636533,-12.476801985238625,8.906020361825568,20.89927618704908,185.0,1.83828,0.9936648648648647
2021,64896,64896,서동민,Right,478,478,478,56.0056226678489,72.03055003520039,63.52298082521797,83.19145476735649,41.45499092735125,90.0,48.54500907264875,186.0,1.718995,0.9241908602150537
2021,649963,51636,다카하시,Right,100,100,100,28.98960099344869,35.32405806015781,29.65029463501651,41.27135971193956,17.918275640095246,56.205143130285876,37.881661592059665,183.0,1.82688,0.998295081967213
2021,65048,65048,김민수,Right,897,892,892,49.13314909687737,58.55676541208922,54.15044367978835,62.72328214029877,36.92927602637347,78.55181194141076,41.34623749510888,188.0,1.9902600000000001,1.0586489361702127
2021,65056,65056,엄상백,Right,820,820,820,9.714734180098702,8.507675202651177,0.41447009098127613,15.94529585513373,-8.078354328896536,26.34201553548696,35.81978655489955,187.0,1.86036,0.9948449197860962
2021,65057,65057,이창재,Left,419,411,411,38.734731820722644,51.50597848851264,44.25677369876545,61.592316264305595,28.81009766827566,75.17017736044501,45.727042555683084,178.0,1.76018,0.9888651685393258
2021,65060,65060,주권,Right,706,702,702,35.62321861322735,46.61216503597579,39.668924271097566,53.20440996094496,23.172322812901314,72.05703871153582,48.87273742176079,181.0,1.79467,0.9915303867403314
2021,65062,65062,김재윤,Right,1137,1123,1123,34.25933180022082,40.469987009149534,34.8499719791389,43.74539487936444,22.963182316175956,59.71197135567689,37.288806254731696,185.0,1.85539,1.0029135135135134
2021,65109,65109,백승현,Right,298,298,298,54.010065861676736,71.53891579198313,64.96633232129741,76.67852926656633,38.6842640931052,90.0,50.5408074846342,183.0,1.82674,0.9982185792349727
2021,65117,65117,이상규,Right,89,88,88,62.61770102594359,80.90686336931941,75.1297827080066,86.86733677138461,48.95056253581627,90.0,41.04943746418373,185.0,1.84857,0.999227027027027
2021,65241,65241,채원후,Right,324,324,324,52.76628323341953,70.23941890589066,57.834898563603275,78.47494908269924,40.196590206504695,90.0,49.75593245157607,180.0,1.8428149999999999,1.0237861111111113
2021,65320,65320,최원태,Right,2333,2287,2287,36.796844112660544,48.84308786571221,42.93455793592491,54.96707157618277,20.30877078151293,79.36753306926731,58.429922392181155,184.0,1.92687,1.047211956521739
2021,65343,65343,김택형,Left,1256,1245,1245,27.871042783269033,32.28241574357392,28.097162365766312,35.8253809191142,16.912408446317112,50.39906040652229,33.63821357793796,185.0,1.90381,1.0290864864864864
2021,65392,65392,김정인,Right,608,608,608,45.71261719871762,61.472822989782536,52.77312054681325,73.80770484002453,29.046780053771133,89.57161301641996,58.30584143579201,184.0,1.95078,1.0602065217391305
2021,65398,65398,임규빈,Right,154,154,154,49.29426254067501,62.258207418132756,57.788064988243526,68.01985095399068,36.59332545307725,84.92602756543957,47.93304639914763,184.0,1.747925,0.9499592391304347
2021,65411,65411,김주온,Right,49,49,49,48.93350258244773,60.82109308317036,54.81847763630922,65.53959833182664,34.81143929511261,83.37777200823878,48.433043342741186,187.0,1.70971,0.914283422459893
2021,65464,65464,최정용,Right,10,10,10,41.76815649709009,51.36286478013972,50.31361857383497,52.42980107550772,33.84477422706817,68.99937919783112,35.58524137579454,179.0,1.652665,0.9232765363128492
2021,65496,65496,홍정우,Right,231,230,230,54.83635470528863,68.15506908190355,60.65140616186803,76.03073040529566,44.676877848797396,87.32337571351025,41.673846684440534,182.0,2.029345,1.1150247252747252
2021,65514,65514,강태율,Right,9,9,9,38.01232215733273,47.940347445175995,46.51456604381096,50.81739454946696,29.501782594126574,67.23660355718974,37.673839242469434,179.0,1.73757,0.970709497206704
2021,65516,65516,배제성,Right,2512,2510,2510,64.03713011256559,77.7933503369127,67.24668907854684,88.2146508062064,50.53047986592628,90.0,39.432890057307844,189.0,1.81789,0.961846560846561
2021,65616,65616,이민우,Right,594,594,594,48.116649458624934,58.119062204796876,44.98711482325431,72.75151611312818,37.54020895147292,77.17473908863602,39.36818393980346,185.0,1.918005,1.0367594594594594
2021,65639,65639,박정수,Right,593,593,593,7.518019149604305,13.554018608959787,1.9911507142385811,28.26809021538065,-14.723856593469096,49.99419125716331,64.48665701070612,178.0,1.66305,0.9342977528089887
2021,65643,65643,문경찬,Right,494,492,492,36.36885872557592,44.842860885722715,36.205266413013206,59.914882384210095,22.195404513084423,69.36051394168922,46.32706018894504,186.0,2.1137449999999998,1.1364220430107528
2021,65665,65665,이준영,Left,349,349,349,45.82238812524995,58.59479371643286,52.96152963031763,63.940650142556336,37.80550004622871,78.33887109173129,40.26404885010066,177.0,1.82186,1.0292994350282485
2021,65707,65707,주현상,Right,899,891,891,33.49390211256313,43.36689868868872,37.336176337467336,49.36085539248753,25.335912142446567,63.400123894492445,38.25131459781712,177.0,1.75911,0.9938474576271186
2021,65764,65764,김민우,Right,2474,2473,2473,68.5013224611297,83.58304901630211,72.2557099768185,88.87312906324422,57.34048285059081,90.0,32.65951714940919,186.0,2.11179,1.1353709677419355
2021,65769,65769,김범수,Left,1261,1259,1259,30.675230683435547,41.10432795061357,29.973410987621723,55.6091807100219,17.38217205206707,66.44919503259437,48.81579476602162,181.0,1.77831,0.9824917127071823
2021,65844,65844,박세웅,Left,36,36,36,52.180041999013724,68.81703301443733,64.62121748902715,74.83159038558316,41.167694363841186,90.0,47.635460753628124,180.0,1.840365,1.0224250000000001
2021,65949,65949,류진욱,Right,694,694,694,28.89951407517539,32.448972937481585,25.467493385278733,41.85758205672528,13.784924476296753,55.951514833093206,42.22788728300307,189.0,2.03653,1.0775291005291008
2021,65964,65964,이우석,Right,193,187,187,28.197180656797595,33.03066113560644,27.610639914306372,37.44168943891109,16.777059443201967,52.61033987700207,35.57292443003275,185.0,1.83045,0.9894324324324323
2021,66018,66018,김선기,Right,820,820,820,32.07748391299741,37.59047307914811,32.57942436209922,44.79016266208785,18.43659433539696,59.881631404389424,40.97347440216841,187.0,2.01553,1.0778235294117646
2021,66145,66145,김대현,Right,80,80,80,61.63517664283543,82.26120849524318,65.62523436458524,88.82126550083791,37.57034375839132,90.0,52.42965624160868,188.0,1.929385,1.0262686170212767
2021,66160,66160,유재유,Right,80,80,80,58.07766906109805,76.14371524294685,70.55910718117869,83.43186374227592,45.94356355092512,90.0,44.05643644907488,181.0,1.92395,1.0629558011049722
2021,66201,66201,고봉재,Right,30,30,30,-20.722100810289007,-25.221335273530674,-28.017911605701936,-19.361276328444774,-38.02208100449998,-16.01344190679785,22.017039249571685,184.0,1.943565,1.0562853260869565
2021,66291,66291,이영하,Right,1568,1568,1568,52.925703216173076,61.25251945018882,56.4864621120077,66.37865982830083,40.98403044480517,79.32453209813923,38.14017309687945,192.0,1.87567,0.9769114583333334
2021,66305,66305,박승주,Right,82,82,82,58.16565051710768,74.61330469546351,66.15800043400782,85.94574003899578,45.778519890926745,90.0,44.221480109073255,183.0,1.9427,1.0615846994535518
2021,664641,51257,미란다,Left,3000,3000,3000,63.300961028143476,78.18634498522053,68.2728440460353,86.51270190093665,51.74061079546151,90.0,38.258780439922546,188.0,1.85781,0.9881968085106383
2021,66556,66556,박선우,Right,37,37,37,50.565973014751485,62.525447456135716,59.93324054756742,65.01734336435831,36.764609996486854,84.9602647398195,48.021705685406076,188.0,1.94136,1.0326382978723405
2021,66557,66557,한승혁,Left,102,102,102,47.40153223168039,54.911326730229064,51.73095629207847,58.21252250154622,35.879272567168385,73.05654576398442,37.31018738832073,189.0,1.6956,0.8971428571428572
2021,66609,66609,전상현,Right,120,120,120,45.96255556111694,63.578202598021264,56.794363879332536,72.08335263121526,32.460519224488316,90.0,55.42216266493075,180.0,1.895845,1.0532472222222222
2021,66630,66630,김현준,Right,183,183,183,33.62285240084846,45.72314733851151,38.87100561176437,52.74271553140891,18.85406910725146,76.26633848889746,56.491963574265014,182.0,1.88641,1.0364890109890108
2021,66660,66660,남하준,Right,136,136,136,39.45823227389873,48.8369001335528,42.63307915278431,53.83645463807151,29.076115994870605,69.50157582425261,40.45367321655334,182.0,1.7867899999999999,0.9817527472527472
2021,66663,66663,서덕원,Right,201,201,201,29.50513684815893,37.629685355096534,30.80854210933086,44.02291433494774,15.480293007726374,65.0748279256388,50.194483589857555,183.0,1.74874,0.9555956284153004
2021,67048,67048,이정현,Right,132,132,132,53.90107319077341,68.8075511807923,63.398755001836264,75.32763585526855,37.81509193562887,90.0,52.18490806437113,188.0,1.57887,0.8398244680851064
2021,67116,67116,오석주,Right,153,153,153,65.37360146202803,85.59917333402464,74.09505392836667,89.08997857249256,52.583932436121096,90.0,37.416067563878904,180.0,1.90242,1.0569
2021,67119,67119,고우석,Right,937,918,918,26.974437401047254,35.2768237568949,28.962819887825738,42.211097383832865,13.386086742226425,64.14266713990304,51.28485367247583,182.0,1.7619,0.9680769230769231
2021,67122,67122,김태형,Left,27,27,27,4.780051973392486,1.7712429751841285,-1.7808122387708885,4.89879828922959,-8.697603123163473,11.297347083135074,20.123256080460326,190.0,1.81177,0.9535631578947369
2021,67143,67143,손주영,Left,515,515,515,57.8220621929123,70.51196236009177,64.58133858465736,77.38205034507197,43.86933206012981,90.0,45.80026048951257,191.0,1.91808,1.0042303664921466
2021,67164,67164,이찬혁,Right,31,31,31,14.915075352414314,15.229885424184689,2.705490395861948,22.222078874667123,0.5828157299447599,39.452904206239594,37.978877642747236,187.0,2.21604,1.1850481283422458
2021,67246,67246,김명신,Right,1078,1077,1077,55.14618671649745,74.47420015481845,65.39949006047951,83.56651873915484,43.788110280829905,90.0,46.17528297341661,178.0,1.92406,1.0809325842696629
2021,67259,67259,문원,Right,44,44,44,50.862298615200146,61.34693225914441,57.2299808154072,64.66466656643253,39.172004577969844,82.75464167530791,42.97403625160743,187.0,1.66543,0.8906042780748662
2021,67263,67263,최원준,Right,2833,2806,2806,-12.45590262902951,-15.216943399739893,-19.430799295862975,-11.660216399204469,-28.50298769662163,-6.473860486531477,22.12210548473047,182.0,1.94739,1.0699945054945057
2021,67266,67266,박치국,Right,354,345,345,-2.0479864271901214,0.3954777181138917,-7.736878501508743,8.277947815687135,-28.197118042152933,26.543602316965295,53.642704773344164,177.0,1.73791,0.9818700564971752
2021,67391,67391,김재웅,Left,990,983,983,74.77029351994058,83.68720178690452,77.42763422975847,88.6665365819637,55.79620924896536,90.0,34.20379075103464,171.0,1.81477,1.0612690058479533
2021,67419,67419,문용익,Right,396,396,396,32.64742025850378,42.26333535296743,38.31600134990496,46.0951323231751,23.858523164938937,63.236715515764296,39.51164039228438,178.0,1.9703300000000001,1.1069269662921348
2021,67421,67421,최지광,Right,881,880,880,43.57554028479706,59.65841282231344,51.121478750804286,67.13344146062556,35.978265637733415,82.03027588782476,45.47842076937923,173.0,2.066865,1.1947196531791908
2021,67454,67454,나원탁,Right,40,40,40,46.766395423685225,58.09639204874044,49.72609379717017,63.29944739452189,35.325780727628285,79.94400066099956,45.30634508446929,183.0,1.5986099999999999,0.8735573770491802
2021,67504,67504,김정율,Right,17,17,17,40.734844953954,49.46943015070983,45.690570671878554,55.86910321883238,29.162368606706377,69.87335499139725,39.97517932128113,184.0,1.57814,0.8576847826086956
2021,67539,67539,나균안,Right,775,763,763,41.025388746570236,49.30994919067549,44.658582765663404,53.616059673688575,28.68176662687729,70.22948726939529,41.39878009873365,186.0,1.84708,0.9930537634408602
2021,67588,67588,윤성빈,Right,23,23,23,41.73923050102543,48.617394902596345,45.884653207792496,55.11502260386886,16.899668373498518,81.96156040184047,67.74885887216244,197.0,1.9694,0.9996954314720813
2021,67591,67591,강동호,Right,24,24,24,37.753479613333525,43.15705084739411,39.4733122948151,48.279420414835386,24.93139587744127,62.8620383144555,38.704264643965615,189.0,1.9503050000000002,1.0319074074074075
2021,67603,67603,이승호,Left,794,785,785,58.20763749883583,73.12854661910802,64.1668432194143,81.37589368162872,44.7695676999141,90.0,45.15463289853685,187.0,2.06654,1.1051016042780748
2021,67646,67646,박진태,Right,509,509,509,-7.831158616763837,-9.497158055908901,-18.22960302300592,-1.2647329110131846,-27.283330492278367,0.8024950714781894,29.14166355268707,180.0,1.72877,0.9604277777777777
2021,67711,67711,김기탁,Left,196,196,196,48.83903195511685,68.94687755263857,58.28564997357414,80.55643653542657,32.50145629091344,90.0,57.44312886022913,182.0,1.796755,0.987228021978022
2021,67737,67737,김진영,Right,312,309,309,43.68922603012757,60.61231862984583,39.35002597384075,67.65093605181401,29.481109931324113,88.65690634939808,54.746261886615784,180.0,1.89205,1.0511388888888888
2021,67828,67828,김성민,Left,834,825,825,6.650250171605167,8.147863541118838,1.1690376340155213,13.528153798612724,-6.567805950821722,25.732758484690834,31.877349281674874,181.0,1.89545,1.0472099447513812
2021,67954,67954,김진호,Right,33,33,33,18.421561017358954,22.002800819899864,16.74587024694526,30.11809397466714,7.012214775784915,44.215693640817754,37.428118303787116,183.0,1.97909,1.0814699453551913
2021,67956,67956,김태현,Left,114,114,114,44.36167280856051,53.54081137661584,47.46285107735224,63.75789407667292,30.215488526303574,77.09045973791787,46.26024133193937,188.0,1.862885,0.9908962765957448
2021,67962,67962,소이현,Right,226,226,226,46.53853733852331,62.229682865434015,53.32017700824443,72.57779930613799,29.26002938177954,90.0,57.15063212926258,185.0,2.01378,1.0885297297297298
2021,68200,68200,김민규,Right,1076,1063,1063,33.244880919593875,41.71535233705273,32.165780580315534,48.78980817436214,20.673357130330473,65.67961780051255,44.738176295969765,183.0,1.74831,0.9553606557377049
2021,68220,68220,곽빈,Right,1950,1920,1920,44.77581989590119,54.604340279038105,42.78487142455098,64.94535765279733,30.995917168385688,77.30561842046868,46.323694478553406,187.0,1.8634249999999999,0.9964839572192512
2021,68260,68260,현도훈,Right,208,208,208,34.46192604840833,40.92300248076958,34.25833427957989,49.56865836464517,18.124104680542793,66.21854310077792,47.94386966882597,188.0,1.970375,1.0480718085106382
2021,68341,68341,안우진,Right,1777,1773,1773,51.42349088925683,64.4302767952722,56.66746201546567,77.6794851140397,31.92037772136855,90.0,56.13816673074777,192.0,1.78362,0.92896875
2021,68362,68362,추재현,Left,22,22,22,45.247977269460186,58.11369742549786,52.73192105264366,70.63679613466391,36.46470421956026,79.40967860375628,42.196075644374,178.0,1.74994,0.9831123595505618
2021,68403,68403,김무신,Right,413,413,413,68.6029294576409,85.17163853868898,78.8021644470988,89.08204067973685,57.88662003719109,90.0,32.11337996280891,183.0,1.97431,1.0788579234972677
2021,68415,68415,양창섭,Right,236,236,236,48.4571124549863,62.16140035346005,56.62602603285445,68.38184445946199,36.433818544790505,84.42724797301716,47.53857126737964,182.0,1.820395,1.000217032967033
2021,68419,68419,최지명,Left,2047,2010,2010,37.65308985551809,43.48866998215668,40.34900234238916,46.88368178495371,27.44574515003211,60.53887136213786,33.02958903442885,186.0,1.832895,0.9854274193548387
2021,68529,68529,이승헌,Right,887,887,887,34.657381358962056,36.2992088318539,29.71659034322617,42.526857609850474,19.0765686188743,55.629591989692344,36.462684066088215,196.0,2.15897,1.101515306122449
2021,68556,68556,정성종,Right,205,205,205,37.73663282453078,49.73671912406774,40.96978095636167,56.517419228513894,25.337003593829873,75.01065319045723,50.138211440043165,181.0,1.72417,0.9525801104972376
2021,68585,68585,김도규,Right,681,679,679,66.5340167464083,79.9916230901904,64.74898499612536,87.49798991443393,55.714685835928556,90.0,34.285314164071444,192.0,1.97649,1.0294218750000002
2021,68589,68589,김동우,Right,133,133,133,-9.678172635558667,-12.74730364641106,-16.710970385079563,-10.551347032666298,-26.45169473912803,-3.8593601779294633,22.719067146327777,183.0,1.77445,0.9696448087431694
2021,68619,68619,윤중현,Right,739,739,739,-3.2995333226599466,-3.680821386270949,-12.053693124408731,1.9704075886468415,-16.219877730026816,5.206956226137255,20.701762104550326,180.0,1.98287,1.1015944444444443
2021,68659,68659,김유신,Left,647,647,647,41.1803079906527,50.11560552799853,43.138257200504135,56.737466527094675,26.872998707180297,74.0105888386207,46.69373984898613,187.0,1.98306,1.0604598930481284
2021,68703,68703,박성웅,Left,90,90,90,31.58586645771802,39.3103485817006,34.62811726250172,43.02031734257739,24.12997113534935,56.293436772747505,32.002270766557345,178.0,1.94092,1.0904044943820224
2021,68797,68797,이승관,Left,193,193,193,39.66389797726335,47.38272954858771,43.06103261439095,56.37870211414736,31.22315433460113,64.21599301140874,34.09411075367419,182.0,1.85519,1.0193351648351647
2021,68856,68856,최민준,Right,1492,1492,1492,74.04368117926523,85.06914889281151,79.54077661067653,89.13450855234959,55.56252118404146,90.0,34.43747881595854,178.0,1.7931300000000001,1.007376404494382
2021,68896,68896,이채호,Right,114,114,114,-30.000177074110695,-37.51848074265419,-44.15290507408701,-35.15060155193263,-53.67083504019148,-24.760965316673662,28.13075851304311,185.0,1.805955,0.9761918918918918
2021,68900,68900,김영규,Left,1034,1033,1033,47.31549343660616,55.78082747922868,44.44507692030369,65.10387898037499,35.205694903894155,75.18164390756483,38.69889847800741,188.0,1.84153,0.9795372340425532
2021,68902,68902,신민혁,Right,2398,2398,2398,43.90300997922088,56.927600397950634,47.166811392371926,68.4494533759959,29.242520680122272,82.92584861920297,52.322700508532115,184.0,1.77648,0.9654782608695652
2021,68910,68910,이승헌,Left,87,87,87,36.857262900588495,52.08236825996926,46.42503724112203,56.56641984719039,22.491539531147737,82.03292817611947,59.64868929457229,180.0,1.67453,0.9302944444444444
2021,69054,69054,이상동,Right,118,118,118,38.60749037255118,48.95296250161883,44.96052231920304,52.93859321562902,27.720910295152187,71.1701104354201,42.885526194733885,181.0,1.84211,1.0177403314917126
2021,69104,69104,남호,Left,56,56,56,47.85455555656149,62.36747852756085,54.09734207250955,69.19042441895081,35.32665878365198,86.36510067799145,49.69837647017315,182.0,1.869515,1.027206043956044
2021,69113,69113,임준형,Left,405,405,405,15.08239146567429,18.479325976141453,15.450522120853272,21.167345020926255,7.218264825267067,33.00222200604141,25.8411316260643,180.0,1.76931,0.98295
2021,69134,69134,이정용,Right,1155,1151,1151,54.0944316006533,69.3726450262988,62.44412903800034,76.94109483224138,39.34856364555656,90.0,49.740206794751245,186.0,1.83734,0.9878172043010752
2021,69159,69159,정우영,Right,998,992,992,-6.522591195175897,-14.266409305785782,-19.680460454439533,-10.454252759301259,-31.505083189821853,-3.828850048512582,27.671511699851955,193.0,1.93421,1.002181347150259
2021,69168,69168,이상영,Left,814,814,814,31.643112973441042,33.778395401682104,25.880120118469534,43.33542270339261,16.07961543448493,55.34476740553041,39.51259698760886,193.0,2.1356900000000003,1.1065751295336788
2021,69205,69205,이교훈,Left,167,167,167,32.61867820911588,40.32884320625783,36.23138231224152,44.13257597664414,23.03151815928205,59.40115673001784,35.792554026164964,181.0,1.78158,0.9842983425414364
2021,69213,69213,윤산흠,Right,56,56,56,41.93246481439425,63.92621407688334,52.36852625944438,72.3321976064289,27.219429996449456,90.0,62.242851397283935,178.0,1.7511800000000002,0.9838089887640449
2021,69328,69328,박주성,Right,292,291,291,43.80829533852906,63.785951991960026,57.99610338016939,73.4814579449695,25.393449693264035,90.0,64.5882460431599,181.0,2.0677,1.1423756906077347
2021,69360,69360,조영건,Right,25,25,25,25.435615116100294,32.07199657600862,29.53717154701881,35.672581704184694,15.595695424528136,52.191749134163096,36.76471070152894,180.0,1.93891,1.0771722222222222
2021,69367,69367,김인범,Right,85,85,85,31.63984003445205,36.80457841329995,31.599045307258343,43.07545175294856,17.210084186356063,60.98408017038469,44.18873518856496,187.0,1.87875,1.0046791443850267
2021,69399,69399,윤정현,Left,187,187,187,32.17115367164662,36.67887348952315,32.558857067975275,41.30079293950776,21.99595585767618,52.7061410093413,30.403754232284882,186.0,1.94859,1.0476290322580646
2021,69446,69446,원태인,Right,2380,2364,2364,50.47857373947618,65.47796954548,56.63301018459004,74.71492733237451,37.18439760053286,89.4986783592816,50.50470987602455,183.0,2.0059449999999996,1.0961448087431693
2021,69516,69516,김현수,Right,413,413,413,47.872484658210006,62.030830908674176,56.80426408885211,68.58496780431108,32.93549295756597,87.77320396364017,53.068976113868,185.0,1.85404,1.0021837837837837
2021,69539,69539,서준원,Right,987,978,978,10.500480137227374,10.834845815939762,1.4048771509366682,20.993179176830097,-20.610584353592483,46.620891543468716,64.25926629788145,185.0,2.016375,1.0899324324324324
2021,69645,69645,장유호,Right,79,79,79,39.75269695672572,54.513091507875664,45.569820895990844,62.196483243336964,28.112932603549698,79.69916528756731,51.506037741223736,179.0,1.81794,1.015608938547486
2021,69703,69703,오동욱,Right,431,431,431,-6.719412556643904,-11.53567964987305,-22.21807431947603,3.4028797696305384,-32.58712730998125,0.23725373695444027,36.02424544292537,185.0,1.99869,1.080372972972973
2021,69745,69745,김도현,Right,503,502,502,43.18207854488357,53.347609643974664,43.895796686026245,63.25030514959034,31.998223088369443,74.5458614726503,42.39444863039732,183.0,1.72125,0.9405737704918034
2021,69813,69813,하재훈,Right,326,324,324,80.97961513653425,78.75835262120725,71.55999239769504,87.59616444590122,53.52157583209761,90.0,36.47842416790239,182.0,1.7248700000000001,0.9477307692307693
2021,69940,69940,루친스키,Right,2673,2672,2672,28.546017122367942,31.974859816503905,26.259319392222025,37.847755532827904,15.727729009971059,51.52022952249223,35.72153280796751,188.0,1.98122,1.0538404255319151
2021,69962,69962,송명기,Right,2101,2097,2097,12.310671962857832,9.947872057701344,5.578736717117896,15.614014198598376,-1.059989213679192,24.492913030135025,25.46679735508288,191.0,1.92139,1.0059633507853403
2021,69974,69974,배민서,Right,625,625,625,14.604432233045202,16.439467165113438,9.671517375007742,23.721910451937887,3.3645653474481443,35.0712352820132,31.62020337026706,184.0,1.85745,1.009483695652174
2021,69996,69996,노시훈,Right,92,92,92,29.19041468255982,32.62397568457948,28.50021372202602,35.76762901574668,16.67478480365494,51.41151737703764,34.74272599208126,188.0,1.77779,0.9456329787234043
2021,71837,71837,김강민,Right,20,20,20,39.31636775918801,48.8430364400613,45.46012420240695,49.80754448113854,28.646578157284434,68.68478785791207,38.902652417138725,182.0,1.683125,0.924793956043956
2021,72523,72523,고효준,Left,45,45,45,43.669744098018754,58.87694517155443,43.170971094037654,65.04203027231395,32.201280718262105,82.77281112867739,49.024799487148414,179.0,1.76524,0.9861675977653631
2021,73117,73117,우규민,Right,769,764,764,-13.60492867500894,-17.742333735279146,-21.67824351340768,-6.853860862794099,-31.638778517079608,-8.245462343422389,23.651566981701528,184.0,1.802245,0.9794809782608696
2021,73211,73211,노경은,Right,1049,1049,1049,47.83081018666895,57.98300631935622,49.23139917649878,66.95149805591896,34.932920460272285,79.66686510453906,44.24800187659257,187.0,1.80066,0.9629197860962566
2021,73738,73738,안영명,Right,556,556,556,41.385378850277576,49.72739343922528,46.55238925838574,53.6106329198299,31.724147791991165,67.71778044147507,36.108282243780906,183.0,1.902495,1.0396147540983605
2021,73801,73801,송은범,Right,523,521,521,40.43579113127653,49.632398100145075,43.336753487112254,69.56956552156988,30.462612514506834,69.60324299077905,39.70339696949594,182.0,1.61103,0.8851813186813187
2021,74359,74359,오주원,Left,341,337,337,26.291939086890842,30.60146452509221,25.09038778333913,35.56140682868283,16.392915353010437,47.448870274137846,31.004713129530835,184.0,1.95389,1.0618967391304346
2021,74513,74513,장원준,Left,376,376,376,39.50482235663764,49.56436771517489,42.173043081607986,56.71123483004341,26.17864739201355,74.0912717833686,47.631286978827106,184.0,1.72861,0.939461956521739
2021,74857,74857,정우람,Left,763,755,755,28.55923472572394,35.45197434811454,30.103864888293295,42.31728453871412,18.738466328940095,55.304153111639266,36.471383809154574,181.0,1.73499,0.9585580110497237
2021,75138,75138,신재웅,Left,155,155,155,48.53246972582462,62.30360246759444,50.418559962303114,80.20589896827356,37.42134239557779,83.590539532102,44.78987534637588,181.0,1.72358,0.9522541436464087
2021,75340,75340,전유수,Right,175,175,175,45.949934287273166,58.316316596677375,52.901635377501755,64.23466406671005,32.30774598334354,82.60676950975972,49.807793261303445,185.0,1.76161,0.9522216216216215
2021,75342,75342,이보근,Right,245,245,245,56.935044491955225,69.79736351584093,62.90090390588879,78.87026041884562,44.9459323679632,90.0,42.90354305277056,187.0,1.80345,0.9644117647058823
2021,75421,75421,오승환,Right,945,930,930,28.26027654007595,36.67876413493644,30.79189281561435,42.61313839945974,19.640315966717466,56.854713298523805,36.96679390250621,178.0,1.84512,1.0365842696629213
2021,75867,75867,김진성,Right,642,635,635,74.53998504035486,86.45436114526332,79.77797452513775,89.35101839404291,64.01665683232106,90.0,25.98334316767894,186.0,1.64187,0.8827258064516128
2021,76118,76118,원종현,Right,867,859,859,28.247827733340173,48.63025157083625,30.738132661068153,71.0316295510072,4.689349400454021,90.0,82.8057510303759,182.0,1.93491,1.0631373626373626
2021,76225,76225,김건국,Right,357,357,357,64.8464795782395,82.92964158860963,77.06615429956551,88.00553274955985,53.94681282998985,90.0,36.05318717001015,183.0,1.80874,0.9883825136612021
2021,76329,76329,이현승,Left,416,411,411,46.20305317614648,59.22625093706822,54.30420213222737,64.78682545413672,36.58113054768057,80.2609284713655,43.64128853117527,179.0,1.74881,0.9769888268156425
2021,76350,76350,김세현,Right,118,114,114,56.19179754637703,70.2114374694466,62.66050247491701,82.29487368981343,41.95878811236662,90.0,47.76975066786606,188.0,1.7360449999999998,0.9234281914893617
2021,76430,76430,김상수,Right,1038,1011,0,44.811498941491315,,,,,,,,1.62535,
2021,76455,76455,차우찬,Left,306,306,306,42.124055865958276,51.52866909211774,43.92982771383768,56.31495671950615,29.44013390893447,73.36609838054943,43.42558950705789,185.0,1.850015,1.000008108108108
2021,76650,76650,진해수,Left,718,714,714,45.69084371382931,53.926960584594156,48.369628046465685,59.69687390109182,34.143580375413634,73.2664761447437,39.11965274572718,187.0,1.6781000000000001,0.897379679144385
2021,76757,76757,유원상,Right,238,238,238,58.688561074118056,72.12274510480654,66.68292853392613,81.09491178107564,47.014746876428276,90.0,42.37790386083142,187.0,1.8199450000000001,0.9732326203208556
2021,77211,77211,이용찬,Right,604,597,597,31.87592565079119,38.28982773022304,33.50370915385828,45.69930533733118,19.353397374307477,60.740338764501175,41.51990801216057,185.0,1.97774,1.0690486486486486
2021,77263,77263,김강률,Right,925,915,915,58.79481757510134,74.37088445921819,69.47844322461536,79.08709643356605,45.153376773176326,90.0,44.70922921174622,187.0,2.18526,1.1685882352941175
2021,77318,77318,장시환,Right,1283,1271,1271,41.87301202795899,53.57982325866661,45.76666322555959,63.248030577644535,27.93621885756226,79.11149232509203,51.57664198060743,184.0,1.90947,1.0377554347826086
2021,77446,77446,백정현,Left,2445,2422,2422,37.56899943193993,45.92125144381085,41.457587896605716,51.17626424227436,25.87282021535352,67.39475644804489,42.058737057799775,184.0,2.119615,1.1519646739130436
2021,77927,77927,장필준,Right,711,706,706,45.06362521381602,53.14806660658886,47.064107004830205,60.400389379153864,30.708980473277666,75.2781665936188,44.10950523254545,190.0,2.078965,1.0941921052631578
2021,78148,78148,정찬헌,Right,1826,1800,1800,49.62887912812728,64.96341164670045,54.16651013625764,81.27467463471532,32.873174739812214,90.0,54.50165970090982,186.0,1.736015,0.9333413978494622
2021,78247,78247,홍상삼,Right,367,363,363,38.911983714300625,44.75448238066544,36.93202861853275,54.07249691230157,27.41859908569021,62.94607436109593,35.330692428310655,188.0,1.79909,0.9569627659574469
2021,78352,78352,임창민,Right,699,695,695,37.181813832537195,45.028384764211566,39.66797769258861,57.373033627461275,26.894732192139006,64.62990780486251,38.058006258532004,183.0,1.71346,0.9363169398907103
2021,78517,78517,하준호,Left,172,172,172,40.87156160063448,59.056811024839256,49.10362355511135,67.29178653279938,31.233541845661804,84.8934771065661,52.74586103278163,174.0,1.6875149999999999,0.9698362068965517
2021,78536,78536,김대우,Right,622,622,622,30.042330904114024,33.314086183901225,23.05421777508692,47.08380301836594,14.876689999371044,56.1001600613416,41.724441974904174,190.0,1.93484,1.0183368421052632
2021,79130,79130,강지광,Right,42,42,42,62.81508208447106,86.13992055155614,82.68726997631826,89.44372542078452,48.52748647392361,90.0,41.47251352607639,181.0,1.73041,0.9560276243093923
2021,79140,79140,최동환,Right,115,115,115,64.22840285092319,80.23374154283519,74.5269610609955,86.15958882621912,54.23192470779375,90.0,35.76807529220625,184.0,1.96618,1.0685760869565217
2021,79229,79229,유희관,Left,925,920,920,45.60706484944269,66.38831716343243,55.02812429357718,76.14612952841314,29.42531104075727,90.0,59.994594719669905,180.0,1.957025,1.087236111111111
2021,79293,79293,오현택,Right,307,299,299,-0.8231115533191942,-0.7456040641671605,-2.871929626897089,4.410927736106599,-10.490724743512937,7.538244361185724,17.957028274047335,180.0,1.85504,1.0305777777777778
2021,79358,79358,강윤구,Left,314,310,310,39.68341281516963,50.2929525448144,40.838820554895534,58.854459539989655,26.661973909838387,74.62714963754354,48.38863232637067,183.0,1.729245,0.9449426229508195
2021,79440,79440,정인욱,Right,212,212,212,50.156621192507984,64.12454274670567,56.55059312333791,70.63463169068781,35.25943775876007,88.2158126342428,51.62023435711743,186.0,1.96977,1.059016129032258
2021,79545,79545,진명호,Right,448,448,448,60.48224729524238,74.56719872142511,69.00798557001059,84.75207536130256,45.25056776829412,90.0,44.74943223170588,193.0,1.8384800000000001,0.9525803108808291
2021,79764,79764,장민재,Right,455,453,453,36.97982661827521,44.84178229105824,40.20380833304106,48.69324832291965,25.611891553226496,65.14453993624186,40.07055262319015,184.0,1.88989,1.0271141304347826
2021,79847,79847,김태훈,Left,971,962,962,44.99409936887385,57.3340469908275,52.61945609435636,63.20485933668702,37.57710572926153,76.41162472353804,38.537896189572564,176.0,1.62862,0.9253522727272727
2022,467100,52833,노바,Right,958,957,957,39.31601031937465,43.32015616077297,39.35225483752014,48.32132851907157,26.044158524397073,61.671324149973444,35.63949957589216,193.0,1.68909,0.8751761658031089
2022,476594,52234,스탁,Right,2553,2553,2553,51.038028937879155,72.58563013859838,52.82108138751137,87.18147455598755,30.156194681666417,90.0,58.35875644904952,185.0,1.71048,0.9245837837837837
2022,493193,,,Right,4,4,0,30.872459901626804,,,,,,,,1.70394,
2022,50030,50030,소형준,Right,2578,2573,2573,43.02560851517665,54.168364330201385,49.80504287763662,58.669818420862974,23.99161916764691,83.38798214829268,59.43105092407611,189.0,1.81101,0.9582063492063493
2022,50036,50036,이강준,Right,252,252,252,-5.863093893467477,-6.930897037520714,-11.96182843135936,-3.122308211576156,-22.54917331728831,2.83276860452489,25.453387671806983,180.0,1.84155,1.0230833333333333
2022,50126,50126,이민호,Right,1757,1757,1757,25.20838896842331,27.543514125770965,21.922694599470034,40.07664096471957,10.101899473456777,48.66614896069619,37.74724270211791,189.0,1.745295,0.923436507936508
2022,50157,50157,김윤식,Left,1715,1711,1711,50.965045129158476,66.2661744447922,55.96947275113882,76.889394711066,38.958034543452584,89.1281170050308,49.28248292028387,181.0,1.46675,0.8103591160220994
2022,50203,50203,권휘,Right,180,180,180,47.683019478937624,65.49920179058819,55.01474957883067,73.6958378019649,33.64247732198088,90.0,55.85042665681446,181.0,1.649655,0.9114116022099448
2022,50205,50205,박웅,Right,108,108,0,33.61138069481525,,,,,,,,1.72879,
2022,50360,50360,김동혁,Right,507,503,503,-8.640901292261304,-12.57433185788964,-19.10301550392977,-6.973682227828701,-30.620686472952286,-2.071272807721203,28.961469622918045,184.0,1.739975,0.9456385869565217
2022,50411,50411,박주혁,Right,127,127,127,79.65531610688397,79.40695641998465,74.1287623670129,86.48762586041828,49.99494210532074,90.0,40.00505789467926,182.0,1.53312,0.8423736263736263
2022,50441,50441,황동재,Right,1120,1120,1120,48.919850709678585,57.96023951112285,51.571128660353075,64.6628928856197,34.65917589443555,79.46486075947391,44.91929149635753,191.0,1.667795,0.8731910994764398
2022,50449,50449,허윤동,Left,887,887,887,50.043754255263536,66.12971212765417,55.95058434182488,74.91896767573631,37.390598686314654,90.0,50.57978020202196,181.0,1.66898,0.9220883977900551
2022,50464,50464,이승민,Left,93,93,93,43.733221954581474,65.13467687454659,59.9387413665485,72.96722129808524,32.75816729398931,90.0,57.13616779183887,174.0,1.63021,0.9369022988505746
2022,50556,50556,최준용,Right,1051,1045,1045,19.932646240315385,22.409976714993576,17.906809613383068,27.371499165116347,8.949840764793615,39.76879399739238,30.53202111653399,185.0,1.95321,1.055789189189189
2022,50573,50573,김민기,Right,23,23,23,-35.37812190587502,-41.089317525291854,-43.89467969754191,-37.61467590781306,-58.689936513638706,-26.901926014582028,32.06724326273954,177.0,1.872,1.0576271186440678
2022,50662,50662,정해영,Right,396,396,396,42.44934292936375,49.59637863536477,44.47798333406876,54.73043054040045,29.199365762837548,70.00462924015727,40.779552269875325,189.0,1.9509699999999999,1.0322592592592592
2022,50705,50705,강재민,Right,831,806,806,3.515446751216056,5.643636373911175,-23.970382894855103,33.37256740369777,-39.317957549049034,38.25475768827563,60.89101317918241,180.0,1.63109,0.9061611111111111
2022,50720,50720,남지민,Right,1388,1388,1388,45.021915943521904,56.1195011779259,46.564093018284694,66.65328767202836,35.30372595211503,76.05657216100332,40.33858035467241,181.0,1.68858,0.9329171270718233
2022,50726,50726,한승주,Right,277,277,277,45.19594742133675,58.108262024910815,38.66522215728715,65.32888510243072,31.823524968204758,82.02089343705585,47.10860590895993,183.0,1.70843,0.9335683060109289
2022,50812,50812,박시후,Left,22,22,22,54.165653612216346,69.22348206512939,66.20443169399563,71.90507631787544,42.59233796304187,90.0,46.93124848678923,182.0,1.6936149999999999,0.9305576923076923
2022,50859,50859,오원석,Left,2356,2344,2344,35.529183074824346,46.19312044730216,41.68946950709336,51.8255052727422,22.479351059241342,72.32470279106639,49.46498362003918,182.0,1.89336,1.0403076923076922
2022,50992,50992,김태경,Right,791,791,791,57.26583482863877,71.19058533965284,62.643632695257914,80.02657899460536,43.7597731893118,90.0,45.762629823084055,188.0,1.61011,0.8564414893617022
2022,50995,50995,정구범,Left,24,24,24,43.92981942952555,55.43959885390633,48.487354521348394,61.39470718798336,31.40127290829747,78.23817983059428,47.03165863686267,183.0,1.68439,0.9204316939890711
2022,51060,51060,지명성,Right,33,33,33,-13.271672367675983,-12.486047173634978,-17.25244538499216,-7.523690929166257,-24.29916877184351,-4.207434278281011,19.95031012042194,173.0,1.75338,1.013514450867052
2022,51111,51111,송승기,Left,167,167,167,39.48599591146505,49.905533688515035,44.580200669710834,78.72828356574075,29.06283330068397,71.31198610927738,41.959931015161885,181.0,1.72867,0.9550662983425414
2022,51143,51143,강효종,Right,87,87,87,31.401354089510406,38.83520816192402,34.89957001056953,42.156551402145745,20.83356372048449,59.99019826582632,38.96700355739749,182.0,1.53395,0.8428296703296703
2022,51230,51230,김동주,Right,328,328,328,43.90853888230873,50.427730546869604,46.97370713199372,55.042946142286475,31.867232492804256,69.09271838776968,36.98608132793177,190.0,1.753355,0.9228184210526316
2022,51264,51264,최승용,Left,1706,1706,1706,38.28192188906712,45.40233183124628,38.57859025341931,51.65886731991931,21.05030815886637,71.67951936420626,50.463811348690136,190.0,1.66266,0.8750842105263159
2022,51301,51301,김성진,Right,385,385,385,34.17495216747502,41.39769293729377,36.907687774822485,74.57534730269,23.751020495500608,61.69962961606012,38.614804348859415,183.0,1.62989,0.8906502732240437
2022,51359,51359,장재영,Right,238,238,238,46.057237225057335,60.18929299680039,53.70398543093885,69.38069251288461,27.96863011636476,88.58757106064112,58.507368929090326,187.0,1.75355,0.9377272727272726
2022,51393,51393,김준형,Right,233,233,233,50.627121108000516,68.19738120662362,59.38974868061309,77.24975682739273,36.39017135936206,90.0,53.3234008496041,182.0,1.79972,0.9888571428571429
2022,51454,51454,이승현,Left,741,732,732,50.55557139325278,61.26179137930512,54.88758410523632,68.148645196369,41.16407491833418,79.49439053160475,37.9689171065411,183.0,1.5789499999999999,0.8628142076502732
2022,51516,51516,김진욱,Left,908,904,904,46.843343883363545,57.952288920230515,50.649711935084284,63.7680957425207,34.20110340642974,79.96127683807299,45.72983981596257,185.0,1.79314,0.9692648648648647
2022,51586,51586,김창훈,Right,30,30,30,27.393727957926373,31.407101381442395,28.244834444211413,37.35496841606859,17.07976235242503,48.30271590538645,31.308202460673847,185.0,1.67583,0.9058540540540541
2022,51648,51648,이의리,Left,1245,1244,1244,33.11788263107906,38.96416859510727,34.75707814000904,43.24260244325855,22.090095593684367,57.74311765808396,35.8166308677571,185.0,1.71434,0.9266702702702703
2022,51713,51713,김규연,Right,269,269,269,37.67123432374974,47.397480903668495,42.06514154389614,51.68619185117981,25.575281535507017,70.2647055773452,44.45709635832207,183.0,1.71308,0.9361092896174863
2022,51715,51715,김기중,Left,248,248,248,57.046978039668254,71.87742997444383,67.85449268322951,76.39408236870737,44.06974996661853,90.0,45.93025003338147,186.0,1.7818649999999998,0.9579919354838708
2022,51809,51809,조요한,Right,292,291,291,41.50317795793452,48.5440988020262,43.64702527332218,54.046978437615806,25.343091897068348,72.97216150505098,46.843338034017606,191.0,1.70772,0.8940942408376963
2022,51867,51867,김건우,Left,62,62,62,57.374187306409155,72.42366719681917,68.34170700128924,82.56835376526097,44.45946852189219,90.0,45.54053147810781,186.0,1.75905,0.9457258064516129
2022,518852,69343,요키시,Left,3062,3061,3061,33.065558158931715,37.92736312388978,34.11061208957058,41.955376677135746,19.91680620799689,58.59536438163623,38.55210574981837,188.0,1.68271,0.8950585106382979
2022,51895,51895,장지훈,Right,753,750,750,17.413211818920605,26.370653651060266,17.863933342563193,34.21841895289367,7.792786694304128,55.73511471532092,48.743619323323976,177.0,1.40286,0.7925762711864407
2022,51948,51948,이용준,Right,350,350,350,38.96050303484738,49.65260268149318,46.641389795956314,54.25298663984752,28.837966833974253,71.44901671544291,42.67802592109183,180.0,1.536345,0.853525
2022,51994,51994,한재승,Right,177,176,176,51.280945398776424,66.57871948907562,61.9877904750097,71.0634141620989,40.468335315402854,88.69811723400575,47.489244541296415,180.0,1.630695,0.9059416666666666
2022,52060,52060,박영현,Right,903,899,899,29.436535435763105,39.67864417238493,31.549452739581195,48.03008680243539,12.93407096760584,73.11613109168115,60.01452447666827,183.0,1.97204,1.0776174863387977
2022,52063,52063,이상우,Right,40,40,40,47.41344859812476,57.07042078351259,51.006440636676416,59.812752750956356,32.179389459457894,80.58015503172234,47.85138724587776,190.0,2.10282,1.1067473684210527
2022,52119,52119,허준혁,Right,95,95,95,77.1872772731018,83.03179859117432,77.58397410301532,87.96783812789987,54.609184660760754,90.0,35.390815339239246,180.0,1.65782,0.9210111111111111
2022,52140,52140,김주완,Left,12,12,12,78.73057324671359,84.60038505787531,75.77026503516056,86.78068757785853,59.60592358990372,90.0,30.394076410096282,189.0,1.72096,0.9105608465608466
2022,52149,52149,조원태,Left,38,38,38,37.899845076862775,46.64139525283203,39.77493798378606,49.839298358361084,23.4125433155296,71.09886009143469,47.26385682364071,186.0,1.834805,0.9864543010752688
2022,521655,51863,폰트,Right,2525,2508,2508,43.40444375213167,47.82191973778295,42.79190545552903,57.48556845256438,32.12461613238317,63.72504989505795,31.63111675598773,193.0,1.639095,0.8492720207253885
2022,52204,52204,이병헌,Left,124,124,124,48.70919281874332,64.59409234747136,53.778577628288566,80.01142388413923,33.15946113692216,90.0,54.39841041279014,183.0,1.80731,0.9876010928961748
2022,52206,52206,최지강,Right,56,56,56,35.88930309467548,48.72108937048982,43.060890459059465,57.24277005008417,22.53526161356232,77.54062176104622,55.676631371320596,180.0,1.401815,0.7787861111111112
2022,52330,52330,주승우,Right,101,101,101,28.626099085699344,36.89834086991219,32.47886818708406,42.44896091001219,18.255089266699933,58.62943647230815,40.68641746636701,180.0,1.75123,0.9729055555555556
2022,52391,52391,송정인,Right,50,50,50,22.19449889428454,24.899427298528938,20.686050682527938,32.89936283066296,8.096803115060437,47.79958794341354,40.01425502483866,187.0,1.5313400000000001,0.8188983957219251
2022,52394,52394,노운현,Right,89,89,89,-31.185127363892104,-36.884969523039835,-45.12629226530163,-31.814271115166775,-48.97515338307925,-26.547297295286103,21.280634496841813,184.0,1.71988,0.9347173913043478
2022,52397,52397,이명종,Right,482,480,480,35.61028236541714,51.3974821725448,36.664983582691185,62.641746724284495,20.36953646013997,83.64863142598702,61.71280905057306,180.0,1.64171,0.912061111111111
2022,52460,52460,김서준,Right,43,42,42,25.20220715226405,33.74417269202115,29.252713114619763,39.016162828517366,9.004167144740833,65.10459631084777,57.35445942596961,183.0,1.712915,0.9360191256830601
2022,52530,52530,이민석,Right,633,627,627,46.49105080287541,54.62216138232553,50.3091787331166,58.790929666349804,33.815849126027786,74.37587385693571,39.97492133208746,189.0,1.72411,0.9122275132275133
2022,52558,52558,진승현,Right,202,202,202,58.593540842917605,78.08360460413155,68.03603038923947,86.7436323230338,43.924127932655004,90.0,46.075872067344996,184.0,1.83992,0.9999565217391304
2022,52639,52639,최지민,Left,33,33,33,29.201960901089002,35.02180403965427,26.430494934597803,39.325708218830805,15.573444591832503,57.60179971906579,42.234766179939335,185.0,1.77663,0.9603405405405405
2022,52701,52701,문동주,Right,482,482,482,38.53272185039421,45.25487002812964,40.558548800234696,51.13488053650145,25.21262347773032,66.63580796982748,41.47969791568774,188.0,1.792345,0.9533750000000001
2022,52715,52715,이재민,Right,55,55,55,-32.68263429041327,-38.694843490869346,-42.05031392475854,-35.107761869814226,-49.14349014445156,-29.878681748169512,19.00013054587382,188.0,1.88503,1.0026755319148937
2022,52731,52731,박준영,Right,216,216,216,52.25343688801783,63.919007761623305,58.37942926322869,67.85034643884683,37.054321258278534,85.69660008047862,48.37541605996998,190.0,1.86834,0.9833368421052633
2022,52809,52809,전영준,Right,86,86,86,28.22811694324853,31.24836828989653,27.762292205618476,38.94878663068771,11.921978323230705,56.14281672446987,43.62442995348792,190.0,1.82659,0.9613631578947369
2022,52867,52867,윤태현,Right,29,29,29,-34.373901989825654,-42.760002670277544,-47.9714731098333,-36.31593908334167,-56.52532849274811,-31.14070929145446,25.073059946370336,189.0,1.88957,0.9997724867724868
2022,52873,52873,신헌민,Right,20,20,20,37.79560817335306,46.11638390632716,42.49970929210209,51.71206723845641,23.35526586356222,71.37320707677486,46.842430109888234,187.0,1.77455,0.9489572192513368
2022,52903,52903,조민석,Right,308,308,308,44.96122258526525,59.688307792331244,49.94650581120186,68.22210439188662,32.98466052261291,84.65916843018779,50.59768723343899,180.0,1.790515,0.9947305555555555
2022,52994,52994,박동수,Right,275,275,275,10.13548243632218,15.871543279907357,11.911234223762271,20.979084306409497,1.0540020612869674,38.49864315134882,37.69429157425284,177.0,1.57376,0.8891299435028249
2022,543001,51722,카펜터,Left,230,230,230,38.27275063213587,40.877767306703475,34.5282127693412,49.812184174106704,23.772677635501417,59.71448020971887,35.51520452136509,196.0,1.80435,0.9205867346938775
2022,543391,69103,켈리,Right,2601,2598,2598,65.52130369103531,79.50940633293247,75.21556397037658,83.78789927696674,54.31251474403328,90.0,35.68748525596672,191.0,1.54327,0.8079947643979057
2022,543594,52637,놀린,Left,1027,1027,1027,53.67024845976788,67.33501577997804,41.44426252951911,84.82706712421391,33.753445732582236,90.0,51.97403754635407,193.0,1.82147,0.9437668393782384
2022,544150,52457,수아레즈,Right,2545,2530,2530,49.126323582992725,59.24636434744818,46.53225275511791,74.10858102470198,34.09234556513775,82.04871456965074,46.10285604246114,190.0,1.834215,0.9653763157894737
2022,570240,52720,페냐,Right,1134,1134,1134,37.32790716186713,42.5157162665802,37.19390128547778,47.329615778309226,25.96377932933941,60.33401786439316,34.61236431777262,188.0,1.644885,0.874938829787234
2022,571035,69032,쿠에바스,Right,167,167,167,35.59516801414328,43.08647934731201,35.857098044477034,50.49444932833869,18.728624118438887,70.86978593590408,51.10345931470417,188.0,1.99248,1.0598297872340425
2022,571527,50404,뷰캐넌,Right,2416,2416,2416,41.577721660832,47.909578616556615,43.65386544494555,52.40724019822166,28.272250720435935,68.24519577188278,39.8572958024078,190.0,1.60418,0.8443052631578948
2022,571616,52950,더모디,Left,743,742,742,58.24446571806277,71.48260015314867,65.72764839825737,77.32459989919931,39.5461352936798,90.0,50.38923700421725,196.0,1.69743,0.8660357142857142
2022,573185,50558,스트레일리,Right,836,830,830,32.437029465342036,36.15356853870067,30.86320495565447,41.93837401198175,20.41133481624385,54.080574550709194,33.76244745404949,189.0,1.70102,0.900010582010582
2022,592468,50815,킹험,Right,286,286,286,38.63466442066252,41.88441751238808,36.17613678946405,49.90172003512997,21.41254263556337,64.60030828791578,42.97200348345462,196.0,1.833945,0.9356862244897959
2022,592644,52145,플럿코,Right,2386,2373,2373,49.68914100513012,60.766506430580286,51.26463955602593,67.86484105016609,34.11338214241036,84.28788853349378,49.8489229674856,190.0,1.59974,0.8419684210526316
2022,596049,52808,모리만도,Left,1056,1056,1056,42.638836562585254,52.98788964552553,45.08668554609116,63.071008450089536,32.0148703863588,73.77518909731852,41.651746899670016,182.0,1.694715,0.9311620879120879
2022,60140,60140,신정락,Right,721,717,717,-26.569902595648585,-31.911249089742025,-36.8316423065107,-27.337009102340247,-53.20725156363995,-16.82225975655991,35.941036365466346,178.0,1.39836,0.7855955056179775
2022,60146,60146,이승현,Right,846,842,842,78.8867708648681,82.70757350349425,75.20770656710525,88.65492995223603,56.86071658536377,90.0,33.13928341463623,181.0,1.67889,0.9275635359116022
2022,60181,60181,김지용,Right,304,304,304,84.28163184127024,62.250680494855075,55.19205538067005,68.32279382585439,26.52427590303704,90.0,62.462428109313194,174.0,1.58255,0.9095114942528736
2022,60263,60263,이재학,Right,1488,1487,1487,13.353441189934058,16.70493196710292,13.28617444486243,20.605704028575634,3.034819583858414,36.34038396809274,33.33785541917459,181.0,1.84693,1.020403314917127
2022,60336,60336,문성현,Right,650,650,650,71.40713574912678,82.4711957490127,74.6999168357661,88.20566464347782,45.280781660511636,90.0,44.719218339488364,182.0,1.75915,0.966565934065934
2022,60337,60337,김대유,Left,675,670,670,3.5766532821854238,1.4545065958098782,-3.5845635402170473,7.256374030968279,-9.397676753857413,11.351515735300264,21.0689935530968,187.0,1.905405,1.0189331550802136
2022,60339,60339,김건태,Right,346,342,342,25.058382849534283,29.392027639023024,25.181621747120502,33.758112145277394,12.55934511115644,50.978954702914464,38.02491684578328,185.0,1.622255,0.8768945945945945
2022,605138,52043,벤자민,Left,1514,1509,1509,38.26840444888112,43.537926815248596,37.4274999517387,48.70194913063744,27.30826650940781,60.683309838018054,33.34725659933738,188.0,1.56967,0.8349308510638298
2022,60559,60559,박시영,Right,209,205,205,67.42437658250898,85.10761686850923,79.07611752669199,88.96577026181133,57.213951202184575,90.0,32.786048797815425,181.0,1.61242,0.8908397790055248
2022,606162,52707,라미레즈,Right,970,970,970,62.31501520896989,81.50026901518646,72.40982436963817,88.19089159598869,46.372958175491505,90.0,43.627041824508495,188.0,1.807435,0.9614015957446809
2022,60768,60768,이태양,Right,1490,1482,1482,64.50100228721166,79.82106688042242,74.29168586701881,86.06491397760809,50.78591374051355,90.0,39.21408625948645,192.0,1.632955,0.8504973958333333
2022,60841,60841,박종훈,Right,813,813,813,-61.549301041028336,-71.29238078129869,-73.91069365673103,-68.34384165875369,-82.88467569529972,-58.51015132691629,24.496275638473413,186.0,1.569975,0.8440725806451612
2022,61101,61101,임찬규,Right,1707,1707,1707,52.5870321985395,72.33693112045607,58.139684621909,81.33679986086236,34.263277707524,90.0,55.171266713459595,185.0,1.797,0.9713513513513513
2022,61145,61145,이우찬,Left,716,712,712,39.25313578711618,47.650140035135166,42.00494706387175,53.67003418923892,27.27406702770571,69.1738289606161,41.48643275367324,185.0,1.5644,0.8456216216216215
2022,61156,61156,송윤준,Left,72,72,72,17.329024797613172,18.656317069428134,14.485023014706172,36.85386145479532,5.947018371805745,35.41790314989832,30.345179562318258,186.0,1.812365,0.9743897849462365
2022,61268,61268,양현,Right,737,728,728,-18.810577385534767,-25.185951613555062,-30.191863360233366,-19.420747612915427,-38.937494151501866,-15.373300147136636,23.686164523405708,189.0,1.72958,0.9151216931216931
2022,61295,61295,강동연,Right,157,157,157,50.21505611011533,58.582156602093654,53.89102038407956,65.00835621205621,33.49767820848458,81.4630788170727,47.29562028327144,195.0,1.69543,0.8694512820512821
2022,61365,61365,김대우,Right,59,59,59,-53.60477158578452,-62.367510915576496,-66.42246165025558,-52.982530892900414,-76.06848763270408,-49.09449878396368,27.26828978234734,183.0,1.48933,0.8138415300546448
2022,61396,61396,박정준,Right,173,173,173,45.27436420937082,59.56056372520125,53.558618196015786,72.1102286915819,29.931719835338566,86.50480692075975,55.23109892997969,184.0,1.5787,0.8579891304347825
2022,61411,61411,심창민,Right,158,158,158,-5.692785379250253,-9.70720246904004,-14.848814441402792,-4.298565554136668,-27.5195361283227,1.6571784724140524,28.618303443566575,185.0,1.683325,0.9099054054054053
2022,61643,61643,홍건희,Right,927,917,917,42.33833234914068,51.91948639664676,47.7194201325075,58.55495792450916,27.621472820806666,76.27687517782137,48.644023982162444,187.0,1.93246,1.0334010695187166
2022,61666,61666,한승혁,Right,539,539,539,42.09189171943565,52.70709955912578,48.42244176044531,56.777965319254704,28.30319888980468,76.79788868874235,48.35311267124627,185.0,1.65702,0.8956864864864864
2022,61895,61895,서진용,Right,1040,1030,1030,49.46516419256402,63.276384533070654,54.72470314898479,71.88198355366733,36.36258712666565,86.74155692314949,48.71822087708266,184.0,1.8871600000000002,1.0256304347826086
2022,621169,52308,애플러,Right,2686,2682,2682,51.09999631661448,62.105259408961786,52.004745664926226,75.33045713783713,29.38019552220291,89.53579167455885,55.89996265434859,196.0,1.6831399999999999,0.8587448979591836
2022,62146,62146,최성훈,Left,462,454,454,25.18869599853914,34.14681866023335,27.620836136366645,42.92171940457391,15.43304125703625,57.04217080685511,41.2642269609683,178.0,1.448315,0.8136601123595506
2022,62242,62242,윤명준,Right,403,399,399,33.51230909246997,43.17169900672524,39.34081502557876,50.051915384952444,24.71130142157146,63.414916253007284,38.836110544974304,178.0,1.55136,0.8715505617977528
2022,623381,52606,파노니,Left,512,512,512,28.07540243623361,33.36122375370921,25.841788367306112,43.314061027015825,15.539121768254219,54.81336812256594,39.119139127934254,185.0,1.75826,0.9504108108108107
2022,62360,62360,김태훈,Right,744,738,738,59.17422506755722,75.86963052005743,65.02930003054709,83.64956835396926,44.51740920667004,90.0,45.19347098544128,187.0,1.705915,0.9122540106951871
2022,62363,62363,한현희,Right,1391,1387,1387,-1.4330415524342763,-2.4547458615081843,-8.499211470989769,1.2613729151911792,-15.682171600745193,7.982197282576234,23.985388894240906,182.0,1.70867,0.9388296703296702
2022,62528,62528,김원중,Right,686,677,677,42.49328847944948,48.68777896379114,43.95205168600761,52.97559443315682,27.447500578913957,70.12914920355453,42.660231950078305,192.0,1.81803,0.9468906250000001
2022,62611,62611,임준섭,Left,70,70,70,51.614810357530864,64.36401199588124,57.71787082714489,71.33276883916078,41.63872123219291,84.32643201251565,42.868263219598575,181.0,1.5919349999999999,0.8795220994475138
2022,62754,62754,임기영,Right,934,927,927,4.266998720677041,3.239832604437737,-1.6964757314462127,7.780115015790206,-14.415508208320173,20.699097011559218,34.79140865634302,184.0,1.69185,0.9194836956521739
2022,628333,50040,데스파이네,Right,2465,2460,2460,42.17021577165676,55.17712778858984,37.08960003268408,65.44535581245613,28.91794581127978,80.68706264497123,50.82578429966216,182.0,1.67016,0.9176703296703297
2022,62869,62869,문승원,Right,426,426,426,29.951021689882296,39.49666631131995,34.114572122128024,45.19563322569076,18.607801951163104,63.906637330022114,45.39553198007691,180.0,1.64533,0.9140722222222222
2022,62920,62920,노건우,Left,46,46,46,39.16156992213629,56.022511374098016,45.659137528032396,69.58809298640455,21.02335594586036,89.75990909038549,65.90940696205712,182.0,1.71488,0.9422417582417583
2022,62937,62937,신재영,Right,81,81,81,-2.822004679516198,-7.243569380213668,-16.520252896711813,-3.2580364414050655,-42.589580377097256,11.11271705947389,62.46870173846372,185.0,1.62169,0.8765891891891892
2022,62951,62951,이형범,Right,542,542,542,41.73723998086536,60.728632388205995,52.93602964042188,69.43913734806159,24.08925890557601,90.0,65.3649334437015,181.0,1.707295,0.943256906077348
2022,63145,63145,배재준,Right,542,542,542,46.88789149234114,57.665589253368495,43.43950348059539,73.85050587571904,32.52063753130198,81.9592288255705,45.89182499157352,188.0,1.88964,1.0051276595744683
2022,63248,63248,함덕주,Left,227,227,227,35.168589865835486,43.85364376624613,38.941062425909685,48.525572884026914,25.127179181007982,63.67868268174727,38.29379965182993,181.0,1.82278,1.007060773480663
2022,63464,63464,윤대경,Right,1174,1169,1169,33.78359891129197,42.13165322659264,34.65502315328071,47.89551574519057,25.4156807889671,60.355672448200636,34.88589776043577,179.0,1.75584,0.9809162011173185
2022,63492,63492,이재익,Left,517,515,515,43.57772290572165,56.13301157440317,51.62469422034475,62.50042320628841,32.944235400872344,78.47932823835568,45.95827105192547,180.0,1.67393,0.929961111111111
2022,63543,63543,구승민,Right,986,975,975,38.04172976830252,50.67617377007984,42.07318288327571,64.91476378407604,23.99417650335019,78.40009814029573,53.76961170442971,182.0,1.68308,0.9247692307692307
2022,63628,63628,고영창,Right,127,127,127,32.35446325688768,37.200669669767315,32.46598186175619,45.020509577021386,16.941447996894667,61.34991597337557,43.95753566203685,189.0,1.66642,0.8817037037037038
2022,63638,63638,박준표,Right,167,167,167,-3.6701623531983643,-5.939503276702787,-30.21056727273263,21.07788178765762,-45.92563428320328,18.951552662293956,57.563937515138996,181.0,1.75668,0.9705414364640884
2022,63749,63749,이충호,Left,101,101,101,39.111992456740005,48.15421190599388,44.9645726005972,50.1813623357744,28.65320422311501,68.43302078502785,39.67460426760053,182.0,1.60272,0.8806153846153846
2022,63765,63765,김종수,Right,742,738,738,40.60718335012926,52.14248265786439,49.06144193845658,56.686658077494386,30.215333062553935,74.32941609813923,44.28646066696006,180.0,1.47267,0.8181499999999999
2022,63894,63894,김사윤,Left,221,221,221,50.22101811817584,69.03686294475025,57.77035347261356,86.5743013902719,34.82114262767023,90.0,53.82957306549851,182.0,1.67896,0.9225054945054945
2022,63950,63950,장현식,Right,425,421,421,49.476601328874665,63.290418966740226,56.056463159082476,72.54261529587515,38.369826973688305,85.0449702453381,45.887694441587165,181.0,1.6446,0.9086187845303868
2022,63959,63959,임정호,Left,409,408,408,22.67153806963668,27.634722865319684,17.91821061940678,38.87358575375075,-19.120132724946835,77.51684164973656,92.03464529803688,188.0,1.756465,0.9342898936170213
2022,63960,63960,이상민,Left,486,486,486,30.777368818731283,39.806339544469,33.610056054437834,47.9502171523734,19.929514480053932,63.24084982001594,43.19568372012114,180.0,1.591285,0.8840472222222222
2022,63961,63961,윤호솔,Right,738,733,733,54.16344325573539,70.74495484410423,63.69948248357587,77.09823697697247,40.75632176132266,90.0,49.01140114407574,183.0,1.88346,1.0292131147540984
2022,64001,64001,고영표,Right,2578,2568,2568,-23.35479735477393,-33.653969769315395,-38.78456928885026,-28.924756083848017,-56.14504161972883,-17.31175228585068,38.62741236031186,187.0,1.89502,1.013379679144385
2022,64017,64017,심재민,Left,691,678,678,40.09591529160138,50.8088525989617,43.33134413682659,57.890590144733316,28.28598114347632,74.08619836635174,45.59725034999205,182.0,1.73042,0.9507802197802198
2022,64021,64021,박세웅,Right,2342,2338,2338,53.74906705794968,73.5318855325011,63.34786277698028,84.31286252034526,38.44987260504196,90.0,51.53275356683004,182.0,1.64835,0.9056868131868131
2022,64029,64029,류희운,Right,221,221,221,73.15553009806628,79.99956734292934,69.520504059294,88.5279892338129,43.281865454749905,90.0,46.55737278347524,191.0,1.81191,0.9486439790575916
2022,64047,64047,조현우,Left,184,184,184,33.2965741546803,47.34470104548518,36.31474314765676,54.65473766860833,16.41344894854241,82.1285879046446,64.55404613264089,182.0,1.73514,0.9533736263736263
2022,64051,64051,이영준,Left,475,469,469,45.27754496966822,56.227981832049274,50.43773736659691,62.080096194565016,33.30747225544263,78.46164858844908,44.566414963686285,184.0,1.64379,0.8933641304347826
2022,641149,51967,파슨스,Right,767,767,767,41.98706325782992,47.418143053726034,41.895916640482476,53.16182636365068,22.26980083903507,73.8723970260162,51.41410971332044,196.0,1.89698,0.9678469387755103
2022,642098,52557,스파크맨,Right,1475,1471,1471,28.632297217112395,32.853882717513486,20.757124945117607,50.33657798596568,11.307585613659223,60.24030881848987,48.25953501939141,189.0,1.82042,0.9631851851851851
2022,64350,64350,하영민,Right,613,613,613,43.53025256995968,66.66438015427444,35.84002177862935,86.77641337222249,20.92544178462715,90.0,53.631094774268206,183.0,1.82068,0.9949071038251366
2022,64464,64464,이수민,Left,75,75,75,85.1310702250861,71.66710616093235,65.42294471192147,80.55080427174906,46.99543292975097,90.0,42.52301063536852,180.0,1.65537,0.91965
2022,64565,64565,이인복,Right,2027,2022,2022,55.60653161891845,70.18683869551649,64.29986803019177,80.01842406243712,41.53901930412095,90.0,48.210817359028205,187.0,1.63437,0.873994652406417
2022,64580,64580,김재열,Right,358,356,356,66.67065977765867,79.3442279632163,71.61060433521094,84.54594313341181,53.912708799857114,90.0,36.087291200142886,183.0,1.561505,0.8532814207650273
2022,64596,64596,김유영,Left,920,912,912,28.0322275948601,37.214540394086356,32.005690711697554,43.26771968129521,16.57203521523732,62.58527355586972,45.760696284948025,180.0,1.433465,0.7963694444444445
2022,64718,64718,최설우,Right,60,60,60,46.471287928634965,57.217159481252736,54.005917776321986,59.96812691532983,38.457461385863276,75.10178942165243,36.27410813610584,179.0,1.3263500000000001,0.7409776536312849
2022,64805,64805,이승진,Right,553,553,553,53.28329751933181,65.90338904774833,59.92362098729519,75.62756792510486,40.990899824641055,87.25142552151144,43.311538334426565,186.0,1.58772,0.8536129032258064
2022,64861,64861,이건욱,Right,70,70,70,52.617925923855616,64.70889305018724,60.716794823391865,68.34071343532314,43.137024323914815,83.32198468457602,40.1880328325925,182.0,1.85196,1.0175604395604396
2022,64893,64893,박민호,Right,375,374,374,-1.1774241480557306,-3.325799035521738,-9.124904813884928,1.1054981634985888,-14.924641059236517,5.397885930580257,20.00071509944658,185.0,1.7123599999999999,0.9256
2022,64896,64896,서동민,Right,336,336,336,69.77246843689144,85.41804501915328,76.1876824228905,88.91847404171259,52.68931219831765,90.0,37.31068780168235,186.0,1.570395,0.8442983870967742
2022,65048,65048,김민수,Right,1129,1117,1117,48.9125419104903,58.52675358885243,54.5672983693667,62.699959626509056,36.46537986893946,78.83308577488746,42.35883763264663,188.0,1.852195,0.9852101063829788
2022,65056,65056,엄상백,Right,2233,2228,2228,9.99942452413731,8.553474985360515,-1.092686865168614,18.387869901265788,-13.403685568375462,33.66329082588261,45.88214970901858,187.0,1.66479,0.8902620320855614
2022,65057,65057,이창재,Left,40,40,40,20.052812350770207,27.605558099570217,20.22992311789321,53.117291508476065,10.561048576183836,50.600753692812766,40.45937581036786,178.0,1.70632,0.9586067415730337
2022,65058,65058,정성곤,Left,20,20,20,41.77103546520071,54.230707531574,50.99680450648476,58.049309320098835,29.910766163417822,78.31724928842777,48.04291861033451,181.0,1.552855,0.8579309392265193
2022,65060,65060,주권,Right,726,725,725,27.175204995981343,35.144703142985534,29.541626692062316,44.426135299894305,15.468749483531765,59.247440527184516,43.861397420452406,181.0,1.7411050000000001,0.9619364640883978
2022,65062,65062,김재윤,Right,1030,1010,1010,31.231745924883548,36.626634155188896,34.392079505371115,39.019811985012105,20.180186692205854,55.560035888927125,35.37411792730393,185.0,1.76729,0.9552918918918918
2022,65067,65067,조무근,Right,30,30,30,36.643620573072866,37.15090777390178,30.735805650984773,40.76404628504143,20.20825594445799,56.4815916893783,36.2351044888497,200.0,1.71537,0.857685
2022,65109,65109,백승현,Right,171,165,165,62.992569376817556,83.85085108670113,78.12297802913353,88.24826475396299,49.39985566146976,90.0,40.60014433853024,183.0,1.64731,0.9001693989071038
2022,65241,65241,채원후,Right,23,23,23,69.74443787564768,80.71874811111346,75.8456929100213,84.060585341763,44.42641266590782,90.0,45.57358733409218,180.0,1.65153,0.9175166666666666
2022,65320,65320,최원태,Right,1835,1827,1827,40.8302107386424,55.258689131893696,48.326221461969446,62.297446677554134,23.49778766814941,86.38183422900451,61.97075936559999,184.0,1.73589,0.9434184782608694
2022,65343,65343,김택형,Left,997,993,993,27.308200541753518,31.516582537264355,27.79458101706066,34.62598848876631,16.492142182658398,49.32294875998882,33.004109257538154,185.0,1.74547,0.9434972972972973
2022,65411,65411,김주온,Right,75,73,73,53.93341666974198,66.61128448427513,60.83995749315197,71.89746575907522,40.65603677569817,88.1300499927967,46.81660193110732,187.0,1.67478,0.8956042780748662
2022,65496,65496,홍정우,Right,402,392,392,37.46900507409903,46.513779636196205,40.60645700808663,52.79989319103703,26.735787628484687,67.79567873292511,40.908285873481184,182.0,1.894815,1.0411071428571428
2022,65516,65516,배제성,Right,1714,1714,1714,65.09794213398214,81.73001901906235,61.280972943923885,88.5825284862363,51.679185942387775,90.0,38.320814057612225,189.0,1.72961,0.9151375661375662
2022,65616,65616,이민우,Right,771,771,771,54.870043166629706,67.91174473896369,58.84923528863135,78.61936747714714,43.34693095096979,88.34380593761217,43.82198030311427,185.0,1.76719,0.9552378378378378
2022,656212,52528,반즈,Left,2772,2764,2764,33.471072925062536,39.27201135557168,32.570969095025134,47.35968049748914,16.680065853737702,65.92498130197274,49.12304777987136,189.0,1.46576,0.7755343915343916
2022,65639,65639,박정수,Right,337,337,337,8.18247311033478,13.363273005165706,7.273428026647085,20.129171447876754,-7.046334463624912,42.21487038998657,51.434537289181996,178.0,1.44961,0.8143876404494382
2022,65643,65643,문경찬,Right,615,610,610,32.123475998956536,38.20317215521324,31.51151992565489,48.86034391668324,19.08400647850179,60.84865958793225,41.87840944261471,186.0,1.93451,1.0400591397849461
2022,65665,65665,이준영,Left,430,430,430,53.034955630557846,67.69604550654921,62.770264107453706,72.52968527810312,44.717400271642134,86.94893372836862,41.6711508701426,177.0,1.603675,0.9060310734463277
2022,65703,65703,이도윤,Right,22,22,22,32.34237304616965,42.38085860535676,38.83132707410122,46.88542353827924,25.52052539492969,60.67046637268422,35.12820815552696,175.0,1.2389700000000001,0.7079828571428571
2022,65707,65707,주현상,Right,856,852,852,32.86381906064766,42.33660361250155,36.990314787442415,48.26282228145833,25.039698826179247,61.34843839815487,36.40114723459264,177.0,1.649445,0.9318898305084746
2022,657122,52645,로니,Right,524,523,523,41.04119031342928,55.685801452766576,45.36257631797935,69.67917318879938,23.159392000173487,87.6302425660806,61.13527915218142,184.0,1.87515,1.0191032608695652
2022,65764,65764,김민우,Right,2499,2474,2474,56.66205099517248,70.75253505466509,55.32604707606063,81.0326954013119,44.07148451738882,90.0,45.169291439041466,186.0,1.967645,1.0578736559139785
2022,65769,65769,김범수,Left,1033,1017,1017,36.8914323838362,51.30607738404619,46.19706256406034,62.929629960489585,22.05545744501378,82.01295831304475,59.420313204990094,181.0,1.57746,0.871524861878453
2022,65844,65844,박세웅,Left,46,46,46,57.49192269963366,78.18043691896797,66.71410694190052,88.73071556544824,43.22060141254413,90.0,46.77939858745587,180.0,1.629625,0.9053472222222223
2022,65933,65933,구창모,Left,1660,1658,1658,28.903067454839167,34.5763349474845,30.23155039340828,38.509632238826256,18.627770443148997,53.279273289875476,34.36396754282033,183.0,1.68529,0.9209234972677595
2022,65949,65949,류진욱,Right,874,874,874,31.17944922034923,35.40817616440039,28.142941837373577,42.17430769796642,16.37221880884448,58.12739749290467,41.79858964577512,189.0,1.9086400000000001,1.009862433862434
2022,65964,65964,이우석,Right,52,52,52,44.37291813711013,58.64265399486254,41.46771147972405,71.273775283228,27.44255354950826,87.39291400064127,50.335212573851805,185.0,1.557075,0.841662162162162
2022,66018,66018,김선기,Right,605,603,603,31.808672355181532,37.292094192436274,31.07247024492273,44.06699079452473,17.827969306537884,60.048184528830646,42.42256972272349,187.0,1.7854100000000002,0.954764705882353
2022,66064,66064,김태오,Left,79,79,79,60.281024002313494,83.80790374058616,78.74750502503163,87.69229418936507,42.96663919116858,90.0,47.03336080883142,183.0,1.67268,0.9140327868852458
2022,66291,66291,이영하,Right,1842,1832,1832,52.11603100908434,60.32802280622879,54.120370394269415,67.66434752599199,39.95791364099226,78.8495301315705,38.518424365075745,192.0,1.7074699999999998,0.8893072916666667
2022,66305,66305,박승주,Right,491,491,491,52.320363620877025,68.122398037564,61.73217997329649,73.61329359837721,39.075660706514654,90.0,49.588681049454706,183.0,1.67468,0.9151256830601092
2022,663399,52257,브랜든,Left,1018,1018,1018,40.11608252675964,46.028314022648345,36.749269030073265,50.96145976550527,26.73765623715762,66.2470419618055,39.3580680372212,190.0,1.6463999999999999,0.8665263157894737
2022,66451,66451,최충연,Right,613,609,609,42.55839861562797,50.39118788073698,45.887993769402534,54.59261626535457,26.88035819711682,74.3688417318189,47.45266836367418,190.0,1.8377,0.9672105263157894
2022,664641,51257,미란다,Left,175,175,175,61.271699068693614,77.14267334969372,67.49418097912687,84.81592322701307,48.229925587393105,90.0,41.770074412606895,188.0,1.72673,0.9184734042553192
2022,66492,66492,김승현,Right,106,106,106,33.49218234324937,45.266575770664346,38.58892121277663,53.43995753662389,21.25311333838915,71.01864113611981,49.72460040431092,180.0,1.975,1.0972222222222223
2022,66493,66493,임대한,Right,215,215,215,55.15966543813915,72.53947980519983,63.70388043572564,83.44457323448547,45.169291666265735,90.0,44.279335437427704,178.0,1.67013,0.9382752808988764
2022,66609,66609,전상현,Right,350,342,342,37.02101379707689,50.28554840445861,41.3550366362911,60.35723048282051,24.046289280171795,78.22275773953413,53.349783905618864,180.0,1.77116,0.9839777777777777
2022,66630,66630,김현준,Right,179,171,171,33.45705271120854,45.140214321509,37.33946808214449,54.88658466791042,18.780905423252715,74.35354470928183,55.943289649818624,182.0,1.68755,0.9272252747252747
2022,66660,66660,남하준,Right,115,115,115,45.11412921733225,58.68104872345492,48.486546636705334,70.62538473877174,32.24208349165087,83.82364972417913,49.49493151426601,182.0,1.63545,0.8985989010989011
2022,66741,66741,김재영,Right,466,462,462,-17.449800692809198,-23.843907638511347,-29.368925658393156,-18.21836512362071,-39.50512513061602,-12.795549168071572,27.18781589137842,187.0,1.805335,0.9654197860962566
2022,67048,67048,이정현,Right,62,62,62,44.520707089753614,56.05151354877131,37.185718390842105,68.94299638716123,27.123803235224294,83.10001098815728,50.4113668003813,188.0,1.4917850000000001,0.7935026595744681
2022,67116,67116,오석주,Right,48,48,48,41.54295692465596,54.51687469947093,44.97448583373284,60.95276447974007,30.699291000671025,78.75171431051868,48.251450251627446,180.0,1.79901,0.99945
2022,67119,67119,고우석,Right,949,943,943,28.062213145817147,36.4337784474799,29.191080720476528,43.48254307719478,15.05167468551842,63.07203907662355,48.23858696173555,182.0,1.70252,0.9354505494505494
2022,67143,67143,손주영,Left,241,241,241,43.77091623726201,50.389250275257794,46.06608795907638,55.79773887017764,30.37073989220887,70.56797678162292,40.06859807759745,191.0,1.8494,0.9682722513089005
2022,67246,67246,김명신,Right,1243,1233,1233,52.20528837571404,71.52202683551496,62.55980026951854,80.10778877703748,40.48493219049315,90.0,49.13386106590506,178.0,1.75296,0.984808988764045
2022,67263,67263,최원준,Right,2582,2579,2579,-14.377778429040461,-17.876099338774722,-25.40526527024017,-12.945153262211194,-32.29328767518772,-8.042620480770154,23.9186445014183,182.0,1.7389999999999999,0.9554945054945054
2022,67266,67266,박치국,Right,203,199,199,-7.810915368735218,-7.714541114860945,-22.885209511611922,1.0350855407517559,-24.113114333529822,2.847561015744591,27.439342124671313,177.0,1.63247,0.9222994350282486
2022,67391,67391,김재웅,Left,1124,1118,1118,85.45893713220089,71.76095332700432,64.87831503779027,79.57006503193989,44.78806771845654,90.0,45.04063854284691,171.0,1.6035249999999999,0.937733918128655
2022,67419,67419,문용익,Right,566,566,566,34.837443552949956,46.582255399752896,41.384450945324524,51.99281059075312,24.750017358515528,70.21848805777884,45.519548222045934,178.0,1.79098,1.0061685393258428
2022,67454,67454,나원탁,Right,132,132,132,44.400706312978286,55.554266091097716,48.06721489751054,62.13486646100901,32.988308669720865,76.56425542568444,43.108356699647665,183.0,1.522775,0.8321174863387978
2022,67539,67539,나균안,Right,1793,1791,1791,46.034063019245266,58.86387349230925,53.46013609012845,65.50119732160398,30.349294802139998,84.64502341402934,53.57266771112728,186.0,1.77172,0.9525376344086021
2022,67603,67603,이승호,Left,848,844,844,49.705709299397725,62.66591518753991,55.491741465284996,69.00071011466497,34.80179714432832,87.09202835357408,51.65335166066905,187.0,1.82957,0.978379679144385
2022,67606,67606,송후섭,Right,32,32,32,33.29008135606381,38.117161010571934,34.642613148863845,40.60084444760314,16.64559164940212,64.13416336883833,47.214612788363986,190.0,1.969935,1.036807894736842
2022,67640,67640,유승철,Right,211,211,211,48.97382389285586,60.9176140378351,55.00149868017007,68.92957546339534,37.06501428631604,83.39961649234027,46.14262379032419,184.0,1.7639,0.958641304347826
2022,67703,67703,박상원,Right,196,196,196,31.388166519674716,36.39045030898207,32.275728345762204,40.80871109487461,18.35632605334859,57.44739326015265,38.80630931566973,187.0,1.6567699999999999,0.8859732620320855
2022,67954,67954,김진호,Right,711,711,711,33.741136947154224,45.46521092454776,38.81690271087082,54.61129086893476,17.5854242178438,77.56787910612704,59.4661958083659,183.0,1.99981,1.092792349726776
2022,68036,68036,최이준,Right,81,81,81,29.944290633344846,38.2853744499151,33.74686602561089,44.066870040854766,17.553917257923374,63.57093526756012,46.14413031570305,182.0,1.82427,1.0023461538461538
2022,68043,68043,김민,Right,105,105,105,46.18386211413836,58.457664297092585,53.23215929125587,63.83320941363758,32.36458741095935,82.52460710288331,50.101856987668995,185.0,1.83534,0.9920756756756756
2022,68092,68092,한두솔,Left,107,107,107,36.283452003430945,48.41562059656899,44.14740092859929,51.82352926543662,26.939411528720374,70.96366669732048,43.98772471387396,177.0,1.58414,0.894994350282486
2022,68130,68130,김영준,Right,136,132,132,53.85938910924433,71.05082490067494,63.724302417536535,78.97875552244183,38.564712577672154,90.0,50.258217255593856,185.0,1.68977,0.9133891891891892
2022,68220,68220,곽빈,Right,2268,2267,2267,44.92146007039221,56.357165644568084,40.11876192581627,70.25370669791523,29.17444356140188,81.43588417789793,51.79956003577331,187.0,1.6502,0.8824598930481282
2022,68242,68242,정철원,Right,1100,1092,1092,64.35394443362276,81.93778927148452,73.21354985119945,88.36082986060553,48.15320531493866,90.0,41.84679468506134,192.0,1.68398,0.8770729166666668
2022,68249,68249,박신지,Right,1199,1199,1199,36.33144957263474,43.552076233327206,38.75325737254998,48.79750117276774,24.366116421912512,64.47930292939779,40.04937900576286,185.0,1.53351,0.8289243243243243
2022,68341,68341,안우진,Right,3236,3232,3232,58.190818647936304,75.06904331536003,62.84768463355233,86.4210653003867,38.578403367478536,90.0,51.421596632521464,192.0,1.615365,0.8413359375
2022,68403,68403,김무신,Right,555,550,550,55.15057180950024,69.69901375098173,57.09415493431361,87.25783310299529,43.34524892517926,90.0,44.84103344160998,183.0,1.71294,0.9360327868852458
2022,68415,68415,양창섭,Right,403,403,403,38.138259198719446,48.44448074002682,42.219335425217665,79.18497929647016,26.28661284829551,71.5525680272326,44.7358213889988,182.0,1.74425,0.9583791208791209
2022,68501,68501,최하늘,Right,469,469,469,1.1645045436846961,-4.244186332051318,-14.764921715447251,2.9513170730455247,-23.087275209479277,9.60890719617986,32.511779680374744,190.0,1.73574,0.9135473684210527
2022,68529,68529,이승헌,Right,34,34,34,32.49096923218862,33.314731160543055,28.186816511522867,37.85115316219627,17.972669042397843,50.889989119956866,32.969771545570296,196.0,2.04443,1.043076530612245
2022,68556,68556,정성종,Right,89,89,89,14.746214685397272,19.853228518097918,13.136541872723967,32.45323149956125,1.7820611890748257,47.96966731858114,44.7027940670533,181.0,1.60512,0.8868066298342542
2022,68585,68585,김도규,Right,785,778,778,72.99356560625998,84.57011603740955,76.17365964857753,88.98149364993303,59.620070683639945,90.0,30.379929316360055,192.0,1.79039,0.9324947916666667
2022,68619,68619,윤중현,Right,322,322,322,-8.666970587070706,-10.152482844136324,-17.19123530668075,-4.34845922540351,-24.537822468850464,-1.3708853486697268,23.40036814018464,180.0,1.86911,1.0383944444444444
2022,68639,68639,하준영,Left,581,580,580,32.385794884503724,40.567245791200975,33.76242442844106,47.04284990218393,20.984057508164117,62.87806260963879,41.77962505724362,182.0,1.690785,0.9290027472527471
2022,68659,68659,김유신,Left,60,60,60,41.96643535765003,51.16654958979231,45.83496905228642,55.71428185567076,28.0223119275734,74.28007870386216,45.60668100144835,187.0,1.85468,0.991807486631016
2022,68797,68797,이승관,Left,103,103,103,35.1565119800228,43.2453313327834,40.71351633763364,45.619248494683305,24.858731782465014,63.479821993567306,38.9176317536408,182.0,1.53527,0.843554945054945
2022,68856,68856,최민준,Right,930,926,926,67.22055494369418,85.40615699442253,79.16254183414763,89.2363609703993,55.307440692520245,90.0,34.68263681378821,178.0,1.70296,0.9567191011235956
2022,68896,68896,이채호,Right,539,534,534,-37.88539939570539,-47.68271701586764,-54.227607661269325,-42.05907240152765,-65.05217717438578,-32.26100422960018,32.27473056297917,185.0,1.75082,0.9463891891891891
2022,68900,68900,김영규,Left,938,933,933,41.35467948854225,48.76363938782756,40.6930994197406,56.73909374337455,28.35469078853745,69.78656920159273,40.977535201753795,188.0,1.7108,0.9100000000000001
2022,68902,68902,신민혁,Right,1909,1904,1904,39.52148764916667,50.98082163763819,39.65434099164884,64.98205077663503,24.83137174538838,77.62119546113867,51.717075857432896,184.0,1.60489,0.8722228260869564
2022,68928,68928,김시훈,Right,1301,1301,1301,47.536786548825724,58.040459747993204,52.71975998678557,63.761702222449195,33.34948332064096,80.64600164007138,46.9254879636348,188.0,1.74678,0.9291382978723405
2022,69108,69108,이지강,Right,135,135,135,36.92080428422917,48.72586539461592,40.842409338296186,64.20169444163899,21.779328902914532,77.65607487369856,55.41917821841595,183.0,2.03216,1.1104699453551914
2022,69113,69113,임준형,Left,520,520,520,14.99402427827609,18.18932364915174,15.310265188869804,21.15539191247377,7.509252629845699,31.746162155272902,24.37781965058811,180.0,1.6430150000000001,0.9127861111111111
2022,69134,69134,이정용,Right,927,920,920,50.96270879888167,65.12857209594821,58.064432678076884,72.82627964052394,36.040642700295535,89.53583803105072,51.897468309693004,186.0,1.6949450000000001,0.911260752688172
2022,69159,69159,정우영,Right,958,941,941,-3.284024181154716,-10.871264354438953,-15.66648654672498,-6.732931325539054,-28.86280927739852,-0.49652160783496274,29.061754870303506,193.0,1.753255,0.9084222797927461
2022,69204,69204,전루건,Right,190,190,190,39.91288857202126,48.28723405982882,39.26526720374266,53.16612819092808,28.052074973546894,69.18104839450424,40.16987708411801,185.0,1.721775,0.9306891891891892
2022,69213,69213,윤산흠,Right,598,587,587,45.4330267020577,65.94354938718737,55.83980468281973,77.97864464060594,31.75379507051372,90.0,57.44415745344494,178.0,1.60252,0.9002921348314606
2022,69328,69328,박주성,Right,173,169,169,52.12194735114103,78.61170414282991,68.13283044473387,87.02086163046881,33.42220620306267,90.0,56.57779379693733,181.0,1.77328,0.9797127071823204
2022,69399,69399,윤정현,Left,448,444,444,32.19356209744902,36.77940112262332,32.762007556210634,41.46921765470704,21.76362987825945,53.765418304834384,32.212022261587116,186.0,1.7018550000000001,0.9149758064516129
2022,69446,69446,원태인,Right,2274,2264,2264,45.28227379689032,59.212080033650565,51.50114090079736,68.37903887650859,31.28908714490547,84.77495793509874,52.71238610782417,183.0,1.798425,0.9827459016393443
2022,69516,69516,김현수,Right,30,30,30,49.97731032896024,65.80652219761649,63.17568577918473,69.77112854339993,33.35198584891408,90.0,56.64801415108592,185.0,1.7628050000000002,0.9528675675675675
2022,69539,69539,서준원,Right,950,950,950,-17.973746947130433,-22.878012738067923,-30.34859903949811,2.5640729999292318,-35.88078207124657,-13.05975674577579,23.97616589995846,185.0,1.8438050000000001,0.9966513513513513
2022,69620,69620,김기훈,Left,60,60,60,48.45012293794154,59.471179073525484,55.76993574206844,64.428570872605,37.10465604148517,80.69783962022886,43.33780858806612,184.0,1.71746,0.9334021739130435
2022,69745,69745,김도현,Right,124,124,124,31.835415889727464,38.01611397049983,35.456536089114124,41.122662029189584,21.690079264283987,56.648025325483175,34.96903328028603,183.0,1.55925,0.8520491803278689
2022,69762,69762,박윤철,Right,567,567,567,35.15529799734079,44.75398960032566,37.123514746099616,52.375508196970344,18.105686738221554,74.95889978704113,56.234272666424076,186.0,1.75687,0.9445537634408602
2022,69940,69940,루친스키,Right,2881,2877,2877,28.666297878620806,32.19333965519524,26.320071329190903,38.29398501553915,15.743711175099193,51.997484856514795,36.1210241369187,188.0,1.79023,0.95225
2022,69962,69962,송명기,Right,1866,1864,1864,12.898757880630566,9.99749782518617,4.752013327529602,16.239011870017915,-7.508884304716795,33.990273684895065,47.3836245200782,191.0,1.80735,0.9462565445026179
2022,69969,69969,전사민,Right,143,143,143,43.04908244409059,47.88584298326524,44.13882467286907,53.382074331146356,29.168983920139777,66.81359604540737,37.625143395399114,194.0,1.79061,0.9229948453608248
2022,69991,69991,하준수,Right,46,46,46,67.87327492030178,86.17760247843691,79.97852698848892,89.84006400211109,53.34436687159523,90.0,36.65563312840477,189.0,1.8240349999999999,0.9650978835978836
2022,72523,72523,고효준,Left,705,700,700,33.24787506983681,44.53622582397742,38.572010534509765,51.71474650000153,22.31767404218089,69.28352377947456,46.91341523204767,179.0,1.592415,0.8896173184357542
2022,73117,73117,우규민,Right,683,679,679,-16.143933206668834,-20.638350686160802,-25.074426691450633,-16.639844622620878,-34.74656733623155,-10.770449867782466,23.873325528687367,184.0,1.6398,0.8911956521739129
2022,73211,73211,노경은,Right,1127,1127,1127,46.62134157390862,56.54554740185537,46.8441356318994,72.25191640911754,33.635823355990645,78.14265379650206,43.42383698865792,187.0,1.65894,0.8871336898395722
2022,73738,73738,안영명,Right,49,49,49,39.02357221344521,47.3616359377961,44.84299087722538,49.05250182389157,28.784254354303236,66.39056568707747,37.384457971463476,183.0,1.80337,0.9854480874316939
2022,73801,73801,송은범,Right,433,433,433,40.37908697499005,50.07982946991987,42.59540098296274,69.24500693679924,29.422552575318875,71.04942429154147,41.58853552801824,182.0,1.40631,0.7726978021978022
2022,74513,74513,장원준,Left,248,248,248,32.93155280140444,41.19895370133022,34.73702591851889,48.064893841253024,19.652412197182016,66.35990409987832,46.05012860129162,184.0,1.59613,0.8674619565217391
2022,74857,74857,정우람,Left,304,300,300,31.3052738218707,39.318872939853065,33.83845082380024,45.64179685024295,20.85598059784788,60.55114658057585,38.800623093448124,181.0,1.58189,0.8739723756906077
2022,75340,75340,전유수,Right,164,164,164,42.618868134389245,53.17045561233539,46.48138037275045,62.43439230549823,28.842152860108,77.46027994368757,48.20384075036986,185.0,1.633295,0.8828621621621622
2022,75421,75421,오승환,Right,826,825,825,24.42429205628221,31.920745929893034,26.811604069927704,37.2930152134427,15.88562069771212,51.73883810533834,35.61103849330972,178.0,1.68379,0.9459494382022471
2022,75867,75867,김진성,Right,947,935,935,86.34197806679678,75.96625820344744,70.38929728197179,83.22619402182592,52.9627281274732,90.0,37.03719920797471,186.0,1.44911,0.7790913978494622
2022,76118,76118,원종현,Right,901,901,901,14.644409291454542,18.616202626536687,13.99300511057775,28.509970089687368,1.6952710414774148,44.89083062625259,43.99719555327045,182.0,1.77672,0.9762197802197802
2022,76329,76329,이현승,Left,160,154,154,43.16386280831924,55.39323776588341,49.75503317837517,73.76055116864741,33.556581081114366,76.45897462761101,42.11269884326941,179.0,1.56267,0.873
2022,76430,76430,김상수,Right,161,161,0,38.43456590328411,,,,,,,,1.52355,
2022,76650,76650,진해수,Left,691,691,691,46.485497560706136,54.79790793623185,50.92110902951025,59.782753346328406,35.449226781740265,73.81372164735834,38.23273939668412,187.0,1.48433,0.79375935828877
2022,77211,77211,이용찬,Right,912,912,912,29.755571268578056,35.694541496697795,31.188903972987102,42.95379083100172,16.998590325733918,58.444324333267105,41.30919712028846,185.0,1.7813050000000001,0.9628675675675675
2022,77263,77263,김강률,Right,360,354,354,61.38932521481986,78.6480059702274,74.17786344794895,83.69091914490194,47.310147644440605,90.0,42.689852355559395,187.0,2.042805,1.0924090909090909
2022,77318,77318,장시환,Right,1054,1041,1041,40.906920001002916,51.481288418333605,44.52698723600655,67.34155874204849,27.69076833584089,75.85187434286667,47.96463167112995,184.0,1.72363,0.9367554347826087
2022,77446,77446,백정현,Left,2006,2003,2003,38.65775105093762,48.39038347422469,43.65545186520296,53.383349288537175,25.518450056763783,72.36858636876191,46.64645874843767,184.0,1.93701,1.0527228260869563
2022,77637,77637,양현종,Left,1621,1620,1620,39.315720156537196,48.233582098445346,44.948634269171606,52.04295717953327,28.507073534429562,68.84861585543413,40.3533071372495,183.0,1.8221,0.9956830601092896
2022,77829,77829,김광현,Left,2443,2437,2437,43.17666488037517,54.1817016771443,49.13453072120536,60.47715396313682,25.864054682263433,81.8416316790332,55.86669231473587,188.0,1.84734,0.9826276595744682
2022,77927,77927,장필준,Right,376,368,368,42.91070065029748,50.7121343076661,45.08133752764294,57.0823905733984,27.88878451014279,73.73090225690405,45.416901596247925,190.0,1.80835,0.951763157894737
2022,78148,78148,정찬헌,Right,1366,1363,1363,51.18706104662564,68.11715501390039,59.32652661531548,77.5291383198339,33.18810384354894,90.0,56.479697547109765,186.0,1.5934599999999999,0.8566989247311827
2022,78247,78247,홍상삼,Right,229,229,229,39.66056295896943,45.760539428760886,40.29098070470628,55.52565201894122,28.238424186707615,63.90825024145039,36.03375954901139,188.0,1.63595,0.870186170212766
2022,78352,78352,임창민,Right,444,444,444,35.88612627948291,43.62394430831698,37.81535285794885,49.84100243213347,25.071112764442944,63.851454700665606,39.13051530551203,183.0,1.5654,0.8554098360655737
2022,78517,78517,하준호,Left,319,318,318,52.25524030274699,80.29623836158842,55.644029016461594,88.15067908975577,38.56425340383194,90.0,50.68368019894797,174.0,1.615615,0.928514367816092
2022,78536,78536,김대우,Right,161,160,160,22.9303979444874,23.884901870331376,17.599576144473232,39.82406747363865,8.677870620960494,44.03338140685648,35.81484933491909,190.0,1.8605749999999999,0.9792500000000001
2022,79140,79140,최동환,Right,737,737,737,66.80720494078567,83.48015191604037,78.32061297097577,88.34107070198095,56.528748402761636,90.0,33.471251597238364,184.0,1.800185,0.9783614130434781
2022,79358,79358,강윤구,Left,358,357,357,78.84607691972725,72.60869133101193,59.12708007929359,82.8381783400259,36.11697394349905,90.0,53.41284892775395,183.0,1.568305,0.8569972677595628
2022,79545,79545,진명호,Right,273,273,273,58.19804864474483,72.37178251589611,64.3414812767327,81.77752525087898,41.328094489587876,90.0,48.671905510412124,193.0,1.77237,0.9183264248704663
2022,79764,79764,장민재,Right,2020,2016,2016,34.909016405841356,41.75032742326101,37.27047105227224,47.09015781453132,24.1252912800988,61.23122111090929,37.15045473153451,184.0,1.69647,0.9219945652173912
2022,79847,79847,김태훈,Left,98,98,98,45.02882847978556,58.060336232688826,53.537634702263425,62.51787868603291,37.22760931100872,77.81722236995768,40.095810699716765,176.0,1.557705,0.885059659090909
2023,50030,50030,소형준,Right,230,230,230,43.048378047447486,53.99933611265642,49.79504902068201,59.77625869014489,24.073058202929474,83.0594663241052,58.712441702360266,189.0,1.90954,1.0103386243386243
2023,50106,50106,유영찬,Right,1153,1151,1151,50.73502905878319,64.82622093360115,59.01922141629959,70.63130079524856,36.76644189105415,88.69248338996658,50.784534999258234,185.0,1.77001,0.9567621621621621
2023,50126,50126,이민호,Right,369,369,369,29.44940393371617,34.03797907146376,28.937597988291333,40.83069828146248,11.856274320294194,62.822653294692394,50.67180410955167,189.0,1.81446,0.960031746031746
2023,50157,50157,김윤식,Left,1112,1112,1112,46.03198901235025,59.14104219519527,48.02276139018193,69.82621962775353,34.8086765605832,81.54213284981627,46.410531895282574,181.0,1.52586,0.8430165745856353
2023,50211,50211,제환유,Right,53,53,53,44.35693835076089,59.82569513922024,52.42230597347809,65.40524813144812,27.969445676444426,88.4921185316794,60.95715525344026,183.0,1.68606,0.9213442622950818
2023,50354,50354,이종민,Left,265,265,265,39.18227595169801,48.18407257516911,43.454503493058134,57.262078512219695,25.940608906449878,71.4630794624107,45.08669997843117,185.0,1.72615,0.9330540540540541
2023,50360,50360,김동혁,Right,701,701,701,-17.852147882761393,-23.871724891216687,-30.34063478972002,-10.439935638447153,-42.28689933038802,-11.331156498421828,31.815835968385866,184.0,1.69039,0.9186902173913043
2023,50430,50430,홍원표,Right,56,56,56,31.144566473513017,38.99900608343813,33.59791924713848,48.29792121364431,18.853282261788618,61.737270829963435,43.552602414794436,183.0,1.71187,0.9354480874316939
2023,50441,50441,황동재,Right,551,551,551,42.45568355988765,48.90113691971713,42.63818872147343,60.81052607461129,28.56511525617528,69.90213772865522,42.012240910721914,191.0,1.73644,0.909130890052356
2023,50449,50449,허윤동,Left,228,227,227,44.48236680535452,58.36329436621544,51.58029950188624,67.90171727972908,32.51205495023587,82.92394832199379,50.19416618871642,181.0,1.59694,0.8822872928176796
2023,50556,50556,최준용,Right,744,740,740,19.83597308609485,22.250908178938495,17.656101914950035,26.288179621777378,8.90646407550174,39.39606525288073,30.306368329518225,185.0,1.956525,1.0575810810810808
2023,50662,50662,정해영,Right,340,336,336,44.74312534309847,52.62887718779919,47.59753352579902,57.031385643461185,31.659033749147326,73.2225857557053,41.45383439255646,189.0,2.00864,1.062772486772487
2023,50705,50705,강재민,Right,740,740,740,-2.4864949583733713,-2.939804011993688,-32.064298083720274,12.027824161555019,-44.353591959310094,20.359503438148316,48.47717945072003,180.0,1.658725,0.9215138888888889
2023,50720,50720,남지민,Right,592,588,588,54.12597634003427,68.04157341190526,60.537385860565685,78.28825462210314,44.24327085829439,88.11144454535989,42.53700510661075,181.0,1.77017,0.9779944751381215
2023,50726,50726,한승주,Right,1166,1163,1163,39.25497672676571,49.522920377872765,35.22654221721771,63.34344093001238,27.078551364331336,73.04017040800109,45.690024463887866,183.0,1.66521,0.9099508196721312
2023,50859,50859,오원석,Left,2511,2511,2511,31.437156879696754,40.316897618969044,30.318177575574385,48.711968887661655,19.165929552786377,65.48531364272002,46.12489488171305,182.0,1.84718,1.014934065934066
2023,50995,50995,정구범,Left,286,286,286,28.87702512929586,35.01130182429651,30.583296284643698,61.721746352469516,17.979695873369252,55.293077599005656,37.67511142193666,183.0,1.53198,0.8371475409836064
2023,51097,51097,김영현,Right,592,589,589,46.92299580850761,64.97597777644712,59.57418391864808,70.74214554283557,35.56999338226024,90.0,53.118310171740035,177.0,1.78108,1.0062598870056496
2023,51111,51111,송승기,Left,18,18,18,58.697928444520954,79.47411857330621,72.90755431366128,83.82585760226792,44.477818265930956,90.0,45.522181734069044,181.0,1.90408,1.0519779005524863
2023,51143,51143,강효종,Right,446,446,446,29.40304659604508,36.07832210128727,30.69532639667252,62.20069456332422,19.042542452890494,56.33561994610446,37.63594298491855,182.0,1.487505,0.8173104395604396
2023,51230,51230,김동주,Right,1318,1318,1318,35.00546364933997,38.70304974961383,31.87339392789899,56.77713885851435,23.291011589795144,55.68433786961663,32.34645640634315,190.0,1.6730900000000002,0.8805736842105264
2023,51264,51264,최승용,Left,1849,1849,1849,35.57761755228319,40.82549171169692,36.205206379700066,45.573120545584125,20.1356991197548,64.22672195725767,43.789104844433425,190.0,1.62606,0.855821052631579
2023,51301,51301,김성진,Right,769,765,765,23.138369066230048,27.230135274224438,17.527006408742263,36.07528556982911,13.355721995316717,44.44571353046056,30.840892289706943,183.0,1.60121,0.8749781420765027
2023,51359,51359,장재영,Right,1343,1343,1343,48.747423288356835,63.58599135222227,55.565610751635404,70.50780245134256,30.982247778907592,90.0,57.64092981288184,187.0,1.71185,0.915427807486631
2023,51393,51393,김준형,Right,130,130,130,45.439821055043694,60.407742929796896,53.224450362719764,69.66267746106094,31.715709733114434,86.95054841926762,54.56928984383528,182.0,1.76377,0.9691043956043955
2023,51454,51454,이승현,Left,717,713,713,56.32961543157993,68.18566685178887,62.18532963229443,72.67263400078308,47.27506134470476,85.68169520646032,38.2691432608076,183.0,1.55705,0.8508469945355192
2023,51460,51460,이재희,Right,140,140,140,57.2062764144063,73.42681993860825,62.48251563446758,79.02233518764052,42.37217008075786,90.0,47.62782991924214,187.0,1.72522,0.9225775401069518
2023,51516,51516,김진욱,Left,633,633,633,57.480209708438046,72.82152474202165,60.741846933555884,80.7190664778919,44.94607052181755,90.0,45.05392947818245,185.0,1.73965,0.9403513513513513
2023,51526,51526,우강훈,Right,44,44,44,1.590799569876466,0.7306777171244918,-3.889209291663621,3.6057683287309907,-11.804593867083195,12.478742352351613,23.800776119361387,183.0,1.80612,0.986950819672131
2023,51586,51586,김창훈,Right,56,55,55,33.70153142033166,38.78820955854716,31.677663916791605,43.54503033947194,24.160919832175026,54.65621088494771,30.591167609522508,185.0,1.56303,0.844881081081081
2023,51648,51648,이의리,Left,1221,1221,1221,33.01211872291385,39.06377814950398,33.76026260561807,46.019216172275605,21.407385284746088,59.18531172031494,37.912895551701226,185.0,1.67655,0.9062432432432432
2023,51713,51713,김규연,Right,296,296,296,39.789952604839,50.70597555129656,43.557126572017175,56.665943904257944,26.956215445885775,74.81399167334658,47.38821428628435,183.0,1.769515,0.9669480874316939
2023,51715,51715,김기중,Left,999,999,999,52.33933760534965,65.07668430278564,58.064581697297214,71.06346689287508,39.52386419257892,86.77146236720033,46.71646318587674,186.0,1.81347,0.9749838709677419
2023,518852,69343,요키시,Left,1014,1013,1013,31.244865538226076,35.76487875244472,32.41766917148471,39.769144144092074,17.695728976633955,57.19079884078747,39.3732424843173,188.0,1.69106,0.8995000000000001
2023,51948,51948,이용준,Right,1270,1270,1270,38.34094486830536,47.704851609487605,43.10098123438079,52.734060522414445,29.256034958845675,66.90506790334916,37.49599391892682,180.0,1.5241699999999998,0.8467611111111111
2023,51994,51994,한재승,Right,157,155,155,41.744703740844926,53.38602312397653,49.13108365755558,58.5477476904065,31.469431335141394,75.09206808695436,43.2849230829704,180.0,1.56541,0.8696722222222222
2023,52060,52060,박영현,Right,1326,1315,1315,30.9635481758634,44.12058557652007,34.54918970370183,53.022386348967714,11.783390573746665,82.35897858954324,69.69841052203199,183.0,1.98391,1.084103825136612
2023,52204,52204,이병헌,Left,523,523,523,42.137318636190194,56.3320583735753,44.95848728794883,68.8779500967643,27.21966674440267,84.44289110337272,56.47930152956607,183.0,1.80214,0.984775956284153
2023,52206,52206,최지강,Right,369,369,369,25.308257918302697,34.140333256658316,27.97018505085181,43.898620442722404,13.536169664597097,60.8650875893438,47.067598491972845,180.0,1.53678,0.8537666666666667
2023,52295,52295,이원재,Left,34,34,34,43.31445757113558,52.76719737170052,48.98808116890781,55.24461546570197,29.290918660639022,75.94657878215622,46.53844913806172,187.0,1.74445,0.9328609625668449
2023,52330,52330,주승우,Right,368,368,368,64.35597047447844,80.0258836243764,65.13230632395492,88.09678069888052,48.67340641250104,90.0,41.32659358749896,180.0,1.706265,0.9479249999999999
2023,52395,52395,윤석원,Left,375,371,371,50.42000167736885,64.03722776009364,56.75501194062222,71.01921545930794,36.860704287893924,87.46186422436871,49.60250505257534,185.0,1.69876,0.9182486486486486
2023,52397,52397,이명종,Right,930,930,930,32.33660642261783,45.254059894283884,36.120234234245494,56.127674320383555,18.351643853322944,76.05654509799442,57.368715307363985,180.0,1.7058200000000001,0.9476777777777778
2023,52460,52460,김서준,Right,142,142,142,22.40915211354113,27.476793563860447,24.362921196852504,32.546110593057506,10.653152007180918,49.623268447095555,38.12305333945025,183.0,1.616045,0.8830846994535518
2023,52530,52530,이민석,Right,27,27,27,45.94082980484903,55.31183947049589,53.3176953965173,58.798455464515364,31.53843039637487,78.22974969308737,46.686312585931546,189.0,1.71782,0.9088994708994709
2023,52558,52558,진승현,Right,462,456,456,65.67732790368439,83.55534826448694,73.28534265359212,88.89054402048646,52.355607554471156,90.0,37.644392445528844,184.0,1.853355,1.007258152173913
2023,52639,52639,최지민,Left,517,513,513,26.341513148257484,31.440947078872274,24.990271638711956,38.73190185887891,12.779455926326577,55.047283189519675,42.08184597182705,185.0,1.73655,0.9386756756756757
2023,52641,52641,황동하,Right,287,287,287,50.79603274935568,68.90985973514383,60.59458632298835,76.51812969790446,34.95199014131209,90.0,54.99368805117393,183.0,1.62672,0.8889180327868852
2023,52701,52701,문동주,Right,1808,1796,1796,53.359983204960116,65.93738343696839,50.60815070108108,83.45864679809941,39.44382334497348,87.93026928863912,44.646487742607356,188.0,1.779825,0.9467154255319149
2023,52731,52731,박준영,Right,101,101,101,50.25039380565192,60.091577045745005,57.15467089136684,63.71266193878689,36.38145648508951,81.49268593271803,45.115500749448714,190.0,1.82434,0.9601789473684211
2023,52868,52868,이기순,Left,63,63,63,33.28714781504258,48.825067791538515,44.36878179233186,56.375117724672656,24.188424751267696,76.05602373770519,51.15741883064929,174.0,1.91798,1.1022873563218392
2023,52873,52873,신헌민,Right,241,237,237,38.84930679622656,48.21655916902971,39.82606845456163,58.39735367983991,22.824207706696384,75.21447469711991,52.336794625346755,187.0,1.7963,0.9605882352941176
2023,52902,52902,임지민,Right,48,48,48,45.32186246132451,55.77516327232196,49.20151574138901,62.601606242695894,32.9438991830244,77.50149394639018,44.24798352129446,185.0,1.703465,0.9207918918918918
2023,52903,52903,조민석,Right,509,509,509,39.84980007885009,53.1654720858447,47.01476119134405,59.26243133038694,27.579566599451052,78.55377960905064,50.64457659387807,180.0,1.75793,0.9766277777777778
2023,53006,53006,강건,Right,108,108,108,35.99545537919694,43.603560095005534,39.46147991794623,46.93622864680848,25.576304351765188,62.83754080243287,36.93318368116158,183.0,1.744395,0.9532213114754098
2023,53029,53029,김정운,Right,117,117,117,-2.098183219285969,-5.624476903090448,-10.236049496547851,0.11962258915713671,-26.07727518150639,10.10354207537789,30.455061597446385,184.0,2.11195,1.1477989130434783
2023,53139,53139,박명근,Right,920,914,914,-2.7170799491431645,0.4230289405393637,-8.403181730549573,9.036755051980863,-14.560413012221478,13.74633931612468,30.604640863512742,174.0,1.87979,1.0803390804597701
2023,53164,53164,김동규,Right,143,143,143,70.89593667824505,84.3121987883434,77.57097064900628,89.00177240808112,50.7540311802003,90.0,39.2459688197997,194.0,1.9018,0.9803092783505155
2023,53262,53262,김유성,Right,172,172,172,48.7058683244111,58.04959647495076,48.22994738653634,69.2370200712852,35.19090949014223,80.05056400143366,43.79055819110373,190.0,1.8252700000000002,0.9606684210526317
2023,532936,53665,산체스,Right,647,644,644,36.56421533771942,50.26073974139733,34.42078207604809,59.28859292586498,16.786351183733707,86.08000907976151,68.72355812589777,185.0,1.732875,0.9366891891891891
2023,53298,53298,백승우,Left,78,78,78,49.77966193028246,61.987840925204566,55.47634497479774,66.72407141341418,38.37371457218063,82.79305931375742,44.281348951935676,183.0,1.49472,0.8167868852459016
2023,53300,53300,오상원,Right,282,282,282,55.3843636208493,73.243018723082,56.973221992085826,83.35826325654318,41.038000284992435,90.0,48.91488606880033,184.0,1.66736,0.9061739130434783
2023,53312,53312,김건희,Right,57,57,57,56.1034085813974,74.41539405069032,65.62544019125758,82.44199155914407,39.415938068806106,90.0,50.584061931193894,186.0,1.59651,0.8583387096774193
2023,53455,53455,이호성,Right,272,272,272,61.48281977733388,81.18278702715952,73.29473120273533,88.63867373516156,47.21749355921313,90.0,42.78250644078687,184.0,1.730035,0.9402364130434782
2023,53469,53469,박권후,Right,55,55,55,55.836499709628264,68.72546984152642,64.95963470085469,72.38296109750794,45.07752760065375,88.23332094298789,42.74072486239781,184.0,1.8516,1.006304347826087
2023,53560,53560,석상호,Right,82,82,82,51.015228772693106,64.7807350554535,54.91144483695005,69.67016095117252,39.86066176966186,86.160430317772,45.8382632294031,182.0,1.623535,0.8920521978021978
2023,53562,53562,이진하,Right,126,126,126,47.26887098775233,55.42218024553245,47.008958938629746,75.07987090634794,33.251686738685024,76.21101884322042,41.822690446633516,191.0,1.7059600000000001,0.8931727748691101
2023,53594,53594,이태연,Left,157,157,157,49.35943895595995,64.10461767771399,55.10320222820931,72.22835613843415,37.74588732530935,86.46689736325952,47.2961740339056,180.0,1.54597,0.8588722222222223
2023,53596,53596,장세진,Left,37,37,37,25.768131642684637,33.23207695037853,29.32575796719627,38.42704038536019,16.638577609738572,53.6048401420986,36.81864369450666,179.0,1.38904,0.776
2023,53609,53609,곽도규,Left,105,105,105,10.593373185602005,10.779772176649505,6.96832555170591,14.166777999116855,-0.25154946539492584,26.695161714324225,28.13352957626088,185.0,1.83154,0.9900216216216216
2023,53613,53613,윤영철,Left,751,751,751,33.51365233618912,38.70603072490443,32.74084215011054,43.74098840969529,21.411555979044287,58.38583764002684,36.896207501547295,187.0,1.68509,0.9011176470588235
2023,53754,53754,김서현,Right,477,476,476,16.49298233660698,16.67701395488462,5.9616572171417115,22.99295950132923,2.8715262482297534,35.89207685733129,32.81808315189409,188.0,1.816845,0.9664069148936171
2023,53892,53892,이로운,Right,1060,1056,1056,70.21744705947145,77.3863467668075,65.07406843928445,87.5166838939563,41.634430660325044,90.0,47.70072169795871,185.0,1.7629299999999999,0.9529351351351351
2023,53898,53898,송영진,Right,871,871,871,47.40807218369083,59.61900265061194,53.90624014808592,64.27471854536147,33.8831138018964,83.04151681433675,49.149844099680934,185.0,1.80691,0.976708108108108
2023,53996,53996,이준호,Right,611,611,611,43.72933268886821,55.703283745712874,51.652462274136695,60.53417058453118,32.752757185458094,77.9887784018415,45.382334954672935,181.0,1.72623,0.9537182320441988
2023,543391,69103,켈리,Right,2925,2922,2922,63.31070439952436,75.9682108023425,71.48051631481871,79.95448616152977,52.21639502126439,90.0,37.77112739311026,191.0,1.500365,0.7855314136125655
2023,544150,52457,수아레즈,Right,1665,1665,1665,48.41184017430796,58.6426009368682,48.98324068702035,73.49513126410417,32.825250459187934,82.29030126168122,48.26252926524646,190.0,1.85039,0.9738894736842106
2023,570240,52720,페냐,Right,2816,2802,2802,34.660589839681194,39.26920755154143,32.548299306529124,47.07849618001943,23.030502318276472,57.22555034519199,33.84560559721493,188.0,1.649775,0.8775398936170213
2023,571035,69032,쿠에바스,Right,1721,1719,1719,36.80191819843552,44.55806106058204,36.69462208282357,54.633059010979494,20.36330985234719,71.45665810622182,50.46576003130261,188.0,1.89052,1.005595744680851
2023,571527,50404,뷰캐넌,Right,2869,2865,2865,37.080641172225754,41.94754216041507,38.46123219072662,45.42982538689352,23.888958825023085,61.7124502411403,37.725255218396555,190.0,1.55465,0.8182368421052633
2023,572143,53734,스미스,Right,60,60,60,29.686202290899352,31.281029814319012,24.60232787384265,39.2089880188243,12.9161794981163,53.76595908400705,41.03750481218357,193.0,1.8837,0.9760103626943005
2023,573185,50558,스트레일리,Right,1384,1384,1384,33.20558596526466,37.20073104663456,31.63126571757582,43.49837770574127,20.965378568643267,55.5707164069631,34.62470722316134,189.0,1.69169,0.8950740740740741
2023,592644,52145,플럿코,Right,1866,1865,1865,48.58097528044237,58.80694062098464,50.46652414292438,64.90155020301377,33.3116698616803,82.06898741444107,48.770885165330974,190.0,1.58093,0.8320684210526316
2023,593417,69045,알칸타라,Right,2589,2587,2587,51.85976293884439,64.55342470844231,56.998352324843296,72.33999003683181,31.973191121596777,90.0,56.85999578989678,193.0,1.7671800000000002,0.915637305699482
2023,60140,60140,신정락,Right,424,417,417,-21.433050383333892,-25.410085275602178,-32.13321294757817,-10.76111158041126,-47.28787016589396,-11.297692548130158,35.049816571446854,178.0,1.47559,0.8289831460674157
2023,60146,60146,이승현,Right,958,954,954,59.019703841560585,73.97521703896581,67.55379179163104,87.01320579297958,49.21132440102217,90.0,40.42439844923487,181.0,1.69482,0.9363646408839779
2023,60263,60263,이재학,Right,1206,1206,1206,19.615318231341796,24.89442994436409,18.80247515018332,29.897323826727387,8.877182312952208,46.64922561298551,37.58768017679639,181.0,1.81088,1.0004861878453037
2023,60336,60336,문성현,Right,459,451,451,69.37504896914031,83.61735639576493,76.64495482647008,88.49535632698262,48.56519694070212,90.0,41.43480305929788,182.0,1.73599,0.9538406593406593
2023,60337,60337,김대유,Left,237,237,237,4.599971669723327,2.405929268048861,-2.0987746628735495,8.401511263041979,-10.51737894590665,14.379709761864264,24.896907146500418,187.0,1.92945,1.0317914438502673
2023,605138,52043,벤자민,Left,2792,2791,2791,37.9932453413457,43.18047242681914,36.59631879087736,48.80632178715229,27.061321598596184,60.30570225597926,33.01471024391809,188.0,1.59897,0.8505159574468085
2023,606273,53825,엘리아스,Left,2104,2103,2103,39.80568215470416,49.528943287945836,37.80892296996448,64.50912679826234,26.230068115209942,74.32316750397769,48.25808710932961,185.0,1.48792,0.804281081081081
2023,607200,53913,페디,Right,2731,2731,2731,43.1893271626132,51.78591217058691,41.669497571674654,64.33964070905887,22.590874097688147,80.6868197431894,57.16014605776436,193.0,1.90034,0.9846321243523316
2023,60768,60768,이태양,Right,1491,1489,1489,65.91144591433874,82.56741031526424,76.39467914593853,87.38169111517576,51.90956216853528,90.0,38.09043783146472,192.0,1.63721,0.8527135416666667
2023,60841,60841,박종훈,Right,1506,1506,1506,-56.09142159385624,-66.19888215333577,-69.81514205087596,-61.7177310167792,-79.17096244292105,-52.50617073351988,26.51244098935766,186.0,1.5308950000000001,0.8230618279569892
2023,61101,61101,임찬규,Right,2358,2355,2355,56.35740011870837,75.17424925766113,57.79063391544583,84.97816845351065,40.14105223140497,90.0,49.80270156721493,185.0,1.76241,0.952654054054054
2023,61145,61145,이우찬,Left,592,592,592,41.25448834635129,50.1046199633532,44.21524007611553,57.29785198199211,29.26828748918983,71.29499301180104,42.08773046577362,185.0,1.570815,0.8490891891891892
2023,61156,61156,송윤준,Left,69,69,69,19.9527013831833,21.953847522353694,19.94305544074035,27.08303580464501,8.560364912481372,39.07304550232461,30.664462029419802,186.0,1.88039,1.0109623655913977
2023,61268,61268,양현,Right,899,895,895,-19.180970367433464,-26.418646914463338,-32.13708020414982,-21.50282666293626,-41.38666283114076,-15.442740712987359,25.784295702619755,189.0,1.74283,0.9221322751322752
2023,61365,61365,김대우,Right,934,930,930,-47.3305143385289,-55.410732929315905,-61.110064990387315,-43.676266041476126,-68.51804094298006,-42.48855575225638,25.127178134406748,183.0,1.610565,0.8800901639344262
2023,61411,61411,심창민,Right,79,79,79,-5.125459145811494,-9.777926639537506,-20.2041733715729,-1.2002379210730951,-39.0015306242455,2.8789461749990015,38.45670461056005,185.0,1.65213,0.8930432432432432
2023,61643,61643,홍건희,Right,973,965,965,41.99728646700116,50.48828102663554,46.22588415858526,55.091877372015084,28.901811751432334,72.33299671937601,43.56848198516674,187.0,1.91289,1.0229358288770052
2023,61666,61666,한승혁,Right,592,592,592,44.02386841690982,56.45504194703226,48.77218694446474,62.04555542903662,29.005357280456327,82.22965308365352,52.55698802070938,185.0,1.69119,0.9141567567567568
2023,61895,61895,서진용,Right,1196,1181,1181,46.65888610500594,58.63225514310009,49.26034447276179,68.43275886422025,33.90504796205643,81.49972596402698,46.780313978160606,184.0,1.84075,1.0004076086956522
2023,62146,62146,최성훈,Left,66,66,66,30.656924645011934,42.537276028073386,38.11082635879372,49.55629519097507,19.970867106251795,68.65977514974716,49.08032299064354,178.0,1.460525,0.8205196629213483
2023,62242,62242,윤명준,Right,325,323,323,35.64187547120304,45.78571676386552,42.421616281265564,48.98250787215077,26.836618429983393,66.27790770139937,39.07666235734836,178.0,1.51793,0.8527696629213483
2023,62263,62263,변시원,Right,68,68,68,-15.089717689346708,-17.299662360185614,-21.54025280210377,-11.425776751234514,-36.33595479536616,-5.772671014639159,30.207063353414945,178.0,1.604965,0.9016657303370788
2023,623381,52606,파노니,Left,632,632,632,28.884837202028443,35.815089415224485,28.511427082688606,42.54575538343133,13.594248510550015,63.51066862322469,49.55915493340367,185.0,1.819235,0.9833702702702702
2023,62360,62360,김태훈,Right,1026,1016,1016,58.65847489762365,75.49415401188494,63.936653034236826,87.57038408185107,43.475149896275965,90.0,46.509725251262225,187.0,1.69416,0.9059679144385027
2023,62363,62363,한현희,Right,1817,1817,1817,0.647858143349578,0.10728562043017435,-6.50901596256415,4.436837769533018,-11.742193962399178,10.530927852674823,22.507994816212047,182.0,1.72205,0.9461813186813187
2023,62528,62528,김원중,Right,1020,1011,1011,39.99414443979421,45.07906771863102,41.469403923473,49.41929283137172,25.48645781434588,65.91091169373199,40.48993340185197,192.0,1.83799,0.9572864583333334
2023,62611,62611,임준섭,Left,634,633,633,56.00185562473528,70.1622833890156,65.86196437155884,74.20756783134374,46.164001135698356,89.56337879833949,42.49378059983201,181.0,1.55144,0.8571491712707182
2023,62655,62655,홍성민,Right,49,49,49,48.67205009333511,61.57876253287735,54.36209788254217,67.14348502271395,27.98058611696913,89.92747373555532,60.57574481753891,191.0,1.58293,0.828759162303665
2023,62754,62754,임기영,Right,568,568,568,4.840409294992098,4.118636332074638,-0.13235386944240543,8.758748324386493,-10.555003859898989,19.092494542473013,30.144877591860496,184.0,1.735475,0.9431929347826087
2023,62869,62869,문승원,Right,1829,1824,1824,32.20886942418741,41.989907230850335,34.311478176219715,56.8528915781464,21.10210576312619,65.7335385025172,44.87299005627146,180.0,1.647285,0.9151583333333333
2023,62920,62920,노건우,Left,208,208,208,38.31407476978006,53.245814036400134,42.95954263912943,66.60143320404173,22.140965537082636,84.79861409293505,61.37709761713907,182.0,1.69129,0.9292802197802197
2023,62951,62951,이형범,Right,467,467,467,48.629589897240834,68.35729937403494,61.87467860641232,75.51493991598409,32.80955342575746,90.0,57.143051716762386,181.0,1.68529,0.9310994475138121
2023,63103,63103,류원석,Right,34,34,34,4.511365192242009,1.299058603642281,-5.972244330166834,3.9936221863779564,-29.83176200925181,29.023741622669895,57.48258741140002,186.0,1.946175,1.0463306451612904
2023,63145,63145,배재준,Right,23,23,23,59.505822514552825,73.0268628526334,65.67133832828853,77.85588432339709,46.73627698826486,90.0,43.03821907250455,188.0,1.8029,0.9589893617021277
2023,63248,63248,함덕주,Left,944,940,940,37.02063653837337,46.16803374590269,39.6764078483222,54.190687846305494,27.072468391290535,66.7778883996989,39.766530892407125,181.0,1.7111800000000001,0.945403314917127
2023,63464,63464,윤대경,Right,795,794,794,42.75031391287378,53.770306931936716,48.6456936061995,58.932631777034636,33.92355121124262,73.52818744183674,39.54666666838686,179.0,1.8068650000000002,1.0094217877094973
2023,63492,63492,이재익,Left,580,570,570,42.6352767820151,55.147731832275056,51.897999426718826,59.098578052890744,31.735486807440466,77.81881809642742,45.748185467406394,180.0,1.65012,0.9167333333333334
2023,63543,63543,구승민,Right,1088,1088,1088,38.01219682560176,49.37848939992269,42.288783946500665,63.46978165760768,25.086043586652984,74.38892633309999,49.021879132504836,182.0,1.661325,0.912815934065934
2023,63638,63638,박준표,Right,259,257,257,13.592754564643617,20.00884899976264,-17.235952939794647,40.404489784544616,-13.706165310986194,61.81271477123069,68.46979364356451,181.0,1.76463,0.9749337016574585
2023,63749,63749,이충호,Left,126,126,126,38.414663513028145,47.18886483657369,43.744500383988296,50.89441180101361,28.0756120799836,67.0261876167832,39.03851137925761,182.0,1.57915,0.8676648351648352
2023,63950,63950,장현식,Right,486,482,482,45.36130218834806,58.15368246901869,49.04359644526061,66.34458940633004,34.43073205648358,80.43496393658013,44.85694900455762,181.0,1.65069,0.9119834254143646
2023,63959,63959,임정호,Left,824,824,824,21.90447095165949,25.48132134702427,18.682843815227006,37.12628458543374,-8.157137194754698,72.61188607916992,81.02964432135674,188.0,1.794305,0.9544175531914895
2023,63960,63960,이상민,Left,293,293,293,30.1212210193421,39.27492968722823,33.20703479539421,45.317171584557364,19.441897725027314,62.399395394138175,42.63040514822032,180.0,1.54742,0.8596777777777778
2023,63961,63961,윤호솔,Right,65,65,65,58.472273412031875,77.91959872542154,70.70112301700405,83.84279033424431,44.740961024461164,90.0,45.259038975538836,183.0,1.84652,1.0090273224043715
2023,64001,64001,고영표,Right,2606,2602,2602,-19.402185220496126,-28.563435943176515,-33.598284781034685,-23.59366623329776,-50.66081640015347,-13.366181816279152,37.30290298425257,187.0,1.884355,1.007676470588235
2023,64017,64017,심재민,Left,632,628,628,57.8017786548765,74.97975385767772,61.40253323614741,84.46515044866395,46.03168419830429,90.0,43.23511173612235,182.0,1.71265,0.9410164835164835
2023,64021,64021,박세웅,Right,2332,2325,2325,50.21111914067592,69.65082486073139,59.86628624013309,80.42333331227086,34.20478761355064,90.0,55.48701227547756,182.0,1.67203,0.9186978021978021
2023,64029,64029,류희운,Right,68,68,68,53.96232655457247,65.2322969626122,58.14838179015684,70.90356445785348,39.50913698959178,86.50450567342773,46.423971859251736,191.0,1.9144899999999998,1.0023507853403142
2023,64047,64047,조현우,Left,63,63,63,28.08044252335829,36.575291691091174,32.08946131435363,40.727990884054456,14.742645001843936,63.627085083883756,48.37064139172787,182.0,1.73145,0.9513461538461537
2023,64051,64051,이영준,Left,34,34,34,42.08336758501102,52.14260192899361,49.39224839496089,55.14777521514707,29.969825927968117,75.04607489798978,45.24480322691781,184.0,1.71891,0.9341902173913043
2023,641312,53664,앤더슨,Right,773,772,772,39.422034084610516,44.42041523433849,34.75942325109821,55.21469941698148,23.083237987106195,67.3697678043541,43.341148034185466,193.0,1.839445,0.953080310880829
2023,641855,53322,맥키니,Left,1089,1089,1089,48.139863338977825,62.933247114238114,55.20143590264727,69.76727701943851,37.00444210666535,85.67950593382227,48.10652762119418,180.0,1.5529,0.8627222222222222
2023,642203,53927,와이드너,Right,1659,1658,1658,19.68239097362312,24.425057768018796,17.409493806439087,34.18896674727534,6.828948179271871,50.45672509784741,45.8425611618999,183.0,1.7987199999999999,0.9829071038251366
2023,642558,53375,후라도,Right,2593,2588,2588,59.40095734253538,73.96431540664767,58.28016709785129,85.9944313154483,46.11323327976679,90.0,43.87544681768813,188.0,1.72757,0.9189202127659575
2023,64350,64350,하영민,Right,860,855,855,33.562505241590465,44.94994910247735,35.06425079987365,60.8592542755065,18.01462527555793,74.18293125919357,55.15084012451993,183.0,1.88161,1.0282021857923498
2023,645307,53714,산체스,Left,2035,2027,2027,29.257436715248136,39.579514854315185,29.951046171913333,62.02982823898866,19.093327729753682,64.18493460013764,44.892914215973036,178.0,1.772375,0.9957162921348315
2023,64565,64565,이인복,Right,569,565,565,51.9125961698261,65.32263219693897,60.14807432370112,72.08928845288813,37.33804222789838,88.55246207862466,50.3549142976747,187.0,1.68178,0.8993475935828876
2023,64580,64580,김재열,Right,246,246,246,60.241756163225304,74.40774901279795,62.96135255866949,80.3748536088641,50.40184342083518,90.0,39.53732372094686,183.0,1.5952950000000001,0.8717459016393443
2023,64718,64718,최설우,Right,226,226,226,47.61372641274926,59.338116801699805,55.71746827481796,63.436439326026516,39.036905221191155,78.14374819762907,38.99147888849406,179.0,1.44591,0.8077709497206704
2023,64768,64768,조이현,Right,585,585,585,59.61655656983126,71.81886048643058,59.61290074546542,84.52571168791079,43.87214988498134,90.0,44.59106931508315,185.0,1.8194,0.9834594594594593
2023,64805,64805,이승진,Right,24,24,24,54.744720361715466,68.85621818720975,64.25711924159037,79.15940641231515,41.48355470598804,90.0,48.166788177263484,186.0,1.6222400000000001,0.8721720430107527
2023,64861,64861,이건욱,Right,654,650,650,62.19763504231107,81.6938717418297,76.7869794249877,87.35959594640157,50.086554051129895,90.0,39.913445948870105,182.0,1.9398149999999998,1.0658324175824174
2023,64893,64893,박민호,Right,152,152,152,-1.687073135426752,-4.019955147168121,-9.183972644111488,0.8713508425202723,-16.079568792499586,5.238614595792228,21.295517079723584,185.0,1.69241,0.9148162162162161
2023,64896,64896,서동민,Right,23,23,23,55.78878623958506,73.04799826861014,61.89674636363298,81.60898114054869,39.60832579085109,90.0,50.39167420914891,186.0,1.69461,0.9110806451612903
2023,65048,65048,김민수,Right,141,141,141,54.463134778065786,65.17147177453518,62.30411753681618,67.9601248559281,43.23411260466257,84.02373725014625,41.01072319824642,188.0,1.83796,0.9776382978723405
2023,65056,65056,엄상백,Right,1682,1682,1682,10.86054612161399,9.795566575447127,0.5912826491036705,20.33039500506052,-9.071552151772188,32.952212591436826,41.93156164576105,187.0,1.6633749999999998,0.8895053475935828
2023,65058,65058,정성곤,Left,122,122,122,42.69725988186645,54.26629612759879,50.166927682310735,57.72685466801383,31.75901357741958,76.45105312796048,44.43735477402677,181.0,1.6923149999999998,0.9349806629834253
2023,65060,65060,주권,Right,724,719,719,40.17999765443314,55.933206344938476,36.943344322385705,81.52287798380279,25.82905214834716,85.40261101270528,49.93917374220231,181.0,1.71014,0.944828729281768
2023,65062,65062,김재윤,Right,1065,1048,1048,30.49433677032579,35.458999177163875,32.68530888972431,37.72696095534684,19.78807796961625,53.59272299587265,33.85411689359608,185.0,1.791855,0.9685702702702702
2023,65109,65109,백승현,Right,628,624,624,63.116224316079965,84.21820932957891,79.33508998719059,88.30642573577725,49.289217876695034,90.0,40.710782123304966,183.0,1.7098849999999999,0.934363387978142
2023,65117,65117,이상규,Right,124,124,124,63.920294758535505,86.47617890380386,81.94802996176452,89.30233710796162,45.70366889229196,90.0,44.29633110770804,185.0,1.7183,0.9288108108108107
2023,65241,65241,채원후,Right,60,60,60,63.080785741630365,86.85935136712897,78.55044413231099,89.24942991094423,48.372532559662126,90.0,41.627467440337874,180.0,1.671935,0.9288527777777777
2023,65320,65320,최원태,Right,2236,2227,2227,35.899043895140785,48.60030170845896,42.65722370130698,55.34024242682285,18.115323822923273,81.32219405221117,62.90189117859377,184.0,1.71999,0.9347771739130434
2023,65411,65411,김주온,Right,14,14,14,47.480073247164924,58.20916839291495,55.23900712007641,62.66791503489378,34.12488566273406,80.26814503073388,45.38947863644454,187.0,1.58364,0.8468663101604278
2023,65496,65496,홍정우,Right,576,571,571,39.43853922699151,49.14465375551845,44.826107252627764,54.57920057882261,28.65483862655615,70.48558849023121,41.8975107535383,182.0,1.8544,1.018901098901099
2023,65516,65516,배제성,Right,2390,2390,2390,61.133303286279464,74.67513248451132,64.29897801403686,88.5542959668506,49.40209282085378,90.0,40.29708129916273,189.0,1.70054,0.8997566137566138
2023,65522,65522,김강현,Right,36,36,36,36.700410657402315,52.73400129551573,50.3255413233976,56.28470106765369,25.27962305126558,80.55936581148656,55.20968078402881,177.0,1.52724,0.8628474576271186
2023,65616,65616,이민우,Right,239,239,239,51.97512726147362,62.56827979188502,54.92350881916042,70.4047601696496,41.59528125119349,81.76414603252363,39.86696982622774,185.0,1.75524,0.9487783783783783
2023,656212,52528,반즈,Left,2664,2662,2662,39.95147221087528,48.803477827069024,41.19690009904637,56.29442291537885,22.400943379067655,76.35756805542135,53.65103429785435,189.0,1.48779,0.7871904761904762
2023,65639,65639,박정수,Right,585,581,581,2.9650104368171033,5.718864470581213,-2.456758573029481,12.508280611320007,-12.912127163634068,26.521828724349422,39.55360727834048,178.0,1.5333,0.8614044943820225
2023,65643,65643,문경찬,Right,36,36,36,39.89340319551809,51.97617329916978,8.425353398742226,58.31830524540062,22.549626937075992,81.73202310159803,58.994256594387295,186.0,1.89084,1.0165806451612904
2023,65665,65665,이준영,Left,319,311,311,56.89778291275114,72.4988171193552,66.88602404050297,78.14835019166955,48.56572512065288,90.0,40.974157265048895,177.0,1.63614,0.9243728813559322
2023,65707,65707,주현상,Right,851,847,847,35.33875118757669,46.56889900458111,39.391208413389855,55.98432921108389,26.675975048050482,68.20670483391419,41.58409050365877,177.0,1.64283,0.9281525423728814
2023,65764,65764,김민우,Right,959,959,959,57.863571438117575,72.41960283186981,63.0988337750405,80.88362626133748,45.4372071438484,90.0,44.144223928876,186.0,1.97161,1.060005376344086
2023,65769,65769,김범수,Left,1015,1003,1003,35.64385466761042,51.19484357006276,36.41845318331814,63.34590902888704,19.1109266938447,83.83478329980736,61.234272920669554,181.0,1.622,0.8961325966850829
2023,658431,53645,메디나,Right,572,560,560,27.584372334326076,32.07681820757443,27.95660766378112,38.42015323775152,16.305744350899367,51.17164176502082,34.399314010732745,185.0,1.6618149999999998,0.8982783783783783
2023,65844,65844,박세웅,Left,28,28,28,37.75552975979946,49.3149396246547,41.74520643033075,54.8000872412661,26.662309427765518,73.45718472279252,46.642213917472404,180.0,1.665565,0.9253138888888888
2023,658792,53546,윌커슨,Right,1199,1199,1199,29.638854357173923,33.626608934927845,28.0131968889599,37.984688367173774,16.272300848767575,54.12740595497815,37.34730496338072,188.0,1.97148,1.048659574468085
2023,65933,65933,구창모,Left,754,754,754,32.1327467160401,38.9700840011852,35.05853260246049,43.512230776365605,21.288702682119833,59.13189163442984,37.57278004958504,183.0,1.75361,0.9582568306010928
2023,65949,65949,류진욱,Right,1170,1166,1166,32.767637616568365,38.67754273044913,31.068617796625688,47.781200115143406,14.860376360258247,67.59467911908334,51.9898591817354,189.0,1.818085,0.9619497354497355
2023,65964,65964,이우석,Right,5,5,5,29.120845962769007,33.64132181113284,31.712021024172724,35.865180362829214,18.62129636112462,51.59621671362003,33.48709560094196,185.0,1.80531,0.9758432432432432
2023,66018,66018,김선기,Right,753,753,753,31.288862624283666,37.04317193022918,31.865572251257827,46.313403291317265,16.61364277867762,61.612953113914905,45.08047275788746,187.0,1.74638,0.9338930481283422
2023,66047,66047,박세진,Left,272,272,272,36.73868353002631,52.17254496415166,37.8311773866613,81.80949759241048,24.603128173483746,78.03875247265213,46.85481222980329,178.0,1.8450250000000001,1.0365308988764044
2023,66064,66064,김태오,Left,146,142,142,52.65924532520165,74.14694762390047,66.99078111948911,80.48180701816662,35.161498788161715,90.0,54.838501211838285,183.0,1.71984,0.9398032786885245
2023,66145,66145,김대현,Right,81,81,81,55.5707577482331,74.46899971194154,64.19934302071586,87.65607877110895,35.938358220743304,90.0,54.061641779256696,188.0,1.60183,0.8520372340425533
2023,66201,66201,고봉재,Right,206,206,206,-15.438612741091717,-22.13501485551375,-29.330800463296228,-8.169310313034803,-45.92807672788672,-7.534531643759687,38.89833546741076,184.0,1.69007,0.918516304347826
2023,66291,66291,이영하,Right,684,680,680,56.355520754781196,65.41037687485047,57.32284351356953,77.7980088932898,45.03984973621615,83.01707506331368,37.37042634970773,192.0,1.6783000000000001,0.8741145833333334
2023,66305,66305,박승주,Right,346,346,346,51.59994844720862,66.51037260939411,61.40648192639968,71.48992804865418,38.789511346742636,89.6906464770305,50.10647323094025,183.0,1.66638,0.9105901639344263
2023,663399,52257,브랜든,Left,1444,1444,1444,37.59749706752002,42.53058935992545,31.64144349367775,47.373023693421906,24.579348764437086,61.84974481436356,37.223754818535184,190.0,1.614785,0.8498868421052632
2023,66451,66451,최충연,Right,174,174,174,41.05222949600646,48.01617710234479,43.5689038686353,51.87313484251401,26.143056818324716,70.30534082155194,44.31211639695037,190.0,1.8322850000000002,0.9643605263157895
2023,66492,66492,김승현,Right,77,77,77,34.11671085389179,44.378212539596575,36.14515837409427,66.5910275499159,22.910229134104547,69.38997865197945,46.26202019092152,180.0,1.89808,1.0544888888888888
2023,66609,66609,전상현,Right,441,436,436,49.14449892717825,65.97433466239221,55.387925643033405,74.15966538286418,36.590200996646416,90.0,50.820565558953824,180.0,1.74677,0.9704277777777777
2023,66741,66741,김재영,Right,145,145,145,-15.102846266084212,-20.884399100526387,-23.70188605507758,-16.95438172979434,-35.609536730733275,-10.717365717636964,24.656942940274554,187.0,1.76471,0.9436951871657754
2023,66859,66859,김주한,Right,16,16,16,2.7689764042126592,1.5849600033160844,-1.721408324676461,3.288901312822733,-12.411656303000832,14.150901506910468,26.681706537458606,184.0,1.799625,0.9780570652173912
2023,668684,53909,태너,Left,1265,1265,1265,33.71703350060157,40.03832010021909,33.86777951499802,44.57333321214885,23.14533893230242,58.91100007815952,35.84660830456435,184.0,1.51852,0.8252826086956522
2023,668766,53233,딜런,Right,175,175,175,25.396307758471035,28.8806315989605,23.50347340479446,33.039849420568494,15.312540341279734,45.06916627977848,29.756625938498743,185.0,1.84231,0.9958432432432431
2023,668948,53833,맥카티,Left,2286,2286,2286,46.20453222933118,61.07914951794214,50.90097123810054,69.8011105868514,39.3349015334645,80.99923875141285,41.25758809184731,173.0,1.6651799999999999,0.9625317919075145
2023,66920,66920,최성영,Left,1165,1163,1163,27.45796964673856,34.715740948296364,30.659590263641228,38.8347142510584,17.812688629271,55.17199142006792,37.05723327149241,180.0,1.85362,1.0297888888888889
2023,67116,67116,오석주,Right,138,138,138,33.893997568702886,42.650124942355575,38.00310483770457,48.1984760402175,24.345400692057446,62.79086903808853,38.7828069292577,180.0,1.84049,1.0224944444444444
2023,67119,67119,고우석,Right,837,837,837,24.58067300602769,30.891297907510854,24.76842826279875,36.36374680646888,12.944609014611148,53.79761982800999,40.67831122642152,182.0,1.65213,0.9077637362637363
2023,67143,67143,손주영,Left,143,143,143,45.99916966190037,53.409129020958225,48.163502880344076,62.44720240046162,32.41115932421879,74.1344069079535,41.58425725225507,191.0,1.68764,0.8835811518324608
2023,67246,67246,김명신,Right,1297,1285,1285,52.376499900127904,69.86432329161356,61.667100899337136,77.70510958665774,41.541747699499965,90.0,47.65699046802049,178.0,1.7423549999999999,0.9788511235955055
2023,67263,67263,최원준,Right,1612,1612,1612,-16.196187389823677,-20.006177614253026,-28.77884617939788,-14.539571563864286,-34.67098504045367,-9.87499000031571,24.238807545673883,182.0,1.77143,0.9733131868131868
2023,67266,67266,박치국,Right,845,841,841,-11.993850989029124,-13.718722530485065,-35.59474381484662,-1.045096401381985,-63.96250209821462,4.584328181314166,58.28283117708061,177.0,1.59996,0.9039322033898305
2023,67365,67365,양지율,Right,28,28,28,20.654059096929945,26.02061839983047,22.308165069100962,43.0105543535209,1.4647889362229018,66.41871312396495,66.54795675491418,185.0,1.92661,1.0414108108108107
2023,67391,67391,김재웅,Left,913,909,909,81.53433415833791,75.9970529621634,67.95741187816886,84.84327344426708,45.63502952867296,90.0,44.36497047132704,171.0,1.65693,0.9689649122807018
2023,67419,67419,문용익,Right,222,222,222,35.86864546202321,48.134785839625266,43.16597012972961,53.146220107789794,25.938890175602562,71.7754519174796,45.483747096709564,178.0,1.7241300000000002,0.9686123595505618
2023,67421,67421,최지광,Right,313,313,313,30.825728954816384,43.33503632029188,38.57138697397004,48.61227054128048,23.84949599539507,65.08531002802317,41.14421613772585,173.0,1.92857,1.1147803468208093
2023,67454,67454,나원탁,Right,27,27,27,54.65247697601103,71.39766173657108,66.02688249751729,75.70728019165963,41.31642895734832,90.0,48.68357104265168,183.0,1.57807,0.8623333333333334
2023,67467,67467,김시현,Right,79,79,79,43.8825809870581,56.95389614791478,52.35852998706613,61.82421739846,32.47883379867371,80.26220150846451,47.80844636519033,181.0,1.59496,0.8811933701657458
2023,67539,67539,나균안,Right,2024,2023,2023,46.45962582861678,59.22223306046773,53.995962701849,65.08527532741188,30.914314516941253,84.87767186877461,53.55753078769292,186.0,1.77445,0.954005376344086
2023,67603,67603,이승호,Left,96,96,96,51.10086655637667,64.54222012069047,59.35463315774173,70.62453529445966,35.577505836386095,89.0854885879292,52.563229766652626,187.0,1.814905,0.9705374331550802
2023,67640,67640,유승철,Right,19,19,19,47.78255682918227,59.157684639512105,55.94300661107449,67.95896982581182,36.04866817699209,80.39018379524269,43.61088178109407,184.0,1.72374,0.9368152173913044
2023,676641,53040,슐서,Right,819,815,815,49.342966506850644,59.96654084318206,53.3406253092502,65.9639793804267,35.84763917973271,81.52967043185014,45.57350987155027,188.0,1.82123,0.9687393617021277
2023,67703,67703,박상원,Right,1083,1070,1070,35.26358728820531,41.64295036551013,35.25060473697893,51.648249304773934,21.86013554055156,63.448104034826926,41.5602858358282,187.0,1.74703,0.9342406417112299
2023,67768,67768,김태욱,Left,17,17,17,36.19849902222078,42.22666855078546,40.0155892965766,43.46399579398392,23.95543716622452,61.20980597958324,36.91595704714629,187.0,1.70625,0.9124331550802138
2023,67954,67954,김진호,Right,299,299,299,32.05647875464675,43.003382159653384,37.30325331378413,52.598609931850206,16.005796122434827,74.25273457378798,57.69992480156573,183.0,2.06692,1.129464480874317
2023,67956,67956,김태현,Left,316,316,316,42.14316536175507,49.73444063145675,44.81784686534442,54.71979766872188,29.131169844919725,70.74315775338944,42.076871119928555,188.0,1.652415,0.8789441489361702
2023,68036,68036,최이준,Right,491,488,488,45.80623481530485,61.71307550977464,50.63873672042854,69.69675148825591,31.456259470715477,88.29981731889578,55.287735128435216,182.0,1.682825,0.9246291208791209
2023,68043,68043,김민,Right,548,548,548,37.07366501198078,44.73399154445575,36.91480877990201,60.70133423292715,24.827563996411943,66.05806871225417,41.122078895919884,185.0,1.6754250000000002,0.905635135135135
2023,68092,68092,한두솔,Left,26,26,26,36.28192784826905,48.14100408354193,43.93731141359939,50.32898247277806,27.173906051924224,69.96595873281676,43.18990244700227,177.0,1.6033499999999998,0.9058474576271186
2023,68130,68130,김영준,Right,16,16,16,58.43068427522806,75.41021629683877,72.39463271184968,82.3478136971644,44.87676768827012,90.0,45.12323231172988,185.0,1.8514599999999999,1.0007891891891891
2023,68159,68159,성동현,Right,20,20,20,44.667879081647015,54.902960525022735,51.96550302078733,57.59219281883699,28.468018990956697,80.40222986673693,51.3651104621047,189.0,1.79602,0.9502751322751323
2023,68200,68200,김민규,Right,153,153,153,35.157071422963824,46.13773348113021,38.78048434322681,52.64076784124891,20.553803957806775,74.35386078828795,53.879713611806075,183.0,1.55742,0.8510491803278688
2023,68220,68220,곽빈,Right,2003,1998,1998,38.399294114554564,47.21973396927983,37.70753136197106,62.63387421742092,23.031714536219326,73.0620585512749,49.45449662024913,187.0,1.62751,0.8703262032085561
2023,68242,68242,정철원,Right,1127,1119,1119,68.17554359950456,83.48279543025961,74.60225275089489,88.79617331924852,53.260761390820555,90.0,36.739238609179445,192.0,1.70996,0.8906041666666666
2023,68249,68249,박신지,Right,418,418,418,34.429128984540405,40.71059639916591,36.77909959769929,45.61208598719562,23.25801769754383,59.817371806013654,36.81221706534651,185.0,1.56631,0.8466540540540539
2023,68269,68269,김호준,Left,59,59,59,34.469800880133505,44.824996546585446,39.74808875928014,51.514487554118034,23.92886687774184,68.66286151456313,45.11241894631612,180.0,1.65066,0.9170333333333334
2023,68341,68341,안우진,Right,2243,2242,2242,65.10007157221101,84.21994906819006,74.78030785456768,88.84565174655805,45.850857789123936,90.0,44.149142210876064,192.0,1.605735,0.8363203125
2023,68415,68415,양창섭,Right,519,518,518,42.07735692545674,53.865720388083915,46.3481525247968,64.88274988334484,29.891639270116567,77.85696333555677,47.14819842520774,182.0,1.654335,0.9089752747252746
2023,68419,68419,최지명,Left,939,935,935,35.64093894322622,41.684300261747595,37.73183344513622,46.03271092572136,24.4397137272989,60.78284374315107,36.3313031450306,186.0,1.61699,0.8693494623655913
2023,68501,68501,최하늘,Right,150,150,150,2.7758397386895464,-3.55083853335733,-14.493485014626513,8.334770172216155,-29.543644909558964,16.991505546885932,46.90804449109103,190.0,1.677365,0.8828236842105264
2023,68556,68556,정성종,Right,328,328,328,29.978018845503485,38.42801246407156,32.6366484221385,45.8938980597924,18.851483664412754,61.740364016381136,42.88380262264266,181.0,1.59483,0.881121546961326
2023,68585,68585,김도규,Right,534,534,534,69.75715781710258,84.52638013759714,74.01769448427537,88.93787904696474,58.32064153565729,90.0,31.679358464342716,192.0,1.85042,0.9637604166666667
2023,68619,68619,윤중현,Right,205,205,205,-5.302827946550794,-6.16727432748601,-15.779968286484127,-1.3634146877681486,-21.25810092346081,3.265856030070705,24.62957119883505,180.0,1.8449849999999999,1.0249916666666667
2023,68639,68639,하준영,Left,814,814,814,31.132249558761806,38.61405890972036,33.51745713762311,43.42551699840557,20.280353450236323,59.708533179121254,39.475973050311055,182.0,1.667875,0.9164148351648351
2023,68659,68659,김유신,Left,262,262,262,45.73997884621285,56.41508508947177,51.39046821074207,61.2221142349454,31.29799241950485,79.80080787591459,48.00781800519114,187.0,1.8096999999999999,0.9677540106951871
2023,68830,68830,김정우,Right,148,148,148,20.46281286518883,24.217250832948928,20.39857585002049,27.517182860001856,9.583335307251502,43.113112939353464,33.296391601397225,183.0,1.69153,0.9243333333333332
2023,68848,68848,조성훈,Right,137,137,137,58.574347349392944,76.51646366587727,70.93912722792764,87.87150521172153,41.36473115846758,90.0,48.63526884153242,188.0,1.78727,0.9506755319148936
2023,68856,68856,최민준,Right,1030,1026,1026,40.364123977881476,52.68458222110044,47.34936606841272,57.1057411135812,30.858191824560897,74.47826041526581,43.512226942309205,178.0,1.714035,0.962941011235955
2023,68896,68896,이채호,Right,375,375,375,-33.811510191483016,-43.538897084956176,-50.478604226414085,-39.4659473456763,-62.50353214133642,-27.84137988799282,33.903675728111764,185.0,1.77832,0.961254054054054
2023,68900,68900,김영규,Left,995,993,993,42.878199585981754,50.76049314295085,42.36794350196272,59.25899191187075,29.859024201584692,71.70898795835136,41.67755277031058,188.0,1.71487,0.9121648936170212
2023,68902,68902,신민혁,Right,2277,2275,2275,54.628629339081016,71.51983980133038,48.10738177998144,86.89233494595602,37.13161411983516,90.0,48.92992432591312,184.0,1.65716,0.9006304347826086
2023,68928,68928,김시훈,Right,967,967,967,51.41439750081536,63.25616826387701,58.0022457136606,68.88824195942526,37.641602642976906,85.29341776029435,47.197661761628545,188.0,1.79166,0.9530106382978724
2023,69041,69041,손동현,Right,1194,1191,1191,39.777752712102945,54.89160103464528,48.28255935131288,66.96665346186235,22.888575561855653,86.66015219150336,61.83611227149035,183.0,1.87251,1.0232295081967213
2023,69047,69047,전용주,Left,133,133,133,37.68183011268249,46.064237570248885,41.69098178679752,49.78606816277636,21.110508634476098,73.08610601773074,52.06811548783172,188.0,1.77122,0.9421382978723405
2023,69054,69054,이상동,Right,744,736,736,41.1696295150733,51.701102373602716,43.80244927624935,57.88183587029823,30.695463126475783,72.8511521492478,42.45531980296495,181.0,1.814035,1.002229281767956
2023,69068,69068,이선우,Right,584,584,584,-14.23861288205489,-20.14303812027663,-23.164246317576236,-16.507412076613477,-37.38421940567762,-8.825450277564315,28.778617178963206,186.0,1.93676,1.041268817204301
2023,69108,69108,이지강,Right,1065,1065,1065,49.947690628098826,69.97813847038864,60.64273128699636,80.57985740344523,32.20481445405582,90.0,57.7374694104013,183.0,1.87105,1.022431693989071
2023,69134,69134,이정용,Right,1419,1416,1416,54.16463016523595,67.55075098811098,61.54252940257491,72.90255597722805,41.24578706114066,88.67111998065289,46.09170704229017,186.0,1.62012,0.8710322580645161
2023,69159,69159,정우영,Right,928,923,923,-1.8351633739861288,-9.432801730209784,-13.884795924254396,-6.116501643120108,-28.856344753058185,2.0135175420765243,32.20658844652292,193.0,1.72719,0.8949170984455959
2023,69168,69168,이상영,Left,208,208,208,26.055611354744073,26.37863460771751,15.454909602169032,43.27804912115307,11.81892898025491,44.541369458665955,32.94919343528775,193.0,1.92231,0.9960155440414509
2023,69213,69213,윤산흠,Right,83,83,83,48.91126951380081,72.3795833370325,63.18718492835825,80.23700586533687,32.72105321383951,90.0,57.27894678616049,178.0,1.75139,0.9839269662921348
2023,69360,69360,조영건,Right,101,101,101,28.694668759438127,37.256145649516306,33.452064109619194,42.28974441886072,18.318749924600784,59.975425387599806,41.87759521117955,180.0,1.79502,0.9972333333333333
2023,69399,69399,윤정현,Left,103,103,103,32.46432069791651,37.602924357035775,33.21166095907574,43.14542782015039,21.372342885466374,55.96665217243301,34.4274940735838,186.0,1.61409,0.8677903225806451
2023,69446,69446,원태인,Right,2104,2102,2102,42.078597944578206,55.21497367303317,47.062162406420086,62.743207527294985,27.78255915926808,81.66911533892934,53.656182845896275,183.0,1.782085,0.9738169398907104
2023,69507,69507,박영완,Right,13,13,13,43.53192918259103,56.8543762738031,52.0630113229479,62.01183683479467,29.20567069915879,82.73558979988837,53.353743110053415,183.0,2.02845,1.1084426229508195
2023,69594,69594,박진,Right,113,113,113,71.4443163504364,83.91442152714995,77.83738311478501,88.64812056887287,47.98687984324076,90.0,42.01312015675924,182.0,1.68749,0.9271923076923076
2023,69620,69620,김기훈,Left,327,323,323,44.581659428670235,54.92494345550276,49.74535023267269,60.251321122309996,32.80235342275961,76.59693482355546,43.68679122740858,184.0,1.68511,0.9158206521739131
2023,69645,69645,장유호,Right,44,44,44,39.574275134408424,52.31706928149244,46.14363124892276,56.911329330051935,28.798301765945425,76.2616679068191,47.25249461740951,179.0,1.567945,0.8759469273743017
2023,69762,69762,박윤철,Right,81,81,81,40.220950600215296,51.23171622300095,45.75391974224785,57.32486816419828,23.951359056710736,79.31152348716984,55.066415352614015,186.0,1.90389,1.0235967741935483
2023,69803,69803,서상준,Right,55,55,55,39.68361214135445,43.775121809613346,41.01678339622994,46.71047733358442,26.466231411851226,61.883096388890934,35.62171256858696,193.0,1.86099,0.9642435233160621
2023,69839,69839,백승건,Left,583,583,583,40.990179897874896,54.24829229210916,46.31954746311703,63.18442063148994,26.13339000641906,82.46196328379098,55.59276253264087,183.0,1.66771,0.9113169398907104
2023,69962,69962,송명기,Right,1846,1846,1846,10.934453774727015,8.453460745886947,4.870216227337114,12.437799878263741,-2.1155094097039377,21.55985085186723,24.283603678524614,191.0,1.8849200000000002,0.9868691099476441
2023,69969,69969,전사민,Right,238,235,235,39.715061941385635,43.81017467336173,38.628294476746596,48.15698233424788,24.740599653876444,64.36509822922238,39.025857628398924,194.0,1.79474,0.9251237113402062
2023,69974,69974,배민서,Right,127,127,127,28.396048112116578,37.692562932355266,28.510853820342152,48.7695919943601,11.44858435189681,72.657969176643,60.16979508248353,184.0,1.71409,0.931570652173913
2023,69991,69991,하준수,Right,33,33,33,65.59251059683068,85.04743398153558,81.05979405200009,88.14634389596998,49.89337948591532,90.0,40.10662051408468,189.0,1.70752,0.9034497354497355
2023,72523,72523,고효준,Left,1194,1194,1194,38.11868372907567,51.067528314258595,43.8007999115687,60.05828228279576,26.925424078784744,75.93905134437028,49.25706355175132,179.0,1.573825,0.879231843575419
2023,73117,73117,우규민,Right,615,615,615,-15.140608929181804,-19.336287500180685,-24.543975380009897,-14.782630549870289,-32.796914732341186,-9.957949989830784,22.96009517382324,184.0,1.60153,0.8703967391304347
2023,73211,73211,노경은,Right,1358,1343,1343,56.71527787015384,70.422221076906,60.27848868332773,81.54160794871486,43.80320731370583,90.0,45.37731295933109,187.0,1.68174,0.899326203208556
2023,73801,73801,송은범,Right,54,54,54,38.58172725765502,47.59917821425876,43.18444332931041,53.41282171040717,28.04904525210685,68.25893578235943,40.025644754435845,182.0,1.4933,0.8204945054945054
2023,74513,74513,장원준,Left,689,689,689,34.447688560164345,43.3063983875851,37.984081485536294,50.67440338919165,20.687256112956103,69.09168500613468,48.143568200525465,184.0,1.55506,0.8451413043478261
2023,74857,74857,정우람,Left,704,704,704,29.45848927615676,37.126470194575376,33.29250292277188,43.21072980362175,18.83820357321072,58.88992764070147,39.66559916671828,181.0,1.5647,0.864475138121547
2023,75421,75421,오승환,Right,916,912,912,24.606768502598143,31.6240856148778,25.90333361323285,36.849395870683765,16.583319962660507,49.88269520699224,33.294256194179454,178.0,1.6409349999999998,0.9218735955056179
2023,75867,75867,김진성,Right,1071,1071,1071,86.98874172534006,76.44787751713912,72.51706691329291,80.42929974570738,54.17735507200993,90.0,35.822293217797636,186.0,1.49145,0.8018548387096773
2023,76118,76118,원종현,Right,297,293,293,18.30948104061063,24.61916210770727,17.555207477401805,38.59758598757853,2.9178250265827534,59.57820119375727,56.4793485709121,182.0,1.82737,1.0040494505494504
2023,76225,76225,김건국,Right,178,178,178,60.94946396763463,77.24001652978941,71.77197589610535,83.11401040473837,49.65931594455342,90.0,40.34068405544658,183.0,1.5551249999999999,0.8497950819672131
2023,76430,76430,김상수,Right,785,784,0,30.486664255098756,,,,,,,,1.56683,
2023,76650,76650,진해수,Left,284,284,284,46.45406810158106,55.02932374477368,51.47531861848866,60.60657429085909,35.07975893520983,73.99841443550335,38.855268135711086,187.0,1.475835,0.789216577540107
2023,77211,77211,이용찬,Right,1028,1019,1019,29.12313110048139,34.879992874631895,30.178702933409404,40.464314324118945,16.21325096871688,57.50637634832433,40.94578495356182,185.0,1.84651,0.9981135135135135
2023,77263,77263,김강률,Right,473,473,473,64.23449951147069,82.85326382539397,77.1278398639466,88.01728747646105,50.52460877382226,90.0,39.47539122617774,187.0,1.91873,1.0260588235294117
2023,77318,77318,장시환,Right,552,548,548,35.78387888531708,44.70653086729777,38.589991168528755,54.134975898100365,22.35653600165697,69.17619935096212,46.98465440769786,184.0,1.74687,0.9493858695652173
2023,77446,77446,백정현,Left,1518,1510,1510,41.35586010803641,52.54789415533021,48.50765331186841,57.100611636679176,27.501553970444412,77.63568497903842,50.14540752067738,184.0,1.88235,1.023016304347826
2023,77637,77637,양현종,Left,1141,1140,1140,38.58642220891062,47.126569459525356,43.528665320555156,50.7470485401828,27.956406040886822,67.28845244097087,39.455405079057876,183.0,1.85162,1.0118142076502732
2023,77829,77829,김광현,Left,2684,2683,2683,45.17454006699278,57.42874003922926,52.25388141301379,64.26637686396332,27.515308334364097,85.44804454389383,57.21440473561243,188.0,1.86048,0.9896170212765958
2023,77927,77927,장필준,Right,249,249,249,44.24028142097999,52.018947444954435,46.05709423006511,58.32275006608619,29.969173341704277,73.76146971584478,43.73498827570845,190.0,1.72059,0.9055736842105264
2023,78148,78148,정찬헌,Right,927,921,921,52.54912051852626,68.25726017547143,60.2818889950223,76.57654149494272,36.593404560366245,90.0,53.1788034096513,186.0,1.57223,0.8452849462365591
2023,78352,78352,임창민,Right,791,782,782,32.3704903077182,38.93856131589969,35.10935521408361,44.50564919527992,22.136974719806403,57.95944265766951,35.8443917376311,183.0,1.5525099999999998,0.8483661202185792
2023,78517,78517,하준호,Left,235,230,230,31.36540224842545,45.800274120332915,41.25007799180562,64.69903200611682,22.85776713617141,71.86610839882437,49.921273762718286,174.0,1.637615,0.9411580459770115
2023,79140,79140,최동환,Right,673,670,670,48.107848229722464,60.113078850471524,54.36905201213471,69.92185846655232,35.86897766527122,82.20360735367555,46.13836897172454,184.0,1.78231,0.9686467391304348
2023,79764,79764,장민재,Right,1021,1013,1013,36.60093180113227,44.30971133979708,39.45880732959171,49.747454537037854,25.289890799425912,64.9262421666037,39.60278241943951,184.0,1.71583,0.9325163043478261
2024,50030,50030,소형준,Right,205,205,205,38.43929476048971,48.19845454650831,44.65110559073299,53.3599422875497,18.58782567627344,80.02635054614726,61.406823099097934,189.0,1.89015,1.0000793650793651
2024,50106,50106,유영찬,Right,1156,1147,1147,39.72712551050204,49.564058893388996,44.60596512793322,54.57054601595472,25.83530507561351,74.16313045868282,48.68928925758274,185.0,1.751905,0.9469756756756756
2024,50109,50109,성재헌,Left,572,563,563,26.2464693784916,37.4053200576462,32.731939546330985,41.68056536906261,18.049932094369797,61.01282175053485,42.399041435505374,175.0,1.61376,0.9221485714285714
2024,50157,50157,김윤식,Left,61,60,60,47.392727970486845,60.81028906954727,48.840061975054425,65.64527527318657,35.88214870541991,82.69235932622692,47.2119778978543,181.0,1.48049,0.8179502762430939
2024,50203,50203,권휘,Right,187,187,187,50.00209393842889,67.36221991017521,55.919132997506566,76.59997157585859,36.11971436767431,90.0,52.122394444640314,181.0,1.61252,0.8908950276243094
2024,50206,50206,최종인,Right,167,167,167,41.07410807511479,50.46787432281468,40.60405616392633,62.75660947714633,28.363239006804072,73.3292071330148,45.08210841592395,185.0,1.56877,0.8479837837837837
2024,50354,50354,이종민,Left,762,753,753,44.18182237672293,53.42315970381699,49.11721778885626,58.372978642380566,32.95615804579822,73.54424648410836,40.31939146932423,185.0,1.73421,0.9374108108108108
2024,50360,50360,김동혁,Right,403,403,403,5.104638296315207,4.245587276671623,-5.595144274396195,13.330537446658584,-17.8562736979248,27.03662625555851,42.33550074424116,184.0,1.79661,0.9764184782608696
2024,50393,50393,김동욱,Right,519,518,518,33.21503389154353,44.42635732984415,38.012678861813434,50.15280797203256,23.480150475629127,67.80953306377133,44.17390561984405,178.0,1.55218,0.8720112359550563
2024,50430,50430,홍원표,Right,112,112,112,27.994412169888143,34.66829207836048,29.653393337994956,41.08480412262613,15.701574150021312,58.069508815818395,41.80445342189534,183.0,1.51846,0.82975956284153
2024,50441,50441,황동재,Right,730,730,730,36.907285468859016,43.510509696600266,38.02487669436596,49.24213930974579,17.730084203421868,72.54663452560061,54.7073928836641,191.0,1.686465,0.8829659685863874
2024,50464,50464,이승민,Left,700,700,700,42.952015878565405,62.832462934806806,56.288040253777105,69.00794344213794,32.754366322605634,89.25290285280991,55.00832240850342,174.0,1.5118900000000002,0.8689022988505748
2024,50556,50556,최준용,Right,422,418,418,21.738539943353487,24.652677319761793,20.623428588146954,36.06281461736316,10.926803385977857,41.970434996123785,31.067949283614944,185.0,1.925185,1.0406405405405406
2024,50596,50596,홍민기,Left,99,99,99,29.098268912393603,33.357259683221876,29.947413989646684,41.260895117565205,18.952720368166084,49.76227754814884,30.435071695599433,185.0,1.77788,0.9610162162162161
2024,50604,50604,유지성,Left,11,11,11,24.54851221137231,27.37836540359543,15.190084602385175,29.411643080858806,6.014337240761545,58.023378299043756,50.94534574542416,189.0,1.89129,1.0006825396825396
2024,50662,50662,정해영,Right,402,385,385,50.24806123644742,59.61195867305083,54.73561662102494,63.96641188562686,37.79468414008786,79.3564164192157,41.303181307036915,189.0,1.95574,1.0347830687830688
2024,50711,50711,김승일,Right,54,54,54,-9.261287238027343,-12.67961566546839,-21.145247722115066,-7.853385286242382,-29.806797146684918,-2.62405896155709,28.458147315790345,183.0,1.592665,0.8703087431693989
2024,50720,50720,남지민,Right,32,32,32,67.04447662227604,86.56460231774676,79.78397805487235,89.62585610985313,56.49538642261156,90.0,33.50461357738844,181.0,1.8125550000000001,1.0014116022099446
2024,50726,50726,한승주,Right,417,417,417,48.44539211062409,60.97532058249376,50.76151024049239,77.98255896307714,36.38954055933238,83.24153732108022,43.6648566532868,183.0,1.59269,0.8703224043715846
2024,50812,50812,박시후,Left,259,259,259,57.89787182705533,75.15532948049503,68.0661676748087,85.17065601769205,45.5947194011084,90.0,44.4052805988916,182.0,1.75291,0.9631373626373626
2024,50859,50859,오원석,Left,2179,2173,2173,23.9838847154134,28.79067604959055,25.413438766397682,32.94782723914899,14.443632787917851,46.298866012625936,31.711535271949245,182.0,1.7925,0.9848901098901098
2024,50904,50904,이종준,Right,510,510,510,23.17327757190538,23.80118827318317,15.861692515555687,37.67968300944428,6.64081687337158,48.72638370024603,43.609388437702705,191.0,1.890785,0.9899397905759162
2024,51058,51058,한차현,Right,429,428,428,41.70155009213444,54.66458812773254,46.47770255753615,63.337018957427496,30.428133195732048,78.48178095653422,47.7332235017838,180.0,1.7263,0.9590555555555556
2024,51097,51097,김영현,Right,140,140,140,50.87375748615842,71.19462336698251,45.852870556918155,82.69513620422315,39.02163639345825,90.0,44.00425977258657,177.0,1.67292,0.9451525423728814
2024,51110,51110,이믿음,Right,96,96,96,3.5170532953043665,-1.7943119907579956,-13.005916902403161,3.0045872750442157,-32.73365697845415,23.26203995186644,54.44372744370223,188.0,1.633285,0.8687686170212767
2024,51143,51143,강효종,Right,33,33,33,38.40520071666249,48.22194403596164,45.74326338597967,53.32949916627604,27.184588526052714,71.11291020985563,44.69915926877924,182.0,1.45812,0.8011648351648352
2024,51154,51154,김진수,Right,168,168,168,44.67743649544482,62.13173542942134,53.30930052799823,69.20393501374689,31.591040904110876,88.83802273352615,55.938358474787364,179.0,1.571565,0.8779692737430167
2024,51230,51230,김동주,Right,862,861,861,36.066378997774606,40.25272482465589,35.05978093167429,52.31796916163508,23.916567706623912,58.17535211539093,34.28771986056701,190.0,1.7392,0.9153684210526316
2024,51264,51264,최승용,Left,477,477,477,35.280573180248005,40.514540229880595,35.77941112979451,44.91462292217069,19.705447317474725,63.9411468809943,44.16655414842648,190.0,1.62584,0.8557052631578947
2024,51294,51294,김도윤,Right,44,44,44,-31.057079258884094,-37.43320376756235,-44.93720187388231,-32.68167086082516,-54.374424603615104,-24.225470410549626,30.207601114841864,181.0,1.48799,0.8220939226519337
2024,51454,51454,이승현,Left,1574,1573,1573,39.59968249628568,47.27900173971165,43.90549227621908,50.748012765534405,30.13311687280506,65.10920460088889,34.73634581903391,183.0,1.552,0.848087431693989
2024,51516,51516,김진욱,Left,1440,1440,1440,45.69128109256273,57.11988098949875,49.94108050112023,65.0512293385235,32.297599110416385,80.61201181034531,47.875843195871845,185.0,1.688885,0.9129108108108107
2024,51526,51526,우강훈,Right,225,225,225,-5.3682007358709445,-8.558015036412963,-15.1177258250408,-4.179119224017907,-29.957086288512876,4.479187386978275,34.04083521897232,183.0,1.65206,0.9027650273224044
2024,51546,51546,정우준,Right,145,145,145,13.638416941469238,16.949563841479883,12.183153879722896,22.21222136814831,5.457355173111649,31.888951801537374,26.718020773161953,180.0,1.60177,0.8898722222222222
2024,51594,51594,송재영,Left,162,162,162,57.18066764078892,74.33606371535745,67.54951615392532,81.16822850409076,45.794686896760425,90.0,44.205313103239575,181.0,1.81155,1.0008563535911603
2024,51648,51648,이의리,Left,233,233,233,34.25152572044639,40.779265287002865,35.1543567615127,46.57348632485512,22.643315382422674,61.35419975596776,38.91207033960822,185.0,1.6231,0.8773513513513513
2024,51713,51713,김규연,Right,962,960,960,44.87177673851302,58.855765037826025,49.68783978726565,69.70947270907114,30.658750784737027,84.6585063224376,53.108033265074354,183.0,1.66558,0.9101530054644809
2024,51715,51715,김기중,Left,1024,1024,1024,46.69378974807928,58.16104658737504,48.72704525568875,70.52400608914122,32.8468667831623,81.55280037326887,48.08960871046136,186.0,1.75394,0.9429784946236559
2024,518852,69343,요키시,Left,647,647,647,32.53530372504801,37.2495763615382,33.55874853481979,41.70689895868436,19.279356740913833,58.14781862168544,38.864178896273046,188.0,1.68764,0.8976808510638299
2024,51895,51895,장지훈,Right,343,343,343,12.524327043074072,17.060993716175254,14.066075439141805,21.006498526062014,5.495497361746339,32.43362207636448,26.914683244739944,177.0,1.37327,0.7758587570621469
2024,51897,51897,조병현,Right,1214,1205,1205,55.82853953054696,68.00673763533797,62.76316709274492,72.43808279970692,47.01377068005371,85.88050203898428,38.71459070007131,182.0,1.61639,0.8881263736263736
2024,51948,51948,이용준,Right,525,525,525,43.91455042503792,54.992626160223026,50.82235955984309,59.86629368206005,34.62999089120233,74.86455588825801,40.04719897018961,180.0,1.55894,0.8660777777777777
2024,51994,51994,한재승,Right,775,775,775,44.51148446086087,57.85175648149504,50.726341682442815,65.28147944695156,33.61820699877538,80.67709311948664,46.78427135314141,180.0,1.63227,0.9068166666666667
2024,52060,52060,박영현,Right,1275,1273,1273,29.247307995327873,40.230646239938544,30.587462373029332,50.15578614765964,11.475267483874987,76.33400444341991,63.871079259878265,183.0,1.88631,1.0307704918032785
2024,52204,52204,이병헌,Left,1067,1067,1067,25.3174867491408,31.17446369372165,24.046384444276075,41.22315541515018,13.119840838450877,54.99950394629531,41.864928890109844,183.0,1.7502,0.9563934426229508
2024,52206,52206,최지강,Right,839,835,835,29.705725847328686,41.25881573920844,33.901329871682805,50.0864922185113,16.4941555672688,70.7559813512256,54.31705501265995,180.0,1.47901,0.8216722222222221
2024,52330,52330,주승우,Right,778,759,759,42.78074326297908,54.846030817983944,46.184831671688464,63.42324740837205,32.54677474408221,76.5536281876091,43.38302878091678,180.0,1.7208999999999999,0.9560555555555555
2024,52395,52395,윤석원,Left,321,321,321,51.764914757730445,65.5849113214389,59.83848976333657,72.68413560415986,38.51961628470671,88.17048110733762,48.49389434060021,185.0,1.70094,0.9194270270270269
2024,52397,52397,이명종,Right,190,186,186,41.35414040903581,57.36096008995286,51.40842963581262,66.41742214473314,27.311387367142647,85.83854791879678,57.24459940235852,180.0,1.78892,0.9938444444444444
2024,52530,52530,이민석,Right,620,617,617,45.79310707150291,54.97995810493551,41.33370990866852,61.165399802682366,31.354392883967794,77.51792795702525,45.408437739657046,189.0,1.69266,0.8955873015873017
2024,52558,52558,진승현,Right,109,108,108,46.68200867263874,63.46548022296636,54.1406865742647,80.11790488044447,30.637666774327755,90.0,57.02422331183979,184.0,1.8486699999999998,1.004711956521739
2024,52639,52639,최지민,Left,494,494,494,25.156069209067724,30.186086293374224,23.935671226682008,36.30444873444062,11.307392643621272,55.195673914632785,43.7754052750767,185.0,1.700275,0.9190675675675675
2024,52641,52641,황동하,Right,1107,1106,1106,45.27437849519431,60.22218435521337,52.509138136249405,69.16535721344442,29.96932767181837,87.11535729980693,55.99913268718845,183.0,1.551925,0.8480464480874317
2024,52701,52701,문동주,Right,1715,1713,1713,61.67786657876509,77.39589624583384,58.99943596418819,87.4665978724379,48.71331903533372,90.0,41.11810504559886,188.0,1.71628,0.9129148936170213
2024,52868,52868,이기순,Left,423,422,422,32.36162030441219,46.75953482477928,41.75591983752615,51.80515142821226,23.75172760179283,71.94102648506004,47.85163627007809,174.0,1.8718949999999999,1.0758017241379312
2024,52873,52873,신헌민,Right,53,53,53,59.28410149517792,77.62608077723635,72.33605131605347,86.05012048414376,42.22089035476952,90.0,47.77910964523048,187.0,1.75615,0.9391176470588235
2024,53006,53006,강건,Right,99,99,99,48.59958255740631,61.69546555965255,54.80508727605172,83.75800095968226,36.3856910319846,84.76396353476893,46.44757700917506,183.0,1.4604,0.7980327868852458
2024,53139,53139,박명근,Right,439,439,439,-2.73779299249566,0.06209115502503709,-8.549967634136149,9.533262845678811,-12.77964335247234,11.057983544154895,23.81165969859198,174.0,1.87713,1.078810344827586
2024,53164,53164,김동규,Right,15,15,15,60.319231344996446,74.63595273922977,67.18180512329464,81.0839070853206,43.58482257209189,90.0,46.41517742790811,194.0,1.88889,0.9736546391752577
2024,53259,53259,최준호,Right,1136,1135,1135,44.70946694481997,55.883535818238855,48.02458064163041,66.14794215499796,27.96322105505213,82.38780694354672,53.73521865633236,188.0,1.62875,0.8663563829787234
2024,53262,53262,김유성,Right,599,599,599,38.768155633176974,44.37997224872926,39.117809123789364,51.16172508351925,25.1269206388554,64.9533775208501,39.624509426548116,190.0,1.64773,0.8672263157894737
2024,53301,53301,박윤성,Right,275,275,275,30.032038170275857,38.52113983769758,31.893590938841665,43.89571878250051,16.049124644812448,65.95540974344085,49.77721218913015,183.0,1.85794,1.0152677595628414
2024,53455,53455,이호성,Right,877,876,876,44.593252405851786,58.896397086906845,42.42599545566923,72.02102489460543,28.919987140728196,86.20479350059486,53.12092104807138,184.0,1.67347,0.9094945652173911
2024,53609,53609,곽도규,Left,462,462,462,10.405060753369746,10.54755371910541,4.889932414037495,14.509953728617038,-0.15108210030129332,25.295089597820002,25.936372909286273,185.0,1.8495149999999998,0.9997378378378378
2024,53613,53613,윤영철,Left,861,859,859,41.57068437888449,49.32730016208453,44.68437066817434,53.699785751749324,29.127878873985527,69.89524638194106,40.79568983198404,187.0,1.70496,0.9117433155080213
2024,53754,53754,김서현,Right,666,665,665,22.245362624939325,24.056278644872204,12.78132568261971,35.56962986203268,8.330626545148505,45.116356185333885,36.43558640733325,188.0,1.74694,0.9292234042553191
2024,53892,53892,이로운,Right,1034,1026,1026,68.49703740072854,82.54712835838905,72.25622454988545,88.76742757906297,45.91551431300553,90.0,44.08448568699447,185.0,1.7367949999999999,0.9388081081081081
2024,53898,53898,송영진,Right,1579,1578,1578,44.51737553987585,57.07980503392821,50.64222456902758,65.47052751247804,29.522362007588384,83.04800796771971,53.246581688403516,185.0,1.82046,0.9840324324324323
2024,53919,53919,신영우,Right,200,200,200,39.99625398026933,51.78754691231684,39.119432980302655,60.46293274447368,27.08917106293945,76.80594133230178,50.15100643644307,182.0,1.60673,0.8828186813186814
2024,53973,53973,목지훈,Right,215,215,215,28.76322793073359,35.59911026465025,31.799082651332277,39.123263560082975,18.960313209228367,54.90476122915819,36.099461461129465,181.0,1.7055,0.9422651933701657
2024,53996,53996,이준호,Right,910,910,910,57.09423832885618,75.23117690884428,65.60601853559103,83.30508524651574,45.043427268958126,90.0,43.88867355599659,181.0,1.717665,0.9489861878453039
2024,54063,54063,원상현,Right,1157,1156,1156,29.900379290083468,39.53569368340566,27.741760106848844,49.080407850160405,14.671284190485782,70.55346137562594,54.71330819145926,183.0,1.72089,0.9403770491803278
2024,54064,54064,육청명,Right,692,686,686,56.71248132375827,70.65285780517706,63.75860378474876,77.64601690567622,44.312544009680074,90.0,44.97662080921548,186.0,1.6348449999999999,0.8789489247311828
2024,54149,54149,정지헌,Right,272,272,272,-4.329786601143912,-5.700524948206717,-19.123191084708793,0.7075407414951247,-41.88272774505859,20.949285959765422,60.09571987794999,180.0,1.6434449999999998,0.913025
2024,54213,54213,박지호,Left,16,16,16,49.40873648524269,65.72886053563373,59.768689155558576,67.82093569969857,36.48444394927343,90.0,53.346579410175735,181.0,1.706395,0.9427596685082873
2024,54263,54263,김택연,Right,1117,1107,1107,37.94952626680151,48.41825669750995,45.199086950157195,52.83930577303007,26.822554894558046,71.3091798661693,44.68331772874306,181.0,1.68507,0.9309779005524862
2024,54304,54304,박범준,Right,87,87,87,34.23601957030509,44.51478748365821,40.101976620117405,52.865010133030054,20.0090325111024,71.78570135525342,51.711993329200155,183.0,2.12089,1.1589562841530054
2024,54319,54319,김윤하,Right,1182,1182,1182,45.775522127328486,58.63669699612676,38.17796953226821,64.47973752905175,30.951380508605332,83.90376601176773,51.41288626973814,185.0,1.7062849999999998,0.9223162162162162
2024,543391,69103,켈리,Right,1708,1705,1705,61.28348631501234,73.36940394558974,53.910334349625685,78.11226814632653,49.69182277713555,90.0,38.44070797929177,191.0,1.4627,0.7658115183246073
2024,54362,54362,전준표,Right,526,526,526,33.05952056122749,40.574822016859315,31.192978343171525,68.9167396198749,16.67593925469218,67.0095505448647,49.38679876856318,186.0,1.84917,0.9941774193548387
2024,54363,54363,손현기,Left,250,250,250,34.782787979696494,39.53431812474426,35.31806181229633,43.22521678305723,22.886957393460804,57.59580715385646,34.980543324332615,188.0,1.832735,0.9748590425531916
2024,54368,54368,김연주,Right,514,509,509,30.838113675123935,49.425376799567154,40.66359884990561,61.74876016237558,19.17828373708728,81.96257483323608,61.939150547495935,175.0,1.80501,1.0314342857142857
2024,54404,54404,육선엽,Right,322,322,322,65.37945411595491,81.37726375150928,68.40862254105623,88.34217560681557,52.87730869946604,90.0,37.12269130053396,190.0,1.7151550000000002,0.9027131578947369
2024,54503,54503,박준우,Right,11,11,11,54.940953535585585,68.70999030349812,63.79302532523841,71.49423404539316,38.14061334515143,90.0,51.85938665484857,190.0,1.83472,0.9656421052631579
2024,54537,54537,정현수,Left,420,420,420,42.67598209580058,56.45655363771872,50.598331397279495,62.66375077367757,31.244577919783037,81.14882234414793,50.468860566596135,180.0,1.501595,0.8342194444444444
2024,54561,54561,전미르,Right,586,581,581,52.764893614994406,67.05864548667067,57.7720039599528,75.89564569507581,37.514329861195456,90.0,51.20785045302674,187.0,1.69211,0.9048716577540107
2024,54608,54608,김민재,Right,74,74,74,25.1851724831796,27.579553139190338,22.941281482578482,31.044655225303185,12.456715938293033,46.769684160390995,34.17841962497559,188.0,1.550615,0.8247952127659575
2024,54645,54645,김민주,Right,19,19,19,-3.4892899074332213,-4.700815596943565,-5.824465729830977,-2.442791887249891,-15.441455654283706,3.1199928412122455,18.462702910838683,182.0,1.86106,1.0225604395604395
2024,54729,54729,황준서,Left,1294,1293,1293,34.77936832116745,43.102257731446485,37.468418949816424,56.91268312234019,20.72952201841583,68.80175003620299,48.24785499128183,185.0,1.87485,1.0134324324324324
2024,54768,54768,조동욱,Left,754,754,754,31.65239387405621,34.84190055577417,29.952271125480774,39.54084364273564,18.53831760772254,53.8391692822902,35.031747616849856,190.0,1.591015,0.8373763157894738
2024,547943,76715,류현진,Left,2394,2381,2381,38.19955154743278,44.37571821506893,37.319463221099895,52.35929338467158,23.04565133880075,67.58779959411837,43.95238458612207,190.0,1.78764,0.9408631578947368
2024,54803,54803,최현석,Right,48,48,48,54.742340988027166,78.59368697105882,66.22199806714305,85.54938300371882,33.58866281446979,90.0,56.41133718553021,185.0,1.64492,0.8891459459459459
2024,54807,54807,박성빈,Right,15,15,15,-3.7373816008228062,-10.101442089276883,-13.188780312160892,-5.611760639902337,-37.15885551059374,6.844604903241978,44.36404180030965,187.0,2.13639,1.1424545454545454
2024,54843,54843,시라카와,Right,955,954,954,63.2340593757543,80.48916077167058,70.44942691956653,86.87016947193517,53.61922124626943,90.0,36.38077875373057,180.0,1.56125,0.867361111111111
2024,54900,54900,임상현,Right,667,667,667,23.94715047612713,29.269257182233765,23.465575696245725,37.10455251583885,10.846565232567599,53.80076016416061,43.39323645051826,184.0,1.82379,0.9911902173913043
2024,54903,54903,최우석,Right,139,139,139,25.96735557885983,28.526508983624808,24.14365459074854,33.5581164937169,7.583254769275255,57.22511208666084,49.0968666447743,190.0,1.77548,0.9344631578947369
2024,54904,54904,손주환,Right,29,29,29,53.58553934846884,69.33759083404728,64.22516298336572,77.60735863359639,44.108557523273554,90.0,45.1872278395838,177.0,1.66115,0.938502824858757
2024,54913,54913,김민규,Right,85,85,85,-7.07875411003194,-10.085391827261235,-12.690261328137847,-7.408528251233543,-26.73165921061198,-0.2508751356901695,26.611446682453085,183.0,1.90422,1.0405573770491803
2024,570240,52720,페냐,Right,702,702,702,39.512898078837374,45.52023219883485,40.8360740176197,50.15255127923373,27.860324814466566,64.04206307844373,35.95177759810758,188.0,1.583335,0.8421994680851064
2024,571035,69032,쿠에바스,Right,2850,2827,2827,32.44064316463746,38.95015856199089,30.37748302899934,49.74564590243412,15.34992907535223,67.21763907366793,51.58224609492244,188.0,1.870635,0.9950186170212767
2024,593417,69045,알칸타라,Right,965,965,965,55.543930273510185,70.58980278656729,60.22610645283714,81.89653160176731,35.2832671959996,90.0,54.34958349600094,193.0,1.762835,0.9133860103626943
2024,60146,60146,이승현,Right,1081,1081,1081,58.5326949132197,74.5488179555557,62.33007382125278,88.25733719272672,48.28104444858,90.0,41.302585624657816,181.0,1.64983,0.9115082872928176
2024,60263,60263,이재학,Right,1814,1812,1812,30.95576208595279,43.58443007637278,35.55971040131592,50.003251272302165,15.742456146286706,76.36071465676696,60.76453327784385,181.0,1.84292,1.0181878453038673
2024,60336,60336,문성현,Right,751,751,751,79.78349394065363,78.0599975551006,70.00997927251537,86.71270550497388,46.78762154139391,90.0,43.21237845860609,182.0,1.73775,0.9548076923076922
2024,60337,60337,김대유,Left,188,188,188,6.123820699933251,4.426333381282484,0.5642939489233603,8.624325915700696,-7.165561288036166,16.67615719258069,24.276248635243718,187.0,1.86774,0.9987914438502673
2024,605138,52043,벤자민,Left,2611,2604,2604,41.30594222545217,47.96907987174518,40.06974276503419,54.857556636614156,29.4235696901973,66.96661649153012,37.63889574045605,188.0,1.547105,0.8229281914893617
2024,60559,60559,박시영,Right,421,416,416,65.06625178908307,83.28405894306411,61.19648959652747,88.73153486237828,54.66417921754555,90.0,35.33582078245445,181.0,1.580735,0.8733342541436464
2024,606273,53825,엘리아스,Left,1804,1801,1801,39.93403657939439,49.72437894703866,39.045912925685045,64.82299532910062,26.45224918616044,74.70617354120749,48.79005612029861,185.0,1.48029,0.8001567567567568
2024,606996,54930,하트,Left,2276,2275,2275,25.326112700932303,23.864897246747777,18.085894022531956,28.99175724775097,7.613526061997266,45.10593385863385,37.26689512603063,196.0,1.78256,0.909469387755102
2024,60768,60768,이태양,Right,146,146,146,64.636214010174,80.11288969893155,74.74575457954188,86.20543138625004,50.82362802986657,90.0,39.17637197013343,192.0,1.57745,0.8215885416666667
2024,60841,60841,박종훈,Right,662,662,662,-53.17169977856729,-63.31864428506847,-66.05950941926372,-60.54271699607517,-76.81292267070489,-49.316868482557865,27.486440415769444,186.0,1.4788700000000001,0.7950913978494623
2024,608650,54134,엔스,Left,2859,2858,2858,46.57341961717267,56.703637645816215,45.92790319002331,64.97892042348414,35.095025860516294,76.97262200806766,41.15468736430409,185.0,1.64711,0.8903297297297297
2024,61101,61101,임찬규,Right,2398,2392,2392,53.129799301455634,70.46292522430284,50.049428243346014,79.46898740907,36.8510878065132,90.0,52.52068612152948,185.0,1.740885,0.9410189189189189
2024,61145,61145,이우찬,Left,663,663,663,37.15452871031725,44.71738162833685,38.2133189879869,68.64184564437954,25.278696678337596,65.58576734602833,40.06483921938924,185.0,1.501535,0.8116405405405405
2024,61268,61268,양현,Right,209,209,209,-18.149233358205496,-24.78445523714001,-30.237905240788,-19.125558574095013,-39.00947070868527,-14.75591951151144,23.71766407863736,189.0,1.67028,0.8837460317460318
2024,61365,61365,김대우,Right,522,514,514,-37.43705141232731,-43.318771849290556,-47.71762701085618,-39.07926939572949,-55.18187069040111,-33.07357369001329,22.1687240636544,183.0,1.5772300000000001,0.8618743169398906
2024,61643,61643,홍건희,Right,962,947,947,42.69073106166346,51.50615123704992,46.858964779678985,55.58223513139073,29.279799362351536,73.64838747767494,44.39927128338282,187.0,1.8544,0.9916577540106951
2024,61666,61666,한승혁,Right,1164,1162,1162,51.78378096911168,66.86504489040558,55.66175035603151,75.37014364917613,37.227193128989924,90.0,51.22741608181903,185.0,1.6620249999999999,0.8983918918918918
2024,61895,61895,서진용,Right,733,729,729,50.1262216830341,64.41077734961226,51.8113303946135,75.15697413782733,36.558125082449834,88.31525782849975,48.88574862929005,184.0,1.77787,0.9662336956521739
2024,62146,62146,최성훈,Left,250,246,246,29.451192474701593,40.01009711123343,35.085585612886035,45.84521626114535,19.598840066326215,63.49730200864572,43.98730176517379,178.0,1.406565,0.7902050561797753
2024,622694,54119,에르난데스,Right,878,878,878,31.111405891154334,38.6550597830378,29.82382354906661,47.43252699670411,15.720695659615068,65.45554011745084,49.80499482167488,185.0,1.758195,0.9503756756756756
2024,623454,54833,앤더슨,Right,1983,1980,1980,42.50804771912418,50.50940888766529,42.28839841189208,58.597010334488125,20.20626867095095,81.43598805633397,60.89843504516149,194.0,1.744925,0.8994458762886599
2024,62360,62360,김태훈,Right,849,846,846,39.14065713547073,48.21711865502458,37.202737955864535,61.07922259092061,23.46591965661508,73.99278999590673,49.28480055434303,187.0,1.678495,0.8975909090909091
2024,62363,62363,한현희,Right,1190,1190,1190,2.514324921918904,2.355474682394094,-3.0195293327237716,6.588934988154148,-10.159728771357226,14.25107822529571,24.4016086212396,182.0,1.6781000000000001,0.922032967032967
2024,62528,62528,김원중,Right,1080,1057,1057,40.092156934046656,45.28806347294873,42.29403976605888,48.72816015201078,25.602954928495468,66.05555783283762,40.194287823433825,192.0,1.7983,0.9366145833333334
2024,62611,62611,임준섭,Left,215,215,215,49.9590554092261,63.103696885660185,56.76075975966713,67.15663811982013,39.735647061184046,83.75285810559137,43.761055238070206,181.0,1.50463,0.8312872928176794
2024,62754,62754,임기영,Right,368,364,364,6.045800215300365,5.634493414177934,0.028200397788909846,10.624896700329106,-7.2121333196230255,19.7147959721557,26.94863426427041,184.0,1.6945999999999999,0.9209782608695651
2024,62869,62869,문승원,Right,1006,997,997,35.30397731625993,46.19681483435942,32.69660895629266,75.40637897488777,22.82569894110896,70.7920714643176,46.31111309374758,180.0,1.65713,0.9206277777777777
2024,62951,62951,이형범,Right,54,54,54,50.594144278698614,71.62677829968183,42.158677545125805,77.91191085080173,34.375555503239255,90.0,50.43131485721008,181.0,1.74014,0.961403314917127
2024,63248,63248,함덕주,Left,230,230,230,34.88080781363446,42.99200619045311,37.51254234594592,50.60346662523921,25.280851834295177,62.46646653480244,37.33846581170823,181.0,1.61089,0.8899944751381215
2024,63292,63292,박소준,Right,71,71,71,26.943076866530287,35.403229913644644,30.715370317144274,45.580360041069184,19.05301905184947,55.00318763938056,35.98388293954032,177.0,1.60788,0.9084067796610169
2024,63342,63342,조상우,Right,656,652,652,29.195868205519027,36.6992829311561,27.585937033228312,50.13848352018089,11.168332289262336,71.51853588690722,59.131371596355784,186.0,1.8039100000000001,0.9698440860215053
2024,63464,63464,윤대경,Right,150,149,149,37.03745747298518,47.07783897891654,42.12098428157624,55.527266423991676,27.94703450531019,67.24561540574402,39.61725812123251,179.0,1.61473,0.9020837988826815
2024,63492,63492,이재익,Left,222,222,222,42.49413790096259,54.947557982552965,51.33432618422827,59.183903385426646,31.54580052328685,77.92143082993134,46.362119866745545,180.0,1.653895,0.9188305555555556
2024,63512,63512,박진형,Right,95,95,95,47.179166007282724,63.20002291224673,55.36409862442193,71.8892311923037,33.6819828950876,88.35180361410585,53.41642920961434,181.0,1.64313,0.9078066298342541
2024,63543,63543,구승민,Right,1054,1050,1050,40.31454074131139,52.0792623266685,44.25196846588233,67.66563323360853,28.1092831798965,76.61980756232435,47.84408146187465,182.0,1.60281,0.8806648351648352
2024,63638,63638,박준표,Right,55,55,55,10.959334437412247,16.5099923519425,-21.508141163376482,31.977328951115613,-17.38246970427717,57.25921626432505,66.01320845984174,181.0,1.72512,0.9531049723756906
2024,63749,63749,이충호,Left,31,31,31,35.18012593870126,42.39242295269436,37.50810340948498,45.43281499612649,25.875461240388763,60.41855576195003,34.60678756004333,182.0,1.63779,0.8998846153846154
2024,63894,63894,김사윤,Left,366,366,366,50.469417866741836,66.61192283195673,46.09169307321953,79.15606672210112,36.59187412321522,90.0,50.874621856603184,182.0,1.671665,0.9184972527472528
2024,63950,63950,장현식,Right,647,643,643,46.659747373055076,58.50423102081614,51.547294513793474,68.52972748778505,36.32400339981952,79.6787859781248,43.2569989204367,181.0,1.60745,0.8880939226519337
2024,63959,63959,임정호,Left,928,917,917,24.423819504449273,29.396668553947574,19.695149465733813,40.45242629786835,2.1682902007683986,71.92424487135683,70.92983093334823,188.0,1.78842,0.9512872340425532
2024,63960,63960,이상민,Left,386,386,386,30.421711350231725,39.03141019659211,32.29529835676507,47.03352013732622,19.994336055909343,61.024809106235644,40.85544191173194,180.0,1.5663,0.8701666666666666
2024,63961,63961,윤호솔,Right,95,95,95,54.3124047650775,71.27866886723793,65.55560750205622,76.75873145316181,40.632004220388154,90.0,49.367995779611846,183.0,1.92006,1.0492131147540984
2024,64001,64001,고영표,Right,1663,1662,1662,-19.58015096489028,-26.588719774165625,-36.103003107450924,-21.363764385923236,-43.68009282241828,-14.91975179025108,28.96033590813749,187.0,1.8569,0.992994652406417
2024,64021,64021,박세웅,Right,2717,2717,2717,55.940072593521805,77.24717462150569,67.80266854851678,86.13610467498017,39.91892919981753,90.0,50.08107080018247,182.0,1.63591,0.8988516483516483
2024,640444,54612,크로우,Right,358,354,354,52.597980238156204,65.28323316208765,52.73170263383303,73.01928790131943,40.42237722485719,86.21820932951567,45.52528700546401,185.0,1.7532999999999999,0.9477297297297297
2024,641447,54920,카스타노,Left,1583,1583,1583,44.553059961734036,51.511742567814856,46.68210361008742,56.64823570456615,32.00443252096961,70.85875683295116,38.81213328716199,190.0,1.69987,0.8946684210526317
2024,641778,54666,라우어,Left,197,197,197,60.878619433631926,76.21459691401263,67.8527552951949,82.90676633042008,46.09861348847411,90.0,43.90138651152589,190.0,1.67582,0.8820105263157896
2024,642545,54720,바리아,Right,1410,1410,1410,55.39188133222048,66.28649568446855,56.26557233991115,76.08911595488404,45.953901240947985,83.61143958407615,37.07566802209772,185.0,1.697565,0.9176027027027027
2024,642558,53375,후라도,Right,2530,2526,2526,64.40037119516882,79.75829885699754,66.95059489211096,88.03943233566133,52.75574416818804,90.0,37.24425583181196,188.0,1.71579,0.9126542553191489
2024,64350,64350,하영민,Right,2443,2438,2438,35.424714502500834,45.359411168199195,38.6463657549392,50.38317525109738,22.08308579635597,71.01692241289243,49.029580447337295,183.0,1.87396,1.0240218579234972
2024,645307,53714,산체스,Left,857,855,855,30.6829206465508,41.41038312712668,34.0624091162006,57.3493703008754,20.536538000950436,65.87837405637369,45.0018614652855,178.0,1.81274,1.0183932584269664
2024,64565,64565,이인복,Right,580,580,580,59.348785009113044,75.60118538702764,69.76061096053974,84.84442707452152,45.416705627447286,90.0,44.583294372552714,187.0,1.62796,0.8705668449197861
2024,64580,64580,김재열,Right,1074,1068,1068,62.54024952987799,76.60390192584845,62.02525583533088,84.78414545326804,53.6896130307545,90.0,36.256163419187956,183.0,1.5591650000000001,0.8520027322404371
2024,64596,64596,김유영,Left,842,842,842,29.940230860075847,40.34434975381629,31.909458836965708,48.20529290210554,17.841128426991354,67.20763671141628,49.659268369959065,180.0,1.35703,0.7539055555555555
2024,646241,54354,헤이수스,Left,2735,2731,2731,25.498229390280965,26.073371562692454,19.587647892421785,31.311022510557688,12.652507477409142,42.1222494767489,29.194790777007924,192.0,1.64404,0.8562708333333333
2024,64768,64768,조이현,Right,640,636,636,52.735623283911295,66.64082143496127,56.709400681178835,81.8948819987983,39.36582487924988,88.8942231780453,47.43864996111736,185.0,1.7215600000000002,0.930572972972973
2024,64861,64861,이건욱,Right,445,443,443,57.59715065907254,78.12933133830101,72.13193669950591,84.10991162883343,42.97774606277692,90.0,47.02225393722308,182.0,1.91691,1.0532472527472527
2024,64893,64893,박민호,Right,356,352,352,0.143021015472957,-1.918123757054794,-8.964338653885484,2.4151110277971815,-14.977644633294833,8.57676580869779,23.268082533969732,185.0,1.660925,0.8977972972972973
2024,64995,64995,배재환,Right,367,363,363,55.84163339581206,71.10250772835752,65.82475463671618,75.37034271663494,41.6387002305661,90.0,48.04650400786287,186.0,1.8136,0.9750537634408603
2024,65048,65048,김민수,Right,1302,1295,1295,51.67626930919025,61.526729056219466,58.513760645739545,65.13676740293837,40.16656197202871,80.63233065950294,40.285866961823096,188.0,1.78541,0.949686170212766
2024,65056,65056,엄상백,Right,2609,2604,2604,11.310374159580363,10.378507332658831,0.6737916674130561,21.722023771490974,-9.375029293180965,34.800150154100834,44.13731386918893,187.0,1.66128,0.8883850267379678
2024,65060,65060,주권,Right,877,872,872,29.62111358936241,38.546840267430944,30.654751949409935,49.673603580407786,17.776212774689824,63.66011552474767,45.55695774838145,181.0,1.671035,0.9232237569060773
2024,65062,65062,김재윤,Right,998,985,985,28.22600641870671,32.88152501014822,30.075450710127598,38.14913229272714,17.015645958944308,51.96457265148133,34.88483599099362,185.0,1.68211,0.9092486486486486
2024,65109,65109,백승현,Right,555,545,545,62.32008977077011,82.28764997665314,75.68177050397651,87.32685702037631,49.12579953037027,90.0,40.87420046962973,183.0,1.62282,0.8867868852459015
2024,65117,65117,이상규,Right,547,543,543,56.339003035239635,77.83538786994254,69.01474169247464,86.25553595966977,37.97727684045627,90.0,52.02272315954373,185.0,1.65112,0.8924972972972972
2024,65241,65241,채원후,Right,73,73,73,59.237302038094136,81.44230838381895,66.99556854582723,87.20113355629859,45.88173050598002,90.0,44.11826949401998,180.0,1.7480099999999998,0.9711166666666666
2024,65320,65320,최원태,Right,2149,2148,2148,36.79823604627005,49.10789110708821,29.117068837791656,58.99729289807148,19.67823006985811,79.85354553804882,57.69841591973898,184.0,1.67949,0.912766304347826
2024,65343,65343,김택형,Left,131,129,129,28.506159170394877,33.05310911300915,30.019310556884957,37.613353351420116,17.733205667594177,51.63593095646377,33.578062096173284,185.0,1.6459,0.8896756756756756
2024,65411,65411,김주온,Right,98,98,98,46.007172467286125,55.10241371518091,52.045456997281605,59.804383179577286,33.53238550281226,76.2399437876795,43.997794015738236,187.0,1.721055,0.9203502673796791
2024,65496,65496,홍정우,Right,28,28,28,33.52876383588645,41.64386402376752,38.23142371254533,49.49958083395338,22.517789384104326,62.91746514218332,40.41181023671844,182.0,1.8841,1.03521978021978
2024,65522,65522,김강현,Right,464,460,460,45.98632381475091,70.26978821829974,61.922149636885784,76.15183558859302,30.82076125416058,90.0,59.17923874583943,177.0,1.464915,0.827635593220339
2024,65616,65616,이민우,Right,907,907,907,61.8425544080548,74.6710684160462,67.09136843335621,83.0512042510725,52.878114541918116,90.0,36.88935336983986,185.0,1.70813,0.9233135135135134
2024,656212,52528,반즈,Left,2011,2010,2010,37.01984203236072,44.87449574818585,37.18196307637548,52.396583288420594,18.86600812109439,73.8270665816602,54.925179309970176,189.0,1.44787,0.7660687830687831
2024,65639,65639,박정수,Right,519,519,519,1.9124799032021278,4.589051224281493,-1.6325064596029857,12.804360755255834,-16.275950320403282,25.12748822639361,38.62222784577031,178.0,1.52914,0.8590674157303371
2024,65665,65665,이준영,Left,309,296,296,52.97115949769983,68.29412234185526,61.91779393568908,73.1644639420782,44.26764649467371,88.22461340904404,42.85568690469071,177.0,1.627415,0.9194435028248586
2024,65707,65707,주현상,Right,952,951,951,39.95885305363995,53.11449308629332,45.453099698883086,61.96491552884587,30.514885255263266,75.65492720555262,44.80834618984988,177.0,1.61048,0.9098757062146892
2024,65764,65764,김민우,Right,186,186,186,69.86444378670839,85.22651241042942,80.4459941382007,89.08126956784156,56.03997445527676,90.0,33.96002554472324,186.0,1.96911,1.0586612903225805
2024,65769,65769,김범수,Left,608,604,604,29.701806026778627,41.33296218188574,36.07786531840405,47.513675411094695,14.81737386085388,73.50055512109002,58.32245285630976,181.0,1.536475,0.8488812154696133
2024,657756,54452,코너,Right,2458,2458,2458,17.979212037809464,18.485901525749824,11.388468149409665,26.37856322517801,6.006338540883297,34.91829334310056,28.93998861610538,188.0,1.5751849999999998,0.8378643617021277
2024,657770,54615,스타우트,Left,136,136,136,31.05619368041358,34.40074246817749,26.872461653272268,41.714822481234506,16.43799272299445,55.78697652099971,38.93259044421374,190.0,1.500335,0.78965
2024,658792,53546,윌커슨,Right,2921,2919,2919,28.212322250971276,31.365282447469227,26.6392928573237,35.987905054401935,16.010732570333612,49.67805886800757,33.64689961968445,188.0,1.90333,1.0124095744680852
2024,65949,65949,류진욱,Right,730,728,728,32.54255291196618,37.95417156548214,31.817921933600417,45.03955470735279,16.05070104447815,64.17201612413726,47.86000002874396,189.0,1.829555,0.9680185185185186
2024,66018,66018,김선기,Right,1184,1181,1181,30.264314795038743,35.68061149666223,29.771179772505633,44.99603327757723,15.46768533929574,60.38714386676242,45.06994226939652,187.0,1.74716,0.9343101604278075
2024,66047,66047,박세진,Left,107,107,107,14.495490243534803,19.289760174373452,9.55639898083229,27.55476315347315,6.461104970395248,36.89883355586778,30.562652646042373,178.0,1.69684,0.9532808988764044
2024,660593,54443,레예스,Right,2306,2306,2306,27.439322484594673,25.723878879779818,19.721949789982638,32.112931604566064,9.402966335648234,46.64466592195604,36.993495096473254,198.0,1.79142,0.9047575757575758
2024,66068,66068,서의태,Left,149,149,149,37.34116441207269,40.479035167766284,37.15726668576036,43.88160934456037,22.344921137617533,60.66519245955272,38.261647129885624,194.0,1.98295,1.022139175257732
2024,66145,66145,김대현,Right,571,571,571,48.76595211808705,62.7569506985995,53.239742307177885,73.85137194205721,31.216932222415295,89.71358016068973,56.005986034136725,188.0,1.63536,0.869872340425532
2024,66291,66291,이영하,Right,1112,1111,1111,54.29125305939286,63.144396930054675,59.02357566002412,67.43611495570667,42.48100137920401,81.3200126879256,38.7168564017335,192.0,1.69592,0.8832916666666667
2024,66305,66305,박승주,Right,264,264,264,54.6952944925319,69.73436751199822,62.13245866663905,76.25035072271285,42.76402346150429,90.0,46.94188041900039,183.0,1.7440600000000002,0.9530382513661202
2024,663399,52257,브랜든,Left,1112,1111,1111,37.51120336864249,42.57482137899128,33.45236642470962,47.30970801064553,24.22621708254668,62.4978852949308,38.25976201779679,190.0,1.64866,0.8677157894736842
2024,66492,66492,김승현,Right,116,115,115,34.00173918596072,44.30137038566983,36.57401918550388,50.247402417955136,23.411217623336682,67.90402890775867,43.954325425677084,180.0,1.82326,1.0129222222222223
2024,664942,54640,네일,Right,1378,1378,1378,40.65881160623516,47.20933463064428,35.41067712317291,58.05378640563201,21.862124719349993,75.1355885983034,53.5863646781842,193.0,1.6869,0.8740414507772021
2024,66609,66609,전상현,Right,605,601,601,39.9876692043829,53.95152061775472,43.50762466726633,62.583523781097576,27.543632044973876,80.55590235380471,52.31151042788933,180.0,1.6754,0.9307777777777777
2024,666364,54243,발라조빅,Right,932,929,929,40.767466686373126,44.99318267803943,34.36196915475241,53.16522060370096,22.76333949350523,68.88749560218567,45.77326533936406,196.0,1.67156,0.8528367346938776
2024,667498,54804,더거,Right,457,457,457,20.425693646249634,26.023570501959142,19.032078205007334,35.897266798527596,6.126604516648617,55.62028656058886,48.74348332838704,183.0,1.66052,0.9073879781420765
2024,66858,66858,정동윤,Right,32,32,32,43.28189298466663,50.972257823327226,46.13083241568001,55.523143651930404,23.816897574627276,78.3452981307379,56.21138772301926,193.0,1.910435,0.9898626943005182
2024,66920,66920,최성영,Left,744,744,744,32.74725331461254,41.42107440518721,36.86500200991264,46.49357726632125,23.065668354120422,62.07634880176107,38.65323102738843,180.0,1.8229899999999999,1.0127722222222222
2024,67116,67116,오석주,Right,312,310,310,43.39055254597103,55.523512195782686,47.65026130080185,63.54804708505341,32.91295790288373,77.45111049460698,42.72542245090671,180.0,1.799305,0.9996138888888888
2024,67143,67143,손주영,Left,2524,2522,2522,54.11356466596385,65.06302130994402,56.6745578920625,73.55029743998517,40.026906314911834,86.22852402509696,45.25348842832632,191.0,1.64691,0.8622565445026179
2024,67246,67246,김명신,Right,613,612,612,45.089189842066574,61.222188329475976,45.26815342267195,79.16888966169482,34.7698265361652,85.72528054122816,42.070259682896804,178.0,1.7123249999999999,0.9619803370786517
2024,67263,67263,최원준,Right,1703,1697,1697,-7.236587927073932,-9.457106650979368,-18.79010180260218,1.2921681111448655,-23.82060655386318,-0.74530709108044,23.993007482289165,182.0,1.69391,0.9307197802197802
2024,67266,67266,박치국,Right,714,710,710,-7.837499441574477,-7.737069274766901,-27.326338618561888,4.268490649300742,-36.38959337275472,4.66683983457818,34.0839189448147,177.0,1.64302,0.9282598870056497
2024,67365,67365,양지율,Right,345,345,345,37.51555990425247,46.75206867090813,40.65293464644429,55.96944461891868,22.854141599883107,73.14305047460223,50.44260744645019,185.0,1.95151,1.0548702702702704
2024,67391,67391,김재웅,Left,408,406,406,76.17649360950807,82.77978656794402,74.94620655193822,88.62279574434764,54.841834065131366,90.0,35.158165934868634,171.0,1.6531250000000002,0.9667397660818714
2024,67419,67419,문용익,Right,345,345,345,28.319115933758393,38.606647126312744,34.88888505532143,42.47024057022513,18.213187480192875,62.949608978856354,44.94315447025377,178.0,1.6757749999999998,0.9414466292134831
2024,67421,67421,최지광,Right,597,590,590,27.6358656376233,39.46829736275104,34.0236263468729,45.90940142511932,20.798518174884904,61.54525083270896,40.5265563393309,173.0,1.854015,1.0716849710982659
2024,67539,67539,나균안,Right,1398,1398,1398,48.60062136676002,62.34793819564929,57.9379037196437,67.88726640319749,33.09322654175575,87.64626384529527,53.446698161891646,186.0,1.728455,0.9292768817204301
2024,67588,67588,윤성빈,Right,35,35,35,32.48025005629808,33.078747781422095,29.494015583062737,36.737408537453625,13.26378412876817,56.63732183209138,43.99428672771727,197.0,1.8027,0.9150761421319797
2024,67640,67640,유승철,Right,69,69,69,50.808012752733816,63.20544779609927,55.68955787186739,70.50853285562951,38.079832664735235,84.69903832040023,45.9753397762588,184.0,1.68112,0.9136521739130434
2024,67703,67703,박상원,Right,1014,1013,1013,38.50134722061347,46.144188238518126,38.545992145015894,53.86338431010049,24.876236997052583,68.75371759507021,43.50981619573956,187.0,1.63064,0.872
2024,67828,67828,김성민,Left,722,721,721,20.017101026134114,26.896970534931196,15.583809228213633,34.39195103867195,7.032732129494781,54.02344635745262,46.576423652732856,181.0,1.66156,0.917988950276243
2024,67954,67954,김진호,Right,25,25,25,26.81781231730204,34.737499080809506,31.306264898541013,39.51579505533868,12.257582548775114,64.73978876326126,52.068083587894556,183.0,2.05746,1.124295081967213
2024,67956,67956,김태현,Left,187,187,187,40.73309390787396,48.19641384192027,43.51539852689476,53.03533447639593,27.214022833700927,70.17684048704707,42.884035157257095,188.0,1.70375,0.9062500000000001
2024,67962,67962,소이현,Right,64,64,64,39.63079760043381,49.93679732384109,46.25146044820092,55.33330889219534,24.96789912949788,76.68486972456367,51.118140650675926,185.0,1.8678849999999998,1.0096675675675675
2024,68036,68036,최이준,Right,419,417,417,42.65499635900586,54.926951329407004,48.35717767900436,70.03532672189039,30.50185261585455,78.59323856758535,47.72774849471985,182.0,1.61654,0.8882087912087913
2024,68043,68043,김민,Right,1160,1153,1153,37.45053132167752,45.80192193684658,39.040570429926525,52.54943015462833,24.52374455181932,68.65167158519776,44.2757709271994,185.0,1.62612,0.8789837837837837
2024,680802,54755,와이스,Right,1371,1369,1369,31.38491845798055,33.60808123738221,26.659165697985145,43.13160721156667,15.05809040635557,56.342013774076364,41.03475883543474,193.0,1.80219,0.9337772020725389
2024,68092,68092,한두솔,Left,995,983,983,67.81598971212098,85.75994324203963,80.09474632626575,89.2584885274627,55.1676230982068,90.0,34.8323769017932,177.0,1.54137,0.8708305084745762
2024,68097,68097,박주현,Left,51,51,51,43.109165893740865,56.809316205884144,53.026936171782864,59.22108069099652,26.8974630925869,84.94861627968768,58.5183954515514,184.0,1.64844,0.895891304347826
2024,68130,68130,김영준,Right,329,325,325,64.42433578765983,83.28343269717598,75.30901025605755,88.18057923031458,51.38356055639806,90.0,38.61643944360194,185.0,1.60606,0.8681405405405406
2024,68159,68159,성동현,Right,36,36,36,55.49308597410861,69.78901373738444,63.93390279572607,76.11872160575102,39.75070659429176,90.0,50.18341500505949,189.0,1.8804699999999999,0.994957671957672
2024,68200,68200,김민규,Right,452,452,452,30.619969474497438,40.18009137635076,31.83156430015128,49.572343038457326,15.695885720800531,70.05186053841024,54.632338954136166,183.0,1.56002,0.8524699453551912
2024,682027,54664,알드레드,Left,449,449,449,21.97804050325199,22.107714058307174,18.03666464230878,27.528669210289806,8.34714911311491,39.778427246249706,31.435378694705495,191.0,1.57162,0.8228376963350785
2024,68220,68220,곽빈,Right,2615,2605,2605,49.25899899102068,61.33357773875011,45.41209845719261,73.50097202399066,34.95687205143724,84.56702215165518,48.350219899302274,187.0,1.58805,0.8492245989304812
2024,68242,68242,정철원,Right,626,625,625,73.27980626930973,85.59683578593744,80.33680312929903,89.13788150995785,56.03950231079431,90.0,33.96049768920569,192.0,1.683795,0.8769765625000001
2024,68249,68249,박신지,Right,161,161,161,30.345109635614204,35.46066287360769,32.391695230977895,40.67846891721078,19.199378338865497,55.14081992022984,35.98739526332765,185.0,1.51426,0.8185189189189188
2024,68260,68260,현도훈,Right,193,193,193,35.23517497096522,44.16119627882686,36.51360686875666,57.964351234404035,15.370486215941984,77.07904010100079,60.76500162854181,188.0,1.75772,0.9349574468085107
2024,68269,68269,김호준,Left,211,211,211,46.06870210783016,60.53667407615127,54.90843511141645,65.25813276070204,34.37211570422649,84.0582501099546,49.81807615603035,180.0,1.61615,0.8978611111111111
2024,683412,54148,진우영,Right,89,89,89,43.95897669693965,55.75608079802565,46.92444617182696,63.99589544514034,25.81895283677405,83.44268493040836,56.7919359380454,188.0,1.59185,0.8467287234042553
2024,68403,68403,김무신,Right,44,44,44,62.33772892212184,78.86501372658674,73.56379597672078,82.76830807173084,51.392095158797275,90.0,38.607904841202725,183.0,1.65947,0.9068142076502732
2024,68419,68419,최지명,Left,234,234,234,37.13932264434275,44.32487074649478,39.273177231354744,56.51022099199399,24.569876586257386,65.93842841352566,41.80463680269414,186.0,1.5858949999999998,0.8526317204301075
2024,68501,68501,최하늘,Right,531,530,530,18.705211247216283,18.36716869537542,6.098489338876446,34.17117813145368,2.4310803356849187,41.96489506754535,41.25641890797263,190.0,1.636815,0.8614815789473684
2024,68585,68585,김도규,Right,95,92,92,73.2063599484029,85.90016954697202,78.38177797940436,89.49039397358732,61.43181191111141,90.0,28.568188088888594,192.0,1.80219,0.938640625
2024,68619,68619,윤중현,Right,149,149,149,-8.126274167944146,-10.026662172555445,-17.72259310220253,-3.169740238419722,-24.611287062471725,0.8827492852030873,24.74206797921442,180.0,1.81881,1.01045
2024,68830,68830,김정우,Right,11,11,11,20.720755137428796,24.711488570219128,22.363575577254128,26.319600902585467,9.772596732133511,44.18083174469321,34.36504738896706,183.0,1.55669,0.8506502732240436
2024,68856,68856,최민준,Right,705,701,701,57.38905907991219,79.01805044627108,71.85651197045144,85.65573896808942,45.27509003972044,90.0,44.72490996027956,178.0,1.66813,0.9371516853932583
2024,68896,68896,이채호,Right,151,151,151,-30.580848290271174,-39.72527682161857,-47.63909659163047,-34.0985421926992,-60.05905108906355,-24.424994956150584,35.2934665746472,185.0,1.85016,1.0000864864864865
2024,68900,68900,김영규,Left,667,665,665,37.875235054331,43.99617283643424,36.73204781029199,52.71987835282014,25.4226091825441,63.96602250209303,38.79555311473183,188.0,1.76858,0.9407340425531916
2024,68902,68902,신민혁,Right,1961,1959,1959,76.56051345299268,78.15924080857717,65.8754164915123,87.74136966056246,41.63695046516343,90.0,48.2200704571618,184.0,1.62348,0.8823260869565217
2024,68928,68928,김시훈,Right,1757,1757,1757,49.665945230094216,60.33833893306001,55.622573421966095,64.41925360640711,36.19986058443394,82.00646901868562,45.88081029735424,188.0,1.83544,0.9762978723404255
2024,69041,69041,손동현,Right,798,786,786,45.33798549959627,64.2801095454541,54.96714114099738,73.50483387839338,26.857551545788635,90.0,62.50592683333889,183.0,1.80339,0.9854590163934426
2024,69047,69047,전용주,Left,50,50,50,27.279097206759904,31.05400043523602,27.094552204685325,35.610556320225996,12.113200579715414,55.843389981632406,43.87765594971183,188.0,1.7359550000000001,0.9233803191489363
2024,69054,69054,이상동,Right,555,553,553,47.03388381868373,59.993915881952745,54.85199023708222,65.06107265860312,36.10149527772336,81.5612984272226,45.26132155765152,181.0,1.69937,0.938878453038674
2024,69068,69068,이선우,Right,183,183,183,-11.195185164654697,-16.723209473541065,-20.473149593950392,-13.178491003749413,-34.216578261863596,-5.748174113787386,28.25094106835442,186.0,1.92676,1.0358924731182795
2024,69108,69108,이지강,Right,912,912,912,44.91268979747777,63.77627268158833,44.35339827854482,87.27263600391672,26.55296392484566,90.0,59.251276062161566,183.0,1.80586,0.9868087431693989
2024,69113,69113,임준형,Left,226,226,226,21.993281030310847,27.46360229562477,24.66921904090309,30.23532457296255,13.022927487845216,45.67002322008228,32.308732825810196,180.0,1.55185,0.8621388888888889
2024,69159,69159,정우영,Right,410,410,410,-9.629321092094878,-19.441373619209777,-25.70119481086039,-13.11216519755007,-39.950495857177515,-6.5489375956659,34.211045339159895,193.0,1.6721,0.8663730569948187
2024,69168,69168,이상영,Left,302,302,302,25.420231944870515,25.576104480099065,19.047105032942063,29.986475827921296,10.407885409828545,44.59034214081864,34.02419200085494,193.0,1.827715,0.9470025906735752
2024,69204,69204,전루건,Right,137,137,137,40.48267794196444,47.777939753323054,39.520491607077616,54.097871118085884,29.91205724406253,66.44191189618536,36.31943287586317,185.0,1.61073,0.8706648648648648
2024,69205,69205,이교훈,Left,584,583,583,27.619193698432305,35.0799917397146,31.130354684704198,39.88325057119195,16.89235238208906,56.891637238902135,39.70747920198369,181.0,1.55685,0.8601381215469613
2024,69360,69360,조영건,Right,699,697,697,39.68546762797579,50.42108688463027,44.305961088380535,54.96512441343906,29.770007349788393,71.3287169463926,41.54839972329525,180.0,1.69862,0.9436777777777777
2024,69367,69367,김인범,Right,986,986,986,29.927336618348104,35.09479860817721,28.843461145629725,44.369248270110035,15.588834356664076,58.629397250971486,42.8408410001867,187.0,1.7908849999999998,0.957692513368984
2024,69399,69399,윤정현,Left,62,62,62,33.1598899129184,38.51142866350408,33.77247158289851,42.49472431723416,22.019054023810526,56.94377832139318,34.48150485348761,186.0,1.781415,0.9577499999999999
2024,69446,69446,원태인,Right,2709,2708,2708,41.11819503722298,52.91558892104439,46.70409465175773,59.2233022576453,27.71584606211168,77.9868121944898,50.15586243393372,183.0,1.74706,0.9546775956284153
2024,69516,69516,김현수,Right,12,12,12,50.02578542916188,65.15953263271723,63.72321158989858,68.6463610640784,34.898389211059886,90.0,54.9907462552206,185.0,1.70961,0.9241135135135135
2024,69594,69594,박진,Right,689,689,689,74.88728749859779,83.2123274414806,76.84820742833384,88.39995545443526,51.82569452434064,90.0,38.17430547565936,182.0,1.63611,0.8989615384615384
2024,69620,69620,김기훈,Left,196,196,196,58.26387727833877,75.44857704446204,67.58595847071481,83.97860340405238,44.89753460442315,90.0,45.10246539557685,184.0,1.631215,0.8865298913043478
2024,69645,69645,장유호,Right,249,245,245,34.36884817581686,45.225490844137106,39.94329090999437,52.61868272913642,23.648145117503066,69.5591162040304,45.50420316045029,179.0,1.60889,0.8988212290502793
2024,69745,69745,김도현,Right,465,465,465,27.32943314564929,32.82433062451436,27.88891820056628,57.168275834612935,16.60220558653897,52.99581522760666,36.33508949707987,183.0,1.57482,0.8605573770491803
2024,69839,69839,백승건,Left,162,162,162,38.826008966700115,51.4457791151398,45.169732788358054,58.387343032975394,24.013325502235055,79.37395177262326,55.572339556992794,183.0,1.6498149999999998,0.9015382513661201
2024,69962,69962,송명기,Right,655,651,651,11.282559548623379,8.36671369658117,4.630518082954517,13.09324737609042,-6.150416193042799,26.340117217498697,34.501105237713936,191.0,1.80866,0.9469424083769633
2024,69969,69969,전사민,Right,459,459,459,46.84382652482344,53.88002547021377,49.614573966275564,58.59878242333687,31.221303619994178,75.70174282657905,44.071597019096856,194.0,1.80261,0.929180412371134
2024,69974,69974,배민서,Right,41,41,41,15.254543968030138,17.214418608475857,14.498406027911455,20.160946037866093,4.179426481475677,34.74636437374866,30.343885497205722,184.0,1.69066,0.9188369565217391
2024,72523,72523,고효준,Left,483,482,482,36.69987368133931,49.330331502597375,38.54273345472205,59.230579409748216,25.301973217049223,74.77585099492242,49.33356522808535,179.0,1.56468,0.8741229050279329
2024,73117,73117,우규민,Right,661,659,659,-13.812666462731158,-17.758097414849093,-24.45672877647433,-3.785373053529109,-31.05154880733021,-8.540322505853988,22.572381393661118,184.0,1.64679,0.8949945652173913
2024,73211,73211,노경은,Right,1245,1229,1229,54.228917820957285,68.05116423134797,59.09777567927184,78.55308945598432,40.382972605871,90.0,47.99474562073242,187.0,1.6582,0.8867379679144384
2024,73801,73801,송은범,Right,121,121,121,35.58480601675666,44.67006532102668,37.624043573960805,59.82771447340011,24.165263678977464,66.07644855528048,42.01901076226983,182.0,1.46084,0.8026593406593406
2024,74857,74857,정우람,Left,4,4,4,26.58418557194225,33.8346598668144,32.361384242277566,34.294631893534216,15.636457832073052,56.314590388087424,40.45696916007505,181.0,1.47559,0.8152430939226519
2024,75421,75421,오승환,Right,960,950,950,24.911936651714463,32.287351752727844,27.205108976105986,37.753357796078056,16.602331830626557,51.42418602732952,34.792092850888295,178.0,1.591185,0.8939241573033707
2024,75867,75867,김진성,Right,1169,1161,1161,87.41848935187816,75.93513809054485,72.0972981763362,80.39477700524895,54.3663564020073,90.0,35.435264080402504,186.0,1.40529,0.7555322580645161
2024,76118,76118,원종현,Right,58,58,58,24.61475526298851,32.96908152722555,26.54748888870436,41.54276814823785,8.668849568645754,67.20734217279472,56.90056166556157,182.0,1.80653,0.9925989010989011
2024,76225,76225,김건국,Right,218,216,216,71.19566814434329,86.61294914924869,80.14495071130935,89.5394768968801,57.44530315544804,90.0,32.55469684455196,183.0,1.6215600000000001,0.8860983606557377
2024,76430,76430,김상수,Right,1088,1084,0,28.091075660770223,,,,,,,,1.50416,
2024,76650,76650,진해수,Left,439,438,438,51.94861641202721,63.34980839235506,57.36093520404442,69.8452842577897,39.45887581270797,83.9010310658739,44.200239600595765,187.0,1.418725,0.7586764705882352
2024,77211,77211,이용찬,Right,1012,1010,1010,29.05655644917104,34.55674676777301,30.284739667219323,39.49705905748143,16.45119780656618,56.326555213027234,39.730368205094166,185.0,1.82733,0.9877459459459459
2024,77263,77263,김강률,Right,713,713,713,66.61761909495024,85.58482812485985,79.4672906911106,89.05377773746422,53.00431870174374,90.0,36.99568129825626,187.0,1.96023,1.0482513368983957
2024,77318,77318,장시환,Right,535,535,535,39.93000906814403,50.13270532397375,43.41091450524516,64.13423489749799,27.066406005837326,73.56476582908797,46.622665365224165,184.0,1.62486,0.8830760869565217
2024,77446,77446,백정현,Left,1258,1253,1253,42.2398784784793,54.72584313388974,50.103838578004755,59.271376189890155,27.541433259423965,81.39010250164331,53.656697733681696,184.0,1.80052,0.9785434782608695
2024,77637,77637,양현종,Left,1032,1032,1032,40.00649842933022,48.92552782983181,45.29509501592232,52.17521432095215,29.171351286220748,69.38004372513677,40.429980817883006,183.0,1.815465,0.9920573770491803
2024,77829,77829,김광현,Left,2687,2659,2659,46.97213555013167,60.161649561446175,53.56689270704921,67.47358507150139,28.64303781139425,88.16102038984954,58.525225267230496,188.0,1.80729,0.9613244680851065
2024,77927,77927,장필준,Right,27,27,27,41.898914195628734,48.73535557444095,45.42132379209999,51.798477658993335,27.974629470587274,69.8664145772599,41.99070789377263,190.0,1.85717,0.9774578947368422
2024,78148,78148,정찬헌,Right,183,183,183,60.467186577656356,77.74983031530078,66.7623687997424,87.42698235473833,46.78557722606253,90.0,43.21442277393747,186.0,1.5886,0.8540860215053763
2024,78352,78352,임창민,Right,999,991,991,33.85005359130874,40.91569633049953,35.93842545722855,46.49838277017856,23.46821314158995,60.186592601571185,36.5860219156954,183.0,1.53359,0.8380273224043716
2024,78517,78517,하준호,Left,40,40,40,63.95845551435657,86.37065309899599,80.73652767224172,89.11809512774113,44.247356705282975,90.0,45.752643294717025,174.0,1.564215,0.8989741379310345
2024,79140,79140,최동환,Right,371,371,371,53.571207722491636,67.43788988602164,57.93150320093596,73.95960996122686,41.5481717463468,88.6170602488282,46.48150860633649,184.0,1.69829,0.9229836956521739
2024,79764,79764,장민재,Right,494,494,494,39.125128841772224,48.39545614166852,41.88182158531146,55.87883565074827,26.601422151383744,71.33892393457315,44.301957629209696,184.0,1.65467,0.8992771739130434
