target_row,source,game_id,inning,half,pa_label,pitcher_id,batter_id,pitch_of_pa,tm_pitch_no,tm_speed_kmh,tm_type,known_call,known_speed_kmh,known_type,count_before,classification,candidate_count,candidate_pitch_ids,naver_pitch_id,naver_pa_no,naver_pa_order_in_half,naver_pitch_num,naver_call,naver_speed_kmh,naver_count_after,naver_minus_tm_speed_kmh,deviation_from_tm_minus_1_5_kmh,speed_within_3kmh,count_check,crossPlateX,crossPlateY,topSz,bottomSz,trajectory_present,vb_already_present,vb_row_candidates,evidence,pitchId,inn,ballcount,vy0,vz0,vx0,z0,y0,x0,ax,ay,az,stance
1,half_short,20200630LTNC0,10.0,top,,76118,65506,1,310.0,144.751,Fastball,,,,0-0,found_with_location,1,200630_215950,200630_215950,103,1,1,B,144,1-0,-0.751,0.749,True,match,1.19533,1.4167,3.375,1.64999,True,yes,084-01,TrackMan: 투수·타자 ID/반이닝/1구; TM−1.5km/h 기준 구속 ±3km/h 별도 대조; 카운트 연결 조건 아님; 네이버−TrackMan 구속=-0.751km/h; 기대 편차=+0.749km/h; 카운트=match,200630_215950,10,1,-130.585,-6.97776,7.45424,5.06178,50.0,-0.800987,-11.9039,27.7393,-17.0502,L
2,half_short,20200630LTNC0,10.0,top,,76118,65506,2,311.0,144.013,Fastball,,,,1-0,found_with_location,1,200630_220012,200630_220012,103,1,2,B,144,2-0,-0.013,1.487,True,match,1.12615,1.4167,3.375,1.64999,True,yes,084-02,TrackMan: 투수·타자 ID/반이닝/2구; TM−1.5km/h 기준 구속 ±3km/h 별도 대조; 카운트 연결 조건 아님; 네이버−TrackMan 구속=-0.013km/h; 기대 편차=+1.487km/h; 카운트=match,200630_220012,10,2,-130.17,-6.46812,7.53977,5.1151,50.0,-0.887289,-12.1549,27.1966,-14.2748,L
3,half_short,20200630LTNC0,10.0,top,,76118,65506,3,312.0,144.165,Fastball,,,,2-0,found_with_location,1,200630_220032,200630_220032,103,1,3,B,144,3-0,-0.165,1.335,True,match,-0.20892,1.4167,3.375,1.64999,True,yes,084-03,TrackMan: 투수·타자 ID/반이닝/3구; TM−1.5km/h 기준 구속 ±3km/h 별도 대조; 카운트 연결 조건 아님; 네이버−TrackMan 구속=-0.165km/h; 기대 편차=+1.335km/h; 카운트=match,200630_220032,10,3,-130.357,0.139346,4.1017,5.23958,50.0,-1.18784,-8.13325,25.9481,-23.3555,L
4,half_short,20200630LTNC0,10.0,top,,76118,65506,4,313.0,145.265,Fastball,,,,3-0,found_with_location,1,200630_220051,200630_220051,103,1,4,T,145,3-1,-0.265,1.235,True,match,1.0213,1.4167,3.375,1.64999,True,yes,084-04,TrackMan: 투수·타자 ID/반이닝/4구; TM−1.5km/h 기준 구속 ±3km/h 별도 대조; 카운트 연결 조건 아님; 네이버−TrackMan 구속=-0.265km/h; 기대 편차=+1.235km/h; 카운트=match,200630_220051,10,4,-131.431,-4.86869,8.18483,4.9031,50.0,-1.16268,-13.0665,27.8491,-17.4925,L
5,half_short,20200630LTNC0,10.0,top,,76118,65506,5,314.0,146.474,Fastball,,,,3-1,found_with_location,1,200630_220109,200630_220109,103,1,5,B,146,4-1,-0.474,1.026,True,match,1.89909,1.4167,3.375,1.64999,True,yes,084-05,TrackMan: 투수·타자 ID/반이닝/5구; TM−1.5km/h 기준 구속 ±3km/h 별도 대조; 카운트 연결 조건 아님; 네이버−TrackMan 구속=-0.474km/h; 기대 편차=+1.026km/h; 카운트=match,200630_220109,10,5,-131.973,-7.19477,10.7116,4.8895,50.0,-1.03346,-15.9457,26.5887,-23.0548,L
6,half_short,20200630LTNC0,10.0,top,,76118,76249,1,315.0,142.575,Fastball,,,,0-0,found_with_location,1,200630_220214,200630_220214,104,2,1,B,142,1-0,-0.575,0.925,True,match,0.764448,1.4167,3.10898,1.41962,True,yes,085-01,TrackMan: 투수·타자 ID/반이닝/1구; TM−1.5km/h 기준 구속 ±3km/h 별도 대조; 카운트 연결 조건 아님; 네이버−TrackMan 구속=-0.575km/h; 기대 편차=+0.925km/h; 카운트=match,200630_220214,10,1,-128.98,-7.57221,5.68123,5.01465,50.0,-0.899662,-7.26356,23.062,-18.7015,R
7,half_short,20200630LTNC0,10.0,top,,76118,76249,2,316.0,144.063,Fastball,,,,1-0,found_with_location,1,200630_220307,200630_220307,104,2,2,H,144,1-0,-0.063,1.437,True,match,0.083221,1.4167,3.10898,1.41962,True,yes,085-02,TrackMan: 투수·타자 ID/반이닝/2구; TM−1.5km/h 기준 구속 ±3km/h 별도 대조; 카운트 연결 조건 아님; 네이버−TrackMan 구속=-0.063km/h; 기대 편차=+1.437km/h; 카운트=match,200630_220307,10,2,-130.446,-2.14329,4.58973,5.11667,50.0,-0.859893,-11.1223,24.117,-21.066,R
8,half_short,20200630LTNC0,10.0,top,,76118,77532,1,317.0,,Other,,,,0-0,not_in_naver,0,,,,,,,,,,,,unavailable,,,,,False,no,,TrackMan: 투수·타자 ID/반이닝/1구; TM−1.5km/h 기준 구속 ±3km/h 별도 대조; 카운트 연결 조건 아님; 카운트=unavailable,,,,,,,,,,,,,
9,half_short,20200630LTNC0,10.0,top,,76118,77532,2,318.0,,Other,,,,1-0,not_in_naver,0,,,,,,,,,,,,unavailable,,,,,False,no,,TrackMan: 투수·타자 ID/반이닝/2구; TM−1.5km/h 기준 구속 ±3km/h 별도 대조; 카운트 연결 조건 아님; 카운트=unavailable,,,,,,,,,,,,,
10,half_short,20200630LTNC0,10.0,top,,76118,77532,3,319.0,,Other,,,,2-0,not_in_naver,0,,,,,,,,,,,,unavailable,,,,,False,no,,TrackMan: 투수·타자 ID/반이닝/3구; TM−1.5km/h 기준 구속 ±3km/h 별도 대조; 카운트 연결 조건 아님; 카운트=unavailable,,,,,,,,,,,,,
11,half_short,20200630LTNC0,10.0,top,,76118,77532,4,320.0,,Other,,,,3-0,not_in_naver,0,,,,,,,,,,,,unavailable,,,,,False,no,,TrackMan: 투수·타자 ID/반이닝/4구; TM−1.5km/h 기준 구속 ±3km/h 별도 대조; 카운트 연결 조건 아님; 카운트=unavailable,,,,,,,,,,,,,
12,half_short,20200630LTNC0,10.0,top,,76118,78513,1,321.0,145.244,Fastball,,,,0-0,found_with_location,1,200630_220437,200630_220437,106,3,1,H,145,0-0,-0.244,1.256,True,match,-0.436961,1.4167,3.44661,1.63324,True,yes,086-01,TrackMan: 투수·타자 ID/반이닝/1구; TM−1.5km/h 기준 구속 ±3km/h 별도 대조; 카운트 연결 조건 아님; 네이버−TrackMan 구속=-0.244km/h; 기대 편차=+1.256km/h; 카운트=match,200630_220437,10,1,-131.2,-2.97758,4.20025,5.0152,50.0,-1.29554,-10.2261,22.2311,-23.8973,R
13,half_short,20200630LTNC0,10.0,bottom,,77591,78122,1,322.0,132.153,Fastball,,,,0-0,found_with_location,1,200630_220732,200630_220732,108,1,1,H,132,0-0,-0.153,1.347,True,match,0.844991,1.4167,3.44037,1.64252,True,yes,087-01,TrackMan: 투수·타자 ID/반이닝/1구; TM−1.5km/h 기준 구속 ±3km/h 별도 대조; 카운트 연결 조건 아님; 네이버−TrackMan 구속=-0.153km/h; 기대 편차=+1.347km/h; 카운트=match,200630_220732,10,1,-119.323,-4.7661,6.43637,6.04051,50.0,-1.53835,-3.79603,21.2227,-21.02,R
14,half_short,20200630LTNC0,10.0,bottom,,77591,74465,1,323.0,117.666,Curveball,,,,0-0,found_with_location,1,200630_220826,200630_220826,109,2,1,B,117,1-0,-0.666,0.834,True,match,-1.17468,1.4167,3.44358,1.68261,True,yes,088-01,TrackMan: 투수·타자 ID/반이닝/1구; TM−1.5km/h 기준 구속 ±3km/h 별도 대조; 카운트 연결 조건 아님; 네이버−TrackMan 구속=-0.666km/h; 기대 편차=+0.834km/h; 카운트=match,200630_220826,10,1,-105.972,5.29815,1.07173,6.5042,50.0,-1.75888,0.612098,19.3608,-40.3281,R
15,half_short,20200630LTNC0,10.0,bottom,,77591,74465,2,324.0,139.445,Fastball,,,,1-0,found_with_location,1,200630_220859,200630_220859,109,2,2,B,139,2-0,-0.445,1.055,True,match,-0.333832,1.4167,3.44358,1.68261,True,yes,088-02,TrackMan: 투수·타자 ID/반이닝/2구; TM−1.5km/h 기준 구속 ±3km/h 별도 대조; 카운트 연결 조건 아님; 네이버−TrackMan 구속=-0.445km/h; 기대 편차=+1.055km/h; 카운트=match,200630_220859,10,2,-125.758,-9.17928,5.09693,6.00788,50.0,-1.40122,-12.1505,25.818,-13.0878,R
16,half_short,20200630LTNC0,10.0,bottom,,77591,74465,3,325.0,139.348,Fastball,,,,2-0,found_with_location,1,200630_220939,200630_220939,109,2,3,H,139,2-0,-0.348,1.152,True,match,-0.455137,1.4167,3.44358,1.68261,True,yes,088-03,TrackMan: 투수·타자 ID/반이닝/3구; TM−1.5km/h 기준 구속 ±3km/h 별도 대조; 카운트 연결 조건 아님; 네이버−TrackMan 구속=-0.348km/h; 기대 편차=+1.152km/h; 카운트=match,200630_220939,10,3,-125.779,-5.31067,4.66614,6.17708,50.0,-1.32445,-12.4522,25.7847,-14.4256,R
17,half_short,20200630LTNC0,10.0,bottom,,77591,50923,1,326.0,,Other,,,,0-0,not_in_naver,0,,,,,,,,,,,,unavailable,,,,,False,no,,TrackMan: 투수·타자 ID/반이닝/1구; TM−1.5km/h 기준 구속 ±3km/h 별도 대조; 카운트 연결 조건 아님; 카운트=unavailable,,,,,,,,,,,,,
18,half_short,20200630LTNC0,10.0,bottom,,77591,50923,2,327.0,,Other,,,,1-0,not_in_naver,0,,,,,,,,,,,,unavailable,,,,,False,no,,TrackMan: 투수·타자 ID/반이닝/2구; TM−1.5km/h 기준 구속 ±3km/h 별도 대조; 카운트 연결 조건 아님; 카운트=unavailable,,,,,,,,,,,,,
19,half_short,20200630LTNC0,10.0,bottom,,77591,50923,3,328.0,,Other,,,,2-0,not_in_naver,0,,,,,,,,,,,,unavailable,,,,,False,no,,TrackMan: 투수·타자 ID/반이닝/3구; TM−1.5km/h 기준 구속 ±3km/h 별도 대조; 카운트 연결 조건 아님; 카운트=unavailable,,,,,,,,,,,,,
20,half_short,20200630LTNC0,10.0,bottom,,77591,50923,4,329.0,,Other,,,,3-0,not_in_naver,0,,,,,,,,,,,,unavailable,,,,,False,no,,TrackMan: 투수·타자 ID/반이닝/4구; TM−1.5km/h 기준 구속 ±3km/h 별도 대조; 카운트 연결 조건 아님; 카운트=unavailable,,,,,,,,,,,,,
21,half_short,20200630LTNC0,10.0,bottom,,64596,78813,1,330.0,133.608,ChangeUp,,,,0-0,found_with_location,1,200630_221345,200630_221345,112,3,1,T,133,0-1,-0.608,0.892,True,match,-0.131517,1.4167,3.44436,1.68406,True,yes,089-01,TrackMan: 투수·타자 ID/반이닝/1구; TM−1.5km/h 기준 구속 ±3km/h 별도 대조; 카운트 연결 조건 아님; 네이버−TrackMan 구속=-0.608km/h; 기대 편차=+0.892km/h; 카운트=match,200630_221345,10,1,-120.888,-2.40059,-6.20054,5.18316,50.0,1.30484,13.2134,20.2125,-30.2287,R
22,half_short,20200630LTNC0,10.0,bottom,,64596,78813,2,331.0,144.003,Fastball,,,,0-1,found_with_location,1,200630_221404,200630_221404,112,3,2,B,143,1-1,-1.003,0.497,True,match,-2.34182,1.4167,3.44436,1.68406,True,yes,089-02,TrackMan: 투수·타자 ID/반이닝/2구; TM−1.5km/h 기준 구속 ±3km/h 별도 대조; 카운트 연결 조건 아님; 네이버−TrackMan 구속=-1.003km/h; 기대 편차=+0.497km/h; 카운트=match,200630_221404,10,2,-129.839,-2.64839,-10.3855,5.00873,50.0,1.29942,5.26767,25.4001,-18.4325,R
23,half_short,20200630LTNC0,10.0,bottom,,64596,78813,3,332.0,,Other,,,,1-1,not_in_naver,0,,,,,,,,,,,,unavailable,,,,,False,no,,TrackMan: 투수·타자 ID/반이닝/3구; TM−1.5km/h 기준 구속 ±3km/h 별도 대조; 카운트 연결 조건 아님; 카운트=unavailable,,,,,,,,,,,,,
24,half_short,20200630LTNC0,10.0,bottom,,64596,78813,4,333.0,,Other,,,,2-1,not_in_naver,0,,,,,,,,,,,,unavailable,,,,,False,no,,TrackMan: 투수·타자 ID/반이닝/4구; TM−1.5km/h 기준 구속 ±3km/h 별도 대조; 카운트 연결 조건 아님; 카운트=unavailable,,,,,,,,,,,,,
25,half_short,20200630LTNC0,10.0,bottom,,64596,78813,5,334.0,,Other,,,,3-1,not_in_naver,0,,,,,,,,,,,,unavailable,,,,,False,no,,TrackMan: 투수·타자 ID/반이닝/5구; TM−1.5km/h 기준 구속 ±3km/h 별도 대조; 카운트 연결 조건 아님; 카운트=unavailable,,,,,,,,,,,,,
26,half_short,20200630LTNC0,10.0,bottom,,79293,62925,1,335.0,125.452,Slider,,,,0-0,found_with_location,1,200630_221732,200630_221732,113,4,1,T,125,0-1,-0.452,1.048,True,match,-0.470537,1.4167,2.72976,1.1487,True,yes,090-01,TrackMan: 투수·타자 ID/반이닝/1구; TM−1.5km/h 기준 구속 ±3km/h 별도 대조; 카운트 연결 조건 아님; 네이버−TrackMan 구속=-0.452km/h; 기대 편차=+1.048km/h; 카운트=match,200630_221732,10,1,-112.494,3.94951,8.05559,4.37017,50.0,-3.84054,-2.60175,21.3797,-31.2204,R
27,half_short,20200630LTNC0,10.0,bottom,,79293,62925,2,336.0,125.903,Slider,,,,0-1,found_with_location,1,200630_221810,200630_221810,113,4,2,F,125,0-2,-0.903,0.597,True,match,0.824912,1.4167,2.72976,1.1487,True,yes,090-02,TrackMan: 투수·타자 ID/반이닝/2구; TM−1.5km/h 기준 구속 ±3km/h 별도 대조; 카운트 연결 조건 아님; 네이버−TrackMan 구속=-0.903km/h; 기대 편차=+0.597km/h; 카운트=match,200630_221810,10,2,-113.322,2.55641,10.4212,4.22181,50.0,-3.74888,-0.973267,22.0547,-30.5246,R
28,half_short,20200630LTNC0,10.0,bottom,,79293,62925,3,337.0,125.152,Slider,,,,0-2,found_with_location,1,200630_221847,200630_221847,113,4,3,H,125,0-2,-0.152,1.348,True,match,1.63753,1.4167,2.72976,1.1487,True,yes,090-03,TrackMan: 투수·타자 ID/반이닝/3구; TM−1.5km/h 기준 구속 ±3km/h 별도 대조; 카운트 연결 조건 아님; 네이버−TrackMan 구속=-0.152km/h; 기대 편차=+1.348km/h; 카운트=match,200630_221847,10,3,-112.441,1.52725,11.7906,4.25187,50.0,-3.72308,1.03245,15.6805,-27.9349,R
29,half_short,20200630LTNC0,10.0,bottom,,67591,76849,1,338.0,146.6,Fastball,,,,0-0,found_with_location,1,200630_222147,200630_222147,114,5,1,B,146,1-0,-0.6,0.9,True,match,-0.270078,1.4167,3.38437,1.6246,True,yes,091-01,TrackMan: 투수·타자 ID/반이닝/1구; TM−1.5km/h 기준 구속 ±3km/h 별도 대조; 카운트 연결 조건 아님; 네이버−TrackMan 구속=-0.600km/h; 기대 편차=+0.900km/h; 카운트=match,200630_222147,10,1,-132.673,-3.32199,5.93102,5.88898,50.0,-1.58473,-13.0265,27.7804,-15.6849,L
30,half_short,20200630LTNC0,10.0,bottom,,67591,76849,2,339.0,145.08,Fastball,,,,1-0,found_with_location,1,200630_222211,200630_222211,114,5,2,B,145,2-0,-0.08,1.42,True,match,-1.57025,1.4167,3.38437,1.6246,True,yes,091-02,TrackMan: 투수·타자 ID/반이닝/2구; TM−1.5km/h 기준 구속 ±3km/h 별도 대조; 카운트 연결 조건 아님; 네이버−TrackMan 구속=-0.080km/h; 기대 편차=+1.420km/h; 카운트=match,200630_222211,10,2,-131.29,-7.20108,2.76854,5.83423,50.0,-1.61477,-13.7936,25.8991,-14.0874,L
31,half_short,20200630LTNC0,10.0,bottom,,67591,76849,3,340.0,143.97,Fastball,,,,2-0,found_with_location,1,200630_222237,200630_222237,114,5,3,T,144,2-1,0.03,1.53,True,match,0.463013,1.4167,3.38437,1.6246,True,yes,091-03,TrackMan: 투수·타자 ID/반이닝/3구; TM−1.5km/h 기준 구속 ±3km/h 별도 대조; 카운트 연결 조건 아님; 네이버−TrackMan 구속=+0.030km/h; 기대 편차=+1.530km/h; 카운트=match,200630_222237,10,3,-129.932,-5.85562,7.56203,5.92255,50.0,-1.42202,-13.9607,25.6703,-14.3941,L
32,half_short,20200630LTNC0,10.0,bottom,,67591,76849,4,341.0,145.866,Fastball,,,,2-1,found_with_location,1,200630_222300,200630_222300,114,5,4,H,145,2-1,-0.866,0.634,True,match,0.543133,1.4167,3.38437,1.6246,True,yes,091-04,TrackMan: 투수·타자 ID/반이닝/4구; TM−1.5km/h 기준 구속 ±3km/h 별도 대조; 카운트 연결 조건 아님; 네이버−TrackMan 구속=-0.866km/h; 기대 편차=+0.634km/h; 카운트=match,200630_222300,10,4,-131.907,-6.19089,8.01198,5.79532,50.0,-1.42852,-14.9899,28.2281,-14.3828,L
33,half_short,20200630LTNC0,11.0,top,,79358,60523,1,342.0,129.736,Slider,,,,0-0,found_with_location,1,200630_222543,200630_222543,116,1,1,B,133,1-0,3.264,4.764,False,match,-1.2425,1.4167,3.15723,1.43469,True,uncertain_speed_conflict,092-01,TrackMan: 투수·타자 ID/반이닝/1구; TM−1.5km/h 기준 구속 ±3km/h 별도 대조; 카운트 연결 조건 아님; 네이버−TrackMan 구속=+3.264km/h; 기대 편차=+4.764km/h; 카운트=match,200630_222543,11,1,-117.166,-3.70991,-6.11033,5.61935,50.0,1.49759,-1.11549,21.1373,-23.3994,R
34,half_short,20200630LTNC0,11.0,top,,79358,60523,2,343.0,139.745,Fastball,,,,1-0,found_with_location,1,200630_222601,200630_222601,116,1,2,T,142,1-1,2.255,3.755,False,match,0.852707,1.4167,3.15723,1.43469,True,uncertain_speed_conflict,092-02,TrackMan: 투수·타자 ID/반이닝/2구; TM−1.5km/h 기준 구속 ±3km/h 별도 대조; 카운트 연결 조건 아님; 네이버−TrackMan 구속=+2.255km/h; 기대 편차=+3.755km/h; 카운트=match,200630_222601,11,2,-126.015,-5.7841,-2.75825,5.55551,50.0,1.39997,6.95003,24.8241,-10.8339,R
35,half_short,20200630LTNC0,11.0,top,,79358,60523,3,344.0,130.718,Slider,,,,1-1,found_with_location,1,200630_222619,200630_222619,116,1,3,F,131,1-2,0.282,1.782,True,match,-0.326992,1.4167,3.15723,1.43469,True,yes,092-03,TrackMan: 투수·타자 ID/반이닝/3구; TM−1.5km/h 기준 구속 ±3km/h 별도 대조; 카운트 연결 조건 아님; 네이버−TrackMan 구속=+0.282km/h; 기대 편차=+1.782km/h; 카운트=match,200630_222619,11,3,-118.426,-3.72756,-4.05078,5.53194,50.0,1.39874,-0.032302,19.7232,-26.2011,R
36,half_short,20200630LTNC0,11.0,top,,79358,60523,4,345.0,144.405,Fastball,,,,1-2,found_with_location,1,200630_222644,200630_222644,116,1,4,H,144,1-2,-0.405,1.095,True,match,0.136034,1.4167,3.15723,1.43469,True,yes,092-04,TrackMan: 투수·타자 ID/반이닝/4구; TM−1.5km/h 기준 구속 ±3km/h 별도 대조; 카운트 연결 조건 아님; 네이버−TrackMan 구속=-0.405km/h; 기대 편차=+1.095km/h; 카운트=match,200630_222644,11,4,-130.343,-6.19726,-4.60416,5.53563,50.0,1.32119,7.9965,27.1322,-12.4336,R
37,half_short,20200630LTNC0,11.0,top,,79358,71564,1,346.0,132.69,ChangeUp,,,,0-0,found_with_location,1,200630_222751,200630_222751,117,2,1,F,132,0-1,-0.69,0.81,True,match,0.383782,1.4167,3.40735,1.63014,True,yes,093-01,TrackMan: 투수·타자 ID/반이닝/1구; TM−1.5km/h 기준 구속 ±3km/h 별도 대조; 카운트 연결 조건 아님; 네이버−TrackMan 구속=-0.690km/h; 기대 편차=+0.810km/h; 카운트=match,200630_222751,11,1,-119.526,-4.40839,-3.42377,5.58274,50.0,1.44093,4.35436,20.881,-20.085,R
38,half_short,20200630LTNC0,11.0,top,,79358,71564,2,347.0,132.505,ChangeUp,,,,0-1,found_with_location,1,200630_222824,200630_222824,117,2,2,B,132,1-1,-0.505,0.995,True,match,0.497835,1.4167,3.40735,1.63014,True,yes,093-02,TrackMan: 투수·타자 ID/반이닝/2구; TM−1.5km/h 기준 구속 ±3km/h 별도 대조; 카운트 연결 조건 아님; 네이버−TrackMan 구속=-0.505km/h; 기대 편차=+0.995km/h; 카운트=match,200630_222824,11,2,-119.447,-6.60801,-4.2914,5.56285,50.0,1.38863,10.3335,21.579,-20.7287,R
39,half_short,20200630LTNC0,11.0,top,,79358,71564,3,348.0,130.741,Slider,,,,1-1,found_with_location,1,200630_222851,200630_222851,117,2,3,F,130,1-2,-0.741,0.759,True,match,-0.702047,1.4167,3.40735,1.63014,True,yes,093-03,TrackMan: 투수·타자 ID/반이닝/3구; TM−1.5km/h 기준 구속 ±3km/h 별도 대조; 카운트 연결 조건 아님; 네이버−TrackMan 구속=-0.741km/h; 기대 편차=+0.759km/h; 카운트=match,200630_222851,11,3,-118.068,0.310193,-4.18371,5.70905,50.0,1.49969,-4.41214,22.6495,-27.0039,R
40,half_short,20200630LTNC0,11.0,top,,79358,71564,4,349.0,135.374,ChangeUp,,,,1-2,found_with_location,1,200630_222930,200630_222930,117,2,4,F,135,1-2,-0.374,1.126,True,match,0.698726,1.4167,3.40735,1.63014,True,yes,093-04,TrackMan: 투수·타자 ID/반이닝/4구; TM−1.5km/h 기준 구속 ±3km/h 별도 대조; 카운트 연결 조건 아님; 네이버−TrackMan 구속=-0.374km/h; 기대 편차=+1.126km/h; 카운트=match,200630_222930,11,4,-122.393,-4.15197,-3.6987,5.63741,50.0,1.27531,11.1389,24.4987,-20.3784,R
41,half_short,20200630LTNC0,11.0,top,,79358,71564,5,350.0,144.598,Fastball,,,,1-2,found_with_location,1,200630_223003,200630_223003,117,2,5,F,144,1-2,-0.598,0.902,True,match,0.58316,1.4167,3.40735,1.63014,True,yes,093-05,TrackMan: 투수·타자 ID/반이닝/5구; TM−1.5km/h 기준 구속 ±3km/h 별도 대조; 카운트 연결 조건 아님; 네이버−TrackMan 구속=-0.598km/h; 기대 편차=+0.902km/h; 카운트=match,200630_223003,11,5,-130.421,-4.59368,-3.74634,5.59202,50.0,1.27276,10.1446,29.8442,-11.4564,R
42,half_short,20200630LTNC0,11.0,top,,79358,71564,6,351.0,133.506,Slider,,,,1-2,found_with_location,1,200630_223036,200630_223036,117,2,6,B,133,2-2,-0.506,0.994,True,match,-0.302155,1.4167,3.40735,1.63014,True,yes,093-06,TrackMan: 투수·타자 ID/반이닝/6구; TM−1.5km/h 기준 구속 ±3km/h 별도 대조; 카운트 연결 조건 아님; 네이버−TrackMan 구속=-0.506km/h; 기대 편차=+0.994km/h; 카운트=match,200630_223036,11,6,-120.626,-5.00224,-3.71701,5.46766,50.0,1.33522,-0.937733,21.5848,-24.6551,R
43,half_short,20200630LTNC0,11.0,top,,79358,71564,7,352.0,120.712,Curveball,,,,2-2,found_with_location,1,200630_223113,200630_223113,117,2,7,H,120,2-2,-0.712,0.788,True,match,-0.451546,1.4167,3.40735,1.63014,True,yes,093-07,TrackMan: 투수·타자 ID/반이닝/7구; TM−1.5km/h 기준 구속 ±3km/h 별도 대조; 카운트 연결 조건 아님; 네이버−TrackMan 구속=-0.712km/h; 기대 편차=+0.788km/h; 카운트=match,200630_223113,11,7,-109.437,1.38101,-2.55074,5.74042,50.0,1.60695,-8.20618,19.1558,-35.8991,R
44,half_short,20200630LTNC0,11.0,top,,79358,50506,1,353.0,132.499,ChangeUp,,,,0-0,found_with_location,1,200630_223209,200630_223209,118,3,1,B,132,1-0,-0.499,1.001,True,match,-0.60302,1.4167,3.375,1.5,True,yes,094-01,TrackMan: 투수·타자 ID/반이닝/1구; TM−1.5km/h 기준 구속 ±3km/h 별도 대조; 카운트 연결 조건 아님; 네이버−TrackMan 구속=-0.499km/h; 기대 편차=+1.001km/h; 카운트=match,200630_223209,11,1,-119.535,-6.19593,-6.90751,5.60483,50.0,1.3196,11.1762,22.4836,-23.1468,R
45,half_short,20200630LTNC0,11.0,top,,79358,50506,2,354.0,142.664,Fastball,,,,1-0,found_with_location,1,200630_223227,200630_223227,118,3,2,B,142,2-0,-0.664,0.836,True,match,-1.00471,1.4167,3.375,1.5,True,yes,094-02,TrackMan: 투수·타자 ID/반이닝/2구; TM−1.5km/h 기준 구속 ±3km/h 별도 대조; 카운트 연결 조건 아님; 네이버−TrackMan 구속=-0.664km/h; 기대 편차=+0.836km/h; 카운트=match,200630_223227,11,2,-128.607,-7.50632,-7.0901,5.44105,50.0,1.10477,8.80416,26.6242,-10.9751,R
46,half_short,20200630LTNC0,11.0,top,,79358,50506,3,355.0,140.776,Fastball,,,,2-0,found_with_location,1,200630_223247,200630_223247,118,3,3,B,140,3-0,-0.776,0.724,True,match,-0.178899,1.4167,3.375,1.5,True,yes,094-03,TrackMan: 투수·타자 ID/반이닝/3구; TM−1.5km/h 기준 구속 ±3km/h 별도 대조; 카운트 연결 조건 아님; 네이버−TrackMan 구속=-0.776km/h; 기대 편차=+0.724km/h; 카운트=match,200630_223247,11,3,-127.051,-8.583,-5.9658,5.32293,50.0,1.37275,10.4191,27.0389,-11.3555,R
47,half_short,20200630LTNC0,11.0,top,,79358,50506,4,356.0,142.075,Fastball,,,,3-0,found_with_location,1,200630_223308,200630_223308,118,3,4,T,142,3-1,-0.075,1.425,True,match,-0.436259,1.4167,3.375,1.5,True,yes,094-04,TrackMan: 투수·타자 ID/반이닝/4구; TM−1.5km/h 기준 구속 ±3km/h 별도 대조; 카운트 연결 조건 아님; 네이버−TrackMan 구속=-0.075km/h; 기대 편차=+1.425km/h; 카운트=match,200630_223308,11,4,-128.057,-6.559,-6.12767,5.51802,50.0,1.20909,9.97409,27.7118,-12.0048,R
48,half_short,20200630LTNC0,11.0,top,,79358,50506,5,357.0,133.02,Slider,,,,3-1,found_with_location,1,200630_223325,200630_223325,118,3,5,B,133,4-1,-0.02,1.48,True,match,-0.793757,1.4167,3.375,1.5,True,yes,094-05,TrackMan: 투수·타자 ID/반이닝/5구; TM−1.5km/h 기준 구속 ±3km/h 별도 대조; 카운트 연결 조건 아님; 네이버−TrackMan 구속=-0.020km/h; 기대 편차=+1.480km/h; 카운트=match,200630_223325,11,5,-119.935,-8.04705,-5.08339,5.31745,50.0,1.29376,0.601318,21.7269,-23.0835,R
49,half_short,20200630LTNC0,11.0,top,,69962,68518,1,358.0,143.195,Fastball,,,,0-0,found_with_location,1,200630_223607,200630_223607,119,4,1,H,143,0-0,-0.195,1.305,True,match,0.283423,1.4167,3.27993,1.5,True,yes,095-01,TrackMan: 투수·타자 ID/반이닝/1구; TM−1.5km/h 기준 구속 ±3km/h 별도 대조; 카운트 연결 조건 아님; 네이버−TrackMan 구속=-0.195km/h; 기대 편차=+1.305km/h; 카운트=match,200630_223607,11,1,-128.891,-3.72547,10.8332,5.30127,50.0,-2.69744,-16.5657,27.7758,-16.8525,R
50,half_short,20200630LTNC0,11.0,top,,69962,79608,1,359.0,,Other,,,,0-0,not_in_naver,0,,,,,,,,,,,,unavailable,,,,,False,no,,TrackMan: 투수·타자 ID/반이닝/1구; TM−1.5km/h 기준 구속 ±3km/h 별도 대조; 카운트 연결 조건 아님; 카운트=unavailable,,,,,,,,,,,,,
51,half_short,20200630LTNC0,11.0,top,,69962,79608,2,360.0,,Other,,,,1-0,not_in_naver,0,,,,,,,,,,,,unavailable,,,,,False,no,,TrackMan: 투수·타자 ID/반이닝/2구; TM−1.5km/h 기준 구속 ±3km/h 별도 대조; 카운트 연결 조건 아님; 카운트=unavailable,,,,,,,,,,,,,
52,half_short,20200630LTNC0,11.0,top,,69962,79608,3,361.0,,Other,,,,2-0,not_in_naver,0,,,,,,,,,,,,unavailable,,,,,False,no,,TrackMan: 투수·타자 ID/반이닝/3구; TM−1.5km/h 기준 구속 ±3km/h 별도 대조; 카운트 연결 조건 아님; 카운트=unavailable,,,,,,,,,,,,,
53,half_short,20200630LTNC0,11.0,top,,69962,79608,4,362.0,,Other,,,,3-0,not_in_naver,0,,,,,,,,,,,,unavailable,,,,,False,no,,TrackMan: 투수·타자 ID/반이닝/4구; TM−1.5km/h 기준 구속 ±3km/h 별도 대조; 카운트 연결 조건 아님; 카운트=unavailable,,,,,,,,,,,,,
54,half_short,20200630LTNC0,11.0,top,,69962,62556,1,363.0,136.386,Fastball,,,,0-0,found_with_location,1,200630_223715,200630_223715,121,5,1,H,136,0-0,-0.386,1.114,True,match,-0.122747,1.4167,3.22183,1.45551,True,yes,096-01,TrackMan: 투수·타자 ID/반이닝/1구; TM−1.5km/h 기준 구속 ±3km/h 별도 대조; 카운트 연결 조건 아님; 네이버−TrackMan 구속=-0.386km/h; 기대 편차=+1.114km/h; 카운트=match,200630_223715,11,1,-123.011,-1.9034,7.77781,5.52857,50.0,-2.72031,-7.059,22.5737,-17.9392,R
55,half_short,20200630LTNC0,11.0,top,,69962,76249,1,364.0,138.207,Fastball,,,,0-0,found_with_location,1,200630_223801,200630_223801,122,6,1,S,138,0-1,-0.207,1.293,True,match,-0.195283,1.4167,3.10898,1.41962,True,yes,097-01,TrackMan: 투수·타자 ID/반이닝/1구; TM−1.5km/h 기준 구속 ±3km/h 별도 대조; 카운트 연결 조건 아님; 네이버−TrackMan 구속=-0.207km/h; 기대 편차=+1.293km/h; 카운트=match,200630_223801,11,1,-124.921,-2.87707,7.63868,5.44465,50.0,-2.67956,-7.42835,24.4522,-17.7402,R
56,half_short,20200630LTNC0,11.0,top,,69962,76249,2,365.0,145.53,Fastball,,,,0-1,found_with_location,1,200630_223829,200630_223829,122,6,2,S,145,0-2,-0.53,0.97,True,match,0.064882,1.4167,3.10898,1.41962,True,yes,097-02,TrackMan: 투수·타자 ID/반이닝/2구; TM−1.5km/h 기준 구속 ±3km/h 별도 대조; 카운트 연결 조건 아님; 네이버−TrackMan 구속=-0.530km/h; 기대 편차=+0.970km/h; 카운트=match,200630_223829,11,2,-130.927,-2.56146,11.2465,5.29237,50.0,-2.94635,-17.9443,28.8139,-13.9267,R
57,half_short,20200630LTNC0,11.0,top,,69962,76249,3,366.0,145.91,Fastball,,,,0-2,found_with_location,1,200630_223859,200630_223859,122,6,3,T,145,0-3,-0.91,0.59,True,match,0.376731,1.4167,3.10898,1.41962,True,yes,097-03,TrackMan: 투수·타자 ID/반이닝/3구; TM−1.5km/h 기준 구속 ±3km/h 별도 대조; 카운트 연결 조건 아님; 네이버−TrackMan 구속=-0.910km/h; 기대 편차=+0.590km/h; 카운트=match,200630_223859,11,3,-131.394,-6.20908,11.3699,5.11095,50.0,-2.69874,-17.678,29.9477,-14.1523,R
58,half_short,20210606HHNC0,6.0,bottom,,77318,76232,1,191.0,142.81,Fastball,,,,0-0,found_with_location,1,210606_185551,210606_185551,56,1,1,F,143,0-1,0.19,1.69,True,match,0.385789,1.4167,3.27759,1.51127,True,no,,TrackMan: 투수·타자 ID/반이닝/1구; TM−1.5km/h 기준 구속 ±3km/h 별도 대조; 카운트 연결 조건 아님; 네이버−TrackMan 구속=+0.190km/h; 기대 편차=+1.690km/h; 카운트=match,210606_185551,6,1,-128.727,-7.49388,7.6655,5.54127,50.0,-1.52394,-14.2511,24.2876,-13.7682,R
59,half_short,20210606HHNC0,6.0,bottom,,77318,76232,2,192.0,135.294,Slider,,,,0-1,found_with_location,1,210606_185609,210606_185609,56,1,2,H,135,0-1,-0.294,1.206,True,match,1.08372,1.4167,3.27759,1.51127,True,no,,TrackMan: 투수·타자 ID/반이닝/2구; TM−1.5km/h 기준 구속 ±3km/h 별도 대조; 카운트 연결 조건 아님; 네이버−TrackMan 구속=-0.294km/h; 기대 편차=+1.206km/h; 카운트=match,210606_185609,6,2,-122.365,-2.85541,7.03216,5.67238,50.0,-1.52956,-3.28547,20.3621,-21.5154,R
60,half_short,20210606HHNC0,6.0,bottom,,77318,50923,1,193.0,144.857,Fastball,,,,0-0,found_with_location,1,210606_185649,210606_185649,57,2,1,T,144,0-1,-0.857,0.643,True,match,-0.186801,1.4167,3.73202,1.85666,True,no,,TrackMan: 투수·타자 ID/반이닝/1구; TM−1.5km/h 기준 구속 ±3km/h 별도 대조; 카운트 연결 조건 아님; 네이버−TrackMan 구속=-0.857km/h; 기대 편차=+0.643km/h; 카운트=match,210606_185649,6,1,-131.102,-3.53616,6.58188,5.60087,50.0,-1.56832,-15.5539,26.169,-17.9395,R
61,half_short,20210606HHNC0,6.0,bottom,,77318,50923,2,194.0,120.665,Curveball,,,,0-1,found_with_location,1,210606_185703,210606_185703,57,2,2,B,120,1-1,-0.665,0.835,True,match,-0.702648,1.4167,3.73202,1.85666,True,no,,TrackMan: 투수·타자 ID/반이닝/2구; TM−1.5km/h 기준 구속 ±3km/h 별도 대조; 카운트 연결 조건 아님; 네이버−TrackMan 구속=-0.665km/h; 기대 편차=+0.835km/h; 카운트=match,210606_185703,6,2,-108.825,5.05021,0.463986,6.12516,50.0,-1.45148,4.89528,19.9749,-44.1978,R
62,half_short,20210606HHNC0,6.0,bottom,,77318,50923,3,195.0,120.149,Curveball,,,,1-1,found_with_location,1,210606_185717,210606_185717,57,2,3,H,120,1-1,-0.149,1.351,True,match,-0.373631,1.4167,3.73202,1.85666,True,no,,TrackMan: 투수·타자 ID/반이닝/3구; TM−1.5km/h 기준 구속 ±3km/h 별도 대조; 카운트 연결 조건 아님; 네이버−TrackMan 구속=-0.149km/h; 기대 편차=+1.351km/h; 카운트=match,210606_185717,6,3,-108.473,1.4072,0.999041,6.01199,50.0,-1.55476,6.46577,21.1528,-42.9411,R
63,half_short,20210606HHNC0,6.0,bottom,,65707,74465,1,196.0,142.176,Fastball,,,,0-0,found_with_location,1,210606_190053,210606_190053,58,3,1,S,142,0-1,-0.176,1.324,True,match,-0.202373,1.4167,3.44358,1.68261,True,no,,TrackMan: 투수·타자 ID/반이닝/1구; TM−1.5km/h 기준 구속 ±3km/h 별도 대조; 카운트 연결 조건 아님; 네이버−TrackMan 구속=-0.176km/h; 기대 편차=+1.324km/h; 카운트=match,210606_190053,6,1,-128.229,-6.66014,6.34587,5.76861,50.0,-1.94179,-9.82436,26.0201,-13.803,R
64,half_short,20210606HHNC0,6.0,bottom,,65707,74465,2,197.0,142.665,Fastball,,,,0-1,found_with_location,1,210606_190136,210606_190136,58,3,2,H,142,0-1,-0.665,0.835,True,match,0.091577,1.4167,3.44358,1.68261,True,no,,TrackMan: 투수·타자 ID/반이닝/2구; TM−1.5km/h 기준 구속 ±3km/h 별도 대조; 카운트 연결 조건 아님; 네이버−TrackMan 구속=-0.665km/h; 기대 편차=+0.835km/h; 카운트=match,210606_190136,6,2,-128.667,-6.36925,7.08569,5.76322,50.0,-1.93424,-9.80961,25.0502,-12.1908,R
65,half_short,20210606HHNC0,6.0,bottom,,63749,62931,1,198.0,140.181,Fastball,,,,0-0,found_with_location,1,210606_190511,210606_190511,59,4,1,B,140,1-0,-0.181,1.319,True,match,-0.26867,1.4167,3.48005,1.65919,True,no,,TrackMan: 투수·타자 ID/반이닝/1구; TM−1.5km/h 기준 구속 ±3km/h 별도 대조; 카운트 연결 조건 아님; 네이버−TrackMan 구속=-0.181km/h; 기대 편차=+1.319km/h; 카운트=match,210606_190511,6,1,-126.546,-7.96384,-7.4348,5.78397,50.0,2.1661,6.4695,18.8299,-15.7662,L
66,half_short,20210606HHNC0,6.0,bottom,,63749,62931,2,199.0,142.849,Fastball,,,,1-0,found_with_location,1,210606_190535,210606_190535,59,4,2,H,142,1-0,-0.849,0.651,True,match,-0.790746,1.4167,3.48005,1.65919,True,no,,TrackMan: 투수·타자 ID/반이닝/2구; TM−1.5km/h 기준 구속 ±3km/h 별도 대조; 카운트 연결 조건 아님; 네이버−TrackMan 구속=-0.849km/h; 기대 편차=+0.651km/h; 카운트=match,210606_190535,6,2,-129.277,-6.08472,-9.3129,5.78614,50.0,2.11424,9.58285,24.615,-14.3491,L
67,half_short,20210606HHNC0,6.0,bottom,,63749,62925,1,200.0,141.002,Fastball,,,,0-0,found_with_location,1,210606_190638,210606_190638,61,5,1,B,140,1-0,-1.002,0.498,True,match,1.07953,1.4167,3.17774,1.45809,True,no,,TrackMan: 투수·타자 ID/반이닝/1구; TM−1.5km/h 기준 구속 ±3km/h 별도 대조; 카운트 연결 조건 아님; 네이버−TrackMan 구속=-1.002km/h; 기대 편차=+0.498km/h; 카운트=match,210606_190638,6,1,-127.743,-4.03295,-4.61127,5.87264,50.0,2.29058,7.79416,21.6846,-19.6985,R
68,half_short,20210606HHNC0,6.0,bottom,,63749,62925,2,201.0,141.134,Fastball,,,,1-0,found_with_location,1,210606_190701,210606_190701,61,5,2,F,141,1-1,-0.134,1.366,True,match,-0.49262,1.4167,3.17774,1.45809,True,no,,TrackMan: 투수·타자 ID/반이닝/2구; TM−1.5km/h 기준 구속 ±3km/h 별도 대조; 카운트 연결 조건 아님; 네이버−TrackMan 구속=-0.134km/h; 기대 편차=+1.366km/h; 카운트=match,210606_190701,6,2,-128.186,-5.87781,-7.90414,5.79821,50.0,2.03513,7.5199,23.8963,-19.951,R
69,half_short,20210606HHNC0,6.0,bottom,,63749,62925,3,202.0,141.174,Fastball,,,,1-1,found_with_location,1,210606_190746,210606_190746,61,5,3,B,141,2-1,-0.174,1.326,True,match,1.37223,1.4167,3.17774,1.45809,True,no,,TrackMan: 투수·타자 ID/반이닝/3구; TM−1.5km/h 기준 구속 ±3km/h 별도 대조; 카운트 연결 조건 아님; 네이버−TrackMan 구속=-0.174km/h; 기대 편차=+1.326km/h; 카운트=match,210606_190746,6,3,-127.896,-4.53875,-3.57463,5.94508,50.0,2.16951,7.87721,24.2489,-18.1725,R
70,half_short,20210606HHNC0,6.0,bottom,,63749,62925,4,203.0,140.737,Fastball,,,,2-1,found_with_location,1,210606_190813,210606_190813,61,5,4,B,140,3-1,-0.737,0.763,True,match,-0.831101,1.4167,3.17774,1.45809,True,no,,TrackMan: 투수·타자 ID/반이닝/4구; TM−1.5km/h 기준 구속 ±3km/h 별도 대조; 카운트 연결 조건 아님; 네이버−TrackMan 구속=-0.737km/h; 기대 편차=+0.763km/h; 카운트=match,210606_190813,6,4,-127.43,-0.033003,-8.11636,6.17025,50.0,2.04144,4.31449,23.201,-17.8071,R
71,half_short,20210606HHNC0,6.0,bottom,,63749,62925,5,204.0,139.412,Fastball,,,,3-1,found_with_location,1,210606_190840,210606_190840,61,5,5,B,139,4-1,-0.412,1.088,True,match,-0.618346,1.4167,3.17774,1.45809,True,no,,TrackMan: 투수·타자 ID/반이닝/5구; TM−1.5km/h 기준 구속 ±3km/h 별도 대조; 카운트 연결 조건 아님; 네이버−TrackMan 구속=-0.412km/h; 기대 편차=+1.088km/h; 카운트=match,210606_190840,6,5,-125.958,-2.66374,-7.82642,5.93856,50.0,2.09591,5.13182,21.0309,-20.0912,R
72,half_short,20210606HHNC0,6.0,bottom,,63749,78122,1,205.0,128.034,Slider,,,,0-0,found_with_location,1,210606_190927,210606_190927,62,6,1,B,128,1-0,-0.034,1.466,True,match,0.867913,1.4167,3.25736,1.65989,True,no,,TrackMan: 투수·타자 ID/반이닝/1구; TM−1.5km/h 기준 구속 ±3km/h 별도 대조; 카운트 연결 조건 아님; 네이버−TrackMan 구속=-0.034km/h; 기대 편차=+1.466km/h; 카운트=match,210606_190927,6,1,-115.75,0.448052,-2.3263,6.21618,50.0,2.22688,-3.71983,17.2621,-31.7309,R
73,half_short,20210606HHNC0,6.0,bottom,,63749,78122,2,206.0,127.892,Slider,,,,1-0,found_with_location,1,210606_190949,210606_190949,62,6,2,T,128,1-1,0.108,1.608,True,match,0.786627,1.4167,3.25736,1.65989,True,no,,TrackMan: 투수·타자 ID/반이닝/2구; TM−1.5km/h 기준 구속 ±3km/h 별도 대조; 카운트 연결 조건 아님; 네이버−TrackMan 구속=+0.108km/h; 기대 편차=+1.608km/h; 카운트=match,210606_190949,6,2,-115.757,-1.92334,-2.37289,6.07709,50.0,2.24514,-4.47003,19.606,-31.6213,R
74,half_short,20210606HHNC0,6.0,bottom,,63749,78122,3,207.0,125.31,ChangeUp,,,,1-1,found_with_location,1,210606_191014,210606_191014,62,6,3,B,125,2-1,-0.31,1.19,True,match,1.59574,1.4167,3.25736,1.65989,True,no,,TrackMan: 투수·타자 ID/반이닝/3구; TM−1.5km/h 기준 구속 ±3km/h 별도 대조; 카운트 연결 조건 아님; 네이버−TrackMan 구속=-0.310km/h; 기대 편차=+1.190km/h; 카운트=match,210606_191014,6,3,-113.36,-2.82288,-3.30498,5.94088,50.0,2.50028,5.71504,18.3524,-21.9394,R
75,half_short,20210606HHNC0,6.0,bottom,,63749,78122,4,208.0,128.666,Slider,,,,2-1,found_with_location,1,210606_191042,210606_191042,62,6,4,S,128,2-2,-0.666,0.834,True,match,-0.753904,1.4167,3.25736,1.65989,True,no,,TrackMan: 투수·타자 ID/반이닝/4구; TM−1.5km/h 기준 구속 ±3km/h 별도 대조; 카운트 연결 조건 아님; 네이버−TrackMan 구속=-0.666km/h; 기대 편차=+0.834km/h; 카운트=match,210606_191042,6,4,-116.397,-3.50311,-6.29497,6.03038,50.0,2.00652,-0.530825,16.6902,-30.7898,R
76,half_short,20210606HHNC0,6.0,bottom,,63749,78122,5,209.0,128.058,Slider,,,,2-2,found_with_location,1,210606_191115,210606_191115,62,6,5,B,128,3-2,-0.058,1.442,True,match,1.21862,1.4167,3.25736,1.65989,True,no,,TrackMan: 투수·타자 ID/반이닝/5구; TM−1.5km/h 기준 구속 ±3km/h 별도 대조; 카운트 연결 조건 아님; 네이버−TrackMan 구속=-0.058km/h; 기대 편차=+1.442km/h; 카운트=match,210606_191115,6,5,-116.0,-3.51104,-2.63357,6.01591,50.0,2.42654,-0.699994,18.3145,-31.274,R
77,half_short,20210606HHNC0,6.0,bottom,,63749,78122,6,210.0,129.245,Slider,,,,3-2,found_with_location,1,210606_191146,210606_191146,62,6,6,B,129,4-2,-0.245,1.255,True,match,-0.022494,1.4167,3.25736,1.65989,True,no,,TrackMan: 투수·타자 ID/반이닝/6구; TM−1.5km/h 기준 구속 ±3km/h 별도 대조; 카운트 연결 조건 아님; 네이버−TrackMan 구속=-0.245km/h; 기대 편차=+1.255km/h; 카운트=match,210606_191146,6,6,-116.925,-7.98214,-4.65253,5.86732,50.0,2.17172,-1.99011,20.3751,-27.5718,R
78,half_short,20210606HHNC0,6.0,bottom,,63749,62907,1,211.0,142.694,Fastball,,,,0-0,found_with_location,1,210606_191239,210606_191239,63,7,1,B,142,1-0,-0.694,0.806,True,match,-0.835971,1.4167,3.44209,1.72864,True,no,,TrackMan: 투수·타자 ID/반이닝/1구; TM−1.5km/h 기준 구속 ±3km/h 별도 대조; 카운트 연결 조건 아님; 네이버−TrackMan 구속=-0.694km/h; 기대 편차=+0.806km/h; 카운트=match,210606_191239,6,1,-129.123,-8.31544,-8.35519,5.72171,50.0,2.04889,4.93134,23.6699,-15.3982,L
79,half_short,20210606HHNC0,6.0,bottom,,63749,62907,2,212.0,128.309,Slider,,,,1-0,found_with_location,1,210606_191302,210606_191302,63,7,2,B,128,2-0,-0.309,1.191,True,match,0.588138,1.4167,3.44209,1.72864,True,no,,TrackMan: 투수·타자 ID/반이닝/2구; TM−1.5km/h 기준 구속 ±3km/h 별도 대조; 카운트 연결 조건 아님; 네이버−TrackMan 구속=-0.309km/h; 기대 편차=+1.191km/h; 카운트=match,210606_191302,6,2,-116.325,-1.64914,-3.35518,6.12983,50.0,2.20633,-1.75322,19.3362,-29.2683,L
80,half_short,20210606HHNC0,6.0,bottom,,63749,62907,3,213.0,142.082,Fastball,,,,2-0,found_with_location,1,210606_191325,210606_191325,63,7,3,H,142,2-0,-0.082,1.418,True,match,0.048427,1.4167,3.44209,1.72864,True,no,,TrackMan: 투수·타자 ID/반이닝/3구; TM−1.5km/h 기준 구속 ±3km/h 별도 대조; 카운트 연결 조건 아님; 네이버−TrackMan 구속=-0.082km/h; 기대 편차=+1.418km/h; 카운트=match,210606_191325,6,3,-128.444,-5.95838,-6.10573,5.92236,50.0,2.18675,3.29394,22.336,-15.475,L
81,half_short,20210606HHNC0,6.0,bottom,,79440,76849,1,214.0,141.528,Fastball,,,,0-0,found_with_location,1,210606_191706,210606_191706,64,8,1,B,141,1-0,-0.528,0.972,True,match,-0.916559,1.4167,3.38437,1.6246,True,no,,TrackMan: 투수·타자 ID/반이닝/1구; TM−1.5km/h 기준 구속 ±3km/h 별도 대조; 카운트 연결 조건 아님; 네이버−TrackMan 구속=-0.528km/h; 기대 편차=+0.972km/h; 카운트=match,210606_191706,6,1,-128.606,-3.87889,2.20281,6.02372,50.0,-1.34792,-5.62443,25.6753,-14.4725,L
82,half_short,20210606HHNC0,6.0,bottom,,79440,76849,2,215.0,142.284,Fastball,,,,1-0,found_with_location,1,210606_191725,210606_191725,64,8,2,F,142,1-1,-0.284,1.216,True,match,-0.381998,1.4167,3.38437,1.6246,True,no,,TrackMan: 투수·타자 ID/반이닝/2구; TM−1.5km/h 기준 구속 ±3km/h 별도 대조; 카운트 연결 조건 아님; 네이버−TrackMan 구속=-0.284km/h; 기대 편차=+1.216km/h; 카운트=match,210606_191725,6,2,-128.787,-5.88779,4.53166,5.88393,50.0,-1.48066,-8.8226,24.9088,-13.9198,L
83,half_short,20210606HHNC0,6.0,bottom,,79440,76849,3,216.0,132.177,ChangeUp,,,,1-1,found_with_location,1,210606_191752,210606_191752,64,8,3,F,132,1-2,-0.177,1.323,True,match,-0.50917,1.4167,3.38437,1.6246,True,no,,TrackMan: 투수·타자 ID/반이닝/3구; TM−1.5km/h 기준 구속 ±3km/h 별도 대조; 카운트 연결 조건 아님; 네이버−TrackMan 구속=-0.177km/h; 기대 편차=+1.323km/h; 카운트=match,210606_191752,6,3,-119.637,-7.29373,4.2692,5.97542,50.0,-1.33473,-10.9646,20.424,-18.8695,L
84,half_short,20210606HHNC0,6.0,bottom,,79440,76849,4,217.0,146.707,Fastball,,,,1-2,found_with_location,1,210606_191826,210606_191826,64,8,4,B,146,2-2,-0.707,0.793,True,match,-0.760331,1.4167,3.38437,1.6246,True,no,,TrackMan: 투수·타자 ID/반이닝/4구; TM−1.5km/h 기준 구속 ±3km/h 별도 대조; 카운트 연결 조건 아님; 네이버−TrackMan 구속=-0.707km/h; 기대 편차=+0.793km/h; 카운트=match,210606_191826,6,4,-133.116,-3.89925,3.3248,5.93801,50.0,-1.38705,-8.81828,29.3357,-11.5253,L
85,half_short,20210606HHNC0,6.0,bottom,,79440,76849,5,218.0,142.832,Fastball,,,,2-2,found_with_location,1,210606_191850,210606_191850,64,8,5,F,143,2-2,0.168,1.668,True,match,-0.77534,1.4167,3.38437,1.6246,True,no,,TrackMan: 투수·타자 ID/반이닝/5구; TM−1.5km/h 기준 구속 ±3km/h 별도 대조; 카운트 연결 조건 아님; 네이버−TrackMan 구속=+0.168km/h; 기대 편차=+1.668km/h; 카운트=match,210606_191850,6,5,-129.75,-5.60373,4.02764,5.86958,50.0,-1.46527,-11.588,25.1937,-13.3779,L
86,half_short,20210606HHNC0,6.0,bottom,,79440,76849,6,219.0,131.824,ChangeUp,,,,2-2,found_with_location,1,210606_191924,210606_191924,64,8,6,F,131,2-2,-0.824,0.676,True,match,-0.273988,1.4167,3.38437,1.6246,True,no,,TrackMan: 투수·타자 ID/반이닝/6구; TM−1.5km/h 기준 구속 ±3km/h 별도 대조; 카운트 연결 조건 아님; 네이버−TrackMan 구속=-0.824km/h; 기대 편차=+0.676km/h; 카운트=match,210606_191924,6,6,-119.579,-3.48066,4.26902,6.14667,50.0,-1.10329,-10.9247,19.0663,-21.9869,L
87,half_short,20210606HHNC0,6.0,bottom,,79440,76849,7,220.0,145.501,Fastball,,,,2-2,found_with_location,1,210606_191959,210606_191959,64,8,7,H,145,2-2,-0.501,0.999,True,match,-0.515504,1.4167,3.38437,1.6246,True,no,,TrackMan: 투수·타자 ID/반이닝/7구; TM−1.5km/h 기준 구속 ±3km/h 별도 대조; 카운트 연결 조건 아님; 네이버−TrackMan 구속=-0.501km/h; 기대 편차=+0.999km/h; 카운트=match,210606_191959,6,7,-131.972,-7.81552,4.21416,5.87079,50.0,-1.39359,-10.0397,28.6751,-12.2182,L
88,half_short,20210606HHNC0,6.0,bottom,,79440,62947,1,221.0,144.299,Fastball,,,,0-0,found_with_location,1,210606_192053,210606_192053,65,9,1,B,144,1-0,-0.299,1.201,True,match,0.940515,1.4167,3.339,1.60261,True,no,,TrackMan: 투수·타자 ID/반이닝/1구; TM−1.5km/h 기준 구속 ±3km/h 별도 대조; 카운트 연결 조건 아님; 네이버−TrackMan 구속=-0.299km/h; 기대 편차=+1.201km/h; 카운트=match,210606_192053,6,1,-130.804,-4.24607,8.19198,6.03137,50.0,-1.21522,-13.5997,29.3132,-11.7884,L
89,half_short,20210606HHNC0,6.0,bottom,,79440,62947,2,222.0,144.022,Fastball,,,,1-0,found_with_location,1,210606_192111,210606_192111,65,9,2,S,144,1-1,-0.022,1.478,True,match,-0.600821,1.4167,3.339,1.60261,True,no,,TrackMan: 투수·타자 ID/반이닝/2구; TM−1.5km/h 기준 구속 ±3km/h 별도 대조; 카운트 연결 조건 아님; 네이버−TrackMan 구속=-0.022km/h; 기대 편차=+1.478km/h; 카운트=match,210606_192111,6,2,-130.456,-7.0827,4.39853,5.94534,50.0,-1.35427,-12.6511,29.7753,-9.04601,L
90,half_short,20210606HHNC0,6.0,bottom,,79440,62947,3,223.0,141.859,Fastball,,,,1-1,found_with_location,1,210606_192146,210606_192146,65,9,3,B,141,2-1,-0.859,0.641,True,match,2.04726,1.4167,3.339,1.60261,True,no,,TrackMan: 투수·타자 ID/반이닝/3구; TM−1.5km/h 기준 구속 ±3km/h 별도 대조; 카운트 연결 조건 아님; 네이버−TrackMan 구속=-0.859km/h; 기대 편차=+0.641km/h; 카운트=match,210606_192146,6,3,-127.908,-9.18753,10.1898,5.78292,50.0,-1.05448,-11.8116,24.386,-11.8401,L
91,half_short,20210606HHNC0,6.0,bottom,,79440,62947,4,224.0,144.375,Fastball,,,,2-1,found_with_location,1,210606_192241,210606_192241,65,9,4,B,144,3-1,-0.375,1.125,True,match,1.22026,1.4167,3.339,1.60261,True,no,,TrackMan: 투수·타자 ID/반이닝/4구; TM−1.5km/h 기준 구속 ±3km/h 별도 대조; 카운트 연결 조건 아님; 네이버−TrackMan 구속=-0.375km/h; 기대 편차=+1.125km/h; 카운트=match,210606_192241,6,4,-130.642,-6.29514,8.21272,5.98251,50.0,-1.08078,-11.7425,27.2778,-11.1528,L
92,half_short,20210606HHNC0,6.0,bottom,,79440,62947,5,225.0,136.93,ChangeUp,,,,3-1,found_with_location,1,210606_192309,210606_192309,65,9,5,F,137,3-2,0.07,1.57,True,match,-0.028722,1.4167,3.339,1.60261,True,no,,TrackMan: 투수·타자 ID/반이닝/5구; TM−1.5km/h 기준 구속 ±3km/h 별도 대조; 카운트 연결 조건 아님; 네이버−TrackMan 구속=+0.070km/h; 기대 편차=+1.570km/h; 카운트=match,210606_192309,6,5,-124.545,-5.98075,5.41422,5.86736,50.0,-1.31401,-11.0923,26.0685,-19.3103,L
93,half_short,20210606HHNC0,6.0,bottom,,79440,62947,6,226.0,146.254,Fastball,,,,3-2,found_with_location,1,210606_192341,210606_192341,65,9,6,F,146,3-2,-0.254,1.246,True,match,0.850108,1.4167,3.339,1.60261,True,no,,TrackMan: 투수·타자 ID/반이닝/6구; TM−1.5km/h 기준 구속 ±3km/h 별도 대조; 카운트 연결 조건 아님; 네이버−TrackMan 구속=-0.254km/h; 기대 편차=+1.246km/h; 카운트=match,210606_192341,6,6,-132.52,-5.55508,7.52539,5.97962,50.0,-1.15632,-11.9424,29.6759,-11.6892,L
94,half_short,20210606HHNC0,6.0,bottom,,79440,62947,7,227.0,137.311,ChangeUp,,,,3-2,found_with_location,1,210606_192412,210606_192412,65,9,7,F,137,3-2,-0.311,1.189,True,match,-1.1053,1.4167,3.339,1.60261,True,no,,TrackMan: 투수·타자 ID/반이닝/7구; TM−1.5km/h 기준 구속 ±3km/h 별도 대조; 카운트 연결 조건 아님; 네이버−TrackMan 구속=-0.311km/h; 기대 편차=+1.189km/h; 카운트=match,210606_192412,6,7,-124.602,-8.00155,3.53995,5.83604,50.0,-1.43543,-13.4336,24.2722,-21.0632,L
95,half_short,20210606HHNC0,6.0,bottom,,79440,62947,8,228.0,144.086,Fastball,,,,3-2,found_with_location,1,210606_192449,210606_192449,65,9,8,H,144,3-2,-0.086,1.414,True,match,0.208159,1.4167,3.339,1.60261,True,no,,TrackMan: 투수·타자 ID/반이닝/8구; TM−1.5km/h 기준 구속 ±3km/h 별도 대조; 카운트 연결 조건 아님; 네이버−TrackMan 구속=-0.086km/h; 기대 편차=+1.414km/h; 카운트=match,210606_192449,6,8,-130.673,-8.41525,6.00062,5.82123,50.0,-1.24503,-11.5978,25.9502,-15.8691,L
96,half_short,20210606HHNC0,6.0,bottom,,79440,76232,1,229.0,128.833,Slider,,,,0-0,found_with_location,1,210606_192543,210606_192543,66,10,1,B,128,1-0,-0.833,0.667,True,match,2.48499,1.4167,3.27759,1.51127,True,no,,TrackMan: 투수·타자 ID/반이닝/1구; TM−1.5km/h 기준 구속 ±3km/h 별도 대조; 카운트 연결 조건 아님; 네이버−TrackMan 구속=-0.833km/h; 기대 편차=+0.667km/h; 카운트=match,210606_192543,6,1,-116.482,-5.1353,8.16292,5.90424,50.0,-1.01376,-0.104978,16.0351,-24.3167,R
97,half_short,20210606HHNC0,6.0,bottom,,79440,76232,2,230.0,144.251,Fastball,,,,1-0,found_with_location,1,210606_192601,210606_192601,66,10,2,H,144,1-0,-0.251,1.249,True,match,0.023031,1.4167,3.27759,1.51127,True,no,,TrackMan: 투수·타자 ID/반이닝/2구; TM−1.5km/h 기준 구속 ±3km/h 별도 대조; 카운트 연결 조건 아님; 네이버−TrackMan 구속=-0.251km/h; 기대 편차=+1.249km/h; 카운트=match,210606_192601,6,2,-130.841,-4.83708,4.68241,5.90556,50.0,-1.14758,-8.55353,26.2889,-15.735,R
98,half_short,20210606HHNC0,6.0,bottom,,79440,50923,1,231.0,143.567,Fastball,,,,0-0,found_with_location,1,210606_192643,210606_192643,67,11,1,B,143,1-0,-0.567,0.933,True,match,-1.20002,1.4167,3.73202,1.85666,True,yes,045-01,TrackMan: 투수·타자 ID/반이닝/1구; TM−1.5km/h 기준 구속 ±3km/h 별도 대조; 카운트 연결 조건 아님; 네이버−TrackMan 구속=-0.567km/h; 기대 편차=+0.933km/h; 카운트=match,210606_192643,6,1,-130.408,-4.78639,2.28028,5.84398,50.0,-1.29305,-10.5276,26.1389,-13.2594,R
99,half_short,20210606HHNC0,6.0,bottom,,79440,50923,2,232.0,142.55,Fastball,,,,1-0,found_with_location,1,210606_192700,210606_192700,67,11,2,F,142,1-1,-0.55,0.95,True,match,-0.016347,1.4167,3.73202,1.85666,True,yes,045-02,TrackMan: 투수·타자 ID/반이닝/2구; TM−1.5km/h 기준 구속 ±3km/h 별도 대조; 카운트 연결 조건 아님; 네이버−TrackMan 구속=-0.550km/h; 기대 편차=+0.950km/h; 카운트=match,210606_192700,6,2,-129.276,-7.30331,4.28562,5.86154,50.0,-1.04166,-8.49962,24.6392,-12.3836,R
100,half_short,20210606HHNC0,6.0,bottom,,79440,50923,3,233.0,142.994,Fastball,,,,1-1,found_with_location,1,210606_192724,210606_192724,67,11,3,H,143,1-1,0.006,1.506,True,match,-0.471778,1.4167,3.73202,1.85666,True,uncertain_speed_conflict,045-03,TrackMan: 투수·타자 ID/반이닝/3구; TM−1.5km/h 기준 구속 ±3km/h 별도 대조; 카운트 연결 조건 아님; 네이버−TrackMan 구속=+0.006km/h; 기대 편차=+1.506km/h; 카운트=match,210606_192724,6,3,-129.634,-3.21827,3.62552,5.93365,50.0,-1.18249,-9.24736,29.4249,-13.2204,R
101,half_short,20210606HHNC0,7.0,top,,65643,61208,1,234.0,143.195,Fastball,,,,0-0,found_with_location,1,210606_192958,210606_192958,69,1,1,T,143,0-1,-0.195,1.305,True,match,-0.641977,1.4167,3.43556,1.65658,True,no,,TrackMan: 투수·타자 ID/반이닝/1구; TM−1.5km/h 기준 구속 ±3km/h 별도 대조; 카운트 연결 조건 아님; 네이버−TrackMan 구속=-0.195km/h; 기대 편차=+1.305km/h; 카운트=match,210606_192958,7,1,-129.998,-7.98841,3.72771,5.6166,50.0,-1.71758,-4.9438,25.8751,-10.2,L
102,half_short,20210606HHNC0,7.0,top,,65643,61208,2,235.0,144.814,Fastball,,,,0-1,found_with_location,1,210606_193016,210606_193016,69,1,2,S,144,0-2,-0.814,0.686,True,match,-0.312026,1.4167,3.43556,1.65658,True,no,,TrackMan: 투수·타자 ID/반이닝/2구; TM−1.5km/h 기준 구속 ±3km/h 별도 대조; 카운트 연결 조건 아님; 네이버−TrackMan 구속=-0.814km/h; 기대 편차=+0.686km/h; 카운트=match,210606_193016,7,2,-131.278,-4.95925,5.89096,5.60217,50.0,-1.90542,-9.06042,24.2908,-12.8849,L
103,half_short,20210606HHNC0,7.0,top,,65643,61208,3,236.0,143.848,Fastball,,,,0-2,found_with_location,1,210606_193037,210606_193037,69,1,3,H,143,0-2,-0.848,0.652,True,match,-0.25839,1.4167,3.43556,1.65658,True,no,,TrackMan: 투수·타자 ID/반이닝/3구; TM−1.5km/h 기준 구속 ±3km/h 별도 대조; 카운트 연결 조건 아님; 네이버−TrackMan 구속=-0.848km/h; 기대 편차=+0.652km/h; 카운트=match,210606_193037,7,3,-130.706,-5.22701,5.93251,5.60345,50.0,-1.80118,-10.0164,24.3371,-15.0755,L
104,half_short,20210606HHNC0,7.0,top,,65643,63700,1,237.0,143.988,Fastball,,,,0-0,found_with_location,1,210606_193109,210606_193109,70,2,1,B,144,1-0,0.012,1.512,True,match,-1.16812,1.4167,3.375,1.5,True,no,,TrackMan: 투수·타자 ID/반이닝/1구; TM−1.5km/h 기준 구속 ±3km/h 별도 대조; 카운트 연결 조건 아님; 네이버−TrackMan 구속=+0.012km/h; 기대 편차=+1.512km/h; 카운트=match,210606_193109,7,1,-130.773,-6.88313,2.80832,5.71026,50.0,-1.73464,-6.9474,26.4503,-10.9146,R
105,half_short,20210606HHNC0,7.0,top,,65643,63700,2,238.0,140.188,Fastball,,,,1-0,found_with_location,1,210606_193123,210606_193123,70,2,2,B,140,2-0,-0.188,1.312,True,match,0.005222,1.4167,3.375,1.5,True,no,,TrackMan: 투수·타자 ID/반이닝/2구; TM−1.5km/h 기준 구속 ±3km/h 별도 대조; 카운트 연결 조건 아님; 네이버−TrackMan 구속=-0.188km/h; 기대 편차=+1.312km/h; 카운트=match,210606_193123,7,2,-126.687,-9.96795,4.91132,5.55262,50.0,-1.55045,-5.04507,23.4837,-9.18764,R
106,half_short,20210606HHNC0,7.0,top,,65643,63700,3,239.0,139.091,Fastball,,,,2-0,found_with_location,1,210606_193142,210606_193142,70,2,3,T,139,2-1,-0.091,1.409,True,match,-0.065942,1.4167,3.375,1.5,True,no,,TrackMan: 투수·타자 ID/반이닝/3구; TM−1.5km/h 기준 구속 ±3km/h 별도 대조; 카운트 연결 조건 아님; 네이버−TrackMan 구속=-0.091km/h; 기대 편차=+1.409km/h; 카운트=match,210606_193142,7,3,-126.079,-4.58957,5.61807,5.53253,50.0,-1.76237,-6.91728,24.4207,-14.5277,R
107,half_short,20210606HHNC0,7.0,top,,65643,63700,4,240.0,139.878,Fastball,,,,2-1,found_with_location,1,210606_193159,210606_193159,70,2,4,B,139,3-1,-0.878,0.622,True,match,1.02188,1.4167,3.375,1.5,True,no,,TrackMan: 투수·타자 ID/반이닝/4구; TM−1.5km/h 기준 구속 ±3km/h 별도 대조; 카운트 연결 조건 아님; 네이버−TrackMan 구속=-0.878km/h; 기대 편차=+0.622km/h; 카운트=match,210606_193159,7,4,-126.779,-7.9735,7.2298,5.61337,50.0,-1.45386,-4.95376,21.0063,-13.6114,R
108,half_short,20210606HHNC0,7.0,top,,65643,63700,5,241.0,139.688,Fastball,,,,3-1,found_with_location,1,210606_193215,210606_193215,70,2,5,B,139,4-1,-0.688,0.812,True,match,1.31947,1.4167,3.375,1.5,True,no,,TrackMan: 투수·타자 ID/반이닝/5구; TM−1.5km/h 기준 구속 ±3km/h 별도 대조; 카운트 연결 조건 아님; 네이버−TrackMan 구속=-0.688km/h; 기대 편차=+0.812km/h; 카운트=match,210606_193215,7,5,-126.541,-6.82323,8.22765,5.43199,50.0,-1.56053,-5.0239,23.2584,-14.4521,R
109,half_short,20210606HHNC0,7.0,top,,65643,69705,1,242.0,122.402,Slider,,,,0-0,found_with_location,1,210606_193255,210606_193255,71,3,1,B,122,1-0,-0.402,1.098,True,match,0.588052,1.4167,3.375,1.5,True,no,,TrackMan: 투수·타자 ID/반이닝/1구; TM−1.5km/h 기준 구속 ±3km/h 별도 대조; 카운트 연결 조건 아님; 네이버−TrackMan 구속=-0.402km/h; 기대 편차=+1.098km/h; 카운트=match,210606_193255,7,1,-111.086,1.93051,5.49985,5.82515,50.0,-2.13175,2.17744,17.7108,-33.818,R
110,half_short,20210606HHNC0,7.0,top,,65643,69705,2,243.0,134.983,Fastball,,,,1-0,found_with_location,1,210606_193314,210606_193314,71,3,2,B,135,2-0,0.017,1.517,True,match,-0.578397,1.4167,3.375,1.5,True,no,,TrackMan: 투수·타자 ID/반이닝/2구; TM−1.5km/h 기준 구속 ±3km/h 별도 대조; 카운트 연결 조건 아님; 네이버−TrackMan 구속=+0.017km/h; 기대 편차=+1.517km/h; 카운트=match,210606_193314,7,2,-122.633,1.62636,4.48726,5.73013,50.0,-1.97454,-5.2812,20.3281,-20.0886,R
111,half_short,20210606HHNC0,7.0,top,,65643,69705,3,244.0,138.788,Fastball,,,,2-0,found_with_location,1,210606_193342,210606_193342,71,3,3,B,138,3-0,-0.788,0.712,True,match,0.603648,1.4167,3.375,1.5,True,no,,TrackMan: 투수·타자 ID/반이닝/3구; TM−1.5km/h 기준 구속 ±3km/h 별도 대조; 카운트 연결 조건 아님; 네이버−TrackMan 구속=-0.788km/h; 기대 편차=+0.712km/h; 카운트=match,210606_193342,7,3,-125.9,-8.05437,6.84615,5.54082,50.0,-1.66042,-6.04927,25.3345,-12.256,R
112,half_short,20210606HHNC0,7.0,top,,65643,69705,4,245.0,136.979,Fastball,,,,3-0,found_with_location,1,210606_193405,210606_193405,71,3,4,T,137,3-1,0.021,1.521,True,match,0.383746,1.4167,3.375,1.5,True,no,,TrackMan: 투수·타자 ID/반이닝/4구; TM−1.5km/h 기준 구속 ±3km/h 별도 대조; 카운트 연결 조건 아님; 네이버−TrackMan 구속=+0.021km/h; 기대 편차=+1.521km/h; 카운트=match,210606_193405,7,4,-124.243,-3.81084,5.78279,5.71933,50.0,-1.65009,-3.82908,23.0907,-17.5858,R
113,half_short,20210606HHNC0,7.0,top,,65643,69705,5,246.0,140.96,Fastball,,,,3-1,found_with_location,1,210606_193425,210606_193425,71,3,5,T,140,3-2,-0.96,0.54,True,match,0.120609,1.4167,3.375,1.5,True,no,,TrackMan: 투수·타자 ID/반이닝/5구; TM−1.5km/h 기준 구속 ±3km/h 별도 대조; 카운트 연결 조건 아님; 네이버−TrackMan 구속=-0.960km/h; 기대 편차=+0.540km/h; 카운트=match,210606_193425,7,5,-128.112,-7.07125,6.78709,5.38916,50.0,-1.88645,-8.65255,26.4258,-12.8683,R
114,half_short,20210606HHNC0,7.0,top,,65643,69705,6,247.0,139.48,Fastball,,,,3-2,found_with_location,1,210606_193447,210606_193447,71,3,6,B,139,4-2,-0.48,1.02,True,match,-1.14043,1.4167,3.375,1.5,True,no,,TrackMan: 투수·타자 ID/반이닝/6구; TM−1.5km/h 기준 구속 ±3km/h 별도 대조; 카운트 연결 조건 아님; 네이버−TrackMan 구속=-0.480km/h; 기대 편차=+1.020km/h; 카운트=match,210606_193447,7,6,-126.678,-2.98371,3.47994,5.50837,50.0,-2.1129,-5.21571,23.7346,-15.7178,R
115,half_short,20210606HHNC0,7.0,top,,65643,66710,1,248.0,139.844,Fastball,,,,0-0,found_with_location,1,210606_193527,210606_193527,72,4,1,B,139,1-0,-0.844,0.656,True,match,-0.775201,1.4167,3.13945,1.40992,True,no,,TrackMan: 투수·타자 ID/반이닝/1구; TM−1.5km/h 기준 구속 ±3km/h 별도 대조; 카운트 연결 조건 아님; 네이버−TrackMan 구속=-0.844km/h; 기대 편차=+0.656km/h; 카운트=match,210606_193527,7,1,-127.026,-3.02276,4.46499,5.54472,50.0,-2.05156,-6.34111,26.0696,-13.6867,L
116,half_short,20210606HHNC0,7.0,top,,65643,66710,2,249.0,139.985,Fastball,,,,1-0,found_with_location,1,210606_193549,210606_193549,72,4,2,B,140,2-0,0.015,1.515,True,match,-1.05453,1.4167,3.13945,1.40992,True,no,,TrackMan: 투수·타자 ID/반이닝/2구; TM−1.5km/h 기준 구속 ±3km/h 별도 대조; 카운트 연결 조건 아님; 네이버−TrackMan 구속=+0.015km/h; 기대 편차=+1.515km/h; 카운트=match,210606_193549,7,2,-127.205,-1.90831,3.61664,5.56932,50.0,-2.02282,-5.94538,25.5236,-14.7422,L
117,half_short,20210606HHNC0,7.0,top,,65643,66710,3,250.0,140.055,Fastball,,,,2-0,found_with_location,1,210606_193618,210606_193618,72,4,3,T,140,2-1,-0.055,1.445,True,match,0.528323,1.4167,3.13945,1.40992,True,no,,TrackMan: 투수·타자 ID/반이닝/3구; TM−1.5km/h 기준 구속 ±3km/h 별도 대조; 카운트 연결 조건 아님; 네이버−TrackMan 구속=-0.055km/h; 기대 편차=+1.445km/h; 카운트=match,210606_193618,7,3,-127.044,-4.79167,6.86147,5.54301,50.0,-1.75232,-5.65489,24.2479,-12.3901,L
118,half_short,20210606HHNC0,7.0,top,,65643,66710,4,251.0,138.901,Fastball,,,,2-1,found_with_location,1,210606_193638,210606_193638,72,4,4,B,138,3-1,-0.901,0.599,True,match,0.698544,1.4167,3.13945,1.40992,True,no,,TrackMan: 투수·타자 ID/반이닝/4구; TM−1.5km/h 기준 구속 ±3km/h 별도 대조; 카운트 연결 조건 아님; 네이버−TrackMan 구속=-0.901km/h; 기대 편차=+0.599km/h; 카운트=match,210606_193638,7,4,-125.663,-7.6568,7.94847,5.47005,50.0,-1.85821,-7.88279,23.4443,-13.0092,L
119,half_short,20210606HHNC0,7.0,top,,65643,66710,5,252.0,138.972,Fastball,,,,3-1,found_with_location,1,210606_193702,210606_193702,72,4,5,B,139,4-1,0.028,1.528,True,match,-0.617392,1.4167,3.13945,1.40992,True,no,,TrackMan: 투수·타자 ID/반이닝/5구; TM−1.5km/h 기준 구속 ±3km/h 별도 대조; 카운트 연결 조건 아님; 네이버−TrackMan 구속=+0.028km/h; 기대 편차=+1.528km/h; 카운트=match,210606_193702,7,5,-126.099,-2.87372,4.70232,5.60282,50.0,-1.95478,-6.78847,22.862,-14.9551,L
120,half_short,20210606HHNC0,7.0,top,,63914,68743,1,253.0,120.822,Slider,,,,0-0,found_with_location,1,210606_193919,210606_193919,73,5,1,T,120,0-1,-0.822,0.678,True,match,0.186637,1.4167,3.25336,1.56794,True,no,,TrackMan: 투수·타자 ID/반이닝/1구; TM−1.5km/h 기준 구속 ±3km/h 별도 대조; 카운트 연결 조건 아님; 네이버−TrackMan 구속=-0.822km/h; 기대 편차=+0.678km/h; 카운트=match,210606_193919,7,1,-109.47,0.195374,-2.84731,6.04832,50.0,1.65991,-1.47778,18.6893,-28.2953,L
121,half_short,20210606HHNC0,7.0,top,,63914,68743,2,254.0,123.755,Slider,,,,0-1,found_with_location,1,210606_193939,210606_193939,73,5,2,T,123,0-2,-0.755,0.745,True,match,0.389832,1.4167,3.25336,1.56794,True,no,,TrackMan: 투수·타자 ID/반이닝/2구; TM−1.5km/h 기준 구속 ±3km/h 별도 대조; 카운트 연결 조건 아님; 네이버−TrackMan 구속=-0.755km/h; 기대 편차=+0.745km/h; 카운트=match,210606_193939,7,2,-112.452,-1.7332,-2.99956,5.96155,50.0,1.80376,-0.588049,21.3812,-28.8492,L
122,half_short,20210606HHNC0,7.0,top,,63914,68743,3,255.0,140.27,Fastball,,,,0-2,found_with_location,1,210606_194001,210606_194001,73,5,3,B,140,1-2,-0.27,1.23,True,match,-0.794374,1.4167,3.25336,1.56794,True,no,,TrackMan: 투수·타자 ID/반이닝/3구; TM−1.5km/h 기준 구속 ±3km/h 별도 대조; 카운트 연결 조건 아님; 네이버−TrackMan 구속=-0.270km/h; 기대 편차=+1.230km/h; 카운트=match,210606_194001,7,3,-127.174,-3.99288,-5.97396,6.05347,50.0,0.875088,9.02097,29.5288,-12.7196,L
123,half_short,20210606HHNC0,7.0,top,,63914,68743,4,256.0,115.08,Curveball,,,,1-2,found_with_location,1,210606_194024,210606_194024,73,5,4,B,115,2-2,-0.08,1.42,True,match,-1.35434,1.4167,3.25336,1.56794,True,no,,TrackMan: 투수·타자 ID/반이닝/4구; TM−1.5km/h 기준 구속 ±3km/h 별도 대조; 카운트 연결 조건 아님; 네이버−TrackMan 구속=-0.080km/h; 기대 편차=+1.420km/h; 카운트=match,210606_194024,7,4,-104.078,0.685594,-5.11514,6.1956,50.0,1.35664,-1.85893,17.6594,-40.7815,L
124,half_short,20210606HHNC0,7.0,top,,63914,68743,5,257.0,138.345,Fastball,,,,2-2,found_with_location,1,210606_194047,210606_194047,73,5,5,H,138,2-2,-0.345,1.155,True,match,0.776752,1.4167,3.25336,1.56794,True,no,,TrackMan: 투수·타자 ID/반이닝/5구; TM−1.5km/h 기준 구속 ±3km/h 별도 대조; 카운트 연결 조건 아님; 네이버−TrackMan 구속=-0.345km/h; 기대 편차=+1.155km/h; 카운트=match,210606_194047,7,5,-125.692,-3.87696,-1.20794,6.07788,50.0,1.03628,2.80117,29.0639,-14.9753,L
125,half_short,20210606HHNC0,7.0,top,,63914,69706,1,258.0,138.922,Fastball,,,,0-0,found_with_location,1,210606_194145,210606_194145,74,6,1,B,139,1-0,0.078,1.578,True,match,-0.106448,1.4167,3.375,1.5,True,yes,051-01,TrackMan: 투수·타자 ID/반이닝/1구; TM−1.5km/h 기준 구속 ±3km/h 별도 대조; 카운트 연결 조건 아님; 네이버−TrackMan 구속=+0.078km/h; 기대 편차=+1.578km/h; 카운트=match,210606_194145,7,1,-126.03,-1.91926,-4.01168,6.12133,50.0,1.19821,3.77511,24.0189,-14.2926,R
126,half_short,20210606HHNC0,7.0,top,,63914,69706,2,259.0,140.61,Fastball,,,,1-0,found_with_location,1,210606_194159,210606_194159,74,6,2,B,140,2-0,-0.61,0.89,True,match,0.883586,1.4167,3.375,1.5,True,uncertain_speed_conflict,051-02,TrackMan: 투수·타자 ID/반이닝/2구; TM−1.5km/h 기준 구속 ±3km/h 별도 대조; 카운트 연결 조건 아님; 네이버−TrackMan 구속=-0.610km/h; 기대 편차=+0.890km/h; 카운트=match,210606_194159,7,2,-127.716,-4.33123,-1.51212,5.91172,50.0,1.27764,2.60963,25.0211,-13.0404,R
127,half_short,20210606HHNC0,7.0,top,,63914,69706,3,260.0,137.664,Fastball,,,,2-0,found_with_location,1,210606_194216,210606_194216,74,6,3,B,137,3-0,-0.664,0.836,True,match,1.51564,1.4167,3.375,1.5,True,yes,051-03,TrackMan: 투수·타자 ID/반이닝/3구; TM−1.5km/h 기준 구속 ±3km/h 별도 대조; 카운트 연결 조건 아님; 네이버−TrackMan 구속=-0.664km/h; 기대 편차=+0.836km/h; 카운트=match,210606_194216,7,3,-124.974,-0.830225,-0.947586,6.00612,50.0,1.44265,5.56166,25.4456,-17.0594,R
128,half_short,20210606HHNC0,7.0,top,,63914,69706,4,261.0,136.95,Fastball,,,,3-0,found_with_location,1,210606_194238,210606_194238,74,6,4,T,136,3-1,-0.95,0.55,True,match,0.020402,1.4167,3.375,1.5,True,yes,051-04,TrackMan: 투수·타자 ID/반이닝/4구; TM−1.5km/h 기준 구속 ±3km/h 별도 대조; 카운트 연결 조건 아님; 네이버−TrackMan 구속=-0.950km/h; 기대 편차=+0.550km/h; 카운트=match,210606_194238,7,4,-123.775,-7.65802,-4.35071,5.76987,50.0,1.2379,6.70663,23.5554,-14.0651,R
129,half_short,20210606HHNC0,7.0,top,,63914,69706,5,262.0,139.308,Fastball,,,,3-1,found_with_location,1,210606_194254,210606_194254,74,6,5,F,139,3-2,-0.308,1.192,True,match,0.204693,1.4167,3.375,1.5,True,uncertain_speed_conflict,051-05,TrackMan: 투수·타자 ID/반이닝/5구; TM−1.5km/h 기준 구속 ±3km/h 별도 대조; 카운트 연결 조건 아님; 네이버−TrackMan 구속=-0.308km/h; 기대 편차=+1.192km/h; 카운트=match,210606_194254,7,5,-126.219,-6.2939,-3.22331,5.85505,50.0,1.20173,3.64266,23.0804,-12.4582,R
130,half_short,20210606HHNC0,7.0,top,,63914,69706,6,263.0,140.569,Fastball,,,,3-2,found_with_location,1,210606_194318,210606_194318,74,6,6,B,140,4-2,-0.569,0.931,True,match,-0.11936,1.4167,3.375,1.5,True,yes,051-06,TrackMan: 투수·타자 ID/반이닝/6구; TM−1.5km/h 기준 구속 ±3km/h 별도 대조; 카운트 연결 조건 아님; 네이버−TrackMan 구속=-0.569km/h; 기대 편차=+0.931km/h; 카운트=match,210606_194318,7,6,-127.691,-1.90996,-4.43663,6.0099,50.0,1.16033,6.13573,28.1616,-14.581,R
131,half_short,20210606HHNC0,7.0,top,,63914,62700,1,264.0,124.868,Slider,,,,0-0,found_with_location,1,210606_194412,210606_194412,75,7,1,B,124,1-0,-0.868,0.632,True,match,0.64971,1.4167,3.44362,1.61344,True,yes,052-01,TrackMan: 투수·타자 ID/반이닝/1구; TM−1.5km/h 기준 구속 ±3km/h 별도 대조; 카운트 연결 조건 아님; 네이버−TrackMan 구속=-0.868km/h; 기대 편차=+0.632km/h; 카운트=match,210606_194412,7,1,-113.393,1.68512,-2.34383,6.03499,50.0,1.9479,-2.61479,17.825,-28.7059,L
132,half_short,20210606HHNC0,7.0,top,,63914,62700,2,265.0,139.851,Fastball,,,,1-0,found_with_location,1,210606_194432,210606_194432,75,7,2,B,139,2-0,-0.851,0.649,True,match,0.787124,1.4167,3.44362,1.61344,True,yes,052-02,TrackMan: 투수·타자 ID/반이닝/2구; TM−1.5km/h 기준 구속 ±3km/h 별도 대조; 카운트 연결 조건 아님; 네이버−TrackMan 구속=-0.851km/h; 기대 편차=+0.649km/h; 카운트=match,210606_194432,7,2,-126.95,-3.52993,-2.1122,5.89622,50.0,1.19295,5.48942,25.5276,-14.6014,L
133,half_short,20210606HHNC0,7.0,top,,63914,62700,3,266.0,138.755,Fastball,,,,2-0,found_with_location,1,210606_194455,210606_194455,75,7,3,B,138,3-0,-0.755,0.745,True,match,0.172968,1.4167,3.44362,1.61344,True,yes,052-03,TrackMan: 투수·타자 ID/반이닝/3구; TM−1.5km/h 기준 구속 ±3km/h 별도 대조; 카운트 연결 조건 아님; 네이버−TrackMan 구속=-0.755km/h; 기대 편차=+0.745km/h; 카운트=match,210606_194455,7,3,-125.855,-3.65955,-4.29711,5.92763,50.0,1.25487,8.01934,28.1384,-11.0601,L
134,half_short,20210606HHNC0,7.0,top,,63914,62700,4,267.0,137.242,Fastball,,,,3-0,found_with_location,1,210606_194518,210606_194518,75,7,4,T,137,3-1,-0.242,1.258,True,match,-0.042225,1.4167,3.44362,1.61344,True,yes,052-04,TrackMan: 투수·타자 ID/반이닝/4구; TM−1.5km/h 기준 구속 ±3km/h 별도 대조; 카운트 연결 조건 아님; 네이버−TrackMan 구속=-0.242km/h; 기대 편차=+1.258km/h; 카운트=match,210606_194518,7,4,-124.345,-6.38143,-4.46419,5.81904,50.0,1.20968,6.84713,26.1669,-12.044,L
135,half_short,20210606HHNC0,7.0,top,,63914,62700,5,268.0,138.578,Fastball,,,,3-1,found_with_location,1,210606_194537,210606_194537,75,7,5,F,138,3-2,-0.578,0.922,True,match,0.053654,1.4167,3.44362,1.61344,True,yes,052-05,TrackMan: 투수·타자 ID/반이닝/5구; TM−1.5km/h 기준 구속 ±3km/h 별도 대조; 카운트 연결 조건 아님; 네이버−TrackMan 구속=-0.578km/h; 기대 편차=+0.922km/h; 카운트=match,210606_194537,7,5,-125.488,-6.17837,-4.08393,5.84898,50.0,1.13826,6.9087,24.269,-11.7101,L
136,half_short,20210606HHNC0,7.0,top,,63914,62700,6,269.0,124.104,Slider,,,,3-2,found_with_location,1,210606_194609,210606_194609,75,7,6,B,124,4-2,-0.104,1.396,True,match,0.680588,1.4167,3.44362,1.61344,True,yes,052-06,TrackMan: 투수·타자 ID/반이닝/6구; TM−1.5km/h 기준 구속 ±3km/h 별도 대조; 카운트 연결 조건 아님; 네이버−TrackMan 구속=-0.104km/h; 기대 편차=+1.396km/h; 카운트=match,210606_194609,7,6,-112.362,1.05705,-1.89817,5.97112,50.0,1.81557,-2.80607,18.475,-28.4877,L
137,half_short,20210606HHNC0,7.0,top,,62966,69737,1,270.0,118.066,Slider,,,,0-0,found_with_location,1,210606_194917,210606_194917,76,8,1,T,118,0-1,-0.066,1.434,True,match,0.127725,1.4167,3.2538,1.44274,True,yes,053-01,TrackMan: 투수·타자 ID/반이닝/1구; TM−1.5km/h 기준 구속 ±3km/h 별도 대조; 카운트 연결 조건 아님; 네이버−TrackMan 구속=-0.066km/h; 기대 편차=+1.434km/h; 카운트=match,210606_194917,7,1,-107.278,-0.241277,5.2637,5.9517,50.0,-2.43273,0.807169,16.2156,-31.9378,R
138,half_short,20210606HHNC0,7.0,top,,62966,69737,2,271.0,124.913,Slider,,,,0-1,found_with_location,1,210606_194943,210606_194943,76,8,2,F,124,0-2,-0.913,0.587,True,match,0.130307,1.4167,3.2538,1.44274,True,yes,053-02,TrackMan: 투수·타자 ID/반이닝/2구; TM−1.5km/h 기준 구속 ±3km/h 별도 대조; 카운트 연결 조건 아님; 네이버−TrackMan 구속=-0.913km/h; 기대 편차=+0.587km/h; 카운트=match,210606_194943,7,2,-113.205,-2.40458,5.92106,5.74757,50.0,-2.57361,0.750413,17.2119,-31.3264,R
139,half_short,20210606HHNC0,7.0,top,,62966,69737,3,272.0,142.978,Fastball,,,,0-2,found_with_location,1,210606_195016,210606_195016,76,8,3,B,142,1-2,-0.978,0.522,True,match,0.745976,1.4167,3.2538,1.44274,True,yes,053-03,TrackMan: 투수·타자 ID/반이닝/3구; TM−1.5km/h 기준 구속 ±3km/h 별도 대조; 카운트 연결 조건 아님; 네이버−TrackMan 구속=-0.978km/h; 기대 편차=+0.522km/h; 카운트=match,210606_195016,7,3,-128.982,-7.0237,10.778,5.3094,50.0,-2.27819,-15.5548,23.8479,-18.4819,R
140,half_short,20210606HHNC0,7.0,top,,62966,69737,4,273.0,124.345,Slider,,,,1-2,found_with_location,1,210606_195039,210606_195039,76,8,4,B,124,2-2,-0.345,1.155,True,match,1.49326,1.4167,3.2538,1.44274,True,yes,053-04,TrackMan: 투수·타자 ID/반이닝/4구; TM−1.5km/h 기준 구속 ±3km/h 별도 대조; 카운트 연결 조건 아님; 네이버−TrackMan 구속=-0.345km/h; 기대 편차=+1.155km/h; 카운트=match,210606_195039,7,4,-112.376,-7.7696,8.90919,5.38972,50.0,-2.42994,-0.676316,17.5201,-29.0336,R
141,half_short,20210606HHNC0,7.0,top,,62966,69737,5,274.0,142.651,Fastball,,,,2-2,found_with_location,1,210606_195117,210606_195117,76,8,5,B,142,3-2,-0.651,0.849,True,match,0.940221,1.4167,3.2538,1.44274,True,yes,053-05,TrackMan: 투수·타자 ID/반이닝/5구; TM−1.5km/h 기준 구속 ±3km/h 별도 대조; 카운트 연결 조건 아님; 네이버−TrackMan 구속=-0.651km/h; 기대 편차=+0.849km/h; 카운트=match,210606_195117,7,5,-128.645,-7.86897,11.1053,5.38916,50.0,-2.34174,-14.0316,25.8857,-17.6195,R
142,half_short,20210606HHNC0,7.0,top,,62966,69737,6,275.0,141.415,Fastball,,,,3-2,found_with_location,1,210606_195140,210606_195140,76,8,6,F,141,3-2,-0.415,1.085,True,match,0.716895,1.4167,3.2538,1.44274,True,yes,053-06,TrackMan: 투수·타자 ID/반이닝/6구; TM−1.5km/h 기준 구속 ±3km/h 별도 대조; 카운트 연결 조건 아님; 네이버−TrackMan 구속=-0.415km/h; 기대 편차=+1.085km/h; 카운트=match,210606_195140,7,6,-127.64,-6.53202,10.971,5.46597,50.0,-2.46171,-14.9044,25.8301,-17.4477,R
143,half_short,20210606HHNC0,7.0,top,,62966,69737,7,276.0,142.711,Fastball,,,,3-2,found_with_location,1,210606_195215,210606_195215,76,8,7,H,142,3-2,-0.711,0.789,True,match,0.659877,1.4167,3.2538,1.44274,True,yes,053-07,TrackMan: 투수·타자 ID/반이닝/7구; TM−1.5km/h 기준 구속 ±3km/h 별도 대조; 카운트 연결 조건 아님; 네이버−TrackMan 구속=-0.711km/h; 기대 편차=+0.789km/h; 카운트=match,210606_195215,7,7,-129.107,-4.61198,10.5978,5.5134,50.0,-2.41462,-14.0674,26.684,-18.2522,R
144,half_short,20210606HHNC0,7.0,top,,62966,51725,1,277.0,122.271,Slider,,,,0-0,found_with_location,1,210606_195324,210606_195324,77,9,1,T,122,0-1,-0.271,1.229,True,match,0.578138,1.4167,3.375,1.5,True,yes,054-01,TrackMan: 투수·타자 ID/반이닝/1구; TM−1.5km/h 기준 구속 ±3km/h 별도 대조; 카운트 연결 조건 아님; 네이버−TrackMan 구속=-0.271km/h; 기대 편차=+1.229km/h; 카운트=match,210606_195324,7,1,-110.551,-0.518454,6.82998,5.83185,50.0,-2.56579,0.444699,15.2041,-31.0333,R
145,half_short,20210606HHNC0,7.0,top,,62966,51725,2,278.0,130.87,ChangeUp,,,,0-1,found_with_location,1,210606_195341,210606_195341,77,9,2,S,130,0-2,-0.87,0.63,True,match,-0.069512,1.4167,3.375,1.5,True,yes,054-02,TrackMan: 투수·타자 ID/반이닝/2구; TM−1.5km/h 기준 구속 ±3km/h 별도 대조; 카운트 연결 조건 아님; 네이버−TrackMan 구속=-0.870km/h; 기대 편차=+0.630km/h; 카운트=match,210606_195341,7,2,-118.333,-5.06939,8.06466,5.73793,50.0,-2.29016,-13.4198,21.5671,-26.6096,R
146,half_short,20210606HHNC0,7.0,top,,62966,51725,3,279.0,115.773,Curveball,,,,0-2,found_with_location,1,210606_195404,210606_195404,77,9,3,B,115,1-2,-0.773,0.727,True,match,0.214075,1.4167,3.375,1.5,True,yes,054-03,TrackMan: 투수·타자 ID/반이닝/3구; TM−1.5km/h 기준 구속 ±3km/h 별도 대조; 카운트 연결 조건 아님; 네이버−TrackMan 구속=-0.773km/h; 기대 편차=+0.727km/h; 카운트=match,210606_195404,7,3,-104.815,3.63284,4.80143,6.2144,50.0,-2.41128,2.66708,16.8491,-40.4465,R
147,half_short,20210606HHNC0,7.0,top,,62966,51725,4,280.0,123.267,Slider,,,,1-2,found_with_location,1,210606_195426,210606_195426,77,9,4,F,123,1-2,-0.267,1.233,True,match,1.30544,1.4167,3.375,1.5,True,yes,054-04,TrackMan: 투수·타자 ID/반이닝/4구; TM−1.5km/h 기준 구속 ±3km/h 별도 대조; 카운트 연결 조건 아님; 네이버−TrackMan 구속=-0.267km/h; 기대 편차=+1.233km/h; 카운트=match,210606_195426,7,4,-111.229,-2.82055,8.89153,5.69439,50.0,-2.38342,-3.20972,16.2623,-29.4571,R
148,half_short,20210606HHNC0,7.0,top,,62966,51725,5,281.0,141.492,Fastball,,,,1-2,found_with_location,1,210606_195453,210606_195453,77,9,5,F,141,1-2,-0.492,1.008,True,match,1.37461,1.4167,3.375,1.5,True,yes,054-05,TrackMan: 투수·타자 ID/반이닝/5구; TM−1.5km/h 기준 구속 ±3km/h 별도 대조; 카운트 연결 조건 아님; 네이버−TrackMan 구속=-0.492km/h; 기대 편차=+1.008km/h; 카운트=match,210606_195453,7,5,-127.616,-5.3117,12.3969,5.51234,50.0,-2.30939,-15.6827,25.9842,-17.9609,R
149,half_short,20210606HHNC0,7.0,top,,62966,51725,6,282.0,114.713,Curveball,,,,1-2,found_with_location,1,210606_195520,210606_195520,77,9,6,B,117,2-2,2.287,3.787,False,match,-0.740822,1.4167,3.375,1.5,True,uncertain_speed_conflict,054-06,TrackMan: 투수·타자 ID/반이닝/6구; TM−1.5km/h 기준 구속 ±3km/h 별도 대조; 카운트 연결 조건 아님; 네이버−TrackMan 구속=+2.287km/h; 기대 편차=+3.787km/h; 카운트=match,210606_195520,7,6,-103.881,3.49259,2.13262,6.26801,50.0,-2.5464,6.41482,17.8814,-36.5562,R
150,half_short,20210606HHNC0,7.0,top,,62966,51725,7,283.0,123.622,Slider,,,,2-2,found_with_location,1,210606_195540,210606_195540,77,9,7,F,121,2-2,-2.622,-1.122,True,match,-0.05561,1.4167,3.375,1.5,True,yes,054-07,TrackMan: 투수·타자 ID/반이닝/7구; TM−1.5km/h 기준 구속 ±3km/h 별도 대조; 카운트 연결 조건 아님; 네이버−TrackMan 구속=-2.622km/h; 기대 편차=-1.122km/h; 카운트=match,210606_195540,7,7,-112.451,0.05879,5.0125,5.7634,50.0,-2.52485,2.20048,18.3727,-32.4277,R
151,half_short,20210606HHNC0,7.0,top,,62966,51725,8,284.0,141.107,Fastball,,,,2-2,found_with_location,1,210606_195606,210606_195606,77,9,8,F,140,2-2,-1.107,0.393,True,match,1.23539,1.4167,3.375,1.5,True,yes,054-08,TrackMan: 투수·타자 ID/반이닝/8구; TM−1.5km/h 기준 구속 ±3km/h 별도 대조; 카운트 연결 조건 아님; 네이버−TrackMan 구속=-1.107km/h; 기대 편차=+0.393km/h; 카운트=match,210606_195606,7,8,-127.227,-6.29531,11.5899,5.35682,50.0,-2.29567,-13.6764,26.2844,-20.7643,R
152,half_short,20210606HHNC0,7.0,top,,62966,51725,9,285.0,125.801,Slider,,,,2-2,found_with_location,1,210606_195633,210606_195633,77,9,9,S,125,2-3,-0.801,0.699,True,match,2.30326,1.4167,3.375,1.5,True,yes,054-09,TrackMan: 투수·타자 ID/반이닝/9구; TM−1.5km/h 기준 구속 ±3km/h 별도 대조; 카운트 연결 조건 아님; 네이버−TrackMan 구속=-0.801km/h; 기대 편차=+0.699km/h; 카운트=match,210606_195633,7,9,-113.57,-6.54026,10.7687,5.50918,50.0,-2.28806,-1.9737,19.1766,-28.8868,R
153,half_short,20210606HHNC0,7.0,top,,62966,61208,1,286.0,122.622,Slider,,,,0-0,found_with_location,1,210606_195724,210606_195724,78,10,1,T,123,0-1,0.378,1.878,True,match,-0.897758,1.4167,3.43556,1.65658,True,yes,055-01,TrackMan: 투수·타자 ID/반이닝/1구; TM−1.5km/h 기준 구속 ±3km/h 별도 대조; 카운트 연결 조건 아님; 네이버−TrackMan 구속=+0.378km/h; 기대 편차=+1.878km/h; 카운트=match,210606_195724,7,1,-111.414,-2.35117,4.28446,5.6802,50.0,-2.75625,-0.700239,15.6968,-29.8306,L
154,half_short,20210606HHNC0,7.0,top,,62966,61208,2,287.0,129.971,Splitter,,,,0-1,found_with_location,1,210606_195742,210606_195742,78,10,2,S,122,0-2,-7.971,-6.471,False,match,-0.272019,1.4167,3.43556,1.65658,True,uncertain_speed_conflict,055-02,TrackMan: 투수·타자 ID/반이닝/2구; TM−1.5km/h 기준 구속 ±3km/h 별도 대조; 카운트 연결 조건 아님; 네이버−TrackMan 구속=-7.971km/h; 기대 편차=-6.471km/h; 카운트=match,210606_195742,7,2,-117.689,-4.50751,7.67528,5.63313,50.0,-2.6346,-10.0853,19.9765,-26.4967,L
155,half_short,20210606HHNC0,7.0,top,,62966,61208,3,288.0,131.226,ChangeUp,,,,0-2,found_with_location,1,210606_195802,210606_195802,78,10,3,H,131,0-2,-0.226,1.274,True,match,-0.504894,1.4167,3.43556,1.65658,True,yes,055-03,TrackMan: 투수·타자 ID/반이닝/3구; TM−1.5km/h 기준 구속 ±3km/h 별도 대조; 카운트 연결 조건 아님; 네이버−TrackMan 구속=-0.226km/h; 기대 편차=+1.274km/h; 카운트=match,210606_195802,7,3,-118.342,-5.05409,7.56367,5.60168,50.0,-2.5968,-12.4818,21.4342,-24.8874,L
156,half_short,20210606HHNC0,7.0,top,,62966,63700,1,289.0,120.104,Slider,,,,0-0,found_with_location,1,210606_195854,210606_195854,79,11,1,T,120,0-1,-0.104,1.396,True,match,0.152013,1.4167,3.375,1.5,True,yes,056-01,TrackMan: 투수·타자 ID/반이닝/1구; TM−1.5km/h 기준 구속 ±3km/h 별도 대조; 카운트 연결 조건 아님; 네이버−TrackMan 구속=-0.104km/h; 기대 편차=+1.396km/h; 카운트=match,210606_195854,7,1,-108.511,-0.056934,6.48028,5.89496,50.0,-2.47307,-3.57649,17.0312,-29.5894,R
157,half_short,20210606HHNC0,7.0,top,,62966,63700,2,290.0,139.207,Fastball,,,,0-1,found_with_location,1,210606_195916,210606_195916,79,11,2,B,139,1-1,-0.207,1.293,True,match,1.29678,1.4167,3.375,1.5,True,yes,056-02,TrackMan: 투수·타자 ID/반이닝/2구; TM−1.5km/h 기준 구속 ±3km/h 별도 대조; 카운트 연결 조건 아님; 네이버−TrackMan 구속=-0.207km/h; 기대 편차=+1.293km/h; 카운트=match,210606_195916,7,2,-125.014,-9.18344,12.4132,5.35576,50.0,-2.25416,-17.8701,22.0111,-15.7332,R
158,half_short,20210606HHNC0,7.0,top,,62966,63700,3,291.0,123.364,Slider,,,,1-1,found_with_location,1,210606_200047,210606_200047,79,11,3,B,123,2-1,-0.364,1.136,True,match,1.86027,1.4167,3.375,1.5,True,yes,056-03,TrackMan: 투수·타자 ID/반이닝/3구; TM−1.5km/h 기준 구속 ±3km/h 별도 대조; 카운트 연결 조건 아님; 네이버−TrackMan 구속=-0.364km/h; 기대 편차=+1.136km/h; 카운트=match,210606_200047,7,3,-111.576,-2.85365,10.0421,5.76914,50.0,-2.25335,-4.16436,18.1014,-30.6767,R
159,half_short,20210606HHNC0,7.0,top,,62966,63700,4,292.0,122.515,Slider,,,,2-1,found_with_location,1,210606_200112,210606_200112,79,11,4,B,122,3-1,-0.515,0.985,True,match,-0.529525,1.4167,3.375,1.5,True,yes,056-04,TrackMan: 투수·타자 ID/반이닝/4구; TM−1.5km/h 기준 구속 ±3km/h 별도 대조; 카운트 연결 조건 아님; 네이버−TrackMan 구속=-0.515km/h; 기대 편차=+0.985km/h; 카운트=match,210606_200112,7,4,-111.175,1.65751,4.82934,6.01457,50.0,-2.50297,-2.04988,16.3227,-30.9837,R
160,half_short,20210606HHNC0,7.0,top,,62966,63700,5,293.0,121.789,Slider,,,,3-1,found_with_location,1,210606_200136,210606_200136,79,11,5,T,121,3-2,-0.789,0.711,True,match,0.542276,1.4167,3.375,1.5,True,yes,056-05,TrackMan: 투수·타자 ID/반이닝/5구; TM−1.5km/h 기준 구속 ±3km/h 별도 대조; 카운트 연결 조건 아님; 네이버−TrackMan 구속=-0.789km/h; 기대 편차=+0.711km/h; 카운트=match,210606_200136,7,5,-110.259,0.070259,6.52661,5.82183,50.0,-2.38761,-0.497823,17.1645,-31.2086,R
161,half_short,20210606HHNC0,7.0,top,,62966,63700,6,294.0,124.384,Slider,,,,3-2,found_with_location,1,210606_200203,210606_200203,79,11,6,B,124,4-2,-0.384,1.116,True,match,0.677725,1.4167,3.375,1.5,True,yes,056-06,TrackMan: 투수·타자 ID/반이닝/6구; TM−1.5km/h 기준 구속 ±3km/h 별도 대조; 카운트 연결 조건 아님; 네이버−TrackMan 구속=-0.384km/h; 기대 편차=+1.116km/h; 카운트=match,210606_200203,7,6,-112.478,-2.46532,7.22642,5.77275,50.0,-2.3125,-2.3701,16.413,-30.3106,R
162,half_short,20210606HHNC0,7.0,top,,62655,69705,1,295.0,118.606,Splitter,,,,0-0,found_with_location,1,210606_200531,210606_200531,80,12,1,H,118,0-0,-0.606,0.894,True,match,0.503024,1.4167,3.375,1.5,True,yes,057-01,TrackMan: 투수·타자 ID/반이닝/1구; TM−1.5km/h 기준 구속 ±3km/h 별도 대조; 카운트 연결 조건 아님; 네이버−TrackMan 구속=-0.606km/h; 기대 편차=+0.894km/h; 카운트=match,210606_200531,7,1,-107.533,1.03588,5.30757,5.73646,50.0,-1.12406,-7.88229,19.4647,-35.2333,R
163,half_short,20210606HHNC0,7.0,top,,62655,66710,1,296.0,137.337,Fastball,,,,0-0,found_with_location,1,210606_200656,210606_200656,81,13,1,S,137,0-1,-0.337,1.163,True,match,-0.730414,1.4167,3.13945,1.40992,True,yes,058-01,TrackMan: 투수·타자 ID/반이닝/1구; TM−1.5km/h 기준 구속 ±3km/h 별도 대조; 카운트 연결 조건 아님; 네이버−TrackMan 구속=-0.337km/h; 기대 편차=+1.163km/h; 카운트=match,210606_200656,7,1,-124.041,-6.4121,6.06108,5.43843,50.0,-1.75104,-17.4183,27.5513,-21.3702,L
164,half_short,20210606HHNC0,7.0,top,,62655,66710,2,297.0,124.571,Splitter,,,,0-1,found_with_location,1,210606_200739,210606_200739,81,13,2,B,124,1-1,-0.571,0.929,True,match,-0.201815,1.4167,3.13945,1.40992,True,yes,058-02,TrackMan: 투수·타자 ID/반이닝/2구; TM−1.5km/h 기준 구속 ±3km/h 별도 대조; 카운트 연결 조건 아님; 네이버−TrackMan 구속=-0.571km/h; 기대 편차=+0.929km/h; 카운트=match,210606_200739,7,2,-112.885,-5.08465,6.27115,5.4798,50.0,-1.51116,-14.9387,22.1502,-27.1307,L
165,half_short,20210606HHNC0,7.0,top,,62655,66710,3,298.0,125.198,Splitter,,,,1-1,found_with_location,1,210606_200822,210606_200822,81,13,3,B,125,2-1,-0.198,1.302,True,match,-1.14449,1.4167,3.13945,1.40992,True,yes,058-03,TrackMan: 투수·타자 ID/반이닝/3구; TM−1.5km/h 기준 구속 ±3km/h 별도 대조; 카운트 연결 조건 아님; 네이버−TrackMan 구속=-0.198km/h; 기대 편차=+1.302km/h; 카운트=match,210606_200822,7,3,-113.554,1.37055,3.85528,5.69458,50.0,-1.66721,-12.0015,22.8536,-30.6627,L
166,half_short,20210606HHNC0,7.0,top,,62655,66710,4,299.0,137.326,Fastball,,,,2-1,found_with_location,1,210606_200849,210606_200849,81,13,4,H,137,2-1,-0.326,1.174,True,match,-0.691818,1.4167,3.13945,1.40992,True,yes,058-04,TrackMan: 투수·타자 ID/반이닝/4구; TM−1.5km/h 기준 구속 ±3km/h 별도 대조; 카운트 연결 조건 아님; 네이버−TrackMan 구속=-0.326km/h; 기대 편차=+1.174km/h; 카운트=match,210606_200849,7,4,-123.984,-3.47234,6.23312,5.56496,50.0,-1.71303,-18.2595,26.4006,-22.8914,L
167,half_short,20210606HHNC0,8.0,top,,63959,68743,1,318.0,128.131,Slider,,,,0-0,found_with_location,1,210606_202034,210606_202034,88,1,1,T,128,0-1,-0.131,1.369,True,match,0.379927,1.4167,3.25336,1.56794,True,yes,046-01,TrackMan: 투수·타자 ID/반이닝/1구; TM−1.5km/h 기준 구속 ±3km/h 별도 대조; 카운트 연결 조건 아님; 네이버−TrackMan 구속=-0.131km/h; 기대 편차=+1.369km/h; 카운트=match,210606_202034,8,1,-116.227,-1.0698,-0.713277,5.23502,50.0,1.13672,-4.73551,20.258,-27.3418,L
168,half_short,20210606HHNC0,8.0,top,,63959,68743,2,319.0,113.723,Curveball,,,,0-1,found_with_location,1,210606_202049,210606_202049,88,1,2,T,115,0-2,1.277,2.777,True,match,0.23243,1.4167,3.25336,1.56794,True,yes,046-02,TrackMan: 투수·타자 ID/반이닝/2구; TM−1.5km/h 기준 구속 ±3km/h 별도 대조; 카운트 연결 조건 아님; 네이버−TrackMan 구속=+1.277km/h; 기대 편차=+2.777km/h; 카운트=match,210606_202049,8,2,-103.055,1.73004,0.496476,5.47926,50.0,1.11839,-9.38612,16.4085,-35.255,L
169,half_short,20210606HHNC0,8.0,top,,63959,68743,3,320.0,128.745,Slider,,,,0-2,found_with_location,1,210606_202108,210606_202108,88,1,3,S,128,0-3,-0.745,0.755,True,match,-0.816355,1.4167,3.25336,1.56794,True,yes,046-03,TrackMan: 투수·타자 ID/반이닝/3구; TM−1.5km/h 기준 구속 ±3km/h 별도 대조; 카운트 연결 조건 아님; 네이버−TrackMan 구속=-0.745km/h; 기대 편차=+0.755km/h; 카운트=match,210606_202108,8,3,-116.854,-0.875742,-2.79181,5.10118,50.0,0.957184,-6.09035,20.16,-28.0762,L
170,half_short,20210606HHNC0,8.0,top,,63959,69706,1,321.0,127.838,Slider,,,,0-0,found_with_location,1,210606_202142,210606_202142,89,2,1,B,127,1-0,-0.838,0.662,True,match,1.40576,1.4167,3.375,1.5,True,yes,047-01,TrackMan: 투수·타자 ID/반이닝/1구; TM−1.5km/h 기준 구속 ±3km/h 별도 대조; 카운트 연결 조건 아님; 네이버−TrackMan 구속=-0.838km/h; 기대 편차=+0.662km/h; 카운트=match,210606_202142,8,1,-115.629,0.163944,1.39314,5.20788,50.0,1.30974,-5.37512,19.8458,-27.7179,R
171,half_short,20210606HHNC0,8.0,top,,63959,69706,2,322.0,128.259,Slider,,,,1-0,found_with_location,1,210606_202155,210606_202155,89,2,2,T,128,1-1,-0.259,1.241,True,match,0.76125,1.4167,3.375,1.5,True,yes,047-02,TrackMan: 투수·타자 ID/반이닝/2구; TM−1.5km/h 기준 구속 ±3km/h 별도 대조; 카운트 연결 조건 아님; 네이버−TrackMan 구속=-0.259km/h; 기대 편차=+1.241km/h; 카운트=match,210606_202155,8,2,-115.992,-0.212086,-0.029804,5.12451,50.0,1.25401,-5.04253,21.1734,-26.4231,R
172,half_short,20210606HHNC0,8.0,top,,63959,69706,3,323.0,137.579,Sinker,,,,1-1,found_with_location,1,210606_202211,210606_202211,89,2,3,B,137,2-1,-0.579,0.921,True,match,1.14936,1.4167,3.375,1.5,True,yes,047-03,TrackMan: 투수·타자 ID/반이닝/3구; TM−1.5km/h 기준 구속 ±3km/h 별도 대조; 카운트 연결 조건 아님; 네이버−TrackMan 구속=-0.579km/h; 기대 편차=+0.921km/h; 카운트=match,210606_202211,8,3,-124.672,0.072312,-2.78247,5.24365,50.0,1.21297,12.9157,25.5719,-26.5244,R
173,half_short,20210606HHNC0,8.0,top,,63959,69706,4,324.0,127.455,Slider,,,,2-1,found_with_location,1,210606_202229,210606_202229,89,2,4,B,127,3-1,-0.455,1.045,True,match,0.861275,1.4167,3.375,1.5,True,yes,047-04,TrackMan: 투수·타자 ID/반이닝/4구; TM−1.5km/h 기준 구속 ±3km/h 별도 대조; 카운트 연결 조건 아님; 네이버−TrackMan 구속=-0.455km/h; 기대 편차=+1.045km/h; 카운트=match,210606_202229,8,4,-115.463,-1.15932,0.141706,5.02988,50.0,1.23189,-4.49291,21.78,-28.3762,R
174,half_short,20210606HHNC0,8.0,top,,63959,69706,5,325.0,128.935,Slider,,,,3-1,found_with_location,1,210606_202252,210606_202252,89,2,5,B,128,4-1,-0.935,0.565,True,match,0.991073,1.4167,3.375,1.5,True,yes,047-05,TrackMan: 투수·타자 ID/반이닝/5구; TM−1.5km/h 기준 구속 ±3km/h 별도 대조; 카운트 연결 조건 아님; 네이버−TrackMan 구속=-0.935km/h; 기대 편차=+0.565km/h; 카운트=match,210606_202252,8,5,-117.002,-0.363014,0.890088,5.18404,50.0,1.31334,-7.58203,20.6792,-27.8567,R
175,half_short,20210606HHNC0,8.0,top,,63959,62700,1,326.0,128.405,Slider,,,,0-0,found_with_location,1,210606_202341,210606_202341,90,3,1,H,128,0-0,-0.405,1.095,True,match,0.210197,1.4167,3.44362,1.61344,True,yes,048-01,TrackMan: 투수·타자 ID/반이닝/1구; TM−1.5km/h 기준 구속 ±3km/h 별도 대조; 카운트 연결 조건 아님; 네이버−TrackMan 구속=-0.405km/h; 기대 편차=+1.095km/h; 카운트=match,210606_202341,8,1,-116.614,-1.24679,-0.731906,5.09234,50.0,1.12063,-6.29121,21.6225,-29.9037,L
176,half_short,20210606HHNC0,8.0,top,,76118,69737,1,327.0,,Other,,,,0-0,not_in_naver,0,,,,,,,,,,,,unavailable,,,,,False,no,,TrackMan: 투수·타자 ID/반이닝/1구; TM−1.5km/h 기준 구속 ±3km/h 별도 대조; 카운트 연결 조건 아님; 카운트=unavailable,,,,,,,,,,,,,
177,half_short,20210606HHNC0,8.0,top,,76118,69737,2,328.0,,Other,,,,1-0,not_in_naver,0,,,,,,,,,,,,unavailable,,,,,False,no,,TrackMan: 투수·타자 ID/반이닝/2구; TM−1.5km/h 기준 구속 ±3km/h 별도 대조; 카운트 연결 조건 아님; 카운트=unavailable,,,,,,,,,,,,,
178,half_short,20210606HHNC0,8.0,top,,76118,69737,3,329.0,,Other,,,,2-0,not_in_naver,0,,,,,,,,,,,,unavailable,,,,,False,no,,TrackMan: 투수·타자 ID/반이닝/3구; TM−1.5km/h 기준 구속 ±3km/h 별도 대조; 카운트 연결 조건 아님; 카운트=unavailable,,,,,,,,,,,,,
179,half_short,20210606HHNC0,8.0,top,,76118,69737,4,330.0,,Other,,,,3-0,not_in_naver,0,,,,,,,,,,,,unavailable,,,,,False,no,,TrackMan: 투수·타자 ID/반이닝/4구; TM−1.5km/h 기준 구속 ±3km/h 별도 대조; 카운트 연결 조건 아님; 카운트=unavailable,,,,,,,,,,,,,
180,half_short,20210606HHNC0,8.0,top,,76118,51725,1,331.0,137.591,Slider,,,,0-0,found_with_location,1,210606_202809,210606_202809,92,4,1,T,137,0-1,-0.591,0.909,True,match,-0.015827,1.4167,3.375,1.5,True,no,,TrackMan: 투수·타자 ID/반이닝/1구; TM−1.5km/h 기준 구속 ±3km/h 별도 대조; 카운트 연결 조건 아님; 네이버−TrackMan 구속=-0.591km/h; 기대 편차=+0.909km/h; 카운트=match,210606_202809,8,1,-124.615,-1.90981,2.15712,4.90918,50.0,-1.0509,2.01181,21.2986,-28.7953,R
181,half_short,20210606HHNC0,8.0,top,,76118,51725,2,332.0,148.268,Fastball,,,,0-1,found_with_location,1,210606_202835,210606_202835,92,4,2,H,148,0-1,-0.268,1.232,True,match,-0.607091,1.4167,3.375,1.5,True,no,,TrackMan: 투수·타자 ID/반이닝/2구; TM−1.5km/h 기준 구속 ±3km/h 별도 대조; 카운트 연결 조건 아님; 네이버−TrackMan 구속=-0.268km/h; 기대 편차=+1.232km/h; 카운트=match,210606_202835,8,2,-134.621,-4.01989,2.05198,4.8869,50.0,-0.87229,-7.17163,27.1235,-18.7756,R
182,half_short,20210606HHNC0,8.0,top,,76118,63704,1,333.0,136.065,Slider,,,,0-0,found_with_location,1,210606_203015,210606_203015,93,5,1,T,136,0-1,-0.065,1.435,True,match,-0.321377,1.4167,3.19845,1.33072,True,no,,TrackMan: 투수·타자 ID/반이닝/1구; TM−1.5km/h 기준 구속 ±3km/h 별도 대조; 카운트 연결 조건 아님; 네이버−TrackMan 구속=-0.065km/h; 기대 편차=+1.435km/h; 카운트=match,210606_203015,8,1,-123.386,-1.18698,0.927056,5.01492,50.0,-1.08108,4.54585,22.6519,-27.8483,L
183,half_short,20210606HHNC0,8.0,top,,76118,63704,2,334.0,138.009,Slider,,,,0-1,found_with_location,1,210606_203040,210606_203040,93,5,2,F,146,0-2,7.991,9.491,False,match,-0.112077,1.4167,3.19845,1.33072,True,no,,TrackMan: 투수·타자 ID/반이닝/2구; TM−1.5km/h 기준 구속 ±3km/h 별도 대조; 카운트 연결 조건 아님; 네이버−TrackMan 구속=+7.991km/h; 기대 편차=+9.491km/h; 카운트=match,210606_203040,8,2,-125.151,-0.583567,1.77244,5.11234,50.0,-0.991407,2.10172,19.7068,-26.7504,L
184,half_short,20210606HHNC0,8.0,top,,76118,63704,3,335.0,150.093,Fastball,,,,0-2,found_with_location,1,210606_203114,210606_203114,93,5,3,B,150,1-2,-0.093,1.407,True,match,1.0374,1.4167,3.19845,1.33072,True,no,,TrackMan: 투수·타자 ID/반이닝/3구; TM−1.5km/h 기준 구속 ±3km/h 별도 대조; 카운트 연결 조건 아님; 네이버−TrackMan 구속=-0.093km/h; 기대 편차=+1.407km/h; 카운트=match,210606_203114,8,3,-135.662,-4.11601,6.16535,4.82951,50.0,-0.794668,-6.74001,29.6388,-18.4992,L
185,half_short,20210606HHNC0,8.0,top,,76118,63704,4,336.0,150.273,Fastball,,,,1-2,found_with_location,1,210606_203145,210606_203145,93,5,4,B,150,2-2,-0.273,1.227,True,match,0.42593,1.4167,3.19845,1.33072,True,no,,TrackMan: 투수·타자 ID/반이닝/4구; TM−1.5km/h 기준 구속 ±3km/h 별도 대조; 카운트 연결 조건 아님; 네이버−TrackMan 구속=-0.273km/h; 기대 편차=+1.227km/h; 카운트=match,210606_203145,8,4,-136.232,-5.87321,4.74111,4.72402,50.0,-0.893884,-6.39169,29.0312,-18.9833,L
186,half_short,20210606HHNC0,8.0,top,,76118,63704,5,337.0,149.414,Fastball,,,,2-2,found_with_location,1,210606_203213,210606_203213,93,5,5,F,149,2-2,-0.414,1.086,True,match,0.448756,1.4167,3.19845,1.33072,True,no,,TrackMan: 투수·타자 ID/반이닝/5구; TM−1.5km/h 기준 구속 ±3km/h 별도 대조; 카운트 연결 조건 아님; 네이버−TrackMan 구속=-0.414km/h; 기대 편차=+1.086km/h; 카운트=match,210606_203213,8,5,-135.536,-5.88909,4.75993,4.69572,50.0,-0.84855,-6.89346,29.4833,-19.929,L
187,half_short,20210606HHNC0,8.0,top,,76118,63704,6,338.0,149.25,Fastball,,,,2-2,found_with_location,1,210606_203249,210606_203249,93,5,6,B,149,3-2,-0.25,1.25,True,match,0.980761,1.4167,3.19845,1.33072,True,no,,TrackMan: 투수·타자 ID/반이닝/6구; TM−1.5km/h 기준 구속 ±3km/h 별도 대조; 카운트 연결 조건 아님; 네이버−TrackMan 구속=-0.250km/h; 기대 편차=+1.250km/h; 카운트=match,210606_203249,8,6,-135.145,-5.49965,6.12091,4.77258,50.0,-0.742859,-8.05793,26.8615,-21.4077,L
188,half_short,20210606HHNC0,8.0,top,,76118,63704,7,339.0,139.451,Slider,,,,3-2,found_with_location,1,210606_203320,210606_203320,93,5,7,S,139,3-3,-0.451,1.049,True,match,0.310479,1.4167,3.19845,1.33072,True,no,,TrackMan: 투수·타자 ID/반이닝/7구; TM−1.5km/h 기준 구속 ±3km/h 별도 대조; 카운트 연결 조건 아님; 네이버−TrackMan 구속=-0.451km/h; 기대 편차=+1.049km/h; 카운트=match,210606_203320,8,7,-126.848,-6.90181,2.62503,4.73569,50.0,-1.00302,3.25195,28.1708,-24.6367,L
189,half_short,20210606HHNC0,8.0,bottom,,50705,62907,1,340.0,140.619,Fastball,,,,0-0,found_with_location,1,210606_203543,210606_203543,95,1,1,B,140,1-0,-0.619,0.881,True,match,-0.791234,1.4167,3.44209,1.72864,True,no,,TrackMan: 투수·타자 ID/반이닝/1구; TM−1.5km/h 기준 구속 ±3km/h 별도 대조; 카운트 연결 조건 아님; 네이버−TrackMan 구속=-0.619km/h; 기대 편차=+0.881km/h; 카운트=match,210606_203543,8,1,-127.286,0.105226,4.74857,4.64595,50.0,-2.01712,-8.35001,23.4091,-22.4401,L
190,half_short,20210606HHNC0,8.0,bottom,,50705,62907,2,341.0,140.736,Fastball,,,,1-0,found_with_location,1,210606_203557,210606_203557,95,1,2,H,140,1-0,-0.736,0.764,True,match,0.064468,1.4167,3.44209,1.72864,True,no,,TrackMan: 투수·타자 ID/반이닝/2구; TM−1.5km/h 기준 구속 ±3km/h 별도 대조; 카운트 연결 조건 아님; 네이버−TrackMan 구속=-0.736km/h; 기대 편차=+0.764km/h; 카운트=match,210606_203557,8,2,-127.411,-0.117994,5.71523,4.61746,50.0,-1.97247,-2.91492,24.6141,-21.9904,L
191,half_short,20210606HHNC0,8.0,bottom,,50705,76849,1,342.0,140.511,Fastball,,,,0-0,found_with_location,1,210606_203628,210606_203628,96,2,1,B,140,1-0,-0.511,0.989,True,match,1.17279,1.4167,3.38437,1.6246,True,no,,TrackMan: 투수·타자 ID/반이닝/1구; TM−1.5km/h 기준 구속 ±3km/h 별도 대조; 카운트 연결 조건 아님; 네이버−TrackMan 구속=-0.511km/h; 기대 편차=+0.989km/h; 카운트=match,210606_203628,8,1,-127.503,-3.08902,9.48077,4.39782,50.0,-1.79975,-9.94562,23.7783,-19.6493,L
192,half_short,20210606HHNC0,8.0,bottom,,50705,76849,2,343.0,139.96,Fastball,,,,1-0,found_with_location,1,210606_203640,210606_203640,96,2,2,T,140,1-1,0.04,1.54,True,match,-0.202854,1.4167,3.38437,1.6246,True,no,,TrackMan: 투수·타자 ID/반이닝/2구; TM−1.5km/h 기준 구속 ±3km/h 별도 대조; 카운트 연결 조건 아님; 네이버−TrackMan 구속=+0.040km/h; 기대 편차=+1.540km/h; 카운트=match,210606_203640,8,2,-126.542,-1.28043,5.87907,4.5284,50.0,-1.92804,-7.75318,22.1542,-20.7605,L
193,half_short,20210606HHNC0,8.0,bottom,,50705,76849,3,344.0,125.497,Slider,,,,1-1,found_with_location,1,210606_203654,210606_203654,96,2,3,B,122,2-1,-3.497,-1.997,True,match,-1.31506,1.4167,3.38437,1.6246,True,no,,TrackMan: 투수·타자 ID/반이닝/3구; TM−1.5km/h 기준 구속 ±3km/h 별도 대조; 카운트 연결 조건 아님; 네이버−TrackMan 구속=-3.497km/h; 기대 편차=-1.997km/h; 카운트=match,210606_203654,8,3,-113.587,2.68193,1.6448,4.32543,50.0,-2.41839,3.77522,19.059,-27.0436,L
194,half_short,20210606HHNC0,8.0,bottom,,50705,76849,4,345.0,141.379,Fastball,,,,2-1,found_with_location,1,210606_203707,210606_203707,96,2,4,T,141,2-2,-0.379,1.121,True,match,-0.72521,1.4167,3.38437,1.6246,True,no,,TrackMan: 투수·타자 ID/반이닝/4구; TM−1.5km/h 기준 구속 ±3km/h 별도 대조; 카운트 연결 조건 아님; 네이버−TrackMan 구속=-0.379km/h; 기대 편차=+1.121km/h; 카운트=match,210606_203707,8,4,-128.065,-0.381833,4.78271,4.53123,50.0,-1.9017,-9.11238,23.3573,-20.8028,L
195,half_short,20210606HHNC0,8.0,bottom,,50705,76849,5,346.0,125.647,Slider,,,,2-2,found_with_location,1,210606_203723,210606_203723,96,2,5,S,125,2-3,-0.647,0.853,True,match,-0.595391,1.4167,3.38437,1.6246,True,no,,TrackMan: 투수·타자 ID/반이닝/5구; TM−1.5km/h 기준 구속 ±3km/h 별도 대조; 카운트 연결 조건 아님; 네이버−TrackMan 구속=-0.647km/h; 기대 편차=+0.853km/h; 카운트=match,210606_203723,8,5,-113.606,2.77628,2.9451,4.26984,50.0,-2.30464,4.08359,18.6506,-28.6337,L
196,half_short,20210606HHNC0,8.0,bottom,,50705,61869,1,347.0,124.061,Slider,,,,0-0,found_with_location,1,210606_203758,210606_203758,97,3,1,B,124,1-0,-0.061,1.439,True,match,-1.28396,1.4167,3.51645,1.77468,True,no,,TrackMan: 투수·타자 ID/반이닝/1구; TM−1.5km/h 기준 구속 ±3km/h 별도 대조; 카운트 연결 조건 아님; 네이버−TrackMan 구속=-0.061km/h; 기대 편차=+1.439km/h; 카운트=match,210606_203758,8,1,-112.246,2.68719,1.30016,4.24117,50.0,-2.38839,5.1753,17.7195,-29.2087,L
197,half_short,20210606HHNC0,8.0,bottom,,50705,61869,2,348.0,123.18,Slider,,,,1-0,found_with_location,1,210606_203813,210606_203813,97,3,2,T,123,1-1,-0.18,1.32,True,match,-0.229019,1.4167,3.51645,1.77468,True,no,,TrackMan: 투수·타자 ID/반이닝/2구; TM−1.5km/h 기준 구속 ±3km/h 별도 대조; 카운트 연결 조건 아님; 네이버−TrackMan 구속=-0.180km/h; 기대 편차=+1.320km/h; 카운트=match,210606_203813,8,2,-111.343,0.860807,2.85152,4.20727,50.0,-2.30986,7.71749,17.6455,-26.5381,L
198,half_short,20210606HHNC0,8.0,bottom,,50705,61869,3,349.0,141.569,Fastball,,,,1-1,found_with_location,1,210606_203829,210606_203829,97,3,3,F,141,1-2,-0.569,0.931,True,match,0.563807,1.4167,3.51645,1.77468,True,no,,TrackMan: 투수·타자 ID/반이닝/3구; TM−1.5km/h 기준 구속 ±3km/h 별도 대조; 카운트 연결 조건 아님; 네이버−TrackMan 구속=-0.569km/h; 기대 편차=+0.931km/h; 카운트=match,210606_203829,8,3,-128.265,0.513288,7.42233,4.54158,50.0,-1.70015,-8.45654,23.6414,-23.6084,L
199,half_short,20210606HHNC0,8.0,bottom,,50705,61869,4,350.0,128.346,Slider,,,,1-2,found_with_location,1,210606_203900,210606_203900,97,3,4,B,128,2-2,-0.346,1.154,True,match,-1.41377,1.4167,3.51645,1.77468,True,no,,TrackMan: 투수·타자 ID/반이닝/4구; TM−1.5km/h 기준 구속 ±3km/h 별도 대조; 카운트 연결 조건 아님; 네이버−TrackMan 구속=-0.346km/h; 기대 편차=+1.154km/h; 카운트=match,210606_203900,8,4,-116.289,1.4624,1.47564,4.22441,50.0,-2.42717,3.96955,19.7141,-26.4683,L
200,half_short,20210606HHNC0,8.0,bottom,,50705,61869,5,351.0,127.888,Slider,,,,2-2,found_with_location,1,210606_203917,210606_203917,97,3,5,F,128,2-2,0.112,1.612,True,match,-0.980023,1.4167,3.51645,1.77468,True,no,,TrackMan: 투수·타자 ID/반이닝/5구; TM−1.5km/h 기준 구속 ±3km/h 별도 대조; 카운트 연결 조건 아님; 네이버−TrackMan 구속=+0.112km/h; 기대 편차=+1.612km/h; 카운트=match,210606_203917,8,5,-115.896,1.06541,2.52553,4.13382,50.0,-2.29584,2.27258,20.0636,-27.8217,L
201,half_short,20210606HHNC0,8.0,bottom,,50705,61869,6,352.0,128.493,Slider,,,,2-2,found_with_location,1,210606_203942,210606_203942,97,3,6,F,126,2-2,-2.493,-0.993,True,match,0.874986,1.4167,3.51645,1.77468,True,no,,TrackMan: 투수·타자 ID/반이닝/6구; TM−1.5km/h 기준 구속 ±3km/h 별도 대조; 카운트 연결 조건 아님; 네이버−TrackMan 구속=-2.493km/h; 기대 편차=-0.993km/h; 카운트=match,210606_203942,8,6,-116.226,2.49557,6.06379,4.35165,50.0,-2.06417,3.14348,21.4832,-28.9486,L
202,half_short,20210606HHNC0,8.0,bottom,,50705,61869,7,353.0,142.206,Fastball,,,,2-2,found_with_location,1,210606_204008,210606_204008,97,3,7,F,141,2-2,-1.206,0.294,True,match,-0.267385,1.4167,3.51645,1.77468,True,no,,TrackMan: 투수·타자 ID/반이닝/7구; TM−1.5km/h 기준 구속 ±3km/h 별도 대조; 카운트 연결 조건 아님; 네이버−TrackMan 구속=-1.206km/h; 기대 편차=+0.294km/h; 카운트=match,210606_204008,8,7,-128.72,-1.42448,5.67332,4.53312,50.0,-1.80745,-8.93249,26.1335,-20.2823,L
203,half_short,20210606HHNC0,8.0,bottom,,50705,61869,8,354.0,125.997,Slider,,,,2-2,found_with_location,1,210606_204033,210606_204033,97,3,8,H,126,2-2,0.003,1.503,True,match,-0.087698,1.4167,3.51645,1.77468,True,no,,TrackMan: 투수·타자 ID/반이닝/8구; TM−1.5km/h 기준 구속 ±3km/h 별도 대조; 카운트 연결 조건 아님; 네이버−TrackMan 구속=+0.003km/h; 기대 편차=+1.503km/h; 카운트=match,210606_204033,8,8,-113.957,0.162745,2.89647,4.19667,50.0,-2.16468,8.01076,20.648,-29.3502,L
204,half_short,20210606HHNC0,8.0,bottom,,50705,76232,1,355.0,,Other,,,,0-0,not_in_naver,0,,,,,,,,,,,,unavailable,,,,,False,no,,TrackMan: 투수·타자 ID/반이닝/1구; TM−1.5km/h 기준 구속 ±3km/h 별도 대조; 카운트 연결 조건 아님; 카운트=unavailable,,,,,,,,,,,,,
205,half_short,20210606HHNC0,8.0,bottom,,50705,76232,2,356.0,,Other,,,,1-0,not_in_naver,0,,,,,,,,,,,,unavailable,,,,,False,no,,TrackMan: 투수·타자 ID/반이닝/2구; TM−1.5km/h 기준 구속 ±3km/h 별도 대조; 카운트 연결 조건 아님; 카운트=unavailable,,,,,,,,,,,,,
206,half_short,20210606HHNC0,8.0,bottom,,50705,76232,3,357.0,,Other,,,,2-0,not_in_naver,0,,,,,,,,,,,,unavailable,,,,,False,no,,TrackMan: 투수·타자 ID/반이닝/3구; TM−1.5km/h 기준 구속 ±3km/h 별도 대조; 카운트 연결 조건 아님; 카운트=unavailable,,,,,,,,,,,,,
207,half_short,20210606HHNC0,8.0,bottom,,50705,76232,4,358.0,,Other,,,,3-0,not_in_naver,0,,,,,,,,,,,,unavailable,,,,,False,no,,TrackMan: 투수·타자 ID/반이닝/4구; TM−1.5km/h 기준 구속 ±3km/h 별도 대조; 카운트 연결 조건 아님; 카운트=unavailable,,,,,,,,,,,,,
208,half_short,20210606HHNC0,8.0,bottom,,74857,66928,1,359.0,117.428,ChangeUp,,,,0-0,found_with_location,1,210606_204422,210606_204422,100,4,1,B,117,1-0,-0.428,1.072,True,match,1.29078,1.4167,3.375,1.5,True,yes,049-01,TrackMan: 투수·타자 ID/반이닝/1구; TM−1.5km/h 기준 구속 ±3km/h 별도 대조; 카운트 연결 조건 아님; 네이버−TrackMan 구속=-0.428km/h; 기대 편차=+1.072km/h; 카운트=match,210606_204422,8,1,-106.291,1.42738,-3.56546,6.20378,50.0,2.19705,6.98455,19.1254,-24.9312,R
209,half_short,20210606HHNC0,8.0,bottom,,74857,66928,2,360.0,117.429,ChangeUp,,,,1-0,found_with_location,1,210606_204447,210606_204447,100,4,2,S,117,1-1,-0.429,1.071,True,match,1.16768,1.4167,3.375,1.5,True,yes,049-02,TrackMan: 투수·타자 ID/반이닝/2구; TM−1.5km/h 기준 구속 ±3km/h 별도 대조; 카운트 연결 조건 아님; 네이버−TrackMan 구속=-0.429km/h; 기대 편차=+1.071km/h; 카운트=match,210606_204447,8,2,-106.193,-1.07239,-4.39435,5.99779,50.0,2.32617,8.24758,19.4582,-25.3434,R
210,half_short,20210606HHNC0,8.0,bottom,,74857,66928,3,361.0,118.043,ChangeUp,,,,1-1,found_with_location,1,210606_204522,210606_204522,100,4,3,B,118,2-1,-0.043,1.457,True,match,1.23576,1.4167,3.375,1.5,True,no,,TrackMan: 투수·타자 ID/반이닝/3구; TM−1.5km/h 기준 구속 ±3km/h 별도 대조; 카운트 연결 조건 아님; 네이버−TrackMan 구속=-0.043km/h; 기대 편차=+1.457km/h; 카운트=match,210606_204522,8,3,-106.68,0.481859,-3.87734,6.09263,50.0,2.26152,7.23757,19.5342,-24.7742,R
211,half_short,20210606HHNC0,8.0,bottom,,74857,66928,4,362.0,120.193,ChangeUp,,,,2-1,found_with_location,1,210606_204549,210606_204549,100,4,4,H,120,2-1,-0.193,1.307,True,match,0.7086,1.4167,3.375,1.5,True,no,,TrackMan: 투수·타자 ID/반이닝/4구; TM−1.5km/h 기준 구속 ±3km/h 별도 대조; 카운트 연결 조건 아님; 네이버−TrackMan 구속=-0.193km/h; 기대 편차=+1.307km/h; 카운트=match,210606_204549,8,4,-108.889,-3.37317,-5.12221,5.88726,50.0,2.21725,8.08129,19.3112,-21.7926,R
212,half_short,20210606HHNC0,9.0,top,,76118,63700,1,363.0,135.674,Slider,,,,0-0,found_with_location,1,210606_204801,210606_204801,102,1,1,B,135,1-0,-0.674,0.826,True,match,0.580543,1.4167,3.375,1.5,True,no,,TrackMan: 투수·타자 ID/반이닝/1구; TM−1.5km/h 기준 구속 ±3km/h 별도 대조; 카운트 연결 조건 아님; 네이버−TrackMan 구속=-0.674km/h; 기대 편차=+0.826km/h; 카운트=match,210606_204801,9,1,-123.13,1.647,3.16648,5.12858,50.0,-0.889162,1.96009,24.8733,-24.8289,R
213,half_short,20210606HHNC0,9.0,top,,76118,63700,2,364.0,133.105,Slider,,,,1-0,found_with_location,1,210606_204816,210606_204816,102,1,2,B,133,2-0,-0.105,1.395,True,match,-1.00002,1.4167,3.375,1.5,True,no,,TrackMan: 투수·타자 ID/반이닝/2구; TM−1.5km/h 기준 구속 ±3km/h 별도 대조; 카운트 연결 조건 아님; 네이버−TrackMan 구속=-0.105km/h; 기대 편차=+1.395km/h; 카운트=match,210606_204816,9,2,-120.693,1.42455,-0.904061,5.07606,50.0,-0.94034,3.63633,22.4664,-30.5596,R
214,half_short,20210606HHNC0,9.0,top,,76118,63700,3,365.0,145.846,Fastball,,,,2-0,found_with_location,1,210606_204833,210606_204833,102,1,3,B,147,3-0,1.154,2.654,True,match,0.790698,1.4167,3.375,1.5,True,no,,TrackMan: 투수·타자 ID/반이닝/3구; TM−1.5km/h 기준 구속 ±3km/h 별도 대조; 카운트 연결 조건 아님; 네이버−TrackMan 구속=+1.154km/h; 기대 편차=+2.654km/h; 카운트=match,210606_204833,9,3,-132.359,-5.30443,5.7175,4.73257,50.0,-0.666253,-9.96251,26.8884,-19.6072,R
215,half_short,20210606HHNC0,9.0,top,,76118,63700,4,366.0,146.386,Fastball,,,,3-0,found_with_location,1,210606_204850,210606_204850,102,1,4,T,146,3-1,-0.386,1.114,True,match,0.498375,1.4167,3.375,1.5,True,no,,TrackMan: 투수·타자 ID/반이닝/4구; TM−1.5km/h 기준 구속 ±3km/h 별도 대조; 카운트 연결 조건 아님; 네이버−TrackMan 구속=-0.386km/h; 기대 편차=+1.114km/h; 카운트=match,210606_204850,9,4,-132.537,-3.31988,4.7167,4.87687,50.0,-0.805097,-6.81991,27.4776,-18.7877,R
216,half_short,20210606HHNC0,9.0,top,,76118,63700,5,367.0,148.391,Fastball,,,,3-1,found_with_location,1,210606_204905,210606_204905,102,1,5,S,148,3-2,-0.391,1.109,True,match,1.12934,1.4167,3.375,1.5,True,no,,TrackMan: 투수·타자 ID/반이닝/5구; TM−1.5km/h 기준 구속 ±3km/h 별도 대조; 카운트 연결 조건 아님; 네이버−TrackMan 구속=-0.391km/h; 기대 편차=+1.109km/h; 카운트=match,210606_204905,9,5,-134.617,-4.88665,6.98738,4.74733,50.0,-0.764901,-10.3242,26.9351,-19.8338,R
217,half_short,20210606HHNC0,9.0,top,,76118,63700,6,368.0,147.249,Fastball,,,,3-2,found_with_location,1,210606_204924,210606_204924,102,1,6,B,147,4-2,-0.249,1.251,True,match,0.736841,1.4167,3.375,1.5,True,no,,TrackMan: 투수·타자 ID/반이닝/6구; TM−1.5km/h 기준 구속 ±3km/h 별도 대조; 카운트 연결 조건 아님; 네이버−TrackMan 구속=-0.249km/h; 기대 편차=+1.251km/h; 카운트=match,210606_204924,9,6,-133.488,-6.81984,5.48826,4.71095,50.0,-0.672555,-9.33946,28.0658,-18.1023,R
218,half_short,20210606HHNC0,9.0,top,,76118,69705,1,369.0,137.247,Slider,,,,0-0,found_with_location,1,210606_205010,210606_205010,103,2,1,S,137,0-1,-0.247,1.253,True,match,0.343326,1.4167,3.375,1.5,True,no,,TrackMan: 투수·타자 ID/반이닝/1구; TM−1.5km/h 기준 구속 ±3km/h 별도 대조; 카운트 연결 조건 아님; 네이버−TrackMan 구속=-0.247km/h; 기대 편차=+1.253km/h; 카운트=match,210606_205010,9,1,-124.325,0.555192,2.23811,5.02786,50.0,-0.820358,3.05887,24.1246,-28.5999,R
219,half_short,20210606HHNC0,9.0,top,,76118,69705,2,370.0,138.383,Slider,,,,0-1,found_with_location,1,210606_205038,210606_205038,103,2,2,H,138,0-1,-0.383,1.117,True,match,0.06926,1.4167,3.375,1.5,True,no,,TrackMan: 투수·타자 ID/반이닝/2구; TM−1.5km/h 기준 구속 ±3km/h 별도 대조; 카운트 연결 조건 아님; 네이버−TrackMan 구속=-0.383km/h; 기대 편차=+1.117km/h; 카운트=match,210606_205038,9,2,-125.553,-1.56735,1.95537,4.88605,50.0,-0.941796,2.74633,24.822,-29.011,R
220,half_short,20210606HHNC0,9.0,top,,76118,66710,1,371.0,134.869,Slider,,,,0-0,found_with_location,1,210606_205141,210606_205141,104,3,1,B,136,1-0,1.131,2.631,True,match,-1.97099,1.4167,3.13945,1.40992,True,no,,TrackMan: 투수·타자 ID/반이닝/1구; TM−1.5km/h 기준 구속 ±3km/h 별도 대조; 카운트 연결 조건 아님; 네이버−TrackMan 구속=+1.131km/h; 기대 편차=+2.631km/h; 카운트=match,210606_205141,9,1,-122.24,3.18069,-2.45303,5.0177,50.0,-1.2256,3.15279,23.6474,-32.1726,L
221,half_short,20210606HHNC0,9.0,top,,76118,66710,2,372.0,146.539,Fastball,,,,1-0,found_with_location,1,210606_205205,210606_205205,104,3,2,H,146,1-0,-0.539,0.961,True,match,0.135577,1.4167,3.13945,1.40992,True,no,,TrackMan: 투수·타자 ID/반이닝/2구; TM−1.5km/h 기준 구속 ±3km/h 별도 대조; 카운트 연결 조건 아님; 네이버−TrackMan 구속=-0.539km/h; 기대 편차=+0.961km/h; 카운트=match,210606_205205,9,2,-132.779,-4.20146,4.22853,4.72304,50.0,-0.814875,-9.092,26.0576,-18.9118,L
222,half_short,20210606HHNC0,9.0,top,,65949,68743,1,373.0,144.873,Fastball,,,,0-0,found_with_location,1,210606_205518,210606_205518,105,4,1,B,144,1-0,-0.873,0.627,True,match,0.496792,1.4167,3.25336,1.56794,True,no,,TrackMan: 투수·타자 ID/반이닝/1구; TM−1.5km/h 기준 구속 ±3km/h 별도 대조; 카운트 연결 조건 아님; 네이버−TrackMan 구속=-0.873km/h; 기대 편차=+0.627km/h; 카운트=match,210606_205518,9,1,-131.245,-5.44299,7.81236,5.76546,50.0,-1.81401,-9.44175,27.3466,-14.6402,L
223,half_short,20210606HHNC0,9.0,top,,65949,68743,2,374.0,145.076,Fastball,,,,1-0,found_with_location,1,210606_205558,210606_205558,105,4,2,F,144,1-1,-1.076,0.424,True,match,-0.151558,1.4167,3.25336,1.56794,True,no,,TrackMan: 투수·타자 ID/반이닝/2구; TM−1.5km/h 기준 구속 ±3km/h 별도 대조; 카운트 연결 조건 아님; 네이버−TrackMan 구속=-1.076km/h; 기대 편차=+0.424km/h; 카운트=match,210606_205558,9,2,-131.441,-5.59557,6.13045,5.62652,50.0,-1.94597,-7.6155,26.5583,-12.2198,L
224,half_short,20210606HHNC0,9.0,top,,65949,68743,3,375.0,137.639,ChangeUp,,,,1-1,found_with_location,1,210606_205636,210606_205636,105,4,3,B,137,2-1,-0.639,0.861,True,match,1.93512,1.4167,3.25336,1.56794,True,no,,TrackMan: 투수·타자 ID/반이닝/3구; TM−1.5km/h 기준 구속 ±3km/h 별도 대조; 카운트 연결 조건 아님; 네이버−TrackMan 구속=-0.639km/h; 기대 편차=+0.861km/h; 카운트=match,210606_205636,9,3,-123.921,-11.5822,12.6366,5.34094,50.0,-1.74471,-17.6915,22.8817,-16.9978,L
225,half_short,20210606HHNC0,9.0,top,,65949,68743,4,376.0,145.567,Fastball,,,,2-1,found_with_location,1,210606_205718,210606_205718,105,4,4,H,145,2-1,-0.567,0.933,True,match,-0.931763,1.4167,3.25336,1.56794,True,no,,TrackMan: 투수·타자 ID/반이닝/4구; TM−1.5km/h 기준 구속 ±3km/h 별도 대조; 카운트 연결 조건 아님; 네이버−TrackMan 구속=-0.567km/h; 기대 편차=+0.933km/h; 카운트=match,210606_205718,9,4,-131.994,-6.50901,5.31606,5.57948,50.0,-2.0807,-12.1012,27.9691,-15.1349,L
226,half_short,20210606HHNC0,9.0,top,,65949,78288,1,377.0,143.767,Fastball,,,,0-0,found_with_location,1,210606_205813,210606_205813,106,5,1,W,143,0-1,-0.767,0.733,True,match,0.405995,1.4167,3.23055,1.60512,True,no,,TrackMan: 투수·타자 ID/반이닝/1구; TM−1.5km/h 기준 구속 ±3km/h 별도 대조; 카운트 연결 조건 아님; 네이버−TrackMan 구속=-0.767km/h; 기대 편차=+0.733km/h; 카운트=match,210606_205813,9,1,-129.881,-5.01922,7.63688,5.43806,50.0,-2.09734,-6.15183,25.05,-19.0498,R
227,half_short,20210606HHNC0,9.0,top,,65949,78288,2,378.0,145.722,Fastball,,,,0-1,found_with_location,1,210606_205849,210606_205849,106,5,2,F,145,0-2,-0.722,0.778,True,match,0.710177,1.4167,3.23055,1.60512,True,no,,TrackMan: 투수·타자 ID/반이닝/2구; TM−1.5km/h 기준 구속 ±3km/h 별도 대조; 카운트 연결 조건 아님; 네이버−TrackMan 구속=-0.722km/h; 기대 편차=+0.778km/h; 카운트=match,210606_205849,9,2,-131.799,-5.39195,8.69224,5.79884,50.0,-1.73997,-12.0839,28.8133,-12.5938,R
228,half_short,20210606HHNC0,9.0,top,,65949,78288,3,379.0,146.331,Fastball,,,,0-2,found_with_location,1,210606_205917,210606_205917,106,5,3,F,146,0-2,-0.331,1.169,True,match,0.017556,1.4167,3.23055,1.60512,True,no,,TrackMan: 투수·타자 ID/반이닝/3구; TM−1.5km/h 기준 구속 ±3km/h 별도 대조; 카운트 연결 조건 아님; 네이버−TrackMan 구속=-0.331km/h; 기대 편차=+1.169km/h; 카운트=match,210606_205917,9,3,-132.803,-2.29077,7.23401,5.81045,50.0,-1.94599,-10.9763,29.9873,-15.2778,R
229,half_short,20210606HHNC0,9.0,top,,65949,78288,4,380.0,148.943,Fastball,,,,0-2,found_with_location,1,210606_205944,210606_205944,106,5,4,F,149,0-2,0.057,1.557,True,match,-0.507545,1.4167,3.23055,1.60512,True,no,,TrackMan: 투수·타자 ID/반이닝/4구; TM−1.5km/h 기준 구속 ±3km/h 별도 대조; 카운트 연결 조건 아님; 네이버−TrackMan 구속=+0.057km/h; 기대 편차=+1.557km/h; 카운트=match,210606_205944,9,4,-134.971,-6.32112,7.38289,5.45628,50.0,-2.23511,-14.803,28.7038,-16.1114,R
230,half_short,20210606HHNC0,9.0,top,,65949,78288,5,381.0,140.078,Slider,,,,0-2,found_with_location,1,210606_210014,210606_210014,106,5,5,B,140,1-2,-0.078,1.422,True,match,2.66252,1.4167,3.23055,1.60512,True,no,,TrackMan: 투수·타자 ID/반이닝/5구; TM−1.5km/h 기준 구속 ±3km/h 별도 대조; 카운트 연결 조건 아님; 네이버−TrackMan 구속=-0.078km/h; 기대 편차=+1.422km/h; 카운트=match,210606_210014,9,5,-126.562,-4.65321,12.6567,5.33988,50.0,-2.04229,-4.15929,22.1591,-21.7866,R
231,half_short,20210606HHNC0,9.0,top,,65949,78288,6,382.0,136.995,ChangeUp,,,,1-2,found_with_location,1,210606_210049,210606_210049,106,5,6,B,137,2-2,0.005,1.505,True,match,1.24988,1.4167,3.23055,1.60512,True,no,,TrackMan: 투수·타자 ID/반이닝/6구; TM−1.5km/h 기준 구속 ±3km/h 별도 대조; 카운트 연결 조건 아님; 네이버−TrackMan 구속=+0.005km/h; 기대 편차=+1.505km/h; 카운트=match,210606_210049,9,6,-123.699,-4.09169,11.0458,5.42533,50.0,-2.06943,-14.2169,21.582,-22.7955,R
232,half_short,20210606HHNC0,9.0,top,,65949,78288,7,383.0,145.762,Fastball,,,,2-2,found_with_location,1,210606_210120,210606_210120,106,5,7,F,145,2-2,-0.762,0.738,True,match,-0.925561,1.4167,3.23055,1.60512,True,no,,TrackMan: 투수·타자 ID/반이닝/7구; TM−1.5km/h 기준 구속 ±3km/h 별도 대조; 카운트 연결 조건 아님; 네이버−TrackMan 구속=-0.762km/h; 기대 편차=+0.738km/h; 카운트=match,210606_210120,9,7,-131.928,-6.94353,5.28833,5.57642,50.0,-2.14481,-10.9784,25.0254,-15.1989,R
233,half_short,20210606HHNC0,9.0,top,,65949,78288,8,384.0,136.729,ChangeUp,,,,2-2,found_with_location,1,210606_210152,210606_210152,106,5,8,H,136,2-2,-0.729,0.771,True,match,-0.258087,1.4167,3.23055,1.60512,True,no,,TrackMan: 투수·타자 ID/반이닝/8구; TM−1.5km/h 기준 구속 ±3km/h 별도 대조; 카운트 연결 조건 아님; 네이버−TrackMan 구속=-0.729km/h; 기대 편차=+0.771km/h; 카운트=match,210606_210152,9,8,-123.785,-1.34862,6.69902,5.71276,50.0,-2.03416,-11.4955,22.8473,-21.8181,R
234,half_short,20210606HHNC0,9.0,top,,65949,62700,1,385.0,145.755,Fastball,,,,0-0,found_with_location,1,210606_210253,210606_210253,107,6,1,H,145,0-0,-0.755,0.745,True,match,0.044551,1.4167,3.44362,1.61344,True,no,,TrackMan: 투수·타자 ID/반이닝/1구; TM−1.5km/h 기준 구속 ±3km/h 별도 대조; 카운트 연결 조건 아님; 네이버−TrackMan 구속=-0.755km/h; 기대 편차=+0.745km/h; 카운트=match,210606_210253,9,1,-132.069,-6.16877,7.12533,5.61083,50.0,-1.8654,-11.1387,26.0444,-16.2526,L
235,half_short,20210606HHNC0,9.0,top,,65949,69737,1,386.0,144.875,Fastball,,,,0-0,found_with_location,1,210606_210349,210606_210349,108,7,1,B,145,1-0,0.125,1.625,True,match,0.259812,1.4167,3.2538,1.44274,True,no,,TrackMan: 투수·타자 ID/반이닝/1구; TM−1.5km/h 기준 구속 ±3km/h 별도 대조; 카운트 연결 조건 아님; 네이버−TrackMan 구속=+0.125km/h; 기대 편차=+1.625km/h; 카운트=match,210606_210349,9,1,-131.43,-1.26454,7.06331,5.75332,50.0,-1.80209,-8.91057,28.5243,-15.4017,R
236,half_short,20210606HHNC0,9.0,top,,65949,69737,2,387.0,137.157,Slider,,,,1-0,found_with_location,1,210606_210414,210606_210414,108,7,2,F,137,1-1,-0.157,1.343,True,match,-0.472422,1.4167,3.2538,1.44274,True,no,,TrackMan: 투수·타자 ID/반이닝/2구; TM−1.5km/h 기준 구속 ±3km/h 별도 대조; 카운트 연결 조건 아님; 네이버−TrackMan 구속=-0.157km/h; 기대 편차=+1.343km/h; 카운트=match,210606_210414,9,2,-124.089,-1.31673,4.35302,5.52115,50.0,-2.20266,-0.433548,21.3458,-22.9668,R
237,half_short,20210606HHNC0,9.0,top,,65949,69737,3,388.0,138.533,Slider,,,,1-1,found_with_location,1,210606_210442,210606_210442,108,7,3,B,138,2-1,-0.533,0.967,True,match,0.31785,1.4167,3.2538,1.44274,True,no,,TrackMan: 투수·타자 ID/반이닝/3구; TM−1.5km/h 기준 구속 ±3km/h 별도 대조; 카운트 연결 조건 아님; 네이버−TrackMan 구속=-0.533km/h; 기대 편차=+0.967km/h; 카운트=match,210606_210442,9,3,-125.393,-6.32738,6.20709,5.37291,50.0,-2.04074,-1.76081,24.0471,-22.7024,R
238,half_short,20210606HHNC0,9.0,top,,65949,69737,4,389.0,145.376,Fastball,,,,2-1,found_with_location,1,210606_210511,210606_210511,108,7,4,S,145,2-2,-0.376,1.124,True,match,0.075964,1.4167,3.2538,1.44274,True,no,,TrackMan: 투수·타자 ID/반이닝/4구; TM−1.5km/h 기준 구속 ±3km/h 별도 대조; 카운트 연결 조건 아님; 네이버−TrackMan 구속=-0.376km/h; 기대 편차=+1.124km/h; 카운트=match,210606_210511,9,4,-131.463,-5.92854,7.21126,5.60298,50.0,-1.93991,-10.257,27.2486,-15.9447,R
239,half_short,20210606HHNC0,9.0,top,,65949,69737,5,390.0,145.347,Fastball,,,,2-2,found_with_location,1,210606_210538,210606_210538,108,7,5,F,145,2-2,-0.347,1.153,True,match,0.496767,1.4167,3.2538,1.44274,True,no,,TrackMan: 투수·타자 ID/반이닝/5구; TM−1.5km/h 기준 구속 ±3km/h 별도 대조; 카운트 연결 조건 아님; 네이버−TrackMan 구속=-0.347km/h; 기대 편차=+1.153km/h; 카운트=match,210606_210538,9,5,-131.695,-2.9705,8.64896,5.6484,50.0,-1.90909,-12.44,27.7331,-17.9323,R
240,half_short,20210606HHNC0,9.0,top,,65949,69737,6,391.0,137.849,ChangeUp,,,,2-2,found_with_location,1,210606_210617,210606_210617,108,7,6,B,137,3-2,-0.849,0.651,True,match,0.882493,1.4167,3.2538,1.44274,True,no,,TrackMan: 투수·타자 ID/반이닝/6구; TM−1.5km/h 기준 구속 ±3km/h 별도 대조; 카운트 연결 조건 아님; 네이버−TrackMan 구속=-0.849km/h; 기대 편차=+0.651km/h; 카운트=match,210606_210617,9,6,-124.446,-7.4072,9.28204,5.38039,50.0,-1.75293,-13.7102,22.3916,-23.6529,R
241,half_short,20210606HHNC0,9.0,top,,65949,69737,7,392.0,146.506,Fastball,,,,3-2,found_with_location,1,210606_210658,210606_210658,108,7,7,B,146,4-2,-0.506,0.994,True,match,-1.39075,1.4167,3.2538,1.44274,True,no,,TrackMan: 투수·타자 ID/반이닝/7구; TM−1.5km/h 기준 구속 ±3km/h 별도 대조; 카운트 연결 조건 아님; 네이버−TrackMan 구속=-0.506km/h; 기대 편차=+0.994km/h; 카운트=match,210606_210658,9,7,-132.741,-3.5496,4.65777,5.72467,50.0,-2.15693,-13.9014,25.9565,-14.4767,R
242,half_short,20210606HHNC0,9.0,top,,65949,51725,1,393.0,144.543,Fastball,,,,0-0,found_with_location,1,210606_210741,210606_210741,109,8,1,F,144,0-1,-0.543,0.957,True,match,-0.165498,1.4167,3.375,1.5,True,yes,050-01,TrackMan: 투수·타자 ID/반이닝/1구; TM−1.5km/h 기준 구속 ±3km/h 별도 대조; 카운트 연결 조건 아님; 네이버−TrackMan 구속=-0.543km/h; 기대 편차=+0.957km/h; 카운트=match,210606_210741,9,1,-131.19,-6.19452,7.00871,5.52511,50.0,-1.90003,-13.0026,25.8397,-16.5273,R
243,half_short,20210606HHNC0,9.0,top,,65949,51725,2,394.0,133.186,Slider,,,,0-1,found_with_location,1,210606_210809,210606_210809,109,8,2,B,138,1-1,4.814,6.314,False,match,-0.663905,1.4167,3.375,1.5,True,uncertain_speed_conflict,050-02,TrackMan: 투수·타자 ID/반이닝/2구; TM−1.5km/h 기준 구속 ±3km/h 별도 대조; 카운트 연결 조건 아님; 네이버−TrackMan 구속=+4.814km/h; 기대 편차=+6.314km/h; 카운트=match,210606_210809,9,2,-120.696,2.85189,3.34672,5.51814,50.0,-2.30174,2.73329,21.4144,-28.4933,R
244,half_short,20210606HHNC0,9.0,top,,65949,51725,3,395.0,145.12,Fastball,,,,1-1,found_with_location,1,210606_210834,210606_210834,109,8,3,F,145,1-2,-0.12,1.38,True,match,-0.083781,1.4167,3.375,1.5,True,uncertain_speed_conflict,050-03,TrackMan: 투수·타자 ID/반이닝/3구; TM−1.5km/h 기준 구속 ±3km/h 별도 대조; 카운트 연결 조건 아님; 네이버−TrackMan 구속=-0.120km/h; 기대 편차=+1.380km/h; 카운트=match,210606_210834,9,3,-132.114,-5.00254,6.92237,5.54353,50.0,-1.95982,-10.6406,30.5019,-13.8999,R
245,half_short,20210606HHNC0,9.0,top,,65949,51725,4,396.0,145.636,Fastball,,,,1-2,found_with_location,1,210606_210906,210606_210906,109,8,4,F,145,1-2,-0.636,0.864,True,match,-0.973483,1.4167,3.375,1.5,True,no,,TrackMan: 투수·타자 ID/반이닝/4구; TM−1.5km/h 기준 구속 ±3km/h 별도 대조; 카운트 연결 조건 아님; 네이버−TrackMan 구속=-0.636km/h; 기대 편차=+0.864km/h; 카운트=match,210606_210906,9,4,-131.923,-6.40008,5.07032,5.66307,50.0,-1.95169,-13.1402,28.8345,-14.6656,R
246,half_short,20210606HHNC0,9.0,top,,65949,51725,5,397.0,144.667,Fastball,,,,1-2,found_with_location,1,210606_210942,210606_210942,109,8,5,F,144,1-2,-0.667,0.833,True,match,-0.295386,1.4167,3.375,1.5,True,no,,TrackMan: 투수·타자 ID/반이닝/5구; TM−1.5km/h 기준 구속 ±3km/h 별도 대조; 카운트 연결 조건 아님; 네이버−TrackMan 구속=-0.667km/h; 기대 편차=+0.833km/h; 카운트=match,210606_210942,9,5,-131.199,-1.37565,6.22799,5.81114,50.0,-1.95004,-10.0612,27.7764,-16.1336,R
247,half_short,20210606HHNC0,9.0,top,,65949,51725,6,398.0,135.011,ChangeUp,,,,1-2,found_with_location,1,210606_211015,210606_211015,109,8,6,H,135,1-2,-0.011,1.489,True,match,-1.14952,1.4167,3.375,1.5,True,no,,TrackMan: 투수·타자 ID/반이닝/6구; TM−1.5km/h 기준 구속 ±3km/h 별도 대조; 카운트 연결 조건 아님; 네이버−TrackMan 구속=-0.011km/h; 기대 편차=+1.489km/h; 카운트=match,210606_211015,9,6,-122.321,-0.535158,4.99217,5.62972,50.0,-2.1522,-12.4161,24.3727,-23.1333,R
248,half_short,20210606HHNC0,9.0,bottom,,74857,74465,1,399.0,132.181,Sinker,,,,0-0,found_with_location,1,210606_211243,210606_211243,111,1,1,T,137,0-1,4.819,6.319,False,match,0.83002,1.4167,3.44358,1.68261,True,no,,TrackMan: 투수·타자 ID/반이닝/1구; TM−1.5km/h 기준 구속 ±3km/h 별도 대조; 카운트 연결 조건 아님; 네이버−TrackMan 구속=+4.819km/h; 기대 편차=+6.319km/h; 카운트=match,210606_211243,9,1,-119.686,-2.97936,-4.8389,5.72189,50.0,2.29116,6.55893,23.4864,-14.7364,R
249,half_short,20210606HHNC0,9.0,bottom,,74857,74465,2,400.0,134.275,Fastball,,,,0-1,found_with_location,1,210606_211303,210606_211303,111,1,2,B,134,1-1,-0.275,1.225,True,match,1.59348,1.4167,3.44358,1.68261,True,no,,TrackMan: 투수·타자 ID/반이닝/2구; TM−1.5km/h 기준 구속 ±3km/h 별도 대조; 카운트 연결 조건 아님; 네이버−TrackMan 구속=-0.275km/h; 기대 편차=+1.225km/h; 카운트=match,210606_211303,9,2,-121.791,-3.97695,-3.21356,5.71054,50.0,2.1792,8.67758,24.9237,-16.2729,R
250,half_short,20210606HHNC0,9.0,bottom,,74857,74465,3,401.0,125.554,Slider,,,,1-1,found_with_location,1,210606_211323,210606_211323,111,1,3,B,125,2-1,-0.554,0.946,True,match,0.907379,1.4167,3.44358,1.68261,True,no,,TrackMan: 투수·타자 ID/반이닝/3구; TM−1.5km/h 기준 구속 ±3km/h 별도 대조; 카운트 연결 조건 아님; 네이버−TrackMan 구속=-0.554km/h; 기대 편차=+0.946km/h; 카운트=match,210606_211323,9,3,-113.721,-1.28431,-2.97242,5.76643,50.0,2.33113,-1.00663,20.8441,-24.4665,R
251,half_short,20210606HHNC0,9.0,bottom,,74857,74465,4,402.0,122.1,ChangeUp,,,,2-1,found_with_location,1,210606_211343,210606_211343,111,1,4,F,122,2-2,-0.1,1.4,True,match,0.858548,1.4167,3.44358,1.68261,True,no,,TrackMan: 투수·타자 ID/반이닝/4구; TM−1.5km/h 기준 구속 ±3km/h 별도 대조; 카운트 연결 조건 아님; 네이버−TrackMan 구속=-0.100km/h; 기대 편차=+1.400km/h; 카운트=match,210606_211343,9,4,-110.551,-2.90997,-5.1188,5.88217,50.0,2.27973,8.80165,19.4474,-22.9469,R
252,half_short,20210606HHNC0,9.0,bottom,,74857,74465,5,403.0,138.595,Fastball,,,,2-2,found_with_location,1,210606_211408,210606_211408,111,1,5,B,138,3-2,-0.595,0.905,True,match,-0.731354,1.4167,3.44358,1.68261,True,no,,TrackMan: 투수·타자 ID/반이닝/5구; TM−1.5km/h 기준 구속 ±3km/h 별도 대조; 카운트 연결 조건 아님; 네이버−TrackMan 구속=-0.595km/h; 기대 편차=+0.905km/h; 카운트=match,210606_211408,9,5,-125.078,-2.7853,-9.12838,5.59006,50.0,2.07441,10.9555,27.4362,-16.8331,R
253,half_short,20210606HHNC0,9.0,bottom,,74857,74465,6,404.0,131.394,Sinker,,,,3-2,found_with_location,1,210606_211429,210606_211429,111,1,6,H,131,3-2,-0.394,1.106,True,match,0.392871,1.4167,3.44358,1.68261,True,no,,TrackMan: 투수·타자 ID/반이닝/6구; TM−1.5km/h 기준 구속 ±3km/h 별도 대조; 카운트 연결 조건 아님; 네이버−TrackMan 구속=-0.394km/h; 기대 편차=+1.106km/h; 카운트=match,210606_211429,9,6,-119.016,-3.63101,-5.85537,5.42545,50.0,2.17449,7.85425,23.2942,-20.2755,R
254,half_short,20210606HHNC0,9.0,bottom,,74857,62931,1,405.0,127.422,ChangeUp,,,,0-0,found_with_location,1,210606_211524,210606_211524,112,2,1,B,127,1-0,-0.422,1.078,True,match,1.5195,1.4167,3.48005,1.65919,True,uncertain_speed_conflict,059-01,TrackMan: 투수·타자 ID/반이닝/1구; TM−1.5km/h 기준 구속 ±3km/h 별도 대조; 카운트 연결 조건 아님; 네이버−TrackMan 구속=-0.422km/h; 기대 편차=+1.078km/h; 카운트=match,210606_211524,9,1,-115.294,-1.04223,-3.97935,5.70162,50.0,2.28147,10.2167,22.1107,-21.2254,L
255,half_short,20210606HHNC0,9.0,bottom,,74857,62931,2,406.0,121.125,ChangeUp,,,,1-0,found_with_location,1,210606_211541,210606_211541,112,2,2,B,121,2-0,-0.125,1.375,True,match,0.621907,1.4167,3.48005,1.65919,True,no,,TrackMan: 투수·타자 ID/반이닝/2구; TM−1.5km/h 기준 구속 ±3km/h 별도 대조; 카운트 연결 조건 아님; 네이버−TrackMan 구속=-0.125km/h; 기대 편차=+1.375km/h; 카운트=match,210606_211541,9,2,-109.575,-1.40071,-5.4821,5.84707,50.0,2.20599,8.88112,18.5439,-22.3233,L
256,half_short,20210606HHNC0,9.0,bottom,,74857,62931,3,407.0,129.744,Sinker,,,,2-0,found_with_location,1,210606_211603,210606_211603,112,2,3,T,129,2-1,-0.744,0.756,True,match,-0.296449,1.4167,3.48005,1.65919,True,no,,TrackMan: 투수·타자 ID/반이닝/3구; TM−1.5km/h 기준 구속 ±3km/h 별도 대조; 카운트 연결 조건 아님; 네이버−TrackMan 구속=-0.744km/h; 기대 편차=+0.756km/h; 카운트=match,210606_211603,9,3,-117.246,-3.76558,-7.99567,5.53786,50.0,2.08286,11.501,21.5266,-18.6657,L
257,half_short,20210606HHNC0,9.0,bottom,,74857,62931,4,408.0,135.61,Fastball,,,,2-1,found_with_location,1,210606_211621,210606_211621,112,2,4,F,135,2-2,-0.61,0.89,True,match,0.145176,1.4167,3.48005,1.65919,True,no,,TrackMan: 투수·타자 ID/반이닝/4구; TM−1.5km/h 기준 구속 ±3km/h 별도 대조; 카운트 연결 조건 아님; 네이버−TrackMan 구속=-0.610km/h; 기대 편차=+0.890km/h; 카운트=match,210606_211621,9,4,-122.61,-4.36273,-7.24751,5.45002,50.0,2.12406,11.9221,25.4699,-14.7978,L
258,half_short,20210606HHNC0,9.0,bottom,,74857,62931,5,409.0,137.074,Fastball,,,,2-2,found_with_location,1,210606_211656,210606_211656,112,2,5,H,137,2-2,-0.074,1.426,True,match,0.425441,1.4167,3.48005,1.65919,True,no,,TrackMan: 투수·타자 ID/반이닝/5구; TM−1.5km/h 기준 구속 ±3km/h 별도 대조; 카운트 연결 조건 아님; 네이버−TrackMan 구속=-0.074km/h; 기대 편차=+1.426km/h; 카운트=match,210606_211656,9,5,-124.061,-4.38063,-6.62112,5.48252,50.0,2.14563,11.8029,25.3026,-17.7897,L
259,half_short,20210606HHNC0,9.0,bottom,,74857,62925,1,410.0,135.215,Fastball,,,,0-0,found_with_location,1,210606_211727,210606_211727,113,3,1,T,136,0-1,0.785,2.285,True,match,0.931437,1.4167,3.17774,1.45809,True,yes,060-01,TrackMan: 투수·타자 ID/반이닝/1구; TM−1.5km/h 기준 구속 ±3km/h 별도 대조; 카운트 연결 조건 아님; 네이버−TrackMan 구속=+0.785km/h; 기대 편차=+2.285km/h; 카운트=match,210606_211727,9,1,-122.225,-4.75898,-5.55309,5.41643,50.0,2.25237,11.4302,25.9547,-14.484,R
260,half_short,20210606HHNC0,9.0,bottom,,74857,62925,2,411.0,134.053,Fastball,,,,0-1,found_with_location,1,210606_211746,210606_211746,113,3,2,B,134,1-1,-0.053,1.447,True,match,1.17526,1.4167,3.17774,1.45809,True,yes,060-02,TrackMan: 투수·타자 ID/반이닝/2구; TM−1.5km/h 기준 구속 ±3km/h 별도 대조; 카운트 연결 조건 아님; 네이버−TrackMan 구속=-0.053km/h; 기대 편차=+1.447km/h; 카운트=match,210606_211746,9,2,-121.195,-2.58027,-4.04211,5.66084,50.0,2.19357,7.68083,23.341,-17.1849,R
261,half_short,20210606HHNC0,9.0,bottom,,74857,62925,3,412.0,137.045,Fastball,,,,1-1,found_with_location,1,210606_211803,210606_211803,113,3,3,B,137,2-1,-0.045,1.455,True,match,1.54285,1.4167,3.17774,1.45809,True,no,,TrackMan: 투수·타자 ID/반이닝/3구; TM−1.5km/h 기준 구속 ±3km/h 별도 대조; 카운트 연결 조건 아님; 네이버−TrackMan 구속=-0.045km/h; 기대 편차=+1.455km/h; 카운트=match,210606_211803,9,3,-123.874,-4.27794,-3.79958,5.42253,50.0,2.18856,10.8701,23.0496,-19.6245,R
262,half_short,20210606HHNC0,9.0,bottom,,74857,62925,4,413.0,127.211,ChangeUp,,,,2-1,found_with_location,1,210606_211822,210606_211822,113,3,4,H,127,2-1,-0.211,1.289,True,match,0.415373,1.4167,3.17774,1.45809,True,no,,TrackMan: 투수·타자 ID/반이닝/4구; TM−1.5km/h 기준 구속 ±3km/h 별도 대조; 카운트 연결 조건 아님; 네이버−TrackMan 구속=-0.211km/h; 기대 편차=+1.289km/h; 카운트=match,210606_211822,9,4,-115.041,-1.369,-5.78499,5.77896,50.0,2.1416,8.43163,19.4431,-22.1221,R
263,half_short,20210606HHNC0,9.0,bottom,,74857,76720,1,414.0,127.726,Slider,,,,0-0,found_with_location,1,210606_211915,210606_211915,114,4,1,H,127,0-0,-0.726,0.774,True,match,-0.119912,1.4167,3.37901,1.5645,True,no,,TrackMan: 투수·타자 ID/반이닝/1구; TM−1.5km/h 기준 구속 ±3km/h 별도 대조; 카운트 연결 조건 아님; 네이버−TrackMan 구속=-0.726km/h; 기대 편차=+0.774km/h; 카운트=match,210606_211915,9,1,-115.737,-3.04608,-5.83678,5.55862,50.0,2.23983,1.9167,19.0986,-23.2495,R
264,half_short,20210512SSKT0,3.0,top,,64001,62415,1,59.0,117.595,ChangeUp,,,,0-0,found_with_location,1,210512_190539,210512_190539,21,1,1,T,115,0-1,-2.595,-1.095,True,match,-0.975383,1.4167,3.10965,1.49851,True,no,,TrackMan: 투수·타자 ID/반이닝/1구; TM−1.5km/h 기준 구속 ±3km/h 별도 대조; 카운트 연결 조건 아님; 네이버−TrackMan 구속=-2.595km/h; 기대 편차=-1.095km/h; 카운트=match,210512_190539,3,1,-104.266,5.47629,5.73116,4.18336,50.0,-2.57859,-9.97277,13.7191,-35.4589,L
265,half_short,20210512SSKT0,3.0,top,,64001,62415,2,60.0,119.073,ChangeUp,,,,0-1,found_with_location,1,210512_190553,210512_190553,21,1,2,B,116,1-1,-3.073,-1.573,True,match,0.085763,1.4167,3.10965,1.49851,True,no,,TrackMan: 투수·타자 ID/반이닝/2구; TM−1.5km/h 기준 구속 ±3km/h 별도 대조; 카운트 연결 조건 아님; 네이버−TrackMan 구속=-3.073km/h; 기대 편차=-1.573km/h; 카운트=match,210512_190553,3,2,-105.61,3.29445,7.42029,4.02684,50.0,-2.3495,-9.6465,13.6708,-36.8547,L
266,half_short,20210512SSKT0,3.0,top,,64001,62415,3,61.0,117.009,Curveball,,,,1-1,found_with_location,1,210512_190609,210512_190609,21,1,3,B,114,2-1,-3.009,-1.509,True,match,1.3912,1.4167,3.10965,1.49851,True,no,,TrackMan: 투수·타자 ID/반이닝/3구; TM−1.5km/h 기준 구속 ±3km/h 별도 대조; 카운트 연결 조건 아님; 네이버−TrackMan 구속=-3.009km/h; 기대 편차=-1.509km/h; 카운트=match,210512_190609,3,3,-103.712,5.08217,4.81709,3.97502,50.0,-2.52884,13.6893,12.6909,-28.9747,L
267,half_short,20210512SSKT0,3.0,top,,64001,62415,4,62.0,137.69,Fastball,,,,2-1,found_with_location,1,210512_190629,210512_190629,21,1,4,F,135,2-2,-2.69,-1.19,True,match,-0.505039,1.4167,3.10965,1.49851,True,no,,TrackMan: 투수·타자 ID/반이닝/4구; TM−1.5km/h 기준 구속 ±3km/h 별도 대조; 카운트 연결 조건 아님; 네이버−TrackMan 구속=-2.690km/h; 기대 편차=-1.190km/h; 카운트=match,210512_190629,3,4,-122.492,2.49484,7.94155,4.04059,50.0,-2.5035,-14.9718,20.1029,-29.4129,L
268,half_short,20210512SSKT0,3.0,top,,64001,62415,5,63.0,118.738,ChangeUp,,,,2-2,found_with_location,1,210512_190649,210512_190649,21,1,5,F,116,2-2,-2.738,-1.238,True,match,-0.386677,1.4167,3.10965,1.49851,True,no,,TrackMan: 투수·타자 ID/반이닝/5구; TM−1.5km/h 기준 구속 ±3km/h 별도 대조; 카운트 연결 조건 아님; 네이버−TrackMan 구속=-2.738km/h; 기대 편차=-1.238km/h; 카운트=match,210512_190649,3,5,-105.34,3.36373,6.27074,4.03347,50.0,-2.46642,-8.00781,14.4867,-38.9893,L
269,half_short,20210512SSKT0,3.0,top,,64001,62415,6,64.0,116.83,Curveball,,,,2-2,found_with_location,1,210512_190711,210512_190711,21,1,6,H,114,2-2,-2.83,-1.33,True,match,-0.544002,1.4167,3.10965,1.49851,True,no,,TrackMan: 투수·타자 ID/반이닝/6구; TM−1.5km/h 기준 구속 ±3km/h 별도 대조; 카운트 연결 조건 아님; 네이버−TrackMan 구속=-2.830km/h; 기대 편차=-1.330km/h; 카운트=match,210512_190711,3,6,-103.601,5.06954,0.78275,4.02522,50.0,-2.5531,14.0548,11.551,-32.9957,L
270,half_short,20210512SSKT0,3.0,top,,64001,62404,1,65.0,115.755,ChangeUp,,,,0-0,found_with_location,1,210512_190814,210512_190814,22,2,1,S,113,0-1,-2.755,-1.255,True,match,-0.466384,1.4167,3.16058,1.42907,True,no,,TrackMan: 투수·타자 ID/반이닝/1구; TM−1.5km/h 기준 구속 ±3km/h 별도 대조; 카운트 연결 조건 아님; 네이버−TrackMan 구속=-2.755km/h; 기대 편차=-1.255km/h; 카운트=match,210512_190814,3,1,-102.558,3.41301,6.56038,4.12505,50.0,-2.51305,-9.71755,13.3234,-36.319,L
271,half_short,20210512SSKT0,3.0,top,,64001,62404,2,66.0,137.133,Fastball,,,,0-1,found_with_location,1,210512_190912,210512_190912,22,2,2,B,134,1-1,-3.133,-1.633,True,match,-0.987164,1.4167,3.16058,1.42907,True,no,,TrackMan: 투수·타자 ID/반이닝/2구; TM−1.5km/h 기준 구속 ±3km/h 별도 대조; 카운트 연결 조건 아님; 네이버−TrackMan 구속=-3.133km/h; 기대 편차=-1.633km/h; 카운트=match,210512_190912,3,2,-121.835,1.73884,6.45991,3.97938,50.0,-2.49299,-13.6187,19.2965,-34.0171,L
272,half_short,20210512SSKT0,3.0,top,,64001,62404,3,67.0,120.066,ChangeUp,,,,1-1,found_with_location,1,210512_191007,210512_191007,22,2,3,B,117,2-1,-3.066,-1.566,True,match,0.152317,1.4167,3.16058,1.42907,True,no,,TrackMan: 투수·타자 ID/반이닝/3구; TM−1.5km/h 기준 구속 ±3km/h 별도 대조; 카운트 연결 조건 아님; 네이버−TrackMan 구속=-3.066km/h; 기대 편차=-1.566km/h; 카운트=match,210512_191007,3,3,-106.516,2.61583,6.77373,3.95043,50.0,-2.23345,-7.22941,13.5539,-37.7317,L
273,half_short,20210512SSKT0,3.0,top,,64001,62404,4,68.0,138.98,Fastball,,,,2-1,found_with_location,1,210512_191027,210512_191027,22,2,4,T,136,2-2,-2.98,-1.48,True,match,-0.56497,1.4167,3.16058,1.42907,True,no,,TrackMan: 투수·타자 ID/반이닝/4구; TM−1.5km/h 기준 구속 ±3km/h 별도 대조; 카운트 연결 조건 아님; 네이버−TrackMan 구속=-2.980km/h; 기대 편차=-1.480km/h; 카운트=match,210512_191027,3,4,-123.659,4.42926,7.43743,4.07898,50.0,-2.60239,-11.9008,18.961,-34.1853,L
274,half_short,20210512SSKT0,3.0,top,,64001,62404,5,69.0,140.306,Fastball,,,,2-2,found_with_location,1,210512_191048,210512_191048,22,2,5,H,137,2-2,-3.306,-1.806,True,match,-0.130921,1.4167,3.16058,1.42907,True,no,,TrackMan: 투수·타자 ID/반이닝/5구; TM−1.5km/h 기준 구속 ±3km/h 별도 대조; 카운트 연결 조건 아님; 네이버−TrackMan 구속=-3.306km/h; 기대 편차=-1.806km/h; 카운트=match,210512_191048,3,5,-124.874,1.48534,8.74873,3.9789,50.0,-2.438,-14.9669,19.7071,-31.9267,L
275,half_short,20210512SSKT0,3.0,top,,64001,51463,1,70.0,116.312,Curveball,,,,0-0,found_with_location,1,210512_191134,210512_191134,23,3,1,T,114,0-1,-2.312,-0.812,True,match,0.773976,1.4167,3.34572,1.5,True,no,,TrackMan: 투수·타자 ID/반이닝/1구; TM−1.5km/h 기준 구속 ±3km/h 별도 대조; 카운트 연결 조건 아님; 네이버−TrackMan 구속=-2.312km/h; 기대 편차=-0.812km/h; 카운트=match,210512_191134,3,1,-103.434,5.47659,3.70307,4.06496,50.0,-2.6066,13.3976,14.1655,-31.5443,R
276,half_short,20210512SSKT0,3.0,top,,64001,51463,2,71.0,120.178,ChangeUp,,,,0-1,found_with_location,1,210512_191149,210512_191149,23,3,2,S,117,0-2,-3.178,-1.678,True,match,-0.113048,1.4167,3.34572,1.5,True,no,,TrackMan: 투수·타자 ID/반이닝/2구; TM−1.5km/h 기준 구속 ±3km/h 별도 대조; 카운트 연결 조건 아님; 네이버−TrackMan 구속=-3.178km/h; 기대 편차=-1.678km/h; 카운트=match,210512_191149,3,2,-106.569,3.34085,7.35862,3.99672,50.0,-2.48895,-9.82067,14.2932,-38.2792,R
277,half_short,20210512SSKT0,3.0,top,,64001,51463,3,72.0,119.758,ChangeUp,,,,0-2,found_with_location,1,210512_191209,210512_191209,23,3,3,B,117,1-2,-2.758,-1.258,True,match,2.0854,1.4167,3.34572,1.5,True,no,,TrackMan: 투수·타자 ID/반이닝/3구; TM−1.5km/h 기준 구속 ±3km/h 별도 대조; 카운트 연결 조건 아님; 네이버−TrackMan 구속=-2.758km/h; 기대 편차=-1.258km/h; 카운트=match,210512_191209,3,3,-106.158,3.46395,11.6231,4.02345,50.0,-2.15244,-11.2497,14.3629,-37.672,R
278,half_short,20210512SSKT0,3.0,top,,64001,51463,4,73.0,119.842,ChangeUp,,,,1-2,found_with_location,1,210512_191225,210512_191225,23,3,4,H,117,1-2,-2.842,-1.342,True,match,0.627284,1.4167,3.34572,1.5,True,no,,TrackMan: 투수·타자 ID/반이닝/4구; TM−1.5km/h 기준 구속 ±3km/h 별도 대조; 카운트 연결 조건 아님; 네이버−TrackMan 구속=-2.842km/h; 기대 편차=-1.342km/h; 카운트=match,210512_191225,3,4,-106.348,3.88445,8.96443,4.01575,50.0,-2.5482,-9.50951,15.1861,-39.2994,R
279,half_short,20210512SSKT0,3.0,top,,64001,75334,1,74.0,117.243,Curveball,,,,0-0,found_with_location,1,210512_191302,210512_191302,24,4,1,B,114,1-0,-3.243,-1.743,True,match,2.18245,1.4167,3.56,1.64555,True,yes,017-01,TrackMan: 투수·타자 ID/반이닝/1구; TM−1.5km/h 기준 구속 ±3km/h 별도 대조; 카운트 연결 조건 아님; 네이버−TrackMan 구속=-3.243km/h; 기대 편차=-1.743km/h; 카운트=match,210512_191302,3,1,-103.887,5.33291,6.64703,3.99157,50.0,-2.43591,12.1785,12.8151,-29.9301,L
280,half_short,20210512SSKT0,3.0,top,,64001,75334,2,75.0,114.397,Curveball,,,,1-0,found_with_location,1,210512_191321,210512_191321,24,4,2,H,112,1-0,-2.397,-0.897,True,match,0.297844,1.4167,3.56,1.64555,True,yes,017-02,TrackMan: 투수·타자 ID/반이닝/2구; TM−1.5km/h 기준 구속 ±3km/h 별도 대조; 카운트 연결 조건 아님; 네이버−TrackMan 구속=-2.397km/h; 기대 편차=-0.897km/h; 카운트=match,210512_191321,3,2,-101.597,4.38003,2.34286,4.0366,50.0,-2.65324,14.6887,13.2753,-29.341,L
281,half_short,20210512SSKT0,3.0,top,,64001,74540,1,76.0,138.294,Fastball,,,,0-0,found_with_location,1,210512_191711,210512_191711,25,5,1,H,135,0-0,-3.294,-1.794,True,match,0.459707,1.4167,3.31319,1.66889,True,yes,018-01,TrackMan: 투수·타자 ID/반이닝/1구; TM−1.5km/h 기준 구속 ±3km/h 별도 대조; 카운트 연결 조건 아님; 네이버−TrackMan 구속=-3.294km/h; 기대 편차=-1.794km/h; 카운트=match,210512_191711,3,1,-122.6,2.46429,9.57131,3.94545,50.0,-2.52523,-11.0241,16.5587,-34.802,R
282,half_short,20210512SSKT0,3.0,bottom,,77446,62556,1,77.0,131.905,Fastball,,,,0-0,found_with_location,1,210512_191924,210512_191924,27,1,1,B,130,1-0,-1.905,-0.405,True,match,0.046198,1.4167,3.22183,1.45551,True,no,,TrackMan: 투수·타자 ID/반이닝/1구; TM−1.5km/h 기준 구속 ±3km/h 별도 대조; 카운트 연결 조건 아님; 네이버−TrackMan 구속=-1.905km/h; 기대 편차=-0.405km/h; 카운트=match,210512_191924,3,1,-117.754,-6.11755,-6.90822,5.66698,50.0,1.77126,13.4065,16.021,-14.4641,R
283,half_short,20210512SSKT0,3.0,bottom,,77446,62556,2,78.0,132.858,Fastball,,,,1-0,found_with_location,1,210512_191938,210512_191938,27,1,2,T,131,1-1,-1.858,-0.358,True,match,-0.231848,1.4167,3.22183,1.45551,True,no,,TrackMan: 투수·타자 ID/반이닝/2구; TM−1.5km/h 기준 구속 ±3km/h 별도 대조; 카운트 연결 조건 아님; 네이버−TrackMan 구속=-1.858km/h; 기대 편차=-0.358km/h; 카운트=match,210512_191938,3,2,-118.714,-2.80121,-6.8121,5.71805,50.0,1.78511,9.60773,15.9731,-16.1682,R
284,half_short,20210512SSKT0,3.0,bottom,,77446,62556,3,79.0,124.412,ChangeUp,,,,1-1,found_with_location,1,210512_191954,210512_191954,27,1,3,S,122,1-2,-2.412,-0.912,True,match,0.448792,1.4167,3.22183,1.45551,True,no,,TrackMan: 투수·타자 ID/반이닝/3구; TM−1.5km/h 기준 구속 ±3km/h 별도 대조; 카운트 연결 조건 아님; 네이버−TrackMan 구속=-2.412km/h; 기대 편차=-0.912km/h; 카운트=match,210512_191954,3,3,-110.67,-1.14913,-5.88197,5.73527,50.0,1.74156,13.374,12.0265,-20.609,R
285,half_short,20210512SSKT0,3.0,bottom,,77446,62556,4,80.0,126.807,ChangeUp,,,,1-2,found_with_location,1,210512_192010,210512_192010,27,1,4,B,125,2-2,-1.807,-0.307,True,match,1.37443,1.4167,3.22183,1.45551,True,no,,TrackMan: 투수·타자 ID/반이닝/4구; TM−1.5km/h 기준 구속 ±3km/h 별도 대조; 카운트 연결 조건 아님; 네이버−TrackMan 구속=-1.807km/h; 기대 편차=-0.307km/h; 카운트=match,210512_192010,3,4,-113.327,-7.53154,-2.54988,5.59184,50.0,1.98802,5.2579,16.1335,-23.1495,R
286,half_short,20210512SSKT0,3.0,bottom,,77446,62556,5,81.0,127.373,ChangeUp,,,,2-2,found_with_location,1,210512_192032,210512_192032,27,1,5,F,125,2-2,-2.373,-0.873,True,match,1.56362,1.4167,3.22183,1.45551,True,no,,TrackMan: 투수·타자 ID/반이닝/5구; TM−1.5km/h 기준 구속 ±3km/h 별도 대조; 카운트 연결 조건 아님; 네이버−TrackMan 구속=-2.373km/h; 기대 편차=-0.873km/h; 카운트=match,210512_192032,3,5,-113.783,-1.45124,-3.92247,5.76131,50.0,1.92321,14.0908,16.4113,-18.9785,R
287,half_short,20210512SSKT0,3.0,bottom,,77446,62556,6,82.0,126.318,Slider,,,,2-2,found_with_location,1,210512_192102,210512_192102,27,1,6,H,124,2-2,-2.318,-0.818,True,match,0.145127,1.4167,3.22183,1.45551,True,no,,TrackMan: 투수·타자 ID/반이닝/6구; TM−1.5km/h 기준 구속 ±3km/h 별도 대조; 카운트 연결 조건 아님; 네이버−TrackMan 구속=-2.318km/h; 기대 편차=-0.818km/h; 카운트=match,210512_192102,3,6,-113.078,-2.18084,-4.79475,5.71679,50.0,1.89974,3.73484,14.3588,-27.129,R
288,half_short,20210512SSKT0,3.0,bottom,,77446,64006,1,83.0,124.859,ChangeUp,,,,0-0,found_with_location,1,210512_192142,210512_192142,28,2,1,B,122,1-0,-2.859,-1.359,True,match,1.0689,1.4167,3.44,1.62,True,no,,TrackMan: 투수·타자 ID/반이닝/1구; TM−1.5km/h 기준 구속 ±3km/h 별도 대조; 카운트 연결 조건 아님; 네이버−TrackMan 구속=-2.859km/h; 기대 편차=-1.359km/h; 카운트=match,210512_192142,3,1,-111.309,-0.155319,-4.26807,5.81808,50.0,1.84258,11.3218,15.6393,-20.2357,R
289,half_short,20210512SSKT0,3.0,bottom,,77446,64006,2,84.0,134.879,Fastball,,,,1-0,found_with_location,1,210512_192156,210512_192156,28,2,2,T,132,1-1,-2.879,-1.379,True,match,0.451244,1.4167,3.44,1.62,True,no,,TrackMan: 투수·타자 ID/반이닝/2구; TM−1.5km/h 기준 구속 ±3km/h 별도 대조; 카운트 연결 조건 아님; 네이버−TrackMan 구속=-2.879km/h; 기대 편차=-1.379km/h; 카운트=match,210512_192156,3,2,-120.235,-5.86341,-5.59265,5.64089,50.0,1.90155,10.1193,15.9752,-12.6711,R
290,half_short,20210512SSKT0,3.0,bottom,,77446,64006,3,85.0,126.106,Slider,,,,1-1,found_with_location,1,210512_192210,210512_192210,28,2,3,B,123,2-1,-3.106,-1.606,True,match,1.70942,1.4167,3.44,1.62,True,no,,TrackMan: 투수·타자 ID/반이닝/3구; TM−1.5km/h 기준 구속 ±3km/h 별도 대조; 카운트 연결 조건 아님; 네이버−TrackMan 구속=-3.106km/h; 기대 편차=-1.606km/h; 카운트=match,210512_192210,3,3,-112.449,-1.10699,-1.66449,5.81592,50.0,2.07583,3.77992,16.0063,-25.723,R
291,half_short,20210512SSKT0,3.0,bottom,,77446,64006,4,86.0,125.201,Slider,,,,2-1,found_with_location,1,210512_192226,210512_192226,28,2,4,B,123,3-1,-2.201,-0.701,True,match,1.00772,1.4167,3.44,1.62,True,no,,TrackMan: 투수·타자 ID/반이닝/4구; TM−1.5km/h 기준 구속 ±3km/h 별도 대조; 카운트 연결 조건 아님; 네이버−TrackMan 구속=-2.201km/h; 기대 편차=-0.701km/h; 카운트=match,210512_192226,3,4,-112.01,1.48893,-2.65744,5.85052,50.0,2.00441,1.92876,15.7445,-28.5175,R
292,half_short,20210512SSKT0,3.0,bottom,,77446,64006,5,87.0,134.44,Fastball,,,,3-1,found_with_location,1,210512_192241,210512_192241,28,2,5,H,132,3-1,-2.44,-0.94,True,match,0.116519,1.4167,3.44,1.62,True,no,,TrackMan: 투수·타자 ID/반이닝/5구; TM−1.5km/h 기준 구속 ±3km/h 별도 대조; 카운트 연결 조건 아님; 네이버−TrackMan 구속=-2.440km/h; 기대 편차=-0.940km/h; 카운트=match,210512_192241,3,5,-119.646,-3.55904,-6.52751,5.71616,50.0,1.8114,11.8078,14.6725,-13.1164,R
293,half_short,20210512SSKT0,3.0,bottom,,77446,64868,1,88.0,125.03,Slider,,,,0-0,found_with_location,1,210512_192341,210512_192341,29,3,1,F,124,0-1,-1.03,0.47,True,match,-0.639642,1.4167,3.11166,1.36403,True,no,,TrackMan: 투수·타자 ID/반이닝/1구; TM−1.5km/h 기준 구속 ±3km/h 별도 대조; 카운트 연결 조건 아님; 네이버−TrackMan 구속=-1.030km/h; 기대 편차=+0.470km/h; 카운트=match,210512_192341,3,1,-112.711,-3.35146,-6.945,5.71095,50.0,1.79876,6.71136,19.1903,-26.3182,L
294,half_short,20210512SSKT0,3.0,bottom,,77446,64868,2,89.0,111.163,Curveball,,,,0-1,found_with_location,1,210512_192407,210512_192407,29,3,2,B,109,1-1,-2.163,-0.663,True,match,-0.032808,1.4167,3.11166,1.36403,True,no,,TrackMan: 투수·타자 ID/반이닝/2구; TM−1.5km/h 기준 구속 ±3km/h 별도 대조; 카운트 연결 조건 아님; 네이버−TrackMan 구속=-2.163km/h; 기대 편차=-0.663km/h; 카운트=match,210512_192407,3,2,-98.8454,4.72349,-2.94973,6.1074,50.0,1.84162,-2.86941,13.5585,-35.8878,L
295,half_short,20210512SSKT0,3.0,bottom,,77446,64868,3,90.0,133.944,Fastball,,,,1-1,found_with_location,1,210512_192428,210512_192428,29,3,3,H,132,1-1,-1.944,-0.444,True,match,0.300913,1.4167,3.11166,1.36403,True,no,,TrackMan: 투수·타자 ID/반이닝/3구; TM−1.5km/h 기준 구속 ±3km/h 별도 대조; 카운트 연결 조건 아님; 네이버−TrackMan 구속=-1.944km/h; 기대 편차=-0.444km/h; 카운트=match,210512_192428,3,3,-119.843,-3.70577,-5.28199,5.72606,50.0,1.69598,9.31291,18.0343,-13.8465,L
296,half_short,20210512SSKT0,3.0,bottom,,77446,64166,1,91.0,112.251,Curveball,,,,0-0,found_with_location,1,210512_192515,210512_192515,30,4,1,S,110,0-1,-2.251,-0.751,True,match,-0.089734,1.4167,3.375,1.5,True,yes,020-01,TrackMan: 투수·타자 ID/반이닝/1구; TM−1.5km/h 기준 구속 ±3km/h 별도 대조; 카운트 연결 조건 아님; 네이버−TrackMan 구속=-2.251km/h; 기대 편차=-0.751km/h; 카운트=match,210512_192515,3,1,-99.9239,2.14187,-3.3847,6.03864,50.0,1.928,-2.39525,15.2079,-38.405,R
297,half_short,20210512SSKT0,3.0,bottom,,77446,64166,2,92.0,135.346,Fastball,,,,0-1,found_with_location,1,210512_192535,210512_192535,30,4,2,T,133,0-2,-2.346,-0.846,True,match,0.001729,1.4167,3.375,1.5,True,yes,020-02,TrackMan: 투수·타자 ID/반이닝/2구; TM−1.5km/h 기준 구속 ±3km/h 별도 대조; 카운트 연결 조건 아님; 네이버−TrackMan 구속=-2.346km/h; 기대 편차=-0.846km/h; 카운트=match,210512_192535,3,2,-121.009,-4.25588,-6.27602,5.73062,50.0,1.68909,10.6414,18.3997,-13.9422,R
298,half_short,20210512SSKT0,3.0,bottom,,77446,64166,3,93.0,135.603,Fastball,,,,0-2,found_with_location,1,210512_192556,210512_192556,30,4,3,B,133,1-2,-2.603,-1.103,True,match,0.653742,1.4167,3.375,1.5,True,uncertain_speed_conflict,020-03,TrackMan: 투수·타자 ID/반이닝/3구; TM−1.5km/h 기준 구속 ±3km/h 별도 대조; 카운트 연결 조건 아님; 네이버−TrackMan 구속=-2.603km/h; 기대 편차=-1.103km/h; 카운트=match,210512_192556,3,3,-121.102,-7.6238,-5.39034,5.61958,50.0,1.87478,11.7963,19.0396,-11.9736,R
299,half_short,20210512SSKT0,3.0,bottom,,77446,64166,4,94.0,137.577,Fastball,,,,1-2,found_with_location,1,210512_192619,210512_192619,30,4,4,B,135,2-2,-2.577,-1.077,True,match,-0.326328,1.4167,3.375,1.5,True,yes,020-04,TrackMan: 투수·타자 ID/반이닝/4구; TM−1.5km/h 기준 구속 ±3km/h 별도 대조; 카운트 연결 조건 아님; 네이버−TrackMan 구속=-2.577km/h; 기대 편차=-1.077km/h; 카운트=match,210512_192619,3,4,-123.007,-2.39008,-7.48598,5.85139,50.0,1.65911,12.843,19.3304,-11.5166,R
300,half_short,20210512SSKT0,3.0,bottom,,77446,64166,5,95.0,137.173,Fastball,,,,2-2,found_with_location,1,210512_192642,210512_192642,30,4,5,B,135,3-2,-2.173,-0.673,True,match,-0.330997,1.4167,3.375,1.5,True,yes,020-05,TrackMan: 투수·타자 ID/반이닝/5구; TM−1.5km/h 기준 구속 ±3km/h 별도 대조; 카운트 연결 조건 아님; 네이버−TrackMan 구속=-2.173km/h; 기대 편차=-0.673km/h; 카운트=match,210512_192642,3,5,-122.208,-9.15736,-6.46784,5.57715,50.0,1.73224,7.0572,19.8487,-9.62157,R
301,half_short,20210512SSKT0,3.0,bottom,,77446,64166,6,96.0,129.07,ChangeUp,,,,3-2,found_with_location,1,210512_192706,210512_192706,30,4,6,H,126,3-2,-3.07,-1.57,True,match,0.916485,1.4167,3.375,1.5,True,yes,020-06,TrackMan: 투수·타자 ID/반이닝/6구; TM−1.5km/h 기준 구속 ±3km/h 별도 대조; 카운트 연결 조건 아님; 네이버−TrackMan 구속=-3.070km/h; 기대 편차=-1.570km/h; 카운트=match,210512_192706,3,6,-114.859,-3.82013,-4.37547,5.75659,50.0,1.7,11.8438,13.4567,-18.166,R
302,half_short,20210512SSKT0,4.0,top,,64001,64610,1,97.0,114.586,ChangeUp,,,,0-0,found_with_location,1,210512_192914,210512_192914,32,1,1,B,112,1-0,-2.586,-1.086,True,match,0.900512,1.4167,3.26806,1.48482,True,no,,TrackMan: 투수·타자 ID/반이닝/1구; TM−1.5km/h 기준 구속 ±3km/h 별도 대조; 카운트 연결 조건 아님; 네이버−TrackMan 구속=-2.586km/h; 기대 편차=-1.086km/h; 카운트=match,210512_192914,4,1,-101.382,3.89631,8.47762,4.04975,50.0,-2.33779,-7.89517,14.6044,-37.8313,L
303,half_short,20210512SSKT0,4.0,top,,64001,64610,2,98.0,137.519,Fastball,,,,1-0,found_with_location,1,210512_192928,210512_192928,32,1,2,B,134,2-0,-3.519,-2.019,True,match,1.09086,1.4167,3.26806,1.48482,True,no,,TrackMan: 투수·타자 ID/반이닝/2구; TM−1.5km/h 기준 구속 ±3km/h 별도 대조; 카운트 연결 조건 아님; 네이버−TrackMan 구속=-3.519km/h; 기대 편차=-2.019km/h; 카운트=match,210512_192928,4,2,-121.904,2.7307,12.0975,4.00439,50.0,-2.44592,-17.0799,19.9257,-29.7633,L
304,half_short,20210512SSKT0,4.0,top,,64001,64610,3,99.0,136.44,Fastball,,,,2-0,found_with_location,1,210512_192941,210512_192941,32,1,3,F,134,2-1,-2.44,-0.94,True,match,-0.028192,1.4167,3.26806,1.48482,True,no,,TrackMan: 투수·타자 ID/반이닝/3구; TM−1.5km/h 기준 구속 ±3km/h 별도 대조; 카운트 연결 조건 아님; 네이버−TrackMan 구속=-2.440km/h; 기대 편차=-0.940km/h; 카운트=match,210512_192941,4,3,-121.316,2.44542,8.98823,4.01033,50.0,-2.56199,-13.9185,21.3809,-32.5079,L
305,half_short,20210512SSKT0,4.0,top,,64001,64610,4,100.0,114.78,ChangeUp,,,,2-1,found_with_location,1,210512_193008,210512_193008,32,1,4,T,112,2-2,-2.78,-1.28,True,match,-0.717873,1.4167,3.26806,1.48482,True,no,,TrackMan: 투수·타자 ID/반이닝/4구; TM−1.5km/h 기준 구속 ±3km/h 별도 대조; 카운트 연결 조건 아님; 네이버−TrackMan 구속=-2.780km/h; 기대 편차=-1.280km/h; 카운트=match,210512_193008,4,4,-101.772,4.44365,4.9068,4.0423,50.0,-2.43545,-5.81822,15.2155,-37.6582,L
306,half_short,20210512SSKT0,4.0,top,,64001,64610,5,101.0,118.725,ChangeUp,,,,2-2,found_with_location,1,210512_193024,210512_193024,32,1,5,F,116,2-2,-2.725,-1.225,True,match,-0.309182,1.4167,3.26806,1.48482,True,no,,TrackMan: 투수·타자 ID/반이닝/5구; TM−1.5km/h 기준 구속 ±3km/h 별도 대조; 카운트 연결 조건 아님; 네이버−TrackMan 구속=-2.725km/h; 기대 편차=-1.225km/h; 카운트=match,210512_193024,4,5,-105.399,4.63723,7.0941,4.12965,50.0,-2.47985,-10.6989,16.5714,-36.6654,L
307,half_short,20210512SSKT0,4.0,top,,64001,64610,6,102.0,117.844,ChangeUp,,,,2-2,found_with_location,1,210512_193052,210512_193052,32,1,6,H,115,2-2,-2.844,-1.344,True,match,-0.530884,1.4167,3.26806,1.48482,True,no,,TrackMan: 투수·타자 ID/반이닝/6구; TM−1.5km/h 기준 구속 ±3km/h 별도 대조; 카운트 연결 조건 아님; 네이버−TrackMan 구속=-2.844km/h; 기대 편차=-1.344km/h; 카운트=match,210512_193052,4,6,-104.761,3.74529,6.23931,4.04199,50.0,-2.35834,-10.1469,15.7076,-37.7118,L
308,half_short,20210512SSKT0,4.0,top,,64001,64469,1,103.0,119.574,ChangeUp,,,,0-0,found_with_location,1,210512_193127,210512_193127,33,2,1,B,117,1-0,-2.574,-1.074,True,match,1.64919,1.4167,3.375,1.61777,True,no,,TrackMan: 투수·타자 ID/반이닝/1구; TM−1.5km/h 기준 구속 ±3km/h 별도 대조; 카운트 연결 조건 아님; 네이버−TrackMan 구속=-2.574km/h; 기대 편차=-1.074km/h; 카운트=match,210512_193127,4,1,-105.71,2.99254,10.573,3.97172,50.0,-2.27014,-9.79808,14.8113,-37.0906,L
309,half_short,20210512SSKT0,4.0,top,,64001,50458,1,104.0,134.622,Fastball,,,,0-0,found_with_location,1,210512_193207,210512_193207,34,3,1,B,132,1-0,-2.622,-1.122,True,match,-1.34241,1.4167,2.91765,1.38531,True,yes,019-01,TrackMan: 투수·타자 ID/반이닝/1구; TM−1.5km/h 기준 구속 ±3km/h 별도 대조; 카운트 연결 조건 아님; 네이버−TrackMan 구속=-2.622km/h; 기대 편차=-1.122km/h; 카운트=match,210512_193207,4,1,-120.082,3.03701,5.6399,4.09509,50.0,-2.64451,-12.0918,20.6309,-31.5094,L
310,half_short,20210512SSKT0,4.0,top,,64001,50458,2,105.0,116.261,ChangeUp,,,,1-0,found_with_location,1,210512_193231,210512_193231,34,3,2,B,113,2-0,-3.261,-1.761,True,match,-1.67551,1.4167,2.91765,1.38531,True,yes,019-02,TrackMan: 투수·타자 ID/반이닝/2구; TM−1.5km/h 기준 구속 ±3km/h 별도 대조; 카운트 연결 조건 아님; 네이버−TrackMan 구속=-3.261km/h; 기대 편차=-1.761km/h; 카운트=match,210512_193231,4,2,-103.052,5.49613,3.60591,4.29071,50.0,-2.44969,-8.28234,13.0181,-35.9611,L
311,half_short,20210512SSKT0,4.0,top,,64001,50458,3,106.0,136.02,Fastball,,,,2-0,found_with_location,1,210512_193256,210512_193256,34,3,3,W,134,2-1,-2.02,-0.52,True,match,-0.190305,1.4167,2.91765,1.38531,True,uncertain_speed_conflict,019-03,TrackMan: 투수·타자 ID/반이닝/3구; TM−1.5km/h 기준 구속 ±3km/h 별도 대조; 카운트 연결 조건 아님; 네이버−TrackMan 구속=-2.020km/h; 기대 편차=-0.520km/h; 카운트=match,210512_193256,4,3,-121.792,2.37348,8.52027,4.03026,50.0,-2.40946,-15.3197,24.2459,-32.193,L
312,half_short,20210512SSKT0,4.0,top,,64001,50458,4,107.0,118.947,ChangeUp,,,,2-1,found_with_location,1,210512_193331,210512_193331,34,3,4,S,116,2-2,-2.947,-1.447,True,match,-1.72569,1.4167,2.91765,1.38531,True,uncertain_speed_conflict,019-04,TrackMan: 투수·타자 ID/반이닝/4구; TM−1.5km/h 기준 구속 ±3km/h 별도 대조; 카운트 연결 조건 아님; 네이버−TrackMan 구속=-2.947km/h; 기대 편차=-1.447km/h; 카운트=match,210512_193331,4,4,-105.711,3.61421,4.13423,4.1812,50.0,-2.38044,-11.5968,14.9211,-36.5631,L
313,half_short,20210512SSKT0,4.0,top,,64001,50458,5,108.0,117.389,ChangeUp,,,,2-2,found_with_location,1,210512_193412,210512_193412,34,3,5,B,114,3-2,-3.389,-1.889,True,match,-1.11262,1.4167,2.91765,1.38531,True,uncertain_speed_conflict,019-05,TrackMan: 투수·타자 ID/반이닝/5구; TM−1.5km/h 기준 구속 ±3km/h 별도 대조; 카운트 연결 조건 아님; 네이버−TrackMan 구속=-3.389km/h; 기대 편차=-1.889km/h; 카운트=match,210512_193412,4,5,-103.877,3.00384,4.64526,4.15691,50.0,-2.27685,-9.25394,13.5698,-37.1838,L
314,half_short,20210512SSKT0,4.0,top,,64001,50458,6,109.0,135.394,Fastball,,,,3-2,found_with_location,1,210512_193437,210512_193437,34,3,6,H,132,3-2,-3.394,-1.894,True,match,-0.511017,1.4167,2.91765,1.38531,True,uncertain_speed_conflict,019-06,TrackMan: 투수·타자 ID/반이닝/6구; TM−1.5km/h 기준 구속 ±3km/h 별도 대조; 카운트 연결 조건 아님; 네이버−TrackMan 구속=-3.394km/h; 기대 편차=-1.894km/h; 카운트=match,210512_193437,4,6,-120.083,2.84057,6.98912,4.02182,50.0,-2.38698,-11.9912,19.8015,-33.8805,L
315,half_short,20210512SSKT0,4.0,top,,64001,79402,1,110.0,118.648,ChangeUp,,,,0-0,found_with_location,1,210512_193546,210512_193546,35,4,1,T,116,0-1,-2.648,-1.148,True,match,-0.492473,1.4167,3.2185,1.514,True,no,,TrackMan: 투수·타자 ID/반이닝/1구; TM−1.5km/h 기준 구속 ±3km/h 별도 대조; 카운트 연결 조건 아님; 네이버−TrackMan 구속=-2.648km/h; 기대 편차=-1.148km/h; 카운트=match,210512_193546,4,1,-105.073,5.14679,6.22338,4.32309,50.0,-2.34649,-9.82359,15.216,-36.8393,R
316,half_short,20210512SSKT0,4.0,top,,64001,79402,2,111.0,119.579,ChangeUp,,,,0-1,found_with_location,1,210512_193637,210512_193637,35,4,2,B,117,1-1,-2.579,-1.079,True,match,-2.44491,1.4167,3.2185,1.514,True,no,,TrackMan: 투수·타자 ID/반이닝/2구; TM−1.5km/h 기준 구속 ±3km/h 별도 대조; 카운트 연결 조건 아님; 네이버−TrackMan 구속=-2.579km/h; 기대 편차=-1.079km/h; 카운트=match,210512_193637,4,2,-106.187,4.2656,2.7189,4.08212,50.0,-2.51853,-10.8483,14.2714,-37.5691,R
317,half_short,20210512SSKT0,4.0,top,,64001,62415,1,112.0,119.491,ChangeUp,,,,0-0,found_with_location,1,210512_193800,210512_193800,36,5,1,T,117,0-1,-2.491,-0.991,True,match,-0.777431,1.4167,3.10965,1.49851,True,no,,TrackMan: 투수·타자 ID/반이닝/1구; TM−1.5km/h 기준 구속 ±3km/h 별도 대조; 카운트 연결 조건 아님; 네이버−TrackMan 구속=-2.491km/h; 기대 편차=-0.991km/h; 카운트=match,210512_193800,4,1,-106.309,3.29523,6.04647,4.09166,50.0,-2.53513,-9.86727,16.177,-36.3276,L
318,half_short,20210512SSKT0,4.0,top,,64001,62415,2,113.0,119.858,ChangeUp,,,,0-1,found_with_location,1,210512_193824,210512_193824,36,5,2,F,117,0-2,-2.858,-1.358,True,match,-0.749516,1.4167,3.10965,1.49851,True,no,,TrackMan: 투수·타자 ID/반이닝/2구; TM−1.5km/h 기준 구속 ±3km/h 별도 대조; 카운트 연결 조건 아님; 네이버−TrackMan 구속=-2.858km/h; 기대 편차=-1.358km/h; 카운트=match,210512_193824,4,2,-106.614,3.56875,6.01488,4.04359,50.0,-2.47695,-9.99403,16.7506,-37.8074,L
319,half_short,20210512SSKT0,4.0,top,,64001,62415,3,114.0,137.543,Fastball,,,,0-2,found_with_location,1,210512_193900,210512_193900,36,5,3,F,135,0-2,-2.543,-1.043,True,match,-0.344638,1.4167,3.10965,1.49851,True,no,,TrackMan: 투수·타자 ID/반이닝/3구; TM−1.5km/h 기준 구속 ±3km/h 별도 대조; 카운트 연결 조건 아님; 네이버−TrackMan 구속=-2.543km/h; 기대 편차=-1.043km/h; 카운트=match,210512_193900,4,3,-122.554,3.87327,8.04258,4.11337,50.0,-2.34489,-15.5007,24.3323,-31.334,L
320,half_short,20210512SSKT0,4.0,top,,64001,62415,4,115.0,139.004,Fastball,,,,0-2,found_with_location,1,210512_193929,210512_193929,36,5,4,B,136,1-2,-3.004,-1.504,True,match,-0.355635,1.4167,3.10965,1.49851,True,no,,TrackMan: 투수·타자 ID/반이닝/4구; TM−1.5km/h 기준 구속 ±3km/h 별도 대조; 카운트 연결 조건 아님; 네이버−TrackMan 구속=-3.004km/h; 기대 편차=-1.504km/h; 카운트=match,210512_193929,4,4,-123.612,4.85153,7.95651,4.18677,50.0,-2.34492,-15.1073,22.564,-30.3812,L
321,half_short,20210512SSKT0,4.0,top,,64001,62415,5,116.0,118.914,ChangeUp,,,,1-2,found_with_location,1,210512_193955,210512_193955,36,5,5,H,116,1-2,-2.914,-1.414,True,match,-0.761797,1.4167,3.10965,1.49851,True,no,,TrackMan: 투수·타자 ID/반이닝/5구; TM−1.5km/h 기준 구속 ±3km/h 별도 대조; 카운트 연결 조건 아님; 네이버−TrackMan 구속=-2.914km/h; 기대 편차=-1.414km/h; 카운트=match,210512_193955,4,5,-105.703,3.64785,5.88932,4.04393,50.0,-2.39765,-10.3305,17.8535,-36.9032,L
322,half_short,20210512SSKT0,4.0,top,,64001,62404,1,117.0,121.457,ChangeUp,,,,0-0,found_with_location,1,210512_194053,210512_194053,37,6,1,H,118,0-0,-3.457,-1.957,True,match,0.343106,1.4167,3.16058,1.42907,True,no,,TrackMan: 투수·타자 ID/반이닝/1구; TM−1.5km/h 기준 구속 ±3km/h 별도 대조; 카운트 연결 조건 아님; 네이버−TrackMan 구속=-3.457km/h; 기대 편차=-1.957km/h; 카운트=match,210512_194053,4,1,-107.638,3.82428,7.81602,4.00353,50.0,-2.3951,-8.36869,15.5988,-38.6347,L
323,half_short,20210512SSKT0,4.0,top,,64001,51463,1,118.0,118.967,ChangeUp,,,,0-0,found_with_location,1,210512_194158,210512_194158,38,7,1,B,116,1-0,-2.967,-1.467,True,match,1.03807,1.4167,3.34572,1.5,True,no,,TrackMan: 투수·타자 ID/반이닝/1구; TM−1.5km/h 기준 구속 ±3km/h 별도 대조; 카운트 연결 조건 아님; 네이버−TrackMan 구속=-2.967km/h; 기대 편차=-1.467km/h; 카운트=match,210512_194158,4,1,-105.494,4.52972,8.92411,4.1911,50.0,-2.30377,-8.08201,16.0334,-39.1167,R
324,half_short,20210512SSKT0,4.0,top,,64001,51463,2,119.0,116.516,Curveball,,,,1-0,found_with_location,1,210512_194218,210512_194218,38,7,2,T,113,1-1,-3.516,-2.016,True,match,-0.164901,1.4167,3.34572,1.5,True,no,,TrackMan: 투수·타자 ID/반이닝/2구; TM−1.5km/h 기준 구속 ±3km/h 별도 대조; 카운트 연결 조건 아님; 네이버−TrackMan 구속=-3.516km/h; 기대 편차=-2.016km/h; 카운트=match,210512_194218,4,2,-103.291,4.61146,2.31582,4.017,50.0,-2.75165,12.3499,13.9545,-34.6688,R
325,half_short,20210512SSKT0,4.0,top,,64001,51463,3,120.0,115.68,Curveball,,,,1-1,found_with_location,1,210512_194246,210512_194246,38,7,3,H,113,1-1,-2.68,-1.18,True,match,-0.012068,1.4167,3.34572,1.5,True,no,,TrackMan: 투수·타자 ID/반이닝/3구; TM−1.5km/h 기준 구속 ±3km/h 별도 대조; 카운트 연결 조건 아님; 네이버−TrackMan 구속=-2.680km/h; 기대 편차=-1.180km/h; 카운트=match,210512_194246,4,3,-102.799,4.08005,2.12629,4.02841,50.0,-2.64848,13.2771,14.9512,-33.9714,R
326,half_short,20210512SSKT0,4.0,bottom,,77446,68050,1,121.0,123.259,Slider,,,,0-0,found_with_location,1,210512_194459,210512_194459,40,1,1,T,121,0-1,-2.259,-0.759,True,match,0.227329,1.4167,3.375,1.5,True,no,,TrackMan: 투수·타자 ID/반이닝/1구; TM−1.5km/h 기준 구속 ±3km/h 별도 대조; 카운트 연결 조건 아님; 네이버−TrackMan 구속=-2.259km/h; 기대 편차=-0.759km/h; 카운트=match,210512_194459,4,1,-110.204,-0.366577,-4.00859,5.91317,50.0,1.75839,2.77905,13.1679,-27.3729,L
327,half_short,20210512SSKT0,4.0,bottom,,77446,68050,2,122.0,112.501,Curveball,,,,0-1,found_with_location,1,210512_194514,210512_194514,40,1,2,H,111,0-1,-1.501,-0.001,True,match,-0.20793,1.4167,3.375,1.5,True,no,,TrackMan: 투수·타자 ID/반이닝/2구; TM−1.5km/h 기준 구속 ±3km/h 별도 대조; 카운트 연결 조건 아님; 네이버−TrackMan 구속=-1.501km/h; 기대 편차=-0.001km/h; 카운트=match,210512_194514,4,2,-100.641,-0.673378,-3.75703,5.94589,50.0,1.71743,-0.356084,14.3412,-36.099,L
328,half_short,20210512SSKT0,4.0,bottom,,77446,51004,1,123.0,123.393,Slider,,,,0-0,found_with_location,1,210512_194557,210512_194557,41,2,1,F,121,0-1,-2.393,-0.893,True,match,0.728468,1.4167,3.375,1.5,True,no,,TrackMan: 투수·타자 ID/반이닝/1구; TM−1.5km/h 기준 구속 ±3km/h 별도 대조; 카운트 연결 조건 아님; 네이버−TrackMan 구속=-2.393km/h; 기대 편차=-0.893km/h; 카운트=match,210512_194557,4,1,-109.956,-0.001795,-3.8084,5.96985,50.0,1.89313,5.48196,13.4378,-26.6071,R
329,half_short,20210512SSKT0,4.0,bottom,,77446,51004,2,124.0,134.811,Sinker,,,,0-1,found_with_location,1,210512_194621,210512_194621,41,2,2,B,132,1-1,-2.811,-1.311,True,match,0.935756,1.4167,3.375,1.5,True,no,,TrackMan: 투수·타자 ID/반이닝/2구; TM−1.5km/h 기준 구속 ±3km/h 별도 대조; 카운트 연결 조건 아님; 네이버−TrackMan 구속=-2.811km/h; 기대 편차=-1.311km/h; 카운트=match,210512_194621,4,2,-120.616,-1.05769,-4.29578,5.9455,50.0,1.8034,10.6263,17.7039,-14.696,R
330,half_short,20210512SSKT0,4.0,bottom,,77446,51004,3,125.0,134.263,Sinker,,,,1-1,found_with_location,1,210512_194641,210512_194641,41,2,3,F,132,1-2,-2.263,-0.763,True,match,0.718354,1.4167,3.375,1.5,True,no,,TrackMan: 투수·타자 ID/반이닝/3구; TM−1.5km/h 기준 구속 ±3km/h 별도 대조; 카운트 연결 조건 아님; 네이버−TrackMan 구속=-2.263km/h; 기대 편차=-0.763km/h; 카운트=match,210512_194641,4,3,-119.716,-4.4616,-5.3198,5.75563,50.0,1.8817,12.1343,15.4084,-16.0875,R
331,half_short,20210512SSKT0,4.0,bottom,,77446,51004,4,126.0,129.48,ChangeUp,,,,1-2,found_with_location,1,210512_194718,210512_194718,41,2,4,H,127,1-2,-2.48,-0.98,True,match,1.31615,1.4167,3.375,1.5,True,no,,TrackMan: 투수·타자 ID/반이닝/4구; TM−1.5km/h 기준 구속 ±3km/h 별도 대조; 카운트 연결 조건 아님; 네이버−TrackMan 구속=-2.480km/h; 기대 편차=-0.980km/h; 카운트=match,210512_194718,4,4,-115.569,-4.98092,-3.16792,5.75877,50.0,1.77071,9.7614,17.7888,-17.3741,R
332,half_short,20210512SSKT0,4.0,bottom,,77446,78548,1,127.0,134.733,Fastball,,,,0-0,found_with_location,1,210512_194800,210512_194800,42,3,1,H,132,0-0,-2.733,-1.233,True,match,1.07344,1.4167,3.3043,1.51217,True,yes,021-01,TrackMan: 투수·타자 ID/반이닝/1구; TM−1.5km/h 기준 구속 ±3km/h 별도 대조; 카운트 연결 조건 아님; 네이버−TrackMan 구속=-2.733km/h; 기대 편차=-1.233km/h; 카운트=match,210512_194800,4,1,-120.303,-3.32074,-4.73088,5.68288,50.0,1.84904,13.765,18.6934,-16.3225,R
333,half_short,20210512SSKT0,4.0,bottom,,77446,64007,1,128.0,124.615,Slider,,,,0-0,found_with_location,1,210512_194845,210512_194845,43,4,1,H,122,0-0,-2.615,-1.115,True,match,0.21447,1.4167,3.375,1.5,True,no,,TrackMan: 투수·타자 ID/반이닝/1구; TM−1.5km/h 기준 구속 ±3km/h 별도 대조; 카운트 연결 조건 아님; 네이버−TrackMan 구속=-2.615km/h; 기대 편차=-1.115km/h; 카운트=match,210512_194845,4,1,-111.319,-2.71603,-3.93759,5.75919,50.0,1.82895,1.54659,14.646,-26.159,R
334,half_short,20210512SSKT0,5.0,top,,64001,75334,1,129.0,136.994,Fastball,,,,0-0,found_with_location,1,210512_195114,210512_195114,45,1,1,H,134,0-0,-2.994,-1.494,True,match,0.160549,1.4167,3.56,1.64555,True,no,,TrackMan: 투수·타자 ID/반이닝/1구; TM−1.5km/h 기준 구속 ±3km/h 별도 대조; 카운트 연결 조건 아님; 네이버−TrackMan 구속=-2.994km/h; 기대 편차=-1.494km/h; 카운트=match,210512_195114,5,1,-121.328,2.68891,9.60612,4.00624,50.0,-2.58817,-14.2862,17.8052,-31.7976,L
335,half_short,20210512SSKT0,5.0,top,,64001,74540,1,130.0,113.39,Curveball,,,,0-0,found_with_location,1,210512_195157,210512_195157,46,2,1,T,111,0-1,-2.39,-0.89,True,match,0.249283,1.4167,3.31319,1.66889,True,no,,TrackMan: 투수·타자 ID/반이닝/1구; TM−1.5km/h 기준 구속 ±3km/h 별도 대조; 카운트 연결 조건 아님; 네이버−TrackMan 구속=-2.390km/h; 기대 편차=-0.890km/h; 카운트=match,210512_195157,5,1,-100.817,4.86417,2.48948,3.97855,50.0,-2.65114,13.4181,12.8278,-32.2773,R
336,half_short,20210512SSKT0,5.0,top,,64001,74540,2,131.0,116.804,ChangeUp,,,,0-1,found_with_location,1,210512_195211,210512_195211,46,2,2,B,113,1-1,-3.804,-2.304,True,match,0.67614,1.4167,3.31319,1.66889,True,no,,TrackMan: 투수·타자 ID/반이닝/2구; TM−1.5km/h 기준 구속 ±3km/h 별도 대조; 카운트 연결 조건 아님; 네이버−TrackMan 구속=-3.804km/h; 기대 편차=-2.304km/h; 카운트=match,210512_195211,5,2,-102.993,3.63186,7.96004,4.04225,50.0,-2.2893,-7.57552,10.8223,-37.3322,R
337,half_short,20210512SSKT0,5.0,top,,64001,74540,3,132.0,112.648,Curveball,,,,1-1,found_with_location,1,210512_195228,210512_195228,46,2,3,H,110,1-1,-2.648,-1.148,True,match,-0.596556,1.4167,3.31319,1.66889,True,no,,TrackMan: 투수·타자 ID/반이닝/3구; TM−1.5km/h 기준 구속 ±3km/h 별도 대조; 카운트 연결 조건 아님; 네이버−TrackMan 구속=-2.648km/h; 기대 편차=-1.148km/h; 카운트=match,210512_195228,5,3,-100.138,4.10087,0.828747,3.93123,50.0,-2.70365,13.5393,11.918,-33.4405,R
338,half_short,20210512SSKT0,5.0,top,,64001,64610,1,133.0,116.22,ChangeUp,,,,0-0,found_with_location,1,210512_195302,210512_195302,47,3,1,T,114,0-1,-2.22,-0.72,True,match,-0.671554,1.4167,3.26806,1.48482,True,uncertain_speed_conflict,022-01,TrackMan: 투수·타자 ID/반이닝/1구; TM−1.5km/h 기준 구속 ±3km/h 별도 대조; 카운트 연결 조건 아님; 네이버−TrackMan 구속=-2.220km/h; 기대 편차=-0.720km/h; 카운트=match,210512_195302,5,1,-103.226,4.08519,6.35885,4.08808,50.0,-2.3993,-11.5566,15.8197,-37.2588,L
339,half_short,20210512SSKT0,5.0,top,,64001,64610,2,134.0,116.061,ChangeUp,,,,0-1,found_with_location,1,210512_195316,210512_195316,47,3,2,F,113,0-2,-3.061,-1.561,True,match,-0.337122,1.4167,3.26806,1.48482,True,no,,TrackMan: 투수·타자 ID/반이닝/2구; TM−1.5km/h 기준 구속 ±3km/h 별도 대조; 카운트 연결 조건 아님; 네이버−TrackMan 구속=-3.061km/h; 기대 편차=-1.561km/h; 카운트=match,210512_195316,5,2,-103.038,3.1988,6.67635,4.00664,50.0,-2.40749,-9.97837,14.4736,-38.6063,L
340,half_short,20210512SSKT0,5.0,top,,64001,64610,3,135.0,118.53,ChangeUp,,,,0-2,found_with_location,1,210512_195337,210512_195337,47,3,3,B,116,1-2,-2.53,-1.03,True,match,-1.22837,1.4167,3.26806,1.48482,True,no,,TrackMan: 투수·타자 ID/반이닝/3구; TM−1.5km/h 기준 구속 ±3km/h 별도 대조; 카운트 연결 조건 아님; 네이버−TrackMan 구속=-2.530km/h; 기대 편차=-1.030km/h; 카운트=match,210512_195337,5,3,-105.342,2.26214,5.54914,4.0349,50.0,-2.51631,-11.945,15.1384,-37.9174,L
341,half_short,20210512SSKT0,5.0,top,,64001,64610,4,136.0,135.802,Fastball,,,,1-2,found_with_location,1,210512_195356,210512_195356,47,3,4,T,132,1-3,-3.802,-2.302,True,match,-0.45986,1.4167,3.26806,1.48482,True,no,,TrackMan: 투수·타자 ID/반이닝/4구; TM−1.5km/h 기준 구속 ±3km/h 별도 대조; 카운트 연결 조건 아님; 네이버−TrackMan 구속=-3.802km/h; 기대 편차=-2.302km/h; 카운트=match,210512_195356,5,4,-120.481,0.577954,7.95182,3.9022,50.0,-2.65899,-12.8493,19.2585,-30.3872,L
342,half_short,20210512SSKT0,5.0,bottom,,77446,73113,1,137.0,125.359,Slider,,,,0-0,found_with_location,1,210512_195603,210512_195603,49,1,1,S,123,0-1,-2.359,-0.859,True,match,0.804711,1.4167,3.21455,1.40787,True,yes,023-01,TrackMan: 투수·타자 ID/반이닝/1구; TM−1.5km/h 기준 구속 ±3km/h 별도 대조; 카운트 연결 조건 아님; 네이버−TrackMan 구속=-2.359km/h; 기대 편차=-0.859km/h; 카운트=match,210512_195603,5,1,-112.272,-2.90465,-3.50777,5.70633,50.0,2.02476,3.48087,15.949,-23.8862,R
343,half_short,20210512SSKT0,5.0,bottom,,77446,73113,2,138.0,137.291,Fastball,,,,0-1,found_with_location,1,210512_195618,210512_195618,49,1,2,T,135,0-2,-2.291,-0.791,True,match,-0.74403,1.4167,3.21455,1.40787,True,uncertain_speed_conflict,023-02,TrackMan: 투수·타자 ID/반이닝/2구; TM−1.5km/h 기준 구속 ±3km/h 별도 대조; 카운트 연결 조건 아님; 네이버−TrackMan 구속=-2.291km/h; 기대 편차=-0.791km/h; 카운트=match,210512_195618,5,2,-122.444,-5.76601,-8.30847,5.68778,50.0,1.7153,11.2075,17.3604,-13.5345,R
344,half_short,20210512SSKT0,5.0,bottom,,77446,73113,3,139.0,138.595,Fastball,,,,0-2,found_with_location,1,210512_195633,210512_195633,49,1,3,F,135,0-2,-3.595,-2.095,True,match,0.160273,1.4167,3.21455,1.40787,True,no,,TrackMan: 투수·타자 ID/반이닝/3구; TM−1.5km/h 기준 구속 ±3km/h 별도 대조; 카운트 연결 조건 아님; 네이버−TrackMan 구속=-3.595km/h; 기대 편차=-2.095km/h; 카운트=match,210512_195633,5,3,-123.204,-4.37929,-6.85017,5.84631,50.0,1.91122,12.5163,18.5112,-8.52517,R
345,half_short,20210512SSKT0,5.0,bottom,,77446,73113,4,140.0,128.548,ChangeUp,,,,0-2,found_with_location,1,210512_195652,210512_195652,49,1,4,B,126,1-2,-2.548,-1.048,True,match,2.32378,1.4167,3.21455,1.40787,True,no,,TrackMan: 투수·타자 ID/반이닝/4구; TM−1.5km/h 기준 구속 ±3km/h 별도 대조; 카운트 연결 조건 아님; 네이버−TrackMan 구속=-2.548km/h; 기대 편차=-1.048km/h; 카운트=match,210512_195652,5,4,-115.083,-2.91237,-2.77229,5.69488,50.0,1.97863,16.3773,16.041,-23.9985,R
346,half_short,20210512SSKT0,5.0,bottom,,77446,73113,5,141.0,128.192,ChangeUp,,,,1-2,found_with_location,1,210512_195711,210512_195711,49,1,5,F,126,1-2,-2.192,-0.692,True,match,0.528091,1.4167,3.21455,1.40787,True,no,,TrackMan: 투수·타자 ID/반이닝/5구; TM−1.5km/h 기준 구속 ±3km/h 별도 대조; 카운트 연결 조건 아님; 네이버−TrackMan 구속=-2.192km/h; 기대 편차=-0.692km/h; 카운트=match,210512_195711,5,5,-114.637,-2.20868,-4.86639,5.75661,50.0,1.66754,10.3353,14.88,-18.4725,R
347,half_short,20210512SSKT0,5.0,bottom,,77446,73113,6,142.0,126.507,Slider,,,,1-2,found_with_location,1,210512_195732,210512_195732,49,1,6,H,124,1-2,-2.507,-1.007,True,match,-0.153957,1.4167,3.21455,1.40787,True,no,,TrackMan: 투수·타자 ID/반이닝/6구; TM−1.5km/h 기준 구속 ±3km/h 별도 대조; 카운트 연결 조건 아님; 네이버−TrackMan 구속=-2.507km/h; 기대 편차=-1.007km/h; 카운트=match,210512_195732,5,6,-113.058,-1.95329,-4.73556,5.7861,50.0,1.84419,0.914853,12.7871,-26.5564,R
348,half_short,20210512SSKT0,5.0,bottom,,77446,62556,1,143.0,136.406,Sinker,,,,0-0,found_with_location,1,210512_195821,210512_195821,50,2,1,F,134,0-1,-2.406,-0.906,True,match,0.282151,1.4167,3.22183,1.45551,True,yes,024-01,TrackMan: 투수·타자 ID/반이닝/1구; TM−1.5km/h 기준 구속 ±3km/h 별도 대조; 카운트 연결 조건 아님; 네이버−TrackMan 구속=-2.406km/h; 기대 편차=-0.906km/h; 카운트=match,210512_195821,5,1,-122.007,-3.28856,-6.48101,5.69788,50.0,1.81571,13.3795,18.359,-14.8792,R
349,half_short,20210512SSKT0,5.0,bottom,,77446,62556,2,144.0,136.662,Sinker,,,,0-1,found_with_location,1,210512_195839,210512_195839,50,2,2,T,134,0-2,-2.662,-1.162,True,match,0.648402,1.4167,3.22183,1.45551,True,yes,024-02,TrackMan: 투수·타자 ID/반이닝/2구; TM−1.5km/h 기준 구속 ±3km/h 별도 대조; 카운트 연결 조건 아님; 네이버−TrackMan 구속=-2.662km/h; 기대 편차=-1.162km/h; 카운트=match,210512_195839,5,2,-122.199,-4.54504,-4.5123,5.70913,50.0,1.81239,8.17935,19.7353,-16.2059,R
350,half_short,20210512SSKT0,5.0,bottom,,77446,62556,3,145.0,139.613,Fastball,,,,0-2,found_with_location,1,210512_195854,210512_195854,50,2,3,S,137,0-3,-2.613,-1.113,True,match,0.571005,1.4167,3.22183,1.45551,True,yes,024-03,TrackMan: 투수·타자 ID/반이닝/3구; TM−1.5km/h 기준 구속 ±3km/h 별도 대조; 카운트 연결 조건 아님; 네이버−TrackMan 구속=-2.613km/h; 기대 편차=-1.113km/h; 카운트=match,210512_195854,5,3,-124.51,-6.76288,-5.57587,5.70736,50.0,1.92231,11.0387,20.4189,-10.4788,R
351,half_short,20210512SSKT0,5.0,bottom,,77446,64006,1,146.0,136.731,Fastball,,,,0-0,found_with_location,1,210512_195922,210512_195922,51,3,1,B,136,1-0,-0.731,0.769,True,match,0.765902,1.4167,3.44,1.62,True,yes,025-01,TrackMan: 투수·타자 ID/반이닝/1구; TM−1.5km/h 기준 구속 ±3km/h 별도 대조; 카운트 연결 조건 아님; 네이버−TrackMan 구속=-0.731km/h; 기대 편차=+0.769km/h; 카운트=match,210512_195922,5,1,-121.815,-7.75979,-4.51175,5.61783,50.0,1.78943,9.83627,17.4692,-11.9374,R
352,half_short,20210512SSKT0,5.0,bottom,,77446,64006,2,147.0,130.326,ChangeUp,,,,1-0,found_with_location,1,210512_195936,210512_195936,51,3,2,B,128,2-0,-2.326,-0.826,True,match,2.20475,1.4167,3.44,1.62,True,yes,025-02,TrackMan: 투수·타자 ID/반이닝/2구; TM−1.5km/h 기준 구속 ±3km/h 별도 대조; 카운트 연결 조건 아님; 네이버−TrackMan 구속=-2.326km/h; 기대 편차=-0.826km/h; 카운트=match,210512_195936,5,2,-116.361,-4.62103,-2.09362,5.64927,50.0,1.9053,12.9182,17.5419,-17.2808,R
353,half_short,20210512SSKT0,5.0,bottom,,77446,64006,3,148.0,138.052,Fastball,,,,2-0,found_with_location,1,210512_195955,210512_195955,51,3,3,T,135,2-1,-3.052,-1.552,True,match,1.02653,1.4167,3.44,1.62,True,yes,025-03,TrackMan: 투수·타자 ID/반이닝/3구; TM−1.5km/h 기준 구속 ±3km/h 별도 대조; 카운트 연결 조건 아님; 네이버−TrackMan 구속=-3.052km/h; 기대 편차=-1.552km/h; 카운트=match,210512_195955,5,3,-123.207,-4.87864,-3.84924,5.72168,50.0,1.84244,9.06577,20.0646,-9.90273,R
354,half_short,20210512SSKT0,5.0,bottom,,77446,64006,4,149.0,127.01,ChangeUp,,,,2-1,found_with_location,1,210512_200012,210512_200012,51,3,4,B,125,3-1,-2.01,-0.51,True,match,0.97759,1.4167,3.44,1.62,True,yes,025-04,TrackMan: 투수·타자 ID/반이닝/4구; TM−1.5km/h 기준 구속 ±3km/h 별도 대조; 카운트 연결 조건 아님; 네이버−TrackMan 구속=-2.010km/h; 기대 편차=-0.510km/h; 카운트=match,210512_200012,5,4,-113.349,1.64871,-5.17805,5.89752,50.0,1.7845,15.1497,16.9043,-22.3402,R
355,half_short,20210512SSKT0,5.0,bottom,,77446,64006,5,150.0,129.357,ChangeUp,,,,3-1,found_with_location,1,210512_200029,210512_200029,51,3,5,S,126,3-2,-3.357,-1.857,True,match,1.0675,1.4167,3.44,1.62,True,yes,025-05,TrackMan: 투수·타자 ID/반이닝/5구; TM−1.5km/h 기준 구속 ±3km/h 별도 대조; 카운트 연결 조건 아님; 네이버−TrackMan 구속=-3.357km/h; 기대 편차=-1.857km/h; 카운트=match,210512_200029,5,5,-114.915,-5.31172,-5.13916,5.65053,50.0,1.9329,14.4803,14.9588,-17.874,R
356,half_short,20210512SSKT0,5.0,bottom,,77446,64006,6,151.0,138.038,Fastball,,,,3-2,found_with_location,1,210512_200048,210512_200048,51,3,6,H,135,3-2,-3.038,-1.538,True,match,-0.434903,1.4167,3.44,1.62,True,yes,025-06,TrackMan: 투수·타자 ID/반이닝/6구; TM−1.5km/h 기준 구속 ±3km/h 별도 대조; 카운트 연결 조건 아님; 네이버−TrackMan 구속=-3.038km/h; 기대 편차=-1.538km/h; 카운트=match,210512_200048,5,6,-122.857,-7.67983,-6.27112,5.66257,50.0,1.71182,4.95055,18.579,-12.6959,R
357,half_short,20210512SSKT0,5.0,bottom,,77446,64868,1,152.0,136.41,Fastball,,,,0-0,found_with_location,1,210512_200125,210512_200125,52,4,1,T,134,0-1,-2.41,-0.91,True,match,0.608397,1.4167,3.11166,1.36403,True,yes,026-01,TrackMan: 투수·타자 ID/반이닝/1구; TM−1.5km/h 기준 구속 ±3km/h 별도 대조; 카운트 연결 조건 아님; 네이버−TrackMan 구속=-2.410km/h; 기대 편차=-0.910km/h; 카운트=match,210512_200125,5,1,-121.912,-4.77086,-5.45433,5.70284,50.0,1.87487,11.5543,19.2214,-13.6449,L
358,half_short,20210512SSKT0,5.0,bottom,,77446,64868,2,153.0,116.399,Curveball,,,,0-1,found_with_location,1,210512_200139,210512_200139,52,4,2,T,114,0-2,-2.399,-0.899,True,match,-0.750144,1.4167,3.11166,1.36403,True,yes,026-02,TrackMan: 투수·타자 ID/반이닝/2구; TM−1.5km/h 기준 구속 ±3km/h 별도 대조; 카운트 연결 조건 아님; 네이버−TrackMan 구속=-2.399km/h; 기대 편차=-0.899km/h; 카운트=match,210512_200139,5,2,-103.569,-0.06873,-4.68915,5.95916,50.0,1.71391,-1.4668,16.6084,-35.6545,L
359,half_short,20210512SSKT0,5.0,bottom,,77446,64868,3,154.0,132.134,Slider,,,,0-2,found_with_location,1,210512_200158,210512_200158,52,4,3,B,130,1-2,-2.134,-0.634,True,match,0.29038,1.4167,3.11166,1.36403,True,yes,026-03,TrackMan: 투수·타자 ID/반이닝/3구; TM−1.5km/h 기준 구속 ±3km/h 별도 대조; 카운트 연결 조건 아님; 네이버−TrackMan 구속=-2.134km/h; 기대 편차=-0.634km/h; 카운트=match,210512_200158,5,3,-118.312,-9.06509,-4.80569,5.50312,50.0,1.94948,4.27281,19.8641,-22.2119,L
360,half_short,20210512SSKT0,5.0,bottom,,77446,64868,4,155.0,125.366,Slider,,,,1-2,found_with_location,1,210512_200222,210512_200222,52,4,4,B,123,2-2,-2.366,-0.866,True,match,-1.88543,1.4167,3.11166,1.36403,True,yes,026-04,TrackMan: 투수·타자 ID/반이닝/4구; TM−1.5km/h 기준 구속 ±3km/h 별도 대조; 카운트 연결 조건 아님; 네이버−TrackMan 구속=-2.366km/h; 기대 편차=-0.866km/h; 카운트=match,210512_200222,5,4,-111.872,2.04136,-8.57969,5.88456,50.0,1.71417,2.41633,15.0749,-27.2697,L
361,half_short,20210512SSKT0,5.0,bottom,,77446,64868,5,156.0,127.465,Slider,,,,2-2,found_with_location,1,210512_200243,210512_200243,52,4,5,H,125,2-2,-2.465,-0.965,True,match,-0.320349,1.4167,3.11166,1.36403,True,yes,026-05,TrackMan: 투수·타자 ID/반이닝/5구; TM−1.5km/h 기준 구속 ±3km/h 별도 대조; 카운트 연결 조건 아님; 네이버−TrackMan 구속=-2.465km/h; 기대 편차=-0.965km/h; 카운트=match,210512_200243,5,5,-114.108,-3.24044,-5.735,5.71943,50.0,1.80229,4.11662,16.1403,-27.6909,L
362,half_short,20210512SSKT0,5.0,bottom,,77446,64166,1,157.0,125.588,Slider,,,,0-0,found_with_location,1,210512_200328,210512_200328,53,5,1,B,123,1-0,-2.588,-1.088,True,match,1.06752,1.4167,3.375,1.5,True,yes,027-01,TrackMan: 투수·타자 ID/반이닝/1구; TM−1.5km/h 기준 구속 ±3km/h 별도 대조; 카운트 연결 조건 아님; 네이버−TrackMan 구속=-2.588km/h; 기대 편차=-1.088km/h; 카운트=match,210512_200328,5,1,-112.067,1.02665,-2.95993,5.92385,50.0,1.89424,4.971,15.4827,-23.672,R
363,half_short,20210512SSKT0,5.0,bottom,,77446,64166,2,158.0,129.067,ChangeUp,,,,1-0,found_with_location,1,210512_200422,210512_200422,53,5,2,B,127,2-0,-2.067,-0.567,True,match,1.06404,1.4167,3.375,1.5,True,yes,027-02,TrackMan: 투수·타자 ID/반이닝/2구; TM−1.5km/h 기준 구속 ±3km/h 별도 대조; 카운트 연결 조건 아님; 네이버−TrackMan 구속=-2.067km/h; 기대 편차=-0.567km/h; 카운트=match,210512_200422,5,2,-115.182,-1.47417,-4.7473,5.84729,50.0,1.77603,14.281,17.5629,-19.2199,R
364,half_short,20210512SSKT0,5.0,bottom,,77446,64166,3,159.0,127.978,ChangeUp,,,,2-0,found_with_location,1,210512_200441,210512_200441,53,5,3,T,125,2-1,-2.978,-1.478,True,match,0.635114,1.4167,3.375,1.5,True,yes,027-03,TrackMan: 투수·타자 ID/반이닝/3구; TM−1.5km/h 기준 구속 ±3km/h 별도 대조; 카운트 연결 조건 아님; 네이버−TrackMan 구속=-2.978km/h; 기대 편차=-1.478km/h; 카운트=match,210512_200441,5,3,-114.181,-3.56009,-5.03555,5.75099,50.0,1.74247,11.4492,16.1634,-17.09,R
365,half_short,20210512SSKT0,5.0,bottom,,77446,64166,4,160.0,137.032,Fastball,,,,2-1,found_with_location,1,210512_200506,210512_200506,53,5,4,B,135,3-1,-2.032,-0.532,True,match,-1.0011,1.4167,3.375,1.5,True,yes,027-04,TrackMan: 투수·타자 ID/반이닝/4구; TM−1.5km/h 기준 구속 ±3km/h 별도 대조; 카운트 연결 조건 아님; 네이버−TrackMan 구속=-2.032km/h; 기대 편차=-0.532km/h; 카운트=match,210512_200506,5,4,-122.646,-7.39853,-8.53847,5.63811,50.0,1.51187,11.7322,19.6169,-12.5542,R
366,half_short,20210512SSKT0,5.0,bottom,,77446,64166,5,161.0,127.905,ChangeUp,,,,3-1,found_with_location,1,210512_200527,210512_200527,53,5,5,H,126,3-1,-1.905,-0.405,True,match,-0.226141,1.4167,3.375,1.5,True,yes,027-05,TrackMan: 투수·타자 ID/반이닝/5구; TM−1.5km/h 기준 구속 ±3km/h 별도 대조; 카운트 연결 조건 아님; 네이버−TrackMan 구속=-1.905km/h; 기대 편차=-0.405km/h; 카운트=match,210512_200527,5,5,-114.334,-3.59965,-6.57127,5.71268,50.0,1.56158,11.3862,16.7842,-17.2562,R
367,half_short,20210512SSKT0,5.0,bottom,,77446,68050,1,162.0,138.007,Fastball,,,,0-0,found_with_location,1,210512_200632,210512_200632,54,6,1,H,135,0-0,-3.007,-1.507,True,match,1.29913,1.4167,3.375,1.5,True,yes,028-01,TrackMan: 투수·타자 ID/반이닝/1구; TM−1.5km/h 기준 구속 ±3km/h 별도 대조; 카운트 연결 조건 아님; 네이버−TrackMan 구속=-3.007km/h; 기대 편차=-1.507km/h; 카운트=match,210512_200632,5,1,-123.206,-3.93751,-3.88698,5.79993,50.0,1.81244,12.8937,19.6541,-11.3756,L
368,half_short,20210512SSKT0,5.0,bottom,,77446,51004,1,163.0,112.73,Curveball,,,,0-0,found_with_location,1,210512_200724,210512_200724,55,7,1,B,110,1-0,-2.73,-1.23,True,match,0.758582,1.4167,3.375,1.5,True,yes,029-01,TrackMan: 투수·타자 ID/반이닝/1구; TM−1.5km/h 기준 구속 ±3km/h 별도 대조; 카운트 연결 조건 아님; 네이버−TrackMan 구속=-2.730km/h; 기대 편차=-1.230km/h; 카운트=match,210512_200724,5,1,-100.207,3.91779,-2.08705,6.15192,50.0,1.8634,-0.446572,13.9254,-33.2397,R
369,half_short,20210512SSKT0,5.0,bottom,,77446,51004,2,164.0,128.316,ChangeUp,,,,1-0,found_with_location,1,210512_200739,210512_200739,55,7,2,F,125,1-1,-3.316,-1.816,True,match,0.615656,1.4167,3.375,1.5,True,yes,029-02,TrackMan: 투수·타자 ID/반이닝/2구; TM−1.5km/h 기준 구속 ±3km/h 별도 대조; 카운트 연결 조건 아님; 네이버−TrackMan 구속=-3.316km/h; 기대 편차=-1.816km/h; 카운트=match,210512_200739,5,2,-114.207,-1.97721,-5.42667,5.75896,50.0,1.73502,13.1085,15.4517,-17.787,R
370,half_short,20210512SSKT0,5.0,bottom,,77446,51004,3,165.0,137.001,Fastball,,,,1-1,found_with_location,1,210512_200806,210512_200806,55,7,3,T,135,1-2,-2.001,-0.501,True,match,-0.230609,1.4167,3.375,1.5,True,yes,029-03,TrackMan: 투수·타자 ID/반이닝/3구; TM−1.5km/h 기준 구속 ±3km/h 별도 대조; 카운트 연결 조건 아님; 네이버−TrackMan 구속=-2.001km/h; 기대 편차=-0.501km/h; 카운트=match,210512_200806,5,3,-122.393,-6.57283,-6.51673,5.57793,50.0,1.80149,7.59306,18.3822,-12.0436,R
371,half_short,20210512SSKT0,5.0,bottom,,77446,51004,4,166.0,130.919,ChangeUp,,,,1-2,found_with_location,1,210512_200825,210512_200825,55,7,4,F,128,1-2,-2.919,-1.419,True,match,0.793229,1.4167,3.375,1.5,True,yes,029-04,TrackMan: 투수·타자 ID/반이닝/4구; TM−1.5km/h 기준 구속 ±3km/h 별도 대조; 카운트 연결 조건 아님; 네이버−TrackMan 구속=-2.919km/h; 기대 편차=-1.419km/h; 카운트=match,210512_200825,5,4,-116.875,-3.05718,-4.81837,5.72902,50.0,1.86992,10.7623,16.6534,-15.7555,R
372,half_short,20210512SSKT0,5.0,bottom,,77446,51004,5,167.0,137.998,Fastball,,,,1-2,found_with_location,1,210512_200853,210512_200853,55,7,5,H,135,1-2,-2.998,-1.498,True,match,-0.695683,1.4167,3.375,1.5,True,yes,029-05,TrackMan: 투수·타자 ID/반이닝/5구; TM−1.5km/h 기준 구속 ±3km/h 별도 대조; 카운트 연결 조건 아님; 네이버−TrackMan 구속=-2.998km/h; 기대 편차=-1.498km/h; 카운트=match,210512_200853,5,5,-122.959,-3.26277,-7.93781,5.76384,50.0,1.7203,9.85368,18.1455,-12.3663,R
373,half_short,20210828NCHH0,7.0,bottom,,76118,62700,1,222.0,148.15,Fastball,,,,0-0,found_with_location,1,210828_201500,210828_201500,69,1,1,F,146,0-1,-2.15,-0.65,True,match,0.551017,1.4167,3.44362,1.61344,True,no,,TrackMan: 투수·타자 ID/반이닝/1구; TM−1.5km/h 기준 구속 ±3km/h 별도 대조; 카운트 연결 조건 아님; 네이버−TrackMan 구속=-2.150km/h; 기대 편차=-0.650km/h; 카운트=match,210828_201500,7,1,-133.315,-5.02678,4.4296,4.92735,50.0,-0.848681,-4.07588,34.9644,-13.8198,L
374,half_short,20210828NCHH0,7.0,bottom,,76118,62700,2,223.0,150.256,Fastball,,,,0-1,found_with_location,1,210828_201524,210828_201524,69,1,2,F,150,0-2,-0.256,1.244,True,match,-0.106949,1.4167,3.44362,1.61344,True,no,,TrackMan: 투수·타자 ID/반이닝/2구; TM−1.5km/h 기준 구속 ±3km/h 별도 대조; 카운트 연결 조건 아님; 네이버−TrackMan 구속=-0.256km/h; 기대 편차=+1.244km/h; 카운트=match,210828_201524,7,2,-135.622,0.056952,3.86024,5.0179,50.0,-1.08076,-6.73926,32.4582,-25.9626,L
375,half_short,20210828NCHH0,7.0,bottom,,76118,62700,3,224.0,150.582,Fastball,,,,0-2,found_with_location,1,210828_201552,210828_201552,69,1,3,B,149,1-2,-1.582,-0.082,True,match,-0.98029,1.4167,3.44362,1.61344,True,no,,TrackMan: 투수·타자 ID/반이닝/3구; TM−1.5km/h 기준 구속 ±3km/h 별도 대조; 카운트 연결 조건 아님; 네이버−TrackMan 구속=-1.582km/h; 기대 편차=-0.082km/h; 카운트=match,210828_201552,7,3,-135.65,0.492844,1.45906,5.12562,50.0,-1.25745,-3.84017,35.5532,-19.3491,L
376,half_short,20210828NCHH0,7.0,bottom,,76118,62700,4,225.0,151.342,Fastball,,,,1-2,found_with_location,1,210828_201614,210828_201614,69,1,4,H,151,1-2,-0.342,1.158,True,match,-0.682731,1.4167,3.44362,1.61344,True,no,,TrackMan: 투수·타자 ID/반이닝/4구; TM−1.5km/h 기준 구속 ±3km/h 별도 대조; 카운트 연결 조건 아님; 네이버−TrackMan 구속=-0.342km/h; 기대 편차=+1.158km/h; 카운트=match,210828_201614,7,4,-136.561,-1.18962,2.65409,4.94326,50.0,-1.22284,-6.47507,38.1715,-21.1812,L
377,half_short,20210828NCHH0,7.0,bottom,,76118,66704,1,226.0,148.69,Fastball,,,,0-0,found_with_location,1,210828_201648,210828_201648,70,2,1,F,148,0-1,-0.69,0.81,True,match,0.140185,1.4167,3.375,1.5,True,no,,TrackMan: 투수·타자 ID/반이닝/1구; TM−1.5km/h 기준 구속 ±3km/h 별도 대조; 카운트 연결 조건 아님; 네이버−TrackMan 구속=-0.690km/h; 기대 편차=+0.810km/h; 카운트=match,210828_201648,7,1,-134.313,-3.84597,3.2405,4.90041,50.0,-1.06463,-0.361319,33.7472,-18.107,R
378,half_short,20210828NCHH0,7.0,bottom,,76118,66704,2,227.0,147.848,Fastball,,,,0-1,found_with_location,1,210828_201715,210828_201715,70,2,2,H,148,0-1,0.152,1.652,True,match,0.566384,1.4167,3.375,1.5,True,no,,TrackMan: 투수·타자 ID/반이닝/2구; TM−1.5km/h 기준 구속 ±3km/h 별도 대조; 카운트 연결 조건 아님; 네이버−TrackMan 구속=+0.152km/h; 기대 편차=+1.652km/h; 카운트=match,210828_201715,7,2,-133.233,-3.15058,3.86202,4.95139,50.0,-1.00166,1.28695,31.2447,-24.3994,R
379,half_short,20210828NCHH0,7.0,bottom,,76118,51714,1,228.0,148.984,Fastball,,,,0-0,found_with_location,1,210828_201807,210828_201807,71,3,1,B,149,1-0,0.016,1.516,True,match,1.19598,1.4167,3.64613,1.68381,True,no,,TrackMan: 투수·타자 ID/반이닝/1구; TM−1.5km/h 기준 구속 ±3km/h 별도 대조; 카운트 연결 조건 아님; 네이버−TrackMan 구속=+0.016km/h; 기대 편차=+1.516km/h; 카운트=match,210828_201807,7,1,-134.124,-4.34539,5.88609,4.82775,50.0,-0.978726,-0.890459,33.7074,-19.6515,R
380,half_short,20210828NCHH0,7.0,bottom,,76118,51714,2,229.0,136.595,Slider,,,,1-0,found_with_location,1,210828_201828,210828_201828,71,3,2,T,136,1-1,-0.595,0.905,True,match,-0.609645,1.4167,3.64613,1.68381,True,no,,TrackMan: 투수·타자 ID/반이닝/2구; TM−1.5km/h 기준 구속 ±3km/h 별도 대조; 카운트 연결 조건 아님; 네이버−TrackMan 구속=-0.595km/h; 기대 편차=+0.905km/h; 카운트=match,210828_201828,7,2,-123.256,-0.44651,-0.195153,5.02973,50.0,-1.1402,7.19395,26.0869,-28.0998,R
381,half_short,20210828NCHH0,7.0,bottom,,76118,51714,3,230.0,148.294,Fastball,,,,1-1,found_with_location,1,210828_201918,210828_201918,71,3,3,F,148,1-2,-0.294,1.206,True,match,-0.385716,1.4167,3.64613,1.68381,True,no,,TrackMan: 투수·타자 ID/반이닝/3구; TM−1.5km/h 기준 구속 ±3km/h 별도 대조; 카운트 연결 조건 아님; 네이버−TrackMan 구속=-0.294km/h; 기대 편차=+1.206km/h; 카운트=match,210828_201918,7,3,-134.037,-2.55695,1.4121,4.93952,50.0,-1.17044,3.39307,34.5074,-20.9992,R
382,half_short,20210828NCHH0,7.0,bottom,,76118,51714,4,231.0,149.925,Fastball,,,,1-2,found_with_location,1,210828_201954,210828_201954,71,3,4,F,150,1-2,0.075,1.575,True,match,0.063421,1.4167,3.64613,1.68381,True,no,,TrackMan: 투수·타자 ID/반이닝/4구; TM−1.5km/h 기준 구속 ±3km/h 별도 대조; 카운트 연결 조건 아님; 네이버−TrackMan 구속=+0.075km/h; 기대 편차=+1.575km/h; 카운트=match,210828_201954,7,4,-135.184,-5.51343,4.10359,4.81683,50.0,-1.16824,-4.39611,31.3876,-20.7954,R
383,half_short,20210828NCHH0,7.0,bottom,,76118,51714,5,232.0,133.353,Slider,,,,1-2,found_with_location,1,210828_202026,210828_202026,71,3,5,H,133,1-2,-0.353,1.147,True,match,-0.278017,1.4167,3.64613,1.68381,True,no,,TrackMan: 투수·타자 ID/반이닝/5구; TM−1.5km/h 기준 구속 ±3km/h 별도 대조; 카운트 연결 조건 아님; 네이버−TrackMan 구속=-0.353km/h; 기대 편차=+1.147km/h; 카운트=match,210828_202026,7,5,-120.714,-0.841542,-0.137701,5.02248,50.0,-1.07342,9.65857,24.4317,-29.9753,R
384,half_short,20210828NCHH0,7.0,bottom,,76118,50707,1,233.0,149.078,Fastball,,,,0-0,found_with_location,1,210828_202123,210828_202123,72,4,1,H,149,0-0,-0.078,1.422,True,match,0.166234,1.4167,3.22284,1.5,True,no,,TrackMan: 투수·타자 ID/반이닝/1구; TM−1.5km/h 기준 구속 ±3km/h 별도 대조; 카운트 연결 조건 아님; 네이버−TrackMan 구속=-0.078km/h; 기대 편차=+1.422km/h; 카운트=match,210828_202123,7,1,-134.401,-3.36983,4.613,4.85078,50.0,-0.989411,-8.25858,33.305,-22.8964,L
385,half_short,20210828NCHH0,7.0,bottom,,76118,63700,1,234.0,145.986,Fastball,,,,0-0,found_with_location,1,210828_202208,210828_202208,73,5,1,T,146,0-1,0.014,1.514,True,match,-0.156203,1.4167,3.375,1.5,True,no,,TrackMan: 투수·타자 ID/반이닝/1구; TM−1.5km/h 기준 구속 ±3km/h 별도 대조; 카운트 연결 조건 아님; 네이버−TrackMan 구속=+0.014km/h; 기대 편차=+1.514km/h; 카운트=match,210828_202208,7,1,-131.593,-1.04457,1.93842,5.05972,50.0,-1.06179,2.12276,29.2295,-20.5773,R
386,half_short,20210828NCHH0,7.0,bottom,,76118,63700,2,235.0,134.269,Slider,,,,0-1,found_with_location,1,210828_202228,210828_202228,73,5,2,B,134,1-1,-0.269,1.231,True,match,-0.339601,1.4167,3.375,1.5,True,no,,TrackMan: 투수·타자 ID/반이닝/2구; TM−1.5km/h 기준 구속 ±3km/h 별도 대조; 카운트 연결 조건 아님; 네이버−TrackMan 구속=-0.269km/h; 기대 편차=+1.231km/h; 카운트=match,210828_202228,7,2,-121.44,-2.88803,0.975005,4.98082,50.0,-1.41556,7.60445,26.175,-30.1129,R
387,half_short,20210828NCHH0,7.0,bottom,,76118,63700,3,236.0,136.984,Slider,,,,1-1,found_with_location,1,210828_202252,210828_202252,73,5,3,H,137,1-1,0.016,1.516,True,match,0.123796,1.4167,3.375,1.5,True,no,,TrackMan: 투수·타자 ID/반이닝/3구; TM−1.5km/h 기준 구속 ±3km/h 별도 대조; 카운트 연결 조건 아님; 네이버−TrackMan 구속=+0.016km/h; 기대 편차=+1.516km/h; 카운트=match,210828_202252,7,3,-123.513,-1.36544,1.98031,4.94726,50.0,-1.17065,5.74096,24.4731,-29.8964,R
388,half_short,20210828NCHH0,7.0,bottom,,76118,64704,1,237.0,147.908,Fastball,,,,0-0,found_with_location,1,210828_202342,210828_202342,74,6,1,F,148,0-1,0.092,1.592,True,match,-1.00917,1.4167,3.39111,1.68232,True,no,,TrackMan: 투수·타자 ID/반이닝/1구; TM−1.5km/h 기준 구속 ±3km/h 별도 대조; 카운트 연결 조건 아님; 네이버−TrackMan 구속=+0.092km/h; 기대 편차=+1.592km/h; 카운트=match,210828_202342,7,1,-133.405,-3.96797,2.02556,4.91297,50.0,-1.13643,-8.84463,34.0208,-23.2652,L
389,half_short,20210828NCHH0,7.0,bottom,,76118,64704,2,238.0,148.97,Fastball,,,,0-1,found_with_location,1,210828_202412,210828_202412,74,6,2,S,149,0-2,0.03,1.53,True,match,-1.36973,1.4167,3.39111,1.68232,True,no,,TrackMan: 투수·타자 ID/반이닝/2구; TM−1.5km/h 기준 구속 ±3km/h 별도 대조; 카운트 연결 조건 아님; 네이버−TrackMan 구속=+0.030km/h; 기대 편차=+1.530km/h; 카운트=match,210828_202412,7,2,-134.059,-3.92319,2.72011,4.86676,50.0,-1.30298,-15.2125,33.794,-22.8396,L
390,half_short,20210828NCHH0,7.0,bottom,,76118,64704,3,239.0,137.643,Splitter,,,,0-2,found_with_location,1,210828_202438,210828_202438,74,6,3,S,137,0-3,-0.643,0.857,True,match,-0.875895,1.4167,3.39111,1.68232,True,no,,TrackMan: 투수·타자 ID/반이닝/3구; TM−1.5km/h 기준 구속 ±3km/h 별도 대조; 카운트 연결 조건 아님; 네이버−TrackMan 구속=-0.643km/h; 기대 편차=+0.857km/h; 카운트=match,210828_202438,7,3,-124.125,-2.58005,2.39466,4.99447,50.0,-1.26588,-7.03594,28.695,-30.091,L
391,half_short,20210828NCHH0,7.0,bottom,,76118,66702,1,240.0,135.992,Slider,,,,0-0,found_with_location,1,210828_202512,210828_202512,75,7,1,S,136,0-1,0.008,1.508,True,match,0.38341,1.4167,3.11105,1.45857,True,no,,TrackMan: 투수·타자 ID/반이닝/1구; TM−1.5km/h 기준 구속 ±3km/h 별도 대조; 카운트 연결 조건 아님; 네이버−TrackMan 구속=+0.008km/h; 기대 편차=+1.508km/h; 카운트=match,210828_202512,7,1,-122.325,-2.4651,1.56059,4.98493,50.0,-1.21415,10.9873,26.1343,-27.9874,L
392,half_short,20210828NCHH0,7.0,bottom,,76118,66702,2,241.0,138.477,Splitter,,,,0-1,found_with_location,1,210828_202539,210828_202539,75,7,2,H,138,0-1,-0.477,1.023,True,match,-0.534348,1.4167,3.11105,1.45857,True,no,,TrackMan: 투수·타자 ID/반이닝/2구; TM−1.5km/h 기준 구속 ±3km/h 별도 대조; 카운트 연결 조건 아님; 네이버−TrackMan 구속=-0.477km/h; 기대 편차=+1.023km/h; 카운트=match,210828_202539,7,2,-124.989,-1.88898,2.80689,5.08493,50.0,-1.08993,-7.08309,30.3575,-26.5885,L
393,half_short,20210828NCHH0,7.0,bottom,,76118,65703,1,242.0,145.481,Fastball,,,,0-0,found_with_location,1,210828_202637,210828_202637,76,8,1,H,149,0-0,3.519,5.019,False,match,0.286494,1.4167,3.04684,1.34507,True,uncertain_speed_conflict,056-01,TrackMan: 투수·타자 ID/반이닝/1구; TM−1.5km/h 기준 구속 ±3km/h 별도 대조; 카운트 연결 조건 아님; 네이버−TrackMan 구속=+3.519km/h; 기대 편차=+5.019km/h; 카운트=match,210828_202637,7,1,-131.214,-2.25016,2.6325,4.9294,50.0,-1.12524,5.16945,31.3349,-22.1122,L
394,half_short,20210828NCHH0,9.0,top,,62611,61869,1,270.0,144.072,Fastball,,,,0-0,found_with_location,1,210828_204545,210828_204545,90,1,1,T,141,0-1,-3.072,-1.572,True,match,-0.417991,1.4167,3.51645,1.77468,True,yes,057-01,TrackMan: 투수·타자 ID/반이닝/1구; TM−1.5km/h 기준 구속 ±3km/h 별도 대조; 카운트 연결 조건 아님; 네이버−TrackMan 구속=-3.072km/h; 기대 편차=-1.572km/h; 카운트=match,210828_204545,9,1,-130.02,-8.24397,-6.41358,6.07334,50.0,1.05782,13.5101,30.6208,-12.3371,L
395,half_short,20210828NCHH0,9.0,top,,62611,61869,2,271.0,132.594,Slider,,,,0-1,found_with_location,1,210828_204602,210828_204602,90,1,2,S,132,0-2,-0.594,0.906,True,match,-0.735618,1.4167,3.51645,1.77468,True,yes,057-02,TrackMan: 투수·타자 ID/반이닝/2구; TM−1.5km/h 기준 구속 ±3km/h 별도 대조; 카운트 연결 조건 아님; 네이버−TrackMan 구속=-0.594km/h; 기대 편차=+0.906km/h; 카운트=match,210828_204602,9,2,-119.425,-5.75299,-5.769,6.17696,50.0,1.04576,7.4682,25.9186,-30.1489,L
396,half_short,20210828NCHH0,9.0,top,,62611,61869,3,272.0,133.261,Slider,,,,0-2,found_with_location,1,210828_204615,210828_204615,90,1,3,S,130,0-3,-3.261,-1.761,True,match,-1.23081,1.4167,3.51645,1.77468,True,yes,057-03,TrackMan: 투수·타자 ID/반이닝/3구; TM−1.5km/h 기준 구속 ±3km/h 별도 대조; 카운트 연결 조건 아님; 네이버−TrackMan 구속=-3.261km/h; 기대 편차=-1.761km/h; 카운트=match,210828_204615,9,3,-120.244,-5.75273,-7.21584,6.26634,50.0,1.02317,8.91879,25.3397,-28.8077,L
397,half_short,20210828NCHH0,9.0,top,,63961,62925,1,273.0,145.894,Fastball,,,,0-0,found_with_location,1,210828_204842,210828_204842,92,2,1,T,146,0-1,0.106,1.606,True,match,-0.14268,1.4167,3.17774,1.45809,True,no,,TrackMan: 투수·타자 ID/반이닝/1구; TM−1.5km/h 기준 구속 ±3km/h 별도 대조; 카운트 연결 조건 아님; 네이버−TrackMan 구속=+0.106km/h; 기대 편차=+1.606km/h; 카운트=match,210828_204842,9,1,-131.302,-6.92175,1.87521,5.78718,50.0,-0.851465,-0.272368,32.894,-13.562,R
398,half_short,20210828NCHH0,9.0,top,,63961,62925,2,274.0,146.053,Fastball,,,,0-1,found_with_location,1,210828_204900,210828_204900,92,2,2,B,146,1-1,-0.053,1.447,True,match,-1.06172,1.4167,3.17774,1.45809,True,no,,TrackMan: 투수·타자 ID/반이닝/2구; TM−1.5km/h 기준 구속 ±3km/h 별도 대조; 카운트 연결 조건 아님; 네이버−TrackMan 구속=-0.053km/h; 기대 편차=+1.447km/h; 카운트=match,210828_204900,9,2,-131.035,-6.62026,-0.617306,5.88468,50.0,-0.980604,2.10238,31.1464,-12.0274,R
399,half_short,20210828NCHH0,9.0,top,,63961,62925,3,275.0,147.241,Fastball,,,,1-1,found_with_location,1,210828_204919,210828_204919,92,2,3,H,147,1-1,-0.241,1.259,True,match,-0.04962,1.4167,3.17774,1.45809,True,no,,TrackMan: 투수·타자 ID/반이닝/3구; TM−1.5km/h 기준 구속 ±3km/h 별도 대조; 카운트 연결 조건 아님; 네이버−TrackMan 구속=-0.241km/h; 기대 편차=+1.259km/h; 카운트=match,210828_204919,9,3,-132.737,-4.40821,0.719358,5.93668,50.0,-0.675118,4.68776,34.7262,-11.0409,R
400,half_short,20210828NCHH0,9.0,top,,63961,78361,1,276.0,147.797,Fastball,,,,0-0,found_with_location,1,210828_205003,210828_205003,93,3,1,T,147,0-1,-0.797,0.703,True,match,-0.935948,1.4167,3.39247,1.67008,True,no,,TrackMan: 투수·타자 ID/반이닝/1구; TM−1.5km/h 기준 구속 ±3km/h 별도 대조; 카운트 연결 조건 아님; 네이버−TrackMan 구속=-0.797km/h; 기대 편차=+0.703km/h; 카운트=match,210828_205003,9,1,-133.071,-8.96227,-0.752437,5.77618,50.0,-0.822414,2.38393,30.4213,-8.41251,L
401,half_short,20210828NCHH0,9.0,top,,63961,78361,2,277.0,148.592,Fastball,,,,0-1,found_with_location,1,210828_205021,210828_205021,93,3,2,H,148,0-1,-0.592,0.908,True,match,0.181772,1.4167,3.39247,1.67008,True,no,,TrackMan: 투수·타자 ID/반이닝/2구; TM−1.5km/h 기준 구속 ±3km/h 별도 대조; 카운트 연결 조건 아님; 네이버−TrackMan 구속=-0.592km/h; 기대 편차=+0.908km/h; 카운트=match,210828_205021,9,2,-133.35,-5.60544,1.90739,5.9184,50.0,-0.830892,4.00346,28.3514,-10.7426,L
402,captured,20240724WOOB0,4,bottom,4회말 양의지(하영민),,,1,,,,볼(카운트로 추정),-,-,0-0,not_in_naver,0,,,,,,,,,,,,unavailable,,,,,False,not_applicable,,"캡처: 4회말 양의지(하영민) 1구; 호출=B; 구속=-; 예상 뒤 카운트=('1', '0'); 카운트=unavailable",,,,,,,,,,,,,
403,captured,20240724WOOB0,5,top,5회초 이주형(곽빈),,,4,,,,파울,151,직구(포심),1-2,not_in_naver,0,,,,,,,,,,,,unavailable,,,,,False,not_applicable,,"캡처: 5회초 이주형(곽빈) 4구; 호출=F; 구속=151; 예상 뒤 카운트=('1', '2'); 카운트=unavailable",,,,,,,,,,,,,
404,captured,20240724WOOB0,5,top,5회초 이주형(곽빈),,,5,,,,타격(1루수 병살타),화면에 없음,체인지업,1-2,not_in_naver,0,,,,,,,,,,,,unavailable,,,,,False,not_applicable,,"캡처: 5회초 이주형(곽빈) 5구; 호출=H; 구속=화면에 없음; 예상 뒤 카운트=('1', '2'); 카운트=unavailable",,,,,,,,,,,,,
405,captured,20240724WOOB0,7,top,7회초 김건희(김강률),,,1,,,,스트라이크(루킹),144,직구(포심),0-0,not_in_naver,0,,,,,,,,,,,,unavailable,,,,,False,not_applicable,,"캡처: 7회초 김건희(김강률) 1구; 호출=T; 구속=144; 예상 뒤 카운트=('0', '1'); 카운트=unavailable",,,,,,,,,,,,,
406,captured,20240724WOOB0,7,top,7회초 김건희(김강률),,,2,,,,볼(바깥쪽),145,직구(포심),0-1,not_in_naver,0,,,,,,,,,,,,unavailable,,,,,False,not_applicable,,"캡처: 7회초 김건희(김강률) 2구; 호출=B; 구속=145; 예상 뒤 카운트=('1', '1'); 카운트=unavailable",,,,,,,,,,,,,
407,captured,20240404LTHH0,7,top,7회초 노진혁(주현상),,,1,,,,스트라이크(루킹),화면에 없음,체인지업,0-0,not_in_naver,0,,,,,,,,,,,,unavailable,,,,,False,not_applicable,,"캡처: 7회초 노진혁(주현상) 1구; 호출=T; 구속=화면에 없음; 예상 뒤 카운트=('0', '1'); 카운트=unavailable",,,,,,,,,,,,,
408,captured,20240404LTHH0,7,top,7회초 노진혁(주현상),,,2,,,,볼,화면에 없음,커브,0-1,not_in_naver,0,,,,,,,,,,,,unavailable,,,,,False,not_applicable,,"캡처: 7회초 노진혁(주현상) 2구; 호출=B; 구속=화면에 없음; 예상 뒤 카운트=('1', '1'); 카운트=unavailable",,,,,,,,,,,,,
