game_id,season,inning,half,pa_no,pa_order_in_half,pa_title,batter_id,batter_name,pitcher_id,pitcher_name,seqno,pitchNum,ptsPitchId,pitchResult,call_word,speed_kmh,pitch_type,ball_after,strike_after,pts_present,pitchId,inn,ballcount,crossPlateX,crossPlateY,topSz,bottomSz,vy0,vz0,vx0,z0,y0,x0,ax,ay,az,stance
20250809OBWO0,2025,1,top,1,1,1번타자 정수빈,79231,정수빈,55342,메르세데스,2,1,250809_180018,T,스트라이크,142,직구,0,1,True,250809_180018,1,1,-0.25118,0.7083,3.219,1.561,-128.423,-4.36104,-6.53625,5.5142,50.0,1.95803,5.2202,30.0084,-12.6937,L
20250809OBWO0,2025,1,top,1,1,1번타자 정수빈,79231,정수빈,55342,메르세데스,3,2,250809_180030,F,파울,141,직구,0,2,True,250809_180030,1,2,0.985634,0.7083,3.219,1.561,-127.761,-3.67399,-5.11966,5.51842,50.0,2.20679,10.372,27.3386,-16.684,L
20250809OBWO0,2025,1,top,1,1,1번타자 정수빈,79231,정수빈,55342,메르세데스,4,3,250809_180054,B,볼,132,슬라이더,1,2,True,250809_180054,1,3,-1.35722,0.7083,3.219,1.561,-118.701,-5.65077,-7.95622,5.59463,50.0,1.92927,1.82206,24.4351,-22.2684,L
20250809OBWO0,2025,1,top,1,1,1번타자 정수빈,79231,정수빈,55342,메르세데스,5,4,250809_180106,H,타격,143,직구,1,2,True,250809_180106,1,4,1.0962,0.7083,3.219,1.561,-129.776,-4.31452,-3.95814,5.57302,50.0,2.26503,5.15596,31.2287,-12.9575,L
20250809OBWO0,2025,1,top,2,2,2번타자 이유찬,67207,이유찬,55342,메르세데스,8,1,250809_180140,B,볼,144,직구,1,0,True,250809_180140,1,1,0.98775,0.7083,3.239,1.571,-129.889,-6.0962,-4.03287,5.4915,50.0,2.22787,4.58095,28.9043,-12.8889,R
20250809OBWO0,2025,1,top,2,2,2번타자 이유찬,67207,이유찬,55342,메르세데스,9,2,250809_180153,B,볼,144,직구,2,0,True,250809_180153,1,2,-1.15051,0.7083,3.239,1.571,-129.277,-6.6785,-8.84289,5.55112,50.0,1.98041,4.96134,28.2349,-11.345,R
20250809OBWO0,2025,1,top,2,2,2번타자 이유찬,67207,이유찬,55342,메르세데스,10,3,250809_180204,H,타격,143,직구,2,0,True,250809_180204,1,3,-0.317354,0.7083,3.239,1.571,-129.295,-6.62617,-7.16817,5.59811,50.0,2.08186,5.83834,30.0303,-11.6047,R
20250809OBWO0,2025,1,top,3,3,3번타자 케이브,55208,케이브,55342,메르세데스,13,1,250809_180249,T,스트라이크,142,직구,0,1,True,250809_180249,1,1,0.330594,0.7083,3.376,1.638,-128.051,-6.28075,-5.80007,5.50734,50.0,2.26779,4.87295,26.7791,-13.6593,L
20250809OBWO0,2025,1,top,3,3,3번타자 케이브,55208,케이브,55342,메르세데스,14,2,250809_180308,H,타격,141,직구,0,1,True,250809_180308,1,2,0.892281,0.7083,3.376,1.638,-126.921,-4.55415,-4.31603,5.65318,50.0,2.30269,4.14096,26.8348,-12.9209,L
20250809OBWO0,2025,1,bottom,5,1,1번타자 송성문,65357,송성문,55268,최민석,19,1,250809_180531,T,스트라이크,144,투심,0,1,True,250809_180531,1,1,-0.750238,0.7083,3.331,1.615,-129.162,-4.78966,2.21659,5.55664,50.0,-0.906266,-9.09408,32.7871,-15.6947,L
20250809OBWO0,2025,1,bottom,5,1,1번타자 송성문,65357,송성문,55268,최민석,20,2,250809_180548,B,볼,145,투심,1,1,True,250809_180548,1,2,-0.023115,0.7083,3.331,1.615,-129.805,-6.98136,5.58114,5.34676,50.0,-0.985145,-15.876,33.5313,-17.6305,L
20250809OBWO0,2025,1,bottom,5,1,1번타자 송성문,65357,송성문,55268,최민석,21,3,250809_180613,B,볼,137,포크,2,1,True,250809_180613,1,3,0.296638,0.7083,3.331,1.615,-123.269,-7.36702,4.43045,5.51277,50.0,-1.00135,-6.40487,29.6586,-28.2719,L
20250809OBWO0,2025,1,bottom,5,1,1번타자 송성문,65357,송성문,55268,최민석,22,4,250809_180632,T,스트라이크,133,슬라이더,2,2,True,250809_180632,1,4,-0.86372,0.7083,3.331,1.615,-119.592,-1.96015,-0.315866,5.69572,50.0,-1.04771,3.39295,29.229,-22.0316,L
20250809OBWO0,2025,1,bottom,5,1,1번타자 송성문,65357,송성문,55268,최민석,23,5,250809_180651,H,타격,144,투심,2,2,True,250809_180651,1,5,0.398579,0.7083,3.331,1.615,-130.487,-2.68068,5.55346,5.53189,50.0,-0.794842,-12.85,36.4303,-18.6444,L
20250809OBWO0,2025,1,bottom,6,2,2번타자 임지열,64340,임지열,55268,최민석,26,1,250809_180733,B,볼,145,투심,1,0,True,250809_180733,1,1,1.27173,0.7083,3.292,1.597,-130.326,-4.50654,7.42337,5.57328,50.0,-0.68529,-12.5798,31.8559,-19.0013,R
20250809OBWO0,2025,1,bottom,6,2,2번타자 임지열,64340,임지열,55268,최민석,27,2,250809_180746,S,헛스윙,145,투심,1,1,True,250809_180746,1,2,-0.52161,0.7083,3.292,1.597,-130.011,-5.55074,2.3543,5.61765,50.0,-0.650573,-10.2033,30.9007,-17.022,R
20250809OBWO0,2025,1,bottom,6,2,2번타자 임지열,64340,임지열,55268,최민석,28,3,250809_180800,B,볼,129,슬라이더,2,1,True,250809_180800,1,3,-0.56339,0.7083,3.292,1.597,-115.845,1.70504,0.472611,5.68181,50.0,-1.05043,2.77818,23.8483,-24.474,R
20250809OBWO0,2025,1,bottom,6,2,2번타자 임지열,64340,임지열,55268,최민석,29,4,250809_180814,B,볼,131,슬라이더,3,1,True,250809_180814,1,4,1.17916,0.7083,3.292,1.597,-117.24,-2.3237,2.27879,5.4975,50.0,-0.912778,11.005,27.3477,-19.9138,R
20250809OBWO0,2025,1,bottom,6,2,2번타자 임지열,64340,임지열,55268,최민석,31,5,250809_180829,T,스트라이크,144,투심,3,2,True,250809_180829,1,5,0.372313,0.7083,3.292,1.597,-129.793,-4.42378,3.919,5.61837,50.0,-0.514421,-8.51389,33.5162,-19.5589,R
20250809OBWO0,2025,1,bottom,6,2,2번타자 임지열,64340,임지열,55268,최민석,32,6,250809_180853,S,헛스윙,130,슬라이더,3,3,True,250809_180853,1,6,1.2004,0.7083,3.292,1.597,-117.962,-5.26022,2.3812,5.43674,50.0,-0.926524,10.9796,29.4392,-20.5349,R
20250809OBWO0,2025,1,bottom,7,3,3번타자 최주환,76267,최주환,55268,최민석,35,1,250809_180925,T,스트라이크,143,투심,0,1,True,250809_180925,1,1,-0.075796,0.7083,3.228,1.566,-128.87,-2.1249,4.14006,5.55937,50.0,-0.906028,-10.3223,32.1942,-20.2488,L
20250809OBWO0,2025,1,bottom,7,3,3번타자 최주환,76267,최주환,55268,최민석,36,2,250809_180938,B,볼,132,슬라이더,1,1,True,250809_180938,1,2,-0.984034,0.7083,3.228,1.566,-118.549,-0.577061,-0.312811,5.61715,50.0,-1.14541,3.1106,27.4554,-26.0867,L
20250809OBWO0,2025,1,bottom,7,3,3번타자 최주환,76267,최주환,55268,최민석,37,3,250809_180953,H,타격,133,슬라이더,1,1,True,250809_180953,1,3,0.176685,0.7083,3.228,1.566,-119.552,-4.29727,1.9781,5.41912,50.0,-1.03564,3.74987,27.753,-26.9898,L
20250809OBWO0,2025,1,bottom,8,4,4번타자 카디네스,54444,카디네스,55268,최민석,40,1,250809_181039,F,파울,130,슬라이더,0,1,True,250809_181039,1,1,0.001986,0.7083,3.4,1.649,-116.097,-1.01788,0.594408,5.50613,50.0,-1.04955,7.6921,30.4585,-25.4965,R
20250809OBWO0,2025,1,bottom,8,4,4번타자 카디네스,54444,카디네스,55268,최민석,41,2,250809_181100,F,파울,145,투심,0,2,True,250809_181100,1,2,-0.336213,0.7083,3.4,1.649,-130.7,-2.26944,3.01491,5.71265,50.0,-0.726332,-10.2701,29.297,-18.6733,R
20250809OBWO0,2025,1,bottom,8,4,4번타자 카디네스,54444,카디네스,55268,최민석,42,3,250809_181129,B,볼,132,슬라이더,1,2,True,250809_181129,1,3,1.60115,0.7083,3.4,1.649,-118.603,-4.04201,3.98479,5.40093,50.0,-0.950625,8.3016,29.1591,-19.5908,R
20250809OBWO0,2025,1,bottom,8,4,4번타자 카디네스,54444,카디네스,55268,최민석,43,4,250809_181144,B,볼,145,투심,2,2,True,250809_181144,1,4,1.01652,0.7083,3.4,1.649,-130.623,-3.75326,7.65804,5.49414,50.0,-0.734735,-16.3676,33.6554,-21.9616,R
20250809OBWO0,2025,1,bottom,8,4,4번타자 카디네스,54444,카디네스,55268,최민석,44,5,250809_181202,B,볼,145,투심,3,2,True,250809_181202,1,5,-0.279729,0.7083,3.4,1.649,-130.336,-0.694972,3.9789,5.72995,50.0,-0.711687,-14.5749,30.36,-14.9843,R
20250809OBWO0,2025,1,bottom,8,4,4번타자 카디네스,54444,카디네스,55268,최민석,45,6,250809_181222,F,파울,144,투심,3,2,True,250809_181222,1,6,-0.48576,0.7083,3.4,1.649,-128.778,-4.91638,3.7508,5.54895,50.0,-0.98323,-12.5267,28.5749,-16.1355,R
20250809OBWO0,2025,1,bottom,8,4,4번타자 카디네스,54444,카디네스,55268,최민석,46,7,250809_181247,B,볼,142,투심,4,2,True,250809_181247,1,7,-1.63564,0.7083,3.4,1.649,-126.973,2.40628,-0.307579,5.73263,50.0,-0.843827,-8.11942,26.5287,-24.4772,R
20250809OBWO0,2025,1,bottom,9,5,5번타자 김태진,64984,김태진,55268,최민석,49,1,250809_181326,H,타격,141,투심,0,0,True,250809_181326,1,1,-0.274967,0.7083,3.12,1.513,-126.531,-3.63025,4.08382,5.59505,50.0,-0.943165,-11.9808,29.4144,-19.107,L
20250809OBWO0,2025,2,top,11,1,4번타자 양의지,76232,양의지,55342,메르세데스,53,1,250809_181558,T,스트라이크,144,직구,0,1,True,250809_181558,2,1,-0.102469,0.7083,3.325,1.613,-130.546,-7.36695,-6.37564,5.60232,50.0,2.02755,5.07342,31.72,-9.68609,R
20250809OBWO0,2025,2,top,11,1,4번타자 양의지,76232,양의지,55342,메르세데스,54,2,250809_181617,B,볼,138,투심,1,1,True,250809_181617,2,2,0.558252,0.7083,3.325,1.613,-125.458,-6.1299,-6.06595,5.5689,50.0,1.89978,13.6473,30.1782,-20.0469,R
20250809OBWO0,2025,2,top,11,1,4번타자 양의지,76232,양의지,55342,메르세데스,55,3,250809_181628,T,스트라이크,134,투심,1,2,True,250809_181628,2,3,0.765585,0.7083,3.325,1.613,-121.24,-4.91768,-4.36567,5.48499,50.0,2.11081,5.75931,31.005,-19.8094,R
20250809OBWO0,2025,2,top,11,1,4번타자 양의지,76232,양의지,55342,메르세데스,56,4,250809_181655,B,볼,145,직구,2,2,True,250809_181655,2,4,-1.01086,0.7083,3.325,1.613,-131.133,-8.32387,-9.15919,5.34442,50.0,1.76184,10.8442,32.3702,-14.7692,R
20250809OBWO0,2025,2,top,11,1,4번타자 양의지,76232,양의지,55342,메르세데스,57,5,250809_181715,B,볼,144,직구,3,2,True,250809_181715,2,5,-1.38488,0.7083,3.325,1.613,-129.771,-4.29495,-10.1427,5.65181,50.0,1.97986,8.5723,31.2813,-12.0828,R
20250809OBWO0,2025,2,top,11,1,4번타자 양의지,76232,양의지,55342,메르세데스,58,6,250809_181751,S,헛스윙,145,직구,3,3,True,250809_181751,2,6,-0.185365,0.7083,3.325,1.613,-130.368,-5.35418,-5.66708,5.41538,50.0,1.99606,0.944481,32.9673,-18.0155,R
20250809OBWO0,2025,2,top,12,2,5번타자 박준순,55252,박준순,55342,메르세데스,61,1,250809_181830,T,스트라이크,119,커브,0,1,True,250809_181830,2,1,0.069413,0.7083,3.27,1.586,-107.306,0.946155,-2.67165,5.8788,50.0,2.08583,-6.14148,23.1589,-32.4109,R
20250809OBWO0,2025,2,top,12,2,5번타자 박준순,55252,박준순,55342,메르세데스,62,2,250809_181840,F,파울,139,직구,0,2,True,250809_181840,2,2,-0.070401,0.7083,3.27,1.586,-125.923,-3.13351,-6.89369,5.51051,50.0,2.03262,8.66897,29.9242,-19.078,R
20250809OBWO0,2025,2,top,12,2,5번타자 박준순,55252,박준순,55342,메르세데스,63,3,250809_181854,B,볼,137,직구,1,2,True,250809_181854,2,3,1.92438,0.7083,3.27,1.586,-123.482,-4.16546,-2.10226,5.5079,50.0,1.90247,10.2634,28.934,-18.6838,R
20250809OBWO0,2025,2,top,12,2,5번타자 박준순,55252,박준순,55342,메르세데스,64,4,250809_181913,B,볼,144,투심,2,2,True,250809_181913,2,4,-1.69501,0.7083,3.27,1.586,-129.842,-5.2187,-10.5474,5.45467,50.0,2.01063,6.14501,29.095,-15.9,R
20250809OBWO0,2025,2,top,12,2,5번타자 박준순,55252,박준순,55342,메르세데스,65,5,250809_181924,H,타격,135,투심,2,2,True,250809_181924,2,5,0.439068,0.7083,3.27,1.586,-122.145,-4.9709,-4.27583,5.48822,50.0,1.85911,4.43857,30.8705,-15.698,R
20250809OBWO0,2025,2,top,13,3,6번타자 오명진,50208,오명진,55342,메르세데스,68,1,250809_182011,S,헛스윙,130,슬라이더,0,1,True,250809_182011,2,1,-0.230502,0.7083,3.29,1.596,-117.478,-2.89046,-4.86323,5.64238,50.0,2.08627,-1.75988,26.0615,-26.7498,L
20250809OBWO0,2025,2,top,13,3,6번타자 오명진,50208,오명진,55342,메르세데스,69,2,250809_182028,B,볼,129,슬라이더,1,1,True,250809_182028,2,2,-1.22117,0.7083,3.29,1.596,-116.36,-3.42386,-7.21359,5.69366,50.0,2.01818,-0.382531,23.8928,-28.9533,L
20250809OBWO0,2025,2,top,13,3,6번타자 오명진,50208,오명진,55342,메르세데스,70,3,250809_182045,F,파울,137,투심,1,2,True,250809_182045,2,3,1.71339,0.7083,3.29,1.596,-123.902,-2.06274,-4.18839,5.63747,50.0,2.19402,14.5693,26.7764,-21.5927,L
20250809OBWO0,2025,2,top,13,3,6번타자 오명진,50208,오명진,55342,메르세데스,72,4,250809_182146,S,헛스윙,130,슬라이더,1,3,True,250809_182146,2,4,-0.509118,0.7083,3.29,1.596,-118.274,-4.82978,-4.98554,5.68345,50.0,2.03207,-3.62696,27.8077,-25.3733,L
20250809OBWO0,2025,2,top,14,4,7번타자 박계범,64468,박계범,55342,메르세데스,75,1,250809_182215,T,스트라이크,139,직구,0,1,True,250809_182215,2,1,0.424295,0.7083,3.283,1.592,-125.463,-4.33153,-5.55451,5.51255,50.0,2.25116,5.35393,25.3589,-14.6847,R
20250809OBWO0,2025,2,top,14,4,7번타자 박계범,64468,박계범,55342,메르세데스,76,2,250809_182232,T,스트라이크,121,커브,0,2,True,250809_182232,2,2,0.588137,0.7083,3.283,1.592,-108.761,-0.252669,-1.8341,5.89842,50.0,2.27451,-7.1261,22.8764,-29.9715,R
20250809OBWO0,2025,2,top,14,4,7번타자 박계범,64468,박계범,55342,메르세데스,77,3,250809_182252,F,파울,144,직구,0,2,True,250809_182252,2,3,-0.941572,0.7083,3.283,1.592,-129.56,-5.65152,-8.10589,5.47304,50.0,1.97812,3.83573,28.0977,-17.5619,R
20250809OBWO0,2025,2,top,14,4,7번타자 박계범,64468,박계범,55342,메르세데스,78,4,250809_182315,H,타격,131,슬라이더,0,2,True,250809_182315,2,4,-0.068762,0.7083,3.283,1.592,-117.519,-4.49056,-4.50887,5.52133,50.0,1.99945,-0.907212,24.1757,-27.4249,R
20250809OBWO0,2025,2,bottom,16,1,6번타자 이주형,50167,이주형,55268,최민석,82,1,250809_182529,T,스트라이크,130,슬라이더,0,1,True,250809_182529,2,1,0.104401,0.7083,3.325,1.613,-116.796,0.032826,-0.415234,5.61001,50.0,-1.11561,14.2508,25.9761,-22.9653,L
20250809OBWO0,2025,2,bottom,16,1,6번타자 이주형,50167,이주형,55268,최민석,83,2,250809_182542,T,스트라이크,133,슬라이더,0,2,True,250809_182542,2,2,-0.833432,0.7083,3.325,1.613,-119.815,-2.11155,-1.30992,5.54462,50.0,-1.11724,9.05105,28.7123,-23.0317,L
20250809OBWO0,2025,2,bottom,16,1,6번타자 이주형,50167,이주형,55268,최민석,84,3,250809_182557,F,파울,143,투심,0,2,True,250809_182557,2,3,-0.755999,0.7083,3.325,1.613,-128.234,-2.44319,2.21085,5.55385,50.0,-0.980276,-8.24284,25.8816,-20.3261,L
20250809OBWO0,2025,2,bottom,16,1,6번타자 이주형,50167,이주형,55268,최민석,85,4,250809_182615,B,볼,143,투심,1,2,True,250809_182615,2,4,1.49729,0.7083,3.325,1.613,-128.891,-4.44383,8.19104,5.39879,50.0,-0.752067,-12.8968,30.568,-22.5192,L
20250809OBWO0,2025,2,bottom,17,2,7번타자 어준서,55392,어준서,55268,최민석,88,1,250809_182659,B,볼,140,투심,1,0,True,250809_182659,2,1,-2.01807,0.7083,3.351,1.625,-126.223,0.527975,-0.580615,5.62917,50.0,-1.09548,-8.11204,30.2061,-21.8657,L
20250809OBWO0,2025,2,bottom,17,2,7번타자 어준서,55392,어준서,55268,최민석,89,2,250809_182721,W,번트파울,141,투심,1,1,True,250809_182721,2,2,-1.21962,0.7083,3.351,1.625,-126.93,-4.64387,2.36339,5.62889,50.0,-1.04977,-13.6121,30.4855,-20.402,L
20250809OBWO0,2025,2,bottom,17,2,7번타자 어준서,55392,어준서,55268,최민석,90,3,250809_182751,B,볼,142,투심,2,1,True,250809_182751,2,3,-0.760915,0.7083,3.351,1.625,-127.837,-1.84949,3.24516,5.70139,50.0,-1.04263,-12.5495,32.8024,-16.5978,L
20250809OBWO0,2025,2,bottom,17,2,7번타자 어준서,55392,어준서,55268,최민석,91,4,250809_182815,W,번트파울,130,슬라이더,2,2,True,250809_182815,2,4,0.058779,0.7083,3.351,1.625,-116.824,-0.276137,0.559576,5.51773,50.0,-1.23111,10.4126,29.2158,-23.7449,L
20250809OBWO0,2025,2,bottom,17,2,7번타자 어준서,55392,어준서,55268,최민석,92,5,250809_182846,B,볼,135,포크,3,2,True,250809_182846,2,5,-0.666138,0.7083,3.351,1.625,-121.17,-3.68345,2.00054,5.59092,50.0,-0.965309,-6.09526,25.6159,-28.0233,L
20250809OBWO0,2025,2,bottom,17,2,7번타자 어준서,55392,어준서,55268,최민석,94,6,250809_182923,F,파울,131,슬라이더,3,2,True,250809_182923,2,6,-0.736768,0.7083,3.351,1.625,-117.397,-1.77244,1.10855,5.59625,50.0,-1.29596,0.679716,28.7338,-24.0507,L
20250809OBWO0,2025,2,bottom,17,2,7번타자 어준서,55392,어준서,55268,최민석,96,7,250809_183021,H,타격,132,슬라이더,3,2,True,250809_183021,2,7,-0.021755,0.7083,3.351,1.625,-119.065,-1.26433,0.628473,5.53372,50.0,-1.28496,10.3792,28.1513,-18.9218,L
20250809OBWO0,2025,2,bottom,18,3,8번타자 김재현,62332,김재현,55268,최민석,99,1,250809_183108,T,스트라이크,143,투심,0,1,True,250809_183108,2,1,0.418237,0.7083,3.258,1.58,-128.818,-2.55346,6.19962,5.61074,50.0,-0.76974,-16.1426,30.4193,-20.1707,R
20250809OBWO0,2025,2,bottom,18,3,8번타자 김재현,62332,김재현,55268,최민석,100,2,250809_183125,B,볼,141,투심,1,1,True,250809_183125,2,2,0.928193,0.7083,3.258,1.58,-126.769,-3.66146,5.90839,5.55991,50.0,-0.643617,-10.0492,27.3575,-16.3639,R
20250809OBWO0,2025,2,bottom,18,3,8번타자 김재현,62332,김재현,55268,최민석,101,3,250809_183142,F,파울,130,슬라이더,1,2,True,250809_183142,2,3,0.854662,0.7083,3.258,1.58,-117.02,-3.16665,3.1082,5.49199,50.0,-1.0629,5.3983,28.0826,-21.9423,R
20250809OBWO0,2025,2,bottom,18,3,8번타자 김재현,62332,김재현,55268,최민석,103,4,250809_183224,T,스트라이크,129,슬라이더,1,3,True,250809_183224,2,4,0.651896,0.7083,3.258,1.58,-115.963,-3.1859,4.18511,5.45838,50.0,-1.01305,-2.1412,28.0674,-22.7057,R
20250809OBWO0,2025,2,bottom,19,4,9번타자 박주홍,50357,박주홍,55268,최민석,106,1,250809_183307,T,스트라이크,141,투심,0,1,True,250809_183307,2,1,0.638229,0.7083,3.433,1.665,-127.234,-4.64875,6.99084,5.36606,50.0,-0.819711,-16.7538,32.6679,-18.7908,L
20250809OBWO0,2025,2,bottom,19,4,9번타자 박주홍,50357,박주홍,55268,최민석,108,2,250809_183339,T,스트라이크,135,포크,0,2,True,250809_183339,2,2,-0.747244,0.7083,3.433,1.665,-120.823,-1.45563,1.90642,5.62489,50.0,-0.784335,-8.52203,25.2585,-28.9852,L
20250809OBWO0,2025,2,bottom,19,4,9번타자 박주홍,50357,박주홍,55268,최민석,109,3,250809_183358,B,볼,135,포크,1,2,True,250809_183358,2,3,-0.333192,0.7083,3.433,1.665,-121.361,-6.63601,3.83733,5.51719,50.0,-0.909447,-11.6644,26.5853,-26.0624,L
20250809OBWO0,2025,2,bottom,19,4,9번타자 박주홍,50357,박주홍,55268,최민석,110,4,250809_183420,S,헛스윙,131,슬라이더,1,3,True,250809_183420,2,4,1.05469,0.7083,3.433,1.665,-117.966,-2.69691,4.01243,5.5016,50.0,-0.934575,2.37277,25.7132,-24.0868,L
20250809OBWO0,2025,3,top,21,1,8번타자 강승호,63123,강승호,55342,메르세데스,114,1,250809_183626,F,파울,128,슬라이더,0,1,True,250809_183626,3,1,1.20662,0.7083,3.289,1.595,-115.311,-3.45535,-2.34848,5.80599,50.0,2.22548,0.372605,25.5494,-24.8655,R
20250809OBWO0,2025,3,top,21,1,8번타자 강승호,63123,강승호,55342,메르세데스,115,2,250809_183643,H,타격,141,직구,0,1,True,250809_183643,3,2,-0.747654,0.7083,3.289,1.595,-127.52,-2.76333,-8.15024,5.57316,50.0,2.0431,6.19579,28.2059,-18.6863,R
20250809OBWO0,2025,3,top,22,2,9번타자 김민석,53554,김민석,55342,메르세데스,118,1,250809_183806,T,스트라이크,141,직구,0,1,True,250809_183806,3,1,-0.347752,0.7083,3.387,1.643,-127.271,-6.344,-7.42932,5.51385,50.0,2.1658,6.22649,31.8344,-14.0168,L
20250809OBWO0,2025,3,top,22,2,9번타자 김민석,53554,김민석,55342,메르세데스,119,2,250809_183829,B,볼,128,슬라이더,1,1,True,250809_183829,3,2,-0.292954,0.7083,3.387,1.643,-115.129,-5.66963,-5.62327,5.62702,50.0,2.18398,0.5118,24.5256,-25.5434,L
20250809OBWO0,2025,3,top,22,2,9번타자 김민석,53554,김민석,55342,메르세데스,120,3,250809_183851,S,헛스윙,136,투심,1,2,True,250809_183851,3,3,1.41794,0.7083,3.387,1.643,-122.691,-3.02869,-3.89086,5.75507,50.0,2.10757,10.6891,28.9472,-13.7057,L
20250809OBWO0,2025,3,top,22,2,9번타자 김민석,53554,김민석,55342,메르세데스,121,4,250809_183913,F,파울,127,슬라이더,1,2,True,250809_183913,3,4,-0.447744,0.7083,3.387,1.643,-115.001,-4.00683,-5.8573,5.61676,50.0,2.19481,0.070001,26.7027,-26.4966,L
20250809OBWO0,2025,3,top,22,2,9번타자 김민석,53554,김민석,55342,메르세데스,122,5,250809_183942,F,파울,126,슬라이더,1,2,True,250809_183942,3,5,-0.176975,0.7083,3.387,1.643,-113.185,-1.84061,-3.95258,5.72168,50.0,2.01722,-3.69664,23.6267,-27.5756,L
20250809OBWO0,2025,3,top,22,2,9번타자 김민석,53554,김민석,55342,메르세데스,123,6,250809_184015,B,볼,141,직구,2,2,True,250809_184015,3,6,1.30751,0.7083,3.387,1.643,-127.717,-3.53437,-2.78193,5.58809,50.0,2.22313,2.58556,30.4728,-11.821,L
20250809OBWO0,2025,3,top,22,2,9번타자 김민석,53554,김민석,55342,메르세데스,124,7,250809_184039,S,헛스윙,123,커브,2,3,True,250809_184039,3,7,-0.451898,0.7083,3.387,1.643,-110.972,-2.26727,-4.26747,5.58767,50.0,2.11319,-4.99565,26.9657,-27.6362,L
20250809OBWO0,2025,3,top,23,3,1번타자 정수빈,79231,정수빈,55342,메르세데스,127,1,250809_184109,T,스트라이크,122,커브,0,1,True,250809_184109,3,1,-0.633675,0.7083,3.219,1.561,-109.314,0.117733,-4.00691,5.8402,50.0,2.14189,-7.63948,24.5203,-28.907,L
20250809OBWO0,2025,3,top,23,3,1번타자 정수빈,79231,정수빈,55342,메르세데스,128,2,250809_184126,S,헛스윙,139,직구,0,2,True,250809_184126,3,2,1.49332,0.7083,3.219,1.561,-125.968,-4.16115,-4.9751,5.5496,50.0,2.18792,16.0012,28.263,-20.3062,L
20250809OBWO0,2025,3,top,23,3,1번타자 정수빈,79231,정수빈,55342,메르세데스,130,3,250809_184203,H,타격,131,슬라이더,0,2,True,250809_184203,3,3,-0.986998,0.7083,3.219,1.561,-118.052,-3.96095,-6.42021,5.50729,50.0,1.80075,0.39032,27.4994,-28.782,L
20250809OBWO0,2025,3,top,24,4,2번타자 이유찬,67207,이유찬,55342,메르세데스,134,1,250809_184243,T,스트라이크,122,커브,0,1,True,250809_184243,3,1,0.039408,0.7083,3.239,1.571,-109.474,-0.573161,-2.52142,5.93461,50.0,2.06032,-7.30503,23.8854,-30.0944,R
20250809OBWO0,2025,3,top,24,4,2번타자 이유찬,67207,이유찬,55342,메르세데스,135,2,250809_184305,F,파울,133,체인지업,0,2,True,250809_184305,3,2,0.252963,0.7083,3.239,1.571,-120.331,-3.25247,-5.30155,5.4945,50.0,1.84173,7.55151,30.6153,-19.4157,R
20250809OBWO0,2025,3,top,24,4,2번타자 이유찬,67207,이유찬,55342,메르세데스,136,3,250809_184331,F,파울,131,슬라이더,0,2,True,250809_184331,3,3,-0.096054,0.7083,3.239,1.571,-117.528,-5.36582,-4.68183,5.35005,50.0,1.94576,0.194921,25.1659,-23.7203,R
20250809OBWO0,2025,3,top,24,4,2번타자 이유찬,67207,이유찬,55342,메르세데스,137,4,250809_184354,B,볼,143,직구,1,2,True,250809_184354,3,4,0.91997,0.7083,3.239,1.571,-129.075,-0.991808,-3.99581,5.64202,50.0,2.10317,5.19059,29.3243,-14.211,R
20250809OBWO0,2025,3,top,24,4,2번타자 이유찬,67207,이유찬,55342,메르세데스,138,5,250809_184417,F,파울,145,직구,1,2,True,250809_184417,3,5,-0.012388,0.7083,3.239,1.571,-131.082,-4.78355,-5.78024,5.46641,50.0,1.88017,5.00442,31.7732,-13.2858,R
20250809OBWO0,2025,3,top,24,4,2번타자 이유찬,67207,이유찬,55342,메르세데스,139,6,250809_184444,S,헛스윙,123,커브,1,3,True,250809_184444,3,6,0.515009,0.7083,3.239,1.571,-110.71,-4.30627,-1.95703,5.49155,50.0,2.13121,-6.444,22.0244,-28.0508,R
20250809OBWO0,2025,3,bottom,26,1,1번타자 송성문,65357,송성문,55268,최민석,143,1,250809_184707,T,스트라이크,143,투심,0,1,True,250809_184707,3,1,0.184457,0.7083,3.331,1.615,-128.471,-4.06572,5.07154,5.5343,50.0,-0.762627,-13.504,31.1898,-18.9359,L
20250809OBWO0,2025,3,bottom,26,1,1번타자 송성문,65357,송성문,55268,최민석,144,2,250809_184723,B,볼,134,포크,1,1,True,250809_184723,3,2,0.292688,0.7083,3.331,1.615,-120.881,-6.32511,3.42736,5.63467,50.0,-0.766761,-4.45969,27.4953,-26.4649,L
20250809OBWO0,2025,3,bottom,26,1,1번타자 송성문,65357,송성문,55268,최민석,145,3,250809_184739,H,타격,129,슬라이더,1,1,True,250809_184739,3,3,0.099303,0.7083,3.331,1.615,-115.959,-0.007772,0.340108,5.64812,50.0,-0.883241,8.2281,27.6312,-23.6213,L
20250809OBWO0,2025,3,bottom,27,2,2번타자 임지열,64340,임지열,55268,최민석,148,1,250809_184833,S,헛스윙,128,슬라이더,0,1,True,250809_184833,3,1,0.475582,0.7083,3.292,1.597,-115.278,-1.13119,1.47579,5.69923,50.0,-0.853912,6.341,30.8936,-25.5862,R
20250809OBWO0,2025,3,bottom,27,2,2번타자 임지열,64340,임지열,55268,최민석,149,2,250809_184847,B,볼,131,슬라이더,1,1,True,250809_184847,3,2,2.36417,0.7083,3.292,1.597,-117.202,-3.86321,6.14014,5.63833,50.0,-0.654377,3.03202,26.9271,-21.104,R
20250809OBWO0,2025,3,bottom,27,2,2번타자 임지열,64340,임지열,55268,최민석,150,3,250809_184906,B,볼,130,슬라이더,2,1,True,250809_184906,3,3,0.920393,0.7083,3.292,1.597,-115.926,0.326244,1.8744,5.58424,50.0,-0.911324,9.95323,25.2113,-25.654,R
20250809OBWO0,2025,3,bottom,27,2,2번타자 임지열,64340,임지열,55268,최민석,151,4,250809_184922,F,파울,142,투심,2,2,True,250809_184922,3,4,-0.539647,0.7083,3.292,1.597,-127.17,-1.98363,1.9128,5.73104,50.0,-0.656334,-8.00979,28.1336,-17.1434,R
20250809OBWO0,2025,3,bottom,27,2,2번타자 임지열,64340,임지열,55268,최민석,152,5,250809_184942,F,파울,131,슬라이더,2,2,True,250809_184942,3,5,-0.507359,0.7083,3.292,1.597,-116.949,-2.22995,1.79161,5.52477,50.0,-1.0645,-2.40969,25.5129,-19.6647,R
20250809OBWO0,2025,3,bottom,27,2,2번타자 임지열,64340,임지열,55268,최민석,153,6,250809_185002,S,헛스윙,131,슬라이더,2,3,True,250809_185002,3,6,1.83593,0.7083,3.292,1.597,-118.105,-3.93594,4.10654,5.48657,50.0,-0.749935,7.92294,29.3526,-19.6953,R
20250809OBWO0,2025,3,bottom,28,3,3번타자 최주환,76267,최주환,55268,최민석,157,1,250809_185045,B,볼,132,포크,1,0,True,250809_185045,3,1,-0.076043,0.7083,3.228,1.566,-119.345,-0.598802,1.80641,5.72974,50.0,-0.739196,-1.31492,29.3446,-19.5095,L
20250809OBWO0,2025,3,bottom,28,3,3번타자 최주환,76267,최주환,55268,최민석,158,2,250809_185103,B,볼,130,슬라이더,2,0,True,250809_185103,3,2,-0.926915,0.7083,3.228,1.566,-117.667,-0.067115,-1.9034,5.49373,50.0,-1.06255,9.93775,30.4587,-23.51,L
20250809OBWO0,2025,3,bottom,28,3,3번타자 최주환,76267,최주환,55268,최민석,159,3,250809_185124,B,볼,131,슬라이더,3,0,True,250809_185124,3,3,-0.19772,0.7083,3.228,1.566,-118.219,0.312215,0.215979,5.65757,50.0,-1.07645,8.0539,29.3288,-17.4746,L
20250809OBWO0,2025,3,bottom,28,3,3번타자 최주환,76267,최주환,55268,최민석,160,4,250809_185141,T,스트라이크,141,투심,3,1,True,250809_185141,3,4,0.14026,0.7083,3.228,1.566,-126.608,-3.3344,3.49322,5.53315,50.0,-0.696179,-7.07239,28.0789,-15.9716,L
20250809OBWO0,2025,3,bottom,28,3,3번타자 최주환,76267,최주환,55268,최민석,161,5,250809_185200,H,타격,134,포크,3,1,True,250809_185200,3,5,-0.382059,0.7083,3.228,1.566,-120.215,-4.26133,2.02997,5.54023,50.0,-0.659278,-6.43661,26.9225,-25.3065,L
20250809OBWO0,2025,3,bottom,29,4,4번타자 카디네스,54444,카디네스,55268,최민석,164,1,250809_185245,T,스트라이크,144,투심,0,1,True,250809_185245,3,1,0.508016,0.7083,3.4,1.649,-129.13,-6.4393,5.5997,5.45813,50.0,-0.666104,-13.3263,31.439,-15.2476,R
20250809OBWO0,2025,3,bottom,29,4,4번타자 카디네스,54444,카디네스,55268,최민석,165,2,250809_185302,T,스트라이크,144,투심,0,2,True,250809_185302,3,2,0.111031,0.7083,3.4,1.649,-128.74,-4.38605,4.70119,5.51106,50.0,-0.685589,-13.5334,29.9386,-15.5399,R
20250809OBWO0,2025,3,bottom,29,4,4번타자 카디네스,54444,카디네스,55268,최민석,166,3,250809_185331,S,헛스윙,143,투심,0,3,True,250809_185331,3,3,0.447029,0.7083,3.4,1.649,-128.327,-2.16044,4.236,5.52909,50.0,-0.642351,-7.6387,33.0122,-15.1318,R
20250809OBWO0,2025,4,top,31,1,3번타자 케이브,55208,케이브,55342,메르세데스,172,1,250809_185549,T,스트라이크,122,커브,0,1,True,250809_185549,4,1,-0.646176,0.7083,3.376,1.638,-109.479,-0.813531,-3.72784,5.90579,50.0,2.0471,-7.9101,27.4671,-26.827,L
20250809OBWO0,2025,4,top,31,1,3번타자 케이브,55208,케이브,55342,메르세데스,173,2,250809_185604,B,볼,121,커브,1,1,True,250809_185604,4,2,-2.31087,0.7083,3.376,1.638,-108.587,-5.33741,-7.5352,5.47261,50.0,1.86194,-4.74971,25.3131,-31.5575,L
20250809OBWO0,2025,4,top,31,1,3번타자 케이브,55208,케이브,55342,메르세데스,174,3,250809_185620,H,타격,140,직구,1,1,True,250809_185620,4,3,-0.031565,0.7083,3.376,1.638,-126.455,-6.1957,-6.51466,5.56768,50.0,2.1467,5.79409,28.4989,-13.8427,L
20250809OBWO0,2025,4,top,32,2,4번타자 양의지,76232,양의지,55342,메르세데스,177,1,250809_185651,H,타격,132,체인지업,0,0,True,250809_185651,4,1,0.697045,0.7083,3.325,1.613,-118.542,-3.99399,-4.67613,5.62899,50.0,1.84236,9.38724,22.7888,-17.4224,R
20250809OBWO0,2025,4,top,33,3,5번타자 박준순,55252,박준순,55342,메르세데스,180,1,250809_185743,B,볼,130,슬라이더,1,0,True,250809_185743,4,1,1.82319,0.7083,3.27,1.586,-116.768,-1.06186,-0.791193,5.70912,50.0,2.37788,-2.13381,21.556,-25.2683,R
20250809OBWO0,2025,4,top,33,3,5번타자 박준순,55252,박준순,55342,메르세데스,181,2,250809_185801,T,스트라이크,120,커브,1,1,True,250809_185801,4,2,0.855474,0.7083,3.27,1.586,-108.351,0.349221,-0.669898,5.96722,50.0,2.21713,-9.07495,22.6853,-27.6591,R
20250809OBWO0,2025,4,top,33,3,5번타자 박준순,55252,박준순,55342,메르세데스,182,3,250809_185818,H,타격,142,직구,1,1,True,250809_185818,4,3,-0.725587,0.7083,3.27,1.586,-128.399,-3.83188,-7.11913,5.56156,50.0,1.91921,2.70697,29.1603,-15.7752,R
20250809OBWO0,2025,4,top,34,4,6번타자 오명진,50208,오명진,55342,메르세데스,185,1,250809_185854,H,타격,124,커브,0,0,True,250809_185854,4,1,-0.057293,0.7083,3.29,1.596,-111.843,-0.356617,-2.61203,5.67171,50.0,2.07937,-8.43989,26.4673,-30.7442,L
20250809OBWO0,2025,4,bottom,36,1,5번타자 김태진,64984,김태진,55268,최민석,189,1,250809_190111,T,스트라이크,131,슬라이더,0,1,True,250809_190111,4,1,-0.586274,0.7083,3.12,1.513,-118.57,-4.07793,0.261365,5.51278,50.0,-1.17064,4.85784,29.347,-19.3936,L
20250809OBWO0,2025,4,bottom,36,1,5번타자 김태진,64984,김태진,55268,최민석,190,2,250809_190123,B,볼,133,슬라이더,1,1,True,250809_190123,4,2,-0.820401,0.7083,3.12,1.513,-120.171,-5.73464,-0.057598,5.44667,50.0,-0.94023,1.55918,26.6268,-18.3921,L
20250809OBWO0,2025,4,bottom,36,1,5번타자 김태진,64984,김태진,55268,최민석,191,3,250809_190136,F,파울,133,포크,1,2,True,250809_190136,4,3,-0.338096,0.7083,3.12,1.513,-119.331,-2.91348,2.10009,5.70622,50.0,-0.776309,-5.02745,22.5376,-24.8056,L
20250809OBWO0,2025,4,bottom,36,1,5번타자 김태진,64984,김태진,55268,최민석,192,4,250809_190158,F,파울,131,슬라이더,1,2,True,250809_190158,4,4,-0.981507,0.7083,3.12,1.513,-117.646,-1.74198,-1.69511,5.52006,50.0,-0.878973,6.63279,26.67,-23.3554,L
20250809OBWO0,2025,4,bottom,36,1,5번타자 김태진,64984,김태진,55268,최민석,193,5,250809_190214,S,헛스윙,131,슬라이더,1,3,True,250809_190214,4,5,-0.334344,0.7083,3.12,1.513,-117.132,-0.875895,0.243864,5.81784,50.0,-0.806111,3.74791,24.1747,-19.8786,L
20250809OBWO0,2025,4,bottom,37,2,6번타자 이주형,50167,이주형,55268,최민석,196,1,250809_190243,S,헛스윙,132,슬라이더,0,1,True,250809_190243,4,1,-6.6e-05,0.7083,3.325,1.613,-119.09,-3.94786,1.87907,5.37149,50.0,-0.949924,1.32055,29.9872,-22.0679,L
20250809OBWO0,2025,4,bottom,37,2,6번타자 이주형,50167,이주형,55268,최민석,197,2,250809_190258,B,볼,140,투심,1,1,True,250809_190258,4,2,-2.67399,0.7083,3.325,1.613,-126.41,-0.162488,-1.14888,5.69445,50.0,-0.900982,-15.2313,34.1025,-22.7478,L
20250809OBWO0,2025,4,bottom,37,2,6번타자 이주형,50167,이주형,55268,최민석,198,3,250809_190313,H,타격,142,투심,1,1,True,250809_190313,4,3,-0.042801,0.7083,3.325,1.613,-128.185,-3.85783,5.57786,5.45098,50.0,-0.752988,-18.8128,35.9739,-21.7729,L
20250809OBWO0,2025,4,bottom,38,3,7번타자 고영우,54344,고영우,55268,최민석,201,1,250809_190353,S,헛스윙,143,투심,0,1,True,250809_190353,4,1,-0.171459,0.7083,3.141,1.523,-128.706,-3.63325,4.01206,5.67985,50.0,-0.832229,-11.76,33.8951,-13.3933,R
20250809OBWO0,2025,4,bottom,38,3,7번타자 고영우,54344,고영우,55268,최민석,202,2,250809_190410,B,볼,142,투심,1,1,True,250809_190410,4,2,-1.59641,0.7083,3.141,1.523,-128.681,-3.18233,1.48247,5.48253,50.0,-0.939822,-15.3112,34.8121,-20.838,R
20250809OBWO0,2025,4,bottom,38,3,7번타자 고영우,54344,고영우,55268,최민석,204,3,250809_190439,H,타격,131,슬라이더,1,1,True,250809_190439,4,3,0.476837,0.7083,3.141,1.523,-117.274,-2.6458,2.65789,5.47542,50.0,-0.845998,1.53451,25.4369,-19.8471,R
20250809OBWO0,2025,4,bottom,39,4,8번타자 김재현,62332,김재현,55268,최민석,207,1,250809_190519,T,스트라이크,133,슬라이더,0,1,True,250809_190519,4,1,0.815197,0.7083,3.258,1.58,-119.908,-2.2759,3.43128,5.4387,50.0,-0.919953,2.64249,28.4608,-18.9545,R
20250809OBWO0,2025,4,bottom,39,4,8번타자 김재현,62332,김재현,55268,최민석,208,2,250809_190538,T,스트라이크,141,투심,0,2,True,250809_190538,4,2,0.688677,0.7083,3.258,1.58,-127.24,-3.54975,4.96718,5.57811,50.0,-0.568382,-9.23852,30.8038,-15.0254,R
20250809OBWO0,2025,4,bottom,39,4,8번타자 김재현,62332,김재현,55268,최민석,209,3,250809_190556,F,파울,130,슬라이더,0,2,True,250809_190556,4,3,1.21755,0.7083,3.258,1.58,-117.235,-2.21869,3.847,5.36681,50.0,-0.905035,4.29347,26.3928,-21.1975,R
20250809OBWO0,2025,4,bottom,39,4,8번타자 김재현,62332,김재현,55268,최민석,210,4,250809_190617,B,볼,141,투심,1,2,True,250809_190617,4,4,0.701367,0.7083,3.258,1.58,-127.343,-1.69875,5.53955,5.62901,50.0,-0.645277,-10.9586,30.228,-17.4668,R
20250809OBWO0,2025,4,bottom,39,4,8번타자 김재현,62332,김재현,55268,최민석,211,5,250809_190642,H,타격,141,투심,1,2,True,250809_190642,4,5,-0.758029,0.7083,3.258,1.58,-127.519,-2.28923,1.4222,5.59975,50.0,-0.624367,-8.60923,31.1251,-18.5815,R
20250809OBWO0,2025,5,top,41,1,7번타자 박계범,64468,박계범,55342,메르세데스,215,1,250809_190845,B,볼,139,직구,1,0,True,250809_190845,5,1,-0.974186,0.7083,3.283,1.592,-125.24,-5.57592,-7.95526,5.48183,50.0,1.96931,4.00701,28.458,-18.4193,R
20250809OBWO0,2025,5,top,41,1,7번타자 박계범,64468,박계범,55342,메르세데스,216,2,250809_190858,B,볼,134,투심,2,0,True,250809_190858,5,2,0.351542,0.7083,3.283,1.592,-120.583,-6.69265,-6.39525,5.48243,50.0,2.23176,9.39986,27.3163,-19.0521,R
20250809OBWO0,2025,5,top,41,1,7번타자 박계범,64468,박계범,55342,메르세데스,217,3,250809_190913,B,볼,138,직구,3,0,True,250809_190913,5,3,-0.826018,0.7083,3.283,1.592,-124.698,-6.70537,-8.7215,5.40128,50.0,2.07355,8.42023,29.8508,-13.6749,R
20250809OBWO0,2025,5,top,41,1,7번타자 박계범,64468,박계범,55342,메르세데스,218,4,250809_190929,T,스트라이크,139,직구,3,1,True,250809_190929,5,4,-0.037506,0.7083,3.283,1.592,-124.863,-5.43035,-6.55866,5.63022,50.0,1.99816,7.85361,25.3736,-12.917,R
20250809OBWO0,2025,5,top,41,1,7번타자 박계범,64468,박계범,55342,메르세데스,219,5,250809_190955,T,스트라이크,119,커브,3,2,True,250809_190955,5,5,-0.112156,0.7083,3.283,1.592,-108.094,-1.01588,-3.57131,5.88241,50.0,2.0731,-3.90491,25.7385,-28.9843,R
20250809OBWO0,2025,5,top,41,1,7번타자 박계범,64468,박계범,55342,메르세데스,220,6,250809_191009,B,볼,121,커브,4,2,True,250809_191009,5,6,-0.947436,0.7083,3.283,1.592,-108.673,-2.28838,-4.05154,5.85169,50.0,1.98351,-8.60599,24.3883,-26.4694,R
20250809OBWO0,2025,5,top,42,2,8번타자 강승호,63123,강승호,55342,메르세데스,224,1,250809_191134,B,볼,141,직구,1,0,True,250809_191134,5,1,0.16737,0.7083,3.289,1.595,-127.465,-8.72192,-5.98223,5.5178,50.0,2.03577,6.84512,31.4789,-9.38726,R
20250809OBWO0,2025,5,top,42,2,8번타자 강승호,63123,강승호,55342,메르세데스,226,2,250809_191213,S,헛스윙,139,직구,1,1,True,250809_191213,5,2,-0.056375,0.7083,3.289,1.595,-126.038,-6.74528,-6.6242,5.56155,50.0,2.06522,7.20701,32.5498,-13.7866,R
20250809OBWO0,2025,5,top,42,2,8번타자 강승호,63123,강승호,55342,메르세데스,227,3,250809_191236,H,타격,122,커브,1,1,True,250809_191236,5,3,0.304477,0.7083,3.289,1.595,-109.761,-2.20929,-2.53689,5.72586,50.0,2.1884,-5.99938,25.5529,-29.9865,R
20250809OBWO0,2025,5,top,43,3,9번타자 추재현,68362,추재현,55342,메르세데스,231,1,250809_191335,T,스트라이크,142,직구,0,1,True,250809_191335,5,1,-0.518224,0.7083,3.278,1.59,-128.365,-6.53757,-8.13432,5.50435,50.0,2.05347,8.85257,33.8927,-14.1868,L
20250809OBWO0,2025,5,top,43,3,9번타자 추재현,68362,추재현,55342,메르세데스,232,2,250809_191411,H,타격,129,슬라이더,0,1,True,250809_191411,5,2,-0.134684,0.7083,3.278,1.59,-116.257,-3.98866,-5.28684,5.6195,50.0,2.18539,0.441644,26.9792,-26.3224,L
20250809OBWO0,2025,5,top,44,4,1번타자 정수빈,79231,정수빈,55342,메르세데스,237,1,250809_191457,S,헛스윙,132,슬라이더,0,1,True,250809_191457,5,1,-0.297321,0.7083,3.219,1.561,-118.964,-4.86256,-5.01526,5.58606,50.0,1.96538,-0.892443,25.2627,-25.6583,L
20250809OBWO0,2025,5,top,44,4,1번타자 정수빈,79231,정수빈,55342,메르세데스,238,2,250809_191541,B,볼,144,직구,1,1,True,250809_191541,5,2,0.378879,0.7083,3.219,1.561,-129.554,-7.78559,-5.34456,5.33265,50.0,2.11629,4.93286,29.0964,-12.6805,L
20250809OBWO0,2025,5,top,44,4,1번타자 정수빈,79231,정수빈,55342,메르세데스,239,3,250809_191600,H,타격,142,직구,1,1,True,250809_191600,5,3,0.634793,0.7083,3.219,1.561,-127.349,-4.65572,-5.01276,5.47162,50.0,2.10396,6.84367,28.0222,-15.8153,L
20250809OBWO0,2025,5,top,45,5,2번타자 이유찬,67207,이유찬,55342,메르세데스,244,1,250809_191654,T,스트라이크,123,커브,0,1,True,250809_191654,5,1,0.414193,0.7083,3.239,1.571,-110.392,-1.19821,-2.09968,5.89114,50.0,2.21606,-7.16728,27.2408,-29.623,R
20250809OBWO0,2025,5,top,45,5,2번타자 이유찬,67207,이유찬,55342,메르세데스,245,2,250809_191710,B,볼,131,슬라이더,1,1,True,250809_191710,5,2,-0.668064,0.7083,3.239,1.571,-118.271,-5.286,-5.46152,5.45657,50.0,1.92202,-2.08351,25.8432,-26.852,R
20250809OBWO0,2025,5,top,45,5,2번타자 이유찬,67207,이유찬,55342,메르세데스,246,3,250809_191730,B,볼,123,커브,2,1,True,250809_191730,5,3,1.30762,0.7083,3.239,1.571,-110.694,-0.148736,0.574729,5.86647,50.0,2.25219,-10.9955,24.8063,-26.3772,R
20250809OBWO0,2025,5,top,45,5,2번타자 이유찬,67207,이유찬,55342,메르세데스,247,4,250809_191749,T,스트라이크,144,직구,2,2,True,250809_191749,5,4,0.454051,0.7083,3.239,1.571,-129.82,-3.57866,-4.14435,5.64857,50.0,1.99257,1.41376,30.4357,-12.4798,R
20250809OBWO0,2025,5,top,45,5,2번타자 이유찬,67207,이유찬,55342,메르세데스,248,5,250809_191809,B,볼,143,직구,3,2,True,250809_191809,5,5,0.440867,0.7083,3.239,1.571,-128.657,-1.99111,-4.55448,5.74892,50.0,1.98254,3.49353,26.8428,-10.1442,R
20250809OBWO0,2025,5,top,45,5,2번타자 이유찬,67207,이유찬,55342,메르세데스,249,6,250809_191833,F,파울,125,슬라이더,3,2,True,250809_191833,5,6,0.509762,0.7083,3.239,1.571,-112.964,-2.48219,-3.87796,5.70254,50.0,2.11539,1.72408,26.5435,-23.3011,R
20250809OBWO0,2025,5,top,45,5,2번타자 이유찬,67207,이유찬,55342,메르세데스,250,7,250809_191904,F,파울,144,직구,3,2,True,250809_191904,5,7,0.489864,0.7083,3.239,1.571,-130.239,-3.60519,-5.18112,5.59131,50.0,1.99404,7.00172,30.0222,-13.1734,R
20250809OBWO0,2025,5,top,45,5,2번타자 이유찬,67207,이유찬,55342,메르세데스,251,8,250809_191933,B,볼,144,직구,4,2,True,250809_191933,5,8,-1.06095,0.7083,3.239,1.571,-129.558,-5.83867,-9.21781,5.51754,50.0,1.89708,8.99494,29.1535,-11.655,R
20250809OBWO0,2025,5,top,46,6,3번타자 케이브,55208,케이브,55342,메르세데스,255,1,250809_192058,S,헛스윙,127,커브,0,1,True,250809_192058,5,1,-0.936547,0.7083,3.376,1.638,-113.73,-1.00407,-5.22337,5.76511,50.0,2.04335,-5.55986,27.2198,-28.6922,L
20250809OBWO0,2025,5,top,46,6,3번타자 케이브,55208,케이브,55342,메르세데스,256,2,250809_192117,F,파울,143,직구,0,2,True,250809_192117,5,2,0.457756,0.7083,3.376,1.638,-128.783,-7.09403,-4.06792,5.48007,50.0,2.01607,0.982018,31.601,-11.5349,L
20250809OBWO0,2025,5,top,46,6,3번타자 케이브,55208,케이브,55342,메르세데스,257,3,250809_192158,H,타격,132,슬라이더,0,2,True,250809_192158,5,3,-0.90226,0.7083,3.376,1.638,-119.446,-2.57466,-5.97571,5.45227,50.0,1.92676,-2.39434,28.6847,-27.775,L
20250809OBWO0,2025,5,top,47,7,4번타자 양의지,76232,양의지,55342,메르세데스,264,1,250809_192257,F,파울,144,직구,0,1,True,250809_192257,5,1,-0.410113,0.7083,3.325,1.613,-130.125,-3.16474,-6.63313,5.59945,50.0,1.94889,3.52325,30.9929,-14.7353,R
20250809OBWO0,2025,5,top,47,7,4번타자 양의지,76232,양의지,55342,메르세데스,265,2,250809_192319,B,볼,146,직구,1,1,True,250809_192319,5,2,-1.53358,0.7083,3.325,1.613,-131.243,-4.51303,-9.51583,5.52053,50.0,1.77804,5.65049,31.357,-14.0156,R
20250809OBWO0,2025,5,top,47,7,4번타자 양의지,76232,양의지,55342,메르세데스,266,3,250809_192336,S,헛스윙,145,직구,1,2,True,250809_192336,5,3,-1.17235,0.7083,3.325,1.613,-130.171,-6.12057,-8.3878,5.531,50.0,1.81084,4.44444,31.066,-15.6663,R
20250809OBWO0,2025,5,top,47,7,4번타자 양의지,76232,양의지,55342,메르세데스,267,4,250809_192405,B,볼,146,직구,2,2,True,250809_192405,5,4,-1.48014,0.7083,3.325,1.613,-131.641,-5.74027,-8.87145,5.51757,50.0,1.75957,3.14879,30.908,-18.526,R
20250809OBWO0,2025,5,top,47,7,4번타자 양의지,76232,양의지,55342,메르세데스,268,5,250809_192426,S,헛스윙,145,직구,2,3,True,250809_192426,5,5,0.457972,0.7083,3.325,1.613,-131.461,-5.31777,-5.44088,5.52676,50.0,2.07551,6.80017,33.1687,-13.2753,R
20250809OBWO0,2025,5,bottom,49,1,9번타자 박주홍,50357,박주홍,55268,최민석,272,1,250809_192638,B,볼,141,투심,1,0,True,250809_192638,5,1,-1.20326,0.7083,3.433,1.665,-126.708,-4.42435,1.82826,5.52354,50.0,-0.827407,-13.4591,29.4807,-21.4547,L
20250809OBWO0,2025,5,bottom,49,1,9번타자 박주홍,50357,박주홍,55268,최민석,273,2,250809_192650,T,스트라이크,128,슬라이더,1,1,True,250809_192650,5,2,0.575644,0.7083,3.433,1.665,-115.2,-2.6545,2.52621,5.496,50.0,-0.913664,3.52015,24.1895,-21.8466,L
20250809OBWO0,2025,5,bottom,49,1,9번타자 박주홍,50357,박주홍,55268,최민석,274,3,250809_192704,H,타격,142,투심,1,1,True,250809_192704,5,3,-0.796875,0.7083,3.433,1.665,-127.52,-4.83202,2.22567,5.49094,50.0,-0.708631,-12.0746,28.3684,-19.3555,L
20250809OBWO0,2025,5,bottom,50,2,1번타자 송성문,65357,송성문,55268,최민석,277,1,250809_192759,F,파울,130,슬라이더,0,1,True,250809_192759,5,1,-0.09168,0.7083,3.331,1.615,-117.065,-1.56646,0.938061,5.63768,50.0,-0.863374,3.60397,27.2235,-20.2539,L
20250809OBWO0,2025,5,bottom,50,2,1번타자 송성문,65357,송성문,55268,최민석,278,2,250809_192822,B,볼,133,슬라이더,1,1,True,250809_192822,5,2,1.66064,0.7083,3.331,1.615,-119.677,-4.99927,4.73877,5.5663,50.0,-0.790874,4.21594,27.7404,-17.134,L
20250809OBWO0,2025,5,bottom,50,2,1번타자 송성문,65357,송성문,55268,최민석,279,3,250809_192842,B,볼,130,슬라이더,2,1,True,250809_192842,5,3,-1.08979,0.7083,3.331,1.615,-116.115,0.112974,-1.54593,5.59856,50.0,-0.982913,5.85809,25.0672,-25.3439,L
20250809OBWO0,2025,5,bottom,50,2,1번타자 송성문,65357,송성문,55268,최민석,280,4,250809_192903,H,타격,131,슬라이더,2,1,True,250809_192903,5,4,0.512482,0.7083,3.331,1.615,-117.951,-2.04556,2.93903,5.52831,50.0,-0.828768,0.468969,27.8589,-20.9075,L
20250809OBWO0,2025,5,bottom,51,3,2번타자 임지열,64340,임지열,55268,최민석,284,1,250809_192940,F,파울,129,슬라이더,0,1,True,250809_192940,5,1,0.207583,0.7083,3.292,1.597,-115.69,-1.22082,1.431,5.50258,50.0,-0.903813,4.67196,25.717,-24.856,R
20250809OBWO0,2025,5,bottom,51,3,2번타자 임지열,64340,임지열,55268,최민석,285,2,250809_193006,B,볼,129,슬라이더,1,1,True,250809_193006,5,2,2.11024,0.7083,3.292,1.597,-115.97,-0.450769,5.71722,5.51443,50.0,-0.799976,3.73768,22.7996,-25.1482,R
20250809OBWO0,2025,5,bottom,51,3,2번타자 임지열,64340,임지열,55268,최민석,286,3,250809_193022,B,볼,140,투심,2,1,True,250809_193022,5,3,1.79873,0.7083,3.292,1.597,-126.803,-3.24641,7.61937,5.51548,50.0,-0.504227,-9.71801,30.5296,-14.9622,R
20250809OBWO0,2025,5,bottom,51,3,2번타자 임지열,64340,임지열,55268,최민석,287,4,250809_193037,F,파울,130,슬라이더,2,2,True,250809_193037,5,4,0.656193,0.7083,3.292,1.597,-117.13,-2.71837,3.70936,5.50514,50.0,-0.913932,-0.805154,28.3369,-21.4781,R
20250809OBWO0,2025,5,bottom,51,3,2번타자 임지열,64340,임지열,55268,최민석,288,5,250809_193118,F,파울,132,슬라이더,2,2,True,250809_193118,5,5,0.36603,0.7083,3.292,1.597,-118.234,-1.11505,1.36317,5.55149,50.0,-0.977121,7.50524,32.0867,-23.9799,R
20250809OBWO0,2025,5,bottom,51,3,2번타자 임지열,64340,임지열,55268,최민석,289,6,250809_193135,B,볼,141,투심,3,2,True,250809_193135,5,6,-0.295674,0.7083,3.292,1.597,-126.71,-1.33474,2.81498,5.755,50.0,-0.507193,-11.2638,28.5088,-16.2918,R
20250809OBWO0,2025,5,bottom,51,3,2번타자 임지열,64340,임지열,55268,최민석,290,7,250809_193153,B,볼,133,슬라이더,4,2,True,250809_193153,5,7,1.18962,0.7083,3.292,1.597,-120.57,-4.77854,4.38402,5.43799,50.0,-0.747656,0.460412,30.0554,-21.0654,R
20250809OBWO0,2025,5,bottom,52,4,3번타자 최주환,76267,최주환,55268,최민석,294,1,250809_193303,F,파울,130,슬라이더,0,1,True,250809_193303,5,1,0.539473,0.7083,3.228,1.566,-117.144,-3.24542,2.80665,5.51531,50.0,-0.929802,2.2806,27.1309,-24.4947,L
20250809OBWO0,2025,5,bottom,52,4,3번타자 최주환,76267,최주환,55268,최민석,295,2,250809_193325,B,볼,138,투심,1,1,True,250809_193325,5,2,-1.29556,0.7083,3.228,1.566,-124.232,-0.098483,0.216894,5.55788,50.0,-0.900765,-5.56735,29.6287,-16.4874,L
20250809OBWO0,2025,5,bottom,52,4,3번타자 최주환,76267,최주환,55268,최민석,296,3,250809_193343,B,볼,129,슬라이더,2,1,True,250809_193343,5,3,1.2603,0.7083,3.228,1.566,-116.081,-3.7545,3.74634,5.48676,50.0,-0.929313,5.27221,23.9637,-19.6256,L
20250809OBWO0,2025,5,bottom,52,4,3번타자 최주환,76267,최주환,55268,최민석,297,4,250809_193408,F,파울,130,슬라이더,2,2,True,250809_193408,5,4,0.065399,0.7083,3.228,1.566,-116.23,-4.5784,2.05462,5.45508,50.0,-0.96406,1.23412,21.6358,-19.3651,L
20250809OBWO0,2025,5,bottom,52,4,3번타자 최주환,76267,최주환,55268,최민석,298,5,250809_193452,H,타격,130,슬라이더,2,2,True,250809_193452,5,5,-0.935374,0.7083,3.228,1.566,-117.508,-1.45932,-0.443601,5.51249,50.0,-1.08442,3.50425,29.8085,-21.1776,L
20250809OBWO0,2025,5,bottom,53,5,4번타자 카디네스,54444,카디네스,55268,최민석,303,1,250809_193553,B,볼,141,투심,1,0,True,250809_193553,5,1,0.912413,0.7083,3.4,1.649,-127.177,-1.47828,4.82732,5.68312,50.0,-0.466441,-7.05965,28.9924,-13.8168,R
20250809OBWO0,2025,5,bottom,53,5,4번타자 카디네스,54444,카디네스,55268,최민석,304,2,250809_193612,H,타격,130,슬라이더,1,0,True,250809_193612,5,2,0.714143,0.7083,3.4,1.649,-116.887,-2.35069,1.75518,5.41412,50.0,-0.828383,7.79648,25.3572,-24.0522,R
20250809OBWO0,2025,5,bottom,54,6,5번타자 김태진,64984,김태진,55268,최민석,310,1,250809_193702,T,스트라이크,133,포크,0,1,True,250809_193702,5,1,-0.291918,0.7083,3.12,1.513,-120.049,-2.52865,3.2301,5.61476,50.0,-0.970378,-7.68458,25.8697,-29.4686,L
20250809OBWO0,2025,5,bottom,54,6,5번타자 김태진,64984,김태진,55268,최민석,311,2,250809_193718,B,볼,142,투심,1,1,True,250809_193718,5,2,-0.296323,0.7083,3.12,1.513,-127.776,-1.04281,3.06238,5.47048,50.0,-0.873419,-8.08292,31.6979,-18.1335,L
20250809OBWO0,2025,5,bottom,54,6,5번타자 김태진,64984,김태진,55268,최민석,312,3,250809_193734,F,파울,131,슬라이더,1,2,True,250809_193734,5,3,0.472605,0.7083,3.12,1.513,-118.15,-4.60336,1.37198,5.36205,50.0,-0.954867,8.48927,28.2678,-17.2339,L
20250809OBWO0,2025,5,bottom,54,6,5번타자 김태진,64984,김태진,55268,최민석,313,4,250809_193803,H,타격,134,포크,1,2,True,250809_193803,5,4,-0.66214,0.7083,3.12,1.513,-121.015,-3.49787,1.20538,5.47548,50.0,-0.747457,-4.68808,29.0849,-25.0792,L
20250809OBWO0,2025,6,top,56,1,5번타자 박준순,55252,박준순,55342,메르세데스,317,1,250809_194203,H,타격,131,체인지업,0,0,True,250809_194203,6,1,0.152594,0.7083,3.27,1.586,-117.884,-5.92087,-4.94057,5.66902,50.0,1.86471,4.83101,28.9091,-11.9312,R
20250809OBWO0,2025,6,top,57,2,6번타자 오명진,50208,오명진,55342,메르세데스,320,1,250809_194237,T,스트라이크,139,직구,0,1,True,250809_194237,6,1,0.041513,0.7083,3.29,1.596,-124.979,-5.45029,-6.0083,5.57777,50.0,2.17934,4.04014,27.5519,-10.9538,L
20250809OBWO0,2025,6,top,57,2,6번타자 오명진,50208,오명진,55342,메르세데스,321,2,250809_194318,T,스트라이크,141,직구,0,2,True,250809_194318,6,2,-0.740751,0.7083,3.29,1.596,-127.659,-6.77136,-8.15998,5.44934,50.0,1.9525,7.4691,29.6674,-12.375,L
20250809OBWO0,2025,6,top,57,2,6번타자 오명진,50208,오명진,55342,메르세데스,322,3,250809_194333,B,볼,122,커브,1,2,True,250809_194333,6,3,-0.515675,0.7083,3.29,1.596,-109.134,-3.47684,-4.62852,5.67259,50.0,2.1887,-4.4569,22.9697,-28.2526,L
20250809OBWO0,2025,6,top,57,2,6번타자 오명진,50208,오명진,55342,메르세데스,323,4,250809_194350,B,볼,132,슬라이더,2,2,True,250809_194350,6,4,-0.867444,0.7083,3.29,1.596,-119.976,-5.5822,-7.07513,5.43076,50.0,1.93089,2.84067,28.5701,-24.551,L
20250809OBWO0,2025,6,top,57,2,6번타자 오명진,50208,오명진,55342,메르세데스,324,5,250809_194405,H,타격,140,직구,2,2,True,250809_194405,6,5,0.412445,0.7083,3.29,1.596,-126.224,-5.0272,-5.15551,5.48664,50.0,2.07779,5.23605,25.4655,-18.6287,L
20250809OBWO0,2025,6,top,58,3,7번타자 박계범,64468,박계범,55342,메르세데스,327,1,250809_194446,B,볼,134,체인지업,1,0,True,250809_194446,6,1,1.42496,0.7083,3.283,1.592,-121.14,-5.43993,-4.18097,5.57837,50.0,2.14347,11.6509,33.2658,-15.4063,R
20250809OBWO0,2025,6,top,58,3,7번타자 박계범,64468,박계범,55342,메르세데스,328,2,250809_194512,T,스트라이크,141,직구,1,1,True,250809_194512,6,2,-0.319774,0.7083,3.283,1.592,-126.537,-2.22224,-5.56729,5.61117,50.0,1.89515,0.698268,28.4711,-18.0007,R
20250809OBWO0,2025,6,top,58,3,7번타자 박계범,64468,박계범,55342,메르세데스,329,3,250809_194535,S,헛스윙,135,투심,1,2,True,250809_194535,6,3,0.84112,0.7083,3.283,1.592,-121.478,-3.17302,-4.49449,5.74929,50.0,2.05942,7.68575,28.1169,-14.744,R
20250809OBWO0,2025,6,top,58,3,7번타자 박계범,64468,박계범,55342,메르세데스,330,4,250809_194555,B,볼,129,슬라이더,2,2,True,250809_194555,6,4,-0.101514,0.7083,3.283,1.592,-116.541,-7.4501,-5.15932,5.56358,50.0,2.16062,0.341791,25.9615,-23.5776,R
20250809OBWO0,2025,6,top,58,3,7번타자 박계범,64468,박계범,55342,메르세데스,332,5,250809_194626,H,타격,142,직구,2,2,True,250809_194626,6,5,-0.98524,0.7083,3.283,1.592,-127.173,-6.72145,-8.50958,5.59343,50.0,1.83548,7.45981,23.3705,-14.2969,R
20250809OBWO0,2025,6,top,59,4,8번타자 강승호,63123,강승호,53301,박윤성,337,1,250809_195037,H,타격,142,직구,0,0,True,250809_195037,6,1,0.196206,0.7083,3.289,1.595,-128.346,-3.5067,3.33118,5.23896,50.0,-0.604886,-6.68391,33.0687,-11.3997,R
20250809OBWO0,2025,6,top,60,5,9번타자 추재현,68362,추재현,53301,박윤성,340,1,250809_195127,B,볼,142,직구,1,0,True,250809_195127,6,1,-1.55605,0.7083,3.278,1.59,-128.013,-5.421,0.288103,5.29294,50.0,-1.02422,-7.88644,31.9674,-9.04533,L
20250809OBWO0,2025,6,top,60,5,9번타자 추재현,68362,추재현,53301,박윤성,341,2,250809_195149,T,스트라이크,126,커브,1,1,True,250809_195149,6,2,-0.82747,0.7083,3.278,1.59,-113.267,2.07133,-1.84971,5.6079,50.0,-0.863429,8.39709,25.816,-37.0898,L
20250809OBWO0,2025,6,top,60,5,9번타자 추재현,68362,추재현,53301,박윤성,342,3,250809_195212,F,파울,126,커브,1,2,True,250809_195212,6,3,0.635265,0.7083,3.278,1.59,-113.291,0.47134,0.745327,5.72321,50.0,-0.491442,7.46256,25.3677,-35.9133,L
20250809OBWO0,2025,6,top,60,5,9번타자 추재현,68362,추재현,53301,박윤성,343,4,250809_195244,F,파울,143,직구,1,2,True,250809_195244,6,4,-1.27818,0.7083,3.278,1.59,-128.269,-3.17974,-0.392779,5.3203,50.0,-0.88385,-2.87599,31.8488,-11.6643,L
20250809OBWO0,2025,6,top,60,5,9번타자 추재현,68362,추재현,53301,박윤성,344,5,250809_195312,F,파울,144,직구,1,2,True,250809_195312,6,5,-0.42009,0.7083,3.278,1.59,-129.431,-4.60859,1.79712,5.38684,50.0,-0.667941,-5.89284,29.8792,-8.1734,L
20250809OBWO0,2025,6,top,60,5,9번타자 추재현,68362,추재현,53301,박윤성,345,6,250809_195342,T,스트라이크,144,직구,1,3,True,250809_195342,6,6,0.50253,0.7083,3.278,1.59,-129.444,-4.81165,3.49788,5.34404,50.0,-0.603253,-3.72597,34.4697,-8.58479,L
20250809OBWO0,2025,6,bottom,62,1,6번타자 이주형,50167,이주형,68249,박신지,350,1,250809_195602,B,볼,124,체인지업,1,0,True,250809_195602,6,1,-0.677488,0.7083,3.325,1.613,-111.349,-0.810633,3.96471,6.19343,50.0,-1.42113,-10.1945,20.2575,-20.1058,L
20250809OBWO0,2025,6,bottom,62,1,6번타자 이주형,50167,이주형,68249,박신지,351,2,250809_195617,B,볼,125,체인지업,2,0,True,250809_195617,6,2,-0.115898,0.7083,3.325,1.613,-112.143,-5.7319,5.81931,5.75936,50.0,-1.54195,-11.8271,22.9151,-20.5538,L
20250809OBWO0,2025,6,bottom,62,1,6번타자 이주형,50167,이주형,68249,박신지,352,3,250809_195633,F,파울,147,직구,2,1,True,250809_195633,6,3,0.30104,0.7083,3.325,1.613,-131.748,-6.33253,6.27039,5.85552,50.0,-1.51953,-8.24727,28.6926,-5.86513,L
20250809OBWO0,2025,6,bottom,62,1,6번타자 이주형,50167,이주형,68249,박신지,353,4,250809_195655,H,타격,148,직구,2,1,True,250809_195655,6,4,0.594108,0.7083,3.325,1.613,-132.617,-6.52279,7.05226,5.828,50.0,-1.44801,-9.3494,33.215,-8.36403,L
20250809OBWO0,2025,6,bottom,63,2,7번타자 고영우,54344,고영우,68249,박신지,356,1,250809_195732,B,볼,131,슬라이더,1,0,True,250809_195732,6,1,-0.095049,0.7083,3.141,1.523,-118.364,-0.708654,3.52896,6.05801,50.0,-1.68493,0.549272,24.0711,-25.146,R
20250809OBWO0,2025,6,bottom,63,2,7번타자 고영우,54344,고영우,68249,박신지,357,2,250809_195747,T,스트라이크,147,직구,1,1,True,250809_195747,6,2,-0.780041,0.7083,3.141,1.523,-131.77,-6.02391,3.18253,5.87261,50.0,-1.51959,-6.61235,30.8328,-6.50355,R
20250809OBWO0,2025,6,bottom,63,2,7번타자 고영우,54344,고영우,68249,박신지,358,3,250809_195806,F,파울,148,직구,1,2,True,250809_195806,6,3,-0.194633,0.7083,3.141,1.523,-133.299,-7.13419,5.66344,5.7986,50.0,-1.56701,-10.9581,32.0252,-8.54466,R
20250809OBWO0,2025,6,bottom,63,2,7번타자 고영우,54344,고영우,68249,박신지,359,4,250809_195834,B,볼,117,커브,2,2,True,250809_195834,6,4,2.62139,0.7083,3.141,1.523,-105.023,-4.0802,6.12129,6.03903,50.0,-1.21733,6.65755,21.4265,-34.3221,R
20250809OBWO0,2025,6,bottom,63,2,7번타자 고영우,54344,고영우,68249,박신지,360,5,250809_195857,H,타격,135,슬라이더,2,2,True,250809_195857,6,5,1.20134,0.7083,3.141,1.523,-121.212,-3.97852,6.05575,5.81737,50.0,-1.53945,1.6436,27.9622,-26.9221,R
20250809OBWO0,2025,6,bottom,64,3,8번타자 김재현,62332,김재현,68249,박신지,363,1,250809_195943,S,헛스윙,128,슬라이더,0,1,True,250809_195943,6,1,0.599208,0.7083,3.258,1.58,-114.409,-2.7829,4.60986,5.90062,50.0,-1.63601,1.22836,28.7078,-27.6064,R
20250809OBWO0,2025,6,bottom,64,3,8번타자 김재현,62332,김재현,68249,박신지,364,2,250809_200001,T,스트라이크,135,슬라이더,0,2,True,250809_200001,6,2,-0.223172,0.7083,3.258,1.58,-120.763,-1.59853,3.22649,5.84598,50.0,-1.67044,0.681528,27.466,-26.4663,R
20250809OBWO0,2025,6,bottom,64,3,8번타자 김재현,62332,김재현,68249,박신지,365,3,250809_200020,B,볼,136,슬라이더,1,2,True,250809_200020,6,3,3.09889,0.7083,3.258,1.58,-121.732,-8.55811,10.353,5.65524,50.0,-1.26819,-0.691741,30.5975,-26.1,R
20250809OBWO0,2025,6,bottom,64,3,8번타자 김재현,62332,김재현,68249,박신지,367,4,250809_200058,S,헛스윙,135,슬라이더,1,3,True,250809_200058,6,4,0.812704,0.7083,3.258,1.58,-120.869,-6.18434,4.69222,5.73021,50.0,-1.51733,3.18083,32.4977,-27.0367,R
20250809OBWO0,2025,6,bottom,65,4,9번타자 박주홍,50357,박주홍,68249,박신지,370,1,250809_200139,B,볼,147,직구,1,0,True,250809_200139,6,1,1.30616,0.7083,3.433,1.665,-131.01,-13.0043,7.73153,5.63359,50.0,-1.17265,-7.52761,35.3229,-6.78084,L
20250809OBWO0,2025,6,bottom,65,4,9번타자 박주홍,50357,박주홍,68249,박신지,372,2,250809_200217,B,볼,125,체인지업,2,0,True,250809_200217,6,2,0.756173,0.7083,3.433,1.665,-111.856,-6.54617,7.5632,5.77154,50.0,-1.42493,-12.3226,23.3693,-17.8664,L
20250809OBWO0,2025,6,bottom,65,4,9번타자 박주홍,50357,박주홍,68249,박신지,373,3,250809_200241,T,스트라이크,129,체인지업,2,1,True,250809_200241,6,3,-0.292977,0.7083,3.433,1.665,-115.746,-1.1709,5.93394,5.95537,50.0,-1.61586,-13.3083,25.5523,-21.7118,L
20250809OBWO0,2025,6,bottom,65,4,9번타자 박주홍,50357,박주홍,68249,박신지,374,4,250809_200301,F,파울,130,체인지업,2,2,True,250809_200301,6,4,0.210511,0.7083,3.433,1.665,-117.223,-4.1237,5.78256,5.7042,50.0,-1.36518,-10.0615,27.9285,-22.7314,L
20250809OBWO0,2025,6,bottom,65,4,9번타자 박주홍,50357,박주홍,68249,박신지,375,5,250809_200335,H,타격,150,직구,2,2,True,250809_200335,6,5,0.09299,0.7083,3.433,1.665,-134.093,-4.33617,6.99559,5.77096,50.0,-1.64306,-12.9538,33.7684,-11.7754,L
20250809OBWO0,2025,6,bottom,66,5,1번타자 송성문,65357,송성문,68249,박신지,379,1,250809_200417,B,볼,130,슬라이더,1,0,True,250809_200417,6,1,1.487,0.7083,3.331,1.615,-116.706,-5.2597,6.74632,5.70407,50.0,-1.63934,1.13804,28.3631,-28.0622,L
20250809OBWO0,2025,6,bottom,66,5,1번타자 송성문,65357,송성문,68249,박신지,380,2,250809_200438,B,볼,127,체인지업,2,0,True,250809_200438,6,2,-1.79911,0.7083,3.331,1.615,-114.542,-0.539699,2.16734,6.00607,50.0,-1.73129,-10.2736,23.4589,-22.5881,L
20250809OBWO0,2025,6,bottom,66,5,1번타자 송성문,65357,송성문,68249,박신지,381,3,250809_200502,T,스트라이크,145,직구,2,1,True,250809_200502,6,3,0.476309,0.7083,3.331,1.615,-130.712,-5.96141,6.11773,5.82358,50.0,-1.4756,-6.00487,31.5506,-11.9416,L
20250809OBWO0,2025,6,bottom,66,5,1번타자 송성문,65357,송성문,68249,박신지,382,4,250809_200525,B,볼,129,체인지업,3,1,True,250809_200525,6,4,1.16186,0.7083,3.331,1.615,-114.997,-8.98542,8.3955,5.69451,50.0,-1.42687,-11.6878,22.3394,-17.3382,L
20250809OBWO0,2025,6,bottom,66,5,1번타자 송성문,65357,송성문,68249,박신지,384,5,250809_200559,S,헛스윙,127,체인지업,3,2,True,250809_200559,6,5,0.000483,0.7083,3.331,1.615,-113.974,-5.8002,5.79757,5.70436,50.0,-1.58869,-10.1187,23.7051,-19.8544,L
20250809OBWO0,2025,6,bottom,66,5,1번타자 송성문,65357,송성문,68249,박신지,385,6,250809_200625,S,헛스윙,129,체인지업,3,3,True,250809_200625,6,6,-0.706877,0.7083,3.331,1.615,-116.652,-1.20985,4.20273,5.82385,50.0,-1.65217,-9.34195,27.606,-22.4479,L
20250809OBWO0,2025,7,top,68,1,1번타자 정수빈,79231,정수빈,53301,박윤성,389,1,250809_200836,B,볼,143,직구,1,0,True,250809_200836,7,1,-0.554215,0.7083,3.219,1.561,-128.218,-1.18575,1.61381,5.64858,50.0,-0.844108,-4.43849,29.6875,-12.2616,L
20250809OBWO0,2025,7,top,68,1,1번타자 정수빈,79231,정수빈,53301,박윤성,390,2,250809_200852,B,볼,141,직구,2,0,True,250809_200852,7,2,-0.020412,0.7083,3.219,1.561,-127.185,-2.31816,3.55076,5.52304,50.0,-0.880176,-7.07995,31.9243,-10.588,L
20250809OBWO0,2025,7,top,68,1,1번타자 정수빈,79231,정수빈,53301,박윤성,391,3,250809_200911,H,타격,141,직구,2,0,True,250809_200911,7,3,0.797367,0.7083,3.219,1.561,-127.121,-5.37258,4.1995,5.32582,50.0,-0.620646,-3.54988,30.9626,-11.6164,L
20250809OBWO0,2025,7,top,69,2,2번타자 이유찬,67207,이유찬,53301,박윤성,394,1,250809_200954,B,볼,133,슬라이더,1,0,True,250809_200954,7,1,0.003303,0.7083,3.239,1.571,-119.301,-4.17882,1.6204,5.38463,50.0,-0.902706,2.18955,24.8369,-24.6408,R
20250809OBWO0,2025,7,top,69,2,2번타자 이유찬,67207,이유찬,53301,박윤성,395,2,250809_201016,H,타격,143,직구,1,0,True,250809_201016,7,2,-0.059946,0.7083,3.239,1.571,-127.646,-7.22128,2.38053,5.28668,50.0,-0.666149,-4.36409,29.3213,-9.16971,R
20250809OBWO0,2025,7,top,70,3,3번타자 케이브,55208,케이브,53301,박윤성,399,1,250809_201108,B,볼,143,직구,1,0,True,250809_201108,7,1,-0.92101,0.7083,3.376,1.638,-129.727,-5.03728,0.55074,5.38311,50.0,-0.679947,-5.71222,36.1123,-9.84661,L
20250809OBWO0,2025,7,top,70,3,3번타자 케이브,55208,케이브,53301,박윤성,400,2,250809_201132,H,타격,142,직구,1,0,True,250809_201132,7,2,0.602576,0.7083,3.376,1.638,-127.435,-6.75005,4.21874,5.34907,50.0,-0.612861,-6.03725,29.8531,-8.33929,L
20250809OBWO0,2025,7,top,71,4,4번타자 양의지,76232,양의지,53301,박윤성,403,1,250809_201218,B,볼,142,직구,1,0,True,250809_201218,7,1,-0.096561,0.7083,3.325,1.613,-127.958,-1.54013,2.27652,5.51481,50.0,-0.633645,-4.68902,29.5614,-11.1377,R
20250809OBWO0,2025,7,top,71,4,4번타자 양의지,76232,양의지,53301,박윤성,404,2,250809_201241,F,파울,142,직구,1,1,True,250809_201241,7,2,-0.107764,0.7083,3.325,1.613,-128.92,-3.74851,2.96642,5.40054,50.0,-0.68654,-7.59444,32.6068,-14.2768,R
20250809OBWO0,2025,7,top,71,4,4번타자 양의지,76232,양의지,53301,박윤성,405,3,250809_201312,B,볼,143,직구,2,1,True,250809_201312,7,3,1.76249,0.7083,3.325,1.613,-128.574,-4.61016,5.43654,5.38498,50.0,-0.250386,-2.2826,33.3746,-9.08135,R
20250809OBWO0,2025,7,top,71,4,4번타자 양의지,76232,양의지,53301,박윤성,406,4,250809_201335,H,타격,125,커브,2,1,True,250809_201335,7,4,0.625472,0.7083,3.325,1.613,-112.772,2.55322,0.51044,5.73056,50.0,-0.515089,8.45075,26.9271,-39.9979,R
20250809OBWO0,2025,7,top,72,5,5번타자 박준순,55252,박준순,76118,원종현,411,1,250809_201639,B,볼,137,슬라이더,1,0,True,250809_201639,7,1,1.63277,0.7083,3.27,1.586,-123.067,-4.3513,4.93316,5.02442,50.0,-1.01187,6.39286,28.6344,-21.7553,R
20250809OBWO0,2025,7,top,72,5,5번타자 박준순,55252,박준순,76118,원종현,412,2,250809_201656,S,헛스윙,136,슬라이더,1,1,True,250809_201656,7,2,0.577106,0.7083,3.27,1.586,-122.833,-3.14271,2.90259,5.05055,50.0,-1.03164,4.37493,27.0689,-23.5505,R
20250809OBWO0,2025,7,top,72,5,5번타자 박준순,55252,박준순,76118,원종현,413,3,250809_201718,H,타격,145,직구,1,1,True,250809_201718,7,3,0.253785,0.7083,3.27,1.586,-130.624,-5.55816,5.37773,5.00228,50.0,-0.953051,-11.7665,30.7247,-12.8844,R
20250809OBWO0,2025,7,bottom,74,1,2번타자 임지열,64340,임지열,67266,박치국,418,1,250809_202001,T,스트라이크,145,직구,0,1,True,250809_202001,7,1,0.315167,0.7083,3.292,1.597,-130.227,0.231803,9.30906,4.55301,50.0,-1.96479,-18.0363,34.464,-20.7696,R
20250809OBWO0,2025,7,bottom,74,1,2번타자 임지열,64340,임지열,67266,박치국,419,2,250809_202015,F,파울,142,투심,0,2,True,250809_202015,7,2,-0.375569,0.7083,3.292,1.597,-127.322,-1.88717,6.94161,4.61291,50.0,-1.81002,-16.7903,28.8733,-21.7944,R
20250809OBWO0,2025,7,bottom,74,1,2번타자 임지열,64340,임지열,67266,박치국,420,3,250809_202031,T,스트라이크,145,직구,0,3,True,250809_202031,7,3,0.890848,0.7083,3.292,1.597,-129.511,-0.982772,9.23621,4.47481,50.0,-1.72922,-13.4194,31.0825,-15.2888,R
20250809OBWO0,2025,7,bottom,75,2,3번타자 최주환,76267,최주환,67266,박치국,423,1,250809_202101,B,볼,144,직구,1,0,True,250809_202101,7,1,-0.886346,0.7083,3.228,1.566,-129.629,1.46559,5.68665,4.40571,50.0,-2.11629,-13.0648,33.5036,-19.7725,L
20250809OBWO0,2025,7,bottom,75,2,3번타자 최주환,76267,최주환,67266,박치국,424,2,250809_202116,B,볼,130,체인지업,2,0,True,250809_202116,7,2,0.196428,0.7083,3.228,1.566,-116.015,4.49238,7.58998,4.92447,50.0,-1.8764,-13.1643,22.794,-28.4481,L
20250809OBWO0,2025,7,bottom,75,2,3번타자 최주환,76267,최주환,67266,박치국,425,3,250809_202131,F,파울,144,직구,2,1,True,250809_202131,7,3,-0.438588,0.7083,3.228,1.566,-128.689,-1.00888,6.83362,4.40189,50.0,-2.03947,-14.1993,31.6194,-16.8337,L
20250809OBWO0,2025,7,bottom,75,2,3번타자 최주환,76267,최주환,67266,박치국,426,4,250809_202149,F,파울,146,직구,2,2,True,250809_202149,7,4,-0.952484,0.7083,3.228,1.566,-131.034,-1.11952,6.54586,4.4532,50.0,-2.16657,-17.5769,32.7522,-19.7131,L
20250809OBWO0,2025,7,bottom,75,2,3번타자 최주환,76267,최주환,67266,박치국,427,5,250809_202207,S,헛스윙,130,커브,2,3,True,250809_202207,7,5,0.833367,0.7083,3.228,1.566,-115.995,1.47399,4.50726,4.63118,50.0,-2.24024,11.0274,20.7402,-21.8012,L
20250809OBWO0,2025,7,bottom,76,3,4번타자 카디네스,54444,카디네스,67266,박치국,430,1,250809_202249,B,볼,128,커브,1,0,True,250809_202249,7,1,2.22615,0.7083,3.4,1.649,-115.398,1.96057,7.04029,4.52324,50.0,-2.2577,13.0733,25.4181,-23.5736,R
20250809OBWO0,2025,7,bottom,76,3,4번타자 카디네스,54444,카디네스,67266,박치국,431,2,250809_202303,H,타격,146,투심,1,0,True,250809_202303,7,2,-0.327946,0.7083,3.4,1.649,-130.732,-0.483983,7.3141,4.37254,50.0,-2.06543,-14.7678,30.5952,-25.4543,R
20250809OBWO0,2025,8,top,78,1,6번타자 오명진,50208,오명진,76118,원종현,435,1,250809_202515,T,스트라이크,133,슬라이더,0,1,True,250809_202515,8,1,-0.34942,0.7083,3.29,1.596,-119.409,-2.24809,1.77663,5.09087,50.0,-1.3301,2.35369,21.8503,-25.1263,L
20250809OBWO0,2025,8,top,78,1,6번타자 오명진,50208,오명진,76118,원종현,436,2,250809_202529,B,볼,134,포크,1,1,True,250809_202529,8,2,-0.476367,0.7083,3.29,1.596,-121.128,-3.0562,4.22957,5.13684,50.0,-1.2353,-11.4631,30.2521,-29.876,L
20250809OBWO0,2025,8,top,78,1,6번타자 오명진,50208,오명진,76118,원종현,437,3,250809_202548,B,볼,137,슬라이더,2,1,True,250809_202548,8,3,0.916188,0.7083,3.29,1.596,-123.799,-3.79148,4.30758,4.96153,50.0,-1.28628,4.40024,31.7088,-24.0316,L
20250809OBWO0,2025,8,top,78,1,6번타자 오명진,50208,오명진,76118,원종현,438,4,250809_202605,T,스트라이크,145,직구,2,2,True,250809_202605,8,4,0.192887,0.7083,3.29,1.596,-131.028,-5.79727,4.06051,4.84634,50.0,-1.07458,-4.33893,32.9147,-12.4938,L
20250809OBWO0,2025,8,top,78,1,6번타자 오명진,50208,오명진,76118,원종현,439,5,250809_202626,T,스트라이크,136,포크,2,3,True,250809_202626,8,5,-0.740185,0.7083,3.29,1.596,-121.997,-1.01241,2.2142,5.15864,50.0,-1.08797,-6.57836,26.4913,-25.6631,L
20250809OBWO0,2025,8,top,79,2,7번타자 박계범,64468,박계범,76118,원종현,442,1,250809_202655,T,스트라이크,146,직구,0,1,True,250809_202655,8,1,0.264607,0.7083,3.283,1.592,-131.817,-4.6594,5.63873,4.95982,50.0,-0.956726,-12.8846,33.393,-14.8432,R
20250809OBWO0,2025,8,top,79,2,7번타자 박계범,64468,박계범,76118,원종현,443,2,250809_202716,B,볼,146,직구,1,1,True,250809_202716,8,2,0.756316,0.7083,3.283,1.592,-131.011,-8.45387,5.08353,4.91444,50.0,-0.891614,-4.53305,28.508,-8.11069,R
20250809OBWO0,2025,8,top,79,2,7번타자 박계범,64468,박계범,76118,원종현,444,3,250809_202733,S,헛스윙,137,슬라이더,1,2,True,250809_202733,8,3,1.11873,0.7083,3.283,1.592,-123.537,-1.6601,4.36333,5.0464,50.0,-0.946748,2.85584,25.0243,-23.2334,R
20250809OBWO0,2025,8,top,79,2,7번타자 박계범,64468,박계범,76118,원종현,445,4,250809_202754,F,파울,146,직구,1,2,True,250809_202754,8,4,-0.100239,0.7083,3.283,1.592,-130.937,-2.54072,2.86826,5.0839,50.0,-0.973251,-3.33142,31.0708,-11.699,R
20250809OBWO0,2025,8,top,79,2,7번타자 박계범,64468,박계범,76118,원종현,446,5,250809_202817,B,볼,136,슬라이더,2,2,True,250809_202817,8,5,1.97308,0.7083,3.283,1.592,-122.506,-1.16248,5.76155,5.18371,50.0,-0.939343,5.4112,26.8992,-21.9596,R
20250809OBWO0,2025,8,top,79,2,7번타자 박계범,64468,박계범,76118,원종현,447,6,250809_202835,F,파울,135,슬라이더,2,2,True,250809_202835,8,6,-0.617806,0.7083,3.283,1.592,-121.058,-1.45308,0.87263,5.14068,50.0,-1.23265,2.66085,26.1227,-25.688,R
20250809OBWO0,2025,8,top,79,2,7번타자 박계범,64468,박계범,76118,원종현,448,7,250809_202901,B,볼,144,직구,3,2,True,250809_202901,8,7,-0.321651,0.7083,3.283,1.592,-129.557,0.864873,2.23968,5.13275,50.0,-1.01515,-2.51142,29.9041,-18.2177,R
20250809OBWO0,2025,8,top,79,2,7번타자 박계범,64468,박계범,76118,원종현,449,8,250809_202921,F,파울,143,직구,3,2,True,250809_202921,8,8,-0.210866,0.7083,3.283,1.592,-128.95,-3.09853,3.1125,4.89454,50.0,-1.1066,-4.38104,29.9134,-20.1526,R
20250809OBWO0,2025,8,top,79,2,7번타자 박계범,64468,박계범,76118,원종현,450,9,250809_202947,B,볼,144,직구,4,2,True,250809_202947,8,9,-0.912511,0.7083,3.283,1.592,-129.912,0.211223,0.15751,5.07476,50.0,-0.977878,0.034459,30.0199,-18.7208,R
20250809OBWO0,2025,8,top,80,3,8번타자 강승호,63123,강승호,76118,원종현,454,1,250809_203035,B,볼,135,슬라이더,1,0,True,250809_203035,8,1,-0.809761,0.7083,3.289,1.595,-120.765,1.48587,-0.508257,5.22872,50.0,-1.06909,5.25694,22.9175,-26.0456,R
20250809OBWO0,2025,8,top,80,3,8번타자 강승호,63123,강승호,76118,원종현,455,2,250809_203056,B,볼,136,슬라이더,2,0,True,250809_203056,8,2,1.06554,0.7083,3.289,1.595,-122.248,-2.66334,4.18952,4.98057,50.0,-1.00499,3.37242,26.2994,-25.2451,R
20250809OBWO0,2025,8,top,80,3,8번타자 강승호,63123,강승호,76118,원종현,456,3,250809_203122,B,볼,145,직구,3,0,True,250809_203122,8,3,-0.913941,0.7083,3.289,1.595,-129.958,-1.13916,1.7265,5.06553,50.0,-1.11509,-6.15551,27.495,-14.0029,R
20250809OBWO0,2025,8,top,80,3,8번타자 강승호,63123,강승호,76118,원종현,458,4,250809_203159,T,스트라이크,145,직구,3,1,True,250809_203159,8,4,-0.134424,0.7083,3.289,1.595,-130.885,-1.80178,3.75168,4.88884,50.0,-1.0479,-7.29754,32.365,-19.2237,R
20250809OBWO0,2025,8,top,80,3,8번타자 강승호,63123,강승호,76118,원종현,459,5,250809_203222,H,타격,136,슬라이더,3,1,True,250809_203222,8,5,-0.299676,0.7083,3.289,1.595,-122.493,-1.19334,0.842508,4.97542,50.0,-1.17217,5.84694,25.5655,-25.9774,R
20250809OBWO0,2025,8,top,81,4,9번타자 추재현,68362,추재현,76118,원종현,463,1,250809_203324,B,볼,144,직구,1,0,True,250809_203324,8,1,-1.42729,0.7083,3.278,1.59,-130.37,-2.91322,0.318669,4.99946,50.0,-1.15239,-5.0767,32.4637,-17.0966,L
20250809OBWO0,2025,8,top,81,4,9번타자 추재현,68362,추재현,76118,원종현,464,2,250809_203342,T,스트라이크,144,직구,1,1,True,250809_203342,8,2,-0.816246,0.7083,3.278,1.59,-129.833,-4.26156,1.6925,4.92379,50.0,-1.17216,-4.01202,31.0038,-16.9328,L
20250809OBWO0,2025,8,top,81,4,9번타자 추재현,68362,추재현,76118,원종현,465,3,250809_203358,H,타격,134,슬라이더,1,1,True,250809_203358,8,3,0.263173,0.7083,3.278,1.59,-120.567,-2.08916,2.54167,5.0808,50.0,-1.30204,5.16153,26.3901,-23.1056,L
20250809OBWO0,2025,8,top,82,5,1번타자 정수빈,79231,정수빈,76118,원종현,468,1,250809_203442,B,볼,134,슬라이더,1,0,True,250809_203442,8,1,-1.06945,0.7083,3.219,1.561,-120.689,0.697896,-0.485503,5.08485,50.0,-1.35607,5.3594,28.1076,-27.1345,L
20250809OBWO0,2025,8,top,82,5,1번타자 정수빈,79231,정수빈,76118,원종현,469,2,250809_203458,T,스트라이크,134,슬라이더,1,1,True,250809_203458,8,2,0.142929,0.7083,3.219,1.561,-121.166,-2.78197,3.42903,5.00114,50.0,-1.24221,-0.884336,27.4478,-23.5649,L
20250809OBWO0,2025,8,top,82,5,1번타자 정수빈,79231,정수빈,76118,원종현,470,3,250809_203515,B,볼,143,직구,2,1,True,250809_203515,8,3,-1.21765,0.7083,3.219,1.561,-129.496,-3.64443,0.022526,4.91062,50.0,-1.22603,-0.008311,33.6781,-17.051,L
20250809OBWO0,2025,8,top,82,5,1번타자 정수빈,79231,정수빈,76118,원종현,471,4,250809_203533,H,타격,143,직구,2,1,True,250809_203533,8,4,-0.353539,0.7083,3.219,1.561,-128.595,-4.4806,3.24168,4.88157,50.0,-1.12396,-6.58789,28.7231,-19.4967,L
20250809OBWO0,2025,8,bottom,84,1,5번타자 김태진,64984,김태진,72523,고효준,478,1,250809_203811,T,스트라이크,144,직구,0,1,True,250809_203811,8,1,-0.519995,0.7083,3.12,1.513,-129.376,-5.14534,-6.68784,5.45635,50.0,1.50665,8.15141,32.2732,-6.71247,L
20250809OBWO0,2025,8,bottom,84,1,5번타자 김태진,64984,김태진,72523,고효준,479,2,250809_203828,S,헛스윙,126,커브,0,2,True,250809_203828,8,2,-0.001498,0.7083,3.12,1.513,-114.538,-1.00952,-4.35893,5.6669,50.0,1.82719,1.5476,28.7651,-37.8767,L
20250809OBWO0,2025,8,bottom,84,1,5번타자 김태진,64984,김태진,72523,고효준,481,3,250809_203854,B,볼,126,커브,1,2,True,250809_203854,8,3,-0.202946,0.7083,3.12,1.513,-113.123,-3.84062,-3.9332,5.44842,50.0,1.63394,-0.179695,27.9742,-38.7705,L
20250809OBWO0,2025,8,bottom,84,1,5번타자 김태진,64984,김태진,72523,고효준,482,4,250809_203921,B,볼,130,슬라이더,2,2,True,250809_203921,8,4,1.4757,0.7083,3.12,1.513,-116.599,-0.689984,-2.55067,5.65406,50.0,1.98711,6.30376,23.9905,-27.2681,L
20250809OBWO0,2025,8,bottom,84,1,5번타자 김태진,64984,김태진,72523,고효준,483,5,250809_203944,H,타격,125,커브,2,2,True,250809_203944,8,5,0.596142,0.7083,3.12,1.513,-113.174,0.664902,-3.12158,5.72275,50.0,1.76307,2.50347,24.1415,-37.1671,L
20250809OBWO0,2025,8,bottom,85,2,6번타자 이주형,50167,이주형,72523,고효준,486,1,250809_204031,H,타격,130,슬라이더,0,0,True,250809_204031,8,1,0.774209,0.7083,3.325,1.613,-117.226,-0.541006,-3.7246,5.75719,50.0,1.93707,4.98071,28.0228,-27.5976,L
20250809OBWO0,2025,8,bottom,86,3,7번타자 고영우,54344,고영우,67263,최원준,492,1,250809_204327,S,헛스윙,137,슬라이더,0,1,True,250809_204327,8,1,1.05604,0.7083,3.141,1.523,-122.901,-2.34716,9.2555,4.51304,50.0,-2.1565,-7.60774,25.5874,-16.9481,R
20250809OBWO0,2025,8,bottom,86,3,7번타자 고영우,54344,고영우,67263,최원준,494,2,250809_204407,B,볼,136,슬라이더,1,1,True,250809_204407,8,2,2.49823,0.7083,3.141,1.523,-122.144,-2.26987,12.5552,4.46978,50.0,-2.19533,-6.88227,26.3452,-19.5124,R
20250809OBWO0,2025,8,bottom,86,3,7번타자 고영우,54344,고영우,67263,최원준,495,3,250809_204431,B,볼,144,직구,2,1,True,250809_204431,8,3,-0.890559,0.7083,3.141,1.523,-128.571,1.8842,6.97805,4.56418,50.0,-2.4441,-15.4954,30.4409,-16.6109,R
20250809OBWO0,2025,8,bottom,86,3,7번타자 고영우,54344,고영우,67263,최원준,498,4,250809_204541,B,볼,134,슬라이더,3,1,True,250809_204541,8,4,-0.391806,0.7083,3.141,1.523,-120.212,2.65603,5.73523,4.53969,50.0,-2.53043,-3.44967,23.5481,-20.6909,R
20250809OBWO0,2025,8,bottom,86,3,7번타자 고영우,54344,고영우,67263,최원준,499,5,250809_204607,S,헛스윙,135,슬라이더,3,2,True,250809_204607,8,5,1.3767,0.7083,3.141,1.523,-122.149,-2.67085,9.68258,4.40776,50.0,-2.4385,-3.30888,28.8738,-19.7542,R
20250809OBWO0,2025,8,bottom,86,3,7번타자 고영우,54344,고영우,67263,최원준,502,6,250809_204719,F,파울,133,슬라이더,3,2,True,250809_204719,8,6,0.898706,0.7083,3.141,1.523,-119.946,0.774985,7.73001,4.42538,50.0,-2.42752,0.036168,24.5601,-20.6469,R
20250809OBWO0,2025,8,bottom,86,3,7번타자 고영우,54344,고영우,67263,최원준,504,7,250809_204831,F,파울,137,슬라이더,3,2,True,250809_204831,8,7,1.55998,0.7083,3.141,1.523,-123.057,-0.928619,11.0269,4.54901,50.0,-2.2277,-9.67453,28.8721,-21.4194,R
20250809OBWO0,2025,8,bottom,86,3,7번타자 고영우,54344,고영우,67263,최원준,505,8,250809_204908,H,타격,138,슬라이더,3,2,True,250809_204908,8,8,0.495506,0.7083,3.141,1.523,-123.758,-1.82623,8.64011,4.5367,50.0,-2.31522,-9.08185,25.9401,-20.8756,R
20250809OBWO0,2025,8,bottom,88,4,대타 김건희,53312,김건희,67263,최원준,509,1,250809_204950,H,타격,143,직구,0,0,True,250809_204950,8,1,-0.743435,0.7083,3.387,1.643,-127.647,-1.48315,7.77829,4.26524,50.0,-2.57715,-16.0539,29.4707,-17.7181,R
20250809OBWO0,2025,9,top,90,1,2번타자 이유찬,67207,이유찬,52395,윤석원,515,1,250809_205224,B,볼,145,직구,1,0,True,250809_205224,9,1,-0.067915,0.7083,3.239,1.571,-129.281,-5.28349,-3.37852,6.06938,50.0,1.0509,2.87291,28.44,-4.9615,R
20250809OBWO0,2025,9,top,90,1,2번타자 이유찬,67207,이유찬,52395,윤석원,516,2,250809_205245,B,볼,145,직구,2,0,True,250809_205245,9,2,-1.62602,0.7083,3.239,1.571,-130.591,-6.21872,-8.35913,5.91902,50.0,0.93619,9.65276,33.8154,-9.34432,R
20250809OBWO0,2025,9,top,90,1,2번타자 이유찬,67207,이유찬,52395,윤석원,517,3,250809_205304,F,파울,143,직구,2,1,True,250809_205304,9,3,-0.937656,0.7083,3.239,1.571,-128.759,-6.90656,-7.01544,5.76529,50.0,1.09289,9.80729,31.8649,-10.6749,R
20250809OBWO0,2025,9,top,90,1,2번타자 이유찬,67207,이유찬,52395,윤석원,518,4,250809_205401,B,볼,125,슬라이더,3,1,True,250809_205401,9,4,1.03056,0.7083,3.239,1.571,-112.803,2.19982,-1.29119,6.21571,50.0,1.53981,0.792573,23.6793,-28.8988,R
20250809OBWO0,2025,9,top,90,1,2번타자 이유찬,67207,이유찬,52395,윤석원,519,5,250809_205417,H,타격,145,직구,3,1,True,250809_205417,9,5,-0.513832,0.7083,3.239,1.571,-130.176,-5.12156,-6.36746,5.82905,50.0,1.02323,12.5977,32.4291,-13.2249,R
20250809OBWO0,2025,9,top,91,2,3번타자 케이브,55208,케이브,52395,윤석원,522,1,250809_205500,B,볼,145,직구,1,0,True,250809_205500,9,1,-1.38027,0.7083,3.376,1.638,-129.743,-7.63284,-8.38991,5.68002,50.0,1.28182,8.5021,28.5093,-11.6677,L
20250809OBWO0,2025,9,top,91,2,3번타자 케이브,55208,케이브,52395,윤석원,523,2,250809_205519,S,헛스윙,130,슬라이더,1,1,True,250809_205519,9,2,0.648127,0.7083,3.376,1.638,-116.099,-4.45375,-2.5422,5.91756,50.0,1.51576,2.67821,25.1673,-23.5108,L
20250809OBWO0,2025,9,top,91,2,3번타자 케이브,55208,케이브,52395,윤석원,524,3,250809_205540,H,타격,144,직구,1,1,True,250809_205540,9,3,0.31369,0.7083,3.376,1.638,-129.168,-6.15418,-3.69404,5.8406,50.0,1.17001,7.76143,28.7409,-13.1683,L
20250809OBWO0,2025,9,top,92,3,4번타자 양의지,76232,양의지,52395,윤석원,527,1,250809_205645,B,볼,144,직구,1,0,True,250809_205645,9,1,-1.09329,0.7083,3.325,1.613,-130.365,-0.812471,-6.83216,5.92559,50.0,1.09946,6.79857,37.0057,-18.5257,R
20250809OBWO0,2025,9,top,92,3,4번타자 양의지,76232,양의지,52395,윤석원,528,2,250809_205707,H,타격,146,직구,1,0,True,250809_205707,9,2,0.522696,0.7083,3.325,1.613,-131.799,-5.74307,-3.73351,5.96474,50.0,1.18479,10.4136,36.4887,-10.0641,R
20250809OBWO0,2025,9,top,93,4,5번타자 박준순,55252,박준순,52395,윤석원,533,1,250809_205822,T,스트라이크,125,슬라이더,0,1,True,250809_205822,9,1,0.615264,0.7083,3.27,1.586,-112.815,-1.59934,-1.37346,6.01543,50.0,1.48863,-2.36528,21.1663,-27.8705,R
20250809OBWO0,2025,9,top,93,4,5번타자 박준순,55252,박준순,52395,윤석원,534,2,250809_205841,H,타격,129,슬라이더,0,1,True,250809_205841,9,2,0.215141,0.7083,3.27,1.586,-115.922,-1.26626,-1.22791,6.18938,50.0,1.18804,-4.32153,22.6855,-29.5933,R
20250809OBWO0,2025,9,top,94,5,6번타자 오명진,50208,오명진,52395,윤석원,539,1,250809_205957,B,볼,127,슬라이더,1,0,True,250809_205957,9,1,0.626266,0.7083,3.29,1.596,-114.853,-3.67077,-1.86906,5.98924,50.0,1.52366,-0.507389,26.0243,-28.8106,L
20250809OBWO0,2025,9,top,94,5,6번타자 오명진,50208,오명진,52395,윤석원,540,2,250809_210016,F,파울,141,직구,1,1,True,250809_210016,9,2,0.459086,0.7083,3.29,1.596,-127.744,-5.36178,-4.12624,5.84153,50.0,1.38286,9.12866,34.1759,-13.5506,L
20250809OBWO0,2025,9,top,94,5,6번타자 오명진,50208,오명진,52395,윤석원,541,3,250809_210041,T,스트라이크,144,직구,1,2,True,250809_210041,9,3,-0.162493,0.7083,3.29,1.596,-129.381,-5.15859,-4.72452,5.99942,50.0,1.11817,7.63646,32.3091,-7.20438,L
20250809OBWO0,2025,9,top,94,5,6번타자 오명진,50208,오명진,52395,윤석원,542,4,250809_210103,F,파울,130,슬라이더,1,2,True,250809_210103,9,4,0.610315,0.7083,3.29,1.596,-117.605,-4.06085,-1.95413,5.88766,50.0,1.35891,1.19472,28.7204,-31.3404,L
20250809OBWO0,2025,9,top,94,5,6번타자 오명진,50208,오명진,52395,윤석원,543,5,250809_210141,H,타격,132,슬라이더,1,2,True,250809_210141,9,5,-0.068194,0.7083,3.29,1.596,-119.418,-4.4437,-3.62924,5.84379,50.0,1.32923,1.95939,29.7229,-25.7386,L
20250809OBWO0,2025,9,top,95,6,7번타자 조수행,66209,조수행,52395,윤석원,549,1,250809_210319,T,스트라이크,129,슬라이더,0,1,True,250809_210319,9,1,0.678624,0.7083,3.294,1.598,-115.961,-0.241459,-2.39733,5.9954,50.0,1.52695,2.2248,24.6911,-28.9711,L
20250809OBWO0,2025,9,top,95,6,7번타자 조수행,66209,조수행,52395,윤석원,550,2,250809_210340,F,파울,128,슬라이더,0,2,True,250809_210340,9,2,-0.404589,0.7083,3.294,1.598,-116.247,-3.09841,-3.84791,5.82717,50.0,1.3636,-0.476727,26.8699,-30.4894,L
20250809OBWO0,2025,9,top,95,6,7번타자 조수행,66209,조수행,52395,윤석원,551,3,250809_210412,S,헛스윙,130,슬라이더,0,3,True,250809_210412,9,3,-0.104646,0.7083,3.294,1.598,-117.07,-5.7809,-2.86697,5.87336,50.0,1.31595,-1.53914,26.0421,-28.5854,L
20250809OBWO0,2025,9,top,96,7,8번타자 강승호,63123,강승호,52395,윤석원,554,1,250809_210502,B,볼,145,직구,1,0,True,250809_210502,9,1,1.36271,0.7083,3.289,1.595,-131.057,-6.46931,-0.738414,5.87438,50.0,1.24657,5.21193,33.1238,-6.73443,R
20250809OBWO0,2025,9,top,96,7,8번타자 강승호,63123,강승호,52395,윤석원,555,2,250809_210524,F,파울,144,직구,1,1,True,250809_210524,9,2,0.640992,0.7083,3.289,1.595,-129.632,-5.48007,-2.9999,5.90886,50.0,1.23304,7.59932,30.3793,-9.43914,R
20250809OBWO0,2025,9,top,96,7,8번타자 강승호,63123,강승호,52395,윤석원,556,3,250809_210551,T,스트라이크,117,커브,1,2,True,250809_210551,9,3,0.428173,0.7083,3.289,1.595,-105.586,1.9422,-0.651697,6.3227,50.0,1.37145,-5.09805,23.3278,-34.9262,R
20250809OBWO0,2025,9,top,96,7,8번타자 강승호,63123,강승호,52395,윤석원,557,4,250809_210615,H,타격,145,직구,1,2,True,250809_210615,9,4,0.521389,0.7083,3.289,1.595,-130.496,-7.17867,-3.5115,5.93106,50.0,1.08653,10.5208,31.5444,-7.85505,R
20250809OBWO0,2025,9,bottom,98,1,9번타자 박주홍,50357,박주홍,54263,김택연,564,1,250809_210842,F,파울,151,직구,0,1,True,250809_210842,9,1,-0.107661,0.7083,3.433,1.665,-136.206,-6.88452,3.96882,5.65193,50.0,-1.1771,-6.10844,36.552,-3.1629,L
20250809OBWO0,2025,9,bottom,98,1,9번타자 박주홍,50357,박주홍,54263,김택연,565,2,250809_210901,F,파울,152,직구,0,2,True,250809_210901,9,2,0.644613,0.7083,3.433,1.665,-137.514,-5.65303,5.07426,5.64907,50.0,-1.05219,-3.10849,37.9912,-6.69253,L
20250809OBWO0,2025,9,bottom,98,1,9번타자 박주홍,50357,박주홍,54263,김택연,566,3,250809_210923,H,타격,140,포크,0,2,True,250809_210923,9,3,-0.980882,0.7083,3.433,1.665,-126.198,-4.52356,2.04877,5.61932,50.0,-1.18089,-7.62257,28.266,-14.464,L
20250809OBWO0,2025,9,bottom,99,2,1번타자 송성문,65357,송성문,54263,김택연,569,1,250809_211004,B,볼,150,직구,1,0,True,250809_211004,9,1,0.028978,0.7083,3.331,1.615,-134.658,-3.51617,2.68549,5.75504,50.0,-1.14689,1.9625,32.7536,-2.9327,L
20250809OBWO0,2025,9,bottom,99,2,1번타자 송성문,65357,송성문,54263,김택연,570,2,250809_211023,F,파울,150,직구,1,1,True,250809_211023,9,2,0.473482,0.7083,3.331,1.615,-135.011,-5.69054,5.48273,5.60559,50.0,-1.15518,-6.37849,31.0861,-4.05699,L
20250809OBWO0,2025,9,bottom,99,2,1번타자 송성문,65357,송성문,54263,김택연,572,3,250809_211106,H,타격,151,직구,1,1,True,250809_211106,9,3,0.135003,0.7083,3.331,1.615,-135.191,-5.79341,3.18474,5.6084,50.0,-1.04696,-0.469649,32.0399,-3.61659,L
20250809OBWO0,2025,9,bottom,100,3,2번타자 임지열,64340,임지열,54263,김택연,575,1,250809_211141,B,볼,134,슬라이더,1,0,True,250809_211141,9,1,1.10372,0.7083,3.292,1.597,-120.354,-7.46075,4.3004,5.4656,50.0,-1.19399,4.96719,24.6429,-20.711,R
20250809OBWO0,2025,9,bottom,100,3,2번타자 임지열,64340,임지열,54263,김택연,576,2,250809_211210,B,볼,137,슬라이더,2,0,True,250809_211210,9,2,1.12507,0.7083,3.292,1.597,-122.955,-4.5078,5.00754,5.62842,50.0,-1.22062,2.80043,25.7159,-21.4552,R
20250809OBWO0,2025,9,bottom,100,3,2번타자 임지열,64340,임지열,54263,김택연,577,3,250809_211228,S,헛스윙,151,직구,2,1,True,250809_211228,9,3,0.776663,0.7083,3.292,1.597,-135.368,-6.19297,5.4223,5.59742,50.0,-1.0567,-3.22493,32.082,-2.64354,R
20250809OBWO0,2025,9,bottom,100,3,2번타자 임지열,64340,임지열,54263,김택연,578,4,250809_211246,B,볼,150,직구,3,1,True,250809_211246,9,4,0.98492,0.7083,3.292,1.597,-135.076,-5.21072,5.7304,5.67827,50.0,-1.06599,-1.8677,31.0038,-4.689,R
20250809OBWO0,2025,9,bottom,100,3,2번타자 임지열,64340,임지열,54263,김택연,579,5,250809_211313,S,헛스윙,151,직구,3,2,True,250809_211313,9,5,-0.189488,0.7083,3.292,1.597,-135.555,-5.271,2.57688,5.69284,50.0,-1.0723,-1.35942,32.1835,-4.19656,R
20250809OBWO0,2025,9,bottom,100,3,2번타자 임지열,64340,임지열,54263,김택연,581,6,250809_211351,F,파울,151,직구,3,2,True,250809_211351,9,6,-0.119319,0.7083,3.292,1.597,-135.997,-4.05355,2.91968,5.70596,50.0,-1.1274,-1.39822,32.7418,-6.09676,R
20250809OBWO0,2025,9,bottom,100,3,2번타자 임지열,64340,임지열,54263,김택연,582,7,250809_211416,H,타격,136,슬라이더,3,2,True,250809_211416,9,7,1.16502,0.7083,3.292,1.597,-123.305,-5.22537,4.23157,5.50998,50.0,-1.08657,5.39196,28.0592,-22.6245,R
20250809OBWO0,2025,9,bottom,102,4,2번타자 임지열,64340,임지열,54263,김택연,576,1,250809_211141,B,볼,134,슬라이더,1,0,True,250809_211141,9,1,1.10372,0.7083,3.292,1.597,-120.354,-7.46075,4.3004,5.4656,50.0,-1.19399,4.96719,24.6429,-20.711,R
20250809OBWO0,2025,9,bottom,102,4,2번타자 임지열,64340,임지열,54263,김택연,577,2,250809_211210,B,볼,137,슬라이더,2,0,True,250809_211210,9,2,1.12507,0.7083,3.292,1.597,-122.955,-4.5078,5.00754,5.62842,50.0,-1.22062,2.80043,25.7159,-21.4552,R
20250809OBWO0,2025,9,bottom,102,4,2번타자 임지열,64340,임지열,54263,김택연,578,3,250809_211228,S,헛스윙,151,직구,2,1,True,250809_211228,9,3,0.776663,0.7083,3.292,1.597,-135.368,-6.19297,5.4223,5.59742,50.0,-1.0567,-3.22493,32.082,-2.64354,R
20250809OBWO0,2025,9,bottom,102,4,2번타자 임지열,64340,임지열,54263,김택연,579,4,250809_211246,B,볼,150,직구,3,1,True,250809_211246,9,4,0.98492,0.7083,3.292,1.597,-135.076,-5.21072,5.7304,5.67827,50.0,-1.06599,-1.8677,31.0038,-4.689,R
20250809OBWO0,2025,9,bottom,102,4,2번타자 임지열,64340,임지열,54263,김택연,580,5,250809_211313,S,헛스윙,151,직구,3,2,True,250809_211313,9,5,-0.189488,0.7083,3.292,1.597,-135.555,-5.271,2.57688,5.69284,50.0,-1.0723,-1.35942,32.1835,-4.19656,R
20250809OBWO0,2025,9,bottom,102,4,2번타자 임지열,64340,임지열,54263,김택연,582,6,250809_211351,F,파울,151,직구,3,2,True,250809_211351,9,6,-0.119319,0.7083,3.292,1.597,-135.997,-4.05355,2.91968,5.70596,50.0,-1.1274,-1.39822,32.7418,-6.09676,R
20250809OBWO0,2025,9,bottom,102,4,2번타자 임지열,64340,임지열,54263,김택연,583,7,250809_211416,H,타격,136,슬라이더,3,2,True,250809_211416,9,7,1.16502,0.7083,3.292,1.597,-123.305,-5.22537,4.23157,5.50998,50.0,-1.08657,5.39196,28.0592,-22.6245,R
20240724WOOB0,2024,1,top,1,1,1번타자 이주형,50167,이주형,68220,곽빈,2,1,240724_183105,S,헛스윙,148,직구,0,1,True,240724_183105,1,1,-0.042624,0.7083,3.359,1.648,-134.963,-5.76102,3.75661,6.19013,50.0,-1.03707,-5.89558,19.0668,-14.4555,L
20240724WOOB0,2024,1,top,1,1,1번타자 이주형,50167,이주형,68220,곽빈,3,2,240724_183119,H,타격,148,직구,0,1,True,240724_183119,1,2,0.278702,0.7083,3.359,1.648,-135.011,-6.06567,4.71023,6.07776,50.0,-0.983433,-7.2365,23.1915,-14.3314,L
20240724WOOB0,2024,1,top,2,2,2번타자 도슨,53327,도슨,68220,곽빈,6,1,240724_183155,B,볼,148,직구,1,0,True,240724_183155,1,1,-1.61269,0.7083,3.365,1.65,-134.897,-4.74857,0.504812,6.1915,50.0,-1.05988,-10.2073,31.1307,-13.2943,L
20240724WOOB0,2024,1,top,2,2,2번타자 도슨,53327,도슨,68220,곽빈,7,2,240724_183212,S,헛스윙,137,슬라이더,1,1,True,240724_183212,1,2,-0.357816,0.7083,3.365,1.65,-124.949,-6.4993,2.04718,6.12484,50.0,-1.0073,-2.2402,21.1191,-28.4851,L
20240724WOOB0,2024,1,top,2,2,2번타자 도슨,53327,도슨,68220,곽빈,8,3,240724_183231,B,볼,125,체인지업,2,1,True,240724_183231,1,3,-1.02169,0.7083,3.365,1.65,-113.812,3.59698,2.19294,6.79902,50.0,-0.831983,-11.5525,21.3314,-27.889,L
20240724WOOB0,2024,1,top,2,2,2번타자 도슨,53327,도슨,68220,곽빈,9,4,240724_183251,S,헛스윙,127,체인지업,2,2,True,240724_183251,1,4,-0.790044,0.7083,3.365,1.65,-115.481,-4.45607,3.41763,6.31454,50.0,-0.942481,-13.8283,20.8841,-26.421,L
20240724WOOB0,2024,1,top,2,2,2번타자 도슨,53327,도슨,68220,곽빈,10,5,240724_183310,H,타격,129,체인지업,2,2,True,240724_183310,1,5,-1.21837,0.7083,3.365,1.65,-117.588,-2.98313,1.23806,6.25668,50.0,-0.954517,-8.51076,18.3233,-26.2328,L
20240724WOOB0,2024,1,top,3,3,3번타자 송성문,65357,송성문,68220,곽빈,14,1,240724_183354,T,스트라이크,136,슬라이더,0,1,True,240724_183354,1,1,0.128259,0.7083,3.407,1.671,-123.776,-3.68346,2.33518,6.1726,50.0,-0.964827,1.46534,23.1083,-29.363,L
20240724WOOB0,2024,1,top,3,3,3번타자 송성문,65357,송성문,68220,곽빈,15,2,240724_183412,H,타격,131,체인지업,0,1,True,240724_183412,1,2,0.459908,0.7083,3.407,1.671,-118.986,-3.36645,5.50314,6.421,50.0,-0.806212,-11.9068,21.99,-26.8352,L
20240724WOOB0,2024,1,top,4,4,4번타자 김혜성,67304,김혜성,68220,곽빈,19,1,240724_183502,B,볼,130,체인지업,1,0,True,240724_183502,1,1,-0.997752,0.7083,3.331,1.634,-118.627,-4.87222,2.19368,6.38524,50.0,-0.866995,-11.5139,22.6452,-20.792,L
20240724WOOB0,2024,1,top,4,4,4번타자 김혜성,67304,김혜성,68220,곽빈,20,2,240724_183518,B,볼,149,직구,2,0,True,240724_183518,1,2,-1.05647,0.7083,3.331,1.634,-135.977,-6.93186,2.83104,6.0734,50.0,-1.01596,-15.5278,30.2454,-12.1031,L
20240724WOOB0,2024,1,top,4,4,4번타자 김혜성,67304,김혜성,68220,곽빈,21,3,240724_183534,B,볼,150,직구,3,0,True,240724_183534,1,3,-1.2398,0.7083,3.331,1.634,-136.911,-4.25028,1.06291,6.20275,50.0,-1.04795,-8.37511,30.4926,-12.4618,L
20240724WOOB0,2024,1,top,4,4,4번타자 김혜성,67304,김혜성,68220,곽빈,22,4,240724_183552,T,스트라이크,148,직구,3,1,True,240724_183552,1,4,-0.294805,0.7083,3.331,1.634,-134.438,-8.09036,3.33743,6.06952,50.0,-0.84343,-9.95763,27.3515,-12.8472,L
20240724WOOB0,2024,1,top,4,4,4번타자 김혜성,67304,김혜성,68220,곽빈,23,5,240724_183611,T,스트라이크,135,슬라이더,3,2,True,240724_183611,1,5,0.648327,0.7083,3.331,1.634,-122.991,-4.18116,3.69799,6.17869,50.0,-0.898869,0.041444,23.4867,-30.5634,L
20240724WOOB0,2024,1,top,4,4,4번타자 김혜성,67304,김혜성,68220,곽빈,24,6,240724_183633,F,파울,122,커브,3,2,True,240724_183633,1,6,0.281101,0.7083,3.331,1.634,-111.021,-0.225977,0.964538,6.43397,50.0,-0.826739,6.15104,20.1835,-43.226,L
20240724WOOB0,2024,1,top,4,4,4번타자 김혜성,67304,김혜성,68220,곽빈,25,7,240724_183657,H,타격,151,직구,3,2,True,240724_183657,1,7,0.462201,0.7083,3.331,1.634,-137.064,-7.49068,5.91555,5.96777,50.0,-0.855784,-12.8294,32.7593,-14.3624,L
20240724WOOB0,2024,1,top,5,5,5번타자 최주환,76267,최주환,68220,곽빈,29,1,240724_183745,T,스트라이크,134,슬라이더,0,1,True,240724_183745,1,1,-0.183325,0.7083,3.272,1.605,-122.472,-2.47816,2.11,6.25664,50.0,-0.983036,-0.969272,23.5879,-30.3855,L
20240724WOOB0,2024,1,top,5,5,5번타자 최주환,76267,최주환,68220,곽빈,30,2,240724_183819,B,볼,137,슬라이더,1,1,True,240724_183819,1,2,0.891176,0.7083,3.272,1.605,-124.268,-7.43278,4.5451,6.03862,50.0,-0.919067,-0.766961,23.3446,-29.9473,L
20240724WOOB0,2024,1,top,5,5,5번타자 최주환,76267,최주환,68220,곽빈,31,3,240724_183900,T,스트라이크,127,체인지업,1,2,True,240724_183900,1,3,0.706209,0.7083,3.272,1.605,-115.318,-2.27465,5.91478,6.50818,50.0,-0.687252,-12.5036,18.6569,-22.9105,L
20240724WOOB0,2024,1,top,5,5,5번타자 최주환,76267,최주환,68220,곽빈,32,4,240724_183923,B,볼,150,직구,2,2,True,240724_183923,1,4,-0.997973,0.7083,3.272,1.605,-136.509,-10.0014,2.14085,6.02766,50.0,-1.04793,-10.7145,26.5328,-10.516,L
20240724WOOB0,2024,1,top,5,5,5번타자 최주환,76267,최주환,68220,곽빈,33,5,240724_183942,S,헛스윙,128,체인지업,2,3,True,240724_183942,1,5,0.167335,0.7083,3.272,1.605,-116.666,-5.85379,4.76959,6.29263,50.0,-0.702465,-12.6663,24.6912,-20.4402,L
20240724WOOB0,2024,1,top,6,6,6번타자 원성준,54307,원성준,68220,곽빈,36,1,240724_184012,T,스트라이크,137,슬라이더,0,1,True,240724_184012,1,1,0.499441,0.7083,3.335,1.636,-124.302,-4.9128,3.99947,6.17514,50.0,-1.00561,-1.72524,24.1436,-28.253,L
20240724WOOB0,2024,1,top,6,6,6번타자 원성준,54307,원성준,68220,곽빈,37,2,240724_184044,T,스트라이크,121,커브,0,2,True,240724_184044,1,2,-0.427324,0.7083,3.335,1.636,-109.845,0.08522,-0.471797,6.5037,50.0,-0.918951,6.54908,17.6085,-42.9259,L
20240724WOOB0,2024,1,top,6,6,6번타자 원성준,54307,원성준,68220,곽빈,38,3,240724_184103,S,헛스윙,151,직구,0,3,True,240724_184103,1,3,-0.977257,0.7083,3.335,1.636,-137.83,-6.16761,2.05281,6.07043,50.0,-1.07385,-9.65559,27.3781,-13.0779,L
20240724WOOB0,2024,1,bottom,8,1,1번타자 정수빈,79231,정수빈,64350,하영민,42,1,240724_184332,F,파울,144,직구,0,1,True,240724_184332,1,1,-0.663267,0.7083,3.278,1.608,-131.397,-4.26776,5.86563,5.67311,50.0,-1.97693,-12.801,24.9239,-16.9138,L
20240724WOOB0,2024,1,bottom,8,1,1번타자 정수빈,79231,정수빈,64350,하영민,43,2,240724_184356,B,볼,135,슬라이더,1,1,True,240724_184356,1,2,-0.582814,0.7083,3.278,1.608,-122.621,-4.27184,3.71623,5.4234,50.0,-1.99402,-1.57188,20.4084,-29.8549,L
20240724WOOB0,2024,1,bottom,8,1,1번타자 정수빈,79231,정수빈,64350,하영민,44,3,240724_184418,F,파울,136,슬라이더,1,2,True,240724_184418,1,3,0.160007,0.7083,3.278,1.608,-124.069,-4.00284,4.60721,5.62224,50.0,-1.84,1.17699,22.0152,-27.0563,L
20240724WOOB0,2024,1,bottom,8,1,1번타자 정수빈,79231,정수빈,64350,하영민,45,4,240724_184444,F,파울,133,포크,1,2,True,240724_184444,1,4,0.234621,0.7083,3.278,1.608,-121.429,-2.32823,6.9613,5.59706,50.0,-1.62842,-12.0022,17.9599,-27.5615,L
20240724WOOB0,2024,1,bottom,8,1,1번타자 정수빈,79231,정수빈,64350,하영민,46,5,240724_184511,F,파울,128,포크,1,2,True,240724_184511,1,5,-0.672768,0.7083,3.278,1.608,-116.859,-2.99596,4.8685,5.52197,50.0,-1.76665,-10.8266,19.693,-27.5276,L
20240724WOOB0,2024,1,bottom,8,1,1번타자 정수빈,79231,정수빈,64350,하영민,47,6,240724_184547,B,볼,137,슬라이더,2,2,True,240724_184547,1,6,-0.541558,0.7083,3.278,1.608,-125.073,1.32085,2.94638,5.64337,50.0,-1.94584,2.32134,24.06,-30.8778,L
20240724WOOB0,2024,1,bottom,8,1,1번타자 정수빈,79231,정수빈,64350,하영민,48,7,240724_184612,S,헛스윙,133,포크,2,3,True,240724_184612,1,7,0.116049,0.7083,3.278,1.608,-120.5,-4.8216,6.49175,5.56455,50.0,-1.70125,-10.4352,21.7056,-25.3749,L
20240724WOOB0,2024,1,bottom,9,2,2번타자 이유찬,67207,이유찬,64350,하영민,51,1,240724_184646,B,볼,130,슬라이더,1,0,True,240724_184646,1,1,0.970986,0.7083,3.294,1.616,-118.109,-2.89674,6.47912,5.52899,50.0,-1.76161,-0.826934,20.6177,-28.6082,R
20240724WOOB0,2024,1,bottom,9,2,2번타자 이유찬,67207,이유찬,64350,하영민,52,2,240724_184701,T,스트라이크,136,슬라이더,1,1,True,240724_184701,1,2,0.681122,0.7083,3.294,1.616,-124.161,-1.82274,6.01069,5.53926,50.0,-1.73327,-0.667079,20.662,-26.8878,R
20240724WOOB0,2024,1,bottom,9,2,2번타자 이유찬,67207,이유찬,64350,하영민,53,3,240724_184718,T,스트라이크,136,슬라이더,1,2,True,240724_184718,1,3,0.429598,0.7083,3.294,1.616,-124.013,-1.46698,5.15523,5.68117,50.0,-1.7477,0.643894,20.9005,-25.6106,R
20240724WOOB0,2024,1,bottom,9,2,2번타자 이유찬,67207,이유찬,64350,하영민,54,4,240724_184738,H,타격,125,커브,1,2,True,240724_184738,1,4,0.799121,0.7083,3.294,1.616,-113.512,0.893699,5.44925,5.78426,50.0,-1.54991,-1.14097,20.2549,-38.9603,R
20240724WOOB0,2024,1,bottom,10,3,3번타자 허경민,79240,허경민,64350,하영민,57,1,240724_184834,T,스트라이크,140,슬라이더,0,1,True,240724_184834,1,1,0.261853,0.7083,3.307,1.622,-126.983,-3.19376,5.58477,5.5294,50.0,-1.89413,-1.24874,25.0877,-26.2241,R
20240724WOOB0,2024,1,bottom,10,3,3번타자 허경민,79240,허경민,64350,하영민,58,2,240724_184856,F,파울,120,커브,0,2,True,240724_184856,1,2,-0.38691,0.7083,3.307,1.622,-109.664,1.42077,2.53597,5.79871,50.0,-1.83455,2.41517,17.616,-40.8176,R
20240724WOOB0,2024,1,bottom,10,3,3번타자 허경민,79240,허경민,64350,하영민,59,3,240724_184942,H,타격,139,슬라이더,0,2,True,240724_184942,1,3,-0.036554,0.7083,3.307,1.622,-126.903,-1.88366,4.55156,5.54269,50.0,-1.66333,-2.67227,26.6944,-23.9005,R
20240724WOOB0,2024,1,bottom,11,4,4번타자 양의지,76232,양의지,64350,하영민,65,1,240724_185244,T,스트라이크,120,커브,0,1,True,240724_185244,1,1,-0.452183,0.7083,3.385,1.66,-109.641,3.89419,1.77082,5.90453,50.0,-1.59295,2.93224,15.7431,-40.5236,R
20240724WOOB0,2024,1,bottom,11,4,4번타자 양의지,76232,양의지,64350,하영민,66,2,240724_185302,T,스트라이크,123,커브,0,2,True,240724_185302,1,2,0.845679,0.7083,3.385,1.66,-112.17,2.64509,3.99626,5.95796,50.0,-1.39308,4.10181,16.1517,-39.7205,R
20240724WOOB0,2024,1,bottom,11,4,4번타자 양의지,76232,양의지,64350,하영민,67,3,240724_185322,B,볼,146,직구,1,2,True,240724_185322,1,3,1.12357,0.7083,3.385,1.66,-132.482,-2.8147,8.65384,5.66976,50.0,-1.33293,-11.8502,24.3501,-14.5669,R
20240724WOOB0,2024,1,bottom,11,4,4번타자 양의지,76232,양의지,64350,하영민,68,4,240724_185340,H,타격,139,슬라이더,1,2,True,240724_185340,1,4,-0.378186,0.7083,3.385,1.66,-126.207,-1.41181,3.30117,5.67347,50.0,-1.75049,0.469934,20.8966,-25.4655,R
20240724WOOB0,2024,2,top,13,1,7번타자 이형종,78135,이형종,68220,곽빈,72,1,240724_185550,B,볼,131,슬라이더,1,0,True,240724_185550,2,1,-0.532175,0.7083,3.343,1.64,-119.181,5.22202,0.609471,6.55403,50.0,-1.13487,3.64928,22.9163,-32.3943,R
20240724WOOB0,2024,2,top,13,1,7번타자 이형종,78135,이형종,68220,곽빈,73,2,240724_185607,S,헛스윙,131,슬라이더,1,1,True,240724_185607,2,2,-0.4178,0.7083,3.343,1.64,-118.962,-2.06312,1.3011,6.26923,50.0,-1.09182,1.12498,26.9858,-32.4265,R
20240724WOOB0,2024,2,top,13,1,7번타자 이형종,78135,이형종,68220,곽빈,74,3,240724_185620,F,파울,134,슬라이더,1,2,True,240724_185620,2,3,0.106858,0.7083,3.343,1.64,-121.993,-1.32713,2.87802,6.38074,50.0,-1.0825,-0.211388,21.7066,-29.3052,R
20240724WOOB0,2024,2,top,13,1,7번타자 이형종,78135,이형종,68220,곽빈,75,4,240724_185638,B,볼,150,직구,2,2,True,240724_185638,2,4,0.706113,0.7083,3.343,1.64,-135.969,-9.78424,5.59791,6.06891,50.0,-0.910661,-6.95528,28.0788,-11.7333,R
20240724WOOB0,2024,2,top,13,1,7번타자 이형종,78135,이형종,68220,곽빈,76,5,240724_185651,F,파울,118,커브,2,2,True,240724_185651,2,5,-0.519695,0.7083,3.343,1.64,-107.805,4.09814,-0.031704,6.63797,50.0,-1.08604,5.13674,17.6837,-44.8153,R
20240724WOOB0,2024,2,top,13,1,7번타자 이형종,78135,이형종,68220,곽빈,77,6,240724_185709,S,헛스윙,120,커브,2,3,True,240724_185709,2,6,0.231792,0.7083,3.343,1.64,-109.638,1.09017,0.522189,6.59024,50.0,-0.92568,8.25956,20.2158,-40.769,R
20240724WOOB0,2024,2,top,14,2,8번타자 김건희,53312,김건희,68220,곽빈,80,1,240724_185736,F,파울,150,직구,0,1,True,240724_185736,2,1,0.199198,0.7083,3.433,1.684,-136.652,-8.96427,4.83073,6.02167,50.0,-0.999868,-8.75241,31.1704,-11.9052,R
20240724WOOB0,2024,2,top,14,2,8번타자 김건희,53312,김건희,68220,곽빈,81,2,240724_185751,B,볼,120,커브,1,1,True,240724_185751,2,2,-0.837685,0.7083,3.433,1.684,-109.359,5.75143,-1.46199,6.71361,50.0,-1.05056,8.17738,17.852,-42.6972,R
20240724WOOB0,2024,2,top,14,2,8번타자 김건희,53312,김건희,68220,곽빈,82,3,240724_185804,B,볼,117,커브,2,1,True,240724_185804,2,3,-0.727642,0.7083,3.433,1.684,-106.629,4.03529,-0.654741,6.68491,50.0,-1.0858,5.84351,16.1113,-42.8544,R
20240724WOOB0,2024,2,top,14,2,8번타자 김건희,53312,김건희,68220,곽빈,83,4,240724_185820,F,파울,130,슬라이더,2,2,True,240724_185820,2,4,0.409685,0.7083,3.433,1.684,-118.556,-1.62681,2.6599,6.31192,50.0,-0.869541,1.44814,18.8282,-28.8074,R
20240724WOOB0,2024,2,top,14,2,8번타자 김건희,53312,김건희,68220,곽빈,84,5,240724_185843,F,파울,121,커브,2,2,True,240724_185843,2,5,0.298643,0.7083,3.433,1.684,-110.649,2.27462,1.29522,6.56231,50.0,-0.847884,5.0578,19.3195,-42.2189,R
20240724WOOB0,2024,2,top,14,2,8번타자 김건희,53312,김건희,68220,곽빈,85,6,240724_185904,S,헛스윙,151,직구,2,3,True,240724_185904,2,6,-0.388505,0.7083,3.433,1.684,-137.051,-5.73167,2.1692,6.15399,50.0,-0.881131,-4.54962,26.3136,-13.7188,R
20240724WOOB0,2024,2,top,15,3,9번타자 이재상,54305,이재상,68220,곽빈,88,1,240724_185928,B,볼,129,슬라이더,1,0,True,240724_185928,2,1,-0.021249,0.7083,3.374,1.655,-117.786,2.10398,1.87869,6.46149,50.0,-1.07676,2.52237,20.4187,-31.5335,R
20240724WOOB0,2024,2,top,15,3,9번타자 이재상,54305,이재상,68220,곽빈,89,2,240724_185940,T,스트라이크,150,직구,1,1,True,240724_185940,2,2,0.399647,0.7083,3.374,1.655,-136.587,-7.09162,5.17639,6.09818,50.0,-0.9508,-8.40041,27.3879,-15.2566,R
20240724WOOB0,2024,2,top,15,3,9번타자 이재상,54305,이재상,68220,곽빈,90,3,240724_185951,B,볼,149,직구,2,1,True,240724_185951,2,3,1.43962,0.7083,3.374,1.655,-135.303,-8.9223,7.24904,5.94806,50.0,-0.820044,-6.74239,26.3876,-14.7996,R
20240724WOOB0,2024,2,top,15,3,9번타자 이재상,54305,이재상,68220,곽빈,91,4,240724_190005,S,헛스윙,132,슬라이더,2,2,True,240724_190005,2,4,-0.31039,0.7083,3.374,1.655,-120.24,-3.57866,1.35208,6.13505,50.0,-1.07812,2.09223,22.3078,-30.5926,R
20240724WOOB0,2024,2,top,15,3,9번타자 이재상,54305,이재상,68220,곽빈,92,5,240724_190018,S,헛스윙,135,슬라이더,2,3,True,240724_190018,2,5,0.555134,0.7083,3.374,1.655,-123.188,-3.40503,3.23289,6.14319,50.0,-0.977123,2.35724,17.3002,-30.4915,R
20240724WOOB0,2024,2,bottom,17,1,5번타자 양석환,64153,양석환,64350,하영민,96,1,240724_190224,B,볼,138,슬라이더,1,0,True,240724_190224,2,1,0.996317,0.7083,3.465,1.699,-125.293,-4.186,6.18515,5.61951,50.0,-1.65823,1.71549,19.5493,-22.6591,R
20240724WOOB0,2024,2,bottom,17,1,5번타자 양석환,64153,양석환,64350,하영민,97,2,240724_190241,F,파울,137,슬라이더,1,1,True,240724_190241,2,2,0.026146,0.7083,3.465,1.699,-124.31,-1.66545,4.61967,5.60061,50.0,-1.79289,-0.9181,20.6284,-24.6891,R
20240724WOOB0,2024,2,bottom,17,1,5번타자 양석환,64153,양석환,64350,하영민,98,3,240724_190306,B,볼,138,슬라이더,2,1,True,240724_190306,2,3,0.134768,0.7083,3.465,1.699,-125.736,1.51401,4.14322,5.69309,50.0,-1.66605,1.33234,23.9822,-27.9502,R
20240724WOOB0,2024,2,bottom,17,1,5번타자 양석환,64153,양석환,64350,하영민,99,4,240724_190324,F,파울,138,슬라이더,2,2,True,240724_190324,2,4,-0.36345,0.7083,3.465,1.699,-125.775,-3.94145,3.73583,5.52892,50.0,-1.63388,-3.01068,22.5319,-22.5085,R
20240724WOOB0,2024,2,bottom,17,1,5번타자 양석환,64153,양석환,64350,하영민,100,5,240724_190351,B,볼,124,커브,3,2,True,240724_190351,2,5,1.59942,0.7083,3.465,1.699,-113.071,-2.16194,6.40672,5.66227,50.0,-1.4654,1.73329,16.62,-39.2857,R
20240724WOOB0,2024,2,bottom,17,1,5번타자 양석환,64153,양석환,64350,하영민,101,6,240724_190414,S,헛스윙,140,슬라이더,3,3,True,240724_190414,2,6,0.926103,0.7083,3.465,1.699,-126.937,-5.1098,6.12033,5.52303,50.0,-1.55881,0.146204,24.4818,-24.1733,R
20240724WOOB0,2024,2,bottom,18,2,6번타자 김재환,78224,김재환,64350,하영민,104,1,240724_190448,B,볼,124,커브,1,0,True,240724_190448,2,1,0.028471,0.7083,3.42,1.678,-113.217,-0.370718,3.6774,5.685,50.0,-1.62926,-0.009911,17.4613,-39.6991,L
20240724WOOB0,2024,2,bottom,18,2,6번타자 김재환,78224,김재환,64350,하영민,105,2,240724_190507,B,볼,146,직구,2,0,True,240724_190507,2,2,-0.081497,0.7083,3.42,1.678,-133.112,-7.40657,6.41868,5.45151,50.0,-1.57857,-13.1546,27.3779,-15.0893,L
20240724WOOB0,2024,2,bottom,18,2,6번타자 김재환,78224,김재환,64350,하영민,106,3,240724_190524,B,볼,134,포크,3,0,True,240724_190524,2,3,0.911927,0.7083,3.42,1.678,-121.487,-2.70815,8.07539,5.45433,50.0,-1.47055,-11.4872,21.2153,-28.4526,L
20240724WOOB0,2024,2,bottom,18,2,6번타자 김재환,78224,김재환,64350,하영민,107,4,240724_190545,B,볼,147,직구,4,0,True,240724_190545,2,4,0.981833,0.7083,3.42,1.678,-133.355,-4.73372,8.62236,5.49907,50.0,-1.33128,-13.6077,28.6385,-16.2626,L
20240724WOOB0,2024,2,bottom,19,3,7번타자 박준영,66928,박준영,64350,하영민,110,1,240724_190626,H,타격,139,슬라이더,0,0,True,240724_190626,2,1,0.593483,0.7083,3.355,1.646,-126.19,-5.07221,5.7609,5.436,50.0,-1.60596,-1.63898,22.3296,-25.276,R
20240724WOOB0,2024,3,top,21,1,1번타자 이주형,50167,이주형,68220,곽빈,116,1,240724_190843,F,파울,148,직구,0,1,True,240724_190843,3,1,-0.477884,0.7083,3.359,1.648,-134.601,-6.48513,2.54942,6.09175,50.0,-1.05013,-5.49799,27.3009,-13.6916,L
20240724WOOB0,2024,3,top,21,1,1번타자 이주형,50167,이주형,68220,곽빈,117,2,240724_190901,B,볼,115,커브,1,1,True,240724_190901,3,2,-1.75574,0.7083,3.359,1.648,-104.595,7.78332,-2.5323,6.93526,50.0,-1.12863,5.11202,15.7285,-41.2932,L
20240724WOOB0,2024,3,top,21,1,1번타자 이주형,50167,이주형,68220,곽빈,118,3,240724_190915,H,타격,127,체인지업,1,1,True,240724_190915,3,3,0.038618,0.7083,3.359,1.648,-115.648,-1.80587,4.38594,6.35664,50.0,-0.799319,-11.2633,19.4613,-27.0802,L
20240724WOOB0,2024,3,top,22,2,2번타자 도슨,53327,도슨,68220,곽빈,121,1,240724_190949,B,볼,131,슬라이더,1,0,True,240724_190949,3,1,-0.382327,0.7083,3.365,1.65,-119.643,0.427138,1.11991,6.42168,50.0,-1.01883,1.72,20.6761,-31.1294,L
20240724WOOB0,2024,3,top,22,2,2번타자 도슨,53327,도슨,68220,곽빈,122,2,240724_191002,S,헛스윙,118,커브,1,1,True,240724_191002,3,2,-0.502767,0.7083,3.365,1.65,-107.593,-1.08628,-0.46212,6.48943,50.0,-1.09346,7.07431,19.7117,-40.5833,L
20240724WOOB0,2024,3,top,22,2,2번타자 도슨,53327,도슨,68220,곽빈,123,3,240724_191016,T,스트라이크,117,커브,1,2,True,240724_191016,3,3,-0.492532,0.7083,3.365,1.65,-106.37,2.74465,-0.805598,6.53127,50.0,-1.00148,7.62726,20.2753,-43.7887,L
20240724WOOB0,2024,3,top,22,2,2번타자 도슨,53327,도슨,68220,곽빈,124,4,240724_191030,H,타격,128,체인지업,1,2,True,240724_191030,3,4,-0.243595,0.7083,3.365,1.65,-116.127,-4.03644,3.81841,6.29405,50.0,-0.806625,-11.4785,23.793,-26.4162,L
20240724WOOB0,2024,3,top,23,3,3번타자 송성문,65357,송성문,68220,곽빈,127,1,240724_191105,T,스트라이크,135,슬라이더,0,1,True,240724_191105,3,1,0.103544,0.7083,3.407,1.671,-123.089,-3.25109,3.58666,6.1373,50.0,-1.02592,-4.19457,22.3672,-31.1124,L
20240724WOOB0,2024,3,top,23,3,3번타자 송성문,65357,송성문,68220,곽빈,128,2,240724_191120,H,타격,147,직구,0,1,True,240724_191120,3,2,0.44354,0.7083,3.407,1.671,-133.908,-9.21332,5.82537,6.08406,50.0,-0.945035,-11.4991,28.2147,-9.34324,L
20240724WOOB0,2024,3,bottom,25,1,8번타자 양찬열,50293,양찬열,64350,하영민,132,1,240724_191323,B,볼,145,직구,1,0,True,240724_191323,3,1,0.123183,0.7083,3.291,1.614,-131.879,-6.92068,6.98219,5.42884,50.0,-1.67969,-12.1164,29.0489,-16.2301,L
20240724WOOB0,2024,3,bottom,25,1,8번타자 양찬열,50293,양찬열,64350,하영민,133,2,240724_191341,F,파울,145,직구,1,1,True,240724_191341,3,2,-0.523801,0.7083,3.291,1.614,-131.903,-2.91395,4.68695,5.42271,50.0,-1.69284,-8.69394,31.094,-18.8506,L
20240724WOOB0,2024,3,bottom,25,1,8번타자 양찬열,50293,양찬열,64350,하영민,134,3,240724_191405,B,볼,135,포크,2,1,True,240724_191405,3,3,0.527572,0.7083,3.291,1.614,-122.556,-7.22283,7.53721,5.46249,50.0,-1.54388,-12.3134,20.3296,-26.7482,L
20240724WOOB0,2024,3,bottom,25,1,8번타자 양찬열,50293,양찬열,64350,하영민,135,4,240724_191426,T,스트라이크,145,직구,2,2,True,240724_191426,3,4,0.728131,0.7083,3.291,1.614,-132.182,-3.33096,7.14049,5.61386,50.0,-1.37397,-8.86195,25.9075,-13.2891,L
20240724WOOB0,2024,3,bottom,25,1,8번타자 양찬열,50293,양찬열,64350,하영민,136,5,240724_191446,H,타격,132,포크,2,2,True,240724_191446,3,5,0.419751,0.7083,3.291,1.614,-120.409,-0.316824,6.62302,5.54134,50.0,-1.51208,-9.78955,21.4239,-31.5844,L
20240724WOOB0,2024,3,bottom,26,2,9번타자 전민재,68205,전민재,64350,하영민,139,1,240724_191535,B,볼,136,슬라이더,1,0,True,240724_191535,3,1,0.933245,0.7083,3.374,1.655,-123.574,0.282807,5.87994,5.52676,50.0,-1.66456,1.97051,20.7235,-28.6423,R
20240724WOOB0,2024,3,bottom,26,2,9번타자 전민재,68205,전민재,64350,하영민,140,2,240724_191551,F,파울,133,슬라이더,1,1,True,240724_191551,3,2,-0.132612,0.7083,3.374,1.655,-121.004,-0.852681,4.21501,5.52661,50.0,-1.79301,-1.36808,21.1045,-28.0916,R
20240724WOOB0,2024,3,bottom,26,2,9번타자 전민재,68205,전민재,64350,하영민,141,3,240724_191615,H,타격,139,슬라이더,1,1,True,240724_191615,3,3,1.2671,0.7083,3.374,1.655,-126.087,-1.71195,6.95038,5.48885,50.0,-1.53268,-0.355177,24.5389,-24.9061,R
20240724WOOB0,2024,3,bottom,27,3,1번타자 정수빈,79231,정수빈,64350,하영민,144,1,240724_191702,T,스트라이크,135,슬라이더,0,1,True,240724_191702,3,1,-0.649566,0.7083,3.278,1.608,-122.602,-0.276819,2.89414,5.62629,50.0,-1.72021,-1.53886,19.6729,-28.8992,L
20240724WOOB0,2024,3,bottom,27,3,1번타자 정수빈,79231,정수빈,64350,하영민,145,2,240724_191723,H,타격,130,포크,0,1,True,240724_191723,3,2,-0.109864,0.7083,3.278,1.608,-118.542,-2.82078,5.43444,5.41759,50.0,-1.60787,-9.09966,20.1199,-29.4664,L
20240724WOOB0,2024,3,bottom,28,4,2번타자 이유찬,67207,이유찬,64350,하영민,148,1,240724_191807,T,스트라이크,143,직구,0,1,True,240724_191807,3,1,0.396081,0.7083,3.294,1.616,-130.281,-5.60053,7.21915,5.44859,50.0,-1.32491,-14.4522,24.6473,-20.3298,R
20240724WOOB0,2024,3,bottom,28,4,2번타자 이유찬,67207,이유찬,64350,하영민,149,2,240724_191918,T,스트라이크,124,커브,0,2,True,240724_191918,3,2,0.231955,0.7083,3.294,1.616,-113.004,3.16132,3.39794,5.7698,50.0,-1.57607,2.58349,19.3295,-37.6971,R
20240724WOOB0,2024,3,bottom,28,4,2번타자 이유찬,67207,이유찬,64350,하영민,150,3,240724_191948,B,볼,145,직구,1,2,True,240724_191948,3,3,0.795726,0.7083,3.294,1.616,-132.187,-1.3842,8.10524,5.64076,50.0,-1.27207,-14.2633,24.3739,-20.2952,R
20240724WOOB0,2024,3,bottom,28,4,2번타자 이유찬,67207,이유찬,64350,하영민,152,4,240724_192051,B,볼,140,슬라이더,2,2,True,240724_192051,3,4,1.68817,0.7083,3.294,1.616,-127.619,-2.34518,9.00869,5.5537,50.0,-1.47308,-5.51661,21.7511,-25.7948,R
20240724WOOB0,2024,3,bottom,28,4,2번타자 이유찬,67207,이유찬,64350,하영민,153,5,240724_192120,S,헛스윙,140,슬라이더,2,3,True,240724_192120,3,5,-0.162354,0.7083,3.294,1.616,-127.406,-4.18895,4.44752,5.33532,50.0,-1.62325,-4.05013,23.963,-26.4681,R
20240724WOOB0,2024,4,top,30,1,4번타자 김혜성,67304,김혜성,68220,곽빈,157,1,240724_192326,B,볼,147,직구,1,0,True,240724_192326,4,1,-1.72385,0.7083,3.331,1.634,-133.534,-4.9444,0.714277,6.13318,50.0,-1.29198,-9.56125,27.6119,-14.4771,L
20240724WOOB0,2024,4,top,30,1,4번타자 김혜성,67304,김혜성,68220,곽빈,158,2,240724_192338,B,볼,132,슬라이더,2,0,True,240724_192338,4,2,0.447311,0.7083,3.331,1.634,-120.468,-0.475928,2.91836,6.37288,50.0,-1.03358,2.59809,22.93,-27.7696,L
20240724WOOB0,2024,4,top,30,1,4번타자 김혜성,67304,김혜성,68220,곽빈,159,3,240724_192354,T,스트라이크,133,슬라이더,2,1,True,240724_192354,4,3,0.234777,0.7083,3.331,1.634,-121.438,-3.6256,2.65706,6.22923,50.0,-1.05038,1.93445,18.8837,-30.2184,L
20240724WOOB0,2024,4,top,30,1,4번타자 김혜성,67304,김혜성,68220,곽빈,160,4,240724_192407,F,파울,126,체인지업,2,2,True,240724_192407,4,4,-0.04118,0.7083,3.331,1.634,-114.729,-3.85344,4.34723,6.26865,50.0,-0.862501,-11.2333,19.3669,-25.7257,L
20240724WOOB0,2024,4,top,30,1,4번타자 김혜성,67304,김혜성,68220,곽빈,161,5,240724_192423,B,볼,129,슬라이더,3,2,True,240724_192423,4,5,-0.498909,0.7083,3.331,1.634,-117.471,2.09835,1.01895,6.39418,50.0,-1.05492,1.21619,17.3853,-29.4379,L
20240724WOOB0,2024,4,top,30,1,4번타자 김혜성,67304,김혜성,68220,곽빈,162,6,240724_192437,B,볼,132,슬라이더,4,2,True,240724_192437,4,6,0.84068,0.7083,3.331,1.634,-120.027,-5.1884,3.80953,6.06022,50.0,-0.991588,2.21601,22.4077,-31.1748,L
20240724WOOB0,2024,4,top,31,2,5번타자 최주환,76267,최주환,68220,곽빈,165,1,240724_192537,T,스트라이크,135,슬라이더,0,1,True,240724_192537,4,1,0.525605,0.7083,3.272,1.605,-123.315,-2.98014,4.2591,6.13972,50.0,-1.127,-1.35277,22.4423,-31.1593,L
20240724WOOB0,2024,4,top,31,2,5번타자 최주환,76267,최주환,68220,곽빈,166,2,240724_192613,B,볼,126,체인지업,1,1,True,240724_192613,4,2,-0.049231,0.7083,3.272,1.605,-114.635,-6.9563,4.30519,6.14608,50.0,-0.817488,-11.5575,21.3461,-20.9181,L
20240724WOOB0,2024,4,top,31,2,5번타자 최주환,76267,최주환,68220,곽빈,167,3,240724_192637,B,볼,125,체인지업,2,1,True,240724_192637,4,3,-0.898184,0.7083,3.272,1.605,-113.648,-5.99459,2.86997,6.28652,50.0,-0.895946,-12.7014,21.0385,-24.3388,L
20240724WOOB0,2024,4,top,31,2,5번타자 최주환,76267,최주환,68220,곽빈,168,4,240724_192658,T,스트라이크,124,체인지업,2,2,True,240724_192658,4,4,0.5788,0.7083,3.272,1.605,-112.661,-1.51368,5.4835,6.34887,50.0,-0.761623,-11.1547,19.2359,-28.0765,L
20240724WOOB0,2024,4,top,31,2,5번타자 최주환,76267,최주환,68220,곽빈,169,5,240724_192721,S,헛스윙,148,직구,2,3,True,240724_192721,4,5,0.154905,0.7083,3.272,1.605,-134.951,-8.04231,4.96107,5.958,50.0,-0.943233,-10.9109,29.0356,-15.8915,L
20240724WOOB0,2024,4,top,32,3,6번타자 원성준,54307,원성준,68220,곽빈,172,1,240724_192751,B,볼,123,체인지업,1,0,True,240724_192751,4,1,-0.887823,0.7083,3.335,1.636,-111.848,-0.427971,2.75871,6.50346,50.0,-0.889196,-11.9306,22.2825,-26.8431,L
20240724WOOB0,2024,4,top,32,3,6번타자 원성준,54307,원성준,68220,곽빈,173,2,240724_192807,F,파울,134,슬라이더,1,1,True,240724_192807,4,2,0.547228,0.7083,3.335,1.636,-122.209,-1.70924,4.01256,6.15665,50.0,-1.13099,-0.025679,21.5488,-29.3546,L
20240724WOOB0,2024,4,top,32,3,6번타자 원성준,54307,원성준,68220,곽빈,174,3,240724_192900,F,파울,126,체인지업,1,2,True,240724_192900,4,3,-0.892698,0.7083,3.335,1.636,-114.844,-4.15671,3.64583,6.28082,50.0,-1.09565,-14.2735,20.7471,-25.2238,L
20240724WOOB0,2024,4,top,32,3,6번타자 원성준,54307,원성준,68220,곽빈,175,4,240724_192922,S,헛스윙,127,체인지업,1,3,True,240724_192922,4,4,-1.04058,0.7083,3.335,1.636,-115.949,-6.76681,1.8695,6.19337,50.0,-0.899633,-9.91408,19.5331,-24.9624,L
20240724WOOB0,2024,4,top,33,4,7번타자 이형종,78135,이형종,68220,곽빈,179,1,240724_192959,B,볼,136,슬라이더,1,0,True,240724_192959,4,1,0.627615,0.7083,3.343,1.64,-123.745,-4.95413,4.47105,6.00806,50.0,-1.08016,-1.65834,22.2243,-30.8562,R
20240724WOOB0,2024,4,top,33,4,7번타자 이형종,78135,이형종,68220,곽빈,180,2,240724_193013,B,볼,146,직구,2,0,True,240724_193013,4,2,-1.46899,0.7083,3.343,1.64,-133.191,-5.26753,1.12835,6.0944,50.0,-1.05244,-11.5508,24.2398,-16.4272,R
20240724WOOB0,2024,4,top,33,4,7번타자 이형종,78135,이형종,68220,곽빈,181,3,240724_193032,B,볼,135,슬라이더,3,0,True,240724_193032,4,3,0.765501,0.7083,3.343,1.64,-122.405,-5.57139,4.25099,5.98721,50.0,-0.957113,-0.610938,21.1445,-30.05,R
20240724WOOB0,2024,4,top,33,4,7번타자 이형종,78135,이형종,68220,곽빈,182,4,240724_193048,B,볼,135,슬라이더,4,0,True,240724_193048,4,4,-0.146016,0.7083,3.343,1.64,-122.985,-0.752155,2.79196,6.25062,50.0,-1.20814,-1.12946,20.6978,-24.4423,R
20240724WOOB0,2024,4,top,34,5,8번타자 김건희,53312,김건희,68220,곽빈,186,1,240724_193203,B,볼,120,커브,1,0,True,240724_193203,4,1,-0.230991,0.7083,3.433,1.684,-109.194,-0.830707,0.472746,6.37244,50.0,-1.06465,5.5648,17.4387,-40.6791,R
20240724WOOB0,2024,4,top,34,5,8번타자 김건희,53312,김건희,68220,곽빈,187,2,240724_193221,S,헛스윙,147,직구,1,1,True,240724_193221,4,2,-0.955039,0.7083,3.433,1.684,-134.015,-3.83851,1.63112,6.28678,50.0,-0.901377,-9.29807,24.5931,-12.0776,R
20240724WOOB0,2024,4,top,34,5,8번타자 김건희,53312,김건희,68220,곽빈,188,3,240724_193322,H,타격,134,슬라이더,1,1,True,240724_193322,4,3,0.066218,0.7083,3.433,1.684,-122.035,-1.46532,2.17179,6.23285,50.0,-1.01289,1.89673,22.1112,-30.5644,R
20240724WOOB0,2024,4,bottom,36,1,3번타자 허경민,79240,허경민,64350,하영민,192,1,240724_193601,T,스트라이크,137,슬라이더,0,1,True,240724_193601,4,1,0.588862,0.7083,3.307,1.622,-125.069,-3.99818,6.15941,5.56846,50.0,-1.64969,-3.40794,23.5282,-24.6924,R
20240724WOOB0,2024,4,bottom,37,2,3번타자 허경민,79240,허경민,64350,하영민,194,1,240724_193601,T,스트라이크,137,슬라이더,0,1,True,240724_193601,4,1,0.588862,0.7083,3.307,1.622,-125.069,-3.99818,6.15941,5.56846,50.0,-1.64969,-3.40794,23.5282,-24.6924,R
20240724WOOB0,2024,4,bottom,37,2,3번타자 허경민,79240,허경민,64350,하영민,195,2,240724_193621,B,볼,145,직구,1,1,True,240724_193621,4,2,1.7622,0.7083,3.307,1.622,-131.594,-4.8619,10.2722,5.56316,50.0,-1.27437,-12.759,26.9167,-15.1423,R
20240724WOOB0,2024,4,bottom,37,2,3번타자 허경민,79240,허경민,64350,하영민,196,3,240724_193640,B,볼,145,직구,2,1,True,240724_193640,4,3,1.46144,0.7083,3.307,1.622,-131.974,-5.88348,9.55197,5.57406,50.0,-1.32315,-12.2609,25.8809,-15.158,R
20240724WOOB0,2024,4,bottom,37,2,3번타자 허경민,79240,허경민,64350,하영민,197,4,240724_193656,B,볼,135,슬라이더,3,1,True,240724_193656,4,4,1.21028,0.7083,3.307,1.622,-122.551,-3.91999,7.68804,5.46474,50.0,-1.60651,-4.36797,18.7379,-27.2127,R
20240724WOOB0,2024,4,bottom,37,2,3번타자 허경민,79240,허경민,64350,하영민,198,5,240724_193718,B,볼,145,직구,4,1,True,240724_193718,4,5,-1.08314,0.7083,3.307,1.622,-132.065,-4.42293,3.15674,5.42663,50.0,-1.58653,-9.56602,29.7754,-15.6409,R
20240724WOOB0,2024,4,bottom,37,2,3번타자 허경민,76232,양의지,64350,하영민,200,2,240724_193822,S,헛스윙,139,슬라이더,1,1,True,240724_193822,4,2,0.820572,0.7083,3.385,1.66,-126.032,-4.20539,7.35108,5.52064,50.0,-1.52999,-7.78379,25.3117,-24.3676,R
20240724WOOB0,2024,4,bottom,37,2,3번타자 허경민,76232,양의지,64350,하영민,201,3,240724_193841,B,볼,123,커브,2,1,True,240724_193841,4,3,1.28127,0.7083,3.385,1.66,-112.074,0.611928,5.67661,5.76705,50.0,-1.32878,0.135369,18.7392,-36.2286,R
20240724WOOB0,2024,4,bottom,37,2,3번타자 허경민,76232,양의지,64350,하영민,202,4,240724_193903,F,파울,138,슬라이더,2,2,True,240724_193903,4,4,-0.00779,0.7083,3.385,1.66,-125.754,-4.05832,4.74468,5.49447,50.0,-1.63718,-3.64972,23.073,-23.0384,R
20240724WOOB0,2024,4,bottom,37,2,3번타자 허경민,76232,양의지,64350,하영민,203,5,240724_193941,H,타격,140,슬라이더,2,2,True,240724_193941,4,5,-0.53498,0.7083,3.385,1.66,-127.293,-0.341789,2.77275,5.51133,50.0,-1.59616,-0.672262,23.7678,-27.231,R
20240724WOOB0,2024,4,bottom,38,3,5번타자 양석환,64153,양석환,64350,하영민,206,1,240724_194031,B,볼,145,직구,1,0,True,240724_194031,4,1,0.256572,0.7083,3.465,1.699,-131.507,-6.11311,6.6541,5.37932,50.0,-1.27549,-14.0148,29.9977,-20.0415,R
20240724WOOB0,2024,4,bottom,38,3,5번타자 양석환,64153,양석환,64350,하영민,207,2,240724_194055,F,파울,141,슬라이더,1,1,True,240724_194055,4,2,0.213632,0.7083,3.465,1.699,-127.953,-2.9285,5.1126,5.37878,50.0,-1.6071,-2.83006,24.3974,-25.2951,R
20240724WOOB0,2024,4,bottom,38,3,5번타자 양석환,64153,양석환,64350,하영민,208,3,240724_194220,F,파울,126,커브,1,2,True,240724_194220,4,3,1.09863,0.7083,3.465,1.699,-113.719,0.927766,5.83343,5.73879,50.0,-1.52695,-0.059301,19.7522,-37.4253,R
20240724WOOB0,2024,4,bottom,38,3,5번타자 양석환,64153,양석환,64350,하영민,209,4,240724_194300,F,파울,140,슬라이더,1,2,True,240724_194300,4,4,-0.143715,0.7083,3.465,1.699,-127.043,-3.35154,5.0477,5.48157,50.0,-1.6579,-6.42104,24.2907,-21.165,R
20240724WOOB0,2024,4,bottom,38,3,5번타자 양석환,64153,양석환,64350,하영민,210,5,240724_194337,H,타격,124,커브,1,2,True,240724_194337,4,5,0.828423,0.7083,3.465,1.699,-112.538,3.01371,4.42399,5.84529,50.0,-1.33577,1.52898,17.1003,-38.9276,R
20240724WOOB0,2024,4,bottom,39,4,6번타자 김재환,78224,김재환,64350,하영민,214,1,240724_194444,S,헛스윙,130,포크,0,1,True,240724_194444,4,1,0.159636,0.7083,3.42,1.678,-118.31,-0.460185,5.82367,5.58143,50.0,-1.48369,-9.34824,19.3531,-29.8679,L
20240724WOOB0,2024,4,bottom,39,4,6번타자 김재환,78224,김재환,64350,하영민,215,2,240724_194507,B,볼,145,직구,1,1,True,240724_194507,4,2,-0.601483,0.7083,3.42,1.678,-131.923,2.29113,4.50754,5.65341,50.0,-1.45793,-11.8523,29.9896,-21.9817,L
20240724WOOB0,2024,4,bottom,39,4,6번타자 김재환,78224,김재환,64350,하영민,216,3,240724_194526,B,볼,132,포크,2,1,True,240724_194526,4,3,0.740914,0.7083,3.42,1.678,-119.919,-4.92653,7.3998,5.4985,50.0,-1.39659,-11.1989,20.4064,-26.9923,L
20240724WOOB0,2024,4,bottom,39,4,6번타자 김재환,78224,김재환,64350,하영민,217,4,240724_194544,B,볼,130,포크,3,1,True,240724_194544,4,4,1.15781,0.7083,3.42,1.678,-118.139,-3.48595,8.84522,5.35825,50.0,-1.41966,-13.3895,20.8908,-29.5488,L
20240724WOOB0,2024,4,bottom,39,4,6번타자 김재환,78224,김재환,64350,하영민,218,5,240724_194608,F,파울,130,포크,3,2,True,240724_194608,4,5,0.177489,0.7083,3.42,1.678,-118.546,-2.00534,6.75494,5.53933,50.0,-1.5773,-12.4608,20.0627,-25.5815,L
20240724WOOB0,2024,4,bottom,39,4,6번타자 김재환,78224,김재환,64350,하영민,219,6,240724_194648,F,파울,136,슬라이더,3,2,True,240724_194648,4,6,0.800708,0.7083,3.42,1.678,-123.866,-1.86408,6.05925,5.37863,50.0,-1.70291,0.132187,19.619,-27.4359,L
20240724WOOB0,2024,4,bottom,39,4,6번타자 김재환,78224,김재환,64350,하영민,220,7,240724_194823,B,볼,138,슬라이더,4,2,True,240724_194823,4,7,1.5678,0.7083,3.42,1.678,-125.438,-5.33898,7.74685,5.36185,50.0,-1.50707,-1.04668,22.9154,-26.7386,L
20240724WOOB0,2024,4,bottom,40,5,7번타자 박준영,66928,박준영,64350,하영민,225,1,240724_195005,T,스트라이크,140,슬라이더,0,1,True,240724_195005,4,1,-0.399669,0.7083,3.355,1.646,-127.279,-2.5558,4.94336,5.54892,50.0,-1.82256,-6.97056,22.4427,-24.2968,R
20240724WOOB0,2024,4,bottom,40,5,7번타자 박준영,66928,박준영,64350,하영민,226,2,240724_195028,H,타격,139,슬라이더,0,1,True,240724_195028,4,2,0.026154,0.7083,3.355,1.646,-126.44,-2.67732,5.14071,5.53713,50.0,-1.53726,-6.33432,23.879,-23.6996,R
20240724WOOB0,2024,4,bottom,41,6,8번타자 양찬열,50293,양찬열,64350,하영민,229,1,240724_195113,B,볼,131,포크,1,0,True,240724_195113,4,1,0.099578,0.7083,3.291,1.614,-119.04,-5.66417,6.14023,5.42584,50.0,-1.56723,-10.5504,21.9052,-28.1194,L
20240724WOOB0,2024,4,bottom,41,6,8번타자 양찬열,50293,양찬열,64350,하영민,230,2,240724_195158,S,헛스윙,131,포크,1,1,True,240724_195158,4,2,-0.533252,0.7083,3.291,1.614,-118.944,-2.58676,4.84415,5.47409,50.0,-1.55762,-11.4461,24.9682,-27.6301,L
20240724WOOB0,2024,4,bottom,41,6,8번타자 양찬열,50293,양찬열,64350,하영민,231,3,240724_195222,B,볼,133,포크,2,1,True,240724_195222,4,3,1.07929,0.7083,3.291,1.614,-120.648,-1.70755,8.5111,5.49668,50.0,-1.41526,-12.4724,23.3997,-28.2956,L
20240724WOOB0,2024,4,bottom,41,6,8번타자 양찬열,50293,양찬열,64350,하영민,232,4,240724_195245,F,파울,131,포크,2,2,True,240724_195245,4,4,0.75415,0.7083,3.291,1.614,-119.233,-3.54978,7.16071,5.52222,50.0,-1.40938,-9.95087,23.2001,-26.6596,L
20240724WOOB0,2024,4,bottom,41,6,8번타자 양찬열,50293,양찬열,64350,하영민,233,5,240724_195318,F,파울,133,포크,2,2,True,240724_195318,4,5,-0.613603,0.7083,3.291,1.614,-121.023,-0.875131,4.95635,5.59749,50.0,-1.57613,-12.6746,21.5081,-30.1885,L
20240724WOOB0,2024,4,bottom,41,6,8번타자 양찬열,50293,양찬열,64350,하영민,234,6,240724_195351,H,타격,131,포크,2,2,True,240724_195351,4,6,0.251039,0.7083,3.291,1.614,-118.891,-2.84452,6.36389,5.51448,50.0,-1.49281,-10.7335,19.5962,-28.3169,L
20240724WOOB0,2024,5,top,43,1,9번타자 이재상,54305,이재상,68220,곽빈,239,1,240724_195556,B,볼,146,직구,1,0,True,240724_195556,5,1,0.87465,0.7083,3.374,1.655,-132.751,-3.98466,6.522,6.22507,50.0,-0.920613,-9.68429,25.7222,-15.5618,R
20240724WOOB0,2024,5,top,43,1,9번타자 이재상,54305,이재상,68220,곽빈,240,2,240724_195608,S,헛스윙,144,직구,1,1,True,240724_195608,5,2,-0.638493,0.7083,3.374,1.655,-131.402,-3.24606,2.74604,6.13527,50.0,-1.01119,-9.18413,25.3334,-17.7442,R
20240724WOOB0,2024,5,top,43,1,9번타자 이재상,54305,이재상,68220,곽빈,241,3,240724_195621,B,볼,130,슬라이더,2,1,True,240724_195621,5,3,0.101771,0.7083,3.374,1.655,-118.157,0.826315,2.60317,6.34423,50.0,-1.05071,0.237827,21.2477,-29.3886,R
20240724WOOB0,2024,5,top,43,1,9번타자 이재상,54305,이재상,68220,곽빈,242,4,240724_195634,B,볼,130,슬라이더,3,1,True,240724_195634,5,4,-0.204725,0.7083,3.374,1.655,-118.566,-0.453552,2.47086,6.3305,50.0,-1.09318,-1.86425,17.0959,-28.631,R
20240724WOOB0,2024,5,top,43,1,9번타자 이재상,54305,이재상,68220,곽빈,243,5,240724_195648,T,스트라이크,146,직구,3,2,True,240724_195648,5,5,-0.395692,0.7083,3.374,1.655,-132.882,-4.21253,3.10685,6.14667,50.0,-1.01549,-7.77666,25.4065,-15.9761,R
20240724WOOB0,2024,5,top,43,1,9번타자 이재상,54305,이재상,68220,곽빈,244,6,240724_195702,B,볼,147,직구,4,2,True,240724_195702,5,6,0.547895,0.7083,3.374,1.655,-133.255,-8.95161,7.06625,5.98692,50.0,-0.992988,-15.8882,23.4832,-14.3631,R
20240724WOOB0,2024,5,top,44,2,1번타자 이주형,50167,이주형,68220,곽빈,247,1,240724_195737,B,볼,134,슬라이더,1,0,True,240724_195737,5,1,-0.28315,0.7083,3.359,1.648,-121.977,0.264717,2.10865,6.18622,50.0,-1.1751,0.12357,19.2407,-30.0684,L
20240724WOOB0,2024,5,top,44,2,1번타자 이주형,50167,이주형,68220,곽빈,248,2,240724_195751,T,스트라이크,134,슬라이더,1,1,True,240724_195751,5,2,0.135614,0.7083,3.359,1.648,-121.664,-2.50898,3.31394,6.30429,50.0,-1.03861,-2.42725,18.4929,-25.5285,L
20240724WOOB0,2024,5,top,44,2,1번타자 이주형,50167,이주형,68220,곽빈,249,3,240724_195807,F,파울,118,커브,1,2,True,240724_195807,5,3,0.742723,0.7083,3.359,1.648,-107.306,0.015559,2.04359,6.46543,50.0,-0.830469,5.23135,17.2655,-40.6212,L
20240724WOOB0,2024,5,top,44,2,1번타자 이주형,50167,이주형,68220,곽빈,250,2,240724_195751,T,스트라이크,134,슬라이더,1,1,True,240724_195751,5,2,0.135614,0.7083,3.359,1.648,-121.664,-2.50898,3.31394,6.30429,50.0,-1.03861,-2.42725,18.4929,-25.5285,L
20240724WOOB0,2024,5,top,44,2,1번타자 이주형,50167,이주형,68220,곽빈,251,3,240724_195807,F,파울,118,커브,1,2,True,240724_195807,5,3,0.742723,0.7083,3.359,1.648,-107.306,0.015559,2.04359,6.46543,50.0,-0.830469,5.23135,17.2655,-40.6212,L
20240724WOOB0,2024,5,top,45,3,2번타자 도슨,53327,도슨,68220,곽빈,255,1,240724_195932,B,볼,134,슬라이더,1,0,True,240724_195932,5,1,-0.381859,0.7083,3.365,1.65,-121.74,1.52636,0.76817,6.39662,50.0,-1.1193,4.58332,25.7641,-26.6154,L
20240724WOOB0,2024,5,top,45,3,2번타자 도슨,53327,도슨,68220,곽빈,256,2,240724_195945,T,스트라이크,149,직구,1,1,True,240724_195945,5,2,0.620836,0.7083,3.365,1.65,-135.327,-8.55111,5.53988,5.99983,50.0,-0.92867,-7.70069,29.7631,-11.2157,L
20240724WOOB0,2024,5,top,45,3,2번타자 도슨,53327,도슨,68220,곽빈,257,3,240724_195957,H,타격,119,커브,1,1,True,240724_195957,5,3,0.812694,0.7083,3.365,1.65,-108.463,3.02383,2.32172,6.48964,50.0,-0.865732,5.10393,19.7194,-42.2565,L
20240724WOOB0,2024,5,bottom,48,1,9번타자 전민재,68205,전민재,64350,하영민,263,1,240724_200207,B,볼,144,직구,1,0,True,240724_200207,5,1,1.15818,0.7083,3.374,1.655,-131.148,-2.15175,9.59951,5.60074,50.0,-1.32728,-16.6852,29.8218,-18.2486,R
20240724WOOB0,2024,5,bottom,48,1,9번타자 전민재,68205,전민재,64350,하영민,264,2,240724_200226,H,타격,143,직구,1,0,True,240724_200226,5,2,0.55305,0.7083,3.374,1.655,-129.745,-5.67923,7.87921,5.41434,50.0,-1.47093,-13.9802,26.6033,-16.5333,R
20240724WOOB0,2024,5,bottom,49,2,1번타자 정수빈,79231,정수빈,64350,하영민,267,1,240724_200314,H,타격,144,직구,0,0,True,240724_200314,5,1,-0.38352,0.7083,3.278,1.608,-130.722,-2.96734,5.84558,5.41161,50.0,-1.59636,-14.0455,27.8452,-18.2057,L
20240724WOOB0,2024,6,top,52,1,3번타자 송성문,65357,송성문,68220,곽빈,272,1,240724_201211,T,스트라이크,134,슬라이더,0,1,True,240724_201211,6,1,0.745289,0.7083,3.407,1.671,-121.775,-3.66627,4.50219,6.10522,50.0,-1.03567,-1.22016,20.2631,-28.8476,L
20240724WOOB0,2024,6,top,52,1,3번타자 송성문,65357,송성문,68220,곽빈,273,2,240724_201225,B,볼,147,직구,1,1,True,240724_201225,6,2,-0.653851,0.7083,3.407,1.671,-133.831,-4.63202,3.29843,6.18846,50.0,-1.17414,-10.1326,26.3448,-10.8583,L
20240724WOOB0,2024,6,top,52,1,3번타자 송성문,65357,송성문,68220,곽빈,274,3,240724_201239,H,타격,117,커브,1,1,True,240724_201239,6,3,0.144951,0.7083,3.407,1.671,-106.888,1.12748,2.29272,6.438,50.0,-0.941366,-0.059889,14.6957,-42.3377,L
20240724WOOB0,2024,6,top,53,2,4번타자 김혜성,67304,김혜성,68220,곽빈,277,1,240724_201322,T,스트라이크,147,직구,0,1,True,240724_201322,6,1,-0.162985,0.7083,3.331,1.634,-133.42,-7.09988,4.29303,5.93166,50.0,-1.07253,-10.0177,24.8651,-16.0927,L
20240724WOOB0,2024,6,top,53,2,4번타자 김혜성,67304,김혜성,68220,곽빈,278,2,240724_201335,B,볼,146,직구,1,1,True,240724_201335,6,2,-0.613505,0.7083,3.331,1.634,-132.69,-1.96931,3.44711,6.17629,50.0,-1.13292,-10.8851,26.4066,-18.3946,L
20240724WOOB0,2024,6,top,53,2,4번타자 김혜성,67304,김혜성,68220,곽빈,279,3,240724_201350,B,볼,117,커브,2,1,True,240724_201350,6,3,-1.71474,0.7083,3.331,1.634,-106.26,4.01722,-2.17173,6.52137,50.0,-1.10426,3.7582,17.2229,-42.6343,L
20240724WOOB0,2024,6,top,53,2,4번타자 김혜성,67304,김혜성,68220,곽빈,280,4,240724_201404,T,스트라이크,125,체인지업,2,2,True,240724_201404,6,4,-0.824021,0.7083,3.331,1.634,-113.556,-0.655985,2.71469,6.39979,50.0,-0.952656,-10.7769,18.7383,-27.2717,L
20240724WOOB0,2024,6,top,53,2,4번타자 김혜성,67304,김혜성,68220,곽빈,281,5,240724_201418,B,볼,117,커브,3,2,True,240724_201418,6,5,-0.122143,0.7083,3.331,1.634,-106.838,-0.562453,-0.168713,6.45385,50.0,-0.964744,7.95888,18.8369,-40.6376,L
20240724WOOB0,2024,6,top,53,2,4번타자 김혜성,67304,김혜성,68220,곽빈,282,6,240724_201434,F,파울,123,체인지업,3,2,True,240724_201434,6,6,0.520127,0.7083,3.331,1.634,-112.065,-5.41956,5.30579,6.35085,50.0,-0.772525,-10.8451,19.5412,-23.5983,L
20240724WOOB0,2024,6,top,53,2,4번타자 김혜성,67304,김혜성,68220,곽빈,283,7,240724_201503,B,볼,125,체인지업,4,2,True,240724_201503,6,7,0.57505,0.7083,3.331,1.634,-113.381,-7.20934,5.98698,6.05765,50.0,-0.79926,-13.0375,19.1661,-27.5618,L
20240724WOOB0,2024,6,top,54,3,5번타자 최주환,76267,최주환,68220,곽빈,286,1,240724_201548,H,타격,132,슬라이더,0,0,True,240724_201548,6,1,-0.265688,0.7083,3.272,1.605,-120.583,-3.54999,2.26985,6.15332,50.0,-1.05688,-1.97605,25.8786,-31.3651,L
20240724WOOB0,2024,6,top,55,4,6번타자 원성준,54307,원성준,68220,곽빈,290,1,240724_201628,B,볼,116,커브,1,0,True,240724_201628,6,1,-2.20641,0.7083,3.335,1.636,-105.619,3.3896,-3.3076,6.47569,50.0,-1.25943,5.59515,17.6379,-41.9023,L
20240724WOOB0,2024,6,top,55,4,6번타자 원성준,54307,원성준,68220,곽빈,291,2,240724_201645,T,스트라이크,134,슬라이더,1,1,True,240724_201645,6,2,-0.150038,0.7083,3.335,1.636,-122.18,-1.25843,2.65395,6.23405,50.0,-1.09443,-1.91118,21.7716,-29.829,L
20240724WOOB0,2024,6,top,55,4,6번타자 원성준,54307,원성준,68220,곽빈,292,3,240724_201701,B,볼,119,커브,2,1,True,240724_201701,6,3,-0.177263,0.7083,3.335,1.636,-108.778,-1.81395,0.784544,6.31293,50.0,-0.951962,3.64202,17.9521,-40.2033,L
20240724WOOB0,2024,6,top,55,4,6번타자 원성준,54307,원성준,68220,곽빈,293,4,240724_201727,F,파울,126,체인지업,2,2,True,240724_201727,6,4,-0.735816,0.7083,3.335,1.636,-114.604,-2.01311,2.23064,6.31673,50.0,-0.982835,-7.49533,20.5639,-27.0273,L
20240724WOOB0,2024,6,top,55,4,6번타자 원성준,54307,원성준,68220,곽빈,294,5,240724_201753,B,볼,128,체인지업,3,2,True,240724_201753,6,5,-0.776562,0.7083,3.335,1.636,-116.309,-5.94017,2.7859,6.09682,50.0,-0.906728,-11.3233,19.2282,-26.3507,L
20240724WOOB0,2024,6,top,55,4,6번타자 원성준,54307,원성준,68220,곽빈,295,6,240724_201811,B,볼,150,직구,4,2,True,240724_201811,6,6,-0.762136,0.7083,3.335,1.636,-136.395,-9.5977,2.43128,5.84326,50.0,-1.08031,-8.42736,28.8496,-13.4393,L
20240724WOOB0,2024,6,top,56,5,7번타자 이형종,78135,이형종,68220,곽빈,299,1,240724_201934,T,스트라이크,148,직구,0,1,True,240724_201934,6,1,-0.666424,0.7083,3.343,1.64,-134.418,-4.50351,3.56551,6.07016,50.0,-1.0471,-13.4463,28.4755,-15.185,R
20240724WOOB0,2024,6,top,56,5,7번타자 이형종,78135,이형종,68220,곽빈,301,1,240724_201934,T,스트라이크,148,직구,0,1,True,240724_201934,6,1,-0.666424,0.7083,3.343,1.64,-134.418,-4.50351,3.56551,6.07016,50.0,-1.0471,-13.4463,28.4755,-15.185,R
20240724WOOB0,2024,6,top,56,5,7번타자 이형종,78135,이형종,68220,곽빈,302,2,240724_201950,B,볼,123,커브,1,1,True,240724_201950,6,2,1.88696,0.7083,3.343,1.64,-112.098,-4.85174,3.46254,6.23501,50.0,-0.721565,9.6814,20.4418,-38.6774,R
20240724WOOB0,2024,6,top,56,5,7번타자 이형종,78135,이형종,68220,곽빈,303,3,240724_202020,B,볼,148,직구,2,1,True,240724_202020,6,3,-1.14404,0.7083,3.343,1.64,-134.309,-6.89659,1.67502,6.05287,50.0,-1.09335,-9.44805,28.6537,-12.7841,R
20240724WOOB0,2024,6,top,56,5,7번타자 이형종,78135,이형종,68220,곽빈,304,4,240724_202039,B,볼,136,슬라이더,3,1,True,240724_202039,6,4,-0.463201,0.7083,3.343,1.64,-123.712,-5.5756,1.90184,5.96629,50.0,-1.22966,-0.263713,23.7212,-29.4471,R
20240724WOOB0,2024,6,top,56,5,7번타자 이형종,78135,이형종,68220,곽빈,305,5,240724_202058,F,파울,138,슬라이더,3,2,True,240724_202058,6,5,-0.187431,0.7083,3.343,1.64,-125.598,-3.79852,2.75883,6.02049,50.0,-1.17683,-1.62055,22.5768,-29.7721,R
20240724WOOB0,2024,6,top,56,5,7번타자 이형종,78135,이형종,68220,곽빈,306,6,240724_202121,S,헛스윙,122,커브,3,3,True,240724_202121,6,6,1.14807,0.7083,3.343,1.64,-111.302,-0.813916,3.26158,6.27491,50.0,-0.915754,5.15791,21.055,-43.5884,R
20240724WOOB0,2024,6,bottom,58,1,3번타자 허경민,79240,허경민,64350,하영민,311,1,240724_202331,T,스트라이크,136,슬라이더,0,1,True,240724_202331,6,1,-0.594667,0.7083,3.307,1.622,-124.237,-2.14877,4.29473,5.65031,50.0,-1.87103,-5.84358,24.3851,-23.01,R
20240724WOOB0,2024,6,bottom,58,1,3번타자 허경민,79240,허경민,64350,하영민,312,2,240724_202348,B,볼,123,커브,1,1,True,240724_202348,6,2,0.82823,0.7083,3.307,1.622,-111.963,-2.16316,4.77834,5.6823,50.0,-1.43767,0.696028,19.7974,-36.4395,R
20240724WOOB0,2024,6,bottom,58,1,3번타자 허경민,79240,허경민,64350,하영민,313,3,240724_202407,T,스트라이크,137,슬라이더,1,2,True,240724_202407,6,3,0.550277,0.7083,3.307,1.622,-124.789,0.132345,6.35419,5.6031,50.0,-1.56009,-5.95275,24.1841,-30.2897,R
20240724WOOB0,2024,6,bottom,58,1,3번타자 허경민,79240,허경민,64350,하영민,314,4,240724_202427,H,타격,138,슬라이더,1,2,True,240724_202427,6,4,0.47781,0.7083,3.307,1.622,-126.209,-3.09979,6.24848,5.58287,50.0,-1.55784,-6.12058,24.8538,-24.9746,R
20240724WOOB0,2024,6,bottom,59,2,4번타자 양의지,76232,양의지,64350,하영민,317,1,240724_202535,T,스트라이크,137,슬라이더,0,1,True,240724_202535,6,1,-0.368633,0.7083,3.385,1.66,-124.45,-1.30468,5.03093,5.51058,50.0,-1.72387,-8.42212,21.0012,-25.5547,R
20240724WOOB0,2024,6,bottom,59,2,4번타자 양의지,76232,양의지,64350,하영민,318,2,240724_202557,H,타격,137,슬라이더,0,1,True,240724_202557,6,2,-0.158893,0.7083,3.385,1.66,-124.302,-1.68461,6.14862,5.54332,50.0,-1.71337,-11.51,20.8164,-24.5834,R
20240724WOOB0,2024,6,bottom,59,2,4번타자 양의지,64153,양석환,64350,하영민,320,1,240724_202649,S,헛스윙,139,슬라이더,0,1,True,240724_202649,6,1,0.676497,0.7083,3.465,1.699,-126.333,-3.90212,6.09412,5.59388,50.0,-1.42188,-4.54899,23.9515,-20.8355,R
20240724WOOB0,2024,6,bottom,59,2,4번타자 양의지,64153,양석환,64350,하영민,321,2,240724_202715,B,볼,140,슬라이더,1,1,True,240724_202715,6,2,-0.033818,0.7083,3.465,1.699,-127.253,-5.53715,4.91775,5.38088,50.0,-1.53172,-5.94145,23.6708,-20.561,R
20240724WOOB0,2024,6,bottom,59,2,4번타자 양의지,64153,양석환,64350,하영민,322,3,240724_202738,T,스트라이크,138,슬라이더,1,2,True,240724_202738,6,3,0.68549,0.7083,3.465,1.699,-125.647,-4.62939,7.13207,5.4301,50.0,-1.48173,-8.92289,23.7013,-21.5542,R
20240724WOOB0,2024,6,bottom,59,2,4번타자 양의지,64153,양석환,64350,하영민,323,4,240724_202807,S,헛스윙,145,직구,1,3,True,240724_202807,6,4,0.226361,0.7083,3.465,1.699,-132.1,-0.541273,6.3744,5.55842,50.0,-1.30657,-12.5009,26.7437,-18.2965,R
20240724WOOB0,2024,6,bottom,60,3,6번타자 강승호,63123,강승호,64350,하영민,326,1,240724_202843,B,볼,109,커브,1,0,True,240724_202843,6,1,1.21806,0.7083,3.35,1.643,-99.3221,4.95263,5.32955,5.96149,50.0,-1.56894,0.303463,14.2779,-36.0627,R
20240724WOOB0,2024,6,bottom,60,3,6번타자 강승호,63123,강승호,64350,하영민,327,2,240724_202904,B,볼,140,슬라이더,2,0,True,240724_202904,6,2,1.18875,0.7083,3.35,1.643,-127.051,-4.09388,7.8841,5.32023,50.0,-1.57882,-5.14897,25.6011,-23.6783,R
20240724WOOB0,2024,6,bottom,60,3,6번타자 강승호,63123,강승호,64350,하영민,328,3,240724_202929,H,타격,140,슬라이더,2,0,True,240724_202929,6,3,0.39198,0.7083,3.35,1.643,-127.015,-2.39942,6.04588,5.43768,50.0,-1.63587,-5.04877,23.8236,-22.5862,R
20240724WOOB0,2024,6,bottom,61,4,7번타자 박준영,66928,박준영,64350,하영민,333,1,240724_203102,B,볼,118,커브,1,0,True,240724_203102,6,1,0.356778,0.7083,3.355,1.646,-107.537,4.71897,2.61736,5.902,50.0,-1.26436,3.31996,16.5608,-38.7942,R
20240724WOOB0,2024,6,bottom,61,4,7번타자 박준영,66928,박준영,64350,하영민,334,2,240724_203123,B,볼,123,커브,2,0,True,240724_203123,6,2,1.06654,0.7083,3.355,1.646,-111.888,1.16235,4.85163,5.76645,50.0,-1.27125,1.11833,18.338,-37.9068,R
20240724WOOB0,2024,6,bottom,61,4,7번타자 박준영,66928,박준영,64350,하영민,335,3,240724_203143,B,볼,138,슬라이더,3,0,True,240724_203143,6,3,-1.27461,0.7083,3.355,1.646,-125.691,0.731281,1.44983,5.64886,50.0,-1.6283,-2.85695,23.6817,-24.3083,R
20240724WOOB0,2024,6,bottom,61,4,7번타자 박준영,66928,박준영,64350,하영민,336,4,240724_203214,T,스트라이크,136,슬라이더,3,1,True,240724_203214,6,4,0.262565,0.7083,3.355,1.646,-123.694,-0.749394,5.15786,5.52759,50.0,-1.51775,-4.1321,22.0163,-24.4377,R
20240724WOOB0,2024,6,bottom,61,4,7번타자 박준영,66928,박준영,64350,하영민,337,5,240724_203234,B,볼,140,슬라이더,4,1,True,240724_203234,6,5,-1.10192,0.7083,3.355,1.646,-127.409,-5.31049,3.35789,5.45424,50.0,-1.77036,-8.43348,23.4362,-19.5195,R
20240724WOOB0,2024,6,bottom,62,5,8번타자 양찬열,50293,양찬열,64350,하영민,343,1,240724_203328,T,스트라이크,133,포크,0,1,True,240724_203328,6,1,0.068974,0.7083,3.291,1.614,-121.342,-2.04036,6.30694,5.46843,50.0,-1.50081,-12.271,22.4971,-26.2778,L
20240724WOOB0,2024,6,bottom,62,5,8번타자 양찬열,50293,양찬열,64350,하영민,344,2,240724_203356,B,볼,135,포크,1,1,True,240724_203356,6,2,1.03238,0.7083,3.291,1.614,-122.947,-2.90677,7.82183,5.51231,50.0,-1.17734,-12.0743,21.7173,-26.509,L
20240724WOOB0,2024,6,bottom,62,5,8번타자 양찬열,50293,양찬열,64350,하영민,345,3,240724_203419,F,파울,135,포크,1,2,True,240724_203419,6,3,0.33611,0.7083,3.291,1.614,-122.555,-3.64983,6.90323,5.52806,50.0,-1.40624,-13.0836,21.9914,-26.2983,L
20240724WOOB0,2024,6,bottom,62,5,8번타자 양찬열,50293,양찬열,64350,하영민,346,4,240724_203458,F,파울,134,포크,1,2,True,240724_203458,6,4,-0.294313,0.7083,3.291,1.614,-121.796,-1.62297,4.73603,5.5447,50.0,-1.45894,-9.35614,22.2451,-27.7043,L
20240724WOOB0,2024,6,bottom,62,5,8번타자 양찬열,50293,양찬열,64350,하영민,348,5,240724_203532,B,볼,145,직구,2,2,True,240724_203532,6,5,-1.65763,0.7083,3.291,1.614,-132.472,-2.16747,2.28758,5.50867,50.0,-1.56021,-13.0582,29.2067,-17.1083,L
20240724WOOB0,2024,6,bottom,62,5,8번타자 양찬열,50293,양찬열,64350,하영민,349,6,240724_203554,F,파울,135,포크,2,2,True,240724_203554,6,6,-0.559699,0.7083,3.291,1.614,-122.894,-1.21215,4.34125,5.52869,50.0,-1.43773,-10.7206,24.0631,-27.0368,L
20240724WOOB0,2024,6,bottom,62,5,8번타자 양찬열,50293,양찬열,64350,하영민,350,7,240724_203625,B,볼,136,포크,3,2,True,240724_203625,6,7,1.23868,0.7083,3.291,1.614,-123.776,-4.39787,8.83404,5.45758,50.0,-1.29979,-13.026,21.7914,-24.4753,L
20240724WOOB0,2024,6,bottom,62,5,8번타자 양찬열,50293,양찬열,64350,하영민,352,8,240724_203700,B,볼,133,포크,4,2,True,240724_203700,6,8,1.25295,0.7083,3.291,1.614,-121.061,-4.11777,9.46359,5.43248,50.0,-1.46062,-14.4,20.9719,-25.8179,L
20240724WOOB0,2024,6,bottom,63,6,9번타자 전민재,68205,전민재,69360,조영건,359,1,240724_203956,T,스트라이크,143,직구,0,1,True,240724_203956,6,1,0.859127,0.7083,3.374,1.655,-130.088,-6.24133,8.68664,5.59434,50.0,-1.65582,-11.6734,24.7104,-15.3076,R
20240724WOOB0,2024,6,bottom,63,6,9번타자 전민재,68205,전민재,69360,조영건,360,2,240724_204019,B,볼,144,직구,1,1,True,240724_204019,6,2,1.56944,0.7083,3.374,1.655,-131.129,-7.4616,8.9965,5.60532,50.0,-1.4278,-6.79736,25.6988,-16.5843,R
20240724WOOB0,2024,6,bottom,63,6,9번타자 전민재,68205,전민재,69360,조영건,361,3,240724_204043,F,파울,136,슬라이더,1,2,True,240724_204043,6,3,0.214062,0.7083,3.374,1.655,-123.796,-4.44558,4.87496,5.70355,50.0,-1.75278,-0.531499,21.185,-21.3252,R
20240724WOOB0,2024,6,bottom,63,6,9번타자 전민재,68205,전민재,69360,조영건,362,4,240724_204116,F,파울,137,슬라이더,1,2,True,240724_204116,6,4,0.57913,0.7083,3.374,1.655,-124.726,-3.0229,6.72148,5.8258,50.0,-1.80169,-4.4584,21.8911,-24.8581,R
20240724WOOB0,2024,6,bottom,63,6,9번타자 전민재,68205,전민재,69360,조영건,363,5,240724_204148,F,파울,125,커브,1,2,True,240724_204148,6,5,0.331127,0.7083,3.374,1.655,-113.592,0.321676,4.62187,5.92444,50.0,-1.56535,-1.91392,20.8741,-37.8298,R
20240724WOOB0,2024,6,bottom,63,6,9번타자 전민재,68205,전민재,69360,조영건,364,6,240724_204225,T,스트라이크,122,커브,1,3,True,240724_204225,6,6,-0.195745,0.7083,3.374,1.655,-111.506,2.62508,3.97289,6.16847,50.0,-1.67678,-3.31997,20.7909,-38.4228,R
20240724WOOB0,2024,7,top,65,1,8번타자 김건희,53312,김건희,77263,김강률,373,3,240724_204548,B,볼,145,직구,2,1,True,240724_204548,7,3,0.65514,0.7083,3.433,1.684,-131.455,-8.38831,4.18915,5.81224,50.0,-0.542744,-5.72438,25.5352,-16.7405,R
20240724WOOB0,2024,7,top,65,1,8번타자 김건희,53312,김건희,77263,김강률,374,4,240724_204610,S,헛스윙,146,직구,2,2,True,240724_204610,7,4,-0.36287,0.7083,3.433,1.684,-133.358,-4.54816,1.05485,5.90014,50.0,-0.550659,-2.94579,27.8643,-16.1709,R
20240724WOOB0,2024,7,top,65,1,8번타자 김건희,53312,김건희,77263,김강률,375,5,240724_204632,F,파울,143,직구,2,2,True,240724_204632,7,5,0.243565,0.7083,3.433,1.684,-130.65,-3.90222,2.89143,5.81915,50.0,-0.523259,-4.75915,23.5539,-21.2545,R
20240724WOOB0,2024,7,top,65,1,8번타자 김건희,53312,김건희,77263,김강률,376,6,240724_204655,F,파울,117,커브,2,2,True,240724_204655,7,6,-0.603258,0.7083,3.433,1.684,-106.935,3.97506,-1.27761,6.30695,50.0,-0.774237,6.75828,20.1086,-46.0293,R
20240724WOOB0,2024,7,top,65,1,8번타자 김건희,53312,김건희,77263,김강률,377,7,240724_204723,B,볼,142,직구,3,2,True,240724_204723,7,7,-1.10688,0.7083,3.433,1.684,-129.103,1.8169,-0.356977,5.95029,50.0,-0.645014,-4.01913,27.5174,-23.1219,R
20240724WOOB0,2024,7,top,65,1,8번타자 김건희,53312,김건희,77263,김강률,378,8,240724_204749,H,타격,143,직구,3,2,True,240724_204749,7,8,-0.42739,0.7083,3.433,1.684,-130.157,-4.78687,1.07595,5.80788,50.0,-0.442074,-5.28826,23.7446,-20.7746,R
20240724WOOB0,2024,7,top,65,1,8번타자 김건희,53312,김건희,77263,김강률,380,8,240724_204749,H,타격,143,직구,3,2,True,240724_204749,7,8,-0.42739,0.7083,3.433,1.684,-130.157,-4.78687,1.07595,5.80788,50.0,-0.442074,-5.28826,23.7446,-20.7746,R
20240724WOOB0,2024,7,top,66,2,9번타자 이재상,54305,이재상,77263,김강률,383,1,240724_204829,B,볼,132,슬라이더,1,0,True,240724_204829,7,1,1.02147,0.7083,3.374,1.655,-120.439,0.811769,3.88256,6.04674,50.0,-0.739989,1.3377,18.3356,-33.849,R
20240724WOOB0,2024,7,top,66,2,9번타자 이재상,54305,이재상,77263,김강률,384,2,240724_204842,S,헛스윙,142,직구,1,1,True,240724_204842,7,2,-0.446852,0.7083,3.374,1.655,-129.745,-3.06325,1.30725,5.97642,50.0,-0.584199,-4.86599,23.6051,-14.7049,R
20240724WOOB0,2024,7,top,66,2,9번타자 이재상,54305,이재상,77263,김강률,385,3,240724_204855,B,볼,139,직구,2,1,True,240724_204855,7,3,-1.49973,0.7083,3.374,1.655,-126.262,-8.18127,-1.56068,5.69939,50.0,-0.582779,-3.47518,22.424,-14.8663,R
20240724WOOB0,2024,7,top,66,2,9번타자 이재상,54305,이재상,77263,김강률,386,4,240724_204912,S,헛스윙,143,직구,2,2,True,240724_204912,7,4,0.070341,0.7083,3.374,1.655,-130.075,-5.53984,2.09544,5.77339,50.0,-0.494239,-3.34138,21.8809,-14.3251,R
20240724WOOB0,2024,7,top,66,2,9번타자 이재상,54305,이재상,77263,김강률,387,5,240724_204932,F,파울,143,직구,2,2,True,240724_204932,7,5,0.145751,0.7083,3.374,1.655,-129.584,-3.31029,2.86194,5.83143,50.0,-0.450961,-6.84106,23.6265,-19.3201,R
20240724WOOB0,2024,7,top,66,2,9번타자 이재상,54305,이재상,77263,김강률,388,6,240724_204953,S,헛스윙,132,슬라이더,2,3,True,240724_204953,7,6,1.11253,0.7083,3.374,1.655,-120.019,-4.60246,2.95681,5.87719,50.0,-0.660087,5.48542,23.7269,-30.295,R
20240724WOOB0,2024,7,top,66,2,9번타자 이재상,50167,이주형,77263,김강률,390,2,240724_205040,T,스트라이크,144,직구,0,2,True,240724_205040,7,2,-0.348625,0.7083,3.359,1.648,-131.438,-6.12407,0.955639,5.81264,50.0,-0.57366,-1.94674,29.0162,-15.2002,L
20240724WOOB0,2024,7,top,66,2,9번타자 이재상,50167,이주형,77263,김강률,391,3,240724_205059,H,타격,120,커브,0,2,True,240724_205059,7,3,-0.796497,0.7083,3.359,1.648,-109.438,2.25406,-0.784793,6.25977,50.0,-0.705774,2.50766,22.028,-45.9489,L
20240724WOOB0,2024,7,top,67,3,2번타자 도슨,53327,도슨,52204,이병헌,395,1,240724_205358,H,타격,146,직구,0,0,True,240724_205358,7,1,-0.475064,0.7083,3.365,1.65,-132.353,-6.19873,-8.63477,5.54476,50.0,1.85601,13.4841,25.3592,-14.9909,L
20240724WOOB0,2024,7,bottom,71,1,1번타자 정수빈,79231,정수빈,69360,조영건,402,1,240724_205823,F,파울,141,직구,0,1,True,240724_205823,7,1,0.352958,0.7083,3.278,1.608,-128.64,-4.2725,7.1001,5.72464,50.0,-1.69529,-9.77992,22.6658,-13.4968,L
20240724WOOB0,2024,7,bottom,71,1,1번타자 정수빈,79231,정수빈,69360,조영건,403,2,240724_205853,H,타격,130,포크,0,1,True,240724_205853,7,2,-0.65327,0.7083,3.278,1.608,-118.844,-1.58825,3.81985,5.78856,50.0,-1.61445,-7.38658,22.4502,-31.7006,L
20240724WOOB0,2024,7,bottom,72,2,2번타자 이유찬,67207,이유찬,69360,조영건,407,1,240724_210007,B,볼,141,직구,1,0,True,240724_210007,7,1,-0.281385,0.7083,3.294,1.616,-128.449,-1.48853,6.14699,5.88615,50.0,-1.71085,-12.8825,27.9911,-18.9909,R
20240724WOOB0,2024,7,bottom,72,2,2번타자 이유찬,67207,이유찬,69360,조영건,408,2,240724_210044,H,타격,141,직구,1,0,True,240724_210044,7,2,0.472633,0.7083,3.294,1.616,-128.007,-3.70382,7.82544,5.77677,50.0,-1.70347,-11.9746,25.7821,-17.5945,R
20240724WOOB0,2024,7,bottom,73,3,3번타자 허경민,79240,허경민,69360,조영건,411,1,240724_210138,T,스트라이크,134,슬라이더,0,1,True,240724_210138,7,1,-0.037893,0.7083,3.307,1.622,-122.383,-3.69938,5.09454,5.80787,50.0,-1.80264,-4.10812,19.0643,-25.4892,R
20240724WOOB0,2024,7,bottom,73,3,3번타자 허경민,79240,허경민,69360,조영건,412,2,240724_210202,H,타격,123,커브,0,1,True,240724_210202,7,2,0.37413,0.7083,3.307,1.622,-111.759,0.603291,4.63435,6.02183,50.0,-1.54785,-1.86884,16.8669,-37.7773,R
20240724WOOB0,2024,7,bottom,74,4,4번타자 양의지,76232,양의지,69360,조영건,416,1,240724_210254,H,타격,144,직구,0,0,True,240724_210254,7,1,-0.096799,0.7083,3.385,1.66,-130.786,-2.27217,6.373,5.72838,50.0,-1.72103,-11.3457,23.868,-18.9498,R
20240724WOOB0,2024,7,bottom,75,5,5번타자 양석환,64153,양석환,69360,조영건,419,1,240724_210343,B,볼,133,슬라이더,1,0,True,240724_210343,7,1,-0.154772,0.7083,3.465,1.699,-120.816,2.46713,3.87791,5.94822,50.0,-1.87667,0.891815,20.7857,-28.634,R
20240724WOOB0,2024,7,bottom,75,5,5번타자 양석환,64153,양석환,69360,조영건,420,2,240724_210402,F,파울,132,슬라이더,1,1,True,240724_210402,7,2,-0.335803,0.7083,3.465,1.699,-120.383,0.557504,4.05755,5.83909,50.0,-1.95088,-1.18249,19.8131,-26.5188,R
20240724WOOB0,2024,7,bottom,75,5,5번타자 양석환,64153,양석환,69360,조영건,421,3,240724_210434,S,헛스윙,130,포크,1,2,True,240724_210434,7,3,-0.209146,0.7083,3.465,1.699,-117.984,-4.52153,4.65484,5.68971,50.0,-1.49424,-7.80439,20.2215,-29.5552,R
20240724WOOB0,2024,7,bottom,75,5,5번타자 양석환,64153,양석환,69360,조영건,422,4,240724_210500,B,볼,131,포크,2,2,True,240724_210500,7,4,-1.15597,0.7083,3.465,1.699,-119.622,-5.11348,2.84862,5.67135,50.0,-1.62346,-8.19613,22.6368,-32.7572,R
20240724WOOB0,2024,7,bottom,75,5,5번타자 양석환,64153,양석환,69360,조영건,424,5,240724_210544,B,볼,132,슬라이더,3,2,True,240724_210544,7,5,-1.81437,0.7083,3.465,1.699,-120.499,3.49448,-0.876014,5.99749,50.0,-1.91393,5.24933,19.223,-27.9895,R
20240724WOOB0,2024,7,bottom,75,5,5번타자 양석환,64153,양석환,69360,조영건,425,6,240724_210621,F,파울,142,직구,3,2,True,240724_210621,7,6,-0.714292,0.7083,3.465,1.699,-129.628,-2.32774,5.09611,5.66146,50.0,-1.81907,-11.646,25.5782,-17.4901,R
20240724WOOB0,2024,7,bottom,75,5,5번타자 양석환,64153,양석환,69360,조영건,426,7,240724_210659,F,파울,143,직구,3,2,True,240724_210659,7,7,0.03278,0.7083,3.465,1.699,-130.11,-4.48033,6.26287,5.60192,50.0,-1.71688,-9.26138,25.9592,-18.4364,R
20240724WOOB0,2024,7,bottom,75,5,5번타자 양석환,64153,양석환,69360,조영건,427,8,240724_210727,F,파울,135,슬라이더,3,2,True,240724_210727,7,8,-0.029312,0.7083,3.465,1.699,-122.743,-0.522897,5.051,5.66074,50.0,-1.82513,-3.52483,20.3039,-25.9614,R
20240724WOOB0,2024,7,bottom,75,5,5번타자 양석환,64153,양석환,69360,조영건,428,9,240724_210806,B,볼,123,커브,4,2,True,240724_210806,7,9,0.083047,0.7083,3.465,1.699,-112.032,4.79137,4.03512,6.01024,50.0,-1.64437,-1.05442,16.4214,-37.3158,R
20240724WOOB0,2024,7,bottom,76,6,6번타자 강승호,63123,강승호,69360,조영건,431,1,240724_210853,F,파울,135,슬라이더,0,1,True,240724_210853,7,1,-0.575254,0.7083,3.35,1.643,-122.994,-1.12216,4.00664,5.79028,50.0,-1.91596,-3.72055,19.4301,-21.3254,R
20240724WOOB0,2024,7,bottom,76,6,6번타자 강승호,63123,강승호,69360,조영건,432,2,240724_210927,B,볼,137,슬라이더,1,1,True,240724_210927,7,2,1.35272,0.7083,3.35,1.643,-124.25,-7.39174,7.22345,5.47829,50.0,-1.61293,-0.254215,24.4862,-27.0044,R
20240724WOOB0,2024,7,bottom,76,6,6번타자 강승호,63123,강승호,69360,조영건,433,3,240724_210955,S,헛스윙,143,직구,1,2,True,240724_210955,7,3,0.388537,0.7083,3.35,1.643,-130.079,-1.77773,6.6781,5.65299,50.0,-1.73843,-6.55483,26.96,-18.1739,R
20240724WOOB0,2024,7,bottom,76,6,6번타자 강승호,63123,강승호,69360,조영건,434,4,240724_211017,F,파울,145,직구,1,2,True,240724_211017,7,4,0.007901,0.7083,3.35,1.643,-131.675,-4.00734,7.08463,5.59774,50.0,-1.81372,-12.368,26.5487,-16.4248,R
20240724WOOB0,2024,7,bottom,76,6,6번타자 강승호,63123,강승호,69360,조영건,435,5,240724_211046,F,파울,132,포크,1,2,True,240724_211046,7,5,0.600275,0.7083,3.35,1.643,-120.27,-2.09344,6.87874,5.86947,50.0,-1.59088,-8.10355,20.0192,-30.3749,R
20240724WOOB0,2024,7,bottom,76,6,6번타자 강승호,63123,강승호,69360,조영건,436,6,240724_211114,B,볼,146,직구,2,2,True,240724_211114,7,6,1.23009,0.7083,3.35,1.643,-132.721,-4.26649,9.68154,5.65098,50.0,-1.65619,-11.5442,28.9088,-17.7426,R
20240724WOOB0,2024,7,bottom,76,6,6번타자 강승호,63123,강승호,69360,조영건,437,7,240724_211138,F,파울,143,직구,2,2,True,240724_211138,7,7,0.305109,0.7083,3.35,1.643,-130.351,-1.66939,7.91999,5.77421,50.0,-1.89023,-11.9074,26.1941,-20.7021,R
20240724WOOB0,2024,7,bottom,76,6,6번타자 강승호,63123,강승호,69360,조영건,438,8,240724_211205,B,볼,137,슬라이더,3,2,True,240724_211205,7,8,2.05815,0.7083,3.35,1.643,-124.345,-4.83713,9.51322,5.61054,50.0,-1.68744,-1.87887,20.5922,-26.4219,R
20240724WOOB0,2024,7,bottom,76,6,6번타자 강승호,63123,강승호,69360,조영건,439,9,240724_211233,F,파울,144,직구,3,2,True,240724_211233,7,9,0.494904,0.7083,3.35,1.643,-130.64,-3.71368,8.8479,5.66031,50.0,-1.75072,-15.8918,23.9242,-19.3477,R
20240724WOOB0,2024,7,bottom,77,7,7번타자 박준영,66928,박준영,50393,김동욱,445,1,240724_211628,B,볼,136,투심,1,0,True,240724_211628,7,1,0.255972,0.7083,3.355,1.646,-123.939,-0.239092,6.03413,5.69006,50.0,-1.53745,-8.19407,22.3005,-24.5045,R
20240724WOOB0,2024,7,bottom,77,7,7번타자 박준영,66928,박준영,50393,김동욱,446,2,240724_211703,T,스트라이크,137,투심,1,1,True,240724_211703,7,2,-0.0992,0.7083,3.355,1.646,-124.81,-1.24064,6.32255,5.65461,50.0,-1.56669,-13.3821,22.394,-24.2773,R
20240724WOOB0,2024,7,bottom,77,7,7번타자 박준영,66928,박준영,50393,김동욱,447,3,240724_211722,B,볼,121,커브,2,1,True,240724_211722,7,3,1.51146,0.7083,3.355,1.646,-109.748,-1.7644,5.2034,5.55539,50.0,-1.86041,8.53636,19.0909,-32.4589,R
20240724WOOB0,2024,7,bottom,77,7,7번타자 박준영,66928,박준영,50393,김동욱,448,4,240724_211744,H,타격,138,투심,2,1,True,240724_211744,7,4,0.323367,0.7083,3.355,1.646,-125.674,-5.70258,7.10436,5.40694,50.0,-1.51689,-12.7087,23.4229,-22.0868,R
20240724WOOB0,2024,7,bottom,78,8,8번타자 양찬열,50293,양찬열,50393,김동욱,454,1,240724_211842,B,볼,136,투심,1,0,True,240724_211842,7,1,-1.03305,0.7083,3.291,1.614,-123.828,-1.97994,3.8687,5.52293,50.0,-1.7093,-10.8012,22.4614,-24.8907,L
20240724WOOB0,2024,7,bottom,78,8,8번타자 양찬열,50293,양찬열,50393,김동욱,455,2,240724_211900,B,볼,138,투심,2,0,True,240724_211900,7,2,0.600918,0.7083,3.291,1.614,-125.843,-4.24113,8.69426,5.30689,50.0,-1.57906,-16.4146,23.9211,-25.4559,L
20240724WOOB0,2024,7,bottom,78,8,8번타자 양찬열,50293,양찬열,50393,김동욱,456,3,240724_211921,B,볼,137,투심,3,0,True,240724_211921,7,3,0.734998,0.7083,3.291,1.614,-124.7,-5.05832,7.90969,5.35844,50.0,-1.48286,-12.223,22.8955,-22.6394,L
20240724WOOB0,2024,7,bottom,78,8,8번타자 양찬열,50293,양찬열,50393,김동욱,457,4,240724_211944,T,스트라이크,136,투심,3,1,True,240724_211944,7,4,-0.760321,0.7083,3.291,1.614,-123.739,-1.41198,4.9331,5.56277,50.0,-1.60491,-13.9704,23.3369,-23.1361,L
20240724WOOB0,2024,7,bottom,78,8,8번타자 양찬열,50293,양찬열,50393,김동욱,458,5,240724_212006,H,타격,137,투심,3,1,True,240724_212006,7,5,0.616007,0.7083,3.291,1.614,-124.778,-3.84987,7.66163,5.38801,50.0,-1.5181,-12.0397,24.6166,-22.7532,L
20240724WOOB0,2024,8,top,80,1,3번타자 송성문,65357,송성문,69205,이교훈,463,1,240724_212243,B,볼,130,슬라이더,1,0,True,240724_212243,8,1,0.408487,0.7083,3.407,1.671,-118.041,-5.34748,-5.05024,5.67936,50.0,2.09021,5.3523,18.0015,-24.8602,L
20240724WOOB0,2024,8,top,80,1,3번타자 송성문,65357,송성문,69205,이교훈,464,2,240724_212257,B,볼,139,직구,2,0,True,240724_212257,8,2,1.46866,0.7083,3.407,1.671,-126.452,-3.73356,-4.38438,5.62364,50.0,2.2961,11.5571,25.2867,-18.8933,L
20240724WOOB0,2024,8,top,80,1,3번타자 송성문,65357,송성문,69205,이교훈,465,3,240724_212314,T,스트라이크,139,직구,2,1,True,240724_212314,8,3,-0.066077,0.7083,3.407,1.671,-126.373,-5.73421,-7.59513,5.69101,50.0,2.11282,10.9917,24.9929,-15.0069,L
20240724WOOB0,2024,8,top,80,1,3번타자 송성문,65357,송성문,69205,이교훈,466,4,240724_212329,S,헛스윙,142,직구,2,2,True,240724_212329,8,4,-0.193101,0.7083,3.407,1.671,-129.286,-2.38009,-7.41594,5.67156,50.0,2.01021,9.39315,25.5781,-14.3869,L
20240724WOOB0,2024,8,top,80,1,3번타자 송성문,65357,송성문,69205,이교훈,467,5,240724_212346,B,볼,144,직구,3,2,True,240724_212346,8,5,-0.216108,0.7083,3.407,1.671,-131.335,-1.02031,-9.11276,5.76432,50.0,2.09249,16.4258,27.6002,-17.4504,L
20240724WOOB0,2024,8,top,80,1,3번타자 송성문,65357,송성문,69205,이교훈,468,6,240724_212404,S,헛스윙,141,직구,3,3,True,240724_212404,8,6,1.00325,0.7083,3.407,1.671,-127.984,-1.57971,-5.8578,5.64747,50.0,2.43235,11.4545,26.4921,-18.4925,L
20240724WOOB0,2024,8,top,81,2,4번타자 김혜성,67304,김혜성,69205,이교훈,471,1,240724_212434,B,볼,143,직구,1,0,True,240724_212434,8,1,-1.11443,0.7083,3.331,1.634,-129.791,-5.45276,-10.5949,5.40515,50.0,2.0615,12.9555,25.7813,-14.7222,L
20240724WOOB0,2024,8,top,81,2,4번타자 김혜성,67304,김혜성,69205,이교훈,472,2,240724_212450,H,타격,141,직구,1,0,True,240724_212450,8,2,0.32887,0.7083,3.331,1.634,-127.976,-4.20238,-6.96787,5.58367,50.0,2.08843,12.9094,27.9594,-16.8566,L
20240724WOOB0,2024,8,top,82,3,5번타자 최주환,76267,최주환,69205,이교훈,475,1,240724_212535,B,볼,131,슬라이더,1,0,True,240724_212535,8,1,-0.997765,0.7083,3.272,1.605,-119.026,-4.17936,-6.62752,5.59747,50.0,1.9365,-0.913527,20.4361,-25.7153,L
20240724WOOB0,2024,8,top,82,3,5번타자 최주환,76267,최주환,69205,이교훈,476,2,240724_212550,B,볼,127,슬라이더,2,0,True,240724_212550,8,2,0.239405,0.7083,3.272,1.605,-115.936,2.86838,-5.6033,5.97995,50.0,2.20051,5.27008,19.7284,-28.8715,L
20240724WOOB0,2024,8,top,82,3,5번타자 최주환,76267,최주환,69205,이교훈,477,3,240724_212610,B,볼,141,직구,3,0,True,240724_212610,8,3,-1.6001,0.7083,3.272,1.605,-127.98,-2.68118,-10.3516,5.4347,50.0,1.91471,8.04563,27.4165,-23.1587,L
20240724WOOB0,2024,8,top,82,3,5번타자 최주환,76267,최주환,69205,이교훈,478,4,240724_212629,T,스트라이크,136,직구,3,1,True,240724_212629,8,4,-0.780458,0.7083,3.272,1.605,-123.873,-5.39703,-7.93214,5.47573,50.0,2.0345,5.54707,24.7532,-16.1003,L
20240724WOOB0,2024,8,top,82,3,5번타자 최주환,76267,최주환,69205,이교훈,479,5,240724_212646,B,볼,140,직구,4,1,True,240724_212646,8,5,-0.321885,0.7083,3.272,1.605,-127.329,-1.55045,-8.19274,5.73612,50.0,2.06035,11.4612,29.4009,-17.0202,L
20240724WOOB0,2024,8,top,83,4,6번타자 원성준,54307,원성준,66291,이영하,483,1,240724_212925,B,볼,147,직구,1,0,True,240724_212925,8,1,0.367077,0.7083,3.335,1.636,-133.197,-10.4161,6.31625,6.51706,50.0,-1.41843,-8.60051,21.9077,-16.64,L
20240724WOOB0,2024,8,top,83,4,6번타자 원성준,54307,원성준,66291,이영하,484,2,240724_212946,T,스트라이크,130,포크,1,1,True,240724_212946,8,2,-0.708458,0.7083,3.335,1.636,-118.104,-3.69417,2.60827,6.83195,50.0,-1.47818,-3.84369,20.5307,-27.1034,L
20240724WOOB0,2024,8,top,83,4,6번타자 원성준,54307,원성준,66291,이영하,485,3,240724_213012,T,스트라이크,147,직구,1,2,True,240724_213012,8,3,-0.885536,0.7083,3.335,1.636,-133.628,-8.13366,3.63045,6.55501,50.0,-1.54592,-9.95532,24.8919,-16.8312,L
20240724WOOB0,2024,8,top,83,4,6번타자 원성준,54307,원성준,66291,이영하,486,4,240724_213035,B,볼,134,슬라이더,2,2,True,240724_213035,8,4,0.76979,0.7083,3.335,1.636,-121.515,-8.65176,3.53752,6.51257,50.0,-1.3503,7.07989,21.7149,-32.2207,L
20240724WOOB0,2024,8,top,83,4,6번타자 원성준,54307,원성준,66291,이영하,487,5,240724_213106,B,볼,131,포크,3,2,True,240724_213106,8,5,0.91756,0.7083,3.335,1.636,-119.127,-8.10879,5.94481,6.69391,50.0,-1.1714,-5.04206,20.5395,-27.3264,L
20240724WOOB0,2024,8,top,83,4,6번타자 원성준,54307,원성준,66291,이영하,488,6,240724_213136,H,타격,133,슬라이더,3,2,True,240724_213136,8,6,0.0245,0.7083,3.335,1.636,-121.094,-3.61699,2.86045,6.74145,50.0,-1.50006,3.53555,21.088,-27.1227,L
20240724WOOB0,2024,8,top,84,5,7번타자 이형종,78135,이형종,66291,이영하,493,2,240724_213258,T,스트라이크,150,직구,0,2,True,240724_213258,8,2,0.61415,0.7083,3.343,1.64,-136.34,-9.45073,6.75438,6.46369,50.0,-1.20108,-10.2431,27.6821,-18.2858,R
20240724WOOB0,2024,8,top,84,5,7번타자 이형종,78135,이형종,66291,이영하,494,3,240724_213324,B,볼,151,직구,1,2,True,240724_213324,8,3,1.17599,0.7083,3.343,1.64,-137.14,-7.47617,8.65301,6.4683,50.0,-1.31081,-10.6905,27.8923,-16.2297,R
20240724WOOB0,2024,8,top,84,5,7번타자 이형종,78135,이형종,66291,이영하,495,4,240724_213348,B,볼,135,포크,2,2,True,240724_213348,8,4,0.962908,0.7083,3.343,1.64,-122.496,-10.1017,5.61646,6.5648,50.0,-0.770621,-7.02805,21.8023,-24.7411,R
20240724WOOB0,2024,8,top,84,5,7번타자 이형종,78135,이형종,66291,이영하,496,5,240724_213422,S,헛스윙,134,슬라이더,2,3,True,240724_213422,8,5,0.522011,0.7083,3.343,1.64,-121.824,-4.79293,2.94572,6.66529,50.0,-1.3127,6.72499,22.2164,-30.975,R
20240724WOOB0,2024,8,bottom,88,1,9번타자 조수행,66209,조수행,54368,김연주,503,1,240724_213650,B,볼,140,직구,1,0,True,240724_213650,8,1,-1.42117,0.7083,3.348,1.642,-127.655,-2.7651,2.91172,5.05872,50.0,-1.47141,-13.8464,25.8651,-17.8098,L
20240724WOOB0,2024,8,bottom,88,1,9번타자 조수행,66209,조수행,54368,김연주,504,2,240724_213705,B,볼,141,직구,2,0,True,240724_213705,8,2,-2.33964,0.7083,3.348,1.642,-128.23,-0.62408,0.552399,5.06593,50.0,-1.52859,-12.8481,26.3388,-18.4871,L
20240724WOOB0,2024,8,bottom,88,1,9번타자 조수행,66209,조수행,54368,김연주,505,3,240724_213727,H,타격,141,직구,2,0,True,240724_213727,8,3,0.335286,0.7083,3.348,1.642,-128.516,-2.14262,6.37508,5.03048,50.0,-1.21183,-12.5664,29.0509,-17.2886,L
20240724WOOB0,2024,8,bottom,89,2,1번타자 정수빈,79231,정수빈,54368,김연주,508,1,240724_213807,B,볼,142,직구,1,0,True,240724_213807,8,1,-2.38188,0.7083,3.278,1.608,-129.302,-1.72034,0.609256,5.09835,50.0,-1.52837,-13.774,28.9472,-16.9711,L
20240724WOOB0,2024,8,bottom,89,2,1번타자 정수빈,79231,정수빈,54368,김연주,509,2,240724_213823,T,스트라이크,140,직구,1,1,True,240724_213823,8,2,0.399323,0.7083,3.278,1.608,-127.284,-3.76009,6.361,4.89492,50.0,-1.28981,-10.8517,29.62,-18.7136,L
20240724WOOB0,2024,8,bottom,90,3,2번타자 이유찬,67207,이유찬,54368,김연주,511,1,240724_213927,B,볼,141,직구,1,0,True,240724_213927,8,1,1.34685,0.7083,3.294,1.616,-128.017,-7.54199,7.68802,4.90775,50.0,-0.838319,-11.2176,27.3157,-16.9028,R
20240724WOOB0,2024,8,bottom,90,3,2번타자 이유찬,67207,이유찬,54368,김연주,512,2,240724_214013,T,스트라이크,141,직구,1,1,True,240724_214013,8,2,-0.66336,0.7083,3.294,1.616,-128.265,-4.27593,3.99107,4.99674,50.0,-1.17097,-13.592,26.6546,-20.3323,R
20240724WOOB0,2024,8,bottom,90,3,2번타자 이유찬,67207,이유찬,54368,김연주,513,3,240724_214110,B,볼,126,슬라이더,2,1,True,240724_214110,8,3,1.35173,0.7083,3.294,1.616,-114.523,-3.18704,5.07764,5.21784,50.0,-1.0015,0.871698,18.3246,-28.4091,R
20240724WOOB0,2024,8,bottom,90,3,2번타자 이유찬,67207,이유찬,54368,김연주,516,4,240724_214351,B,볼,136,직구,3,1,True,240724_214351,8,4,-0.260317,0.7083,3.294,1.616,-123.573,-4.89184,4.87927,4.91332,50.0,-1.1863,-12.76,23.5131,-18.1966,R
20240724WOOB0,2024,8,bottom,90,3,2번타자 이유찬,67207,이유찬,54368,김연주,517,5,240724_214411,H,타격,140,직구,3,1,True,240724_214411,8,5,-0.557119,0.7083,3.294,1.616,-127.552,-3.9593,4.64829,5.00255,50.0,-1.24641,-14.6011,23.9932,-15.9098,R
20240724WOOB0,2024,8,bottom,92,4,3번타자 허경민,79240,허경민,54368,김연주,522,1,240724_214450,B,볼,142,직구,1,0,True,240724_214450,8,1,1.75612,0.7083,3.307,1.622,-129.334,-1.43172,9.68268,5.10387,50.0,-0.934359,-14.6169,25.4145,-19.2744,R
20240724WOOB0,2024,8,bottom,92,4,3번타자 허경민,79240,허경민,54368,김연주,523,2,240724_214510,B,볼,139,직구,2,0,True,240724_214510,8,2,0.865677,0.7083,3.307,1.622,-125.959,-3.96698,7.35828,4.84446,50.0,-1.03117,-13.2757,24.9594,-20.2087,R
20240724WOOB0,2024,8,bottom,92,4,3번타자 허경민,79240,허경민,54368,김연주,526,3,240724_214925,B,볼,139,직구,3,0,True,240724_214925,8,3,-0.149129,0.7083,3.307,1.622,-126.594,-6.17388,4.81611,4.94682,50.0,-1.14712,-11.616,25.7402,-20.0162,R
20240724WOOB0,2024,8,bottom,92,4,3번타자 허경민,79240,허경민,54368,김연주,527,4,240724_214945,B,볼,139,직구,4,0,True,240724_214945,8,4,2.48964,0.7083,3.307,1.622,-126.371,-3.75792,10.7705,4.95429,50.0,-0.928857,-11.6073,24.9915,-17.6974,R
20240724WOOB0,2024,8,bottom,93,5,4번타자 양의지,76232,양의지,54368,김연주,530,1,240724_215024,B,볼,127,슬라이더,1,0,True,240724_215024,8,1,1.08467,0.7083,3.385,1.66,-115.21,-0.783907,4.76538,5.15367,50.0,-1.14874,1.15637,19.6211,-28.2983,R
20240724WOOB0,2024,8,bottom,93,5,4번타자 양의지,76232,양의지,54368,김연주,531,2,240724_215040,B,볼,123,슬라이더,2,0,True,240724_215040,8,2,0.009792,0.7083,3.385,1.66,-111.815,-0.789116,1.95274,5.14875,50.0,-1.28216,3.66231,21.9014,-31.2372,R
20240724WOOB0,2024,8,bottom,93,5,4번타자 양의지,76232,양의지,54368,김연주,532,3,240724_215058,B,볼,141,직구,3,0,True,240724_215058,8,3,1.15816,0.7083,3.385,1.66,-128.327,-3.06146,8.32904,4.9959,50.0,-1.0912,-13.5178,25.0675,-17.6457,R
20240724WOOB0,2024,8,bottom,93,5,4번타자 양의지,76232,양의지,54368,김연주,533,4,240724_215119,T,스트라이크,141,직구,3,1,True,240724_215119,8,4,-0.134557,0.7083,3.385,1.66,-128.484,-3.0902,4.92231,5.01541,50.0,-1.14882,-11.9333,26.3179,-16.1043,R
20240724WOOB0,2024,8,bottom,93,5,4번타자 양의지,76232,양의지,54368,김연주,534,5,240724_215137,H,타격,141,직구,3,1,True,240724_215137,8,5,0.582081,0.7083,3.385,1.66,-127.874,-5.87259,6.68252,4.9309,50.0,-1.0719,-12.7616,25.0066,-15.1064,R
20240724WOOB0,2024,9,top,95,1,8번타자 김건희,53312,김건희,66291,이영하,538,1,240724_215413,F,파울,146,직구,0,1,True,240724_215413,9,1,0.05702,0.7083,3.433,1.684,-132.726,-7.61398,4.99228,6.57841,50.0,-1.47244,-5.35013,26.618,-14.4519,R
20240724WOOB0,2024,9,top,95,1,8번타자 김건희,53312,김건희,66291,이영하,539,2,240724_215433,H,타격,148,직구,0,1,True,240724_215433,9,2,0.787892,0.7083,3.433,1.684,-134.678,-8.5853,7.99233,6.52521,50.0,-1.37913,-12.0891,27.5209,-15.9213,R
20240724WOOB0,2024,9,top,97,2,대타 고영우,54344,고영우,66291,이영하,543,1,240724_215512,T,스트라이크,145,직구,0,1,True,240724_215512,9,1,0.092138,0.7083,3.208,1.573,-132.203,-6.97643,3.9285,6.60078,50.0,-1.22862,-2.74948,28.5516,-18.4728,R
20240724WOOB0,2024,9,top,97,2,대타 고영우,54344,고영우,66291,이영하,544,2,240724_215528,H,타격,132,슬라이더,0,1,True,240724_215528,9,2,0.007698,0.7083,3.208,1.573,-120.173,-2.93271,2.4082,6.64757,50.0,-1.424,4.37312,23.515,-33.7853,R
20240724WOOB0,2024,9,top,98,3,1번타자 이주형,50167,이주형,66291,이영하,547,1,240724_215634,B,볼,149,직구,1,0,True,240724_215634,9,1,1.61882,0.7083,3.359,1.648,-135.201,-10.1863,9.80769,6.39727,50.0,-1.45901,-8.90291,27.1802,-14.6095,L
20240724WOOB0,2024,9,top,98,3,1번타자 이주형,50167,이주형,66291,이영하,548,2,240724_215659,F,파울,130,포크,1,1,True,240724_215659,9,2,-0.903187,0.7083,3.359,1.648,-118.665,-4.48677,2.07412,6.741,50.0,-1.37138,-4.58407,20.1652,-29.069,L
20240724WOOB0,2024,9,top,98,3,1번타자 이주형,50167,이주형,66291,이영하,549,3,240724_215726,B,볼,133,포크,2,1,True,240724_215726,9,3,-0.299001,0.7083,3.359,1.648,-121.492,-1.2943,3.23071,6.87954,50.0,-1.39001,-3.02788,20.4357,-28.8146,L
20240724WOOB0,2024,9,top,98,3,1번타자 이주형,50167,이주형,66291,이영하,550,4,240724_215750,B,볼,131,포크,3,1,True,240724_215750,9,4,-0.844007,0.7083,3.359,1.648,-119.041,0.799617,1.94281,6.97181,50.0,-1.42894,-2.70532,19.9355,-22.9086,L
20240724WOOB0,2024,9,top,98,3,1번타자 이주형,50167,이주형,66291,이영하,551,5,240724_215818,H,타격,149,직구,3,1,True,240724_215818,9,5,-0.628536,0.7083,3.359,1.648,-135.536,-8.40485,3.46593,6.47277,50.0,-1.50624,-6.03113,24.8739,-17.9989,L
20240724WOOB0,2024,9,top,99,4,2번타자 도슨,53327,도슨,54263,김택연,556,1,240724_220100,S,헛스윙,146,직구,0,1,True,240724_220100,9,1,-0.463623,0.7083,3.365,1.65,-132.818,-2.53181,4.42577,5.79859,50.0,-1.65982,-6.89171,27.7031,-14.6752,L
20240724WOOB0,2024,9,top,99,4,2번타자 도슨,53327,도슨,54263,김택연,557,2,240724_220120,T,스트라이크,138,포크,0,2,True,240724_220120,9,2,0.552159,0.7083,3.365,1.65,-125.694,-5.95021,6.44888,5.62398,50.0,-1.46721,-7.34088,23.6143,-19.5996,L
20240724WOOB0,2024,9,top,99,4,2번타자 도슨,53327,도슨,54263,김택연,558,3,240724_220157,B,볼,145,직구,1,2,True,240724_220157,9,3,0.268331,0.7083,3.365,1.65,-131.66,-0.85914,5.691,5.8903,50.0,-1.48169,-6.17794,27.2077,-15.5286,L
20240724WOOB0,2024,9,top,99,4,2번타자 도슨,53327,도슨,54263,김택연,559,4,240724_220223,S,헛스윙,148,직구,1,3,True,240724_220223,9,4,-0.576324,0.7083,3.365,1.65,-134.798,-3.81721,3.74268,5.7206,50.0,-1.59873,-5.56174,28.594,-16.0365,L
20240724WOOB0,2024,9,top,99,4,2번타자 도슨,65357,송성문,54263,김택연,560,1,240724_220257,T,스트라이크,133,슬라이더,0,1,True,240724_220257,9,1,0.860425,0.7083,3.407,1.671,-120.954,-2.09979,5.42884,5.77857,50.0,-1.47932,0.528801,20.0423,-31.9102,L
20240724WOOB0,2024,9,top,99,4,2번타자 도슨,65357,송성문,54263,김택연,561,2,240724_220314,B,볼,139,포크,1,1,True,240724_220314,9,2,-0.623737,0.7083,3.407,1.671,-125.983,-10.313,3.16288,5.47834,50.0,-1.55546,-4.29147,23.8187,-17.9037,L
20240724WOOB0,2024,9,top,99,4,2번타자 도슨,65357,송성문,54263,김택연,562,3,240724_220342,S,헛스윙,140,포크,1,2,True,240724_220342,9,3,-0.646792,0.7083,3.407,1.671,-127.417,-5.6777,4.06123,5.59639,50.0,-1.57936,-8.66305,23.7359,-23.3166,L
20240724WOOB0,2024,9,top,99,4,2번타자 도슨,65357,송성문,54263,김택연,563,4,240724_220405,B,볼,149,직구,2,2,True,240724_220405,9,4,-1.01982,0.7083,3.407,1.671,-135.663,1.15817,2.833,5.85886,50.0,-1.65019,-6.176,30.352,-15.4812,L
20240724WOOB0,2024,9,top,99,4,2번타자 도슨,65357,송성문,54263,김택연,564,5,240724_220425,F,파울,150,직구,2,2,True,240724_220425,9,5,-0.210381,0.7083,3.407,1.671,-136.432,-4.97866,4.43277,5.6392,50.0,-1.45786,-5.9464,29.2733,-12.8091,L
20240724WOOB0,2024,9,top,99,4,2번타자 도슨,65357,송성문,54263,김택연,565,6,240724_220516,B,볼,149,직구,3,2,True,240724_220516,9,6,-1.23847,0.7083,3.407,1.671,-135.675,-3.53058,0.929296,5.75301,50.0,-1.55405,-0.513736,30.2828,-13.1186,L
20240724WOOB0,2024,9,top,99,4,2번타자 도슨,65357,송성문,54263,김택연,566,7,240724_220539,H,타격,148,직구,3,2,True,240724_220539,9,7,0.447215,0.7083,3.407,1.671,-134.722,-5.17035,4.8157,5.65814,50.0,-1.34376,-0.730376,31.4978,-12.2282,L
20240404LTHH0,2024,1,top,1,1,1번타자 황성빈,50500,황성빈,52701,문동주,2,1,240404_183108,H,타격,146,직구,0,0,True,240404_183108,1,1,0.151918,0.7083,3.241,1.59,-132.879,-8.2973,2.48634,6.06632,50.0,-0.268646,-7.23104,29.2839,-9.61516,L
20240404LTHH0,2024,1,top,2,2,2번타자 윤동희,52591,윤동희,52701,문동주,5,1,240404_183140,T,스트라이크,147,직구,0,1,True,240404_183140,1,1,0.224421,0.7083,3.522,1.728,-133.346,-6.77617,2.42885,6.05096,50.0,-0.215776,-6.67728,28.0796,-13.8805,R
20240404LTHH0,2024,1,top,2,2,2번타자 윤동희,52591,윤동희,52701,문동주,6,2,240404_183152,B,볼,136,슬라이더,1,1,True,240404_183152,1,2,2.33103,0.7083,3.522,1.728,-123.248,-7.00902,5.23051,6.01516,50.0,-0.380371,6.70491,15.3363,-26.0561,R
20240404LTHH0,2024,1,top,2,2,2번타자 윤동희,52591,윤동희,52701,문동주,7,3,240404_183206,F,파울,147,직구,1,2,True,240404_183206,1,3,0.134994,0.7083,3.522,1.728,-133.687,-5.07201,2.26287,6.18314,50.0,-0.252668,-6.52596,28.6314,-11.629,R
20240404LTHH0,2024,1,top,2,2,2번타자 윤동희,52591,윤동희,52701,문동주,8,4,240404_183224,B,볼,147,직구,2,2,True,240404_183224,1,4,0.148001,0.7083,3.522,1.728,-134.278,-1.34001,1.9259,6.28015,50.0,-0.299107,-3.95116,26.2249,-11.6969,R
20240404LTHH0,2024,1,top,2,2,2번타자 윤동희,52591,윤동희,52701,문동주,9,5,240404_183238,F,파울,123,커브,2,2,True,240404_183238,1,5,-0.29424,0.7083,3.522,1.728,-112.403,0.635336,-1.46597,6.34965,50.0,-0.580012,9.18815,18.5153,-38.2481,R
20240404LTHH0,2024,1,top,2,2,2번타자 윤동희,52591,윤동희,52701,문동주,10,6,240404_183319,B,볼,150,직구,3,2,True,240404_183319,1,6,0.990935,0.7083,3.522,1.728,-136.838,-3.9491,3.72713,6.12213,50.0,-0.14064,-3.68166,23.1556,-10.8366,R
20240404LTHH0,2024,1,top,2,2,2번타자 윤동희,52591,윤동희,52701,문동주,11,7,240404_183335,F,파울,150,직구,3,2,True,240404_183335,1,7,0.65974,0.7083,3.522,1.728,-136.188,-7.42658,4.15619,6.01817,50.0,-0.304354,-8.46599,26.7388,-10.3049,R
20240404LTHH0,2024,1,top,2,2,2번타자 윤동희,52591,윤동희,52701,문동주,12,8,240404_183353,F,파울,139,슬라이더,3,2,True,240404_183353,1,8,-0.975425,0.7083,3.522,1.728,-126.927,-2.12481,-1.32384,6.11336,50.0,-0.689447,3.04643,20.757,-21.9502,R
20240404LTHH0,2024,1,top,2,2,2번타자 윤동희,52591,윤동희,52701,문동주,13,9,240404_183415,S,헛스윙,150,직구,3,3,True,240404_183415,1,9,0.544075,0.7083,3.522,1.728,-136.443,-5.64223,4.16884,6.05218,50.0,-0.270472,-10.6526,29.2566,-9.39153,R
20240404LTHH0,2024,1,top,3,3,3번타자 레이예스,54529,레이예스,52701,문동주,16,1,240404_183447,B,볼,149,직구,1,0,True,240404_183447,1,1,1.54693,0.7083,3.636,1.784,-135.508,-6.19214,5.93206,6.08762,50.0,-0.183954,-7.12768,25.8149,-8.97076,L
20240404LTHH0,2024,1,top,3,3,3번타자 레이예스,54529,레이예스,52701,문동주,17,2,240404_183502,S,헛스윙,149,직구,1,1,True,240404_183502,1,2,0.385666,0.7083,3.636,1.784,-135.683,-8.99223,2.84657,5.98998,50.0,-0.170293,-7.27762,25.8974,-9.29851,L
20240404LTHH0,2024,1,top,3,3,3번타자 레이예스,54529,레이예스,52701,문동주,18,3,240404_183518,F,파울,149,직구,1,2,True,240404_183518,1,3,0.86434,0.7083,3.636,1.784,-135.692,-6.22614,4.14561,6.09726,50.0,-0.172944,-7.40257,26.8212,-9.39833,L
20240404LTHH0,2024,1,top,3,3,3번타자 레이예스,54529,레이예스,52701,문동주,19,4,240404_183536,B,볼,138,체인지업,2,2,True,240404_183536,1,4,0.871378,0.7083,3.636,1.784,-125.782,-9.75601,3.49856,5.77742,50.0,-0.385161,-2.05478,24.4357,-14.5595,L
20240404LTHH0,2024,1,top,3,3,3번타자 레이예스,54529,레이예스,52701,문동주,20,5,240404_183602,B,볼,150,직구,3,2,True,240404_183602,1,5,1.0881,0.7083,3.636,1.784,-136.801,-4.21378,4.57742,6.14495,50.0,-0.254802,-5.28008,26.9198,-10.363,L
20240404LTHH0,2024,1,top,3,3,3번타자 레이예스,54529,레이예스,52701,문동주,21,6,240404_183619,H,타격,150,직구,3,2,True,240404_183619,1,6,0.238782,0.7083,3.636,1.784,-136.904,-4.86554,2.67582,6.07002,50.0,-0.297306,-6.64583,28.5475,-10.4275,L
20240404LTHH0,2024,1,top,4,4,4번타자 전준우,78513,전준우,52701,문동주,24,1,240404_183703,H,타격,146,직구,0,0,True,240404_183703,1,1,-0.199636,0.7083,3.407,1.671,-132.892,-7.80775,2.79239,5.9939,50.0,-0.386486,-11.9996,24.2448,-10.2078,R
20240404LTHH0,2024,1,top,5,5,5번타자 노진혁,62931,노진혁,52701,문동주,28,1,240404_183804,F,파울,123,커브,0,1,True,240404_183804,1,1,1.26351,0.7083,3.463,1.698,-112.142,-0.691394,1.22318,6.28056,50.0,-0.477768,11.2048,20.6345,-34.1287,L
20240404LTHH0,2024,1,top,5,5,5번타자 노진혁,62931,노진혁,52701,문동주,29,2,240404_183832,B,볼,145,투심,1,1,True,240404_183832,1,2,0.93954,0.7083,3.463,1.698,-131.468,-6.35307,4.57072,5.94298,50.0,-0.423448,-5.47564,23.9565,-16.8769,L
20240404LTHH0,2024,1,top,5,5,5번타자 노진혁,62931,노진혁,52701,문동주,30,3,240404_183859,F,파울,121,커브,1,2,True,240404_183859,1,3,-0.693183,0.7083,3.463,1.698,-110.095,-0.578163,-1.28574,6.34077,50.0,-0.695508,5.5796,15.3784,-37.9103,L
20240404LTHH0,2024,1,top,5,5,5번타자 노진혁,62931,노진혁,52701,문동주,31,4,240404_183939,S,헛스윙,147,직구,1,3,True,240404_183939,1,4,-0.427194,0.7083,3.463,1.698,-134.178,-4.58715,1.21435,6.16574,50.0,-0.379963,-7.06515,21.8009,-11.0831,L
20240404LTHH0,2024,1,bottom,7,1,1번타자 문현빈,53764,문현빈,53546,윌커슨,35,1,240404_184155,B,볼,137,커터,1,0,True,240404_184155,1,1,1.18658,0.7083,3.209,1.574,-124.507,-4.03235,7.02713,5.90613,50.0,-2.0626,4.61041,17.8517,-21.0801,L
20240404LTHH0,2024,1,bottom,7,1,1번타자 문현빈,53764,문현빈,53546,윌커슨,36,2,240404_184208,T,스트라이크,142,직구,1,1,True,240404_184208,1,2,0.382661,0.7083,3.209,1.574,-129.068,-7.08086,7.38802,5.67607,50.0,-2.11664,-5.15871,16.8226,-12.626,L
20240404LTHH0,2024,1,bottom,7,1,1번타자 문현빈,53764,문현빈,53546,윌커슨,37,3,240404_184222,S,헛스윙,143,직구,1,2,True,240404_184222,1,3,0.44496,0.7083,3.209,1.574,-130.16,-5.20246,6.22922,5.86654,50.0,-2.03086,0.390879,23.5011,-8.95601,L
20240404LTHH0,2024,1,bottom,7,1,1번타자 문현빈,53764,문현빈,53546,윌커슨,38,4,240404_184238,S,헛스윙,143,직구,1,3,True,240404_184238,1,4,0.434683,0.7083,3.209,1.574,-129.759,-5.40389,6.57868,5.78897,50.0,-1.99521,-2.00428,21.8547,-9.25867,L
20240404LTHH0,2024,1,bottom,8,2,2번타자 페라자,54730,페라자,53546,윌커슨,41,1,240404_184309,H,타격,139,커터,0,0,True,240404_184309,1,1,0.895993,0.7083,3.302,1.62,-126.267,-3.97667,6.88699,5.81095,50.0,-2.12971,3.14366,18.7276,-18.3435,L
20240404LTHH0,2024,1,bottom,9,3,3번타자 채은성,79192,채은성,53546,윌커슨,44,1,240404_184351,S,헛스윙,143,직구,0,1,True,240404_184351,1,1,0.657244,0.7083,3.461,1.698,-129.51,-8.10727,7.30586,5.72648,50.0,-2.04927,-1.93099,17.0114,-7.30593,R
20240404LTHH0,2024,1,bottom,9,3,3번타자 채은성,79192,채은성,53546,윌커슨,45,2,240404_184407,H,타격,142,직구,0,1,True,240404_184407,1,2,-0.536715,0.7083,3.461,1.698,-129.341,-5.49883,5.11932,5.7998,50.0,-2.14825,-5.25615,22.7667,-11.31,R
20240404LTHH0,2024,1,bottom,10,4,4번타자 노시환,69737,노시환,53546,윌커슨,48,1,240404_184510,T,스트라이크,135,커터,0,1,True,240404_184510,1,1,0.703153,0.7083,3.396,1.666,-122.848,-4.082,6.66768,5.80072,50.0,-2.23463,1.86394,21.4403,-18.469,R
20240404LTHH0,2024,1,bottom,10,4,4번타자 노시환,69737,노시환,53546,윌커슨,50,2,240404_184535,B,볼,136,커터,1,1,True,240404_184535,1,2,1.43043,0.7083,3.396,1.666,-123.203,-4.58493,7.30193,5.81497,50.0,-2.18257,6.76912,21.3113,-15.9511,R
20240404LTHH0,2024,1,bottom,10,4,4번타자 노시환,69737,노시환,53546,윌커슨,51,3,240404_184600,T,스트라이크,142,직구,1,2,True,240404_184600,1,3,0.410392,0.7083,3.396,1.666,-129.554,-4.18181,6.618,5.71935,50.0,-2.16821,-0.453911,24.1042,-12.0009,R
20240404LTHH0,2024,1,bottom,10,4,4번타자 노시환,69737,노시환,53546,윌커슨,53,4,240404_184638,B,볼,132,슬라이더,2,2,True,240404_184638,1,4,1.28417,0.7083,3.396,1.666,-119.643,-5.2453,7.18075,5.80833,50.0,-1.93015,1.28493,24.4987,-26.5881,R
20240404LTHH0,2024,1,bottom,10,4,4번타자 노시환,69737,노시환,53546,윌커슨,55,5,240404_184712,T,스트라이크,135,커터,2,3,True,240404_184712,1,5,0.291,0.7083,3.396,1.666,-122.918,-5.38679,4.98625,5.69414,50.0,-2.29537,5.86449,22.1101,-19.3959,R
20240404LTHH0,2024,2,top,12,1,6번타자 손호영,50150,손호영,52701,문동주,59,1,240404_184909,B,볼,115,커브,1,0,True,240404_184909,2,1,1.43991,0.7083,3.4,1.668,-104.362,-0.83185,2.17081,6.38461,50.0,-0.444086,7.01755,12.1266,-35.85,R
20240404LTHH0,2024,2,top,12,1,6번타자 손호영,50150,손호영,52701,문동주,60,2,240404_184920,H,타격,135,슬라이더,1,0,True,240404_184920,2,2,1.01583,0.7083,3.4,1.668,-122.647,-7.1342,2.8228,5.95787,50.0,-0.611803,5.26357,19.4346,-25.0643,R
20240404LTHH0,2024,2,top,13,2,7번타자 정훈,60523,정훈,52701,문동주,63,1,240404_185008,T,스트라이크,117,커브,0,1,True,240404_185008,2,1,-0.065406,0.7083,3.376,1.656,-106.184,1.05468,-0.175711,6.47493,50.0,-0.554614,4.96334,15.2425,-37.0792,R
20240404LTHH0,2024,2,top,13,2,7번타자 정훈,60523,정훈,52701,문동주,64,2,240404_185031,F,파울,144,직구,0,2,True,240404_185031,2,2,0.624082,0.7083,3.376,1.656,-130.781,-6.07815,3.5102,6.06662,50.0,-0.267516,-6.28296,23.1909,-12.6797,R
20240404LTHH0,2024,2,top,13,2,7번타자 정훈,60523,정훈,52701,문동주,65,3,240404_185059,H,타격,144,직구,0,2,True,240404_185059,2,3,0.22913,0.7083,3.376,1.656,-131.028,-3.03367,2.22331,6.19824,50.0,-0.275095,-4.77238,24.1084,-14.1843,R
20240404LTHH0,2024,2,top,14,3,8번타자 최항,62884,최항,52701,문동주,69,1,240404_185206,B,볼,139,투심,1,0,True,240404_185206,2,1,1.72753,0.7083,3.431,1.683,-126.016,-10.0153,6.9105,5.88672,50.0,-0.471044,-7.22994,18.6578,-17.7546,L
20240404LTHH0,2024,2,top,14,3,8번타자 최항,62884,최항,52701,문동주,70,2,240404_185246,W,번트파울,142,직구,1,1,True,240404_185246,2,2,0.702128,0.7083,3.431,1.683,-129.023,-5.04008,4.4337,6.18937,50.0,-0.609495,-5.68253,23.9736,-14.0019,L
20240404LTHH0,2024,2,top,14,3,8번타자 최항,62884,최항,52701,문동주,71,3,-1,W,번트파울,145,직구,1,2,False,,,,,,,,,,,,,,,,,
20240404LTHH0,2024,2,top,14,3,8번타자 최항,62884,최항,52701,문동주,72,4,240404_185403,H,타격,120,커브,1,2,True,240404_185403,2,4,-0.231805,0.7083,3.431,1.683,-109.812,0.127244,-0.440483,6.40876,50.0,-0.69493,6.18681,16.0216,-36.5002,L
20240404LTHH0,2024,2,top,15,4,9번타자 유강남,61102,유강남,52701,문동주,77,1,240404_185448,T,스트라이크,145,직구,0,1,True,240404_185448,2,1,0.330241,0.7083,3.394,1.665,-132.298,-7.98923,3.70938,5.93213,50.0,-0.422442,-9.12242,28.1112,-15.2757,R
20240404LTHH0,2024,2,top,15,4,9번타자 유강남,61102,유강남,52701,문동주,78,2,240404_185517,B,볼,122,커브,1,1,True,240404_185517,2,2,-0.182046,0.7083,3.394,1.665,-111.387,-4.75231,-1.03545,6.10088,50.0,-0.588519,8.30935,19.6599,-38.3602,R
20240404LTHH0,2024,2,top,15,4,9번타자 유강남,61102,유강남,52701,문동주,79,3,240404_185546,H,타격,148,직구,1,1,True,240404_185546,2,3,0.584894,0.7083,3.394,1.665,-134.955,-6.79745,4.50496,5.9082,50.0,-0.428359,-9.65139,23.8735,-10.1953,R
20240404LTHH0,2024,2,bottom,17,1,5번타자 안치홍,79608,안치홍,53546,윌커슨,83,1,240404_185757,B,볼,120,커브,1,0,True,240404_185757,2,1,1.14222,0.7083,3.296,1.617,-109.578,-0.605945,5.05912,6.04535,50.0,-1.97616,6.87802,17.8974,-39.3364,R
20240404LTHH0,2024,2,bottom,17,1,5번타자 안치홍,79608,안치홍,53546,윌커슨,84,2,240404_185813,H,타격,135,커터,1,0,True,240404_185813,2,2,0.743613,0.7083,3.296,1.617,-123.078,-3.54936,6.45896,5.88756,50.0,-2.11043,2.04823,20.2274,-22.8046,R
20240404LTHH0,2024,2,bottom,18,2,6번타자 하주석,62700,하주석,53546,윌커슨,87,1,240404_185852,F,파울,142,직구,0,1,True,240404_185852,2,1,0.576831,0.7083,3.392,1.664,-128.97,-4.85845,8.00044,5.78934,50.0,-2.15636,-5.73474,26.5776,-11.3565,L
20240404LTHH0,2024,2,bottom,18,2,6번타자 하주석,62700,하주석,53546,윌커슨,88,2,240404_185917,T,스트라이크,120,커브,0,2,True,240404_185917,2,2,-0.54388,0.7083,3.392,1.664,-108.514,1.41506,1.70165,6.06879,50.0,-2.29678,8.48248,18.0604,-39.6928,L
20240404LTHH0,2024,2,bottom,18,2,6번타자 하주석,62700,하주석,53546,윌커슨,89,3,240404_185937,S,헛스윙,143,직구,0,3,True,240404_185937,2,3,0.572145,0.7083,3.392,1.664,-130.211,-2.56611,7.4296,5.84365,50.0,-2.10086,-3.33154,27.0028,-11.9929,L
20240404LTHH0,2024,2,bottom,19,3,7번타자 최인호,50707,최인호,53546,윌커슨,92,1,240404_190010,B,볼,142,직구,1,0,True,240404_190010,2,1,0.936419,0.7083,3.304,1.62,-128.848,-6.93168,8.46465,5.65063,50.0,-2.08905,-4.26097,23.7911,-11.4347,L
20240404LTHH0,2024,2,bottom,19,3,7번타자 최인호,50707,최인호,53546,윌커슨,93,2,240404_190024,F,파울,136,커터,1,1,True,240404_190024,2,2,0.996551,0.7083,3.304,1.62,-123.794,-1.20378,6.38274,5.84015,50.0,-2.27997,7.49642,21.677,-21.4345,L
20240404LTHH0,2024,2,bottom,19,3,7번타자 최인호,50707,최인호,53546,윌커슨,94,3,240404_190052,F,파울,137,커터,1,2,True,240404_190052,2,3,0.231017,0.7083,3.304,1.62,-125.07,-2.08584,4.87695,5.93411,50.0,-2.17687,5.12804,19.1014,-17.845,L
20240404LTHH0,2024,2,bottom,19,3,7번타자 최인호,50707,최인호,53546,윌커슨,95,4,240404_190117,F,파울,143,직구,1,2,True,240404_190117,2,4,-0.216166,0.7083,3.304,1.62,-130.497,-4.45222,4.90382,5.82226,50.0,-2.13007,-0.201399,26.5456,-10.4942,L
20240404LTHH0,2024,2,bottom,19,3,7번타자 최인호,50707,최인호,53546,윌커슨,96,5,240404_190142,B,볼,121,커브,2,2,True,240404_190142,2,5,-0.70267,0.7083,3.304,1.62,-110.551,0.168463,1.88249,5.93016,50.0,-2.15383,5.37852,18.3318,-41.2019,L
20240404LTHH0,2024,2,bottom,19,3,7번타자 최인호,50707,최인호,53546,윌커슨,97,6,240404_190203,B,볼,137,커터,3,2,True,240404_190203,2,6,-0.39844,0.7083,3.304,1.62,-125.079,1.69418,3.66819,5.9542,50.0,-2.42465,6.51177,18.1355,-22.4789,L
20240404LTHH0,2024,2,bottom,19,3,7번타자 최인호,50707,최인호,53546,윌커슨,98,7,240404_190223,F,파울,136,커터,3,2,True,240404_190223,2,7,0.448137,0.7083,3.304,1.62,-124.098,-4.9866,6.00175,5.75486,50.0,-2.29198,3.28481,19.5249,-20.5685,L
20240404LTHH0,2024,2,bottom,19,3,7번타자 최인호,50707,최인호,53546,윌커슨,99,8,240404_190253,H,타격,134,체인지업,3,2,True,240404_190253,2,8,-0.607329,0.7083,3.304,1.62,-122.06,-4.66254,5.55167,5.75886,50.0,-2.26702,-7.64401,23.57,-20.064,L
20240404LTHH0,2024,2,bottom,20,4,8번타자 최재훈,78288,최재훈,53546,윌커슨,102,1,240404_190415,T,스트라이크,140,직구,0,1,True,240404_190415,2,1,-0.204022,0.7083,3.287,1.612,-127.323,-4.51657,6.16201,5.6843,50.0,-2.36247,-3.85213,21.054,-13.0389,R
20240404LTHH0,2024,2,bottom,20,4,8번타자 최재훈,78288,최재훈,53546,윌커슨,103,2,240404_190438,F,파울,118,커브,0,2,True,240404_190438,2,2,-0.269831,0.7083,3.287,1.612,-107.503,1.17697,1.87037,6.12677,50.0,-2.21621,9.37575,15.745,-41.2039,R
20240404LTHH0,2024,2,bottom,20,4,8번타자 최재훈,78288,최재훈,53546,윌커슨,104,3,240404_190545,H,타격,140,직구,0,2,True,240404_190545,2,3,-0.067986,0.7083,3.287,1.612,-127.16,-5.86641,6.23507,5.6699,50.0,-2.22161,-4.39779,23.4119,-12.3755,R
20240404LTHH0,2024,3,top,22,1,1번타자 황성빈,50500,황성빈,52701,문동주,108,1,240404_190803,B,볼,116,커브,1,0,True,240404_190803,3,1,-0.273848,0.7083,3.241,1.59,-105.954,2.19668,-0.614367,6.54493,50.0,-0.703823,6.3255,12.2199,-36.086,L
20240404LTHH0,2024,3,top,22,1,1번타자 황성빈,50500,황성빈,52701,문동주,110,2,240404_190821,H,타격,146,직구,1,0,True,240404_190821,3,2,0.059988,0.7083,3.241,1.59,-132.561,-7.56018,1.97185,6.01304,50.0,-0.444866,-3.47134,31.2137,-11.4559,L
20240404LTHH0,2024,3,top,23,2,2번타자 윤동희,52591,윤동희,52701,문동주,113,1,240404_190854,B,볼,118,커브,1,0,True,240404_190854,3,1,0.308741,0.7083,3.522,1.728,-107.654,-3.12255,0.554986,6.25439,50.0,-0.505119,4.86091,16.9222,-36.9737,R
20240404LTHH0,2024,3,top,23,2,2번타자 윤동희,52591,윤동희,52701,문동주,114,2,240404_190907,T,스트라이크,132,슬라이더,1,1,True,240404_190907,3,2,0.497643,0.7083,3.522,1.728,-120.618,-0.180086,1.46383,6.25398,50.0,-0.677747,6.35206,15.6127,-28.8383,R
20240404LTHH0,2024,3,top,23,2,2번타자 윤동희,52591,윤동희,52701,문동주,115,3,240404_190921,H,타격,133,슬라이더,1,1,True,240404_190921,3,3,0.07324,0.7083,3.522,1.728,-121.068,-2.78597,-0.051148,6.09805,50.0,-0.687088,8.91668,16.0199,-28.9634,R
20240404LTHH0,2024,3,top,24,3,3번타자 레이예스,54529,레이예스,52701,문동주,118,1,240404_191004,H,타격,144,직구,0,0,True,240404_191004,3,1,0.995647,0.7083,3.636,1.784,-131.401,-6.05672,5.33162,6.02523,50.0,-0.489257,-7.76264,22.856,-13.7898,L
20240404LTHH0,2024,3,top,25,4,4번타자 전준우,78513,전준우,52701,문동주,122,1,240404_191054,S,헛스윙,151,직구,0,1,True,240404_191054,3,1,-0.029917,0.7083,3.407,1.671,-137.915,-4.06329,2.0987,5.96944,50.0,-0.45574,-5.13014,29.7853,-8.84555,R
20240404LTHH0,2024,3,top,25,4,4번타자 전준우,78513,전준우,52701,문동주,123,2,240404_191111,F,파울,138,슬라이더,0,2,True,240404_191111,3,2,0.176159,0.7083,3.407,1.671,-125.445,-5.74641,1.2666,5.93797,50.0,-0.729446,4.71108,21.2645,-23.1262,R
20240404LTHH0,2024,3,top,25,4,4번타자 전준우,78513,전준우,52701,문동주,124,3,240404_191130,B,볼,143,슬라이더,1,2,True,240404_191130,3,3,-0.097691,0.7083,3.407,1.671,-130.177,-0.918403,1.1081,6.07925,50.0,-0.798868,3.50368,21.086,-22.6989,R
20240404LTHH0,2024,3,top,25,4,4번타자 전준우,78513,전준우,52701,문동주,125,4,240404_191150,H,타격,124,커브,1,2,True,240404_191150,3,4,0.872102,0.7083,3.407,1.671,-113.198,-2.6589,0.681323,6.13027,50.0,-0.476433,10.1786,18.5026,-34.2628,R
20240404LTHH0,2024,3,bottom,27,1,9번타자 임종찬,50704,임종찬,53546,윌커슨,129,1,240404_191400,S,헛스윙,134,커터,0,1,True,240404_191400,3,1,0.683435,0.7083,3.409,1.672,-121.641,-3.75111,6.1467,5.82554,50.0,-2.24984,4.20021,17.296,-23.3225,L
20240404LTHH0,2024,3,bottom,27,1,9번타자 임종찬,50704,임종찬,53546,윌커슨,130,2,240404_191419,H,타격,137,커터,0,1,True,240404_191419,3,2,1.03459,0.7083,3.409,1.672,-124.827,-2.42119,6.85313,5.88855,50.0,-2.18323,5.11565,19.039,-20.8531,L
20240404LTHH0,2024,3,bottom,28,2,1번타자 문현빈,53764,문현빈,53546,윌커슨,133,1,240404_191459,T,스트라이크,141,직구,0,1,True,240404_191459,3,1,0.311537,0.7083,3.209,1.574,-128.562,-5.45142,6.64183,5.82346,50.0,-2.15129,-2.13043,20.5701,-10.5545,L
20240404LTHH0,2024,3,bottom,28,2,1번타자 문현빈,53764,문현빈,53546,윌커슨,134,2,240404_191521,F,파울,140,직구,0,2,True,240404_191521,3,2,0.187409,0.7083,3.209,1.574,-127.204,-4.51535,6.37488,5.75851,50.0,-2.02381,-4.18782,18.6954,-15.1625,L
20240404LTHH0,2024,3,bottom,28,2,1번타자 문현빈,53764,문현빈,53546,윌커슨,135,3,240404_191545,F,파울,143,직구,0,2,True,240404_191545,3,3,0.359833,0.7083,3.209,1.574,-129.893,-3.82383,6.60587,5.72839,50.0,-2.16666,-1.05772,25.7644,-9.76183,L
20240404LTHH0,2024,3,bottom,28,2,1번타자 문현빈,53764,문현빈,53546,윌커슨,136,4,240404_191609,B,볼,131,체인지업,1,2,True,240404_191609,3,4,-2.55196,0.7083,3.209,1.574,-119.085,-0.654999,1.80491,5.82765,50.0,-2.46945,-9.37345,16.3494,-21.3205,L
20240404LTHH0,2024,3,bottom,28,2,1번타자 문현빈,53764,문현빈,53546,윌커슨,137,5,240404_191627,F,파울,121,커브,1,2,True,240404_191627,3,5,-0.242822,0.7083,3.209,1.574,-110.562,1.26366,2.21249,6.04275,50.0,-2.17472,8.46231,17.7878,-40.5947,L
20240404LTHH0,2024,3,bottom,28,2,1번타자 문현빈,53764,문현빈,53546,윌커슨,138,6,240404_191702,B,볼,134,체인지업,2,2,True,240404_191702,3,6,0.714629,0.7083,3.209,1.574,-121.454,-6.41684,7.99862,5.70773,50.0,-2.14546,-5.60925,18.4387,-19.6685,L
20240404LTHH0,2024,3,bottom,28,2,1번타자 문현빈,53764,문현빈,53546,윌커슨,139,7,240404_191719,H,타격,139,커터,2,2,True,240404_191719,3,7,0.52283,0.7083,3.209,1.574,-126.0,-2.93423,6.96593,5.77085,50.0,-2.36507,0.510817,26.0601,-18.0765,L
20240404LTHH0,2024,3,bottom,29,3,2번타자 페라자,54730,페라자,53546,윌커슨,142,1,240404_191756,F,파울,121,커브,0,1,True,240404_191756,3,1,0.054559,0.7083,3.302,1.62,-110.47,2.74641,3.60156,6.11091,50.0,-2.21348,5.54231,18.3138,-41.7259,L
20240404LTHH0,2024,3,bottom,29,3,2번타자 페라자,54730,페라자,53546,윌커슨,143,2,240404_191821,T,스트라이크,144,직구,0,2,True,240404_191821,3,2,-0.690807,0.7083,3.302,1.62,-131.076,-6.78935,4.90236,5.64123,50.0,-2.27022,-4.40263,25.1926,-11.4606,L
20240404LTHH0,2024,3,bottom,29,3,2번타자 페라자,54730,페라자,53546,윌커슨,144,3,240404_191839,T,스트라이크,137,커터,0,3,True,240404_191839,3,3,-0.867197,0.7083,3.302,1.62,-124.631,-4.33773,3.02346,5.67346,50.0,-2.56067,5.56119,17.9241,-21.3833,L
20240404LTHH0,2024,4,top,31,1,5번타자 노진혁,62931,노진혁,52701,문동주,148,1,240404_192037,H,타격,145,직구,0,0,True,240404_192037,4,1,0.096634,0.7083,3.463,1.698,-132.282,-5.21323,2.57505,6.063,50.0,-0.44884,-6.02327,25.2428,-10.8058,L
20240404LTHH0,2024,4,top,32,2,6번타자 손호영,50150,손호영,52701,문동주,151,1,240404_192131,H,타격,115,커브,0,0,True,240404_192131,4,1,0.524092,0.7083,3.4,1.668,-104.791,-0.237461,0.316268,6.41218,50.0,-0.557972,7.7524,16.4214,-35.8975,R
20240404LTHH0,2024,4,top,33,3,7번타자 정훈,60523,정훈,52701,문동주,155,1,240404_192249,B,볼,132,슬라이더,1,0,True,240404_192249,4,1,2.25405,0.7083,3.376,1.656,-119.861,-4.5925,5.63828,6.03147,50.0,-0.600965,5.02291,19.0741,-25.5625,R
20240404LTHH0,2024,4,top,33,3,7번타자 정훈,60523,정훈,52701,문동주,156,2,240404_192313,S,헛스윙,118,커브,1,1,True,240404_192313,4,2,-0.310922,0.7083,3.376,1.656,-107.416,-2.44561,-0.88809,6.23155,50.0,-0.665136,6.84334,16.8476,-36.7405,R
20240404LTHH0,2024,4,top,33,3,7번타자 정훈,60523,정훈,52701,문동주,157,3,240404_192343,S,헛스윙,132,슬라이더,1,2,True,240404_192343,4,3,0.098482,0.7083,3.376,1.656,-119.717,-7.87819,1.4462,5.9382,50.0,-0.857287,3.66441,21.7265,-26.863,R
20240404LTHH0,2024,4,top,33,3,7번타자 정훈,60523,정훈,52701,문동주,158,4,240404_192415,B,볼,133,슬라이더,2,2,True,240404_192415,4,4,1.26529,0.7083,3.376,1.656,-120.989,-6.43191,2.83445,5.96062,50.0,-0.635813,8.08095,16.8406,-26.9821,R
20240404LTHH0,2024,4,top,33,3,7번타자 정훈,60523,정훈,52701,문동주,159,5,240404_192439,F,파울,148,직구,2,2,True,240404_192439,4,5,0.855848,0.7083,3.376,1.656,-135.205,-3.54818,4.58678,6.12036,50.0,-0.391725,-6.83296,27.1033,-10.0919,R
20240404LTHH0,2024,4,top,33,3,7번타자 정훈,60523,정훈,52701,문동주,160,6,240404_192505,H,타격,119,커브,2,2,True,240404_192505,4,6,0.214516,0.7083,3.376,1.656,-108.765,-0.807742,-0.262022,6.28025,50.0,-0.593307,8.4466,16.065,-36.7587,R
20240404LTHH0,2024,4,top,34,4,8번타자 최항,62884,최항,52701,문동주,163,1,240404_192546,B,볼,142,투심,1,0,True,240404_192546,4,1,1.55792,0.7083,3.431,1.683,-128.958,-6.57683,6.26642,6.02754,50.0,-0.464924,-5.83143,22.0944,-15.1679,L
20240404LTHH0,2024,4,top,34,4,8번타자 최항,62884,최항,52701,문동주,164,2,240404_192607,S,헛스윙,132,체인지업,1,1,True,240404_192607,4,2,0.113182,0.7083,3.431,1.683,-119.88,-6.73559,3.10233,5.94409,50.0,-0.5751,-6.97762,17.9613,-20.9645,L
20240404LTHH0,2024,4,top,34,4,8번타자 최항,62884,최항,52701,문동주,165,3,240404_192630,S,헛스윙,132,체인지업,1,2,True,240404_192630,4,3,-0.323184,0.7083,3.431,1.683,-120.15,-7.23724,2.22809,5.891,50.0,-0.494549,-8.6216,16.9364,-20.7115,L
20240404LTHH0,2024,4,top,34,4,8번타자 최항,62884,최항,52701,문동주,166,4,240404_192654,S,헛스윙,132,체인지업,1,3,True,240404_192654,4,4,0.420305,0.7083,3.431,1.683,-120.133,-7.63309,4.19886,5.96432,50.0,-0.536662,-9.15868,17.9227,-19.0575,L
20240404LTHH0,2024,4,top,35,5,9번타자 유강남,61102,유강남,52701,문동주,169,1,240404_192732,B,볼,133,슬라이더,1,0,True,240404_192732,4,1,1.8921,0.7083,3.394,1.665,-121.382,-4.718,3.09429,6.04041,50.0,-0.52838,13.1177,13.6238,-27.8314,R
20240404LTHH0,2024,4,top,35,5,9번타자 유강남,61102,유강남,52701,문동주,170,2,240404_192755,B,볼,135,슬라이더,2,0,True,240404_192755,4,2,0.956909,0.7083,3.394,1.665,-123.263,-5.41411,2.91183,5.99088,50.0,-0.781166,6.37532,16.9243,-26.3018,R
20240404LTHH0,2024,4,top,35,5,9번타자 유강남,61102,유강남,52701,문동주,171,3,240404_192817,B,볼,134,슬라이더,3,0,True,240404_192817,4,3,0.709087,0.7083,3.394,1.665,-122.324,-4.89951,2.3801,5.93092,50.0,-0.731416,5.09226,21.2772,-29.5252,R
20240404LTHH0,2024,4,top,35,5,9번타자 유강남,61102,유강남,52701,문동주,172,4,240404_192842,B,볼,134,슬라이더,4,0,True,240404_192842,4,4,0.996851,0.7083,3.394,1.665,-121.963,-2.36462,3.22357,6.11292,50.0,-0.741418,4.45976,19.6401,-27.6523,R
20240404LTHH0,2024,4,top,36,6,1번타자 황성빈,50500,황성빈,52701,문동주,175,1,240404_192923,B,볼,119,커브,1,0,True,240404_192923,4,1,-0.985969,0.7083,3.241,1.59,-108.081,-1.0608,-2.57686,6.28564,50.0,-0.773625,9.01346,15.4147,-36.8957,L
20240404LTHH0,2024,4,top,36,6,1번타자 황성빈,50500,황성빈,52701,문동주,176,2,240404_192947,B,볼,118,커브,2,0,True,240404_192947,4,2,-1.3742,0.7083,3.241,1.59,-107.03,2.85593,-2.94782,6.47547,50.0,-0.849547,7.74441,15.9686,-40.2777,L
20240404LTHH0,2024,4,top,36,6,1번타자 황성빈,50500,황성빈,52701,문동주,177,3,240404_193014,H,타격,149,직구,2,0,True,240404_193014,4,3,0.469236,0.7083,3.241,1.59,-135.362,-8.16112,3.58141,5.92848,50.0,-0.503758,-5.30448,24.2157,-10.9426,L
20240404LTHH0,2024,4,bottom,38,1,3번타자 채은성,79192,채은성,53546,윌커슨,182,1,240404_193225,B,볼,129,슬라이더,1,0,True,240404_193225,4,1,1.2469,0.7083,3.461,1.698,-117.629,-3.97001,6.28854,5.84427,50.0,-2.13228,6.79867,19.8906,-28.6692,R
20240404LTHH0,2024,4,bottom,38,1,3번타자 채은성,79192,채은성,53546,윌커슨,183,2,240404_193239,H,타격,130,슬라이더,1,0,True,240404_193239,4,2,1.18389,0.7083,3.461,1.698,-118.54,-2.86731,6.10184,5.80197,50.0,-2.17173,7.89253,18.4489,-27.8623,R
20240404LTHH0,2024,4,bottom,39,2,4번타자 노시환,69737,노시환,53546,윌커슨,186,1,240404_193328,B,볼,137,커터,1,0,True,240404_193328,4,1,0.784886,0.7083,3.396,1.666,-124.767,-7.3679,6.65754,5.64964,50.0,-2.28479,4.01656,22.5774,-19.3438,R
20240404LTHH0,2024,4,bottom,39,2,4번타자 노시환,69737,노시환,53546,윌커슨,188,2,240404_193346,T,스트라이크,142,직구,1,1,True,240404_193346,4,2,0.7084,0.7083,3.396,1.666,-129.081,-6.28283,7.0235,5.75152,50.0,-2.04791,-0.199253,21.1905,-11.7387,R
20240404LTHH0,2024,4,bottom,39,2,4번타자 노시환,69737,노시환,53546,윌커슨,189,3,240404_193406,H,타격,143,직구,1,1,True,240404_193406,4,3,-0.076439,0.7083,3.396,1.666,-130.22,-6.46157,7.5984,5.71261,50.0,-2.13781,-11.9646,23.955,-9.66762,R
20240404LTHH0,2024,4,bottom,40,3,5번타자 안치홍,79608,안치홍,53546,윌커슨,192,1,240404_193501,B,볼,142,직구,1,0,True,240404_193501,4,1,1.00847,0.7083,3.296,1.617,-128.691,-7.71092,8.14126,5.66511,50.0,-1.9765,-2.94875,19.5787,-13.0542,R
20240404LTHH0,2024,4,bottom,40,3,5번타자 안치홍,79608,안치홍,53546,윌커슨,193,2,240404_193518,B,볼,131,슬라이더,2,0,True,240404_193518,4,2,1.08752,0.7083,3.296,1.617,-119.229,-3.60321,5.65349,5.84963,50.0,-2.11913,8.60083,18.8735,-25.2901,R
20240404LTHH0,2024,4,bottom,40,3,5번타자 안치홍,79608,안치홍,53546,윌커슨,194,3,240404_193536,B,볼,143,직구,3,0,True,240404_193536,4,3,1.14567,0.7083,3.296,1.617,-129.913,-7.68823,8.71721,5.57564,50.0,-2.09394,-2.34519,21.8017,-11.3466,R
20240404LTHH0,2024,4,bottom,40,3,5번타자 안치홍,79608,안치홍,53546,윌커슨,195,4,240404_193556,T,스트라이크,142,직구,3,1,True,240404_193556,4,4,0.488947,0.7083,3.296,1.617,-128.921,-4.57682,6.79941,5.81836,50.0,-2.00771,-2.36888,19.7798,-11.5401,R
20240404LTHH0,2024,4,bottom,40,3,5번타자 안치홍,79608,안치홍,53546,윌커슨,196,5,240404_193616,F,파울,136,커터,3,2,True,240404_193616,4,5,0.719829,0.7083,3.296,1.617,-123.532,-5.01489,5.63325,5.75124,50.0,-2.17154,6.80734,17.7096,-19.4845,R
20240404LTHH0,2024,4,bottom,40,3,5번타자 안치홍,79608,안치홍,53546,윌커슨,197,6,240404_193644,H,타격,142,직구,3,2,True,240404_193644,4,6,-0.257807,0.7083,3.296,1.617,-128.794,-5.16727,5.32322,5.70848,50.0,-2.1512,-2.88315,25.9653,-10.6706,R
20240404LTHH0,2024,4,bottom,41,4,6번타자 하주석,62700,하주석,53546,윌커슨,200,1,240404_193725,F,파울,143,직구,0,1,True,240404_193725,4,1,0.723013,0.7083,3.392,1.664,-130.157,-8.11508,7.74079,5.59654,50.0,-2.11307,-2.71293,24.8931,-12.1416,L
20240404LTHH0,2024,4,bottom,41,4,6번타자 하주석,62700,하주석,53546,윌커슨,201,2,240404_193753,B,볼,131,슬라이더,1,1,True,240404_193753,4,2,1.22831,0.7083,3.392,1.664,-119.598,-2.70633,6.25377,5.84993,50.0,-2.15775,7.90234,18.8916,-27.2535,L
20240404LTHH0,2024,4,bottom,41,4,6번타자 하주석,62700,하주석,53546,윌커슨,202,3,240404_193810,F,파울,136,커터,1,2,True,240404_193810,4,3,0.878606,0.7083,3.392,1.664,-123.822,-4.73713,5.90128,5.81295,50.0,-2.16481,6.96823,23.4678,-18.6641,L
20240404LTHH0,2024,4,bottom,41,4,6번타자 하주석,62700,하주석,53546,윌커슨,203,4,240404_193839,B,볼,134,체인지업,2,2,True,240404_193839,4,4,-1.39492,0.7083,3.392,1.664,-122.263,-5.91186,3.93007,5.75211,50.0,-2.29332,-8.51748,19.8248,-19.4231,L
20240404LTHH0,2024,4,bottom,41,4,6번타자 하주석,62700,하주석,53546,윌커슨,204,5,240404_193857,H,타격,122,커브,2,2,True,240404_193857,4,5,-0.154146,0.7083,3.392,1.664,-111.39,1.70842,2.58323,6.05724,50.0,-2.2203,8.26005,19.0116,-39.9446,L
20240404LTHH0,2024,4,bottom,42,5,7번타자 최인호,50707,최인호,53546,윌커슨,207,1,240404_193950,H,타격,131,체인지업,0,0,True,240404_193950,4,1,-1.2139,0.7083,3.304,1.62,-119.216,-3.44465,4.67171,5.72633,50.0,-2.54485,-7.33087,21.1998,-21.6866,L
20240404LTHH0,2024,5,top,44,1,2번타자 윤동희,52591,윤동희,52701,문동주,212,1,240404_194156,T,스트라이크,130,슬라이더,0,1,True,240404_194156,5,1,0.615391,0.7083,3.522,1.728,-118.792,-4.58874,1.59475,6.04594,50.0,-0.635205,6.25244,15.6082,-26.5062,R
20240404LTHH0,2024,5,top,44,1,2번타자 윤동희,52591,윤동희,52701,문동주,213,2,240404_194209,B,볼,134,슬라이더,1,1,True,240404_194209,5,2,0.57968,0.7083,3.522,1.728,-121.658,-6.12666,1.42609,5.97525,50.0,-0.711719,7.94988,18.0865,-24.9381,R
20240404LTHH0,2024,5,top,44,1,2번타자 윤동희,52591,윤동희,52701,문동주,214,3,240404_194223,H,타격,117,커브,1,1,True,240404_194223,5,3,0.317088,0.7083,3.522,1.728,-106.382,-0.552284,-0.062334,6.32694,50.0,-0.430305,6.68085,17.4513,-35.8115,R
20240404LTHH0,2024,5,top,45,2,3번타자 레이예스,54529,레이예스,52701,문동주,217,1,240404_194258,B,볼,129,체인지업,1,0,True,240404_194258,5,1,0.55118,0.7083,3.636,1.784,-117.385,-9.07183,3.38556,5.89339,50.0,-0.415678,-5.35145,19.2115,-18.8156,L
20240404LTHH0,2024,5,top,45,2,3번타자 레이예스,54529,레이예스,52701,문동주,218,2,240404_194314,F,파울,131,체인지업,1,1,True,240404_194314,5,2,-0.751594,0.7083,3.636,1.784,-118.989,-2.27437,1.41742,6.12879,50.0,-0.62978,-7.8946,21.1331,-19.9857,L
20240404LTHH0,2024,5,top,45,2,3번타자 레이예스,54529,레이예스,52701,문동주,219,3,240404_194331,B,볼,150,직구,2,1,True,240404_194331,5,3,-0.629073,0.7083,3.636,1.784,-136.52,-0.066997,0.646399,6.20425,50.0,-0.528866,-4.9023,23.8835,-15.1431,L
20240404LTHH0,2024,5,top,45,2,3번타자 레이예스,54529,레이예스,52701,문동주,220,4,240404_194345,H,타격,131,체인지업,2,1,True,240404_194345,5,4,-0.525783,0.7083,3.636,1.784,-119.188,-2.42587,2.13105,6.10604,50.0,-0.627422,-8.84579,18.9654,-21.5078,L
20240404LTHH0,2024,5,top,46,3,4번타자 전준우,78513,전준우,52701,문동주,223,1,240404_194430,H,타격,131,슬라이더,0,0,True,240404_194430,5,1,0.981891,0.7083,3.407,1.671,-119.325,-2.53309,2.35697,6.13912,50.0,-0.705231,7.42923,18.9615,-26.0236,R
20240404LTHH0,2024,5,top,47,4,5번타자 노진혁,62931,노진혁,52701,문동주,227,1,240404_194525,B,볼,130,체인지업,1,0,True,240404_194525,5,1,-1.11582,0.7083,3.463,1.698,-118.713,-4.65544,0.883499,6.03547,50.0,-0.766041,-7.88425,19.3543,-18.3564,L
20240404LTHH0,2024,5,top,47,4,5번타자 노진혁,62931,노진혁,52701,문동주,228,2,240404_194546,B,볼,142,투심,2,0,True,240404_194546,5,2,0.946831,0.7083,3.463,1.698,-129.38,-5.66299,5.09891,6.00561,50.0,-0.565036,-6.41234,22.0634,-13.5585,L
20240404LTHH0,2024,5,top,47,4,5번타자 노진혁,62931,노진혁,52701,문동주,229,3,240404_194608,B,볼,118,커브,3,0,True,240404_194608,5,3,-0.079697,0.7083,3.463,1.698,-107.925,-1.47166,0.113453,6.27687,50.0,-0.648184,4.55096,17.9464,-37.4757,L
20240404LTHH0,2024,5,top,47,4,5번타자 노진혁,62931,노진혁,52701,문동주,230,4,240404_194637,T,스트라이크,146,직구,3,1,True,240404_194637,5,4,0.151824,0.7083,3.463,1.698,-133.227,-7.08625,2.418,6.00071,50.0,-0.562302,-2.89815,24.4149,-12.8361,L
20240404LTHH0,2024,5,top,47,4,5번타자 노진혁,62931,노진혁,52701,문동주,231,5,240404_194657,B,볼,120,커브,4,1,True,240404_194657,5,5,0.141634,0.7083,3.463,1.698,-109.439,-2.43128,0.10604,6.18188,50.0,-0.664835,6.88413,18.3986,-39.92,L
20240404LTHH0,2024,5,top,48,5,6번타자 손호영,50150,손호영,52701,문동주,236,1,240404_194802,B,볼,134,슬라이더,1,0,True,240404_194802,5,1,1.40132,0.7083,3.4,1.668,-121.99,-1.03294,3.35015,6.21999,50.0,-0.658163,7.49236,20.3781,-29.1656,R
20240404LTHH0,2024,5,top,48,5,6번타자 손호영,50150,손호영,52701,문동주,237,2,240404_194819,F,파울,147,직구,1,1,True,240404_194819,5,2,-0.189811,0.7083,3.4,1.668,-134.064,-4.39134,2.35693,5.993,50.0,-0.538038,-7.56223,27.4758,-12.6425,R
20240404LTHH0,2024,5,top,48,5,6번타자 손호영,50150,손호영,52701,문동주,238,3,240404_194842,F,파울,147,직구,1,2,True,240404_194842,5,3,-0.155615,0.7083,3.4,1.668,-133.941,-4.30913,1.76768,6.05966,50.0,-0.450721,-5.21351,23.8291,-13.7995,R
20240404LTHH0,2024,5,top,48,5,6번타자 손호영,50150,손호영,52701,문동주,239,4,240404_194907,B,볼,154,직구,2,2,True,240404_194907,5,4,1.24419,0.7083,3.4,1.668,-140.046,-4.64975,5.69936,5.96417,50.0,-0.320751,-7.85856,32.9576,-10.5635,R
20240404LTHH0,2024,5,top,48,5,6번타자 손호영,50150,손호영,52701,문동주,240,5,240404_194935,F,파울,152,직구,2,2,True,240404_194935,5,5,-0.552169,0.7083,3.4,1.668,-138.185,-3.58258,0.683317,6.03531,50.0,-0.537305,-3.89832,28.9167,-9.50119,R
20240404LTHH0,2024,5,top,48,5,6번타자 손호영,50150,손호영,52701,문동주,241,6,240404_195006,H,타격,135,슬라이더,2,2,True,240404_195006,5,6,0.863263,0.7083,3.4,1.668,-122.834,-4.96189,2.12188,5.93717,50.0,-0.69237,7.84937,19.3429,-28.8392,R
20240404LTHH0,2024,5,top,49,6,7번타자 정훈,60523,정훈,52701,문동주,247,1,240404_195133,H,타격,133,슬라이더,0,0,True,240404_195133,5,1,0.075404,0.7083,3.376,1.656,-120.902,-2.42467,1.20832,6.12129,50.0,-0.884949,4.92443,23.9323,-27.4352,R
20240404LTHH0,2024,5,top,50,7,8번타자 박승욱,62802,박승욱,52701,문동주,250,1,240404_195222,T,스트라이크,147,직구,0,1,True,240404_195222,5,1,0.534607,0.7083,3.442,1.689,-133.578,-4.90199,3.73907,6.11245,50.0,-0.564816,-4.54913,26.3339,-10.6081,L
20240404LTHH0,2024,5,top,50,7,8번타자 박승욱,62802,박승욱,52701,문동주,251,2,240404_195242,B,볼,130,체인지업,1,1,True,240404_195242,5,2,0.903337,0.7083,3.442,1.689,-117.787,-12.8984,4.582,5.75272,50.0,-0.519534,-6.11304,25.3337,-13.561,L
20240404LTHH0,2024,5,top,50,7,8번타자 박승욱,62802,박승욱,52701,문동주,252,3,240404_195308,B,볼,118,커브,2,1,True,240404_195308,5,3,-0.071709,0.7083,3.442,1.689,-107.791,-3.22862,-0.776546,6.2056,50.0,-0.678953,8.69759,15.5679,-36.0428,L
20240404LTHH0,2024,5,top,50,7,8번타자 박승욱,62802,박승욱,52701,문동주,253,4,240404_195336,B,볼,145,직구,3,1,True,240404_195336,5,4,-0.912487,0.7083,3.442,1.689,-132.187,-5.01191,0.310392,6.09858,50.0,-0.637865,-5.29194,23.4405,-14.3439,L
20240404LTHH0,2024,5,top,50,7,8번타자 박승욱,62802,박승욱,52701,문동주,254,5,240404_195400,B,볼,147,직구,4,1,True,240404_195400,5,5,1.06976,0.7083,3.442,1.689,-133.363,-6.06389,4.57802,5.97395,50.0,-0.427757,-3.43218,22.1997,-14.7959,L
20240404LTHH0,2024,5,top,51,8,9번타자 유강남,61102,유강남,52701,문동주,259,1,240404_195449,B,볼,148,직구,1,0,True,240404_195449,5,1,1.37802,0.7083,3.394,1.665,-134.987,-5.97848,5.67672,5.9568,50.0,-0.331309,-6.22294,28.5103,-14.3076,R
20240404LTHH0,2024,5,top,51,8,9번타자 유강남,61102,유강남,52701,문동주,261,2,240404_195509,F,파울,147,직구,1,1,True,240404_195509,5,2,-0.566731,0.7083,3.394,1.665,-134.143,-4.50938,2.14384,6.08625,50.0,-0.511547,-11.9549,28.0496,-16.2385,R
20240404LTHH0,2024,5,top,51,8,9번타자 유강남,61102,유강남,52701,문동주,262,3,240404_195533,H,타격,146,직구,1,1,True,240404_195533,5,3,-0.13078,0.7083,3.394,1.665,-133.214,-6.69177,3.17121,5.95749,50.0,-0.546955,-10.8686,25.6681,-12.4044,R
20240404LTHH0,2024,5,bottom,53,1,8번타자 최재훈,78288,최재훈,53546,윌커슨,268,1,240404_195749,B,볼,141,직구,1,0,True,240404_195749,5,1,1.24264,0.7083,3.287,1.612,-127.89,-6.67449,8.09431,5.7895,50.0,-2.03404,0.46031,23.683,-11.1552,R
20240404LTHH0,2024,5,bottom,53,1,8번타자 최재훈,78288,최재훈,53546,윌커슨,269,2,240404_195808,B,볼,128,슬라이더,2,0,True,240404_195808,5,2,0.695876,0.7083,3.287,1.612,-116.677,-3.82296,5.22828,5.84294,50.0,-2.13645,5.7467,17.5943,-27.8153,R
20240404LTHH0,2024,5,bottom,53,1,8번타자 최재훈,78288,최재훈,53546,윌커슨,270,5,240404_195928,T,스트라이크,141,직구,3,2,True,240404_195928,5,5,-0.378472,0.7083,3.287,1.612,-128.182,-4.89595,5.80426,5.7643,50.0,-2.17221,-6.58109,24.0723,-12.795,R
20240404LTHH0,2024,5,bottom,53,1,8번타자 최재훈,78288,최재훈,53546,윌커슨,271,6,240404_195945,H,타격,141,직구,3,2,True,240404_195945,5,6,-0.237362,0.7083,3.287,1.612,-127.984,-5.83813,5.07555,5.78431,50.0,-2.0821,-2.28124,22.7096,-11.7574,R
20240404LTHH0,2024,5,bottom,55,2,9번타자 임종찬,50704,임종찬,53546,윌커슨,276,1,240404_200031,F,파울,134,커터,0,1,True,240404_200031,5,1,0.933659,0.7083,3.409,1.672,-122.266,-2.81573,6.70915,5.84182,50.0,-2.40611,6.19646,19.9399,-17.4445,L
20240404LTHH0,2024,5,bottom,55,2,9번타자 임종찬,50704,임종찬,53546,윌커슨,278,2,240404_200113,T,스트라이크,133,체인지업,0,2,True,240404_200113,5,2,-0.684591,0.7083,3.409,1.672,-121.251,-3.03361,4.94534,5.83142,50.0,-2.42224,-3.91967,20.969,-16.9541,L
20240404LTHH0,2024,5,bottom,55,2,9번타자 임종찬,50704,임종찬,53546,윌커슨,279,3,240404_200140,B,볼,139,직구,1,2,True,240404_200140,5,3,-0.899657,0.7083,3.409,1.672,-126.556,-1.76533,4.86469,5.79767,50.0,-2.65527,-2.63634,24.5497,-12.9474,L
20240404LTHH0,2024,5,bottom,55,2,9번타자 임종찬,50704,임종찬,53546,윌커슨,280,6,240404_200326,B,볼,141,직구,4,2,True,240404_200326,5,6,-1.10668,0.7083,3.409,1.672,-128.305,-5.0582,4.26091,5.65682,50.0,-2.4882,-4.04458,25.7841,-11.2448,L
20240404LTHH0,2024,5,bottom,56,3,1번타자 문현빈,53764,문현빈,53546,윌커슨,284,1,240404_200503,B,볼,132,체인지업,1,0,True,240404_200503,5,1,0.202067,0.7083,3.209,1.574,-120.005,-8.39546,6.43626,5.71474,50.0,-2.18527,-3.80046,17.6849,-18.1152,L
20240404LTHH0,2024,5,bottom,56,3,1번타자 문현빈,53764,문현빈,53546,윌커슨,285,2,240404_200533,F,파울,132,체인지업,1,1,True,240404_200533,5,2,0.573207,0.7083,3.209,1.574,-120.099,-5.16383,8.03041,5.74703,50.0,-2.2832,-6.17811,19.7096,-17.477,L
20240404LTHH0,2024,5,bottom,56,3,1번타자 문현빈,53764,문현빈,53546,윌커슨,286,3,240404_200616,H,타격,131,슬라이더,1,1,True,240404_200616,5,3,0.329946,0.7083,3.209,1.574,-118.794,-3.69094,6.02667,5.79235,50.0,-2.35428,0.911024,20.9375,-26.3627,L
20240404LTHH0,2024,5,bottom,58,4,2번타자 페라자,54730,페라자,53546,윌커슨,292,1,240404_200749,S,헛스윙,136,커터,0,1,True,240404_200749,5,1,0.03962,0.7083,3.302,1.62,-123.727,-2.40568,4.47937,5.82179,50.0,-2.37365,6.6228,20.9102,-19.4761,L
20240404LTHH0,2024,5,bottom,58,4,2번타자 페라자,54730,페라자,53546,윌커슨,293,2,240404_200819,B,볼,140,직구,1,1,True,240404_200819,5,2,-0.087094,0.7083,3.302,1.62,-127.356,-2.63082,5.93112,5.79343,50.0,-2.25346,-2.7538,24.9586,-12.9077,L
20240404LTHH0,2024,5,bottom,58,4,2번타자 페라자,54730,페라자,53546,윌커슨,294,3,240404_200913,H,타격,139,직구,1,1,True,240404_200913,5,3,0.385376,0.7083,3.302,1.62,-126.749,-4.17692,6.5207,5.68595,50.0,-2.21366,-0.316509,21.3132,-15.6841,L
20240404LTHH0,2024,5,bottom,59,5,3번타자 채은성,79192,채은성,53546,윌커슨,297,1,240404_201012,T,스트라이크,136,커터,0,1,True,240404_201012,5,1,0.526043,0.7083,3.461,1.698,-123.587,-5.46054,6.70359,5.75911,50.0,-2.19268,-0.561628,20.1065,-17.9097,R
20240404LTHH0,2024,5,bottom,59,5,3번타자 채은성,79192,채은성,53546,윌커슨,298,2,240404_201030,F,파울,141,직구,0,2,True,240404_201030,5,2,0.492301,0.7083,3.461,1.698,-127.946,-2.71293,6.45936,5.74531,50.0,-2.07172,-0.413537,26.6949,-12.025,R
20240404LTHH0,2024,5,bottom,59,5,3번타자 채은성,79192,채은성,53546,윌커슨,299,3,240404_201053,B,볼,132,슬라이더,1,2,True,240404_201053,5,3,1.66571,0.7083,3.461,1.698,-119.639,-1.44084,7.11952,5.88091,50.0,-1.93313,6.34571,17.2116,-28.2948,R
20240404LTHH0,2024,5,bottom,59,5,3번타자 채은성,79192,채은성,53546,윌커슨,300,2,240404_201030,F,파울,141,직구,0,2,True,240404_201030,5,2,0.492301,0.7083,3.461,1.698,-127.946,-2.71293,6.45936,5.74531,50.0,-2.07172,-0.413537,26.6949,-12.025,R
20240404LTHH0,2024,5,bottom,59,5,3번타자 채은성,79192,채은성,53546,윌커슨,301,3,240404_201053,B,볼,132,슬라이더,1,2,True,240404_201053,5,3,1.66571,0.7083,3.461,1.698,-119.639,-1.44084,7.11952,5.88091,50.0,-1.93313,6.34571,17.2116,-28.2948,R
20240404LTHH0,2024,5,bottom,59,5,3번타자 채은성,79192,채은성,53546,윌커슨,302,4,240404_201115,B,볼,139,커터,2,2,True,240404_201115,5,4,2.27864,0.7083,3.461,1.698,-125.653,-8.39147,10.8223,5.54717,50.0,-2.10913,0.234244,17.5687,-17.635,R
20240404LTHH0,2024,5,bottom,59,5,3번타자 채은성,79192,채은성,53546,윌커슨,303,5,240404_201136,S,헛스윙,134,체인지업,2,3,True,240404_201136,5,5,0.850219,0.7083,3.461,1.698,-121.716,-4.3529,8.58077,5.75658,50.0,-1.95125,-9.1558,22.1082,-17.9447,R
20240404LTHH0,2024,5,bottom,60,6,4번타자 노시환,69737,노시환,53546,윌커슨,306,1,240404_201214,B,볼,137,커터,1,0,True,240404_201214,5,1,1.44538,0.7083,3.396,1.666,-124.794,-2.73066,7.13108,5.88377,50.0,-2.01384,6.64099,19.0875,-19.5836,R
20240404LTHH0,2024,5,bottom,60,6,4번타자 노시환,69737,노시환,53546,윌커슨,308,2,240404_201234,T,스트라이크,131,슬라이더,1,1,True,240404_201234,5,2,0.61952,0.7083,3.396,1.666,-119.555,-1.70963,5.20329,5.87478,50.0,-2.15425,6.26882,16.2235,-28.668,R
20240404LTHH0,2024,5,bottom,60,6,4번타자 노시환,69737,노시환,53546,윌커슨,309,3,240404_201256,F,파울,142,직구,1,2,True,240404_201256,5,3,-0.197002,0.7083,3.396,1.666,-129.415,-4.72998,5.49777,5.68992,50.0,-2.09897,-3.48108,24.1353,-11.7087,R
20240404LTHH0,2024,5,bottom,60,6,4번타자 노시환,69737,노시환,53546,윌커슨,310,4,240404_201325,S,헛스윙,134,체인지업,1,3,True,240404_201325,5,4,-0.359829,0.7083,3.396,1.666,-121.78,-6.39663,5.90255,5.70118,50.0,-2.07433,-8.73229,24.2396,-16.2284,R
20240404LTHH0,2024,6,top,62,1,1번타자 황성빈,50500,황성빈,65769,김범수,316,1,240404_201807,T,스트라이크,130,슬라이더,0,1,True,240404_201807,6,1,0.241641,0.7083,3.241,1.59,-118.64,-0.371208,-4.27751,5.47613,50.0,1.82127,2.83733,19.6624,-32.8016,L
20240404LTHH0,2024,6,top,62,1,1번타자 황성빈,50500,황성빈,65769,김범수,317,2,240404_201822,H,타격,121,커브,0,1,True,240404_201822,6,2,-0.559916,0.7083,3.241,1.59,-110.434,2.13121,-4.13378,5.77194,50.0,1.6328,-2.61606,16.8691,-40.421,L
20240404LTHH0,2024,6,top,63,2,2번타자 윤동희,52591,윤동희,65769,김범수,320,1,240404_201907,T,스트라이크,145,직구,0,1,True,240404_201907,6,1,0.473667,0.7083,3.522,1.728,-131.854,-3.48426,-7.35258,5.15806,50.0,1.74442,21.0288,23.1039,-18.2566,R
20240404LTHH0,2024,6,top,63,2,2번타자 윤동희,52591,윤동희,65769,김범수,321,2,240404_201923,B,볼,137,포크,1,1,True,240404_201923,6,2,1.3692,0.7083,3.522,1.728,-124.827,-3.9378,-5.18072,5.24295,50.0,1.86667,19.3532,22.4507,-30.3356,R
20240404LTHH0,2024,6,top,63,2,2번타자 윤동희,52591,윤동희,65769,김범수,322,3,240404_201941,S,헛스윙,134,슬라이더,1,2,True,240404_201941,6,3,-0.804626,0.7083,3.522,1.728,-121.62,-3.34366,-6.65861,5.21767,50.0,1.76657,2.64931,22.1753,-32.2755,R
20240404LTHH0,2024,6,top,63,2,2번타자 윤동희,52591,윤동희,65769,김범수,323,4,240404_202006,H,타격,135,슬라이더,1,2,True,240404_202006,6,4,0.067027,0.7083,3.522,1.728,-122.889,-4.74769,-5.25571,5.09249,50.0,1.89071,4.15477,19.9543,-27.6341,R
20240404LTHH0,2024,6,top,64,3,3번타자 레이예스,54529,레이예스,65769,김범수,326,1,240404_202053,B,볼,145,직구,1,0,True,240404_202053,6,1,1.97845,0.7083,3.636,1.784,-131.835,0.872188,-3.20406,5.40645,50.0,1.91306,17.4321,23.0636,-18.5334,R
20240404LTHH0,2024,6,top,64,3,3번타자 레이예스,54529,레이예스,65769,김범수,328,2,240404_202115,F,파울,134,슬라이더,1,1,True,240404_202115,6,2,-0.231211,0.7083,3.636,1.784,-121.566,-0.962192,-6.33148,5.36524,50.0,1.64022,8.91614,19.3347,-32.806,R
20240404LTHH0,2024,6,top,64,3,3번타자 레이예스,54529,레이예스,65769,김범수,329,3,240404_202140,S,헛스윙,136,포크,1,2,True,240404_202140,6,3,-0.74494,0.7083,3.636,1.784,-123.519,-3.24936,-8.89942,5.29067,50.0,1.60287,15.5738,20.4919,-30.1583,R
20240404LTHH0,2024,6,top,64,3,3번타자 레이예스,54529,레이예스,65769,김범수,330,4,240404_202209,B,볼,137,포크,2,2,True,240404_202209,6,4,-0.23475,0.7083,3.636,1.784,-124.154,-5.69244,-7.24065,5.20943,50.0,1.57803,13.8036,22.9393,-27.0494,R
20240404LTHH0,2024,6,top,64,3,3번타자 레이예스,54529,레이예스,65769,김범수,332,5,240404_202238,F,파울,146,직구,2,2,True,240404_202238,6,5,0.89177,0.7083,3.636,1.784,-132.482,-1.51955,-5.61707,5.29324,50.0,1.68512,18.3867,30.2285,-15.8562,R
20240404LTHH0,2024,6,top,64,3,3번타자 레이예스,54529,레이예스,65769,김범수,333,6,240404_202315,B,볼,135,포크,3,2,True,240404_202315,6,6,1.34971,0.7083,3.636,1.784,-122.532,-0.360956,-4.22032,5.5104,50.0,1.81326,14.9288,19.6582,-28.4005,R
20240404LTHH0,2024,6,top,64,3,3번타자 레이예스,54529,레이예스,65769,김범수,334,7,240404_202343,F,파울,136,포크,3,2,True,240404_202343,6,7,0.933372,0.7083,3.636,1.784,-124.144,-3.19327,-5.45703,5.22285,50.0,1.69749,17.489,21.7455,-26.6929,R
20240404LTHH0,2024,6,top,64,3,3번타자 레이예스,54529,레이예스,65769,김범수,335,8,240404_202421,S,헛스윙,145,직구,3,3,True,240404_202421,6,8,-0.037037,0.7083,3.636,1.784,-132.208,-2.25532,-8.15892,5.29988,50.0,1.6501,19.6513,28.7134,-12.5011,R
20240404LTHH0,2024,6,bottom,66,1,5번타자 안치홍,79608,안치홍,54561,전미르,340,1,240404_202707,T,스트라이크,143,직구,0,1,True,240404_202707,6,1,-0.629441,0.7083,3.296,1.617,-129.794,-5.479,0.859465,5.94673,50.0,-0.699034,-3.47025,22.8226,-14.1537,R
20240404LTHH0,2024,6,bottom,66,1,5번타자 안치홍,79608,안치홍,54561,전미르,341,2,240404_202728,B,볼,124,커브,1,1,True,240404_202728,6,2,2.16981,0.7083,3.296,1.617,-112.65,-2.68577,3.92226,6.10409,50.0,-0.382023,7.27471,20.9269,-43.2517,R
20240404LTHH0,2024,6,bottom,66,1,5번타자 안치홍,79608,안치홍,54561,전미르,342,3,240404_202747,B,볼,131,슬라이더,2,1,True,240404_202747,6,3,2.1906,0.7083,3.296,1.617,-118.841,-7.96512,4.80871,5.80807,50.0,-0.386957,5.57138,18.7021,-24.4898,R
20240404LTHH0,2024,6,bottom,66,1,5번타자 안치홍,79608,안치홍,54561,전미르,343,4,240404_202813,B,볼,143,직구,3,1,True,240404_202813,6,4,0.448659,0.7083,3.296,1.617,-129.983,-1.49057,3.50678,6.04109,50.0,-0.589422,-4.38725,22.071,-18.6937,R
20240404LTHH0,2024,6,bottom,66,1,5번타자 안치홍,79608,안치홍,54561,전미르,344,5,240404_202845,T,스트라이크,144,직구,3,2,True,240404_202845,6,5,0.531687,0.7083,3.296,1.617,-131.063,-7.19751,3.26867,5.84232,50.0,-0.507856,-3.12267,25.7119,-11.9843,R
20240404LTHH0,2024,6,bottom,66,1,5번타자 안치홍,79608,안치홍,54561,전미르,345,6,240404_202911,H,타격,144,직구,3,2,True,240404_202911,6,6,-0.267188,0.7083,3.296,1.617,-131.499,-6.24364,1.66144,5.84569,50.0,-0.615579,-3.93866,25.7462,-14.4481,R
20240404LTHH0,2024,6,bottom,67,2,6번타자 하주석,62700,하주석,54561,전미르,348,1,240404_203005,B,볼,140,직구,1,0,True,240404_203005,6,1,-1.40555,0.7083,3.392,1.664,-127.508,-4.87596,-0.089142,5.98738,50.0,-0.994465,-4.6667,22.9713,-18.51,L
20240404LTHH0,2024,6,bottom,67,2,6번타자 하주석,62700,하주석,54561,전미르,350,2,240404_203051,H,타격,128,슬라이더,1,0,True,240404_203051,6,2,0.599654,0.7083,3.392,1.664,-116.599,-2.79633,2.01219,6.02582,50.0,-0.864544,6.14113,17.0405,-28.3354,L
20240404LTHH0,2024,6,bottom,68,3,7번타자 최인호,50707,최인호,54561,전미르,355,1,240404_203201,B,볼,141,직구,1,0,True,240404_203201,6,1,-1.59908,0.7083,3.304,1.62,-128.674,-6.37701,0.568146,5.72858,50.0,-1.10821,-9.093,22.6629,-18.7784,L
20240404LTHH0,2024,6,bottom,68,3,7번타자 최인호,50707,최인호,54561,전미르,356,2,240404_203246,T,스트라이크,122,커브,1,1,True,240404_203246,6,2,-0.500283,0.7083,3.304,1.62,-111.499,2.32742,-1.52235,6.27782,50.0,-0.815612,9.55746,20.3657,-43.3301,L
20240404LTHH0,2024,6,bottom,68,3,7번타자 최인호,50707,최인호,54561,전미르,357,3,240404_203322,F,파울,123,커브,1,2,True,240404_203322,6,3,0.222052,0.7083,3.304,1.62,-111.917,-1.04487,0.514617,6.08547,50.0,-0.884364,8.21416,20.8424,-42.4288,L
20240404LTHH0,2024,6,bottom,68,3,7번타자 최인호,50707,최인호,54561,전미르,359,4,240404_203358,B,볼,142,직구,2,2,True,240404_203358,6,4,1.05862,0.7083,3.304,1.62,-129.17,-6.63524,6.36997,5.91493,50.0,-0.718032,-9.45163,20.922,-15.829,L
20240404LTHH0,2024,6,bottom,68,3,7번타자 최인호,50707,최인호,54561,전미르,360,5,240404_203449,H,타격,127,커브,2,2,True,240404_203449,6,5,0.140967,0.7083,3.304,1.62,-115.754,-0.557418,-0.287691,6.06789,50.0,-0.917891,12.0615,20.8468,-44.0755,L
20240404LTHH0,2024,6,bottom,69,4,8번타자 최재훈,78288,최재훈,54561,전미르,364,1,240404_203658,T,스트라이크,142,직구,0,1,True,240404_203658,6,1,0.402141,0.7083,3.287,1.612,-129.243,-4.46368,3.93353,5.92095,50.0,-0.794353,-4.55321,21.0707,-14.0005,R
20240404LTHH0,2024,6,bottom,69,4,8번타자 최재훈,78288,최재훈,54561,전미르,365,2,240404_203756,B,볼,128,슬라이더,1,1,True,240404_203756,6,2,1.72192,0.7083,3.287,1.612,-116.354,-3.2484,4.76872,5.94164,50.0,-0.825675,4.88312,15.8541,-26.8676,R
20240404LTHH0,2024,6,bottom,69,4,8번타자 최재훈,78288,최재훈,54561,전미르,366,3,240404_203823,S,헛스윙,141,직구,1,2,True,240404_203823,6,3,0.66518,0.7083,3.287,1.612,-128.652,-4.51404,5.06185,5.83585,50.0,-0.735873,-7.70482,21.6194,-14.6045,R
20240404LTHH0,2024,6,bottom,69,4,8번타자 최재훈,78288,최재훈,54561,전미르,367,4,240404_203904,B,볼,126,커브,2,2,True,240404_203904,6,4,1.36824,0.7083,3.287,1.612,-114.999,-0.210339,2.1757,6.01889,50.0,-0.630709,10.3989,19.196,-43.5789,R
20240404LTHH0,2024,6,bottom,69,4,8번타자 최재훈,78288,최재훈,54561,전미르,369,5,240404_203937,S,헛스윙,131,슬라이더,2,3,True,240404_203937,6,5,1.54349,0.7083,3.287,1.612,-119.345,-2.88,4.13036,5.92151,50.0,-0.775519,6.08404,18.4299,-27.1817,R
20240404LTHH0,2024,6,bottom,70,5,9번타자 임종찬,50704,임종찬,54561,전미르,372,1,240404_204032,B,볼,123,커브,1,0,True,240404_204032,6,1,0.252806,0.7083,3.409,1.672,-111.837,-0.485086,0.396252,6.14046,50.0,-0.828105,8.52626,19.5758,-43.0275,L
20240404LTHH0,2024,6,bottom,70,5,9번타자 임종찬,50704,임종찬,54561,전미르,374,2,240404_204054,T,스트라이크,127,슬라이더,1,1,True,240404_204054,6,2,0.084647,0.7083,3.409,1.672,-115.619,-0.79163,1.34115,5.96844,50.0,-0.934588,4.43576,16.2446,-28.2488,L
20240404LTHH0,2024,6,bottom,70,5,9번타자 임종찬,50704,임종찬,54561,전미르,375,3,240404_204123,B,볼,144,직구,2,1,True,240404_204123,6,3,1.29503,0.7083,3.409,1.672,-130.73,-8.40415,6.459,5.78535,50.0,-0.73357,-6.44996,22.3028,-14.1921,L
20240404LTHH0,2024,6,bottom,70,5,9번타자 임종찬,50704,임종찬,54561,전미르,376,4,240404_204154,F,파울,142,직구,2,2,True,240404_204154,6,4,-0.397777,0.7083,3.409,1.672,-129.621,-4.66298,1.98631,5.81394,50.0,-0.891347,-3.72388,22.9344,-13.5895,L
20240404LTHH0,2024,6,bottom,70,5,9번타자 임종찬,50704,임종찬,54561,전미르,377,5,240404_204241,S,헛스윙,144,직구,2,3,True,240404_204241,6,5,0.178214,0.7083,3.409,1.672,-131.112,-4.28254,3.91993,5.78688,50.0,-0.841678,-6.70161,25.1686,-15.8365,L
20240404LTHH0,2024,7,top,72,1,4번타자 전준우,78513,전준우,65707,주현상,383,1,240404_204513,B,볼,132,슬라이더,1,0,True,240404_204513,7,1,2.06531,0.7083,3.407,1.671,-120.298,-6.07605,7.22431,5.46308,50.0,-1.49298,5.65084,17.4058,-19.7362,R
20240404LTHH0,2024,7,top,72,1,4번타자 전준우,78513,전준우,65707,주현상,384,2,240404_204537,T,스트라이크,140,직구,1,1,True,240404_204537,7,2,-0.755792,0.7083,3.407,1.671,-127.366,-5.01755,3.22801,5.59089,50.0,-1.4517,-7.44769,23.8202,-14.414,R
20240404LTHH0,2024,7,top,72,1,4번타자 전준우,78513,전준우,65707,주현상,385,3,240404_204600,F,파울,141,직구,1,2,True,240404_204600,7,3,-0.876954,0.7083,3.407,1.671,-128.127,-5.35158,3.22118,5.63947,50.0,-1.45007,-8.94477,23.5704,-13.7024,R
20240404LTHH0,2024,7,top,72,1,4번타자 전준우,78513,전준우,65707,주현상,386,4,240404_204709,S,헛스윙,142,직구,1,3,True,240404_204709,7,4,0.525818,0.7083,3.407,1.671,-129.544,-4.70624,6.21775,5.54118,50.0,-1.40497,-6.73462,24.1455,-12.4968,R
20240404LTHH0,2024,7,top,73,2,5번타자 노진혁,62931,노진혁,65707,주현상,390,3,240404_204833,B,볼,141,직구,2,1,True,240404_204833,7,3,0.209785,0.7083,3.463,1.698,-128.764,-0.400914,5.68795,5.79665,50.0,-1.50979,-6.82607,22.8767,-13.1896,L
20240404LTHH0,2024,7,top,73,2,5번타자 노진혁,62931,노진혁,65707,주현상,391,4,240404_204855,S,헛스윙,141,직구,2,2,True,240404_204855,7,4,0.048495,0.7083,3.463,1.698,-128.547,-4.42238,5.10833,5.5617,50.0,-1.49299,-6.18468,22.586,-12.7545,L
20240404LTHH0,2024,7,top,73,2,5번타자 노진혁,62931,노진혁,65707,주현상,392,5,240404_204921,F,파울,127,체인지업,2,2,True,240404_204921,7,5,-1.04231,0.7083,3.463,1.698,-116.041,-2.72513,3.01708,5.76385,50.0,-1.53302,-8.6368,19.3331,-24.0122,L
20240404LTHH0,2024,7,top,73,2,5번타자 노진혁,62931,노진혁,65707,주현상,393,6,240404_204951,F,파울,142,직구,2,2,True,240404_204951,7,6,-0.342004,0.7083,3.463,1.698,-129.107,-3.09293,4.25745,5.63523,50.0,-1.51493,-6.60608,27.9622,-12.5812,L
20240404LTHH0,2024,7,top,73,2,5번타자 노진혁,62931,노진혁,65707,주현상,394,7,240404_205032,F,파울,132,슬라이더,2,2,True,240404_205032,7,7,1.0127,0.7083,3.463,1.698,-120.461,-1.88788,5.60604,5.57185,50.0,-1.67712,3.60936,17.8043,-25.6622,L
20240404LTHH0,2024,7,top,73,2,5번타자 노진혁,62931,노진혁,65707,주현상,395,8,240404_205102,H,타격,142,직구,2,2,True,240404_205102,7,8,0.586308,0.7083,3.463,1.698,-129.216,-4.71469,7.01426,5.50483,50.0,-1.55231,-8.18498,25.0579,-13.8431,L
20240404LTHH0,2024,7,top,73,2,5번타자 노진혁,62931,노진혁,65707,주현상,396,7,240404_205032,F,파울,132,슬라이더,2,2,True,240404_205032,7,7,1.0127,0.7083,3.463,1.698,-120.461,-1.88788,5.60604,5.57185,50.0,-1.67712,3.60936,17.8043,-25.6622,L
20240404LTHH0,2024,7,top,73,2,5번타자 노진혁,62931,노진혁,65707,주현상,397,8,240404_205102,H,타격,142,직구,2,2,True,240404_205102,7,8,0.586308,0.7083,3.463,1.698,-129.216,-4.71469,7.01426,5.50483,50.0,-1.55231,-8.18498,25.0579,-13.8431,L
20240404LTHH0,2024,7,top,74,3,6번타자 손호영,50150,손호영,65707,주현상,400,1,240404_205143,F,파울,141,직구,0,1,True,240404_205143,7,1,0.239321,0.7083,3.4,1.668,-128.454,-1.72098,5.63713,5.64272,50.0,-1.46676,-6.8524,25.825,-13.2922,R
20240404LTHH0,2024,7,top,74,3,6번타자 손호영,50150,손호영,65707,주현상,401,2,240404_205208,F,파울,140,직구,0,2,True,240404_205208,7,2,0.258161,0.7083,3.4,1.668,-127.918,-1.49781,4.72323,5.79834,50.0,-1.23419,-4.95644,23.2098,-15.4956,R
20240404LTHH0,2024,7,top,74,3,6번타자 손호영,50150,손호영,65707,주현상,402,3,240404_205246,H,타격,141,직구,0,2,True,240404_205246,7,3,-0.357404,0.7083,3.4,1.668,-127.974,-3.3944,4.05475,5.73743,50.0,-1.38417,-7.46507,26.5791,-13.6406,R
20240404LTHH0,2024,7,bottom,76,1,1번타자 문현빈,53764,문현빈,63543,구승민,407,1,240404_205519,T,스트라이크,139,직구,0,1,True,240404_205519,7,1,-0.854039,0.7083,3.209,1.574,-126.914,-6.03224,2.90823,5.60371,50.0,-1.37306,-8.03498,25.0819,-14.9191,L
20240404LTHH0,2024,7,bottom,76,1,1번타자 문현빈,53764,문현빈,63543,구승민,408,2,240404_205540,F,파울,129,포크,0,2,True,240404_205540,7,2,0.301497,0.7083,3.209,1.574,-117.614,-3.46154,6.16828,5.66665,50.0,-1.44502,-9.88042,18.6115,-26.5973,L
20240404LTHH0,2024,7,bottom,76,1,1번타자 문현빈,53764,문현빈,63543,구승민,409,3,240404_205607,B,볼,143,직구,1,2,True,240404_205607,7,3,-1.77596,0.7083,3.209,1.574,-130.422,-1.91642,-0.19527,5.76945,50.0,-1.18778,-6.70862,21.7272,-13.77,L
20240404LTHH0,2024,7,bottom,76,1,1번타자 문현빈,53764,문현빈,63543,구승민,410,4,240404_205626,H,타격,129,포크,1,2,True,240404_205626,7,4,0.155377,0.7083,3.209,1.574,-117.713,-4.79985,5.48272,5.48426,50.0,-1.43597,-8.3324,16.9244,-27.0446,L
20240404LTHH0,2024,7,bottom,77,2,2번타자 페라자,54730,페라자,63543,구승민,414,1,240404_205753,B,볼,126,포크,1,0,True,240404_205753,7,1,-0.769936,0.7083,3.302,1.62,-115.047,1.82324,3.78054,5.71943,50.0,-1.60807,-8.52608,14.6367,-30.3831,L
20240404LTHH0,2024,7,bottom,77,2,2번타자 페라자,54730,페라자,63543,구승민,415,2,240404_205816,B,볼,127,포크,2,0,True,240404_205816,7,2,-1.1099,0.7083,3.302,1.62,-115.724,-1.50853,3.75031,5.58045,50.0,-1.75951,-10.3311,17.47,-29.5921,L
20240404LTHH0,2024,7,bottom,77,2,2번타자 페라자,54730,페라자,63543,구승민,416,3,240404_205841,T,스트라이크,125,포크,2,1,True,240404_205841,7,3,-0.044412,0.7083,3.302,1.62,-113.562,0.178186,4.81679,5.59434,50.0,-1.48729,-7.12533,15.7804,-30.7679,L
20240404LTHH0,2024,7,bottom,77,2,2번타자 페라자,54730,페라자,63543,구승민,417,4,240404_205907,S,헛스윙,140,직구,2,2,True,240404_205907,7,4,0.735662,0.7083,3.302,1.62,-127.456,-2.2611,5.75971,5.67931,50.0,-1.22072,-4.42265,23.4694,-14.0806,L
20240404LTHH0,2024,7,bottom,77,2,2번타자 페라자,54730,페라자,63543,구승민,418,5,240404_205938,F,파울,141,직구,2,2,True,240404_205938,7,5,-0.612852,0.7083,3.302,1.62,-128.177,-4.09388,3.71064,5.56948,50.0,-1.43077,-8.3267,23.9383,-12.274,L
20240404LTHH0,2024,7,bottom,77,2,2번타자 페라자,54730,페라자,63543,구승민,419,6,240404_210010,H,타격,132,슬라이더,2,2,True,240404_210010,7,6,0.065791,0.7083,3.302,1.62,-120.085,-2.86536,3.6214,5.40692,50.0,-1.70938,2.6273,18.9967,-26.2235,L
20240404LTHH0,2024,7,bottom,78,3,3번타자 채은성,79192,채은성,63543,구승민,423,1,240404_210127,H,타격,142,직구,0,0,True,240404_210127,7,1,-0.301497,0.7083,3.461,1.698,-129.388,-6.21552,3.66456,5.63446,50.0,-1.00693,-9.50884,27.1351,-9.27156,R
20240404LTHH0,2024,7,bottom,79,4,4번타자 노시환,69737,노시환,63543,구승민,428,1,240404_210243,B,볼,127,포크,1,0,True,240404_210243,7,1,-0.203194,0.7083,3.396,1.666,-115.411,-5.40915,4.96537,5.47226,50.0,-1.3075,-11.1631,20.0722,-27.7299,R
20240404LTHH0,2024,7,bottom,79,4,4번타자 노시환,69737,노시환,63543,구승민,430,2,240404_210317,B,볼,142,직구,2,0,True,240404_210317,7,2,1.31172,0.7083,3.396,1.666,-129.431,-5.43912,5.95081,5.67516,50.0,-0.703452,-4.35069,24.9562,-10.546,R
20240404LTHH0,2024,7,bottom,79,4,4번타자 노시환,69737,노시환,63543,구승민,431,3,240404_210434,B,볼,134,슬라이더,3,0,True,240404_210434,7,3,0.917022,0.7083,3.396,1.666,-121.352,-7.74876,4.62366,5.32968,50.0,-1.24274,2.45684,19.26,-18.1024,R
20240404LTHH0,2024,7,bottom,79,4,4번타자 노시환,69737,노시환,63543,구승민,432,4,240404_210509,B,볼,140,직구,4,0,True,240404_210509,7,4,1.85258,0.7083,3.396,1.666,-127.098,-6.26981,8.56103,5.68131,50.0,-0.827464,-9.49776,24.1231,-11.922,R
20240404LTHH0,2024,7,bottom,80,5,5번타자 안치홍,79608,안치홍,76430,김상수,436,1,240404_210819,F,파울,124,체인지업,0,1,True,240404_210819,7,1,-0.512211,0.7083,3.296,1.617,-112.524,-1.86663,4.16023,5.85332,50.0,-1.65328,-7.25307,17.185,-23.9605,R
20240404LTHH0,2024,7,bottom,80,5,5번타자 안치홍,79608,안치홍,76430,김상수,437,2,240404_210852,H,타격,141,직구,0,1,True,240404_210852,7,2,0.093319,0.7083,3.296,1.617,-128.091,-2.94797,6.50066,5.57578,50.0,-1.74156,-9.55547,23.7862,-13.5037,R
20240404LTHH0,2024,7,bottom,81,6,6번타자 하주석,62700,하주석,76430,김상수,443,1,240404_210945,F,파울,125,포크,0,1,True,240404_210945,7,1,-0.823411,0.7083,3.392,1.664,-113.99,-1.93613,4.21468,5.8651,50.0,-1.90239,-8.0647,17.8943,-27.7683,L
20240404LTHH0,2024,7,bottom,81,6,6번타자 하주석,62700,하주석,76430,김상수,445,2,240404_211013,T,스트라이크,140,직구,0,2,True,240404_211013,7,2,-0.619107,0.7083,3.392,1.664,-127.04,-5.31827,4.53852,5.56783,50.0,-1.87367,-7.09619,24.9978,-16.6556,L
20240404LTHH0,2024,7,bottom,81,6,6번타자 하주석,62700,하주석,76430,김상수,446,3,240404_211042,B,볼,141,직구,1,2,True,240404_211042,7,3,-1.16908,0.7083,3.392,1.664,-127.937,-6.14811,3.33172,5.55194,50.0,-1.94653,-6.95521,26.7301,-14.9736,L
20240404LTHH0,2024,7,bottom,81,6,6번타자 하주석,62700,하주석,76430,김상수,447,4,240404_211114,F,파울,126,체인지업,1,2,True,240404_211114,7,4,-1.08377,0.7083,3.392,1.664,-114.781,-4.59731,3.35393,5.66177,50.0,-1.85818,-7.25604,21.3256,-22.5512,L
20240404LTHH0,2024,7,bottom,81,6,6번타자 하주석,62700,하주석,76430,김상수,448,5,240404_211149,F,파울,139,직구,1,2,True,240404_211149,7,5,0.717963,0.7083,3.392,1.664,-126.729,-4.01324,6.93916,5.61404,50.0,-1.70155,-4.62105,21.4263,-13.915,L
20240404LTHH0,2024,7,bottom,81,6,6번타자 하주석,62700,하주석,76430,김상수,449,6,240404_211221,S,헛스윙,124,포크,1,3,True,240404_211221,7,6,-0.003878,0.7083,3.392,1.664,-113.109,-6.96277,4.97393,5.45391,50.0,-1.94444,-2.97593,16.9103,-27.8399,L
20240404LTHH0,2024,8,top,83,1,7번타자 정훈,60523,정훈,61666,한승혁,454,1,240404_211451,B,볼,149,직구,1,0,True,240404_211451,8,1,-1.70029,0.7083,3.376,1.656,-135.399,-4.99241,0.963797,5.70316,50.0,-1.44914,-8.59054,27.7704,-14.6548,R
20240404LTHH0,2024,8,top,83,1,7번타자 정훈,60523,정훈,61666,한승혁,455,2,240404_211508,B,볼,144,직구,2,0,True,240404_211508,8,2,-1.32207,0.7083,3.376,1.656,-131.19,-4.62827,1.5172,5.70912,50.0,-1.22737,-9.00663,25.7747,-14.5953,R
20240404LTHH0,2024,8,top,83,1,7번타자 정훈,60523,정훈,61666,한승혁,456,3,240404_211534,T,스트라이크,146,직구,2,1,True,240404_211534,8,3,-0.509213,0.7083,3.376,1.656,-133.247,-5.54343,4.00194,5.71855,50.0,-1.16489,-11.9464,26.2467,-15.2814,R
20240404LTHH0,2024,8,top,83,1,7번타자 정훈,60523,정훈,61666,한승혁,457,4,240404_211552,H,타격,148,직구,2,1,True,240404_211552,8,4,-0.735087,0.7083,3.376,1.656,-134.914,-6.76132,2.21526,5.63048,50.0,-1.22695,-4.84515,26.8384,-13.0848,R
20240404LTHH0,2024,8,top,84,2,8번타자 박승욱,62802,박승욱,61666,한승혁,460,1,240404_211632,B,볼,151,직구,1,0,True,240404_211632,8,1,-1.3305,0.7083,3.442,1.689,-137.094,-4.07207,1.90453,5.74047,50.0,-1.39851,-9.17601,31.2885,-14.8456,L
20240404LTHH0,2024,8,top,84,2,8번타자 박승욱,62802,박승욱,61666,한승혁,461,2,240404_211650,T,스트라이크,149,직구,1,1,True,240404_211650,8,2,-0.251392,0.7083,3.442,1.689,-135.523,-3.62729,3.55277,5.78144,50.0,-1.1216,-6.61337,26.6492,-13.4849,L
20240404LTHH0,2024,8,top,84,2,8번타자 박승욱,62802,박승욱,61666,한승혁,462,3,240404_211708,H,타격,135,포크,1,1,True,240404_211708,8,3,-0.36611,0.7083,3.442,1.689,-122.894,-3.29777,3.47528,5.69964,50.0,-1.2437,-6.55868,20.0899,-33.9861,L
20240404LTHH0,2024,8,top,85,3,9번타자 유강남,61102,유강남,61666,한승혁,465,1,240404_211752,B,볼,134,슬라이더,1,0,True,240404_211752,8,1,1.25547,0.7083,3.394,1.665,-121.788,-2.66538,4.62751,5.76287,50.0,-1.12625,5.34867,14.6615,-24.8668,R
20240404LTHH0,2024,8,top,85,3,9번타자 유강남,61102,유강남,61666,한승혁,466,2,240404_211809,S,헛스윙,148,직구,1,1,True,240404_211809,8,2,-0.208972,0.7083,3.394,1.665,-134.319,-4.40152,5.1619,5.73761,50.0,-1.10841,-14.715,22.8323,-21.644,R
20240404LTHH0,2024,8,top,85,3,9번타자 유강남,61102,유강남,61666,한승혁,467,3,240404_211836,B,볼,134,슬라이더,2,1,True,240404_211836,8,3,-1.15014,0.7083,3.394,1.665,-121.664,-4.34168,-0.501351,5.73084,50.0,-1.29335,4.02445,19.206,-23.1176,R
20240404LTHH0,2024,8,top,85,3,9번타자 유강남,61102,유강남,61666,한승혁,468,4,240404_211855,F,파울,149,직구,2,2,True,240404_211855,8,4,-0.284796,0.7083,3.394,1.665,-135.297,-6.59425,3.76708,5.63993,50.0,-1.18516,-7.33373,26.5207,-16.3677,R
20240404LTHH0,2024,8,top,85,3,9번타자 유강남,61102,유강남,61666,한승혁,469,5,240404_211925,F,파울,149,직구,2,2,True,240404_211925,8,5,0.136083,0.7083,3.394,1.665,-136.014,-4.84271,4.07154,5.78804,50.0,-0.963673,-6.08554,25.1918,-12.6446,R
20240404LTHH0,2024,8,top,85,3,9번타자 유강남,61102,유강남,61666,한승혁,470,6,240404_211949,F,파울,117,커브,2,2,True,240404_211949,8,6,0.222594,0.7083,3.394,1.665,-106.698,3.57501,0.826727,6.08568,50.0,-1.0219,7.38494,16.0891,-39.6827,R
20240404LTHH0,2024,8,top,85,3,9번타자 유강남,61102,유강남,61666,한승혁,471,7,240404_212016,H,타격,150,직구,2,2,True,240404_212016,8,7,-0.491964,0.7083,3.394,1.665,-136.463,-3.0819,4.02673,5.77212,50.0,-1.05487,-13.4733,26.3686,-16.3376,R
20240404LTHH0,2024,8,bottom,87,1,7번타자 최인호,50707,최인호,76430,김상수,475,1,240404_212228,T,스트라이크,123,체인지업,0,1,True,240404_212228,8,1,0.403408,0.7083,3.304,1.62,-112.335,-2.52885,5.36611,5.9916,50.0,-1.7106,-3.05034,14.5565,-22.1794,L
20240404LTHH0,2024,8,bottom,87,1,7번타자 최인호,50707,최인호,76430,김상수,476,2,240404_212240,B,볼,125,체인지업,1,1,True,240404_212240,8,2,0.375235,0.7083,3.304,1.62,-113.405,-6.59989,5.54454,5.685,50.0,-1.73595,-3.62154,12.5282,-20.5461,L
20240404LTHH0,2024,8,bottom,87,1,7번타자 최인호,50707,최인호,76430,김상수,477,3,240404_212306,B,볼,117,커브,2,1,True,240404_212306,8,3,-1.1947,0.7083,3.304,1.62,-106.767,4.29648,-0.075782,6.09772,50.0,-1.9572,6.99733,15.0788,-39.2721,L
20240404LTHH0,2024,8,bottom,87,1,7번타자 최인호,50707,최인호,76430,김상수,478,4,240404_212328,B,볼,123,포크,3,1,True,240404_212328,8,4,-1.51374,0.7083,3.304,1.62,-111.784,-0.953344,1.54416,5.85716,50.0,-1.87716,-3.27616,14.32,-30.3896,L
20240404LTHH0,2024,8,bottom,87,1,7번타자 최인호,50707,최인호,76430,김상수,479,5,240404_212351,B,볼,138,직구,4,1,True,240404_212351,8,5,0.981875,0.7083,3.304,1.62,-125.716,-4.4063,7.57127,5.66017,50.0,-1.69583,-4.81127,21.2997,-14.9233,L
20240404LTHH0,2024,8,bottom,88,2,8번타자 최재훈,78288,최재훈,76430,김상수,483,1,240404_212500,W,번트파울,136,직구,0,1,True,240404_212500,8,1,0.346751,0.7083,3.287,1.612,-123.887,-2.8207,6.18068,5.68368,50.0,-1.70682,-5.79417,20.2175,-15.8501,R
20240404LTHH0,2024,8,bottom,88,2,8번타자 최재훈,78288,최재훈,76430,김상수,484,2,240404_212602,B,볼,126,슬라이더,1,1,True,240404_212602,8,2,1.19182,0.7083,3.287,1.612,-114.719,-3.86417,6.07755,5.70401,50.0,-1.79114,2.88137,16.7515,-26.9343,R
20240404LTHH0,2024,8,bottom,88,2,8번타자 최재훈,78288,최재훈,76430,김상수,485,3,240404_212645,B,볼,125,슬라이더,2,1,True,240404_212645,8,3,1.52234,0.7083,3.287,1.612,-113.423,-2.0186,6.16013,5.77705,50.0,-1.63736,3.88152,16.5585,-28.6896,R
20240404LTHH0,2024,8,bottom,88,2,8번타자 최재훈,78288,최재훈,76430,김상수,487,4,240404_212721,H,타격,138,직구,2,1,True,240404_212721,8,4,-0.047629,0.7083,3.287,1.612,-125.599,-3.48911,6.24451,5.7119,50.0,-1.81922,-9.35225,24.7438,-14.8529,R
20240404LTHH0,2024,8,bottom,89,3,9번타자 임종찬,50704,임종찬,76430,김상수,491,1,240404_212854,F,파울,140,직구,0,1,True,240404_212854,8,1,-0.024847,0.7083,3.409,1.672,-126.996,-7.13965,6.28188,5.51063,50.0,-1.78946,-9.44895,23.4268,-15.3324,L
20240404LTHH0,2024,8,bottom,89,3,9번타자 임종찬,50704,임종찬,76430,김상수,492,2,240404_212925,B,볼,126,포크,1,1,True,240404_212925,8,2,-0.242037,0.7083,3.409,1.672,-114.083,-7.27859,5.53122,5.52312,50.0,-1.85821,-8.61968,20.1193,-27.4098,L
20240404LTHH0,2024,8,bottom,89,3,9번타자 임종찬,50704,임종찬,76430,김상수,493,3,240404_212957,B,볼,125,포크,2,1,True,240404_212957,8,3,0.955457,0.7083,3.409,1.672,-113.691,-6.40711,7.48327,5.55831,50.0,-1.69054,-7.06371,16.936,-32.1868,L
20240404LTHH0,2024,8,bottom,89,3,9번타자 임종찬,50704,임종찬,76430,김상수,495,4,240404_213040,S,헛스윙,126,포크,2,2,True,240404_213040,8,4,0.231476,0.7083,3.409,1.672,-114.287,-1.02096,5.44905,5.79886,50.0,-1.83227,-3.70813,17.5376,-25.5793,L
20240404LTHH0,2024,8,bottom,89,3,9번타자 임종찬,50704,임종찬,76430,김상수,496,5,240404_213115,S,헛스윙,140,직구,2,3,True,240404_213115,8,5,0.137644,0.7083,3.409,1.672,-127.833,-1.45909,6.46874,5.72701,50.0,-1.88976,-7.0443,24.4131,-15.4442,L
20240404LTHH0,2024,9,top,93,1,대타 이정훈,67644,이정훈,67703,박상원,509,1,240404_213455,T,스트라이크,143,직구,0,1,True,240404_213455,9,1,-0.516934,0.7083,3.422,1.679,-129.853,-3.91321,4.30457,5.82834,50.0,-1.54919,-8.54182,22.8582,-17.3606,L
20240404LTHH0,2024,9,top,93,1,대타 이정훈,67644,이정훈,67703,박상원,511,1,240404_213455,T,스트라이크,143,직구,0,1,True,240404_213455,9,1,-0.516934,0.7083,3.422,1.679,-129.853,-3.91321,4.30457,5.82834,50.0,-1.54919,-8.54182,22.8582,-17.3606,L
20240404LTHH0,2024,9,top,93,1,대타 이정훈,67644,이정훈,67703,박상원,512,2,240404_213508,S,헛스윙,143,직구,0,2,True,240404_213508,9,2,-0.402396,0.7083,3.422,1.679,-129.94,-3.00733,4.07347,5.77418,50.0,-1.40012,-7.81501,23.5481,-17.3108,L
20240404LTHH0,2024,9,top,93,1,대타 이정훈,67644,이정훈,67703,박상원,513,3,240404_213523,B,볼,143,직구,1,2,True,240404_213523,9,3,0.182649,0.7083,3.422,1.679,-130.244,-1.70072,4.07454,5.92383,50.0,-1.23646,-2.29808,22.186,-15.6268,L
20240404LTHH0,2024,9,top,93,1,대타 이정훈,67644,이정훈,67703,박상원,514,4,240404_213537,B,볼,132,포크,2,2,True,240404_213537,9,4,0.605351,0.7083,3.422,1.679,-119.919,-5.69212,4.66127,5.62266,50.0,-1.34672,-0.312078,18.3206,-32.6297,L
20240404LTHH0,2024,9,top,93,1,대타 이정훈,67644,이정훈,67703,박상원,515,5,240404_213559,H,타격,130,포크,2,2,True,240404_213559,9,5,0.322282,0.7083,3.422,1.679,-118.616,-1.77331,4.14458,5.872,50.0,-1.24211,-2.33991,17.9745,-28.883,L
20240404LTHH0,2024,9,top,94,2,2번타자 윤동희,52591,윤동희,67703,박상원,519,1,240404_213649,T,스트라이크,146,직구,0,1,True,240404_213649,9,1,0.495918,0.7083,3.522,1.728,-132.364,-7.56139,6.49639,5.55805,50.0,-1.34526,-8.97567,25.3878,-12.4112,R
20240404LTHH0,2024,9,top,94,2,2번타자 윤동희,52591,윤동희,67703,박상원,520,2,240404_213709,F,파울,146,직구,0,2,True,240404_213709,9,2,-0.090588,0.7083,3.522,1.728,-133.002,-3.61833,5.59557,5.76042,50.0,-1.43085,-10.9732,24.8798,-15.384,R
20240404LTHH0,2024,9,top,94,2,2번타자 윤동희,52591,윤동희,67703,박상원,521,3,240404_213730,H,타격,134,포크,0,2,True,240404_213730,9,3,-0.852369,0.7083,3.522,1.728,-121.778,-3.9678,1.99453,5.7727,50.0,-1.52191,-1.89919,20.3322,-27.4619,R
20240404LTHH0,2024,9,top,95,3,3번타자 레이예스,54529,레이예스,67703,박상원,524,1,240404_213814,B,볼,146,직구,1,0,True,240404_213814,9,1,1.53786,0.7083,3.636,1.784,-132.612,-5.85861,7.76867,5.77448,50.0,-1.1584,-3.99193,24.1143,-14.1565,L
20240404LTHH0,2024,9,top,95,3,3번타자 레이예스,54529,레이예스,67703,박상원,525,2,240404_213838,F,파울,145,직구,1,1,True,240404_213838,9,2,0.106641,0.7083,3.636,1.784,-131.517,-5.37341,5.6725,5.70595,50.0,-1.48828,-8.10219,25.5442,-14.3907,L
20240404LTHH0,2024,9,top,95,3,3번타자 레이예스,54529,레이예스,67703,박상원,526,3,240404_213905,B,볼,133,포크,2,1,True,240404_213905,9,3,1.61921,0.7083,3.636,1.784,-120.885,-5.99079,6.48047,5.65209,50.0,-1.24773,1.39067,20.8257,-34.3784,L
20240404LTHH0,2024,9,top,95,3,3번타자 레이예스,54529,레이예스,67703,박상원,528,4,240404_213947,H,타격,133,포크,2,1,True,240404_213947,9,4,0.747075,0.7083,3.636,1.784,-120.933,-0.825976,4.99143,5.87983,50.0,-1.47003,1.26371,19.1495,-37.5624,L
20240404LTHH0,2024,9,top,96,4,4번타자 전준우,78513,전준우,65616,이민우,533,1,240404_214250,B,볼,117,커브,1,0,True,240404_214250,9,1,0.988839,0.7083,3.407,1.671,-106.893,-1.11535,1.99354,6.56475,50.0,-1.20956,10.8976,15.8456,-40.0462,R
20240404LTHH0,2024,9,top,96,4,4번타자 전준우,78513,전준우,65616,이민우,534,2,240404_214311,B,볼,136,커터,2,0,True,240404_214311,9,2,-0.134767,0.7083,3.407,1.671,-123.291,-7.17001,2.39866,6.40073,50.0,-1.19758,0.852026,18.8343,-23.6748,R
20240404LTHH0,2024,9,top,96,4,4번타자 전준우,78513,전준우,65616,이민우,535,3,240404_214335,H,타격,138,커터,2,0,True,240404_214335,9,3,-0.328973,0.7083,3.407,1.671,-125.421,-5.29954,1.0023,6.43046,50.0,-1.13404,4.72072,24.1123,-23.5149,R
20240404LTHH0,2024,9,top,97,5,5번타자 노진혁,62931,노진혁,65616,이민우,538,1,240404_214419,B,볼,120,커브,1,0,True,240404_214419,9,1,1.25399,0.7083,3.463,1.698,-109.411,-2.36854,2.50974,6.49422,50.0,-1.08483,10.7082,16.424,-37.529,L
20240404LTHH0,2024,9,top,97,5,5번타자 노진혁,62931,노진혁,65616,이민우,539,2,240404_214440,H,타격,136,커터,1,0,True,240404_214440,9,2,-0.747762,0.7083,3.463,1.698,-123.938,-6.38608,1.2898,6.3592,50.0,-1.44263,1.95193,19.4347,-24.794,L
20240504OBLG0,2024,1,top,1,1,1번타자 정수빈,79231,정수빈,67143,손주영,2,1,240504_140110,T,스트라이크,140,직구,0,1,True,240504_140110,1,1,-0.72818,0.7083,3.278,1.608,-127.882,-5.61443,-4.71177,6.15726,50.0,1.18132,-0.431703,20.2787,-21.1374,L
20240504OBLG0,2024,1,top,1,1,1번타자 정수빈,79231,정수빈,67143,손주영,3,2,240504_140123,B,볼,115,커브,1,1,True,240504_140123,1,2,-0.255605,0.7083,3.278,1.608,-104.762,3.24237,-1.28746,6.67509,50.0,0.980984,-5.12899,14.8663,-39.0974,L
20240504OBLG0,2024,1,top,1,1,1번타자 정수빈,79231,정수빈,67143,손주영,4,3,240504_140137,B,볼,128,슬라이더,2,1,True,240504_140137,1,3,-1.2752,0.7083,3.278,1.608,-116.657,-5.15619,-4.5538,6.19902,50.0,1.07085,-3.53692,21.0501,-30.9776,L
20240504OBLG0,2024,1,top,1,1,1번타자 정수빈,79231,정수빈,67143,손주영,5,4,240504_140151,H,타격,142,직구,2,1,True,240504_140151,1,4,0.45486,0.7083,3.278,1.608,-128.968,-5.02165,-2.59036,6.11945,50.0,1.32428,1.98639,22.1736,-21.9453,L
20240504OBLG0,2024,1,top,2,2,2번타자 전민재,68205,전민재,67143,손주영,8,1,240504_140245,B,볼,141,직구,1,0,True,240504_140245,1,1,2.06284,0.7083,3.374,1.655,-128.728,-3.79095,0.829175,6.29078,50.0,1.57643,2.01233,21.742,-19.9231,R
20240504OBLG0,2024,1,top,2,2,2번타자 전민재,68205,전민재,67143,손주영,9,2,240504_140309,H,타격,129,슬라이더,1,0,True,240504_140309,1,2,0.523738,0.7083,3.374,1.655,-117.888,-1.8792,-1.06528,6.39068,50.0,1.2203,-2.51557,18.4219,-28.4326,R
20240504OBLG0,2024,1,top,3,3,3번타자 강승호,63123,강승호,67143,손주영,12,1,240504_140344,B,볼,130,슬라이더,1,0,True,240504_140344,1,1,0.92358,0.7083,3.35,1.643,-118.669,-4.09619,-0.451319,6.28006,50.0,1.42027,-3.2427,20.5984,-27.0293,R
20240504OBLG0,2024,1,top,3,3,3번타자 강승호,63123,강승호,67143,손주영,15,2,240504_140603,H,타격,128,슬라이더,1,0,True,240504_140603,1,2,-0.180408,0.7083,3.35,1.643,-116.341,-1.95751,-2.90194,6.39859,50.0,1.08313,0.289933,25.3863,-30.1047,R
20240504OBLG0,2024,1,top,4,4,4번타자 양의지,76232,양의지,67143,손주영,19,1,240504_140655,B,볼,141,직구,1,0,True,240504_140655,1,1,0.485842,0.7083,3.385,1.66,-128.88,-1.90393,-3.42068,6.22121,50.0,1.59441,3.17092,24.0797,-19.2766,R
20240504OBLG0,2024,1,top,4,4,4번타자 양의지,76232,양의지,67143,손주영,20,2,240504_140708,F,파울,142,직구,1,1,True,240504_140708,1,2,-0.931925,0.7083,3.385,1.66,-128.833,-5.01826,-6.88402,6.08511,50.0,1.39176,5.28428,25.7902,-20.1684,R
20240504OBLG0,2024,1,top,4,4,4번타자 양의지,76232,양의지,67143,손주영,21,3,240504_140725,H,타격,140,직구,1,1,True,240504_140725,1,3,-0.070236,0.7083,3.385,1.66,-127.59,-3.37684,-3.44623,6.19998,50.0,1.29426,0.124262,20.0169,-22.3448,R
20240504OBLG0,2024,1,top,5,5,5번타자 양석환,64153,양석환,67143,손주영,24,1,240504_140805,B,볼,142,직구,1,0,True,240504_140805,1,1,0.908696,0.7083,3.465,1.699,-129.301,-5.27817,-1.30071,6.17405,50.0,1.45196,-0.393017,21.5956,-18.2554,R
20240504OBLG0,2024,1,top,5,5,5번타자 양석환,64153,양석환,67143,손주영,25,2,240504_140823,T,스트라이크,119,커브,1,1,True,240504_140823,1,2,0.870471,0.7083,3.465,1.699,-108.698,2.34542,-0.10585,6.60168,50.0,1.12971,-1.89542,16.3919,-39.6494,R
20240504OBLG0,2024,1,top,5,5,5번타자 양석환,64153,양석환,67143,손주영,26,3,240504_140845,B,볼,132,슬라이더,2,1,True,240504_140845,1,3,1.31214,0.7083,3.465,1.699,-120.11,-6.57653,0.028097,6.1673,50.0,1.30461,-0.048773,18.21,-27.1333,R
20240504OBLG0,2024,1,top,5,5,5번타자 양석환,64153,양석환,67143,손주영,27,4,240504_140904,S,헛스윙,143,직구,2,2,True,240504_140904,1,4,0.576259,0.7083,3.465,1.699,-129.748,-6.68838,-2.62703,6.1415,50.0,1.35813,3.25013,22.5203,-15.2834,R
20240504OBLG0,2024,1,top,5,5,5번타자 양석환,64153,양석환,67143,손주영,28,5,240504_140926,B,볼,130,포크,3,2,True,240504_140926,1,5,1.13627,0.7083,3.465,1.699,-118.834,-0.230277,-0.16825,6.40333,50.0,1.06483,1.55265,20.1289,-29.4131,R
20240504OBLG0,2024,1,top,5,5,5번타자 양석환,64153,양석환,67143,손주영,29,6,240504_140945,F,파울,145,직구,3,2,True,240504_140945,1,6,1.06694,0.7083,3.465,1.699,-131.809,-5.10224,-1.79226,6.15182,50.0,1.42614,4.46611,23.9635,-16.3768,R
20240504OBLG0,2024,1,top,5,5,5번타자 양석환,64153,양석환,67143,손주영,30,7,240504_141009,H,타격,143,직구,3,2,True,240504_141009,1,7,-0.326996,0.7083,3.465,1.699,-130.46,-6.54332,-4.66747,6.07828,50.0,1.24102,3.40585,24.0852,-22.646,R
20240504OBLG0,2024,1,bottom,7,1,1번타자 홍창기,66108,홍창기,53259,최준호,35,1,240504_141251,B,볼,146,직구,1,0,True,240504_141251,1,1,1.62163,0.7083,3.537,1.735,-132.655,-3.46153,10.0377,5.7502,50.0,-1.41093,-11.3039,25.7181,-14.1176,L
20240504OBLG0,2024,1,bottom,7,1,1번타자 홍창기,66108,홍창기,53259,최준호,36,2,240504_141305,T,스트라이크,147,직구,1,1,True,240504_141305,1,2,-0.768983,0.7083,3.537,1.735,-133.567,-4.36507,4.41354,5.66605,50.0,-1.71738,-10.1066,23.1502,-16.3323,L
20240504OBLG0,2024,1,bottom,7,1,1번타자 홍창기,66108,홍창기,53259,최준호,37,3,240504_141320,F,파울,131,포크,1,2,True,240504_141320,1,3,-0.841686,0.7083,3.537,1.735,-119.326,-2.52884,3.17187,5.86482,50.0,-1.49581,-7.67721,22.0301,-30.9409,L
20240504OBLG0,2024,1,bottom,7,1,1번타자 홍창기,66108,홍창기,53259,최준호,38,4,240504_141339,F,파울,148,직구,1,2,True,240504_141339,1,4,0.952768,0.7083,3.537,1.735,-134.393,-2.58177,7.37707,5.7641,50.0,-1.38024,-6.69089,29.1503,-12.011,L
20240504OBLG0,2024,1,bottom,7,1,1번타자 홍창기,66108,홍창기,53259,최준호,39,5,240504_141408,B,볼,137,슬라이더,2,2,True,240504_141408,1,5,-0.217197,0.7083,3.537,1.735,-124.838,-5.8514,4.17095,5.63652,50.0,-1.44166,-5.78439,22.9291,-21.3141,L
20240504OBLG0,2024,1,bottom,7,1,1번타자 홍창기,66108,홍창기,53259,최준호,40,6,240504_141423,F,파울,146,직구,2,2,True,240504_141423,1,6,0.433258,0.7083,3.537,1.735,-133.045,-3.91793,7.2398,5.64134,50.0,-1.51895,-11.3752,30.6124,-14.6618,L
20240504OBLG0,2024,1,bottom,7,1,1번타자 홍창기,66108,홍창기,53259,최준호,41,7,240504_141446,F,파울,146,직구,2,2,True,240504_141446,1,7,-0.439381,0.7083,3.537,1.735,-133.003,-2.94499,4.21874,5.65203,50.0,-1.55034,-6.98191,30.3432,-16.5998,L
20240504OBLG0,2024,1,bottom,7,1,1번타자 홍창기,66108,홍창기,53259,최준호,42,8,240504_141508,B,볼,144,직구,3,2,True,240504_141508,1,8,-1.29741,0.7083,3.537,1.735,-131.079,-2.80194,2.19268,5.72144,50.0,-1.50248,-8.51908,27.1109,-12.7191,L
20240504OBLG0,2024,1,bottom,7,1,1번타자 홍창기,66108,홍창기,53259,최준호,43,9,240504_141526,H,타격,145,직구,3,2,True,240504_141526,1,9,-0.299076,0.7083,3.537,1.735,-132.198,-4.43119,4.63022,5.60775,50.0,-1.49422,-7.98901,26.5491,-14.5451,L
20240504OBLG0,2024,1,bottom,8,2,2번타자 박해민,62415,박해민,53259,최준호,46,1,240504_141618,T,스트라이크,134,슬라이더,0,1,True,240504_141618,1,1,-0.635633,0.7083,3.392,1.664,-121.805,-2.57326,1.93124,5.75238,50.0,-1.58413,1.51958,22.8177,-24.5308,L
20240504OBLG0,2024,1,bottom,8,2,2번타자 박해민,62415,박해민,53259,최준호,47,2,240504_141646,B,볼,145,직구,1,1,True,240504_141646,1,2,-1.48454,0.7083,3.392,1.664,-132.123,-0.499709,1.56479,5.79545,50.0,-1.64479,-5.91737,29.4082,-17.1433,L
20240504OBLG0,2024,1,bottom,8,2,2번타자 박해민,62415,박해민,53259,최준호,48,3,240504_141707,B,볼,134,슬라이더,2,1,True,240504_141707,1,3,-1.10612,0.7083,3.392,1.664,-122.492,-2.24149,1.24624,5.8153,50.0,-1.50605,-1.37558,20.2725,-28.6359,L
20240504OBLG0,2024,1,bottom,8,2,2번타자 박해민,62415,박해민,53259,최준호,49,4,240504_141730,H,타격,145,직구,2,1,True,240504_141730,1,4,0.161978,0.7083,3.392,1.664,-131.821,-6.32782,6.36703,5.58811,50.0,-1.54586,-10.1828,27.2592,-15.4452,L
20240504OBLG0,2024,1,bottom,9,3,3번타자 김현수,76290,김현수,53259,최준호,52,1,240504_141851,B,볼,131,포크,1,0,True,240504_141851,1,1,0.104856,0.7083,3.539,1.736,-118.801,-9.47292,4.24775,5.65511,50.0,-1.34646,-4.11228,21.7641,-19.5089,L
20240504OBLG0,2024,1,bottom,9,3,3번타자 김현수,76290,김현수,53259,최준호,53,2,240504_141917,T,스트라이크,145,직구,1,1,True,240504_141917,1,2,0.824798,0.7083,3.539,1.736,-132.139,-4.22445,7.13731,5.7229,50.0,-1.38223,-7.50894,27.4117,-14.1879,L
20240504OBLG0,2024,1,bottom,9,3,3번타자 김현수,76290,김현수,53259,최준호,54,3,240504_141938,H,타격,146,직구,1,1,True,240504_141938,1,3,-0.085522,0.7083,3.539,1.736,-132.683,-5.71363,5.87958,5.59785,50.0,-1.51656,-11.283,28.0667,-12.6662,L
20240504OBLG0,2024,1,bottom,10,4,4번타자 오스틴,53123,오스틴,53259,최준호,57,1,240504_142022,T,스트라이크,145,직구,0,1,True,240504_142022,1,1,0.614126,0.7083,3.411,1.673,-131.823,-5.13322,7.37762,5.63608,50.0,-1.36539,-11.8305,28.9828,-13.1787,R
20240504OBLG0,2024,1,bottom,10,4,4번타자 오스틴,53123,오스틴,53259,최준호,58,2,240504_142044,B,볼,146,직구,1,1,True,240504_142044,1,2,0.647492,0.7083,3.411,1.673,-132.919,-2.53501,7.43307,5.72581,50.0,-1.40912,-10.9024,26.8741,-13.3893,R
20240504OBLG0,2024,1,bottom,10,4,4번타자 오스틴,53123,오스틴,53259,최준호,59,3,240504_142108,H,타격,131,포크,1,1,True,240504_142108,1,3,-0.618438,0.7083,3.411,1.673,-119.646,-0.864692,3.35848,5.98527,50.0,-1.38794,-7.29995,24.5822,-28.4044,R
20240504OBLG0,2024,2,top,12,1,6번타자 라모스,52025,라모스,67143,손주영,63,1,240504_142317,B,볼,142,직구,1,0,True,240504_142317,2,1,0.970737,0.7083,3.455,1.695,-129.362,-5.20406,-1.38974,6.12579,50.0,1.41386,1.37322,25.5156,-17.0327,R
20240504OBLG0,2024,2,top,12,1,6번타자 라모스,52025,라모스,67143,손주영,64,2,240504_142331,H,타격,140,직구,1,0,True,240504_142331,2,2,-0.837323,0.7083,3.455,1.695,-127.795,-4.66005,-5.81117,6.18604,50.0,1.30184,2.40645,25.0184,-18.0612,R
20240504OBLG0,2024,2,top,13,2,7번타자 김기연,66112,김기연,67143,손주영,67,1,240504_142405,B,볼,129,슬라이더,1,0,True,240504_142405,2,1,1.88224,0.7083,3.354,1.645,-117.228,0.53007,0.477673,6.43326,50.0,1.60922,0.684274,18.7304,-25.4415,R
20240504OBLG0,2024,2,top,13,2,7번타자 김기연,66112,김기연,67143,손주영,68,2,240504_142419,B,볼,131,슬라이더,2,0,True,240504_142419,2,2,0.348089,0.7083,3.354,1.645,-119.017,-5.64919,-2.12111,6.17616,50.0,1.31248,-0.561145,20.6168,-24.4202,R
20240504OBLG0,2024,2,top,13,2,7번타자 김기연,66112,김기연,67143,손주영,69,3,240504_142433,F,파울,141,직구,2,1,True,240504_142433,2,3,0.455589,0.7083,3.354,1.645,-128.359,-4.23435,-2.91232,6.16004,50.0,1.41059,2.55328,21.1718,-20.3711,R
20240504OBLG0,2024,2,top,13,2,7번타자 김기연,66112,김기연,67143,손주영,70,4,240504_142448,F,파울,142,직구,2,2,True,240504_142448,2,4,0.555362,0.7083,3.354,1.645,-129.266,-4.31259,-2.82416,6.1334,50.0,1.39825,3.52,24.7511,-20.0345,R
20240504OBLG0,2024,2,top,13,2,7번타자 김기연,66112,김기연,67143,손주영,71,5,240504_142505,B,볼,126,포크,3,2,True,240504_142505,2,5,0.484677,0.7083,3.354,1.645,-115.22,2.62688,-1.03368,6.49344,50.0,1.08537,-1.38328,22.4146,-31.7115,R
20240504OBLG0,2024,2,top,13,2,7번타자 김기연,66112,김기연,67143,손주영,72,6,240504_142519,H,타격,144,직구,3,2,True,240504_142519,2,6,0.257116,0.7083,3.354,1.645,-130.658,-6.24703,-3.26417,6.13635,50.0,1.37531,2.13227,26.6596,-17.2039,R
20240504OBLG0,2024,2,top,14,3,8번타자 이유찬,67207,이유찬,67143,손주영,75,1,240504_142607,T,스트라이크,118,커브,0,1,True,240504_142607,2,1,-0.213333,0.7083,3.294,1.616,-107.852,-0.783636,-1.51446,6.38243,50.0,1.06745,-4.97019,17.3397,-38.2659,R
20240504OBLG0,2024,2,top,14,3,8번타자 이유찬,67207,이유찬,67143,손주영,76,2,240504_142623,T,스트라이크,128,포크,0,2,True,240504_142623,2,2,0.739067,0.7083,3.294,1.616,-116.925,-0.987453,-1.11649,6.33789,50.0,1.16316,0.719515,25.6553,-30.2483,R
20240504OBLG0,2024,2,top,14,3,8번타자 이유찬,67207,이유찬,67143,손주영,77,3,240504_142643,B,볼,129,포크,1,2,True,240504_142643,2,3,2.3818,0.7083,3.294,1.616,-117.504,-1.79583,2.39838,6.34885,50.0,1.50735,-1.79618,20.0475,-25.1596,R
20240504OBLG0,2024,2,top,14,3,8번타자 이유찬,67207,이유찬,67143,손주영,78,4,240504_142703,H,타격,129,포크,1,2,True,240504_142703,2,4,0.30929,0.7083,3.294,1.616,-117.807,-3.28732,-1.3605,6.24231,50.0,0.982624,-0.808476,23.9854,-31.5666,R
20240504OBLG0,2024,2,top,15,4,9번타자 조수행,66209,조수행,67143,손주영,81,1,240504_142746,B,볼,127,슬라이더,1,0,True,240504_142746,2,1,0.073054,0.7083,3.348,1.642,-115.582,-3.45598,-1.60238,6.30157,50.0,1.18808,-4.11895,19.7947,-33.4671,L
20240504OBLG0,2024,2,top,15,4,9번타자 조수행,66209,조수행,67143,손주영,82,2,240504_142803,H,타격,127,포크,1,0,True,240504_142803,2,2,-0.105948,0.7083,3.348,1.642,-115.276,-1.79371,-2.31869,6.31091,50.0,1.12609,-2.04561,19.487,-34.6859,L
20240504OBLG0,2024,2,bottom,17,1,5번타자 문보경,69102,문보경,53259,최준호,87,1,240504_143017,H,타격,146,직구,0,0,True,240504_143017,2,1,-0.032971,0.7083,3.368,1.652,-132.754,-6.35305,6.11243,5.56172,50.0,-1.47887,-12.3202,31.4299,-15.5006,L
20240504OBLG0,2024,2,bottom,18,2,6번타자 김범석,53144,김범석,53259,최준호,90,1,240504_143051,T,스트라이크,135,슬라이더,0,1,True,240504_143051,2,1,-0.194249,0.7083,3.322,1.63,-123.093,-0.850241,3.2067,5.88767,50.0,-1.46186,-0.745268,21.2721,-26.1051,R
20240504OBLG0,2024,2,bottom,18,2,6번타자 김범석,53144,김범석,53259,최준호,91,2,240504_143107,H,타격,133,포크,0,1,True,240504_143107,2,2,1.01515,0.7083,3.322,1.63,-120.544,-4.04974,6.52513,5.84016,50.0,-1.15653,-6.7936,25.5109,-23.4639,R
20240504OBLG0,2024,2,bottom,19,3,7번타자 오지환,79109,오지환,53259,최준호,94,1,240504_143147,B,볼,145,직구,1,0,True,240504_143147,2,1,-0.412183,0.7083,3.383,1.659,-132.314,-1.4282,4.86903,5.74331,50.0,-1.53729,-10.1871,32.0124,-16.8776,L
20240504OBLG0,2024,2,bottom,19,3,7번타자 오지환,79109,오지환,53259,최준호,95,2,240504_143202,F,파울,132,포크,1,1,True,240504_143202,2,2,0.202062,0.7083,3.383,1.659,-120.189,-1.74651,4.02449,5.81894,50.0,-1.4321,-0.969903,23.6387,-27.114,L
20240504OBLG0,2024,2,bottom,19,3,7번타자 오지환,79109,오지환,53259,최준호,96,3,240504_143220,B,볼,131,포크,2,1,True,240504_143220,2,3,-2.14161,0.7083,3.383,1.659,-119.787,3.20832,0.265588,6.11959,50.0,-1.41563,-9.1327,22.6302,-29.4242,L
20240504OBLG0,2024,2,bottom,19,3,7번타자 오지환,79109,오지환,53259,최준호,97,4,240504_143238,B,볼,145,직구,3,1,True,240504_143238,2,4,-0.357766,0.7083,3.383,1.659,-132.15,-0.421715,4.8255,5.78401,50.0,-1.49996,-9.69789,26.1553,-15.2884,L
20240504OBLG0,2024,2,bottom,19,3,7번타자 오지환,79109,오지환,53259,최준호,98,5,240504_143258,B,볼,144,직구,4,1,True,240504_143258,2,5,-0.302447,0.7083,3.383,1.659,-131.502,-0.963938,5.25757,5.75034,50.0,-1.44544,-11.9375,27.2623,-16.4207,L
20240504OBLG0,2024,2,bottom,20,4,8번타자 박동원,79365,박동원,53259,최준호,101,1,240504_143343,T,스트라이크,135,슬라이더,0,1,True,240504_143343,2,1,0.275669,0.7083,3.355,1.646,-123.281,-2.54685,4.01436,5.73031,50.0,-1.47121,0.9798,20.6729,-23.4079,R
20240504OBLG0,2024,2,bottom,20,4,8번타자 박동원,79365,박동원,53259,최준호,103,2,240504_143415,H,타격,130,포크,0,1,True,240504_143415,2,2,0.285373,0.7083,3.355,1.646,-118.301,-4.71462,6.11077,5.81807,50.0,-1.33506,-10.9298,19.8291,-23.2379,R
20240504OBLG0,2024,3,top,22,1,1번타자 정수빈,79231,정수빈,67143,손주영,107,1,240504_143642,T,스트라이크,0,,0,1,True,240504_143642,3,1,0.572777,0.7083,3.278,1.608,-114.05,0.718965,-0.58031,6.46521,50.0,1.23264,-3.96953,18.6483,-33.987,L
20240504OBLG0,2024,3,top,22,1,1번타자 정수빈,79231,정수빈,67143,손주영,108,2,240504_143654,B,볼,125,커브,1,1,True,240504_143654,3,2,-1.17414,0.7083,3.278,1.608,-116.756,-3.53555,-4.40362,6.2427,50.0,1.03273,-2.96786,17.9458,-31.5853,L
20240504OBLG0,2024,3,top,22,1,1번타자 정수빈,79231,정수빈,67143,손주영,109,3,240504_143708,B,볼,128,슬라이더,2,1,True,240504_143708,3,3,-0.775377,0.7083,3.278,1.608,-119.543,-4.42837,-3.7597,6.16033,50.0,1.00999,-1.90979,20.7884,-30.7033,L
20240504OBLG0,2024,3,top,22,1,1번타자 정수빈,79231,정수빈,67143,손주영,110,3,240504_143708,B,볼,131,슬라이더,2,1,True,240504_143708,3,3,-0.775377,0.7083,3.278,1.608,-119.543,-4.42837,-3.7597,6.16033,50.0,1.00999,-1.90979,20.7884,-30.7033,L
20240504OBLG0,2024,3,top,22,1,1번타자 정수빈,79231,정수빈,67143,손주영,111,4,240504_143722,T,스트라이크,143,직구,2,2,True,240504_143722,3,4,-0.444695,0.7083,3.278,1.608,-130.259,-3.82033,-5.22718,6.21332,50.0,1.23075,4.87047,23.3222,-20.3287,L
20240504OBLG0,2024,3,top,22,1,1번타자 정수빈,79231,정수빈,67143,손주영,112,5,240504_143737,F,파울,146,직구,2,2,True,240504_143737,3,5,-0.414315,0.7083,3.278,1.608,-132.472,-3.78571,-4.56874,6.18563,50.0,1.2046,1.95311,25.1152,-19.0299,L
20240504OBLG0,2024,3,top,22,1,1번타자 정수빈,79231,정수빈,67143,손주영,113,6,240504_143756,B,볼,144,직구,3,2,True,240504_143756,3,6,-2.1379,0.7083,3.278,1.608,-130.463,-6.32872,-8.06939,6.14966,50.0,0.923876,1.45094,26.1731,-18.9629,L
20240504OBLG0,2024,3,top,22,1,1번타자 정수빈,79231,정수빈,67143,손주영,114,7,240504_143811,H,타격,131,포크,3,2,True,240504_143811,3,7,-0.606479,0.7083,3.278,1.608,-119.134,-3.52714,-3.18674,6.24498,50.0,0.988612,-2.32686,23.6591,-31.3773,L
20240504OBLG0,2024,3,top,23,2,2번타자 전민재,68205,전민재,67143,손주영,117,1,240504_143849,F,파울,143,직구,0,1,True,240504_143849,3,1,0.163674,0.7083,3.374,1.655,-130.181,-3.29118,-2.78335,6.16892,50.0,1.40458,-1.89313,24.582,-19.4252,R
20240504OBLG0,2024,3,top,23,2,2번타자 전민재,68205,전민재,67143,손주영,118,2,240504_143906,T,스트라이크,121,커브,0,2,True,240504_143906,3,2,0.396232,0.7083,3.374,1.655,-110.255,0.675429,-0.727913,6.43604,50.0,1.12068,-3.58507,17.645,-37.8163,R
20240504OBLG0,2024,3,top,23,2,2번타자 전민재,68205,전민재,67143,손주영,119,3,240504_143921,F,파울,130,포크,0,2,True,240504_143921,3,3,0.843462,0.7083,3.374,1.655,-118.896,-1.94417,-0.126901,6.2957,50.0,1.11983,-2.33185,26.2098,-32.1821,R
20240504OBLG0,2024,3,top,23,2,2번타자 전민재,68205,전민재,67143,손주영,120,4,240504_143942,S,헛스윙,131,포크,0,3,True,240504_143942,3,4,1.11457,0.7083,3.374,1.655,-119.022,-1.13353,-0.411241,6.32675,50.0,1.06101,2.48411,21.7475,-25.0422,R
20240504OBLG0,2024,3,top,24,3,3번타자 강승호,63123,강승호,67143,손주영,123,1,240504_144009,B,볼,145,직구,1,0,True,240504_144009,3,1,-1.33635,0.7083,3.35,1.643,-131.637,-3.49864,-6.42905,6.22754,50.0,1.05536,1.49552,26.402,-19.5624,R
20240504OBLG0,2024,3,top,24,3,3번타자 강승호,63123,강승호,67143,손주영,124,2,240504_144023,B,볼,119,커브,2,0,True,240504_144023,3,2,1.29975,0.7083,3.35,1.643,-108.428,3.46284,1.13607,6.64065,50.0,1.18326,-3.77634,15.6326,-37.8688,R
20240504OBLG0,2024,3,top,24,3,3번타자 강승호,63123,강승호,67143,손주영,125,3,240504_144039,B,볼,143,직구,3,0,True,240504_144039,3,3,-0.698032,0.7083,3.35,1.643,-130.553,-2.05383,-5.27154,6.21926,50.0,1.16024,2.74352,25.5166,-20.9377,R
20240504OBLG0,2024,3,top,24,3,3번타자 강승호,63123,강승호,67143,손주영,126,4,240504_144055,H,타격,144,직구,3,0,True,240504_144055,3,4,-0.33347,0.7083,3.35,1.643,-130.789,-6.27382,-4.17869,6.07524,50.0,1.18877,1.50586,25.6943,-17.9397,R
20240504OBLG0,2024,3,bottom,26,1,9번타자 신민재,65207,신민재,53259,최준호,130,1,240504_144309,T,스트라이크,143,직구,0,1,True,240504_144309,3,1,0.883125,0.7083,3.172,1.556,-129.647,-4.81276,7.96928,5.62125,50.0,-1.4864,-10.0487,26.7305,-15.1809,L
20240504OBLG0,2024,3,bottom,26,1,9번타자 신민재,65207,신민재,53259,최준호,132,2,240504_144325,F,파울,144,직구,0,2,True,240504_144325,3,2,-0.135982,0.7083,3.172,1.556,-131.081,-6.56,5.65925,5.57666,50.0,-1.46241,-11.6079,27.0341,-12.2475,L
20240504OBLG0,2024,3,bottom,26,1,9번타자 신민재,65207,신민재,53259,최준호,133,3,240504_144344,B,볼,137,슬라이더,1,2,True,240504_144344,3,3,0.934294,0.7083,3.172,1.556,-124.69,-4.26083,6.00874,5.71747,50.0,-1.46552,-0.875608,24.1622,-24.178,L
20240504OBLG0,2024,3,bottom,26,1,9번타자 신민재,65207,신민재,53259,최준호,134,4,240504_144401,S,헛스윙,146,직구,1,3,True,240504_144401,3,4,-0.816434,0.7083,3.172,1.556,-133.023,-3.27091,4.30821,5.64208,50.0,-1.5431,-12.5722,26.6765,-15.1769,L
20240504OBLG0,2024,3,bottom,27,2,1번타자 홍창기,66108,홍창기,53259,최준호,137,1,240504_144435,B,볼,133,슬라이더,1,0,True,240504_144435,3,1,0.320145,0.7083,3.537,1.735,-120.749,0.514024,4.15757,5.93926,50.0,-1.45414,0.197138,19.36,-25.4544,L
20240504OBLG0,2024,3,bottom,27,2,1번타자 홍창기,66108,홍창기,53259,최준호,138,2,240504_144448,T,스트라이크,144,직구,1,1,True,240504_144448,3,2,-0.412179,0.7083,3.537,1.735,-131.48,-2.75773,5.44845,5.66879,50.0,-1.54396,-13.0596,26.4635,-15.2217,L
20240504OBLG0,2024,3,bottom,27,2,1번타자 홍창기,66108,홍창기,53259,최준호,139,3,240504_144503,B,볼,133,포크,2,1,True,240504_144503,3,3,-0.239301,0.7083,3.537,1.735,-120.814,-8.31215,3.63307,5.6053,50.0,-1.30321,-5.26307,18.4469,-26.2047,L
20240504OBLG0,2024,3,bottom,27,2,1번타자 홍창기,66108,홍창기,53259,최준호,140,4,240504_144524,T,스트라이크,145,직구,2,2,True,240504_144524,3,4,0.68572,0.7083,3.537,1.735,-131.648,-2.33456,7.49326,5.65626,50.0,-1.38131,-11.2247,26.1015,-16.221,L
20240504OBLG0,2024,3,bottom,27,2,1번타자 홍창기,66108,홍창기,53259,최준호,141,5,240504_144558,S,헛스윙,146,직구,2,3,True,240504_144558,3,5,0.007642,0.7083,3.537,1.735,-133.273,-1.5198,5.91334,5.70884,50.0,-1.39045,-11.8492,26.7836,-14.6429,L
20240504OBLG0,2024,3,bottom,27,2,1번타자 홍창기,62415,박해민,53259,최준호,143,1,240504_144633,T,스트라이크,0,,0,1,True,240504_144633,3,1,-0.169113,0.7083,3.392,1.664,-131.692,-6.39743,5.57977,5.4084,50.0,-1.55363,-10.376,24.5954,-16.3637,L
20240504OBLG0,2024,3,bottom,27,2,1번타자 홍창기,62415,박해민,53259,최준호,144,2,240504_144649,F,파울,145,직구,0,2,True,240504_144649,3,2,0.08335,0.7083,3.392,1.664,-121.571,-4.17053,4.14227,5.85127,50.0,-1.28749,-4.17976,19.9017,-24.3931,L
20240504OBLG0,2024,3,bottom,27,2,1번타자 홍창기,62415,박해민,53259,최준호,145,2,240504_144649,F,파울,134,포크,0,2,True,240504_144649,3,2,0.08335,0.7083,3.392,1.664,-121.571,-4.17053,4.14227,5.85127,50.0,-1.28749,-4.17976,19.9017,-24.3931,L
20240504OBLG0,2024,3,bottom,27,2,1번타자 홍창기,62415,박해민,53259,최준호,146,3,240504_144714,H,타격,135,포크,0,2,True,240504_144714,3,3,0.124358,0.7083,3.392,1.664,-122.568,-5.08323,4.21206,5.71173,50.0,-1.25531,-4.34877,21.6564,-23.8977,L
20240504OBLG0,2024,4,top,29,1,4번타자 양의지,76232,양의지,67143,손주영,151,1,240504_144929,H,타격,143,직구,0,0,True,240504_144929,4,1,-0.584733,0.7083,3.385,1.66,-129.864,-5.11456,-5.06936,6.17557,50.0,1.23108,2.33997,24.1935,-16.4786,R
20240504OBLG0,2024,4,top,30,2,5번타자 양석환,64153,양석환,67143,손주영,155,1,240504_145022,B,볼,121,커브,1,0,True,240504_145022,4,1,-0.372342,0.7083,3.465,1.699,-110.392,-3.75182,-2.6212,6.23394,50.0,1.02346,-1.66861,17.9138,-37.3453,R
20240504OBLG0,2024,4,top,30,2,5번타자 양석환,64153,양석환,67143,손주영,156,2,240504_145038,T,스트라이크,119,커브,1,1,True,240504_145038,4,2,0.781866,0.7083,3.465,1.699,-108.814,-0.01736,-0.435727,6.45126,50.0,1.15652,-1.53676,16.8589,-37.5022,R
20240504OBLG0,2024,4,top,30,2,5번타자 양석환,64153,양석환,67143,손주영,157,3,240504_145054,B,볼,133,슬라이더,2,1,True,240504_145054,4,3,-1.06995,0.7083,3.465,1.699,-120.802,-7.32715,-5.89295,6.07127,50.0,0.956889,5.32169,23.6873,-32.9897,R
20240504OBLG0,2024,4,top,30,2,5번타자 양석환,64153,양석환,67143,손주영,158,4,240504_145112,B,볼,132,슬라이더,3,1,True,240504_145112,4,4,1.09586,0.7083,3.465,1.699,-119.86,-3.88492,0.479138,6.26239,50.0,1.23518,-3.76065,21.8669,-28.3907,R
20240504OBLG0,2024,4,top,30,2,5번타자 양석환,64153,양석환,67143,손주영,159,5,240504_145130,B,볼,147,직구,4,1,True,240504_145130,4,5,0.195351,0.7083,3.465,1.699,-133.318,-9.0934,-3.30359,5.98938,50.0,1.2509,2.93539,28.3898,-14.1987,R
20240504OBLG0,2024,4,top,31,3,6번타자 라모스,52025,라모스,67143,손주영,162,1,240504_145212,T,스트라이크,131,슬라이더,0,1,True,240504_145212,4,1,0.781668,0.7083,3.455,1.695,-119.487,-1.0473,-0.738548,6.37124,50.0,1.28853,-2.02725,23.9507,-27.5972,R
20240504OBLG0,2024,4,top,31,3,6번타자 라모스,52025,라모스,67143,손주영,163,2,240504_145231,F,파울,117,커브,0,2,True,240504_145231,4,2,-0.092288,0.7083,3.455,1.695,-106.412,2.39443,-0.879452,6.55785,50.0,1.0354,-6.04759,17.4933,-42.4617,R
20240504OBLG0,2024,4,top,31,3,6번타자 라모스,52025,라모스,67143,손주영,164,3,240504_145258,H,타격,131,슬라이더,0,2,True,240504_145258,4,3,-1.25027,0.7083,3.455,1.695,-119.079,-3.57858,-4.73459,6.26277,50.0,0.931336,-1.28602,26.5849,-32.2643,R
20240504OBLG0,2024,4,top,32,4,7번타자 김기연,66112,김기연,67143,손주영,167,1,240504_145333,B,볼,131,슬라이더,1,0,True,240504_145333,4,1,1.09488,0.7083,3.354,1.645,-119.66,-3.12137,0.321594,6.29728,50.0,1.29954,-3.75662,19.3116,-28.7084,R
20240504OBLG0,2024,4,top,32,4,7번타자 김기연,66112,김기연,67143,손주영,168,2,240504_145351,F,파울,144,직구,1,1,True,240504_145351,4,2,-0.855656,0.7083,3.354,1.645,-130.992,-6.79734,-5.35065,6.09637,50.0,1.23913,-0.096399,23.815,-20.8907,R
20240504OBLG0,2024,4,top,32,4,7번타자 김기연,66112,김기연,67143,손주영,169,3,240504_145412,H,타격,130,슬라이더,1,1,True,240504_145412,4,3,0.686283,0.7083,3.354,1.645,-118.394,-2.70044,-0.498832,6.30125,50.0,1.25565,-3.80883,19.0271,-31.0929,R
20240504OBLG0,2024,4,top,33,5,8번타자 이유찬,67207,이유찬,67143,손주영,173,1,240504_145511,F,파울,131,슬라이더,0,1,True,240504_145511,4,1,-0.442699,0.7083,3.294,1.616,-119.522,-5.73062,-4.25016,6.21898,50.0,1.06409,3.55658,26.2057,-27.0676,R
20240504OBLG0,2024,4,top,33,5,8번타자 이유찬,67207,이유찬,67143,손주영,174,2,240504_145534,H,타격,118,커브,0,1,True,240504_145534,4,2,-0.447983,0.7083,3.294,1.616,-107.556,0.717439,-1.18778,6.47429,50.0,0.996214,-7.69106,18.1647,-42.3161,R
20240504OBLG0,2024,4,top,34,6,9번타자 조수행,66209,조수행,67143,손주영,180,1,240504_145650,B,볼,129,슬라이더,1,0,True,240504_145650,4,1,-0.313139,0.7083,3.348,1.642,-117.869,-4.14238,-2.60177,6.30899,50.0,1.11813,-3.08969,23.0137,-31.0772,L
20240504OBLG0,2024,4,top,34,6,9번타자 조수행,66209,조수행,67143,손주영,181,2,240504_145707,F,파울,128,슬라이더,1,1,True,240504_145707,4,2,-0.088168,0.7083,3.348,1.642,-117.036,-2.77839,-1.92765,6.30814,50.0,1.02419,-2.76648,21.4978,-33.3397,L
20240504OBLG0,2024,4,top,34,6,9번타자 조수행,66209,조수행,67143,손주영,182,3,240504_145731,H,타격,132,슬라이더,1,1,True,240504_145731,4,3,-0.691253,0.7083,3.348,1.642,-120.586,-4.25049,-3.18953,6.21571,50.0,1.03589,-4.05747,22.9583,-29.7772,L
20240504OBLG0,2024,4,bottom,36,1,3번타자 김현수,76290,김현수,53259,최준호,187,1,240504_145950,T,스트라이크,143,직구,0,1,True,240504_145950,4,1,-0.097658,0.7083,3.539,1.736,-129.845,-2.62527,5.25052,5.80205,50.0,-1.46198,-9.13602,28.4766,-14.094,L
20240504OBLG0,2024,4,bottom,36,1,3번타자 김현수,76290,김현수,53259,최준호,188,2,240504_150006,B,볼,143,직구,1,1,True,240504_150006,4,2,0.158815,0.7083,3.539,1.736,-130.105,0.987186,5.84866,5.89503,50.0,-1.56,-7.6368,29.2608,-16.5824,L
20240504OBLG0,2024,4,bottom,36,1,3번타자 김현수,76290,김현수,53259,최준호,189,3,240504_150020,H,타격,131,포크,1,1,True,240504_150020,4,3,-0.376481,0.7083,3.539,1.736,-119.032,-3.74067,4.25635,5.79214,50.0,-1.32708,-9.51788,22.7006,-22.0278,L
20240504OBLG0,2024,4,bottom,37,2,4번타자 오스틴,53123,오스틴,53259,최준호,192,1,240504_150107,B,볼,134,포크,1,0,True,240504_150107,4,1,-0.396234,0.7083,3.411,1.673,-122.204,1.85079,2.96564,5.98693,50.0,-1.59313,-0.539868,22.5707,-26.1066,R
20240504OBLG0,2024,4,bottom,37,2,4번타자 오스틴,53123,오스틴,53259,최준호,194,2,240504_150132,H,타격,136,슬라이더,1,0,True,240504_150132,4,2,0.08294,0.7083,3.411,1.673,-123.629,-2.87176,4.26671,5.85718,50.0,-1.48827,-2.32668,23.7433,-24.5858,R
20240504OBLG0,2024,4,bottom,38,3,5번타자 문보경,69102,문보경,53259,최준호,197,1,240504_150218,H,타격,134,포크,0,0,True,240504_150218,4,1,-0.645475,0.7083,3.368,1.652,-122.462,-2.52601,2.03742,5.82963,50.0,-1.51976,0.274862,20.8904,-24.2109,L
20240504OBLG0,2024,4,bottom,39,4,6번타자 김범석,53144,김범석,53259,최준호,200,1,240504_150258,B,볼,142,직구,1,0,True,240504_150258,4,1,-0.530819,0.7083,3.322,1.63,-129.7,-0.951078,4.19675,5.86286,50.0,-1.5365,-8.38987,29.1723,-15.1435,R
20240504OBLG0,2024,4,bottom,39,4,6번타자 김범석,53144,김범석,53259,최준호,201,2,240504_150319,S,헛스윙,145,직구,1,1,True,240504_150319,4,2,0.11973,0.7083,3.322,1.63,-131.81,-4.45497,5.7939,5.65922,50.0,-1.44496,-9.1673,29.4006,-14.119,R
20240504OBLG0,2024,4,bottom,39,4,6번타자 김범석,53144,김범석,53259,최준호,202,3,240504_150343,S,헛스윙,144,직구,1,2,True,240504_150343,4,3,-0.414842,0.7083,3.322,1.63,-131.423,-2.48904,4.75134,5.74632,50.0,-1.41151,-11.27,29.1437,-14.3989,R
20240504OBLG0,2024,4,bottom,39,4,6번타자 김범석,53144,김범석,53259,최준호,203,4,240504_150409,F,파울,146,직구,1,2,True,240504_150409,4,4,0.541453,0.7083,3.322,1.63,-133.01,-4.32013,6.61654,5.66552,50.0,-1.4158,-8.03233,28.2974,-14.1296,R
20240504OBLG0,2024,4,bottom,39,4,6번타자 김범석,53144,김범석,53259,최준호,204,5,240504_150435,B,볼,133,포크,2,2,True,240504_150435,4,5,1.48196,0.7083,3.322,1.63,-121.317,-3.18878,7.34387,5.8709,50.0,-1.15411,-5.31679,23.9268,-27.9068,R
20240504OBLG0,2024,4,bottom,39,4,6번타자 김범석,53144,김범석,53259,최준호,205,6,240504_150457,H,타격,138,슬라이더,2,2,True,240504_150457,4,6,0.817963,0.7083,3.322,1.63,-125.27,-5.17473,5.75502,5.64494,50.0,-1.25493,-3.29938,21.6794,-22.4574,R
20240504OBLG0,2024,5,top,41,1,1번타자 정수빈,79231,정수빈,67143,손주영,210,1,240504_150710,T,스트라이크,127,포크,0,1,True,240504_150710,5,1,-0.123178,0.7083,3.278,1.608,-115.681,-2.78516,-2.40473,6.3524,50.0,1.16497,-2.2746,19.8142,-32.1159,L
20240504OBLG0,2024,5,top,41,1,1번타자 정수빈,79231,정수빈,67143,손주영,211,2,240504_150723,B,볼,144,직구,1,1,True,240504_150723,5,2,-1.18504,0.7083,3.278,1.608,-130.806,-6.66656,-6.24152,6.14289,50.0,1.16562,1.15206,23.7791,-15.2835,L
20240504OBLG0,2024,5,top,41,1,1번타자 정수빈,79231,정수빈,67143,손주영,212,3,240504_150736,B,볼,144,직구,2,1,True,240504_150736,5,3,-1.35171,0.7083,3.278,1.608,-131.131,-6.38667,-6.67225,6.13847,50.0,1.22988,0.155745,22.1881,-18.8613,L
20240504OBLG0,2024,5,top,41,1,1번타자 정수빈,79231,정수빈,67143,손주영,213,4,240504_150750,T,스트라이크,133,슬라이더,2,2,True,240504_150750,5,4,-0.245932,0.7083,3.278,1.608,-120.941,-4.24884,-2.87333,6.21308,50.0,1.23336,-3.00764,19.2805,-28.9868,L
20240504OBLG0,2024,5,top,41,1,1번타자 정수빈,79231,정수빈,67143,손주영,214,5,240504_150804,F,파울,144,직구,2,2,True,240504_150804,5,5,-0.491443,0.7083,3.278,1.608,-131.132,-4.59079,-4.40252,6.18732,50.0,1.29006,-0.957024,21.5307,-19.856,L
20240504OBLG0,2024,5,top,41,1,1번타자 정수빈,79231,정수빈,67143,손주영,215,6,240504_150821,H,타격,131,슬라이더,2,2,True,240504_150821,5,6,0.432395,0.7083,3.278,1.608,-119.321,-4.87196,-2.89937,6.204,50.0,1.09825,6.28257,21.5267,-31.1486,L
20240504OBLG0,2024,5,top,42,2,2번타자 전민재,68205,전민재,67143,손주영,218,1,240504_150853,T,스트라이크,143,직구,0,1,True,240504_150853,5,1,0.332267,0.7083,3.374,1.655,-130.503,-5.14314,-3.16454,6.13492,50.0,1.34815,2.88363,21.8937,-19.2712,R
20240504OBLG0,2024,5,top,42,2,2번타자 전민재,68205,전민재,67143,손주영,219,2,240504_150906,B,볼,143,직구,1,1,True,240504_150906,5,2,-0.617104,0.7083,3.374,1.655,-130.183,-2.34266,-5.23122,6.25858,50.0,1.26338,2.11474,19.869,-22.1543,R
20240504OBLG0,2024,5,top,43,3,3번타자 강승호,63123,강승호,67143,손주영,222,1,240504_150955,T,스트라이크,0,,0,1,True,240504_150955,5,1,-0.393492,0.7083,3.35,1.643,-107.653,2.49726,-1.84253,6.5683,50.0,1.10804,-5.49052,17.7101,-40.1509,R
20240504OBLG0,2024,5,top,43,3,3번타자 강승호,63123,강승호,67143,손주영,223,2,240504_151007,F,파울,118,커브,0,2,True,240504_151007,5,2,-0.152552,0.7083,3.35,1.643,-120.417,-4.80321,-2.90077,6.22852,50.0,1.15662,-0.857578,20.4578,-25.0106,R
20240504OBLG0,2024,5,top,43,3,3번타자 강승호,63123,강승호,67143,손주영,224,3,240504_151028,B,볼,132,슬라이더,1,2,True,240504_151028,5,3,-0.148452,0.7083,3.35,1.643,-121.134,-8.27116,-3.3814,6.04545,50.0,1.03385,2.83258,24.8274,-28.5926,R
20240504OBLG0,2024,5,top,43,3,3번타자 강승호,63123,강승호,67143,손주영,225,4,240504_151046,F,파울,133,슬라이더,1,2,True,240504_151046,5,4,0.037016,0.7083,3.35,1.643,-119.54,-2.76112,-3.1021,6.25995,50.0,1.01637,3.80107,20.2709,-31.3005,R
20240504OBLG0,2024,5,top,43,3,3번타자 강승호,63123,강승호,67143,손주영,226,5,240504_151106,S,헛스윙,131,슬라이더,1,3,True,240504_151106,5,5,0.59577,0.7083,3.35,1.643,-132.008,-3.69853,-2.58925,6.2335,50.0,1.37666,2.96545,25.0181,-19.1654,R
20240504OBLG0,2024,5,bottom,46,1,7번타자 오지환,79109,오지환,53259,최준호,231,1,240504_151306,H,타격,143,직구,0,0,True,240504_151306,5,1,0.137395,0.7083,3.383,1.659,-130.195,-5.47322,6.36153,5.56243,50.0,-1.52382,-10.9657,30.2771,-16.1167,L
20240504OBLG0,2024,5,bottom,47,2,8번타자 박동원,79365,박동원,53259,최준호,234,1,240504_151409,T,스트라이크,147,직구,0,1,True,240504_151409,5,1,0.860472,0.7083,3.355,1.646,-133.349,-5.93801,8.06847,5.61442,50.0,-1.39612,-11.6559,34.0451,-12.1462,R
20240504OBLG0,2024,5,bottom,47,2,8번타자 박동원,79365,박동원,53259,최준호,235,2,240504_151428,B,볼,147,직구,1,1,True,240504_151428,5,2,1.8585,0.7083,3.355,1.646,-133.266,-7.1385,9.66752,5.51111,50.0,-1.32229,-7.60322,32.5914,-13.4814,R
20240504OBLG0,2024,5,bottom,47,2,8번타자 박동원,79365,박동원,53259,최준호,236,3,240504_151446,B,볼,137,슬라이더,2,1,True,240504_151446,5,3,1.52021,0.7083,3.355,1.646,-124.405,-7.23369,6.84513,5.64421,50.0,-1.2993,0.00435,22.9201,-22.0119,R
20240504OBLG0,2024,5,bottom,47,2,8번타자 박동원,79365,박동원,53259,최준호,237,4,240504_151512,H,타격,147,직구,2,1,True,240504_151512,5,4,-0.522562,0.7083,3.355,1.646,-133.409,-3.91514,4.02408,5.65784,50.0,-1.43111,-8.66648,31.7255,-17.3536,R
20240504OBLG0,2024,5,bottom,48,3,9번타자 신민재,65207,신민재,53259,최준호,240,1,240504_151603,H,타격,136,슬라이더,0,0,True,240504_151603,5,1,-0.084237,0.7083,3.172,1.556,-123.464,-3.41806,3.52537,5.7835,50.0,-1.54747,0.109399,19.1292,-23.5622,L
20240504OBLG0,2024,5,bottom,49,4,1번타자 홍창기,66108,홍창기,53259,최준호,245,1,240504_151749,B,볼,143,직구,1,0,True,240504_151749,5,1,-0.487683,0.7083,3.537,1.735,-130.548,-0.567779,4.82196,5.88707,50.0,-1.51621,-11.231,29.2027,-15.3199,L
20240504OBLG0,2024,5,bottom,49,4,1번타자 홍창기,66108,홍창기,53259,최준호,246,2,240504_151811,B,볼,143,직구,2,0,True,240504_151811,5,2,-1.05062,0.7083,3.537,1.735,-129.885,-3.55619,2.67048,5.72485,50.0,-1.8152,-3.76768,30.5002,-13.6726,L
20240504OBLG0,2024,5,bottom,49,4,1번타자 홍창기,66108,홍창기,53259,최준호,247,3,240504_151839,T,스트라이크,144,직구,2,1,True,240504_151839,5,3,-0.109786,0.7083,3.537,1.735,-130.641,-5.80043,5.59846,5.62297,50.0,-1.60364,-9.11882,24.8889,-16.8477,L
20240504OBLG0,2024,5,bottom,49,4,1번타자 홍창기,66108,홍창기,53259,최준호,248,4,240504_151946,B,볼,143,직구,3,1,True,240504_151946,5,4,-2.03923,0.7083,3.537,1.735,-130.565,-2.55609,1.03306,5.73911,50.0,-1.7991,-8.37555,25.695,-15.8189,L
20240504OBLG0,2024,5,bottom,49,4,1번타자 홍창기,66108,홍창기,53259,최준호,249,5,240504_152018,B,볼,142,직구,4,1,True,240504_152018,5,5,-1.72745,0.7083,3.537,1.735,-129.585,-0.104351,1.85996,5.84849,50.0,-1.72959,-9.34766,27.0228,-15.9033,L
20240504OBLG0,2024,5,bottom,50,5,2번타자 박해민,62415,박해민,53259,최준호,253,1,240504_152143,H,타격,136,슬라이더,0,0,True,240504_152143,5,1,0.165931,0.7083,3.392,1.664,-123.804,-6.33673,4.88087,5.68264,50.0,-1.6483,-2.44955,24.1019,-21.7505,L
20240504OBLG0,2024,5,bottom,51,6,3번타자 김현수,76290,김현수,52204,이병헌,259,1,240504_152455,F,파울,133,슬라이더,0,1,True,240504_152455,5,1,-0.389981,0.7083,3.539,1.736,-120.978,-2.14188,-5.53363,5.27919,50.0,2.11231,-1.84719,20.2998,-29.8381,L
20240504OBLG0,2024,5,bottom,51,6,3번타자 김현수,76290,김현수,52204,이병헌,260,2,240504_152525,B,볼,130,슬라이더,1,1,True,240504_152525,5,2,-2.6092,0.7083,3.539,1.736,-118.341,-2.56393,-10.2494,5.28063,50.0,1.87363,-0.752519,17.9325,-31.1435,L
20240504OBLG0,2024,5,bottom,51,6,3번타자 김현수,76290,김현수,52204,이병헌,261,3,240504_152550,H,타격,146,직구,1,1,True,240504_152550,5,3,0.152626,0.7083,3.539,1.736,-133.149,-3.6422,-6.24473,5.36999,50.0,1.95973,8.06989,27.0991,-15.2285,L
20240504OBLG0,2024,5,bottom,52,7,4번타자 오스틴,53123,오스틴,52204,이병헌,265,1,240504_152701,B,볼,0,,1,0,True,240504_152701,5,1,2.09181,0.7083,3.411,1.673,-131.359,-2.0692,-2.45659,5.44126,50.0,2.20636,11.0545,27.8877,-20.0725,R
20240504OBLG0,2024,5,bottom,52,7,4번타자 오스틴,53123,오스틴,52204,이병헌,266,1,240504_152701,B,볼,144,직구,1,0,True,240504_152701,5,1,2.09181,0.7083,3.411,1.673,-131.359,-2.0692,-2.45659,5.44126,50.0,2.20636,11.0545,27.8877,-20.0725,R
20240504OBLG0,2024,5,bottom,52,7,4번타자 오스틴,53123,오스틴,52204,이병헌,267,2,240504_152724,T,스트라이크,147,직구,1,1,True,240504_152724,5,2,0.149166,0.7083,3.411,1.673,-133.733,-4.94281,-6.55519,5.46544,50.0,1.86381,10.8936,28.3967,-16.6632,R
20240504OBLG0,2024,5,bottom,52,7,4번타자 오스틴,53123,오스틴,52204,이병헌,268,3,240504_152801,S,헛스윙,147,직구,1,2,True,240504_152801,5,3,0.410074,0.7083,3.411,1.673,-133.243,-1.83691,-6.3348,5.49462,50.0,1.92699,12.4543,28.1893,-15.3699,R
20240504OBLG0,2024,5,bottom,52,7,4번타자 오스틴,53123,오스틴,52204,이병헌,271,4,240504_152829,F,파울,147,직구,1,2,True,240504_152829,5,4,-0.300397,0.7083,3.411,1.673,-133.564,-2.40119,-8.24542,5.46433,50.0,1.92314,12.8376,28.9811,-19.8929,R
20240504OBLG0,2024,5,bottom,52,7,4번타자 오스틴,53123,오스틴,52204,이병헌,272,5,240504_152904,H,타격,132,슬라이더,1,2,True,240504_152904,5,5,1.33661,0.7083,3.411,1.673,-120.174,-3.76553,-3.57937,5.32205,50.0,2.06594,8.76442,22.6183,-28.0248,R
20240504OBLG0,2024,6,top,54,1,4번타자 양의지,76232,양의지,67143,손주영,277,1,240504_153327,T,스트라이크,119,커브,0,1,True,240504_153327,6,1,-0.390795,0.7083,3.385,1.66,-108.218,-0.128555,-2.66131,6.45488,50.0,1.21322,-3.06365,17.4882,-34.2899,R
20240504OBLG0,2024,6,top,54,1,4번타자 양의지,76232,양의지,67143,손주영,278,2,240504_153339,B,볼,130,슬라이더,1,1,True,240504_153339,6,2,0.768109,0.7083,3.385,1.66,-118.177,-5.94732,-1.35437,6.05619,50.0,1.26015,1.02767,22.5098,-31.0901,R
20240504OBLG0,2024,6,top,54,1,4번타자 양의지,76232,양의지,67143,손주영,279,3,240504_153356,T,스트라이크,129,슬라이더,1,2,True,240504_153356,6,3,0.747094,0.7083,3.385,1.66,-117.158,-1.68348,-0.994401,6.31303,50.0,1.44921,-2.78198,20.9478,-28.4471,R
20240504OBLG0,2024,6,top,54,1,4번타자 양의지,76232,양의지,67143,손주영,280,4,240504_153412,B,볼,131,슬라이더,2,2,True,240504_153412,6,4,0.34039,0.7083,3.385,1.66,-118.937,-6.40232,-2.07981,6.14679,50.0,1.17033,0.772315,24.7296,-30.6479,R
20240504OBLG0,2024,6,top,54,1,4번타자 양의지,76232,양의지,67143,손주영,281,5,240504_153432,H,타격,145,직구,2,2,True,240504_153432,6,5,-0.641131,0.7083,3.385,1.66,-131.437,-6.68322,-6.21666,6.07282,50.0,1.27503,6.6928,26.1745,-18.3944,R
20240504OBLG0,2024,6,top,55,2,5번타자 양석환,64153,양석환,67143,손주영,284,1,240504_153520,F,파울,132,슬라이더,0,1,True,240504_153520,6,1,0.025734,0.7083,3.465,1.699,-119.946,-4.20876,-2.2792,6.1805,50.0,1.2464,-2.76057,19.6227,-27.7332,R
20240504OBLG0,2024,6,top,55,2,5번타자 양석환,64153,양석환,67143,손주영,285,2,240504_153544,H,타격,130,슬라이더,0,1,True,240504_153544,6,2,0.394822,0.7083,3.465,1.699,-118.861,-1.22764,-0.844781,6.30217,50.0,1.27069,-5.54936,19.5138,-29.619,R
20240504OBLG0,2024,6,top,56,3,6번타자 라모스,52025,라모스,67143,손주영,288,1,240504_153627,S,헛스윙,145,직구,0,1,True,240504_153627,6,1,0.621998,0.7083,3.455,1.695,-131.903,-7.17903,-3.15719,6.10422,50.0,1.41203,5.80565,28.717,-12.2711,R
20240504OBLG0,2024,6,top,56,3,6번타자 라모스,52025,라모스,67143,손주영,289,2,240504_153644,H,타격,146,직구,0,1,True,240504_153644,6,2,0.243678,0.7083,3.455,1.695,-132.95,-4.28218,-3.48464,6.19617,50.0,1.43576,1.9753,23.6442,-18.7705,R
20240504OBLG0,2024,6,top,57,4,7번타자 김기연,66112,김기연,67143,손주영,294,1,240504_153746,B,볼,132,슬라이더,1,0,True,240504_153746,6,1,0.01991,0.7083,3.354,1.645,-119.779,-7.05053,-3.90182,6.05912,50.0,1.13345,6.05997,20.2582,-30.4116,R
20240504OBLG0,2024,6,top,57,4,7번타자 김기연,66112,김기연,67143,손주영,295,2,240504_153810,H,타격,146,직구,1,0,True,240504_153810,6,2,0.130787,0.7083,3.354,1.645,-132.548,-7.24828,-3.87458,6.05541,50.0,1.28174,4.5877,22.869,-16.2336,R
20240504OBLG0,2024,6,top,58,5,8번타자 이유찬,67207,이유찬,67143,손주영,300,2,240504_154126,B,볼,145,직구,2,0,True,240504_154126,6,2,-0.983746,0.7083,3.294,1.616,-133.073,-9.09631,-5.93085,6.05606,50.0,1.22528,1.03845,26.9751,-14.0509,R
20240504OBLG0,2024,6,top,58,5,8번타자 이유찬,67207,이유찬,67143,손주영,301,3,240504_154147,S,헛스윙,147,직구,2,1,True,240504_154147,6,3,0.557717,0.7083,3.294,1.616,-120.889,-2.92817,-1.54626,6.30657,50.0,1.19398,0.194984,20.3051,-26.6417,R
20240504OBLG0,2024,6,top,58,5,8번타자 이유찬,67207,이유찬,67143,손주영,302,4,240504_154207,F,파울,133,슬라이더,2,2,True,240504_154207,6,4,-0.871441,0.7083,3.294,1.616,-131.964,-6.33994,-5.34467,6.12935,50.0,1.10913,1.28103,26.469,-16.3719,R
20240504OBLG0,2024,6,top,58,5,8번타자 이유찬,67207,이유찬,67143,손주영,303,5,240504_154232,F,파울,145,직구,2,2,True,240504_154232,6,5,-1.15783,0.7083,3.294,1.616,-132.421,-7.19695,-6.61589,6.13337,50.0,1.00813,5.07551,21.0106,-22.804,R
20240504OBLG0,2024,6,top,58,5,8번타자 이유찬,67207,이유찬,67143,손주영,304,6,240504_154256,F,파울,146,직구,2,2,True,240504_154256,6,6,-0.203113,0.7083,3.294,1.616,-119.289,-1.87781,-3.09541,6.45687,50.0,0.995723,1.38699,19.7622,-26.1222,R
20240504OBLG0,2024,6,top,58,5,8번타자 이유찬,67207,이유찬,67143,손주영,305,7,240504_154323,F,파울,131,포크,2,2,True,240504_154323,6,7,-0.405868,0.7083,3.294,1.616,-120.566,-4.7015,-4.58857,6.21935,50.0,0.903187,7.13901,24.4576,-29.3056,R
20240504OBLG0,2024,6,top,58,5,8번타자 이유찬,67207,이유찬,67143,손주영,306,8,240504_154348,H,타격,132,슬라이더,2,2,True,240504_154348,6,8,-0.547166,0.7083,3.294,1.616,-134.601,-7.71844,-5.32773,6.10387,50.0,1.18358,4.01512,23.9302,-16.4472,R
20240504OBLG0,2024,6,bottom,61,1,5번타자 문보경,69102,문보경,52204,이병헌,312,1,240504_154617,T,스트라이크,134,슬라이더,0,1,True,240504_154617,6,1,-0.600578,0.7083,3.368,1.652,-121.622,0.469533,-6.34794,5.42604,50.0,2.10325,-0.40939,20.5984,-28.3924,L
20240504OBLG0,2024,6,bottom,61,1,5번타자 문보경,69102,문보경,52204,이병헌,313,2,240504_154631,S,헛스윙,131,슬라이더,0,2,True,240504_154631,6,2,-0.594305,0.7083,3.368,1.652,-118.868,-3.82852,-6.59323,5.05591,50.0,2.27533,-0.44282,18.5721,-28.4809,L
20240504OBLG0,2024,6,bottom,61,1,5번타자 문보경,69102,문보경,52204,이병헌,314,3,240504_154659,H,타격,133,슬라이더,0,2,True,240504_154659,6,3,0.094793,0.7083,3.368,1.652,-121.49,-3.21005,-4.16473,5.21789,50.0,2.15648,-3.42494,22.0258,-27.6922,L
20240504OBLG0,2024,6,bottom,62,2,6번타자 김범석,53144,김범석,52204,이병헌,317,1,-1,B,볼,145,직구,1,0,False,,,,,,,,,,,,,,,,,
20240504OBLG0,2024,6,bottom,62,2,6번타자 김범석,53144,김범석,52204,이병헌,318,2,240504_154758,B,볼,147,직구,2,0,True,240504_154758,6,2,1.73003,0.7083,3.322,1.63,-134.056,-2.1906,-3.05443,5.50027,50.0,2.11608,10.6705,29.8601,-16.2549,R
20240504OBLG0,2024,6,bottom,62,2,6번타자 김범석,53144,김범석,52204,이병헌,319,3,240504_154822,B,볼,135,슬라이더,3,0,True,240504_154822,6,3,1.12505,0.7083,3.322,1.63,-122.491,-6.4538,-5.22017,5.22554,50.0,2.06454,14.2112,23.6589,-22.3011,R
20240504OBLG0,2024,6,bottom,62,2,6번타자 김범석,53144,김범석,52204,이병헌,320,4,240504_154846,B,볼,132,슬라이더,4,0,True,240504_154846,6,4,0.762958,0.7083,3.322,1.63,-119.894,4.80667,-2.61263,5.69692,50.0,2.20417,-3.64365,18.9471,-31.1496,R
20240504OBLG0,2024,6,bottom,63,3,7번타자 오지환,79109,오지환,52204,이병헌,324,1,240504_154935,S,헛스윙,130,슬라이더,0,1,True,240504_154935,6,1,-0.442369,0.7083,3.383,1.659,-117.968,-1.68246,-4.13493,5.36937,50.0,2.05504,-7.3748,21.5453,-28.1759,L
20240504OBLG0,2024,6,bottom,63,3,7번타자 오지환,79109,오지환,52204,이병헌,325,2,240504_154956,F,파울,145,직구,0,2,True,240504_154956,6,2,-0.336572,0.7083,3.383,1.659,-131.808,-3.88473,-7.43671,5.39022,50.0,1.86555,9.23782,29.582,-14.7539,L
20240504OBLG0,2024,6,bottom,63,3,7번타자 오지환,79109,오지환,52204,이병헌,327,3,240504_155113,B,볼,135,슬라이더,1,2,True,240504_155113,6,3,-1.19203,0.7083,3.383,1.659,-122.935,-5.00588,-7.52793,5.2239,50.0,2.04295,-1.1867,21.484,-29.1925,L
20240504OBLG0,2024,6,bottom,63,3,7번타자 오지환,79109,오지환,52204,이병헌,328,4,240504_155135,B,볼,132,슬라이더,2,2,True,240504_155135,6,4,-2.1161,0.7083,3.383,1.659,-119.716,-1.88726,-8.48133,5.38623,50.0,1.93806,-4.47971,22.8502,-32.1929,L
20240504OBLG0,2024,6,bottom,63,3,7번타자 오지환,79109,오지환,52204,이병헌,329,5,240504_155158,H,타격,146,직구,2,2,True,240504_155158,6,5,1.25219,0.7083,3.383,1.659,-132.822,-3.90832,-5.20994,5.39762,50.0,2.30363,12.8717,22.1322,-17.7454,L
20240504OBLG0,2024,7,top,65,1,9번타자 조수행,66209,조수행,64596,김유영,336,1,240504_155428,W,번트파울,142,직구,0,1,True,240504_155428,7,1,1.56173,0.7083,3.348,1.642,-129.553,-0.880494,-1.61612,5.52095,50.0,1.69393,6.4815,24.9759,-17.1206,L
20240504OBLG0,2024,7,top,65,1,9번타자 조수행,66209,조수행,64596,김유영,337,2,240504_155505,V,헛스윙,131,슬라이더,0,2,True,240504_155505,7,2,-1.33856,0.7083,3.348,1.642,-118.887,-2.2212,-6.25484,5.60344,50.0,1.31119,0.604407,22.9475,-31.3187,L
20240504OBLG0,2024,7,top,65,1,9번타자 조수행,66209,조수행,64596,김유영,338,3,240504_155532,H,타격,124,체인지업,0,2,True,240504_155532,7,3,-0.861491,0.7083,3.348,1.642,-112.919,-1.22836,-4.28585,5.34704,50.0,1.85924,-7.27351,22.4728,-36.4143,L
20240504OBLG0,2024,7,top,65,1,9번타자 조수행,79231,정수빈,64596,김유영,340,1,240504_155608,T,스트라이크,0,,0,1,True,240504_155608,7,1,0.061081,0.7083,3.278,1.608,-117.284,-1.002,-3.53427,5.57704,50.0,1.64578,-0.417241,20.6597,-33.2171,L
20240504OBLG0,2024,7,top,65,1,9번타자 조수행,79231,정수빈,64596,김유영,341,2,240504_155626,T,스트라이크,129,슬라이더,0,2,True,240504_155626,7,2,0.148842,0.7083,3.278,1.608,-112.63,0.451246,-1.59409,5.48974,50.0,1.8903,-9.65673,21.624,-35.9202,L
20240504OBLG0,2024,7,top,65,1,9번타자 조수행,79231,정수빈,64596,김유영,342,3,240504_155644,F,파울,124,체인지업,0,2,True,240504_155644,7,3,-1.17841,0.7083,3.278,1.608,-119.367,-0.163206,-5.53405,5.50886,50.0,1.31923,-1.32506,21.1433,-37.2511,L
20240504OBLG0,2024,7,top,65,1,9번타자 조수행,79231,정수빈,64596,김유영,343,4,240504_155711,B,볼,131,슬라이더,1,2,True,240504_155711,7,4,-1.41412,0.7083,3.278,1.608,-119.444,-1.04837,-6.49556,5.49507,50.0,1.3462,0.327258,21.9131,-32.3413,L
20240504OBLG0,2024,7,top,65,1,9번타자 조수행,79231,정수빈,64596,김유영,344,5,240504_155732,F,파울,131,슬라이더,1,2,True,240504_155732,7,5,0.402034,0.7083,3.278,1.608,-129.677,-2.06641,-4.31603,5.35589,50.0,1.45332,8.39311,26.6291,-16.6903,L
20240504OBLG0,2024,7,top,65,1,9번타자 조수행,79231,정수빈,64596,김유영,345,6,240504_155757,B,볼,142,직구,2,2,True,240504_155757,7,6,1.266,0.7083,3.278,1.608,-113.1,3.99423,0.242227,5.66975,50.0,2.01021,-8.30553,19.4399,-34.8862,L
20240504OBLG0,2024,7,top,65,1,9번타자 조수행,79231,정수빈,64596,김유영,346,7,240504_155818,F,파울,124,커브,2,2,True,240504_155818,7,7,0.504271,0.7083,3.278,1.608,-117.556,-0.029634,-2.18728,5.49046,50.0,1.52064,-0.653533,20.9277,-36.6628,L
20240504OBLG0,2024,7,top,65,1,9번타자 조수행,79231,정수빈,64596,김유영,347,8,240504_155843,B,볼,129,슬라이더,3,2,True,240504_155843,7,8,-1.48485,0.7083,3.278,1.608,-121.219,-6.15901,-6.25307,5.09865,50.0,1.27421,-1.31578,21.4931,-31.909,L
20240504OBLG0,2024,7,top,65,1,9번타자 조수행,79231,정수빈,64596,김유영,348,9,240504_155908,B,볼,133,슬라이더,4,2,True,240504_155908,7,9,0.831087,0.7083,3.278,1.608,-130.055,0.327344,-3.35314,5.29607,50.0,1.5241,8.09196,24.6582,-21.0504,L
20240504OBLG0,2024,7,top,66,2,2번타자 전민재,68205,전민재,64596,김유영,352,1,240504_155955,H,타격,141,직구,0,0,True,240504_155955,7,1,0.979811,0.7083,3.374,1.655,-128.636,-4.13209,-3.73628,5.18925,50.0,1.77726,8.7093,25.1988,-19.0461,R
20240504OBLG0,2024,7,top,67,3,3번타자 강승호,63123,강승호,64596,김유영,356,1,240504_160041,T,스트라이크,132,슬라이더,0,1,True,240504_160041,7,1,0.484566,0.7083,3.35,1.643,-119.859,0.558359,-2.63213,5.65619,50.0,1.67911,-0.739929,22.0113,-31.796,R
20240504OBLG0,2024,7,top,67,3,3번타자 강승호,63123,강승호,64596,김유영,357,2,240504_160104,B,볼,132,슬라이더,1,1,True,240504_160104,7,2,1.67328,0.7083,3.35,1.643,-120.102,3.40023,-2.21681,5.83346,50.0,1.62951,10.8912,20.577,-32.6398,R
20240504OBLG0,2024,7,top,67,3,3번타자 강승호,63123,강승호,64596,김유영,358,3,240504_160130,S,헛스윙,132,슬라이더,1,2,True,240504_160130,7,3,-0.962196,0.7083,3.35,1.643,-120.474,-3.98079,-6.12014,5.46129,50.0,1.45809,2.11349,23.5136,-29.5613,R
20240504OBLG0,2024,7,top,67,3,3번타자 강승호,63123,강승호,64596,김유영,359,4,240504_160201,B,볼,142,직구,2,2,True,240504_160201,7,4,-0.137645,0.7083,3.35,1.643,-129.457,0.730258,-6.88972,5.44016,50.0,1.55574,13.1804,23.7937,-17.6723,R
20240504OBLG0,2024,7,top,67,3,3번타자 강승호,63123,강승호,64596,김유영,360,5,240504_160226,S,헛스윙,133,슬라이더,2,3,True,240504_160226,7,5,-0.639666,0.7083,3.35,1.643,-120.782,-4.04142,-4.64424,5.32862,50.0,1.42005,-0.836654,25.1183,-30.2405,R
20240504OBLG0,2024,7,bottom,69,1,8번타자 박동원,79365,박동원,54263,김택연,365,1,240504_160530,S,헛스윙,130,슬라이더,0,1,True,240504_160530,7,1,0.473164,0.7083,3.355,1.646,-118.004,-1.71508,5.32514,5.78443,50.0,-1.76856,-0.58279,17.0503,-33.441,R
20240504OBLG0,2024,7,bottom,69,1,8번타자 박동원,79365,박동원,54263,김택연,366,2,240504_160545,B,볼,133,슬라이더,1,1,True,240504_160545,7,2,0.874853,0.7083,3.355,1.646,-120.363,-8.04472,6.0943,5.55449,50.0,-1.67714,-0.384219,19.9152,-29.52,R
20240504OBLG0,2024,7,bottom,69,1,8번타자 박동원,79365,박동원,54263,김택연,367,3,240504_160604,B,볼,147,직구,2,1,True,240504_160604,7,3,0.968993,0.7083,3.355,1.646,-133.744,-10.0045,7.80361,5.58068,50.0,-1.54359,-6.55367,27.7671,-7.75756,R
20240504OBLG0,2024,7,bottom,69,1,8번타자 박동원,79365,박동원,54263,김택연,368,4,240504_160620,F,파울,148,직구,2,2,True,240504_160620,7,4,0.896769,0.7083,3.355,1.646,-134.725,-5.01163,7.57575,5.72468,50.0,-1.57617,-5.68941,27.9323,-10.0097,R
20240504OBLG0,2024,7,bottom,69,1,8번타자 박동원,79365,박동원,54263,김택연,369,5,240504_160642,B,볼,134,슬라이더,3,2,True,240504_160642,7,5,-0.359246,0.7083,3.355,1.646,-122.225,2.07257,3.34602,5.92983,50.0,-1.69518,-0.813017,24.1436,-33.3156,R
20240504OBLG0,2024,7,bottom,69,1,8번타자 박동원,79365,박동원,54263,김택연,370,6,240504_160702,F,파울,147,직구,3,2,True,240504_160702,7,6,0.083436,0.7083,3.355,1.646,-133.489,-5.34607,4.99397,5.72039,50.0,-1.55819,-3.81177,29.0345,-10.7695,R
20240504OBLG0,2024,7,bottom,69,1,8번타자 박동원,79365,박동원,54263,김택연,371,7,240504_160728,B,볼,147,직구,4,2,True,240504_160728,7,7,0.568564,0.7083,3.355,1.646,-133.408,-8.48572,6.31421,5.60044,50.0,-1.52169,-4.59172,27.7845,-11.4435,R
20240504OBLG0,2024,7,bottom,70,2,9번타자 신민재,65207,신민재,54263,김택연,374,1,240504_160829,B,볼,142,직구,1,0,True,240504_160829,7,1,1.22254,0.7083,3.172,1.556,-129.498,0.319941,8.83597,5.87219,50.0,-1.7367,-6.92484,26.1598,-15.2894,L
20240504OBLG0,2024,7,bottom,70,2,9번타자 신민재,65207,신민재,54263,김택연,375,2,240504_160902,B,볼,145,직구,2,0,True,240504_160902,7,2,1.99518,0.7083,3.172,1.556,-131.35,-6.85168,11.1403,5.68074,50.0,-1.52209,-11.1216,29.6923,-10.2907,L
20240504OBLG0,2024,7,bottom,70,2,9번타자 신민재,65207,신민재,54263,김택연,376,3,240504_160936,H,타격,145,직구,2,0,True,240504_160936,7,3,0.362903,0.7083,3.172,1.556,-131.542,-6.82769,7.35911,5.69627,50.0,-1.74212,-10.1434,29.3918,-12.2011,L
20240504OBLG0,2024,7,bottom,71,3,1번타자 홍창기,66108,홍창기,54263,김택연,380,1,240504_161023,F,파울,147,직구,0,1,True,240504_161023,7,1,0.07249,0.7083,3.537,1.735,-133.431,-4.51015,5.78449,5.83376,50.0,-1.73078,-5.71139,27.8344,-11.2046,L
20240504OBLG0,2024,7,bottom,71,3,1번타자 홍창기,66108,홍창기,54263,김택연,382,2,240504_161049,T,스트라이크,147,직구,0,2,True,240504_161049,7,2,-0.596985,0.7083,3.537,1.735,-133.76,-6.83298,3.97884,5.62802,50.0,-1.76495,-4.8762,27.7906,-11.4731,L
20240504OBLG0,2024,7,bottom,71,3,1번타자 홍창기,66108,홍창기,54263,김택연,383,3,240504_161110,B,볼,146,직구,1,2,True,240504_161110,7,3,0.138399,0.7083,3.537,1.735,-132.643,-1.50107,6.28986,5.82978,50.0,-1.76946,-7.09879,29.6731,-14.0047,L
20240504OBLG0,2024,7,bottom,71,3,1번타자 홍창기,66108,홍창기,54263,김택연,384,4,240504_161135,B,볼,147,직구,2,2,True,240504_161135,7,4,-1.14373,0.7083,3.537,1.735,-133.783,-7.87601,2.85244,5.62082,50.0,-1.84292,-5.39514,31.6795,-9.59961,L
20240504OBLG0,2024,7,bottom,71,3,1번타자 홍창기,66108,홍창기,54263,김택연,385,6,240504_161253,B,볼,146,직구,4,2,True,240504_161253,7,6,0.610255,0.7083,3.537,1.735,-133.146,-9.70804,7.05789,5.53407,50.0,-1.58165,-7.28969,32.286,-8.87015,L
20240504OBLG0,2024,7,bottom,72,4,2번타자 박해민,62415,박해민,54263,김택연,389,1,240504_161419,S,헛스윙,0,,0,1,True,240504_161419,7,1,-0.410976,0.7083,3.392,1.664,-118.65,-3.06034,5.71633,5.83229,50.0,-1.69366,-12.7175,20.6852,-22.9889,L
20240504OBLG0,2024,7,bottom,72,4,2번타자 박해민,62415,박해민,54263,김택연,390,1,240504_161419,S,헛스윙,130,슬라이더,0,1,True,240504_161419,7,1,-0.410976,0.7083,3.392,1.664,-118.65,-3.06034,5.71633,5.83229,50.0,-1.69366,-12.7175,20.6852,-22.9889,L
20240504OBLG0,2024,7,bottom,72,4,2번타자 박해민,62415,박해민,54263,김택연,391,2,240504_161444,B,볼,132,슬라이더,1,1,True,240504_161444,7,2,0.300372,0.7083,3.392,1.664,-120.266,-7.86819,7.10565,5.54682,50.0,-1.65283,-11.8123,20.2232,-21.514,L
20240504OBLG0,2024,7,bottom,72,4,2번타자 박해민,62415,박해민,54263,김택연,392,3,240504_161514,F,파울,146,직구,1,2,True,240504_161514,7,3,1.52521,0.7083,3.392,1.664,-132.364,-3.94593,7.92468,5.72002,50.0,-1.5482,-0.070362,28.2462,-11.7163,L
20240504OBLG0,2024,7,bottom,72,4,2번타자 박해민,62415,박해민,54263,김택연,393,4,240504_161547,B,볼,145,직구,2,2,True,240504_161547,7,4,-0.255663,0.7083,3.392,1.664,-132.118,-2.28218,4.97256,5.83044,50.0,-1.72139,-6.28092,31.9389,-12.7489,L
20240504OBLG0,2024,7,bottom,72,4,2번타자 박해민,62415,박해민,54263,김택연,394,5,240504_161608,H,타격,133,슬라이더,2,2,True,240504_161608,7,5,-0.424956,0.7083,3.392,1.664,-121.014,-1.46428,4.93709,5.8191,50.0,-1.59575,-10.2828,26.3104,-21.6157,L
20240504OBLG0,2024,7,bottom,73,5,3번타자 김현수,76290,김현수,54263,김택연,397,1,240504_161700,F,파울,148,직구,0,1,True,240504_161700,7,1,0.706773,0.7083,3.539,1.736,-134.328,-2.95996,6.49592,5.76438,50.0,-1.56765,-2.93993,30.0534,-13.3295,L
20240504OBLG0,2024,7,bottom,73,5,3번타자 김현수,76290,김현수,54263,김택연,399,2,240504_161757,H,타격,147,직구,0,1,True,240504_161757,7,2,-0.121991,0.7083,3.539,1.736,-133.809,-3.97554,5.79208,5.70435,50.0,-1.7731,-7.91659,34.7038,-9.10001,L
20240504OBLG0,2024,8,top,75,1,4번타자 양의지,76232,양의지,53139,박명근,403,1,240504_162040,H,타격,0,,0,0,True,240504_162040,8,1,-0.318843,0.7083,3.385,1.66,-131.195,1.59962,9.8096,4.19767,50.0,-2.78455,-17.923,26.3461,-22.3554,R
20240504OBLG0,2024,8,top,76,2,5번타자 양석환,64153,양석환,53139,박명근,406,1,240504_162136,H,타격,0,,0,0,True,240504_162136,8,1,-0.317281,0.7083,3.465,1.699,-132.805,1.85115,10.1465,4.21837,50.0,-2.77991,-19.5578,28.4093,-23.8163,R
20240504OBLG0,2024,8,top,77,3,6번타자 김태근,69207,김태근,53139,박명근,409,1,240504_162217,B,볼,0,,1,0,True,240504_162217,8,1,2.00895,0.7083,3.246,1.592,-132.617,1.97716,16.0624,4.22534,50.0,-2.62597,-21.0959,26.8207,-24.4759,R
20240504OBLG0,2024,8,top,77,3,6번타자 김태근,69207,김태근,53139,박명근,410,2,240504_162235,B,볼,147,직구,2,0,True,240504_162235,8,2,0.992212,0.7083,3.246,1.592,-132.308,0.278302,13.6313,4.06189,50.0,-2.71957,-20.996,28.1161,-25.1188,R
20240504OBLG0,2024,8,top,77,3,6번타자 김태근,69207,김태근,53139,박명근,411,3,240504_162313,H,타격,146,직구,2,0,True,240504_162313,8,3,0.326402,0.7083,3.246,1.592,-131.743,0.590832,11.2275,4.034,50.0,-2.84289,-15.8421,25.9816,-26.6657,R
20240504OBLG0,2024,8,bottom,79,1,4번타자 오스틴,53123,오스틴,54263,김택연,416,1,240504_162531,B,볼,0,,1,0,True,240504_162531,8,1,0.889732,0.7083,3.411,1.673,-133.885,-3.76919,7.90378,5.83624,50.0,-1.44927,-9.58005,32.7632,-9.1236,R
20240504OBLG0,2024,8,bottom,79,1,4번타자 오스틴,53123,오스틴,54263,김택연,417,2,240504_162545,T,스트라이크,147,직구,1,1,True,240504_162545,8,2,-0.892438,0.7083,3.411,1.673,-131.811,-4.5025,2.79711,5.63883,50.0,-1.65455,-4.34848,30.5928,-12.5175,R
20240504OBLG0,2024,8,bottom,79,1,4번타자 오스틴,53123,오스틴,54263,김택연,418,3,240504_162602,F,파울,145,직구,1,2,True,240504_162602,8,3,-0.243025,0.7083,3.411,1.673,-134.197,-6.33635,4.74134,5.67293,50.0,-1.67115,-5.33415,30.8295,-11.2966,R
20240504OBLG0,2024,8,bottom,79,1,4번타자 오스틴,53123,오스틴,54263,김택연,419,4,240504_162624,S,헛스윙,148,직구,1,3,True,240504_162624,8,4,0.11745,0.7083,3.411,1.673,-120.819,-3.45017,4.38123,5.63136,50.0,-1.63637,-1.24191,24.0258,-30.2001,R
20240504OBLG0,2024,8,bottom,80,2,5번타자 문보경,69102,문보경,54263,김택연,422,1,240504_162654,F,파울,0,,0,1,True,240504_162654,8,1,-0.375739,0.7083,3.368,1.652,-133.956,-7.18118,4.69921,5.61421,50.0,-1.60547,-7.81252,30.3355,-10.1081,L
20240504OBLG0,2024,8,bottom,80,2,5번타자 문보경,69102,문보경,54263,김택연,423,2,240504_162719,B,볼,147,직구,1,1,True,240504_162719,8,2,-1.17401,0.7083,3.368,1.652,-132.918,-6.16941,2.63111,5.63259,50.0,-1.64715,-7.27483,31.4031,-12.633,L
20240504OBLG0,2024,8,bottom,80,2,5번타자 문보경,69102,문보경,54263,김택연,424,3,240504_162732,T,스트라이크,146,직구,1,2,True,240504_162732,8,3,0.641646,0.7083,3.368,1.652,-123.239,-5.15376,7.79121,5.64658,50.0,-1.48714,-12.894,24.633,-17.3913,L
20240504OBLG0,2024,8,bottom,80,2,5번타자 문보경,69102,문보경,54263,김택연,425,4,240504_162749,F,파울,136,체인지업,1,2,True,240504_162749,8,4,-0.443629,0.7083,3.368,1.652,-134.679,-5.15058,4.80074,5.64304,50.0,-1.77167,-7.01895,34.4972,-8.99567,L
20240504OBLG0,2024,8,bottom,80,2,5번타자 문보경,69102,문보경,54263,김택연,426,5,240504_162809,F,파울,148,직구,1,2,True,240504_162809,8,5,-0.396683,0.7083,3.368,1.652,-133.488,-5.78011,4.72483,5.66536,50.0,-1.66449,-7.52938,34.4046,-8.14836,L
20240504OBLG0,2024,8,bottom,80,2,5번타자 문보경,69102,문보경,54263,김택연,427,6,240504_162830,H,타격,147,직구,1,2,True,240504_162830,8,6,0.468911,0.7083,3.368,1.652,-121.097,-3.68394,6.71658,5.74164,50.0,-1.47032,-10.1092,22.8915,-22.0818,L
20240504OBLG0,2024,8,bottom,82,3,6번타자 문성주,68119,문성주,54263,김택연,431,1,240504_162907,F,파울,148,직구,0,1,True,240504_162907,8,1,-0.094077,0.7083,3.241,1.59,-134.597,-6.03568,5.28199,5.66239,50.0,-1.52094,-8.11297,29.9516,-10.9184,L
20240504OBLG0,2024,8,bottom,82,3,6번타자 문성주,68119,문성주,54263,김택연,432,2,240504_162933,B,볼,119,커브,1,1,True,240504_162933,8,2,-0.669828,0.7083,3.241,1.59,-107.833,-0.819581,2.093,5.87053,50.0,-1.74984,0.64491,21.8028,-41.5678,L
20240504OBLG0,2024,8,bottom,82,3,6번타자 문성주,68119,문성주,54263,김택연,433,3,240504_162950,B,볼,148,직구,2,1,True,240504_162950,8,3,0.425233,0.7083,3.241,1.59,-134.997,-1.13591,6.41041,5.88212,50.0,-1.55169,-6.485,31.767,-10.4633,L
20240504OBLG0,2024,8,bottom,82,3,6번타자 문성주,68119,문성주,54263,김택연,434,4,240504_163013,T,스트라이크,133,체인지업,2,2,True,240504_163013,8,4,0.574791,0.7083,3.241,1.59,-120.847,-2.98081,6.83399,5.82618,50.0,-1.37167,-10.5914,22.1364,-21.388,L
20240504OBLG0,2024,8,bottom,82,3,6번타자 문성주,68119,문성주,54263,김택연,435,5,240504_163030,H,타격,149,직구,2,2,True,240504_163030,8,5,0.107676,0.7083,3.241,1.59,-135.473,-5.8902,5.13425,5.68819,50.0,-1.49355,-4.75558,26.9507,-10.9911,L
20240504OBLG0,2024,8,bottom,83,4,7번타자 오지환,79109,오지환,52206,최지강,439,1,240504_163311,B,볼,148,투심,1,0,True,240504_163311,8,1,0.949619,0.7083,3.383,1.659,-134.885,-2.96928,9.03649,5.28292,50.0,-1.18665,-18.0303,30.5134,-25.5467,L
20240504OBLG0,2024,8,bottom,83,4,7번타자 오지환,79109,오지환,52206,최지강,440,2,240504_163335,B,볼,152,투심,2,0,True,240504_163335,8,2,-0.129575,0.7083,3.383,1.659,-137.701,-7.34895,7.27736,4.96452,50.0,-1.51649,-19.0802,27.3305,-26.5285,L
20240504OBLG0,2024,8,bottom,83,4,7번타자 오지환,79109,오지환,52206,최지강,441,3,240504_163406,B,볼,149,투심,3,0,True,240504_163406,8,3,-0.969788,0.7083,3.383,1.659,-136.005,-3.20884,4.72068,5.25603,50.0,-1.49505,-17.6667,26.9381,-24.3247,L
20240504OBLG0,2024,8,bottom,83,4,7번타자 오지환,79109,오지환,52206,최지강,442,4,240504_163435,T,스트라이크,149,투심,3,1,True,240504_163435,8,4,-0.10948,0.7083,3.383,1.659,-135.954,-3.4747,6.52733,5.26901,50.0,-1.40116,-16.4524,27.977,-29.0076,L
20240504OBLG0,2024,8,bottom,83,4,7번타자 오지환,79109,오지환,52206,최지강,443,5,240504_163511,F,파울,151,투심,3,2,True,240504_163511,8,5,-0.879618,0.7083,3.383,1.659,-137.251,-2.8154,5.86612,5.24884,50.0,-1.4661,-23.0744,24.9444,-25.505,L
20240504OBLG0,2024,8,bottom,83,4,7번타자 오지환,79109,오지환,52206,최지강,444,6,240504_163549,B,볼,149,투심,4,2,True,240504_163549,8,6,0.905946,0.7083,3.383,1.659,-135.891,0.067393,9.40816,5.31757,50.0,-1.23986,-19.8025,32.9186,-25.4914,L
20240504OBLG0,2024,8,bottom,84,5,8번타자 박동원,79365,박동원,52206,최지강,447,1,240504_163640,B,볼,150,투심,1,0,True,240504_163640,8,1,-1.39983,0.7083,3.355,1.646,-136.504,-2.94307,3.52178,5.23401,50.0,-1.51609,-17.0715,29.4903,-27.7223,R
20240504OBLG0,2024,8,bottom,84,5,8번타자 박동원,79365,박동원,52206,최지강,448,2,240504_163720,T,스트라이크,134,슬라이더,1,1,True,240504_163720,8,2,0.338044,0.7083,3.355,1.646,-121.92,1.00486,2.46612,5.39306,50.0,-1.49347,8.66267,28.1604,-31.5088,R
20240504OBLG0,2024,8,bottom,84,5,8번타자 박동원,79365,박동원,52206,최지강,449,3,240504_163744,B,볼,150,투심,2,1,True,240504_163744,8,3,1.34439,0.7083,3.355,1.646,-136.531,-3.39323,9.60394,5.19241,50.0,-1.1627,-15.5258,25.8306,-21.8535,R
20240504OBLG0,2024,8,bottom,84,5,8번타자 박동원,79365,박동원,52206,최지강,450,4,240504_163811,B,볼,147,투심,3,1,True,240504_163811,8,4,-1.97566,0.7083,3.355,1.646,-134.4,-0.9592,1.94111,5.29845,50.0,-1.56524,-15.697,30.8298,-25.3738,R
20240504OBLG0,2024,8,bottom,84,5,8번타자 박동원,79365,박동원,52206,최지강,451,5,240504_163841,T,스트라이크,136,슬라이더,3,2,True,240504_163841,8,5,-0.28287,0.7083,3.355,1.646,-124.342,-2.60703,1.34914,5.20197,50.0,-1.5694,8.50132,25.355,-29.2561,R
20240504OBLG0,2024,8,bottom,84,5,8번타자 박동원,79365,박동원,52206,최지강,452,6,240504_163910,H,타격,137,슬라이더,3,2,True,240504_163910,8,6,1.30024,0.7083,3.355,1.646,-124.489,-2.47966,4.98978,5.20419,50.0,-1.39269,7.77368,19.7458,-28.7917,R
20240504OBLG0,2024,9,top,86,1,7번타자 김기연,66112,김기연,53139,박명근,456,1,240504_164140,H,타격,146,직구,0,0,True,240504_164140,9,1,-0.638016,0.7083,3.354,1.645,-132.074,1.74532,9.1517,4.15897,50.0,-2.91269,-16.9127,23.9873,-27.8693,R
20240504OBLG0,2024,9,top,87,2,8번타자 이유찬,67207,이유찬,53139,박명근,459,1,240504_164220,T,스트라이크,145,직구,0,1,True,240504_164220,9,1,-0.611777,0.7083,3.294,1.616,-131.827,1.7734,10.1435,4.12894,50.0,-2.97492,-20.9699,29.4768,-27.2803,R
20240504OBLG0,2024,9,top,87,2,8번타자 이유찬,67207,이유찬,53139,박명근,460,3,240504_164303,F,파울,146,직구,0,2,True,240504_164303,9,3,0.038557,0.7083,3.294,1.616,-112.119,4.66604,4.11818,4.27046,50.0,-3.01525,10.9837,21.3035,-32.4318,R
20240504OBLG0,2024,9,top,87,2,8번타자 이유찬,67207,이유찬,53139,박명근,461,4,240504_164326,H,타격,123,커브,0,2,True,240504_164326,9,4,0.702304,0.7083,3.294,1.616,-116.092,2.87469,7.66378,4.37694,50.0,-2.91147,2.4263,19.3483,-35.9476,R
20240504OBLG0,2024,9,top,88,3,9번타자 조수행,66209,조수행,75867,김진성,465,1,240504_164602,T,스트라이크,0,,0,1,True,240504_164602,9,1,0.491446,0.7083,3.348,1.642,-110.406,-3.8431,2.18981,6.65598,50.0,0.288894,-7.52796,20.2414,-27.0615,L
20240504OBLG0,2024,9,top,88,3,9번타자 조수행,66209,조수행,75867,김진성,466,2,240504_164646,B,볼,121,포크,1,1,True,240504_164646,9,2,-0.91473,0.7083,3.348,1.642,-111.837,-4.76589,-0.441628,6.56789,50.0,0.093935,-7.60191,20.6546,-25.5253,L
20240504OBLG0,2024,9,top,88,3,9번타자 조수행,66209,조수행,75867,김진성,467,3,240504_164710,B,볼,123,포크,2,1,True,240504_164710,9,3,-0.59555,0.7083,3.348,1.642,-111.801,-5.6324,0.62119,6.47316,50.0,0.046465,-8.75215,20.7022,-28.5052,L
20240504OBLG0,2024,9,top,88,3,9번타자 조수행,66209,조수행,75867,김진성,468,4,240504_164809,F,파울,123,포크,2,2,True,240504_164809,9,4,-0.572458,0.7083,3.348,1.642,-126.379,-7.88525,0.761365,6.31566,50.0,-0.017537,-10.4206,26.5814,-15.1548,L
20240504OBLG0,2024,9,top,88,3,9번타자 조수행,66209,조수행,75867,김진성,469,5,240504_164847,F,파울,139,직구,2,2,True,240504_164847,9,5,0.27979,0.7083,3.348,1.642,-125.729,-7.99863,2.12698,6.40271,50.0,0.106447,-8.32759,25.5579,-13.1886,L
20240504OBLG0,2024,9,top,88,3,9번타자 조수행,66209,조수행,75867,김진성,470,5,240504_164847,F,파울,138,직구,2,2,True,240504_164847,9,5,0.27979,0.7083,3.348,1.642,-125.729,-7.99863,2.12698,6.40271,50.0,0.106447,-8.32759,25.5579,-13.1886,L
20240504OBLG0,2024,9,top,88,3,9번타자 조수행,66209,조수행,75867,김진성,471,6,240504_164950,H,타격,138,직구,2,2,True,240504_164950,9,6,-0.160483,0.7083,3.348,1.642,-125.647,-7.57798,0.90824,6.33868,50.0,-0.006548,-6.20075,30.6627,-12.6999,L
20240504OBLG0,2024,9,top,89,4,1번타자 정수빈,79231,정수빈,75867,김진성,475,1,240504_165052,B,볼,121,포크,1,0,True,240504_165052,9,1,-1.41248,0.7083,3.278,1.608,-110.569,-4.86784,-1.27399,6.65417,50.0,-0.020658,-7.47187,17.9637,-26.9926,L
20240504OBLG0,2024,9,top,89,4,1번타자 정수빈,79231,정수빈,75867,김진성,477,2,240504_165127,B,볼,139,직구,2,0,True,240504_165127,9,2,-1.80671,0.7083,3.278,1.608,-126.52,-2.54765,-2.34496,6.54877,50.0,-0.221192,-7.51606,28.7894,-12.1936,L
20240504OBLG0,2024,9,top,91,5,대타 김재환,78224,김재환,75867,김진성,481,1,240504_165312,H,타격,139,직구,0,0,True,240504_165312,9,1,0.528677,0.7083,3.42,1.678,-126.227,-7.16159,2.64742,6.42197,50.0,0.089209,-7.69534,27.0512,-11.4557,L
20240504OBLG0,2024,9,top,92,6,3번타자 강승호,63123,강승호,75867,김진성,484,1,240504_165402,T,스트라이크,124,포크,0,1,True,240504_165402,9,1,-0.241144,0.7083,3.35,1.643,-112.907,-4.28291,1.18628,6.56525,50.0,0.159282,-9.10839,19.1997,-28.698,R
20240504OBLG0,2024,9,top,92,6,3번타자 강승호,63123,강승호,75867,김진성,485,2,240504_165418,B,볼,140,직구,1,1,True,240504_165418,9,2,-0.912196,0.7083,3.35,1.643,-128.019,-2.16451,-0.792463,6.54749,50.0,-0.012543,-7.19458,26.7804,-13.5294,R
20240504OBLG0,2024,9,top,92,6,3번타자 강승호,63123,강승호,75867,김진성,486,3,240504_165436,S,헛스윙,125,포크,1,2,True,240504_165436,9,3,-0.235424,0.7083,3.35,1.643,-113.581,-7.30384,1.5241,6.4047,50.0,0.108452,-10.0733,21.2976,-25.0962,R
20240504OBLG0,2024,9,top,92,6,3번타자 강승호,63123,강승호,75867,김진성,487,4,240504_165506,B,볼,126,포크,2,2,True,240504_165506,9,4,-1.30915,0.7083,3.35,1.643,-114.376,-2.34388,-0.385575,6.55038,50.0,-0.042996,-10.7702,21.9319,-29.0567,R
20240504OBLG0,2024,9,top,92,6,3번타자 강승호,63123,강승호,75867,김진성,488,5,240504_165530,H,타격,124,포크,2,2,True,240504_165530,9,5,-0.860036,0.7083,3.35,1.643,-113.258,-4.06763,-0.910595,6.56928,50.0,0.050881,-4.83931,20.2456,-28.8603,R
20240504OBLG0,2024,9,bottom,94,1,9번타자 신민재,65207,신민재,61643,홍건희,495,1,240504_165816,T,스트라이크,142,직구,0,1,True,240504_165816,9,1,0.374084,0.7083,3.172,1.556,-129.154,-4.32975,5.78542,5.9473,50.0,-1.58885,-4.12032,21.7767,-19.6853,L
20240504OBLG0,2024,9,bottom,94,1,9번타자 신민재,65207,신민재,61643,홍건희,496,2,240504_165831,H,타격,133,슬라이더,0,1,True,240504_165831,9,2,0.42085,0.7083,3.172,1.556,-120.85,-6.13946,5.32327,5.81718,50.0,-1.46565,-4.03679,19.0045,-21.2082,L
20240504OBLG0,2024,9,bottom,95,2,1번타자 홍창기,66108,홍창기,61643,홍건희,499,1,240504_165912,H,타격,145,직구,0,0,True,240504_165912,9,1,-0.2283,0.7083,3.537,1.735,-131.721,-7.19845,4.60189,5.86208,50.0,-1.61693,-5.2884,24.873,-14.0202,L
20260509KTWO0,2026,1,top,1,1,1번타자 김민혁,64004,김민혁,69045,알칸타라,2,1,260509_170037,B,볼,148,직구,1,0,True,260509_170037,1,1,-1.39323,0.7083,3.351,1.625,-132.613,-7.3553,3.11175,5.70964,50.0,-1.79249,-10.6654,36.621,-9.58556,L
20260509KTWO0,2026,1,top,1,1,1번타자 김민혁,64004,김민혁,69045,알칸타라,3,2,260509_170052,F,파울,150,직구,1,1,True,260509_170052,1,2,-0.658155,0.7083,3.351,1.625,-134.687,-6.75442,5.20413,5.69081,50.0,-1.76956,-12.0627,39.988,-9.16671,L
20260509KTWO0,2026,1,top,1,1,1번타자 김민혁,64004,김민혁,69045,알칸타라,4,3,260509_170116,B,볼,139,슬라이더,2,1,True,260509_170116,1,3,0.693022,0.7083,3.351,1.625,-125.174,-7.0715,4.61692,5.7709,50.0,-1.63025,4.63619,32.4281,-22.4895,L
20260509KTWO0,2026,1,top,1,1,1번타자 김민혁,64004,김민혁,69045,알칸타라,5,4,260509_170137,T,스트라이크,151,직구,2,2,True,260509_170137,1,4,0.335238,0.7083,3.351,1.625,-135.167,-8.71881,7.1661,5.64967,50.0,-1.70078,-9.76844,37.5696,-6.87558,L
20260509KTWO0,2026,1,top,1,1,1번타자 김민혁,64004,김민혁,69045,알칸타라,6,5,260509_170158,F,파울,153,직구,2,2,True,260509_170158,1,5,0.315925,0.7083,3.351,1.625,-136.628,-6.06981,7.05282,5.73339,50.0,-1.61089,-10.4709,37.8941,-8.0002,L
20260509KTWO0,2026,1,top,1,1,1번타자 김민혁,64004,김민혁,69045,알칸타라,7,6,260509_170223,H,타격,152,직구,2,2,True,260509_170223,1,6,0.002731,0.7083,3.351,1.625,-136.589,-7.53952,6.64568,5.56972,50.0,-1.69279,-11.5479,39.1193,-11.8129,L
20260509KTWO0,2026,1,top,2,2,2번타자 최원준,66606,최원준,69045,알칸타라,10,1,260509_170300,F,파울,151,직구,0,1,True,260509_170300,1,1,-0.216158,0.7083,3.29,1.596,-135.17,-7.17107,5.44376,5.65339,50.0,-1.66203,-8.82367,40.2365,-9.73898,L
20260509KTWO0,2026,1,top,2,2,2번타자 최원준,66606,최원준,69045,알칸타라,11,2,260509_170321,T,스트라이크,152,직구,0,2,True,260509_170321,1,2,0.709191,0.7083,3.29,1.596,-136.529,-5.46451,6.79094,5.81914,50.0,-1.45963,-5.80363,38.5477,-7.62657,L
20260509KTWO0,2026,1,top,2,2,2번타자 최원준,66606,최원준,69045,알칸타라,12,3,260509_170338,H,타격,137,포크,0,2,True,260509_170338,1,3,0.797773,0.7083,3.29,1.596,-123.412,-2.40391,6.3923,5.85651,50.0,-1.51463,-4.26902,29.9504,-27.7268,L
20260509KTWO0,2026,1,top,3,3,3번타자 김현수,76290,김현수,69045,알칸타라,15,1,260509_170425,F,파울,135,포크,0,1,True,260509_170425,1,1,-0.280257,0.7083,3.483,1.689,-120.937,-2.32083,3.89875,5.9472,50.0,-1.6286,-3.47478,25.9346,-25.0403,L
20260509KTWO0,2026,1,top,3,3,3번타자 김현수,76290,김현수,69045,알칸타라,16,2,260509_170444,H,타격,139,슬라이더,0,1,True,260509_170444,1,2,0.584013,0.7083,3.483,1.689,-124.508,-4.39996,3.31668,5.99142,50.0,-1.49072,7.9493,30.3293,-23.8697,L
20260509KTWO0,2026,1,bottom,5,1,1번타자 박주홍,50357,박주홍,64001,고영표,20,1,260509_170710,S,헛스윙,124,체인지업,0,1,True,260509_170710,1,1,-0.472218,0.7083,3.433,1.665,-111.032,4.60747,7.83066,3.69995,50.0,-2.82746,-11.9584,24.4254,-34.7168,L
20260509KTWO0,2026,1,bottom,5,1,1번타자 박주홍,50357,박주홍,64001,고영표,21,2,260509_170728,T,스트라이크,138,투심,0,2,True,260509_170728,1,2,-0.679483,0.7083,3.433,1.665,-123.057,6.52056,8.81959,3.67235,50.0,-3.1351,-14.1328,26.2019,-36.8606,L
20260509KTWO0,2026,1,bottom,5,1,1번타자 박주홍,50357,박주홍,64001,고영표,22,3,260509_170745,T,스트라이크,139,투심,0,3,True,260509_170745,1,3,0.85925,0.7083,3.433,1.665,-124.616,6.08629,11.0076,3.74606,50.0,-2.72319,-11.5054,29.2082,-36.6355,L
20260509KTWO0,2026,1,bottom,6,2,2번타자 이주형,50167,이주형,64001,고영표,25,1,260509_170815,T,스트라이크,117,커브,0,1,True,260509_170815,1,1,0.278989,0.7083,3.334,1.617,-105.131,6.52037,3.86228,3.77656,50.0,-3.05188,11.7868,20.43,-33.013,L
20260509KTWO0,2026,1,bottom,6,2,2번타자 이주형,50167,이주형,64001,고영표,26,2,260509_170830,F,파울,127,체인지업,0,2,True,260509_170830,1,2,0.809916,0.7083,3.334,1.617,-113.736,5.36742,10.8891,3.76021,50.0,-2.62835,-14.7204,25.5077,-34.8963,L
20260509KTWO0,2026,1,bottom,6,2,2번타자 이주형,50167,이주형,64001,고영표,27,3,260509_170850,H,타격,125,체인지업,0,2,True,260509_170850,1,3,-0.381181,0.7083,3.334,1.617,-111.596,4.53139,8.63333,3.55184,50.0,-2.83755,-14.4662,26.899,-35.4084,L
20260509KTWO0,2026,1,bottom,7,3,3번타자 안치홍,79608,안치홍,64001,고영표,30,1,260509_170923,T,스트라이크,140,투심,0,1,True,260509_170923,1,1,-0.695773,0.7083,3.263,1.583,-125.168,4.82303,9.03317,3.61862,50.0,-3.09584,-15.7068,32.8013,-37.1467,R
20260509KTWO0,2026,1,bottom,7,3,3번타자 안치홍,79608,안치홍,64001,고영표,31,2,260509_170937,B,볼,137,투심,1,1,True,260509_170937,1,2,0.606513,0.7083,3.263,1.583,-122.859,7.62511,11.087,3.77511,50.0,-2.94595,-12.7548,30.746,-36.7826,R
20260509KTWO0,2026,1,bottom,7,3,3번타자 안치홍,79608,안치홍,64001,고영표,32,3,260509_170953,H,타격,121,체인지업,1,1,True,260509_170953,1,3,0.08821,0.7083,3.263,1.583,-108.342,5.38918,9.22625,3.71552,50.0,-2.93803,-12.2463,25.6513,-35.6131,R
20260509KTWO0,2026,2,top,9,1,4번타자 힐리어드,56034,힐리어드,69045,알칸타라,36,1,260509_171207,B,볼,150,직구,1,0,True,260509_171207,2,1,-0.799496,0.7083,3.548,1.721,-134.165,-8.61881,5.10917,5.62402,50.0,-1.96952,-10.8026,38.1267,-11.6107,L
20260509KTWO0,2026,2,top,9,1,4번타자 힐리어드,56034,힐리어드,69045,알칸타라,37,2,260509_171226,B,볼,152,직구,2,0,True,260509_171226,2,2,-0.934489,0.7083,3.548,1.721,-135.902,-4.70593,3.79711,5.7481,50.0,-1.99485,-5.39239,39.1097,-8.09318,L
20260509KTWO0,2026,2,top,9,1,4번타자 힐리어드,56034,힐리어드,69045,알칸타라,38,3,260509_171244,B,볼,134,포크,3,0,True,260509_171244,2,3,0.823537,0.7083,3.548,1.721,-120.259,-5.63515,6.99863,5.83796,50.0,-1.58838,-6.65755,31.2131,-22.8225,L
20260509KTWO0,2026,2,top,9,1,4번타자 힐리어드,56034,힐리어드,69045,알칸타라,39,4,260509_171307,T,스트라이크,152,직구,3,1,True,260509_171307,2,4,0.302764,0.7083,3.548,1.721,-136.475,-7.68217,6.05933,5.62832,50.0,-1.63604,-5.21767,40.9151,-8.01095,L
20260509KTWO0,2026,2,top,9,1,4번타자 힐리어드,56034,힐리어드,69045,알칸타라,40,5,260509_171325,H,타격,152,직구,3,1,True,260509_171325,2,5,-0.702449,0.7083,3.548,1.721,-135.511,-5.87519,4.3138,5.73016,50.0,-1.66899,-9.36015,37.5642,-10.0914,L
20260509KTWO0,2026,2,top,10,2,5번타자 유준규,51013,유준규,69045,알칸타라,43,1,260509_171415,B,볼,140,슬라이더,1,0,True,260509_171415,2,1,-0.234417,0.7083,3.287,1.594,-125.937,-0.345804,2.27032,6.06547,50.0,-1.78665,7.35933,28.6003,-22.6312,L
20260509KTWO0,2026,2,top,10,2,5번타자 유준규,51013,유준규,69045,알칸타라,44,2,260509_171431,B,볼,151,직구,2,0,True,260509_171431,2,2,-0.688291,0.7083,3.287,1.594,-134.883,-3.65997,4.31989,5.78059,50.0,-1.89485,-6.12813,33.5628,-8.85277,L
20260509KTWO0,2026,2,top,10,2,5번타자 유준규,51013,유준규,69045,알칸타라,45,3,260509_171451,B,볼,150,직구,3,0,True,260509_171451,2,3,-0.483553,0.7083,3.287,1.594,-134.966,-3.39344,4.22624,5.72373,50.0,-1.77309,-4.56825,36.6915,-9.35737,L
20260509KTWO0,2026,2,top,10,2,5번타자 유준규,51013,유준규,69045,알칸타라,46,4,260509_171512,T,스트라이크,151,직구,3,1,True,260509_171512,2,4,0.248177,0.7083,3.287,1.594,-135.214,-5.01467,6.26675,5.64923,50.0,-1.64941,-6.90737,35.8716,-10.4816,L
20260509KTWO0,2026,2,top,10,2,5번타자 유준규,51013,유준규,69045,알칸타라,47,5,260509_171529,B,볼,151,직구,4,1,True,260509_171529,2,5,0.355244,0.7083,3.287,1.594,-135.404,-4.29388,7.34096,5.70592,50.0,-1.67229,-10.6557,33.7284,-8.21176,L
20260509KTWO0,2026,2,top,11,3,6번타자 김상수,79402,김상수,69045,알칸타라,51,1,260509_171651,B,볼,150,직구,1,0,True,260509_171651,2,1,0.024525,0.7083,3.234,1.568,-134.873,-2.78955,5.10085,5.79481,50.0,-1.5971,-4.63075,36.0352,-9.44394,R
20260509KTWO0,2026,2,top,11,3,6번타자 김상수,79402,김상수,69045,알칸타라,53,2,260509_171728,T,스트라이크,134,포크,1,1,True,260509_171728,2,2,-0.578278,0.7083,3.234,1.568,-120.903,-1.01772,3.77744,5.92895,50.0,-1.63996,-6.07412,28.0961,-27.0476,R
20260509KTWO0,2026,2,top,11,3,6번타자 김상수,79402,김상수,69045,알칸타라,54,3,260509_171749,B,볼,133,포크,2,1,True,260509_171749,2,3,-0.600251,0.7083,3.234,1.568,-119.798,-4.18281,3.87427,5.79518,50.0,-1.64746,-6.71349,26.344,-27.3947,R
20260509KTWO0,2026,2,top,11,3,6번타자 김상수,79402,김상수,69045,알칸타라,56,4,260509_171820,H,타격,148,직구,2,1,True,260509_171820,2,4,-0.532062,0.7083,3.234,1.568,-132.978,-5.66973,5.07499,5.72818,50.0,-1.72151,-10.3984,35.3348,-11.6694,R
20260509KTWO0,2026,2,top,12,4,7번타자 오윤석,64504,오윤석,69045,알칸타라,60,1,260509_171920,B,볼,137,포크,1,0,True,260509_171920,2,1,-0.669479,0.7083,3.323,1.612,-122.87,-5.15903,4.05704,5.78581,50.0,-1.63551,-8.37956,28.9779,-26.143,R
20260509KTWO0,2026,2,top,12,4,7번타자 오윤석,64504,오윤석,69045,알칸타라,61,2,260509_171941,F,파울,150,직구,1,1,True,260509_171941,2,2,-0.801954,0.7083,3.323,1.612,-134.351,-5.67017,4.08305,5.65457,50.0,-1.67482,-9.45324,38.4679,-11.5596,R
20260509KTWO0,2026,2,top,12,4,7번타자 오윤석,64504,오윤석,69045,알칸타라,62,3,260509_172007,F,파울,151,직구,1,2,True,260509_172007,2,3,-0.470027,0.7083,3.323,1.612,-134.831,-6.80573,4.94073,5.66952,50.0,-1.71286,-8.92546,37.6453,-7.29737,R
20260509KTWO0,2026,2,top,12,4,7번타자 오윤석,64504,오윤석,69045,알칸타라,63,4,260509_172035,B,볼,153,직구,2,2,True,260509_172035,2,4,-1.50466,0.7083,3.323,1.612,-136.519,-4.27393,2.83505,5.63044,50.0,-1.81975,-10.5431,37.2576,-9.23688,R
20260509KTWO0,2026,2,top,12,4,7번타자 오윤석,64504,오윤석,69045,알칸타라,64,5,260509_172058,F,파울,137,포크,2,2,True,260509_172058,2,5,0.253438,0.7083,3.323,1.612,-122.198,-4.8219,5.53853,5.78366,50.0,-1.52293,-6.34583,27.3661,-24.0676,R
20260509KTWO0,2026,2,top,12,4,7번타자 오윤석,64504,오윤석,69045,알칸타라,65,6,260509_172131,F,파울,151,직구,2,2,True,260509_172131,2,6,-1.04645,0.7083,3.323,1.612,-134.592,-5.98816,3.79879,5.6614,50.0,-1.82128,-9.28341,36.4841,-11.9861,R
20260509KTWO0,2026,2,top,12,4,7번타자 오윤석,64504,오윤석,69045,알칸타라,66,7,260509_172200,F,파울,136,포크,2,2,True,260509_172200,2,7,-0.596123,0.7083,3.323,1.612,-122.165,-2.34913,4.11615,5.72667,50.0,-1.71613,-6.95589,27.8936,-29.0652,R
20260509KTWO0,2026,2,top,12,4,7번타자 오윤석,64504,오윤석,69045,알칸타라,68,8,260509_172244,F,파울,140,슬라이더,2,2,True,260509_172244,2,8,0.991639,0.7083,3.323,1.612,-125.595,-5.48834,5.69131,5.83544,50.0,-1.48084,1.51218,28.7616,-22.0637,R
20260509KTWO0,2026,2,top,12,4,7번타자 오윤석,64504,오윤석,69045,알칸타라,69,9,260509_172314,S,헛스윙,136,포크,2,3,True,260509_172314,2,9,-0.786717,0.7083,3.323,1.612,-122.577,-4.56844,4.66438,5.56015,50.0,-1.80282,-10.6992,31.1476,-32.1011,R
20260509KTWO0,2026,2,top,13,5,8번타자 한승택,63722,한승택,69045,알칸타라,72,1,260509_172401,H,타격,135,포크,0,0,True,260509_172401,2,1,-0.919155,0.7083,3.219,1.561,-121.472,-3.20373,3.74907,5.7696,50.0,-1.77857,-8.13675,29.7923,-31.2881,R
20260509KTWO0,2026,2,top,14,6,9번타자 권동진,51003,권동진,69045,알칸타라,77,1,260509_172450,T,스트라이크,138,포크,0,1,True,260509_172450,2,1,-0.165367,0.7083,3.29,1.596,-124.395,-0.777118,4.97338,5.84241,50.0,-1.71841,-5.97644,29.0426,-32.5204,L
20260509KTWO0,2026,2,top,14,6,9번타자 권동진,51003,권동진,69045,알칸타라,78,2,260509_172506,B,볼,136,포크,1,1,True,260509_172506,2,2,0.777119,0.7083,3.29,1.596,-121.89,-6.84836,7.06321,5.75728,50.0,-1.57177,-7.24924,28.3337,-24.1488,L
20260509KTWO0,2026,2,top,14,6,9번타자 권동진,51003,권동진,69045,알칸타라,79,3,260509_172536,B,볼,154,직구,2,1,True,260509_172536,2,3,-1.23307,0.7083,3.29,1.596,-137.808,-5.3582,3.67548,5.65855,50.0,-1.94529,-9.47713,38.5357,-11.1014,L
20260509KTWO0,2026,2,top,14,6,9번타자 권동진,51003,권동진,69045,알칸타라,80,4,260509_172555,B,볼,154,직구,3,1,True,260509_172555,2,4,2.24841,0.7083,3.29,1.596,-138.288,-7.08949,11.7216,5.58787,50.0,-1.31958,-12.0267,40.8759,-9.85802,L
20260509KTWO0,2026,2,top,14,6,9번타자 권동진,51003,권동진,69045,알칸타라,81,5,260509_172631,T,스트라이크,144,슬라이더,3,2,True,260509_172631,2,5,0.37996,0.7083,3.29,1.596,-129.14,-6.36888,3.92278,5.79492,50.0,-1.58111,4.77337,32.0689,-20.0959,L
20260509KTWO0,2026,2,top,14,6,9번타자 권동진,51003,권동진,69045,알칸타라,82,6,260509_172654,B,볼,154,직구,4,2,True,260509_172654,2,6,0.917137,0.7083,3.29,1.596,-137.707,-8.02711,8.16883,5.63171,50.0,-1.41276,-10.6372,39.4935,-9.7784,L
20260509KTWO0,2026,2,top,15,7,1번타자 김민혁,64004,김민혁,69045,알칸타라,86,1,260509_172828,T,스트라이크,140,슬라이더,0,1,True,260509_172828,2,1,-0.117067,0.7083,3.351,1.625,-126.52,-3.85613,3.0164,5.84129,50.0,-1.70451,4.12607,31.842,-23.7429,L
20260509KTWO0,2026,2,top,15,7,1번타자 김민혁,64004,김민혁,69045,알칸타라,87,2,260509_172849,F,파울,151,직구,0,2,True,260509_172849,2,2,-0.821552,0.7083,3.351,1.625,-135.987,-5.42673,4.40297,5.75248,50.0,-1.71784,-10.7803,41.9327,-10.2225,L
20260509KTWO0,2026,2,top,15,7,1번타자 김민혁,64004,김민혁,69045,알칸타라,88,3,260509_172914,B,볼,135,포크,1,2,True,260509_172914,2,3,-0.099475,0.7083,3.351,1.625,-121.481,-6.98778,4.74285,5.59873,50.0,-1.67276,-5.03278,31.4657,-28.1236,L
20260509KTWO0,2026,2,top,15,7,1번타자 김민혁,64004,김민혁,69045,알칸타라,89,4,260509_172943,B,볼,153,직구,2,2,True,260509_172943,2,4,1.4285,0.7083,3.351,1.625,-136.673,-7.91915,8.62293,5.74335,50.0,-1.36118,-7.01953,42.1823,-7.89085,L
20260509KTWO0,2026,2,top,15,7,1번타자 김민혁,64004,김민혁,69045,알칸타라,90,5,260509_173010,S,헛스윙,140,포크,2,3,True,260509_173010,2,5,0.166063,0.7083,3.351,1.625,-125.363,-6.21377,6.20235,5.66001,50.0,-1.69998,-8.2878,34.4369,-18.4383,L
20260509KTWO0,2026,2,bottom,17,1,4번타자 임병욱,64346,임병욱,64001,고영표,94,1,260509_173309,T,스트라이크,137,투심,0,1,True,260509_173309,2,1,0.36104,0.7083,3.433,1.665,-122.652,5.76201,10.8646,3.67038,50.0,-2.93514,-14.6859,32.7139,-33.3432,L
20260509KTWO0,2026,2,bottom,17,1,4번타자 임병욱,64346,임병욱,64001,고영표,95,2,260509_173324,T,스트라이크,139,투심,0,2,True,260509_173324,2,2,0.348096,0.7083,3.433,1.665,-123.2,6.5738,10.6686,3.64969,50.0,-2.88976,-14.1236,28.5339,-34.5143,L
20260509KTWO0,2026,2,bottom,17,1,4번타자 임병욱,64346,임병욱,64001,고영표,96,3,260509_173354,H,타격,135,투심,0,2,True,260509_173354,2,3,0.023324,0.7083,3.433,1.665,-120.74,7.14598,8.49499,3.62006,50.0,-2.84642,-8.42867,27.472,-37.5107,L
20260509KTWO0,2026,2,bottom,18,2,5번타자 서건창,78168,서건창,64001,고영표,99,1,260509_173541,B,볼,119,체인지업,1,0,True,260509_173541,2,1,1.22319,0.7083,3.267,1.584,-106.115,5.38086,9.94557,3.56356,50.0,-2.58939,-8.90098,23.6338,-38.4139,L
20260509KTWO0,2026,2,bottom,19,3,6번타자 양현종,55370,양현종,64001,고영표,103,1,260509_173707,T,스트라이크,120,체인지업,0,1,True,260509_173707,2,1,0.36229,0.7083,3.256,1.579,-107.193,5.68294,9.55754,3.56755,50.0,-2.86046,-12.0804,24.7186,-39.7942,R
20260509KTWO0,2026,2,bottom,19,3,6번타자 양현종,55370,양현종,64001,고영표,104,2,260509_173728,B,볼,119,스위퍼,1,1,True,260509_173728,2,2,2.87984,0.7083,3.256,1.579,-106.134,4.79563,10.2453,3.47217,50.0,-2.78428,5.24573,23.4758,-26.5351,R
20260509KTWO0,2026,2,bottom,19,3,6번타자 양현종,55370,양현종,64001,고영표,105,3,260509_173753,B,볼,135,투심,2,1,True,260509_173753,2,3,0.929531,0.7083,3.256,1.579,-120.275,5.56591,10.7556,3.61271,50.0,-2.82223,-9.5891,28.6033,-35.4834,R
20260509KTWO0,2026,2,bottom,19,3,6번타자 양현종,55370,양현종,64001,고영표,106,4,260509_173815,S,헛스윙,120,체인지업,2,2,True,260509_173815,2,4,0.505653,0.7083,3.256,1.579,-106.886,4.88888,8.88574,3.49376,50.0,-2.91227,-7.68749,23.6292,-38.0792,R
20260509KTWO0,2026,2,bottom,19,3,6번타자 양현종,55370,양현종,64001,고영표,107,5,260509_173839,S,헛스윙,118,체인지업,2,3,True,260509_173839,2,5,-0.470307,0.7083,3.256,1.579,-105.83,4.9482,6.93595,3.49291,50.0,-2.9754,-7.54363,24.2971,-39.9837,R
20260509KTWO0,2026,2,bottom,20,4,7번타자 최주환,76267,최주환,64001,고영표,111,1,260509_173931,H,타격,135,투심,0,0,True,260509_173931,2,1,-0.243592,0.7083,3.206,1.555,-120.43,4.9585,9.86757,3.47331,50.0,-3.02448,-15.9153,30.5282,-35.1737,L
20260509KTWO0,2026,2,bottom,21,5,8번타자 권혁빈,55371,권혁빈,64001,고영표,116,1,260509_174017,B,볼,136,투심,1,0,True,260509_174017,2,1,-1.73391,0.7083,3.382,1.64,-121.324,5.32804,5.17345,3.62597,50.0,-3.03643,-9.94392,27.5503,-37.3274,R
20260509KTWO0,2026,2,bottom,22,6,9번타자 김건희,53312,김건희,64001,고영표,119,1,260509_174050,F,파울,122,체인지업,0,1,True,260509_174050,2,1,-1.08434,0.7083,3.393,1.646,-109.624,5.90681,6.70897,3.50717,50.0,-3.02156,-11.1008,26.3129,-39.4528,R
20260509KTWO0,2026,2,bottom,22,6,9번타자 김건희,53312,김건희,64001,고영표,120,2,260509_174118,B,볼,120,체인지업,1,1,True,260509_174118,2,2,-1.6542,0.7083,3.393,1.646,-106.726,7.18172,5.03781,3.64464,50.0,-3.04558,-8.9638,23.7565,-40.0344,R
20260509KTWO0,2026,2,bottom,22,6,9번타자 김건희,53312,김건희,64001,고영표,121,3,260509_174138,F,파울,122,체인지업,1,2,True,260509_174138,2,3,-0.752371,0.7083,3.393,1.646,-108.708,7.24997,6.62657,3.54897,50.0,-2.96824,-8.3763,25.0899,-39.9864,R
20260509KTWO0,2026,2,bottom,22,6,9번타자 김건희,53312,김건희,64001,고영표,122,4,260509_174211,H,타격,120,체인지업,1,2,True,260509_174211,2,4,0.300442,0.7083,3.393,1.646,-106.854,4.56443,8.94111,3.44467,50.0,-2.89464,-9.86786,25.2745,-37.8684,R
20260509KTWO0,2026,2,bottom,23,7,1번타자 박주홍,50357,박주홍,64001,고영표,125,1,260509_174254,B,볼,120,체인지업,1,0,True,260509_174254,2,1,0.712286,0.7083,3.433,1.665,-107.226,5.42588,9.8458,3.53059,50.0,-2.74716,-11.3528,26.6802,-38.64,L
20260509KTWO0,2026,2,bottom,23,7,1번타자 박주홍,50357,박주홍,64001,고영표,126,2,260509_174314,B,볼,120,체인지업,2,0,True,260509_174314,2,2,0.852052,0.7083,3.433,1.665,-106.571,5.78275,9.38979,3.54318,50.0,-2.77566,-8.23445,26.6163,-39.7197,L
20260509KTWO0,2026,2,bottom,23,7,1번타자 박주홍,50357,박주홍,64001,고영표,127,3,260509_174335,T,스트라이크,118,커브,2,1,True,260509_174335,2,3,-0.181199,0.7083,3.433,1.665,-105.56,5.65424,3.4026,3.47562,50.0,-2.96198,9.13855,21.9074,-32.097,L
20260509KTWO0,2026,2,bottom,23,7,1번타자 박주홍,50357,박주홍,64001,고영표,128,4,260509_174357,H,타격,134,투심,2,1,True,260509_174357,2,4,-0.341221,0.7083,3.433,1.665,-120.396,6.81913,8.66044,3.54033,50.0,-2.96353,-12.1369,33.6599,-40.859,L
20260509KTWO0,2026,3,top,25,1,2번타자 최원준,66606,최원준,69045,알칸타라,132,1,260509_174610,T,스트라이크,135,슬라이더,0,1,True,260509_174610,3,1,-0.516558,0.7083,3.29,1.596,-121.876,-1.17552,1.47666,6.01587,50.0,-1.64828,5.57044,28.0793,-25.2433,L
20260509KTWO0,2026,3,top,25,1,2번타자 최원준,66606,최원준,69045,알칸타라,133,2,260509_174648,H,타격,133,포크,0,1,True,260509_174648,3,2,0.008521,0.7083,3.29,1.596,-120.009,-2.47407,5.02344,5.76789,50.0,-1.6465,-5.56318,29.1131,-22.8479,L
20260509KTWO0,2026,3,top,26,2,3번타자 김현수,76290,김현수,69045,알칸타라,136,1,260509_174727,T,스트라이크,149,직구,0,1,True,260509_174727,3,1,-0.276464,0.7083,3.483,1.689,-133.222,-4.69297,5.44955,5.74904,50.0,-1.67998,-9.47418,33.8792,-7.46049,L
20260509KTWO0,2026,3,top,26,2,3번타자 김현수,76290,김현수,69045,알칸타라,137,2,260509_174743,F,파울,150,직구,0,2,True,260509_174743,3,2,-0.056208,0.7083,3.483,1.689,-133.907,-6.05429,6.04498,5.73143,50.0,-1.7286,-8.9355,35.0993,-5.60525,L
20260509KTWO0,2026,3,top,26,2,3번타자 김현수,76290,김현수,69045,알칸타라,138,3,260509_174802,H,타격,135,포크,0,2,True,260509_174802,3,3,-0.135555,0.7083,3.483,1.689,-121.472,-3.59507,5.19956,5.73855,50.0,-1.657,-7.68978,29.6778,-27.9755,L
20260509KTWO0,2026,3,top,27,3,4번타자 힐리어드,56034,힐리어드,69045,알칸타라,141,1,260509_174848,H,타격,133,포크,0,0,True,260509_174848,3,1,-0.707286,0.7083,3.548,1.721,-119.574,-1.92984,3.38678,5.82746,50.0,-1.65695,-5.53301,28.6771,-27.1302,L
20260509KTWO0,2026,3,top,28,4,5번타자 유준규,51013,유준규,69045,알칸타라,145,1,260509_174929,F,파울,150,직구,0,1,True,260509_174929,3,1,0.112207,0.7083,3.287,1.594,-134.586,-5.14623,6.33714,5.65107,50.0,-1.60879,-9.73679,35.831,-14.4687,L
20260509KTWO0,2026,3,top,28,4,5번타자 유준규,51013,유준규,69045,알칸타라,146,2,260509_175001,B,볼,137,포크,1,1,True,260509_175001,3,2,-0.242029,0.7083,3.287,1.594,-123.046,-5.61057,4.51812,5.71931,50.0,-1.56176,-6.63008,32.0465,-24.4668,L
20260509KTWO0,2026,3,top,28,4,5번타자 유준규,51013,유준규,69045,알칸타라,147,3,260509_175024,H,타격,151,직구,1,1,True,260509_175024,3,3,0.0303,0.7083,3.287,1.594,-135.475,-5.09636,6.79091,5.63772,50.0,-1.70652,-11.8954,41.5408,-11.202,L
20260509KTWO0,2026,3,top,29,5,6번타자 김상수,79402,김상수,69045,알칸타라,150,1,260509_175108,T,스트라이크,139,슬라이더,0,1,True,260509_175108,3,1,0.022774,0.7083,3.234,1.568,-125.089,-5.28109,2.40097,5.89416,50.0,-1.61369,7.38549,31.3988,-23.1874,R
20260509KTWO0,2026,3,top,29,5,6번타자 김상수,79402,김상수,69045,알칸타라,151,2,260509_175127,H,타격,151,직구,0,1,True,260509_175127,3,2,-0.651612,0.7083,3.234,1.568,-135.095,-6.02078,4.35519,5.73787,50.0,-1.78539,-7.34286,38.0061,-10.1397,R
20260509KTWO0,2026,3,bottom,31,1,2번타자 이주형,50167,이주형,64001,고영표,155,1,260509_175338,B,볼,137,투심,1,0,True,260509_175338,3,1,-1.44418,0.7083,3.334,1.617,-122.327,6.00449,5.94014,3.55531,50.0,-3.05027,-10.1943,31.5242,-40.8181,L
20260509KTWO0,2026,3,bottom,31,1,2번타자 이주형,50167,이주형,64001,고영표,156,2,260509_175351,S,헛스윙,119,체인지업,1,1,True,260509_175351,3,2,-1.11911,0.7083,3.334,1.617,-106.43,6.15508,6.54922,3.63991,50.0,-3.05152,-10.6272,23.2747,-37.0637,L
20260509KTWO0,2026,3,bottom,31,1,2번타자 이주형,50167,이주형,64001,고영표,157,3,260509_175407,S,헛스윙,137,투심,1,2,True,260509_175407,3,3,-0.619881,0.7083,3.334,1.617,-122.863,6.39385,7.97515,3.64272,50.0,-3.10433,-9.98229,31.2618,-39.9963,L
20260509KTWO0,2026,3,bottom,31,1,2번타자 이주형,50167,이주형,64001,고영표,158,4,260509_175423,B,볼,136,투심,2,2,True,260509_175423,3,4,-1.55081,0.7083,3.334,1.617,-121.679,5.62542,5.39673,3.55876,50.0,-3.04615,-8.86977,28.8902,-38.4425,L
20260509KTWO0,2026,3,bottom,31,1,2번타자 이주형,50167,이주형,64001,고영표,159,5,260509_175439,B,볼,122,체인지업,3,2,True,260509_175439,3,5,-1.76431,0.7083,3.334,1.617,-109.435,3.12817,4.83267,3.47848,50.0,-3.0822,-8.67669,25.3304,-39.162,L
20260509KTWO0,2026,3,bottom,31,1,2번타자 이주형,50167,이주형,64001,고영표,160,6,260509_175500,F,파울,122,체인지업,3,2,True,260509_175500,3,6,-1.15031,0.7083,3.334,1.617,-109.288,5.20223,6.30196,3.62703,50.0,-2.89601,-11.0871,25.7873,-39.0789,L
20260509KTWO0,2026,3,bottom,31,1,2번타자 이주형,50167,이주형,64001,고영표,161,7,260509_175524,F,파울,119,체인지업,3,2,True,260509_175524,3,7,-1.36076,0.7083,3.334,1.617,-106.745,5.59175,5.63162,3.66945,50.0,-3.02564,-9.12407,25.5986,-38.7999,L
20260509KTWO0,2026,3,bottom,31,1,2번타자 이주형,50167,이주형,64001,고영표,162,8,260509_175547,T,스트라이크,137,투심,3,3,True,260509_175547,3,8,0.269197,0.7083,3.334,1.617,-122.46,3.91558,9.34698,3.4945,50.0,-2.79404,-9.98788,28.7707,-34.7649,L
20260509KTWO0,2026,3,bottom,32,2,3번타자 안치홍,79608,안치홍,64001,고영표,165,1,260509_175618,T,스트라이크,117,스위퍼,0,1,True,260509_175618,3,1,0.55491,0.7083,3.263,1.583,-105.001,4.38183,4.12411,3.62154,50.0,-2.96879,12.2331,20.6578,-28.6012,R
20260509KTWO0,2026,3,bottom,32,2,3번타자 안치홍,79608,안치홍,64001,고영표,166,2,260509_175633,H,타격,138,투심,0,1,True,260509_175633,3,2,0.075298,0.7083,3.263,1.583,-122.925,5.1697,10.3574,3.63621,50.0,-3.00011,-14.5663,29.4782,-37.9008,R
20260509KTWO0,2026,3,bottom,33,3,4번타자 임병욱,64346,임병욱,64001,고영표,169,1,260509_175707,S,헛스윙,123,체인지업,0,1,True,260509_175707,3,1,-0.276483,0.7083,3.433,1.665,-109.95,5.11813,8.394,3.6869,50.0,-2.93129,-11.7753,24.7902,-36.615,L
20260509KTWO0,2026,3,bottom,33,3,4번타자 임병욱,64346,임병욱,64001,고영표,170,2,260509_175722,S,헛스윙,123,체인지업,0,2,True,260509_175722,3,2,0.183867,0.7083,3.433,1.665,-110.43,3.96305,8.87661,3.54416,50.0,-2.7056,-11.6723,25.3911,-37.7113,L
20260509KTWO0,2026,3,bottom,33,3,4번타자 임병욱,64346,임병욱,64001,고영표,171,3,260509_175740,F,파울,122,체인지업,0,2,True,260509_175740,3,3,0.107616,0.7083,3.433,1.665,-108.712,3.95813,8.00743,3.53742,50.0,-2.81482,-7.94,23.7935,-38.7191,L
20260509KTWO0,2026,3,bottom,33,3,4번타자 임병욱,64346,임병욱,64001,고영표,172,4,260509_175824,B,볼,120,커브,1,2,True,260509_175824,3,4,-1.08436,0.7083,3.433,1.665,-107.847,7.39396,1.1246,3.51477,50.0,-3.11315,12.8091,23.0253,-33.8429,L
20260509KTWO0,2026,3,bottom,33,3,4번타자 임병욱,64346,임병욱,64001,고영표,173,5,260509_175844,B,볼,136,투심,2,2,True,260509_175844,3,5,-1.97916,0.7083,3.433,1.665,-121.429,7.6836,4.02204,3.63244,50.0,-3.0153,-7.48175,29.2224,-39.1042,L
20260509KTWO0,2026,3,bottom,33,3,4번타자 임병욱,64346,임병욱,64001,고영표,174,6,260509_175900,S,헛스윙,122,체인지업,2,3,True,260509_175900,3,6,-0.964162,0.7083,3.433,1.665,-110.037,3.58561,7.15378,3.43607,50.0,-2.85339,-13.3826,27.3693,-39.5721,L
20260509KTWO0,2026,4,top,35,1,7번타자 오윤석,64504,오윤석,69045,알칸타라,178,1,260509_180108,T,스트라이크,135,슬라이더,0,1,True,260509_180108,4,1,0.038415,0.7083,3.323,1.612,-121.604,-1.84424,2.99133,5.99657,50.0,-1.70972,5.10361,30.1682,-25.6,R
20260509KTWO0,2026,4,top,35,1,7번타자 오윤석,64504,오윤석,69045,알칸타라,179,2,260509_180123,T,스트라이크,151,직구,0,2,True,260509_180123,4,2,0.597894,0.7083,3.323,1.612,-134.242,-7.26706,7.69076,5.61136,50.0,-1.57341,-10.7073,34.0565,-7.74531,R
20260509KTWO0,2026,4,top,35,1,7번타자 오윤석,64504,오윤석,69045,알칸타라,180,3,260509_180139,B,볼,150,직구,1,2,True,260509_180139,4,3,1.28108,0.7083,3.323,1.612,-135.225,-7.265,10.0233,5.51704,50.0,-1.59428,-13.3758,39.9326,-10.3397,R
20260509KTWO0,2026,4,top,35,1,7번타자 오윤석,64504,오윤석,69045,알칸타라,181,4,260509_180154,F,파울,138,슬라이더,1,2,True,260509_180154,4,4,1.14194,0.7083,3.323,1.612,-123.845,-4.27973,4.50293,5.82285,50.0,-1.4314,7.73564,30.8486,-25.0424,R
20260509KTWO0,2026,4,top,35,1,7번타자 오윤석,64504,오윤석,69045,알칸타라,182,5,260509_180239,F,파울,138,포크,1,2,True,260509_180239,4,5,0.106551,0.7083,3.323,1.612,-124.393,-5.79496,5.85857,5.50132,50.0,-1.61221,-8.3819,32.1145,-21.5639,R
20260509KTWO0,2026,4,top,35,1,7번타자 오윤석,64504,오윤석,69045,알칸타라,183,6,260509_180302,H,타격,151,직구,1,2,True,260509_180302,4,6,0.005186,0.7083,3.323,1.612,-134.882,-4.382,6.27032,5.57127,50.0,-1.66696,-10.0315,36.6349,-14.5955,R
20260509KTWO0,2026,4,top,36,2,8번타자 한승택,63722,한승택,69045,알칸타라,186,1,260509_180337,B,볼,139,슬라이더,1,0,True,260509_180337,4,1,0.975692,0.7083,3.219,1.561,-125.223,-2.91263,5.7,5.8977,50.0,-1.63867,2.99993,29.2848,-24.7642,R
20260509KTWO0,2026,4,top,36,2,8번타자 한승택,63722,한승택,69045,알칸타라,187,2,260509_180352,T,스트라이크,135,포크,1,1,True,260509_180352,4,2,-0.292586,0.7083,3.219,1.561,-121.612,-2.98124,4.32815,5.82835,50.0,-1.52348,-6.77809,29.4939,-26.1466,R
20260509KTWO0,2026,4,top,36,2,8번타자 한승택,63722,한승택,69045,알칸타라,188,3,260509_180407,S,헛스윙,136,포크,1,2,True,260509_180407,4,3,-0.334039,0.7083,3.219,1.561,-122.489,-2.31428,4.3758,5.71803,50.0,-1.62626,-6.23896,27.77,-29.8162,R
20260509KTWO0,2026,4,top,36,2,8번타자 한승택,63722,한승택,69045,알칸타라,189,4,260509_180423,F,파울,152,직구,1,2,True,260509_180423,4,4,-0.061618,0.7083,3.219,1.561,-137.385,-3.66827,7.03053,5.47104,50.0,-1.61255,-15.5376,42.087,-15.8768,R
20260509KTWO0,2026,4,top,36,2,8번타자 한승택,63722,한승택,69045,알칸타라,190,5,260509_180452,F,파울,139,포크,1,2,True,260509_180452,4,5,-0.07664,0.7083,3.219,1.561,-124.709,-6.28095,5.61674,5.50078,50.0,-1.64664,-8.91905,33.4071,-16.038,R
20260509KTWO0,2026,4,top,36,2,8번타자 한승택,63722,한승택,69045,알칸타라,191,6,260509_180523,F,파울,153,직구,1,2,True,260509_180523,4,6,-0.156964,0.7083,3.219,1.561,-136.936,-4.94663,5.66899,5.57271,50.0,-1.69308,-8.58108,39.0239,-11.5334,R
20260509KTWO0,2026,4,top,36,2,8번타자 한승택,63722,한승택,69045,알칸타라,192,7,260509_180546,B,볼,137,슬라이더,2,2,True,260509_180546,4,7,0.883497,0.7083,3.219,1.561,-123.321,-5.66155,3.76496,5.89637,50.0,-1.28977,6.62324,29.8751,-24.2813,R
20260509KTWO0,2026,4,top,36,2,8번타자 한승택,63722,한승택,69045,알칸타라,193,8,260509_180605,F,파울,151,직구,2,2,True,260509_180605,4,8,-0.291704,0.7083,3.219,1.561,-135.746,-6.45477,5.84888,5.51731,50.0,-1.64556,-12.1169,40.16,-13.1702,R
20260509KTWO0,2026,4,top,36,2,8번타자 한승택,63722,한승택,69045,알칸타라,194,9,260509_180643,H,타격,138,포크,2,2,True,260509_180643,4,9,-0.710121,0.7083,3.219,1.561,-123.373,-3.87163,4.17115,5.67529,50.0,-1.58242,-9.97171,31.9021,-27.1923,R
20260509KTWO0,2026,4,top,37,3,9번타자 권동진,51003,권동진,69045,알칸타라,197,1,260509_180722,T,스트라이크,139,슬라이더,0,1,True,260509_180722,4,1,0.382906,0.7083,3.29,1.596,-124.633,-4.09578,3.65792,5.89171,50.0,-1.62423,5.48874,31.8117,-20.08,L
20260509KTWO0,2026,4,top,37,3,9번타자 권동진,51003,권동진,69045,알칸타라,198,2,260509_180739,B,볼,151,직구,1,1,True,260509_180739,4,2,-1.41954,0.7083,3.29,1.596,-134.965,-3.67085,2.88321,5.75677,50.0,-1.73783,-10.6364,40.5654,-9.65361,L
20260509KTWO0,2026,4,top,37,3,9번타자 권동진,51003,권동진,69045,알칸타라,199,3,260509_180757,H,타격,136,포크,1,1,True,260509_180757,4,3,-0.230446,0.7083,3.29,1.596,-122.151,-2.69871,4.31034,5.82005,50.0,-1.4624,-6.65272,29.761,-18.0298,L
20260509KTWO0,2026,4,top,38,4,1번타자 김민혁,64004,김민혁,69045,알칸타라,202,1,260509_180848,T,스트라이크,149,직구,0,1,True,260509_180848,4,1,0.688248,0.7083,3.351,1.625,-133.575,-5.90559,6.95214,5.73116,50.0,-1.52223,-6.60884,37.4795,-9.5712,L
20260509KTWO0,2026,4,top,38,4,1번타자 김민혁,64004,김민혁,69045,알칸타라,203,2,260509_180908,H,타격,133,포크,0,1,True,260509_180908,4,2,-0.874352,0.7083,3.351,1.625,-119.861,-4.79126,2.32029,5.75205,50.0,-1.59436,-3.04432,28.6344,-23.7227,L
20260509KTWO0,2026,4,top,39,5,2번타자 최원준,66606,최원준,69045,알칸타라,207,1,260509_181008,F,파울,136,포크,0,1,True,260509_181008,4,1,-0.106112,0.7083,3.29,1.596,-121.677,-3.0732,3.84058,5.94991,50.0,-1.64268,-1.12835,29.0494,-17.4175,L
20260509KTWO0,2026,4,top,39,5,2번타자 최원준,66606,최원준,69045,알칸타라,208,2,260509_181036,B,볼,135,포크,1,1,True,260509_181036,4,2,-0.993474,0.7083,3.29,1.596,-120.853,-3.98466,2.62356,5.83496,50.0,-1.5549,-6.12972,30.0698,-24.353,L
20260509KTWO0,2026,4,top,39,5,2번타자 최원준,66606,최원준,69045,알칸타라,209,3,260509_181058,H,타격,152,직구,1,1,True,260509_181058,4,3,-0.212591,0.7083,3.29,1.596,-136.854,-3.83559,5.57118,5.7334,50.0,-1.45481,-12.1525,42.1866,-11.9814,L
20260509KTWO0,2026,4,bottom,41,1,5번타자 서건창,78168,서건창,64001,고영표,213,1,260509_181315,B,볼,135,투심,1,0,True,260509_181315,4,1,-1.14512,0.7083,3.267,1.584,-121.197,5.84358,7.02064,3.54759,50.0,-3.11001,-11.3634,28.648,-40.6569,L
20260509KTWO0,2026,4,bottom,41,1,5번타자 서건창,78168,서건창,64001,고영표,214,2,260509_181330,H,타격,136,투심,1,0,True,260509_181330,4,2,-0.761495,0.7083,3.267,1.584,-121.361,5.3324,6.96643,3.58179,50.0,-3.00676,-7.98453,27.2424,-37.9199,L
20260509KTWO0,2026,4,bottom,42,2,6번타자 양현종,55370,양현종,64001,고영표,217,1,260509_181412,T,스트라이크,131,투심,0,1,True,260509_181412,4,1,-0.671346,0.7083,3.256,1.579,-117.372,6.2837,6.54882,3.51885,50.0,-2.84232,-7.44442,27.6663,-37.3098,R
20260509KTWO0,2026,4,bottom,42,2,6번타자 양현종,55370,양현종,64001,고영표,218,2,260509_181438,W,번트파울,116,커브,0,2,True,260509_181438,4,2,-0.137916,0.7083,3.256,1.579,-103.782,5.31602,3.47896,3.50781,50.0,-3.11643,9.84626,21.5243,-31.0361,R
20260509KTWO0,2026,4,bottom,42,2,6번타자 양현종,55370,양현종,64001,고영표,219,3,260509_181518,F,파울,119,체인지업,0,2,True,260509_181518,4,3,-0.108069,0.7083,3.256,1.579,-105.816,6.18142,7.85672,3.53556,50.0,-2.85132,-9.24351,22.0582,-39.3565,R
20260509KTWO0,2026,4,bottom,42,2,6번타자 양현종,55370,양현종,64001,고영표,220,4,260509_181547,B,볼,118,체인지업,1,2,True,260509_181547,4,4,1.57571,0.7083,3.256,1.579,-105.221,4.57497,10.403,3.46098,50.0,-2.6382,-7.69658,23.6492,-38.3857,R
20260509KTWO0,2026,4,bottom,42,2,6번타자 양현종,55370,양현종,64001,고영표,221,5,260509_181610,S,헛스윙,120,체인지업,1,3,True,260509_181610,4,5,0.721209,0.7083,3.256,1.579,-106.838,5.63635,8.85176,3.5067,50.0,-2.70497,-7.48595,23.5693,-39.4939,R
20260509KTWO0,2026,4,bottom,43,3,7번타자 최주환,76267,최주환,64001,고영표,224,1,260509_181645,F,파울,116,체인지업,0,1,True,260509_181645,4,1,0.387536,0.7083,3.206,1.555,-103.671,5.59085,8.18571,3.54644,50.0,-2.74888,-7.79009,23.3321,-37.8224,L
20260509KTWO0,2026,4,bottom,43,3,7번타자 최주환,76267,최주환,64001,고영표,225,2,260509_181714,F,파울,121,체인지업,0,2,True,260509_181714,4,2,-0.429953,0.7083,3.206,1.555,-108.492,5.79277,6.92217,3.44461,50.0,-2.71384,-9.09023,26.9212,-39.1434,L
20260509KTWO0,2026,4,bottom,43,3,7번타자 최주환,76267,최주환,64001,고영표,226,3,260509_181757,B,볼,133,투심,1,2,True,260509_181757,4,3,-0.74956,0.7083,3.206,1.555,-118.89,8.32237,7.90585,3.56141,50.0,-2.93738,-13.2731,28.0701,-37.8725,L
20260509KTWO0,2026,4,bottom,43,3,7번타자 최주환,76267,최주환,64001,고영표,227,4,260509_181823,F,파울,133,투심,1,2,True,260509_181823,4,4,-0.162388,0.7083,3.206,1.555,-118.991,6.5329,9.45322,3.5275,50.0,-2.83274,-15.343,30.0983,-35.9596,L
20260509KTWO0,2026,4,bottom,43,3,7번타자 최주환,76267,최주환,64001,고영표,228,5,260509_181908,F,파울,117,스위퍼,1,2,True,260509_181908,4,5,1.23379,0.7083,3.206,1.555,-104.781,5.02634,5.83881,3.28945,50.0,-2.91052,10.1106,22.1075,-28.4521,L
20260509KTWO0,2026,4,bottom,43,3,7번타자 최주환,76267,최주환,64001,고영표,229,6,260509_181937,F,파울,119,스위퍼,1,2,True,260509_181937,4,6,-0.483611,0.7083,3.206,1.555,-106.092,5.74839,2.66607,3.32594,50.0,-3.05045,10.4664,22.8365,-27.2686,L
20260509KTWO0,2026,4,bottom,43,3,7번타자 최주환,76267,최주환,64001,고영표,230,7,260509_182013,B,볼,134,투심,2,2,True,260509_182013,4,7,-0.206312,0.7083,3.206,1.555,-120.103,8.41659,8.44661,3.50399,50.0,-2.91476,-10.1513,29.6993,-39.8641,L
20260509KTWO0,2026,4,bottom,43,3,7번타자 최주환,76267,최주환,64001,고영표,231,8,260509_182037,B,볼,135,투심,3,2,True,260509_182037,4,8,-1.2682,0.7083,3.206,1.555,-120.559,8.43678,5.86845,3.506,50.0,-2.88199,-9.86472,29.2618,-40.0921,L
20260509KTWO0,2026,4,bottom,43,3,7번타자 최주환,76267,최주환,64001,고영표,233,9,260509_182116,F,파울,117,체인지업,3,2,True,260509_182116,4,9,0.255334,0.7083,3.206,1.555,-104.378,4.63959,7.47939,3.458,50.0,-2.70718,-6.18986,22.5923,-39.9616,L
20260509KTWO0,2026,4,bottom,43,3,7번타자 최주환,76267,최주환,64001,고영표,234,10,260509_182147,F,파울,118,스위퍼,3,2,True,260509_182147,4,10,1.12101,0.7083,3.206,1.555,-105.469,5.14606,6.38281,3.38528,50.0,-2.9234,7.41476,21.9934,-27.4916,L
20260509KTWO0,2026,4,bottom,43,3,7번타자 최주환,76267,최주환,64001,고영표,235,11,260509_182217,F,파울,134,투심,3,2,True,260509_182217,4,11,0.705697,0.7083,3.206,1.555,-119.683,4.63377,11.0434,3.39456,50.0,-2.93256,-12.1917,26.8701,-38.2134,L
20260509KTWO0,2026,4,bottom,43,3,7번타자 최주환,76267,최주환,64001,고영표,236,12,260509_182249,H,타격,135,투심,3,2,True,260509_182249,4,12,0.349905,0.7083,3.206,1.555,-120.725,4.75631,9.40323,3.34932,50.0,-2.85384,-9.18785,30.4311,-38.4773,L
20260509KTWO0,2026,4,bottom,44,4,8번타자 권혁빈,55371,권혁빈,64001,고영표,240,1,260509_182334,T,스트라이크,138,투심,0,1,True,260509_182334,4,1,0.396192,0.7083,3.382,1.64,-122.927,6.28002,10.4238,3.6115,50.0,-2.96459,-11.6898,29.6566,-35.9162,R
20260509KTWO0,2026,4,bottom,44,4,8번타자 권혁빈,55371,권혁빈,64001,고영표,241,2,260509_182348,T,스트라이크,124,체인지업,0,2,True,260509_182348,4,2,0.844861,0.7083,3.382,1.64,-110.626,5.12809,9.63685,3.53733,50.0,-2.67598,-9.15276,24.8783,-37.9531,R
20260509KTWO0,2026,4,bottom,44,4,8번타자 권혁빈,55371,권혁빈,64001,고영표,242,3,260509_182401,H,타격,124,체인지업,0,2,True,260509_182401,4,3,0.489563,0.7083,3.382,1.64,-110.477,5.33939,9.17153,3.55053,50.0,-2.81186,-9.20765,25.2718,-38.0402,R
20260509KTWO0,2026,4,bottom,45,5,9번타자 김건희,53312,김건희,64001,고영표,246,1,260509_182525,H,타격,135,투심,0,0,True,260509_182525,4,1,-1.33267,0.7083,3.393,1.646,-120.499,6.16042,5.76307,3.54949,50.0,-3.08586,-7.89831,29.8854,-38.381,R
20260509KTWO0,2026,4,bottom,46,6,1번타자 박주홍,50357,박주홍,64001,고영표,250,1,260509_182612,T,스트라이크,119,스위퍼,0,1,True,260509_182612,4,1,0.482206,0.7083,3.433,1.665,-106.246,4.73118,4.93673,3.39695,50.0,-3.10034,9.46046,25.3312,-28.8208,L
20260509KTWO0,2026,4,bottom,46,6,1번타자 박주홍,50357,박주홍,64001,고영표,251,2,260509_182633,H,타격,118,스위퍼,0,1,True,260509_182633,4,2,-0.248632,0.7083,3.433,1.665,-105.584,5.27957,2.95241,3.46898,50.0,-3.05736,11.0838,23.2924,-26.3215,L
20260509KTWO0,2026,5,top,48,1,3번타자 김현수,76290,김현수,69045,알칸타라,255,1,260509_182902,T,스트라이크,132,포크,0,1,True,260509_182902,5,1,-0.03113,0.7083,3.483,1.689,-117.386,-2.34599,3.96817,5.96753,50.0,-1.59915,-1.87031,25.4284,-18.2915,L
20260509KTWO0,2026,5,top,48,1,3번타자 김현수,76290,김현수,69045,알칸타라,256,2,260509_182921,H,타격,136,슬라이더,0,1,True,260509_182921,5,2,1.05842,0.7083,3.483,1.689,-121.74,-3.31019,3.86932,5.90139,50.0,-1.51693,10.3135,27.0215,-24.7991,L
20260509KTWO0,2026,5,top,49,2,4번타자 힐리어드,56034,힐리어드,69045,알칸타라,259,1,260509_182958,B,볼,149,직구,1,0,True,260509_182958,5,1,-0.245433,0.7083,3.548,1.721,-134.089,-0.999433,6.06166,5.91771,50.0,-1.72464,-11.6369,39.6384,-10.2563,L
20260509KTWO0,2026,5,top,49,2,4번타자 힐리어드,56034,힐리어드,69045,알칸타라,260,2,260509_183014,B,볼,149,직구,2,0,True,260509_183014,5,2,0.873008,0.7083,3.548,1.721,-132.197,-3.27957,7.85673,5.82316,50.0,-1.53358,-8.76783,33.0611,-9.97691,L
20260509KTWO0,2026,5,top,49,2,4번타자 힐리어드,56034,힐리어드,69045,알칸타라,261,3,260509_183035,S,헛스윙,135,포크,2,1,True,260509_183035,5,3,0.012117,0.7083,3.548,1.721,-120.999,-3.99285,5.83861,5.63536,50.0,-1.60723,-9.65528,30.5672,-22.6974,L
20260509KTWO0,2026,5,top,49,2,4번타자 힐리어드,56034,힐리어드,69045,알칸타라,262,4,260509_183058,B,볼,136,포크,3,1,True,260509_183058,5,4,0.16523,0.7083,3.548,1.721,-121.715,-5.69018,5.09596,5.66236,50.0,-1.58349,-4.71036,30.244,-18.9141,L
20260509KTWO0,2026,5,top,49,2,4번타자 힐리어드,56034,힐리어드,69045,알칸타라,263,5,260509_183123,H,타격,150,직구,3,1,True,260509_183123,5,5,1.02173,0.7083,3.548,1.721,-135.221,-7.94075,8.4784,5.6057,50.0,-1.43491,-11.0282,41.087,-7.94987,L
20260509KTWO0,2026,5,top,50,3,5번타자 유준규,51013,유준규,69045,알칸타라,266,1,260509_183210,T,스트라이크,150,직구,0,1,True,260509_183210,5,1,0.050812,0.7083,3.287,1.594,-134.711,-8.06514,6.0431,5.61847,50.0,-1.66009,-8.42486,39.7346,-6.52577,L
20260509KTWO0,2026,5,top,50,3,5번타자 유준규,51013,유준규,69045,알칸타라,267,2,260509_183226,B,볼,140,슬라이더,1,1,True,260509_183226,5,2,0.984266,0.7083,3.287,1.594,-125.557,-2.7727,4.66985,5.77339,50.0,-1.53936,7.07382,28.5935,-23.8377,L
20260509KTWO0,2026,5,top,50,3,5번타자 유준규,51013,유준규,69045,알칸타라,268,3,260509_183244,H,타격,151,직구,1,1,True,260509_183244,5,3,0.10968,0.7083,3.287,1.594,-135.564,-5.75711,6.79696,5.71811,50.0,-1.63879,-11.7599,41.4158,-6.93275,L
20260509KTWO0,2026,5,top,51,4,6번타자 김상수,79402,김상수,69045,알칸타라,271,1,260509_183316,T,스트라이크,149,직구,0,1,True,260509_183316,5,1,0.816154,0.7083,3.234,1.568,-133.0,-7.91426,7.27476,5.50058,50.0,-1.44111,-7.72418,36.6665,-7.79537,R
20260509KTWO0,2026,5,top,51,4,6번타자 김상수,79402,김상수,69045,알칸타라,272,2,260509_183332,B,볼,135,포크,1,1,True,260509_183332,5,2,0.784896,0.7083,3.234,1.568,-120.838,-6.03141,8.01048,5.61951,50.0,-1.66909,-10.6893,28.0775,-21.8974,R
20260509KTWO0,2026,5,top,51,4,6번타자 김상수,79402,김상수,69045,알칸타라,273,3,260509_183354,H,타격,135,포크,1,1,True,260509_183354,5,3,0.027447,0.7083,3.234,1.568,-121.072,-2.78145,5.96854,5.73673,50.0,-1.65355,-9.58864,30.589,-25.2151,R
20260509KTWO0,2026,5,top,52,5,7번타자 오윤석,64504,오윤석,69045,알칸타라,276,1,260509_183433,B,볼,133,슬라이더,1,0,True,260509_183433,5,1,-0.203789,0.7083,3.323,1.612,-119.633,0.526733,1.3061,6.07129,50.0,-1.54384,8.21628,27.7784,-29.7434,R
20260509KTWO0,2026,5,top,52,5,7번타자 오윤석,64504,오윤석,69045,알칸타라,277,2,260509_183452,T,스트라이크,133,슬라이더,1,1,True,260509_183452,5,2,0.098788,0.7083,3.323,1.612,-119.478,-0.706432,2.24539,6.03523,50.0,-1.50401,6.67971,27.0283,-27.7242,R
20260509KTWO0,2026,5,top,52,5,7번타자 오윤석,64504,오윤석,69045,알칸타라,278,3,260509_183511,F,파울,149,직구,1,2,True,260509_183511,5,3,-0.083587,0.7083,3.323,1.612,-133.572,-5.17538,5.22024,5.83548,50.0,-1.38709,-9.6457,38.0831,-10.0762,R
20260509KTWO0,2026,5,top,52,5,7번타자 오윤석,64504,오윤석,69045,알칸타라,279,4,260509_183544,F,파울,135,포크,1,2,True,260509_183544,5,4,-0.763192,0.7083,3.323,1.612,-121.951,-3.71983,3.67716,5.69058,50.0,-1.64623,-7.53345,29.6603,-26.0779,R
20260509KTWO0,2026,5,top,52,5,7번타자 오윤석,64504,오윤석,69045,알칸타라,280,5,260509_183609,H,타격,148,직구,1,2,True,260509_183609,5,5,-0.003752,0.7083,3.323,1.612,-133.878,-4.98957,6.89484,5.66106,50.0,-1.61963,-14.1322,40.2597,-11.3908,R
20260509KTWO0,2026,5,top,55,6,8번타자 이정훈,67644,이정훈,69045,알칸타라,287,1,260509_183807,B,볼,136,포크,1,0,True,260509_183807,5,1,0.170456,0.7083,3.4,1.649,-121.961,-6.42096,5.11682,5.65149,50.0,-1.42803,-6.41435,29.7335,-21.0717,L
20260509KTWO0,2026,5,top,55,6,8번타자 이정훈,67644,이정훈,69045,알칸타라,288,2,260509_183828,T,스트라이크,150,직구,1,1,True,260509_183828,5,2,-0.259738,0.7083,3.4,1.649,-135.191,-3.35635,4.54287,5.55936,50.0,-1.58549,-5.768,40.1475,-12.7191,L
20260509KTWO0,2026,5,top,55,6,8번타자 이정훈,67644,이정훈,69045,알칸타라,289,3,260509_183849,F,파울,141,슬라이더,1,2,True,260509_183849,5,3,0.117389,0.7083,3.4,1.649,-127.512,-2.32843,2.02524,5.83218,50.0,-1.50425,9.54471,33.0514,-25.6608,L
20260509KTWO0,2026,5,top,55,6,8번타자 이정훈,67644,이정훈,69045,알칸타라,290,4,260509_183915,F,파울,152,직구,1,2,True,260509_183915,5,4,-0.163365,0.7083,3.4,1.649,-135.859,-3.8761,6.01879,5.69989,50.0,-1.5498,-12.5059,35.3329,-6.80595,L
20260509KTWO0,2026,5,top,55,6,8번타자 이정훈,67644,이정훈,69045,알칸타라,291,5,260509_183940,B,볼,137,포크,2,2,True,260509_183940,5,5,-0.812538,0.7083,3.4,1.649,-123.257,-5.03283,4.05714,5.65849,50.0,-1.74592,-8.74571,30.6062,-28.3647,L
20260509KTWO0,2026,5,top,55,6,8번타자 이정훈,67644,이정훈,69045,알칸타라,292,6,260509_184003,B,볼,150,직구,3,2,True,260509_184003,5,6,-0.397218,0.7083,3.4,1.649,-134.556,-1.03606,4.26514,5.62924,50.0,-1.53393,-6.86797,37.549,-12.8031,L
20260509KTWO0,2026,5,top,55,6,8번타자 이정훈,67644,이정훈,69045,알칸타라,293,7,260509_184026,H,타격,138,슬라이더,3,2,True,260509_184026,5,7,0.382794,0.7083,3.4,1.649,-124.612,-3.15726,3.04086,5.86725,50.0,-1.39192,5.87008,29.8566,-25.9235,L
20260509KTWO0,2026,5,bottom,58,1,2번타자 이주형,50167,이주형,64001,고영표,299,1,260509_184235,T,스트라이크,118,커브,0,1,True,260509_184235,5,1,0.389295,0.7083,3.334,1.617,-105.635,5.3444,4.02439,3.41923,50.0,-3.01547,11.7208,22.6384,-32.5445,L
20260509KTWO0,2026,5,bottom,58,1,2번타자 이주형,50167,이주형,64001,고영표,300,2,260509_184248,B,볼,121,체인지업,1,1,True,260509_184248,5,2,-0.874349,0.7083,3.334,1.617,-109.273,3.35256,6.76123,3.46863,50.0,-2.93242,-10.2941,26.7639,-40.7611,L
20260509KTWO0,2026,5,bottom,58,1,2번타자 이주형,50167,이주형,64001,고영표,301,3,260509_184305,T,스트라이크,119,체인지업,1,2,True,260509_184305,5,3,-0.654803,0.7083,3.334,1.617,-105.769,6.69998,6.80931,3.65708,50.0,-2.98997,-8.34456,21.2226,-37.1969,L
20260509KTWO0,2026,5,bottom,58,1,2번타자 이주형,50167,이주형,64001,고영표,302,4,260509_184319,H,타격,120,체인지업,1,2,True,260509_184319,5,4,0.340895,0.7083,3.334,1.617,-106.798,4.71532,8.91736,3.44732,50.0,-2.84743,-9.722,22.6285,-39.6473,L
20260509KTWO0,2026,5,bottom,59,2,3번타자 안치홍,79608,안치홍,64001,고영표,305,1,260509_184352,F,파울,135,투심,0,1,True,260509_184352,5,1,0.119008,0.7083,3.263,1.583,-121.026,4.46025,9.16218,3.60977,50.0,-2.93,-9.63722,29.7946,-39.1954,R
20260509KTWO0,2026,5,bottom,59,2,3번타자 안치홍,79608,안치홍,64001,고영표,306,2,260509_184410,H,타격,119,스위퍼,0,1,True,260509_184410,5,2,1.06468,0.7083,3.263,1.583,-106.478,5.71604,6.09312,3.48349,50.0,-3.13514,10.0676,24.4094,-29.0844,R
20260509KTWO0,2026,5,bottom,60,3,4번타자 임병욱,64346,임병욱,64001,고영표,309,1,260509_184445,H,타격,120,체인지업,0,0,True,260509_184445,5,1,-1.08929,0.7083,3.433,1.665,-107.103,5.43335,5.80212,3.61766,50.0,-2.81089,-9.31428,24.4955,-38.1766,L
20260509KTWO0,2026,6,top,63,1,9번타자 권동진,51003,권동진,51301,김성진,315,1,260509_184919,T,스트라이크,148,투심,0,1,True,260509_184919,6,1,-0.710292,0.7083,3.29,1.596,-132.385,-4.83759,3.99751,5.62896,50.0,-1.55732,-9.37159,34.1032,-14.5219,L
20260509KTWO0,2026,6,top,63,1,9번타자 권동진,51003,권동진,51301,김성진,316,2,260509_184935,B,볼,136,포크,1,1,True,260509_184935,6,2,-1.05953,0.7083,3.29,1.596,-122.104,-1.62459,2.55458,5.6615,50.0,-1.72339,-4.66003,26.7456,-25.7332,L
20260509KTWO0,2026,6,top,63,1,9번타자 권동진,51003,권동진,51301,김성진,317,3,260509_185005,S,헛스윙,146,투심,1,2,True,260509_185005,6,3,-1.10398,0.7083,3.29,1.596,-131.726,-3.51465,3.82784,5.64055,50.0,-1.60816,-12.9022,36.6347,-21.0125,L
20260509KTWO0,2026,6,top,63,1,9번타자 권동진,51003,권동진,51301,김성진,318,4,260509_185024,B,볼,141,포크,2,2,True,260509_185024,6,4,1.29217,0.7083,3.29,1.596,-126.049,-9.03837,7.94358,5.45364,50.0,-1.50693,-5.462,28.7282,-19.1068,L
20260509KTWO0,2026,6,top,63,1,9번타자 권동진,51003,권동진,51301,김성진,319,5,260509_185045,F,파울,149,투심,2,2,True,260509_185045,6,5,-0.428464,0.7083,3.29,1.596,-134.139,-5.43609,5.44162,5.73367,50.0,-1.51318,-13.6382,35.924,-16.0771,L
20260509KTWO0,2026,6,top,63,1,9번타자 권동진,51003,권동진,51301,김성진,320,6,260509_185116,H,타격,147,투심,2,2,True,260509_185116,6,6,-0.521863,0.7083,3.29,1.596,-131.454,-5.17226,5.2617,5.71691,50.0,-1.60699,-12.7306,33.089,-11.5957,L
20260509KTWO0,2026,6,top,64,2,1번타자 김민혁,64004,김민혁,51301,김성진,323,1,260509_185221,B,볼,146,투심,1,0,True,260509_185221,6,1,-1.12359,0.7083,3.351,1.625,-130.607,-4.43787,3.3654,5.56527,50.0,-1.71064,-9.50026,33.7397,-16.27,L
20260509KTWO0,2026,6,top,64,2,1번타자 김민혁,64004,김민혁,51301,김성진,324,2,260509_185243,H,타격,146,투심,1,0,True,260509_185243,6,2,-0.942208,0.7083,3.351,1.625,-131.038,-4.21008,3.6837,5.70059,50.0,-1.58781,-10.3548,37.4304,-17.1257,L
20260509KTWO0,2026,6,top,65,3,2번타자 최원준,66606,최원준,51301,김성진,328,1,260509_185351,B,볼,148,투심,1,0,True,260509_185351,6,1,-1.68214,0.7083,3.29,1.596,-132.433,-2.95777,1.97605,5.64961,50.0,-1.6304,-10.7006,37.0114,-20.15,L
20260509KTWO0,2026,6,top,65,3,2번타자 최원준,66606,최원준,51301,김성진,329,2,260509_185416,T,스트라이크,130,스위퍼,1,1,True,260509_185416,6,2,0.551913,0.7083,3.29,1.596,-116.009,-0.26249,2.23931,5.52467,50.0,-1.93697,14.4186,31.2147,-27.9266,L
20260509KTWO0,2026,6,top,65,3,2번타자 최원준,66606,최원준,51301,김성진,331,3,260509_185501,H,타격,146,직구,1,1,True,260509_185501,6,3,-0.129738,0.7083,3.29,1.596,-131.481,-5.24488,6.29394,5.58811,50.0,-1.58554,-13.2566,39.4549,-16.2053,L
20260509KTWO0,2026,6,top,66,4,3번타자 김현수,76290,김현수,51301,김성진,335,1,260509_185549,B,볼,132,스위퍼,1,0,True,260509_185549,6,1,0.282574,0.7083,3.483,1.689,-117.408,-3.18692,2.62663,5.47427,50.0,-2.03517,11.4385,32.0439,-25.9241,L
20260509KTWO0,2026,6,top,66,4,3번타자 김현수,76290,김현수,51301,김성진,336,2,260509_185609,T,스트라이크,147,투심,1,1,True,260509_185609,6,2,0.514483,0.7083,3.483,1.689,-131.806,-5.85662,6.76373,5.68429,50.0,-1.50221,-8.40244,35.7547,-12.6627,L
20260509KTWO0,2026,6,top,66,4,3번타자 김현수,76290,김현수,51301,김성진,337,3,260509_185633,B,볼,131,스위퍼,2,1,True,260509_185633,6,3,0.163853,0.7083,3.483,1.689,-116.881,2.71236,1.93777,5.71423,50.0,-2.06195,13.4608,31.486,-29.1682,L
20260509KTWO0,2026,6,top,66,4,3번타자 김현수,76290,김현수,51301,김성진,338,4,260509_185656,S,헛스윙,137,포크,2,2,True,260509_185656,6,4,-0.438412,0.7083,3.483,1.689,-123.698,-6.11865,4.38079,5.48369,50.0,-1.61752,-7.52221,32.8756,-22.7707,L
20260509KTWO0,2026,6,top,66,4,3번타자 김현수,76290,김현수,51301,김성진,339,5,260509_185724,H,타격,131,스위퍼,2,2,True,260509_185724,6,5,-0.175298,0.7083,3.483,1.689,-117.543,0.354378,0.399034,5.64412,50.0,-1.94893,16.2042,29.2909,-27.644,L
20260509KTWO0,2026,6,top,67,5,4번타자 힐리어드,56034,힐리어드,51301,김성진,342,1,260509_185812,S,헛스윙,149,투심,0,1,True,260509_185812,6,1,-1.0248,0.7083,3.548,1.721,-133.047,-6.02633,3.92755,5.58313,50.0,-1.65854,-11.7905,37.1886,-17.0276,L
20260509KTWO0,2026,6,top,67,5,4번타자 힐리어드,56034,힐리어드,51301,김성진,343,2,260509_185836,T,스트라이크,148,직구,0,2,True,260509_185836,6,2,0.374274,0.7083,3.548,1.721,-132.622,-2.55209,7.04236,5.54224,50.0,-1.73306,-8.65687,40.0494,-15.8437,L
20260509KTWO0,2026,6,top,67,5,4번타자 힐리어드,56034,힐리어드,51301,김성진,344,3,260509_185902,B,볼,140,포크,1,2,True,260509_185902,6,3,-0.291939,0.7083,3.548,1.721,-125.647,-6.14662,4.5988,5.58082,50.0,-1.57871,-7.22075,33.1741,-20.9649,L
20260509KTWO0,2026,6,top,67,5,4번타자 힐리어드,56034,힐리어드,51301,김성진,345,4,260509_185944,B,볼,148,직구,2,2,True,260509_185944,6,4,-0.635071,0.7083,3.548,1.721,-132.544,-1.46694,4.56938,5.76243,50.0,-1.76728,-8.60766,37.7326,-14.3263,L
20260509KTWO0,2026,6,top,67,5,4번타자 힐리어드,56034,힐리어드,51301,김성진,346,5,260509_190010,F,파울,139,포크,2,2,True,260509_190010,6,5,-0.7099,0.7083,3.548,1.721,-125.281,-1.20629,3.83001,5.70936,50.0,-1.73826,-6.53962,33.7382,-24.1961,L
20260509KTWO0,2026,6,top,67,5,4번타자 힐리어드,56034,힐리어드,51301,김성진,347,6,260509_190045,B,볼,150,투심,3,2,True,260509_190045,6,6,-1.34544,0.7083,3.548,1.721,-134.113,-4.16808,2.6195,5.73469,50.0,-1.64462,-9.53167,36.0307,-15.1551,L
20260509KTWO0,2026,6,bottom,70,1,5번타자 서건창,78168,서건창,69041,손동현,353,1,260509_190308,B,볼,145,직구,1,0,True,260509_190308,6,1,-1.18506,0.7083,3.267,1.584,-130.385,-1.98941,2.26712,5.66196,50.0,-1.61822,-5.91924,37.733,-10.6929,L
20260509KTWO0,2026,6,bottom,70,1,5번타자 서건창,78168,서건창,69041,손동현,354,2,260509_190325,B,볼,146,직구,2,0,True,260509_190325,6,2,-0.156792,0.7083,3.267,1.584,-130.98,-2.0455,4.54247,5.63596,50.0,-1.41121,-7.0065,37.0423,-8.82373,L
20260509KTWO0,2026,6,bottom,70,1,5번타자 서건창,78168,서건창,69041,손동현,355,3,260509_190342,H,타격,142,직구,2,0,True,260509_190342,6,3,0.249345,0.7083,3.267,1.584,-126.991,-4.10955,5.15301,5.50157,50.0,-1.35331,-6.07643,33.343,-9.3631,L
20260509KTWO0,2026,6,bottom,71,2,6번타자 양현종,55370,양현종,69041,손동현,358,1,260509_190419,T,스트라이크,147,직구,0,1,True,260509_190419,6,1,0.370834,0.7083,3.256,1.579,-132.376,-7.00453,5.66944,5.49572,50.0,-1.24988,-7.92087,37.9469,-7.72637,R
20260509KTWO0,2026,6,bottom,71,2,6번타자 양현종,55370,양현종,69041,손동현,359,2,260509_190435,T,스트라이크,147,직구,0,2,True,260509_190435,6,2,0.788205,0.7083,3.256,1.579,-131.491,-5.84642,7.02984,5.48074,50.0,-1.22575,-9.78314,34.1127,-7.53482,R
20260509KTWO0,2026,6,bottom,71,2,6번타자 양현종,55370,양현종,69041,손동현,360,3,260509_190451,B,볼,126,포크,1,2,True,260509_190451,6,3,1.26426,0.7083,3.256,1.579,-113.701,-2.73679,6.72338,5.7224,50.0,-0.906633,-8.70727,28.2351,-24.7026,R
20260509KTWO0,2026,6,bottom,71,2,6번타자 양현종,55370,양현종,69041,손동현,361,4,260509_190508,H,타격,126,포크,1,2,True,260509_190508,6,4,0.383296,0.7083,3.256,1.579,-113.17,-4.17708,4.05874,5.71218,50.0,-1.01287,-4.4725,27.2608,-20.6209,R
20260509KTWO0,2026,6,bottom,72,3,7번타자 최주환,76267,최주환,69041,손동현,364,1,260509_190546,B,볼,115,커브,1,0,True,260509_190546,6,1,-0.083815,0.7083,3.206,1.555,-103.777,1.07038,-0.073069,5.85088,50.0,-1.20463,9.12554,23.4947,-38.541,L
20260509KTWO0,2026,6,bottom,72,3,7번타자 최주환,76267,최주환,69041,손동현,365,2,260509_190601,F,파울,126,포크,1,1,True,260509_190601,6,2,0.158073,0.7083,3.206,1.555,-113.662,-3.82831,4.0777,5.64114,50.0,-1.19338,-4.92258,26.4532,-21.1596,L
20260509KTWO0,2026,6,bottom,72,3,7번타자 최주환,76267,최주환,69041,손동현,366,3,260509_190624,B,볼,119,커브,2,1,True,260509_190624,6,3,-1.05745,0.7083,3.206,1.555,-106.468,2.75775,-1.15413,5.97167,50.0,-1.35605,7.20515,23.6869,-37.1105,L
20260509KTWO0,2026,6,bottom,72,3,7번타자 최주환,76267,최주환,69041,손동현,367,4,260509_190641,F,파울,125,포크,2,2,True,260509_190641,6,4,0.15401,0.7083,3.206,1.555,-111.775,-0.075239,3.08667,5.83804,50.0,-1.10046,-1.66805,24.623,-23.4192,L
20260509KTWO0,2026,6,bottom,72,3,7번타자 최주환,76267,최주환,69041,손동현,368,5,260509_190703,F,파울,126,포크,2,2,True,260509_190703,6,5,-0.449496,0.7083,3.206,1.555,-112.902,-1.99202,2.94529,5.72337,50.0,-1.11413,-6.52196,27.5338,-29.6904,L
20260509KTWO0,2026,6,bottom,72,3,7번타자 최주환,76267,최주환,69041,손동현,369,6,260509_190726,B,볼,145,직구,3,2,True,260509_190726,6,6,-0.445722,0.7083,3.206,1.555,-130.381,0.485814,2.87178,5.78197,50.0,-1.37971,-2.70459,37.0891,-8.85062,L
20260509KTWO0,2026,6,bottom,72,3,7번타자 최주환,76267,최주환,69041,손동현,370,7,260509_190748,F,파울,123,포크,3,2,True,260509_190748,6,7,-0.31849,0.7083,3.206,1.555,-109.78,0.684058,2.61463,5.7951,50.0,-1.00463,-4.92123,23.3488,-26.3438,L
20260509KTWO0,2026,6,bottom,72,3,7번타자 최주환,76267,최주환,69041,손동현,371,8,260509_190840,H,타격,119,커브,3,2,True,260509_190840,6,8,0.425832,0.7083,3.206,1.555,-106.564,1.04388,0.901895,5.88355,50.0,-1.04234,8.65701,22.339,-37.3087,L
20260509KTWO0,2026,6,bottom,75,4,8번타자 이주형,51302,이주형,69041,손동현,376,1,260509_190925,T,스트라이크,124,포크,0,1,True,260509_190925,6,1,-0.080035,0.7083,3.347,1.623,-111.21,1.59039,3.49602,5.8005,50.0,-1.1354,-5.2788,22.7726,-31.3409,L
20260509KTWO0,2026,6,bottom,75,4,8번타자 이주형,51302,이주형,69041,손동현,377,2,260509_190941,B,볼,145,직구,1,1,True,260509_190941,6,2,0.06931,0.7083,3.347,1.623,-129.969,0.557058,5.36563,5.69481,50.0,-1.33957,-9.23084,34.6436,-9.75687,L
20260509KTWO0,2026,6,bottom,75,4,8번타자 이주형,51302,이주형,69041,손동현,378,3,260509_191001,S,헛스윙,124,포크,1,2,True,260509_191001,6,3,-0.525585,0.7083,3.347,1.623,-111.95,-3.81809,2.5107,5.56425,50.0,-1.06638,-5.7945,26.6711,-27.7089,L
20260509KTWO0,2026,6,bottom,75,4,8번타자 이주형,51302,이주형,69041,손동현,379,4,260509_191022,S,헛스윙,126,포크,1,3,True,260509_191022,6,4,-0.534129,0.7083,3.347,1.623,-113.182,-1.87568,3.85584,5.70999,50.0,-1.3057,-9.47214,26.1286,-27.184,L
20260509KTWO0,2026,7,top,78,1,4번타자 힐리어드,56034,힐리어드,56348,유토,386,1,260509_191250,B,볼,111,커브,1,0,True,260509_191250,7,1,-1.27498,0.7083,3.548,1.721,-99.3111,2.2536,-1.69415,5.88714,50.0,-1.61432,8.95057,19.6362,-31.5782,L
20260509KTWO0,2026,7,top,78,1,4번타자 힐리어드,56034,힐리어드,56348,유토,387,2,260509_191306,T,스트라이크,149,직구,1,1,True,260509_191306,7,2,-0.774352,0.7083,3.548,1.721,-132.882,-8.77094,2.47834,5.64301,50.0,-1.43036,-4.10175,35.7903,-2.58851,L
20260509KTWO0,2026,7,top,78,1,4번타자 힐리어드,56034,힐리어드,56348,유토,388,3,260509_191325,H,타격,149,직구,1,1,True,260509_191325,7,3,-0.90493,0.7083,3.548,1.721,-133.691,-5.17368,2.80008,5.72268,50.0,-1.57805,-5.52553,40.6161,-10.444,L
20260509KTWO0,2026,7,top,79,2,5번타자 유준규,51013,유준규,56348,유토,392,1,260509_191433,W,번트파울,147,직구,0,1,True,260509_191433,7,1,0.329747,0.7083,3.287,1.594,-132.415,-7.2114,4.47685,5.58153,50.0,-1.27013,-2.1361,37.8505,-5.09842,L
20260509KTWO0,2026,7,top,79,2,5번타자 유준규,51013,유준규,56348,유토,393,2,260509_191514,H,타격,148,직구,0,1,True,260509_191514,7,2,0.364272,0.7083,3.287,1.594,-132.526,-4.88884,4.92044,5.62454,50.0,-1.31755,-3.17939,33.4539,-7.58818,L
20260509KTWO0,2026,7,top,80,3,6번타자 김상수,79402,김상수,56348,유토,397,1,260509_191601,T,스트라이크,146,직구,0,1,True,260509_191601,7,1,0.854496,0.7083,3.234,1.568,-131.316,-8.50521,5.56675,5.49408,50.0,-1.1001,-3.40625,40.5665,-5.38651,R
20260509KTWO0,2026,7,top,80,3,6번타자 김상수,79402,김상수,56348,유토,398,2,260509_191623,B,볼,134,포크,1,1,True,260509_191623,7,2,0.734677,0.7083,3.234,1.568,-118.892,-9.27178,5.7651,5.43462,50.0,-1.2257,-5.82967,27.0912,-16.1799,R
20260509KTWO0,2026,7,top,80,3,6번타자 김상수,79402,김상수,56348,유토,400,3,260509_191707,H,타격,149,직구,1,1,True,260509_191707,7,3,0.22654,0.7083,3.234,1.568,-133.782,-7.02362,4.7206,5.59258,50.0,-1.19094,-5.64065,41.2431,-4.65121,R
20260509KTWO0,2026,7,top,81,4,7번타자 오윤석,64504,오윤석,56348,유토,404,1,260509_191748,S,헛스윙,148,직구,0,1,True,260509_191748,7,1,0.777047,0.7083,3.323,1.612,-132.827,-9.10754,5.07469,5.54114,50.0,-1.19255,-0.346649,38.295,-3.28939,R
20260509KTWO0,2026,7,top,81,4,7번타자 오윤석,64504,오윤석,56348,유토,405,2,260509_191824,F,파울,149,직구,0,2,True,260509_191824,7,2,0.510666,0.7083,3.323,1.612,-133.592,-7.91454,5.32033,5.52233,50.0,-1.34222,-2.92278,37.027,-3.66404,R
20260509KTWO0,2026,7,top,81,4,7번타자 오윤석,64504,오윤석,56348,유토,406,3,260509_191853,F,파울,136,포크,0,2,True,260509_191853,7,3,0.423255,0.7083,3.323,1.612,-121.763,-5.70033,4.00357,5.50118,50.0,-1.2614,-0.235468,28.5811,-17.1342,R
20260509KTWO0,2026,7,top,81,4,7번타자 오윤석,64504,오윤석,56348,유토,407,4,260509_191921,B,볼,149,직구,1,2,True,260509_191921,7,4,1.07283,0.7083,3.323,1.612,-134.127,-5.92726,6.86152,5.66515,50.0,-1.2977,-3.94457,38.0674,-1.50426,R
20260509KTWO0,2026,7,top,81,4,7번타자 오윤석,64504,오윤석,56348,유토,408,5,260509_191944,B,볼,135,포크,2,2,True,260509_191944,7,5,0.328515,0.7083,3.323,1.612,-120.814,-8.51021,5.23096,5.29351,50.0,-1.27765,-6.97306,29.5454,-20.6474,R
20260509KTWO0,2026,7,top,81,4,7번타자 오윤석,64504,오윤석,56348,유토,409,6,260509_192014,H,타격,147,직구,2,2,True,260509_192014,7,6,0.788227,0.7083,3.323,1.612,-131.775,-8.90217,6.95336,5.54639,50.0,-1.34081,-7.98297,37.4389,-5.63006,R
20260509KTWO0,2026,7,top,84,5,8번타자 장성우,78548,장성우,56348,유토,416,1,260509_192157,B,볼,116,커브,1,0,True,260509_192157,7,1,1.23179,0.7083,3.455,1.676,-104.221,0.168574,3.4177,5.65425,50.0,-1.43238,7.66611,22.2488,-33.1122,R
20260509KTWO0,2026,7,top,84,5,8번타자 장성우,78548,장성우,56348,유토,417,2,260509_192217,H,타격,147,직구,1,0,True,260509_192217,7,2,-0.060008,0.7083,3.455,1.676,-131.487,-6.56345,4.75486,5.52899,50.0,-1.26548,-8.66249,37.4058,-7.10128,R
20260509KTWO0,2026,7,bottom,87,1,9번타자 김건희,53312,김건희,56011,스기모토,425,1,260509_192514,B,볼,151,직구,1,0,True,260509_192514,7,1,-0.003457,0.7083,3.393,1.646,-134.677,-9.87094,2.28779,5.50494,50.0,-0.972893,1.11214,38.2272,-6.37495,R
20260509KTWO0,2026,7,bottom,87,1,9번타자 김건희,53312,김건희,56011,스기모토,426,2,260509_192530,T,스트라이크,140,커터,1,1,True,260509_192530,7,2,0.831531,0.7083,3.393,1.646,-125.673,-2.48631,3.47387,5.52517,50.0,-1.09922,5.73637,32.1538,-22.5858,R
20260509KTWO0,2026,7,bottom,87,1,9번타자 김건희,53312,김건희,56011,스기모토,427,3,260509_192555,B,볼,139,커터,2,1,True,260509_192555,7,3,1.44045,0.7083,3.393,1.646,-125.149,-3.16514,5.07751,5.63388,50.0,-1.07198,4.72748,30.3769,-19.8326,R
20260509KTWO0,2026,7,bottom,87,1,9번타자 김건희,53312,김건희,56011,스기모토,428,4,260509_192613,H,타격,143,커터,2,1,True,260509_192613,7,4,0.289346,0.7083,3.393,1.646,-128.301,-2.72045,2.99219,5.4146,50.0,-1.26765,4.27553,30.9177,-24.3374,R
20260509KTWO0,2026,7,bottom,88,2,1번타자 박주홍,50357,박주홍,56011,스기모토,431,1,260509_192649,T,스트라이크,134,슬라이더,0,1,True,260509_192649,7,1,0.420842,0.7083,3.433,1.665,-120.355,-1.59939,3.36884,5.59405,50.0,-1.34557,3.36028,28.3573,-31.4309,L
20260509KTWO0,2026,7,bottom,88,2,1번타자 박주홍,50357,박주홍,56011,스기모토,432,2,260509_192708,T,스트라이크,120,커브,0,2,True,260509_192708,7,2,0.105309,0.7083,3.433,1.665,-108.151,1.19382,0.932404,5.68359,50.0,-1.25666,7.69757,27.6447,-34.4705,L
20260509KTWO0,2026,7,bottom,88,2,1번타자 박주홍,50357,박주홍,56011,스기모토,433,3,260509_192730,B,볼,144,커터,1,2,True,260509_192730,7,3,-0.866486,0.7083,3.433,1.665,-129.374,0.631163,1.10145,5.51994,50.0,-1.57128,3.28497,31.58,-19.7241,L
20260509KTWO0,2026,7,bottom,88,2,1번타자 박주홍,50357,박주홍,56011,스기모토,434,4,260509_192749,S,헛스윙,121,커브,1,3,True,260509_192749,7,4,0.630839,0.7083,3.433,1.665,-108.541,-1.84653,2.42401,5.53769,50.0,-1.09745,4.84263,25.5878,-36.8433,L
20260509KTWO0,2026,7,bottom,89,3,2번타자 이주형,50167,이주형,56011,스기모토,437,1,260509_192823,T,스트라이크,144,커터,0,1,True,260509_192823,7,1,-0.342401,0.7083,3.334,1.617,-129.317,-2.3171,1.87927,5.24253,50.0,-1.48417,4.85012,31.2197,-22.7725,L
20260509KTWO0,2026,7,bottom,89,3,2번타자 이주형,50167,이주형,56011,스기모토,438,2,260509_192840,S,헛스윙,120,커브,0,2,True,260509_192840,7,2,-0.856093,0.7083,3.334,1.617,-107.81,2.82926,-1.92989,5.68426,50.0,-1.10709,10.1187,24.6267,-39.5384,L
20260509KTWO0,2026,7,bottom,89,3,2번타자 이주형,50167,이주형,56011,스기모토,439,3,260509_192900,B,볼,145,커터,1,2,True,260509_192900,7,3,-0.521988,0.7083,3.334,1.617,-130.022,1.32155,1.82684,5.44824,50.0,-1.53191,3.51846,32.9321,-21.8647,L
20260509KTWO0,2026,7,bottom,89,3,2번타자 이주형,50167,이주형,56011,스기모토,440,4,260509_192920,B,볼,144,커터,2,2,True,260509_192920,7,4,-1.99562,0.7083,3.334,1.617,-129.633,-4.62678,-1.48207,5.20104,50.0,-1.71091,3.85132,32.3691,-18.9404,L
20260509KTWO0,2026,7,bottom,89,3,2번타자 이주형,50167,이주형,56011,스기모토,441,5,260509_192940,H,타격,123,커브,2,2,True,260509_192940,7,5,-0.517208,0.7083,3.334,1.617,-110.188,2.57481,-1.23728,5.55908,50.0,-1.29712,12.1306,26.851,-37.4803,L
20260509KTWO0,2026,7,bottom,90,4,3번타자 안치홍,79608,안치홍,56011,스기모토,444,1,260509_193030,B,볼,144,커터,1,0,True,260509_193030,7,1,1.31736,0.7083,3.263,1.583,-129.059,-4.3195,5.04905,5.40617,50.0,-1.13275,5.07543,34.1222,-20.7766,R
20260509KTWO0,2026,7,bottom,90,4,3번타자 안치홍,79608,안치홍,56011,스기모토,445,2,260509_193048,H,타격,144,커터,1,0,True,260509_193048,7,2,0.077717,0.7083,3.263,1.583,-128.878,-2.71961,2.29704,5.4053,50.0,-1.38602,6.73737,29.9819,-16.5402,R
20260509KTWO0,2026,8,top,93,1,9번타자 권동진,51003,권동진,67116,오석주,451,1,260509_193310,B,볼,137,직구,1,0,True,260509_193310,8,1,-0.54384,0.7083,3.29,1.596,-123.089,-2.85038,4.17275,6.06082,50.0,-2.18503,-1.3463,29.8393,-14.6286,L
20260509KTWO0,2026,8,top,93,1,9번타자 권동진,51003,권동진,67116,오석주,452,2,260509_193328,T,스트라이크,139,직구,1,1,True,260509_193328,8,2,0.494246,0.7083,3.29,1.596,-124.466,-6.29908,6.84201,5.95286,50.0,-2.05954,-3.47033,30.5952,-13.0481,L
20260509KTWO0,2026,8,top,93,1,9번타자 권동진,51003,권동진,67116,오석주,453,3,260509_193346,F,파울,110,커브,1,2,True,260509_193346,8,3,0.568043,0.7083,3.29,1.596,-98.657,2.39903,2.63808,6.34203,50.0,-2.22155,9.69413,23.6827,-40.4729,L
20260509KTWO0,2026,8,top,93,1,9번타자 권동진,51003,권동진,67116,오석주,454,4,260509_193418,H,타격,124,포크,1,2,True,260509_193418,8,4,-1.07801,0.7083,3.29,1.596,-110.961,-1.92709,3.58657,6.24085,50.0,-2.21016,-5.01145,25.8723,-25.3759,L
20260509KTWO0,2026,8,top,94,2,1번타자 김민혁,64004,김민혁,67116,오석주,457,1,260509_193501,H,타격,140,직구,0,0,True,260509_193501,8,1,-0.418872,0.7083,3.351,1.625,-125.625,-6.64154,4.87135,5.89994,50.0,-2.25917,-2.1665,34.7215,-13.244,L
20260509KTWO0,2026,8,top,95,3,2번타자 최원준,66606,최원준,67116,오석주,461,1,260509_193548,T,스트라이크,108,커브,0,1,True,260509_193548,8,1,0.713851,0.7083,3.29,1.596,-97.1563,2.89864,2.52671,6.24317,50.0,-2.15861,10.1227,24.0745,-41.4298,L
20260509KTWO0,2026,8,top,95,3,2번타자 최원준,66606,최원준,67116,오석주,462,2,260509_193611,T,스트라이크,125,포크,0,2,True,260509_193611,8,2,-0.632983,0.7083,3.29,1.596,-111.7,-1.58124,4.33582,6.11407,50.0,-2.0281,-5.74305,24.4197,-19.775,L
20260509KTWO0,2026,8,top,95,3,2번타자 최원준,66606,최원준,67116,오석주,463,3,260509_193637,B,볼,143,직구,1,2,True,260509_193637,8,3,-0.258528,0.7083,3.29,1.596,-127.411,-2.04986,3.17964,6.20013,50.0,-1.78988,2.81698,32.2125,-10.092,L
20260509KTWO0,2026,8,top,95,3,2번타자 최원준,66606,최원준,67116,오석주,464,4,260509_193702,T,스트라이크,126,포크,1,3,True,260509_193702,8,4,0.08465,0.7083,3.29,1.596,-113.257,-6.09289,4.9098,6.03457,50.0,-1.81094,-3.57187,30.8292,-15.0645,L
20260509KTWO0,2026,8,top,96,4,3번타자 김현수,76290,김현수,67116,오석주,467,1,260509_193739,B,볼,140,직구,1,0,True,260509_193739,8,1,1.4228,0.7083,3.483,1.689,-125.949,-4.74099,8.09703,6.10524,50.0,-1.82722,-1.224,33.7438,-11.3931,L
20260509KTWO0,2026,8,top,96,4,3번타자 김현수,76290,김현수,67116,오석주,468,2,260509_193800,B,볼,123,포크,2,0,True,260509_193800,8,2,-0.037217,0.7083,3.483,1.689,-109.306,0.683518,4.14865,6.20978,50.0,-1.9808,-0.403365,27.2868,-20.9664,L
20260509KTWO0,2026,8,top,96,4,3번타자 김현수,76290,김현수,67116,오석주,469,3,260509_193823,H,타격,112,커브,2,0,True,260509_193823,8,3,0.116008,0.7083,3.483,1.689,-100.65,1.15949,1.18856,6.20039,50.0,-2.13401,11.9421,24.0614,-40.0931,L
20260509KTWO0,2026,8,bottom,99,1,4번타자 임병욱,64346,임병욱,61666,한승혁,475,1,260509_194057,S,헛스윙,138,슬라이더,0,1,True,260509_194057,8,1,0.50982,0.7083,3.433,1.665,-123.827,-9.06567,2.89399,5.8856,50.0,-1.11708,4.74683,28.9101,-13.5911,L
20260509KTWO0,2026,8,bottom,99,1,4번타자 임병욱,64346,임병욱,61666,한승혁,476,2,260509_194113,B,볼,112,커브,1,1,True,260509_194113,8,2,-1.11158,0.7083,3.433,1.665,-100.321,5.07837,-2.63119,6.54259,50.0,-1.17106,10.5501,21.5729,-38.3043,L
20260509KTWO0,2026,8,bottom,99,1,4번타자 임병욱,64346,임병욱,61666,한승혁,477,3,260509_194129,F,파울,136,슬라이더,1,2,True,260509_194129,8,3,0.802853,0.7083,3.433,1.665,-122.145,-5.89764,3.40208,5.84622,50.0,-1.19608,6.1713,28.1373,-23.1033,L
20260509KTWO0,2026,8,bottom,99,1,4번타자 임병욱,64346,임병욱,61666,한승혁,478,4,260509_194156,B,볼,116,커브,2,2,True,260509_194156,8,4,1.30561,0.7083,3.433,1.665,-104.465,-2.55235,1.98065,6.1532,50.0,-0.952889,9.91133,26.5927,-35.6597,L
20260509KTWO0,2026,8,bottom,99,1,4번타자 임병욱,64346,임병욱,61666,한승혁,479,5,260509_194218,T,스트라이크,115,커브,2,3,True,260509_194218,8,5,-0.256292,0.7083,3.433,1.665,-102.502,2.47665,-1.57203,6.44107,50.0,-1.0417,12.2524,22.0022,-34.3941,L
20260509KTWO0,2026,8,bottom,100,2,5번타자 서건창,78168,서건창,61666,한승혁,482,1,260509_194247,B,볼,149,직구,1,0,True,260509_194247,8,1,-0.019159,0.7083,3.267,1.584,-133.202,-9.20792,5.05256,5.8129,50.0,-1.08989,-11.8359,36.2328,-15.5825,L
20260509KTWO0,2026,8,bottom,100,2,5번타자 서건창,78168,서건창,61666,한승혁,483,2,260509_194301,F,파울,146,직구,1,1,True,260509_194301,8,2,0.054328,0.7083,3.267,1.584,-131.148,-6.79573,4.56125,5.83662,50.0,-1.09246,-8.43822,36.3513,-17.5574,L
20260509KTWO0,2026,8,bottom,100,2,5번타자 서건창,78168,서건창,61666,한승혁,484,3,260509_194323,H,타격,147,직구,1,1,True,260509_194323,8,3,-0.902815,0.7083,3.267,1.584,-130.886,-4.96103,2.0309,5.85535,50.0,-1.20403,-6.42004,31.3082,-20.182,L
20260509KTWO0,2026,8,bottom,101,3,6번타자 양현종,55370,양현종,61666,한승혁,487,1,260509_194403,B,볼,135,슬라이더,1,0,True,260509_194403,8,1,-0.481897,0.7083,3.256,1.579,-121.237,-5.64217,0.503523,5.87611,50.0,-1.16539,5.06288,30.2455,-22.7505,R
20260509KTWO0,2026,8,bottom,101,3,6번타자 양현종,55370,양현종,61666,한승혁,488,2,260509_194419,B,볼,138,슬라이더,2,0,True,260509_194419,8,2,0.944382,0.7083,3.256,1.579,-124.022,-8.48457,4.10942,5.8193,50.0,-1.10908,3.72271,31.5339,-18.5691,R
20260509KTWO0,2026,8,bottom,101,3,6번타자 양현종,55370,양현종,61666,한승혁,489,3,260509_194446,B,볼,147,직구,3,0,True,260509_194446,8,3,0.917217,0.7083,3.256,1.579,-131.606,-5.64233,5.87616,6.00472,50.0,-1.00807,-4.9717,31.4167,-12.1673,R
20260509KTWO0,2026,8,bottom,101,3,6번타자 양현종,55370,양현종,61666,한승혁,490,4,260509_194501,B,볼,148,직구,4,0,True,260509_194501,8,4,0.085749,0.7083,3.256,1.579,-133.081,-8.77626,4.74402,5.78973,50.0,-1.05211,-9.40368,38.4639,-14.0739,R
20260509KTWO0,2026,8,bottom,102,4,7번타자 최주환,76267,최주환,61666,한승혁,493,1,260509_194541,B,볼,140,슬라이더,1,0,True,260509_194541,8,1,1.09922,0.7083,3.206,1.555,-126.01,-7.8948,3.79409,5.84443,50.0,-1.10048,7.51004,30.7559,-20.5018,L
20260509KTWO0,2026,8,bottom,102,4,7번타자 최주환,76267,최주환,61666,한승혁,494,2,260509_194608,F,파울,138,슬라이더,1,1,True,260509_194608,8,2,0.871073,0.7083,3.206,1.555,-123.675,-5.49061,2.54054,5.81249,50.0,-1.08902,10.1321,29.9569,-19.7447,L
20260509KTWO0,2026,8,bottom,102,4,7번타자 최주환,76267,최주환,61666,한승혁,495,3,260509_194637,F,파울,140,슬라이더,1,2,True,260509_194637,8,3,-0.586703,0.7083,3.206,1.555,-125.623,-4.78949,0.74123,5.87088,50.0,-1.22803,3.92649,30.5605,-17.339,L
20260509KTWO0,2026,8,bottom,102,4,7번타자 최주환,76267,최주환,61666,한승혁,496,4,260509_194706,F,파울,115,커브,1,2,True,260509_194706,8,4,-0.222972,0.7083,3.206,1.555,-103.592,3.25444,-1.01653,6.44064,50.0,-0.969797,9.77116,26.2629,-38.4855,L
20260509KTWO0,2026,8,bottom,102,4,7번타자 최주환,76267,최주환,61666,한승혁,498,5,260509_194746,B,볼,148,직구,2,2,True,260509_194746,8,5,-1.35707,0.7083,3.206,1.555,-133.554,-0.753061,0.760652,6.03282,50.0,-1.22735,-5.61514,36.0169,-18.2414,L
20260509KTWO0,2026,8,bottom,102,4,7번타자 최주환,76267,최주환,61666,한승혁,499,6,260509_194806,B,볼,147,직구,3,2,True,260509_194806,8,6,-0.193107,0.7083,3.206,1.555,-131.638,-2.33014,4.01517,6.01759,50.0,-1.28871,-6.24856,31.8039,-15.7444,L
20260509KTWO0,2026,8,bottom,102,4,7번타자 최주환,76267,최주환,61666,한승혁,500,7,260509_194830,S,헛스윙,150,직구,3,3,True,260509_194830,8,7,-0.340667,0.7083,3.206,1.555,-134.959,-6.7834,3.22955,5.8976,50.0,-1.14661,-5.89622,35.2184,-5.52711,L
20260509KTWO0,2026,9,top,105,1,4번타자 힐리어드,56034,힐리어드,76118,원종현,506,1,260509_195054,T,스트라이크,136,슬라이더,0,1,True,260509_195054,9,1,-0.712517,0.7083,3.548,1.721,-123.416,-1.11528,0.836644,5.15899,50.0,-1.53294,5.24736,31.3793,-24.3193,L
20260509KTWO0,2026,9,top,105,1,4번타자 힐리어드,56034,힐리어드,76118,원종현,507,2,260509_195110,B,볼,149,직구,1,1,True,260509_195110,9,2,-1.15716,0.7083,3.548,1.721,-134.303,-1.41571,1.91732,5.17355,50.0,-1.50246,-5.29566,37.5355,-13.1963,L
20260509KTWO0,2026,9,top,105,1,4번타자 힐리어드,56034,힐리어드,76118,원종현,508,3,260509_195128,S,헛스윙,148,직구,1,2,True,260509_195128,9,3,-0.061657,0.7083,3.548,1.721,-132.753,-2.93962,4.25413,5.22631,50.0,-1.35357,-4.86411,34.4509,-11.5199,L
20260509KTWO0,2026,9,top,105,1,4번타자 힐리어드,56034,힐리어드,76118,원종현,509,4,260509_195150,H,타격,138,포크,1,2,True,260509_195150,9,4,-1.01093,0.7083,3.548,1.721,-124.693,-1.51114,2.3618,5.23597,50.0,-1.40793,-6.75276,33.2176,-35.3849,L
20260509KTWO0,2026,9,top,106,2,5번타자 유준규,51013,유준규,76118,원종현,512,1,260509_195229,T,스트라이크,135,슬라이더,0,1,True,260509_195229,9,1,-0.853164,0.7083,3.287,1.594,-121.907,-3.26363,0.378208,5.08834,50.0,-1.40996,4.41157,26.6026,-22.8828,L
20260509KTWO0,2026,9,top,106,2,5번타자 유준규,51013,유준규,76118,원종현,513,2,260509_195248,B,볼,147,직구,1,1,True,260509_195248,9,2,-0.201771,0.7083,3.287,1.594,-132.701,-1.16569,3.30657,5.18146,50.0,-1.21254,-3.71395,35.4444,-15.7781,L
20260509KTWO0,2026,9,top,106,2,5번타자 유준규,51013,유준규,76118,원종현,514,3,260509_195306,T,스트라이크,149,직구,1,2,True,260509_195306,9,3,0.561483,0.7083,3.287,1.594,-134.12,-6.11822,6.30929,4.96107,50.0,-1.31473,-7.62256,37.4314,-11.9848,L
20260509KTWO0,2026,9,top,106,2,5번타자 유준규,51013,유준규,76118,원종현,515,4,260509_195327,F,파울,138,포크,1,2,True,260509_195327,9,4,-0.79032,0.7083,3.287,1.594,-124.477,-4.43557,2.94406,5.12881,50.0,-1.39813,-7.12856,32.6815,-27.344,L
20260509KTWO0,2026,9,top,106,2,5번타자 유준규,51013,유준규,76118,원종현,516,5,260509_195354,F,파울,151,직구,1,2,True,260509_195354,9,5,-0.318816,0.7083,3.287,1.594,-135.16,-2.10538,4.40921,5.18895,50.0,-1.25538,-10.2648,36.1839,-8.09891,L
20260509KTWO0,2026,9,top,106,2,5번타자 유준규,51013,유준규,76118,원종현,517,6,260509_195421,S,헛스윙,137,포크,1,3,True,260509_195421,9,6,-0.292785,0.7083,3.287,1.594,-123.188,-2.24284,2.98988,5.27368,50.0,-1.07856,-5.33291,28.4018,-33.8958,L
20260509KTWO0,2026,9,top,107,3,6번타자 김상수,79402,김상수,76118,원종현,520,1,260509_195449,T,스트라이크,136,슬라이더,0,1,True,260509_195449,9,1,-0.314378,0.7083,3.234,1.568,-122.509,-2.14421,0.765215,5.21893,50.0,-1.14505,5.65777,28.5954,-23.7258,R
20260509KTWO0,2026,9,top,107,3,6번타자 김상수,79402,김상수,76118,원종현,521,2,260509_195508,F,파울,146,직구,0,2,True,260509_195508,9,2,0.312483,0.7083,3.234,1.568,-131.876,-3.10829,3.95717,5.08203,50.0,-1.01268,-2.99533,33.559,-13.4635,R
20260509KTWO0,2026,9,top,107,3,6번타자 김상수,79402,김상수,76118,원종현,522,3,260509_195535,F,파울,137,슬라이더,0,2,True,260509_195535,9,3,0.018851,0.7083,3.234,1.568,-123.277,0.347057,1.64544,5.16393,50.0,-1.39465,8.04063,31.4501,-28.8271,R
20260509KTWO0,2026,9,top,107,3,6번타자 김상수,79402,김상수,76118,원종현,523,4,260509_195606,B,볼,149,직구,1,2,True,260509_195606,9,4,0.936279,0.7083,3.234,1.568,-134.531,-6.12213,7.05388,5.05453,50.0,-1.23173,-7.65569,41.4508,-13.6757,R
20260509KTWO0,2026,9,top,107,3,6번타자 김상수,79402,김상수,76118,원종현,524,5,260509_195627,H,타격,148,직구,1,2,True,260509_195627,9,5,-0.105984,0.7083,3.234,1.568,-133.639,-2.71724,3.15315,5.13802,50.0,-1.05035,-3.78047,39.172,-19.9454,R
20260509KTWO0,2026,9,top,108,4,7번타자 오윤석,64504,오윤석,76118,원종현,527,1,260509_195710,B,볼,145,직구,1,0,True,260509_195710,9,1,-1.91817,0.7083,3.323,1.612,-130.284,2.04453,-0.648769,5.3303,50.0,-1.25355,-5.22353,28.3062,-24.3625,R
20260509KTWO0,2026,9,top,108,4,7번타자 오윤석,64504,오윤석,76118,원종현,528,2,260509_195749,H,타격,145,직구,1,0,True,260509_195749,9,2,-0.703686,0.7083,3.323,1.612,-130.185,-2.47037,2.29147,5.16663,50.0,-1.21598,-5.04199,29.9108,-21.8034,R
20260509KTWO0,2026,9,top,109,5,8번타자 장성우,78548,장성우,76118,원종현,532,1,260509_195914,T,스트라이크,147,직구,0,1,True,260509_195914,9,1,0.350782,0.7083,3.455,1.676,-132.425,-4.76451,5.3423,5.13242,50.0,-1.11516,-8.13894,31.9762,-14.1787,R
20260509KTWO0,2026,9,top,109,5,8번타자 장성우,78548,장성우,76118,원종현,533,2,260509_195935,B,볼,139,슬라이더,1,1,True,260509_195935,9,2,1.16108,0.7083,3.455,1.676,-125.513,-0.417507,4.33304,5.23708,50.0,-1.29542,7.73009,31.196,-24.5641,R
20260509KTWO0,2026,9,top,109,5,8번타자 장성우,78548,장성우,76118,원종현,534,3,260509_195956,B,볼,138,슬라이더,2,1,True,260509_195956,9,3,0.712008,0.7083,3.455,1.676,-123.383,2.81051,2.63126,5.35521,50.0,-1.31289,10.4626,28.1319,-26.1077,R
20260509KTWO0,2026,9,top,109,5,8번타자 장성우,78548,장성우,76118,원종현,535,4,260509_200020,B,볼,147,직구,3,1,True,260509_200020,9,4,-1.81736,0.7083,3.455,1.676,-132.571,-4.57279,0.041718,5.07816,50.0,-1.29844,-6.99692,33.4952,-18.7039,R
20260509KTWO0,2026,9,top,109,5,8번타자 장성우,78548,장성우,76118,원종현,536,5,260509_200043,H,타격,147,직구,3,1,True,260509_200043,9,5,-0.743688,0.7083,3.455,1.676,-132.976,-3.72314,1.63642,5.07087,50.0,-1.24469,-1.82257,36.1636,-17.1853,R
20260509KTWO0,2026,9,bottom,112,1,8번타자 오선진,78756,오선진,52060,박영현,542,1,260509_200311,T,스트라이크,149,직구,0,1,True,260509_200311,9,1,-0.392047,0.7083,3.252,1.577,-134.114,-6.97625,2.59621,5.34655,50.0,-1.45973,0.738134,39.0847,-4.87422,R
20260509KTWO0,2026,9,bottom,112,1,8번타자 오선진,78756,오선진,52060,박영현,543,2,260509_200326,S,헛스윙,130,체인지업,0,2,True,260509_200326,9,2,-0.242316,0.7083,3.252,1.577,-116.472,-3.5094,5.37821,5.42869,50.0,-1.62151,-10.2678,28.9852,-21.1827,R
20260509KTWO0,2026,9,bottom,112,1,8번타자 오선진,78756,오선진,52060,박영현,544,3,260509_200346,S,헛스윙,135,슬라이더,0,3,True,260509_200346,9,3,1.00397,0.7083,3.252,1.577,-121.739,-5.09644,4.04579,5.45574,50.0,-1.73028,10.9808,30.2855,-19.8234,R
20260509KTWO0,2026,9,bottom,113,2,9번타자 김건희,53312,김건희,52060,박영현,547,1,260509_200415,H,타격,138,슬라이더,0,0,True,260509_200415,9,1,0.47682,0.7083,3.393,1.646,-123.958,-4.0565,4.14059,5.40319,50.0,-1.70945,5.0388,31.974,-20.1142,R
20260509KTWO0,2026,9,bottom,114,3,1번타자 박주홍,50357,박주홍,52060,박영현,550,1,260509_200454,B,볼,131,체인지업,1,0,True,260509_200454,9,1,-1.17688,0.7083,3.433,1.665,-117.148,-2.01246,2.90846,5.52307,50.0,-1.55783,-9.21756,29.2594,-19.3296,L
20260509KTWO0,2026,9,bottom,114,3,1번타자 박주홍,50357,박주홍,52060,박영현,551,2,260509_200508,S,헛스윙,132,체인지업,1,1,True,260509_200508,9,2,-0.455923,0.7083,3.433,1.665,-117.497,-4.78258,5.14749,5.4641,50.0,-1.63733,-11.1954,25.9784,-17.5136,L
20260509KTWO0,2026,9,bottom,114,3,1번타자 박주홍,50357,박주홍,52060,박영현,552,3,260509_200528,B,볼,151,직구,2,1,True,260509_200528,9,3,-1.46459,0.7083,3.433,1.665,-135.942,-7.64985,1.06661,5.22134,50.0,-1.61434,-3.5074,46.3654,-5.86672,L
20260509KTWO0,2026,9,bottom,114,3,1번타자 박주홍,50357,박주홍,52060,박영현,553,4,260509_200545,B,볼,147,직구,3,1,True,260509_200545,9,4,-0.370164,0.7083,3.433,1.665,-131.062,-1.54388,2.32247,5.45677,50.0,-1.34721,0.672434,35.93,-5.72146,L
20260509KTWO0,2026,9,bottom,114,3,1번타자 박주홍,50357,박주홍,52060,박영현,554,5,260509_200605,B,볼,132,체인지업,4,1,True,260509_200605,9,5,0.70957,0.7083,3.433,1.665,-119.261,-5.96473,7.35719,5.34836,50.0,-1.45952,-11.0035,31.6177,-17.3171,L
20260509KTWO0,2026,9,bottom,115,4,2번타자 이주형,50167,이주형,52060,박영현,557,1,260509_200644,B,볼,127,체인지업,1,0,True,260509_200644,9,1,-0.606688,0.7083,3.334,1.617,-114.436,2.77126,4.47317,5.70797,50.0,-1.67951,-9.29525,25.6373,-20.8476,L
20260509KTWO0,2026,9,bottom,115,4,2번타자 이주형,50167,이주형,52060,박영현,558,2,260509_200701,S,헛스윙,148,직구,1,1,True,260509_200701,9,2,0.178356,0.7083,3.334,1.617,-132.915,-6.89989,3.69585,5.39508,50.0,-1.39079,1.67972,33.4782,-5.66128,L
20260509KTWO0,2026,9,bottom,115,4,2번타자 이주형,50167,이주형,52060,박영현,559,3,260509_200719,F,파울,148,직구,1,2,True,260509_200719,9,3,-0.020549,0.7083,3.334,1.617,-132.786,-6.0148,3.21812,5.46331,50.0,-1.35441,0.981109,34.627,-3.25939,L
20260509KTWO0,2026,9,bottom,115,4,2번타자 이주형,50167,이주형,52060,박영현,560,4,260509_200831,B,볼,150,직구,2,2,True,260509_200831,9,4,-1.20085,0.7083,3.334,1.617,-133.502,-9.02827,0.251446,5.31255,50.0,-1.50405,2.72389,34.0381,-2.20597,L
20260509KTWO0,2026,9,bottom,115,4,2번타자 이주형,50167,이주형,52060,박영현,561,5,260509_200851,T,스트라이크,136,슬라이더,2,3,True,260509_200851,9,5,0.824777,0.7083,3.334,1.617,-122.483,-5.04985,4.38121,5.3474,50.0,-1.61813,6.59985,28.0125,-18.5412,L
20260509KTWO0,2026,10,top,118,1,9번타자 권동진,51003,권동진,55359,김서준,567,1,260509_201117,B,볼,150,직구,1,0,True,260509_201117,10,1,1.5644,0.7083,3.29,1.596,-134.265,-6.10324,6.38855,6.03868,50.0,-0.77128,-1.83585,35.8616,-4.85427,L
20260509KTWO0,2026,10,top,118,1,9번타자 권동진,51003,권동진,55359,김서준,568,2,260509_201136,T,스트라이크,151,직구,1,1,True,260509_201136,10,2,-0.203586,0.7083,3.29,1.596,-135.315,-9.60489,2.33275,5.94377,50.0,-0.749977,-4.75346,39.7025,-3.93235,L
20260509KTWO0,2026,10,top,118,1,9번타자 권동진,51003,권동진,55359,김서준,569,3,260509_201155,B,볼,139,포크,2,1,True,260509_201155,10,3,-1.49451,0.7083,3.29,1.596,-125.058,-6.99086,0.482687,5.91221,50.0,-0.885335,-9.29638,33.6865,-18.3362,L
20260509KTWO0,2026,10,top,118,1,9번타자 권동진,51003,권동진,55359,김서준,570,4,260509_201215,B,볼,152,직구,3,1,True,260509_201215,10,4,-0.607246,0.7083,3.29,1.596,-135.212,-12.9977,1.38614,5.81935,50.0,-0.898206,-3.27158,34.2764,-2.78476,L
20260509KTWO0,2026,10,top,118,1,9번타자 권동진,51003,권동진,55359,김서준,571,5,260509_201240,B,볼,151,직구,4,1,True,260509_201240,10,5,-0.385111,0.7083,3.29,1.596,-135.495,-3.74773,1.661,5.97988,50.0,-0.731581,-3.94871,34.6468,-9.11423,L
20260509KTWO0,2026,10,top,120,2,1번타자 김민혁,64004,김민혁,55359,김서준,576,1,260509_201330,T,스트라이크,151,직구,0,1,True,260509_201330,10,1,0.705806,0.7083,3.351,1.625,-135.641,-8.63807,4.38342,5.9983,50.0,-0.749932,-3.09395,38.2168,-5.0855,L
20260509KTWO0,2026,10,top,120,2,1번타자 김민혁,64004,김민혁,55359,김서준,577,2,260509_201353,B,볼,151,직구,1,1,True,260509_201353,10,2,-0.023309,0.7083,3.351,1.625,-136.132,-12.1127,3.77211,5.96157,50.0,-0.852703,-8.40228,41.6233,-3.47815,L
20260509KTWO0,2026,10,top,120,2,1번타자 김민혁,64004,김민혁,55359,김서준,579,3,260509_201435,B,볼,131,슬라이더,2,1,True,260509_201435,10,3,0.150099,0.7083,3.351,1.625,-117.42,-2.70827,1.06997,6.04524,50.0,-1.17264,8.66997,27.3379,-34.2783,L
20260509KTWO0,2026,10,top,120,2,1번타자 김민혁,64004,김민혁,55359,김서준,582,4,260509_201634,H,타격,151,직구,2,1,True,260509_201634,10,4,0.493815,0.7083,3.351,1.625,-135.285,-7.44268,4.31315,6.04093,50.0,-0.832749,-4.48312,36.5867,-2.62501,L
20260509KTWO0,2026,10,top,121,3,2번타자 최원준,66606,최원준,55359,김서준,586,1,260509_201716,B,볼,151,직구,1,0,True,260509_201716,10,1,0.17913,0.7083,3.29,1.596,-134.319,-12.9222,2.60929,5.74845,50.0,-0.803055,-0.354021,35.2008,-0.478394,L
20260509KTWO0,2026,10,top,121,3,2번타자 최원준,66606,최원준,55359,김서준,587,2,260509_201747,B,볼,131,슬라이더,2,0,True,260509_201747,10,2,-1.35758,0.7083,3.29,1.596,-117.793,2.12413,-2.6955,6.3009,50.0,-1.02505,8.82593,25.4124,-33.4442,L
20260509KTWO0,2026,10,top,121,3,2번타자 최원준,66606,최원준,55359,김서준,588,3,260509_201811,F,파울,149,직구,2,1,True,260509_201811,10,3,-0.548067,0.7083,3.29,1.596,-134.277,-5.52496,-0.095087,5.91481,50.0,-0.696639,2.47133,36.2716,-10.3435,L
20260509KTWO0,2026,10,top,121,3,2번타자 최원준,66606,최원준,55359,김서준,589,4,260509_201838,B,볼,152,직구,3,1,True,260509_201838,10,4,0.879909,0.7083,3.29,1.596,-136.456,-4.52447,4.6567,6.01984,50.0,-0.608508,-3.92995,36.8789,-4.81692,L
20260509KTWO0,2026,10,top,121,3,2번타자 최원준,66606,최원준,55359,김서준,590,5,260509_201902,B,볼,149,직구,4,1,True,260509_201902,10,5,-0.836204,0.7083,3.29,1.596,-134.772,-1.16247,0.851666,6.12682,50.0,-0.946682,-2.92099,40.4099,-9.96436,L
20260509KTWO0,2026,10,top,122,4,3번타자 김현수,76290,김현수,55359,김서준,593,1,260509_202003,B,볼,149,직구,1,0,True,260509_202003,10,1,-1.00069,0.7083,3.483,1.689,-133.621,-9.23833,1.71274,5.83272,50.0,-1.07703,-7.78646,36.4616,-9.42781,L
20260509KTWO0,2026,10,top,122,4,3번타자 김현수,76290,김현수,55359,김서준,594,2,260509_202024,B,볼,150,직구,2,0,True,260509_202024,10,2,-0.235831,0.7083,3.483,1.689,-134.169,-11.042,3.36551,5.76992,50.0,-0.942309,-7.9664,38.5398,-7.40713,L
20260509KTWO0,2026,10,top,122,4,3번타자 김현수,76290,김현수,55359,김서준,595,3,260509_202050,B,볼,149,직구,3,0,True,260509_202050,10,3,-1.01718,0.7083,3.483,1.689,-133.603,-6.06729,-0.135929,6.07647,50.0,-0.800493,-2.15616,36.5097,-8.22321,L
20260509KTWO0,2026,10,top,122,4,3번타자 김현수,76290,김현수,55359,김서준,596,4,260509_202117,B,볼,149,직구,4,0,True,260509_202117,10,4,0.934423,0.7083,3.483,1.689,-133.461,-10.3236,3.69063,5.81049,50.0,-0.60701,1.27373,38.2106,-6.97738,L
20260509KTWO0,2026,10,top,124,5,4번타자 힐리어드,56034,힐리어드,63512,박진형,603,1,260509_202436,H,타격,128,슬라이더,0,0,True,260509_202436,10,1,0.714266,0.7083,3.548,1.721,-115.521,-1.80053,3.72187,5.73452,50.0,-1.22876,2.61394,27.3268,-26.9903,L
20260509KTWO0,2026,10,top,125,6,5번타자 유준규,51013,유준규,63512,박진형,608,1,260509_202539,B,볼,141,직구,1,0,True,260509_202539,10,1,-0.978171,0.7083,3.287,1.594,-126.469,-0.878212,1.03712,5.74678,50.0,-1.39079,-0.163688,32.0713,-11.2953,L
20260509KTWO0,2026,10,top,125,6,5번타자 유준규,51013,유준규,63512,박진형,609,2,260509_202603,B,볼,124,슬라이더,2,0,True,260509_202603,10,2,-0.783645,0.7083,3.287,1.594,-111.118,3.49189,-0.258539,5.766,50.0,-1.60872,8.70294,23.0736,-27.7625,L
20260509KTWO0,2026,10,top,125,6,5번타자 유준규,51013,유준규,63512,박진형,610,3,260509_202626,S,헛스윙,123,포크,2,1,True,260509_202626,10,3,-0.312587,0.7083,3.287,1.594,-110.287,-2.66157,3.32729,5.65051,50.0,-1.26581,-5.53678,24.1823,-22.6716,L
20260509KTWO0,2026,10,top,125,6,5번타자 유준규,51013,유준규,63512,박진형,611,4,260509_202646,F,파울,140,직구,2,2,True,260509_202646,10,4,-0.342501,0.7083,3.287,1.594,-125.749,-3.1563,3.37946,5.52524,50.0,-1.45312,-3.34308,30.9936,-11.3474,L
20260509KTWO0,2026,10,top,125,6,5번타자 유준규,51013,유준규,63512,박진형,612,5,260509_202711,F,파울,128,포크,2,2,True,260509_202711,10,5,-0.976365,0.7083,3.287,1.594,-115.055,-3.18254,2.11441,5.51525,50.0,-1.37513,-5.4464,28.2504,-21.7839,L
20260509KTWO0,2026,10,top,125,6,5번타자 유준규,51013,유준규,63512,박진형,613,6,260509_202810,S,헛스윙,130,슬라이더,2,3,True,260509_202810,10,6,1.18093,0.7083,3.287,1.594,-116.813,-7.02677,5.24638,5.41623,50.0,-1.31945,1.66861,27.2632,-23.107,L
20260509KTWO0,2026,10,bottom,128,1,3번타자 안치홍,79608,안치홍,52060,박영현,621,1,260509_203034,B,볼,149,직구,1,0,True,260509_203034,10,1,0.763521,0.7083,3.263,1.583,-133.393,-9.88171,4.71546,5.25172,50.0,-1.18407,1.3026,38.7463,-2.52825,R
20260509KTWO0,2026,10,bottom,128,1,3번타자 안치홍,79608,안치홍,52060,박영현,622,2,260509_203050,T,스트라이크,149,직구,1,1,True,260509_203050,10,2,0.314714,0.7083,3.263,1.583,-132.96,-8.56661,4.55253,5.25072,50.0,-1.34834,-1.65655,39.0638,-5.15954,R
20260509KTWO0,2026,10,bottom,128,1,3번타자 안치홍,79608,안치홍,52060,박영현,623,3,260509_203105,H,타격,130,체인지업,1,1,True,260509_203105,10,3,0.033682,0.7083,3.263,1.583,-116.935,-3.12334,5.16597,5.60883,50.0,-1.48145,-7.95227,30.0761,-14.1269,R
20260509KTWO0,2026,10,bottom,129,2,4번타자 임병욱,64346,임병욱,52060,박영현,626,1,260509_203138,B,볼,133,체인지업,1,0,True,260509_203138,10,1,1.152,0.7083,3.433,1.665,-118.392,-8.29496,8.05923,5.34739,50.0,-1.4069,-10.1744,28.2377,-12.1436,L
20260509KTWO0,2026,10,bottom,129,2,4번타자 임병욱,64346,임병욱,52060,박영현,627,2,260509_203154,S,헛스윙,131,체인지업,1,1,True,260509_203154,10,2,0.935371,0.7083,3.433,1.665,-117.117,-6.25199,5.66907,5.4373,50.0,-1.32663,-2.51448,25.7782,-12.6675,L
20260509KTWO0,2026,10,bottom,129,2,4번타자 임병욱,64346,임병욱,52060,박영현,628,3,260509_203227,B,볼,130,체인지업,2,1,True,260509_203227,10,3,-0.05367,0.7083,3.433,1.665,-116.514,0.575233,4.89146,5.58773,50.0,-1.45425,-7.81286,23.9084,-18.287,L
20260509KTWO0,2026,10,bottom,129,2,4번타자 임병욱,64346,임병욱,52060,박영현,629,4,260509_203245,B,볼,151,직구,3,1,True,260509_203245,10,4,0.695613,0.7083,3.433,1.665,-134.786,-9.45638,5.52343,5.15985,50.0,-1.35802,-0.939236,34.052,-4.12843,L
20260509KTWO0,2026,10,bottom,129,2,4번타자 임병욱,64346,임병욱,52060,박영현,630,5,260509_203304,H,타격,130,체인지업,3,1,True,260509_203304,10,5,0.013094,0.7083,3.433,1.665,-116.231,-2.60158,4.57924,5.60884,50.0,-1.36371,-6.6729,24.3851,-17.339,L
20260509KTWO0,2026,10,bottom,130,3,5번타자 서건창,78168,서건창,52060,박영현,633,1,260509_203353,F,파울,131,체인지업,0,1,True,260509_203353,10,1,0.443938,0.7083,3.267,1.584,-117.194,-1.5583,5.82967,5.6092,50.0,-1.55418,-5.94959,26.5438,-13.348,L
20260509KTWO0,2026,10,bottom,130,3,5번타자 서건창,78168,서건창,52060,박영현,634,2,260509_203418,B,볼,149,직구,1,1,True,260509_203418,10,2,0.666463,0.7083,3.267,1.584,-133.873,-11.003,4.08852,5.15784,50.0,-1.24588,3.97943,42.5265,-5.58986,L
20260509KTWO0,2026,10,bottom,131,4,5번타자 서건창,78168,서건창,52060,박영현,638,3,260509_203512,S,헛스윙,148,직구,1,2,True,260509_203512,10,3,-0.303077,0.7083,3.267,1.584,-133.214,-4.1492,2.87093,5.51544,50.0,-1.42959,0.018985,37.929,-2.81932,L
20260509KTWO0,2026,10,bottom,131,4,5번타자 서건창,78168,서건창,52060,박영현,639,4,260509_203545,B,볼,148,직구,2,2,True,260509_203545,10,4,-1.37665,0.7083,3.267,1.584,-132.649,-11.0829,0.629712,5.17148,50.0,-1.34152,-3.65879,36.8799,-4.88711,L
20260509KTWO0,2026,10,bottom,131,4,5번타자 서건창,78168,서건창,52060,박영현,640,5,260509_203610,B,볼,147,직구,3,2,True,260509_203610,10,5,-1.7337,0.7083,3.267,1.584,-131.802,-9.84204,-0.740981,5.33201,50.0,-1.32575,-1.47202,36.0015,-2.14439,L
20260509KTWO0,2026,10,bottom,131,4,5번타자 서건창,78168,서건창,52060,박영현,641,6,260509_203636,B,볼,135,슬라이더,4,2,True,260509_203636,10,6,1.41028,0.7083,3.267,1.584,-121.331,-5.31274,6.28047,5.41869,50.0,-1.61996,3.72056,29.0178,-13.9343,L
20260509KTWO0,2026,10,bottom,134,5,6번타자 브룩스,56322,브룩스,52060,박영현,647,1,260509_203752,F,파울,130,체인지업,0,1,True,260509_203752,10,1,-0.012483,0.7083,3.329,1.615,-117.044,-3.37874,4.82339,5.51326,50.0,-1.57686,-5.93703,30.993,-16.1813,L
20260509KTWO0,2026,10,bottom,134,5,6번타자 브룩스,56322,브룩스,52060,박영현,648,2,260509_203819,B,볼,148,직구,1,1,True,260509_203819,10,2,-1.02835,0.7083,3.329,1.615,-132.181,-9.80569,1.41917,5.34174,50.0,-1.37984,-2.66985,34.1033,-2.45893,L
20260509KTWO0,2026,10,bottom,134,5,6번타자 브룩스,56322,브룩스,52060,박영현,649,3,260509_203838,T,스트라이크,147,직구,1,2,True,260509_203838,10,3,-0.889627,0.7083,3.329,1.615,-131.854,-7.23037,0.847664,5.3284,50.0,-1.39797,2.19027,38.0842,-4.35505,L
20260509KTWO0,2026,10,bottom,134,5,6번타자 브룩스,56322,브룩스,52060,박영현,650,4,260509_203859,H,타격,147,직구,1,2,True,260509_203859,10,4,-0.87385,0.7083,3.329,1.615,-130.839,-4.43413,-0.19553,5.4917,50.0,-1.15787,4.59065,33.5402,-5.65864,L
20260509KTWO0,2026,10,bottom,135,6,7번타자 최주환,76267,최주환,52060,박영현,656,1,260509_204007,B,볼,145,직구,1,0,True,260509_204007,10,1,-0.327598,0.7083,3.206,1.555,-130.193,-12.2507,2.19642,5.21069,50.0,-1.16484,-0.510202,34.4444,-3.77706,L
20260509KTWO0,2026,10,bottom,136,7,7번타자 최주환,76267,최주환,69047,전용주,659,2,260509_204303,S,헛스윙,147,직구,1,1,True,260509_204303,10,2,0.397587,0.7083,3.206,1.555,-132.409,-6.76376,-6.69376,5.77266,50.0,1.37672,21.3635,37.0852,-8.57994,L
20260509KTWO0,2026,10,bottom,136,7,7번타자 최주환,76267,최주환,69047,전용주,660,3,260509_204323,H,타격,147,직구,1,1,True,260509_204323,10,3,0.927481,0.7083,3.206,1.555,-132.117,-7.90638,-4.34701,5.65293,50.0,1.278,17.5341,36.3172,-9.89862,L
20260509KTWO0,2026,10,bottom,139,8,8번타자 주성원,69332,주성원,73117,우규민,669,1,260509_204723,B,볼,136,직구,1,0,True,260509_204723,10,1,-1.44283,0.7083,3.316,1.608,-121.171,2.19343,6.31562,3.4483,50.0,-3.30418,-9.17194,27.2195,-30.8726,R
20260509KTWO0,2026,10,bottom,139,8,8번타자 주성원,69332,주성원,73117,우규민,670,2,260509_204743,T,스트라이크,137,직구,1,1,True,260509_204743,10,2,-0.870307,0.7083,3.316,1.608,-122.879,3.7829,9.05725,3.68869,50.0,-3.47111,-13.8309,32.6799,-25.4668,R
20260509KTWO0,2026,10,bottom,139,8,8번타자 주성원,69332,주성원,73117,우규민,671,3,260509_204805,H,타격,132,커터,1,1,True,260509_204805,10,3,1.2166,0.7083,3.316,1.608,-118.312,3.65633,10.2854,3.79296,50.0,-3.29508,-0.166016,28.8012,-25.5391,R
20260509KTWO0,2026,10,bottom,140,9,9번타자 김건희,53312,김건희,73117,우규민,677,1,260509_205121,B,볼,138,직구,1,0,True,260509_205121,10,1,0.127125,0.7083,3.393,1.646,-122.912,0.565661,11.184,3.47664,50.0,-3.21511,-15.6039,32.1532,-30.6343,R
20260509KTWO0,2026,10,bottom,140,9,9번타자 김건희,53312,김건희,73117,우규민,678,2,260509_205138,B,볼,137,직구,2,0,True,260509_205138,10,2,-1.76996,0.7083,3.393,1.646,-122.343,4.68454,5.86435,3.68889,50.0,-3.35959,-9.98689,29.3587,-27.9044,R
20260509KTWO0,2026,10,bottom,140,9,9번타자 김건희,53312,김건희,73117,우규민,679,3,260509_205201,T,스트라이크,138,직구,2,1,True,260509_205201,10,3,-0.719498,0.7083,3.393,1.646,-123.052,1.94836,9.18768,3.44148,50.0,-3.20359,-15.68,31.0846,-27.1819,R
20260509KTWO0,2026,10,bottom,140,9,9번타자 김건희,53312,김건희,73117,우규민,680,4,260509_205223,F,파울,138,직구,2,2,True,260509_205223,10,4,-0.117228,0.7083,3.393,1.646,-123.038,2.67408,10.2232,3.51238,50.0,-3.27647,-12.9928,30.0521,-25.6959,R
20260509KTWO0,2026,10,bottom,140,9,9번타자 김건희,53312,김건희,73117,우규민,681,5,260509_205256,B,볼,141,직구,3,2,True,260509_205256,10,5,1.26862,0.7083,3.393,1.646,-125.3,6.21872,13.7103,3.84341,50.0,-3.10959,-15.2467,31.6875,-28.8168,R
20260509KTWO0,2026,10,bottom,140,9,9번타자 김건희,53312,김건희,73117,우규민,682,6,260509_205323,S,헛스윙,138,직구,3,3,True,260509_205323,10,6,0.467667,0.7083,3.393,1.646,-122.715,4.29596,11.8071,3.44891,50.0,-3.23453,-14.4237,28.8593,-26.5216,R
20260509KTWO0,2026,11,top,143,1,6번타자 김상수,79402,김상수,63512,박진형,693,1,260509_205533,T,스트라이크,126,슬라이더,0,1,True,260509_205533,11,1,-0.06753,0.7083,3.234,1.568,-113.689,0.50128,2.32532,5.62234,50.0,-1.46126,3.02497,29.4324,-29.5935,R
20260509KTWO0,2026,11,top,143,1,6번타자 김상수,79402,김상수,63512,박진형,694,2,260509_205548,B,볼,141,직구,1,1,True,260509_205548,11,2,-1.22699,0.7083,3.234,1.568,-126.859,-2.53505,0.489128,5.61481,50.0,-1.33731,-1.07465,35.1012,-15.2775,R
20260509KTWO0,2026,11,top,143,1,6번타자 김상수,79402,김상수,63512,박진형,695,3,260509_205606,B,볼,129,슬라이더,2,1,True,260509_205606,11,3,0.472157,0.7083,3.234,1.568,-115.139,-4.29481,3.43551,5.52054,50.0,-1.37861,2.99341,25.2622,-22.876,R
20260509KTWO0,2026,11,top,143,1,6번타자 김상수,79402,김상수,63512,박진형,696,4,260509_205625,T,스트라이크,142,직구,2,2,True,260509_205625,11,4,0.068135,0.7083,3.234,1.568,-127.295,-5.78926,4.10896,5.50591,50.0,-1.34463,-3.29334,36.8685,-8.62248,R
20260509KTWO0,2026,11,top,143,1,6번타자 김상수,79402,김상수,63512,박진형,697,5,260509_205643,H,타격,129,포크,2,2,True,260509_205643,11,5,-0.045714,0.7083,3.234,1.568,-115.515,-4.2445,4.53471,5.78594,50.0,-1.16574,-9.10178,28.8405,-19.1496,R
20260509KTWO0,2026,11,top,144,2,7번타자 오윤석,64504,오윤석,63512,박진형,700,1,260509_205726,B,볼,139,직구,1,0,True,260509_205726,11,1,0.849912,0.7083,3.323,1.612,-124.211,-0.068738,6.37113,5.85022,50.0,-1.23749,-6.69016,33.1805,-14.5574,R
20260509KTWO0,2026,11,top,144,2,7번타자 오윤석,64504,오윤석,63512,박진형,701,2,260509_205812,B,볼,136,직구,2,0,True,260509_205812,11,2,-1.49149,0.7083,3.323,1.612,-121.59,1.2254,1.00376,5.70383,50.0,-1.63697,-3.09619,31.9736,-16.6787,R
20260509KTWO0,2026,11,top,144,2,7번타자 오윤석,64504,오윤석,63512,박진형,702,3,260509_205853,B,볼,134,직구,3,0,True,260509_205853,11,3,-0.739893,0.7083,3.323,1.612,-120.257,0.205817,2.56196,5.68163,50.0,-1.54131,-3.29765,30.8818,-15.8134,R
20260509KTWO0,2026,11,top,144,2,7번타자 오윤석,64504,오윤석,63512,박진형,703,4,260509_205921,T,스트라이크,138,직구,3,1,True,260509_205921,11,4,-0.482007,0.7083,3.323,1.612,-123.745,-2.6999,2.74717,5.50305,50.0,-1.51531,-1.41077,32.6714,-16.4768,R
20260509KTWO0,2026,11,top,144,2,7번타자 오윤석,64504,오윤석,63512,박진형,704,5,260509_205946,W,번트파울,136,직구,3,2,True,260509_205946,11,5,-0.350942,0.7083,3.323,1.612,-122.243,-0.116628,4.10545,5.55111,50.0,-1.65401,-4.96249,33.3368,-15.2699,R
20260509KTWO0,2026,11,top,144,2,7번타자 오윤석,64504,오윤석,63512,박진형,705,6,260509_210024,S,헛스윙,131,슬라이더,3,3,True,260509_210024,11,6,0.085584,0.7083,3.323,1.612,-117.746,-3.63795,3.89487,5.44005,50.0,-1.67182,0.379585,27.8512,-22.5252,R
20260509KTWO0,2026,11,top,145,3,8번타자 장성우,78548,장성우,63512,박진형,709,1,260509_210105,B,볼,131,슬라이더,1,0,True,260509_210105,11,1,0.738348,0.7083,3.455,1.676,-118.272,-4.93087,4.07186,5.41095,50.0,-1.37515,3.17628,31.2309,-23.2852,R
20260509KTWO0,2026,11,top,145,3,8번타자 장성우,78548,장성우,63512,박진형,710,2,260509_210123,T,스트라이크,145,직구,1,1,True,260509_210123,11,2,-0.717047,0.7083,3.455,1.676,-129.523,-6.18893,2.8304,5.50683,50.0,-1.2823,-7.08595,35.0104,-10.5657,R
20260509KTWO0,2026,11,top,145,3,8번타자 장성우,78548,장성우,63512,박진형,711,3,260509_210140,T,스트라이크,131,슬라이더,1,2,True,260509_210140,11,3,-0.394791,0.7083,3.455,1.676,-118.011,-1.79925,2.44334,5.55987,50.0,-1.44029,-0.384919,30.854,-28.1195,R
20260509KTWO0,2026,11,top,145,3,8번타자 장성우,78548,장성우,63512,박진형,712,4,260509_210157,B,볼,131,포크,2,2,True,260509_210157,11,4,0.784001,0.7083,3.455,1.676,-117.33,-7.67626,4.74809,5.48979,50.0,-1.13934,-1.82001,26.9667,-12.7159,R
20260509KTWO0,2026,11,top,145,3,8번타자 장성우,78548,장성우,63512,박진형,713,5,260509_210221,B,볼,131,슬라이더,3,2,True,260509_210221,11,5,0.747992,0.7083,3.455,1.676,-117.667,-4.22144,4.65005,5.51045,50.0,-1.30354,-0.209101,31.6854,-24.6006,R
20260509KTWO0,2026,11,top,145,3,8번타자 장성우,78548,장성우,63512,박진형,714,6,260509_210242,F,파울,131,슬라이더,3,2,True,260509_210242,11,6,0.028595,0.7083,3.455,1.676,-116.951,-0.591983,2.72086,5.58505,50.0,-1.41651,2.3882,27.1894,-26.1281,R
20260509KTWO0,2026,11,top,145,3,8번타자 장성우,78548,장성우,63512,박진형,715,7,260509_210309,B,볼,125,포크,4,2,True,260509_210309,11,7,-2.29642,0.7083,3.455,1.676,-111.499,1.69924,-1.16991,5.94353,50.0,-1.36012,-3.58406,25.1982,-25.8704,R
20260509KTWO0,2026,11,top,147,4,9번타자 배정대,64166,배정대,69360,조영건,720,1,260509_210559,H,타격,129,슬라이더,0,0,True,260509_210559,11,1,0.178862,0.7083,3.334,1.617,-116.204,-2.96333,2.61113,5.79189,50.0,-1.49067,5.02227,26.671,-25.2447,R
20260509KTWO0,2026,11,bottom,150,1,1번타자 박주홍,50357,박주홍,65060,주권,726,1,260509_210838,T,스트라이크,125,체인지업,0,1,True,260509_210838,11,1,-0.351058,0.7083,3.433,1.665,-112.654,-1.8816,4.82304,5.46378,50.0,-1.71483,-8.10264,26.0366,-23.5575,L
20260509KTWO0,2026,11,bottom,150,1,1번타자 박주홍,50357,박주홍,65060,주권,727,2,260509_210856,B,볼,142,투심,1,1,True,260509_210856,11,2,-1.21859,0.7083,3.433,1.665,-127.374,-3.1666,3.88613,5.41116,50.0,-1.61079,-14.2921,34.7807,-24.8339,L
20260509KTWO0,2026,11,bottom,150,1,1번타자 박주홍,50357,박주홍,65060,주권,728,3,260509_210915,T,스트라이크,142,투심,1,2,True,260509_210915,11,3,-0.653784,0.7083,3.433,1.665,-127.371,-1.09338,5.02468,5.62858,50.0,-1.49687,-14.4828,34.4974,-25.7251,L
20260509KTWO0,2026,11,bottom,150,1,1번타자 박주홍,50357,박주홍,65060,주권,729,4,260509_210947,B,볼,140,투심,2,2,True,260509_210947,11,4,-0.94407,0.7083,3.433,1.665,-125.764,1.57285,3.37087,5.55474,50.0,-1.51051,-9.67689,31.9898,-26.1708,L
20260509KTWO0,2026,11,bottom,150,1,1번타자 박주홍,50357,박주홍,65060,주권,730,5,260509_211008,B,볼,142,투심,3,2,True,260509_211008,11,5,0.440768,0.7083,3.433,1.665,-127.089,-6.93676,6.54547,5.28863,50.0,-1.16677,-12.8013,33.3289,-22.4969,L
20260509KTWO0,2026,11,bottom,150,1,1번타자 박주홍,50357,박주홍,65060,주권,731,6,260509_211033,B,볼,140,투심,4,2,True,260509_211033,11,6,-0.241657,0.7083,3.433,1.665,-125.218,1.32474,5.66851,5.46683,50.0,-1.51399,-12.5452,31.6127,-26.4269,L
20260509KTWO0,2026,11,bottom,151,2,2번타자 이주형,50167,이주형,65060,주권,734,1,260509_211117,H,타격,140,투심,0,0,True,260509_211117,11,1,0.050908,0.7083,3.334,1.617,-125.357,-1.55049,5.99263,5.53719,50.0,-1.34557,-12.6647,31.9441,-24.1689,L
20260509KTWO0,2026,11,bottom,153,3,4번타자 박수종,52305,박수종,65060,주권,740,1,260509_211238,T,스트라이크,128,체인지업,0,1,True,260509_211238,11,1,0.758013,0.7083,3.265,1.584,-114.336,-0.432488,6.62783,5.45878,50.0,-1.36588,-8.62098,26.6072,-23.154,R
20260509KTWO0,2026,11,bottom,153,3,4번타자 박수종,52305,박수종,65060,주권,741,2,260509_211300,B,볼,126,체인지업,1,1,True,260509_211300,11,2,1.1054,0.7083,3.265,1.584,-112.58,-5.53815,7.19694,5.32652,50.0,-1.16685,-9.85776,25.2399,-16.0238,R
20260509KTWO0,2026,11,bottom,153,3,4번타자 박수종,52305,박수종,65060,주권,742,3,260509_211322,H,타격,142,투심,1,1,True,260509_211322,11,3,0.365379,0.7083,3.265,1.584,-126.497,-4.17091,5.75878,5.35996,50.0,-1.24749,-8.89904,30.4331,-21.9146,R
20260509KTWO0,2026,11,bottom,154,4,5번타자 서건창,78168,서건창,65060,주권,747,1,260509_211427,W,번트파울,144,투심,0,1,True,260509_211427,11,1,-0.735877,0.7083,3.267,1.584,-128.668,-1.01568,4.24156,5.52016,50.0,-1.40267,-12.8211,33.7063,-23.1486,L
20260509KTWO0,2026,11,bottom,154,4,5번타자 서건창,78168,서건창,65060,주권,748,2,260509_211459,H,타격,142,투심,0,1,True,260509_211459,11,2,-0.43852,0.7083,3.267,1.584,-126.57,-2.43016,4.2246,5.60315,50.0,-1.26294,-10.8007,30.0439,-19.7326,L
20250614HTNC0,2025,1,top,1,1,1번타자 이창진,64560,이창진,53919,신영우,2,1,250614_170038,B,볼,149,직구,1,0,True,250614_170038,1,1,0.59352,0.7083,3.168,1.537,-133.504,-4.858,5.8893,6.03874,50.0,-1.24025,-5.8937,29.8841,-10.6983,R
20250614HTNC0,2025,1,top,1,1,1번타자 이창진,64560,이창진,53919,신영우,3,2,250614_170053,T,스트라이크,145,직구,1,1,True,250614_170053,1,2,0.524978,0.7083,3.168,1.537,-130.858,-3.90591,7.21203,5.95738,50.0,-1.48171,-10.814,31.5371,-16.796,R
20250614HTNC0,2025,1,top,1,1,1번타자 이창진,64560,이창진,53919,신영우,4,3,250614_170109,B,볼,133,슬라이더,2,1,True,250614_170109,1,3,1.77447,0.7083,3.168,1.537,-119.48,-4.7747,7.47252,5.87635,50.0,-1.45755,0.001017,25.4901,-36.1371,R
20250614HTNC0,2025,1,top,1,1,1번타자 이창진,64560,이창진,53919,신영우,5,4,250614_170128,B,볼,149,직구,3,1,True,250614_170128,1,4,1.32424,0.7083,3.168,1.537,-133.842,-6.54391,8.30645,5.91644,50.0,-1.19418,-9.17319,30.2887,-10.6483,R
20250614HTNC0,2025,1,top,1,1,1번타자 이창진,64560,이창진,53919,신영우,6,5,250614_170145,T,스트라이크,148,직구,3,2,True,250614_170145,1,5,0.234856,0.7083,3.168,1.537,-133.138,-5.37329,7.05757,5.72602,50.0,-1.6466,-11.3193,28.485,-16.4699,R
20250614HTNC0,2025,1,top,1,1,1번타자 이창진,64560,이창진,53919,신영우,7,6,250614_170203,B,볼,151,직구,4,2,True,250614_170203,1,6,-1.26439,0.7083,3.168,1.537,-135.665,-8.64974,2.03374,5.63165,50.0,-1.60804,-5.94375,31.6182,-14.1722,R
20250614HTNC0,2025,1,top,2,2,2번타자 박찬호,64646,박찬호,53919,신영우,10,1,250614_170243,B,볼,126,슬라이더,1,0,True,250614_170243,1,1,-0.113017,0.7083,3.243,1.573,-112.795,3.89024,2.81984,6.15903,50.0,-1.81139,3.99903,19.9125,-37.2035,R
20250614HTNC0,2025,1,top,2,2,2번타자 박찬호,64646,박찬호,53919,신영우,11,2,250614_170301,B,볼,131,슬라이더,2,0,True,250614_170301,1,2,0.923656,0.7083,3.243,1.573,-118.76,-1.6158,5.64774,5.93163,50.0,-1.61105,0.782092,25.7862,-35.0607,R
20250614HTNC0,2025,1,top,2,2,2번타자 박찬호,64646,박찬호,53919,신영우,12,3,250614_170319,B,볼,136,슬라이더,3,0,True,250614_170319,1,3,1.80072,0.7083,3.243,1.573,-122.351,-8.80193,7.33405,5.60314,50.0,-1.47488,2.03325,26.2218,-29.3684,R
20250614HTNC0,2025,1,top,2,2,2번타자 박찬호,64646,박찬호,53919,신영우,13,4,250614_170343,B,볼,149,직구,4,0,True,250614_170343,1,4,1.51256,0.7083,3.243,1.573,-133.672,-5.31767,8.85207,5.80473,50.0,-1.4894,-5.58526,31.232,-12.7249,R
20250614HTNC0,2025,1,top,3,3,3번타자 최형우,72443,최형우,53919,신영우,17,1,250614_170428,S,헛스윙,132,슬라이더,0,1,True,250614_170428,1,1,-0.067513,0.7083,3.334,1.617,-119.346,-2.19764,4.51707,5.83244,50.0,-1.77351,-2.65457,25.0827,-38.4765,L
20250614HTNC0,2025,1,top,3,3,3번타자 최형우,72443,최형우,53919,신영우,18,2,250614_170500,S,헛스윙,137,슬라이더,0,2,True,250614_170500,1,2,0.694937,0.7083,3.334,1.617,-123.578,-6.615,5.64467,5.72434,50.0,-1.57818,-1.08637,29.1567,-36.578,L
20250614HTNC0,2025,1,top,3,3,3번타자 최형우,72443,최형우,53919,신영우,19,3,250614_170527,S,헛스윙,131,커브,0,3,True,250614_170527,1,3,0.056332,0.7083,3.334,1.617,-118.164,1.1429,2.57507,6.2263,50.0,-1.54674,4.96768,25.3785,-45.4518,L
20250614HTNC0,2025,1,top,4,4,4번타자 위즈덤,55645,위즈덤,53919,신영우,22,1,250614_170601,B,볼,121,커브,1,0,True,250614_170601,1,1,-1.67903,0.7083,3.453,1.675,-108.017,10.6077,-1.03559,6.72056,50.0,-1.61572,3.78932,19.1418,-44.3119,R
20250614HTNC0,2025,1,top,4,4,4번타자 위즈덤,55645,위즈덤,53919,신영우,23,2,250614_170626,T,스트라이크,134,슬라이더,1,1,True,250614_170626,1,2,0.28192,0.7083,3.453,1.675,-120.754,2.14348,4.71832,6.00253,50.0,-1.65646,-0.91628,26.8937,-41.7907,R
20250614HTNC0,2025,1,top,4,4,4번타자 위즈덤,55645,위즈덤,53919,신영우,24,3,250614_170648,H,타격,138,슬라이더,1,1,True,250614_170648,1,3,-0.338292,0.7083,3.453,1.675,-123.751,-2.53764,2.51572,5.92063,50.0,-1.57297,2.18149,25.057,-34.7635,R
20250614HTNC0,2025,1,top,5,5,5번타자 오선우,69636,오선우,53919,신영우,27,1,250614_170731,H,타격,124,슬라이더,0,0,True,250614_170731,1,1,-0.144903,0.7083,3.353,1.626,-111.472,1.25636,3.2239,6.0192,50.0,-1.88896,2.35086,21.5179,-38.9727,L
20250614HTNC0,2025,1,top,6,6,6번타자 최원준,66606,최원준,53919,신영우,32,1,250614_170821,B,볼,149,직구,1,0,True,250614_170821,1,1,1.15776,0.7083,3.276,1.589,-133.785,-4.93618,7.68156,5.88644,50.0,-1.41633,-5.11008,28.562,-13.1264,L
20250614HTNC0,2025,1,top,6,6,6번타자 최원준,66606,최원준,53919,신영우,33,2,250614_170836,T,스트라이크,150,직구,1,1,True,250614_170836,1,2,-0.789756,0.7083,3.276,1.589,-134.622,-3.58491,4.50489,5.88233,50.0,-1.60228,-12.443,32.3281,-17.1431,L
20250614HTNC0,2025,1,top,6,6,6번타자 최원준,66606,최원준,53919,신영우,34,3,250614_170851,F,파울,150,직구,1,2,True,250614_170851,1,3,0.123126,0.7083,3.276,1.589,-134.754,-5.87367,4.50921,5.93402,50.0,-1.29384,-4.19466,30.2262,-12.1007,L
20250614HTNC0,2025,1,top,6,6,6번타자 최원준,66606,최원준,53919,신영우,35,4,250614_170908,S,헛스윙,151,직구,1,3,True,250614_170908,1,4,-0.708688,0.7083,3.276,1.589,-136.33,-4.35373,3.47461,6.00469,50.0,-1.40468,-8.64732,34.5994,-14.6529,L
20250614HTNC0,2025,1,bottom,8,1,1번타자 김주원,51907,김주원,77637,양현종,39,1,250614_171124,T,스트라이크,139,직구,0,1,True,250614_171124,1,1,-0.636408,0.7083,3.408,1.653,-125.554,-4.90314,-6.83425,6.12342,50.0,1.83884,4.10037,30.6599,-12.8429,R
20250614HTNC0,2025,1,bottom,8,1,1번타자 김주원,51907,김주원,77637,양현종,40,2,250614_171140,H,타격,139,직구,0,1,True,250614_171140,1,2,0.081128,0.7083,3.408,1.653,-125.857,-6.37884,-5.32978,6.13658,50.0,1.96703,3.62154,29.2693,-10.0131,R
20250614HTNC0,2025,1,bottom,9,2,2번타자 권희동,63963,권희동,77637,양현종,43,1,250614_171216,B,볼,139,직구,1,0,True,250614_171216,1,1,-0.139473,0.7083,3.311,1.606,-125.982,-4.00187,-6.63445,6.19479,50.0,1.96935,7.34472,30.3405,-12.1476,R
20250614HTNC0,2025,1,bottom,9,2,2번타자 권희동,63963,권희동,77637,양현종,44,2,250614_171231,H,타격,139,직구,1,0,True,250614_171231,1,2,0.261806,0.7083,3.311,1.606,-125.19,-5.93803,-6.27942,6.15744,50.0,2.0128,9.88262,28.539,-10.3316,R
20250614HTNC0,2025,1,bottom,10,3,3번타자 박민우,62907,박민우,77637,양현종,47,1,250614_171311,B,볼,139,직구,1,0,True,250614_171311,1,1,0.094981,0.7083,3.364,1.631,-125.497,-8.62776,-6.20327,6.02249,50.0,2.02032,7.48802,30.6143,-13.2237,L
20250614HTNC0,2025,1,bottom,10,3,3번타자 박민우,62907,박민우,77637,양현종,48,2,250614_171326,H,타격,140,직구,1,0,True,250614_171326,1,2,-0.034303,0.7083,3.364,1.631,-126.507,-3.91513,-6.10724,6.21013,50.0,1.87097,7.14537,31.45,-14.0925,L
20250614HTNC0,2025,2,top,12,1,7번타자 김호령,65653,김호령,53919,신영우,52,1,250614_171530,B,볼,130,슬라이더,1,0,True,250614_171530,2,1,-0.169562,0.7083,3.311,1.606,-117.062,3.25552,1.342,6.1853,50.0,-1.85706,11.1731,25.5848,-38.5299,R
20250614HTNC0,2025,2,top,12,1,7번타자 김호령,65653,김호령,53919,신영우,53,2,250614_171546,S,헛스윙,133,슬라이더,1,1,True,250614_171546,2,2,0.963273,0.7083,3.311,1.606,-120.408,-5.70136,4.94746,5.68051,50.0,-1.69442,5.8095,25.7832,-37.0028,R
20250614HTNC0,2025,2,top,12,1,7번타자 김호령,65653,김호령,53919,신영우,54,3,250614_171605,B,볼,136,슬라이더,2,1,True,250614_171605,2,3,1.16938,0.7083,3.311,1.606,-121.777,-7.09259,5.3851,5.75194,50.0,-1.44615,3.67245,26.431,-32.2451,R
20250614HTNC0,2025,2,top,12,1,7번타자 김호령,65653,김호령,53919,신영우,55,4,250614_171625,F,파울,129,슬라이더,2,2,True,250614_171625,2,4,0.082993,0.7083,3.311,1.606,-116.446,-0.218959,4.43879,5.87802,50.0,-1.77544,-1.13712,24.3692,-36.5332,R
20250614HTNC0,2025,2,top,12,1,7번타자 김호령,65653,김호령,53919,신영우,56,5,250614_171645,B,볼,152,직구,3,2,True,250614_171645,2,5,-0.134918,0.7083,3.311,1.606,-137.964,-9.46704,5.19017,5.72208,50.0,-1.45797,-8.92453,38.8285,-11.5721,R
20250614HTNC0,2025,2,top,12,1,7번타자 김호령,65653,김호령,53919,신영우,57,6,250614_171705,B,볼,136,슬라이더,4,2,True,250614_171705,2,6,-0.676442,0.7083,3.311,1.606,-122.544,-2.76068,1.46552,5.69257,50.0,-1.68554,4.44712,25.1935,-39.518,R
20250614HTNC0,2025,2,top,13,2,8번타자 김태군,78122,김태군,53919,신영우,61,1,250614_171753,B,볼,149,직구,1,0,True,250614_171753,2,1,-0.06325,0.7083,3.362,1.631,-133.81,-0.953295,5.22894,5.98881,50.0,-1.51395,-7.62789,32.0862,-13.3412,R
20250614HTNC0,2025,2,top,13,2,8번타자 김태군,78122,김태군,53919,신영우,62,2,250614_171817,T,스트라이크,125,슬라이더,1,1,True,250614_171817,2,2,-0.143422,0.7083,3.362,1.631,-112.706,1.11915,2.90336,6.00225,50.0,-1.76839,2.88558,20.4608,-37.9534,R
20250614HTNC0,2025,2,top,13,2,8번타자 김태군,78122,김태군,53919,신영우,64,3,250614_171913,B,볼,134,슬라이더,2,1,True,250614_171913,2,3,1.23626,0.7083,3.362,1.631,-121.383,-4.92682,7.37082,5.58335,50.0,-1.70192,-2.23922,26.9033,-34.0083,R
20250614HTNC0,2025,2,top,13,2,8번타자 김태군,78122,김태군,53919,신영우,65,4,250614_171942,B,볼,134,슬라이더,3,1,True,250614_171942,2,4,-0.495315,0.7083,3.362,1.631,-120.341,-5.14997,1.76543,5.68441,50.0,-1.63786,4.2342,23.8807,-34.4945,R
20250614HTNC0,2025,2,top,13,2,8번타자 김태군,78122,김태군,53919,신영우,66,5,250614_172011,T,스트라이크,147,직구,3,2,True,250614_172011,2,5,0.649422,0.7083,3.362,1.631,-132.683,-2.43326,7.39259,5.79812,50.0,-1.51754,-9.40633,31.9391,-18.793,R
20250614HTNC0,2025,2,top,13,2,8번타자 김태군,78122,김태군,53919,신영우,67,6,250614_172038,F,파울,135,슬라이더,3,2,True,250614_172038,2,6,1.02504,0.7083,3.362,1.631,-121.138,-4.82348,4.96603,5.82618,50.0,-1.34405,3.07881,20.3939,-34.6732,R
20250614HTNC0,2025,2,top,13,2,8번타자 김태군,78122,김태군,53919,신영우,68,7,250614_172124,H,타격,135,슬라이더,3,2,True,250614_172124,2,7,0.658879,0.7083,3.362,1.631,-121.649,-6.99681,5.22424,5.61418,50.0,-1.65584,1.17833,24.0861,-35.6634,R
20250614HTNC0,2025,2,top,14,3,9번타자 김규성,66614,김규성,53919,신영우,74,1,250614_172217,B,볼,150,직구,1,0,True,250614_172217,2,1,-0.823782,0.7083,3.415,1.656,-135.522,1.7713,3.96126,6.24429,50.0,-1.5507,-10.7747,35.5053,-14.715,L
20250614HTNC0,2025,2,top,14,3,9번타자 김규성,66614,김규성,52992,이준혁,76,2,250614_172446,T,스트라이크,145,직구,1,1,True,250614_172446,2,2,0.460667,0.7083,3.415,1.656,-130.086,-3.94163,7.44887,5.79403,50.0,-1.04489,-18.4228,31.6277,-16.8156,L
20250614HTNC0,2025,2,top,14,3,9번타자 김규성,66614,김규성,52992,이준혁,77,3,250614_172502,T,스트라이크,131,슬라이더,1,2,True,250614_172502,2,3,-0.887881,0.7083,3.415,1.656,-117.661,2.02303,0.901798,5.90601,50.0,-1.42137,1.41919,25.1227,-35.7577,L
20250614HTNC0,2025,2,top,14,3,9번타자 김규성,66614,김규성,52992,이준혁,78,4,250614_172519,F,파울,144,직구,1,2,True,250614_172519,2,4,-0.757245,0.7083,3.415,1.656,-130.129,-4.32909,3.52652,5.67199,50.0,-1.01402,-14.453,32.9327,-20.5266,L
20250614HTNC0,2025,2,top,14,3,9번타자 김규성,66614,김규성,52992,이준혁,79,5,250614_172542,H,타격,146,직구,1,2,True,250614_172542,2,5,-0.370737,0.7083,3.415,1.656,-131.127,-4.30407,4.02417,5.73805,50.0,-1.01384,-12.1465,29.8283,-15.2919,L
20250614HTNC0,2025,2,top,15,4,1번타자 이창진,64560,이창진,52992,이준혁,82,1,250614_172618,T,스트라이크,130,슬라이더,0,1,True,250614_172618,2,1,0.167273,0.7083,3.168,1.537,-117.042,0.933465,3.34025,5.92379,50.0,-1.34511,0.427217,23.2085,-35.4474,R
20250614HTNC0,2025,2,top,15,4,1번타자 이창진,64560,이창진,52992,이준혁,83,2,250614_172634,F,파울,146,직구,0,2,True,250614_172634,2,2,0.443632,0.7083,3.168,1.537,-132.159,-6.197,6.68646,5.6539,50.0,-0.924149,-16.318,35.1425,-13.0615,R
20250614HTNC0,2025,2,top,15,4,1번타자 이창진,64560,이창진,52992,이준혁,84,3,250614_172653,B,볼,124,커브,1,2,True,250614_172653,2,3,2.10664,0.7083,3.168,1.537,-112.113,2.90193,3.94773,5.57451,50.0,-1.37547,15.301,25.6228,-38.5949,R
20250614HTNC0,2025,2,top,15,4,1번타자 이창진,64560,이창진,52992,이준혁,85,4,250614_172711,F,파울,134,슬라이더,1,2,True,250614_172711,2,4,0.064174,0.7083,3.168,1.537,-120.441,-1.38688,2.69951,5.67765,50.0,-1.18544,1.08017,22.8424,-37.889,R
20250614HTNC0,2025,2,top,15,4,1번타자 이창진,64560,이창진,52992,이준혁,86,5,250614_172733,F,파울,144,직구,1,2,True,250614_172733,2,5,-0.766304,0.7083,3.168,1.537,-129.014,-3.19621,3.41792,5.71292,50.0,-0.846855,-16.1398,26.6921,-17.2931,R
20250614HTNC0,2025,2,top,15,4,1번타자 이창진,64560,이창진,52992,이준혁,87,6,250614_172758,B,볼,121,커브,2,2,True,250614_172758,2,6,-0.849856,0.7083,3.168,1.537,-109.241,6.12042,-1.49239,6.03194,50.0,-1.51948,12.1089,25.5352,-48.3264,R
20250614HTNC0,2025,2,top,15,4,1번타자 이창진,64560,이창진,52992,이준혁,88,7,250614_172815,H,타격,131,슬라이더,2,2,True,250614_172815,2,7,0.543565,0.7083,3.168,1.537,-118.135,-0.391729,4.00132,5.66998,50.0,-1.25419,0.583171,22.7049,-35.4002,R
20250614HTNC0,2025,2,bottom,17,1,4번타자 데이비슨,54944,데이비슨,77637,양현종,92,1,250614_173023,T,스트라이크,139,직구,0,1,True,250614_173023,2,1,0.079649,0.7083,3.503,1.699,-125.086,-6.73696,-5.41046,6.14513,50.0,1.83184,5.57728,24.8872,-12.9882,R
20250614HTNC0,2025,2,bottom,17,1,4번타자 데이비슨,54944,데이비슨,77637,양현종,93,2,250614_173038,H,타격,138,직구,0,1,True,250614_173038,2,2,-0.589638,0.7083,3.503,1.699,-124.423,-4.99453,-6.30739,6.20509,50.0,1.75812,3.09005,26.2463,-12.775,R
20250614HTNC0,2025,2,bottom,18,2,5번타자 박건우,79215,박건우,77637,양현종,96,1,250614_173127,H,타격,138,직구,0,0,True,250614_173127,2,1,0.084148,0.7083,3.338,1.619,-124.992,-5.92464,-5.45711,6.11065,50.0,1.8953,5.2533,29.4931,-13.7882,R
20250614HTNC0,2025,2,bottom,19,3,6번타자 손아섭,77532,손아섭,77637,양현종,99,1,250614_173200,T,스트라이크,140,직구,0,1,True,250614_173200,2,1,-0.240209,0.7083,3.21,1.557,-126.488,-7.54551,-6.56917,6.0222,50.0,1.9077,6.55682,32.5204,-11.9991,L
20250614HTNC0,2025,2,bottom,19,3,6번타자 손아섭,77532,손아섭,77637,양현종,100,2,250614_173213,T,스트라이크,115,커브,0,2,True,250614_173213,2,2,-0.686058,0.7083,3.21,1.557,-104.465,-0.083712,-4.08557,6.34355,50.0,1.95458,-4.85499,22.4949,-37.8917,L
20250614HTNC0,2025,2,bottom,19,3,6번타자 손아섭,77532,손아섭,77637,양현종,101,3,250614_173228,H,타격,142,직구,0,2,True,250614_173228,2,3,-0.460196,0.7083,3.21,1.557,-128.948,-4.89733,-7.54249,6.14867,50.0,1.79705,9.53913,29.9226,-11.8149,L
20250614HTNC0,2025,2,bottom,20,4,7번타자 천재환,67905,천재환,77637,양현종,106,1,250614_173347,T,스트라이크,127,체인지업,0,1,True,250614_173347,2,1,0.51389,0.7083,3.322,1.611,-115.242,-4.70115,-5.91745,6.27236,50.0,1.77911,13.8053,24.8005,-23.6908,R
20250614HTNC0,2025,2,bottom,20,4,7번타자 천재환,67905,천재환,77637,양현종,107,2,250614_173406,H,타격,127,체인지업,0,1,True,250614_173406,2,2,0.471859,0.7083,3.322,1.611,-115.321,-3.0445,-5.62714,6.25359,50.0,1.89295,10.9607,23.7192,-21.9341,R
20250614HTNC0,2025,3,top,23,1,2번타자 박찬호,64646,박찬호,52992,이준혁,114,1,250614_173702,B,볼,129,슬라이더,1,0,True,250614_173702,3,1,-0.048128,0.7083,3.243,1.573,-117.113,3.34621,2.81346,5.85565,50.0,-1.46689,1.8249,24.3947,-37.4946,R
20250614HTNC0,2025,3,top,23,1,2번타자 박찬호,64646,박찬호,52992,이준혁,115,2,250614_173720,T,스트라이크,129,슬라이더,1,1,True,250614_173720,3,2,0.392539,0.7083,3.243,1.573,-116.247,-0.071669,3.53973,5.78666,50.0,-1.37168,2.0601,21.0017,-34.3991,R
20250614HTNC0,2025,3,top,23,1,2번타자 박찬호,64646,박찬호,52992,이준혁,116,3,250614_173734,B,볼,145,직구,2,1,True,250614_173734,3,3,-0.174558,0.7083,3.243,1.573,-129.834,-6.66652,4.88143,5.5909,50.0,-1.07877,-13.11,31.2035,-19.3015,R
20250614HTNC0,2025,3,top,23,1,2번타자 박찬호,64646,박찬호,52992,이준혁,117,4,250614_173757,F,파울,129,슬라이더,2,2,True,250614_173757,3,4,0.170523,0.7083,3.243,1.573,-115.935,-0.900167,2.30958,5.76682,50.0,-1.29055,4.4933,20.3182,-33.7965,R
20250614HTNC0,2025,3,top,23,1,2번타자 박찬호,64646,박찬호,52992,이준혁,118,5,250614_173818,S,헛스윙,142,직구,2,3,True,250614_173818,3,5,-0.510439,0.7083,3.243,1.573,-128.691,-0.276199,4.6018,5.74968,50.0,-1.12546,-15.2381,33.5765,-24.0134,R
20250614HTNC0,2025,3,top,24,2,3번타자 최형우,72443,최형우,52992,이준혁,121,1,250614_173944,S,헛스윙,129,체인지업,0,1,True,250614_173944,3,1,0.356812,0.7083,3.334,1.617,-116.266,-1.05626,3.80692,5.68792,50.0,-1.35015,0.121815,24.936,-27.9554,L
20250614HTNC0,2025,3,top,24,2,3번타자 최형우,72443,최형우,52992,이준혁,122,2,250614_174007,F,파울,130,체인지업,0,2,True,250614_174007,3,2,0.409819,0.7083,3.334,1.617,-117.071,-1.27674,5.90768,5.70813,50.0,-1.36826,-8.50185,23.786,-27.9305,L
20250614HTNC0,2025,3,top,24,2,3번타자 최형우,72443,최형우,52992,이준혁,123,3,250614_174028,H,타격,132,체인지업,0,2,True,250614_174028,3,3,-0.282399,0.7083,3.334,1.617,-119.253,-2.30728,4.4304,5.69426,50.0,-1.33208,-9.26316,24.1653,-29.3654,L
20250614HTNC0,2025,3,top,25,3,4번타자 위즈덤,55645,위즈덤,52992,이준혁,126,1,250614_174105,B,볼,131,슬라이더,1,0,True,250614_174105,3,1,2.50221,0.7083,3.453,1.675,-118.043,-5.37163,8.87295,5.56054,50.0,-1.18101,-2.25087,26.9322,-34.9482,R
20250614HTNC0,2025,3,top,25,3,4번타자 위즈덤,55645,위즈덤,52992,이준혁,127,2,250614_174124,S,헛스윙,130,슬라이더,1,1,True,250614_174124,3,2,0.967318,0.7083,3.453,1.675,-118.144,-1.30584,5.56216,5.62087,50.0,-1.32053,-1.53357,25.3087,-38.4865,R
20250614HTNC0,2025,3,top,25,3,4번타자 위즈덤,55645,위즈덤,52992,이준혁,128,3,250614_174144,B,볼,143,직구,2,1,True,250614_174144,3,3,1.87515,0.7083,3.453,1.675,-128.714,-5.16168,9.4908,5.66307,50.0,-0.776841,-14.49,33.2751,-17.3908,R
20250614HTNC0,2025,3,top,25,3,4번타자 위즈덤,55645,위즈덤,52992,이준혁,129,4,250614_174201,F,파울,132,슬라이더,2,2,True,250614_174201,3,4,0.829904,0.7083,3.453,1.675,-119.267,-2.10891,3.80157,5.69725,50.0,-1.23773,4.44593,26.0399,-33.8321,R
20250614HTNC0,2025,3,top,25,3,4번타자 위즈덤,55645,위즈덤,52992,이준혁,130,5,250614_174226,B,볼,131,슬라이더,3,2,True,250614_174226,3,5,1.52928,0.7083,3.453,1.675,-117.877,0.659053,5.76631,5.84715,50.0,-1.13181,1.54852,22.087,-35.8354,R
20250614HTNC0,2025,3,top,25,3,4번타자 위즈덤,55645,위즈덤,52992,이준혁,131,6,250614_174248,F,파울,131,슬라이더,3,2,True,250614_174248,3,6,0.312948,0.7083,3.453,1.675,-118.537,-0.660553,4.22372,5.70878,50.0,-1.41846,-1.06947,22.5703,-36.1234,R
20250614HTNC0,2025,3,top,25,3,4번타자 위즈덤,55645,위즈덤,52992,이준혁,132,7,250614_174317,H,타격,145,직구,3,2,True,250614_174317,3,7,-0.025097,0.7083,3.453,1.675,-131.113,-4.10534,6.30532,5.65173,50.0,-1.09951,-18.1504,32.4149,-19.1753,R
20250614HTNC0,2025,3,bottom,27,1,8번타자 김휘집,51344,김휘집,77637,양현종,136,1,250614_174522,B,볼,127,체인지업,1,0,True,250614_174522,3,1,1.4064,0.7083,3.316,1.608,-114.26,0.422754,-3.20378,6.45423,50.0,2.07517,7.62633,24.2412,-19.7293,R
20250614HTNC0,2025,3,bottom,27,1,8번타자 김휘집,51344,김휘집,77637,양현종,137,2,250614_174535,S,헛스윙,128,체인지업,1,1,True,250614_174535,3,2,-0.579765,0.7083,3.316,1.608,-115.846,-5.512,-7.36257,6.21828,50.0,1.94896,7.74441,27.959,-18.4673,R
20250614HTNC0,2025,3,bottom,27,1,8번타자 김휘집,51344,김휘집,77637,양현종,138,3,250614_174600,B,볼,140,직구,2,1,True,250614_174600,3,3,-1.01215,0.7083,3.316,1.608,-126.305,-7.18302,-9.09155,6.07209,50.0,1.89865,9.57078,26.3994,-10.8457,R
20250614HTNC0,2025,3,bottom,27,1,8번타자 김휘집,51344,김휘집,77637,양현종,139,4,250614_174614,H,타격,139,직구,2,1,True,250614_174614,3,4,0.011527,0.7083,3.316,1.608,-126.034,-7.97182,-5.91105,6.02213,50.0,1.90771,6.32976,30.2489,-11.2583,R
20250614HTNC0,2025,3,bottom,28,2,9번타자 김정호,51903,김정호,77637,양현종,142,1,250614_174650,H,타격,140,직구,0,0,True,250614_174650,3,1,0.19558,0.7083,3.161,1.533,-126.406,-8.66857,-6.1209,6.08718,50.0,1.92601,9.20846,27.15,-9.04747,R
20250614HTNC0,2025,3,bottom,29,3,1번타자 김주원,51907,김주원,77637,양현종,145,1,250614_174730,T,스트라이크,127,체인지업,0,1,True,250614_174730,3,1,-0.000392,0.7083,3.408,1.653,-115.388,-2.56503,-6.83614,6.23003,50.0,1.86282,11.9577,24.3585,-26.7634,R
20250614HTNC0,2025,3,bottom,29,3,1번타자 김주원,51907,김주원,77637,양현종,146,2,250614_174748,B,볼,139,직구,1,1,True,250614_174748,3,2,-0.053496,0.7083,3.408,1.653,-125.803,-3.23081,-6.53568,6.29118,50.0,2.04965,6.92714,29.3266,-11.1188,R
20250614HTNC0,2025,3,bottom,29,3,1번타자 김주원,51907,김주원,77637,양현종,147,3,250614_174804,H,타격,126,체인지업,1,1,True,250614_174804,3,3,0.515583,0.7083,3.408,1.653,-113.941,-3.35202,-6.31227,6.27256,50.0,2.09987,12.4249,22.1743,-21.4536,R
20250614HTNC0,2025,3,bottom,30,4,2번타자 권희동,63963,권희동,77637,양현종,150,1,250614_174843,B,볼,128,체인지업,1,0,True,250614_174843,3,1,0.898901,0.7083,3.311,1.606,-115.653,-1.94775,-5.9435,6.24756,50.0,2.07213,14.8392,25.5855,-20.3099,R
20250614HTNC0,2025,3,bottom,30,4,2번타자 권희동,63963,권희동,77637,양현종,151,2,250614_174900,F,파울,126,체인지업,1,1,True,250614_174900,3,2,0.518216,0.7083,3.311,1.606,-113.805,-2.94176,-5.83481,6.2113,50.0,2.02755,11.0546,22.5435,-25.4411,R
20250614HTNC0,2025,3,bottom,30,4,2번타자 권희동,63963,권희동,77637,양현종,152,3,250614_174935,B,볼,128,체인지업,2,1,True,250614_174935,3,3,1.2429,0.7083,3.311,1.606,-115.708,-4.73225,-4.41495,6.1967,50.0,1.97081,12.4566,25.3121,-21.9494,R
20250614HTNC0,2025,3,bottom,30,4,2번타자 권희동,63963,권희동,77637,양현종,153,4,250614_174954,B,볼,129,슬라이더,3,1,True,250614_174954,3,4,-0.495786,0.7083,3.311,1.606,-117.051,-4.32964,-4.97004,6.08827,50.0,1.97105,-2.79436,24.5258,-29.9158,R
20250614HTNC0,2025,3,bottom,30,4,2번타자 권희동,63963,권희동,77637,양현종,154,5,250614_175015,B,볼,140,직구,4,1,True,250614_175015,3,5,0.874033,0.7083,3.311,1.606,-126.999,-3.75688,-3.81784,6.14337,50.0,2.0509,4.56253,29.5748,-13.5745,R
20250614HTNC0,2025,3,bottom,31,5,3번타자 박민우,62907,박민우,77637,양현종,159,1,250614_175127,S,헛스윙,119,커브,0,1,True,250614_175127,3,1,0.1537,0.7083,3.364,1.631,-107.953,-0.796991,-2.73572,6.24719,50.0,1.91641,-3.86758,22.6634,-34.726,L
20250614HTNC0,2025,3,bottom,31,5,3번타자 박민우,62907,박민우,77637,양현종,160,2,250614_175152,B,볼,127,슬라이더,1,1,True,250614_175152,3,2,-0.412636,0.7083,3.364,1.631,-114.152,-4.35363,-5.89755,6.16162,50.0,1.92112,3.16158,20.502,-27.5043,L
20250614HTNC0,2025,3,bottom,31,5,3번타자 박민우,62907,박민우,77637,양현종,161,3,250614_175212,S,헛스윙,128,체인지업,1,2,True,250614_175212,3,3,0.803529,0.7083,3.364,1.631,-115.225,-6.8698,-4.83398,6.19779,50.0,1.93775,10.2805,24.4481,-17.8132,L
20250614HTNC0,2025,3,bottom,31,5,3번타자 박민우,62907,박민우,77637,양현종,162,4,250614_175239,H,타격,141,직구,1,2,True,250614_175239,3,4,-0.008107,0.7083,3.364,1.631,-127.656,-6.80951,-6.43156,5.94095,50.0,2.05615,6.65544,31.3681,-12.7343,L
20250614HTNC0,2025,3,bottom,32,6,4번타자 데이비슨,54944,데이비슨,77637,양현종,167,1,250614_175344,H,타격,130,체인지업,0,0,True,250614_175344,3,1,0.372058,0.7083,3.503,1.699,-116.643,-2.82462,-6.18752,6.23176,50.0,1.98438,11.4983,23.7914,-25.9627,R
20250614HTNC0,2025,3,bottom,33,7,5번타자 박건우,79215,박건우,77637,양현종,173,1,250614_175445,S,헛스윙,130,체인지업,0,1,True,250614_175445,3,1,0.341686,0.7083,3.338,1.619,-117.636,-4.68817,-6.09338,6.08022,50.0,1.90011,11.5984,25.5659,-24.2841,R
20250614HTNC0,2025,3,bottom,33,7,5번타자 박건우,79215,박건우,77637,양현종,174,2,250614_175505,H,타격,130,체인지업,0,1,True,250614_175505,3,2,0.390376,0.7083,3.338,1.619,-116.959,-4.3144,-6.11003,6.10314,50.0,1.95678,11.6225,25.827,-25.3886,R
20250614HTNC0,2025,4,top,35,1,5번타자 오선우,69636,오선우,52992,이준혁,179,1,250614_175731,T,스트라이크,131,체인지업,0,1,True,250614_175731,4,1,0.111316,0.7083,3.353,1.626,-118.192,0.416768,4.0745,5.78544,50.0,-1.31795,-3.73438,27.1092,-26.2929,L
20250614HTNC0,2025,4,top,35,1,5번타자 오선우,69636,오선우,52992,이준혁,180,2,250614_175747,B,볼,131,체인지업,1,1,True,250614_175747,4,2,-1.88039,0.7083,3.353,1.626,-117.26,0.281858,0.448961,5.78147,50.0,-1.58295,-5.15022,21.6003,-27.9228,L
20250614HTNC0,2025,4,top,35,1,5번타자 오선우,69636,오선우,52992,이준혁,181,3,250614_175805,B,볼,131,슬라이더,2,1,True,250614_175805,4,3,-1.04965,0.7083,3.353,1.626,-117.916,1.25316,1.7663,5.7865,50.0,-1.43864,-4.00997,24.2826,-34.9156,L
20250614HTNC0,2025,4,top,35,1,5번타자 오선우,69636,오선우,52992,이준혁,182,4,250614_175823,B,볼,145,직구,3,1,True,250614_175823,4,4,1.63957,0.7083,3.353,1.626,-130.756,-2.42118,9.45354,5.81758,50.0,-0.84906,-16.0529,33.5224,-15.7771,L
20250614HTNC0,2025,4,top,35,1,5번타자 오선우,69636,오선우,52992,이준혁,183,5,250614_175850,T,스트라이크,132,슬라이더,3,2,True,250614_175850,4,5,0.138975,0.7083,3.353,1.626,-118.93,2.42065,2.79604,5.80462,50.0,-1.34547,2.94499,22.8615,-38.389,L
20250614HTNC0,2025,4,top,35,1,5번타자 오선우,69636,오선우,52992,이준혁,184,6,250614_175911,B,볼,144,직구,4,2,True,250614_175911,4,6,0.987231,0.7083,3.353,1.626,-129.587,-7.78355,8.24984,5.56892,50.0,-1.03136,-16.0103,31.3749,-10.3308,L
20250614HTNC0,2025,4,top,36,2,6번타자 최원준,66606,최원준,52992,이준혁,188,1,250614_180009,F,파울,144,직구,0,1,True,250614_180009,4,1,-0.518618,0.7083,3.276,1.589,-130.076,-7.88096,5.07342,5.55279,50.0,-1.12944,-17.7108,35.4399,-14.9078,L
20250614HTNC0,2025,4,top,36,2,6번타자 최원준,66606,최원준,52992,이준혁,189,2,250614_180036,F,파울,131,체인지업,0,2,True,250614_180036,4,2,0.907226,0.7083,3.276,1.589,-118.558,-0.252957,5.54174,5.66368,50.0,-1.28918,-2.52977,30.4074,-22.0007,L
20250614HTNC0,2025,4,top,36,2,6번타자 최원준,66606,최원준,52992,이준혁,190,3,250614_180103,B,볼,130,슬라이더,1,2,True,250614_180103,4,3,1.22242,0.7083,3.276,1.589,-117.119,-0.122792,6.12692,5.79073,50.0,-1.3841,-0.791728,20.6949,-33.0983,L
20250614HTNC0,2025,4,top,36,2,6번타자 최원준,66606,최원준,52992,이준혁,192,4,250614_180145,B,볼,130,체인지업,2,2,True,250614_180145,4,4,-0.360153,0.7083,3.276,1.589,-117.533,1.28925,3.26211,5.79072,50.0,-1.37593,-4.33028,24.7203,-24.0971,L
20250614HTNC0,2025,4,top,36,2,6번타자 최원준,66606,최원준,52992,이준혁,193,5,250614_180207,F,파울,131,체인지업,2,2,True,250614_180207,4,5,-0.144686,0.7083,3.276,1.589,-119.219,-1.9388,5.18839,5.61863,50.0,-1.25046,-12.1714,20.9235,-32.9285,L
20250614HTNC0,2025,4,top,36,2,6번타자 최원준,66606,최원준,52992,이준혁,194,6,250614_180243,F,파울,131,체인지업,2,2,True,250614_180243,4,6,-0.916686,0.7083,3.276,1.589,-117.767,1.06327,2.59226,5.68901,50.0,-1.34289,-7.40079,22.6746,-35.4704,L
20250614HTNC0,2025,4,top,36,2,6번타자 최원준,66606,최원준,52992,이준혁,196,7,250614_180324,T,스트라이크,132,슬라이더,2,3,True,250614_180324,4,7,-0.403625,0.7083,3.276,1.589,-119.502,-0.243456,2.59071,5.66539,50.0,-1.50499,-0.184469,24.7175,-33.2789,L
20250614HTNC0,2025,4,top,37,3,7번타자 김호령,65653,김호령,52992,이준혁,199,1,250614_180357,S,헛스윙,130,슬라이더,0,1,True,250614_180357,4,1,-0.228695,0.7083,3.311,1.606,-117.376,-0.532352,3.22961,5.66279,50.0,-1.45694,-1.96059,22.9104,-35.5955,R
20250614HTNC0,2025,4,top,37,3,7번타자 김호령,65653,김호령,52992,이준혁,200,2,250614_180419,H,타격,131,슬라이더,0,1,True,250614_180419,4,2,-0.486296,0.7083,3.311,1.606,-118.57,1.69166,1.54309,5.7624,50.0,-1.35842,2.12849,23.9346,-35.6668,R
20250614HTNC0,2025,4,top,38,4,8번타자 김태군,78122,김태군,54904,손주환,205,1,250614_180710,B,볼,136,슬라이더,1,0,True,250614_180710,4,1,0.951402,0.7083,3.362,1.631,-123.676,-1.55139,3.56712,6.11435,50.0,-0.951971,4.69191,28.0867,-26.6276,R
20250614HTNC0,2025,4,top,38,4,8번타자 김태군,78122,김태군,54904,손주환,206,2,250614_180729,T,스트라이크,146,직구,1,1,True,250614_180729,4,2,-0.803544,0.7083,3.362,1.631,-131.199,-6.42161,3.01895,5.9065,50.0,-0.997891,-12.8763,27.6521,-15.3402,R
20250614HTNC0,2025,4,top,38,4,8번타자 김태군,78122,김태군,54904,손주환,207,3,250614_180751,H,타격,145,직구,1,1,True,250614_180751,4,3,-0.411036,0.7083,3.362,1.631,-131.38,-5.37496,2.98695,5.92343,50.0,-0.800251,-10.1527,31.2584,-13.2609,R
20250614HTNC0,2025,4,top,39,5,9번타자 김규성,66614,김규성,54904,손주환,212,1,250614_180842,S,헛스윙,135,슬라이더,0,1,True,250614_180842,4,1,0.841776,0.7083,3.415,1.656,-121.725,-6.7904,4.36872,5.87157,50.0,-1.05931,0.607094,24.2472,-27.3108,L
20250614HTNC0,2025,4,top,39,5,9번타자 김규성,66614,김규성,54904,손주환,213,2,250614_180905,S,헛스윙,138,슬라이더,0,2,True,250614_180905,4,2,0.368499,0.7083,3.415,1.656,-124.644,-6.02462,1.70559,5.94592,50.0,-1.05863,8.49748,25.1227,-25.083,L
20250614HTNC0,2025,4,top,39,5,9번타자 김규성,66614,김규성,54904,손주환,214,3,250614_180930,B,볼,139,슬라이더,1,2,True,250614_180930,4,3,0.911609,0.7083,3.415,1.656,-125.954,-7.33446,5.06885,5.9611,50.0,-0.931607,-2.72802,25.9665,-27.3039,L
20250614HTNC0,2025,4,top,39,5,9번타자 김규성,66614,김규성,54904,손주환,215,4,250614_180957,H,타격,148,직구,1,2,True,250614_180957,4,4,-0.380172,0.7083,3.415,1.656,-133.871,-8.39227,4.06922,5.7362,50.0,-1.02616,-12.4185,31.0264,-16.4733,L
20250614HTNC0,2025,4,top,40,6,1번타자 이창진,64560,이창진,54904,손주환,219,1,250614_181053,S,헛스윙,134,슬라이더,0,1,True,250614_181053,4,1,0.462146,0.7083,3.168,1.537,-121.657,-4.83284,2.13337,5.97792,50.0,-0.776474,3.6582,27.2266,-24.8203,R
20250614HTNC0,2025,4,top,40,6,1번타자 이창진,64560,이창진,54904,손주환,221,2,250614_181129,B,볼,136,슬라이더,1,1,True,250614_181129,4,2,1.39027,0.7083,3.168,1.537,-122.876,-5.20769,5.1079,5.91533,50.0,-0.731755,-0.281564,26.6528,-24.2829,R
20250614HTNC0,2025,4,top,40,6,1번타자 이창진,64560,이창진,54904,손주환,224,3,250614_181239,F,파울,147,직구,1,2,True,250614_181239,4,3,0.129126,0.7083,3.168,1.537,-132.532,-7.68084,4.58451,5.89494,50.0,-0.866303,-10.4056,27.9945,-11.0037,R
20250614HTNC0,2025,4,top,40,6,1번타자 이창진,64560,이창진,54904,손주환,225,4,250614_181304,B,볼,147,직구,2,2,True,250614_181304,4,4,0.901848,0.7083,3.168,1.537,-132.263,-6.20683,6.23159,5.96854,50.0,-0.726284,-10.5058,27.7231,-10.9984,R
20250614HTNC0,2025,4,top,40,6,1번타자 이창진,64560,이창진,54904,손주환,226,5,250614_181333,B,볼,138,슬라이더,3,2,True,250614_181333,4,5,2.32336,0.7083,3.168,1.537,-125.046,-3.9412,7.32288,5.94955,50.0,-0.676626,-0.344824,28.5137,-29.7618,R
20250614HTNC0,2025,4,top,40,6,1번타자 이창진,64560,이창진,54904,손주환,228,6,250614_181414,F,파울,135,슬라이더,3,2,True,250614_181414,4,6,0.055074,0.7083,3.168,1.537,-122.163,-6.13085,1.80225,5.87974,50.0,-0.9411,2.71583,22.7338,-25.69,R
20250614HTNC0,2025,4,top,40,6,1번타자 이창진,64560,이창진,54904,손주환,229,7,250614_181447,H,타격,148,직구,3,2,True,250614_181447,4,7,-0.532214,0.7083,3.168,1.537,-132.643,-4.70248,2.3729,5.87402,50.0,-0.978193,-6.30811,26.1258,-14.7814,R
20250614HTNC0,2025,4,top,41,7,2번타자 박찬호,64646,박찬호,54904,손주환,232,1,250614_181547,T,스트라이크,136,슬라이더,0,1,True,250614_181547,4,1,0.445896,0.7083,3.243,1.573,-122.985,-2.59851,1.91737,6.09118,50.0,-0.761668,4.64383,24.357,-27.9222,R
20250614HTNC0,2025,4,top,41,7,2번타자 박찬호,64646,박찬호,54904,손주환,233,2,250614_181610,B,볼,146,직구,1,1,True,250614_181610,4,2,1.85083,0.7083,3.243,1.573,-132.812,-2.62762,8.84525,5.97145,50.0,-0.791368,-10.7446,36.1918,-15.5665,R
20250614HTNC0,2025,4,top,41,7,2번타자 박찬호,64646,박찬호,54904,손주환,234,3,250614_181630,H,타격,136,슬라이더,1,1,True,250614_181630,4,3,-0.174726,0.7083,3.243,1.573,-122.334,-0.878751,1.67727,6.03801,50.0,-0.932736,0.53577,27.8341,-29.467,R
20250614HTNC0,2025,4,top,42,8,3번타자 최형우,72443,최형우,54904,손주환,239,1,250614_181805,F,파울,132,포크,0,1,True,250614_181805,4,1,0.488501,0.7083,3.334,1.617,-119.743,-4.15612,4.89185,5.99253,50.0,-0.852217,-8.32171,29.6462,-27.3472,L
20250614HTNC0,2025,4,top,42,8,3번타자 최형우,72443,최형우,54904,손주환,240,2,250614_181853,F,파울,147,직구,0,2,True,250614_181853,4,2,-0.31991,0.7083,3.334,1.617,-132.46,-6.92379,4.18372,5.71283,50.0,-1.16618,-10.3287,32.3287,-15.7407,L
20250614HTNC0,2025,4,top,42,8,3번타자 최형우,72443,최형우,54904,손주환,241,3,250614_181921,B,볼,140,슬라이더,1,2,True,250614_181921,4,3,0.7912,0.7083,3.334,1.617,-125.96,-6.88787,4.09835,5.92744,50.0,-1.07032,2.39073,22.5779,-25.8746,L
20250614HTNC0,2025,4,top,42,8,3번타자 최형우,72443,최형우,54904,손주환,243,4,250614_182007,F,파울,138,슬라이더,1,2,True,250614_182007,4,4,1.28885,0.7083,3.334,1.617,-124.665,-1.97324,5.99625,6.14049,50.0,-1.02304,-1.98439,26.9389,-28.3931,L
20250614HTNC0,2025,4,top,42,8,3번타자 최형우,72443,최형우,54904,손주환,244,5,250614_182039,S,헛스윙,148,직구,1,3,True,250614_182039,4,5,-0.308668,0.7083,3.334,1.617,-134.313,-5.47959,4.685,5.73601,50.0,-1.14441,-13.0564,34.2004,-17.5253,L
20250614HTNC0,2025,4,bottom,44,1,6번타자 손아섭,77532,손아섭,77637,양현종,248,1,250614_182243,T,스트라이크,139,직구,0,1,True,250614_182243,4,1,-0.119648,0.7083,3.21,1.557,-125.575,-4.71341,-5.77076,6.17837,50.0,1.94441,3.66213,27.9658,-12.7969,L
20250614HTNC0,2025,4,bottom,44,1,6번타자 손아섭,77532,손아섭,77637,양현종,249,2,250614_182256,B,볼,115,커브,1,1,True,250614_182256,4,2,-0.707363,0.7083,3.21,1.557,-104.464,-1.50461,-4.86297,6.33927,50.0,2.08471,-3.08987,20.5008,-37.2819,L
20250614HTNC0,2025,4,bottom,44,1,6번타자 손아섭,77532,손아섭,77637,양현종,250,3,250614_182314,H,타격,127,슬라이더,1,1,True,250614_182314,4,3,0.367332,0.7083,3.21,1.557,-115.121,-3.91681,-3.5207,6.2393,50.0,2.02372,-0.863751,20.7046,-26.7635,L
20250614HTNC0,2025,4,bottom,45,2,7번타자 천재환,67905,천재환,77637,양현종,253,1,250614_182403,B,볼,126,체인지업,1,0,True,250614_182403,4,1,0.322573,0.7083,3.322,1.611,-113.419,1.69946,-6.27139,6.46865,50.0,1.98126,11.5312,21.2064,-23.8852,R
20250614HTNC0,2025,4,bottom,45,2,7번타자 천재환,67905,천재환,77637,양현종,254,2,250614_182417,H,타격,137,직구,1,0,True,250614_182417,4,2,0.540753,0.7083,3.322,1.611,-123.828,-2.76712,-4.69615,6.26271,50.0,1.85189,7.46667,28.6188,-16.8543,R
20250614HTNC0,2025,4,bottom,46,3,8번타자 김휘집,51344,김휘집,77637,양현종,257,1,250614_182454,B,볼,139,직구,1,0,True,250614_182454,4,1,0.088324,0.7083,3.316,1.608,-126.045,-2.04739,-5.52218,6.30386,50.0,1.84233,6.12631,30.566,-15.4313,R
20250614HTNC0,2025,4,bottom,46,3,8번타자 김휘집,51344,김휘집,77637,양현종,258,2,250614_182507,B,볼,127,체인지업,2,0,True,250614_182507,4,2,1.21547,0.7083,3.316,1.608,-114.971,-1.60608,-4.98847,6.46866,50.0,2.18704,12.5771,23.8521,-19.8471,R
20250614HTNC0,2025,4,bottom,46,3,8번타자 김휘집,51344,김휘집,77637,양현종,259,3,250614_182522,F,파울,139,직구,2,1,True,250614_182522,4,3,-0.695545,0.7083,3.316,1.608,-125.365,-7.36587,-6.83777,6.09118,50.0,1.76417,4.15789,26.5899,-11.385,R
20250614HTNC0,2025,4,bottom,46,3,8번타자 김휘집,51344,김휘집,77637,양현종,260,4,250614_182543,H,타격,143,직구,2,1,True,250614_182543,4,4,-0.49648,0.7083,3.316,1.608,-129.247,-7.41722,-7.41556,6.04388,50.0,1.81639,8.12119,28.7988,-10.8928,R
20250614HTNC0,2025,5,top,48,1,4번타자 위즈덤,55645,위즈덤,68900,김영규,265,1,250614_182813,H,타격,144,직구,0,0,True,250614_182813,5,1,-0.752097,0.7083,3.453,1.675,-129.743,-6.0487,-8.75537,5.88011,50.0,1.68936,13.151,28.9451,-11.2334,R
20250614HTNC0,2025,5,top,49,2,5번타자 오선우,69636,오선우,68900,김영규,268,1,250614_182853,B,볼,145,직구,1,0,True,250614_182853,5,1,-1.55594,0.7083,3.353,1.626,-130.832,-10.0345,-10.9831,5.78875,50.0,1.91786,11.161,32.0185,-7.40521,L
20250614HTNC0,2025,5,top,49,2,5번타자 오선우,69636,오선우,68900,김영규,269,2,250614_182906,B,볼,142,직구,2,0,True,250614_182906,5,2,-1.88742,0.7083,3.353,1.626,-128.346,-6.38256,-11.9116,5.87797,50.0,1.9201,12.2941,31.0704,-11.1008,L
20250614HTNC0,2025,5,top,49,2,5번타자 오선우,69636,오선우,68900,김영규,270,3,250614_182924,B,볼,133,슬라이더,3,0,True,250614_182924,5,3,1.0498,0.7083,3.353,1.626,-120.947,1.68849,-3.2602,6.36182,50.0,2.25029,2.11001,26.1902,-20.6998,L
20250614HTNC0,2025,5,top,49,2,5번타자 오선우,69636,오선우,68900,김영규,271,4,250614_182942,B,볼,143,직구,4,0,True,250614_182942,5,4,0.370496,0.7083,3.353,1.626,-129.108,-3.03502,-6.17049,5.98841,50.0,1.99882,10.4715,27.7943,-14.4944,L
20250614HTNC0,2025,5,top,50,3,6번타자 최원준,66606,최원준,68900,김영규,274,1,250614_183021,F,파울,130,슬라이더,0,1,True,250614_183021,5,1,0.558677,0.7083,3.276,1.589,-117.783,-2.05817,-3.55428,6.22625,50.0,2.0774,0.383418,23.5269,-23.4584,L
20250614HTNC0,2025,5,top,50,3,6번타자 최원준,66606,최원준,68900,김영규,275,2,250614_183052,B,볼,132,슬라이더,1,1,True,250614_183052,5,2,-1.05957,0.7083,3.276,1.589,-119.044,-4.50912,-7.04403,6.08706,50.0,1.95814,0.502621,26.5263,-23.6573,L
20250614HTNC0,2025,5,top,50,3,6번타자 최원준,66606,최원준,68900,김영규,276,3,250614_183112,H,타격,143,직구,1,1,True,250614_183112,5,3,0.29947,0.7083,3.276,1.589,-129.162,-7.23425,-6.79447,5.92433,50.0,1.92084,13.7223,31.1967,-13.0213,L
20250614HTNC0,2025,5,top,51,4,7번타자 김호령,65653,김호령,68900,김영규,280,1,250614_183212,B,볼,145,직구,1,0,True,250614_183212,5,1,-0.944688,0.7083,3.311,1.606,-131.176,-8.97001,-9.45411,5.6455,50.0,1.87343,11.9363,37.0611,-11.533,R
20250614HTNC0,2025,5,top,51,4,7번타자 김호령,65653,김호령,68900,김영규,281,2,250614_183230,B,볼,131,슬라이더,2,0,True,250614_183230,5,2,-1.19839,0.7083,3.311,1.606,-118.135,-4.61997,-7.11768,6.00379,50.0,1.81474,1.02013,24.4576,-24.6851,R
20250614HTNC0,2025,5,top,51,4,7번타자 김호령,65653,김호령,68900,김영규,282,3,250614_183252,H,타격,143,직구,2,0,True,250614_183252,5,3,-0.346822,0.7083,3.311,1.606,-128.589,-7.45569,-8.85359,5.84529,50.0,2.0881,13.9474,30.9408,-9.96139,R
20250614HTNC0,2025,5,bottom,53,1,9번타자 김정호,51903,김정호,77637,양현종,288,1,250614_183524,F,파울,127,체인지업,0,1,True,250614_183524,5,1,-0.074944,0.7083,3.161,1.533,-114.5,-2.97324,-6.5179,6.1853,50.0,1.94886,8.93176,20.0156,-25.46,R
20250614HTNC0,2025,5,bottom,53,1,9번타자 김정호,51903,김정호,77637,양현종,289,2,250614_183545,S,헛스윙,128,체인지업,0,2,True,250614_183545,5,2,-0.079957,0.7083,3.161,1.533,-115.407,-4.62679,-6.87205,6.13934,50.0,2.04481,9.48599,23.2356,-22.0822,R
20250614HTNC0,2025,5,bottom,53,1,9번타자 김정호,51903,김정호,77637,양현종,290,3,250614_183617,S,헛스윙,128,체인지업,0,3,True,250614_183617,5,3,-0.544435,0.7083,3.161,1.533,-115.301,-7.90397,-7.8544,6.01291,50.0,1.85453,11.1485,23.1712,-21.9313,R
20250614HTNC0,2025,5,bottom,54,2,1번타자 김주원,51907,김주원,77637,양현종,293,1,250614_183659,T,스트라이크,144,직구,0,1,True,250614_183659,5,1,-0.56241,0.7083,3.408,1.653,-129.569,-4.72835,-6.99007,6.16823,50.0,1.82152,4.94564,26.8284,-10.8503,R
20250614HTNC0,2025,5,bottom,54,2,1번타자 김주원,51907,김주원,77637,양현종,294,2,250614_183715,B,볼,146,직구,1,1,True,250614_183715,5,2,-0.296845,0.7083,3.408,1.653,-131.505,-10.1831,-7.14026,5.83244,50.0,2.07748,5.54288,29.7719,-9.25799,R
20250614HTNC0,2025,5,bottom,54,2,1번타자 김주원,51907,김주원,77637,양현종,295,3,250614_183729,F,파울,143,직구,1,2,True,250614_183729,5,3,0.910284,0.7083,3.408,1.653,-129.352,-3.24519,-3.63704,6.08842,50.0,1.96887,4.95374,30.6702,-13.7066,R
20250614HTNC0,2025,5,bottom,54,2,1번타자 김주원,51907,김주원,77637,양현종,296,4,250614_183752,B,볼,132,슬라이더,2,2,True,250614_183752,5,4,-1.51008,0.7083,3.408,1.653,-119.734,-6.00575,-7.19975,5.91136,50.0,1.76127,-1.7657,25.5352,-29.3363,R
20250614HTNC0,2025,5,bottom,54,2,1번타자 김주원,51907,김주원,77637,양현종,297,5,250614_183815,F,파울,131,슬라이더,2,2,True,250614_183815,5,5,0.153,0.7083,3.408,1.653,-118.245,-4.36052,-3.2935,6.10592,50.0,1.99234,-4.34779,21.6294,-28.6193,R
20250614HTNC0,2025,5,bottom,54,2,1번타자 김주원,51907,김주원,77637,양현종,298,6,250614_183845,S,헛스윙,131,체인지업,2,3,True,250614_183845,5,6,0.585824,0.7083,3.408,1.653,-118.858,-7.24725,-4.86653,6.02777,50.0,2.00268,7.39468,25.1732,-21.0418,R
20250614HTNC0,2025,5,bottom,55,3,2번타자 권희동,63963,권희동,77637,양현종,301,1,250614_183916,T,스트라이크,144,직구,0,1,True,250614_183916,5,1,0.089992,0.7083,3.311,1.606,-129.606,-6.40604,-6.3565,5.95997,50.0,1.98992,7.94584,28.6354,-9.43967,R
20250614HTNC0,2025,5,bottom,55,3,2번타자 권희동,63963,권희동,77637,양현종,302,2,250614_183929,B,볼,128,체인지업,1,1,True,250614_183929,5,2,0.385878,0.7083,3.311,1.606,-115.715,-6.26991,-6.70652,6.02643,50.0,1.99486,13.8939,22.7458,-24.9204,R
20250614HTNC0,2025,5,bottom,55,3,2번타자 권희동,63963,권희동,77637,양현종,303,3,250614_183946,B,볼,130,체인지업,2,1,True,250614_183946,5,3,0.380587,0.7083,3.311,1.606,-117.868,-8.24003,-7.43236,6.04767,50.0,1.9994,17.0613,24.4077,-17.4539,R
20250614HTNC0,2025,5,bottom,55,3,2번타자 권희동,63963,권희동,77637,양현종,304,4,250614_184008,B,볼,141,직구,3,1,True,250614_184008,5,4,0.465519,0.7083,3.311,1.606,-127.589,-8.4378,-5.60306,5.94076,50.0,2.06779,8.11451,28.1432,-13.2126,R
20250614HTNC0,2025,5,bottom,55,3,2번타자 권희동,63963,권희동,77637,양현종,305,5,250614_184027,B,볼,143,직구,4,1,True,250614_184027,5,5,-0.896024,0.7083,3.311,1.606,-129.093,-9.07648,-7.36138,5.93655,50.0,1.96072,1.31388,32.9843,-10.6805,R
20250614HTNC0,2025,5,bottom,56,4,3번타자 박민우,62907,박민우,77637,양현종,308,1,250614_184107,B,볼,128,슬라이더,1,0,True,250614_184107,5,1,-1.71432,0.7083,3.364,1.631,-115.838,-4.18767,-7.47243,6.10256,50.0,1.83137,-2.24693,22.5342,-30.4496,L
20250614HTNC0,2025,5,bottom,56,4,3번타자 박민우,62907,박민우,77637,양현종,310,2,250614_184158,B,볼,130,슬라이더,2,0,True,250614_184158,5,2,-1.93093,0.7083,3.364,1.631,-117.36,-6.14007,-8.02836,5.98152,50.0,1.78567,-1.96694,23.4617,-27.6168,L
20250614HTNC0,2025,5,bottom,56,4,3번타자 박민우,62907,박민우,77637,양현종,311,3,250614_184222,T,스트라이크,140,직구,2,1,True,250614_184222,5,3,-0.185346,0.7083,3.364,1.631,-126.436,-6.05681,-6.77946,6.00538,50.0,2.00942,6.86496,27.6078,-12.1555,L
20250614HTNC0,2025,5,bottom,56,4,3번타자 박민우,62907,박민우,77637,양현종,312,4,250614_184253,T,스트라이크,141,직구,2,2,True,250614_184253,5,4,-0.62227,0.7083,3.364,1.631,-127.418,-6.19043,-7.51293,6.08523,50.0,1.87838,6.63564,28.8154,-9.54706,L
20250614HTNC0,2025,5,bottom,56,4,3번타자 박민우,62907,박민우,77637,양현종,313,5,250614_184316,S,헛스윙,142,직구,2,3,True,250614_184316,5,5,-0.987303,0.7083,3.364,1.631,-128.563,-5.52457,-7.19912,6.09306,50.0,1.76207,1.81408,30.0102,-9.7831,L
20250614HTNC0,2025,6,top,58,1,8번타자 김태군,78122,김태군,69969,전사민,319,1,250614_184741,T,스트라이크,145,투심,0,1,True,250614_184741,6,1,0.636459,0.7083,3.362,1.631,-131.163,-5.47998,6.45268,6.15777,50.0,-0.666485,-15.9675,30.2771,-20.3658,R
20250614HTNC0,2025,6,top,58,1,8번타자 김태군,78122,김태군,69969,전사민,320,2,250614_184801,T,스트라이크,146,투심,0,2,True,250614_184801,6,2,-0.00464,0.7083,3.362,1.631,-132.004,-5.5189,4.64428,5.93676,50.0,-0.745167,-14.0676,30.4624,-24.0578,R
20250614HTNC0,2025,6,top,58,1,8번타자 김태군,78122,김태군,69969,전사민,321,3,250614_184822,B,볼,147,투심,1,2,True,250614_184822,6,3,-0.758233,0.7083,3.362,1.631,-132.833,-1.51294,3.30288,6.16808,50.0,-0.818445,-16.2537,28.7001,-20.93,R
20250614HTNC0,2025,6,top,58,1,8번타자 김태군,78122,김태군,69969,전사민,322,4,250614_184842,H,타격,127,슬라이더,1,2,True,250614_184842,6,4,0.734015,0.7083,3.362,1.631,-114.632,-4.3821,3.32671,5.76808,50.0,-0.974164,2.12871,21.5863,-27.126,R
20250614HTNC0,2025,6,top,59,2,9번타자 김규성,66614,김규성,69969,전사민,325,1,250614_184916,B,볼,133,포크,1,0,True,250614_184916,6,1,0.90406,0.7083,3.415,1.656,-119.81,-4.98984,4.83991,6.22292,50.0,-0.465011,-7.67649,22.2317,-27.3405,L
20250614HTNC0,2025,6,top,59,2,9번타자 김규성,66614,김규성,69969,전사민,326,2,250614_184934,H,타격,145,투심,1,0,True,250614_184934,6,2,0.330948,0.7083,3.415,1.656,-130.535,-3.76179,5.61799,6.0141,50.0,-0.738964,-14.7329,27.8956,-23.1209,L
20250614HTNC0,2025,6,top,60,3,1번타자 이창진,64560,이창진,69969,전사민,329,1,250614_185012,F,파울,149,투심,0,1,True,250614_185012,6,1,0.034402,0.7083,3.168,1.537,-134.831,-5.96764,5.55982,6.04014,50.0,-0.686839,-19.2135,31.0563,-19.5438,R
20250614HTNC0,2025,6,top,60,3,1번타자 이창진,64560,이창진,69969,전사민,330,2,250614_185035,F,파울,146,투심,0,2,True,250614_185035,6,2,0.008794,0.7083,3.168,1.537,-131.493,-6.96125,5.52764,5.85134,50.0,-0.802419,-17.6551,28.3589,-21.6782,R
20250614HTNC0,2025,6,top,60,3,1번타자 이창진,64560,이창진,69969,전사민,331,3,250614_185101,F,파울,147,투심,0,2,True,250614_185101,6,3,0.053976,0.7083,3.168,1.537,-133.499,-5.69691,5.01857,5.84323,50.0,-0.749891,-15.2153,29.6507,-22.6429,R
20250614HTNC0,2025,6,top,60,3,1번타자 이창진,64560,이창진,69969,전사민,332,4,250614_185144,B,볼,131,포크,1,2,True,250614_185144,6,4,1.80755,0.7083,3.168,1.537,-118.208,-8.0456,6.21883,5.65132,50.0,-0.798903,-1.63775,33.671,-26.6125,R
20250614HTNC0,2025,6,top,60,3,1번타자 이창진,64560,이창진,69969,전사민,333,5,250614_185210,B,볼,149,투심,2,2,True,250614_185210,6,5,1.21444,0.7083,3.168,1.537,-134.476,-7.57178,6.63123,5.89817,50.0,-0.523283,-10.9529,31.0569,-14.0855,R
20250614HTNC0,2025,6,top,60,3,1번타자 이창진,64560,이창진,69969,전사민,334,6,250614_185230,B,볼,136,포크,3,2,True,250614_185230,6,6,-0.001712,0.7083,3.168,1.537,-122.402,-6.98108,3.32806,5.9955,50.0,-0.650423,-8.48947,25.5785,-28.3092,R
20250614HTNC0,2025,6,top,60,3,1번타자 이창진,64560,이창진,69969,전사민,335,7,250614_185254,B,볼,133,포크,4,2,True,250614_185254,6,7,1.47059,0.7083,3.168,1.537,-119.671,-6.74748,5.9683,6.02108,50.0,-0.605047,-5.31874,23.7539,-26.3356,R
20250614HTNC0,2025,6,top,61,4,2번타자 박찬호,64646,박찬호,69969,전사민,338,1,250614_185347,T,스트라이크,127,슬라이더,0,1,True,250614_185347,6,1,-0.071015,0.7083,3.243,1.573,-114.771,-1.10453,0.535099,5.92502,50.0,-1.00982,6.90437,22.9645,-24.9962,R
20250614HTNC0,2025,6,top,61,4,2번타자 박찬호,64646,박찬호,69969,전사민,339,2,250614_185412,S,헛스윙,133,포크,0,2,True,250614_185412,6,2,0.371549,0.7083,3.243,1.573,-120.225,-2.92795,4.36216,6.16257,50.0,-0.797468,-7.61941,23.5139,-27.0253,R
20250614HTNC0,2025,6,top,61,4,2번타자 박찬호,64646,박찬호,69969,전사민,341,3,250614_185501,B,볼,147,투심,1,2,True,250614_185501,6,3,0.957409,0.7083,3.243,1.573,-132.318,-8.53731,7.93715,5.85973,50.0,-0.681727,-19.1392,27.7466,-20.3877,R
20250614HTNC0,2025,6,top,61,4,2번타자 박찬호,64646,박찬호,69969,전사민,342,4,250614_185525,H,타격,127,슬라이더,1,2,True,250614_185525,6,4,0.570019,0.7083,3.243,1.573,-115.052,-1.09904,2.37019,5.89491,50.0,-1.03608,5.4564,21.7159,-26.7037,R
20250614HTNC0,2025,6,bottom,63,1,4번타자 데이비슨,54944,데이비슨,54610,성영탁,348,1,250614_185750,T,스트라이크,133,커터,0,1,True,250614_185750,6,1,-0.206491,0.7083,3.503,1.699,-120.081,-0.98407,4.00732,5.67702,50.0,-1.80819,-1.25958,23.6276,-22.291,R
20250614HTNC0,2025,6,bottom,63,1,4번타자 데이비슨,54944,데이비슨,54610,성영탁,349,2,250614_185806,B,볼,137,커터,1,1,True,250614_185806,6,2,-1.12375,0.7083,3.503,1.699,-123.467,-4.50915,1.97199,5.59086,50.0,-1.6456,-3.42602,18.9796,-23.6005,R
20250614HTNC0,2025,6,bottom,63,1,4번타자 데이비슨,54944,데이비슨,54610,성영탁,350,3,250614_185825,B,볼,126,커브,2,1,True,250614_185825,6,3,0.978948,0.7083,3.503,1.699,-114.102,-2.54176,5.04108,5.55677,50.0,-1.50018,1.93884,22.7733,-38.344,R
20250614HTNC0,2025,6,bottom,63,1,4번타자 데이비슨,54944,데이비슨,54610,성영탁,351,4,250614_185847,F,파울,142,투심,2,2,True,250614_185847,6,4,-0.624666,0.7083,3.503,1.699,-128.535,-3.351,5.57623,5.4909,50.0,-1.81198,-13.035,25.0082,-22.4206,R
20250614HTNC0,2025,6,bottom,63,1,4번타자 데이비슨,54944,데이비슨,54610,성영탁,352,5,250614_185916,S,헛스윙,136,커터,2,3,True,250614_185916,6,5,0.369788,0.7083,3.503,1.699,-122.411,-3.85661,6.46638,5.5257,50.0,-1.73509,-6.86529,22.0844,-23.0788,R
20250614HTNC0,2025,6,bottom,64,2,5번타자 박건우,79215,박건우,54610,성영탁,355,1,250614_185947,B,볼,142,투심,1,0,True,250614_185947,6,1,0.111001,0.7083,3.338,1.619,-128.172,-0.729405,7.09073,5.62015,50.0,-1.63292,-13.6907,27.3583,-22.6948,R
20250614HTNC0,2025,6,bottom,64,2,5번타자 박건우,79215,박건우,54610,성영탁,356,2,250614_190004,F,파울,141,투심,1,1,True,250614_190004,6,2,-0.731574,0.7083,3.338,1.619,-127.259,-1.49817,4.94666,5.48454,50.0,-1.72733,-12.2868,24.9483,-25.6261,R
20250614HTNC0,2025,6,bottom,64,2,5번타자 박건우,79215,박건우,54610,성영탁,357,3,250614_190026,B,볼,137,커터,2,1,True,250614_190026,6,3,0.695734,0.7083,3.338,1.619,-122.576,-8.18448,7.55691,5.33499,50.0,-1.64671,-9.28733,20.4926,-24.991,R
20250614HTNC0,2025,6,bottom,64,2,5번타자 박건우,79215,박건우,54610,성영탁,358,4,250614_190049,B,볼,134,커터,3,1,True,250614_190049,6,4,-0.651914,0.7083,3.338,1.619,-120.06,1.28971,3.49926,5.7025,50.0,-1.88949,-2.7799,19.9726,-24.6063,R
20250614HTNC0,2025,6,bottom,64,2,5번타자 박건우,79215,박건우,54610,성영탁,359,5,250614_190107,B,볼,140,투심,4,1,True,250614_190107,6,5,-0.108599,0.7083,3.338,1.619,-126.85,0.951666,7.24658,5.58056,50.0,-1.79426,-15.247,27.0322,-27.3031,R
20250614HTNC0,2025,6,bottom,65,3,6번타자 손아섭,77532,손아섭,54610,성영탁,362,1,250614_190139,T,스트라이크,141,투심,0,1,True,250614_190139,6,1,-0.836315,0.7083,3.21,1.557,-126.572,-3.31187,4.3329,5.49617,50.0,-1.64562,-11.526,25.0245,-23.1355,L
20250614HTNC0,2025,6,bottom,65,3,6번타자 손아섭,77532,손아섭,54610,성영탁,363,2,250614_190157,S,헛스윙,142,투심,0,2,True,250614_190157,6,2,-0.63581,0.7083,3.21,1.557,-127.487,-1.03528,5.49937,5.57536,50.0,-1.64049,-14.9243,24.6938,-24.7039,L
20250614HTNC0,2025,6,bottom,65,3,6번타자 손아섭,77532,손아섭,54610,성영탁,364,3,250614_190220,B,볼,126,커브,1,2,True,250614_190220,6,3,1.35206,0.7083,3.21,1.557,-113.164,-4.65323,6.16739,5.50954,50.0,-1.53179,0.868877,19.3515,-35.094,L
20250614HTNC0,2025,6,bottom,65,3,6번타자 손아섭,77532,손아섭,54610,성영탁,365,4,250614_190248,H,타격,133,커터,1,2,True,250614_190248,6,4,-1.09018,0.7083,3.21,1.557,-120.807,-1.59448,3.96074,5.51849,50.0,-1.86155,-10.089,25.5162,-30.5916,L
20250614HTNC0,2025,6,bottom,67,4,대타 한석현,64101,한석현,54610,성영탁,370,1,250614_190339,H,타격,133,커터,0,0,True,250614_190339,6,1,-0.200998,0.7083,3.36,1.63,-120.469,-2.82311,4.82684,5.45131,50.0,-1.74126,-5.76155,25.8332,-25.8776,L
20250614HTNC0,2025,7,top,69,1,3번타자 최형우,72443,최형우,66920,최성영,376,1,250614_190606,B,볼,121,슬라이더,1,0,True,250614_190606,7,1,0.555818,0.7083,3.334,1.617,-109.464,-5.30762,-3.69045,5.96314,50.0,2.2444,0.461826,20.8423,-23.0206,L
20250614HTNC0,2025,7,top,69,1,3번타자 최형우,72443,최형우,66920,최성영,377,2,250614_190625,T,스트라이크,136,직구,1,1,True,250614_190625,7,2,0.094156,0.7083,3.334,1.617,-122.786,-6.4282,-5.60388,5.77596,50.0,2.07758,4.21588,26.3728,-13.4884,L
20250614HTNC0,2025,7,top,69,1,3번타자 최형우,72443,최형우,66920,최성영,378,3,250614_190642,B,볼,121,슬라이더,2,1,True,250614_190642,7,3,1.82001,0.7083,3.334,1.617,-109.383,2.02262,-0.750993,6.26993,50.0,2.41063,-2.12031,20.9685,-25.0211,L
20250614HTNC0,2025,7,top,70,2,4번타자 위즈덤,55645,위즈덤,66920,최성영,381,1,250614_190724,B,볼,123,포크,1,0,True,250614_190724,7,1,-0.131225,0.7083,3.453,1.675,-110.989,-6.86767,-6.96359,5.7989,50.0,2.05484,9.68954,19.7456,-24.3268,R
20250614HTNC0,2025,7,top,70,2,4번타자 위즈덤,55645,위즈덤,66920,최성영,382,2,250614_190749,S,헛스윙,123,포크,1,1,True,250614_190749,7,2,-0.520276,0.7083,3.453,1.675,-112.218,-4.43308,-7.89203,5.99494,50.0,1.98251,10.6468,21.6507,-25.7177,R
20250614HTNC0,2025,7,top,70,2,4번타자 위즈덤,55645,위즈덤,66920,최성영,383,3,250614_190814,B,볼,121,슬라이더,2,1,True,250614_190814,7,3,1.82978,0.7083,3.453,1.675,-110.28,0.210397,-0.768555,5.99308,50.0,2.4537,-2.37007,23.4373,-26.4088,R
20250614HTNC0,2025,7,top,70,2,4번타자 위즈덤,55645,위즈덤,66920,최성영,384,4,250614_190838,F,파울,125,포크,2,2,True,250614_190838,7,4,-0.35598,0.7083,3.453,1.675,-112.58,-5.11132,-6.83627,5.86159,50.0,1.8812,8.46008,19.4737,-26.0838,R
20250614HTNC0,2025,7,top,70,2,4번타자 위즈덤,55645,위즈덤,66920,최성영,385,5,250614_190958,F,파울,125,포크,2,2,True,250614_190958,7,5,0.144824,0.7083,3.453,1.675,-112.161,-2.49523,-5.92437,5.98094,50.0,2.11678,7.10228,21.0919,-24.5954,R
20250614HTNC0,2025,7,top,70,2,4번타자 위즈덤,55645,위즈덤,66920,최성영,386,6,250614_191027,S,헛스윙,121,포크,2,3,True,250614_191027,7,6,0.651246,0.7083,3.453,1.675,-109.451,-5.41708,-4.63101,5.89979,50.0,2.0383,7.13622,18.524,-23.8705,R
20250614HTNC0,2025,7,top,71,3,5번타자 오선우,69636,오선우,66920,최성영,389,1,250614_191104,F,파울,121,슬라이더,0,1,True,250614_191104,7,1,0.627935,0.7083,3.353,1.626,-109.725,-0.297373,-3.19929,5.94961,50.0,2.26841,-1.23856,20.6395,-25.4225,L
20250614HTNC0,2025,7,top,71,3,5번타자 오선우,69636,오선우,66920,최성영,390,2,250614_191134,B,볼,139,직구,1,1,True,250614_191134,7,2,-0.189898,0.7083,3.353,1.626,-125.025,-8.46274,-7.27633,5.54637,50.0,1.95089,10.1549,28.2234,-13.804,L
20250614HTNC0,2025,7,top,71,3,5번타자 오선우,69636,오선우,66920,최성영,391,3,250614_191152,S,헛스윙,125,슬라이더,1,2,True,250614_191152,7,3,0.264202,0.7083,3.353,1.626,-113.52,-5.25358,-4.34988,5.79042,50.0,2.25155,-0.010351,24.4064,-24.7934,L
20250614HTNC0,2025,7,top,71,3,5번타자 오선우,69636,오선우,66920,최성영,392,4,250614_191220,B,볼,138,직구,2,2,True,250614_191220,7,4,-0.339993,0.7083,3.353,1.626,-124.213,-11.4132,-8.32194,5.4882,50.0,2.03147,12.6529,29.3654,-10.4445,L
20250614HTNC0,2025,7,top,71,3,5번타자 오선우,69636,오선우,66920,최성영,393,5,250614_191254,H,타격,124,슬라이더,2,2,True,250614_191254,7,5,-0.020992,0.7083,3.353,1.626,-111.776,-3.19843,-4.28765,5.95902,50.0,2.15844,-1.95198,20.1981,-22.7992,L
20250614HTNC0,2025,7,bottom,73,1,8번타자 김휘집,51344,김휘집,54610,성영탁,398,1,250614_191508,S,헛스윙,132,커터,0,1,True,250614_191508,7,1,0.724481,0.7083,3.316,1.608,-119.646,-2.63501,6.2742,5.53978,50.0,-1.76229,-2.20506,21.6894,-24.5481,R
20250614HTNC0,2025,7,bottom,73,1,8번타자 김휘집,51344,김휘집,54610,성영탁,399,2,250614_191526,B,볼,136,커터,1,1,True,250614_191526,7,2,1.15352,0.7083,3.316,1.608,-122.966,-3.78626,8.06405,5.43179,50.0,-1.63109,-6.65372,22.9312,-26.7396,R
20250614HTNC0,2025,7,bottom,73,1,8번타자 김휘집,51344,김휘집,54610,성영탁,400,3,250614_191541,H,타격,135,커터,1,1,True,250614_191541,7,3,-0.326979,0.7083,3.316,1.608,-121.947,-1.03698,4.00242,5.63528,50.0,-1.83718,-1.96745,22.9257,-23.8955,R
20250614HTNC0,2025,7,bottom,74,2,9번타자 김정호,51903,김정호,54610,성영탁,403,1,250614_191618,S,헛스윙,132,커터,0,1,True,250614_191618,7,1,0.045659,0.7083,3.161,1.533,-119.208,-0.149062,5.3666,5.56138,50.0,-1.84088,-4.61985,23.3868,-27.7691,R
20250614HTNC0,2025,7,bottom,74,2,9번타자 김정호,51903,김정호,54610,성영탁,404,2,250614_191633,T,스트라이크,145,투심,0,2,True,250614_191633,7,2,-0.708352,0.7083,3.161,1.533,-130.839,-4.08491,5.89067,5.42798,50.0,-1.65858,-17.6638,28.6261,-23.4064,R
20250614HTNC0,2025,7,bottom,74,2,9번타자 김정호,51903,김정호,54610,성영탁,405,3,250614_191651,B,볼,127,커브,1,2,True,250614_191651,7,3,1.14063,0.7083,3.161,1.533,-114.911,-1.58117,5.66405,5.59055,50.0,-1.55743,1.55157,22.6044,-40.4779,R
20250614HTNC0,2025,7,bottom,74,2,9번타자 김정호,51903,김정호,54610,성영탁,406,4,250614_191708,B,볼,136,커터,2,2,True,250614_191708,7,4,1.6238,0.7083,3.161,1.533,-122.625,-2.5664,8.01328,5.46367,50.0,-1.63375,-1.07405,22.8119,-26.7777,R
20250614HTNC0,2025,7,bottom,74,2,9번타자 김정호,51903,김정호,54610,성영탁,407,5,250614_191805,T,스트라이크,143,투심,2,3,True,250614_191805,7,5,0.35335,0.7083,3.161,1.533,-129.391,-1.58573,8.52868,5.46008,50.0,-1.54857,-18.8325,26.5223,-25.3032,R
20250614HTNC0,2025,7,bottom,75,3,1번타자 김주원,51907,김주원,54610,성영탁,410,1,250614_191835,B,볼,124,커브,1,0,True,250614_191835,7,1,0.186466,0.7083,3.408,1.653,-111.977,-1.98303,3.8806,5.57326,50.0,-1.65047,0.506696,20.5492,-35.0232,L
20250614HTNC0,2025,7,bottom,75,3,1번타자 김주원,51907,김주원,54610,성영탁,411,2,250614_191852,B,볼,143,투심,2,0,True,250614_191852,7,2,0.830515,0.7083,3.408,1.653,-128.995,-7.26378,9.76025,5.37197,50.0,-1.58813,-18.5159,26.2155,-19.5748,L
20250614HTNC0,2025,7,bottom,75,3,1번타자 김주원,51907,김주원,54610,성영탁,412,3,250614_191910,B,볼,143,투심,3,0,True,250614_191910,7,3,-1.16586,0.7083,3.408,1.653,-129.071,-3.94944,4.34127,5.46092,50.0,-1.71527,-14.8578,27.7971,-23.3224,L
20250614HTNC0,2025,7,bottom,75,3,1번타자 김주원,51907,김주원,54610,성영탁,414,4,250614_191930,T,스트라이크,143,투심,3,1,True,250614_191930,7,4,0.085317,0.7083,3.408,1.653,-129.041,-4.94843,7.74361,5.38133,50.0,-1.69988,-16.4114,29.8893,-22.6472,L
20250614HTNC0,2025,7,bottom,75,3,1번타자 김주원,51907,김주원,54610,성영탁,415,5,250614_191949,B,볼,142,투심,4,1,True,250614_191949,7,5,-1.5444,0.7083,3.408,1.653,-127.867,-3.73784,4.61472,5.28375,50.0,-1.88376,-18.7381,26.9536,-28.0598,L
20250614HTNC0,2025,7,bottom,76,4,2번타자 권희동,63963,권희동,54610,성영탁,418,1,250614_192032,T,스트라이크,142,투심,0,1,True,250614_192032,7,1,-0.246359,0.7083,3.311,1.606,-128.061,-1.7374,6.19296,5.38657,50.0,-1.65823,-13.3471,28.4375,-24.1601,R
20250614HTNC0,2025,7,bottom,76,4,2번타자 권희동,63963,권희동,54610,성영탁,419,2,250614_192050,T,스트라이크,135,커터,0,2,True,250614_192050,7,2,0.211999,0.7083,3.311,1.606,-122.556,-0.176324,5.06468,5.61008,50.0,-1.67017,-2.84408,26.6469,-24.7272,R
20250614HTNC0,2025,7,bottom,76,4,2번타자 권희동,63963,권희동,54610,성영탁,420,3,250614_192110,H,타격,145,투심,0,2,True,250614_192110,7,3,-0.342162,0.7083,3.311,1.606,-130.838,-2.98278,5.97729,5.41397,50.0,-1.61973,-13.8873,30.3833,-20.2118,R
20250614HTNC0,2025,7,bottom,77,5,3번타자 최정원,69992,최정원,52639,최지민,425,1,250614_192429,B,볼,143,직구,1,0,True,250614_192429,7,1,1.06257,0.7083,3.245,1.574,-129.393,-3.37036,-1.74171,5.53952,50.0,0.796963,12.0271,30.878,-13.0023,L
20250614HTNC0,2025,7,bottom,77,5,3번타자 최정원,69992,최정원,52639,최지민,426,2,250614_192447,F,파울,144,직구,1,1,True,250614_192447,7,2,0.180712,0.7083,3.245,1.574,-130.609,-6.77806,-4.30755,5.31123,50.0,0.810479,13.7221,31.1192,-12.073,L
20250614HTNC0,2025,7,bottom,77,5,3번타자 최정원,69992,최정원,52639,최지민,427,3,250614_192514,B,볼,145,직구,2,1,True,250614_192514,7,3,1.42059,0.7083,3.245,1.574,-131.367,1.08715,-1.66233,5.53375,50.0,0.962363,14.2423,34.7384,-17.1898,L
20250614HTNC0,2025,7,bottom,78,6,4번타자 데이비슨,54944,데이비슨,66609,전상현,434,1,250614_193134,T,스트라이크,136,슬라이더,0,1,True,250614_193134,7,1,-0.835719,0.7083,3.503,1.699,-122.822,-1.36693,2.40025,6.05728,50.0,-1.3419,-5.69046,23.6151,-25.8034,R
20250614HTNC0,2025,7,bottom,78,6,4번타자 데이비슨,54944,데이비슨,66609,전상현,435,2,250614_193157,S,헛스윙,145,직구,0,2,True,250614_193157,7,2,-0.356573,0.7083,3.503,1.699,-130.709,-3.82004,4.46201,5.66275,50.0,-1.42728,-8.86753,29.969,-14.5637,R
20250614HTNC0,2025,7,bottom,78,6,4번타자 데이비슨,54944,데이비슨,66609,전상현,436,3,250614_193222,H,타격,147,직구,0,2,True,250614_193222,7,3,0.293154,0.7083,3.503,1.699,-132.127,-4.23015,6.91635,5.61496,50.0,-1.35147,-13.8803,32.4246,-13.0505,R
20250614HTNC0,2025,8,top,80,1,6번타자 최원준,66606,최원준,68928,김시훈,442,1,250614_193442,B,볼,141,직구,1,0,True,250614_193442,8,1,-0.634239,0.7083,3.276,1.589,-127.185,-0.549722,3.69028,6.35467,50.0,-1.29918,-10.1138,27.6132,-17.9407,L
20250614HTNC0,2025,8,top,80,1,6번타자 최원준,66606,최원준,68928,김시훈,443,2,250614_193454,T,스트라이크,127,포크,1,1,True,250614_193454,8,2,-0.673956,0.7083,3.276,1.589,-114.705,-0.7946,4.265,6.2114,50.0,-1.43218,-11.4846,20.885,-32.8771,L
20250614HTNC0,2025,8,top,80,1,6번타자 최원준,66606,최원준,68928,김시훈,444,3,250614_193509,B,볼,140,직구,2,1,True,250614_193509,8,3,0.276721,0.7083,3.276,1.589,-126.563,0.042012,5.22866,6.32892,50.0,-1.07016,-9.41132,25.094,-16.1738,L
20250614HTNC0,2025,8,top,80,1,6번타자 최원준,66606,최원준,68928,김시훈,445,4,250614_193527,B,볼,127,슬라이더,3,1,True,250614_193527,8,4,0.926162,0.7083,3.276,1.589,-114.544,-4.94658,5.05696,6.12721,50.0,-1.32607,-0.157058,20.6882,-24.7211,L
20250614HTNC0,2025,8,top,80,1,6번타자 최원준,66606,최원준,68928,김시훈,446,5,250614_193545,T,스트라이크,129,포크,3,2,True,250614_193545,8,5,0.297032,0.7083,3.276,1.589,-116.751,-1.35984,5.14068,6.34651,50.0,-1.10821,-8.86691,22.9572,-25.6406,L
20250614HTNC0,2025,8,top,80,1,6번타자 최원준,66606,최원준,68928,김시훈,447,6,250614_193607,S,헛스윙,114,커브,3,3,True,250614_193607,8,6,-1.01614,0.7083,3.276,1.589,-102.986,-0.364089,0.741971,6.45008,50.0,-1.36514,-0.165265,16.086,-38.9397,L
20250614HTNC0,2025,8,top,81,2,7번타자 김호령,65653,김호령,68928,김시훈,450,1,250614_193632,S,헛스윙,115,커브,0,1,True,250614_193632,8,1,1.03501,0.7083,3.311,1.606,-103.554,0.210823,3.75133,6.45772,50.0,-1.2271,3.20485,17.8803,-36.7971,R
20250614HTNC0,2025,8,top,81,2,7번타자 김호령,65653,김호령,68928,김시훈,451,2,250614_193644,B,볼,131,포크,1,1,True,250614_193644,8,2,-0.787398,0.7083,3.311,1.606,-117.98,-0.358225,3.23093,6.34324,50.0,-1.27066,-9.74453,21.7306,-27.0552,R
20250614HTNC0,2025,8,top,81,2,7번타자 김호령,65653,김호령,68928,김시훈,452,3,250614_193702,F,파울,131,슬라이더,1,2,True,250614_193702,8,3,0.044497,0.7083,3.311,1.606,-118.111,-3.35776,2.64625,6.22145,50.0,-1.29832,2.05782,21.0827,-27.199,R
20250614HTNC0,2025,8,top,81,2,7번타자 김호령,65653,김호령,68928,김시훈,453,4,250614_193728,B,볼,142,직구,2,2,True,250614_193728,8,4,-0.645881,0.7083,3.311,1.606,-127.663,-3.11266,2.77432,6.13805,50.0,-1.2099,-6.82314,30.16,-14.8547,R
20250614HTNC0,2025,8,top,81,2,7번타자 김호령,65653,김호령,68928,김시훈,454,5,250614_193742,H,타격,116,커브,2,2,True,250614_193742,8,5,-0.953724,0.7083,3.311,1.606,-104.997,2.01886,1.29,6.44822,50.0,-1.31649,-2.25179,22.2727,-42.9614,R
20250614HTNC0,2025,8,top,82,3,8번타자 김태군,78122,김태군,68928,김시훈,457,1,250614_193818,T,스트라이크,142,직구,0,1,True,250614_193818,8,1,0.413386,0.7083,3.362,1.631,-128.13,-5.16549,5.33786,6.149,50.0,-1.11761,-7.66892,30.5243,-14.4289,R
20250614HTNC0,2025,8,top,82,3,8번타자 김태군,78122,김태군,68928,김시훈,458,2,250614_193835,B,볼,130,슬라이더,1,1,True,250614_193835,8,2,1.69413,0.7083,3.362,1.631,-116.448,-3.24879,6.0689,6.16903,50.0,-1.15644,1.70949,22.4804,-27.1607,R
20250614HTNC0,2025,8,top,82,3,8번타자 김태군,78122,김태군,68928,김시훈,459,3,250614_193851,H,타격,115,커브,1,1,True,250614_193851,8,3,0.399003,0.7083,3.362,1.631,-104.052,0.504369,3.16037,6.43371,50.0,-1.16379,-0.086168,20.2759,-39.991,R
20250614HTNC0,2025,8,bottom,84,1,5번타자 박건우,79215,박건우,66609,전상현,463,1,250614_194120,H,타격,143,직구,0,0,True,250614_194120,8,1,-0.388023,0.7083,3.338,1.619,-128.806,-4.69328,4.01282,5.72072,50.0,-1.34098,-8.16053,29.1964,-11.8129,R
20250614HTNC0,2025,8,bottom,85,2,6번타자 손아섭,77532,손아섭,66609,전상현,466,1,250614_194220,H,타격,143,직구,0,0,True,250614_194220,8,1,0.480611,0.7083,3.21,1.557,-128.862,-5.99099,6.39216,5.69925,50.0,-1.46929,-7.53119,26.2111,-15.1261,L
20250614HTNC0,2025,8,bottom,86,3,7번타자 한석현,64101,한석현,66609,전상현,470,1,250614_194321,H,타격,135,포크,0,0,True,250614_194321,8,1,-0.64091,0.7083,3.36,1.63,-120.155,-5.37645,2.61607,5.95194,50.0,-1.14371,-6.73672,22.6234,-20.3529,L
20250614HTNC0,2025,8,bottom,87,4,8번타자 김휘집,51344,김휘집,66609,전상현,475,1,250614_194416,F,파울,138,슬라이더,0,1,True,250614_194416,8,1,0.509132,0.7083,3.316,1.608,-124.204,-3.08437,4.1841,5.98163,50.0,-1.11932,-1.21982,25.118,-22.4052,R
20250614HTNC0,2025,8,bottom,87,4,8번타자 김휘집,51344,김휘집,66609,전상현,476,2,250614_194444,T,스트라이크,135,슬라이더,0,2,True,250614_194444,8,2,0.267579,0.7083,3.316,1.608,-122.176,-2.27663,3.74664,6.03809,50.0,-1.06816,-2.70508,23.2856,-25.8262,R
20250614HTNC0,2025,8,bottom,87,4,8번타자 김휘집,51344,김휘집,66609,전상현,477,3,250614_194508,F,파울,133,포크,0,2,True,250614_194508,8,3,-0.616394,0.7083,3.316,1.608,-119.954,-3.82022,3.2485,5.98036,50.0,-1.02375,-10.7111,24.0977,-24.8655,R
20250614HTNC0,2025,8,bottom,87,4,8번타자 김휘집,51344,김휘집,66609,전상현,478,4,250614_194540,B,볼,138,슬라이더,1,2,True,250614_194540,8,4,0.872227,0.7083,3.316,1.608,-124.194,-9.92986,5.67481,5.62109,50.0,-1.12358,-4.26181,28.7028,-23.8449,R
20250614HTNC0,2025,8,bottom,87,4,8번타자 김휘집,51344,김휘집,66609,전상현,479,5,250614_194614,S,헛스윙,136,슬라이더,1,3,True,250614_194614,8,5,-0.366004,0.7083,3.316,1.608,-123.355,-5.04278,2.33356,5.86781,50.0,-1.09987,-2.73969,23.5721,-26.3941,R
20250614HTNC0,2025,8,bottom,89,5,대타 오영수,68904,오영수,66609,전상현,483,1,250614_194654,B,볼,135,포크,1,0,True,250614_194654,8,1,-1.10145,0.7083,3.294,1.598,-122.403,-1.65017,2.46938,5.95626,50.0,-1.24861,-10.0735,25.0845,-25.0426,L
20250614HTNC0,2025,8,bottom,89,5,대타 오영수,68904,오영수,66609,전상현,484,2,250614_194714,B,볼,134,포크,2,0,True,250614_194714,8,2,-1.41771,0.7083,3.294,1.598,-120.956,-5.06339,0.838122,5.91776,50.0,-1.32341,-4.97021,24.9766,-19.7238,L
20250614HTNC0,2025,8,bottom,89,5,대타 오영수,68904,오영수,66609,전상현,485,3,250614_194738,H,타격,143,직구,2,0,True,250614_194738,8,3,-0.319445,0.7083,3.294,1.598,-129.179,-3.69524,5.058,5.59024,50.0,-1.32916,-12.6683,25.752,-14.4901,L
20250614HTNC0,2025,9,top,91,1,9번타자 김규성,66614,김규성,68928,김시훈,492,1,250614_195020,T,스트라이크,140,직구,0,1,True,250614_195020,9,1,0.167782,0.7083,3.415,1.656,-125.899,-7.96832,5.42032,6.12358,50.0,-1.21847,-9.93118,26.3071,-12.551,L
20250614HTNC0,2025,9,top,91,1,9번타자 김규성,66614,김규성,68928,김시훈,493,2,250614_195032,H,타격,131,포크,0,1,True,250614_195032,9,2,-0.160689,0.7083,3.415,1.656,-118.405,-4.00203,5.34319,6.18151,50.0,-1.25976,-12.949,23.7146,-24.7391,L
20250614HTNC0,2025,9,top,92,2,1번타자 이창진,64560,이창진,68928,김시훈,496,1,250614_195109,T,스트라이크,142,직구,0,1,True,250614_195109,9,1,0.598009,0.7083,3.168,1.537,-128.105,-3.93837,6.77047,6.14079,50.0,-1.19459,-11.5694,31.1858,-16.3337,R
20250614HTNC0,2025,9,top,92,2,1번타자 이창진,64560,이창진,68928,김시훈,497,2,250614_195122,B,볼,133,슬라이더,1,1,True,250614_195122,9,2,0.87021,0.7083,3.168,1.537,-119.713,-6.2988,5.04188,6.05527,50.0,-1.35473,0.628264,23.3783,-25.0712,R
20250614HTNC0,2025,9,top,92,2,1번타자 이창진,64560,이창진,68928,김시훈,498,3,250614_195136,S,헛스윙,116,커브,1,2,True,250614_195136,9,3,0.248789,0.7083,3.168,1.537,-104.943,0.654898,3.06184,6.40101,50.0,-1.38841,1.11112,18.5216,-40.4752,R
20250614HTNC0,2025,9,top,92,2,1번타자 이창진,64560,이창진,68928,김시훈,499,4,250614_195153,B,볼,135,포크,2,2,True,250614_195153,9,4,0.287194,0.7083,3.168,1.537,-121.264,-9.19436,6.26909,6.03384,50.0,-1.08086,-14.3561,26.5804,-23.6109,R
20250614HTNC0,2025,9,top,92,2,1번타자 이창진,64560,이창진,68928,김시훈,500,5,250614_195214,H,타격,142,직구,2,2,True,250614_195214,9,5,-0.168968,0.7083,3.168,1.537,-127.778,-5.95411,4.13961,6.06653,50.0,-1.22397,-7.54733,26.6168,-12.7712,R
20250614HTNC0,2025,9,top,93,3,2번타자 박찬호,64646,박찬호,68928,김시훈,503,1,250614_195252,B,볼,117,커브,1,0,True,250614_195252,9,1,-0.256296,0.7083,3.243,1.573,-105.478,-0.733196,1.48033,6.39939,50.0,-1.25999,2.34049,19.1218,-39.9819,R
20250614HTNC0,2025,9,top,93,3,2번타자 박찬호,64646,박찬호,68928,김시훈,504,2,250614_195307,H,타격,133,슬라이더,1,0,True,250614_195307,9,2,-0.11775,0.7083,3.243,1.573,-120.122,-2.27712,2.68032,6.16395,50.0,-1.40422,1.40907,26.8465,-31.6701,R
20250614HTNC0,2025,9,top,94,4,3번타자 최형우,72443,최형우,68928,김시훈,507,1,250614_195344,B,볼,117,커브,1,0,True,250614_195344,9,1,-0.201516,0.7083,3.334,1.617,-105.881,-1.7281,2.38489,6.24335,50.0,-1.30554,-0.486994,19.2893,-38.4542,L
20250614HTNC0,2025,9,top,94,4,3번타자 최형우,72443,최형우,68928,김시훈,508,2,250614_195415,T,스트라이크,130,포크,1,1,True,250614_195415,9,2,0.337616,0.7083,3.334,1.617,-117.172,-1.4716,6.09302,6.2178,50.0,-1.217,-11.6473,24.6955,-27.2278,L
20250614HTNC0,2025,9,top,94,4,3번타자 최형우,72443,최형우,68928,김시훈,509,3,250614_195433,T,스트라이크,132,포크,1,2,True,250614_195433,9,3,0.42819,0.7083,3.334,1.617,-118.764,-2.13548,6.33811,6.26412,50.0,-1.12324,-12.7249,22.6469,-27.9948,L
20250614HTNC0,2025,9,top,94,4,3번타자 최형우,72443,최형우,68928,김시훈,510,4,250614_195454,F,파울,128,슬라이더,1,2,True,250614_195454,9,4,-0.401844,0.7083,3.334,1.617,-115.098,-2.57594,1.56909,6.2344,50.0,-1.33619,2.42652,17.7621,-26.0535,L
20250614HTNC0,2025,9,top,94,4,3번타자 최형우,72443,최형우,68928,김시훈,511,5,250614_195520,B,볼,115,커브,2,2,True,250614_195520,9,5,-1.38339,0.7083,3.334,1.617,-104.27,4.36462,0.154175,6.47246,50.0,-1.51471,0.456921,16.9423,-41.218,L
20250614HTNC0,2025,9,top,94,4,3번타자 최형우,72443,최형우,68928,김시훈,512,6,250614_195538,H,타격,114,커브,2,2,True,250614_195538,9,6,-0.857741,0.7083,3.334,1.617,-102.939,3.14194,0.246324,6.48981,50.0,-1.43947,3.6711,17.3077,-41.8272,L
20250614HTNC0,2025,9,top,96,5,대타 황대인,65610,황대인,68928,김시훈,518,1,250614_195624,T,스트라이크,115,커브,0,1,True,250614_195624,9,1,-0.392139,0.7083,3.265,1.584,-104.198,0.796612,1.44178,6.46237,50.0,-1.31708,1.71635,18.994,-41.0128,R
20250614HTNC0,2025,9,top,96,5,대타 황대인,65610,황대인,68928,김시훈,519,2,250614_195640,B,볼,142,직구,1,1,True,250614_195640,9,2,0.285522,0.7083,3.265,1.584,-128.091,-2.78392,5.23988,6.22985,50.0,-1.16323,-8.1515,27.9559,-14.6446,R
20250614HTNC0,2025,9,top,96,5,대타 황대인,65610,황대인,68928,김시훈,520,3,250614_195659,F,파울,139,직구,1,2,True,250614_195659,9,3,0.519254,0.7083,3.265,1.584,-125.424,-4.07928,5.74298,6.05211,50.0,-1.23664,-7.20756,28.8049,-15.349,R
20250614HTNC0,2025,9,top,96,5,대타 황대인,65610,황대인,68928,김시훈,521,4,250614_195722,S,헛스윙,132,슬라이더,1,3,True,250614_195722,9,4,-0.331775,0.7083,3.265,1.584,-119.615,0.283576,1.54803,6.25972,50.0,-1.3585,3.87343,24.2712,-29.4951,R
20250614HTNC0,2025,9,bottom,98,1,1번타자 김주원,51907,김주원,68619,윤중현,529,1,250614_200004,B,볼,141,직구,1,0,True,250614_200004,9,1,-1.30334,0.7083,3.408,1.653,-127.675,5.30531,3.95885,4.60787,50.0,-1.84332,-12.948,31.046,-30.8681,L
20250614HTNC0,2025,9,bottom,98,1,1번타자 김주원,51907,김주원,68619,윤중현,530,2,250614_200020,S,헛스윙,134,포크,1,1,True,250614_200020,9,2,-0.861491,0.7083,3.408,1.653,-120.375,2.8943,5.32573,4.37326,50.0,-2.07035,-11.6804,21.7602,-34.2649,L
20250614HTNC0,2025,9,bottom,98,1,1번타자 김주원,51907,김주원,68619,윤중현,531,3,250614_200054,B,볼,140,직구,2,1,True,250614_200054,9,3,-1.23014,0.7083,3.408,1.653,-126.236,1.6577,5.09375,4.38839,50.0,-1.99339,-15.7618,29.7357,-30.9042,L
20250614HTNC0,2025,9,bottom,98,1,1번타자 김주원,51907,김주원,68619,윤중현,532,4,250614_200113,T,스트라이크,143,직구,2,2,True,250614_200113,9,4,-0.852872,0.7083,3.408,1.653,-128.475,2.29424,6.35038,4.44416,50.0,-1.97848,-17.6656,28.8247,-30.0957,L
20250614HTNC0,2025,9,bottom,98,1,1번타자 김주원,51907,김주원,68619,윤중현,533,5,250614_200135,B,볼,123,커브,3,2,True,250614_200135,9,5,-1.87598,0.7083,3.408,1.653,-111.39,3.24876,-1.32569,4.18848,50.0,-2.49647,11.5677,19.9636,-33.9074,L
20250614HTNC0,2025,9,bottom,98,1,1번타자 김주원,51907,김주원,68619,윤중현,534,6,250614_200153,B,볼,141,직구,4,2,True,250614_200153,9,6,-1.77002,0.7083,3.408,1.653,-127.117,2.92824,4.51248,4.50608,50.0,-2.11009,-18.0934,28.506,-28.8469,L
20250614HTNC0,2025,9,bottom,99,2,2번타자 권희동,63963,권희동,68619,윤중현,537,1,250614_200236,B,볼,142,직구,1,0,True,250614_200236,9,1,0.539817,0.7083,3.311,1.606,-127.754,-2.37079,9.13809,4.44664,50.0,-1.74707,-17.2379,29.6543,-26.1695,R
20250614HTNC0,2025,9,bottom,99,2,2번타자 권희동,63963,권희동,68619,윤중현,539,2,250614_200330,B,볼,141,직구,2,0,True,250614_200330,9,2,-1.02367,0.7083,3.311,1.606,-127.867,-1.4099,5.09772,4.48648,50.0,-1.79294,-15.7774,31.8876,-24.9189,R
20250614HTNC0,2025,9,bottom,99,2,2번타자 권희동,63963,권희동,68619,윤중현,540,3,250614_200349,B,볼,142,직구,3,0,True,250614_200349,9,3,-0.046574,0.7083,3.311,1.606,-128.306,3.75499,7.88094,4.61891,50.0,-1.66127,-19.2282,30.8022,-29.2373,R
20250614HTNC0,2025,9,bottom,99,2,2번타자 권희동,63963,권희동,68619,윤중현,541,4,250614_200410,T,스트라이크,141,직구,3,1,True,250614_200410,9,4,0.055523,0.7083,3.311,1.606,-127.585,-1.77002,8.50229,4.38394,50.0,-1.65856,-21.0857,30.4496,-24.2383,R
20250614HTNC0,2025,9,bottom,99,2,2번타자 권희동,63963,권희동,68619,윤중현,542,5,250614_200428,B,볼,142,직구,4,1,True,250614_200428,9,5,-1.1416,0.7083,3.311,1.606,-128.565,-0.650483,5.42584,4.48832,50.0,-1.79568,-18.8468,32.3969,-27.4893,R
20250614HTNC0,2025,9,bottom,100,3,3번타자 김한별,50902,김한별,50662,정해영,547,1,250614_200714,H,타격,143,직구,0,0,True,250614_200714,9,1,-0.081223,0.7083,3.263,1.583,-129.659,-5.26299,3.56387,6.46944,50.0,-1.30632,-2.4248,28.4644,-14.8868,R
20250614HTNC0,2025,9,bottom,101,4,4번타자 데이비슨,54944,데이비슨,50662,정해영,552,1,250614_200808,T,스트라이크,133,슬라이더,0,1,True,250614_200808,9,1,0.62639,0.7083,3.503,1.699,-120.206,-5.0184,4.5804,6.4171,50.0,-1.3955,0.686748,23.1908,-24.3012,R
20250614HTNC0,2025,9,bottom,101,4,4번타자 데이비슨,54944,데이비슨,50662,정해영,553,2,250614_200830,T,스트라이크,135,슬라이더,0,2,True,250614_200830,9,2,0.82783,0.7083,3.503,1.699,-121.793,-6.91978,4.84387,6.49575,50.0,-1.3798,1.90128,22.3473,-21.536,R
20250614HTNC0,2025,9,bottom,101,4,4번타자 데이비슨,54944,데이비슨,50662,정해영,554,3,250614_200900,B,볼,148,직구,1,2,True,250614_200900,9,3,1.07618,0.7083,3.503,1.699,-133.812,-8.59068,6.14222,6.34573,50.0,-1.11046,-2.43559,30.7901,-10.8273,R
20250614HTNC0,2025,9,bottom,101,4,4번타자 데이비슨,54944,데이비슨,50662,정해영,555,4,250614_200925,S,헛스윙,149,직구,1,3,True,250614_200925,9,4,0.874742,0.7083,3.503,1.699,-134.21,-6.84487,6.00446,6.37169,50.0,-1.1835,-3.32503,29.6313,-11.84,R
20250614HTNC0,2025,9,bottom,102,5,5번타자 박건우,79215,박건우,50662,정해영,558,1,250614_201000,B,볼,134,슬라이더,1,0,True,250614_201000,9,1,0.037659,0.7083,3.338,1.619,-120.709,-2.16763,2.27685,6.55816,50.0,-1.38291,5.04407,21.5164,-22.4917,R
20250614HTNC0,2025,9,bottom,102,5,5번타자 박건우,79215,박건우,50662,정해영,559,2,250614_201034,T,스트라이크,148,직구,1,1,True,250614_201034,9,2,0.667381,0.7083,3.338,1.619,-133.29,-6.42034,5.26762,6.34511,50.0,-1.16963,-2.6605,29.7068,-13.1032,R
20250614HTNC0,2025,9,bottom,102,5,5번타자 박건우,79215,박건우,50662,정해영,560,3,250614_201055,S,헛스윙,137,포크,1,2,True,250614_201055,9,3,-1.05584,0.7083,3.338,1.619,-123.879,-6.40538,1.71731,6.45158,50.0,-1.28305,-5.63236,25.5627,-21.109,R
20250614HTNC0,2025,9,bottom,102,5,5번타자 박건우,79215,박건우,50662,정해영,561,4,250614_201122,B,볼,149,직구,2,2,True,250614_201122,9,4,1.23436,0.7083,3.338,1.619,-134.658,-7.07297,6.75917,6.44546,50.0,-1.09947,-3.45524,30.6499,-10.2238,R
20250614HTNC0,2025,9,bottom,102,5,5번타자 박건우,79215,박건우,50662,정해영,562,5,250614_201144,F,파울,138,포크,2,2,True,250614_201144,9,5,-0.49465,0.7083,3.338,1.619,-125.133,-7.14648,4.0404,6.37741,50.0,-1.30042,-10.119,27.1709,-20.1716,R
20250614HTNC0,2025,9,bottom,102,5,5번타자 박건우,79215,박건우,50662,정해영,563,6,250614_201214,F,파울,138,슬라이더,2,2,True,250614_201214,9,6,0.946545,0.7083,3.338,1.619,-124.476,-4.92288,5.19444,6.51432,50.0,-1.36666,1.90429,26.0479,-23.5041,R
20250614HTNC0,2025,9,bottom,102,5,5번타자 박건우,79215,박건우,50662,정해영,564,7,250614_201251,B,볼,138,슬라이더,3,2,True,250614_201251,9,7,1.51513,0.7083,3.338,1.619,-124.642,-4.00156,5.28034,6.37776,50.0,-1.17579,5.90707,26.7209,-32.2406,R
20250614HTNC0,2025,9,bottom,102,5,5번타자 박건우,79215,박건우,50662,정해영,565,8,250614_201314,H,타격,147,직구,3,2,True,250614_201314,9,8,0.398702,0.7083,3.338,1.619,-133.177,-7.76888,5.79212,6.20407,50.0,-1.32804,-6.88172,30.2854,-16.693,R
20250614HTNC0,2025,9,bottom,103,6,6번타자 손아섭,77532,손아섭,50662,정해영,572,1,250614_201443,T,스트라이크,137,포크,0,1,True,250614_201443,9,1,-0.467006,0.7083,3.21,1.557,-123.949,-6.10915,3.83047,6.33125,50.0,-1.3879,-7.78168,27.9117,-21.2731,L
20250614HTNC0,2025,9,bottom,103,6,6번타자 손아섭,77532,손아섭,50662,정해영,573,2,250614_201456,H,타격,138,포크,0,1,True,250614_201456,9,2,-0.714741,0.7083,3.21,1.557,-124.194,-6.48789,3.65207,6.40009,50.0,-1.46554,-8.88122,27.1192,-21.8863,L
20250614HTNC0,2025,9,bottom,104,7,7번타자 한석현,64101,한석현,50662,정해영,577,1,250614_201555,F,파울,146,직구,0,1,True,250614_201555,9,1,-0.389959,0.7083,3.36,1.63,-131.913,-7.63225,5.01705,6.29641,50.0,-1.48901,-11.2922,31.4004,-13.1234,L
20250614HTNC0,2025,9,bottom,104,7,7번타자 한석현,64101,한석현,50662,정해영,578,2,250614_201621,T,스트라이크,146,직구,0,2,True,250614_201621,9,2,-0.448308,0.7083,3.36,1.63,-132.337,-4.39053,3.61658,6.46164,50.0,-1.50193,-4.69432,30.6418,-18.5646,L
20250614HTNC0,2025,9,bottom,104,7,7번타자 한석현,64101,한석현,50662,정해영,579,3,250614_201644,F,파울,147,직구,0,2,True,250614_201644,9,3,-0.752236,0.7083,3.36,1.63,-132.911,-7.00254,1.91317,6.40396,50.0,-1.49478,0.010898,29.7697,-13.5751,L
20250614HTNC0,2025,9,bottom,104,7,7번타자 한석현,64101,한석현,50662,정해영,580,4,250614_201713,B,볼,137,슬라이더,1,2,True,250614_201713,9,4,-0.532302,0.7083,3.36,1.63,-123.388,-6.86619,2.21283,6.29222,50.0,-1.74561,3.40805,22.7795,-21.7882,L
20250614HTNC0,2025,9,bottom,104,7,7번타자 한석현,64101,한석현,50662,정해영,581,5,250614_201738,S,헛스윙,137,포크,1,3,True,250614_201738,9,5,-1.5061,0.7083,3.36,1.63,-124.022,-8.60085,1.71514,6.34138,50.0,-1.60742,-7.08082,26.0562,-18.7582,L
20250614HTNC0,2025,9,bottom,105,8,8번타자 김휘집,51344,김휘집,50662,정해영,585,1,250614_201825,H,타격,137,포크,0,0,True,250614_201825,9,1,-0.439421,0.7083,3.316,1.608,-123.843,-8.72872,3.1031,6.36111,50.0,-1.19319,-6.20439,25.0806,-18.415,R
20250614HTNC0,2025,9,bottom,107,9,8번타자 김휘집,51344,김휘집,50662,정해영,586,1,250614_201825,H,타격,137,포크,0,0,True,250614_201825,9,1,-0.439421,0.7083,3.316,1.608,-123.843,-8.72872,3.1031,6.36111,50.0,-1.19319,-6.20439,25.0806,-18.415,R
20210606HHNC0,2021,1,top,1,1,1번타자 정은원,68743,정은원,68902,신민혁,2,1,210606_170123,T,스트라이크,129,슬라이더,0,1,True,210606_170123,1,1,0.354509,1.4167,3.25336,1.56794,-117.511,-0.340941,3.50536,5.69619,50.0,-1.39104,2.63833,19.61,-30.1222,L
20210606HHNC0,2021,1,top,1,1,1번타자 정은원,68743,정은원,68902,신민혁,3,2,210606_170137,B,볼,138,직구,1,1,True,210606_170137,1,2,0.446067,1.4167,3.25336,1.56794,-124.632,-5.92807,6.22511,5.45037,50.0,-1.58359,-5.92104,20.8914,-24.3359,L
20210606HHNC0,2021,1,top,1,1,1번타자 정은원,68743,정은원,68902,신민혁,4,3,210606_170153,T,스트라이크,127,체인지업,1,2,True,210606_170153,1,3,0.207045,1.4167,3.25336,1.56794,-114.394,-2.56563,7.48393,5.56851,50.0,-1.34518,-17.9745,19.9977,-24.3281,L
20210606HHNC0,2021,1,top,1,1,1번타자 정은원,68743,정은원,68902,신민혁,5,4,210606_170210,B,볼,126,체인지업,2,2,True,210606_170210,1,4,-0.629955,1.4167,3.25336,1.56794,-114.238,-4.44881,4.28192,5.69478,50.0,-1.11521,-14.3881,20.5352,-23.2163,L
20210606HHNC0,2021,1,top,1,1,1번타자 정은원,68743,정은원,68902,신민혁,6,5,210606_170231,B,볼,142,직구,3,2,True,210606_170231,1,5,1.84457,1.4167,3.25336,1.56794,-129.113,-5.56163,9.54169,5.52188,50.0,-1.07415,-10.5923,24.158,-13.0259,L
20210606HHNC0,2021,1,top,1,1,1번타자 정은원,68743,정은원,68902,신민혁,7,6,210606_170255,F,파울,136,직구,3,2,True,210606_170255,1,6,0.708756,1.4167,3.25336,1.56794,-123.336,-2.3214,4.88189,5.545,50.0,-1.42608,1.64017,22.4896,-23.9821,L
20210606HHNC0,2021,1,top,1,1,1번타자 정은원,68743,정은원,68902,신민혁,8,7,210606_170321,H,타격,129,체인지업,3,2,True,210606_170321,1,7,-0.604069,1.4167,3.25336,1.56794,-116.776,-2.88208,6.29688,5.41762,50.0,-1.47923,-19.7321,21.9455,-25.122,L
20210606HHNC0,2021,1,top,2,2,2번타자 허관회,69706,허관회,68902,신민혁,11,1,210606_170406,T,스트라이크,142,직구,0,1,True,210606_170406,1,1,0.10575,1.4167,3.375,1.5,-128.712,-3.53552,5.55642,5.64264,50.0,-1.13012,-12.2862,28.0161,-15.8278,R
20210606HHNC0,2021,1,top,2,2,2번타자 허관회,69706,허관회,68902,신민혁,12,2,210606_170421,B,볼,132,슬라이더,1,1,True,210606_170421,1,2,1.1283,1.4167,3.375,1.5,-119.661,-0.315977,5.37985,5.6515,50.0,-1.20226,0.804459,19.0,-29.8266,R
20210606HHNC0,2021,1,top,2,2,2번타자 허관회,69706,허관회,68902,신민혁,13,3,210606_170435,B,볼,125,체인지업,2,1,True,210606_170435,1,3,-0.568388,1.4167,3.375,1.5,-113.003,0.284983,4.94368,5.6979,50.0,-1.19698,-15.8005,20.6211,-25.0974,R
20210606HHNC0,2021,1,top,2,2,2번타자 허관회,69706,허관회,68902,신민혁,14,4,210606_170455,T,스트라이크,131,슬라이더,2,2,True,210606_170455,1,4,-0.212871,1.4167,3.375,1.5,-119.135,-1.68519,2.93016,5.56932,50.0,-1.43058,-0.253833,20.6574,-26.4124,R
20210606HHNC0,2021,1,top,2,2,2번타자 허관회,69706,허관회,68902,신민혁,15,5,210606_170514,S,헛스윙,124,체인지업,2,3,True,210606_170514,1,5,0.598007,1.4167,3.375,1.5,-112.08,-4.14038,6.56743,5.61293,50.0,-0.930988,-14.0892,19.1107,-26.6017,R
20210606HHNC0,2021,1,top,3,3,3번타자 하주석,62700,하주석,68902,신민혁,18,1,210606_170551,T,스트라이크,125,체인지업,0,1,True,210606_170551,1,1,0.483728,1.4167,3.44362,1.61344,-112.832,-1.04444,7.55255,5.65665,50.0,-1.15557,-17.3735,22.6989,-24.1385,L
20210606HHNC0,2021,1,top,3,3,3번타자 하주석,62700,하주석,68902,신민혁,19,2,210606_170609,B,볼,134,슬라이더,1,1,True,210606_170609,1,2,-0.400164,1.4167,3.44362,1.61344,-121.137,-0.403766,2.88571,5.62658,50.0,-1.586,-0.135774,19.5898,-26.1503,L
20210606HHNC0,2021,1,top,3,3,3번타자 하주석,62700,하주석,68902,신민혁,20,3,210606_170626,T,스트라이크,120,체인지업,1,2,True,210606_170626,1,3,0.727054,1.4167,3.44362,1.61344,-108.503,-2.64069,7.84533,5.41336,50.0,-1.25849,-15.3696,16.1382,-24.9335,L
20210606HHNC0,2021,1,top,3,3,3번타자 하주석,62700,하주석,68902,신민혁,21,4,210606_170650,H,타격,143,직구,1,2,True,210606_170650,1,4,-1.44027,1.4167,3.44362,1.61344,-129.835,-4.40335,2.39053,5.48658,50.0,-1.59425,-10.2195,28.0897,-14.7876,L
20210606HHNC0,2021,1,top,4,4,4번타자 노시환,69737,노시환,68902,신민혁,24,1,210606_170751,T,스트라이크,133,슬라이더,0,1,True,210606_170751,1,1,0.661546,1.4167,3.2538,1.44274,-120.369,-1.74967,5.02069,5.71405,50.0,-1.38438,-0.663106,21.2178,-27.7497,R
20210606HHNC0,2021,1,top,4,4,4번타자 노시환,69737,노시환,68902,신민혁,25,2,210606_170814,S,헛스윙,119,체인지업,0,2,True,210606_170814,1,2,0.30672,1.4167,3.2538,1.44274,-107.615,-0.363161,6.92644,5.66269,50.0,-1.29218,-14.9965,19.1219,-26.2998,R
20210606HHNC0,2021,1,top,4,4,4번타자 노시환,69737,노시환,68902,신민혁,26,3,210606_170844,B,볼,128,슬라이더,1,2,True,210606_170844,1,3,0.755063,1.4167,3.2538,1.44274,-115.748,-4.43134,7.29633,5.68985,50.0,-1.01373,-14.8677,20.8325,-25.2602,R
20210606HHNC0,2021,1,top,4,4,4번타자 노시환,69737,노시환,68902,신민혁,27,4,210606_170909,B,볼,133,슬라이더,2,2,True,210606_170909,1,4,2.28586,1.4167,3.2538,1.44274,-119.615,-0.663358,8.74092,5.48638,50.0,-1.37979,-0.405126,23.1526,-29.0457,R
20210606HHNC0,2021,1,top,4,4,4번타자 노시환,69737,노시환,68902,신민혁,28,5,210606_170939,S,헛스윙,135,슬라이더,2,3,True,210606_170939,1,5,0.251858,1.4167,3.2538,1.44274,-122.29,-2.49434,4.02616,5.55945,50.0,-1.57447,1.84431,24.2549,-26.7118,R
20210606HHNC0,2021,1,bottom,6,1,1번타자 박민우,62907,박민우,77318,장시환,32,1,210606_171206,T,스트라이크,143,직구,0,1,True,210606_171206,1,1,-0.875716,1.4167,3.44209,1.72864,-128.958,-5.51541,3.66346,5.72316,50.0,-1.42391,-11.5515,26.2532,-13.9622,L
20210606HHNC0,2021,1,bottom,6,1,1번타자 박민우,62907,박민우,77318,장시환,33,2,210606_171221,B,볼,116,커브,1,1,True,210606_171221,1,2,-0.810978,1.4167,3.44209,1.72864,-105.149,0.850039,0.524014,6.17428,50.0,-1.34755,2.41395,19.8094,-43.7878,L
20210606HHNC0,2021,1,bottom,6,1,1번타자 박민우,62907,박민우,77318,장시환,34,3,210606_171236,B,볼,143,직구,2,1,True,210606_171236,1,3,-0.15844,1.4167,3.44209,1.72864,-129.258,-9.88015,5.48462,5.60881,50.0,-1.42773,-11.4461,25.2096,-12.5802,L
20210606HHNC0,2021,1,bottom,6,1,1번타자 박민우,62907,박민우,77318,장시환,35,4,210606_171252,T,스트라이크,143,직구,2,2,True,210606_171252,1,4,-0.860207,1.4167,3.44209,1.72864,-129.314,-6.43242,3.5458,5.71058,50.0,-1.57309,-8.80937,23.968,-14.3919,L
20210606HHNC0,2021,1,bottom,6,1,1번타자 박민우,62907,박민우,77318,장시환,36,5,210606_171314,H,타격,145,직구,2,2,True,210606_171314,1,5,0.510025,1.4167,3.44209,1.72864,-130.752,-4.75025,7.16971,5.77853,50.0,-1.35491,-12.1267,25.8812,-13.8612,L
20210606HHNC0,2021,1,bottom,7,2,2번타자 이명기,76849,이명기,77318,장시환,39,1,210606_171354,T,스트라이크,143,직구,0,1,True,210606_171354,1,1,-0.244934,1.4167,3.38437,1.6246,-131.759,-7.73228,4.91612,5.67149,50.0,-1.38371,-10.1531,26.5608,-13.4759,L
20210606HHNC0,2021,1,bottom,7,2,2번타자 이명기,76849,이명기,77318,장시환,40,2,210606_171406,B,볼,142,직구,1,1,True,210606_171406,1,2,-0.292179,1.4167,3.38437,1.6246,-132.027,-8.05291,5.60998,5.5635,50.0,-1.50668,-12.7335,26.6201,-14.8062,L
20210606HHNC0,2021,1,bottom,7,2,2번타자 이명기,76849,이명기,77318,장시환,41,3,210606_171420,B,볼,133,포크,2,1,True,210606_171420,1,3,0.077877,1.4167,3.38437,1.6246,-121.183,-7.97065,5.22566,5.6712,50.0,-1.20574,-10.2895,21.2402,-23.3182,L
20210606HHNC0,2021,1,bottom,7,2,2번타자 이명기,76849,이명기,77318,장시환,42,4,210606_171439,F,파울,144,직구,2,2,True,210606_171439,1,4,0.410028,1.4167,3.38437,1.6246,-130.765,-6.34917,6.41075,5.66177,50.0,-1.37969,-9.24992,27.8261,-12.5865,L
20210606HHNC0,2021,1,bottom,7,2,2번타자 이명기,76849,이명기,77318,장시환,43,5,210606_171503,S,헛스윙,145,직구,2,3,True,210606_171503,1,5,-0.40941,1.4167,3.38437,1.6246,-130.87,-3.2596,5.11033,5.7538,50.0,-1.44324,-12.6078,29.3683,-12.4208,L
20210606HHNC0,2021,1,bottom,8,3,3번타자 나성범,62947,나성범,77318,장시환,46,1,210606_171537,F,파울,121,커브,0,1,True,210606_171537,1,1,0.231726,1.4167,3.339,1.60261,-109.45,0.178972,1.88311,5.99466,50.0,-1.22803,5.41842,21.0212,-43.9513,L
20210606HHNC0,2021,1,bottom,8,3,3번타자 나성범,62947,나성범,77318,장시환,47,2,210606_171554,B,볼,145,직구,1,1,True,210606_171554,1,2,0.098243,1.4167,3.339,1.60261,-131.641,-8.57796,6.5863,5.56748,50.0,-1.45409,-13.2695,28.3589,-14.1089,L
20210606HHNC0,2021,1,bottom,8,3,3번타자 나성범,62947,나성범,77318,장시환,48,3,210606_171613,F,파울,121,커브,1,2,True,210606_171613,1,3,-0.779351,1.4167,3.339,1.60261,-109.136,2.80077,0.558425,6.08062,50.0,-1.45486,3.80622,21.7276,-45.5775,L
20210606HHNC0,2021,1,bottom,8,3,3번타자 나성범,62947,나성범,77318,장시환,49,4,210606_171641,H,타격,146,직구,1,2,True,210606_171641,1,4,-0.403393,1.4167,3.339,1.60261,-132.69,-7.2036,5.58152,5.5143,50.0,-1.46901,-14.6174,26.7492,-15.8976,L
20210606HHNC0,2021,1,bottom,9,4,4번타자 양의지,76232,양의지,77318,장시환,52,1,210606_171725,F,파울,145,직구,0,1,True,210606_171725,1,1,0.539869,1.4167,3.27759,1.51127,-132.195,-5.19307,7.62514,5.66138,50.0,-1.38163,-13.6351,28.6911,-14.2298,R
20210606HHNC0,2021,1,bottom,9,4,4번타자 양의지,76232,양의지,77318,장시환,53,2,210606_171752,F,파울,146,직구,0,2,True,210606_171752,1,2,0.357007,1.4167,3.27759,1.51127,-132.288,-5.82009,6.71125,5.64902,50.0,-1.43578,-10.697,32.7603,-13.2484,R
20210606HHNC0,2021,1,bottom,9,4,4번타자 양의지,76232,양의지,77318,장시환,54,3,210606_171824,B,볼,145,직구,1,2,True,210606_171824,1,3,0.564161,1.4167,3.27759,1.51127,-131.097,-0.372796,7.31099,5.80261,50.0,-1.45524,-10.7059,24.5187,-13.7772,R
20210606HHNC0,2021,1,bottom,9,4,4번타자 양의지,76232,양의지,77318,장시환,55,4,210606_171847,F,파울,137,슬라이더,1,2,True,210606_171847,1,4,0.46227,1.4167,3.27759,1.51127,-124.544,-2.83181,4.88125,5.75942,50.0,-1.50238,-0.08032,20.9897,-24.9026,R
20210606HHNC0,2021,1,bottom,9,4,4번타자 양의지,76232,양의지,77318,장시환,56,5,210606_171919,B,볼,138,슬라이더,2,2,True,210606_171919,1,5,2.49184,1.4167,3.27759,1.51127,-125.582,-6.89179,9.91844,5.59864,50.0,-1.25059,-2.9737,22.7782,-26.177,R
20210606HHNC0,2021,1,bottom,9,4,4번타자 양의지,76232,양의지,77318,장시환,57,6,210606_171952,H,타격,147,직구,2,2,True,210606_171952,1,6,-0.720846,1.4167,3.27759,1.51127,-133.094,-5.41095,4.9138,5.54473,50.0,-1.57434,-14.0306,30.5197,-12.1377,R
20210606HHNC0,2021,2,top,11,1,5번타자 힐리,51725,힐리,68902,신민혁,61,1,210606_172213,T,스트라이크,141,직구,0,1,True,210606_172213,2,1,0.627491,1.4167,3.375,1.5,-127.303,-4.87926,6.38486,5.54989,50.0,-1.05236,-10.79,21.5118,-15.502,R
20210606HHNC0,2021,2,top,11,1,5번타자 힐리,51725,힐리,68902,신민혁,62,2,210606_172231,B,볼,113,커브,1,1,True,210606_172231,2,2,0.92484,1.4167,3.375,1.5,-102.358,4.89273,2.92074,6.05226,50.0,-1.11799,4.76623,18.8973,-42.9584,R
20210606HHNC0,2021,2,top,11,1,5번타자 힐리,51725,힐리,68902,신민혁,63,3,210606_172251,B,볼,141,직구,2,1,True,210606_172251,2,3,0.756921,1.4167,3.375,1.5,-127.708,-3.29703,6.97187,5.63363,50.0,-0.997397,-12.8506,26.2039,-16.2875,R
20210606HHNC0,2021,2,top,11,1,5번타자 힐리,51725,힐리,68902,신민혁,64,4,210606_172311,T,스트라이크,142,직구,2,2,True,210606_172311,2,4,0.734021,1.4167,3.375,1.5,-128.989,-4.59622,6.40022,5.61909,50.0,-0.819101,-12.4696,28.1225,-11.8404,R
20210606HHNC0,2021,2,top,11,1,5번타자 힐리,51725,힐리,68902,신민혁,65,5,210606_172341,F,파울,141,직구,2,2,True,210606_172341,2,5,0.753409,1.4167,3.375,1.5,-127.348,-3.96701,6.37941,5.58402,50.0,-0.938069,-10.6823,25.51,-13.5416,R
20210606HHNC0,2021,2,top,11,1,5번타자 힐리,51725,힐리,68902,신민혁,66,6,210606_172410,B,볼,142,직구,3,2,True,210606_172410,2,6,1.02165,1.4167,3.375,1.5,-128.817,-4.39821,7.11753,5.68022,50.0,-0.715479,-13.7184,25.8451,-14.8801,R
20210606HHNC0,2021,2,top,11,1,5번타자 힐리,51725,힐리,68902,신민혁,67,7,210606_172434,H,타격,133,슬라이더,3,2,True,210606_172434,2,7,0.537675,1.4167,3.375,1.5,-121.331,-2.67768,3.96401,5.48688,50.0,-1.26351,1.89513,18.5792,-28.2509,R
20210606HHNC0,2021,2,top,12,2,6번타자 정진호,61208,정진호,68902,신민혁,70,1,210606_172516,T,스트라이크,129,체인지업,0,1,True,210606_172516,2,1,-0.329381,1.4167,3.43556,1.65658,-116.904,-0.660301,6.23392,5.64993,50.0,-1.25987,-18.8716,21.5385,-27.3117,L
20210606HHNC0,2021,2,top,12,2,6번타자 정진호,61208,정진호,68902,신민혁,71,2,210606_172530,H,타격,141,직구,0,1,True,210606_172530,2,2,0.345902,1.4167,3.43556,1.65658,-128.154,-3.16623,6.56004,5.6067,50.0,-1.15547,-13.9693,26.03,-16.8296,L
20210606HHNC0,2021,2,top,13,3,7번타자 장운호,63700,장운호,68902,신민혁,74,1,210606_172623,S,헛스윙,136,슬라이더,0,1,True,210606_172623,2,1,0.931749,1.4167,3.375,1.5,-123.297,-0.468989,5.1804,5.6534,50.0,-1.29892,1.32439,22.3239,-25.9487,R
20210606HHNC0,2021,2,top,13,3,7번타자 장운호,63700,장운호,68902,신민혁,75,2,210606_172640,T,스트라이크,113,커브,0,2,True,210606_172640,2,2,-0.150175,1.4167,3.375,1.5,-103.014,4.19743,0.76689,5.98852,50.0,-1.14258,5.07185,17.6414,-41.9075,R
20210606HHNC0,2021,2,top,13,3,7번타자 장운호,63700,장운호,68902,신민혁,76,3,210606_172659,F,파울,144,직구,0,2,True,210606_172659,2,3,0.355538,1.4167,3.375,1.5,-130.62,-4.78749,6.70495,5.50907,50.0,-1.07825,-15.5105,27.3314,-15.5162,R
20210606HHNC0,2021,2,top,13,3,7번타자 장운호,63700,장운호,68902,신민혁,77,4,210606_172721,B,볼,128,체인지업,1,2,True,210606_172721,2,4,0.467562,1.4167,3.375,1.5,-115.669,-4.88728,6.29037,5.64216,50.0,-0.797997,-15.5265,22.297,-23.1566,R
20210606HHNC0,2021,2,top,13,3,7번타자 장운호,63700,장운호,68902,신민혁,78,5,210606_172740,H,타격,136,슬라이더,1,2,True,210606_172740,2,5,0.257322,1.4167,3.375,1.5,-123.864,-1.36706,3.96121,5.54267,50.0,-1.31862,-0.491488,23.7138,-27.5714,R
20210606HHNC0,2021,2,bottom,15,1,5번타자 알테어,50923,알테어,77318,장시환,82,1,210606_172951,B,볼,117,커브,1,0,True,210606_172951,2,1,-0.771978,1.4167,3.73202,1.85666,-106.514,5.39657,0.202312,6.39216,50.0,-1.31047,3.8822,19.6853,-42.6927,R
20210606HHNC0,2021,2,bottom,15,1,5번타자 알테어,50923,알테어,77318,장시환,83,2,210606_173008,T,스트라이크,145,직구,1,1,True,210606_173008,2,2,0.621096,1.4167,3.73202,1.85666,-131.023,-6.02844,7.98296,5.69412,50.0,-1.48317,-13.1192,26.8379,-15.9337,R
20210606HHNC0,2021,2,bottom,15,1,5번타자 알테어,50923,알테어,77318,장시환,84,3,210606_173021,B,볼,145,직구,2,1,True,210606_173021,2,3,-1.25192,1.4167,3.73202,1.85666,-131.701,-4.93419,3.46114,5.67857,50.0,-1.67294,-12.2916,29.3415,-16.1215,R
20210606HHNC0,2021,2,bottom,15,1,5번타자 알테어,50923,알테어,77318,장시환,85,4,210606_173036,H,타격,145,직구,2,1,True,210606_173036,2,4,-0.238565,1.4167,3.73202,1.85666,-131.418,-6.53657,4.70467,5.55759,50.0,-1.55355,-6.63104,23.4282,-17.2206,R
20210606HHNC0,2021,2,bottom,16,2,6번타자 박석민,74465,박석민,77318,장시환,88,1,210606_173120,B,볼,138,슬라이더,1,0,True,210606_173120,2,1,0.591551,1.4167,3.44358,1.68261,-125.143,-8.31745,5.74563,5.60674,50.0,-1.42905,-3.59977,21.9168,-22.3308,R
20210606HHNC0,2021,2,bottom,16,2,6번타자 박석민,74465,박석민,77318,장시환,89,2,210606_173137,T,스트라이크,139,슬라이더,1,1,True,210606_173137,2,2,0.817804,1.4167,3.44358,1.68261,-125.837,-4.82435,6.36921,5.72407,50.0,-1.40962,-4.07752,23.7165,-22.537,R
20210606HHNC0,2021,2,bottom,16,2,6번타자 박석민,74465,박석민,77318,장시환,90,3,210606_173152,B,볼,120,커브,2,1,True,210606_173152,2,3,0.219047,1.4167,3.44358,1.68261,-107.736,6.10745,1.73384,6.25537,50.0,-1.27707,6.09862,20.0576,-43.9589,R
20210606HHNC0,2021,2,bottom,16,2,6번타자 박석민,74465,박석민,77318,장시환,91,4,210606_173208,B,볼,137,슬라이더,3,1,True,210606_173208,2,4,0.723465,1.4167,3.44358,1.68261,-124.176,-7.43546,5.30419,5.61023,50.0,-1.4165,-0.076121,20.2928,-22.933,R
20210606HHNC0,2021,2,bottom,16,2,6번타자 박석민,74465,박석민,77318,장시환,92,5,210606_173227,F,파울,143,직구,3,2,True,210606_173227,2,5,-0.191077,1.4167,3.44358,1.68261,-129.869,-3.60182,5.65347,5.61791,50.0,-1.55829,-10.9886,24.923,-16.1012,R
20210606HHNC0,2021,2,bottom,16,2,6번타자 박석민,74465,박석민,77318,장시환,93,6,210606_173302,B,볼,138,슬라이더,4,2,True,210606_173302,2,6,0.526211,1.4167,3.44358,1.68261,-124.615,-6.50459,5.73171,5.5943,50.0,-1.51885,-3.31553,21.5869,-22.3339,R
20210606HHNC0,2021,2,bottom,17,3,7번타자 노진혁,62931,노진혁,77318,장시환,96,1,210606_173346,B,볼,145,직구,1,0,True,210606_173346,2,1,1.05986,1.4167,3.48005,1.65919,-131.348,-5.59121,8.84736,5.6122,50.0,-1.42991,-12.3205,25.4527,-14.8688,L
20210606HHNC0,2021,2,bottom,17,3,7번타자 노진혁,62931,노진혁,77318,장시환,97,2,210606_173421,T,스트라이크,135,포크,1,1,True,210606_173421,2,2,-0.257535,1.4167,3.48005,1.65919,-122.191,-1.87253,5.75541,5.88342,50.0,-1.49763,-13.3273,20.634,-26.1394,L
20210606HHNC0,2021,2,bottom,17,3,7번타자 노진혁,62931,노진혁,77318,장시환,98,3,210606_173443,T,스트라이크,135,포크,1,2,True,210606_173443,2,3,-0.161417,1.4167,3.48005,1.65919,-122.656,-4.53514,5.31873,5.6775,50.0,-1.53971,-9.57154,22.3377,-21.4932,L
20210606HHNC0,2021,2,bottom,17,3,7번타자 노진혁,62931,노진혁,77318,장시환,99,4,210606_173507,B,볼,123,커브,2,2,True,210606_173507,2,4,0.731561,1.4167,3.48005,1.65919,-111.388,0.010471,3.30028,6.00323,50.0,-1.45032,6.41701,22.7779,-44.3525,L
20210606HHNC0,2021,2,bottom,17,3,7번타자 노진혁,62931,노진혁,77318,장시환,100,5,210606_173541,H,타격,135,포크,2,2,True,210606_173541,2,5,-0.215428,1.4167,3.48005,1.65919,-122.624,-2.36073,4.57002,5.79324,50.0,-1.59306,-5.91939,21.0509,-29.5391,L
20210606HHNC0,2021,2,bottom,18,4,8번타자 이원재,62025,이원재,77318,장시환,104,1,210606_173626,T,스트라이크,120,커브,0,1,True,210606_173626,2,1,-0.726877,1.4167,3.56815,1.80927,-108.436,3.85588,0.735461,6.16815,50.0,-1.45884,3.50514,21.2434,-44.6164,L
20210606HHNC0,2021,2,bottom,18,4,8번타자 이원재,62025,이원재,77318,장시환,105,2,210606_173648,F,파울,147,직구,0,2,True,210606_173648,2,2,0.091376,1.4167,3.56815,1.80927,-133.213,-6.80534,7.24838,5.54583,50.0,-1.56556,-15.1912,27.4807,-11.8773,L
20210606HHNC0,2021,2,bottom,18,4,8번타자 이원재,62025,이원재,77318,장시환,106,3,210606_173714,T,스트라이크,147,직구,0,3,True,210606_173714,2,3,-0.416488,1.4167,3.56815,1.80927,-132.533,-6.06463,6.47541,5.55326,50.0,-1.74647,-15.6845,30.6379,-13.9272,L
20210606HHNC0,2021,3,top,20,1,8번타자 조한민,69705,조한민,68902,신민혁,110,1,210606_173918,T,스트라이크,132,슬라이더,0,1,True,210606_173918,3,1,-0.040182,1.4167,3.375,1.5,-119.246,-2.2801,2.87942,5.66162,50.0,-1.36574,1.27172,18.5025,-28.4922,R
20210606HHNC0,2021,3,top,20,1,8번타자 조한민,69705,조한민,68902,신민혁,111,2,210606_173933,S,헛스윙,114,커브,0,2,True,210606_173933,3,2,0.362805,1.4167,3.375,1.5,-101.156,0.575969,1.99465,5.84798,50.0,-1.13615,4.00426,16.1604,-40.5504,R
20210606HHNC0,2021,3,top,20,1,8번타자 조한민,69705,조한민,68902,신민혁,112,3,210606_173953,B,볼,115,커브,1,2,True,210606_173953,3,3,2.10778,1.4167,3.375,1.5,-104.039,-1.94877,4.83597,5.74724,50.0,-0.909331,5.55837,17.8771,-39.8464,R
20210606HHNC0,2021,3,top,20,1,8번타자 조한민,69705,조한민,68902,신민혁,113,4,210606_174019,F,파울,142,직구,1,2,True,210606_174019,3,4,-0.230028,1.4167,3.375,1.5,-128.441,-3.65315,4.1166,5.60154,50.0,-1.10987,-9.56227,26.5053,-15.4064,R
20210606HHNC0,2021,3,top,20,1,8번타자 조한민,69705,조한민,68902,신민혁,114,5,210606_174050,B,볼,126,체인지업,2,2,True,210606_174050,3,5,-0.364903,1.4167,3.375,1.5,-114.236,-6.12953,4.62316,5.63136,50.0,-0.902404,-15.3613,22.1903,-25.5276,R
20210606HHNC0,2021,3,top,20,1,8번타자 조한민,69705,조한민,68902,신민혁,115,6,210606_174117,F,파울,135,슬라이더,2,2,True,210606_174117,3,6,1.02537,1.4167,3.375,1.5,-122.512,-3.84239,5.12844,5.5307,50.0,-1.1093,0.297535,21.3952,-27.2509,R
20210606HHNC0,2021,3,top,20,1,8번타자 조한민,69705,조한민,68902,신민혁,116,7,210606_174153,H,타격,122,체인지업,2,2,True,210606_174153,3,7,0.493942,1.4167,3.375,1.5,-110.115,-0.855603,6.70935,5.66405,50.0,-1.01664,-14.8935,19.4049,-24.0292,R
20210606HHNC0,2021,3,top,21,2,9번타자 강상원,66710,강상원,68902,신민혁,119,1,210606_174239,B,볼,143,직구,1,0,True,210606_174239,3,1,-0.676846,1.4167,3.13945,1.40992,-128.723,-2.64566,4.38097,5.6109,50.0,-1.53297,-11.2086,27.2164,-14.4467,L
20210606HHNC0,2021,3,top,21,2,9번타자 강상원,66710,강상원,68902,신민혁,120,2,210606_174303,T,스트라이크,142,직구,1,1,True,210606_174303,3,2,0.265343,1.4167,3.13945,1.40992,-128.85,-5.4343,6.33351,5.46409,50.0,-1.26686,-12.4086,28.0544,-11.7292,L
20210606HHNC0,2021,3,top,21,2,9번타자 강상원,66710,강상원,68902,신민혁,121,3,210606_174317,B,볼,133,슬라이더,2,1,True,210606_174317,3,3,1.34051,1.4167,3.13945,1.40992,-119.781,-6.51432,6.4329,5.35309,50.0,-1.52104,1.75289,20.4566,-24.9927,L
20210606HHNC0,2021,3,top,21,2,9번타자 강상원,66710,강상원,68902,신민혁,122,4,210606_174337,H,타격,139,직구,2,1,True,210606_174337,3,4,-0.577003,1.4167,3.13945,1.40992,-126.512,-4.39885,4.79819,5.34281,50.0,-1.57783,-11.4829,26.6546,-15.8651,L
20210606HHNC0,2021,3,top,22,3,1번타자 정은원,68743,정은원,68902,신민혁,125,1,210606_174417,T,스트라이크,128,체인지업,0,1,True,210606_174417,3,1,-0.646574,1.4167,3.25336,1.56794,-116.005,-1.58173,5.74121,5.57413,50.0,-1.43514,-18.0012,22.8962,-23.5416,L
20210606HHNC0,2021,3,top,22,3,1번타자 정은원,68743,정은원,68902,신민혁,126,2,210606_174432,B,볼,105,커브,1,1,True,210606_174432,3,2,0.152377,1.4167,3.25336,1.56794,-94.5172,2.11848,1.76979,5.82938,50.0,-1.53039,5.13826,13.9372,-37.602,L
20210606HHNC0,2021,3,top,22,3,1번타자 정은원,68743,정은원,68902,신민혁,127,3,210606_174450,T,스트라이크,136,슬라이더,1,2,True,210606_174450,3,3,-0.800215,1.4167,3.25336,1.56794,-123.387,-2.18266,2.45717,5.47335,50.0,-1.69626,-1.29518,22.0691,-27.5043,L
20210606HHNC0,2021,3,top,22,3,1번타자 정은원,68743,정은원,68902,신민혁,128,4,210606_174513,B,볼,144,직구,2,2,True,210606_174513,3,4,-1.32185,1.4167,3.25336,1.56794,-130.629,-5.27145,2.55151,5.48558,50.0,-1.55881,-10.0323,25.3541,-14.9898,L
20210606HHNC0,2021,3,top,22,3,1번타자 정은원,68743,정은원,68902,신민혁,129,5,210606_174530,S,헛스윙,129,체인지업,2,3,True,210606_174530,3,5,0.575798,1.4167,3.25336,1.56794,-116.443,-4.46231,7.64688,5.41859,50.0,-1.22247,-16.1541,22.3399,-21.4797,L
20210606HHNC0,2021,3,bottom,24,1,9번타자 김태군,78122,김태군,77318,장시환,133,1,210606_174801,T,스트라이크,144,직구,0,1,True,210606_174801,3,1,0.714842,1.4167,3.25736,1.65989,-127.146,-6.80202,7.3673,5.67498,50.0,-1.27877,-11.8171,24.0503,-12.7229,R
20210606HHNC0,2021,3,bottom,24,1,9번타자 김태군,78122,김태군,77318,장시환,134,2,210606_174818,B,볼,135,슬라이더,1,1,True,210606_174818,3,2,-0.234953,1.4167,3.25736,1.65989,-122.088,-5.66258,3.69615,5.6875,50.0,-1.44474,-3.68551,20.0856,-23.5706,R
20210606HHNC0,2021,3,bottom,24,1,9번타자 김태군,78122,김태군,77318,장시환,135,3,210606_174834,S,헛스윙,135,슬라이더,1,2,True,210606_174834,3,3,0.846059,1.4167,3.25736,1.65989,-122.82,-3.13786,5.34657,5.8006,50.0,-1.40135,0.694013,20.3637,-26.4944,R
20210606HHNC0,2021,3,bottom,24,1,9번타자 김태군,78122,김태군,77318,장시환,136,4,210606_174856,B,볼,121,커브,2,2,True,210606_174856,3,4,-0.419943,1.4167,3.25736,1.65989,-109.302,0.334487,0.557789,6.00603,50.0,-1.373,6.39798,21.2525,-43.9347,R
20210606HHNC0,2021,3,bottom,24,1,9번타자 김태군,78122,김태군,77318,장시환,137,5,210606_174914,H,타격,144,직구,2,2,True,210606_174914,3,5,0.466183,1.4167,3.25736,1.65989,-130.201,-4.18612,7.51618,5.60728,50.0,-1.53669,-12.1508,26.3926,-14.4819,R
20210606HHNC0,2021,3,bottom,25,2,1번타자 박민우,62907,박민우,77318,장시환,140,1,210606_174952,B,볼,119,커브,1,0,True,210606_174952,3,1,0.113374,1.4167,3.44209,1.72864,-108.227,6.08371,1.99618,6.26622,50.0,-1.27691,4.1721,18.6838,-42.6045,L
20210606HHNC0,2021,3,bottom,25,2,1번타자 박민우,62907,박민우,77318,장시환,141,2,210606_175010,H,타격,145,직구,1,0,True,210606_175010,3,2,0.234385,1.4167,3.44209,1.72864,-131.406,-3.75056,7.21737,5.702,50.0,-1.61391,-12.543,26.5465,-12.9705,L
20210606HHNC0,2021,3,bottom,26,3,2번타자 이명기,76849,이명기,77318,장시환,144,1,210606_175045,B,볼,144,직구,1,0,True,210606_175045,3,1,-1.0118,1.4167,3.38437,1.6246,-132.442,-8.80161,4.69775,5.41812,50.0,-1.64584,-15.9165,26.5706,-13.4962,L
20210606HHNC0,2021,3,bottom,26,3,2번타자 이명기,76849,이명기,77318,장시환,145,2,210606_175059,B,볼,145,직구,2,0,True,210606_175059,3,2,0.455192,1.4167,3.38437,1.6246,-131.625,-11.0498,7.92949,5.35657,50.0,-1.53853,-14.2606,26.7313,-13.7309,L
20210606HHNC0,2021,3,bottom,26,3,2번타자 이명기,76849,이명기,77318,장시환,146,3,210606_175119,B,볼,142,직구,3,0,True,210606_175119,3,3,-0.866041,1.4167,3.38437,1.6246,-128.399,-10.9223,4.34263,5.4141,50.0,-1.58785,-12.7401,26.5628,-11.8079,L
20210606HHNC0,2021,3,bottom,26,3,2번타자 이명기,76849,이명기,77318,장시환,147,4,210606_175144,T,스트라이크,144,직구,3,1,True,210606_175144,3,4,0.074326,1.4167,3.38437,1.6246,-130.962,-5.09912,6.5349,5.62696,50.0,-1.52775,-12.3254,24.4312,-15.4836,L
20210606HHNC0,2021,3,bottom,26,3,2번타자 이명기,76849,이명기,77318,장시환,148,5,210606_175158,B,볼,144,직구,4,1,True,210606_175158,3,5,-0.047389,1.4167,3.38437,1.6246,-130.311,-1.53484,6.49302,5.68475,50.0,-1.59224,-12.9098,23.3664,-16.9815,L
20210606HHNC0,2021,3,bottom,27,4,3번타자 나성범,62947,나성범,77318,장시환,151,1,210606_175239,B,볼,145,직구,1,0,True,210606_175239,3,1,1.30317,1.4167,3.339,1.60261,-131.485,-1.67663,9.8159,5.67281,50.0,-1.61649,-11.4946,25.1998,-14.3802,L
20210606HHNC0,2021,3,bottom,27,4,3번타자 나성범,62947,나성범,77318,장시환,152,2,210606_175309,H,타격,144,직구,1,0,True,210606_175309,3,2,1.13124,1.4167,3.339,1.60261,-130.96,-5.11565,8.95427,5.57005,50.0,-1.55547,-10.2573,24.6164,-16.9304,L
20210606HHNC0,2021,4,top,29,1,2번타자 허관회,69706,허관회,68902,신민혁,156,1,210606_175524,T,스트라이크,129,슬라이더,0,1,True,210606_175524,4,1,-0.592867,1.4167,3.375,1.5,-117.303,-1.83573,1.96401,5.61918,50.0,-1.51244,0.785968,21.296,-27.2525,R
20210606HHNC0,2021,4,top,29,1,2번타자 허관회,69706,허관회,68902,신민혁,157,2,210606_175540,F,파울,122,체인지업,0,2,True,210606_175540,4,2,-0.482275,1.4167,3.375,1.5,-110.342,-1.79912,4.77313,5.68841,50.0,-1.12335,-14.705,19.9605,-23.549,R
20210606HHNC0,2021,4,top,29,1,2번타자 허관회,69706,허관회,68902,신민혁,158,3,210606_175608,B,볼,141,직구,1,2,True,210606_175608,4,3,0.044274,1.4167,3.375,1.5,-127.227,1.88303,4.84689,5.88931,50.0,-0.88801,-12.5837,27.0293,-14.9307,R
20210606HHNC0,2021,4,top,29,1,2번타자 허관회,69706,허관회,68902,신민혁,159,4,210606_175623,H,타격,116,커브,1,2,True,210606_175623,4,4,0.020859,1.4167,3.375,1.5,-104.835,3.54929,0.966214,5.93852,50.0,-1.15717,6.03696,19.1063,-40.0125,R
20210606HHNC0,2021,4,top,30,2,3번타자 하주석,62700,하주석,68902,신민혁,162,1,210606_175703,F,파울,134,슬라이더,0,1,True,210606_175703,4,1,0.34911,1.4167,3.44362,1.61344,-121.715,-2.164,4.43202,5.55741,50.0,-1.68452,2.3367,20.7206,-27.0867,L
20210606HHNC0,2021,4,top,30,2,3번타자 하주석,62700,하주석,68902,신민혁,163,2,210606_175732,T,스트라이크,120,체인지업,0,2,True,210606_175732,4,2,-0.810122,1.4167,3.44362,1.61344,-109.003,0.32328,4.79245,5.73501,50.0,-1.36866,-15.4828,17.9192,-25.5181,L
20210606HHNC0,2021,4,top,30,2,3번타자 하주석,62700,하주석,68902,신민혁,164,3,210606_175752,B,볼,128,체인지업,1,2,True,210606_175752,4,3,-0.234201,1.4167,3.44362,1.61344,-115.556,-0.109441,5.69533,5.88067,50.0,-1.06897,-17.3318,19.5564,-24.775,L
20210606HHNC0,2021,4,top,30,2,3번타자 하주석,62700,하주석,68902,신민혁,165,4,210606_175814,S,헛스윙,141,직구,1,3,True,210606_175814,4,4,0.288619,1.4167,3.44362,1.61344,-127.223,-2.46586,6.72555,5.57235,50.0,-1.21902,-14.7296,21.6363,-14.9695,L
20210606HHNC0,2021,4,top,31,3,4번타자 노시환,69737,노시환,68902,신민혁,168,1,210606_175849,H,타격,141,직구,0,0,True,210606_175849,4,1,-0.384415,1.4167,3.2538,1.44274,-128.412,-2.67637,4.03177,5.54229,50.0,-1.12592,-10.9144,25.0987,-16.1143,R
20210606HHNC0,2021,4,bottom,33,1,4번타자 양의지,76232,양의지,77318,장시환,172,1,210606_180106,T,스트라이크,133,슬라이더,0,1,True,210606_180106,4,1,0.085211,1.4167,3.27759,1.51127,-120.446,-2.15945,3.76916,5.95861,50.0,-1.39276,-1.10302,19.7251,-24.3764,R
20210606HHNC0,2021,4,bottom,33,1,4번타자 양의지,76232,양의지,77318,장시환,173,2,210606_180122,F,파울,117,커브,0,2,True,210606_180122,4,2,-0.277365,1.4167,3.27759,1.51127,-105.964,2.05905,1.01373,6.13805,50.0,-1.24568,4.2044,19.0589,-43.8943,R
20210606HHNC0,2021,4,bottom,33,1,4번타자 양의지,76232,양의지,77318,장시환,174,3,210606_180144,H,타격,144,직구,0,2,True,210606_180144,4,3,0.628888,1.4167,3.27759,1.51127,-130.658,-4.7754,8.37553,5.70581,50.0,-1.34423,-16.9202,25.4488,-16.32,R
20210606HHNC0,2021,4,bottom,34,2,5번타자 알테어,50923,알테어,77318,장시환,177,1,210606_180222,T,스트라이크,122,커브,0,1,True,210606_180222,4,1,0.073438,1.4167,3.73202,1.85666,-110.293,0.637017,2.08956,6.08984,50.0,-1.33935,4.25035,20.7843,-42.7018,R
20210606HHNC0,2021,4,bottom,34,2,5번타자 알테어,50923,알테어,77318,장시환,178,2,210606_180238,S,헛스윙,138,슬라이더,0,2,True,210606_180238,4,2,0.35526,1.4167,3.73202,1.85666,-124.772,-8.35855,5.36526,5.55047,50.0,-1.4888,-3.96764,22.4701,-22.7554,R
20210606HHNC0,2021,4,bottom,34,2,5번타자 알테어,50923,알테어,77318,장시환,179,3,210606_180259,B,볼,134,포크,1,2,True,210606_180259,4,3,0.483998,1.4167,3.73202,1.85666,-121.571,-8.40446,7.3041,5.5395,50.0,-1.26223,-14.92,21.4871,-24.8709,R
20210606HHNC0,2021,4,bottom,34,2,5번타자 알테어,50923,알테어,77318,장시환,180,4,210606_180318,S,헛스윙,121,커브,1,3,True,210606_180318,4,4,-0.12799,1.4167,3.73202,1.85666,-109.264,-1.7848,1.91593,5.82162,50.0,-1.40215,3.50921,21.5715,-41.6081,R
20210606HHNC0,2021,4,bottom,35,3,6번타자 박석민,74465,박석민,77318,장시환,183,1,210606_180355,F,파울,138,슬라이더,0,1,True,210606_180355,4,1,1.02605,1.4167,3.44358,1.68261,-124.82,-5.2371,7.20719,5.66933,50.0,-1.41335,-5.79153,22.6923,-21.3843,R
20210606HHNC0,2021,4,bottom,35,3,6번타자 박석민,74465,박석민,77318,장시환,184,2,210606_180411,T,스트라이크,146,직구,0,2,True,210606_180411,4,2,0.441637,1.4167,3.44358,1.68261,-132.211,-6.30171,8.68145,5.52077,50.0,-1.57497,-17.7767,23.9553,-16.0236,R
20210606HHNC0,2021,4,bottom,35,3,6번타자 박석민,74465,박석민,77318,장시환,185,3,210606_180428,B,볼,146,직구,1,2,True,210606_180428,4,3,1.35481,1.4167,3.44358,1.68261,-131.965,-6.60239,10.2218,5.51482,50.0,-1.43884,-15.3012,27.0722,-13.5045,R
20210606HHNC0,2021,4,bottom,35,3,6번타자 박석민,74465,박석민,77318,장시환,186,4,210606_180443,B,볼,137,슬라이더,2,2,True,210606_180443,4,4,1.25314,1.4167,3.44358,1.68261,-123.619,-5.45716,7.52469,5.56883,50.0,-1.4647,-4.24532,22.5297,-24.7764,R
20210606HHNC0,2021,4,bottom,35,3,6번타자 박석민,74465,박석민,77318,장시환,187,5,210606_180458,H,타격,146,직구,2,2,True,210606_180458,4,5,-0.315781,1.4167,3.44358,1.68261,-132.253,-5.26661,6.25917,5.51813,50.0,-1.5896,-15.3081,25.4592,-13.8074,R
20210606HHNC0,2021,5,top,37,1,5번타자 힐리,51725,힐리,68902,신민혁,191,1,210606_180703,B,볼,130,슬라이더,1,0,True,210606_180703,5,1,1.12907,1.4167,3.375,1.5,-118.054,-5.25015,4.77934,5.35836,50.0,-1.28863,4.01268,22.0624,-25.9672,R
20210606HHNC0,2021,5,top,37,1,5번타자 힐리,51725,힐리,68902,신민혁,192,2,210606_180723,B,볼,126,체인지업,2,0,True,210606_180723,5,2,-0.849517,1.4167,3.375,1.5,-113.736,-1.25483,4.90618,5.58269,50.0,-1.25801,-17.8355,23.5027,-25.5781,R
20210606HHNC0,2021,5,top,37,1,5번타자 힐리,51725,힐리,68902,신민혁,193,3,210606_180744,B,볼,141,직구,3,0,True,210606_180744,5,3,-1.1592,1.4167,3.375,1.5,-128.041,-5.035,1.95729,5.5903,50.0,-1.10895,-10.5043,28.212,-12.5855,R
20210606HHNC0,2021,5,top,37,1,5번타자 힐리,51725,힐리,68902,신민혁,194,4,210606_180805,T,스트라이크,142,직구,3,1,True,210606_180805,5,4,0.695526,1.4167,3.375,1.5,-128.742,-5.16558,5.91171,5.45129,50.0,-1.00864,-8.00925,25.7061,-14.7016,R
20210606HHNC0,2021,5,top,37,1,5번타자 힐리,51725,힐리,68902,신민혁,195,5,210606_180826,F,파울,141,직구,3,2,True,210606_180826,5,5,-0.280089,1.4167,3.375,1.5,-127.987,-4.51398,4.87349,5.46056,50.0,-1.19089,-12.9994,25.9331,-13.8016,R
20210606HHNC0,2021,5,top,37,1,5번타자 힐리,51725,힐리,68902,신민혁,196,6,210606_180857,S,헛스윙,143,직구,3,3,True,210606_180857,5,6,-0.934488,1.4167,3.375,1.5,-129.217,-1.26332,2.22655,5.62626,50.0,-1.07369,-9.57226,25.0487,-17.0253,R
20210606HHNC0,2021,5,top,38,2,6번타자 정진호,61208,정진호,68902,신민혁,199,1,210606_180933,B,볼,142,직구,1,0,True,210606_180933,5,1,1.03263,1.4167,3.43556,1.65658,-128.636,-2.92572,8.00797,5.53991,50.0,-1.10155,-13.0999,24.809,-13.0224,L
20210606HHNC0,2021,5,top,38,2,6번타자 정진호,61208,정진호,68902,신민혁,200,2,210606_180947,F,파울,128,체인지업,1,1,True,210606_180947,5,2,0.324406,1.4167,3.43556,1.65658,-116.143,-3.13513,6.90637,5.51883,50.0,-1.20964,-15.5417,22.2672,-21.5167,L
20210606HHNC0,2021,5,top,38,2,6번타자 정진호,61208,정진호,68902,신민혁,201,3,210606_181014,F,파울,119,체인지업,1,2,True,210606_181014,5,3,0.475232,1.4167,3.43556,1.65658,-108.137,1.24226,6.92513,5.53672,50.0,-1.24639,-13.8779,19.4625,-25.0085,L
20210606HHNC0,2021,5,top,38,2,6번타자 정진호,61208,정진호,68902,신민혁,202,4,210606_181042,F,파울,129,체인지업,1,2,True,210606_181042,5,4,-0.27268,1.4167,3.43556,1.65658,-116.795,-1.63366,4.53905,5.82016,50.0,-0.954218,-13.7086,20.1885,-23.622,L
20210606HHNC0,2021,5,top,38,2,6번타자 정진호,61208,정진호,68902,신민혁,203,5,210606_181111,B,볼,120,커브,2,2,True,210606_181111,5,5,0.334337,1.4167,3.43556,1.65658,-108.427,-1.48094,2.64817,5.83167,50.0,-1.15906,2.31149,19.9527,-41.5486,L
20210606HHNC0,2021,5,top,38,2,6번타자 정진호,61208,정진호,68902,신민혁,204,6,210606_181138,H,타격,128,체인지업,2,2,True,210606_181138,5,6,-0.148193,1.4167,3.43556,1.65658,-116.238,-1.27518,6.76744,5.53242,50.0,-1.31768,-18.7123,24.0765,-27.3574,L
20210606HHNC0,2021,5,top,39,3,7번타자 장운호,63700,장운호,68902,신민혁,207,1,210606_181225,B,볼,133,슬라이더,1,0,True,210606_181225,5,1,0.111313,1.4167,3.375,1.5,-120.518,2.52546,2.22132,5.77977,50.0,-1.23906,4.74987,22.61,-29.2487,R
20210606HHNC0,2021,5,top,39,3,7번타자 장운호,63700,장운호,68902,신민혁,208,2,210606_181240,F,파울,122,체인지업,1,1,True,210606_181240,5,2,-0.080099,1.4167,3.375,1.5,-110.536,-1.21358,5.74939,5.53789,50.0,-1.17982,-14.6271,18.836,-23.7793,R
20210606HHNC0,2021,5,top,39,3,7번타자 장운호,63700,장운호,68902,신민혁,209,3,210606_181312,B,볼,127,체인지업,2,1,True,210606_181312,5,3,0.989871,1.4167,3.375,1.5,-115.019,-2.43251,7.76854,5.64716,50.0,-0.763805,-17.1902,18.5711,-23.7126,R
20210606HHNC0,2021,5,top,39,3,7번타자 장운호,63700,장운호,68902,신민혁,210,4,210606_181331,F,파울,143,직구,2,2,True,210606_181331,5,4,-0.393374,1.4167,3.375,1.5,-129.228,-4.11206,3.56499,5.51737,50.0,-1.00078,-10.2964,23.5166,-14.8256,R
20210606HHNC0,2021,5,top,39,3,7번타자 장운호,63700,장운호,68902,신민혁,211,5,210606_181404,S,헛스윙,143,직구,2,3,True,210606_181404,5,5,0.159392,1.4167,3.375,1.5,-129.643,-2.2983,5.05935,5.63899,50.0,-0.934973,-11.5497,24.8017,-15.6242,R
20210606HHNC0,2021,5,bottom,41,1,7번타자 노진혁,62931,노진혁,77318,장시환,215,1,210606_181624,T,스트라이크,144,직구,0,1,True,210606_181624,5,1,0.498246,1.4167,3.48005,1.65919,-130.464,-6.20844,7.64811,5.55777,50.0,-1.50747,-12.7066,23.934,-14.3856,L
20210606HHNC0,2021,5,bottom,41,1,7번타자 노진혁,62931,노진혁,77318,장시환,216,2,210606_181640,H,타격,119,커브,0,1,True,210606_181640,5,2,0.203495,1.4167,3.48005,1.65919,-108.004,3.30663,2.24652,6.14222,50.0,-1.37146,4.7211,19.2541,-43.588,L
20210606HHNC0,2021,5,bottom,42,2,8번타자 이원재,62025,이원재,77318,장시환,219,1,210606_181726,T,스트라이크,143,직구,0,1,True,210606_181726,5,1,-0.898123,1.4167,3.56815,1.80927,-129.34,-5.95328,4.83796,5.60149,50.0,-1.73872,-13.7567,24.4574,-18.5772,L
20210606HHNC0,2021,5,bottom,42,2,8번타자 이원재,62025,이원재,77318,장시환,220,2,210606_181811,H,타격,142,직구,0,1,True,210606_181811,5,2,0.789168,1.4167,3.56815,1.80927,-129.139,-5.39228,7.97307,5.54026,50.0,-1.7277,-7.90862,26.2418,-13.3939,L
20210606HHNC0,2021,5,bottom,43,3,9번타자 김태군,78122,김태군,77318,장시환,224,1,210606_181905,B,볼,138,슬라이더,1,0,True,210606_181905,5,1,0.370451,1.4167,3.25736,1.65989,-125.026,-8.12319,5.58306,5.53648,50.0,-1.52682,-4.30175,20.9329,-20.8796,R
20210606HHNC0,2021,5,bottom,43,3,9번타자 김태군,78122,김태군,77318,장시환,225,2,210606_181939,F,파울,144,직구,1,1,True,210606_181939,5,2,0.894602,1.4167,3.25736,1.65989,-129.952,-6.68697,7.89983,5.52961,50.0,-1.47042,-9.37274,26.4328,-9.67118,R
20210606HHNC0,2021,5,bottom,43,3,9번타자 김태군,78122,김태군,77318,장시환,226,3,210606_182012,H,타격,145,직구,1,1,True,210606_182012,5,3,0.067929,1.4167,3.25736,1.65989,-131.006,-5.84734,6.81489,5.55085,50.0,-1.49197,-14.3941,28.8032,-14.1474,R
20210606HHNC0,2021,5,bottom,44,4,1번타자 박민우,62907,박민우,77318,장시환,230,1,210606_182110,B,볼,135,포크,1,0,True,210606_182110,5,1,-1.50822,1.4167,3.44209,1.72864,-122.747,0.731537,1.60542,5.85461,50.0,-1.61939,-6.48982,22.7479,-24.4832,L
20210606HHNC0,2021,5,bottom,44,4,1번타자 박민우,62907,박민우,77318,장시환,231,2,210606_182130,B,볼,143,직구,2,0,True,210606_182130,5,2,1.61818,1.4167,3.44209,1.72864,-129.62,-5.47687,10.2811,5.51046,50.0,-1.57671,-10.5655,22.9948,-15.2528,L
20210606HHNC0,2021,5,bottom,44,4,1번타자 박민우,62907,박민우,77318,장시환,232,3,210606_182155,B,볼,134,포크,3,0,True,210606_182155,5,3,-1.09627,1.4167,3.44209,1.72864,-121.66,1.11275,3.10069,5.86707,50.0,-1.70061,-7.92864,19.8918,-32.1636,L
20210606HHNC0,2021,5,bottom,44,4,1번타자 박민우,62907,박민우,77318,장시환,233,4,210606_182214,B,볼,143,직구,4,0,True,210606_182214,5,4,-0.435233,1.4167,3.44209,1.72864,-129.8,-7.40242,5.14872,5.40839,50.0,-1.77212,-8.78527,24.0697,-15.0857,L
20210606HHNC0,2021,5,bottom,45,5,2번타자 이명기,76849,이명기,77318,장시환,237,1,210606_182328,T,스트라이크,142,직구,0,1,True,210606_182328,5,1,-0.398414,1.4167,3.38437,1.6246,-128.904,-3.54703,5.70346,5.53736,50.0,-1.72872,-11.7833,25.1799,-14.5749,L
20210606HHNC0,2021,5,bottom,45,5,2번타자 이명기,76849,이명기,77318,장시환,238,2,210606_182351,H,타격,119,커브,0,1,True,210606_182351,5,2,0.508345,1.4167,3.38437,1.6246,-108.191,0.005034,2.7966,5.94426,50.0,-1.35347,4.95087,20.6223,-43.3852,L
20210606HHNC0,2021,5,bottom,46,6,3번타자 나성범,62947,나성범,77318,장시환,244,1,210606_182541,B,볼,144,직구,1,0,True,210606_182541,5,1,0.242755,1.4167,3.339,1.60261,-129.947,-8.89819,6.97888,5.51242,50.0,-1.49871,-12.8459,24.8772,-12.649,L
20210606HHNC0,2021,5,bottom,46,6,3번타자 나성범,62947,나성범,77318,장시환,245,2,210606_182603,B,볼,118,커브,2,0,True,210606_182603,5,2,-1.02025,1.4167,3.339,1.60261,-106.153,1.30413,0.000513,5.98446,50.0,-1.57523,4.81344,20.6528,-43.3595,L
20210606HHNC0,2021,5,bottom,46,6,3번타자 나성범,62947,나성범,77318,장시환,246,3,210606_182627,H,타격,144,직구,2,0,True,210606_182627,5,3,0.413271,1.4167,3.339,1.60261,-130.727,-6.9547,7.93381,5.57124,50.0,-1.5544,-14.7516,28.2234,-13.6812,L
20210606HHNC0,2021,6,top,48,1,8번타자 조한민,69705,조한민,68902,신민혁,508,1,210606_183121,H,타격,133,슬라이더,0,0,True,210606_183121,6,1,0.231898,1.4167,3.375,1.5,-120.661,-1.7742,3.44607,5.71072,50.0,-1.29704,1.04916,20.1609,-26.1156,R
20210606HHNC0,2021,6,top,49,2,9번타자 강상원,66710,강상원,68902,신민혁,511,1,210606_183208,B,볼,141,직구,1,0,True,210606_183208,6,1,-0.291182,1.4167,3.13945,1.40992,-127.621,-1.49683,4.90497,5.64271,50.0,-1.59967,-8.10452,26.3194,-16.5963,L
20210606HHNC0,2021,6,top,49,2,9번타자 강상원,66710,강상원,68902,신민혁,512,2,210606_183222,B,볼,140,직구,2,0,True,210606_183222,6,2,-0.17063,1.4167,3.13945,1.40992,-127.111,-7.59053,4.92705,5.32696,50.0,-1.47013,-8.32015,23.0532,-16.1603,L
20210606HHNC0,2021,6,top,49,2,9번타자 강상원,66710,강상원,68902,신민혁,514,3,210606_183327,B,볼,140,직구,3,0,True,210606_183327,6,3,0.932316,1.4167,3.13945,1.40992,-126.996,-7.71694,7.65527,5.34218,50.0,-1.35029,-9.70011,26.3446,-14.3848,L
20210606HHNC0,2021,6,top,49,2,9번타자 강상원,66710,강상원,68902,신민혁,515,4,210606_183341,T,스트라이크,140,직구,3,1,True,210606_183341,6,4,-0.362184,1.4167,3.13945,1.40992,-126.942,-4.88172,4.58167,5.38951,50.0,-1.5818,-7.65442,26.7494,-15.565,L
20210606HHNC0,2021,6,top,49,2,9번타자 강상원,66710,강상원,68902,신민혁,516,5,210606_183356,T,스트라이크,139,직구,3,2,True,210606_183356,6,5,-0.024361,1.4167,3.13945,1.40992,-125.905,-6.90221,5.41605,5.32633,50.0,-1.4451,-9.35301,24.462,-15.0845,L
20210606HHNC0,2021,6,top,49,2,9번타자 강상원,66710,강상원,68902,신민혁,517,6,210606_183413,B,볼,142,직구,4,2,True,210606_183413,6,6,0.522745,1.4167,3.13945,1.40992,-129.052,-7.08822,6.25847,5.38369,50.0,-1.19596,-9.56217,26.1376,-14.0696,L
20210606HHNC0,2021,6,top,50,3,1번타자 정은원,68743,정은원,68902,신민혁,520,1,210606_183515,B,볼,127,체인지업,1,0,True,210606_183515,6,1,0.074986,1.4167,3.25336,1.56794,-114.719,-4.48228,7.28473,5.60457,50.0,-1.37921,-18.0872,19.946,-24.5707,L
20210606HHNC0,2021,6,top,50,3,1번타자 정은원,68743,정은원,68902,신민혁,521,2,210606_183541,B,볼,132,슬라이더,2,0,True,210606_183541,6,2,1.26056,1.4167,3.25336,1.56794,-119.366,-3.06028,6.35275,5.58388,50.0,-1.53988,1.3447,20.0638,-26.659,L
20210606HHNC0,2021,6,top,50,3,1번타자 정은원,68743,정은원,68902,신민혁,522,3,210606_183607,T,스트라이크,141,직구,2,1,True,210606_183607,6,3,-0.194371,1.4167,3.25336,1.56794,-128.462,-5.21424,5.0681,5.53057,50.0,-1.54652,-8.31573,26.8131,-14.517,L
20210606HHNC0,2021,6,top,50,3,1번타자 정은원,68743,정은원,68902,신민혁,523,4,210606_183652,T,스트라이크,130,슬라이더,2,2,True,210606_183652,6,4,-0.316228,1.4167,3.25336,1.56794,-117.871,-1.98255,2.39485,5.53717,50.0,-1.64589,3.29641,21.2209,-30.188,L
20210606HHNC0,2021,6,top,50,3,1번타자 정은원,68743,정은원,68902,신민혁,524,5,210606_183732,H,타격,127,체인지업,2,2,True,210606_183732,6,5,-0.647037,1.4167,3.25336,1.56794,-115.288,-2.95413,5.38591,5.52924,50.0,-1.59688,-14.6776,21.2826,-25.054,L
20210606HHNC0,2021,6,top,51,4,2번타자 허관회,69706,허관회,68902,신민혁,528,1,210606_183819,B,볼,143,직구,1,0,True,210606_183819,6,1,1.35809,1.4167,3.375,1.5,-129.224,-6.83699,9.4146,5.47799,50.0,-1.05455,-16.6241,26.6432,-14.2564,R
20210606HHNC0,2021,6,top,51,4,2번타자 허관회,69706,허관회,68902,신민혁,529,2,210606_183833,B,볼,127,체인지업,2,0,True,210606_183833,6,2,1.6006,1.4167,3.375,1.5,-110.957,-3.78788,9.90854,5.36321,50.0,-0.966263,-18.7867,20.6673,-25.6997,R
20210606HHNC0,2021,6,top,51,4,2번타자 허관회,69706,허관회,68902,신민혁,530,3,210606_183853,B,볼,123,슬라이더,3,0,True,210606_183853,6,3,0.993079,1.4167,3.375,1.5,-119.915,-3.50707,4.82296,5.41657,50.0,-1.2003,1.91613,19.9107,-27.4922,R
20210606HHNC0,2021,6,top,51,4,2번타자 허관회,69706,허관회,68902,신민혁,531,4,210606_183917,B,볼,142,직구,4,0,True,210606_183917,6,4,-0.964447,1.4167,3.375,1.5,-128.689,-4.03095,2.91002,5.50965,50.0,-1.32172,-10.1926,24.7274,-17.6446,R
20210606HHNC0,2021,6,top,52,5,3번타자 하주석,62700,하주석,68902,신민혁,534,1,210606_184008,S,헛스윙,133,슬라이더,0,1,True,210606_184008,6,1,0.221144,1.4167,3.44362,1.61344,-120.448,-4.6325,4.02351,5.42827,50.0,-1.55084,1.00827,20.7868,-26.8934,L
20210606HHNC0,2021,6,top,52,5,3번타자 하주석,62700,하주석,68902,신민혁,535,2,210606_184035,B,볼,141,직구,1,1,True,210606_184035,6,2,0.83761,1.4167,3.44362,1.61344,-126.347,-1.56382,5.80105,5.79122,50.0,-1.09641,-4.86343,25.4495,-11.7464,L
20210606HHNC0,2021,6,top,52,5,3번타자 하주석,62700,하주석,68902,신민혁,536,3,210606_184100,F,파울,127,체인지업,1,2,True,210606_184100,6,3,0.106361,1.4167,3.44362,1.61344,-115.548,-3.15211,6.78191,5.56326,50.0,-1.36235,-15.6507,26.2731,-24.4715,L
20210606HHNC0,2021,6,top,52,5,3번타자 하주석,62700,하주석,68902,신민혁,537,4,210606_184139,F,파울,125,체인지업,1,2,True,210606_184139,6,4,-0.68546,1.4167,3.44362,1.61344,-113.4,-1.15151,4.7052,5.73594,50.0,-1.35348,-14.3459,22.2898,-25.067,L
20210606HHNC0,2021,6,top,52,5,3번타자 하주석,62700,하주석,68902,신민혁,538,5,210606_184215,B,볼,125,체인지업,2,2,True,210606_184215,6,5,-0.166436,1.4167,3.44362,1.61344,-113.039,-5.49505,5.95417,5.51229,50.0,-1.29188,-15.3687,20.236,-24.3121,L
20210606HHNC0,2021,6,top,52,5,3번타자 하주석,62700,하주석,68902,신민혁,540,6,210606_184332,F,파울,134,슬라이더,2,2,True,210606_184332,6,6,0.813872,1.4167,3.44362,1.61344,-121.448,-2.41833,4.65769,5.63144,50.0,-1.37898,2.95532,22.3083,-27.1572,L
20210606HHNC0,2021,6,top,52,5,3번타자 하주석,62700,하주석,68902,신민혁,541,7,210606_184403,H,타격,140,직구,2,2,True,210606_184403,6,7,0.064928,1.4167,3.44362,1.61344,-127.665,-3.67036,4.70351,5.71014,50.0,-1.02387,-9.86937,25.2376,-15.2194,L
20210606HHNC0,2021,6,top,53,6,4번타자 노시환,69737,노시환,78352,임창민,546,1,210606_184702,F,파울,131,슬라이더,0,1,True,210606_184702,6,1,-0.066979,1.4167,3.2538,1.44274,-120.121,-3.78315,5.35356,5.85222,50.0,-2.07689,-2.79852,23.6412,-25.2873,R
20210606HHNC0,2021,6,top,53,6,4번타자 노시환,69737,노시환,78352,임창민,547,2,210606_184739,B,볼,147,직구,1,1,True,210606_184739,6,2,1.80181,1.4167,3.2538,1.44274,-132.103,-11.039,12.7468,5.58201,50.0,-1.78996,-17.4541,24.6626,-11.1209,R
20210606HHNC0,2021,6,top,53,6,4번타자 노시환,69737,노시환,78352,임창민,548,3,210606_184851,B,볼,134,포크,2,1,True,210606_184851,6,3,-0.453997,1.4167,3.2538,1.44274,-121.186,-8.74649,6.5847,5.74433,50.0,-1.91556,-14.7805,25.0524,-21.9385,R
20210606HHNC0,2021,6,top,53,6,4번타자 노시환,69737,노시환,78352,임창민,551,4,210606_184945,F,파울,136,포크,2,2,True,210606_184945,6,4,-0.269141,1.4167,3.2538,1.44274,-123.05,-4.86744,6.52929,5.97354,50.0,-1.81403,-13.4603,21.1551,-22.6283,R
20210606HHNC0,2021,6,top,53,6,4번타자 노시환,69737,노시환,78352,임창민,552,5,210606_185025,B,볼,134,슬라이더,3,2,True,210606_185025,6,5,1.27521,1.4167,3.2538,1.44274,-121.206,-4.76663,8.38491,5.79161,50.0,-1.84865,-4.23572,21.6868,-28.06,R
20210606HHNC0,2021,6,top,53,6,4번타자 노시환,69737,노시환,78352,임창민,553,6,210606_185057,B,볼,136,포크,4,2,True,210606_185057,6,6,0.745395,1.4167,3.2538,1.44274,-122.728,-7.27383,9.17807,5.87627,50.0,-1.73654,-15.2928,22.6424,-25.0239,R
20210606HHNC0,2021,6,top,54,7,5번타자 힐리,51725,힐리,78352,임창민,556,1,210606_185153,B,볼,145,직구,1,0,True,210606_185153,6,1,0.928503,1.4167,3.375,1.5,-131.36,-7.77334,10.09,5.65232,50.0,-1.83709,-15.0315,24.9346,-13.6139,R
20210606HHNC0,2021,6,top,54,7,5번타자 힐리,51725,힐리,78352,임창민,557,2,210606_185220,T,스트라이크,145,직구,1,1,True,210606_185220,6,2,0.195009,1.4167,3.375,1.5,-130.639,-7.92825,8.55414,5.60707,50.0,-1.82284,-17.3066,29.2939,-11.1018,R
20210606HHNC0,2021,6,top,54,7,5번타자 힐리,51725,힐리,78352,임창민,558,3,210606_185250,F,파울,146,직구,1,2,True,210606_185250,6,3,-0.10415,1.4167,3.375,1.5,-131.617,-7.19075,7.02642,5.71365,50.0,-1.83891,-13.0778,27.2247,-11.4026,R
20210606HHNC0,2021,6,top,54,7,5번타자 힐리,51725,힐리,78352,임창민,559,4,210606_185331,T,스트라이크,146,직구,1,3,True,210606_185331,6,4,0.81495,1.4167,3.375,1.5,-131.871,-8.49578,9.76385,5.70673,50.0,-1.73554,-16.2303,26.8513,-10.047,R
20210606HHNC0,2021,6,bottom,56,1,4번타자 양의지,76232,양의지,77318,장시환,563,1,210606_185551,F,파울,143,직구,0,1,True,210606_185551,6,1,0.385789,1.4167,3.27759,1.51127,-128.727,-7.49388,7.6655,5.54127,50.0,-1.52394,-14.2511,24.2876,-13.7682,R
20210606HHNC0,2021,6,bottom,56,1,4번타자 양의지,76232,양의지,77318,장시환,564,2,210606_185609,H,타격,135,슬라이더,0,1,True,210606_185609,6,2,1.08372,1.4167,3.27759,1.51127,-122.365,-2.85541,7.03216,5.67238,50.0,-1.52956,-3.28547,20.3621,-21.5154,R
20210606HHNC0,2021,6,bottom,57,2,5번타자 알테어,50923,알테어,77318,장시환,567,1,210606_185649,T,스트라이크,144,직구,0,1,True,210606_185649,6,1,-0.186801,1.4167,3.73202,1.85666,-131.102,-3.53616,6.58188,5.60087,50.0,-1.56832,-15.5539,26.169,-17.9395,R
20210606HHNC0,2021,6,bottom,57,2,5번타자 알테어,50923,알테어,77318,장시환,568,2,210606_185703,B,볼,120,커브,1,1,True,210606_185703,6,2,-0.702648,1.4167,3.73202,1.85666,-108.825,5.05021,0.463986,6.12516,50.0,-1.45148,4.89528,19.9749,-44.1978,R
20210606HHNC0,2021,6,bottom,57,2,5번타자 알테어,50923,알테어,77318,장시환,569,3,210606_185717,H,타격,120,커브,1,1,True,210606_185717,6,3,-0.373631,1.4167,3.73202,1.85666,-108.473,1.4072,0.999041,6.01199,50.0,-1.55476,6.46577,21.1528,-42.9411,R
20210606HHNC0,2021,6,bottom,58,3,6번타자 박석민,74465,박석민,65707,주현상,573,1,210606_190053,S,헛스윙,142,직구,0,1,True,210606_190053,6,1,-0.202373,1.4167,3.44358,1.68261,-128.229,-6.66014,6.34587,5.76861,50.0,-1.94179,-9.82436,26.0201,-13.803,R
20210606HHNC0,2021,6,bottom,58,3,6번타자 박석민,74465,박석민,65707,주현상,574,2,210606_190136,H,타격,142,직구,0,1,True,210606_190136,6,2,0.091577,1.4167,3.44358,1.68261,-128.667,-6.36925,7.08569,5.76322,50.0,-1.93424,-9.80961,25.0502,-12.1908,R
20210606HHNC0,2021,6,bottom,59,4,7번타자 노진혁,62931,노진혁,63749,이충호,579,1,210606_190511,B,볼,140,직구,1,0,True,210606_190511,6,1,-0.26867,1.4167,3.48005,1.65919,-126.546,-7.96384,-7.4348,5.78397,50.0,2.1661,6.4695,18.8299,-15.7662,L
20210606HHNC0,2021,6,bottom,59,4,7번타자 노진혁,62931,노진혁,63749,이충호,580,2,210606_190535,H,타격,142,직구,1,0,True,210606_190535,6,2,-0.790746,1.4167,3.48005,1.65919,-129.277,-6.08472,-9.3129,5.78614,50.0,2.11424,9.58285,24.615,-14.3491,L
20210606HHNC0,2021,6,bottom,61,5,대타 강진성,62925,강진성,63749,이충호,585,1,210606_190638,B,볼,140,직구,1,0,True,210606_190638,6,1,1.07953,1.4167,3.17774,1.45809,-127.743,-4.03295,-4.61127,5.87264,50.0,2.29058,7.79416,21.6846,-19.6985,R
20210606HHNC0,2021,6,bottom,61,5,대타 강진성,62925,강진성,63749,이충호,586,2,210606_190701,F,파울,141,직구,1,1,True,210606_190701,6,2,-0.49262,1.4167,3.17774,1.45809,-128.186,-5.87781,-7.90414,5.79821,50.0,2.03513,7.5199,23.8963,-19.951,R
20210606HHNC0,2021,6,bottom,61,5,대타 강진성,62925,강진성,63749,이충호,587,3,210606_190746,B,볼,141,직구,2,1,True,210606_190746,6,3,1.37223,1.4167,3.17774,1.45809,-127.896,-4.53875,-3.57463,5.94508,50.0,2.16951,7.87721,24.2489,-18.1725,R
20210606HHNC0,2021,6,bottom,61,5,대타 강진성,62925,강진성,63749,이충호,588,4,210606_190813,B,볼,140,직구,3,1,True,210606_190813,6,4,-0.831101,1.4167,3.17774,1.45809,-127.43,-0.033003,-8.11636,6.17025,50.0,2.04144,4.31449,23.201,-17.8071,R
20210606HHNC0,2021,6,bottom,61,5,대타 강진성,62925,강진성,63749,이충호,589,5,210606_190840,B,볼,139,직구,4,1,True,210606_190840,6,5,-0.618346,1.4167,3.17774,1.45809,-125.958,-2.66374,-7.82642,5.93856,50.0,2.09591,5.13182,21.0309,-20.0912,R
20210606HHNC0,2021,6,bottom,62,6,9번타자 김태군,78122,김태군,63749,이충호,593,1,210606_190927,B,볼,128,슬라이더,1,0,True,210606_190927,6,1,0.867913,1.4167,3.25736,1.65989,-115.75,0.448052,-2.3263,6.21618,50.0,2.22688,-3.71983,17.2621,-31.7309,R
20210606HHNC0,2021,6,bottom,62,6,9번타자 김태군,78122,김태군,63749,이충호,594,2,210606_190949,T,스트라이크,128,슬라이더,1,1,True,210606_190949,6,2,0.786627,1.4167,3.25736,1.65989,-115.757,-1.92334,-2.37289,6.07709,50.0,2.24514,-4.47003,19.606,-31.6213,R
20210606HHNC0,2021,6,bottom,62,6,9번타자 김태군,78122,김태군,63749,이충호,595,3,210606_191014,B,볼,125,체인지업,2,1,True,210606_191014,6,3,1.59574,1.4167,3.25736,1.65989,-113.36,-2.82288,-3.30498,5.94088,50.0,2.50028,5.71504,18.3524,-21.9394,R
20210606HHNC0,2021,6,bottom,62,6,9번타자 김태군,78122,김태군,63749,이충호,596,4,210606_191042,S,헛스윙,128,슬라이더,2,2,True,210606_191042,6,4,-0.753904,1.4167,3.25736,1.65989,-116.397,-3.50311,-6.29497,6.03038,50.0,2.00652,-0.530825,16.6902,-30.7898,R
20210606HHNC0,2021,6,bottom,62,6,9번타자 김태군,78122,김태군,63749,이충호,597,5,210606_191115,B,볼,128,슬라이더,3,2,True,210606_191115,6,5,1.21862,1.4167,3.25736,1.65989,-116.0,-3.51104,-2.63357,6.01591,50.0,2.42654,-0.699994,18.3145,-31.274,R
20210606HHNC0,2021,6,bottom,62,6,9번타자 김태군,78122,김태군,63749,이충호,598,6,210606_191146,B,볼,129,슬라이더,4,2,True,210606_191146,6,6,-0.022494,1.4167,3.25736,1.65989,-116.925,-7.98214,-4.65253,5.86732,50.0,2.17172,-1.99011,20.3751,-27.5718,R
20210606HHNC0,2021,6,bottom,63,7,1번타자 박민우,62907,박민우,63749,이충호,603,1,210606_191239,B,볼,142,직구,1,0,True,210606_191239,6,1,-0.835971,1.4167,3.44209,1.72864,-129.123,-8.31544,-8.35519,5.72171,50.0,2.04889,4.93134,23.6699,-15.3982,L
20210606HHNC0,2021,6,bottom,63,7,1번타자 박민우,62907,박민우,63749,이충호,604,2,210606_191302,B,볼,128,슬라이더,2,0,True,210606_191302,6,2,0.588138,1.4167,3.44209,1.72864,-116.325,-1.64914,-3.35518,6.12983,50.0,2.20633,-1.75322,19.3362,-29.2683,L
20210606HHNC0,2021,6,bottom,63,7,1번타자 박민우,62907,박민우,63749,이충호,605,3,210606_191325,H,타격,142,직구,2,0,True,210606_191325,6,3,0.048427,1.4167,3.44209,1.72864,-128.444,-5.95838,-6.10573,5.92236,50.0,2.18675,3.29394,22.336,-15.475,L
20210606HHNC0,2021,6,bottom,64,8,2번타자 이명기,76849,이명기,79440,정인욱,612,1,210606_191706,B,볼,141,직구,1,0,True,210606_191706,6,1,-0.916559,1.4167,3.38437,1.6246,-128.606,-3.87889,2.20281,6.02372,50.0,-1.34792,-5.62443,25.6753,-14.4725,L
20210606HHNC0,2021,6,bottom,64,8,2번타자 이명기,76849,이명기,79440,정인욱,613,2,210606_191725,F,파울,142,직구,1,1,True,210606_191725,6,2,-0.381998,1.4167,3.38437,1.6246,-128.787,-5.88779,4.53166,5.88393,50.0,-1.48066,-8.8226,24.9088,-13.9198,L
20210606HHNC0,2021,6,bottom,64,8,2번타자 이명기,76849,이명기,79440,정인욱,614,3,210606_191752,F,파울,132,포크,1,2,True,210606_191752,6,3,-0.50917,1.4167,3.38437,1.6246,-119.637,-7.29373,4.2692,5.97542,50.0,-1.33473,-10.9646,20.424,-18.8695,L
20210606HHNC0,2021,6,bottom,64,8,2번타자 이명기,76849,이명기,79440,정인욱,615,4,210606_191826,B,볼,146,직구,2,2,True,210606_191826,6,4,-0.760331,1.4167,3.38437,1.6246,-133.116,-3.89925,3.3248,5.93801,50.0,-1.38705,-8.81828,29.3357,-11.5253,L
20210606HHNC0,2021,6,bottom,64,8,2번타자 이명기,76849,이명기,79440,정인욱,616,5,210606_191850,F,파울,143,직구,2,2,True,210606_191850,6,5,-0.77534,1.4167,3.38437,1.6246,-129.75,-5.60373,4.02764,5.86958,50.0,-1.46527,-11.588,25.1937,-13.3779,L
20210606HHNC0,2021,6,bottom,64,8,2번타자 이명기,76849,이명기,79440,정인욱,617,6,210606_191924,F,파울,131,포크,2,2,True,210606_191924,6,6,-0.273988,1.4167,3.38437,1.6246,-119.579,-3.48066,4.26902,6.14667,50.0,-1.10329,-10.9247,19.0663,-21.9869,L
20210606HHNC0,2021,6,bottom,64,8,2번타자 이명기,76849,이명기,79440,정인욱,618,7,210606_191959,H,타격,145,직구,2,2,True,210606_191959,6,7,-0.515504,1.4167,3.38437,1.6246,-131.972,-7.81552,4.21416,5.87079,50.0,-1.39359,-10.0397,28.6751,-12.2182,L
20210606HHNC0,2021,6,bottom,65,9,3번타자 나성범,62947,나성범,79440,정인욱,623,1,210606_192053,B,볼,144,직구,1,0,True,210606_192053,6,1,0.940515,1.4167,3.339,1.60261,-130.804,-4.24607,8.19198,6.03137,50.0,-1.21522,-13.5997,29.3132,-11.7884,L
20210606HHNC0,2021,6,bottom,65,9,3번타자 나성범,62947,나성범,79440,정인욱,624,2,210606_192111,S,헛스윙,144,직구,1,1,True,210606_192111,6,2,-0.600821,1.4167,3.339,1.60261,-130.456,-7.0827,4.39853,5.94534,50.0,-1.35427,-12.6511,29.7753,-9.04601,L
20210606HHNC0,2021,6,bottom,65,9,3번타자 나성범,62947,나성범,79440,정인욱,626,3,210606_192146,B,볼,141,직구,2,1,True,210606_192146,6,3,2.04726,1.4167,3.339,1.60261,-127.908,-9.18753,10.1898,5.78292,50.0,-1.05448,-11.8116,24.386,-11.8401,L
20210606HHNC0,2021,6,bottom,65,9,3번타자 나성범,62947,나성범,79440,정인욱,627,4,210606_192241,B,볼,144,직구,3,1,True,210606_192241,6,4,1.22026,1.4167,3.339,1.60261,-130.642,-6.29514,8.21272,5.98251,50.0,-1.08078,-11.7425,27.2778,-11.1528,L
20210606HHNC0,2021,6,bottom,65,9,3번타자 나성범,62947,나성범,79440,정인욱,628,5,210606_192309,F,파울,137,포크,3,2,True,210606_192309,6,5,-0.028722,1.4167,3.339,1.60261,-124.545,-5.98075,5.41422,5.86736,50.0,-1.31401,-11.0923,26.0685,-19.3103,L
20210606HHNC0,2021,6,bottom,65,9,3번타자 나성범,62947,나성범,79440,정인욱,629,6,210606_192341,F,파울,146,직구,3,2,True,210606_192341,6,6,0.850108,1.4167,3.339,1.60261,-132.52,-5.55508,7.52539,5.97962,50.0,-1.15632,-11.9424,29.6759,-11.6892,L
20210606HHNC0,2021,6,bottom,65,9,3번타자 나성범,62947,나성범,79440,정인욱,630,7,210606_192412,F,파울,137,포크,3,2,True,210606_192412,6,7,-1.1053,1.4167,3.339,1.60261,-124.602,-8.00155,3.53995,5.83604,50.0,-1.43543,-13.4336,24.2722,-21.0632,L
20210606HHNC0,2021,6,bottom,65,9,3번타자 나성범,62947,나성범,79440,정인욱,631,8,210606_192449,H,타격,144,직구,3,2,True,210606_192449,6,8,0.208159,1.4167,3.339,1.60261,-130.673,-8.41525,6.00062,5.82123,50.0,-1.24503,-11.5978,25.9502,-15.8691,L
20210606HHNC0,2021,6,bottom,66,10,4번타자 양의지,76232,양의지,79440,정인욱,636,1,210606_192543,B,볼,128,슬라이더,1,0,True,210606_192543,6,1,2.48499,1.4167,3.27759,1.51127,-116.482,-5.1353,8.16292,5.90424,50.0,-1.01376,-0.104978,16.0351,-24.3167,R
20210606HHNC0,2021,6,bottom,66,10,4번타자 양의지,76232,양의지,79440,정인욱,637,2,210606_192601,H,타격,144,직구,1,0,True,210606_192601,6,2,0.023031,1.4167,3.27759,1.51127,-130.841,-4.83708,4.68241,5.90556,50.0,-1.14758,-8.55353,26.2889,-15.735,R
20210606HHNC0,2021,6,bottom,67,11,5번타자 알테어,50923,알테어,79440,정인욱,640,1,210606_192643,B,볼,143,직구,1,0,True,210606_192643,6,1,-1.20002,1.4167,3.73202,1.85666,-130.408,-4.78639,2.28028,5.84398,50.0,-1.29305,-10.5276,26.1389,-13.2594,R
20210606HHNC0,2021,6,bottom,67,11,5번타자 알테어,50923,알테어,79440,정인욱,641,2,210606_192700,F,파울,142,직구,1,1,True,210606_192700,6,2,-0.016347,1.4167,3.73202,1.85666,-129.276,-7.30331,4.28562,5.86154,50.0,-1.04166,-8.49962,24.6392,-12.3836,R
20210606HHNC0,2021,6,bottom,67,11,5번타자 알테어,50923,알테어,79440,정인욱,642,3,210606_192724,H,타격,143,직구,1,1,True,210606_192724,6,3,-0.471778,1.4167,3.73202,1.85666,-129.634,-3.21827,3.62552,5.93365,50.0,-1.18249,-9.24736,29.4249,-13.2204,R
20210606HHNC0,2021,7,top,69,1,6번타자 정진호,61208,정진호,65643,문경찬,650,1,210606_192958,T,스트라이크,143,직구,0,1,True,210606_192958,7,1,-0.641977,1.4167,3.43556,1.65658,-129.998,-7.98841,3.72771,5.6166,50.0,-1.71758,-4.9438,25.8751,-10.2,L
20210606HHNC0,2021,7,top,69,1,6번타자 정진호,61208,정진호,65643,문경찬,651,2,210606_193016,S,헛스윙,144,직구,0,2,True,210606_193016,7,2,-0.312026,1.4167,3.43556,1.65658,-131.278,-4.95925,5.89096,5.60217,50.0,-1.90542,-9.06042,24.2908,-12.8849,L
20210606HHNC0,2021,7,top,69,1,6번타자 정진호,61208,정진호,65643,문경찬,652,3,210606_193037,H,타격,143,직구,0,2,True,210606_193037,7,3,-0.25839,1.4167,3.43556,1.65658,-130.706,-5.22701,5.93251,5.60345,50.0,-1.80118,-10.0164,24.3371,-15.0755,L
20210606HHNC0,2021,7,top,70,2,7번타자 장운호,63700,장운호,65643,문경찬,655,1,210606_193109,B,볼,144,직구,1,0,True,210606_193109,7,1,-1.16812,1.4167,3.375,1.5,-130.773,-6.88313,2.80832,5.71026,50.0,-1.73464,-6.9474,26.4503,-10.9146,R
20210606HHNC0,2021,7,top,70,2,7번타자 장운호,63700,장운호,65643,문경찬,656,2,210606_193123,B,볼,140,직구,2,0,True,210606_193123,7,2,0.005222,1.4167,3.375,1.5,-126.687,-9.96795,4.91132,5.55262,50.0,-1.55045,-5.04507,23.4837,-9.18764,R
20210606HHNC0,2021,7,top,70,2,7번타자 장운호,63700,장운호,65643,문경찬,657,3,210606_193142,T,스트라이크,139,직구,2,1,True,210606_193142,7,3,-0.065942,1.4167,3.375,1.5,-126.079,-4.58957,5.61807,5.53253,50.0,-1.76237,-6.91728,24.4207,-14.5277,R
20210606HHNC0,2021,7,top,70,2,7번타자 장운호,63700,장운호,65643,문경찬,658,4,210606_193159,B,볼,139,직구,3,1,True,210606_193159,7,4,1.02188,1.4167,3.375,1.5,-126.779,-7.9735,7.2298,5.61337,50.0,-1.45386,-4.95376,21.0063,-13.6114,R
20210606HHNC0,2021,7,top,70,2,7번타자 장운호,63700,장운호,65643,문경찬,659,5,210606_193215,B,볼,139,직구,4,1,True,210606_193215,7,5,1.31947,1.4167,3.375,1.5,-126.541,-6.82323,8.22765,5.43199,50.0,-1.56053,-5.0239,23.2584,-14.4521,R
20210606HHNC0,2021,7,top,71,3,8번타자 조한민,69705,조한민,65643,문경찬,662,1,210606_193255,B,볼,122,슬라이더,1,0,True,210606_193255,7,1,0.588052,1.4167,3.375,1.5,-111.086,1.93051,5.49985,5.82515,50.0,-2.13175,2.17744,17.7108,-33.818,R
20210606HHNC0,2021,7,top,71,3,8번타자 조한민,69705,조한민,65643,문경찬,663,2,210606_193314,B,볼,135,직구,2,0,True,210606_193314,7,2,-0.578397,1.4167,3.375,1.5,-122.633,1.62636,4.48726,5.73013,50.0,-1.97454,-5.2812,20.3281,-20.0886,R
20210606HHNC0,2021,7,top,71,3,8번타자 조한민,69705,조한민,65643,문경찬,664,3,210606_193342,B,볼,138,직구,3,0,True,210606_193342,7,3,0.603648,1.4167,3.375,1.5,-125.9,-8.05437,6.84615,5.54082,50.0,-1.66042,-6.04927,25.3345,-12.256,R
20210606HHNC0,2021,7,top,71,3,8번타자 조한민,69705,조한민,65643,문경찬,665,4,210606_193405,T,스트라이크,137,직구,3,1,True,210606_193405,7,4,0.383746,1.4167,3.375,1.5,-124.243,-3.81084,5.78279,5.71933,50.0,-1.65009,-3.82908,23.0907,-17.5858,R
20210606HHNC0,2021,7,top,71,3,8번타자 조한민,69705,조한민,65643,문경찬,666,5,210606_193425,T,스트라이크,140,직구,3,2,True,210606_193425,7,5,0.120609,1.4167,3.375,1.5,-128.112,-7.07125,6.78709,5.38916,50.0,-1.88645,-8.65255,26.4258,-12.8683,R
20210606HHNC0,2021,7,top,71,3,8번타자 조한민,69705,조한민,65643,문경찬,667,6,210606_193447,B,볼,139,직구,4,2,True,210606_193447,7,6,-1.14043,1.4167,3.375,1.5,-126.678,-2.98371,3.47994,5.50837,50.0,-2.1129,-5.21571,23.7346,-15.7178,R
20210606HHNC0,2021,7,top,72,4,9번타자 강상원,66710,강상원,65643,문경찬,671,1,210606_193527,B,볼,139,직구,1,0,True,210606_193527,7,1,-0.775201,1.4167,3.13945,1.40992,-127.026,-3.02276,4.46499,5.54472,50.0,-2.05156,-6.34111,26.0696,-13.6867,L
20210606HHNC0,2021,7,top,72,4,9번타자 강상원,66710,강상원,65643,문경찬,672,2,210606_193549,B,볼,140,직구,2,0,True,210606_193549,7,2,-1.05453,1.4167,3.13945,1.40992,-127.205,-1.90831,3.61664,5.56932,50.0,-2.02282,-5.94538,25.5236,-14.7422,L
20210606HHNC0,2021,7,top,72,4,9번타자 강상원,66710,강상원,65643,문경찬,673,3,210606_193618,T,스트라이크,140,직구,2,1,True,210606_193618,7,3,0.528323,1.4167,3.13945,1.40992,-127.044,-4.79167,6.86147,5.54301,50.0,-1.75232,-5.65489,24.2479,-12.3901,L
20210606HHNC0,2021,7,top,72,4,9번타자 강상원,66710,강상원,65643,문경찬,674,4,210606_193638,B,볼,138,직구,3,1,True,210606_193638,7,4,0.698544,1.4167,3.13945,1.40992,-125.663,-7.6568,7.94847,5.47005,50.0,-1.85821,-7.88279,23.4443,-13.0092,L
20210606HHNC0,2021,7,top,72,4,9번타자 강상원,66710,강상원,65643,문경찬,675,5,210606_193702,B,볼,139,직구,4,1,True,210606_193702,7,5,-0.617392,1.4167,3.13945,1.40992,-126.099,-2.87372,4.70232,5.60282,50.0,-1.95478,-6.78847,22.862,-14.9551,L
20210606HHNC0,2021,7,top,73,5,1번타자 정은원,68743,정은원,63914,손정욱,681,1,210606_193919,T,스트라이크,120,슬라이더,0,1,True,210606_193919,7,1,0.186637,1.4167,3.25336,1.56794,-109.47,0.195374,-2.84731,6.04832,50.0,1.65991,-1.47778,18.6893,-28.2953,L
20210606HHNC0,2021,7,top,73,5,1번타자 정은원,68743,정은원,63914,손정욱,682,2,210606_193939,T,스트라이크,123,슬라이더,0,2,True,210606_193939,7,2,0.389832,1.4167,3.25336,1.56794,-112.452,-1.7332,-2.99956,5.96155,50.0,1.80376,-0.588049,21.3812,-28.8492,L
20210606HHNC0,2021,7,top,73,5,1번타자 정은원,68743,정은원,63914,손정욱,683,3,210606_194001,B,볼,140,직구,1,2,True,210606_194001,7,3,-0.794374,1.4167,3.25336,1.56794,-127.174,-3.99288,-5.97396,6.05347,50.0,0.875088,9.02097,29.5288,-12.7196,L
20210606HHNC0,2021,7,top,73,5,1번타자 정은원,68743,정은원,63914,손정욱,684,4,210606_194024,B,볼,115,커브,2,2,True,210606_194024,7,4,-1.35434,1.4167,3.25336,1.56794,-104.078,0.685594,-5.11514,6.1956,50.0,1.35664,-1.85893,17.6594,-40.7815,L
20210606HHNC0,2021,7,top,73,5,1번타자 정은원,68743,정은원,63914,손정욱,685,5,210606_194047,H,타격,138,직구,2,2,True,210606_194047,7,5,0.776752,1.4167,3.25336,1.56794,-125.692,-3.87696,-1.20794,6.07788,50.0,1.03628,2.80117,29.0639,-14.9753,L
20210606HHNC0,2021,7,top,74,6,2번타자 허관회,69706,허관회,63914,손정욱,691,1,210606_194145,B,볼,139,직구,1,0,True,210606_194145,7,1,-0.106448,1.4167,3.375,1.5,-126.03,-1.91926,-4.01168,6.12133,50.0,1.19821,3.77511,24.0189,-14.2926,R
20210606HHNC0,2021,7,top,74,6,2번타자 허관회,69706,허관회,63914,손정욱,692,2,210606_194159,B,볼,140,직구,2,0,True,210606_194159,7,2,0.883586,1.4167,3.375,1.5,-127.716,-4.33123,-1.51212,5.91172,50.0,1.27764,2.60963,25.0211,-13.0404,R
20210606HHNC0,2021,7,top,74,6,2번타자 허관회,69706,허관회,63914,손정욱,693,3,210606_194216,B,볼,137,직구,3,0,True,210606_194216,7,3,1.51564,1.4167,3.375,1.5,-124.974,-0.830225,-0.947586,6.00612,50.0,1.44265,5.56166,25.4456,-17.0594,R
20210606HHNC0,2021,7,top,74,6,2번타자 허관회,69706,허관회,63914,손정욱,694,4,210606_194238,T,스트라이크,136,직구,3,1,True,210606_194238,7,4,0.020402,1.4167,3.375,1.5,-123.775,-7.65802,-4.35071,5.76987,50.0,1.2379,6.70663,23.5554,-14.0651,R
20210606HHNC0,2021,7,top,74,6,2번타자 허관회,69706,허관회,63914,손정욱,695,5,210606_194254,F,파울,139,직구,3,2,True,210606_194254,7,5,0.204693,1.4167,3.375,1.5,-126.219,-6.2939,-3.22331,5.85505,50.0,1.20173,3.64266,23.0804,-12.4582,R
20210606HHNC0,2021,7,top,74,6,2번타자 허관회,69706,허관회,63914,손정욱,696,6,210606_194318,B,볼,140,직구,4,2,True,210606_194318,7,6,-0.11936,1.4167,3.375,1.5,-127.691,-1.90996,-4.43663,6.0099,50.0,1.16033,6.13573,28.1616,-14.581,R
20210606HHNC0,2021,7,top,75,7,3번타자 하주석,62700,하주석,63914,손정욱,699,1,210606_194412,B,볼,124,슬라이더,1,0,True,210606_194412,7,1,0.64971,1.4167,3.44362,1.61344,-113.393,1.68512,-2.34383,6.03499,50.0,1.9479,-2.61479,17.825,-28.7059,L
20210606HHNC0,2021,7,top,75,7,3번타자 하주석,62700,하주석,63914,손정욱,700,2,210606_194432,B,볼,139,직구,2,0,True,210606_194432,7,2,0.787124,1.4167,3.44362,1.61344,-126.95,-3.52993,-2.1122,5.89622,50.0,1.19295,5.48942,25.5276,-14.6014,L
20210606HHNC0,2021,7,top,75,7,3번타자 하주석,62700,하주석,63914,손정욱,701,3,210606_194455,B,볼,138,직구,3,0,True,210606_194455,7,3,0.172968,1.4167,3.44362,1.61344,-125.855,-3.65955,-4.29711,5.92763,50.0,1.25487,8.01934,28.1384,-11.0601,L
20210606HHNC0,2021,7,top,75,7,3번타자 하주석,62700,하주석,63914,손정욱,702,4,210606_194518,T,스트라이크,137,직구,3,1,True,210606_194518,7,4,-0.042225,1.4167,3.44362,1.61344,-124.345,-6.38143,-4.46419,5.81904,50.0,1.20968,6.84713,26.1669,-12.044,L
20210606HHNC0,2021,7,top,75,7,3번타자 하주석,62700,하주석,63914,손정욱,703,5,210606_194537,F,파울,138,직구,3,2,True,210606_194537,7,5,0.053654,1.4167,3.44362,1.61344,-125.488,-6.17837,-4.08393,5.84898,50.0,1.13826,6.9087,24.269,-11.7101,L
20210606HHNC0,2021,7,top,75,7,3번타자 하주석,62700,하주석,63914,손정욱,704,6,210606_194609,B,볼,124,슬라이더,4,2,True,210606_194609,7,6,0.680588,1.4167,3.44362,1.61344,-112.362,1.05705,-1.89817,5.97112,50.0,1.81557,-2.80607,18.475,-28.4877,L
20210606HHNC0,2021,7,top,76,8,4번타자 노시환,69737,노시환,62966,최금강,709,1,210606_194917,T,스트라이크,118,슬라이더,0,1,True,210606_194917,7,1,0.127725,1.4167,3.2538,1.44274,-107.278,-0.241277,5.2637,5.9517,50.0,-2.43273,0.807169,16.2156,-31.9378,R
20210606HHNC0,2021,7,top,76,8,4번타자 노시환,69737,노시환,62966,최금강,710,2,210606_194943,F,파울,124,슬라이더,0,2,True,210606_194943,7,2,0.130307,1.4167,3.2538,1.44274,-113.205,-2.40458,5.92106,5.74757,50.0,-2.57361,0.750413,17.2119,-31.3264,R
20210606HHNC0,2021,7,top,76,8,4번타자 노시환,69737,노시환,62966,최금강,711,3,210606_195016,B,볼,142,직구,1,2,True,210606_195016,7,3,0.745976,1.4167,3.2538,1.44274,-128.982,-7.0237,10.778,5.3094,50.0,-2.27819,-15.5548,23.8479,-18.4819,R
20210606HHNC0,2021,7,top,76,8,4번타자 노시환,69737,노시환,62966,최금강,712,4,210606_195039,B,볼,124,슬라이더,2,2,True,210606_195039,7,4,1.49326,1.4167,3.2538,1.44274,-112.376,-7.7696,8.90919,5.38972,50.0,-2.42994,-0.676316,17.5201,-29.0336,R
20210606HHNC0,2021,7,top,76,8,4번타자 노시환,69737,노시환,62966,최금강,713,5,210606_195117,B,볼,142,직구,3,2,True,210606_195117,7,5,0.940221,1.4167,3.2538,1.44274,-128.645,-7.86897,11.1053,5.38916,50.0,-2.34174,-14.0316,25.8857,-17.6195,R
20210606HHNC0,2021,7,top,76,8,4번타자 노시환,69737,노시환,62966,최금강,714,6,210606_195140,F,파울,141,투심,3,2,True,210606_195140,7,6,0.716895,1.4167,3.2538,1.44274,-127.64,-6.53202,10.971,5.46597,50.0,-2.46171,-14.9044,25.8301,-17.4477,R
20210606HHNC0,2021,7,top,76,8,4번타자 노시환,69737,노시환,62966,최금강,715,7,210606_195215,H,타격,142,투심,3,2,True,210606_195215,7,7,0.659877,1.4167,3.2538,1.44274,-129.107,-4.61198,10.5978,5.5134,50.0,-2.41462,-14.0674,26.684,-18.2522,R
20210606HHNC0,2021,7,top,77,9,5번타자 힐리,51725,힐리,62966,최금강,721,1,210606_195324,T,스트라이크,122,슬라이더,0,1,True,210606_195324,7,1,0.578138,1.4167,3.375,1.5,-110.551,-0.518454,6.82998,5.83185,50.0,-2.56579,0.444699,15.2041,-31.0333,R
20210606HHNC0,2021,7,top,77,9,5번타자 힐리,51725,힐리,62966,최금강,722,2,210606_195341,S,헛스윙,130,슬라이더,0,2,True,210606_195341,7,2,-0.069512,1.4167,3.375,1.5,-118.333,-5.06939,8.06466,5.73793,50.0,-2.29016,-13.4198,21.5671,-26.6096,R
20210606HHNC0,2021,7,top,77,9,5번타자 힐리,51725,힐리,62966,최금강,723,3,210606_195404,B,볼,115,슬라이더,1,2,True,210606_195404,7,3,0.214075,1.4167,3.375,1.5,-104.815,3.63284,4.80143,6.2144,50.0,-2.41128,2.66708,16.8491,-40.4465,R
20210606HHNC0,2021,7,top,77,9,5번타자 힐리,51725,힐리,62966,최금강,724,4,210606_195426,F,파울,123,슬라이더,1,2,True,210606_195426,7,4,1.30544,1.4167,3.375,1.5,-111.229,-2.82055,8.89153,5.69439,50.0,-2.38342,-3.20972,16.2623,-29.4571,R
20210606HHNC0,2021,7,top,77,9,5번타자 힐리,51725,힐리,62966,최금강,725,5,210606_195453,F,파울,141,직구,1,2,True,210606_195453,7,5,1.37461,1.4167,3.375,1.5,-127.616,-5.3117,12.3969,5.51234,50.0,-2.30939,-15.6827,25.9842,-17.9609,R
20210606HHNC0,2021,7,top,77,9,5번타자 힐리,51725,힐리,62966,최금강,726,6,210606_195520,B,볼,117,슬라이더,2,2,True,210606_195520,7,6,-0.740822,1.4167,3.375,1.5,-103.881,3.49259,2.13262,6.26801,50.0,-2.5464,6.41482,17.8814,-36.5562,R
20210606HHNC0,2021,7,top,77,9,5번타자 힐리,51725,힐리,62966,최금강,727,7,210606_195540,F,파울,121,슬라이더,2,2,True,210606_195540,7,7,-0.05561,1.4167,3.375,1.5,-112.451,0.05879,5.0125,5.7634,50.0,-2.52485,2.20048,18.3727,-32.4277,R
20210606HHNC0,2021,7,top,77,9,5번타자 힐리,51725,힐리,62966,최금강,728,8,210606_195606,F,파울,140,투심,2,2,True,210606_195606,7,8,1.23539,1.4167,3.375,1.5,-127.227,-6.29531,11.5899,5.35682,50.0,-2.29567,-13.6764,26.2844,-20.7643,R
20210606HHNC0,2021,7,top,77,9,5번타자 힐리,51725,힐리,62966,최금강,729,9,210606_195633,S,헛스윙,125,슬라이더,2,3,True,210606_195633,7,9,2.30326,1.4167,3.375,1.5,-113.57,-6.54026,10.7687,5.50918,50.0,-2.28806,-1.9737,19.1766,-28.8868,R
20210606HHNC0,2021,7,top,78,10,6번타자 정진호,61208,정진호,62966,최금강,732,1,210606_195724,T,스트라이크,123,슬라이더,0,1,True,210606_195724,7,1,-0.897758,1.4167,3.43556,1.65658,-111.414,-2.35117,4.28446,5.6802,50.0,-2.75625,-0.700239,15.6968,-29.8306,L
20210606HHNC0,2021,7,top,78,10,6번타자 정진호,61208,정진호,62966,최금강,733,2,210606_195742,S,헛스윙,122,슬라이더,0,2,True,210606_195742,7,2,-0.272019,1.4167,3.43556,1.65658,-117.689,-4.50751,7.67528,5.63313,50.0,-2.6346,-10.0853,19.9765,-26.4967,L
20210606HHNC0,2021,7,top,78,10,6번타자 정진호,61208,정진호,62966,최금강,734,3,210606_195802,H,타격,131,슬라이더,0,2,True,210606_195802,7,3,-0.504894,1.4167,3.43556,1.65658,-118.342,-5.05409,7.56367,5.60168,50.0,-2.5968,-12.4818,21.4342,-24.8874,L
20210606HHNC0,2021,7,top,79,11,7번타자 장운호,63700,장운호,62966,최금강,738,1,210606_195854,T,스트라이크,120,슬라이더,0,1,True,210606_195854,7,1,0.152013,1.4167,3.375,1.5,-108.511,-0.056934,6.48028,5.89496,50.0,-2.47307,-3.57649,17.0312,-29.5894,R
20210606HHNC0,2021,7,top,79,11,7번타자 장운호,63700,장운호,62966,최금강,739,2,210606_195916,B,볼,139,투심,1,1,True,210606_195916,7,2,1.29678,1.4167,3.375,1.5,-125.014,-9.18344,12.4132,5.35576,50.0,-2.25416,-17.8701,22.0111,-15.7332,R
20210606HHNC0,2021,7,top,79,11,7번타자 장운호,63700,장운호,62966,최금강,742,3,210606_200047,B,볼,123,슬라이더,2,1,True,210606_200047,7,3,1.86027,1.4167,3.375,1.5,-111.576,-2.85365,10.0421,5.76914,50.0,-2.25335,-4.16436,18.1014,-30.6767,R
20210606HHNC0,2021,7,top,79,11,7번타자 장운호,63700,장운호,62966,최금강,743,4,210606_200112,B,볼,122,슬라이더,3,1,True,210606_200112,7,4,-0.529525,1.4167,3.375,1.5,-111.175,1.65751,4.82934,6.01457,50.0,-2.50297,-2.04988,16.3227,-30.9837,R
20210606HHNC0,2021,7,top,79,11,7번타자 장운호,63700,장운호,62966,최금강,744,5,210606_200136,T,스트라이크,121,슬라이더,3,2,True,210606_200136,7,5,0.542276,1.4167,3.375,1.5,-110.259,0.070259,6.52661,5.82183,50.0,-2.38761,-0.497823,17.1645,-31.2086,R
20210606HHNC0,2021,7,top,79,11,7번타자 장운호,63700,장운호,62966,최금강,745,6,210606_200203,B,볼,124,슬라이더,4,2,True,210606_200203,7,6,0.677725,1.4167,3.375,1.5,-112.478,-2.46532,7.22642,5.77275,50.0,-2.3125,-2.3701,16.413,-30.3106,R
20210606HHNC0,2021,7,top,80,12,8번타자 조한민,69705,조한민,62655,홍성민,749,1,210606_200531,H,타격,118,포크,0,0,True,210606_200531,7,1,0.503024,1.4167,3.375,1.5,-107.533,1.03588,5.30757,5.73646,50.0,-1.12406,-7.88229,19.4647,-35.2333,R
20210606HHNC0,2021,7,top,81,13,9번타자 강상원,66710,강상원,62655,홍성민,754,1,210606_200656,S,헛스윙,137,직구,0,1,True,210606_200656,7,1,-0.730414,1.4167,3.13945,1.40992,-124.041,-6.4121,6.06108,5.43843,50.0,-1.75104,-17.4183,27.5513,-21.3702,L
20210606HHNC0,2021,7,top,81,13,9번타자 강상원,66710,강상원,62655,홍성민,755,2,210606_200739,B,볼,124,포크,1,1,True,210606_200739,7,2,-0.201815,1.4167,3.13945,1.40992,-112.885,-5.08465,6.27115,5.4798,50.0,-1.51116,-14.9387,22.1502,-27.1307,L
20210606HHNC0,2021,7,top,81,13,9번타자 강상원,66710,강상원,62655,홍성민,757,3,210606_200822,B,볼,125,체인지업,2,1,True,210606_200822,7,3,-1.14449,1.4167,3.13945,1.40992,-113.554,1.37055,3.85528,5.69458,50.0,-1.66721,-12.0015,22.8536,-30.6627,L
20210606HHNC0,2021,7,top,81,13,9번타자 강상원,66710,강상원,62655,홍성민,758,4,210606_200849,H,타격,137,직구,2,1,True,210606_200849,7,4,-0.691818,1.4167,3.13945,1.40992,-123.984,-3.47234,6.23312,5.56496,50.0,-1.71303,-18.2595,26.4006,-22.8914,L
20210606HHNC0,2021,7,bottom,83,1,6번타자 박석민,74465,박석민,50705,강재민,764,1,210606_201124,B,볼,141,직구,1,0,True,210606_201124,7,1,-0.545494,1.4167,3.44358,1.68261,-128.212,1.00244,4.20543,4.66791,50.0,-1.42966,-9.95088,22.7747,-23.5846,R
20210606HHNC0,2021,7,bottom,83,1,6번타자 박석민,74465,박석민,50705,강재민,765,2,210606_201140,B,볼,139,직구,2,0,True,210606_201140,7,2,1.06033,1.4167,3.44358,1.68261,-126.433,-0.576009,7.70471,4.51184,50.0,-1.28028,-9.17679,22.279,-24.4318,R
20210606HHNC0,2021,7,bottom,83,1,6번타자 박석민,74465,박석민,50705,강재민,766,3,210606_201155,T,스트라이크,124,슬라이더,2,1,True,210606_201155,7,3,0.256904,1.4167,3.44358,1.68261,-112.592,2.53426,2.89544,4.34486,50.0,-1.74836,7.09699,17.8117,-30.4266,R
20210606HHNC0,2021,7,bottom,83,1,6번타자 박석민,74465,박석민,50705,강재민,767,4,210606_201208,T,스트라이크,126,슬라이더,2,2,True,210606_201208,7,4,0.058816,1.4167,3.44358,1.68261,-114.465,3.20902,2.65962,4.30263,50.0,-1.68744,5.99529,17.502,-29.6034,R
20210606HHNC0,2021,7,bottom,83,1,6번타자 박석민,74465,박석민,50705,강재민,768,5,210606_201223,F,파울,128,슬라이더,2,2,True,210606_201223,7,5,-0.008933,1.4167,3.44358,1.68261,-115.927,3.73548,2.63969,4.37486,50.0,-1.79405,6.79261,18.3131,-29.9613,R
20210606HHNC0,2021,7,bottom,83,1,6번타자 박석민,74465,박석민,50705,강재민,769,6,210606_201243,H,타격,129,슬라이더,2,2,True,210606_201243,7,6,1.34757,1.4167,3.44358,1.68261,-117.042,1.56602,5.49579,4.30866,50.0,-1.43366,4.47985,19.4853,-30.7809,R
20210606HHNC0,2021,7,bottom,84,2,7번타자 노진혁,62931,노진혁,50705,강재민,772,1,210606_201323,T,스트라이크,140,직구,0,1,True,210606_201323,7,1,-0.220758,1.4167,3.48005,1.65919,-129.346,-2.92491,5.50137,4.39753,50.0,-1.51022,-11.2679,25.6899,-21.3698,L
20210606HHNC0,2021,7,bottom,84,2,7번타자 노진혁,62931,노진혁,50705,강재민,773,2,210606_201337,B,볼,126,슬라이더,1,1,True,210606_201337,7,2,0.930029,1.4167,3.48005,1.65919,-114.394,1.08166,4.8499,4.15354,50.0,-1.70128,5.05361,19.3433,-29.3171,L
20210606HHNC0,2021,7,bottom,84,2,7번타자 노진혁,62931,노진혁,50705,강재민,774,3,210606_201401,S,헛스윙,123,슬라이더,1,2,True,210606_201401,7,3,0.679618,1.4167,3.48005,1.65919,-111.142,1.99657,3.7356,4.22815,50.0,-1.63778,5.93522,19.6999,-30.2825,L
20210606HHNC0,2021,7,bottom,84,2,7번타자 노진혁,62931,노진혁,50705,강재민,775,4,210606_201415,F,파울,140,직구,1,2,True,210606_201415,7,4,-0.748816,1.4167,3.48005,1.65919,-132.061,-2.15296,4.24851,4.63191,50.0,-1.39414,-13.3719,29.2745,-22.6755,L
20210606HHNC0,2021,7,bottom,84,2,7번타자 노진혁,62931,노진혁,50705,강재민,776,5,210606_201434,B,볼,128,슬라이더,2,2,True,210606_201434,7,5,-0.073261,1.4167,3.48005,1.65919,-116.016,-0.44374,4.07267,4.14035,50.0,-2.20067,3.59787,22.9662,-29.2535,L
20210606HHNC0,2021,7,bottom,84,2,7번타자 노진혁,62931,노진혁,50705,강재민,777,6,210606_201448,H,타격,126,슬라이더,2,2,True,210606_201448,7,6,-0.133545,1.4167,3.48005,1.65919,-114.139,1.41496,4.03416,4.17473,50.0,-2.21201,2.92806,20.9859,-27.1655,L
20210606HHNC0,2021,7,bottom,85,3,8번타자 강진성,62925,강진성,50705,강재민,780,1,210606_201549,B,볼,141,직구,1,0,True,210606_201549,7,1,0.022546,1.4167,3.17774,1.45809,-128.208,2.18618,4.21123,4.73383,50.0,-1.35624,-3.65177,26.5222,-24.5897,R
20210606HHNC0,2021,7,bottom,85,3,8번타자 강진성,62925,강진성,50705,강재민,781,2,210606_201609,H,타격,140,직구,1,0,True,210606_201609,7,2,0.349788,1.4167,3.17774,1.45809,-126.811,0.399036,6.04481,4.51439,50.0,-1.38801,-8.42779,23.534,-24.0703,R
20210606HHNC0,2021,7,bottom,86,4,9번타자 김태군,78122,김태군,50705,강재민,784,1,210606_201653,B,볼,143,직구,1,0,True,210606_201653,7,1,1.06142,1.4167,3.25736,1.65989,-129.933,-2.17008,7.6057,4.56757,50.0,-1.16287,-9.71973,26.3584,-19.4279,R
20210606HHNC0,2021,7,bottom,86,4,9번타자 김태군,78122,김태군,50705,강재민,785,2,210606_201714,T,스트라이크,122,슬라이더,1,1,True,210606_201714,7,2,0.239636,1.4167,3.25736,1.65989,-110.718,4.71826,3.09454,4.35684,50.0,-1.71261,5.09693,20.3308,-31.8918,R
20210606HHNC0,2021,7,bottom,86,4,9번타자 김태군,78122,김태군,50705,강재민,786,3,210606_201733,T,스트라이크,142,직구,1,2,True,210606_201733,7,3,0.920328,1.4167,3.25736,1.65989,-129.656,-2.2247,6.61408,4.61905,50.0,-1.19738,-6.03901,25.1372,-22.0508,R
20210606HHNC0,2021,7,bottom,86,4,9번타자 김태군,78122,김태군,50705,강재민,787,4,210606_201758,H,타격,128,슬라이더,1,2,True,210606_201758,7,4,0.570585,1.4167,3.25736,1.65989,-116.575,1.47233,3.62655,4.34334,50.0,-1.53626,5.57612,22.7995,-29.9136,R
20210606HHNC0,2021,8,top,88,1,1번타자 정은원,68743,정은원,63959,임정호,793,1,210606_202034,T,스트라이크,128,슬라이더,0,1,True,210606_202034,8,1,0.379927,1.4167,3.25336,1.56794,-116.227,-1.0698,-0.713277,5.23502,50.0,1.13672,-4.73551,20.258,-27.3418,L
20210606HHNC0,2021,8,top,88,1,1번타자 정은원,68743,정은원,63959,임정호,794,2,210606_202049,T,스트라이크,115,커브,0,2,True,210606_202049,8,2,0.23243,1.4167,3.25336,1.56794,-103.055,1.73004,0.496476,5.47926,50.0,1.11839,-9.38612,16.4085,-35.255,L
20210606HHNC0,2021,8,top,88,1,1번타자 정은원,68743,정은원,63959,임정호,795,3,210606_202108,S,헛스윙,128,슬라이더,0,3,True,210606_202108,8,3,-0.816355,1.4167,3.25336,1.56794,-116.854,-0.875742,-2.79181,5.10118,50.0,0.957184,-6.09035,20.16,-28.0762,L
20210606HHNC0,2021,8,top,89,2,2번타자 허관회,69706,허관회,63959,임정호,798,1,210606_202142,B,볼,127,슬라이더,1,0,True,210606_202142,8,1,1.40576,1.4167,3.375,1.5,-115.629,0.163944,1.39314,5.20788,50.0,1.30974,-5.37512,19.8458,-27.7179,R
20210606HHNC0,2021,8,top,89,2,2번타자 허관회,69706,허관회,63959,임정호,799,2,210606_202155,T,스트라이크,128,슬라이더,1,1,True,210606_202155,8,2,0.76125,1.4167,3.375,1.5,-115.992,-0.212086,-0.029804,5.12451,50.0,1.25401,-5.04253,21.1734,-26.4231,R
20210606HHNC0,2021,8,top,89,2,2번타자 허관회,69706,허관회,63959,임정호,800,3,210606_202211,B,볼,137,투심,2,1,True,210606_202211,8,3,1.14936,1.4167,3.375,1.5,-124.672,0.072312,-2.78247,5.24365,50.0,1.21297,12.9157,25.5719,-26.5244,R
20210606HHNC0,2021,8,top,89,2,2번타자 허관회,69706,허관회,63959,임정호,801,4,210606_202229,B,볼,127,슬라이더,3,1,True,210606_202229,8,4,0.861275,1.4167,3.375,1.5,-115.463,-1.15932,0.141706,5.02988,50.0,1.23189,-4.49291,21.78,-28.3762,R
20210606HHNC0,2021,8,top,89,2,2번타자 허관회,69706,허관회,63959,임정호,802,5,210606_202252,B,볼,128,슬라이더,4,1,True,210606_202252,8,5,0.991073,1.4167,3.375,1.5,-117.002,-0.363014,0.890088,5.18404,50.0,1.31334,-7.58203,20.6792,-27.8567,R
20210606HHNC0,2021,8,top,90,3,3번타자 하주석,62700,하주석,63959,임정호,805,1,210606_202341,H,타격,128,슬라이더,0,0,True,210606_202341,8,1,0.210197,1.4167,3.44362,1.61344,-116.614,-1.24679,-0.731906,5.09234,50.0,1.12063,-6.29121,21.6225,-29.9037,L
20210606HHNC0,2021,8,top,92,4,5번타자 힐리,51725,힐리,76118,원종현,556,1,210606_202809,T,스트라이크,137,슬라이더,0,1,True,210606_202809,8,1,-0.015827,1.4167,3.375,1.5,-124.615,-1.90981,2.15712,4.90918,50.0,-1.0509,2.01181,21.2986,-28.7953,R
20210606HHNC0,2021,8,top,92,4,5번타자 힐리,51725,힐리,76118,원종현,557,2,210606_202835,H,타격,148,투심,0,1,True,210606_202835,8,2,-0.607091,1.4167,3.375,1.5,-134.621,-4.01989,2.05198,4.8869,50.0,-0.87229,-7.17163,27.1235,-18.7756,R
20210606HHNC0,2021,8,top,93,5,6번타자 노수광,63704,노수광,76118,원종현,564,1,210606_203015,T,스트라이크,136,슬라이더,0,1,True,210606_203015,8,1,-0.321377,1.4167,3.19845,1.33072,-123.386,-1.18698,0.927056,5.01492,50.0,-1.08108,4.54585,22.6519,-27.8483,L
20210606HHNC0,2021,8,top,93,5,6번타자 노수광,63704,노수광,76118,원종현,565,2,210606_203040,F,파울,146,투심,0,2,True,210606_203040,8,2,-0.112077,1.4167,3.19845,1.33072,-125.151,-0.583567,1.77244,5.11234,50.0,-0.991407,2.10172,19.7068,-26.7504,L
20210606HHNC0,2021,8,top,93,5,6번타자 노수광,63704,노수광,76118,원종현,566,3,210606_203114,B,볼,150,직구,1,2,True,210606_203114,8,3,1.0374,1.4167,3.19845,1.33072,-135.662,-4.11601,6.16535,4.82951,50.0,-0.794668,-6.74001,29.6388,-18.4992,L
20210606HHNC0,2021,8,top,93,5,6번타자 노수광,63704,노수광,76118,원종현,568,4,210606_203145,B,볼,150,직구,2,2,True,210606_203145,8,4,0.42593,1.4167,3.19845,1.33072,-136.232,-5.87321,4.74111,4.72402,50.0,-0.893884,-6.39169,29.0312,-18.9833,L
20210606HHNC0,2021,8,top,93,5,6번타자 노수광,63704,노수광,76118,원종현,569,5,210606_203213,F,파울,149,투심,2,2,True,210606_203213,8,5,0.448756,1.4167,3.19845,1.33072,-135.536,-5.88909,4.75993,4.69572,50.0,-0.84855,-6.89346,29.4833,-19.929,L
20210606HHNC0,2021,8,top,93,5,6번타자 노수광,63704,노수광,76118,원종현,570,6,210606_203249,B,볼,149,투심,3,2,True,210606_203249,8,6,0.980761,1.4167,3.19845,1.33072,-135.145,-5.49965,6.12091,4.77258,50.0,-0.742859,-8.05793,26.8615,-21.4077,L
20210606HHNC0,2021,8,top,93,5,6번타자 노수광,63704,노수광,76118,원종현,571,7,210606_203320,S,헛스윙,139,슬라이더,3,3,True,210606_203320,8,7,0.310479,1.4167,3.19845,1.33072,-126.848,-6.90181,2.62503,4.73569,50.0,-1.00302,3.25195,28.1708,-24.6367,L
20210606HHNC0,2021,8,bottom,95,1,1번타자 박민우,62907,박민우,50705,강재민,576,1,210606_203543,B,볼,140,직구,1,0,True,210606_203543,8,1,-0.791234,1.4167,3.44209,1.72864,-127.286,0.105226,4.74857,4.64595,50.0,-2.01712,-8.35001,23.4091,-22.4401,L
20210606HHNC0,2021,8,bottom,95,1,1번타자 박민우,62907,박민우,50705,강재민,577,2,210606_203557,H,타격,140,직구,1,0,True,210606_203557,8,2,0.064468,1.4167,3.44209,1.72864,-127.411,-0.117994,5.71523,4.61746,50.0,-1.97247,-2.91492,24.6141,-21.9904,L
20210606HHNC0,2021,8,bottom,96,2,2번타자 이명기,76849,이명기,50705,강재민,580,1,210606_203628,B,볼,140,직구,1,0,True,210606_203628,8,1,1.17279,1.4167,3.38437,1.6246,-127.503,-3.08902,9.48077,4.39782,50.0,-1.79975,-9.94562,23.7783,-19.6493,L
20210606HHNC0,2021,8,bottom,96,2,2번타자 이명기,76849,이명기,50705,강재민,581,2,210606_203640,T,스트라이크,140,직구,1,1,True,210606_203640,8,2,-0.202854,1.4167,3.38437,1.6246,-126.542,-1.28043,5.87907,4.5284,50.0,-1.92804,-7.75318,22.1542,-20.7605,L
20210606HHNC0,2021,8,bottom,96,2,2번타자 이명기,76849,이명기,50705,강재민,582,3,210606_203654,B,볼,122,슬라이더,2,1,True,210606_203654,8,3,-1.31506,1.4167,3.38437,1.6246,-113.587,2.68193,1.6448,4.32543,50.0,-2.41839,3.77522,19.059,-27.0436,L
20210606HHNC0,2021,8,bottom,96,2,2번타자 이명기,76849,이명기,50705,강재민,583,4,210606_203707,T,스트라이크,141,직구,2,2,True,210606_203707,8,4,-0.72521,1.4167,3.38437,1.6246,-128.065,-0.381833,4.78271,4.53123,50.0,-1.9017,-9.11238,23.3573,-20.8028,L
20210606HHNC0,2021,8,bottom,96,2,2번타자 이명기,76849,이명기,50705,강재민,584,5,210606_203723,S,헛스윙,125,슬라이더,2,3,True,210606_203723,8,5,-0.595391,1.4167,3.38437,1.6246,-113.606,2.77628,2.9451,4.26984,50.0,-2.30464,4.08359,18.6506,-28.6337,L
20210606HHNC0,2021,8,bottom,97,3,3번타자 정진기,61869,정진기,50705,강재민,587,1,210606_203758,B,볼,124,슬라이더,1,0,True,210606_203758,8,1,-1.28396,1.4167,3.51645,1.77468,-112.246,2.68719,1.30016,4.24117,50.0,-2.38839,5.1753,17.7195,-29.2087,L
20210606HHNC0,2021,8,bottom,97,3,3번타자 정진기,61869,정진기,50705,강재민,588,2,210606_203813,T,스트라이크,123,슬라이더,1,1,True,210606_203813,8,2,-0.229019,1.4167,3.51645,1.77468,-111.343,0.860807,2.85152,4.20727,50.0,-2.30986,7.71749,17.6455,-26.5381,L
20210606HHNC0,2021,8,bottom,97,3,3번타자 정진기,61869,정진기,50705,강재민,589,3,210606_203829,F,파울,141,직구,1,2,True,210606_203829,8,3,0.563807,1.4167,3.51645,1.77468,-128.265,0.513288,7.42233,4.54158,50.0,-1.70015,-8.45654,23.6414,-23.6084,L
20210606HHNC0,2021,8,bottom,97,3,3번타자 정진기,61869,정진기,50705,강재민,590,4,210606_203900,B,볼,128,슬라이더,2,2,True,210606_203900,8,4,-1.41377,1.4167,3.51645,1.77468,-116.289,1.4624,1.47564,4.22441,50.0,-2.42717,3.96955,19.7141,-26.4683,L
20210606HHNC0,2021,8,bottom,97,3,3번타자 정진기,61869,정진기,50705,강재민,591,5,210606_203917,F,파울,128,슬라이더,2,2,True,210606_203917,8,5,-0.980023,1.4167,3.51645,1.77468,-115.896,1.06541,2.52553,4.13382,50.0,-2.29584,2.27258,20.0636,-27.8217,L
20210606HHNC0,2021,8,bottom,97,3,3번타자 정진기,61869,정진기,50705,강재민,592,6,210606_203942,F,파울,126,슬라이더,2,2,True,210606_203942,8,6,0.874986,1.4167,3.51645,1.77468,-116.226,2.49557,6.06379,4.35165,50.0,-2.06417,3.14348,21.4832,-28.9486,L
20210606HHNC0,2021,8,bottom,97,3,3번타자 정진기,61869,정진기,50705,강재민,593,7,210606_204008,F,파울,141,직구,2,2,True,210606_204008,8,7,-0.267385,1.4167,3.51645,1.77468,-128.72,-1.42448,5.67332,4.53312,50.0,-1.80745,-8.93249,26.1335,-20.2823,L
20210606HHNC0,2021,8,bottom,97,3,3번타자 정진기,61869,정진기,50705,강재민,594,8,210606_204033,H,타격,126,슬라이더,2,2,True,210606_204033,8,8,-0.087698,1.4167,3.51645,1.77468,-113.957,0.162745,2.89647,4.19667,50.0,-2.16468,8.01076,20.648,-29.3502,L
20210606HHNC0,2021,8,bottom,100,4,대타 박준영,66928,박준영,74857,정우람,601,1,210606_204422,B,볼,117,체인지업,1,0,True,210606_204422,8,1,1.29078,1.4167,3.375,1.5,-106.291,1.42738,-3.56546,6.20378,50.0,2.19705,6.98455,19.1254,-24.9312,R
20210606HHNC0,2021,8,bottom,100,4,대타 박준영,66928,박준영,74857,정우람,602,2,210606_204447,S,헛스윙,117,체인지업,1,1,True,210606_204447,8,2,1.16768,1.4167,3.375,1.5,-106.193,-1.07239,-4.39435,5.99779,50.0,2.32617,8.24758,19.4582,-25.3434,R
20210606HHNC0,2021,8,bottom,100,4,대타 박준영,66928,박준영,74857,정우람,603,3,210606_204522,B,볼,118,체인지업,2,1,True,210606_204522,8,3,1.23576,1.4167,3.375,1.5,-106.68,0.481859,-3.87734,6.09263,50.0,2.26152,7.23757,19.5342,-24.7742,R
20210606HHNC0,2021,8,bottom,100,4,대타 박준영,66928,박준영,74857,정우람,604,4,210606_204549,H,타격,120,체인지업,2,1,True,210606_204549,8,4,0.7086,1.4167,3.375,1.5,-108.889,-3.37317,-5.12221,5.88726,50.0,2.21725,8.08129,19.3112,-21.7926,R
20210606HHNC0,2021,9,top,102,1,7번타자 장운호,63700,장운호,76118,원종현,612,1,210606_204801,B,볼,135,슬라이더,1,0,True,210606_204801,9,1,0.580543,1.4167,3.375,1.5,-123.13,1.647,3.16648,5.12858,50.0,-0.889162,1.96009,24.8733,-24.8289,R
20210606HHNC0,2021,9,top,102,1,7번타자 장운호,63700,장운호,76118,원종현,613,2,210606_204816,B,볼,133,슬라이더,2,0,True,210606_204816,9,2,-1.00002,1.4167,3.375,1.5,-120.693,1.42455,-0.904061,5.07606,50.0,-0.94034,3.63633,22.4664,-30.5596,R
20210606HHNC0,2021,9,top,102,1,7번타자 장운호,63700,장운호,76118,원종현,614,3,210606_204833,B,볼,147,직구,3,0,True,210606_204833,9,3,0.790698,1.4167,3.375,1.5,-132.359,-5.30443,5.7175,4.73257,50.0,-0.666253,-9.96251,26.8884,-19.6072,R
20210606HHNC0,2021,9,top,102,1,7번타자 장운호,63700,장운호,76118,원종현,615,4,210606_204850,T,스트라이크,146,직구,3,1,True,210606_204850,9,4,0.498375,1.4167,3.375,1.5,-132.537,-3.31988,4.7167,4.87687,50.0,-0.805097,-6.81991,27.4776,-18.7877,R
20210606HHNC0,2021,9,top,102,1,7번타자 장운호,63700,장운호,76118,원종현,616,5,210606_204905,S,헛스윙,148,직구,3,2,True,210606_204905,9,5,1.12934,1.4167,3.375,1.5,-134.617,-4.88665,6.98738,4.74733,50.0,-0.764901,-10.3242,26.9351,-19.8338,R
20210606HHNC0,2021,9,top,102,1,7번타자 장운호,63700,장운호,76118,원종현,617,6,210606_204924,B,볼,147,투심,4,2,True,210606_204924,9,6,0.736841,1.4167,3.375,1.5,-133.488,-6.81984,5.48826,4.71095,50.0,-0.672555,-9.33946,28.0658,-18.1023,R
20210606HHNC0,2021,9,top,103,2,8번타자 조한민,69705,조한민,76118,원종현,620,1,210606_205010,S,헛스윙,137,슬라이더,0,1,True,210606_205010,9,1,0.343326,1.4167,3.375,1.5,-124.325,0.555192,2.23811,5.02786,50.0,-0.820358,3.05887,24.1246,-28.5999,R
20210606HHNC0,2021,9,top,103,2,8번타자 조한민,69705,조한민,76118,원종현,621,2,210606_205038,H,타격,138,슬라이더,0,1,True,210606_205038,9,2,0.06926,1.4167,3.375,1.5,-125.553,-1.56735,1.95537,4.88605,50.0,-0.941796,2.74633,24.822,-29.011,R
20210606HHNC0,2021,9,top,104,3,9번타자 강상원,66710,강상원,76118,원종현,625,1,210606_205141,B,볼,136,슬라이더,1,0,True,210606_205141,9,1,-1.97099,1.4167,3.13945,1.40992,-122.24,3.18069,-2.45303,5.0177,50.0,-1.2256,3.15279,23.6474,-32.1726,L
20210606HHNC0,2021,9,top,104,3,9번타자 강상원,66710,강상원,76118,원종현,626,2,210606_205205,H,타격,146,투심,1,0,True,210606_205205,9,2,0.135577,1.4167,3.13945,1.40992,-132.779,-4.20146,4.22853,4.72304,50.0,-0.814875,-9.092,26.0576,-18.9118,L
20210606HHNC0,2021,9,top,105,4,1번타자 정은원,68743,정은원,65949,류진욱,632,1,210606_205518,B,볼,144,직구,1,0,True,210606_205518,9,1,0.496792,1.4167,3.25336,1.56794,-131.245,-5.44299,7.81236,5.76546,50.0,-1.81401,-9.44175,27.3466,-14.6402,L
20210606HHNC0,2021,9,top,105,4,1번타자 정은원,68743,정은원,65949,류진욱,634,2,210606_205558,F,파울,144,직구,1,1,True,210606_205558,9,2,-0.151558,1.4167,3.25336,1.56794,-131.441,-5.59557,6.13045,5.62652,50.0,-1.94597,-7.6155,26.5583,-12.2198,L
20210606HHNC0,2021,9,top,105,4,1번타자 정은원,68743,정은원,65949,류진욱,635,3,210606_205636,B,볼,137,체인지업,2,1,True,210606_205636,9,3,1.93512,1.4167,3.25336,1.56794,-123.921,-11.5822,12.6366,5.34094,50.0,-1.74471,-17.6915,22.8817,-16.9978,L
20210606HHNC0,2021,9,top,105,4,1번타자 정은원,68743,정은원,65949,류진욱,638,4,210606_205718,H,타격,145,직구,2,1,True,210606_205718,9,4,-0.931763,1.4167,3.25336,1.56794,-131.994,-6.50901,5.31606,5.57948,50.0,-2.0807,-12.1012,27.9691,-15.1349,L
20210606HHNC0,2021,9,top,106,5,2번타자 최재훈,78288,최재훈,65949,류진욱,641,1,210606_205813,W,번트파울,143,직구,0,1,True,210606_205813,9,1,0.405995,1.4167,3.23055,1.60512,-129.881,-5.01922,7.63688,5.43806,50.0,-2.09734,-6.15183,25.05,-19.0498,R
20210606HHNC0,2021,9,top,106,5,2번타자 최재훈,78288,최재훈,65949,류진욱,642,2,210606_205849,F,파울,145,직구,0,2,True,210606_205849,9,2,0.710177,1.4167,3.23055,1.60512,-131.799,-5.39195,8.69224,5.79884,50.0,-1.73997,-12.0839,28.8133,-12.5938,R
20210606HHNC0,2021,9,top,106,5,2번타자 최재훈,78288,최재훈,65949,류진욱,643,3,210606_205917,F,파울,146,직구,0,2,True,210606_205917,9,3,0.017556,1.4167,3.23055,1.60512,-132.803,-2.29077,7.23401,5.81045,50.0,-1.94599,-10.9763,29.9873,-15.2778,R
20210606HHNC0,2021,9,top,106,5,2번타자 최재훈,78288,최재훈,65949,류진욱,644,4,210606_205944,F,파울,149,직구,0,2,True,210606_205944,9,4,-0.507545,1.4167,3.23055,1.60512,-134.971,-6.32112,7.38289,5.45628,50.0,-2.23511,-14.803,28.7038,-16.1114,R
20210606HHNC0,2021,9,top,106,5,2번타자 최재훈,78288,최재훈,65949,류진욱,645,5,210606_210014,B,볼,140,커터,1,2,True,210606_210014,9,5,2.66252,1.4167,3.23055,1.60512,-126.562,-4.65321,12.6567,5.33988,50.0,-2.04229,-4.15929,22.1591,-21.7866,R
20210606HHNC0,2021,9,top,106,5,2번타자 최재훈,78288,최재훈,65949,류진욱,646,6,210606_210049,B,볼,137,커터,2,2,True,210606_210049,9,6,1.24988,1.4167,3.23055,1.60512,-123.699,-4.09169,11.0458,5.42533,50.0,-2.06943,-14.2169,21.582,-22.7955,R
20210606HHNC0,2021,9,top,106,5,2번타자 최재훈,78288,최재훈,65949,류진욱,647,7,210606_210120,F,파울,145,직구,2,2,True,210606_210120,9,7,-0.925561,1.4167,3.23055,1.60512,-131.928,-6.94353,5.28833,5.57642,50.0,-2.14481,-10.9784,25.0254,-15.1989,R
20210606HHNC0,2021,9,top,106,5,2번타자 최재훈,78288,최재훈,65949,류진욱,648,8,210606_210152,H,타격,136,커터,2,2,True,210606_210152,9,8,-0.258087,1.4167,3.23055,1.60512,-123.785,-1.34862,6.69902,5.71276,50.0,-2.03416,-11.4955,22.8473,-21.8181,R
20210606HHNC0,2021,9,top,107,6,3번타자 하주석,62700,하주석,65949,류진욱,652,1,210606_210253,H,타격,145,직구,0,0,True,210606_210253,9,1,0.044551,1.4167,3.44362,1.61344,-132.069,-6.16877,7.12533,5.61083,50.0,-1.8654,-11.1387,26.0444,-16.2526,L
20210606HHNC0,2021,9,top,108,7,4번타자 노시환,69737,노시환,65949,류진욱,655,1,210606_210349,B,볼,145,직구,1,0,True,210606_210349,9,1,0.259812,1.4167,3.2538,1.44274,-131.43,-1.26454,7.06331,5.75332,50.0,-1.80209,-8.91057,28.5243,-15.4017,R
20210606HHNC0,2021,9,top,108,7,4번타자 노시환,69737,노시환,65949,류진욱,656,2,210606_210414,F,파울,137,커터,1,1,True,210606_210414,9,2,-0.472422,1.4167,3.2538,1.44274,-124.089,-1.31673,4.35302,5.52115,50.0,-2.20266,-0.433548,21.3458,-22.9668,R
20210606HHNC0,2021,9,top,108,7,4번타자 노시환,69737,노시환,65949,류진욱,657,3,210606_210442,B,볼,138,커터,2,1,True,210606_210442,9,3,0.31785,1.4167,3.2538,1.44274,-125.393,-6.32738,6.20709,5.37291,50.0,-2.04074,-1.76081,24.0471,-22.7024,R
20210606HHNC0,2021,9,top,108,7,4번타자 노시환,69737,노시환,65949,류진욱,658,4,210606_210511,S,헛스윙,145,직구,2,2,True,210606_210511,9,4,0.075964,1.4167,3.2538,1.44274,-131.463,-5.92854,7.21126,5.60298,50.0,-1.93991,-10.257,27.2486,-15.9447,R
20210606HHNC0,2021,9,top,108,7,4번타자 노시환,69737,노시환,65949,류진욱,659,5,210606_210538,F,파울,145,직구,2,2,True,210606_210538,9,5,0.496767,1.4167,3.2538,1.44274,-131.695,-2.9705,8.64896,5.6484,50.0,-1.90909,-12.44,27.7331,-17.9323,R
20210606HHNC0,2021,9,top,108,7,4번타자 노시환,69737,노시환,65949,류진욱,660,6,210606_210617,B,볼,137,커터,3,2,True,210606_210617,9,6,0.882493,1.4167,3.2538,1.44274,-124.446,-7.4072,9.28204,5.38039,50.0,-1.75293,-13.7102,22.3916,-23.6529,R
20210606HHNC0,2021,9,top,108,7,4번타자 노시환,69737,노시환,65949,류진욱,662,7,210606_210658,B,볼,146,직구,4,2,True,210606_210658,9,7,-1.39075,1.4167,3.2538,1.44274,-132.741,-3.5496,4.65777,5.72467,50.0,-2.15693,-13.9014,25.9565,-14.4767,R
20210606HHNC0,2021,9,top,109,8,5번타자 힐리,51725,힐리,65949,류진욱,665,1,210606_210741,F,파울,144,직구,0,1,True,210606_210741,9,1,-0.165498,1.4167,3.375,1.5,-131.19,-6.19452,7.00871,5.52511,50.0,-1.90003,-13.0026,25.8397,-16.5273,R
20210606HHNC0,2021,9,top,109,8,5번타자 힐리,51725,힐리,65949,류진욱,666,2,210606_210809,B,볼,138,커터,1,1,True,210606_210809,9,2,-0.663905,1.4167,3.375,1.5,-120.696,2.85189,3.34672,5.51814,50.0,-2.30174,2.73329,21.4144,-28.4933,R
20210606HHNC0,2021,9,top,109,8,5번타자 힐리,51725,힐리,65949,류진욱,667,3,210606_210834,F,파울,145,직구,1,2,True,210606_210834,9,3,-0.083781,1.4167,3.375,1.5,-132.114,-5.00254,6.92237,5.54353,50.0,-1.95982,-10.6406,30.5019,-13.8999,R
20210606HHNC0,2021,9,top,109,8,5번타자 힐리,51725,힐리,65949,류진욱,668,4,210606_210906,F,파울,145,직구,1,2,True,210606_210906,9,4,-0.973483,1.4167,3.375,1.5,-131.923,-6.40008,5.07032,5.66307,50.0,-1.95169,-13.1402,28.8345,-14.6656,R
20210606HHNC0,2021,9,top,109,8,5번타자 힐리,51725,힐리,65949,류진욱,669,5,210606_210942,F,파울,144,직구,1,2,True,210606_210942,9,5,-0.295386,1.4167,3.375,1.5,-131.199,-1.37565,6.22799,5.81114,50.0,-1.95004,-10.0612,27.7764,-16.1336,R
20210606HHNC0,2021,9,top,109,8,5번타자 힐리,51725,힐리,65949,류진욱,670,6,210606_211015,H,타격,135,커터,1,2,True,210606_211015,9,6,-1.14952,1.4167,3.375,1.5,-122.321,-0.535158,4.99217,5.62972,50.0,-2.1522,-12.4161,24.3727,-23.1333,R
20210606HHNC0,2021,9,bottom,111,1,6번타자 박석민,74465,박석민,74857,정우람,674,1,210606_211243,T,스트라이크,137,직구,0,1,True,210606_211243,9,1,0.83002,1.4167,3.44358,1.68261,-119.686,-2.97936,-4.8389,5.72189,50.0,2.29116,6.55893,23.4864,-14.7364,R
20210606HHNC0,2021,9,bottom,111,1,6번타자 박석민,74465,박석민,74857,정우람,675,2,210606_211303,B,볼,134,투심,1,1,True,210606_211303,9,2,1.59348,1.4167,3.44358,1.68261,-121.791,-3.97695,-3.21356,5.71054,50.0,2.1792,8.67758,24.9237,-16.2729,R
20210606HHNC0,2021,9,bottom,111,1,6번타자 박석민,74465,박석민,74857,정우람,676,3,210606_211323,B,볼,125,슬라이더,2,1,True,210606_211323,9,3,0.907379,1.4167,3.44358,1.68261,-113.721,-1.28431,-2.97242,5.76643,50.0,2.33113,-1.00663,20.8441,-24.4665,R
20210606HHNC0,2021,9,bottom,111,1,6번타자 박석민,74465,박석민,74857,정우람,677,4,210606_211343,F,파울,122,체인지업,2,2,True,210606_211343,9,4,0.858548,1.4167,3.44358,1.68261,-110.551,-2.90997,-5.1188,5.88217,50.0,2.27973,8.80165,19.4474,-22.9469,R
20210606HHNC0,2021,9,bottom,111,1,6번타자 박석민,74465,박석민,74857,정우람,678,5,210606_211408,B,볼,138,직구,3,2,True,210606_211408,9,5,-0.731354,1.4167,3.44358,1.68261,-125.078,-2.7853,-9.12838,5.59006,50.0,2.07441,10.9555,27.4362,-16.8331,R
20210606HHNC0,2021,9,bottom,111,1,6번타자 박석민,74465,박석민,74857,정우람,679,6,210606_211429,H,타격,131,투심,3,2,True,210606_211429,9,6,0.392871,1.4167,3.44358,1.68261,-119.016,-3.63101,-5.85537,5.42545,50.0,2.17449,7.85425,23.2942,-20.2755,R
20210606HHNC0,2021,9,bottom,112,2,7번타자 노진혁,62931,노진혁,74857,정우람,682,1,210606_211524,B,볼,127,투심,1,0,True,210606_211524,9,1,1.5195,1.4167,3.48005,1.65919,-115.294,-1.04223,-3.97935,5.70162,50.0,2.28147,10.2167,22.1107,-21.2254,L
20210606HHNC0,2021,9,bottom,112,2,7번타자 노진혁,62931,노진혁,74857,정우람,683,2,210606_211541,B,볼,121,체인지업,2,0,True,210606_211541,9,2,0.621907,1.4167,3.48005,1.65919,-109.575,-1.40071,-5.4821,5.84707,50.0,2.20599,8.88112,18.5439,-22.3233,L
20210606HHNC0,2021,9,bottom,112,2,7번타자 노진혁,62931,노진혁,74857,정우람,684,3,210606_211603,T,스트라이크,129,투심,2,1,True,210606_211603,9,3,-0.296449,1.4167,3.48005,1.65919,-117.246,-3.76558,-7.99567,5.53786,50.0,2.08286,11.501,21.5266,-18.6657,L
20210606HHNC0,2021,9,bottom,112,2,7번타자 노진혁,62931,노진혁,74857,정우람,685,4,210606_211621,F,파울,135,직구,2,2,True,210606_211621,9,4,0.145176,1.4167,3.48005,1.65919,-122.61,-4.36273,-7.24751,5.45002,50.0,2.12406,11.9221,25.4699,-14.7978,L
20210606HHNC0,2021,9,bottom,112,2,7번타자 노진혁,62931,노진혁,74857,정우람,686,5,210606_211656,H,타격,137,직구,2,2,True,210606_211656,9,5,0.425441,1.4167,3.48005,1.65919,-124.061,-4.38063,-6.62112,5.48252,50.0,2.14563,11.8029,25.3026,-17.7897,L
20210606HHNC0,2021,9,bottom,113,3,8번타자 강진성,62925,강진성,74857,정우람,689,1,210606_211727,T,스트라이크,136,직구,0,1,True,210606_211727,9,1,0.931437,1.4167,3.17774,1.45809,-122.225,-4.75898,-5.55309,5.41643,50.0,2.25237,11.4302,25.9547,-14.484,R
20210606HHNC0,2021,9,bottom,113,3,8번타자 강진성,62925,강진성,74857,정우람,690,2,210606_211746,B,볼,134,직구,1,1,True,210606_211746,9,2,1.17526,1.4167,3.17774,1.45809,-121.195,-2.58027,-4.04211,5.66084,50.0,2.19357,7.68083,23.341,-17.1849,R
20210606HHNC0,2021,9,bottom,113,3,8번타자 강진성,62925,강진성,74857,정우람,691,3,210606_211803,B,볼,137,직구,2,1,True,210606_211803,9,3,1.54285,1.4167,3.17774,1.45809,-123.874,-4.27794,-3.79958,5.42253,50.0,2.18856,10.8701,23.0496,-19.6245,R
20210606HHNC0,2021,9,bottom,113,3,8번타자 강진성,62925,강진성,74857,정우람,692,4,210606_211822,H,타격,127,투심,2,1,True,210606_211822,9,4,0.415373,1.4167,3.17774,1.45809,-115.041,-1.369,-5.78499,5.77896,50.0,2.1416,8.43163,19.4431,-22.1221,R
20210606HHNC0,2021,9,bottom,114,4,9번타자 정범모,76720,정범모,74857,정우람,695,1,210606_211915,H,타격,127,슬라이더,0,0,True,210606_211915,9,1,-0.119912,1.4167,3.37901,1.5645,-115.737,-3.04608,-5.83678,5.55862,50.0,2.23983,1.9167,19.0986,-23.2495,R
20210512SSKT0,2021,1,top,1,1,1번타자 박해민,62415,박해민,64001,고영표,2,1,210512_182948,H,타격,132,직구,0,0,True,210512_182948,1,1,-0.831466,1.4167,3.10965,1.49851,-120.135,1.86997,6.36448,3.97265,50.0,-2.4452,-12.0055,20.8005,-32.216,L
20210512SSKT0,2021,1,top,2,2,2번타자 구자욱,62404,구자욱,64001,고영표,5,1,210512_183018,T,스트라이크,138,직구,0,1,True,210512_183018,1,1,-0.006195,1.4167,3.16058,1.42907,-125.637,1.88561,9.09202,3.92745,50.0,-2.38722,-15.7382,22.6064,-32.9202,L
20210512SSKT0,2021,1,top,2,2,2번타자 구자욱,62404,구자욱,64001,고영표,6,2,210512_183032,F,파울,138,직구,0,2,True,210512_183032,1,2,0.181633,1.4167,3.16058,1.42907,-125.272,3.5473,9.26389,4.03276,50.0,-2.36013,-14.6535,22.7141,-30.9754,L
20210512SSKT0,2021,1,top,2,2,2번타자 구자욱,62404,구자욱,64001,고영표,7,3,210512_183052,H,타격,121,체인지업,0,2,True,210512_183052,1,3,-0.277965,1.4167,3.16058,1.42907,-110.367,1.85037,6.5072,3.96274,50.0,-2.32907,-8.84778,18.249,-37.3837,L
20210512SSKT0,2021,1,top,3,3,3번타자 피렐라,51463,피렐라,64001,고영표,10,1,210512_183132,B,볼,140,직구,1,0,True,210512_183132,1,1,1.41114,1.4167,3.34572,1.5,-127.398,1.16253,12.0328,3.9789,50.0,-2.21915,-14.3696,21.897,-28.4735,R
20210512SSKT0,2021,1,top,3,3,3번타자 피렐라,51463,피렐라,64001,고영표,11,2,210512_183147,H,타격,139,직구,1,0,True,210512_183147,1,2,-0.273194,1.4167,3.34572,1.5,-126.26,1.84093,8.30822,3.9328,50.0,-2.29514,-16.2362,22.0319,-32.1839,R
20210512SSKT0,2021,1,top,4,4,4번타자 오재일,75334,오재일,64001,고영표,14,1,210512_183229,T,스트라이크,136,직구,0,1,True,210512_183229,1,1,0.295337,1.4167,3.56,1.64555,-123.903,1.70192,8.89863,4.08884,50.0,-2.18666,-13.6983,20.1021,-27.9533,L
20210512SSKT0,2021,1,top,4,4,4번타자 오재일,75334,오재일,64001,고영표,15,2,210512_183246,T,스트라이크,121,체인지업,0,2,True,210512_183246,1,2,0.251085,1.4167,3.56,1.64555,-110.128,4.36568,7.43834,4.16079,50.0,-2.10715,-9.97337,16.8371,-35.555,L
20210512SSKT0,2021,1,top,4,4,4번타자 오재일,75334,오재일,64001,고영표,18,3,210512_183334,F,파울,121,체인지업,0,2,True,210512_183334,1,3,0.24015,1.4167,3.56,1.64555,-110.493,2.01417,6.68904,3.93382,50.0,-2.2151,-5.585,13.8757,-36.8301,L
20210512SSKT0,2021,1,top,4,4,4번타자 오재일,75334,오재일,64001,고영표,19,4,210512_183358,B,볼,119,커브,1,2,True,210512_183358,1,4,1.98274,1.4167,3.56,1.64555,-108.073,3.23103,6.67064,3.70987,50.0,-2.25667,10.4726,15.8843,-31.3912,L
20210512SSKT0,2021,1,top,4,4,4번타자 오재일,75334,오재일,64001,고영표,20,5,210512_183424,B,볼,120,체인지업,2,2,True,210512_183424,1,5,-0.150472,1.4167,3.56,1.64555,-109.571,1.56827,6.78719,3.81559,50.0,-2.24061,-9.74905,16.9778,-38.2454,L
20210512SSKT0,2021,1,top,4,4,4번타자 오재일,75334,오재일,64001,고영표,21,6,210512_183451,T,스트라이크,139,직구,2,3,True,210512_183451,1,6,1.04193,1.4167,3.56,1.64555,-125.991,2.99843,10.8312,3.98639,50.0,-2.17327,-13.9261,21.7768,-31.6211,L
20210512SSKT0,2021,1,bottom,6,1,1번타자 조용호,64868,조용호,77446,백정현,25,1,210512_183714,T,스트라이크,129,투심,0,1,True,210512_183714,1,1,0.115847,1.4167,3.11166,1.36403,-117.333,-4.13613,-6.27259,5.74737,50.0,1.82458,10.6616,18.2597,-14.9371,L
20210512SSKT0,2021,1,bottom,6,1,1번타자 조용호,64868,조용호,77446,백정현,26,2,210512_183730,B,볼,131,투심,1,1,True,210512_183730,1,2,-0.495638,1.4167,3.11166,1.36403,-118.911,-2.22646,-7.23784,5.7607,50.0,1.72807,9.29383,16.7548,-16.2025,L
20210512SSKT0,2021,1,bottom,6,1,1번타자 조용호,64868,조용호,77446,백정현,27,3,210512_183747,F,파울,133,직구,1,2,True,210512_183747,1,3,-0.357013,1.4167,3.11166,1.36403,-120.414,-6.75059,-7.10828,5.58753,50.0,1.85076,8.66675,17.677,-13.6767,L
20210512SSKT0,2021,1,bottom,6,1,1번타자 조용호,64868,조용호,77446,백정현,28,4,210512_183810,B,볼,130,투심,2,2,True,210512_183810,1,4,1.64736,1.4167,3.11166,1.36403,-118.774,-4.64744,-2.8141,5.74413,50.0,1.88578,10.6927,15.0655,-12.9626,L
20210512SSKT0,2021,1,bottom,6,1,1번타자 조용호,64868,조용호,77446,백정현,29,5,210512_183828,H,타격,123,슬라이더,2,2,True,210512_183828,1,5,0.259509,1.4167,3.11166,1.36403,-112.382,-0.557626,-4.30602,5.79187,50.0,2.00152,1.80867,15.9035,-27.7834,L
20210512SSKT0,2021,1,bottom,7,2,2번타자 배정대,64166,배정대,77446,백정현,32,1,210512_183905,B,볼,132,직구,1,0,True,210512_183905,1,1,1.49615,1.4167,3.375,1.5,-119.871,-4.85642,-3.87458,5.64044,50.0,2.05265,12.1879,15.6274,-13.8736,R
20210512SSKT0,2021,1,bottom,7,2,2번타자 배정대,64166,배정대,77446,백정현,33,2,210512_183919,B,볼,124,체인지업,2,0,True,210512_183919,1,2,0.487343,1.4167,3.375,1.5,-112.947,-5.63416,-5.36406,5.51702,50.0,1.84595,10.3734,15.0913,-17.1497,R
20210512SSKT0,2021,1,bottom,7,2,2번타자 배정대,64166,배정대,77446,백정현,34,3,210512_183935,T,스트라이크,124,체인지업,2,1,True,210512_183935,1,3,0.794215,1.4167,3.375,1.5,-113.081,-2.06821,-6.14148,5.70173,50.0,1.85844,16.8637,16.7723,-21.3316,R
20210512SSKT0,2021,1,bottom,7,2,2번타자 배정대,64166,배정대,77446,백정현,35,4,210512_183952,B,볼,122,슬라이더,3,1,True,210512_183952,1,4,0.347687,1.4167,3.375,1.5,-110.988,-4.11282,-3.78086,5.62622,50.0,1.94025,1.13423,15.3352,-26.0917,R
20210512SSKT0,2021,1,bottom,7,2,2번타자 배정대,64166,배정대,77446,백정현,36,5,210512_184007,B,볼,133,직구,4,1,True,210512_184007,1,5,-0.861217,1.4167,3.375,1.5,-120.257,-7.37647,-8.27976,5.50491,50.0,1.8755,8.12021,15.3308,-13.6327,R
20210512SSKT0,2021,1,bottom,8,3,3번타자 강백호,68050,강백호,77446,백정현,39,1,210512_184057,B,볼,131,투심,1,0,True,210512_184057,1,1,1.3342,1.4167,3.375,1.5,-119.576,-4.1377,-4.24909,5.77275,50.0,1.7497,15.5727,16.1074,-15.0331,L
20210512SSKT0,2021,1,bottom,8,3,3번타자 강백호,68050,강백호,77446,백정현,40,2,210512_184119,B,볼,124,슬라이더,2,0,True,210512_184119,1,2,-1.05198,1.4167,3.375,1.5,-112.69,-4.56968,-6.84365,5.69676,50.0,1.75314,2.38749,15.0707,-25.8801,L
20210512SSKT0,2021,1,bottom,8,3,3번타자 강백호,68050,강백호,77446,백정현,41,3,210512_184206,F,파울,133,직구,2,1,True,210512_184206,1,3,0.442576,1.4167,3.375,1.5,-121.073,-3.9856,-5.92667,5.69696,50.0,1.83576,12.3929,20.6473,-11.9201,L
20210512SSKT0,2021,1,bottom,8,3,3번타자 강백호,68050,강백호,77446,백정현,42,4,210512_184238,T,스트라이크,133,직구,2,2,True,210512_184238,1,4,-0.478372,1.4167,3.375,1.5,-120.7,-3.28769,-7.6528,5.77003,50.0,1.6851,11.8162,19.9246,-14.9846,L
20210512SSKT0,2021,1,bottom,8,3,3번타자 강백호,68050,강백호,77446,백정현,43,5,210512_184319,F,파울,135,직구,2,2,True,210512_184319,1,5,0.670879,1.4167,3.375,1.5,-122.46,-6.9837,-5.12203,5.72921,50.0,1.71573,12.5542,19.1921,-10.297,L
20210512SSKT0,2021,1,bottom,8,3,3번타자 강백호,68050,강백호,77446,백정현,44,6,210512_184350,H,타격,134,직구,2,2,True,210512_184350,1,6,1.24659,1.4167,3.375,1.5,-121.74,-4.81579,-3.21589,5.72301,50.0,1.70694,10.1776,19.6384,-13.1522,L
20210512SSKT0,2021,1,bottom,9,4,4번타자 알몬테,51004,알몬테,77446,백정현,47,1,210512_184437,B,볼,123,슬라이더,1,0,True,210512_184437,1,1,0.396644,1.4167,3.375,1.5,-112.047,-3.69246,-4.77185,5.69114,50.0,2.01446,5.15369,14.8922,-28.5844,R
20210512SSKT0,2021,1,bottom,9,4,4번타자 알몬테,51004,알몬테,77446,백정현,48,2,210512_184459,H,타격,126,체인지업,1,0,True,210512_184459,1,2,0.428149,1.4167,3.375,1.5,-114.433,-1.41282,-5.6218,5.78737,50.0,1.76144,11.7814,18.595,-19.3106,R
20210512SSKT0,2021,2,top,11,1,5번타자 강민호,74540,강민호,64001,고영표,53,1,210512_184741,H,타격,134,직구,0,0,True,210512_184741,2,1,0.395263,1.4167,3.31319,1.66889,-121.935,2.20384,9.95136,3.97486,50.0,-2.49664,-14.3402,22.4629,-28.6767,R
20210512SSKT0,2021,2,top,12,2,6번타자 강한울,64610,강한울,64001,고영표,56,1,210512_184825,H,타격,135,직구,0,0,True,210512_184825,2,1,-0.292389,1.4167,3.26806,1.48482,-122.601,2.05605,7.86186,4.08829,50.0,-2.38543,-13.4526,20.2431,-29.2425,L
20210512SSKT0,2021,2,top,13,3,7번타자 송준석,64469,송준석,64001,고영표,60,1,210512_184908,B,볼,116,체인지업,1,0,True,210512_184908,2,1,-2.63032,1.4167,3.375,1.61777,-105.852,6.65806,1.91661,4.22908,50.0,-2.62852,-8.07725,15.4796,-36.9609,L
20210512SSKT0,2021,2,top,13,3,7번타자 송준석,64469,송준석,64001,고영표,61,2,210512_184929,S,헛스윙,117,체인지업,1,1,True,210512_184929,2,2,-0.36098,1.4167,3.375,1.61777,-106.629,1.85434,6.67107,4.06168,50.0,-2.44159,-9.57291,14.9283,-37.3087,L
20210512SSKT0,2021,2,top,13,3,7번타자 송준석,64469,송준석,64001,고영표,62,3,210512_184954,H,타격,112,커브,1,1,True,210512_184954,2,3,-0.501108,1.4167,3.375,1.61777,-101.598,3.57934,1.02801,4.04099,50.0,-2.54254,12.4733,14.4118,-32.3588,L
20210512SSKT0,2021,2,top,14,4,8번타자 김지찬,50458,김지찬,64001,고영표,66,1,210512_185113,B,볼,115,체인지업,1,0,True,210512_185113,2,1,-1.97704,1.4167,2.91765,1.38531,-104.49,3.42433,3.18785,4.17465,50.0,-2.46823,-8.98781,16.2754,-38.5162,L
20210512SSKT0,2021,2,top,14,4,8번타자 김지찬,50458,김지찬,64001,고영표,67,2,210512_185139,T,스트라이크,116,체인지업,1,1,True,210512_185139,2,2,-0.924149,1.4167,2.91765,1.38531,-105.686,3.27491,5.9185,4.13642,50.0,-2.46794,-11.2499,16.8876,-35.934,L
20210512SSKT0,2021,2,top,14,4,8번타자 김지찬,50458,김지찬,64001,고영표,68,3,210512_185204,F,파울,118,체인지업,1,2,True,210512_185204,2,3,0.153585,1.4167,2.91765,1.38531,-107.097,2.5223,7.62913,4.16409,50.0,-2.32778,-10.0428,17.3765,-36.4769,L
20210512SSKT0,2021,2,top,14,4,8번타자 김지찬,50458,김지찬,64001,고영표,69,4,210512_185251,B,볼,119,체인지업,2,2,True,210512_185251,2,4,0.385908,1.4167,2.91765,1.38531,-108.122,0.296895,7.9846,3.98274,50.0,-2.31382,-9.38834,16.1492,-35.6007,L
20210512SSKT0,2021,2,top,14,4,8번타자 김지찬,50458,김지찬,64001,고영표,70,5,210512_185322,F,파울,135,직구,2,2,True,210512_185322,2,5,-1.14648,1.4167,2.91765,1.38531,-123.051,2.23281,4.8777,4.09476,50.0,-2.34503,-9.52286,20.9404,-32.1688,L
20210512SSKT0,2021,2,top,14,4,8번타자 김지찬,50458,김지찬,64001,고영표,71,6,210512_185357,H,타격,118,체인지업,2,2,True,210512_185357,2,6,0.502312,1.4167,2.91765,1.38531,-106.855,1.85118,7.92974,4.06252,50.0,-2.20769,-9.24124,15.7685,-38.4614,L
20210512SSKT0,2021,2,top,15,5,9번타자 김상수,79402,김상수,64001,고영표,75,1,210512_185456,B,볼,118,체인지업,1,0,True,210512_185456,2,1,1.80729,1.4167,3.2185,1.514,-106.488,3.40376,10.9762,4.20262,50.0,-2.06363,-11.718,14.3214,-35.6492,R
20210512SSKT0,2021,2,top,15,5,9번타자 김상수,79402,김상수,64001,고영표,76,2,210512_185517,B,볼,112,커브,2,0,True,210512_185517,2,2,1.30719,1.4167,3.2185,1.514,-102.275,2.76056,5.2069,3.9676,50.0,-2.39386,9.57654,12.7589,-33.9453,R
20210512SSKT0,2021,2,top,15,5,9번타자 김상수,79402,김상수,64001,고영표,77,3,210512_185536,H,타격,136,직구,2,0,True,210512_185536,2,3,0.042638,1.4167,3.2185,1.514,-123.57,1.87111,8.72028,3.99381,50.0,-2.28155,-14.81,21.498,-31.8938,R
20210512SSKT0,2021,2,bottom,17,1,5번타자 장성우,78548,장성우,77446,백정현,81,1,210512_185824,T,스트라이크,128,체인지업,0,1,True,210512_185824,2,1,1.23668,1.4167,3.3043,1.51217,-116.438,-3.66867,-3.98672,5.7969,50.0,1.8408,12.0097,15.9343,-14.6732,R
20210512SSKT0,2021,2,bottom,17,1,5번타자 장성우,78548,장성우,77446,백정현,82,2,210512_185839,B,볼,132,투심,1,1,True,210512_185839,2,2,1.6687,1.4167,3.3043,1.51217,-120.361,-5.09716,-2.72569,5.69305,50.0,1.9192,10.1735,19.8362,-11.697,R
20210512SSKT0,2021,2,bottom,17,1,5번타자 장성우,78548,장성우,77446,백정현,83,3,210512_185853,T,스트라이크,123,체인지업,1,2,True,210512_185853,2,3,0.233956,1.4167,3.3043,1.51217,-112.001,-3.35166,-5.54501,5.63786,50.0,1.72991,9.85538,16.6093,-15.6897,R
20210512SSKT0,2021,2,bottom,17,1,5번타자 장성우,78548,장성우,77446,백정현,84,4,210512_185910,F,파울,133,투심,1,2,True,210512_185910,2,4,0.504299,1.4167,3.3043,1.51217,-121.068,-7.05793,-4.73507,5.63941,50.0,1.78704,7.92598,19.4687,-8.68309,R
20210512SSKT0,2021,2,bottom,17,1,5번타자 장성우,78548,장성우,77446,백정현,85,5,210512_185931,S,헛스윙,123,슬라이더,1,3,True,210512_185931,2,5,1.30839,1.4167,3.3043,1.51217,-111.815,-0.915206,-2.18023,5.80132,50.0,2.04143,2.42713,14.9134,-28.4594,R
20210512SSKT0,2021,2,bottom,18,2,6번타자 문상철,64007,문상철,77446,백정현,88,1,210512_190007,B,볼,123,슬라이더,1,0,True,210512_190007,2,1,1.52471,1.4167,3.375,1.5,-111.706,-1.82382,-2.31103,5.71428,50.0,2.18296,3.76808,16.3142,-25.4104,R
20210512SSKT0,2021,2,bottom,18,2,6번타자 문상철,64007,문상철,77446,백정현,89,2,210512_190021,F,파울,123,슬라이더,1,1,True,210512_190021,2,2,0.504345,1.4167,3.375,1.5,-112.364,-1.34428,-5.17205,5.75331,50.0,1.86398,9.52705,15.895,-18.0347,R
20210512SSKT0,2021,2,bottom,18,2,6번타자 문상철,64007,문상철,77446,백정현,90,3,210512_190106,B,볼,106,커브,2,1,True,210512_190106,2,3,2.34579,1.4167,3.375,1.5,-97.0011,3.22019,-0.21759,5.99604,50.0,1.97818,3.58729,12.0022,-35.0351,R
20210512SSKT0,2021,2,bottom,18,2,6번타자 문상철,64007,문상철,77446,백정현,91,4,210512_190120,S,헛스윙,124,체인지업,2,2,True,210512_190120,2,4,0.450473,1.4167,3.375,1.5,-113.271,-1.68395,-5.50024,5.72621,50.0,1.82255,10.8432,15.4104,-17.8021,R
20210512SSKT0,2021,2,bottom,18,2,6번타자 문상철,64007,문상철,77446,백정현,92,5,210512_190144,T,스트라이크,136,직구,2,3,True,210512_190144,2,5,0.025592,1.4167,3.375,1.5,-123.293,-6.63908,-6.54793,5.68084,50.0,1.83728,10.2726,17.8091,-9.87226,R
20210512SSKT0,2021,2,bottom,19,3,7번타자 박경수,73113,박경수,77446,백정현,95,1,210512_190214,T,스트라이크,133,투심,0,1,True,210512_190214,2,1,-0.005582,1.4167,3.21455,1.40787,-120.609,-5.16908,-6.29006,5.60964,50.0,1.78348,9.50658,15.5561,-14.315,R
20210512SSKT0,2021,2,bottom,19,3,7번타자 박경수,73113,박경수,77446,백정현,96,2,210512_190229,F,파울,106,커브,0,2,True,210512_190229,2,2,0.088796,1.4167,3.21455,1.40787,-96.8487,4.39521,-3.66571,6.08986,50.0,1.71519,2.01492,11.2618,-34.7445,R
20210512SSKT0,2021,2,bottom,19,3,7번타자 박경수,73113,박경수,77446,백정현,97,3,210512_190313,B,볼,127,체인지업,1,2,True,210512_190313,2,3,1.14885,1.4167,3.21455,1.40787,-115.458,-7.95311,-3.21499,5.53205,50.0,1.78105,8.10389,15.8244,-15.7592,R
20210512SSKT0,2021,2,bottom,19,3,7번타자 박경수,73113,박경수,77446,백정현,98,4,210512_190332,S,헛스윙,135,직구,1,3,True,210512_190332,2,4,0.7098,1.4167,3.21455,1.40787,-123.15,-5.71015,-4.67485,5.67897,50.0,1.88718,8.75245,18.1118,-9.66794,R
20210512SSKT0,2021,3,top,21,1,1번타자 박해민,62415,박해민,64001,고영표,102,1,210512_190539,T,스트라이크,115,체인지업,0,1,True,210512_190539,3,1,-0.975383,1.4167,3.10965,1.49851,-104.266,5.47629,5.73116,4.18336,50.0,-2.57859,-9.97277,13.7191,-35.4589,L
20210512SSKT0,2021,3,top,21,1,1번타자 박해민,62415,박해민,64001,고영표,103,2,210512_190553,B,볼,116,체인지업,1,1,True,210512_190553,3,2,0.085763,1.4167,3.10965,1.49851,-105.61,3.29445,7.42029,4.02684,50.0,-2.3495,-9.6465,13.6708,-36.8547,L
20210512SSKT0,2021,3,top,21,1,1번타자 박해민,62415,박해민,64001,고영표,104,3,210512_190609,B,볼,114,커브,2,1,True,210512_190609,3,3,1.3912,1.4167,3.10965,1.49851,-103.712,5.08217,4.81709,3.97502,50.0,-2.52884,13.6893,12.6909,-28.9747,L
20210512SSKT0,2021,3,top,21,1,1번타자 박해민,62415,박해민,64001,고영표,105,4,210512_190629,F,파울,135,직구,2,2,True,210512_190629,3,4,-0.505039,1.4167,3.10965,1.49851,-122.492,2.49484,7.94155,4.04059,50.0,-2.5035,-14.9718,20.1029,-29.4129,L
20210512SSKT0,2021,3,top,21,1,1번타자 박해민,62415,박해민,64001,고영표,106,5,210512_190649,F,파울,116,체인지업,2,2,True,210512_190649,3,5,-0.386677,1.4167,3.10965,1.49851,-105.34,3.36373,6.27074,4.03347,50.0,-2.46642,-8.00781,14.4867,-38.9893,L
20210512SSKT0,2021,3,top,21,1,1번타자 박해민,62415,박해민,64001,고영표,107,6,210512_190711,H,타격,114,커브,2,2,True,210512_190711,3,6,-0.544002,1.4167,3.10965,1.49851,-103.601,5.06954,0.78275,4.02522,50.0,-2.5531,14.0548,11.551,-32.9957,L
20210512SSKT0,2021,3,top,22,2,2번타자 구자욱,62404,구자욱,64001,고영표,110,1,210512_190814,S,헛스윙,113,커브,0,1,True,210512_190814,3,1,-0.466384,1.4167,3.16058,1.42907,-102.558,3.41301,6.56038,4.12505,50.0,-2.51305,-9.71755,13.3234,-36.319,L
20210512SSKT0,2021,3,top,22,2,2번타자 구자욱,62404,구자욱,64001,고영표,111,2,210512_190912,B,볼,134,직구,1,1,True,210512_190912,3,2,-0.987164,1.4167,3.16058,1.42907,-121.835,1.73884,6.45991,3.97938,50.0,-2.49299,-13.6187,19.2965,-34.0171,L
20210512SSKT0,2021,3,top,22,2,2번타자 구자욱,62404,구자욱,64001,고영표,114,3,210512_191007,B,볼,117,체인지업,2,1,True,210512_191007,3,3,0.152317,1.4167,3.16058,1.42907,-106.516,2.61583,6.77373,3.95043,50.0,-2.23345,-7.22941,13.5539,-37.7317,L
20210512SSKT0,2021,3,top,22,2,2번타자 구자욱,62404,구자욱,64001,고영표,115,4,210512_191027,T,스트라이크,136,직구,2,2,True,210512_191027,3,4,-0.56497,1.4167,3.16058,1.42907,-123.659,4.42926,7.43743,4.07898,50.0,-2.60239,-11.9008,18.961,-34.1853,L
20210512SSKT0,2021,3,top,22,2,2번타자 구자욱,62404,구자욱,64001,고영표,116,5,210512_191048,H,타격,137,직구,2,2,True,210512_191048,3,5,-0.130921,1.4167,3.16058,1.42907,-124.874,1.48534,8.74873,3.9789,50.0,-2.438,-14.9669,19.7071,-31.9267,L
20210512SSKT0,2021,3,top,23,3,3번타자 피렐라,51463,피렐라,64001,고영표,120,1,210512_191134,T,스트라이크,114,커브,0,1,True,210512_191134,3,1,0.773976,1.4167,3.34572,1.5,-103.434,5.47659,3.70307,4.06496,50.0,-2.6066,13.3976,14.1655,-31.5443,R
20210512SSKT0,2021,3,top,23,3,3번타자 피렐라,51463,피렐라,64001,고영표,121,2,210512_191149,S,헛스윙,117,체인지업,0,2,True,210512_191149,3,2,-0.113048,1.4167,3.34572,1.5,-106.569,3.34085,7.35862,3.99672,50.0,-2.48895,-9.82067,14.2932,-38.2792,R
20210512SSKT0,2021,3,top,23,3,3번타자 피렐라,51463,피렐라,64001,고영표,122,3,210512_191209,B,볼,117,체인지업,1,2,True,210512_191209,3,3,2.0854,1.4167,3.34572,1.5,-106.158,3.46395,11.6231,4.02345,50.0,-2.15244,-11.2497,14.3629,-37.672,R
20210512SSKT0,2021,3,top,23,3,3번타자 피렐라,51463,피렐라,64001,고영표,123,4,210512_191225,H,타격,117,체인지업,1,2,True,210512_191225,3,4,0.627284,1.4167,3.34572,1.5,-106.348,3.88445,8.96443,4.01575,50.0,-2.5482,-9.50951,15.1861,-39.2994,R
20210512SSKT0,2021,3,top,24,4,4번타자 오재일,75334,오재일,64001,고영표,194,1,210512_191302,B,볼,114,커브,1,0,True,210512_191302,3,1,2.18245,1.4167,3.56,1.64555,-103.887,5.33291,6.64703,3.99157,50.0,-2.43591,12.1785,12.8151,-29.9301,L
20210512SSKT0,2021,3,top,24,4,4번타자 오재일,75334,오재일,64001,고영표,195,2,210512_191321,H,타격,112,커브,1,0,True,210512_191321,3,2,0.297844,1.4167,3.56,1.64555,-101.597,4.38003,2.34286,4.0366,50.0,-2.65324,14.6887,13.2753,-29.341,L
20210512SSKT0,2021,3,top,25,5,5번타자 강민호,74540,강민호,64001,고영표,199,1,210512_191711,H,타격,135,직구,0,0,True,210512_191711,3,1,0.459707,1.4167,3.31319,1.66889,-122.6,2.46429,9.57131,3.94545,50.0,-2.52523,-11.0241,16.5587,-34.802,R
20210512SSKT0,2021,3,bottom,27,1,8번타자 신본기,62556,신본기,77446,백정현,203,1,210512_191924,B,볼,130,투심,1,0,True,210512_191924,3,1,0.046198,1.4167,3.22183,1.45551,-117.754,-6.11755,-6.90822,5.66698,50.0,1.77126,13.4065,16.021,-14.4641,R
20210512SSKT0,2021,3,bottom,27,1,8번타자 신본기,62556,신본기,77446,백정현,204,2,210512_191938,T,스트라이크,131,투심,1,1,True,210512_191938,3,2,-0.231848,1.4167,3.22183,1.45551,-118.714,-2.80121,-6.8121,5.71805,50.0,1.78511,9.60773,15.9731,-16.1682,R
20210512SSKT0,2021,3,bottom,27,1,8번타자 신본기,62556,신본기,77446,백정현,205,3,210512_191954,S,헛스윙,122,체인지업,1,2,True,210512_191954,3,3,0.448792,1.4167,3.22183,1.45551,-110.67,-1.14913,-5.88197,5.73527,50.0,1.74156,13.374,12.0265,-20.609,R
20210512SSKT0,2021,3,bottom,27,1,8번타자 신본기,62556,신본기,77446,백정현,206,4,210512_192010,B,볼,125,체인지업,2,2,True,210512_192010,3,4,1.37443,1.4167,3.22183,1.45551,-113.327,-7.53154,-2.54988,5.59184,50.0,1.98802,5.2579,16.1335,-23.1495,R
20210512SSKT0,2021,3,bottom,27,1,8번타자 신본기,62556,신본기,77446,백정현,207,5,210512_192032,F,파울,125,체인지업,2,2,True,210512_192032,3,5,1.56362,1.4167,3.22183,1.45551,-113.783,-1.45124,-3.92247,5.76131,50.0,1.92321,14.0908,16.4113,-18.9785,R
20210512SSKT0,2021,3,bottom,27,1,8번타자 신본기,62556,신본기,77446,백정현,208,6,210512_192102,H,타격,124,슬라이더,2,2,True,210512_192102,3,6,0.145127,1.4167,3.22183,1.45551,-113.078,-2.18084,-4.79475,5.71679,50.0,1.89974,3.73484,14.3588,-27.129,R
20210512SSKT0,2021,3,bottom,28,2,9번타자 심우준,64006,심우준,77446,백정현,211,1,210512_192142,B,볼,122,체인지업,1,0,True,210512_192142,3,1,1.0689,1.4167,3.44,1.62,-111.309,-0.155319,-4.26807,5.81808,50.0,1.84258,11.3218,15.6393,-20.2357,R
20210512SSKT0,2021,3,bottom,28,2,9번타자 심우준,64006,심우준,77446,백정현,212,2,210512_192156,T,스트라이크,132,투심,1,1,True,210512_192156,3,2,0.451244,1.4167,3.44,1.62,-120.235,-5.86341,-5.59265,5.64089,50.0,1.90155,10.1193,15.9752,-12.6711,R
20210512SSKT0,2021,3,bottom,28,2,9번타자 심우준,64006,심우준,77446,백정현,213,3,210512_192210,B,볼,123,슬라이더,2,1,True,210512_192210,3,3,1.70942,1.4167,3.44,1.62,-112.449,-1.10699,-1.66449,5.81592,50.0,2.07583,3.77992,16.0063,-25.723,R
20210512SSKT0,2021,3,bottom,28,2,9번타자 심우준,64006,심우준,77446,백정현,214,4,210512_192226,B,볼,123,슬라이더,3,1,True,210512_192226,3,4,1.00772,1.4167,3.44,1.62,-112.01,1.48893,-2.65744,5.85052,50.0,2.00441,1.92876,15.7445,-28.5175,R
20210512SSKT0,2021,3,bottom,28,2,9번타자 심우준,64006,심우준,77446,백정현,215,5,210512_192241,H,타격,132,투심,3,1,True,210512_192241,3,5,0.116519,1.4167,3.44,1.62,-119.646,-3.55904,-6.52751,5.71616,50.0,1.8114,11.8078,14.6725,-13.1164,R
20210512SSKT0,2021,3,bottom,29,3,1번타자 조용호,64868,조용호,77446,백정현,218,1,210512_192341,F,파울,124,슬라이더,0,1,True,210512_192341,3,1,-0.639642,1.4167,3.11166,1.36403,-112.711,-3.35146,-6.945,5.71095,50.0,1.79876,6.71136,19.1903,-26.3182,L
20210512SSKT0,2021,3,bottom,29,3,1번타자 조용호,64868,조용호,77446,백정현,219,2,210512_192407,B,볼,109,커브,1,1,True,210512_192407,3,2,-0.032808,1.4167,3.11166,1.36403,-98.8454,4.72349,-2.94973,6.1074,50.0,1.84162,-2.86941,13.5585,-35.8878,L
20210512SSKT0,2021,3,bottom,29,3,1번타자 조용호,64868,조용호,77446,백정현,220,3,210512_192428,H,타격,132,투심,1,1,True,210512_192428,3,3,0.300913,1.4167,3.11166,1.36403,-119.843,-3.70577,-5.28199,5.72606,50.0,1.69598,9.31291,18.0343,-13.8465,L
20210512SSKT0,2021,3,bottom,30,4,2번타자 배정대,64166,배정대,77446,백정현,223,1,210512_192515,S,헛스윙,110,커브,0,1,True,210512_192515,3,1,-0.089734,1.4167,3.375,1.5,-99.9239,2.14187,-3.3847,6.03864,50.0,1.928,-2.39525,15.2079,-38.405,R
20210512SSKT0,2021,3,bottom,30,4,2번타자 배정대,64166,배정대,77446,백정현,224,2,210512_192535,T,스트라이크,133,투심,0,2,True,210512_192535,3,2,0.001729,1.4167,3.375,1.5,-121.009,-4.25588,-6.27602,5.73062,50.0,1.68909,10.6414,18.3997,-13.9422,R
20210512SSKT0,2021,3,bottom,30,4,2번타자 배정대,64166,배정대,77446,백정현,225,3,210512_192556,B,볼,133,투심,1,2,True,210512_192556,3,3,0.653742,1.4167,3.375,1.5,-121.102,-7.6238,-5.39034,5.61958,50.0,1.87478,11.7963,19.0396,-11.9736,R
20210512SSKT0,2021,3,bottom,30,4,2번타자 배정대,64166,배정대,77446,백정현,226,4,210512_192619,B,볼,135,직구,2,2,True,210512_192619,3,4,-0.326328,1.4167,3.375,1.5,-123.007,-2.39008,-7.48598,5.85139,50.0,1.65911,12.843,19.3304,-11.5166,R
20210512SSKT0,2021,3,bottom,30,4,2번타자 배정대,64166,배정대,77446,백정현,227,5,210512_192642,B,볼,135,직구,3,2,True,210512_192642,3,5,-0.330997,1.4167,3.375,1.5,-122.208,-9.15736,-6.46784,5.57715,50.0,1.73224,7.0572,19.8487,-9.62157,R
20210512SSKT0,2021,3,bottom,30,4,2번타자 배정대,64166,배정대,77446,백정현,228,6,210512_192706,H,타격,126,체인지업,3,2,True,210512_192706,3,6,0.916485,1.4167,3.375,1.5,-114.859,-3.82013,-4.37547,5.75659,50.0,1.7,11.8438,13.4567,-18.166,R
20210512SSKT0,2021,4,top,32,1,6번타자 강한울,64610,강한울,64001,고영표,232,1,210512_192914,B,볼,112,체인지업,1,0,True,210512_192914,4,1,0.900512,1.4167,3.26806,1.48482,-101.382,3.89631,8.47762,4.04975,50.0,-2.33779,-7.89517,14.6044,-37.8313,L
20210512SSKT0,2021,4,top,32,1,6번타자 강한울,64610,강한울,64001,고영표,233,2,210512_192928,B,볼,134,직구,2,0,True,210512_192928,4,2,1.09086,1.4167,3.26806,1.48482,-121.904,2.7307,12.0975,4.00439,50.0,-2.44592,-17.0799,19.9257,-29.7633,L
20210512SSKT0,2021,4,top,32,1,6번타자 강한울,64610,강한울,64001,고영표,234,3,210512_192941,F,파울,134,직구,2,1,True,210512_192941,4,3,-0.028192,1.4167,3.26806,1.48482,-121.316,2.44542,8.98823,4.01033,50.0,-2.56199,-13.9185,21.3809,-32.5079,L
20210512SSKT0,2021,4,top,32,1,6번타자 강한울,64610,강한울,64001,고영표,235,4,210512_193008,T,스트라이크,112,체인지업,2,2,True,210512_193008,4,4,-0.717873,1.4167,3.26806,1.48482,-101.772,4.44365,4.9068,4.0423,50.0,-2.43545,-5.81822,15.2155,-37.6582,L
20210512SSKT0,2021,4,top,32,1,6번타자 강한울,64610,강한울,64001,고영표,236,5,210512_193024,F,파울,116,체인지업,2,2,True,210512_193024,4,5,-0.309182,1.4167,3.26806,1.48482,-105.399,4.63723,7.0941,4.12965,50.0,-2.47985,-10.6989,16.5714,-36.6654,L
20210512SSKT0,2021,4,top,32,1,6번타자 강한울,64610,강한울,64001,고영표,237,6,210512_193052,H,타격,115,체인지업,2,2,True,210512_193052,4,6,-0.530884,1.4167,3.26806,1.48482,-104.761,3.74529,6.23931,4.04199,50.0,-2.35834,-10.1469,15.7076,-37.7118,L
20210512SSKT0,2021,4,top,33,2,7번타자 송준석,64469,송준석,64001,고영표,240,1,210512_193127,B,볼,117,체인지업,1,0,True,210512_193127,4,1,1.64919,1.4167,3.375,1.61777,-105.71,2.99254,10.573,3.97172,50.0,-2.27014,-9.79808,14.8113,-37.0906,L
20210512SSKT0,2021,4,top,34,3,8번타자 김지찬,50458,김지찬,64001,고영표,243,1,210512_193207,B,볼,132,직구,1,0,True,210512_193207,4,1,-1.34241,1.4167,2.91765,1.38531,-120.082,3.03701,5.6399,4.09509,50.0,-2.64451,-12.0918,20.6309,-31.5094,L
20210512SSKT0,2021,4,top,34,3,8번타자 김지찬,50458,김지찬,64001,고영표,244,2,210512_193231,B,볼,113,체인지업,2,0,True,210512_193231,4,2,-1.67551,1.4167,2.91765,1.38531,-103.052,5.49613,3.60591,4.29071,50.0,-2.44969,-8.28234,13.0181,-35.9611,L
20210512SSKT0,2021,4,top,34,3,8번타자 김지찬,50458,김지찬,64001,고영표,245,3,210512_193256,W,번트파울,134,직구,2,1,True,210512_193256,4,3,-0.190305,1.4167,2.91765,1.38531,-121.792,2.37348,8.52027,4.03026,50.0,-2.40946,-15.3197,24.2459,-32.193,L
20210512SSKT0,2021,4,top,34,3,8번타자 김지찬,50458,김지찬,64001,고영표,246,4,210512_193331,S,헛스윙,116,체인지업,2,2,True,210512_193331,4,4,-1.72569,1.4167,2.91765,1.38531,-105.711,3.61421,4.13423,4.1812,50.0,-2.38044,-11.5968,14.9211,-36.5631,L
20210512SSKT0,2021,4,top,34,3,8번타자 김지찬,50458,김지찬,64001,고영표,247,5,210512_193412,B,볼,114,체인지업,3,2,True,210512_193412,4,5,-1.11262,1.4167,2.91765,1.38531,-103.877,3.00384,4.64526,4.15691,50.0,-2.27685,-9.25394,13.5698,-37.1838,L
20210512SSKT0,2021,4,top,34,3,8번타자 김지찬,50458,김지찬,64001,고영표,248,6,210512_193437,H,타격,132,직구,3,2,True,210512_193437,4,6,-0.511017,1.4167,2.91765,1.38531,-120.083,2.84057,6.98912,4.02182,50.0,-2.38698,-11.9912,19.8015,-33.8805,L
20210512SSKT0,2021,4,top,35,4,9번타자 김상수,79402,김상수,64001,고영표,184,1,210512_193546,T,스트라이크,116,체인지업,0,1,True,210512_193546,4,1,-0.492473,1.4167,3.2185,1.514,-105.073,5.14679,6.22338,4.32309,50.0,-2.34649,-9.82359,15.216,-36.8393,R
20210512SSKT0,2021,4,top,35,4,9번타자 김상수,79402,김상수,64001,고영표,186,2,210512_193637,B,볼,117,체인지업,1,1,True,210512_193637,4,2,-2.44491,1.4167,3.2185,1.514,-106.187,4.2656,2.7189,4.08212,50.0,-2.51853,-10.8483,14.2714,-37.5691,R
20210512SSKT0,2021,4,top,36,5,1번타자 박해민,62415,박해민,64001,고영표,190,1,210512_193800,T,스트라이크,117,체인지업,0,1,True,210512_193800,4,1,-0.777431,1.4167,3.10965,1.49851,-106.309,3.29523,6.04647,4.09166,50.0,-2.53513,-9.86727,16.177,-36.3276,L
20210512SSKT0,2021,4,top,36,5,1번타자 박해민,62415,박해민,64001,고영표,191,2,210512_193824,F,파울,117,체인지업,0,2,True,210512_193824,4,2,-0.749516,1.4167,3.10965,1.49851,-106.614,3.56875,6.01488,4.04359,50.0,-2.47695,-9.99403,16.7506,-37.8074,L
20210512SSKT0,2021,4,top,36,5,1번타자 박해민,62415,박해민,64001,고영표,192,3,210512_193900,F,파울,135,직구,0,2,True,210512_193900,4,3,-0.344638,1.4167,3.10965,1.49851,-122.554,3.87327,8.04258,4.11337,50.0,-2.34489,-15.5007,24.3323,-31.334,L
20210512SSKT0,2021,4,top,36,5,1번타자 박해민,62415,박해민,64001,고영표,193,4,210512_193929,B,볼,136,직구,1,2,True,210512_193929,4,4,-0.355635,1.4167,3.10965,1.49851,-123.612,4.85153,7.95651,4.18677,50.0,-2.34492,-15.1073,22.564,-30.3812,L
20210512SSKT0,2021,4,top,36,5,1번타자 박해민,62415,박해민,64001,고영표,194,5,210512_193955,H,타격,116,체인지업,1,2,True,210512_193955,4,5,-0.761797,1.4167,3.10965,1.49851,-105.703,3.64785,5.88932,4.04393,50.0,-2.39765,-10.3305,17.8535,-36.9032,L
20210512SSKT0,2021,4,top,37,6,2번타자 구자욱,62404,구자욱,64001,고영표,200,1,210512_194053,H,타격,118,체인지업,0,0,True,210512_194053,4,1,0.343106,1.4167,3.16058,1.42907,-107.638,3.82428,7.81602,4.00353,50.0,-2.3951,-8.36869,15.5988,-38.6347,L
20210512SSKT0,2021,4,top,38,7,3번타자 피렐라,51463,피렐라,64001,고영표,205,1,210512_194158,B,볼,116,체인지업,1,0,True,210512_194158,4,1,1.03807,1.4167,3.34572,1.5,-105.494,4.52972,8.92411,4.1911,50.0,-2.30377,-8.08201,16.0334,-39.1167,R
20210512SSKT0,2021,4,top,38,7,3번타자 피렐라,51463,피렐라,64001,고영표,206,2,210512_194218,T,스트라이크,113,커브,1,1,True,210512_194218,4,2,-0.164901,1.4167,3.34572,1.5,-103.291,4.61146,2.31582,4.017,50.0,-2.75165,12.3499,13.9545,-34.6688,R
20210512SSKT0,2021,4,top,38,7,3번타자 피렐라,51463,피렐라,64001,고영표,207,3,210512_194246,H,타격,113,커브,1,1,True,210512_194246,4,3,-0.012068,1.4167,3.34572,1.5,-102.799,4.08005,2.12629,4.02841,50.0,-2.64848,13.2771,14.9512,-33.9714,R
20210512SSKT0,2021,4,bottom,40,1,3번타자 강백호,68050,강백호,77446,백정현,211,1,210512_194459,T,스트라이크,121,슬라이더,0,1,True,210512_194459,4,1,0.227329,1.4167,3.375,1.5,-110.204,-0.366577,-4.00859,5.91317,50.0,1.75839,2.77905,13.1679,-27.3729,L
20210512SSKT0,2021,4,bottom,40,1,3번타자 강백호,68050,강백호,77446,백정현,212,2,210512_194514,H,타격,111,커브,0,1,True,210512_194514,4,2,-0.20793,1.4167,3.375,1.5,-100.641,-0.673378,-3.75703,5.94589,50.0,1.71743,-0.356084,14.3412,-36.099,L
20210512SSKT0,2021,4,bottom,41,2,4번타자 알몬테,51004,알몬테,77446,백정현,215,1,210512_194557,F,파울,121,체인지업,0,1,True,210512_194557,4,1,0.728468,1.4167,3.375,1.5,-109.956,-0.001795,-3.8084,5.96985,50.0,1.89313,5.48196,13.4378,-26.6071,R
20210512SSKT0,2021,4,bottom,41,2,4번타자 알몬테,51004,알몬테,77446,백정현,216,2,210512_194621,B,볼,132,투심,1,1,True,210512_194621,4,2,0.935756,1.4167,3.375,1.5,-120.616,-1.05769,-4.29578,5.9455,50.0,1.8034,10.6263,17.7039,-14.696,R
20210512SSKT0,2021,4,bottom,41,2,4번타자 알몬테,51004,알몬테,77446,백정현,217,3,210512_194641,F,파울,132,투심,1,2,True,210512_194641,4,3,0.718354,1.4167,3.375,1.5,-119.716,-4.4616,-5.3198,5.75563,50.0,1.8817,12.1343,15.4084,-16.0875,R
20210512SSKT0,2021,4,bottom,41,2,4번타자 알몬테,51004,알몬테,77446,백정현,218,4,210512_194718,H,타격,127,체인지업,1,2,True,210512_194718,4,4,1.31615,1.4167,3.375,1.5,-115.569,-4.98092,-3.16792,5.75877,50.0,1.77071,9.7614,17.7888,-17.3741,R
20210512SSKT0,2021,4,bottom,42,3,5번타자 장성우,78548,장성우,77446,백정현,222,1,210512_194800,H,타격,132,직구,0,0,True,210512_194800,4,1,1.07344,1.4167,3.3043,1.51217,-120.303,-3.32074,-4.73088,5.68288,50.0,1.84904,13.765,18.6934,-16.3225,R
20210512SSKT0,2021,4,bottom,43,4,6번타자 문상철,64007,문상철,77446,백정현,225,1,210512_194845,H,타격,122,슬라이더,0,0,True,210512_194845,4,1,0.21447,1.4167,3.375,1.5,-111.319,-2.71603,-3.93759,5.75919,50.0,1.82895,1.54659,14.646,-26.159,R
20210512SSKT0,2021,5,top,45,1,4번타자 오재일,75334,오재일,64001,고영표,230,1,210512_195114,H,타격,134,직구,0,0,True,210512_195114,5,1,0.160549,1.4167,3.56,1.64555,-121.328,2.68891,9.60612,4.00624,50.0,-2.58817,-14.2862,17.8052,-31.7976,L
20210512SSKT0,2021,5,top,46,2,5번타자 강민호,74540,강민호,64001,고영표,233,1,210512_195157,T,스트라이크,111,커브,0,1,True,210512_195157,5,1,0.249283,1.4167,3.31319,1.66889,-100.817,4.86417,2.48948,3.97855,50.0,-2.65114,13.4181,12.8278,-32.2773,R
20210512SSKT0,2021,5,top,46,2,5번타자 강민호,74540,강민호,64001,고영표,234,2,210512_195211,B,볼,113,체인지업,1,1,True,210512_195211,5,2,0.67614,1.4167,3.31319,1.66889,-102.993,3.63186,7.96004,4.04225,50.0,-2.2893,-7.57552,10.8223,-37.3322,R
20210512SSKT0,2021,5,top,46,2,5번타자 강민호,74540,강민호,64001,고영표,235,3,210512_195228,H,타격,110,커브,1,1,True,210512_195228,5,3,-0.596556,1.4167,3.31319,1.66889,-100.138,4.10087,0.828747,3.93123,50.0,-2.70365,13.5393,11.918,-33.4405,R
20210512SSKT0,2021,5,top,47,3,6번타자 강한울,64610,강한울,64001,고영표,238,1,210512_195302,T,스트라이크,114,체인지업,0,1,True,210512_195302,5,1,-0.671554,1.4167,3.26806,1.48482,-103.226,4.08519,6.35885,4.08808,50.0,-2.3993,-11.5566,15.8197,-37.2588,L
20210512SSKT0,2021,5,top,47,3,6번타자 강한울,64610,강한울,64001,고영표,239,2,210512_195316,F,파울,113,체인지업,0,2,True,210512_195316,5,2,-0.337122,1.4167,3.26806,1.48482,-103.038,3.1988,6.67635,4.00664,50.0,-2.40749,-9.97837,14.4736,-38.6063,L
20210512SSKT0,2021,5,top,47,3,6번타자 강한울,64610,강한울,64001,고영표,240,3,210512_195337,B,볼,116,체인지업,1,2,True,210512_195337,5,3,-1.22837,1.4167,3.26806,1.48482,-105.342,2.26214,5.54914,4.0349,50.0,-2.51631,-11.945,15.1384,-37.9174,L
20210512SSKT0,2021,5,top,47,3,6번타자 강한울,64610,강한울,64001,고영표,241,4,210512_195356,T,스트라이크,132,직구,1,3,True,210512_195356,5,4,-0.45986,1.4167,3.26806,1.48482,-120.481,0.577954,7.95182,3.9022,50.0,-2.65899,-12.8493,19.2585,-30.3872,L
20210512SSKT0,2021,5,bottom,49,1,7번타자 박경수,73113,박경수,77446,백정현,245,1,210512_195603,S,헛스윙,123,슬라이더,0,1,True,210512_195603,5,1,0.804711,1.4167,3.21455,1.40787,-112.272,-2.90465,-3.50777,5.70633,50.0,2.02476,3.48087,15.949,-23.8862,R
20210512SSKT0,2021,5,bottom,49,1,7번타자 박경수,73113,박경수,77446,백정현,246,2,210512_195618,T,스트라이크,135,직구,0,2,True,210512_195618,5,2,-0.74403,1.4167,3.21455,1.40787,-122.444,-5.76601,-8.30847,5.68778,50.0,1.7153,11.2075,17.3604,-13.5345,R
20210512SSKT0,2021,5,bottom,49,1,7번타자 박경수,73113,박경수,77446,백정현,247,3,210512_195633,F,파울,135,직구,0,2,True,210512_195633,5,3,0.160273,1.4167,3.21455,1.40787,-123.204,-4.37929,-6.85017,5.84631,50.0,1.91122,12.5163,18.5112,-8.52517,R
20210512SSKT0,2021,5,bottom,49,1,7번타자 박경수,73113,박경수,77446,백정현,248,4,210512_195652,B,볼,126,체인지업,1,2,True,210512_195652,5,4,2.32378,1.4167,3.21455,1.40787,-115.083,-2.91237,-2.77229,5.69488,50.0,1.97863,16.3773,16.041,-23.9985,R
20210512SSKT0,2021,5,bottom,49,1,7번타자 박경수,73113,박경수,77446,백정현,249,5,210512_195711,F,파울,126,체인지업,1,2,True,210512_195711,5,5,0.528091,1.4167,3.21455,1.40787,-114.637,-2.20868,-4.86639,5.75661,50.0,1.66754,10.3353,14.88,-18.4725,R
20210512SSKT0,2021,5,bottom,49,1,7번타자 박경수,73113,박경수,77446,백정현,250,6,210512_195732,H,타격,124,슬라이더,1,2,True,210512_195732,5,6,-0.153957,1.4167,3.21455,1.40787,-113.058,-1.95329,-4.73556,5.7861,50.0,1.84419,0.914853,12.7871,-26.5564,R
20210512SSKT0,2021,5,bottom,50,2,8번타자 신본기,62556,신본기,77446,백정현,253,1,210512_195821,F,파울,134,직구,0,1,True,210512_195821,5,1,0.282151,1.4167,3.22183,1.45551,-122.007,-3.28856,-6.48101,5.69788,50.0,1.81571,13.3795,18.359,-14.8792,R
20210512SSKT0,2021,5,bottom,50,2,8번타자 신본기,62556,신본기,77446,백정현,254,2,210512_195839,T,스트라이크,134,투심,0,2,True,210512_195839,5,2,0.648402,1.4167,3.22183,1.45551,-122.199,-4.54504,-4.5123,5.70913,50.0,1.81239,8.17935,19.7353,-16.2059,R
20210512SSKT0,2021,5,bottom,50,2,8번타자 신본기,62556,신본기,77446,백정현,255,3,210512_195854,S,헛스윙,137,직구,0,3,True,210512_195854,5,3,0.571005,1.4167,3.22183,1.45551,-124.51,-6.76288,-5.57587,5.70736,50.0,1.92231,11.0387,20.4189,-10.4788,R
20210512SSKT0,2021,5,bottom,51,3,9번타자 심우준,64006,심우준,77446,백정현,258,1,210512_195922,B,볼,136,직구,1,0,True,210512_195922,5,1,0.765902,1.4167,3.44,1.62,-121.815,-7.75979,-4.51175,5.61783,50.0,1.78943,9.83627,17.4692,-11.9374,R
20210512SSKT0,2021,5,bottom,51,3,9번타자 심우준,64006,심우준,77446,백정현,259,2,210512_195936,B,볼,128,체인지업,2,0,True,210512_195936,5,2,2.20475,1.4167,3.44,1.62,-116.361,-4.62103,-2.09362,5.64927,50.0,1.9053,12.9182,17.5419,-17.2808,R
20210512SSKT0,2021,5,bottom,51,3,9번타자 심우준,64006,심우준,77446,백정현,260,3,210512_195955,T,스트라이크,135,직구,2,1,True,210512_195955,5,3,1.02653,1.4167,3.44,1.62,-123.207,-4.87864,-3.84924,5.72168,50.0,1.84244,9.06577,20.0646,-9.90273,R
20210512SSKT0,2021,5,bottom,51,3,9번타자 심우준,64006,심우준,77446,백정현,261,4,210512_200012,B,볼,125,체인지업,3,1,True,210512_200012,5,4,0.97759,1.4167,3.44,1.62,-113.349,1.64871,-5.17805,5.89752,50.0,1.7845,15.1497,16.9043,-22.3402,R
20210512SSKT0,2021,5,bottom,51,3,9번타자 심우준,64006,심우준,77446,백정현,262,5,210512_200029,S,헛스윙,126,체인지업,3,2,True,210512_200029,5,5,1.0675,1.4167,3.44,1.62,-114.915,-5.31172,-5.13916,5.65053,50.0,1.9329,14.4803,14.9588,-17.874,R
20210512SSKT0,2021,5,bottom,51,3,9번타자 심우준,64006,심우준,77446,백정현,263,6,210512_200048,H,타격,135,직구,3,2,True,210512_200048,5,6,-0.434903,1.4167,3.44,1.62,-122.857,-7.67983,-6.27112,5.66257,50.0,1.71182,4.95055,18.579,-12.6959,R
20210512SSKT0,2021,5,bottom,52,4,1번타자 조용호,64868,조용호,77446,백정현,266,1,210512_200125,T,스트라이크,134,투심,0,1,True,210512_200125,5,1,0.608397,1.4167,3.11166,1.36403,-121.912,-4.77086,-5.45433,5.70284,50.0,1.87487,11.5543,19.2214,-13.6449,L
20210512SSKT0,2021,5,bottom,52,4,1번타자 조용호,64868,조용호,77446,백정현,267,2,210512_200139,T,스트라이크,114,커브,0,2,True,210512_200139,5,2,-0.750144,1.4167,3.11166,1.36403,-103.569,-0.06873,-4.68915,5.95916,50.0,1.71391,-1.4668,16.6084,-35.6545,L
20210512SSKT0,2021,5,bottom,52,4,1번타자 조용호,64868,조용호,77446,백정현,268,3,210512_200158,B,볼,130,체인지업,1,2,True,210512_200158,5,3,0.29038,1.4167,3.11166,1.36403,-118.312,-9.06509,-4.80569,5.50312,50.0,1.94948,4.27281,19.8641,-22.2119,L
20210512SSKT0,2021,5,bottom,52,4,1번타자 조용호,64868,조용호,77446,백정현,269,4,210512_200222,B,볼,123,슬라이더,2,2,True,210512_200222,5,4,-1.88543,1.4167,3.11166,1.36403,-111.872,2.04136,-8.57969,5.88456,50.0,1.71417,2.41633,15.0749,-27.2697,L
20210512SSKT0,2021,5,bottom,52,4,1번타자 조용호,64868,조용호,77446,백정현,270,5,210512_200243,H,타격,125,슬라이더,2,2,True,210512_200243,5,5,-0.320349,1.4167,3.11166,1.36403,-114.108,-3.24044,-5.735,5.71943,50.0,1.80229,4.11662,16.1403,-27.6909,L
20210512SSKT0,2021,5,bottom,53,5,2번타자 배정대,64166,배정대,77446,백정현,273,1,210512_200328,B,볼,123,슬라이더,1,0,True,210512_200328,5,1,1.06752,1.4167,3.375,1.5,-112.067,1.02665,-2.95993,5.92385,50.0,1.89424,4.971,15.4827,-23.672,R
20210512SSKT0,2021,5,bottom,53,5,2번타자 배정대,64166,배정대,77446,백정현,275,2,210512_200422,B,볼,127,체인지업,2,0,True,210512_200422,5,2,1.06404,1.4167,3.375,1.5,-115.182,-1.47417,-4.7473,5.84729,50.0,1.77603,14.281,17.5629,-19.2199,R
20210512SSKT0,2021,5,bottom,53,5,2번타자 배정대,64166,배정대,77446,백정현,276,3,210512_200441,T,스트라이크,125,체인지업,2,1,True,210512_200441,5,3,0.635114,1.4167,3.375,1.5,-114.181,-3.56009,-5.03555,5.75099,50.0,1.74247,11.4492,16.1634,-17.09,R
20210512SSKT0,2021,5,bottom,53,5,2번타자 배정대,64166,배정대,77446,백정현,277,4,210512_200506,B,볼,135,직구,3,1,True,210512_200506,5,4,-1.0011,1.4167,3.375,1.5,-122.646,-7.39853,-8.53847,5.63811,50.0,1.51187,11.7322,19.6169,-12.5542,R
20210512SSKT0,2021,5,bottom,53,5,2번타자 배정대,64166,배정대,77446,백정현,278,5,210512_200527,H,타격,126,체인지업,3,1,True,210512_200527,5,5,-0.226141,1.4167,3.375,1.5,-114.334,-3.59965,-6.57127,5.71268,50.0,1.56158,11.3862,16.7842,-17.2562,R
20210512SSKT0,2021,5,bottom,54,6,3번타자 강백호,68050,강백호,77446,백정현,282,1,210512_200632,H,타격,135,직구,0,0,True,210512_200632,5,1,1.29913,1.4167,3.375,1.5,-123.206,-3.93751,-3.88698,5.79993,50.0,1.81244,12.8937,19.6541,-11.3756,L
20210512SSKT0,2021,5,bottom,55,7,4번타자 알몬테,51004,알몬테,77446,백정현,285,1,210512_200724,B,볼,110,커브,1,0,True,210512_200724,5,1,0.758582,1.4167,3.375,1.5,-100.207,3.91779,-2.08705,6.15192,50.0,1.8634,-0.446572,13.9254,-33.2397,R
20210512SSKT0,2021,5,bottom,55,7,4번타자 알몬테,51004,알몬테,77446,백정현,286,2,210512_200739,F,파울,125,체인지업,1,1,True,210512_200739,5,2,0.615656,1.4167,3.375,1.5,-114.207,-1.97721,-5.42667,5.75896,50.0,1.73502,13.1085,15.4517,-17.787,R
20210512SSKT0,2021,5,bottom,55,7,4번타자 알몬테,51004,알몬테,77446,백정현,287,3,210512_200806,T,스트라이크,135,직구,1,2,True,210512_200806,5,3,-0.230609,1.4167,3.375,1.5,-122.393,-6.57283,-6.51673,5.57793,50.0,1.80149,7.59306,18.3822,-12.0436,R
20210512SSKT0,2021,5,bottom,55,7,4번타자 알몬테,51004,알몬테,77446,백정현,288,4,210512_200825,F,파울,128,체인지업,1,2,True,210512_200825,5,4,0.793229,1.4167,3.375,1.5,-116.875,-3.05718,-4.81837,5.72902,50.0,1.86992,10.7623,16.6534,-15.7555,R
20210512SSKT0,2021,5,bottom,55,7,4번타자 알몬테,51004,알몬테,77446,백정현,289,5,210512_200853,H,타격,135,직구,1,2,True,210512_200853,5,5,-0.695683,1.4167,3.375,1.5,-122.959,-3.26277,-7.93781,5.76384,50.0,1.7203,9.85368,18.1455,-12.3663,R
20210512SSKT0,2021,6,top,57,1,7번타자 송준석,64469,송준석,64001,고영표,293,1,210512_201300,T,스트라이크,110,커브,0,1,True,210512_201300,6,1,-0.344028,1.4167,3.375,1.61777,-99.9516,5.67599,1.3811,3.90044,50.0,-2.70836,13.1989,13.3708,-32.6607,L
20210512SSKT0,2021,6,top,57,1,7번타자 송준석,64469,송준석,64001,고영표,294,2,210512_201314,S,헛스윙,112,체인지업,0,2,True,210512_201314,6,2,-0.043492,1.4167,3.375,1.61777,-101.708,4.566,7.33771,3.90736,50.0,-2.44763,-10.0609,15.8714,-39.4442,L
20210512SSKT0,2021,6,top,57,1,7번타자 송준석,64469,송준석,64001,고영표,295,3,210512_201330,S,헛스윙,113,체인지업,0,3,True,210512_201330,6,3,-1.67256,1.4167,3.375,1.61777,-102.347,5.23785,4.03355,3.97939,50.0,-2.56246,-9.03794,15.9787,-38.9132,L
20210512SSKT0,2021,6,top,58,2,8번타자 김지찬,50458,김지찬,64001,고영표,298,1,210512_201359,T,스트라이크,110,체인지업,0,1,True,210512_201359,6,1,-0.591453,1.4167,2.91765,1.38531,-99.7181,5.19291,6.0362,4.04483,50.0,-2.36777,-9.98274,14.6153,-38.5993,L
20210512SSKT0,2021,6,top,58,2,8번타자 김지찬,50458,김지찬,64001,고영표,299,2,210512_201414,T,스트라이크,110,체인지업,0,2,True,210512_201414,6,2,-0.929396,1.4167,2.91765,1.38531,-100.146,5.62501,5.17925,4.07213,50.0,-2.34436,-9.41039,14.5728,-38.5621,L
20210512SSKT0,2021,6,top,58,2,8번타자 김지찬,50458,김지찬,64001,고영표,300,3,210512_201432,H,타격,112,체인지업,0,2,True,210512_201432,6,3,-0.699187,1.4167,2.91765,1.38531,-102.053,2.99487,5.63978,3.97558,50.0,-2.30783,-9.65954,16.1055,-36.7284,L
20210512SSKT0,2021,6,top,59,3,9번타자 김상수,79402,김상수,64001,고영표,303,1,210512_201505,T,스트라이크,133,직구,0,1,True,210512_201505,6,1,0.052722,1.4167,3.2185,1.514,-121.116,4.36408,9.42595,4.00597,50.0,-2.2311,-18.8966,18.9113,-29.252,R
20210512SSKT0,2021,6,top,59,3,9번타자 김상수,79402,김상수,64001,고영표,304,2,210512_201519,H,타격,135,직구,0,1,True,210512_201519,6,2,0.611379,1.4167,3.2185,1.514,-122.5,3.39961,11.112,3.89756,50.0,-2.37744,-18.6183,18.6545,-29.5343,R
20210512SSKT0,2021,6,bottom,61,1,5번타자 장성우,78548,장성우,67421,최지광,309,1,210512_201752,T,스트라이크,131,슬라이더,0,1,True,210512_201752,6,1,-0.139191,1.4167,3.3043,1.51217,-119.364,-1.27613,1.93204,5.7755,50.0,-1.48145,6.16119,13.9722,-26.7793,R
20210512SSKT0,2021,6,bottom,61,1,5번타자 장성우,78548,장성우,67421,최지광,310,2,210512_201806,H,타격,116,커브,0,1,True,210512_201806,6,2,0.009307,1.4167,3.3043,1.51217,-105.813,2.3077,0.388337,6.06162,50.0,-1.27194,9.72494,14.8213,-40.6907,R
20210512SSKT0,2021,6,bottom,62,2,6번타자 문상철,64007,문상철,67421,최지광,313,1,210512_201902,B,볼,116,커브,1,0,True,210512_201902,6,1,-0.326556,1.4167,3.375,1.5,-106.055,-0.39239,0.083161,5.99497,50.0,-1.39853,9.13334,16.309,-40.3345,R
20210512SSKT0,2021,6,bottom,62,2,6번타자 문상철,64007,문상철,67421,최지광,314,2,210512_201915,B,볼,134,슬라이더,2,0,True,210512_201915,6,2,2.03277,1.4167,3.375,1.5,-121.612,-7.73915,6.28185,5.60711,50.0,-1.29637,8.83026,16.7683,-22.4019,R
20210512SSKT0,2021,6,bottom,62,2,6번타자 문상철,64007,문상철,67421,최지광,315,3,210512_201939,T,스트라이크,133,슬라이더,2,1,True,210512_201939,6,3,-0.310775,1.4167,3.375,1.5,-120.822,-3.61971,1.30377,5.68754,50.0,-1.57132,8.28351,19.788,-29.3967,R
20210512SSKT0,2021,6,bottom,62,2,6번타자 문상철,64007,문상철,67421,최지광,316,4,210512_201955,S,헛스윙,130,슬라이더,2,2,True,210512_201955,6,4,-0.513853,1.4167,3.375,1.5,-119.374,-4.20128,0.626807,5.63549,50.0,-1.47523,7.9362,17.0204,-27.5121,R
20210512SSKT0,2021,6,bottom,62,2,6번타자 문상철,64007,문상철,67421,최지광,317,5,210512_202013,F,파울,135,슬라이더,2,2,True,210512_202013,6,5,0.209338,1.4167,3.375,1.5,-123.276,-2.88157,2.55231,5.75873,50.0,-1.54792,8.70909,18.5453,-25.0148,R
20210512SSKT0,2021,6,bottom,62,2,6번타자 문상철,64007,문상철,67421,최지광,318,6,210512_202044,H,타격,133,슬라이더,2,2,True,210512_202044,6,6,0.538021,1.4167,3.375,1.5,-121.122,-1.77929,3.43236,5.68621,50.0,-1.58011,8.21341,16.9048,-28.9492,R
20210512SSKT0,2021,6,bottom,63,3,7번타자 박경수,73113,박경수,67421,최지광,321,1,210512_202125,H,타격,141,직구,0,0,True,210512_202125,6,1,0.250141,1.4167,3.21455,1.40787,-128.457,-4.04725,4.31965,5.58009,50.0,-1.28899,-1.88794,19.0506,-15.2295,R
20210512SSKT0,2021,6,bottom,65,4,대타 유한준,74339,유한준,67421,최지광,327,1,210512_202313,B,볼,120,커브,1,0,True,210512_202313,6,1,-0.570139,1.4167,3.69858,1.72,-109.016,2.65726,0.085896,6.08118,50.0,-1.37093,7.20645,14.4525,-35.0823,R
20210512SSKT0,2021,6,bottom,65,4,대타 유한준,74339,유한준,67421,최지광,328,2,210512_202333,B,볼,142,직구,2,0,True,210512_202333,6,2,1.28572,1.4167,3.69858,1.72,-128.762,-8.41353,6.92605,5.45919,50.0,-1.22098,-2.5433,21.206,-12.2611,R
20210512SSKT0,2021,6,bottom,65,4,대타 유한준,74339,유한준,67421,최지광,329,3,210512_202354,B,볼,133,슬라이더,3,0,True,210512_202354,6,3,1.15147,1.4167,3.69858,1.72,-121.04,-0.198174,4.64527,5.78408,50.0,-1.5038,8.4067,19.7159,-26.1108,R
20210512SSKT0,2021,6,bottom,65,4,대타 유한준,74339,유한준,67421,최지광,330,4,210512_202418,S,헛스윙,135,슬라이더,3,1,True,210512_202418,6,4,0.5287,1.4167,3.69858,1.72,-123.233,-6.27066,2.35034,5.5471,50.0,-1.46265,12.4533,19.6082,-26.1649,R
20210512SSKT0,2021,6,bottom,65,4,대타 유한준,74339,유한준,67421,최지광,331,5,210512_202449,H,타격,142,직구,3,1,True,210512_202449,6,5,-0.252316,1.4167,3.69858,1.72,-129.571,-2.71899,3.13303,5.61909,50.0,-1.38543,-1.09063,22.2154,-13.5058,R
20210512SSKT0,2021,6,bottom,66,5,9번타자 심우준,64006,심우준,67421,최지광,335,1,210512_202530,T,스트라이크,142,직구,0,1,True,210512_202530,6,1,0.575798,1.4167,3.44,1.62,-129.086,-4.79501,4.57383,5.60651,50.0,-1.4689,3.52298,21.2747,-12.5767,R
20210512SSKT0,2021,6,bottom,66,5,9번타자 심우준,64006,심우준,67421,최지광,336,2,210512_202552,S,헛스윙,122,커브,0,2,True,210512_202552,6,2,0.456554,1.4167,3.44,1.62,-111.263,1.69495,2.16598,5.9128,50.0,-1.22149,6.90227,15.5452,-34.6113,R
20210512SSKT0,2021,6,bottom,66,5,9번타자 심우준,64006,심우준,67421,최지광,337,3,210512_202618,B,볼,141,직구,1,2,True,210512_202618,6,3,1.78139,1.4167,3.44,1.62,-128.415,-5.68867,7.30907,5.48751,50.0,-1.25929,2.61096,18.0933,-13.7884,R
20210512SSKT0,2021,6,bottom,66,5,9번타자 심우준,64006,심우준,67421,최지광,338,4,210512_202644,B,볼,143,직구,2,2,True,210512_202644,6,4,1.37568,1.4167,3.44,1.62,-129.583,-7.26007,7.13033,5.44344,50.0,-1.27808,-1.33482,19.4946,-13.0311,R
20210512SSKT0,2021,6,bottom,66,5,9번타자 심우준,64006,심우준,67421,최지광,339,5,210512_202711,S,헛스윙,137,슬라이더,2,3,True,210512_202711,6,5,0.74045,1.4167,3.44,1.62,-124.589,-4.65345,3.20531,5.53794,50.0,-1.48215,11.7085,16.3645,-23.4528,R
20210512SSKT0,2021,7,top,68,1,1번타자 박해민,62415,박해민,64047,조현우,345,1,210512_202930,T,스트라이크,138,직구,0,1,True,210512_202930,7,1,-0.355888,1.4167,3.10965,1.49851,-125.607,-3.05734,-6.50256,5.3688,50.0,1.14484,13.7578,21.2294,-13.4141,L
20210512SSKT0,2021,7,top,68,1,1번타자 박해민,62415,박해민,64047,조현우,346,2,210512_202948,H,타격,124,슬라이더,0,1,True,210512_202948,7,2,-0.191346,1.4167,3.10965,1.49851,-113.249,0.072375,-4.17328,5.49903,50.0,1.15313,5.17027,17.8979,-36.7444,L
20210512SSKT0,2021,7,top,69,2,2번타자 구자욱,62404,구자욱,64047,조현우,350,1,210512_203120,T,스트라이크,139,직구,0,1,True,210512_203120,7,1,0.44114,1.4167,3.16058,1.42907,-126.042,-6.48472,-5.58434,5.20388,50.0,1.3365,16.7488,20.8811,-10.9043,L
20210512SSKT0,2021,7,top,69,2,2번타자 구자욱,62404,구자욱,64047,조현우,351,2,210512_203139,B,볼,128,슬라이더,1,1,True,210512_203139,7,2,-1.24091,1.4167,3.16058,1.42907,-116.104,0.38031,-6.72474,5.49089,50.0,1.15751,5.49202,18.4124,-32.8111,L
20210512SSKT0,2021,7,top,69,2,2번타자 구자욱,62404,구자욱,64047,조현우,352,3,210512_203159,H,타격,139,직구,1,1,True,210512_203159,7,3,0.459072,1.4167,3.16058,1.42907,-126.424,-3.10018,-5.10192,5.31353,50.0,1.31823,14.7966,20.9052,-13.194,L
20210512SSKT0,2021,7,top,70,3,3번타자 피렐라,51463,피렐라,69054,이상동,356,1,210512_203424,B,볼,123,포크,1,0,True,210512_203424,7,1,-0.363419,1.4167,3.34572,1.5,-112.267,1.27176,4.99632,6.06074,50.0,-1.76371,-8.38842,20.1977,-20.701,R
20210512SSKT0,2021,7,top,70,3,3번타자 피렐라,51463,피렐라,69054,이상동,357,2,210512_203436,B,볼,125,포크,2,0,True,210512_203436,7,2,1.29049,1.4167,3.34572,1.5,-113.653,-6.59385,7.79315,5.72355,50.0,-1.66549,-5.05515,17.9206,-23.4991,R
20210512SSKT0,2021,7,top,70,3,3번타자 피렐라,51463,피렐라,69054,이상동,358,3,210512_203454,T,스트라이크,126,포크,2,1,True,210512_203454,7,3,0.524161,1.4167,3.34572,1.5,-113.811,-3.24936,6.08042,5.85877,50.0,-1.74201,-4.29631,17.1778,-25.125,R
20210512SSKT0,2021,7,top,70,3,3번타자 피렐라,51463,피렐라,69054,이상동,359,4,210512_203509,S,헛스윙,141,직구,2,2,True,210512_203509,7,4,-0.48704,1.4167,3.34572,1.5,-128.352,-0.613259,5.18395,5.99507,50.0,-1.90939,-7.97121,24.5469,-16.5044,R
20210512SSKT0,2021,7,top,70,3,3번타자 피렐라,51463,피렐라,69054,이상동,360,5,210512_203529,S,헛스윙,126,포크,2,3,True,210512_203529,7,5,-1.04219,1.4167,3.34572,1.5,-114.698,2.72988,3.45407,6.14537,50.0,-1.73363,-8.55694,19.5698,-29.0088,R
20210512SSKT0,2021,7,bottom,72,1,1번타자 조용호,64868,조용호,61411,심창민,365,1,210512_203743,T,스트라이크,139,직구,0,1,True,210512_203743,7,1,-0.75891,1.4167,3.11166,1.36403,-126.444,1.46076,7.08512,3.89993,50.0,-2.70835,-10.9437,19.9792,-25.444,L
20210512SSKT0,2021,7,bottom,72,1,1번타자 조용호,64868,조용호,61411,심창민,366,2,210512_203758,B,볼,130,체인지업,1,1,True,210512_203758,7,2,-1.53742,1.4167,3.11166,1.36403,-113.127,4.26643,5.09211,4.18344,50.0,-2.84528,-9.65306,14.6306,-31.2753,L
20210512SSKT0,2021,7,bottom,72,1,1번타자 조용호,64868,조용호,61411,심창민,367,3,210512_203814,F,파울,140,직구,1,2,True,210512_203814,7,3,-0.468168,1.4167,3.11166,1.36403,-127.742,1.32956,8.15625,3.8216,50.0,-2.72582,-12.2043,18.5243,-24.5471,L
20210512SSKT0,2021,7,bottom,72,1,1번타자 조용호,64868,조용호,61411,심창민,368,4,210512_203904,S,헛스윙,139,직구,1,3,True,210512_203904,7,4,-1.57733,1.4167,3.11166,1.36403,-126.526,1.09323,5.88405,3.98328,50.0,-2.73566,-14.9417,24.5786,-24.2888,L
20210512SSKT0,2021,7,bottom,73,2,2번타자 배정대,64166,배정대,61411,심창민,371,1,210512_203942,F,파울,127,슬라이더,0,1,True,210512_203942,7,1,-0.376593,1.4167,3.375,1.5,-115.187,2.55687,4.74885,4.01101,50.0,-2.85239,4.29102,16.7995,-24.101,R
20210512SSKT0,2021,7,bottom,73,2,2번타자 배정대,64166,배정대,61411,심창민,372,2,210512_204021,B,볼,117,커브,1,1,True,210512_204021,7,2,-0.6759,1.4167,3.375,1.5,-106.588,5.72838,1.94997,4.22277,50.0,-2.88445,11.57,15.4192,-33.1326,R
20210512SSKT0,2021,7,bottom,73,2,2번타자 배정대,64166,배정대,61411,심창민,373,3,210512_204035,T,스트라이크,116,커브,1,2,True,210512_204035,7,3,-0.336589,1.4167,3.375,1.5,-105.208,3.52851,2.21587,4.13282,50.0,-2.99552,14.0367,14.5642,-31.5413,R
20210512SSKT0,2021,7,bottom,73,2,2번타자 배정대,64166,배정대,61411,심창민,374,4,210512_204050,F,파울,126,슬라이더,1,2,True,210512_204050,7,4,0.505613,1.4167,3.375,1.5,-114.941,0.531037,4.52627,4.18687,50.0,-2.67477,12.8317,14.6743,-19.6366,R
20210512SSKT0,2021,7,bottom,73,2,2번타자 배정대,64166,배정대,61411,심창민,375,5,210512_204111,B,볼,139,직구,2,2,True,210512_204111,7,5,-2.87867,1.4167,3.375,1.5,-126.274,2.81934,2.37509,4.03528,50.0,-2.90832,-11.5823,19.9866,-21.2877,R
20210512SSKT0,2021,7,bottom,74,3,3번타자 강백호,68050,강백호,61411,심창민,378,1,210512_204243,F,파울,115,커브,0,1,True,210512_204243,7,1,-0.129481,1.4167,3.375,1.5,-104.832,5.7035,1.96011,4.26064,50.0,-2.73342,14.5147,14.2099,-32.8326,L
20210512SSKT0,2021,7,bottom,74,3,3번타자 강백호,68050,강백호,61411,심창민,379,2,210512_204338,F,파울,139,직구,0,2,True,210512_204338,7,2,-0.9535,1.4167,3.375,1.5,-126.474,0.678928,6.6064,3.80363,50.0,-2.64412,-11.8945,24.7775,-23.8572,L
20210512SSKT0,2021,7,bottom,74,3,3번타자 강백호,68050,강백호,61411,심창민,380,3,210512_204413,F,파울,130,체인지업,0,2,True,210512_204413,7,3,-0.476277,1.4167,3.375,1.5,-118.055,1.48172,7.76361,4.00574,50.0,-2.56287,-13.4551,18.9402,-28.1858,L
20210512SSKT0,2021,7,bottom,74,3,3번타자 강백호,68050,강백호,61411,심창민,381,4,210512_204448,B,볼,139,직구,1,2,True,210512_204448,7,4,-2.63938,1.4167,3.375,1.5,-126.719,5.66345,3.37725,4.08726,50.0,-2.80719,-14.938,19.3639,-21.2435,L
20210512SSKT0,2021,7,bottom,74,3,3번타자 강백호,68050,강백호,61411,심창민,382,5,210512_204517,F,파울,125,슬라이더,1,2,True,210512_204517,7,5,0.624084,1.4167,3.375,1.5,-113.915,2.46748,4.60915,4.15181,50.0,-2.51106,11.2022,18.504,-21.4481,L
20210512SSKT0,2021,7,bottom,74,3,3번타자 강백호,68050,강백호,61411,심창민,383,6,210512_204600,H,타격,129,체인지업,1,2,True,210512_204600,7,6,-0.749014,1.4167,3.375,1.5,-117.301,3.20485,6.77785,4.16355,50.0,-2.5236,-12.3436,21.0992,-30.2516,L
20210512SSKT0,2021,7,bottom,75,4,4번타자 알몬테,51004,알몬테,61411,심창민,386,1,210512_204738,B,볼,141,직구,1,0,True,210512_204738,7,1,-1.5969,1.4167,3.375,1.5,-128.451,2.67589,5.4093,3.91416,50.0,-2.69735,-13.2732,21.6497,-23.5038,L
20210512SSKT0,2021,7,bottom,75,4,4번타자 알몬테,51004,알몬테,61411,심창민,387,2,210512_204803,S,헛스윙,118,커브,1,1,True,210512_204803,7,2,0.83524,1.4167,3.375,1.5,-107.307,4.762,3.40868,4.11532,50.0,-2.61584,16.7218,16.9225,-30.8448,L
20210512SSKT0,2021,7,bottom,75,4,4번타자 알몬테,51004,알몬테,61411,심창민,388,3,210512_204835,F,파울,118,커브,1,2,True,210512_204835,7,3,0.878054,1.4167,3.375,1.5,-107.798,4.23417,4.03902,4.09993,50.0,-2.69458,15.4439,16.3156,-31.1203,L
20210512SSKT0,2021,7,bottom,75,4,4번타자 알몬테,51004,알몬테,61411,심창민,389,4,210512_204941,F,파울,142,직구,1,2,True,210512_204941,7,4,-1.60011,1.4167,3.375,1.5,-129.181,0.432531,5.12394,3.97167,50.0,-2.65477,-12.4019,20.9291,-21.5687,L
20210512SSKT0,2021,7,bottom,75,4,4번타자 알몬테,51004,알몬테,61411,심창민,390,5,210512_205051,H,타격,130,체인지업,1,2,True,210512_205051,7,5,-0.79448,1.4167,3.375,1.5,-118.331,3.9594,6.715,4.0714,50.0,-2.66505,-10.9051,19.8226,-30.2984,L
20210512SSKT0,2021,7,bottom,76,5,5번타자 장성우,78548,장성우,73117,우규민,396,1,210512_205359,H,타격,135,직구,0,0,True,210512_205359,7,1,0.026154,1.4167,3.3043,1.51217,-122.322,3.35572,10.9218,3.56291,50.0,-3.27105,-14.102,19.8598,-29.7506,R
20210512SSKT0,2021,8,top,78,1,4번타자 오재일,75334,오재일,69054,이상동,402,1,210512_205622,B,볼,139,직구,1,0,True,210512_205622,8,1,-0.449844,1.4167,3.56,1.64555,-126.267,-2.91062,5.41651,5.73108,50.0,-2.01734,-7.48413,23.8155,-12.7116,L
20210512SSKT0,2021,8,top,78,1,4번타자 오재일,75334,오재일,69054,이상동,403,2,210512_205637,T,스트라이크,138,직구,1,1,True,210512_205637,8,2,0.350771,1.4167,3.56,1.64555,-125.742,-7.24472,6.33636,5.64096,50.0,-1.81869,-4.56988,21.5864,-10.1201,L
20210512SSKT0,2021,8,top,78,1,4번타자 오재일,75334,오재일,69054,이상동,404,3,210512_205652,S,헛스윙,124,포크,1,2,True,210512_205652,8,3,-0.847426,1.4167,3.56,1.64555,-113.131,-3.88198,4.04327,5.78205,50.0,-1.8035,-8.51998,19.5184,-24.9958,L
20210512SSKT0,2021,8,top,78,1,4번타자 오재일,75334,오재일,69054,이상동,405,4,210512_205708,H,타격,125,포크,1,2,True,210512_205708,8,4,-0.6817,1.4167,3.56,1.64555,-113.561,-2.35169,3.90431,5.88824,50.0,-1.71116,-7.14349,18.7452,-24.2127,L
20210512SSKT0,2021,8,top,79,2,5번타자 강민호,74540,강민호,69054,이상동,408,1,210512_205747,T,스트라이크,125,포크,0,1,True,210512_205747,8,1,-0.488851,1.4167,3.31319,1.66889,-113.617,-1.74592,4.71785,5.83214,50.0,-1.71081,-8.85362,18.7819,-26.9708,R
20210512SSKT0,2021,8,top,79,2,5번타자 강민호,74540,강민호,69054,이상동,409,2,210512_205800,T,스트라이크,127,포크,0,2,True,210512_205800,8,2,0.252818,1.4167,3.31319,1.66889,-115.418,-3.01355,6.19893,5.79919,50.0,-1.66192,-8.30837,19.0396,-25.1857,R
20210512SSKT0,2021,8,top,79,2,5번타자 강민호,74540,강민호,69054,이상동,410,3,210512_205818,S,헛스윙,142,직구,0,3,True,210512_205818,8,3,-0.357815,1.4167,3.31319,1.66889,-129.589,-2.1321,5.00993,5.84287,50.0,-1.79594,-6.77178,25.2274,-11.5928,R
20210512SSKT0,2021,8,top,80,3,6번타자 강한울,64610,강한울,69054,이상동,413,1,210512_205849,S,헛스윙,142,직구,0,1,True,210512_205849,8,1,-0.110921,1.4167,3.26806,1.48482,-129.151,-5.79195,5.57759,5.71291,50.0,-1.92689,-4.82384,26.6784,-8.50687,L
20210512SSKT0,2021,8,top,80,3,6번타자 강한울,64610,강한울,69054,이상동,414,2,210512_205903,B,볼,141,직구,1,1,True,210512_205903,8,2,-1.16332,1.4167,3.26806,1.48482,-128.597,-4.39438,3.69094,5.76452,50.0,-1.96328,-8.42268,24.7615,-11.9083,L
20210512SSKT0,2021,8,top,80,3,6번타자 강한울,64610,강한울,69054,이상동,415,3,210512_205919,S,헛스윙,139,직구,1,2,True,210512_205919,8,3,-0.625667,1.4167,3.26806,1.48482,-126.747,-5.16239,4.65057,5.71488,50.0,-1.92307,-7.00568,24.5778,-11.682,L
20210512SSKT0,2021,8,top,80,3,6번타자 강한울,64610,강한울,69054,이상동,416,4,210512_205932,B,볼,128,포크,2,2,True,210512_205932,8,4,-0.176421,1.4167,3.26806,1.48482,-116.532,-6.68776,5.28002,5.68119,50.0,-1.71351,-7.96851,18.64,-23.9101,L
20210512SSKT0,2021,8,top,80,3,6번타자 강한울,64610,강한울,69054,이상동,417,5,210512_205948,H,타격,141,직구,2,2,True,210512_205948,8,5,0.219283,1.4167,3.26806,1.48482,-127.756,-7.65531,6.2477,5.62054,50.0,-1.83069,-5.34346,23.7306,-8.91857,L
20210512SSKT0,2021,8,bottom,82,1,6번타자 문상철,64007,문상철,73117,우규민,422,1,210512_210201,T,스트라이크,118,커브,0,1,True,210512_210201,8,1,0.040195,1.4167,3.375,1.5,-107.619,4.30689,4.36679,3.99603,50.0,-3.19768,10.9145,16.1746,-29.2876,R
20210512SSKT0,2021,8,bottom,82,1,6번타자 문상철,64007,문상철,73117,우규민,423,2,210512_210216,F,파울,118,커브,0,2,True,210512_210216,8,2,0.799287,1.4167,3.375,1.5,-106.719,7.39011,7.12833,2.86166,50.0,-3.44998,7.99044,15.6117,-29.6414,R
20210512SSKT0,2021,8,bottom,82,1,6번타자 문상철,64007,문상철,73117,우규민,424,3,210512_210249,B,볼,137,직구,1,2,True,210512_210249,8,3,1.24116,1.4167,3.375,1.5,-123.89,2.7382,13.8576,3.50475,50.0,-3.23123,-13.8632,18.9036,-29.5702,R
20210512SSKT0,2021,8,bottom,82,1,6번타자 문상철,64007,문상철,73117,우규민,425,4,210512_210309,T,스트라이크,122,커브,1,3,True,210512_210309,8,4,0.318045,1.4167,3.375,1.5,-111.299,1.96305,6.02318,3.71792,50.0,-3.35599,9.50525,14.9493,-31.3899,R
20210512SSKT0,2021,8,bottom,83,2,7번타자 박경수,73113,박경수,73117,우규민,428,1,210512_210349,F,파울,137,직구,0,1,True,210512_210349,8,1,0.021114,1.4167,3.21455,1.40787,-124.655,1.1772,10.6403,3.5061,50.0,-3.13704,-13.8502,18.8767,-28.7532,R
20210512SSKT0,2021,8,bottom,83,2,7번타자 박경수,73113,박경수,73117,우규민,429,2,210512_210412,B,볼,121,커브,1,1,True,210512_210412,8,2,1.21,1.4167,3.21455,1.40787,-110.421,1.99982,7.78882,3.41223,50.0,-3.15622,8.30688,12.7342,-30.325,R
20210512SSKT0,2021,8,bottom,83,2,7번타자 박경수,73113,박경수,73117,우규민,430,3,210512_210431,T,스트라이크,119,커브,1,2,True,210512_210431,8,3,-0.263448,1.4167,3.21455,1.40787,-108.56,2.69879,4.58206,4.16721,50.0,-3.451,10.2184,12.6643,-31.8597,R
20210512SSKT0,2021,8,bottom,83,2,7번타자 박경수,73113,박경수,73117,우규민,431,4,210512_210455,B,볼,137,직구,2,2,True,210512_210455,8,4,1.4357,1.4167,3.21455,1.40787,-123.961,2.99537,14.0935,3.49345,50.0,-3.38891,-10.4025,15.3953,-27.2705,R
20210512SSKT0,2021,8,bottom,83,2,7번타자 박경수,73113,박경수,73117,우규민,432,5,210512_210516,S,헛스윙,118,커브,2,3,True,210512_210516,8,5,-0.122129,1.4167,3.21455,1.40787,-107.452,1.5159,4.28015,3.48245,50.0,-3.33984,11.1409,15.0338,-30.1459,R
20210512SSKT0,2021,8,bottom,84,3,8번타자 김병희,64014,김병희,73117,우규민,435,1,210512_210555,T,스트라이크,119,커브,0,1,True,210512_210555,8,1,-0.185338,1.4167,3.375,1.5,-108.438,3.05082,3.58418,4.37614,50.0,-3.2311,12.9826,14.6293,-33.9568,R
20210512SSKT0,2021,8,bottom,84,3,8번타자 김병희,64014,김병희,73117,우규민,436,2,210512_210609,B,볼,129,슬라이더,1,1,True,210512_210609,8,2,2.14252,1.4167,3.375,1.5,-117.12,4.33588,11.2635,3.70706,50.0,-3.09788,4.4457,17.9834,-28.1723,R
20210512SSKT0,2021,8,bottom,84,3,8번타자 김병희,64014,김병희,73117,우규민,437,3,210512_210627,S,헛스윙,118,커브,1,2,True,210512_210627,8,3,0.193499,1.4167,3.375,1.5,-107.211,3.98804,5.33054,3.27111,50.0,-3.44367,10.657,12.3209,-28.9672,R
20210512SSKT0,2021,8,bottom,84,3,8번타자 김병희,64014,김병희,73117,우규민,438,4,210512_210645,S,헛스윙,139,직구,1,3,True,210512_210645,8,4,0.506657,1.4167,3.375,1.5,-126.016,2.49633,12.6047,3.5945,50.0,-3.36268,-14.3277,17.0978,-26.8337,R
20210512SSKT0,2021,9,top,86,1,7번타자 김헌곤,61404,김헌곤,65060,주권,443,1,210512_210904,B,볼,127,슬라이더,1,0,True,210512_210904,9,1,0.998425,1.4167,3.14564,1.46014,-116.009,-0.695904,4.83659,5.63391,50.0,-1.43811,3.82414,14.6654,-29.9914,R
20210512SSKT0,2021,9,top,86,1,7번타자 김헌곤,61404,김헌곤,65060,주권,444,2,210512_210920,T,스트라이크,124,체인지업,1,1,True,210512_210920,9,2,0.092428,1.4167,3.14564,1.46014,-112.514,-2.04206,5.16686,5.6148,50.0,-1.38787,-8.30806,17.6387,-20.8663,R
20210512SSKT0,2021,9,top,86,1,7번타자 김헌곤,61404,김헌곤,65060,주권,445,3,210512_210937,F,파울,140,직구,1,2,True,210512_210937,9,3,0.547472,1.4167,3.14564,1.46014,-127.068,-5.22944,5.73789,5.52067,50.0,-1.24798,-6.08371,22.2532,-13.5591,R
20210512SSKT0,2021,9,top,86,1,7번타자 김헌곤,61404,김헌곤,65060,주권,446,4,210512_211006,B,볼,128,슬라이더,2,2,True,210512_211006,9,4,1.86099,1.4167,3.14564,1.46014,-116.603,-5.07619,6.1342,5.38595,50.0,-1.43897,7.4647,13.2497,-29.142,R
20210512SSKT0,2021,9,top,86,1,7번타자 김헌곤,61404,김헌곤,65060,주권,447,5,210512_211029,H,타격,127,체인지업,2,2,True,210512_211029,9,5,-0.000159,1.4167,3.14564,1.46014,-115.48,-3.97638,5.61031,5.52048,50.0,-1.40503,-10.9519,18.2131,-24.5499,R
20210512SSKT0,2021,9,top,87,2,8번타자 김지찬,50458,김지찬,65060,주권,450,1,210512_211106,B,볼,127,체인지업,1,0,True,210512_211106,9,1,0.425734,1.4167,2.91765,1.38531,-115.2,-0.556007,6.13678,5.63713,50.0,-1.51855,-7.75093,19.4859,-19.0591,L
20210512SSKT0,2021,9,top,87,2,8번타자 김지찬,50458,김지찬,65060,주권,451,2,210512_211131,B,볼,125,체인지업,2,0,True,210512_211131,9,2,-1.21645,1.4167,2.91765,1.38531,-113.871,-2.01259,2.12537,5.5919,50.0,-1.53026,-6.41124,16.8709,-22.3873,L
20210512SSKT0,2021,9,top,87,2,8번타자 김지찬,50458,김지찬,65060,주권,452,3,210512_211150,B,볼,140,직구,3,0,True,210512_211150,9,3,-0.773919,1.4167,2.91765,1.38531,-127.313,-2.35803,2.44111,5.61932,50.0,-1.54113,-2.51006,20.5845,-12.3192,L
20210512SSKT0,2021,9,top,87,2,8번타자 김지찬,50458,김지찬,65060,주권,453,4,210512_211211,T,스트라이크,138,직구,3,1,True,210512_211211,9,4,-0.467039,1.4167,2.91765,1.38531,-125.801,-3.90387,3.50984,5.48892,50.0,-1.52312,-4.34185,21.2932,-12.8695,L
20210512SSKT0,2021,9,top,87,2,8번타자 김지찬,50458,김지찬,65060,주권,454,5,210512_211234,T,스트라이크,126,체인지업,3,2,True,210512_211234,9,5,-0.008,1.4167,2.91765,1.38531,-114.432,-4.38219,5.5887,5.4254,50.0,-1.50737,-9.91232,18.1287,-20.2392,L
20210512SSKT0,2021,9,top,87,2,8번타자 김지찬,50458,김지찬,65060,주권,455,6,210512_211301,F,파울,126,체인지업,3,2,True,210512_211301,9,6,-0.267689,1.4167,2.91765,1.38531,-114.462,-4.25753,4.18165,5.48545,50.0,-1.50186,-6.26823,19.1688,-16.6665,L
20210512SSKT0,2021,9,top,87,2,8번타자 김지찬,50458,김지찬,65060,주권,456,7,210512_211327,F,파울,126,체인지업,3,2,True,210512_211327,9,7,0.131153,1.4167,2.91765,1.38531,-114.239,-2.38218,5.92998,5.48928,50.0,-1.57264,-9.35093,17.2358,-22.3797,L
20210512SSKT0,2021,9,top,87,2,8번타자 김지찬,50458,김지찬,65060,주권,457,8,210512_211407,B,볼,138,직구,4,2,True,210512_211407,9,8,-1.26262,1.4167,2.91765,1.38531,-126.015,1.90426,2.20018,5.7446,50.0,-1.67783,-5.81204,21.4656,-13.7939,L
20210512SSKT0,2021,9,top,88,3,9번타자 김상수,79402,김상수,65060,주권,460,1,210512_211524,S,헛스윙,128,체인지업,0,1,True,210512_211524,9,1,0.269376,1.4167,3.2185,1.514,-116.245,-4.15247,5.6997,5.46876,50.0,-1.49685,-7.44425,16.857,-20.3052,R
20210512SSKT0,2021,9,top,88,3,9번타자 김상수,79402,김상수,65060,주권,462,2,210512_211608,B,볼,128,슬라이더,1,1,True,210512_211608,9,2,2.05601,1.4167,3.2185,1.514,-116.467,-4.41427,6.75046,5.39907,50.0,-1.47609,6.89645,15.1974,-26.6352,R
20210512SSKT0,2021,9,top,88,3,9번타자 김상수,79402,김상수,65060,주권,463,3,210512_211631,T,스트라이크,139,직구,1,2,True,210512_211631,9,3,-0.258666,1.4167,3.2185,1.514,-126.158,-5.26619,3.91068,5.45194,50.0,-1.37309,-5.57077,19.84,-11.522,R
20210512SSKT0,2021,9,top,88,3,9번타자 김상수,79402,김상수,65060,주권,464,4,210512_211654,H,타격,139,직구,1,2,True,210512_211654,9,4,1.13686,1.4167,3.2185,1.514,-126.745,-4.53239,6.44909,5.58735,50.0,-1.19835,-2.74665,19.5814,-10.0471,R
20210512SSKT0,2021,9,top,89,4,1번타자 박해민,62415,박해민,65060,주권,468,1,210512_211741,F,파울,140,직구,0,1,True,210512_211741,9,1,-0.295865,1.4167,3.10965,1.49851,-127.243,-5.86185,3.96225,5.50226,50.0,-1.41515,-5.68881,19.7155,-12.4003,L
20210512SSKT0,2021,9,top,89,4,1번타자 박해민,62415,박해민,65060,주권,469,2,210512_211807,F,파울,130,체인지업,0,2,True,210512_211807,9,2,-0.705416,1.4167,3.10965,1.49851,-118.202,-4.84307,3.78089,5.42286,50.0,-1.52947,-8.66896,19.4716,-17.5357,L
20210512SSKT0,2021,9,top,89,4,1번타자 박해민,62415,박해민,65060,주권,470,3,210512_211840,H,타격,129,체인지업,0,2,True,210512_211840,9,3,-0.64524,1.4167,3.10965,1.49851,-117.305,-3.39354,4.00211,5.4901,50.0,-1.51609,-9.19441,19.3508,-17.9037,L
20210512SSKT0,2021,9,top,90,5,2번타자 구자욱,62404,구자욱,65057,이창재,475,1,210512_212215,T,스트라이크,139,직구,0,1,True,210512_212215,9,1,-0.57862,1.4167,3.16058,1.42907,-126.42,-5.55266,-9.6709,5.41741,50.0,1.65926,20.3477,22.2815,-12.3579,L
20210512SSKT0,2021,9,top,90,5,2번타자 구자욱,62404,구자욱,65057,이창재,476,2,210512_212258,S,헛스윙,136,직구,0,2,True,210512_212258,9,2,-0.33916,1.4167,3.16058,1.42907,-123.813,-2.55592,-8.42823,5.58867,50.0,1.65127,17.3972,22.9243,-13.1521,L
20210512SSKT0,2021,9,top,90,5,2번타자 구자욱,62404,구자욱,65057,이창재,477,3,210512_212327,B,볼,140,직구,1,2,True,210512_212327,9,3,-1.40578,1.4167,3.16058,1.42907,-126.593,-5.36677,-10.7601,5.49692,50.0,1.492,17.5479,24.7343,-12.3998,L
20210512SSKT0,2021,9,top,90,5,2번타자 구자욱,62404,구자욱,65057,이창재,478,4,210512_212354,S,헛스윙,140,직구,1,3,True,210512_212354,9,4,-0.576319,1.4167,3.16058,1.42907,-127.344,-6.61417,-9.23004,5.47457,50.0,1.51866,19.9068,24.3588,-9.23549,L
20210512SSKT0,2021,9,bottom,92,1,9번타자 심우준,64006,심우준,75421,오승환,483,1,210512_212613,F,파울,144,직구,0,1,True,210512_212613,9,1,0.614084,1.4167,3.44,1.62,-130.778,-5.62975,8.12464,5.57223,50.0,-2.14463,-4.81007,20.453,-10.7187,R
20210512SSKT0,2021,9,bottom,92,1,9번타자 심우준,64006,심우준,75421,오승환,484,2,210512_212633,T,스트라이크,129,슬라이더,0,2,True,210512_212633,9,2,-0.471494,1.4167,3.44,1.62,-117.104,-0.675242,3.82956,5.49475,50.0,-2.39425,3.24699,13.5959,-27.9498,R
20210512SSKT0,2021,9,bottom,92,1,9번타자 심우준,64006,심우준,75421,오승환,485,3,210512_212648,F,파울,145,직구,0,2,True,210512_212648,9,3,0.987649,1.4167,3.44,1.62,-131.783,-4.40991,8.82753,5.54051,50.0,-1.95449,-5.68899,20.2865,-10.7222,R
20210512SSKT0,2021,9,bottom,92,1,9번타자 심우준,64006,심우준,75421,오승환,486,4,210512_212720,S,헛스윙,134,슬라이더,0,3,True,210512_212720,9,4,-0.25144,1.4167,3.44,1.62,-122.324,0.62344,4.42183,5.44716,50.0,-2.61245,6.43431,20.0684,-25.6825,R
20210512SSKT0,2021,9,bottom,93,2,1번타자 조용호,64868,조용호,75421,오승환,489,1,210512_212754,F,파울,146,직구,0,1,True,210512_212754,9,1,-0.63552,1.4167,3.11166,1.36403,-132.997,-3.04134,6.22188,5.47288,50.0,-2.49724,-6.94046,26.3758,-14.2238,L
20210512SSKT0,2021,9,bottom,93,2,1번타자 조용호,64868,조용호,75421,오승환,490,2,210512_212814,B,볼,144,직구,1,1,True,210512_212814,9,2,1.03248,1.4167,3.11166,1.36403,-130.671,-2.23657,9.58098,5.54407,50.0,-2.20184,-5.93852,20.0422,-14.0859,L
20210512SSKT0,2021,9,bottom,93,2,1번타자 조용호,64868,조용호,75421,오승환,491,3,210512_212830,B,볼,145,직구,2,1,True,210512_212830,9,3,-1.49793,1.4167,3.11166,1.36403,-131.755,-5.89943,3.87324,5.39225,50.0,-2.38553,-8.112,23.7056,-15.0824,L
20210512SSKT0,2021,9,bottom,93,2,1번타자 조용호,64868,조용호,75421,오승환,492,4,210512_212848,H,타격,143,직구,2,1,True,210512_212848,9,4,-0.05308,1.4167,3.11166,1.36403,-129.956,-3.42256,7.10324,5.51728,50.0,-2.24182,-7.46491,22.3691,-12.5344,L
20210512SSKT0,2021,9,bottom,94,3,2번타자 배정대,64166,배정대,75421,오승환,495,1,210512_212929,H,타격,146,직구,0,0,True,210512_212929,9,1,-0.446053,1.4167,3.375,1.5,-132.842,-6.17395,5.45843,5.45081,50.0,-2.26115,-3.59011,26.3159,-7.41775,R
20210512SSKT0,2021,9,bottom,95,4,3번타자 강백호,68050,강백호,75421,오승환,498,1,210512_213023,B,볼,133,슬라이더,1,0,True,210512_213023,9,1,1.821,1.4167,3.375,1.5,-120.481,-6.06884,10.7236,5.40161,50.0,-1.82063,-9.44257,17.3084,-20.5443,L
20210512SSKT0,2021,9,bottom,95,4,3번타자 강백호,68050,강백호,75421,오승환,499,2,210512_213051,F,파울,132,슬라이더,1,1,True,210512_213051,9,2,0.952451,1.4167,3.375,1.5,-120.121,-2.70947,7.32571,5.42145,50.0,-2.33594,2.87766,14.7804,-23.796,L
20210512SSKT0,2021,9,bottom,95,4,3번타자 강백호,68050,강백호,75421,오승환,500,3,210512_213120,B,볼,145,직구,2,1,True,210512_213120,9,3,-1.42276,1.4167,3.375,1.5,-131.636,-2.59461,4.1399,5.57463,50.0,-2.34283,-9.05957,22.4226,-12.069,L
20210512SSKT0,2021,9,bottom,95,4,3번타자 강백호,68050,강백호,75421,오승환,501,4,210512_213140,F,파울,132,포크,2,2,True,210512_213140,9,4,-0.272147,1.4167,3.375,1.5,-120.548,-3.66027,5.28481,5.46611,50.0,-1.84349,-7.26391,18.8864,-24.5725,L
20210512SSKT0,2021,9,bottom,95,4,3번타자 강백호,68050,강백호,75421,오승환,502,5,210512_213218,F,파울,145,직구,2,2,True,210512_213218,9,5,0.255241,1.4167,3.375,1.5,-131.932,-5.02299,7.44044,5.51588,50.0,-2.07667,-6.88966,22.1848,-11.3955,L
20210512SSKT0,2021,9,bottom,95,4,3번타자 강백호,68050,강백호,75421,오승환,503,6,210512_213333,B,볼,114,커브,3,2,True,210512_213333,9,6,1.43672,1.4167,3.375,1.5,-103.372,-0.89118,4.79238,5.5811,50.0,-1.98159,9.11845,15.106,-40.1113,L
20210512SSKT0,2021,9,bottom,95,4,3번타자 강백호,68050,강백호,75421,오승환,504,7,210512_213414,H,타격,132,포크,3,2,True,210512_213414,9,7,-0.73447,1.4167,3.375,1.5,-119.982,-2.99501,6.75655,5.40139,50.0,-2.14839,-16.1434,18.2663,-27.9964,L
20210828NCHH0,2021,1,top,1,1,1번타자 최정원,69992,최정원,50815,킹험,2,1,210828_180025,B,볼,144,직구,1,0,True,210828_180025,1,1,0.69548,1.4167,3.27886,1.48539,-127.741,-4.91795,7.72741,6.16102,50.0,-2.36547,-0.235826,29.2929,-14.3015,L
20210828NCHH0,2021,1,top,1,1,1번타자 최정원,69992,최정원,50815,킹험,3,2,210828_180038,H,타격,143,직구,1,0,True,210828_180038,1,2,0.309438,1.4167,3.27886,1.48539,-128.243,-6.9591,6.36168,6.14899,50.0,-2.27662,0.794034,29.0874,-16.1654,L
20210828NCHH0,2021,1,top,2,2,2번타자 김기환,65462,김기환,50815,킹험,6,1,210828_180122,T,스트라이크,142,직구,0,1,True,210828_180122,1,1,-0.664244,1.4167,3.375,1.5,-128.284,-4.55067,5.04731,6.28881,50.0,-2.3875,-3.45382,26.3723,-15.7685,L
20210828NCHH0,2021,1,top,2,2,2번타자 김기환,65462,김기환,50815,킹험,7,2,210828_180140,B,볼,144,직구,1,1,True,210828_180140,1,2,0.171251,1.4167,3.375,1.5,-130.148,-8.38316,7.22098,6.07757,50.0,-2.33663,-4.04266,28.3539,-16.8875,L
20210828NCHH0,2021,1,top,2,2,2번타자 김기환,65462,김기환,50815,킹험,8,3,210828_180157,T,스트라이크,134,체인지업,1,2,True,210828_180157,1,3,-0.087766,1.4167,3.375,1.5,-120.331,-2.21345,7.37615,6.01484,50.0,-2.34305,-9.5843,23.1632,-22.8337,L
20210828NCHH0,2021,1,top,2,2,2번타자 김기환,65462,김기환,50815,킹험,9,4,210828_180215,B,볼,127,커브,2,2,True,210828_180215,1,4,0.636915,1.4167,3.375,1.5,-114.467,-2.58016,4.7627,6.13813,50.0,-2.54124,10.7582,23.0688,-37.3325,L
20210828NCHH0,2021,1,top,2,2,2번타자 김기환,65462,김기환,50815,킹험,10,5,210828_180231,H,타격,127,커브,2,2,True,210828_180231,1,5,0.121931,1.4167,3.375,1.5,-114.081,0.16389,3.7287,6.25935,50.0,-2.58054,10.4379,23.259,-37.3781,L
20210828NCHH0,2021,1,top,3,3,3번타자 나성범,62947,나성범,50815,킹험,13,1,210828_180314,T,스트라이크,146,직구,0,1,True,210828_180314,1,1,-0.900121,1.4167,3.339,1.60261,-131.489,-8.58311,3.67259,6.0421,50.0,-2.29245,-0.276383,27.0039,-14.2025,L
20210828NCHH0,2021,1,top,3,3,3번타자 나성범,62947,나성범,50815,킹험,14,2,210828_180347,H,타격,147,직구,0,1,True,210828_180347,1,2,0.67115,1.4167,3.339,1.60261,-132.74,-8.15557,7.74873,6.12119,50.0,-2.08707,-2.76495,29.0873,-13.5727,L
20210828NCHH0,2021,1,bottom,5,1,1번타자 조한민,69705,조한민,69962,송명기,18,1,210828_180609,T,스트라이크,144,직구,0,1,True,210828_180609,1,1,0.215411,1.4167,3.375,1.5,-129.609,-4.78494,7.33519,5.09775,50.0,-1.95217,-9.26329,30.5583,-16.3605,R
20210828NCHH0,2021,1,bottom,5,1,1번타자 조한민,69705,조한민,69962,송명기,19,2,210828_180623,F,파울,144,직구,0,2,True,210828_180623,1,2,0.238349,1.4167,3.375,1.5,-130.185,-3.35129,7.85518,5.10653,50.0,-1.95102,-11.5697,31.4443,-18.0683,R
20210828NCHH0,2021,1,bottom,5,1,1번타자 조한민,69705,조한민,69962,송명기,20,3,210828_180643,B,볼,148,직구,1,2,True,210828_180643,1,3,1.2647,1.4167,3.375,1.5,-133.371,-1.44992,10.02,5.02977,50.0,-1.79615,-10.5568,33.362,-16.7712,R
20210828NCHH0,2021,1,bottom,5,1,1번타자 조한민,69705,조한민,69962,송명기,21,4,210828_180657,B,볼,118,커브,2,2,True,210828_180657,1,4,0.391038,1.4167,3.375,1.5,-107.313,-4.78664,3.35107,5.10162,50.0,-1.87053,5.81988,23.0386,-30.0324,R
20210828NCHH0,2021,1,bottom,5,1,1번타자 조한민,69705,조한민,69962,송명기,22,5,210828_180722,H,타격,145,직구,2,2,True,210828_180722,1,5,-0.34876,1.4167,3.375,1.5,-130.928,-5.93322,6.11479,4.97771,50.0,-2.00398,-9.58516,32.2037,-13.1479,R
20210828NCHH0,2021,1,bottom,6,2,2번타자 최재훈,78288,최재훈,69962,송명기,25,1,210828_180754,T,스트라이크,145,직구,0,1,True,210828_180754,1,1,0.648229,1.4167,3.23055,1.60512,-130.449,-5.31581,8.89741,5.09246,50.0,-1.91076,-12.0223,31.3551,-16.2708,R
20210828NCHH0,2021,1,bottom,6,2,2번타자 최재훈,78288,최재훈,69962,송명기,26,2,210828_180807,F,파울,132,슬라이더,0,2,True,210828_180807,1,2,-0.611603,1.4167,3.23055,1.60512,-119.801,-0.500742,2.57835,5.15657,50.0,-2.06173,4.01444,23.4845,-26.0878,R
20210828NCHH0,2021,1,bottom,6,2,2번타자 최재훈,78288,최재훈,69962,송명기,27,3,210828_180827,F,파울,146,직구,0,2,True,210828_180827,1,3,-0.21228,1.4167,3.23055,1.60512,-132.075,-1.01771,6.34278,5.02668,50.0,-1.9615,-9.40171,32.9623,-16.0348,R
20210828NCHH0,2021,1,bottom,6,2,2번타자 최재훈,78288,최재훈,69962,송명기,28,4,210828_180847,B,볼,131,슬라이더,1,2,True,210828_180847,1,4,-0.853331,1.4167,3.23055,1.60512,-118.657,-2.50237,3.70027,5.07871,50.0,-2.21194,-2.49346,25.5006,-26.1075,R
20210828NCHH0,2021,1,bottom,6,2,2번타자 최재훈,78288,최재훈,69962,송명기,29,5,210828_180902,T,스트라이크,145,직구,1,3,True,210828_180902,1,5,0.564385,1.4167,3.23055,1.60512,-131.368,-3.02026,8.90043,4.96183,50.0,-1.97368,-12.2281,33.6639,-17.4892,R
20210828NCHH0,2021,1,bottom,7,3,3번타자 하주석,62700,하주석,69962,송명기,32,1,210828_180935,S,헛스윙,129,포크,0,1,True,210828_180935,1,1,0.274603,1.4167,3.44362,1.61344,-116.242,-2.59403,5.13382,5.15021,50.0,-2.0229,0.570841,23.0907,-29.5497,L
20210828NCHH0,2021,1,bottom,7,3,3번타자 하주석,62700,하주석,69962,송명기,33,2,210828_180953,B,볼,129,포크,1,1,True,210828_180953,1,2,-1.87131,1.4167,3.44362,1.61344,-116.985,-0.073865,1.18017,5.07828,50.0,-2.26158,-1.29828,23.8673,-27.9508,L
20210828NCHH0,2021,1,bottom,7,3,3번타자 하주석,62700,하주석,69962,송명기,34,3,210828_181014,B,볼,145,직구,2,1,True,210828_181014,1,3,1.9028,1.4167,3.44362,1.61344,-130.545,-4.02103,11.4155,4.9636,50.0,-1.89537,-8.51493,29.4101,-14.3961,L
20210828NCHH0,2021,1,bottom,7,3,3번타자 하주석,62700,하주석,69962,송명기,35,4,210828_181038,F,파울,143,직구,2,2,True,210828_181038,1,4,0.087343,1.4167,3.44362,1.61344,-129.332,-3.2342,7.70003,4.89752,50.0,-2.05236,-11.5509,31.7535,-18.4804,L
20210828NCHH0,2021,1,bottom,7,3,3번타자 하주석,62700,하주석,69962,송명기,36,5,210828_181123,F,파울,146,직구,2,2,True,210828_181123,1,5,0.163613,1.4167,3.44362,1.61344,-131.878,-5.72758,8.02499,4.89272,50.0,-2.13172,-10.7619,30.9239,-13.4981,L
20210828NCHH0,2021,1,bottom,7,3,3번타자 하주석,62700,하주석,69962,송명기,37,6,210828_181156,F,파울,147,직구,2,2,True,210828_181156,1,6,0.763301,1.4167,3.44362,1.61344,-131.826,-2.1907,9.50066,4.92479,50.0,-1.92853,-13.1599,32.6934,-17.1863,L
20210828NCHH0,2021,1,bottom,7,3,3번타자 하주석,62700,하주석,69962,송명기,38,7,210828_181226,B,볼,145,직구,3,2,True,210828_181226,1,7,-1.53578,1.4167,3.44362,1.61344,-132.955,-2.45427,3.04716,4.97462,50.0,-2.09169,-8.33197,32.4658,-15.5095,L
20210828NCHH0,2021,1,bottom,7,3,3번타자 하주석,62700,하주석,69962,송명기,39,8,210828_181245,F,파울,145,직구,3,2,True,210828_181245,1,8,-0.284602,1.4167,3.44362,1.61344,-130.793,-3.19707,6.68776,5.02655,50.0,-1.9941,-11.7771,29.6078,-18.2621,L
20210828NCHH0,2021,1,bottom,7,3,3번타자 하주석,62700,하주석,69962,송명기,40,9,210828_181317,F,파울,133,슬라이더,3,2,True,210828_181317,1,9,0.151205,1.4167,3.44362,1.61344,-120.07,-0.375611,3.9024,5.13892,50.0,-2.0104,5.78594,23.35,-20.11,L
20210828NCHH0,2021,1,bottom,7,3,3번타자 하주석,62700,하주석,69962,송명기,41,10,210828_181342,F,파울,148,직구,3,2,True,210828_181342,1,10,0.537602,1.4167,3.44362,1.61344,-133.224,-3.05585,9.42547,4.87558,50.0,-1.98644,-14.7697,32.1347,-14.2312,L
20210828NCHH0,2021,1,bottom,7,3,3번타자 하주석,62700,하주석,69962,송명기,42,11,210828_181409,H,타격,147,직구,3,2,True,210828_181409,1,11,-0.54131,1.4167,3.44362,1.61344,-132.15,-3.92812,5.64653,4.96543,50.0,-2.0175,-9.39527,29.8233,-16.4628,L
20210828NCHH0,2021,1,bottom,8,4,4번타자 김태연,66704,김태연,69962,송명기,45,1,210828_181458,S,헛스윙,145,직구,0,1,True,210828_181458,1,1,-0.255787,1.4167,3.375,1.5,-130.266,-1.58848,6.31801,5.10313,50.0,-1.93167,-10.3751,29.8032,-17.4617,R
20210828NCHH0,2021,1,bottom,8,4,4번타자 김태연,66704,김태연,69962,송명기,46,2,210828_181523,B,볼,144,직구,1,1,True,210828_181523,1,2,-1.59429,1.4167,3.375,1.5,-129.899,0.014211,3.26778,5.11436,50.0,-2.05156,-10.7192,30.6244,-17.3853,R
20210828NCHH0,2021,1,bottom,9,5,5번타자 페레즈,51714,페레즈,69962,송명기,50,1,210828_181621,B,볼,131,슬라이더,1,0,True,210828_181621,1,1,1.25586,1.4167,3.64613,1.68381,-118.266,0.188321,5.89096,5.20169,50.0,-1.77847,5.49533,23.5976,-22.7609,R
20210828NCHH0,2021,1,bottom,9,5,5번타자 페레즈,51714,페레즈,69962,송명기,51,2,210828_181647,T,스트라이크,133,슬라이더,1,1,True,210828_181647,1,2,0.80972,1.4167,3.64613,1.68381,-120.404,-0.642074,5.78256,5.15361,50.0,-1.78204,1.73039,24.5303,-24.6774,R
20210828NCHH0,2021,1,bottom,9,5,5번타자 페레즈,51714,페레즈,69962,송명기,52,3,210828_181714,S,헛스윙,143,직구,1,2,True,210828_181714,1,3,0.17722,1.4167,3.64613,1.68381,-129.537,-3.40261,7.23589,5.08251,50.0,-1.83192,-10.8431,31.5282,-15.2671,R
20210828NCHH0,2021,1,bottom,9,5,5번타자 페레즈,51714,페레즈,69962,송명기,53,4,210828_181751,T,스트라이크,143,직구,1,3,True,210828_181751,1,4,0.433877,1.4167,3.64613,1.68381,-129.061,-4.04527,7.85862,4.86471,50.0,-1.86227,-10.3626,30.8738,-17.821,R
20210828NCHH0,2021,2,top,11,1,4번타자 양의지,76232,양의지,50815,킹험,57,1,210828_182013,T,스트라이크,141,직구,0,1,True,210828_182013,2,1,-0.128998,1.4167,3.27759,1.51127,-126.952,-4.88857,6.4007,6.21981,50.0,-2.36156,-4.10257,27.6184,-15.2039,R
20210828NCHH0,2021,2,top,11,1,4번타자 양의지,76232,양의지,50815,킹험,58,2,210828_182028,B,볼,130,슬라이더,1,1,True,210828_182028,2,2,1.73125,1.4167,3.27759,1.51127,-117.44,-4.33183,7.28815,6.12782,50.0,-2.26476,8.91527,24.6523,-24.8513,R
20210828NCHH0,2021,2,top,11,1,4번타자 양의지,76232,양의지,50815,킹험,59,3,210828_182047,B,볼,122,커브,2,1,True,210828_182047,2,3,-1.18404,1.4167,3.27759,1.51127,-110.299,1.39446,-0.046711,6.31726,50.0,-2.41697,11.6968,23.3288,-37.7539,R
20210828NCHH0,2021,2,top,11,1,4번타자 양의지,76232,양의지,50815,킹험,60,4,210828_182105,H,타격,144,직구,2,1,True,210828_182105,2,4,0.110172,1.4167,3.27759,1.51127,-130.604,-5.60244,6.68946,6.19814,50.0,-2.15659,-4.49474,30.8341,-17.0227,R
20210828NCHH0,2021,2,top,12,2,5번타자 알테어,50923,알테어,50815,킹험,63,1,210828_182143,T,스트라이크,145,직구,0,1,True,210828_182143,2,1,0.164677,1.4167,3.73202,1.85666,-130.549,-7.5388,6.91621,6.15466,50.0,-2.06684,-5.96652,26.5046,-18.3683,R
20210828NCHH0,2021,2,top,12,2,5번타자 알테어,50923,알테어,50815,킹험,64,2,210828_182158,S,헛스윙,129,커브,0,2,True,210828_182158,2,2,-0.146821,1.4167,3.73202,1.85666,-116.079,-3.14716,3.94167,6.10683,50.0,-2.37076,5.40296,19.8603,-33.6295,R
20210828NCHH0,2021,2,top,12,2,5번타자 알테어,50923,알테어,50815,킹험,65,3,210828_182215,B,볼,133,커브,1,2,True,210828_182215,2,3,1.17562,1.4167,3.73202,1.85666,-120.187,-4.86404,7.10398,6.1299,50.0,-2.246,4.73246,24.3051,-28.5599,R
20210828NCHH0,2021,2,top,12,2,5번타자 알테어,50923,알테어,50815,킹험,66,4,210828_182231,H,타격,131,커브,1,2,True,210828_182231,2,4,0.10879,1.4167,3.73202,1.85666,-118.361,-3.04755,4.18255,6.07972,50.0,-2.41948,8.01003,23.3556,-27.0099,R
20210828NCHH0,2021,2,top,13,3,6번타자 박준영,66928,박준영,50815,킹험,69,1,210828_182322,F,파울,144,직구,0,1,True,210828_182322,2,1,-0.253232,1.4167,3.375,1.5,-129.968,-6.77784,5.43772,6.22347,50.0,-2.10681,-3.53949,28.4548,-13.6562,R
20210828NCHH0,2021,2,top,13,3,6번타자 박준영,66928,박준영,50815,킹험,70,2,210828_182347,T,스트라이크,145,직구,0,2,True,210828_182347,2,2,0.533467,1.4167,3.375,1.5,-130.967,-7.45628,7.1333,6.21448,50.0,-2.04497,-2.54454,30.2337,-13.2176,R
20210828NCHH0,2021,2,top,13,3,6번타자 박준영,66928,박준영,50815,킹험,71,3,210828_182409,S,헛스윙,146,직구,0,3,True,210828_182409,2,3,0.248439,1.4167,3.375,1.5,-131.85,-7.58507,5.84837,6.21859,50.0,-1.97381,-0.500654,31.609,-12.1791,R
20210828NCHH0,2021,2,top,14,4,7번타자 윤형준,63905,윤형준,50815,킹험,74,1,210828_182441,H,타격,124,커브,0,0,True,210828_182441,2,1,0.597523,1.4167,3.375,1.5,-111.88,1.20026,3.7728,6.36627,50.0,-2.26482,11.0793,22.306,-37.2004,R
20210828NCHH0,2021,2,bottom,16,1,6번타자 최인호,50707,최인호,69962,송명기,78,1,210828_182700,T,스트라이크,142,직구,0,1,True,210828_182700,2,1,-0.026362,1.4167,3.22284,1.5,-127.647,-3.39242,6.41073,5.10268,50.0,-1.96548,-7.71813,27.5619,-14.8661,L
20210828NCHH0,2021,2,bottom,16,1,6번타자 최인호,50707,최인호,69962,송명기,79,2,210828_182713,T,스트라이크,144,직구,0,2,True,210828_182713,2,2,0.599934,1.4167,3.22284,1.5,-130.343,-5.97505,8.09443,4.91255,50.0,-1.8503,-9.15001,25.8465,-15.7612,L
20210828NCHH0,2021,2,bottom,16,1,6번타자 최인호,50707,최인호,69962,송명기,80,3,210828_182729,B,볼,147,직구,1,2,True,210828_182729,2,3,0.559542,1.4167,3.22284,1.5,-132.667,-5.57151,8.90577,4.9031,50.0,-1.87978,-13.2327,29.9298,-15.697,L
20210828NCHH0,2021,2,bottom,16,1,6번타자 최인호,50707,최인호,69962,송명기,81,4,210828_182747,S,헛스윙,119,커브,1,3,True,210828_182747,2,4,1.34527,1.4167,3.22284,1.5,-107.747,-2.93731,5.24662,5.06424,50.0,-1.87419,6.72642,19.7562,-30.9511,L
20210828NCHH0,2021,2,bottom,17,2,7번타자 장운호,63700,장운호,69962,송명기,84,1,210828_182826,T,스트라이크,130,슬라이더,0,1,True,210828_182826,2,1,0.527929,1.4167,3.375,1.5,-117.714,-0.65834,5.61931,5.11508,50.0,-1.97588,0.83785,23.9483,-23.6917,R
20210828NCHH0,2021,2,bottom,17,2,7번타자 장운호,63700,장운호,69962,송명기,85,2,210828_182839,B,볼,121,커브,1,1,True,210828_182839,2,2,0.023111,1.4167,3.375,1.5,-109.367,-2.44515,2.98514,5.14829,50.0,-1.99278,5.8508,20.2478,-29.6904,R
20210828NCHH0,2021,2,bottom,17,2,7번타자 장운호,63700,장운호,69962,송명기,86,3,210828_182855,B,볼,143,직구,2,1,True,210828_182855,2,3,1.43404,1.4167,3.375,1.5,-128.695,-4.38157,10.4624,5.01112,50.0,-1.88444,-10.4946,29.9335,-13.6737,R
20210828NCHH0,2021,2,bottom,17,2,7번타자 장운호,63700,장운호,69962,송명기,87,4,210828_182914,H,타격,131,슬라이더,2,1,True,210828_182914,2,4,-0.371439,1.4167,3.375,1.5,-118.634,-3.11715,4.23495,5.04332,50.0,-2.02856,-1.67626,23.2896,-19.7077,R
20210828NCHH0,2021,2,bottom,18,3,8번타자 노태형,64704,노태형,69962,송명기,90,1,210828_182953,T,스트라이크,141,직구,0,1,True,210828_182953,2,1,0.722222,1.4167,3.39111,1.68232,-126.764,-4.38612,7.69867,5.00114,50.0,-1.85656,-6.37648,29.1657,-14.129,L
20210828NCHH0,2021,2,bottom,18,3,8번타자 노태형,64704,노태형,69962,송명기,91,2,210828_183008,F,파울,129,포크,0,2,True,210828_183008,2,2,-1.02355,1.4167,3.39111,1.68232,-116.153,-0.651436,2.76603,5.16289,50.0,-2.09009,-1.47234,21.9312,-25.3323,L
20210828NCHH0,2021,2,bottom,18,3,8번타자 노태형,64704,노태형,69962,송명기,92,3,210828_183029,B,볼,145,직구,1,2,True,210828_183029,2,3,-0.598867,1.4167,3.39111,1.68232,-130.69,1.32621,5.54677,5.13529,50.0,-2.06094,-9.21665,31.1841,-14.6494,L
20210828NCHH0,2021,2,bottom,18,3,8번타자 노태형,64704,노태형,69962,송명기,93,4,210828_183049,F,파울,119,커브,1,2,True,210828_183049,2,4,-1.64617,1.4167,3.39111,1.68232,-107.557,1.21399,-0.268552,5.14117,50.0,-2.23635,6.40218,20.8059,-29.4361,L
20210828NCHH0,2021,2,bottom,18,3,8번타자 노태형,64704,노태형,69962,송명기,94,5,210828_183109,F,파울,146,직구,1,2,True,210828_183109,2,5,0.459794,1.4167,3.39111,1.68232,-126.979,-1.33973,7.5993,4.9681,50.0,-1.96502,-7.71333,28.2923,-16.4168,L
20210828NCHH0,2021,2,bottom,18,3,8번타자 노태형,64704,노태형,69962,송명기,95,6,210828_183132,H,타격,121,커브,1,2,True,210828_183132,2,6,-0.738487,1.4167,3.39111,1.68232,-109.79,-0.225624,1.69457,5.12973,50.0,-2.15474,5.93044,20.1465,-29.8864,L
20210828NCHH0,2021,2,bottom,19,4,9번타자 장지승,51706,장지승,69962,송명기,98,1,210828_183233,T,스트라이크,130,슬라이더,0,1,True,210828_183233,2,1,0.618624,1.4167,3.38074,1.62819,-117.955,-0.673467,5.87881,4.99461,50.0,-2.07962,1.70943,25.2757,-21.9846,R
20210828NCHH0,2021,2,bottom,19,4,9번타자 장지승,51706,장지승,69962,송명기,99,2,210828_183253,F,파울,132,슬라이더,0,2,True,210828_183253,2,2,0.658427,1.4167,3.38074,1.62819,-119.071,-2.11807,6.23809,5.0072,50.0,-2.08945,1.03955,22.8966,-21.6807,R
20210828NCHH0,2021,2,bottom,19,4,9번타자 장지승,51706,장지승,69962,송명기,100,3,210828_183345,H,타격,144,직구,0,2,True,210828_183345,2,3,0.286504,1.4167,3.38074,1.62819,-129.747,-2.55051,7.32088,4.9566,50.0,-1.94909,-8.34944,32.3988,-15.624,R
20210828NCHH0,2021,3,top,21,1,8번타자 김태군,78122,김태군,50815,킹험,104,1,210828_183632,T,스트라이크,141,직구,0,1,True,210828_183632,3,1,0.801414,1.4167,3.25736,1.65989,-126.983,-8.73537,8.00693,6.09131,50.0,-2.20584,-2.43262,27.435,-13.6789,R
20210828NCHH0,2021,3,top,21,1,8번타자 김태군,78122,김태군,50815,킹험,105,2,210828_183656,B,볼,132,체인지업,1,1,True,210828_183656,3,2,1.3979,1.4167,3.25736,1.65989,-118.764,-4.46229,11.3364,5.91898,50.0,-2.28951,-12.6769,23.8497,-24.6468,R
20210828NCHH0,2021,3,top,21,1,8번타자 김태군,78122,김태군,50815,킹험,106,3,210828_183716,F,파울,144,직구,1,2,True,210828_183716,3,3,-0.372483,1.4167,3.25736,1.65989,-129.905,-5.71862,4.31572,6.29236,50.0,-2.10705,0.646291,28.1299,-12.8118,R
20210828NCHH0,2021,3,top,21,1,8번타자 김태군,78122,김태군,50815,킹험,107,4,210828_183742,H,타격,131,커브,1,2,True,210828_183742,3,4,0.466242,1.4167,3.25736,1.65989,-118.279,-2.69122,4.16348,6.21906,50.0,-2.19318,9.41365,24.4629,-31.1717,R
20210828NCHH0,2021,3,top,22,2,9번타자 김주원,51907,김주원,50815,킹험,110,1,210828_183819,B,볼,143,직구,1,0,True,210828_183819,3,1,-0.836546,1.4167,3.44836,1.65251,-129.008,-9.0074,4.18621,6.05998,50.0,-2.2682,-2.80224,28.8316,-14.6963,L
20210828NCHH0,2021,3,top,22,2,9번타자 김주원,51907,김주원,50815,킹험,111,2,210828_183834,H,타격,145,직구,1,0,True,210828_183834,3,2,-0.067459,1.4167,3.44836,1.65251,-130.252,-7.9443,5.68716,6.26022,50.0,-2.1415,-1.88577,28.9572,-11.5916,L
20210828NCHH0,2021,3,top,23,3,1번타자 최정원,69992,최정원,50815,킹험,114,1,210828_183926,B,볼,132,체인지업,1,0,True,210828_183926,3,1,-0.360472,1.4167,3.27886,1.48539,-118.577,-4.92826,6.47225,5.90425,50.0,-2.35446,-8.4785,23.8427,-26.1123,L
20210828NCHH0,2021,3,top,23,3,1번타자 최정원,69992,최정원,50815,킹험,115,2,210828_183947,H,타격,131,체인지업,1,0,True,210828_183947,3,2,-0.516997,1.4167,3.27886,1.48539,-119.11,-3.33243,6.52216,6.06889,50.0,-2.24354,-11.6236,25.9142,-21.8574,L
20210828NCHH0,2021,3,top,24,4,2번타자 김기환,65462,김기환,50815,킹험,119,1,210828_184116,B,볼,143,직구,1,0,True,210828_184116,3,1,-0.396288,1.4167,3.375,1.5,-127.444,-4.96767,4.25596,6.48515,50.0,-2.26283,2.05692,29.8127,-14.6075,L
20210828NCHH0,2021,3,top,24,4,2번타자 김기환,65462,김기환,50815,킹험,120,2,210828_184141,H,타격,131,체인지업,1,0,True,210828_184141,3,2,-0.627139,1.4167,3.375,1.5,-118.229,-4.70032,6.28748,6.22254,50.0,-2.46083,-9.41779,24.7846,-21.2295,L
20210828NCHH0,2021,3,top,25,5,3번타자 나성범,62947,나성범,50815,킹험,124,1,210828_184229,B,볼,144,직구,1,0,True,210828_184229,3,1,-1.80079,1.4167,3.339,1.60261,-128.687,-6.48566,1.20289,6.37612,50.0,-2.35831,1.0454,29.5784,-12.4451,L
20210828NCHH0,2021,3,top,25,5,3번타자 나성범,62947,나성범,50815,킹험,125,2,210828_184259,B,볼,130,커브,2,0,True,210828_184259,3,2,-0.987121,1.4167,3.339,1.60261,-117.099,-4.74855,1.31937,6.1892,50.0,-2.51309,10.0237,25.6157,-26.8196,L
20210828NCHH0,2021,3,top,25,5,3번타자 나성범,62947,나성범,50815,킹험,127,3,210828_184347,H,타격,123,커브,2,0,True,210828_184347,3,3,0.251314,1.4167,3.339,1.60261,-111.038,-0.096578,3.35404,6.28401,50.0,-2.38089,10.3166,23.3217,-34.5479,L
20210828NCHH0,2021,3,bottom,27,1,1번타자 조한민,69705,조한민,69962,송명기,131,1,210828_184607,T,스트라이크,130,슬라이더,0,1,True,210828_184607,3,1,-0.336747,1.4167,3.375,1.5,-117.673,-2.37369,3.46047,5.0784,50.0,-1.9716,1.46053,25.1473,-21.8097,R
20210828NCHH0,2021,3,bottom,27,1,1번타자 조한민,69705,조한민,69962,송명기,132,2,210828_184622,S,헛스윙,131,포크,0,2,True,210828_184622,3,2,-0.015837,1.4167,3.375,1.5,-118.016,-2.14208,4.58428,5.07623,50.0,-1.99362,0.064587,23.5466,-22.3824,R
20210828NCHH0,2021,3,bottom,27,1,1번타자 조한민,69705,조한민,69962,송명기,133,3,210828_184641,H,타격,120,커브,0,2,True,210828_184641,3,3,0.41042,1.4167,3.375,1.5,-108.659,-1.35781,3.60347,5.18782,50.0,-1.86251,5.30015,21.6193,-29.8562,R
20210828NCHH0,2021,3,bottom,28,2,2번타자 최재훈,78288,최재훈,69962,송명기,136,1,210828_184715,B,볼,131,슬라이더,1,0,True,210828_184715,3,1,-0.380931,1.4167,3.23055,1.60512,-118.562,-4.39059,3.86072,4.9421,50.0,-2.09961,0.737056,23.2504,-21.6144,R
20210828NCHH0,2021,3,bottom,28,2,2번타자 최재훈,78288,최재훈,69962,송명기,137,2,210828_184730,T,스트라이크,143,직구,1,1,True,210828_184730,3,2,0.548749,1.4167,3.23055,1.60512,-128.214,-3.7118,7.52022,5.03856,50.0,-1.86795,-7.25506,30.3294,-14.6325,R
20210828NCHH0,2021,3,bottom,28,2,2번타자 최재훈,78288,최재훈,69962,송명기,138,3,210828_184743,B,볼,129,포크,2,1,True,210828_184743,3,3,0.286326,1.4167,3.23055,1.60512,-115.664,-4.0563,6.77051,4.9959,50.0,-1.89706,-8.19522,23.0447,-23.923,R
20210828NCHH0,2021,3,bottom,28,2,2번타자 최재훈,78288,최재훈,69962,송명기,139,4,210828_184758,F,파울,140,직구,2,2,True,210828_184758,3,4,0.556217,1.4167,3.23055,1.60512,-126.73,-4.57317,8.30522,4.97678,50.0,-1.93841,-10.5238,31.4103,-16.5567,R
20210828NCHH0,2021,3,bottom,28,2,2번타자 최재훈,78288,최재훈,69962,송명기,140,5,210828_184818,H,타격,134,슬라이더,2,2,True,210828_184818,3,5,0.099375,1.4167,3.23055,1.60512,-120.777,-1.28961,5.06863,5.03838,50.0,-2.10514,0.835366,24.76,-21.4478,R
20210828NCHH0,2021,3,bottom,29,3,3번타자 하주석,62700,하주석,69962,송명기,143,1,210828_184925,T,스트라이크,141,직구,0,1,True,210828_184925,3,1,-0.39346,1.4167,3.44362,1.61344,-126.737,-2.23611,5.90247,5.05421,50.0,-2.14032,-7.78695,30.9398,-20.1784,L
20210828NCHH0,2021,3,bottom,29,3,3번타자 하주석,62700,하주석,69962,송명기,144,2,210828_184948,T,스트라이크,130,포크,0,2,True,210828_184948,3,2,-0.775884,1.4167,3.44362,1.61344,-117.656,1.23726,3.87412,5.07938,50.0,-2.23722,-2.34977,26.8252,-29.163,L
20210828NCHH0,2021,3,bottom,29,3,3번타자 하주석,62700,하주석,69962,송명기,145,3,210828_185013,H,타격,142,직구,0,2,True,210828_185013,3,3,0.585191,1.4167,3.44362,1.61344,-127.607,-4.60968,8.52788,4.912,50.0,-1.9176,-11.3722,31.2581,-19.0247,L
20210828NCHH0,2021,3,bottom,30,4,4번타자 김태연,66704,김태연,69962,송명기,148,1,210828_185102,B,볼,122,커브,1,0,True,210828_185102,3,1,-0.253305,1.4167,3.375,1.5,-110.736,2.62849,2.08697,5.30934,50.0,-2.00894,7.48413,22.9128,-27.8128,R
20210828NCHH0,2021,3,bottom,30,4,4번타자 김태연,66704,김태연,69962,송명기,149,2,210828_185123,B,볼,131,슬라이더,2,0,True,210828_185123,3,2,0.076763,1.4167,3.375,1.5,-118.023,0.552758,4.02812,5.12958,50.0,-2.01491,3.87105,23.7867,-21.5791,R
20210828NCHH0,2021,3,bottom,30,4,4번타자 김태연,66704,김태연,69962,송명기,150,3,210828_185205,T,스트라이크,141,직구,2,1,True,210828_185205,3,3,0.203143,1.4167,3.375,1.5,-127.166,-2.84573,7.76896,4.86732,50.0,-2.07426,-10.4392,30.5229,-19.941,R
20210828NCHH0,2021,3,bottom,30,4,4번타자 김태연,66704,김태연,69962,송명기,151,4,210828_185231,B,볼,142,직구,3,1,True,210828_185231,3,4,-1.5613,1.4167,3.375,1.5,-127.919,0.586346,3.58351,5.02778,50.0,-2.0341,-12.0233,30.8178,-20.9766,R
20210828NCHH0,2021,3,bottom,31,5,5번타자 페레즈,51714,페레즈,69962,송명기,155,1,210828_185432,B,볼,128,포크,1,0,True,210828_185432,3,1,1.30288,1.4167,3.64613,1.68381,-115.431,-4.79721,8.67085,4.96536,50.0,-1.89011,-6.51192,24.3169,-24.33,R
20210828NCHH0,2021,3,bottom,31,5,5번타자 페레즈,51714,페레즈,69962,송명기,156,2,210828_185506,B,볼,133,슬라이더,2,0,True,210828_185506,3,2,-0.214502,1.4167,3.64613,1.68381,-120.143,0.658675,4.99326,5.06587,50.0,-2.23534,-0.919804,22.5853,-23.3249,R
20210828NCHH0,2021,3,bottom,31,5,5번타자 페레즈,51714,페레즈,69962,송명기,157,3,210828_185531,B,볼,131,슬라이더,3,0,True,210828_185531,3,3,-0.985646,1.4167,3.64613,1.68381,-118.722,0.713726,2.47457,5.06558,50.0,-2.13606,1.02745,23.1991,-24.2671,R
20210828NCHH0,2021,3,bottom,31,5,5번타자 페레즈,51714,페레즈,69962,송명기,158,4,210828_185555,B,볼,139,직구,4,0,True,210828_185555,3,4,-1.39555,1.4167,3.64613,1.68381,-125.631,-0.100108,4.53917,5.01855,50.0,-2.27485,-11.6904,30.0497,-18.4158,R
20210828NCHH0,2021,3,bottom,32,6,6번타자 최인호,50707,최인호,69962,송명기,163,1,210828_185639,S,헛스윙,140,직구,0,1,True,210828_185639,3,1,-0.624859,1.4167,3.22284,1.5,-126.016,-2.3008,5.91978,4.94232,50.0,-2.16596,-10.4278,28.9241,-17.3456,L
20210828NCHH0,2021,3,bottom,32,6,6번타자 최인호,50707,최인호,69962,송명기,164,2,210828_185701,B,볼,121,커브,1,1,True,210828_185701,3,2,1.61702,1.4167,3.22284,1.5,-109.091,-3.57859,6.58851,4.98851,50.0,-2.00482,5.03069,21.3019,-28.0347,L
20210828NCHH0,2021,3,bottom,32,6,6번타자 최인호,50707,최인호,69962,송명기,165,3,210828_185737,T,스트라이크,140,직구,1,2,True,210828_185737,3,3,0.220816,1.4167,3.22284,1.5,-126.296,-3.93361,7.91267,4.86338,50.0,-2.12527,-10.4266,30.0031,-18.5942,L
20210828NCHH0,2021,3,bottom,32,6,6번타자 최인호,50707,최인호,69962,송명기,166,4,210828_185803,T,스트라이크,143,직구,1,3,True,210828_185803,3,4,-0.170796,1.4167,3.22284,1.5,-129.047,-4.06248,7.3978,4.74958,50.0,-2.1152,-12.5752,32.6683,-17.2016,L
20210828NCHH0,2021,4,top,34,1,4번타자 양의지,76232,양의지,50815,킹험,170,1,210828_190023,B,볼,124,커브,1,0,True,210828_190023,4,1,-1.44157,1.4167,3.27759,1.51127,-109.398,1.96144,0.59337,6.41252,50.0,-2.66485,8.57567,25.1249,-39.0222,R
20210828NCHH0,2021,4,top,34,1,4번타자 양의지,76232,양의지,50815,킹험,171,2,210828_190040,T,스트라이크,144,직구,1,1,True,210828_190040,4,2,-0.957166,1.4167,3.27759,1.51127,-129.934,-7.04736,3.80215,6.24765,50.0,-2.23533,-2.74487,29.8141,-13.6657,R
20210828NCHH0,2021,4,top,34,1,4번타자 양의지,76232,양의지,50815,킹험,172,3,210828_190101,F,파울,133,체인지업,1,2,True,210828_190101,4,3,-0.73415,1.4167,3.27759,1.51127,-120.12,-4.051,6.45093,6.05731,50.0,-2.37291,-12.2049,26.7215,-21.727,R
20210828NCHH0,2021,4,top,34,1,4번타자 양의지,76232,양의지,50815,킹험,173,4,210828_190127,S,헛스윙,146,직구,1,3,True,210828_190127,4,4,-0.292671,1.4167,3.27759,1.51127,-131.313,-6.96641,4.94713,6.21296,50.0,-2.07671,-1.76621,30.5044,-12.2608,R
20210828NCHH0,2021,4,top,35,2,5번타자 알테어,50923,알테어,50815,킹험,176,1,210828_190157,B,볼,143,직구,1,0,True,210828_190157,4,1,-1.10555,1.4167,3.73202,1.85666,-128.823,-6.34659,3.02841,6.23469,50.0,-2.24106,-0.80317,30.583,-12.6743,R
20210828NCHH0,2021,4,top,35,2,5번타자 알테어,50923,알테어,50815,킹험,177,2,210828_190210,S,헛스윙,133,슬라이더,1,1,True,210828_190210,4,2,1.18606,1.4167,3.73202,1.85666,-121.024,-4.86577,7.33367,6.11402,50.0,-2.25459,4.1346,24.8963,-26.5883,R
20210828NCHH0,2021,4,top,35,2,5번타자 알테어,50923,알테어,50815,킹험,178,3,210828_190226,B,볼,145,직구,2,1,True,210828_190226,4,3,-0.199379,1.4167,3.73202,1.85666,-130.527,-11.0376,5.54556,6.07652,50.0,-2.09837,-3.48273,30.9371,-12.5466,R
20210828NCHH0,2021,4,top,35,2,5번타자 알테어,50923,알테어,50815,킹험,179,4,210828_190245,S,헛스윙,133,슬라이더,2,2,True,210828_190245,4,4,0.240242,1.4167,3.73202,1.85666,-119.746,-5.13233,4.60177,6.07413,50.0,-2.31559,6.85537,22.4702,-28.5757,R
20210828NCHH0,2021,4,top,35,2,5번타자 알테어,50923,알테어,50815,킹험,180,5,210828_190303,H,타격,135,슬라이더,2,2,True,210828_190303,4,5,1.0456,1.4167,3.73202,1.85666,-121.541,-5.11679,6.89916,6.11734,50.0,-2.22773,4.50119,24.8805,-26.2766,R
20210828NCHH0,2021,4,top,36,3,6번타자 박준영,66928,박준영,50815,킹험,183,1,210828_190341,B,볼,124,커브,1,0,True,210828_190341,4,1,-0.10516,1.4167,3.375,1.5,-111.71,2.85003,2.65563,6.40786,50.0,-2.43795,10.6897,24.0098,-38.1956,R
20210828NCHH0,2021,4,top,36,3,6번타자 박준영,66928,박준영,50815,킹험,184,2,210828_190358,B,볼,145,직구,2,0,True,210828_190358,4,2,-1.36991,1.4167,3.375,1.5,-130.944,-5.56051,2.10108,6.25644,50.0,-2.25635,0.930068,30.3064,-13.3815,R
20210828NCHH0,2021,4,top,36,3,6번타자 박준영,66928,박준영,50815,킹험,185,3,210828_190412,S,헛스윙,132,슬라이더,2,1,True,210828_190412,4,3,0.439771,1.4167,3.375,1.5,-118.463,-4.38275,4.8976,6.13225,50.0,-2.23192,6.1982,24.3522,-28.5484,R
20210828NCHH0,2021,4,top,36,3,6번타자 박준영,66928,박준영,50815,킹험,186,4,210828_190427,T,스트라이크,131,슬라이더,2,2,True,210828_190427,4,4,0.297252,1.4167,3.375,1.5,-118.222,-3.0184,4.31111,6.19112,50.0,-2.34057,8.44474,24.8498,-30.1523,R
20210828NCHH0,2021,4,top,36,3,6번타자 박준영,66928,박준영,50815,킹험,187,5,210828_190442,S,헛스윙,148,직구,2,3,True,210828_190442,4,5,0.568636,1.4167,3.375,1.5,-132.552,-7.87006,7.11436,6.16999,50.0,-2.05084,-1.50897,31.1271,-13.0633,R
20210828NCHH0,2021,4,bottom,38,1,7번타자 장운호,63700,장운호,69962,송명기,191,1,210828_190656,B,볼,142,직구,1,0,True,210828_190656,4,1,-0.135209,1.4167,3.375,1.5,-127.793,-0.534155,6.54344,5.09386,50.0,-1.99353,-9.4712,30.9647,-15.8881,R
20210828NCHH0,2021,4,bottom,38,1,7번타자 장운호,63700,장운호,69962,송명기,192,2,210828_190709,B,볼,129,슬라이더,2,0,True,210828_190709,4,2,-1.48238,1.4167,3.375,1.5,-116.64,-0.061586,1.403,5.04655,50.0,-2.1292,0.375266,23.5039,-21.8201,R
20210828NCHH0,2021,4,bottom,38,1,7번타자 장운호,63700,장운호,69962,송명기,193,3,210828_190729,T,스트라이크,138,직구,2,1,True,210828_190729,4,3,-0.693966,1.4167,3.375,1.5,-125.045,-2.90069,5.3787,4.89332,50.0,-2.12115,-9.23318,30.2384,-17.2611,R
20210828NCHH0,2021,4,bottom,38,1,7번타자 장운호,63700,장운호,69962,송명기,194,4,210828_190744,H,타격,129,슬라이더,2,1,True,210828_190744,4,4,-0.068362,1.4167,3.375,1.5,-117.15,-2.66991,3.9443,5.08431,50.0,-2.12579,3.69892,23.4323,-23.5496,R
20210828NCHH0,2021,4,bottom,39,2,8번타자 노태형,64704,노태형,69962,송명기,197,1,210828_190834,T,스트라이크,139,직구,0,1,True,210828_190834,4,1,-0.197159,1.4167,3.39111,1.68232,-125.899,-4.17765,6.59723,4.91645,50.0,-2.08033,-9.627,29.7611,-17.0206,L
20210828NCHH0,2021,4,bottom,39,2,8번타자 노태형,64704,노태형,69962,송명기,198,2,210828_190847,F,파울,129,포크,0,2,True,210828_190847,4,2,-1.36363,1.4167,3.39111,1.68232,-116.438,-1.88638,2.92732,5.02662,50.0,-2.14831,-5.18457,24.9015,-25.0643,L
20210828NCHH0,2021,4,bottom,39,2,8번타자 노태형,64704,노태형,69962,송명기,199,3,210828_190921,H,타격,131,포크,0,2,True,210828_190921,4,3,-1.38634,1.4167,3.39111,1.68232,-118.036,-0.648493,2.72548,5.03832,50.0,-2.24024,-3.43941,23.4243,-28.7558,L
20210828NCHH0,2021,4,bottom,40,3,9번타자 장지승,51706,장지승,69962,송명기,202,1,210828_190957,B,볼,128,슬라이더,1,0,True,210828_190957,4,1,1.015,1.4167,3.38074,1.62819,-115.892,-1.56355,6.72448,5.03933,50.0,-2.07295,1.44654,23.2789,-24.1532,R
20210828NCHH0,2021,4,bottom,40,3,9번타자 장지승,51706,장지승,69962,송명기,203,2,210828_191011,B,볼,139,직구,2,0,True,210828_191011,4,2,1.3954,1.4167,3.38074,1.62819,-125.012,-3.97292,10.3827,4.90738,50.0,-1.86553,-11.6327,27.4015,-16.4164,R
20210828NCHH0,2021,4,bottom,40,3,9번타자 장지승,51706,장지승,69962,송명기,204,3,210828_191039,T,스트라이크,139,직구,2,1,True,210828_191039,4,3,0.100997,1.4167,3.38074,1.62819,-125.652,-4.41486,7.53918,4.91081,50.0,-2.16146,-9.68415,29.3847,-16.1422,R
20210828NCHH0,2021,4,bottom,40,3,9번타자 장지승,51706,장지승,69962,송명기,205,4,210828_191054,S,헛스윙,138,직구,2,2,True,210828_191054,4,4,-0.883922,1.4167,3.38074,1.62819,-125.488,-0.810727,4.23178,4.98154,50.0,-2.11127,-6.04301,34.2845,-17.6941,R
20210828NCHH0,2021,4,bottom,40,3,9번타자 장지승,51706,장지승,69962,송명기,206,5,210828_191108,B,볼,122,커브,3,2,True,210828_191108,4,5,0.911713,1.4167,3.38074,1.62819,-110.739,-2.63471,5.15595,4.94122,50.0,-2.05219,5.69031,21.0592,-28.352,R
20210828NCHH0,2021,4,bottom,40,3,9번타자 장지승,51706,장지승,69962,송명기,207,6,210828_191125,B,볼,144,직구,4,2,True,210828_191125,4,6,1.07089,1.4167,3.38074,1.62819,-129.245,-3.27582,9.57227,4.83606,50.0,-1.92603,-9.93811,29.286,-15.3303,R
20210828NCHH0,2021,4,bottom,41,4,1번타자 조한민,69705,조한민,69962,송명기,210,1,210828_191209,T,스트라이크,127,슬라이더,0,1,True,210828_191209,4,1,-0.509996,1.4167,3.375,1.5,-114.588,-0.28243,3.41551,5.03658,50.0,-2.27254,2.55687,21.8763,-25.5704,R
20210828NCHH0,2021,4,bottom,41,4,1번타자 조한민,69705,조한민,69962,송명기,211,2,210828_191229,B,볼,140,직구,1,1,True,210828_191229,4,2,1.33092,1.4167,3.375,1.5,-125.695,-2.43937,9.65816,4.84291,50.0,-1.84409,-8.99707,28.6356,-17.9728,R
20210828NCHH0,2021,4,bottom,41,4,1번타자 조한민,69705,조한민,69962,송명기,212,3,210828_191250,B,볼,130,슬라이더,2,1,True,210828_191250,4,3,-0.336099,1.4167,3.375,1.5,-117.492,-3.86988,3.7737,4.79489,50.0,-2.05254,1.03303,20.4773,-22.0606,R
20210828NCHH0,2021,4,bottom,41,4,1번타자 조한민,69705,조한민,69962,송명기,213,4,210828_191315,S,헛스윙,140,직구,2,2,True,210828_191315,4,4,0.415778,1.4167,3.375,1.5,-125.654,-1.56022,7.65853,4.97339,50.0,-1.96048,-8.89624,29.5458,-16.6356,R
20210828NCHH0,2021,4,bottom,41,4,1번타자 조한민,69705,조한민,69962,송명기,214,5,210828_191356,B,볼,141,직구,3,2,True,210828_191356,4,5,1.50324,1.4167,3.375,1.5,-126.368,-4.3878,10.5691,4.86256,50.0,-1.97748,-9.59747,29.0055,-16.2036,R
20210828NCHH0,2021,4,bottom,41,4,1번타자 조한민,69705,조한민,69962,송명기,215,6,210828_191424,H,타격,140,직구,3,2,True,210828_191424,4,6,-0.49493,1.4167,3.375,1.5,-126.373,-3.36792,6.41251,4.8419,50.0,-2.10703,-11.9885,30.1088,-18.3264,R
20210828NCHH0,2021,5,top,43,1,7번타자 윤형준,63905,윤형준,50815,킹험,219,1,210828_191644,T,스트라이크,133,슬라이더,0,1,True,210828_191644,5,1,0.735055,1.4167,3.375,1.5,-115.971,-3.2377,4.9958,6.15268,50.0,-2.25554,8.41355,22.4732,-29.9374,R
20210828NCHH0,2021,5,top,43,1,7번타자 윤형준,63905,윤형준,50815,킹험,220,2,210828_191655,B,볼,141,직구,1,1,True,210828_191655,5,2,-1.48992,1.4167,3.375,1.5,-127.63,-7.40182,3.42762,6.18333,50.0,-2.41224,-5.58808,28.8205,-13.268,R
20210828NCHH0,2021,5,top,43,1,7번타자 윤형준,63905,윤형준,50815,킹험,221,3,210828_191708,H,타격,129,커브,1,1,True,210828_191708,5,3,0.686916,1.4167,3.375,1.5,-116.271,-2.67162,5.792,6.17325,50.0,-2.40646,5.94789,22.5738,-29.9949,R
20210828NCHH0,2021,5,top,44,2,8번타자 김태군,78122,김태군,50815,킹험,224,1,210828_191800,H,타격,143,직구,0,0,True,210828_191800,5,1,-0.161047,1.4167,3.25736,1.65989,-128.021,-5.60203,5.73232,6.21837,50.0,-2.36285,-0.920441,28.0528,-16.228,R
20210828NCHH0,2021,5,top,45,3,9번타자 김주원,51907,김주원,50815,킹험,228,1,210828_191844,T,스트라이크,124,커브,0,1,True,210828_191844,5,1,-0.18843,1.4167,3.44836,1.65251,-110.933,-0.532765,2.31572,6.29756,50.0,-2.56375,12.5499,21.0207,-37.4997,L
20210828NCHH0,2021,5,top,45,3,9번타자 김주원,51907,김주원,50815,킹험,229,2,210828_191901,S,헛스윙,126,커브,0,2,True,210828_191901,5,2,0.410159,1.4167,3.44836,1.65251,-113.766,-1.26793,4.10311,6.28501,50.0,-2.46454,10.3527,23.471,-37.9719,L
20210828NCHH0,2021,5,top,45,3,9번타자 김주원,51907,김주원,50815,킹험,230,3,210828_191936,S,헛스윙,132,슬라이더,0,3,True,210828_191936,5,3,1.49103,1.4167,3.44836,1.65251,-118.856,-4.18408,7.36642,6.15797,50.0,-2.19325,5.95473,23.2965,-27.9877,L
20210828NCHH0,2021,5,top,46,4,1번타자 최정원,69992,최정원,50815,킹험,233,1,210828_192012,T,스트라이크,125,커브,0,1,True,210828_192012,5,1,-0.16696,1.4167,3.27886,1.48539,-113.158,-1.28424,2.87378,6.19258,50.0,-2.55859,10.8154,23.5299,-38.9245,L
20210828NCHH0,2021,5,top,46,4,1번타자 최정원,69992,최정원,50815,킹험,234,2,210828_192033,F,파울,130,슬라이더,0,2,True,210828_192033,5,2,0.251855,1.4167,3.27886,1.48539,-118.006,-3.42569,4.24233,6.10284,50.0,-2.38368,8.74281,23.8024,-29.7764,L
20210828NCHH0,2021,5,top,46,4,1번타자 최정원,69992,최정원,50815,킹험,235,3,210828_192233,F,파울,132,슬라이더,0,2,True,210828_192233,5,3,0.760263,1.4167,3.27886,1.48539,-119.315,-3.76754,4.31341,6.18748,50.0,-2.22556,12.6171,25.1681,-27.3019,L
20210828NCHH0,2021,5,top,46,4,1번타자 최정원,69992,최정원,50815,킹험,236,4,210828_192301,F,파울,146,직구,0,2,True,210828_192301,5,4,0.684369,1.4167,3.27886,1.48539,-131.208,-4.62507,6.43946,6.30179,50.0,-2.01926,2.77245,30.1408,-13.8618,L
20210828NCHH0,2021,5,top,46,4,1번타자 최정원,69992,최정원,50815,킹험,237,5,210828_192333,F,파울,126,커브,0,2,True,210828_192333,5,5,-0.774603,1.4167,3.27886,1.48539,-119.56,-3.61794,2.59578,6.06923,50.0,-2.40482,5.69989,27.5983,-31.8485,L
20210828NCHH0,2021,5,top,46,4,1번타자 최정원,69992,최정원,50815,킹험,238,6,210828_192403,B,볼,125,커브,1,2,True,210828_192403,5,6,-1.47427,1.4167,3.27886,1.48539,-110.714,3.39617,0.110966,6.42789,50.0,-2.55773,9.7119,23.1761,-39.5783,L
20210828NCHH0,2021,5,top,46,4,1번타자 최정원,69992,최정원,50815,킹험,239,7,210828_192440,F,파울,132,슬라이더,1,2,True,210828_192440,5,7,0.500925,1.4167,3.27886,1.48539,-118.728,-4.19368,4.77523,6.09542,50.0,-2.34946,8.88842,23.3316,-33.8894,L
20210828NCHH0,2021,5,top,46,4,1번타자 최정원,69992,최정원,50815,킹험,240,8,210828_192534,B,볼,131,슬라이더,2,2,True,210828_192534,5,8,-1.25272,1.4167,3.27886,1.48539,-118.277,-5.13331,2.04591,5.9287,50.0,-2.77622,6.93853,25.1465,-28.7341,L
20210828NCHH0,2021,5,top,46,4,1번타자 최정원,69992,최정원,50815,킹험,241,9,210828_192558,H,타격,147,직구,2,2,True,210828_192558,5,9,0.959594,1.4167,3.27886,1.48539,-132.075,-7.97601,7.42704,6.19331,50.0,-2.02587,1.71952,30.2898,-13.248,L
20210828NCHH0,2021,5,bottom,48,1,2번타자 최재훈,78288,최재훈,69962,송명기,245,1,210828_192823,B,볼,138,직구,1,0,True,210828_192823,5,1,0.407015,1.4167,3.23055,1.60512,-124.655,-0.384858,8.03573,5.1428,50.0,-1.99813,-10.5078,27.7665,-17.7733,R
20210828NCHH0,2021,5,bottom,48,1,2번타자 최재훈,78288,최재훈,69962,송명기,246,2,210828_192836,B,볼,140,직구,2,0,True,210828_192836,5,2,-0.887344,1.4167,3.23055,1.60512,-125.679,-1.69526,4.92597,5.04476,50.0,-2.10614,-9.4518,26.9077,-16.8207,R
20210828NCHH0,2021,5,bottom,48,1,2번타자 최재훈,78288,최재훈,69962,송명기,247,3,210828_192851,T,스트라이크,138,직구,2,1,True,210828_192851,5,3,0.265736,1.4167,3.23055,1.60512,-124.572,-4.77831,7.3401,4.96695,50.0,-1.92534,-9.65306,26.8401,-17.2494,R
20210828NCHH0,2021,5,bottom,48,1,2번타자 최재훈,78288,최재훈,69962,송명기,248,4,210828_192905,H,타격,138,직구,2,1,True,210828_192905,5,4,-0.146731,1.4167,3.23055,1.60512,-124.783,-3.43237,6.23609,5.02309,50.0,-2.00635,-8.18329,26.2784,-16.2423,R
20210828NCHH0,2021,5,bottom,49,2,3번타자 하주석,62700,하주석,69962,송명기,251,1,210828_192944,S,헛스윙,126,포크,0,1,True,210828_192944,5,1,-0.334037,1.4167,3.44362,1.61344,-113.332,-4.04711,5.01703,5.05668,50.0,-2.05594,-5.22115,21.1301,-26.1653,L
20210828NCHH0,2021,5,bottom,49,2,3번타자 하주석,62700,하주석,69962,송명기,252,2,210828_193005,B,볼,125,포크,1,1,True,210828_193005,5,2,-1.29479,1.4167,3.44362,1.61344,-112.95,-0.715471,1.77263,5.17132,50.0,-2.07587,-0.174255,22.7895,-32.6386,L
20210828NCHH0,2021,5,bottom,49,2,3번타자 하주석,62700,하주석,69962,송명기,253,3,210828_193019,S,헛스윙,128,슬라이더,1,2,True,210828_193019,5,3,-0.016225,1.4167,3.44362,1.61344,-115.47,-0.92811,3.85391,5.05052,50.0,-2.08197,3.85234,22.405,-26.0797,L
20210828NCHH0,2021,5,bottom,49,2,3번타자 하주석,62700,하주석,69962,송명기,254,4,210828_193038,F,파울,128,포크,1,2,True,210828_193038,5,4,-1.36626,1.4167,3.44362,1.61344,-115.535,-0.13624,2.53171,5.18673,50.0,-2.11559,-3.77695,24.4971,-29.2426,L
20210828NCHH0,2021,5,bottom,49,2,3번타자 하주석,62700,하주석,69962,송명기,255,5,210828_193100,F,파울,140,직구,1,2,True,210828_193100,5,5,-0.812746,1.4167,3.44362,1.61344,-126.77,-1.87571,5.52662,4.91252,50.0,-2.15451,-10.907,31.1422,-16.7487,L
20210828NCHH0,2021,5,bottom,49,2,3번타자 하주석,62700,하주석,69962,송명기,256,6,210828_193125,B,볼,126,포크,2,2,True,210828_193125,5,6,-1.43425,1.4167,3.44362,1.61344,-113.885,-1.14637,2.48999,5.0683,50.0,-2.12772,-4.1983,23.0383,-28.0706,L
20210828NCHH0,2021,5,bottom,49,2,3번타자 하주석,62700,하주석,69962,송명기,257,7,210828_193144,B,볼,131,포크,3,2,True,210828_193144,5,7,-0.341726,1.4167,3.44362,1.61344,-118.244,-3.62584,3.94237,4.91393,50.0,-2.1496,1.30465,22.3842,-22.6239,L
20210828NCHH0,2021,5,bottom,49,2,3번타자 하주석,62700,하주석,69962,송명기,258,8,210828_193205,H,타격,139,직구,3,2,True,210828_193205,5,8,-0.800056,1.4167,3.44362,1.61344,-125.677,-1.31604,5.0026,5.01152,50.0,-2.08225,-9.09012,29.9666,-15.9106,L
20210828NCHH0,2021,5,bottom,50,3,4번타자 김태연,66704,김태연,69962,송명기,261,1,210828_193312,T,스트라이크,125,포크,0,1,True,210828_193312,5,1,-0.223192,1.4167,3.375,1.5,-113.076,-0.109988,5.0493,5.06361,50.0,-2.03599,-4.54867,23.1162,-31.3626,R
20210828NCHH0,2021,5,bottom,50,3,4번타자 김태연,66704,김태연,69962,송명기,262,2,210828_193336,B,볼,143,직구,1,1,True,210828_193336,5,2,1.21843,1.4167,3.375,1.5,-124.811,-2.79233,9.57147,4.90635,50.0,-1.89739,-9.54501,29.3319,-16.0248,R
20210828NCHH0,2021,5,bottom,50,3,4번타자 김태연,66704,김태연,69962,송명기,263,3,210828_193404,S,헛스윙,126,포크,1,2,True,210828_193404,5,3,0.775075,1.4167,3.375,1.5,-113.654,-2.64116,6.66885,5.01845,50.0,-1.88306,-3.15904,20.785,-30.2045,R
20210828NCHH0,2021,5,bottom,50,3,4번타자 김태연,66704,김태연,69962,송명기,265,4,210828_193449,S,헛스윙,143,직구,1,3,True,210828_193449,5,4,0.357057,1.4167,3.375,1.5,-124.855,-1.63244,8.18783,4.98062,50.0,-2.00675,-11.7907,30.1438,-17.4743,R
20210828NCHH0,2021,5,bottom,51,4,5번타자 페레즈,51714,페레즈,69962,송명기,268,1,210828_193534,H,타격,126,포크,0,0,True,210828_193534,5,1,-0.24731,1.4167,3.64613,1.68381,-113.854,-2.2522,4.94654,4.98317,50.0,-2.14751,-3.11498,23.2031,-30.6445,R
20210828NCHH0,2021,5,bottom,52,5,6번타자 최인호,50707,최인호,69962,송명기,273,1,210828_193642,B,볼,126,포크,1,0,True,210828_193642,5,1,1.78829,1.4167,3.22284,1.5,-112.995,-3.57761,8.62499,5.01298,50.0,-1.79461,-2.95207,22.4406,-27.122,L
20210828NCHH0,2021,5,bottom,52,5,6번타자 최인호,50707,최인호,69962,송명기,274,2,210828_193711,B,볼,140,직구,2,0,True,210828_193711,5,2,-1.53777,1.4167,3.22284,1.5,-126.566,0.254011,3.46801,4.9504,50.0,-2.31055,-7.69622,30.3656,-16.8021,L
20210828NCHH0,2021,5,bottom,52,5,6번타자 최인호,50707,최인호,69962,송명기,275,3,210828_193737,T,스트라이크,127,슬라이더,2,1,True,210828_193737,5,3,-0.404724,1.4167,3.22284,1.5,-114.642,-3.04776,3.70881,4.92775,50.0,-2.26249,2.24227,21.2549,-23.2612,L
20210828NCHH0,2021,5,bottom,52,5,6번타자 최인호,50707,최인호,69962,송명기,276,4,210828_193803,F,파울,129,슬라이더,2,2,True,210828_193803,5,4,-0.518617,1.4167,3.22284,1.5,-116.223,-0.473945,3.88229,5.01921,50.0,-2.26541,0.521247,23.2295,-23.1814,L
20210828NCHH0,2021,5,bottom,52,5,6번타자 최인호,50707,최인호,69962,송명기,277,5,210828_193839,F,파울,127,포크,2,2,True,210828_193839,5,5,-1.028,1.4167,3.22284,1.5,-115.021,-0.854043,2.65583,5.02495,50.0,-2.09386,-1.11685,23.6338,-29.949,L
20210828NCHH0,2021,5,bottom,52,5,6번타자 최인호,50707,최인호,69962,송명기,278,6,210828_193913,B,볼,127,슬라이더,3,2,True,210828_193913,5,6,-2.08768,1.4167,3.22284,1.5,-114.754,0.176519,1.06733,5.03144,50.0,-2.30615,-2.59207,23.0483,-28.1612,L
20210828NCHH0,2021,5,bottom,52,5,6번타자 최인호,50707,최인호,69962,송명기,279,7,210828_193940,F,파울,138,직구,3,2,True,210828_193940,5,7,-1.06447,1.4167,3.22284,1.5,-124.493,-3.42224,4.88974,4.90666,50.0,-2.2264,-10.0156,27.4561,-16.2856,L
20210828NCHH0,2021,5,bottom,52,5,6번타자 최인호,50707,최인호,69962,송명기,280,8,210828_194018,H,타격,138,직구,3,2,True,210828_194018,5,8,-0.645085,1.4167,3.22284,1.5,-124.293,-2.23248,5.32924,4.92293,50.0,-2.09736,-8.71653,28.2117,-20.7229,L
20210828NCHH0,2021,5,bottom,53,6,7번타자 장운호,63700,장운호,63959,임정호,285,1,210828_194329,B,볼,126,슬라이더,1,0,True,210828_194329,5,1,0.910452,1.4167,3.375,1.5,-118.971,0.137352,-3.25501,5.33897,50.0,0.991098,14.3623,24.2866,-32.7717,R
20210828NCHH0,2021,5,bottom,53,6,7번타자 장운호,63700,장운호,63959,임정호,286,2,210828_194355,T,스트라이크,127,슬라이더,1,1,True,210828_194355,5,2,0.596432,1.4167,3.375,1.5,-115.448,-2.26084,-2.43004,5.10118,50.0,1.10554,5.78595,23.1833,-25.6936,R
20210828NCHH0,2021,5,bottom,53,6,7번타자 장운호,63700,장운호,63959,임정호,287,3,210828_194420,H,타격,127,슬라이더,1,1,True,210828_194420,5,3,0.098533,1.4167,3.375,1.5,-114.197,-0.531239,-2.24254,5.21226,50.0,0.997509,0.917886,17.8479,-27.6658,R
20210828NCHH0,2021,6,top,55,1,2번타자 김기환,65462,김기환,50815,킹험,291,1,210828_194858,B,볼,139,직구,1,0,True,210828_194858,6,1,0.99799,1.4167,3.375,1.5,-125.626,-7.57582,8.22867,6.17289,50.0,-2.18277,-1.81526,27.4337,-14.726,L
20210828NCHH0,2021,6,top,55,1,2번타자 김기환,65462,김기환,50815,킹험,292,2,210828_194911,T,스트라이크,121,커브,1,1,True,210828_194911,6,2,-0.286881,1.4167,3.375,1.5,-109.074,-0.720065,2.12043,6.36261,50.0,-2.62156,12.317,21.7443,-34.5682,L
20210828NCHH0,2021,6,top,55,1,2번타자 김기환,65462,김기환,50815,킹험,293,3,210828_194928,S,헛스윙,131,체인지업,1,2,True,210828_194928,6,3,-0.187552,1.4167,3.375,1.5,-118.171,-4.90053,7.50666,5.98978,50.0,-2.39748,-10.9987,23.659,-23.2776,L
20210828NCHH0,2021,6,top,55,1,2번타자 김기환,65462,김기환,50815,킹험,294,4,210828_194949,H,타격,130,체인지업,1,2,True,210828_194949,6,4,-0.816046,1.4167,3.375,1.5,-117.219,-4.12451,6.12241,5.91881,50.0,-2.48808,-10.4513,23.7338,-24.6799,L
20210828NCHH0,2021,6,top,56,2,3번타자 나성범,62947,나성범,50815,킹험,297,1,210828_195032,F,파울,123,커브,0,1,True,210828_195032,6,1,0.61298,1.4167,3.339,1.60261,-110.788,-0.94694,4.70539,6.42169,50.0,-2.6206,10.0606,22.9638,-35.704,L
20210828NCHH0,2021,6,top,56,2,3번타자 나성범,62947,나성범,50815,킹험,298,2,210828_195103,S,헛스윙,131,체인지업,0,2,True,210828_195103,6,2,-0.44532,1.4167,3.339,1.60261,-117.695,-6.265,7.31358,6.04902,50.0,-2.52182,-11.6141,24.6151,-23.3807,L
20210828NCHH0,2021,6,top,56,2,3번타자 나성범,62947,나성범,50815,킹험,299,3,210828_195137,B,볼,129,체인지업,1,2,True,210828_195137,6,3,2.07641,1.4167,3.339,1.60261,-116.358,-6.27357,8.66617,6.14338,50.0,-2.21358,5.51639,21.3068,-26.5158,L
20210828NCHH0,2021,6,top,57,3,4번타자 양의지,76232,양의지,50815,킹험,304,1,210828_195336,F,파울,136,체인지업,0,1,True,210828_195336,6,1,-0.033314,1.4167,3.27759,1.51127,-122.629,-3.33006,5.93483,6.262,50.0,-2.1941,-3.42289,24.6558,-23.1622,R
20210828NCHH0,2021,6,top,57,3,4번타자 양의지,76232,양의지,50815,킹험,305,2,210828_195419,B,볼,141,직구,1,1,True,210828_195419,6,2,0.335765,1.4167,3.27759,1.51127,-127.359,-9.28448,8.22003,6.01297,50.0,-2.28842,-8.18253,26.7888,-18.9844,R
20210828NCHH0,2021,6,top,57,3,4번타자 양의지,76232,양의지,50815,킹험,306,3,210828_195439,B,볼,132,체인지업,2,1,True,210828_195439,6,3,-1.46861,1.4167,3.27759,1.51127,-119.407,-3.93348,4.72192,5.94046,50.0,-2.59838,-9.71185,24.0808,-24.9449,R
20210828NCHH0,2021,6,top,57,3,4번타자 양의지,76232,양의지,50815,킹험,307,4,210828_195503,B,볼,131,체인지업,3,1,True,210828_195503,6,4,-0.850809,1.4167,3.27759,1.51127,-117.871,-6.53651,5.82812,5.80598,50.0,-2.38527,-10.5322,24.5933,-21.3667,R
20210828NCHH0,2021,6,top,57,3,4번타자 양의지,76232,양의지,50815,킹험,308,5,210828_195528,S,헛스윙,132,슬라이더,3,2,True,210828_195528,6,5,1.14574,1.4167,3.27759,1.51127,-119.04,-5.80662,6.67052,6.00358,50.0,-2.35979,7.32613,23.3422,-28.7565,R
20210828NCHH0,2021,6,top,57,3,4번타자 양의지,76232,양의지,50815,킹험,309,6,210828_195622,F,파울,131,슬라이더,3,2,True,210828_195622,6,6,0.773622,1.4167,3.27759,1.51127,-118.746,-4.38417,4.77268,6.09309,50.0,-2.25948,10.7743,24.9022,-30.6997,R
20210828NCHH0,2021,6,top,57,3,4번타자 양의지,76232,양의지,50815,킹험,310,7,210828_195654,F,파울,145,직구,3,2,True,210828_195654,6,7,0.234176,1.4167,3.27759,1.51127,-130.303,-6.0126,6.10459,6.23264,50.0,-2.22854,1.10431,28.8938,-13.3379,R
20210828NCHH0,2021,6,top,57,3,4번타자 양의지,76232,양의지,50815,킹험,311,8,210828_195724,H,타격,145,직구,3,2,True,210828_195724,6,8,-0.72875,1.4167,3.27759,1.51127,-131.111,-7.24348,3.88651,6.26555,50.0,-2.26228,0.418093,28.0595,-16.2476,R
20210828NCHH0,2021,6,top,58,4,5번타자 알테어,50923,알테어,50815,킹험,316,1,210828_195821,B,볼,144,직구,1,0,True,210828_195821,6,1,-1.12282,1.4167,3.73202,1.85666,-129.896,-5.56353,3.03483,6.275,50.0,-2.27908,-0.430389,30.229,-15.1346,R
20210828NCHH0,2021,6,top,58,4,5번타자 알테어,50923,알테어,50815,킹험,317,2,210828_195842,B,볼,144,직구,2,0,True,210828_195842,6,2,-1.48018,1.4167,3.73202,1.85666,-130.41,-5.28779,2.08728,6.31438,50.0,-2.30627,0.157149,30.0115,-14.458,R
20210828NCHH0,2021,6,top,58,4,5번타자 알테어,50923,알테어,50815,킹험,318,3,210828_195903,S,헛스윙,131,슬라이더,2,1,True,210828_195903,6,3,0.464039,1.4167,3.73202,1.85666,-118.829,-3.2105,4.49403,6.24912,50.0,-2.16054,7.71086,24.0654,-24.5093,R
20210828NCHH0,2021,6,top,58,4,5번타자 알테어,50923,알테어,50815,킹험,319,4,210828_195929,B,볼,145,직구,3,1,True,210828_195929,6,4,-0.725107,1.4167,3.73202,1.85666,-130.791,-9.73935,3.7156,6.12527,50.0,-2.23682,0.871567,30.4852,-12.8396,R
20210828NCHH0,2021,6,top,58,4,5번타자 알테어,50923,알테어,50815,킹험,320,5,210828_195955,H,타격,134,슬라이더,3,1,True,210828_195955,6,5,0.699744,1.4167,3.73202,1.85666,-120.304,-4.80463,5.16835,6.13376,50.0,-2.26788,8.96107,22.9663,-25.0633,R
20210828NCHH0,2021,6,bottom,60,1,8번타자 노태형,64704,노태형,63959,임정호,326,1,210828_200212,H,타격,127,슬라이더,0,0,True,210828_200212,6,1,-0.755555,1.4167,3.39111,1.68232,-113.504,-0.60885,-4.37404,5.30261,50.0,0.794155,4.0739,22.1671,-27.7932,L
20210828NCHH0,2021,6,bottom,61,2,9번타자 장지승,51706,장지승,63959,임정호,329,1,210828_200251,B,볼,126,슬라이더,1,0,True,210828_200251,6,1,1.60355,1.4167,3.38074,1.62819,-123.342,-0.87061,-3.63501,5.3569,50.0,1.08261,23.5935,29.7675,-27.3792,R
20210828NCHH0,2021,6,bottom,61,2,9번타자 장지승,51706,장지승,63959,임정호,330,2,210828_200303,T,스트라이크,124,슬라이더,1,1,True,210828_200303,6,2,-0.074087,1.4167,3.38074,1.62819,-112.789,0.532057,-3.33775,5.35211,50.0,1.02502,3.9926,22.3498,-27.7587,R
20210828NCHH0,2021,6,bottom,61,2,9번타자 장지승,51706,장지승,63959,임정호,331,3,210828_200316,H,타격,127,슬라이더,1,1,True,210828_200316,6,3,0.464344,1.4167,3.38074,1.62819,-115.215,-0.742651,-2.93954,5.17302,50.0,1.13975,6.38695,24.0979,-25.6067,R
20210828NCHH0,2021,6,bottom,62,3,1번타자 조한민,69705,조한민,63959,임정호,334,1,210828_200351,T,스트라이크,129,슬라이더,0,1,True,210828_200351,6,1,0.660328,1.4167,3.375,1.5,-117.376,0.015167,-2.72293,5.23622,50.0,1.15909,7.26585,21.5065,-25.1108,R
20210828NCHH0,2021,6,bottom,62,3,1번타자 조한민,69705,조한민,63959,임정호,335,2,210828_200404,B,볼,115,커브,1,1,True,210828_200404,6,2,0.92745,1.4167,3.375,1.5,-103.949,5.00961,-0.022311,5.65793,50.0,1.05041,-0.931349,19.944,-35.7605,R
20210828NCHH0,2021,6,bottom,62,3,1번타자 조한민,69705,조한민,63959,임정호,336,3,210828_200418,S,헛스윙,126,슬라이더,1,2,True,210828_200418,6,3,0.506613,1.4167,3.375,1.5,-113.77,-1.27179,-2.71442,5.11886,50.0,1.18253,5.37493,21.2723,-26.9744,R
20210828NCHH0,2021,6,bottom,62,3,1번타자 조한민,69705,조한민,63959,임정호,337,4,210828_200434,B,볼,117,커브,2,2,True,210828_200434,6,4,0.739215,1.4167,3.375,1.5,-105.693,2.1507,-0.142716,5.52505,50.0,1.08923,-2.39804,22.0044,-35.3929,R
20210828NCHH0,2021,6,bottom,62,3,1번타자 조한민,69705,조한민,63959,임정호,338,5,210828_200450,B,볼,128,슬라이더,3,2,True,210828_200450,6,5,1.98341,1.4167,3.375,1.5,-116.566,0.111522,0.050821,5.12196,50.0,1.34063,6.52394,23.7639,-26.0262,R
20210828NCHH0,2021,6,bottom,62,3,1번타자 조한민,69705,조한민,63959,임정호,339,6,210828_200505,H,타격,127,슬라이더,3,2,True,210828_200505,6,6,0.36331,1.4167,3.375,1.5,-115.204,-0.933474,-2.72023,5.16948,50.0,1.1481,4.274,23.8486,-25.9632,R
20210828NCHH0,2021,6,bottom,63,4,2번타자 최재훈,78288,최재훈,63959,임정호,342,1,210828_200555,T,스트라이크,127,슬라이더,0,1,True,210828_200555,6,1,-0.511862,1.4167,3.23055,1.60512,-116.31,-0.688867,-4.00493,5.1895,50.0,1.07793,1.70578,24.3542,-24.9491,R
20210828NCHH0,2021,6,bottom,63,4,2번타자 최재훈,78288,최재훈,63959,임정호,343,2,210828_200608,B,볼,135,투심,1,1,True,210828_200608,6,2,0.110974,1.4167,3.23055,1.60512,-121.767,-3.1682,-5.26146,5.19292,50.0,0.980757,15.2256,25.7683,-32.4575,R
20210828NCHH0,2021,6,bottom,63,4,2번타자 최재훈,78288,최재훈,63959,임정호,344,3,210828_200621,S,헛스윙,132,투심,1,2,True,210828_200621,6,3,0.125562,1.4167,3.23055,1.60512,-119.606,-3.40696,-4.99991,5.18707,50.0,0.98548,14.0104,24.5556,-32.4662,R
20210828NCHH0,2021,6,bottom,63,4,2번타자 최재훈,78288,최재훈,63959,임정호,345,4,210828_200637,H,타격,116,커브,1,2,True,210828_200637,6,4,0.259448,1.4167,3.23055,1.60512,-104.431,2.95732,0.057428,5.62371,50.0,0.980042,-6.26183,20.7735,-35.9451,R
20210828NCHH0,2021,7,top,65,1,6번타자 박준영,66928,박준영,50815,킹험,438,1,210828_200916,T,스트라이크,139,직구,0,1,True,210828_200916,7,1,0.439783,1.4167,3.375,1.5,-125.354,-8.2437,7.5771,6.20187,50.0,-2.33098,-3.63445,26.666,-14.7247,R
20210828NCHH0,2021,7,top,65,1,6번타자 박준영,66928,박준영,50815,킹험,439,2,210828_200932,S,헛스윙,128,슬라이더,0,2,True,210828_200932,7,2,0.679993,1.4167,3.375,1.5,-115.12,-3.90741,5.61161,6.11376,50.0,-2.40703,6.18844,23.8224,-30.3007,R
20210828NCHH0,2021,7,top,65,1,6번타자 박준영,66928,박준영,50815,킹험,440,3,210828_200948,S,헛스윙,129,슬라이더,0,3,True,210828_200948,7,3,1.88411,1.4167,3.375,1.5,-115.85,-5.6085,7.90684,6.0811,50.0,-2.25846,7.0081,23.226,-30.5602,R
20210828NCHH0,2021,7,top,66,2,7번타자 윤형준,63905,윤형준,50815,킹험,443,1,210828_201028,T,스트라이크,121,커브,0,1,True,210828_201028,7,1,-0.398783,1.4167,3.375,1.5,-109.112,0.632333,2.00396,6.37609,50.0,-2.44079,10.126,22.019,-37.2963,R
20210828NCHH0,2021,7,top,66,2,7번타자 윤형준,63905,윤형준,50815,킹험,444,2,210828_201042,F,파울,130,슬라이더,0,2,True,210828_201042,7,2,0.516471,1.4167,3.375,1.5,-116.77,-2.90543,5.07279,6.26154,50.0,-2.3923,7.36561,24.0855,-25.1205,R
20210828NCHH0,2021,7,top,66,2,7번타자 윤형준,63905,윤형준,50815,킹험,445,3,210828_201102,H,타격,128,슬라이더,0,2,True,210828_201102,7,3,0.506971,1.4167,3.375,1.5,-117.429,-4.42025,5.25654,6.14149,50.0,-2.41478,6.96364,23.1553,-29.7232,R
20210828NCHH0,2021,7,top,67,3,8번타자 김태군,78122,김태군,50815,킹험,448,1,210828_201147,F,파울,142,직구,0,1,True,210828_201147,7,1,-0.100064,1.4167,3.25736,1.65989,-128.109,-7.71874,5.14915,6.27551,50.0,-2.20635,0.746948,29.7536,-14.5089,R
20210828NCHH0,2021,7,top,67,3,8번타자 김태군,78122,김태군,50815,킹험,449,2,210828_201206,F,파울,144,직구,0,2,True,210828_201206,7,2,-0.632003,1.4167,3.25736,1.65989,-128.433,-7.15398,4.26668,6.31597,50.0,-2.26893,-0.72073,30.4567,-8.73998,R
20210828NCHH0,2021,7,top,67,3,8번타자 김태군,78122,김태군,50815,킹험,450,3,210828_201229,H,타격,130,슬라이더,0,2,True,210828_201229,7,3,0.48829,1.4167,3.25736,1.65989,-117.526,-4.84324,4.34695,6.10207,50.0,-2.30183,9.76495,23.5892,-29.5651,R
20210828NCHH0,2021,7,bottom,69,1,3번타자 하주석,62700,하주석,76118,원종현,455,1,210828_201500,F,파울,146,직구,0,1,True,210828_201500,7,1,0.551017,1.4167,3.44362,1.61344,-133.315,-5.02678,4.4296,4.92735,50.0,-0.848681,-4.07588,34.9644,-13.8198,L
20210828NCHH0,2021,7,bottom,69,1,3번타자 하주석,62700,하주석,76118,원종현,456,2,210828_201524,F,파울,150,직구,0,2,True,210828_201524,7,2,-0.106949,1.4167,3.44362,1.61344,-135.622,0.056952,3.86024,5.0179,50.0,-1.08076,-6.73926,32.4582,-25.9626,L
20210828NCHH0,2021,7,bottom,69,1,3번타자 하주석,62700,하주석,76118,원종현,457,3,210828_201552,B,볼,149,직구,1,2,True,210828_201552,7,3,-0.98029,1.4167,3.44362,1.61344,-135.65,0.492844,1.45906,5.12562,50.0,-1.25745,-3.84017,35.5532,-19.3491,L
20210828NCHH0,2021,7,bottom,69,1,3번타자 하주석,62700,하주석,76118,원종현,458,4,210828_201614,H,타격,151,직구,1,2,True,210828_201614,7,4,-0.682731,1.4167,3.44362,1.61344,-136.561,-1.18962,2.65409,4.94326,50.0,-1.22284,-6.47507,38.1715,-21.1812,L
20210828NCHH0,2021,7,bottom,70,2,4번타자 김태연,66704,김태연,76118,원종현,461,1,210828_201648,F,파울,148,직구,0,1,True,210828_201648,7,1,0.140185,1.4167,3.375,1.5,-134.313,-3.84597,3.2405,4.90041,50.0,-1.06463,-0.361319,33.7472,-18.107,R
20210828NCHH0,2021,7,bottom,70,2,4번타자 김태연,66704,김태연,76118,원종현,462,2,210828_201715,H,타격,148,직구,0,1,True,210828_201715,7,2,0.566384,1.4167,3.375,1.5,-133.233,-3.15058,3.86202,4.95139,50.0,-1.00166,1.28695,31.2447,-24.3994,R
20210828NCHH0,2021,7,bottom,71,3,5번타자 페레즈,51714,페레즈,76118,원종현,465,1,210828_201807,B,볼,149,직구,1,0,True,210828_201807,7,1,1.19598,1.4167,3.64613,1.68381,-134.124,-4.34539,5.88609,4.82775,50.0,-0.978726,-0.890459,33.7074,-19.6515,R
20210828NCHH0,2021,7,bottom,71,3,5번타자 페레즈,51714,페레즈,76118,원종현,466,2,210828_201828,T,스트라이크,136,슬라이더,1,1,True,210828_201828,7,2,-0.609645,1.4167,3.64613,1.68381,-123.256,-0.44651,-0.195153,5.02973,50.0,-1.1402,7.19395,26.0869,-28.0998,R
20210828NCHH0,2021,7,bottom,71,3,5번타자 페레즈,51714,페레즈,76118,원종현,467,3,210828_201918,F,파울,148,직구,1,2,True,210828_201918,7,3,-0.385716,1.4167,3.64613,1.68381,-134.037,-2.55695,1.4121,4.93952,50.0,-1.17044,3.39307,34.5074,-20.9992,R
20210828NCHH0,2021,7,bottom,71,3,5번타자 페레즈,51714,페레즈,76118,원종현,468,4,210828_201954,F,파울,150,직구,1,2,True,210828_201954,7,4,0.063421,1.4167,3.64613,1.68381,-135.184,-5.51343,4.10359,4.81683,50.0,-1.16824,-4.39611,31.3876,-20.7954,R
20210828NCHH0,2021,7,bottom,71,3,5번타자 페레즈,51714,페레즈,76118,원종현,469,5,210828_202026,H,타격,133,슬라이더,1,2,True,210828_202026,7,5,-0.278017,1.4167,3.64613,1.68381,-120.714,-0.841542,-0.137701,5.02248,50.0,-1.07342,9.65857,24.4317,-29.9753,R
20210828NCHH0,2021,7,bottom,72,4,6번타자 최인호,50707,최인호,76118,원종현,473,1,210828_202123,H,타격,149,직구,0,0,True,210828_202123,7,1,0.166234,1.4167,3.22284,1.5,-134.401,-3.36983,4.613,4.85078,50.0,-0.989411,-8.25858,33.305,-22.8964,L
20210828NCHH0,2021,7,bottom,73,5,7번타자 장운호,63700,장운호,76118,원종현,476,1,210828_202208,T,스트라이크,146,투심,0,1,True,210828_202208,7,1,-0.156203,1.4167,3.375,1.5,-131.593,-1.04457,1.93842,5.05972,50.0,-1.06179,2.12276,29.2295,-20.5773,R
20210828NCHH0,2021,7,bottom,73,5,7번타자 장운호,63700,장운호,76118,원종현,477,2,210828_202228,B,볼,134,슬라이더,1,1,True,210828_202228,7,2,-0.339601,1.4167,3.375,1.5,-121.44,-2.88803,0.975005,4.98082,50.0,-1.41556,7.60445,26.175,-30.1129,R
20210828NCHH0,2021,7,bottom,73,5,7번타자 장운호,63700,장운호,76118,원종현,478,3,210828_202252,H,타격,137,슬라이더,1,1,True,210828_202252,7,3,0.123796,1.4167,3.375,1.5,-123.513,-1.36544,1.98031,4.94726,50.0,-1.17065,5.74096,24.4731,-29.8964,R
20210828NCHH0,2021,7,bottom,74,6,8번타자 노태형,64704,노태형,76118,원종현,482,1,210828_202342,F,파울,148,투심,0,1,True,210828_202342,7,1,-1.00917,1.4167,3.39111,1.68232,-133.405,-3.96797,2.02556,4.91297,50.0,-1.13643,-8.84463,34.0208,-23.2652,L
20210828NCHH0,2021,7,bottom,74,6,8번타자 노태형,64704,노태형,76118,원종현,483,2,210828_202412,S,헛스윙,149,투심,0,2,True,210828_202412,7,2,-1.36973,1.4167,3.39111,1.68232,-134.059,-3.92319,2.72011,4.86676,50.0,-1.30298,-15.2125,33.794,-22.8396,L
20210828NCHH0,2021,7,bottom,74,6,8번타자 노태형,64704,노태형,76118,원종현,484,3,210828_202438,S,헛스윙,137,포크,0,3,True,210828_202438,7,3,-0.875895,1.4167,3.39111,1.68232,-124.125,-2.58005,2.39466,4.99447,50.0,-1.26588,-7.03594,28.695,-30.091,L
20210828NCHH0,2021,7,bottom,75,7,9번타자 이동훈,66702,이동훈,76118,원종현,487,1,210828_202512,S,헛스윙,136,슬라이더,0,1,True,210828_202512,7,1,0.38341,1.4167,3.11105,1.45857,-122.325,-2.4651,1.56059,4.98493,50.0,-1.21415,10.9873,26.1343,-27.9874,L
20210828NCHH0,2021,7,bottom,75,7,9번타자 이동훈,66702,이동훈,76118,원종현,488,2,210828_202539,H,타격,138,포크,0,1,True,210828_202539,7,2,-0.534348,1.4167,3.11105,1.45857,-124.989,-1.88898,2.80689,5.08493,50.0,-1.08993,-7.08309,30.3575,-26.5885,L
20210828NCHH0,2021,7,bottom,76,8,1번타자 이도윤,65703,이도윤,76118,원종현,495,1,210828_202637,H,타격,149,직구,0,0,True,210828_202637,7,1,0.286494,1.4167,3.04684,1.34507,-131.214,-2.25016,2.6325,4.9294,50.0,-1.12524,5.16945,31.3349,-22.1122,L
20210828NCHH0,2021,8,top,78,1,9번타자 김주원,51907,김주원,62611,임준섭,500,1,210828_202910,F,파울,138,직구,0,1,True,210828_202910,8,1,-1.02289,1.4167,3.44836,1.65251,-124.434,-6.32699,-6.52673,6.13834,50.0,1.0453,7.23067,28.951,-15.0323,R
20210828NCHH0,2021,8,top,78,1,9번타자 김주원,51907,김주원,62611,임준섭,501,2,210828_202931,B,볼,114,커브,1,1,True,210828_202931,8,2,-0.458984,1.4167,3.44836,1.65251,-103.016,3.8736,-3.77034,6.7889,50.0,1.01733,3.21239,20.9023,-36.757,R
20210828NCHH0,2021,8,top,78,1,9번타자 김주원,51907,김주원,62611,임준섭,502,3,210828_202944,F,파울,140,직구,1,2,True,210828_202944,8,3,-0.817327,1.4167,3.44836,1.65251,-126.165,-5.9937,-7.38473,6.15524,50.0,1.15461,12.443,31.5956,-16.2509,R
20210828NCHH0,2021,8,top,78,1,9번타자 김주원,51907,김주원,62611,임준섭,503,4,210828_203005,F,파울,124,슬라이더,1,2,True,210828_203005,8,4,-0.214344,1.4167,3.44836,1.65251,-110.141,-6.55427,-4.94733,6.06861,50.0,1.02526,9.80647,22.7275,-22.37,R
20210828NCHH0,2021,8,top,78,1,9번타자 김주원,51907,김주원,62611,임준섭,504,5,210828_203030,B,볼,122,체인지업,2,2,True,210828_203030,8,5,0.191621,1.4167,3.44836,1.65251,-110.361,-8.3912,-4.49338,6.12908,50.0,1.15635,10.4157,21.4198,-21.0348,R
20210828NCHH0,2021,8,top,78,1,9번타자 김주원,51907,김주원,62611,임준섭,505,6,210828_203047,S,헛스윙,128,슬라이더,2,3,True,210828_203047,8,6,-1.12954,1.4167,3.44836,1.65251,-116.087,-6.23583,-6.05996,6.23683,50.0,0.986837,5.75009,27.7848,-25.1049,R
20210828NCHH0,2021,8,top,79,2,1번타자 최정원,69992,최정원,62611,임준섭,508,1,210828_203118,H,타격,140,직구,0,0,True,210828_203118,8,1,0.370027,1.4167,3.27886,1.48539,-129.261,-6.9491,-4.60277,6.0696,50.0,1.22345,12.3704,29.6478,-18.5758,L
20210828NCHH0,2021,8,top,80,3,2번타자 김기환,65462,김기환,62611,임준섭,511,1,210828_203156,B,볼,140,직구,1,0,True,210828_203156,8,1,1.06472,1.4167,3.375,1.5,-127.973,-2.9407,-2.70493,6.22749,50.0,1.27486,10.9657,27.8084,-15.8204,L
20210828NCHH0,2021,8,top,80,3,2번타자 김기환,65462,김기환,62611,임준섭,512,2,210828_203210,F,파울,143,직구,1,1,True,210828_203210,8,2,0.49253,1.4167,3.375,1.5,-129.056,-5.73053,-4.70759,6.1651,50.0,1.29543,13.5478,29.9792,-14.7359,L
20210828NCHH0,2021,8,top,80,3,2번타자 김기환,65462,김기환,62611,임준섭,513,3,210828_203246,S,헛스윙,131,슬라이더,1,2,True,210828_203246,8,3,-0.484261,1.4167,3.375,1.5,-118.148,-6.11127,-4.90851,6.17406,50.0,1.09676,5.75977,25.3816,-28.9779,L
20210828NCHH0,2021,8,top,80,3,2번타자 김기환,65462,김기환,62611,임준섭,514,4,210828_203303,B,볼,131,슬라이더,2,2,True,210828_203303,8,4,0.33989,1.4167,3.375,1.5,-119.147,-0.421571,-3.89183,6.41668,50.0,1.3509,7.15526,27.2857,-31.4761,L
20210828NCHH0,2021,8,top,80,3,2번타자 김기환,65462,김기환,62611,임준섭,515,5,210828_203317,T,스트라이크,120,커브,2,3,True,210828_203317,8,5,0.462419,1.4167,3.375,1.5,-118.461,-2.97694,-3.46622,6.40726,50.0,1.08368,9.40139,25.5839,-30.1802,L
20210828NCHH0,2021,8,bottom,82,1,2번타자 최재훈,78288,최재훈,67956,김태현,525,1,210828_203548,B,볼,145,직구,1,0,True,210828_203548,8,1,-2.0004,1.4167,3.23055,1.60512,-125.504,-9.16772,-11.8516,5.8724,50.0,0.988145,22.1343,29.2858,-13.0574,R
20210828NCHH0,2021,8,bottom,83,2,3번타자 하주석,62700,하주석,67956,김태현,529,1,210828_203648,T,스트라이크,140,직구,0,1,True,210828_203648,8,1,0.002666,1.4167,3.44362,1.61344,-126.254,-7.39807,-7.87057,5.92331,50.0,1.46532,21.042,29.4009,-15.6379,L
20210828NCHH0,2021,8,bottom,83,2,3번타자 하주석,62700,하주석,67956,김태현,530,2,210828_203707,S,헛스윙,138,투심,0,2,True,210828_203707,8,2,-0.346855,1.4167,3.44362,1.61344,-124.378,-7.65487,-7.38531,5.85072,50.0,1.16695,18.015,29.9518,-17.6132,L
20210828NCHH0,2021,8,bottom,83,2,3번타자 하주석,62700,하주석,67956,김태현,531,3,210828_203733,S,헛스윙,140,직구,0,3,True,210828_203733,8,3,-0.427101,1.4167,3.44362,1.61344,-125.833,-9.78359,-7.9759,5.73241,50.0,1.16579,19.9644,29.2022,-16.1112,L
20210828NCHH0,2021,8,bottom,84,3,4번타자 김태연,66704,김태연,67956,김태현,534,1,210828_203811,H,타격,141,직구,0,0,True,210828_203811,8,1,0.274555,1.4167,3.375,1.5,-127.457,-6.46616,-7.94516,5.86042,50.0,1.55508,23.6725,33.4258,-16.5923,R
20210828NCHH0,2021,8,bottom,85,4,5번타자 페레즈,51714,페레즈,67956,김태현,538,1,210828_203902,B,볼,130,슬라이더,1,0,True,210828_203902,8,1,-0.505843,1.4167,3.64613,1.68381,-117.267,-5.16244,-8.14578,5.94426,50.0,1.40868,17.2187,26.0332,-26.8293,R
20210828NCHH0,2021,8,bottom,85,4,5번타자 페레즈,51714,페레즈,67956,김태현,539,2,210828_203922,B,볼,141,직구,2,0,True,210828_203922,8,2,-0.05854,1.4167,3.64613,1.68381,-127.659,-8.31298,-9.17948,5.86784,50.0,1.6272,24.8126,32.9661,-16.0079,R
20210828NCHH0,2021,8,bottom,85,4,5번타자 페레즈,51714,페레즈,67956,김태현,540,3,210828_203943,B,볼,140,직구,3,0,True,210828_203943,8,3,0.869516,1.4167,3.64613,1.68381,-126.365,-7.1615,-6.45097,5.83052,50.0,1.60928,22.8341,31.733,-15.055,R
20210828NCHH0,2021,8,bottom,85,4,5번타자 페레즈,51714,페레즈,67956,김태현,541,4,210828_204005,B,볼,137,직구,4,0,True,210828_204005,8,4,0.63572,1.4167,3.64613,1.68381,-124.311,-2.29522,-6.63122,6.02654,50.0,1.49995,22.0064,31.0794,-19.1636,R
20210828NCHH0,2021,8,bottom,86,5,6번타자 최인호,50707,최인호,67956,김태현,546,1,210828_204045,H,타격,141,직구,0,0,True,210828_204045,8,1,-0.358376,1.4167,3.22284,1.5,-126.888,-7.45347,-8.19794,5.89016,50.0,1.23122,21.1084,31.7945,-15.1592,L
20210828NCHH0,2021,8,bottom,87,6,7번타자 장운호,63700,장운호,67956,김태현,552,1,210828_204139,H,타격,130,슬라이더,0,0,True,210828_204139,8,1,-0.156008,1.4167,3.375,1.5,-117.598,-3.13409,-6.6111,5.92766,50.0,1.58587,11.9538,24.8294,-24.8671,R
20210828NCHH0,2021,8,bottom,88,7,8번타자 노태형,64704,노태형,67956,김태현,555,1,210828_204219,F,파울,129,슬라이더,0,1,True,210828_204219,8,1,-0.296981,1.4167,3.39111,1.68232,-117.135,-3.69713,-5.6917,6.00371,50.0,1.36696,8.63176,27.7743,-23.1071,L
20210828NCHH0,2021,8,bottom,88,7,8번타자 노태형,64704,노태형,67956,김태현,556,2,210828_204242,T,스트라이크,128,슬라이더,0,2,True,210828_204242,8,2,-0.113506,1.4167,3.39111,1.68232,-116.221,-1.47332,-5.64473,6.05222,50.0,1.38155,10.2171,26.7527,-25.3857,L
20210828NCHH0,2021,8,bottom,88,7,8번타자 노태형,64704,노태형,67956,김태현,557,3,210828_204302,B,볼,131,슬라이더,1,2,True,210828_204302,8,3,-0.319195,1.4167,3.39111,1.68232,-118.566,-9.54518,-7.13868,5.81023,50.0,1.27339,15.9779,26.4279,-20.8687,L
20210828NCHH0,2021,8,bottom,88,7,8번타자 노태형,64704,노태형,67956,김태현,558,4,210828_204327,H,타격,139,직구,1,2,True,210828_204327,8,4,-0.564331,1.4167,3.39111,1.68232,-125.521,-6.07194,-8.07735,5.86595,50.0,1.15068,18.9848,29.982,-16.6342,L
20210828NCHH0,2021,9,top,90,1,3번타자 정진기,61869,정진기,62611,임준섭,566,1,210828_204545,T,스트라이크,141,직구,0,1,True,210828_204545,9,1,-0.417991,1.4167,3.51645,1.77468,-130.02,-8.24397,-6.41358,6.07334,50.0,1.05782,13.5101,30.6208,-12.3371,L
20210828NCHH0,2021,9,top,90,1,3번타자 정진기,61869,정진기,62611,임준섭,567,2,210828_204602,S,헛스윙,132,슬라이더,0,2,True,210828_204602,9,2,-0.735618,1.4167,3.51645,1.77468,-119.425,-5.75299,-5.769,6.17696,50.0,1.04576,7.4682,25.9186,-30.1489,L
20210828NCHH0,2021,9,top,90,1,3번타자 정진기,61869,정진기,62611,임준섭,568,3,210828_204615,S,헛스윙,130,슬라이더,0,3,True,210828_204615,9,3,-1.23081,1.4167,3.51645,1.77468,-120.244,-5.75273,-7.21584,6.26634,50.0,1.02317,8.91879,25.3397,-28.8077,L
20210828NCHH0,2021,9,top,92,2,대타 강진성,62925,강진성,63961,윤호솔,488,1,210828_204842,T,스트라이크,146,직구,0,1,True,210828_204842,9,1,-0.14268,1.4167,3.17774,1.45809,-131.302,-6.92175,1.87521,5.78718,50.0,-0.851465,-0.272368,32.894,-13.562,R
20210828NCHH0,2021,9,top,92,2,대타 강진성,62925,강진성,63961,윤호솔,489,2,210828_204900,B,볼,146,직구,1,1,True,210828_204900,9,2,-1.06172,1.4167,3.17774,1.45809,-131.035,-6.62026,-0.617306,5.88468,50.0,-0.980604,2.10238,31.1464,-12.0274,R
20210828NCHH0,2021,9,top,92,2,대타 강진성,62925,강진성,63961,윤호솔,490,3,210828_204919,H,타격,147,직구,1,1,True,210828_204919,9,3,-0.04962,1.4167,3.17774,1.45809,-132.737,-4.40821,0.719358,5.93668,50.0,-0.675118,4.68776,34.7262,-11.0409,R
20210828NCHH0,2021,9,top,93,3,5번타자 전민수,78361,전민수,63961,윤호솔,493,1,210828_205003,T,스트라이크,147,직구,0,1,True,210828_205003,9,1,-0.935948,1.4167,3.39247,1.67008,-133.071,-8.96227,-0.752437,5.77618,50.0,-0.822414,2.38393,30.4213,-8.41251,L
20210828NCHH0,2021,9,top,93,3,5번타자 전민수,78361,전민수,63961,윤호솔,494,2,210828_205021,H,타격,148,직구,0,1,True,210828_205021,9,2,0.181772,1.4167,3.39247,1.67008,-133.35,-5.60544,1.90739,5.9184,50.0,-0.830892,4.00346,28.3514,-10.7426,L
20200630LTNC0,2020,1,top,1,1,1번타자 손아섭,77532,손아섭,50912,라이트,2,1,200630_183049,T,스트라이크,142,직구,0,1,True,200630_183049,1,1,0.033594,1.4167,3.09741,1.53919,-127.729,-4.79595,8.08291,6.24313,50.0,-2.18924,-12.4735,25.4878,-16.3926,L
20200630LTNC0,2020,1,top,1,1,1번타자 손아섭,77532,손아섭,50912,라이트,3,2,200630_183103,H,타격,112,커브,0,1,True,200630_183103,1,2,0.642132,1.4167,3.09741,1.53919,-100.837,0.956109,5.12405,6.35043,50.0,-2.42822,4.02223,15.2628,-33.2768,L
20200630LTNC0,2020,1,top,2,2,2번타자 전준우,78513,전준우,50912,라이트,6,1,200630_183147,T,스트라이크,134,커터,0,1,True,200630_183147,1,1,0.616381,1.4167,3.44661,1.63324,-120.877,-3.24869,7.35473,6.0525,50.0,-2.44291,0.008344,19.4867,-28.7667,R
20200630LTNC0,2020,1,top,2,2,2번타자 전준우,78513,전준우,50912,라이트,7,2,200630_183159,B,볼,129,체인지업,1,1,True,200630_183159,1,2,1.38299,1.4167,3.44661,1.63324,-117.027,-2.87253,9.11828,6.06905,50.0,-2.5042,-0.347148,18.5938,-32.8626,R
20200630LTNC0,2020,1,top,2,2,2번타자 전준우,78513,전준우,50912,라이트,8,3,200630_183215,T,스트라이크,144,직구,1,2,True,200630_183215,1,3,-0.830907,1.4167,3.44661,1.63324,-129.919,-7.35876,7.26863,6.0154,50.0,-2.38135,-16.8762,25.4201,-17.4204,R
20200630LTNC0,2020,1,top,2,2,2번타자 전준우,78513,전준우,50912,라이트,9,4,200630_183231,B,볼,149,직구,2,2,True,200630_183231,1,4,0.042803,1.4167,3.44661,1.63324,-134.429,-9.98291,7.94328,6.12487,50.0,-1.92101,-14.4078,24.6822,-11.3873,R
20200630LTNC0,2020,1,top,2,2,2번타자 전준우,78513,전준우,50912,라이트,10,5,200630_183249,F,파울,143,직구,2,2,True,200630_183249,1,5,0.411675,1.4167,3.44661,1.63324,-128.533,-7.65301,9.20052,6.06594,50.0,-1.97987,-15.7977,22.7798,-16.5469,R
20200630LTNC0,2020,1,top,2,2,2번타자 전준우,78513,전준우,50912,라이트,11,6,200630_183322,B,볼,127,체인지업,3,2,True,200630_183322,1,6,0.064938,1.4167,3.44661,1.63324,-113.472,-6.96977,8.35456,5.90791,50.0,-2.08674,-15.8148,19.1217,-23.7456,R
20200630LTNC0,2020,1,top,2,2,2번타자 전준우,78513,전준우,50912,라이트,12,7,200630_183341,B,볼,145,직구,4,2,True,200630_183341,1,7,-1.39851,1.4167,3.44661,1.63324,-132.392,-6.07384,4.06546,6.18882,50.0,-2.03305,-12.5968,25.8807,-13.6818,R
20200630LTNC0,2020,1,top,3,3,3번타자 정훈,60523,정훈,50912,라이트,15,1,200630_183422,T,스트라이크,144,직구,0,1,True,200630_183422,1,1,0.452363,1.4167,3.15723,1.43469,-129.637,-8.57289,8.3397,6.0145,50.0,-1.92051,-11.4773,23.2065,-14.8536,R
20200630LTNC0,2020,1,top,3,3,3번타자 정훈,60523,정훈,50912,라이트,16,2,200630_183444,B,볼,143,직구,1,1,True,200630_183444,1,2,0.02304,1.4167,3.15723,1.43469,-128.378,-10.2036,7.10385,6.0874,50.0,-1.92263,-10.9577,24.2373,-10.4373,R
20200630LTNC0,2020,1,top,3,3,3번타자 정훈,60523,정훈,50912,라이트,17,3,200630_183510,B,볼,139,커터,2,1,True,200630_183510,1,3,0.647437,1.4167,3.15723,1.43469,-125.596,-1.44979,8.07129,6.00091,50.0,-2.47823,-1.33796,21.4994,-26.0368,R
20200630LTNC0,2020,1,top,3,3,3번타자 정훈,60523,정훈,50912,라이트,18,4,200630_183536,B,볼,135,커터,3,1,True,200630_183536,1,4,1.02744,1.4167,3.15723,1.43469,-121.44,-6.3753,8.45371,5.88103,50.0,-2.39986,-0.699294,17.6984,-23.7898,R
20200630LTNC0,2020,1,top,3,3,3번타자 정훈,60523,정훈,50912,라이트,19,5,200630_183607,T,스트라이크,139,커터,3,2,True,200630_183607,1,5,0.382719,1.4167,3.15723,1.43469,-126.578,-4.54888,7.33059,6.05905,50.0,-2.27324,-3.29193,22.4407,-25.4131,R
20200630LTNC0,2020,1,top,3,3,3번타자 정훈,60523,정훈,50912,라이트,20,6,200630_183634,H,타격,137,커터,3,2,True,200630_183634,1,6,0.212529,1.4167,3.15723,1.43469,-124.037,-3.58993,6.70954,5.95849,50.0,-2.28217,-2.76563,21.1866,-24.8267,R
20200630LTNC0,2020,1,top,4,4,4번타자 이대호,71564,이대호,50912,라이트,23,1,200630_183717,B,볼,122,커브,1,0,True,200630_183717,1,1,1.26321,1.4167,3.40735,1.63014,-110.192,-0.419607,7.31414,6.17789,50.0,-2.32153,2.28183,17.4504,-35.4278,R
20200630LTNC0,2020,1,top,4,4,4번타자 이대호,71564,이대호,50912,라이트,24,2,200630_183757,F,파울,146,직구,1,1,True,200630_183757,1,2,0.089702,1.4167,3.40735,1.63014,-131.926,-7.41972,7.35021,6.12318,50.0,-1.7974,-12.6423,25.99,-11.2717,R
20200630LTNC0,2020,1,top,4,4,4번타자 이대호,71564,이대호,50912,라이트,26,3,200630_183942,B,볼,140,커터,2,1,True,200630_183942,1,3,0.842362,1.4167,3.40735,1.63014,-126.222,-6.01038,7.79349,6.03151,50.0,-2.27944,0.081751,23.4224,-30.1468,R
20200630LTNC0,2020,1,top,4,4,4번타자 이대호,71564,이대호,50912,라이트,27,4,200630_184005,H,타격,139,커터,2,1,True,200630_184005,1,4,0.242802,1.4167,3.40735,1.63014,-125.848,-2.18903,5.94082,6.00966,50.0,-2.15921,0.217807,23.9409,-29.6682,R
20200630LTNC0,2020,1,top,5,5,5번타자 마차도,50506,마차도,50912,라이트,31,1,200630_184047,B,볼,140,커터,1,0,True,200630_184047,1,1,0.63815,1.4167,3.375,1.5,-126.895,-5.54446,7.3777,6.01672,50.0,-2.24212,-0.763825,25.1817,-27.8056,R
20200630LTNC0,2020,1,top,5,5,5번타자 마차도,50506,마차도,50912,라이트,32,2,200630_184123,H,타격,136,커터,1,0,True,200630_184123,1,2,-0.219038,1.4167,3.375,1.5,-123.227,-3.41555,5.13489,6.07045,50.0,-2.35296,0.336992,23.1556,-25.0629,R
20200630LTNC0,2020,1,bottom,7,1,1번타자 박민우,62907,박민우,78536,김대우,36,1,200630_184407,B,볼,145,투심,1,0,True,200630_184407,1,1,-0.18084,1.4167,3.44209,1.72864,-130.852,-7.13295,9.52149,5.52114,50.0,-2.42771,-19.189,26.6999,-19.7905,L
20200630LTNC0,2020,1,bottom,7,1,1번타자 박민우,62907,박민우,78536,김대우,37,2,200630_184424,B,볼,139,커터,2,0,True,200630_184424,1,2,1.04153,1.4167,3.44209,1.72864,-125.121,-2.20046,9.59879,5.66439,50.0,-2.17822,-8.01426,23.1648,-23.5446,L
20200630LTNC0,2020,1,bottom,7,1,1번타자 박민우,62907,박민우,78536,김대우,38,3,200630_184441,B,볼,145,투심,3,0,True,200630_184441,1,3,-1.40265,1.4167,3.44209,1.72864,-130.645,-2.78953,7.05602,5.4324,50.0,-2.66363,-19.6244,26.7886,-22.7324,L
20200630LTNC0,2020,1,bottom,7,1,1번타자 박민우,62907,박민우,78536,김대우,39,4,200630_184501,T,스트라이크,146,투심,3,1,True,200630_184501,1,4,0.070982,1.4167,3.44209,1.72864,-131.82,-3.70594,9.77706,5.48105,50.0,-2.32189,-18.444,26.5822,-20.0422,L
20200630LTNC0,2020,1,bottom,7,1,1번타자 박민우,62907,박민우,78536,김대우,40,5,200630_184517,H,타격,147,투심,3,1,True,200630_184517,1,5,-0.775408,1.4167,3.44209,1.72864,-132.604,-6.35954,8.44324,5.33545,50.0,-2.46401,-21.0578,27.1846,-22.2049,L
20200630LTNC0,2020,1,bottom,8,2,2번타자 권희동,63963,권희동,78536,김대우,43,1,200630_184558,B,볼,132,슬라이더,1,0,True,200630_184558,1,1,0.500051,1.4167,3.31539,1.54438,-119.558,0.085081,6.87011,6.01024,50.0,-2.03977,-4.10858,22.5636,-27.0127,R
20200630LTNC0,2020,1,bottom,8,2,2번타자 권희동,63963,권희동,78536,김대우,44,2,200630_184613,B,볼,139,투심,2,0,True,200630_184613,1,2,-1.69467,1.4167,3.31539,1.54438,-126.139,-3.17152,4.06813,5.88153,50.0,-2.1506,-14.6069,25.649,-14.5205,R
20200630LTNC0,2020,1,bottom,8,2,2번타자 권희동,63963,권희동,78536,김대우,45,3,200630_184647,B,볼,146,투심,3,0,True,200630_184647,1,3,0.516982,1.4167,3.31539,1.54438,-131.577,-9.28393,10.685,5.28917,50.0,-2.26089,-17.926,24.8131,-16.9224,R
20200630LTNC0,2020,1,bottom,8,2,2번타자 권희동,63963,권희동,78536,김대우,46,4,200630_184703,B,볼,148,투심,4,0,True,200630_184703,1,4,-0.022534,1.4167,3.31539,1.54438,-133.181,-6.99058,9.82751,5.30282,50.0,-2.34603,-19.5148,26.6557,-19.6296,R
20200630LTNC0,2020,1,bottom,9,3,3번타자 나성범,62947,나성범,78536,김대우,49,1,200630_184748,T,스트라이크,139,커터,0,1,True,200630_184748,1,1,-0.09916,1.4167,3.339,1.60261,-125.329,-1.33519,7.66049,5.70983,50.0,-2.37736,-9.91103,22.0764,-24.7264,L
20200630LTNC0,2020,1,bottom,9,3,3번타자 나성범,62947,나성범,78536,김대우,50,2,200630_184808,F,파울,139,커터,0,2,True,200630_184808,1,2,0.712945,1.4167,3.339,1.60261,-125.034,-5.70199,9.03039,5.53403,50.0,-2.24822,-8.3147,21.5026,-21.4799,L
20200630LTNC0,2020,1,bottom,9,3,3번타자 나성범,62947,나성범,78536,김대우,51,3,200630_184839,H,타격,137,포크,0,2,True,200630_184839,1,3,-0.456261,1.4167,3.339,1.60261,-124.937,-2.88869,6.08521,5.9312,50.0,-1.95339,-11.8002,24.9974,-32.4005,L
20200630LTNC0,2020,1,bottom,10,4,4번타자 양의지,76232,양의지,78536,김대우,55,1,200630_184925,F,파울,132,슬라이더,0,1,True,200630_184925,1,1,0.885155,1.4167,3.27759,1.51127,-119.322,-2.28308,7.33981,5.90516,50.0,-1.99165,-2.70966,23.9807,-25.678,R
20200630LTNC0,2020,1,bottom,10,4,4번타자 양의지,76232,양의지,78536,김대우,56,2,200630_184956,T,스트라이크,139,커터,0,2,True,200630_184956,1,2,-0.685809,1.4167,3.27759,1.51127,-120.24,-2.08152,3.75706,5.83198,50.0,-2.18233,-1.01669,24.8184,-27.1706,R
20200630LTNC0,2020,1,bottom,10,4,4번타자 양의지,76232,양의지,78536,김대우,57,3,200630_185019,B,볼,136,포크,1,2,True,200630_185019,1,3,1.51948,1.4167,3.27759,1.51127,-123.207,-12.7407,9.06062,5.73675,50.0,-1.42387,-9.41654,28.0939,-15.387,R
20200630LTNC0,2020,1,bottom,10,4,4번타자 양의지,76232,양의지,78536,김대우,59,4,200630_185104,H,타격,139,커터,1,2,True,200630_185104,1,4,0.839932,1.4167,3.27759,1.51127,-130.689,-6.1025,9.95513,5.88178,50.0,-1.54632,-19.6891,32.1213,-15.8025,R
20200630LTNC0,2020,2,top,12,1,6번타자 김준태,62558,김준태,50912,라이트,63,1,200630_185332,H,타격,140,커터,0,0,True,200630_185332,2,1,-0.112736,1.4167,3.375,1.5,-126.844,-4.36204,8.19529,6.14018,50.0,-2.09354,-16.1818,24.5975,-20.7953,L
20200630LTNC0,2020,2,top,13,2,7번타자 안치홍,79608,안치홍,50912,라이트,66,1,200630_185413,B,볼,141,직구,1,0,True,200630_185413,2,1,-0.53627,1.4167,3.21958,1.43385,-127.35,-8.3988,6.03316,6.13945,50.0,-1.98976,-11.9574,25.784,-13.9383,R
20200630LTNC0,2020,2,top,13,2,7번타자 안치홍,79608,안치홍,50912,라이트,67,2,200630_185426,H,타격,142,직구,1,0,True,200630_185426,2,2,-0.62834,1.4167,3.21958,1.43385,-128.729,-5.39088,5.6201,6.22222,50.0,-1.99761,-10.868,25.8108,-15.4369,R
20200630LTNC0,2020,2,top,14,3,8번타자 한동희,68525,한동희,50912,라이트,70,1,200630_185514,T,스트라이크,142,직구,0,1,True,200630_185514,2,1,-0.675211,1.4167,3.375,1.59479,-128.411,-6.8703,5.32587,6.08305,50.0,-1.85078,-11.8877,25.6049,-15.2467,R
20200630LTNC0,2020,2,top,14,3,8번타자 한동희,68525,한동희,50912,라이트,71,2,200630_185540,T,스트라이크,146,직구,0,2,True,200630_185540,2,2,0.94559,1.4167,3.375,1.59479,-132.1,-7.84703,8.85389,6.27568,50.0,-1.59775,-11.5258,26.5375,-15.6813,R
20200630LTNC0,2020,2,top,14,3,8번타자 한동희,68525,한동희,50912,라이트,72,3,200630_185602,B,볼,148,직구,1,2,True,200630_185602,2,3,0.657927,1.4167,3.375,1.59479,-133.578,-9.81645,8.87728,6.08993,50.0,-1.69526,-13.9948,25.4665,-16.3065,R
20200630LTNC0,2020,2,top,14,3,8번타자 한동희,68525,한동희,50912,라이트,73,4,200630_185629,F,파울,134,커터,1,2,True,200630_185629,2,4,0.15622,1.4167,3.375,1.59479,-121.981,-0.895112,5.52014,6.26762,50.0,-2.05939,-0.733032,20.6163,-29.0103,R
20200630LTNC0,2020,2,top,14,3,8번타자 한동희,68525,한동희,50912,라이트,74,5,200630_185702,T,스트라이크,146,직구,1,3,True,200630_185702,2,5,0.721188,1.4167,3.375,1.59479,-132.116,-7.5436,7.69143,6.22847,50.0,-1.51886,-9.62225,27.487,-14.9733,R
20200630LTNC0,2020,2,top,15,4,9번타자 민병헌,76249,민병헌,50912,라이트,77,1,200630_185742,T,스트라이크,138,커터,0,1,True,200630_185742,2,1,-0.585865,1.4167,3.10898,1.41962,-124.333,-3.07479,4.80017,6.10954,50.0,-2.44405,-1.07858,22.4285,-27.268,R
20200630LTNC0,2020,2,top,15,4,9번타자 민병헌,76249,민병헌,50912,라이트,78,2,200630_185805,T,스트라이크,132,커터,0,2,True,200630_185805,2,2,0.965399,1.4167,3.10898,1.41962,-119.134,-4.19103,9.66262,5.97757,50.0,-1.78659,-15.0087,23.0008,-21.0256,R
20200630LTNC0,2020,2,top,15,4,9번타자 민병헌,76249,민병헌,50912,라이트,79,3,200630_185826,F,파울,149,직구,0,2,True,200630_185826,2,3,-0.115985,1.4167,3.10898,1.41962,-134.389,-6.4072,6.34988,6.25512,50.0,-1.57471,-13.1624,29.5362,-14.1054,R
20200630LTNC0,2020,2,top,15,4,9번타자 민병헌,76249,민병헌,50912,라이트,80,4,200630_185855,B,볼,148,직구,1,2,True,200630_185855,2,4,1.27069,1.4167,3.10898,1.41962,-133.865,-10.2062,10.273,5.96966,50.0,-1.65362,-13.5375,30.9918,-10.0844,R
20200630LTNC0,2020,2,bottom,17,1,5번타자 박석민,74465,박석민,78536,김대우,84,1,200630_190114,T,스트라이크,132,슬라이더,0,1,True,200630_190114,2,1,0.468482,1.4167,3.44358,1.68261,-119.748,-1.43918,6.0096,6.00366,50.0,-2.03464,-0.257792,19.7894,-28.0428,R
20200630LTNC0,2020,2,bottom,17,1,5번타자 박석민,74465,박석민,78536,김대우,85,2,200630_190127,F,파울,136,포크,0,2,True,200630_190127,2,2,0.320914,1.4167,3.44358,1.68261,-122.556,-4.91329,6.91717,5.77189,50.0,-2.16612,-4.2295,21.4964,-26.0542,R
20200630LTNC0,2020,2,bottom,17,1,5번타자 박석민,74465,박석민,78536,김대우,86,3,200630_190154,F,파울,132,슬라이더,0,2,True,200630_190154,2,3,-0.297164,1.4167,3.44358,1.68261,-119.459,-3.47835,5.47184,6.08383,50.0,-1.77917,-9.3437,24.4779,-32.0936,R
20200630LTNC0,2020,2,bottom,17,1,5번타자 박석민,74465,박석민,78536,김대우,87,4,200630_190214,B,볼,140,커터,1,2,True,200630_190214,2,4,0.576005,1.4167,3.44358,1.68261,-126.959,-0.381316,7.93554,5.77096,50.0,-2.05846,-6.60486,24.3621,-25.8493,R
20200630LTNC0,2020,2,bottom,17,1,5번타자 박석민,74465,박석민,78536,김대우,88,5,200630_190229,F,파울,132,슬라이더,1,2,True,200630_190229,2,5,-0.092349,1.4167,3.44358,1.68261,-120.129,-3.743,5.91836,5.83712,50.0,-2.02104,-6.28169,20.0642,-26.5122,R
20200630LTNC0,2020,2,bottom,17,1,5번타자 박석민,74465,박석민,78536,김대우,89,6,200630_190253,B,볼,146,투심,2,2,True,200630_190253,2,6,0.860533,1.4167,3.44358,1.68261,-122.452,0.420901,7.82363,5.85885,50.0,-2.00913,-4.26099,23.7432,-23.9168,R
20200630LTNC0,2020,2,bottom,17,1,5번타자 박석민,74465,박석민,78536,김대우,90,7,200630_190308,F,파울,132,슬라이더,2,2,True,200630_190308,2,7,0.028695,1.4167,3.44358,1.68261,-119.157,-0.849789,4.90073,5.92927,50.0,-1.93448,-1.32044,22.6865,-27.9943,R
20200630LTNC0,2020,2,bottom,17,1,5번타자 박석민,74465,박석민,78536,김대우,91,8,200630_190349,S,헛스윙,133,슬라이더,2,3,True,200630_190349,2,8,-0.398525,1.4167,3.44358,1.68261,-120.652,-5.82452,4.71613,5.75466,50.0,-2.03634,-3.85296,22.4329,-27.8195,R
20200630LTNC0,2020,2,bottom,18,2,6번타자 알테어,50923,알테어,78536,김대우,94,1,200630_190425,B,볼,145,투심,1,0,True,200630_190425,2,1,-1.77804,1.4167,3.54409,1.67349,-131.517,-3.10754,3.70993,5.77698,50.0,-2.03965,-15.6961,30.0389,-16.3785,R
20200630LTNC0,2020,2,bottom,18,2,6번타자 알테어,50923,알테어,78536,김대우,95,2,200630_190440,F,파울,135,슬라이더,1,1,True,200630_190440,2,2,-0.31039,1.4167,3.54409,1.67349,-122.282,-0.657303,5.11715,5.81926,50.0,-2.11504,-3.66077,23.7733,-27.6593,R
20200630LTNC0,2020,2,bottom,18,2,6번타자 알테어,50923,알테어,78536,김대우,96,3,200630_190501,H,타격,144,투심,1,1,True,200630_190501,2,3,-0.597953,1.4167,3.54409,1.67349,-129.498,-7.79629,5.51051,5.78282,50.0,-1.666,-14.2128,30.077,-9.76087,R
20200630LTNC0,2020,2,bottom,19,3,7번타자 노진혁,62931,노진혁,78536,김대우,99,1,200630_190550,B,볼,149,투심,1,0,True,200630_190550,2,1,0.769822,1.4167,3.48005,1.65919,-133.984,-6.2611,11.8712,5.37784,50.0,-2.18757,-21.4095,28.7032,-19.3315,L
20200630LTNC0,2020,2,bottom,19,3,7번타자 노진혁,62931,노진혁,78536,김대우,100,2,200630_190607,B,볼,142,커터,2,0,True,200630_190607,2,2,1.13594,1.4167,3.48005,1.65919,-127.872,-10.3417,10.1439,5.22865,50.0,-2.10478,-9.93986,26.9458,-22.4746,L
20200630LTNC0,2020,2,bottom,19,3,7번타자 노진혁,62931,노진혁,78536,김대우,101,3,200630_190634,H,타격,144,투심,2,0,True,200630_190634,2,3,-0.433873,1.4167,3.48005,1.65919,-130.788,-2.36625,8.52876,5.38138,50.0,-2.41268,-17.6371,26.1143,-25.3842,L
20200630LTNC0,2020,3,top,21,1,9번타자 민병헌,76249,민병헌,50912,라이트,105,1,200630_190851,B,볼,133,커터,1,0,True,200630_190851,3,1,-1.1595,1.4167,3.10898,1.41962,-120.717,-1.63103,2.45788,6.04069,50.0,-2.53882,3.98485,22.6545,-28.5589,R
20200630LTNC0,2020,3,top,21,1,9번타자 민병헌,76249,민병헌,50912,라이트,106,2,200630_190906,B,볼,143,직구,2,0,True,200630_190906,3,2,0.501883,1.4167,3.10898,1.41962,-128.966,-10.8361,8.82559,5.93387,50.0,-1.88469,-13.951,25.117,-14.2766,R
20200630LTNC0,2020,3,top,21,1,9번타자 민병헌,76249,민병헌,50912,라이트,107,3,200630_190930,B,볼,140,직구,3,0,True,200630_190930,3,3,-0.542075,1.4167,3.10898,1.41962,-126.594,-3.46837,6.24559,6.13809,50.0,-2.01623,-12.8134,26.9593,-16.5616,R
20200630LTNC0,2020,3,top,21,1,9번타자 민병헌,76249,민병헌,50912,라이트,108,4,200630_190946,T,스트라이크,137,직구,3,1,True,200630_190946,3,4,0.513364,1.4167,3.10898,1.41962,-123.346,-5.44755,8.75539,6.13749,50.0,-2.12898,-11.3208,25.0156,-15.996,R
20200630LTNC0,2020,3,top,21,1,9번타자 민병헌,76249,민병헌,50912,라이트,109,5,200630_191001,F,파울,139,직구,3,2,True,200630_191001,3,5,-0.240002,1.4167,3.10898,1.41962,-125.4,-7.74697,7.4379,6.01878,50.0,-2.1083,-13.9316,25.7106,-15.3017,R
20200630LTNC0,2020,3,top,21,1,9번타자 민병헌,76249,민병헌,50912,라이트,110,6,200630_191023,H,타격,136,커터,3,2,True,200630_191023,3,6,0.130907,1.4167,3.10898,1.41962,-123.49,-3.72178,7.07314,5.88995,50.0,-2.62742,-1.44789,20.1373,-28.5856,R
20200630LTNC0,2020,3,top,22,2,1번타자 손아섭,77532,손아섭,50912,라이트,113,1,200630_191120,T,스트라이크,127,체인지업,0,1,True,200630_191120,3,1,-0.453716,1.4167,3.09741,1.53919,-114.496,-3.53324,7.07718,6.10852,50.0,-2.10782,-15.0885,20.364,-23.0372,L
20200630LTNC0,2020,3,top,22,2,1번타자 손아섭,77532,손아섭,50912,라이트,114,2,200630_191132,B,볼,141,직구,1,1,True,200630_191132,3,2,0.450164,1.4167,3.09741,1.53919,-126.814,-6.55282,8.51128,6.03045,50.0,-2.34324,-7.38372,21.36,-27.9783,L
20200630LTNC0,2020,3,top,22,2,1번타자 손아섭,77532,손아섭,50912,라이트,115,3,200630_191146,B,볼,136,커터,2,1,True,200630_191146,3,3,1.3233,1.4167,3.09741,1.53919,-122.949,-8.75094,9.52146,5.94224,50.0,-2.26575,-3.63737,20.19,-26.5915,L
20200630LTNC0,2020,3,top,22,2,1번타자 손아섭,77532,손아섭,50912,라이트,116,4,200630_191207,H,타격,131,커터,2,1,True,200630_191207,3,4,0.312016,1.4167,3.09741,1.53919,-118.347,-3.05758,6.3259,6.14672,50.0,-2.47117,0.925991,20.9701,-28.2953,L
20200630LTNC0,2020,3,top,23,3,2번타자 전준우,78513,전준우,50912,라이트,119,1,200630_191250,T,스트라이크,138,커터,0,1,True,200630_191250,3,1,-0.760785,1.4167,3.44661,1.63324,-125.303,-3.35204,4.74301,6.0187,50.0,-2.47986,-2.31774,22.0038,-26.778,R
20200630LTNC0,2020,3,top,23,3,2번타자 전준우,78513,전준우,50912,라이트,120,2,200630_191312,H,타격,147,직구,0,1,True,200630_191312,3,2,0.471213,1.4167,3.44661,1.63324,-132.407,-7.5306,7.79178,6.25236,50.0,-1.6052,-12.2891,25.5132,-13.8122,R
20200630LTNC0,2020,3,top,24,4,3번타자 정훈,60523,정훈,50912,라이트,124,1,200630_191406,B,볼,137,커터,1,0,True,200630_191406,3,1,1.49804,1.4167,3.15723,1.43469,-123.818,-5.47357,8.77531,6.15796,50.0,-2.05146,-0.228939,21.3675,-25.8237,R
20200630LTNC0,2020,3,top,24,4,3번타자 정훈,60523,정훈,50912,라이트,125,2,200630_191436,T,스트라이크,142,직구,1,1,True,200630_191436,3,2,0.17772,1.4167,3.15723,1.43469,-128.364,-8.66191,7.43687,6.05155,50.0,-1.84383,-11.6939,25.172,-13.5098,R
20200630LTNC0,2020,3,top,24,4,3번타자 정훈,60523,정훈,50912,라이트,126,3,200630_191506,T,스트라이크,138,커터,1,2,True,200630_191506,3,3,0.640485,1.4167,3.15723,1.43469,-124.985,-3.74673,7.39875,6.1289,50.0,-2.33667,-0.04461,21.812,-27.2512,R
20200630LTNC0,2020,3,top,24,4,3번타자 정훈,60523,정훈,50912,라이트,127,4,200630_191536,H,타격,150,직구,1,2,True,200630_191536,3,4,-0.551109,1.4167,3.15723,1.43469,-135.518,-7.71326,6.34345,6.08196,50.0,-1.93863,-14.0699,28.541,-13.6466,R
20200630LTNC0,2020,3,bottom,26,1,8번타자 강진성,62925,강진성,78536,김대우,132,1,200630_191803,B,볼,132,슬라이더,1,0,True,200630_191803,3,1,1.16311,1.4167,2.72976,1.1487,-119.385,-2.26342,8.02402,5.84654,50.0,-1.98904,-2.69583,21.2722,-28.6687,R
20200630LTNC0,2020,3,bottom,26,1,8번타자 강진성,62925,강진성,78536,김대우,133,2,200630_191818,T,스트라이크,145,투심,1,1,True,200630_191818,3,2,-0.543673,1.4167,2.72976,1.1487,-131.018,-6.64467,5.70596,5.75246,50.0,-1.93473,-10.8971,27.1016,-11.6651,R
20200630LTNC0,2020,3,bottom,26,1,8번타자 강진성,62925,강진성,78536,김대우,134,3,200630_191834,F,파울,134,슬라이더,1,2,True,200630_191834,3,3,0.194741,1.4167,2.72976,1.1487,-120.73,-5.10778,5.38648,5.66057,50.0,-1.99927,-0.655613,21.4752,-21.1055,R
20200630LTNC0,2020,3,bottom,26,1,8번타자 강진성,62925,강진성,78536,김대우,135,4,200630_191859,B,볼,137,커터,2,2,True,200630_191859,3,4,2.17254,1.4167,2.72976,1.1487,-123.712,-5.07854,10.8205,5.70846,50.0,-1.90516,-3.94049,21.3604,-29.0454,R
20200630LTNC0,2020,3,bottom,26,1,8번타자 강진성,62925,강진성,78536,김대우,136,5,200630_191915,F,파울,146,투심,2,2,True,200630_191915,3,5,-1.0055,1.4167,2.72976,1.1487,-132.072,-4.09126,5.36857,5.55261,50.0,-2.03019,-14.0636,25.3372,-15.7207,R
20200630LTNC0,2020,3,bottom,26,1,8번타자 강진성,62925,강진성,78536,김대우,137,6,200630_191937,H,타격,124,커브,2,2,True,200630_191937,3,6,0.308675,1.4167,2.72976,1.1487,-112.615,-1.92301,5.45846,5.91247,50.0,-1.85143,-2.82339,18.1308,-27.6984,R
20200630LTNC0,2020,3,bottom,27,2,9번타자 이명기,76849,이명기,78536,김대우,140,1,200630_192017,T,스트라이크,144,투심,0,1,True,200630_192017,3,1,-0.570781,1.4167,3.38437,1.6246,-130.309,-5.83682,8.14658,5.38986,50.0,-2.3078,-18.9141,25.9669,-20.416,L
20200630LTNC0,2020,3,bottom,27,2,9번타자 이명기,76849,이명기,78536,김대우,141,2,200630_192031,T,스트라이크,132,포크,0,2,True,200630_192031,3,2,-0.993965,1.4167,3.38437,1.6246,-119.588,-1.59803,4.71468,5.87531,50.0,-1.80141,-13.2834,20.2562,-27.0706,L
20200630LTNC0,2020,3,bottom,27,2,9번타자 이명기,76849,이명기,78536,김대우,142,3,200630_192048,B,볼,139,포크,1,2,True,200630_192048,3,3,1.03391,1.4167,3.38437,1.6246,-125.479,-7.83747,9.42972,5.6306,50.0,-1.66854,-13.414,21.4283,-26.0722,L
20200630LTNC0,2020,3,bottom,27,2,9번타자 이명기,76849,이명기,78536,김대우,143,4,200630_192112,B,볼,136,포크,2,2,True,200630_192112,3,4,0.411089,1.4167,3.38437,1.6246,-122.644,-7.58168,7.20606,5.6693,50.0,-1.72361,-9.8356,23.1699,-29.8214,L
20200630LTNC0,2020,3,bottom,27,2,9번타자 이명기,76849,이명기,78536,김대우,144,5,200630_192138,B,볼,147,투심,3,2,True,200630_192138,3,5,1.17742,1.4167,3.38437,1.6246,-132.637,-5.51637,11.77,5.3586,50.0,-2.16062,-15.8229,27.5052,-18.3168,L
20200630LTNC0,2020,3,bottom,27,2,9번타자 이명기,76849,이명기,78536,김대우,145,6,200630_192208,H,타격,143,투심,3,2,True,200630_192208,3,6,0.007493,1.4167,3.38437,1.6246,-128.824,-4.66728,8.52668,5.4797,50.0,-2.16999,-15.1462,24.1778,-23.1607,L
20200630LTNC0,2020,3,bottom,28,3,1번타자 박민우,62907,박민우,79545,진명호,149,1,200630_192425,T,스트라이크,138,직구,0,1,True,200630_192425,3,1,-0.020452,1.4167,3.44209,1.72864,-125.547,-3.49534,3.27735,6.27211,50.0,-1.08237,-3.1391,21.961,-19.8282,L
20200630LTNC0,2020,3,bottom,28,3,1번타자 박민우,62907,박민우,79545,진명호,150,2,200630_192446,B,볼,141,직구,1,1,True,200630_192446,3,2,0.968737,1.4167,3.44209,1.72864,-127.317,-6.99079,5.6447,6.08423,50.0,-1.04685,-2.71907,21.2298,-18.3072,L
20200630LTNC0,2020,3,bottom,28,3,1번타자 박민우,62907,박민우,79545,진명호,151,3,200630_192508,T,스트라이크,140,직구,1,2,True,200630_192508,3,3,-0.5173,1.4167,3.44209,1.72864,-127.099,-6.2219,2.22829,6.08787,50.0,-1.17181,-2.91563,23.2969,-17.3165,L
20200630LTNC0,2020,3,bottom,28,3,1번타자 박민우,62907,박민우,79545,진명호,152,4,200630_192530,F,파울,131,포크,1,2,True,200630_192530,3,4,-0.473458,1.4167,3.44209,1.72864,-118.394,-2.53292,1.25581,6.66172,50.0,-0.76288,-2.70791,22.298,-20.9283,L
20200630LTNC0,2020,3,bottom,28,3,1번타자 박민우,62907,박민우,79545,진명호,153,5,200630_192556,H,타격,142,직구,1,2,True,200630_192556,3,5,-0.42978,1.4167,3.44209,1.72864,-128.562,-5.2135,1.57962,6.11091,50.0,-1.21263,2.11886,24.1387,-18.87,L
20200630LTNC0,2020,3,bottom,29,4,2번타자 권희동,63963,권희동,79545,진명호,158,1,200630_192838,T,스트라이크,131,슬라이더,0,1,True,200630_192838,3,1,-0.564841,1.4167,3.31539,1.54438,-119.374,-3.72529,1.27966,6.16251,50.0,-1.36743,2.91088,21.7998,-29.5192,R
20200630LTNC0,2020,3,bottom,29,4,2번타자 권희동,63963,권희동,79545,진명호,159,2,200630_192856,B,볼,132,슬라이더,1,1,True,200630_192856,3,2,1.2637,1.4167,3.31539,1.54438,-119.737,-5.68833,4.92123,6.14747,50.0,-1.07777,3.06387,20.2229,-25.7403,R
20200630LTNC0,2020,3,bottom,29,4,2번타자 권희동,63963,권희동,79545,진명호,160,3,200630_192915,B,볼,141,직구,2,1,True,200630_192915,3,3,-1.51772,1.4167,3.31539,1.54438,-128.189,-3.87059,-0.513025,6.22413,50.0,-1.23643,-1.00604,26.5513,-13.9461,R
20200630LTNC0,2020,3,bottom,29,4,2번타자 권희동,63963,권희동,79545,진명호,161,4,200630_192934,T,스트라이크,142,직구,2,2,True,200630_192934,3,4,-0.851825,1.4167,3.31539,1.54438,-127.304,-5.22092,0.711239,6.16501,50.0,-1.1976,0.793372,26.1187,-15.6762,R
20200630LTNC0,2020,3,bottom,29,4,2번타자 권희동,63963,권희동,79545,진명호,162,5,200630_192952,T,스트라이크,139,직구,2,3,True,200630_192952,3,5,-0.709854,1.4167,3.31539,1.54438,-126.219,-7.87126,0.757001,6.06578,50.0,-1.2036,2.38451,23.9601,-16.4194,R
20200630LTNC0,2020,3,bottom,30,5,3번타자 나성범,62947,나성범,79545,진명호,165,1,200630_193030,H,타격,142,직구,0,0,True,200630_193030,3,1,-0.32703,1.4167,3.339,1.60261,-128.89,-6.70878,2.02447,6.00683,50.0,-1.22469,1.33176,26.3273,-14.0507,L
20200630LTNC0,2020,3,bottom,31,6,4번타자 양의지,76232,양의지,79545,진명호,170,1,200630_193109,H,타격,132,슬라이더,0,0,True,200630_193109,3,1,0.324373,1.4167,3.27759,1.51127,-119.467,-4.5608,2.94005,6.09795,50.0,-1.29385,4.1892,21.7563,-28.1883,R
20200630LTNC0,2020,3,bottom,32,7,5번타자 박석민,74465,박석민,79545,진명호,174,1,200630_193159,H,타격,134,슬라이더,0,0,True,200630_193159,3,1,0.311182,1.4167,3.44358,1.68261,-121.35,-4.03579,3.38237,6.10706,50.0,-1.26061,1.91634,21.5995,-27.9173,R
20200630LTNC0,2020,4,top,34,1,4번타자 이대호,71564,이대호,50912,라이트,179,1,200630_193419,F,파울,144,직구,0,1,True,200630_193419,4,1,0.555565,1.4167,3.40735,1.63014,-130.768,-6.25324,8.19738,6.26179,50.0,-1.8304,-10.3696,23.1893,-14.3313,R
20200630LTNC0,2020,4,top,34,1,4번타자 이대호,71564,이대호,50912,라이트,180,2,200630_193437,B,볼,137,커터,1,1,True,200630_193437,4,2,0.74762,1.4167,3.40735,1.63014,-114.036,-6.88266,7.94378,6.13485,50.0,-1.74848,-10.4461,20.3714,-21.8334,R
20200630LTNC0,2020,4,top,34,1,4번타자 이대호,71564,이대호,50912,라이트,181,3,200630_193456,H,타격,146,직구,1,1,True,200630_193456,4,3,0.257356,1.4167,3.40735,1.63014,-131.215,-5.51361,6.51423,6.22116,50.0,-1.66379,-7.95917,27.5344,-16.1252,R
20200630LTNC0,2020,4,top,35,2,5번타자 마차도,50506,마차도,50912,라이트,184,1,200630_193526,F,파울,146,직구,0,1,True,200630_193526,4,1,-0.399874,1.4167,3.375,1.5,-132.224,-4.80503,6.83962,6.06503,50.0,-2.09367,-12.6329,28.7025,-16.1818,R
20200630LTNC0,2020,4,top,35,2,5번타자 마차도,50506,마차도,50912,라이트,185,2,200630_193547,H,타격,136,커터,0,1,True,200630_193547,4,2,0.144227,1.4167,3.375,1.5,-123.467,-1.96493,5.68804,6.06065,50.0,-2.46294,3.2733,24.2426,-30.9794,R
20200630LTNC0,2020,4,top,36,3,6번타자 김준태,62558,김준태,50912,라이트,188,1,200630_193621,T,스트라이크,143,직구,0,1,True,200630_193621,4,1,-0.032769,1.4167,3.375,1.5,-129.332,-4.22471,7.69577,6.1687,50.0,-1.94912,-14.2986,26.1978,-20.9461,L
20200630LTNC0,2020,4,top,36,3,6번타자 김준태,62558,김준태,50912,라이트,189,2,200630_193634,T,스트라이크,145,직구,0,2,True,200630_193634,4,2,-0.587368,1.4167,3.375,1.5,-131.714,-5.06868,5.52216,6.34861,50.0,-2.06956,-8.64629,26.4294,-16.7585,L
20200630LTNC0,2020,4,top,36,3,6번타자 김준태,62558,김준태,50912,라이트,190,3,200630_193649,H,타격,150,직구,0,2,True,200630_193649,4,3,-0.732399,1.4167,3.375,1.5,-135.434,-7.55119,6.06128,6.14839,50.0,-1.96487,-14.7818,27.4666,-15.1347,L
20200630LTNC0,2020,4,top,37,4,7번타자 안치홍,79608,안치홍,50912,라이트,193,1,200630_193731,T,스트라이크,145,직구,0,1,True,200630_193731,4,1,-0.520763,1.4167,3.21958,1.43385,-131.09,-5.77388,4.9012,6.32295,50.0,-1.7574,-8.76038,24.3046,-15.7138,R
20200630LTNC0,2020,4,top,37,4,7번타자 안치홍,79608,안치홍,50912,라이트,194,2,200630_193755,F,파울,133,커터,0,2,True,200630_193755,4,2,-0.599842,1.4167,3.21958,1.43385,-120.304,-1.30498,4.12578,6.21794,50.0,-2.43586,1.17947,21.8185,-32.9295,R
20200630LTNC0,2020,4,top,37,4,7번타자 안치홍,79608,안치홍,50912,라이트,195,3,200630_193831,B,볼,141,커터,1,2,True,200630_193831,4,3,1.69454,1.4167,3.21958,1.43385,-127.721,-5.18882,9.35423,5.92237,50.0,-1.97281,-0.289131,23.1006,-28.7092,R
20200630LTNC0,2020,4,top,37,4,7번타자 안치홍,79608,안치홍,50912,라이트,196,4,200630_193855,H,타격,116,커브,1,2,True,200630_193855,4,4,-0.19853,1.4167,3.21958,1.43385,-105.046,2.67267,3.98814,6.43779,50.0,-2.38196,2.23808,17.8287,-34.6868,R
20200630LTNC0,2020,4,top,38,5,8번타자 한동희,68525,한동희,50912,라이트,200,1,200630_193958,H,타격,140,커터,0,0,True,200630_193958,4,1,0.788282,1.4167,3.375,1.59479,-127.215,-3.36593,7.13547,6.08717,50.0,-2.12983,1.164,23.1154,-29.7465,R
20200630LTNC0,2020,4,bottom,40,1,6번타자 알테어,50923,알테어,64565,이인복,205,1,200630_194232,T,스트라이크,135,투심,0,1,True,200630_194232,4,1,-0.624332,1.4167,3.54409,1.67349,-122.412,-3.98116,3.23867,6.08484,50.0,-1.00014,-11.2363,26.3491,-22.2228,R
20200630LTNC0,2020,4,bottom,40,1,6번타자 알테어,50923,알테어,64565,이인복,206,2,200630_194247,H,타격,123,슬라이더,0,1,True,200630_194247,4,2,0.7449,1.4167,3.54409,1.67349,-111.842,0.430443,4.22484,6.29467,50.0,-1.00907,-1.62804,22.3183,-30.5202,R
20200630LTNC0,2020,4,bottom,41,2,7번타자 노진혁,62931,노진혁,64565,이인복,209,1,200630_194332,T,스트라이크,124,슬라이더,0,1,True,200630_194332,4,1,0.268848,1.4167,3.48005,1.65919,-112.452,-3.13791,3.23899,6.12684,50.0,-1.05068,-1.46243,23.8692,-28.5442,L
20200630LTNC0,2020,4,bottom,41,2,7번타자 노진혁,62931,노진혁,64565,이인복,210,2,200630_194347,H,타격,128,포크,0,1,True,200630_194347,4,2,-0.108963,1.4167,3.48005,1.65919,-115.558,-3.10832,3.59643,6.16549,50.0,-0.91185,-8.05217,21.6479,-25.2812,L
20200630LTNC0,2020,4,bottom,42,3,8번타자 강진성,62925,강진성,64565,이인복,213,1,200630_194425,T,스트라이크,136,투심,0,1,True,200630_194425,4,1,-0.686039,1.4167,2.72976,1.1487,-122.777,-3.89585,3.60575,6.1743,50.0,-1.04477,-13.2685,24.0833,-22.499,R
20200630LTNC0,2020,4,bottom,42,3,8번타자 강진성,62925,강진성,64565,이인복,214,2,200630_194436,H,타격,138,투심,0,1,True,200630_194436,4,2,-0.339769,1.4167,2.72976,1.1487,-125.147,-6.00281,3.6523,6.0322,50.0,-1.00426,-9.92592,28.0053,-20.382,R
20200630LTNC0,2020,4,bottom,43,4,9번타자 이명기,76849,이명기,64565,이인복,217,1,200630_194519,H,타격,136,투심,0,0,True,200630_194519,4,1,0.055418,1.4167,3.38437,1.6246,-122.784,-5.11182,4.35536,6.11499,50.0,-0.992458,-8.78288,21.6034,-22.812,L
20200630LTNC0,2020,5,top,45,1,9번타자 민병헌,76249,민병헌,50912,라이트,221,1,200630_194803,B,볼,143,직구,1,0,True,200630_194803,5,1,0.095282,1.4167,3.10898,1.41962,-128.527,-11.1564,8.08692,5.89511,50.0,-2.0259,-13.6979,25.4425,-13.1254,R
20200630LTNC0,2020,5,top,45,1,9번타자 민병헌,76249,민병헌,50912,라이트,222,2,200630_194821,H,타격,135,커터,1,0,True,200630_194821,5,2,-0.275354,1.4167,3.10898,1.41962,-122.294,-3.55627,5.83433,5.88922,50.0,-2.6771,-0.044392,21.636,-26.7239,R
20200630LTNC0,2020,5,top,46,2,1번타자 손아섭,77532,손아섭,50912,라이트,225,1,200630_194901,B,볼,136,커터,1,0,True,200630_194901,5,1,-0.006648,1.4167,3.09741,1.53919,-122.97,-0.105044,5.28488,6.22882,50.0,-2.38825,2.2997,26.4289,-30.3847,L
20200630LTNC0,2020,5,top,46,2,1번타자 손아섭,77532,손아섭,50912,라이트,226,2,200630_194914,S,헛스윙,145,직구,1,1,True,200630_194914,5,2,-0.135648,1.4167,3.09741,1.53919,-131.563,-4.7815,7.58174,6.15932,50.0,-2.14201,-12.3483,29.3784,-15.2335,L
20200630LTNC0,2020,5,top,46,2,1번타자 손아섭,77532,손아섭,50912,라이트,227,3,200630_194927,S,헛스윙,148,직구,1,2,True,200630_194927,5,3,0.801594,1.4167,3.09741,1.53919,-133.551,-6.44548,9.80375,6.04015,50.0,-1.98843,-12.8874,28.2933,-14.8498,L
20200630LTNC0,2020,5,top,46,2,1번타자 손아섭,77532,손아섭,50912,라이트,228,4,200630_194940,B,볼,148,직구,2,2,True,200630_194940,5,4,-2.24291,1.4167,3.09741,1.53919,-134.481,-4.75128,1.93357,6.23199,50.0,-2.17208,-11.2833,28.2274,-13.664,L
20200630LTNC0,2020,5,top,46,2,1번타자 손아섭,77532,손아섭,50912,라이트,229,5,200630_194953,S,헛스윙,146,직구,2,3,True,200630_194953,5,5,0.482023,1.4167,3.09741,1.53919,-132.513,-4.75941,8.5667,6.1222,50.0,-1.99493,-10.8997,27.8136,-14.3272,L
20200630LTNC0,2020,5,top,47,3,2번타자 전준우,78513,전준우,50912,라이트,232,1,200630_195024,B,볼,136,커터,1,0,True,200630_195024,5,1,1.88436,1.4167,3.44661,1.63324,-113.244,-3.63142,8.20564,5.95984,50.0,-2.1681,3.81032,20.795,-33.8076,R
20200630LTNC0,2020,5,top,47,3,2번타자 전준우,78513,전준우,50912,라이트,233,2,200630_195041,B,볼,137,커터,2,0,True,200630_195041,5,2,-1.51659,1.4167,3.44661,1.63324,-124.147,-0.562982,2.23765,6.09848,50.0,-2.70571,3.31236,25.0285,-29.0745,R
20200630LTNC0,2020,5,top,47,3,2번타자 전준우,78513,전준우,50912,라이트,234,3,200630_195058,F,파울,137,커터,2,1,True,200630_195058,5,3,-0.313986,1.4167,3.44661,1.63324,-124.707,-2.19475,4.67928,6.2717,50.0,-2.39733,2.25285,24.3175,-27.7618,R
20200630LTNC0,2020,5,top,47,3,2번타자 전준우,78513,전준우,50912,라이트,235,4,200630_195137,B,볼,140,커터,3,1,True,200630_195137,5,4,1.81993,1.4167,3.44661,1.63324,-126.943,-7.26188,10.5091,6.00545,50.0,-2.29066,-0.823835,23.5069,-25.9098,R
20200630LTNC0,2020,5,top,47,3,2번타자 전준우,78513,전준우,50912,라이트,236,5,200630_195158,B,볼,135,커터,4,1,True,200630_195158,5,5,0.846849,1.4167,3.44661,1.63324,-122.866,-3.70066,8.17037,5.98344,50.0,-2.43219,-0.859475,21.5658,-29.963,R
20200630LTNC0,2020,5,top,48,4,3번타자 정훈,60523,정훈,50912,라이트,239,1,200630_195245,B,볼,140,커터,1,0,True,200630_195245,5,1,1.31835,1.4167,3.15723,1.43469,-126.406,-5.17553,8.49337,5.99199,50.0,-2.00517,-0.843245,23.5963,-26.1238,R
20200630LTNC0,2020,5,top,48,4,3번타자 정훈,60523,정훈,50912,라이트,240,2,200630_195311,B,볼,145,직구,2,0,True,200630_195311,5,2,-0.690553,1.4167,3.15723,1.43469,-131.801,-2.9939,4.97682,6.21613,50.0,-1.79709,-10.9009,25.7377,-18.4443,R
20200630LTNC0,2020,5,top,48,4,3번타자 정훈,60523,정훈,50912,라이트,241,3,200630_195335,B,볼,145,직구,3,0,True,200630_195335,5,3,-0.996234,1.4167,3.15723,1.43469,-131.744,-3.40646,4.92578,6.28102,50.0,-1.80702,-14.6597,26.9293,-14.9549,R
20200630LTNC0,2020,5,top,48,4,3번타자 정훈,60523,정훈,50912,라이트,242,4,200630_195410,T,스트라이크,139,직구,3,1,True,200630_195410,5,4,0.182407,1.4167,3.15723,1.43469,-125.948,-6.50158,7.75668,6.09188,50.0,-1.86565,-13.2197,24.1944,-15.9817,R
20200630LTNC0,2020,5,top,48,4,3번타자 정훈,60523,정훈,50912,라이트,243,5,200630_195432,T,스트라이크,133,커터,3,2,True,200630_195432,5,5,0.494838,1.4167,3.15723,1.43469,-121.083,-2.62105,7.13283,6.05747,50.0,-2.34577,-1.47084,20.7781,-27.2448,R
20200630LTNC0,2020,5,top,48,4,3번타자 정훈,60523,정훈,50912,라이트,244,6,200630_195453,H,타격,136,커터,3,2,True,200630_195453,5,6,0.489858,1.4167,3.15723,1.43469,-122.803,-4.55028,7.12605,5.99547,50.0,-2.3637,-0.741025,19.8456,-26.4666,R
20200630LTNC0,2020,5,top,49,5,4번타자 이대호,71564,이대호,50912,라이트,249,1,200630_195642,T,스트라이크,149,직구,0,1,True,200630_195642,5,1,0.283691,1.4167,3.40735,1.63014,-134.706,-8.84738,7.70262,6.16859,50.0,-1.63685,-13.7745,27.8698,-13.7344,R
20200630LTNC0,2020,5,top,49,5,4번타자 이대호,71564,이대호,50912,라이트,250,2,200630_195713,F,파울,150,직구,0,2,True,200630_195713,5,2,0.457172,1.4167,3.40735,1.63014,-135.688,-8.15357,8.17262,6.10789,50.0,-1.69423,-12.8804,28.6431,-13.194,R
20200630LTNC0,2020,5,top,49,5,4번타자 이대호,71564,이대호,50912,라이트,251,3,200630_195746,F,파울,146,직구,0,2,True,200630_195746,5,3,-1.05343,1.4167,3.40735,1.63014,-132.529,-3.31427,4.73301,6.24756,50.0,-1.8995,-13.1864,27.0809,-15.9624,R
20200630LTNC0,2020,5,top,49,5,4번타자 이대호,71564,이대호,50912,라이트,252,4,200630_195824,H,타격,150,직구,0,2,True,200630_195824,5,4,-0.324079,1.4167,3.40735,1.63014,-136.435,-3.69816,5.6703,6.24303,50.0,-1.56949,-12.4705,29.477,-14.3458,R
20200630LTNC0,2020,5,bottom,51,1,1번타자 이상호,60566,이상호,64565,이인복,256,1,200630_200050,T,스트라이크,123,슬라이더,0,1,True,200630_200050,5,1,0.96047,1.4167,3.16363,1.50888,-111.413,-0.872881,3.98504,6.23761,50.0,-1.02431,1.75406,18.2992,-30.6976,R
20200630LTNC0,2020,5,bottom,51,1,1번타자 이상호,60566,이상호,64565,이인복,257,2,200630_200107,T,스트라이크,137,투심,0,2,True,200630_200107,5,2,0.480562,1.4167,3.16363,1.50888,-124.072,-6.90735,6.38219,6.06212,50.0,-0.872766,-15.021,22.4963,-22.2189,R
20200630LTNC0,2020,5,bottom,51,1,1번타자 이상호,60566,이상호,64565,이인복,258,3,200630_200127,B,볼,126,슬라이더,1,2,True,200630_200127,5,3,1.26439,1.4167,3.16363,1.50888,-114.649,-5.51655,4.89853,6.06042,50.0,-0.925831,0.395418,18.497,-26.4395,R
20200630LTNC0,2020,5,bottom,51,1,1번타자 이상호,60566,이상호,64565,이인복,259,4,200630_200150,H,타격,126,슬라이더,1,2,True,200630_200150,5,4,1.02223,1.4167,3.16363,1.50888,-114.117,0.783891,4.69036,6.31791,50.0,-1.00246,-0.535356,19.9338,-29.7128,R
20200630LTNC0,2020,5,bottom,52,2,2번타자 권희동,63963,권희동,64565,이인복,262,1,200630_200228,F,파울,137,투심,0,1,True,200630_200228,5,1,-0.912185,1.4167,3.31539,1.54438,-123.864,-4.17839,2.91805,6.08,50.0,-1.03728,-12.7976,23.6461,-23.0951,R
20200630LTNC0,2020,5,bottom,52,2,2번타자 권희동,63963,권희동,64565,이인복,263,2,200630_200247,B,볼,137,투심,1,1,True,200630_200247,5,2,-1.22638,1.4167,3.31539,1.54438,-124.388,-2.62012,2.67923,6.1624,50.0,-1.06625,-15.1348,23.4821,-25.2285,R
20200630LTNC0,2020,5,bottom,52,2,2번타자 권희동,63963,권희동,64565,이인복,264,3,200630_200303,B,볼,124,슬라이더,2,1,True,200630_200303,5,3,0.86583,1.4167,3.31539,1.54438,-112.682,1.47929,4.15061,6.36346,50.0,-1.1035,1.1128,18.5107,-30.9983,R
20200630LTNC0,2020,5,bottom,52,2,2번타자 권희동,63963,권희동,64565,이인복,265,4,200630_200319,T,스트라이크,124,슬라이더,2,2,True,200630_200319,5,4,0.682763,1.4167,3.31539,1.54438,-112.354,0.234984,3.39694,6.24859,50.0,-1.01699,1.64966,20.5275,-31.304,R
20200630LTNC0,2020,5,bottom,52,2,2번타자 권희동,63963,권희동,64565,이인복,266,5,200630_200340,B,볼,126,슬라이더,3,2,True,200630_200340,5,5,1.31102,1.4167,3.31539,1.54438,-114.504,-0.886767,4.79623,6.18932,50.0,-1.00557,2.10756,19.0072,-30.6315,R
20200630LTNC0,2020,5,bottom,52,2,2번타자 권희동,63963,권희동,64565,이인복,267,6,200630_200400,H,타격,137,투심,3,2,True,200630_200400,5,6,-0.443076,1.4167,3.31539,1.54438,-124.311,-4.97737,4.90358,6.0778,50.0,-1.0193,-17.1633,22.9395,-22.6962,R
20200630LTNC0,2020,5,bottom,53,3,3번타자 나성범,62947,나성범,60559,박시영,271,1,200630_200632,B,볼,138,포크,1,0,True,200630_200632,5,1,1.31966,1.4167,3.339,1.60261,-124.931,-5.43992,6.16269,6.0006,50.0,-0.291779,-10.7716,23.7385,-23.9151,L
20200630LTNC0,2020,5,bottom,53,3,3번타자 나성범,62947,나성범,60559,박시영,272,2,200630_200655,T,스트라이크,136,포크,1,1,True,200630_200655,5,2,0.278273,1.4167,3.339,1.60261,-122.475,-1.47725,3.08307,6.19963,50.0,-0.362332,-7.41867,23.0899,-25.5868,L
20200630LTNC0,2020,5,bottom,53,3,3번타자 나성범,62947,나성범,60559,박시영,273,3,200630_200716,H,타격,139,포크,1,1,True,200630_200716,5,3,0.875391,1.4167,3.339,1.60261,-125.614,-3.46639,4.62885,6.01486,50.0,-0.294336,-8.57162,25.5397,-23.7235,L
20200630LTNC0,2020,6,top,55,1,5번타자 마차도,50506,마차도,50912,라이트,277,1,200630_201117,B,볼,148,직구,1,0,True,200630_201117,6,1,-1.2694,1.4167,3.375,1.5,-134.079,-7.78512,4.64952,6.10787,50.0,-2.11125,-12.819,27.9768,-14.1669,R
20200630LTNC0,2020,6,top,55,1,5번타자 마차도,50506,마차도,50912,라이트,278,2,200630_201133,T,스트라이크,135,커터,1,1,True,200630_201133,6,2,-1.03761,1.4167,3.375,1.5,-122.832,-3.45132,3.6578,6.16535,50.0,-2.52337,-0.167412,21.203,-27.5824,R
20200630LTNC0,2020,6,top,55,1,5번타자 마차도,50506,마차도,50912,라이트,279,3,200630_201146,T,스트라이크,148,직구,1,2,True,200630_201146,6,3,0.679289,1.4167,3.375,1.5,-133.345,-7.15108,9.21971,6.14986,50.0,-1.91716,-12.5095,27.4457,-13.2507,R
20200630LTNC0,2020,6,top,55,1,5번타자 마차도,50506,마차도,50912,라이트,280,4,200630_201158,H,타격,122,커브,1,2,True,200630_201158,6,4,0.459787,1.4167,3.375,1.5,-110.612,-2.8478,8.03404,6.22505,50.0,-1.81149,-13.4163,19.1996,-24.2593,R
20200630LTNC0,2020,6,top,56,2,6번타자 김준태,62558,김준태,50912,라이트,283,1,200630_201234,H,타격,138,커터,0,0,True,200630_201234,6,1,-0.191947,1.4167,3.375,1.5,-125.509,-4.12824,5.93066,5.9676,50.0,-2.48229,-1.11718,22.2347,-27.6719,L
20200630LTNC0,2020,6,top,57,3,7번타자 안치홍,79608,안치홍,50912,라이트,286,1,200630_201322,B,볼,139,커터,1,0,True,200630_201322,6,1,1.11799,1.4167,3.21958,1.43385,-125.37,-3.09814,8.1006,6.22839,50.0,-2.0208,-1.45214,22.4057,-27.6074,R
20200630LTNC0,2020,6,top,57,3,7번타자 안치홍,79608,안치홍,50912,라이트,287,2,200630_201348,B,볼,144,투심,2,0,True,200630_201348,6,2,-0.050699,1.4167,3.21958,1.43385,-130.26,-7.56439,8.18546,5.95716,50.0,-1.95588,-16.8859,26.2702,-23.2628,R
20200630LTNC0,2020,6,top,57,3,7번타자 안치홍,79608,안치홍,50912,라이트,288,3,200630_201417,T,스트라이크,146,직구,2,1,True,200630_201417,6,3,0.394164,1.4167,3.21958,1.43385,-132.231,-6.57049,8.17575,6.08573,50.0,-1.81625,-12.5362,27.3993,-16.0688,R
20200630LTNC0,2020,6,top,57,3,7번타자 안치홍,79608,안치홍,50912,라이트,289,4,200630_201442,H,타격,136,커터,2,1,True,200630_201442,6,4,-0.329317,1.4167,3.21958,1.43385,-123.645,-1.35979,4.9114,6.21954,50.0,-2.26229,-0.792352,20.9092,-25.7854,R
20200630LTNC0,2020,6,top,58,4,8번타자 한동희,68525,한동희,50912,라이트,293,1,200630_201528,T,스트라이크,146,직구,0,1,True,200630_201528,6,1,0.643279,1.4167,3.375,1.59479,-133.916,-7.43804,9.48981,6.07775,50.0,-1.96558,-13.6073,26.0572,-18.4096,R
20200630LTNC0,2020,6,top,58,4,8번타자 한동희,68525,한동희,50912,라이트,294,2,200630_201540,T,스트라이크,151,직구,0,2,True,200630_201540,6,2,0.472901,1.4167,3.375,1.59479,-136.398,-8.39452,9.1927,6.07129,50.0,-1.96191,-14.1305,27.8688,-13.0104,R
20200630LTNC0,2020,6,top,58,4,8번타자 한동희,68525,한동희,50912,라이트,295,3,200630_201554,H,타격,151,직구,0,2,True,200630_201554,6,3,-0.303884,1.4167,3.375,1.59479,-137.046,-6.13314,7.47321,6.20472,50.0,-2.00025,-15.5839,28.8744,-16.4619,R
20200630LTNC0,2020,6,top,59,5,9번타자 민병헌,76249,민병헌,50912,라이트,298,1,200630_201628,B,볼,148,직구,1,0,True,200630_201628,6,1,0.774792,1.4167,3.10898,1.41962,-134.205,-8.62221,9.95537,6.09745,50.0,-1.90789,-15.0457,27.7936,-16.4555,R
20200630LTNC0,2020,6,top,59,5,9번타자 민병헌,76249,민병헌,50912,라이트,299,2,200630_201641,B,볼,148,직구,2,0,True,200630_201641,6,2,-0.720927,1.4167,3.10898,1.41962,-134.68,-3.73697,6.14836,6.28188,50.0,-2.04814,-13.9185,27.7574,-16.0052,R
20200630LTNC0,2020,6,top,59,5,9번타자 민병헌,76249,민병헌,50912,라이트,300,3,200630_201656,T,스트라이크,146,직구,2,1,True,200630_201656,6,3,0.809644,1.4167,3.10898,1.41962,-132.248,-6.53867,9.16839,6.10155,50.0,-1.80052,-12.1547,24.5469,-17.7991,R
20200630LTNC0,2020,6,top,59,5,9번타자 민병헌,76249,민병헌,50912,라이트,301,4,200630_201710,S,헛스윙,146,직구,2,2,True,200630_201710,6,4,0.228542,1.4167,3.10898,1.41962,-132.016,-5.64803,7.88938,6.16267,50.0,-1.83579,-13.0018,24.8661,-15.267,R
20200630LTNC0,2020,6,top,59,5,9번타자 민병헌,76249,민병헌,50912,라이트,302,5,200630_201726,F,파울,150,직구,2,2,True,200630_201726,6,5,-0.566626,1.4167,3.10898,1.41962,-135.884,-4.20319,6.77218,6.198,50.0,-2.00858,-15.5676,28.141,-15.8667,R
20200630LTNC0,2020,6,top,59,5,9번타자 민병헌,76249,민병헌,50912,라이트,303,6,200630_201744,S,헛스윙,151,직구,2,3,True,200630_201744,6,6,-0.197177,1.4167,3.10898,1.41962,-136.644,-9.00177,6.81711,5.96258,50.0,-1.87947,-12.2961,30.1784,-13.0846,R
20200630LTNC0,2020,6,bottom,61,1,4번타자 양의지,76232,양의지,63543,구승민,308,1,200630_202003,H,타격,144,직구,0,0,True,200630_202003,6,1,0.353808,1.4167,3.27759,1.51127,-130.043,-4.36487,6.21318,5.78722,50.0,-1.21203,-11.287,28.9796,-11.4112,R
20200630LTNC0,2020,6,bottom,62,2,5번타자 박석민,74465,박석민,63543,구승민,311,1,200630_202048,B,볼,127,슬라이더,1,0,True,200630_202048,6,1,-0.422623,1.4167,3.44358,1.68261,-115.445,-3.93155,3.29312,5.66661,50.0,-1.81437,-0.464517,18.4546,-32.5768,R
20200630LTNC0,2020,6,bottom,62,2,5번타자 박석민,74465,박석민,63543,구승민,312,2,200630_202110,B,볼,144,직구,2,0,True,200630_202110,6,2,1.41116,1.4167,3.44358,1.68261,-130.438,-6.79146,8.32101,5.6446,50.0,-1.00569,-10.8253,28.1359,-13.3792,R
20200630LTNC0,2020,6,bottom,62,2,5번타자 박석민,74465,박석민,63543,구승민,313,3,200630_202128,B,볼,141,직구,3,0,True,200630_202128,6,3,-0.425806,1.4167,3.44358,1.68261,-127.404,-2.01716,4.25379,5.84589,50.0,-1.30365,-10.2921,26.7068,-14.5082,R
20200630LTNC0,2020,6,bottom,62,2,5번타자 박석민,74465,박석민,63543,구승민,314,4,200630_202147,T,스트라이크,144,직구,3,1,True,200630_202147,6,4,-0.462582,1.4167,3.44358,1.68261,-125.111,-5.34474,4.81399,5.72897,50.0,-1.57643,-10.1952,26.0913,-13.4407,R
20200630LTNC0,2020,6,bottom,62,2,5번타자 박석민,74465,박석민,63543,구승민,315,5,200630_202210,T,스트라이크,130,포크,3,2,True,200630_202210,6,5,0.916197,1.4167,3.44358,1.68261,-117.527,-0.847092,8.32493,5.79058,50.0,-1.40925,-13.5659,21.0804,-29.0416,R
20200630LTNC0,2020,6,bottom,62,2,5번타자 박석민,74465,박석민,63543,구승민,316,6,200630_202231,B,볼,132,포크,4,2,True,200630_202231,6,6,1.29625,1.4167,3.44358,1.68261,-119.305,-3.38125,8.68683,5.73163,50.0,-1.33435,-11.6702,21.0888,-27.7947,R
20200630LTNC0,2020,6,bottom,63,3,6번타자 알테어,50923,알테어,63543,구승민,319,1,200630_202313,T,스트라이크,125,슬라이더,0,1,True,200630_202313,6,1,-0.053958,1.4167,3.54409,1.67349,-113.572,0.573332,3.2096,5.78481,50.0,-1.67096,1.9881,17.6381,-32.7597,R
20200630LTNC0,2020,6,bottom,63,3,6번타자 알테어,50923,알테어,63543,구승민,320,2,200630_202335,S,헛스윙,130,포크,0,2,True,200630_202335,6,2,-0.382997,1.4167,3.54409,1.67349,-118.108,-1.40047,4.59326,5.65878,50.0,-1.44272,-9.89422,21.5992,-33.7288,R
20200630LTNC0,2020,6,bottom,63,3,6번타자 알테어,50923,알테어,63543,구승민,321,3,200630_202400,H,타격,131,포크,0,2,True,200630_202400,6,3,-0.302946,1.4167,3.54409,1.67349,-118.926,-1.62089,5.37658,5.65534,50.0,-1.49122,-12.1457,22.4632,-31.4774,R
20200630LTNC0,2020,6,bottom,64,4,7번타자 노진혁,62931,노진혁,63543,구승민,325,1,200630_202503,B,볼,131,포크,1,0,True,200630_202503,6,1,-0.998284,1.4167,3.48005,1.65919,-119.015,1.04518,3.51749,5.85131,50.0,-1.62737,-9.59209,21.1639,-31.7709,L
20200630LTNC0,2020,6,bottom,64,4,7번타자 노진혁,62931,노진혁,63543,구승민,326,2,200630_202521,H,타격,146,직구,1,0,True,200630_202521,6,2,0.248818,1.4167,3.48005,1.65919,-132.959,-4.75454,6.83423,5.62969,50.0,-1.33041,-14.1165,28.5421,-14.1138,L
20200630LTNC0,2020,6,bottom,65,5,8번타자 강진성,62925,강진성,63543,구승민,329,1,200630_202556,T,스트라이크,145,직구,0,1,True,200630_202556,6,1,0.777951,1.4167,2.72976,1.1487,-130.668,-7.11149,6.4599,5.70581,50.0,-0.849592,-11.6485,26.3882,-11.7681,R
20200630LTNC0,2020,6,bottom,65,5,8번타자 강진성,62925,강진성,63543,구승민,330,2,200630_202613,B,볼,148,직구,1,1,True,200630_202613,6,2,1.39603,1.4167,2.72976,1.1487,-133.506,-5.44627,8.23893,5.7085,50.0,-0.865426,-12.0176,28.9941,-11.9541,R
20200630LTNC0,2020,6,bottom,65,5,8번타자 강진성,62925,강진성,63543,구승민,331,3,200630_202632,T,스트라이크,144,직구,1,2,True,200630_202632,6,3,0.701581,1.4167,2.72976,1.1487,-130.368,-6.94704,6.43515,5.64474,50.0,-1.0067,-10.4696,26.2322,-12.4616,R
20200630LTNC0,2020,6,bottom,65,5,8번타자 강진성,62925,강진성,63543,구승민,332,4,200630_202652,S,헛스윙,131,포크,1,3,True,200630_202652,6,4,-0.01284,1.4167,2.72976,1.1487,-119.225,-6.37978,4.95321,5.63381,50.0,-1.07091,-11.593,21.373,-27.858,R
20200630LTNC0,2020,7,top,67,1,1번타자 손아섭,77532,손아섭,63959,임정호,338,1,200630_202924,B,볼,136,투심,1,0,True,200630_202924,7,1,0.201527,1.4167,3.09741,1.53919,-124.104,-4.54338,-5.42203,4.98254,50.0,1.31307,13.2234,23.3466,-24.9216,L
20200630LTNC0,2020,7,top,67,1,1번타자 손아섭,77532,손아섭,63959,임정호,339,2,200630_202937,F,파울,133,투심,1,1,True,200630_202937,7,2,0.141589,1.4167,3.09741,1.53919,-120.965,-3.6561,-5.46942,5.15491,50.0,1.26351,13.3278,21.9906,-24.7293,L
20200630LTNC0,2020,7,top,67,1,1번타자 손아섭,77532,손아섭,63959,임정호,340,3,200630_203000,B,볼,127,슬라이더,2,1,True,200630_203000,7,3,-1.12473,1.4167,3.09741,1.53919,-115.177,-3.93292,-4.25988,5.04007,50.0,1.1946,-4.67043,20.3981,-25.0384,L
20200630LTNC0,2020,7,top,67,1,1번타자 손아섭,77532,손아섭,63959,임정호,341,4,200630_203015,B,볼,136,투심,3,1,True,200630_203015,7,4,-1.34199,1.4167,3.09741,1.53919,-123.524,-2.77029,-8.54224,5.08806,50.0,1.03057,13.4194,23.7011,-27.6819,L
20200630LTNC0,2020,7,top,67,1,1번타자 손아섭,77532,손아섭,63959,임정호,342,5,200630_203031,T,스트라이크,128,슬라이더,3,2,True,200630_203031,7,5,-0.539828,1.4167,3.09741,1.53919,-115.792,-0.851333,-3.59034,5.14303,50.0,1.31548,-3.06945,19.5933,-25.9881,L
20200630LTNC0,2020,7,top,67,1,1번타자 손아섭,77532,손아섭,63959,임정호,343,6,200630_203048,B,볼,126,슬라이더,4,2,True,200630_203048,7,6,1.36225,1.4167,3.09741,1.53919,-113.75,0.12494,0.672686,5.10636,50.0,1.52093,-4.65014,18.7169,-28.3647,L
20200630LTNC0,2020,7,top,68,2,2번타자 전준우,78513,전준우,63991,박진우,347,1,200630_203339,T,스트라이크,121,슬라이더,0,1,True,200630_203339,7,1,0.474439,1.4167,3.44661,1.63324,-109.033,5.12706,7.78248,4.07465,50.0,-2.93591,-1.87287,18.7742,-31.4461,R
20200630LTNC0,2020,7,top,68,2,2번타자 전준우,78513,전준우,63991,박진우,348,2,200630_203409,H,타격,122,슬라이더,0,1,True,200630_203409,7,2,0.666294,1.4167,3.44661,1.63324,-109.605,3.35814,8.38556,3.94169,50.0,-2.85807,-3.13627,17.1835,-31.5845,R
20200630LTNC0,2020,7,top,69,3,3번타자 정훈,60523,정훈,63991,박진우,352,1,200630_203521,B,볼,116,체인지업,1,0,True,200630_203521,7,1,0.002337,1.4167,3.15723,1.43469,-104.745,2.76348,9.15668,3.91686,50.0,-2.80506,-13.863,17.8125,-35.256,R
20200630LTNC0,2020,7,top,69,3,3번타자 정훈,60523,정훈,63991,박진우,353,2,200630_203551,F,파울,132,직구,1,1,True,200630_203551,7,2,-0.908541,1.4167,3.15723,1.43469,-118.742,2.42034,8.9556,3.92982,50.0,-2.97233,-19.3082,23.2,-31.5597,R
20200630LTNC0,2020,7,top,69,3,3번타자 정훈,60523,정훈,63991,박진우,354,3,200630_203633,B,볼,132,직구,2,1,True,200630_203633,7,3,-0.263246,1.4167,3.15723,1.43469,-119.006,5.69515,10.2626,4.03956,50.0,-2.91752,-18.8635,20.0553,-31.9489,R
20200630LTNC0,2020,7,top,69,3,3번타자 정훈,60523,정훈,63991,박진우,355,4,200630_203704,F,파울,126,슬라이더,2,2,True,200630_203704,7,4,0.084588,1.4167,3.15723,1.43469,-108.168,4.4921,7.14024,3.84169,50.0,-2.85454,-3.81843,21.2467,-31.7415,R
20200630LTNC0,2020,7,top,69,3,3번타자 정훈,60523,정훈,63991,박진우,356,5,200630_203750,B,볼,120,체인지업,3,2,True,200630_203750,7,5,1.06943,1.4167,3.15723,1.43469,-104.428,3.16545,10.9212,3.82636,50.0,-2.68664,-13.0843,17.2229,-36.2394,R
20200630LTNC0,2020,7,top,69,3,3번타자 정훈,60523,정훈,63991,박진우,357,6,200630_203835,F,파울,132,직구,3,2,True,200630_203835,7,6,0.199236,1.4167,3.15723,1.43469,-117.63,1.43107,10.9658,3.81186,50.0,-2.71176,-19.4965,20.7718,-31.4326,R
20200630LTNC0,2020,7,top,69,3,3번타자 정훈,60523,정훈,63991,박진우,358,7,200630_203920,F,파울,132,직구,3,2,True,200630_203920,7,7,0.370117,1.4167,3.15723,1.43469,-106.559,5.94534,10.387,3.96926,50.0,-2.72972,-16.2898,19.2357,-36.4607,R
20200630LTNC0,2020,7,top,69,3,3번타자 정훈,60523,정훈,63991,박진우,359,8,200630_204103,F,파울,122,슬라이더,3,2,True,200630_204103,7,8,1.24755,1.4167,3.15723,1.43469,-110.101,3.67058,9.49715,3.93038,50.0,-2.68329,-4.03541,18.1283,-33.0854,R
20200630LTNC0,2020,7,top,69,3,3번타자 정훈,60523,정훈,63991,박진우,360,9,200630_204152,H,타격,122,슬라이더,3,2,True,200630_204152,7,9,-0.676673,1.4167,3.15723,1.43469,-110.156,3.48673,5.96038,3.90059,50.0,-2.9874,-4.08412,19.9864,-31.6758,R
20200630LTNC0,2020,7,top,70,4,4번타자 이대호,71564,이대호,64995,배재환,364,1,200630_204508,T,스트라이크,148,직구,0,1,True,200630_204508,7,1,-0.244771,1.4167,3.40735,1.63014,-133.802,-5.98696,5.56553,6.03555,50.0,-1.67437,-9.50345,32.0521,-11.3063,R
20200630LTNC0,2020,7,top,70,4,4번타자 이대호,71564,이대호,64995,배재환,365,2,200630_204539,B,볼,148,직구,1,1,True,200630_204539,7,2,0.283772,1.4167,3.40735,1.63014,-133.747,-10.8374,6.17207,5.9539,50.0,-1.59652,-6.39319,29.4461,-10.5344,R
20200630LTNC0,2020,7,top,70,4,4번타자 이대호,71564,이대호,64995,배재환,366,3,200630_204611,B,볼,145,직구,2,1,True,200630_204611,7,3,1.98449,1.4167,3.40735,1.63014,-130.972,-8.83777,9.75878,5.9399,50.0,-1.46795,-4.32278,27.9831,-14.6597,R
20200630LTNC0,2020,7,top,70,4,4번타자 이대호,71564,이대호,64995,배재환,368,4,200630_204719,H,타격,134,슬라이더,2,1,True,200630_204719,7,4,-0.107827,1.4167,3.40735,1.63014,-121.593,-1.94599,3.83593,5.97884,50.0,-1.89736,2.21017,23.7959,-32.5877,R
20200630LTNC0,2020,7,top,71,5,5번타자 마차도,50506,마차도,64995,배재환,373,1,200630_204813,H,타격,148,직구,0,0,True,200630_204813,7,1,-0.115389,1.4167,3.375,1.5,-133.793,-5.33114,6.83657,5.91997,50.0,-1.81215,-12.4299,28.3157,-12.9182,R
20200630LTNC0,2020,7,top,72,6,6번타자 김준태,62558,김준태,64995,배재환,376,1,200630_204848,T,스트라이크,146,직구,0,1,True,200630_204848,7,1,-0.493903,1.4167,3.375,1.5,-132.541,-7.75383,5.36261,5.80113,50.0,-1.79779,-10.1978,27.4094,-13.2743,L
20200630LTNC0,2020,7,top,72,6,6번타자 김준태,62558,김준태,64995,배재환,377,2,200630_204904,H,타격,148,직구,0,1,True,200630_204904,7,2,-0.015187,1.4167,3.375,1.5,-133.515,-6.53132,6.469,5.88344,50.0,-1.82634,-8.88339,26.6781,-13.2243,L
20200630LTNC0,2020,7,bottom,74,1,9번타자 이명기,76849,이명기,63543,구승민,381,1,200630_205128,T,스트라이크,129,포크,0,1,True,200630_205128,7,1,-0.144734,1.4167,3.38437,1.6246,-117.224,-1.6899,5.40638,5.82905,50.0,-1.50468,-10.442,20.4548,-28.1357,L
20200630LTNC0,2020,7,bottom,74,1,9번타자 이명기,76849,이명기,63543,구승민,382,2,200630_205146,B,볼,130,포크,1,1,True,200630_205146,7,2,-1.60962,1.4167,3.38437,1.6246,-118.497,1.66105,1.82333,5.87754,50.0,-1.50241,-9.75577,20.2401,-32.7256,L
20200630LTNC0,2020,7,bottom,74,1,9번타자 이명기,76849,이명기,63543,구승민,383,3,200630_205202,B,볼,130,포크,2,1,True,200630_205202,7,3,1.70368,1.4167,3.38437,1.6246,-117.504,-5.53164,9.58999,5.64139,50.0,-1.22849,-12.8398,19.7242,-27.2362,L
20200630LTNC0,2020,7,bottom,74,1,9번타자 이명기,76849,이명기,63543,구승민,384,4,200630_205223,S,헛스윙,142,직구,2,2,True,200630_205223,7,4,0.435334,1.4167,3.38437,1.6246,-129.248,-1.77575,6.99322,5.7121,50.0,-1.32454,-12.7975,28.4895,-17.1192,L
20200630LTNC0,2020,7,bottom,74,1,9번타자 이명기,76849,이명기,63543,구승민,385,5,200630_205243,H,타격,129,포크,2,2,True,200630_205243,7,5,0.33767,1.4167,3.38437,1.6246,-117.095,-0.514292,6.27066,5.79106,50.0,-1.41773,-10.1882,19.6845,-28.1079,L
20200630LTNC0,2020,7,bottom,75,2,1번타자 이상호,60566,이상호,63543,구승민,388,1,200630_205320,F,파울,143,직구,0,1,True,200630_205320,7,1,0.175147,1.4167,3.16363,1.50888,-130.247,-4.52116,6.11687,5.68504,50.0,-1.15992,-13.7995,26.8533,-14.0654,R
20200630LTNC0,2020,7,bottom,75,2,1번타자 이상호,60566,이상호,63543,구승민,389,2,200630_205347,T,스트라이크,130,슬라이더,0,2,True,200630_205347,7,2,0.934278,1.4167,3.16363,1.50888,-117.535,-2.16284,5.28247,5.72954,50.0,-1.48116,1.64383,19.5878,-30.9517,R
20200630LTNC0,2020,7,bottom,75,2,1번타자 이상호,60566,이상호,63543,구승민,390,3,200630_205406,B,볼,133,포크,1,2,True,200630_205406,7,3,-0.348338,1.4167,3.16363,1.50888,-120.37,-4.41108,4.99218,5.64585,50.0,-1.35405,-12.3698,22.3261,-27.7352,R
20200630LTNC0,2020,7,bottom,75,2,1번타자 이상호,60566,이상호,63543,구승민,391,4,200630_205426,B,볼,133,슬라이더,2,2,True,200630_205426,7,4,1.70503,1.4167,3.16363,1.50888,-120.756,-8.78691,6.63155,5.44573,50.0,-1.21552,1.69132,21.8032,-25.0602,R
20200630LTNC0,2020,7,bottom,75,2,1번타자 이상호,60566,이상호,63543,구승민,392,5,200630_205454,T,스트라이크,130,포크,2,3,True,200630_205454,7,5,0.462843,1.4167,3.16363,1.50888,-118.157,-3.2209,6.21095,5.65499,50.0,-1.33278,-9.37829,19.702,-29.4534,R
20200630LTNC0,2020,7,bottom,76,3,2번타자 권희동,63963,권희동,63543,구승민,395,1,200630_205532,B,볼,146,직구,1,0,True,200630_205532,7,1,1.36087,1.4167,3.31539,1.54438,-132.806,-5.50503,7.5392,5.78144,50.0,-0.781597,-10.0922,28.9253,-12.3894,R
20200630LTNC0,2020,7,bottom,76,3,2번타자 권희동,63963,권희동,63543,구승민,396,2,200630_205548,S,헛스윙,144,직구,1,1,True,200630_205548,7,2,-0.330625,1.4167,3.31539,1.54438,-130.289,-3.51606,3.96653,5.76766,50.0,-1.27685,-7.90138,29.6341,-11.5823,R
20200630LTNC0,2020,7,bottom,76,3,2번타자 권희동,63963,권희동,63543,구승민,397,3,200630_205610,H,타격,130,포크,1,1,True,200630_205610,7,3,-0.337442,1.4167,3.31539,1.54438,-118.226,-0.004561,4.99714,5.76938,50.0,-1.42023,-11.5297,22.7623,-32.3533,R
20200630LTNC0,2020,7,bottom,77,4,3번타자 나성범,62947,나성범,63512,박진형,401,1,200630_205922,T,스트라이크,129,포크,0,1,True,200630_205922,7,1,-0.703255,1.4167,3.339,1.60261,-116.84,-0.324691,3.79985,5.80185,50.0,-1.16472,-12.6538,19.7978,-30.3901,L
20200630LTNC0,2020,7,bottom,77,4,3번타자 나성범,62947,나성범,63512,박진형,402,2,200630_205940,S,헛스윙,129,포크,0,2,True,200630_205940,7,2,-0.479376,1.4167,3.339,1.60261,-117.19,-5.08791,4.30324,5.5093,50.0,-1.32961,-10.8147,20.6934,-29.7202,L
20200630LTNC0,2020,7,bottom,77,4,3번타자 나성범,62947,나성범,63512,박진형,403,3,200630_210005,B,볼,146,직구,1,2,True,200630_210005,7,3,-1.14458,1.4167,3.339,1.60261,-132.454,-7.1398,3.02632,5.49887,50.0,-1.26839,-14.1255,28.7427,-13.7625,L
20200630LTNC0,2020,7,bottom,77,4,3번타자 나성범,62947,나성범,63512,박진형,404,4,200630_210026,S,헛스윙,133,포크,1,3,True,200630_210026,7,4,-0.270221,1.4167,3.339,1.60261,-120.083,-7.46786,4.47917,5.50089,50.0,-1.11246,-11.7687,23.6549,-27.3838,L
20200630LTNC0,2020,8,top,79,1,7번타자 안치홍,79608,안치홍,78352,임창민,409,1,200630_210254,T,스트라이크,144,직구,0,1,True,200630_210254,8,1,0.911825,1.4167,3.21958,1.43385,-130.239,-7.50809,9.19783,6.05061,50.0,-1.58329,-14.3207,27.7807,-11.6692,R
20200630LTNC0,2020,8,top,79,1,7번타자 안치홍,79608,안치홍,78352,임창민,410,2,200630_210312,S,헛스윙,144,직구,0,2,True,200630_210312,8,2,0.909015,1.4167,3.21958,1.43385,-129.955,-6.14258,8.77874,6.15488,50.0,-1.52706,-12.9475,26.3488,-12.7824,R
20200630LTNC0,2020,8,top,79,1,7번타자 안치홍,79608,안치홍,78352,임창민,411,3,200630_210331,H,타격,143,직구,0,2,True,200630_210331,8,3,0.081605,1.4167,3.21958,1.43385,-128.81,-7.20393,7.00166,6.08545,50.0,-1.7429,-11.9973,25.9592,-12.7526,R
20200630LTNC0,2020,8,top,80,2,8번타자 한동희,68525,한동희,78352,임창민,414,1,200630_210408,B,볼,132,포크,1,0,True,200630_210408,8,1,-0.827886,1.4167,3.375,1.59479,-119.74,-1.24779,4.96743,6.38176,50.0,-1.71013,-13.6328,22.0618,-30.9052,R
20200630LTNC0,2020,8,top,80,2,8번타자 한동희,68525,한동희,78352,임창민,415,2,200630_210427,F,파울,143,직구,1,1,True,200630_210427,8,2,-0.354731,1.4167,3.375,1.59479,-128.713,-6.87656,6.86027,6.0303,50.0,-1.77746,-16.4869,25.2703,-12.2256,R
20200630LTNC0,2020,8,top,80,2,8번타자 한동희,68525,한동희,78352,임창민,416,3,200630_210500,B,볼,131,슬라이더,2,1,True,200630_210500,8,3,-1.10264,1.4167,3.375,1.59479,-118.523,1.55425,2.143,6.31626,50.0,-1.98268,-0.404626,23.3565,-35.1783,R
20200630LTNC0,2020,8,top,80,2,8번타자 한동희,68525,한동희,78352,임창민,417,4,200630_210518,B,볼,144,직구,3,1,True,200630_210518,8,4,0.106076,1.4167,3.375,1.59479,-129.731,-9.05732,7.33654,5.90532,50.0,-1.73358,-13.4748,28.8276,-11.5682,R
20200630LTNC0,2020,8,top,80,2,8번타자 한동희,68525,한동희,78352,임창민,418,5,200630_210540,B,볼,142,직구,4,1,True,200630_210540,8,5,1.27355,1.4167,3.375,1.59479,-127.941,-8.57153,9.95783,5.94458,50.0,-1.60599,-13.5161,25.2475,-14.2942,R
20200630LTNC0,2020,8,top,81,3,9번타자 민병헌,76249,민병헌,78352,임창민,422,1,200630_210642,B,볼,127,슬라이더,1,0,True,200630_210642,8,1,0.025531,1.4167,3.10898,1.41962,-115.209,1.5716,4.51913,6.24225,50.0,-2.02831,0.521151,25.1757,-29.7087,R
20200630LTNC0,2020,8,top,81,3,9번타자 민병헌,76249,민병헌,78352,임창민,423,2,200630_210710,B,볼,130,슬라이더,2,0,True,200630_210710,8,2,-0.019877,1.4167,3.10898,1.41962,-117.877,1.38403,4.49133,6.15942,50.0,-2.02694,0.659307,26.3349,-29.5571,R
20200630LTNC0,2020,8,top,81,3,9번타자 민병헌,76249,민병헌,78352,임창민,424,3,200630_210833,F,파울,140,직구,2,1,True,200630_210833,8,3,-0.478921,1.4167,3.10898,1.41962,-126.943,-4.99943,6.23379,5.96281,50.0,-1.91981,-13.1585,27.495,-12.625,R
20200630LTNC0,2020,8,top,81,3,9번타자 민병헌,76249,민병헌,78352,임창민,425,4,200630_210912,F,파울,141,직구,2,2,True,200630_210912,8,4,-0.733874,1.4167,3.10898,1.41962,-127.092,-7.37723,5.63275,5.81568,50.0,-1.9829,-12.5564,29.2017,-12.496,R
20200630LTNC0,2020,8,top,81,3,9번타자 민병헌,76249,민병헌,78352,임창민,426,5,200630_210951,H,타격,132,포크,2,2,True,200630_210951,8,5,-0.90965,1.4167,3.10898,1.41962,-119.443,-2.56572,4.38223,6.10556,50.0,-1.82984,-10.4337,23.3722,-26.6188,R
20200630LTNC0,2020,8,top,82,4,1번타자 손아섭,77532,손아섭,78352,임창민,430,1,200630_211058,F,파울,144,직구,0,1,True,200630_211058,8,1,-0.861167,1.4167,3.09741,1.53919,-130.57,-7.06807,5.42877,5.83346,50.0,-1.94532,-13.583,29.7892,-13.5298,L
20200630LTNC0,2020,8,top,82,4,1번타자 손아섭,77532,손아섭,78352,임창민,431,2,200630_211201,F,파울,144,직구,0,2,True,200630_211201,8,2,-0.926728,1.4167,3.09741,1.53919,-130.408,-5.99367,4.8149,5.96343,50.0,-1.95848,-11.1186,28.3538,-13.494,L
20200630LTNC0,2020,8,top,82,4,1번타자 손아섭,77532,손아섭,78352,임창민,432,3,200630_211238,B,볼,135,포크,1,2,True,200630_211238,8,3,-0.513884,1.4167,3.09741,1.53919,-122.029,-6.90733,6.19658,5.89613,50.0,-1.93809,-13.3166,22.6503,-26.0258,L
20200630LTNC0,2020,8,top,82,4,1번타자 손아섭,77532,손아섭,78352,임창민,433,4,200630_211338,B,볼,143,직구,2,2,True,200630_211338,8,4,-1.79787,1.4167,3.09741,1.53919,-129.863,-2.94974,3.33975,6.08436,50.0,-2.1416,-12.6065,27.1774,-14.3388,L
20200630LTNC0,2020,8,top,82,4,1번타자 손아섭,77532,손아섭,78352,임창민,434,5,200630_211408,F,파울,135,포크,2,2,True,200630_211408,8,5,0.445166,1.4167,3.09741,1.53919,-121.697,-3.69631,8.42555,5.9292,50.0,-1.8923,-13.4763,22.9279,-32.942,L
20200630LTNC0,2020,8,top,82,4,1번타자 손아섭,77532,손아섭,78352,임창민,435,6,200630_211503,H,타격,145,직구,2,2,True,200630_211503,8,6,-0.501022,1.4167,3.09741,1.53919,-130.591,-9.09406,6.46595,5.93638,50.0,-1.91525,-14.5382,27.2546,-8.98272,L
20200630LTNC0,2020,8,top,83,5,2번타자 전준우,78513,전준우,78352,임창민,440,1,200630_211611,B,볼,143,직구,1,0,True,200630_211611,8,1,-1.67573,1.4167,3.44661,1.63324,-128.913,-4.63311,4.20231,5.91577,50.0,-2.13106,-15.4667,28.3624,-14.8673,R
20200630LTNC0,2020,8,top,83,5,2번타자 전준우,78513,전준우,78352,임창민,441,2,200630_211640,H,타격,140,직구,1,0,True,200630_211640,8,2,-1.18239,1.4167,3.44661,1.63324,-127.124,-4.22728,4.38861,5.86678,50.0,-2.07587,-10.7733,26.527,-16.1616,R
20200630LTNC0,2020,8,top,84,6,3번타자 정훈,60523,정훈,78352,임창민,444,1,200630_211748,B,볼,143,직구,1,0,True,200630_211748,8,1,-1.32299,1.4167,3.15723,1.43469,-129.405,-3.02165,5.19517,6.00232,50.0,-2.10581,-16.3356,26.0731,-13.0929,R
20200630LTNC0,2020,8,top,84,6,3번타자 정훈,60523,정훈,78352,임창민,445,2,200630_211819,S,헛스윙,142,직구,1,1,True,200630_211819,8,2,-0.05385,1.4167,3.15723,1.43469,-128.24,-5.22168,7.85948,5.83869,50.0,-2.02382,-14.5181,25.1809,-13.2293,R
20200630LTNC0,2020,8,top,84,6,3번타자 정훈,60523,정훈,78352,임창민,446,3,200630_211859,H,타격,129,슬라이더,1,1,True,200630_211859,8,3,-0.125149,1.4167,3.15723,1.43469,-117.275,-1.99774,4.78627,5.97134,50.0,-2.17767,-0.087505,20.5754,-30.5797,R
20200630LTNC0,2020,8,top,85,7,4번타자 이대호,71564,이대호,78352,임창민,451,1,200630_211951,H,타격,143,직구,0,0,True,200630_211951,8,1,0.053397,1.4167,3.40735,1.63014,-129.267,-6.05914,7.818,5.78075,50.0,-2.0547,-12.4183,25.9133,-9.76338,R
20200630LTNC0,2020,8,bottom,87,1,4번타자 김태군,78122,김태군,63512,박진형,456,1,200630_212224,T,스트라이크,133,포크,0,1,True,200630_212224,8,1,0.250233,1.4167,3.44037,1.64252,-120.864,-3.99273,4.36546,5.67257,50.0,-1.20408,-4.24266,22.2757,-22.5497,R
20200630LTNC0,2020,8,bottom,87,1,4번타자 김태군,78122,김태군,63512,박진형,457,2,200630_212241,F,파울,124,슬라이더,0,2,True,200630_212241,8,2,1.60472,1.4167,3.44037,1.64252,-112.115,-1.86007,6.22578,5.68958,50.0,-1.16477,-0.511948,21.7792,-26.4192,R
20200630LTNC0,2020,8,bottom,87,1,4번타자 김태군,78122,김태군,63512,박진형,458,3,200630_212302,B,볼,144,직구,1,2,True,200630_212302,8,3,1.13532,1.4167,3.44037,1.64252,-130.77,-2.04852,7.88906,5.78104,50.0,-0.890066,-13.7504,28.2904,-17.3835,R
20200630LTNC0,2020,8,bottom,87,1,4번타자 김태군,78122,김태군,63512,박진형,459,4,200630_212322,F,파울,145,직구,1,2,True,200630_212322,8,4,0.297978,1.4167,3.44037,1.64252,-131.123,-4.92029,6.75813,5.59767,50.0,-1.13001,-15.8465,26.9678,-14.6925,R
20200630LTNC0,2020,8,bottom,87,1,4번타자 김태군,78122,김태군,63512,박진형,460,5,200630_212345,B,볼,131,포크,2,2,True,200630_212345,8,5,0.958006,1.4167,3.44037,1.64252,-119.046,-6.02783,7.11039,5.57199,50.0,-0.785081,-14.1657,22.8349,-23.3101,R
20200630LTNC0,2020,8,bottom,87,1,4번타자 김태군,78122,김태군,63512,박진형,461,6,200630_212413,B,볼,133,포크,3,2,True,200630_212413,8,6,0.527826,1.4167,3.44037,1.64252,-120.617,2.13055,4.45823,5.89397,50.0,-1.04353,-3.42835,24.0689,-26.9122,R
20200630LTNC0,2020,8,bottom,87,1,4번타자 김태군,78122,김태군,63512,박진형,462,7,200630_212435,F,파울,141,직구,3,2,True,200630_212435,8,7,-0.415185,1.4167,3.44037,1.64252,-127.339,-3.34008,4.61796,5.47729,50.0,-1.27264,-12.3768,27.5394,-15.7718,R
20200630LTNC0,2020,8,bottom,87,1,4번타자 김태군,78122,김태군,63512,박진형,463,8,200630_212503,B,볼,141,직구,4,2,True,200630_212503,8,8,-1.74331,1.4167,3.44037,1.64252,-127.742,-0.785374,1.74995,5.5981,50.0,-1.39999,-13.1827,26.6888,-17.4059,R
20200630LTNC0,2020,8,bottom,88,2,5번타자 박석민,74465,박석민,63512,박진형,467,1,200630_212616,T,스트라이크,139,직구,0,1,True,200630_212616,8,1,0.552795,1.4167,3.44358,1.68261,-126.08,-2.09502,7.25929,5.53597,50.0,-1.16692,-14.8385,26.5173,-16.6327,R
20200630LTNC0,2020,8,bottom,88,2,5번타자 박석민,74465,박석민,63512,박진형,468,2,200630_212638,B,볼,142,직구,1,1,True,200630_212638,8,2,0.999953,1.4167,3.44358,1.68261,-128.719,-7.76475,8.02282,5.31685,50.0,-1.1056,-13.5996,27.5449,-13.9083,R
20200630LTNC0,2020,8,bottom,88,2,5번타자 박석민,74465,박석민,63512,박진형,469,3,200630_212702,B,볼,128,슬라이더,2,1,True,200630_212702,8,3,0.720488,1.4167,3.44358,1.68261,-115.927,1.79978,4.74323,5.79581,50.0,-1.11149,-2.42435,18.8992,-25.7739,R
20200630LTNC0,2020,8,bottom,88,2,5번타자 박석민,74465,박석민,63512,박진형,470,4,200630_212727,H,타격,128,슬라이더,2,1,True,200630_212727,8,4,0.000411,1.4167,3.44358,1.68261,-116.088,0.465698,3.05262,5.63803,50.0,-1.30895,-0.186803,19.9113,-27.6809,R
20200630LTNC0,2020,8,bottom,89,3,6번타자 알테어,50923,알테어,63512,박진형,475,1,200630_212905,B,볼,145,직구,1,0,True,200630_212905,8,1,1.16831,1.4167,3.54409,1.67349,-130.839,-9.2268,8.41754,5.34523,50.0,-1.08135,-13.4809,28.1873,-13.0391,R
20200630LTNC0,2020,8,bottom,89,3,6번타자 알테어,50923,알테어,63512,박진형,476,2,200630_212927,B,볼,123,슬라이더,2,0,True,200630_212927,8,2,1.20307,1.4167,3.54409,1.67349,-112.099,0.175142,5.71063,5.64501,50.0,-1.31217,-0.60722,19.6842,-25.9559,R
20200630LTNC0,2020,8,bottom,89,3,6번타자 알테어,50923,알테어,63512,박진형,477,3,200630_212949,S,헛스윙,126,포크,2,1,True,200630_212949,8,3,0.271406,1.4167,3.54409,1.67349,-114.364,-2.87584,5.23662,5.67187,50.0,-1.0604,-10.0614,20.1679,-27.3913,R
20200630LTNC0,2020,8,bottom,89,3,6번타자 알테어,50923,알테어,63512,박진형,478,4,200630_213008,F,파울,130,포크,2,2,True,200630_213008,8,4,0.413546,1.4167,3.54409,1.67349,-117.649,-3.70075,6.41751,5.60682,50.0,-1.04316,-14.0907,21.2608,-27.9747,R
20200630LTNC0,2020,8,bottom,89,3,6번타자 알테어,50923,알테어,63512,박진형,479,5,200630_213036,B,볼,143,직구,3,2,True,200630_213036,8,5,0.394564,1.4167,3.54409,1.67349,-129.694,0.466378,6.06512,5.7117,50.0,-1.09743,-11.4854,26.333,-16.9612,R
20200630LTNC0,2020,8,bottom,89,3,6번타자 알테어,50923,알테어,63512,박진형,480,6,200630_213103,H,타격,128,포크,3,2,True,200630_213103,8,6,0.233792,1.4167,3.54409,1.67349,-116.683,-3.08457,5.70669,5.58572,50.0,-1.13761,-11.7315,21.0159,-28.6984,R
20200630LTNC0,2020,8,bottom,90,4,7번타자 노진혁,62931,노진혁,62528,김원중,484,1,200630_213416,W,번트파울,143,직구,0,1,True,200630_213416,8,1,0.955176,1.4167,3.48005,1.65919,-128.548,-4.01717,8.97154,6.26778,50.0,-1.46382,-14.349,25.6577,-14.1696,L
20200630LTNC0,2020,8,bottom,90,4,7번타자 노진혁,62931,노진혁,62528,김원중,485,2,200630_213505,H,타격,127,포크,0,1,True,200630_213505,8,2,-1.05576,1.4167,3.48005,1.65919,-115.257,-3.69858,4.47124,6.24138,50.0,-1.72536,-13.4144,21.4145,-29.2613,L
20200630LTNC0,2020,8,bottom,91,5,8번타자 강진성,62925,강진성,62528,김원중,489,1,200630_213609,B,볼,146,직구,1,0,True,200630_213609,8,1,-1.20777,1.4167,2.72976,1.1487,-131.988,-8.34833,3.30457,6.1684,50.0,-1.59086,-11.9944,30.4047,-11.9809,R
20200630LTNC0,2020,8,bottom,91,5,8번타자 강진성,62925,강진성,62528,김원중,490,2,200630_213636,B,볼,146,직구,2,0,True,200630_213636,8,2,-0.800297,1.4167,2.72976,1.1487,-131.612,-3.59277,5.06909,6.36188,50.0,-1.67149,-14.5731,29.224,-12.3135,R
20200630LTNC0,2020,8,bottom,91,5,8번타자 강진성,62925,강진성,62528,김원중,491,3,200630_213706,H,타격,146,직구,2,0,True,200630_213706,8,3,0.524035,1.4167,2.72976,1.1487,-132.259,-6.84991,7.57245,6.22066,50.0,-1.39307,-13.4397,30.0083,-9.61409,R
20200630LTNC0,2020,8,bottom,92,6,9번타자 이명기,76849,이명기,62528,김원중,495,1,200630_213800,T,스트라이크,117,커브,0,1,True,200630_213800,8,1,-0.170155,1.4167,3.38437,1.6246,-106.554,1.27083,1.61228,6.46291,50.0,-1.65426,6.25554,20.3426,-41.6668,L
20200630LTNC0,2020,8,bottom,92,6,9번타자 이명기,76849,이명기,62528,김원중,496,2,200630_213813,B,볼,134,포크,1,1,True,200630_213813,8,2,-1.54801,1.4167,3.38437,1.6246,-119.891,-2.54913,2.48188,6.32277,50.0,-1.4992,-12.2568,24.7645,-26.9744,L
20200630LTNC0,2020,8,bottom,92,6,9번타자 이명기,76849,이명기,62528,김원중,497,3,200630_213828,F,파울,132,포크,1,2,True,200630_213828,8,3,0.245028,1.4167,3.38437,1.6246,-119.694,-6.27195,7.20053,6.12154,50.0,-1.49727,-14.5756,23.4543,-26.9249,L
20200630LTNC0,2020,8,bottom,92,6,9번타자 이명기,76849,이명기,62528,김원중,498,4,200630_213900,F,파울,148,직구,1,2,True,200630_213900,8,4,0.551874,1.4167,3.38437,1.6246,-133.927,-6.52588,8.16715,6.16559,50.0,-1.44218,-15.3654,31.9203,-13.828,L
20200630LTNC0,2020,8,bottom,92,6,9번타자 이명기,76849,이명기,62528,김원중,499,5,200630_213927,S,헛스윙,148,직구,1,3,True,200630_213927,8,5,-1.3162,1.4167,3.38437,1.6246,-134.26,-8.44791,3.85858,6.11811,50.0,-1.59016,-16.5469,32.0679,-9.79365,L
20200630LTNC0,2020,9,top,94,1,5번타자 마차도,50506,마차도,76118,원종현,504,1,200630_214157,F,파울,144,투심,0,1,True,200630_214157,9,1,-1.07319,1.4167,3.375,1.5,-131.042,-2.59738,2.4044,5.15881,50.0,-1.1129,-11.9553,25.1613,-18.5016,R
20200630LTNC0,2020,9,top,94,1,5번타자 마차도,50506,마차도,76118,원종현,505,2,200630_214221,B,볼,146,투심,1,1,True,200630_214221,9,2,-0.700364,1.4167,3.375,1.5,-132.314,-0.566251,3.48602,5.23684,50.0,-1.19437,-11.4949,24.9242,-20.5835,R
20200630LTNC0,2020,9,top,94,1,5번타자 마차도,50506,마차도,76118,원종현,506,3,200630_214238,B,볼,146,투심,2,1,True,200630_214238,9,3,-1.38518,1.4167,3.375,1.5,-132.398,-4.3037,1.74863,5.02264,50.0,-1.26363,-10.8615,25.2375,-21.1201,R
20200630LTNC0,2020,9,top,94,1,5번타자 마차도,50506,마차도,76118,원종현,507,4,200630_214307,B,볼,146,직구,3,1,True,200630_214307,9,4,1.2445,1.4167,3.375,1.5,-132.067,-3.95708,8.51584,5.03346,50.0,-1.0544,-13.0605,24.9953,-22.2634,R
20200630LTNC0,2020,9,top,94,1,5번타자 마차도,50506,마차도,76118,원종현,508,5,200630_214328,T,스트라이크,146,투심,3,2,True,200630_214328,9,5,-0.837148,1.4167,3.375,1.5,-132.128,-2.56342,3.26087,5.06489,50.0,-1.34774,-10.0816,24.4128,-22.9807,R
20200630LTNC0,2020,9,top,94,1,5번타자 마차도,50506,마차도,76118,원종현,509,6,200630_214355,B,볼,146,직구,4,2,True,200630_214355,9,6,0.096759,1.4167,3.375,1.5,-131.832,0.000313,4.9122,5.11792,50.0,-1.15769,-8.50739,23.0343,-24.2969,R
20200630LTNC0,2020,9,top,95,2,6번타자 김준태,62558,김준태,76118,원종현,512,1,200630_214511,H,타격,143,투심,0,0,True,200630_214511,9,1,0.064286,1.4167,3.375,1.5,-129.495,-5.48768,6.16817,5.04913,50.0,-1.20685,-14.9175,25.3808,-18.9935,L
20200630LTNC0,2020,9,top,96,3,7번타자 안치홍,79608,안치홍,76118,원종현,516,1,200630_214604,T,스트라이크,146,직구,0,1,True,200630_214604,9,1,0.856399,1.4167,3.21958,1.43385,-132.198,-4.60145,7.41748,4.9227,50.0,-1.05517,-12.5811,23.7095,-22.6877,R
20200630LTNC0,2020,9,top,96,3,7번타자 안치홍,79608,안치홍,76118,원종현,517,2,200630_214623,B,볼,135,슬라이더,1,1,True,200630_214623,9,2,0.134582,1.4167,3.21958,1.43385,-121.01,-2.62488,3.70106,4.95765,50.0,-1.48737,0.851633,23.0388,-31.8347,R
20200630LTNC0,2020,9,top,96,3,7번타자 안치홍,79608,안치홍,76118,원종현,518,3,200630_214641,H,타격,134,슬라이더,1,1,True,200630_214641,9,3,-0.391866,1.4167,3.21958,1.43385,-121.601,2.05202,2.32527,5.19875,50.0,-1.49548,1.58388,22.822,-27.8537,R
20200630LTNC0,2020,9,bottom,98,1,1번타자 이상호,60566,이상호,62528,김원중,522,1,200630_214911,B,볼,145,직구,1,0,True,200630_214911,9,1,2.05585,1.4167,3.16363,1.50888,-131.243,-4.85576,11.1987,6.28978,50.0,-1.26787,-13.3608,26.8959,-11.5831,R
20200630LTNC0,2020,9,bottom,98,1,1번타자 이상호,60566,이상호,62528,김원중,523,2,200630_214929,H,타격,147,직구,1,0,True,200630_214929,9,2,0.010186,1.4167,3.16363,1.50888,-133.244,-5.86194,6.01361,6.18382,50.0,-1.34431,-12.902,29.684,-11.5853,R
20200630LTNC0,2020,9,bottom,99,2,2번타자 권희동,63963,권희동,62528,김원중,526,1,200630_215038,F,파울,145,직구,0,1,True,200630_215038,9,1,-0.398471,1.4167,3.31539,1.54438,-130.955,-4.57505,5.87701,6.24767,50.0,-1.58472,-14.5324,28.6324,-17.1068,R
20200630LTNC0,2020,9,bottom,99,2,2번타자 권희동,63963,권희동,62528,김원중,527,2,200630_215126,B,볼,145,직구,1,1,True,200630_215126,9,2,2.07968,1.4167,3.31539,1.54438,-130.872,-8.82259,11.6836,6.14387,50.0,-1.35601,-14.5676,28.891,-12.4732,R
20200630LTNC0,2020,9,bottom,99,2,2번타자 권희동,63963,권희동,62528,김원중,528,3,200630_215159,F,파울,135,슬라이더,1,2,True,200630_215159,9,3,0.363803,1.4167,3.31539,1.54438,-122.062,-4.83401,6.13327,6.21609,50.0,-1.72552,-5.2883,23.8688,-24.9906,R
20200630LTNC0,2020,9,bottom,99,2,2번타자 권희동,63963,권희동,62528,김원중,530,4,200630_215416,B,볼,131,포크,2,2,True,200630_215416,9,4,0.318304,1.4167,3.31539,1.54438,-118.665,-7.47493,6.88959,6.14749,50.0,-1.53367,-11.966,23.5534,-26.1437,R
20200630LTNC0,2020,9,bottom,99,2,2번타자 권희동,63963,권희동,62528,김원중,531,5,200630_215454,H,타격,145,직구,2,2,True,200630_215454,9,5,0.319482,1.4167,3.31539,1.54438,-131.022,-5.87605,7.70926,6.27131,50.0,-1.53181,-15.1267,28.8308,-11.8381,R
20200630LTNC0,2020,9,bottom,100,3,3번타자 나성범,62947,나성범,62528,김원중,535,1,200630_215545,T,스트라이크,120,커브,0,1,True,200630_215545,9,1,0.18403,1.4167,3.339,1.60261,-108.924,2.58105,3.44793,6.42434,50.0,-1.72073,2.81635,18.5272,-40.2122,L
20200630LTNC0,2020,9,bottom,100,3,3번타자 나성범,62947,나성범,62528,김원중,536,2,200630_215559,S,헛스윙,148,직구,0,2,True,200630_215559,9,2,-0.69768,1.4167,3.339,1.60261,-134.751,-5.75535,4.55691,6.23054,50.0,-1.52043,-12.5986,30.2813,-11.0207,L
20200630LTNC0,2020,9,bottom,100,3,3번타자 나성범,62947,나성범,62528,김원중,537,3,200630_215619,B,볼,147,직구,1,2,True,200630_215619,9,3,-1.38923,1.4167,3.339,1.60261,-133.305,-4.22442,3.26217,6.22629,50.0,-1.68949,-13.0268,27.5211,-13.1488,L
20200630LTNC0,2020,9,bottom,100,3,3번타자 나성범,62947,나성범,62528,김원중,538,4,200630_215653,B,볼,136,포크,2,2,True,200630_215653,9,4,-0.187668,1.4167,3.339,1.60261,-123.462,-10.9789,6.35987,6.03988,50.0,-1.57511,-14.5177,24.5824,-21.868,L
20200630LTNC0,2020,9,bottom,100,3,3번타자 나성범,62947,나성범,62528,김원중,539,5,200630_215727,S,헛스윙,137,포크,2,3,True,200630_215727,9,5,-0.028941,1.4167,3.339,1.60261,-123.963,-7.84605,6.3183,6.02858,50.0,-1.4487,-13.9042,22.1895,-23.7866,L
20200630LTNC0,2020,10,top,103,1,대타 김재유,65506,김재유,76118,원종현,544,1,200630_215950,B,볼,144,투심,1,0,True,200630_215950,10,1,1.19533,1.4167,3.375,1.64999,-130.585,-6.97776,7.45424,5.06178,50.0,-0.800987,-11.9039,27.7393,-17.0502,L
20200630LTNC0,2020,10,top,103,1,대타 김재유,65506,김재유,76118,원종현,545,2,200630_220012,B,볼,144,투심,2,0,True,200630_220012,10,2,1.12615,1.4167,3.375,1.64999,-130.17,-6.46812,7.53977,5.1151,50.0,-0.887289,-12.1549,27.1966,-14.2748,L
20200630LTNC0,2020,10,top,103,1,대타 김재유,65506,김재유,76118,원종현,546,3,200630_220032,B,볼,144,직구,3,0,True,200630_220032,10,3,-0.20892,1.4167,3.375,1.64999,-130.357,0.139346,4.1017,5.23958,50.0,-1.18784,-8.13325,25.9481,-23.3555,L
20200630LTNC0,2020,10,top,103,1,대타 김재유,65506,김재유,76118,원종현,547,4,200630_220051,T,스트라이크,145,직구,3,1,True,200630_220051,10,4,1.0213,1.4167,3.375,1.64999,-131.431,-4.86869,8.18483,4.9031,50.0,-1.16268,-13.0665,27.8491,-17.4925,L
20200630LTNC0,2020,10,top,103,1,대타 김재유,65506,김재유,76118,원종현,548,5,200630_220109,B,볼,146,직구,4,1,True,200630_220109,10,5,1.89909,1.4167,3.375,1.64999,-131.973,-7.19477,10.7116,4.8895,50.0,-1.03346,-15.9457,26.5887,-23.0548,L
20200630LTNC0,2020,10,top,104,2,9번타자 민병헌,76249,민병헌,76118,원종현,551,1,200630_220214,B,볼,142,직구,1,0,True,200630_220214,10,1,0.764448,1.4167,3.10898,1.41962,-128.98,-7.57221,5.68123,5.01465,50.0,-0.899662,-7.26356,23.062,-18.7015,R
20200630LTNC0,2020,10,top,104,2,9번타자 민병헌,76249,민병헌,76118,원종현,553,2,200630_220307,H,타격,144,직구,1,0,True,200630_220307,10,2,0.083221,1.4167,3.10898,1.41962,-130.446,-2.14329,4.58973,5.11667,50.0,-0.859893,-11.1223,24.117,-21.066,R
20200630LTNC0,2020,10,top,106,3,2번타자 전준우,78513,전준우,76118,원종현,559,1,200630_220437,H,타격,145,투심,0,0,True,200630_220437,10,1,-0.436961,1.4167,3.44661,1.63324,-131.2,-2.97758,4.20025,5.0152,50.0,-1.29554,-10.2261,22.2311,-23.8973,R
20200630LTNC0,2020,10,bottom,108,1,4번타자 김태군,78122,김태군,77591,송승준,566,1,200630_220732,H,타격,132,슬라이더,0,0,True,200630_220732,10,1,0.844991,1.4167,3.44037,1.64252,-119.323,-4.7661,6.43637,6.04051,50.0,-1.53835,-3.79603,21.2227,-21.02,R
20200630LTNC0,2020,10,bottom,109,2,5번타자 박석민,74465,박석민,77591,송승준,569,1,200630_220826,B,볼,117,커브,1,0,True,200630_220826,10,1,-1.17468,1.4167,3.44358,1.68261,-105.972,5.29815,1.07173,6.5042,50.0,-1.75888,0.612098,19.3608,-40.3281,R
20200630LTNC0,2020,10,bottom,109,2,5번타자 박석민,74465,박석민,77591,송승준,570,2,200630_220859,B,볼,139,직구,2,0,True,200630_220859,10,2,-0.333832,1.4167,3.44358,1.68261,-125.758,-9.17928,5.09693,6.00788,50.0,-1.40122,-12.1505,25.818,-13.0878,R
20200630LTNC0,2020,10,bottom,109,2,5번타자 박석민,74465,박석민,77591,송승준,571,3,200630_220939,H,타격,139,직구,2,0,True,200630_220939,10,3,-0.455137,1.4167,3.44358,1.68261,-125.779,-5.31067,4.66614,6.17708,50.0,-1.32445,-12.4522,25.7847,-14.4256,R
20200630LTNC0,2020,10,bottom,112,3,대타 모창민,78813,모창민,64596,김유영,580,1,200630_221345,T,스트라이크,133,슬라이더,0,1,True,200630_221345,10,1,-0.131517,1.4167,3.44436,1.68406,-120.888,-2.40059,-6.20054,5.18316,50.0,1.30484,13.2134,20.2125,-30.2287,R
20200630LTNC0,2020,10,bottom,112,3,대타 모창민,78813,모창민,64596,김유영,581,2,200630_221404,B,볼,143,직구,1,1,True,200630_221404,10,2,-2.34182,1.4167,3.44436,1.68406,-129.839,-2.64839,-10.3855,5.00873,50.0,1.29942,5.26767,25.4001,-18.4325,R
20200630LTNC0,2020,10,bottom,113,4,8번타자 강진성,62925,강진성,79293,오현택,588,1,200630_221732,T,스트라이크,125,슬라이더,0,1,True,200630_221732,10,1,-0.470537,1.4167,2.72976,1.1487,-112.494,3.94951,8.05559,4.37017,50.0,-3.84054,-2.60175,21.3797,-31.2204,R
20200630LTNC0,2020,10,bottom,113,4,8번타자 강진성,62925,강진성,79293,오현택,589,2,200630_221810,F,파울,125,슬라이더,0,2,True,200630_221810,10,2,0.824912,1.4167,2.72976,1.1487,-113.322,2.55641,10.4212,4.22181,50.0,-3.74888,-0.973267,22.0547,-30.5246,R
20200630LTNC0,2020,10,bottom,113,4,8번타자 강진성,62925,강진성,79293,오현택,590,3,200630_221847,H,타격,125,슬라이더,0,2,True,200630_221847,10,3,1.63753,1.4167,2.72976,1.1487,-112.441,1.52725,11.7906,4.25187,50.0,-3.72308,1.03245,15.6805,-27.9349,R
20200630LTNC0,2020,10,bottom,114,5,9번타자 이명기,76849,이명기,67591,강동호,597,1,200630_222147,B,볼,146,직구,1,0,True,200630_222147,10,1,-0.270078,1.4167,3.38437,1.6246,-132.673,-3.32199,5.93102,5.88898,50.0,-1.58473,-13.0265,27.7804,-15.6849,L
20200630LTNC0,2020,10,bottom,114,5,9번타자 이명기,76849,이명기,67591,강동호,598,2,200630_222211,B,볼,145,직구,2,0,True,200630_222211,10,2,-1.57025,1.4167,3.38437,1.6246,-131.29,-7.20108,2.76854,5.83423,50.0,-1.61477,-13.7936,25.8991,-14.0874,L
20200630LTNC0,2020,10,bottom,114,5,9번타자 이명기,76849,이명기,67591,강동호,599,3,200630_222237,T,스트라이크,144,직구,2,1,True,200630_222237,10,3,0.463013,1.4167,3.38437,1.6246,-129.932,-5.85562,7.56203,5.92255,50.0,-1.42202,-13.9607,25.6703,-14.3941,L
20200630LTNC0,2020,10,bottom,114,5,9번타자 이명기,76849,이명기,67591,강동호,600,4,200630_222300,H,타격,145,직구,2,1,True,200630_222300,10,4,0.543133,1.4167,3.38437,1.6246,-131.907,-6.19089,8.01198,5.79532,50.0,-1.42852,-14.9899,28.2281,-14.3828,L
20200630LTNC0,2020,11,top,116,1,3번타자 정훈,60523,정훈,79358,강윤구,606,1,200630_222543,B,볼,133,슬라이더,1,0,True,200630_222543,11,1,-1.2425,1.4167,3.15723,1.43469,-117.166,-3.70991,-6.11033,5.61935,50.0,1.49759,-1.11549,21.1373,-23.3994,R
20200630LTNC0,2020,11,top,116,1,3번타자 정훈,60523,정훈,79358,강윤구,607,2,200630_222601,T,스트라이크,142,직구,1,1,True,200630_222601,11,2,0.852707,1.4167,3.15723,1.43469,-126.015,-5.7841,-2.75825,5.55551,50.0,1.39997,6.95003,24.8241,-10.8339,R
20200630LTNC0,2020,11,top,116,1,3번타자 정훈,60523,정훈,79358,강윤구,608,3,200630_222619,F,파울,131,체인지업,1,2,True,200630_222619,11,3,-0.326992,1.4167,3.15723,1.43469,-118.426,-3.72756,-4.05078,5.53194,50.0,1.39874,-0.032302,19.7232,-26.2011,R
20200630LTNC0,2020,11,top,116,1,3번타자 정훈,60523,정훈,79358,강윤구,609,4,200630_222644,H,타격,144,직구,1,2,True,200630_222644,11,4,0.136034,1.4167,3.15723,1.43469,-130.343,-6.19726,-4.60416,5.53563,50.0,1.32119,7.9965,27.1322,-12.4336,R
20200630LTNC0,2020,11,top,117,2,4번타자 이대호,71564,이대호,79358,강윤구,612,1,200630_222751,F,파울,132,체인지업,0,1,True,200630_222751,11,1,0.383782,1.4167,3.40735,1.63014,-119.526,-4.40839,-3.42377,5.58274,50.0,1.44093,4.35436,20.881,-20.085,R
20200630LTNC0,2020,11,top,117,2,4번타자 이대호,71564,이대호,79358,강윤구,613,2,200630_222824,B,볼,132,체인지업,1,1,True,200630_222824,11,2,0.497835,1.4167,3.40735,1.63014,-119.447,-6.60801,-4.2914,5.56285,50.0,1.38863,10.3335,21.579,-20.7287,R
20200630LTNC0,2020,11,top,117,2,4번타자 이대호,71564,이대호,79358,강윤구,614,3,200630_222851,F,파울,130,슬라이더,1,2,True,200630_222851,11,3,-0.702047,1.4167,3.40735,1.63014,-118.068,0.310193,-4.18371,5.70905,50.0,1.49969,-4.41214,22.6495,-27.0039,R
20200630LTNC0,2020,11,top,117,2,4번타자 이대호,71564,이대호,79358,강윤구,615,4,200630_222930,F,파울,135,체인지업,1,2,True,200630_222930,11,4,0.698726,1.4167,3.40735,1.63014,-122.393,-4.15197,-3.6987,5.63741,50.0,1.27531,11.1389,24.4987,-20.3784,R
20200630LTNC0,2020,11,top,117,2,4번타자 이대호,71564,이대호,79358,강윤구,616,5,200630_223003,F,파울,144,직구,1,2,True,200630_223003,11,5,0.58316,1.4167,3.40735,1.63014,-130.421,-4.59368,-3.74634,5.59202,50.0,1.27276,10.1446,29.8442,-11.4564,R
20200630LTNC0,2020,11,top,117,2,4번타자 이대호,71564,이대호,79358,강윤구,617,6,200630_223036,B,볼,133,슬라이더,2,2,True,200630_223036,11,6,-0.302155,1.4167,3.40735,1.63014,-120.626,-5.00224,-3.71701,5.46766,50.0,1.33522,-0.937733,21.5848,-24.6551,R
20200630LTNC0,2020,11,top,117,2,4번타자 이대호,71564,이대호,79358,강윤구,618,7,200630_223113,H,타격,120,커브,2,2,True,200630_223113,11,7,-0.451546,1.4167,3.40735,1.63014,-109.437,1.38101,-2.55074,5.74042,50.0,1.60695,-8.20618,19.1558,-35.8991,R
20200630LTNC0,2020,11,top,118,3,5번타자 마차도,50506,마차도,79358,강윤구,622,1,200630_223209,B,볼,132,슬라이더,1,0,True,200630_223209,11,1,-0.60302,1.4167,3.375,1.5,-119.535,-6.19593,-6.90751,5.60483,50.0,1.3196,11.1762,22.4836,-23.1468,R
20200630LTNC0,2020,11,top,118,3,5번타자 마차도,50506,마차도,79358,강윤구,623,2,200630_223227,B,볼,142,직구,2,0,True,200630_223227,11,2,-1.00471,1.4167,3.375,1.5,-128.607,-7.50632,-7.0901,5.44105,50.0,1.10477,8.80416,26.6242,-10.9751,R
20200630LTNC0,2020,11,top,118,3,5번타자 마차도,50506,마차도,79358,강윤구,624,3,200630_223247,B,볼,140,직구,3,0,True,200630_223247,11,3,-0.178899,1.4167,3.375,1.5,-127.051,-8.583,-5.9658,5.32293,50.0,1.37275,10.4191,27.0389,-11.3555,R
20200630LTNC0,2020,11,top,118,3,5번타자 마차도,50506,마차도,79358,강윤구,625,4,200630_223308,T,스트라이크,142,직구,3,1,True,200630_223308,11,4,-0.436259,1.4167,3.375,1.5,-128.057,-6.559,-6.12767,5.51802,50.0,1.20909,9.97409,27.7118,-12.0048,R
20200630LTNC0,2020,11,top,118,3,5번타자 마차도,50506,마차도,79358,강윤구,626,5,200630_223325,B,볼,133,슬라이더,4,1,True,200630_223325,11,5,-0.793757,1.4167,3.375,1.5,-119.935,-8.04705,-5.08339,5.31745,50.0,1.29376,0.601318,21.7269,-23.0835,R
20200630LTNC0,2020,11,top,119,4,6번타자 정보근,68518,정보근,69962,송명기,630,1,200630_223607,H,타격,143,직구,0,0,True,200630_223607,11,1,0.283423,1.4167,3.27993,1.5,-128.891,-3.72547,10.8332,5.30127,50.0,-2.69744,-16.5657,27.7758,-16.8525,R
20200630LTNC0,2020,11,top,121,5,8번타자 신본기,62556,신본기,69962,송명기,636,1,200630_223715,H,타격,136,슬라이더,0,0,True,200630_223715,11,1,-0.122747,1.4167,3.22183,1.45551,-123.011,-1.9034,7.77781,5.52857,50.0,-2.72031,-7.059,22.5737,-17.9392,R
20200630LTNC0,2020,11,top,122,6,9번타자 민병헌,76249,민병헌,69962,송명기,639,1,200630_223801,S,헛스윙,138,슬라이더,0,1,True,200630_223801,11,1,-0.195283,1.4167,3.10898,1.41962,-124.921,-2.87707,7.63868,5.44465,50.0,-2.67956,-7.42835,24.4522,-17.7402,R
20200630LTNC0,2020,11,top,122,6,9번타자 민병헌,76249,민병헌,69962,송명기,640,2,200630_223829,S,헛스윙,145,직구,0,2,True,200630_223829,11,2,0.064882,1.4167,3.10898,1.41962,-130.927,-2.56146,11.2465,5.29237,50.0,-2.94635,-17.9443,28.8139,-13.9267,R
20200630LTNC0,2020,11,top,122,6,9번타자 민병헌,76249,민병헌,69962,송명기,641,3,200630_223859,T,스트라이크,145,직구,0,3,True,200630_223859,11,3,0.376731,1.4167,3.10898,1.41962,-131.394,-6.20908,11.3699,5.11095,50.0,-2.69874,-17.678,29.9477,-14.1523,R
20200630LTNC0,2020,11,bottom,124,1,1번타자 이상호,60566,이상호,67591,강동호,645,1,200630_224106,T,스트라이크,119,커브,0,1,True,200630_224106,11,1,0.150172,1.4167,3.16363,1.50888,-107.531,0.553816,3.22555,6.16476,50.0,-1.47,0.946559,17.6183,-30.3256,R
20200630LTNC0,2020,11,bottom,124,1,1번타자 이상호,60566,이상호,67591,강동호,646,2,200630_224121,F,파울,131,슬라이더,0,2,True,200630_224121,11,2,1.0375,1.4167,3.16363,1.50888,-119.109,-4.47094,4.21566,6.03291,50.0,-1.13281,4.18167,22.7675,-26.6603,R
20200630LTNC0,2020,11,bottom,124,1,1번타자 이상호,60566,이상호,67591,강동호,647,3,200630_224150,B,볼,130,슬라이더,1,2,True,200630_224150,11,3,1.32686,1.4167,3.16363,1.50888,-118.448,-0.585072,5.27083,6.09015,50.0,-1.23756,3.41895,22.2442,-32.6311,R
20200630LTNC0,2020,11,bottom,124,1,1번타자 이상호,60566,이상호,67591,강동호,648,4,200630_224213,B,볼,145,직구,2,2,True,200630_224213,11,4,1.35106,1.4167,3.16363,1.50888,-130.963,-5.73783,9.71274,5.90352,50.0,-1.28866,-14.9311,27.6272,-11.895,R
20200630LTNC0,2020,11,bottom,124,1,1번타자 이상호,60566,이상호,67591,강동호,649,5,200630_224234,H,타격,144,직구,2,2,True,200630_224234,11,5,-0.487702,1.4167,3.16363,1.50888,-130.1,-3.87788,4.67843,5.95566,50.0,-1.37998,-12.2587,28.8369,-13.1213,R
20200630LTNC0,2020,11,bottom,125,2,2번타자 권희동,63963,권희동,67591,강동호,652,1,200630_224317,T,스트라이크,144,직구,0,1,True,200630_224317,11,1,0.136498,1.4167,3.31539,1.54438,-130.588,-7.04777,6.73807,5.79541,50.0,-1.40611,-14.2493,28.7643,-12.6468,R
20200630LTNC0,2020,11,bottom,125,2,2번타자 권희동,63963,권희동,67591,강동호,653,2,200630_224335,B,볼,145,직구,1,1,True,200630_224335,11,2,-0.690639,1.4167,3.31539,1.54438,-131.189,-1.87146,4.68215,6.06362,50.0,-1.45335,-14.0201,27.8752,-12.8967,R
20200630LTNC0,2020,11,bottom,125,2,2번타자 권희동,63963,권희동,67591,강동호,654,3,200630_224353,B,볼,128,슬라이더,2,1,True,200630_224353,11,3,-0.017507,1.4167,3.31539,1.54438,-115.853,2.85124,2.4017,6.223,50.0,-1.49072,4.46218,20.7933,-30.9313,R
20200630LTNC0,2020,11,bottom,125,2,2번타자 권희동,63963,권희동,67591,강동호,655,4,200630_224415,H,타격,142,직구,2,1,True,200630_224415,11,4,0.356806,1.4167,3.31539,1.54438,-128.574,-6.15254,6.82208,5.91064,50.0,-1.35247,-12.5989,26.1432,-12.1885,R
20200630LTNC0,2020,11,bottom,126,3,3번타자 나성범,62947,나성범,67591,강동호,658,1,200630_224501,F,파울,134,포크,0,1,True,200630_224501,11,1,0.361047,1.4167,3.339,1.60261,-121.689,-5.61173,7.29738,5.68988,50.0,-1.56508,-12.8502,25.102,-21.043,L
20200630LTNC0,2020,11,bottom,126,3,3번타자 나성범,62947,나성범,67591,강동호,659,2,200630_224525,B,볼,142,직구,1,1,True,200630_224525,11,2,-1.27586,1.4167,3.339,1.60261,-129.12,-1.07507,3.61293,5.92384,50.0,-1.62685,-13.8397,28.0798,-17.7594,L
20200630LTNC0,2020,11,bottom,126,3,3번타자 나성범,62947,나성범,67591,강동호,660,3,200630_224551,F,파울,133,포크,1,2,True,200630_224551,11,3,-0.300597,1.4167,3.339,1.60261,-120.819,-5.31846,4.16411,5.74353,50.0,-1.4614,-6.61629,20.3351,-23.0899,L
20200630LTNC0,2020,11,bottom,126,3,3번타자 나성범,62947,나성범,67591,강동호,661,4,200630_224620,S,헛스윙,144,직구,1,3,True,200630_224620,11,4,-0.639688,1.4167,3.339,1.60261,-130.316,-4.43144,4.32739,5.84413,50.0,-1.61602,-9.3595,30.4634,-13.5036,L
