batter_id,n,n_games,eligible,se_available,rbar,qbar,variance_q,q_degenerate,n_in,n_out,games_in,games_out,ess_in,ess_out,q_weight_in,q_weight_out,n_q_in_positive,n_q_out_positive,games_q_in_positive,games_q_out_positive,ess_q_in,ess_q_out,D_bin_support,D_q_support,Z0_call,Z0_call_se,Z0_call_eligible,Z0_free,Z0_free_se,Z0_free_eligible,N0_free,N0_free_se,N0_free_eligible,D_bin,D_bin_se,D_bin_eligible,D_q,D_q_se,D_q_eligible,P0_free,P0_free_se,P0_free_eligible,batter_name,raw_delta,Z0_call_rank_qualified,Z0_free_rank_qualified,rank_delta
68743,2536,137,True,True,-0.0995876633,0.5164090275,0.1899731904,False,1350,1186,137,136,1350.0000000000,1186.0000000000,1309.6132937233,1226.3867062767,2536,2536,137,137,1480.9896951564,1399.2986707220,True,True,-0.5750329052,0.5995095805,True,-0.5907560317,0.6133720884,True,-0.2639286906,0.6010180794,True,-0.9766838188,1.4024928004,True,-0.5284265096,1.2032851042,True,37.9525119895,1.4740286466,True,정은원,-0.0157231265,97.0000000000,96.0000000000,-1.0000000000
78288,1769,111,True,True,-0.0872527743,0.5267576989,0.1872518789,False,965,804,111,111,965.0000000000,804.0000000000,931.8343693828,837.1656306172,1769,1769,111,111,1056.2167837671,963.4542948782,True,True,-3.5815340434,0.7484809218,True,-3.2799033621,0.7652133600,True,-2.8129666690,0.7523250180,True,-6.4918019186,1.7601470131,True,-5.6420917120,1.5080279127,True,31.2569377173,1.7338683326,True,최재훈,0.3016306813,141.0000000000,139.0000000000,-2.0000000000
52712,2537,141,True,True,0.0198938128,0.5155126443,0.1882189655,False,1338,1199,141,141,1338.0000000000,1199.0000000000,1307.8555786978,1229.1444213022,2537,2537,141,141,1485.1482328519,1407.9896111749,True,True,4.9826032536,0.6396496374,True,4.9380508593,0.6566258355,True,4.8763297309,0.6456745914,True,10.2856493049,1.5689449826,True,9.7620561098,1.2947056572,True,45.2594602686,1.5802233696,True,터크먼,-0.0445523943,4.0000000000,2.0000000000,-2.0000000000
69737,1866,112,True,True,-0.0234816845,0.4944682309,0.1910793228,False,948,918,112,112,948.0000000000,918.0000000000,922.6777188557,943.3222811443,1866,1866,112,112,1047.4235564929,1067.7001045872,True,True,2.5757161877,0.6413935611,True,2.2794830781,0.6420236536,True,2.2535040267,0.6427428559,True,4.7009869738,1.5260270962,True,4.5075597872,1.2855901630,True,40.7176951521,1.6169035585,True,노시환,-0.2962331096,27.0000000000,30.0000000000,3.0000000000
62700,1778,120,True,True,0.0884258073,0.4817261497,0.1870152450,False,875,903,120,118,875.0000000000,903.0000000000,856.5090940892,921.4909059108,1778,1778,120,120,984.5552821440,1048.2012750338,True,True,-0.3904120304,0.8142766377,True,-0.1997147867,0.8167132716,True,0.1234612070,0.7902071521,True,0.4894032881,1.7847222010,True,0.2472526780,1.5825137101,True,37.1057050876,1.7332079431,True,하주석,0.1906972437,93.0000000000,85.0000000000,-8.0000000000
66704,1875,117,True,True,-0.0587893971,0.5245217286,0.1879603186,False,1008,867,116,117,1008.0000000000,867.0000000000,983.4782411973,891.5217588027,1875,1875,117,117,1113.9586281214,1023.8124863107,True,True,-0.0669428839,0.6891897487,True,-0.1519651175,0.7013353726,True,0.1363584109,0.7210339697,True,0.8752216280,1.7025003037,True,0.2733743584,1.4456912979,True,36.4424513618,1.7169263337,True,김태연,-0.0850222335,83.0000000000,81.0000000000,-2.0000000000
79240,1872,119,True,True,-0.0781404924,0.5310728302,0.1876265526,False,1018,854,119,119,1018.0000000000,854.0000000000,994.1683381509,877.8316618491,1872,1872,119,119,1124.1542407335,1010.1096418986,True,True,-5.3575354105,0.7551224320,True,-5.0060466678,0.7587363314,True,-4.5204374171,0.7597360966,True,-9.9271469547,1.7604711405,True,-9.0759268179,1.5237250550,True,25.5635780039,1.7544348855,True,허경민,0.3514887427,152.0000000000,151.0000000000,-1.0000000000
51203,989,92,True,True,0.0080835104,0.4756471711,0.1934027678,False,482,507,90,86,482.0000000000,507.0000000000,470.4150522182,518.5849477818,989,989,92,92,533.1950950701,580.5962723621,True,True,-1.2457753956,1.1777104663,True,-1.5368307963,1.1884763234,True,-1.4974595273,1.1870893032,True,-3.4671180380,2.8123430816,True,-3.0020406187,2.3802305314,True,35.8135192769,2.6212099711,True,안재석,-0.2910554007,111.0000000000,119.0000000000,8.0000000000
69209,2074,138,True,True,0.0566966657,0.4763772083,0.1890727177,False,1004,1070,138,133,1004.0000000000,1070.0000000000,988.0063299986,1085.9936700014,2074,2074,138,138,1131.3814637554,1227.5157796173,True,True,1.7125441736,0.6802711009,True,2.1117697423,0.6931262089,True,2.3796364473,0.6696557009,True,5.7260210548,1.6262750680,True,4.7699200485,1.3406728081,True,41.2583224027,1.6076808553,True,페르난데스,0.3992255688,45.0000000000,35.0000000000,-10.0000000000
63704,1348,103,True,True,-0.0239062717,0.5259982245,0.1861313574,False,726,622,103,101,726.0000000000,622.0000000000,709.0456066025,638.9543933975,1348,1348,103,103,805.8606446979,737.2416063188,True,True,3.6306879054,0.8582505884,True,3.1401823793,0.8684325822,True,3.2644865032,0.8647153660,True,7.0877807457,2.1278731927,True,6.5466727920,1.7372368710,True,43.4867209427,2.1895457885,True,노수광,-0.4905055261,12.0000000000,15.0000000000,3.0000000000
51764,98,9,False,True,-0.0621338429,0.4928463911,0.1919789832,False,49,49,9,8,49.0000000000,49.0000000000,48.2989463271,49.7010536729,98,98,9,9,54.7372845890,56.1152709259,False,True,-3.6091031510,2.0255678756,False,-4.4731379929,2.2320367222,False,-4.5620342353,2.1425900524,False,-13.8856884398,5.7502491557,False,-9.1259365177,4.2857918885,False,30.2550333677,7.0049102988,False,정민규,-0.8640348419,,,
68700,158,17,False,True,-0.1264705207,0.5211225716,0.1831745035,False,82,76,17,17,82.0000000000,76.0000000000,82.3373663163,75.6626336837,158,158,17,17,94.3562355072,87.8382903804,True,True,-2.9112574627,2.7947708058,False,-3.8046451918,2.7708448416,False,-3.2703686655,2.8164370614,False,-9.9588214000,6.5488016344,False,-6.5524311412,5.6381349630,False,28.7250327502,6.2401802157,False,이원석,-0.8933877292,,,
78224,2022,127,True,True,0.0594098804,0.4518019824,0.1882024695,False,921,1101,127,127,921.0000000000,1101.0000000000,913.5436084649,1108.4563915351,2022,2022,127,127,1052.0313068018,1243.3483385576,True,True,5.1072488734,0.7452077480,True,4.6902511716,0.7493185694,True,5.2629388634,0.7369180545,True,11.7395899813,1.7591456939,True,10.6246036217,1.4871962568,True,47.5338360704,1.6429157242,True,김재환,-0.4169977018,1.0000000000,4.0000000000,3.0000000000
64153,1692,106,True,True,0.0846664681,0.4655808986,0.1912126920,False,810,882,106,106,810.0000000000,882.0000000000,787.7628804742,904.2371195258,1692,1692,106,106,898.9874733619,1013.4750398865,True,True,-4.5085704116,0.9752264076,True,-4.2255669061,0.9715887505,True,-3.6427381566,0.9234804364,True,-8.0223976422,2.1642872314,True,-7.3201643626,1.8575718006,True,27.3647442620,2.1522183525,True,양석환,0.2830035055,146.0000000000,146.0000000000,0.0000000000
63257,1166,82,True,True,-0.0334082378,0.4822169841,0.1940809131,False,574,592,82,79,574.0000000000,592.0000000000,562.2650034454,603.7349965546,1166,1166,82,82,635.5479421979,676.3676835316,True,True,0.7352702092,0.8348260419,True,0.4537834794,0.8498193470,True,0.3349636346,0.8570705096,True,0.7988524777,2.0512830369,True,0.6707757620,1.7161154130,True,41.8455419070,1.9851133548,True,김인태,-0.2814867298,67.0000000000,72.0000000000,5.0000000000
62244,1563,122,True,True,0.0390798225,0.4946704665,0.1888186897,False,779,784,119,121,779.0000000000,784.0000000000,773.1699390731,789.8300609269,1563,1563,122,122,882.2349302974,898.5714957604,True,True,2.4152724489,0.7350287783,True,2.2377157932,0.7319653277,True,2.2793712382,0.7143486495,True,4.9330354092,1.8187466322,True,4.5592604800,1.4285409201,True,44.4006817654,1.6952245826,True,박세혁,-0.1775566556,31.0000000000,32.0000000000,1.0000000000
63123,1658,126,True,True,0.0294686602,0.4995832774,0.1909032349,False,831,827,125,123,831.0000000000,827.0000000000,828.3090739301,829.6909260699,1658,1658,126,126,939.4367073540,940.7937338845,True,True,1.3358601486,0.7973936213,True,1.1036282449,0.8065007577,True,1.1060842963,0.7940462232,True,2.9086319083,1.9380604717,True,2.2121701292,1.5880806908,True,37.7902679531,1.8656484629,True,강승호,-0.2322319036,52.0000000000,57.0000000000,5.0000000000
79231,1715,121,True,True,-0.0049713843,0.5149527438,0.1888137167,False,903,812,121,116,903.0000000000,812.0000000000,883.1439555825,831.8560444175,1715,1715,121,121,1001.7343069364,951.4364171955,True,True,-0.7913167793,0.7593725806,True,-0.2494139083,0.7549601006,True,-0.2345467412,0.7588995774,True,-1.3595138602,1.7685045314,True,-0.4695133862,1.5190450595,True,37.4332739021,1.9767276724,True,정수빈,0.5419028711,100.0000000000,88.0000000000,-12.0000000000
64266,536,40,True,True,-0.0766677322,0.4769801791,0.1920496268,False,261,275,38,38,261.0000000000,275.0000000000,255.6613759881,280.3386240119,536,536,40,40,290.6508982475,314.9116377241,True,True,-0.1894636098,1.5190214683,True,-0.4834092021,1.5451913019,True,-0.8363846953,1.5602281108,True,-1.5255450494,3.7942692884,True,-1.6763226055,3.1278412188,True,37.6798212475,4.0506561138,True,이성곤,-0.2939455923,85.0000000000,93.0000000000,8.0000000000
62415,2537,143,True,True,0.0119363986,0.5152314402,0.1878738810,False,1334,1203,143,142,1334.0000000000,1203.0000000000,1307.1421638009,1229.8578361991,2537,2537,143,143,1485.6062205915,1409.8662842852,True,True,-6.3340214237,0.6597031246,True,-5.6450983213,0.6611269364,True,-5.6814600295,0.6572490849,True,-11.9161785140,1.5647528947,True,-11.3734744964,1.3141822553,True,29.9178070350,1.5196452075,True,박해민,0.6889231024,160.0000000000,157.0000000000,-3.0000000000
68110,298,29,False,True,0.0311777203,0.5305035707,0.1991985246,False,163,135,27,26,163.0000000000,135.0000000000,158.0900640720,139.9099359280,298,298,29,29,174.4936775267,156.5377404184,True,True,1.2016724253,2.2501253115,False,1.1107474906,2.2282585390,False,0.9205411311,2.2194220228,False,2.9940241569,4.9131602833,False,1.8479601321,4.4581145268,False,43.2564695407,4.3476405182,False,송찬의,-0.0909249347,,,
76290,2273,141,True,True,0.0233445302,0.4608671660,0.1908565046,False,1078,1195,141,141,1078.0000000000,1195.0000000000,1047.5510682273,1225.4489317727,2273,2273,141,141,1197.2122677107,1372.0692209933,True,True,2.3240316268,0.6980736621,True,2.5242548510,0.6876724194,True,2.7069623760,0.6895824462,True,5.2334698836,1.6114389768,True,5.4472922211,1.3881026278,True,43.6821149339,1.5897232636,True,김현수,0.2002232242,34.0000000000,28.0000000000,-6.0000000000
52605,1008,80,True,True,-0.0120100159,0.5081682967,0.1945782265,False,528,480,78,77,528.0000000000,480.0000000000,512.2336430580,495.7663569420,1008,1008,80,80,574.8526598648,558.6406770477,True,True,-0.2164639904,1.0531595476,True,-0.3783273283,1.0527424923,True,-0.3587070537,1.0501505184,True,-0.1919598173,2.4187174160,True,-0.7176056250,2.1008342855,True,37.0126363224,2.4217125485,True,김도영,-0.1618633380,87.0000000000,90.0000000000,3.0000000000
52630,1974,125,True,True,0.0878812076,0.4769651824,0.1912096409,False,963,1011,125,125,963.0000000000,1011.0000000000,941.5292701342,1032.4707298658,1974,1974,125,125,1072.5360887120,1161.8913853453,True,True,-1.1712353442,0.7604033392,True,-0.6638322136,0.7660342626,True,-0.2589666967,0.7007970708,True,0.1395299912,1.6625932454,True,-0.5190349991,1.4048081494,True,36.3744755633,1.6769209624,True,소크라테스,0.5074031306,109.0000000000,100.0000000000,-9.0000000000
78603,2274,137,True,True,-0.0510980134,0.5049884464,0.1908989362,False,1164,1110,137,137,1164.0000000000,1110.0000000000,1148.3437271775,1125.6562728225,2274,2274,137,137,1300.4807389757,1278.2006077164,True,True,0.8098746166,0.6139871066,True,1.0752952743,0.6069103272,True,1.1262752148,0.6088772282,True,2.8246551429,1.4286678562,True,2.2527746672,1.2179715826,True,41.6107357554,1.4187188230,True,김선빈,0.2654206577,66.0000000000,58.0000000000,-8.0000000000
79192,1953,126,True,True,0.0601915748,0.4985220150,0.1940709588,False,1006,947,126,126,1006.0000000000,947.0000000000,973.6134953249,979.3865046751,1953,1953,126,126,1096.6404680884,1102.3219104614,True,True,-6.0139174660,0.8660822179,True,-5.1050303975,0.8633946185,True,-5.0872379488,0.8294966251,True,-11.0861488185,1.8991989347,True,-10.1745648004,1.6592750888,True,27.5776563661,1.8985675070,True,채은성,0.9088870685,156.0000000000,153.0000000000,-3.0000000000
61102,1840,136,True,True,0.0720927941,0.4656389692,0.1911471166,False,882,958,136,134,882.0000000000,958.0000000000,856.7757033593,983.2242966407,1840,1840,136,136,977.8937608004,1102.1796986815,True,True,-2.3745040630,0.8692941236,True,-2.4134744228,0.8561237386,True,-1.9180378793,0.8291765893,True,-3.8140338903,1.9202004370,True,-3.8542784432,1.6665467244,True,33.8481287965,2.0793224339,True,유강남,-0.0389703597,131.0000000000,132.0000000000,1.0000000000
79109,2321,142,True,True,-0.0150545771,0.4928309652,0.1913352926,False,1148,1173,142,142,1148.0000000000,1173.0000000000,1143.8606702525,1177.1393297475,2321,2321,142,142,1298.2658682891,1330.9575326841,True,True,5.0432102120,0.6885504531,True,4.9627267598,0.6776096044,True,4.9411414025,0.6787418357,True,11.2241455376,1.7227295614,True,9.8843148247,1.3578032506,True,47.8990229529,1.7101598939,True,오지환,-0.0804834521,3.0000000000,1.0000000000,-2.0000000000
62947,2393,142,True,True,0.1261213053,0.4554783682,0.1912968892,False,1124,1269,142,142,1124.0000000000,1269.0000000000,1089.9597350828,1303.0402649172,2393,2393,142,142,1245.0001939269,1454.5563713852,True,True,3.0350314512,0.6966714039,True,2.8236875969,0.7013407790,True,3.9467128608,0.6295342962,True,8.3882411154,1.4931518352,True,7.9565105288,1.2649048225,True,48.0087657557,1.4492605229,True,나성범,-0.2113438543,22.0000000000,21.0000000000,-1.0000000000
72443,2203,130,True,True,-0.0092350377,0.4712769103,0.1895569757,False,1064,1139,130,129,1064.0000000000,1139.0000000000,1038.2230333939,1164.7769666061,2203,2203,130,130,1188.5824432627,1312.8070898815,True,True,0.3723399625,0.7137602475,True,0.5751196957,0.7228949180,True,0.5220679324,0.7219090027,True,1.0374511028,1.7294116066,True,1.0475929883,1.4480755844,True,41.2797772456,1.5528802916,True,최형우,0.2027797332,74.0000000000,70.0000000000,-4.0000000000
65610,1815,125,True,True,0.0836327085,0.4829143783,0.1908378205,False,897,918,125,123,897.0000000000,918.0000000000,876.4895966453,938.5104033547,1815,1815,125,125,998.1730943475,1059.0876628657,True,True,-0.3953048799,0.8041373297,True,-0.1863578670,0.7806285744,True,0.0994254965,0.7587304425,True,0.9572292094,1.8150675440,True,0.1990834576,1.5192412882,True,37.3055066989,1.8242834030,True,황대인,0.2089470128,94.0000000000,82.0000000000,-12.0000000000
67610,453,45,True,True,0.0094335520,0.4795309825,0.1920518235,False,219,234,42,38,219.0000000000,234.0000000000,217.2275350721,235.7724649279,453,453,45,45,246.8409770082,265.0717381228,True,True,1.3564776267,1.3800284071,True,0.9401667899,1.3721994815,True,0.9787858981,1.3914766297,True,1.6464641024,3.1641402450,True,1.9608580427,2.7881952918,True,43.1140678868,3.6250583046,True,김석환,-0.4163108368,51.0000000000,63.0000000000,12.0000000000
52112,347,27,True,True,0.0544690498,0.4751810446,0.1877973290,False,167,180,27,27,167.0000000000,180.0000000000,164.8878224791,182.1121775209,347,347,27,27,189.4406123621,206.3239761039,True,True,3.9140917756,1.9172319266,True,3.9358347534,1.8755965918,True,4.2062077367,1.8320679624,True,9.6919257796,4.0735636687,True,8.4331942078,3.6735882985,True,45.0980051925,3.7891646171,True,루이즈,0.0217429778,9.0000000000,8.0000000000,-1.0000000000
68106,943,83,True,True,0.0593561327,0.4591706737,0.1923846316,False,440,503,81,79,440.0000000000,503.0000000000,432.9979453336,510.0020546664,943,943,83,83,493.0777364203,568.8490007363,True,True,-1.6399685407,1.2072031815,True,-1.6056349475,1.2129446347,True,-1.1209407657,1.1289887912,True,-2.5479262031,2.6485453592,True,-2.2569310536,2.2758717770,True,35.2055398871,2.5335344959,True,이재원,0.0343335931,120.0000000000,121.0000000000,1.0000000000
78168,977,73,True,True,0.0082591136,0.4803741205,0.1925607419,False,481,496,73,72,481.0000000000,496.0000000000,469.3255157736,507.6744842264,977,977,73,73,532.5801092607,570.2915792117,True,True,0.9811437936,1.0639248104,True,1.1361640881,1.0557272209,True,1.1685825617,1.0548048091,True,1.7645707627,2.5270885424,True,2.3407715515,2.1125687290,True,43.1229079389,2.4692153242,True,서건창,0.1550202946,64.0000000000,56.0000000000,-8.0000000000
62864,1035,94,True,True,-0.0385733807,0.5114088000,0.1926163816,False,539,496,91,92,539.0000000000,496.0000000000,529.3081080047,505.6918919953,1035,1035,94,94,596.0357593956,572.8147205722,True,True,1.9523056631,0.8569400423,True,1.7255330455,0.8699604782,True,1.8135482427,0.8668587703,True,3.9233224103,2.0703653012,True,3.6289858910,1.7346872360,True,43.4788580029,2.1210129560,True,김민식,-0.2267726176,39.0000000000,42.0000000000,3.0000000000
64646,2204,126,True,True,-0.0239588528,0.5175314679,0.1882598568,False,1167,1037,126,126,1167.0000000000,1037.0000000000,1140.6393551415,1063.3606448585,2204,2204,126,126,1294.2742207740,1218.5142475133,True,True,-0.6592580407,0.6977172262,True,-0.4753966300,0.6890571204,True,-0.3913898587,0.6858589709,True,-1.3144655691,1.6418516539,True,-0.7837432587,1.3733531524,True,35.6856702567,1.5201814648,True,박찬호,0.1838614107,98.0000000000,92.0000000000,-6.0000000000
69102,1739,121,True,True,-0.0064180091,0.5180937391,0.1899647766,False,912,827,120,119,912.0000000000,827.0000000000,900.9650123142,838.0349876858,1739,1739,121,121,1018.3217524400,956.5509662391,True,True,2.6927870761,0.7836962563,True,2.8089099398,0.7846266845,True,2.8321350962,0.7775538732,True,6.9052268123,1.7681496557,True,5.6716974707,1.5571885675,True,44.5502591333,1.8368170561,True,문보경,0.1161228637,26.0000000000,22.0000000000,-4.0000000000
61353,420,58,True,True,0.0286957393,0.5038839439,0.1881559376,False,218,202,55,50,218.0000000000,202.0000000000,211.6312564433,208.3687435567,420,420,58,58,241.2315215010,238.0339741737,True,True,-1.6056924501,1.2981325214,True,-1.4818356560,1.3297290603,True,-1.5041261844,1.3012031474,True,-4.5756726704,3.1411974880,True,-3.0084338980,2.6021740147,True,33.9430480174,3.1558439763,True,고종욱,0.1238567941,118.0000000000,118.0000000000,0.0000000000
77564,591,62,True,True,0.0125721221,0.5097838988,0.1950122869,False,306,285,59,59,306.0000000000,285.0000000000,301.2822842044,289.7177157956,591,591,62,62,337.6381377196,326.2495343613,True,True,-2.2435216831,1.4546587395,True,-2.1366465836,1.5018174592,True,-2.1612474577,1.4778884564,True,-4.8342727217,3.4433940183,True,-4.3241506272,2.9547796502,True,35.2739180164,3.6209784311,True,김민성,0.1068750995,129.0000000000,127.0000000000,-2.0000000000
62802,851,74,True,True,-0.0003002374,0.4917151654,0.1868433781,False,429,422,74,72,429.0000000000,422.0000000000,418.4496057635,432.5503942365,851,851,74,74,480.0395909803,493.8462727681,True,True,0.6391044362,1.2438950157,True,0.2846676958,1.2441254485,True,0.2841702124,1.2525038464,True,1.4357533905,3.1151937511,True,0.5684965077,2.5056715238,True,37.1198620868,3.2933351079,True,박승욱,-0.3544367403,71.0000000000,75.0000000000,4.0000000000
79608,2133,130,True,True,-0.0654630346,0.5008269936,0.1902767935,False,1081,1052,130,128,1081.0000000000,1052.0000000000,1068.2639773774,1064.7360226226,2133,2133,130,130,1212.8995993869,1209.4365600544,True,True,-4.9974282705,0.6476602184,True,-4.4092777560,0.6294503882,True,-4.3984502537,0.6204777534,True,-9.4931544705,1.4328322674,True,-8.7969245729,1.2409536413,True,28.4798466222,1.6007872919,True,안치홍,0.5881505145,151.0000000000,148.0000000000,-3.0000000000
78513,1798,117,True,True,0.0281449087,0.4889107201,0.1900134360,False,894,904,117,116,894.0000000000,904.0000000000,879.0614746787,918.9385253213,1798,1798,117,117,1001.7141482499,1040.8530401675,True,True,1.2041699233,0.8083053918,True,1.2974211011,0.7965165893,True,1.3598424555,0.7890105862,True,2.9214616318,1.8108606527,True,2.7210233511,1.5785515077,True,38.7726318542,1.8581647113,True,전준우,0.0932511778,57.0000000000,53.0000000000,-4.0000000000
74163,1429,85,True,True,-0.0668995783,0.5367674470,0.1842443107,False,778,651,84,83,778.0000000000,651.0000000000,767.0406818020,661.9593181980,1429,1429,85,85,871.6219159548,768.8541425837,True,True,0.9000712485,0.9633031799,True,0.7835007329,0.9466661508,True,1.2754460729,0.9636136533,True,3.4233202979,2.2278959822,True,2.5647607837,1.9396485714,True,40.6314779354,2.1320427511,True,이용규,-0.1165705156,65.0000000000,66.0000000000,1.0000000000
67304,2187,129,True,True,0.0105021517,0.4875742214,0.1887508405,False,1091,1096,129,128,1091.0000000000,1096.0000000000,1066.3248223008,1120.6751776992,2187,2187,129,129,1219.0797951529,1272.3762078420,True,True,-0.4201342049,0.6172395978,True,-0.1137018520,0.6204603543,True,-0.0876023698,0.6210181461,True,0.4575606363,1.4741481145,True,-0.1753130128,1.2427880562,True,37.4546180569,1.5226908705,True,김혜성,0.3064323529,95.0000000000,80.0000000000,-15.0000000000
67341,2312,141,True,True,-0.0299411393,0.5051061897,0.1899373147,False,1199,1113,141,141,1199.0000000000,1113.0000000000,1167.8055105442,1144.1944894558,2312,2312,141,141,1325.3338835759,1302.1625787722,True,True,-1.6947451531,0.5827375693,True,-1.2742473015,0.5632148591,True,-1.2436702742,0.5658595423,True,-2.0905901606,1.3729816754,True,-2.4875999869,1.1317499768,True,34.1260983340,1.3695907481,True,이정후,0.4204978516,121.0000000000,112.0000000000,-9.0000000000
52366,2099,125,True,True,0.0516604869,0.4558413978,0.1908068591,False,972,1127,125,125,972.0000000000,1127.0000000000,956.8110940791,1142.1889059209,2099,2099,125,125,1094.2198529501,1276.4678689629,True,True,2.3400251095,0.7338227744,True,2.1971327979,0.7231112506,True,2.6533837757,0.6929465635,True,5.6651571518,1.7136139349,True,5.3484853551,1.3942897812,True,41.3173146391,1.4321849513,True,푸이그,-0.1428923116,33.0000000000,33.0000000000,0.0000000000
65586,903,89,True,True,-0.0128771199,0.4829124988,0.1851544746,False,443,460,84,82,443.0000000000,460.0000000000,436.0699864283,466.9300135717,903,903,89,89,503.3563731525,533.5371400126,True,True,1.2959370486,1.2303932689,True,1.2979905214,1.2198232471,True,1.2539829611,1.2234348814,True,3.4650423203,2.9990566321,True,2.5108984778,2.4489685310,True,37.7901784165,2.3457625578,True,전병우,0.0020534727,54.0000000000,52.0000000000,-2.0000000000
52526,1281,85,True,True,0.1083245410,0.4605208007,0.1886124935,False,598,683,85,85,598.0000000000,683.0000000000,589.9271457433,691.0728542567,1281,1281,85,85,678.0115109911,777.2734220673,True,True,2.6994544334,0.9518326692,True,2.7103161265,0.9414982289,True,3.5656293543,0.8996729976,True,8.6090641267,2.1976352567,True,7.1759969500,1.8095458750,True,43.3731899659,2.1701922667,True,피터스,0.0108616931,25.0000000000,25.0000000000,0.0000000000
71564,2062,139,True,True,0.0809020800,0.4643822894,0.1884415330,False,983,1079,139,136,983.0000000000,1079.0000000000,957.5562807756,1104.4437192244,2062,2062,139,139,1100.4219079030,1244.5296394992,True,True,-2.4580442349,0.8390510840,True,-2.2618759898,0.8308330147,True,-1.6855666159,0.8075464631,True,-4.1117144076,1.8226728002,True,-3.3883272484,1.6234685182,True,32.6599641315,1.8213742145,True,이대호,0.1961682451,134.0000000000,130.0000000000,-4.0000000000
60523,1376,90,True,True,-0.0636104709,0.5176056559,0.1891025411,False,722,654,89,88,722.0000000000,654.0000000000,712.2253824740,663.7746175260,1376,1376,90,90,806.6460409071,759.1178890755,True,True,-1.5188753498,0.7693117326,True,-1.2199812471,0.7847465335,True,-0.9960004352,0.7989804830,True,0.1480205688,1.9808837123,True,-1.9944736916,1.5993600967,True,36.3112629852,1.8377402624,True,정훈,0.2988941027,116.0000000000,108.0000000000,-8.0000000000
69306,477,42,True,True,-0.0048614789,0.4984950632,0.1947745117,False,248,229,42,40,248.0000000000,229.0000000000,237.7821451516,239.2178548484,477,477,42,42,267.4052688594,268.8188460341,True,True,-1.5400699372,1.5705199029,True,-2.1607316351,1.6327571205,True,-2.1621948788,1.6323995388,True,-5.0357314854,3.8044555880,True,-4.3244289341,3.2649709431,True,33.6301261628,3.4261757080,True,김주형,-0.6206616979,117.0000000000,129.0000000000,12.0000000000
69366,13,2,False,True,0.2542442405,0.5198893844,0.2310624748,False,7,6,2,1,7.0000000000,6.0000000000,6.7585619968,6.2414380032,13,13,2,2,7.0085220507,6.4921663552,False,False,-1.6051079052,9.5887736504,False,-1.8352261430,9.5718067381,False,-2.8465784277,2.4678687830,False,-6.5090460360,5.3141529380,False,-5.7021797019,4.8179797044,False,36.9137064932,17.5042131123,False,이명기,-0.2301182377,,,
79456,1516,133,True,True,0.0767529390,0.5117951166,0.1940203180,False,800,716,132,128,800.0000000000,716.0000000000,775.8813968285,740.1186031715,1516,1516,133,133,870.9032550854,835.7061266873,True,True,-5.8778188457,0.9297677990,True,-5.3713252834,0.9152851251,True,-5.5523872571,0.8886669600,True,-12.6956042778,2.0368565430,True,-11.1109577523,1.7773275482,True,27.1871874387,2.0497653987,True,이지영,0.5064935623,154.0000000000,154.0000000000,0.0000000000
68525,1719,124,True,True,0.0148147963,0.4939393272,0.1915621478,False,876,843,124,121,876.0000000000,843.0000000000,849.0817034909,869.9182965091,1719,1719,124,124,962.9346837098,983.4067788930,True,True,-1.4069759441,0.8507159324,True,-1.2535402903,0.8663954912,True,-1.2355827638,0.8684808521,True,-2.5756855794,2.0466105202,True,-2.4715286620,1.7372090223,True,35.3494494173,2.0405697564,True,한동희,0.1534356538,114.0000000000,110.0000000000,-4.0000000000
69517,972,84,True,True,-0.0278489128,0.5019582146,0.1879146714,False,495,477,83,79,495.0000000000,477.0000000000,487.9033846269,484.0966153731,972,972,84,84,556.7630665307,553.0328045918,True,True,-0.3066245602,0.9083914453,True,-0.2050324076,0.9119215497,True,-0.1941255778,0.9172346052,True,-1.0775839397,2.0875992004,True,-0.3882571109,1.8344868901,True,36.0754852002,2.5544755744,True,고승민,0.1015921526,90.0000000000,86.0000000000,-4.0000000000
64717,811,72,True,True,0.0084185131,0.4710792823,0.1906885624,False,396,415,72,68,396.0000000000,415.0000000000,382.0452979170,428.9547020830,811,811,72,72,436.1894566585,482.2725230104,True,True,-1.9673089411,1.3627656284,True,-2.0305424739,1.3440875202,True,-1.9818485856,1.3627327196,True,-4.3150484800,3.1277807447,True,-3.9770027574,2.7339920046,True,35.9855158897,3.0938436445,True,지시완,-0.0632335328,126.0000000000,126.0000000000,0.0000000000
52348,685,52,True,True,0.0295076909,0.4740600325,0.1909702693,False,337,348,52,50,337.0000000000,348.0000000000,324.7311222652,360.2688777348,685,685,52,52,370.3172176705,405.2323410714,True,True,0.3339872699,1.4251546562,True,-0.6519971217,1.4854344681,True,-0.4989114129,1.5043583769,True,-2.5122604348,3.4734675404,True,-1.0005157415,3.0169089384,True,35.4497917463,3.1856511167,True,박찬혁,-0.9859843916,76.0000000000,99.0000000000,23.0000000000
67363,168,22,False,True,-0.0257386739,0.4851134000,0.1907630366,False,82,86,22,20,82.0000000000,86.0000000000,81.4990511925,86.5009488075,168,168,22,22,92.7868176290,97.6990316376,True,True,1.2753670148,2.5261538793,False,1.5249883233,2.5765629747,False,1.4483560545,2.5241770414,False,4.8696665772,6.2045472331,False,2.8992821586,5.0548529303,False,40.2970197444,6.7881504885,False,이병규,0.2496213085,,,
62332,308,45,True,True,0.0663730209,0.4837531194,0.1872746304,False,152,156,45,42,152.0000000000,156.0000000000,148.9959607840,159.0040392160,308,308,45,45,171.0863492747,180.8901877340,True,True,-0.2621749253,2.1651471661,True,-0.3925469500,2.1116563997,True,-0.1768760414,2.0565034986,True,1.3991807976,5.1043846682,True,-0.3541259847,4.1175203761,True,33.6398016185,4.3936847857,True,김재현,-0.1303720248,88.0000000000,91.0000000000,3.0000000000
65357,2143,142,True,True,0.0125493998,0.5208610503,0.1907123714,False,1147,996,142,141,1147.0000000000,996.0000000000,1116.2052308167,1026.7947691833,2143,2143,142,142,1258.3917755513,1170.5761712935,True,True,1.9384354860,0.6264465811,True,2.2565566947,0.6150424011,True,2.2041979625,0.6136068478,True,4.6132163918,1.4691255258,True,4.4160831497,1.2289490068,True,42.1820651061,1.4278074090,True,송성문,0.3181212087,40.0000000000,31.0000000000,-9.0000000000
51817,2019,112,True,True,-0.0108494687,0.4717412492,0.1878997871,False,968,1051,112,112,968.0000000000,1051.0000000000,952.4455820643,1066.5544179357,2019,2019,112,112,1094.6991371822,1206.5706048632,True,True,1.5818599001,0.7398446302,True,1.3250453359,0.7510380293,True,1.2637268496,0.7520862401,True,2.8137359879,1.8391499159,True,2.5355528331,1.5085881914,True,41.0356494184,1.5371654263,True,추신수,-0.2568145642,47.0000000000,50.0000000000,3.0000000000
50854,2278,142,True,True,-0.0018157409,0.5026203000,0.1890442446,False,1161,1117,142,141,1161.0000000000,1117.0000000000,1144.9690433406,1133.0309566594,2278,2278,142,142,1302.9701952643,1291.2621741533,True,True,-1.7720677063,0.6916469387,True,-1.5669090499,0.7098096869,True,-1.5659574928,0.7095508129,True,-3.6781380738,1.6244577563,True,-3.1320010024,1.4190845757,True,34.6538041918,1.7497843189,True,최지훈,0.2051586564,123.0000000000,120.0000000000,-3.0000000000
75847,1973,121,True,True,0.0430806894,0.4671689559,0.1906336456,False,930,1043,120,119,930.0000000000,1043.0000000000,921.7243500591,1051.2756499409,1973,1973,121,121,1053.1219375068,1180.4047538224,True,True,3.0463453586,0.7703943030,True,2.9870688510,0.7469485381,True,3.2699456531,0.7410551054,True,7.6441636479,1.7160509217,True,6.5682102091,1.4892892672,True,44.5449906535,1.7502812979,True,최정,-0.0592765076,21.0000000000,18.0000000000,-3.0000000000
62895,2192,135,True,True,-0.0181832724,0.4622879482,0.1896428937,False,1030,1162,134,135,1030.0000000000,1162.0000000000,1013.3351824375,1178.6648175625,2192,2192,135,135,1161.3960849193,1323.7521568390,True,True,-1.0356009543,0.6459792053,True,-1.3124388999,0.6401775776,True,-1.4495846019,0.6391383565,True,-2.7368241464,1.6330013177,True,-2.9157563451,1.2858859510,True,37.1757619586,1.5565971209,True,한유섬,-0.2768379456,106.0000000000,113.0000000000,7.0000000000
79215,1795,111,True,True,-0.0093663151,0.5090969202,0.1894538407,False,932,863,111,111,932.0000000000,863.0000000000,913.8289717364,881.1710282636,1795,1795,111,111,1036.9878746116,1004.9481895455,True,True,4.4208783153,0.7255947487,True,4.4977189910,0.7126628022,True,4.5147599152,0.7144579652,True,10.4077890618,1.7115764956,True,9.0325097340,1.4305383099,True,46.6103803565,1.5021013480,True,박건우,0.0768406758,6.0000000000,5.0000000000,-1.0000000000
78361,156,20,False,True,0.0544149011,0.4810306575,0.1963506551,False,73,83,20,19,73.0000000000,83.0000000000,75.0407825676,80.9592174324,156,156,20,20,84.3896293358,90.2236876345,True,True,-3.4658527488,3.1533534852,False,-3.3906816443,3.2319942292,False,-3.1842386649,3.2776660729,False,-8.9245999152,6.5003111679,False,-6.3776569710,6.5610089067,False,35.7981469084,7.3819854405,False,전민수,0.0751711046,,,
77532,2390,138,True,True,0.0224634345,0.4968263080,0.1901770231,False,1224,1166,138,138,1224.0000000000,1166.0000000000,1187.4148760090,1202.5851239910,2390,2390,138,138,1349.9333071934,1364.8234440043,True,True,-1.7215367447,0.5787315888,True,-1.2195945594,0.5851297371,True,-1.2053361547,0.5860899312,True,-2.8273218289,1.4525305654,True,-2.4107694375,1.1722009367,True,37.5359075347,1.4903996070,True,손아섭,0.5019421854,122.0000000000,107.0000000000,-15.0000000000
52827,1006,67,True,True,0.1254236280,0.4335653477,0.1922706572,False,448,558,66,67,448.0000000000,558.0000000000,436.1667398349,569.8332601651,1006,1006,67,67,497.3228115496,629.0419664510,True,True,-6.4324814101,1.1830894728,True,-6.5316432872,1.1959717156,True,-4.8651482657,1.1019221274,True,-12.0716341073,2.6240274853,True,-9.9051648077,2.2541624171,True,25.4573781460,2.7828746215,True,크론,-0.0991618770,161.0000000000,161.0000000000,0.0000000000
60558,1038,96,True,True,0.0933792063,0.4709035460,0.1924305672,False,506,532,94,92,506.0000000000,532.0000000000,488.7978807034,549.2021192966,1038,1038,96,96,555.7396709994,615.1505473090,True,True,1.1580199399,1.0620784574,True,1.0615866739,1.0548770079,True,1.6049874308,0.9760814972,True,3.7525061637,2.2176707794,True,3.2208821036,1.9564949331,True,39.0844301666,2.4456843785,True,오태곤,-0.0964332660,58.0000000000,60.0000000000,2.0000000000
67893,2252,138,True,True,-0.0851694863,0.5086786247,0.1875901764,False,1161,1091,137,138,1161.0000000000,1091.0000000000,1145.5442629045,1106.4557370955,2252,2252,138,138,1305.5260606139,1267.2307527032,True,True,-1.0565131424,0.6089311584,True,-1.1530825556,0.6159997412,True,-1.0052517536,0.6356681072,True,-1.9377471116,1.5183175739,True,-2.0111094024,1.2714019724,True,34.7001215250,1.5243312131,True,박성한,-0.0965694132,107.0000000000,106.0000000000,-1.0000000000
52904,2195,139,True,True,-0.0353274929,0.5041891403,0.1871626264,False,1145,1050,139,137,1145.0000000000,1050.0000000000,1106.6951630208,1088.3048369792,2195,2195,139,139,1264.2104086109,1246.1998361064,True,True,1.0518137377,0.6186511152,True,1.2395428325,0.6138171445,True,1.2691411976,0.6218005291,True,3.4297282019,1.4503250143,True,2.5384605839,1.2438148762,True,38.2267466870,1.5596837007,True,마티니,0.1877290949,62.0000000000,54.0000000000,-8.0000000000
66928,1048,70,True,True,-0.0871814881,0.5205265552,0.1891067190,False,559,489,69,69,559.0000000000,489.0000000000,545.5118298558,502.4881701442,1048,1048,70,70,617.2167068868,575.0092351724,True,True,-1.2196233361,1.0978131650,True,-1.2481026940,1.0751969131,True,-0.8901955681,1.1064992203,True,-1.9128489084,2.4696433910,True,-1.7833967980,2.2156552269,True,34.3446501518,2.2412463931,True,박준영,-0.0284793578,110.0000000000,109.0000000000,-1.0000000000
68904,986,80,True,True,0.0283869136,0.4946445718,0.1890366031,False,502,484,80,75,502.0000000000,484.0000000000,487.7195478027,498.2804521973,986,986,80,80,556.2424367948,566.5999008289,True,True,-0.8460252997,1.1658174277,True,-1.0674681520,1.1796749409,True,-1.0370633366,1.1635789772,True,-2.9439608767,2.6254530686,True,-2.0743646493,2.3275948373,True,33.2928711156,2.8042388153,True,오영수,-0.2214428523,102.0000000000,105.0000000000,3.0000000000
76812,956,96,True,True,0.0390662558,0.4993312794,0.1854421696,False,486,470,94,88,486.0000000000,470.0000000000,477.3607030662,478.6392969338,956,956,96,96,548.2415865278,549.4920766878,True,True,1.7126474663,1.1038235381,True,1.4706766322,1.0993613161,True,1.4759015146,1.0930984981,True,3.9292813842,2.7203733951,True,2.9518083092,2.1861995846,True,37.4846865898,2.4535209367,True,이재원,-0.2419708340,44.0000000000,49.0000000000,5.0000000000
76802,1236,121,True,True,-0.0079776584,0.5333268750,0.1866347008,False,674,562,120,113,674.0000000000,562.0000000000,659.1920175227,576.8079824773,1236,1236,121,121,746.3076288539,665.5995693010,True,True,2.3576122419,0.9834413779,True,2.1943964478,0.9819388092,True,2.2475705328,0.9469688906,True,5.9440980647,2.2742319297,True,4.5152008495,1.9012237730,True,42.2239864427,2.1603154802,True,김성현,-0.1632157941,32.0000000000,34.0000000000,2.0000000000
69995,785,70,True,True,0.0367167948,0.4826548163,0.1925042877,False,387,398,70,67,387.0000000000,398.0000000000,378.8840308074,406.1159691926,785,785,70,70,429.8176556116,456.5945702283,True,True,-1.9109013239,1.1647056780,True,-1.7371056158,1.1220112447,True,-1.6097337057,1.1017598028,True,-3.0240634015,2.5257334578,True,-3.2233464560,2.2069288927,True,35.7367963673,2.6376067754,True,서호철,0.1737957081,125.0000000000,124.0000000000,-1.0000000000
64944,441,46,True,True,0.1097652309,0.5087218187,0.1865560866,False,230,211,46,43,230.0000000000,211.0000000000,224.3463220666,216.6536779334,441,441,46,46,256.2677673872,248.7372129404,True,True,-2.0382176428,1.5537628587,True,-2.1442905069,1.5837745116,True,-2.3357609966,1.5475786004,True,-5.1546730180,3.6542392706,True,-4.6729438789,3.0964134684,True,30.5298198215,3.7755021610,True,박대온,-0.1060728641,128.0000000000,128.0000000000,0.0000000000
50902,75,13,False,True,0.1112693034,0.5677956159,0.1836414960,False,45,30,13,10,45.0000000000,30.0000000000,42.5846711908,32.4153288092,75,75,13,13,47.7822049662,37.8198003198,False,False,-6.5925284657,4.9121169043,False,-6.2843395622,5.0944406813,False,-7.7930537523,3.9202099447,False,-16.8495331202,7.5968938071,False,-15.8780247050,7.6208037250,False,24.2463405958,10.0553094192,False,김한별,0.3081889035,,,
61869,242,31,False,True,0.0715824052,0.4585013930,0.1932017946,False,114,128,30,28,114.0000000000,128.0000000000,110.9573371079,131.0426628921,242,242,31,31,126.1053554494,145.8802053006,True,True,-0.5139770454,2.5617709049,False,-0.4013852588,2.5795775974,False,0.1927287616,2.3857075936,False,-2.5430592253,5.7273997841,False,0.3881311794,4.8033098446,False,36.8171457861,5.8363554453,False,정진기,0.1125917866,,,
71837,748,73,True,True,0.0067030969,0.5020552832,0.1922629585,False,382,366,72,68,382.0000000000,366.0000000000,375.5373518590,372.4626481410,748,748,73,73,424.3326098342,421.3103009812,True,True,-0.2666890825,1.2070429432,True,0.1669114749,1.1872637174,True,0.1641561224,1.1882230030,True,0.2365004323,2.8027059117,True,0.3283177923,2.3764808866,True,37.2056228316,2.7077930594,True,김강민,0.4336005574,89.0000000000,76.0000000000,-13.0000000000
63905,241,32,False,True,0.1172193609,0.4756846530,0.1893848185,False,117,124,31,28,117.0000000000,124.0000000000,114.6400013677,126.3599986323,241,241,32,32,131.1947178736,142.6959153119,True,True,-0.9531436364,2.4686506959,False,-1.1829002961,2.4830103109,False,-0.6128544086,2.3327737781,False,-3.2673117622,5.7896804464,False,-1.2286144220,4.6777198571,False,28.5477804372,6.3328282659,False,윤형준,-0.2297566597,,,
79402,981,68,True,True,-0.0744532684,0.5382266507,0.1917097296,False,535,446,68,65,535.0000000000,446.0000000000,528.0003443458,452.9996556542,981,981,68,68,590.3307851099,516.5726234852,True,True,-2.5729889582,0.9158603410,True,-2.7144300118,0.9041440902,True,-2.1452101951,0.9021553565,True,-4.2164721160,2.1203905877,True,-4.3156458029,1.8150728660,True,33.7941926387,2.6000328607,True,김상수,-0.1414410535,135.0000000000,135.0000000000,0.0000000000
50458,1621,108,True,True,-0.0408581665,0.5027415178,0.1914185855,False,829,792,108,104,829.0000000000,792.0000000000,814.9440002993,806.0559997007,1621,1621,108,108,922.4134445852,913.6819435282,True,True,-6.1148572003,0.8431461326,True,-5.8431413862,0.8371759573,True,-5.8207387083,0.8318009422,True,-12.5010753557,1.8530924676,True,-11.6418274128,1.6636667669,True,27.3656865132,2.1277923758,True,김지찬,0.2717158141,157.0000000000,159.0000000000,2.0000000000
51463,2119,137,True,True,0.0685404386,0.4482153194,0.1910830597,False,965,1154,136,137,965.0000000000,1154.0000000000,949.7682617674,1169.2317382326,2119,2119,137,137,1086.0264549433,1301.9169628388,True,True,-2.3964763204,0.8996443951,True,-2.5219963782,0.9018726192,True,-1.8121274340,0.8875684605,True,-4.4339505217,2.0483367918,True,-3.6635523750,1.7935058750,True,32.1161952840,2.0266025579,True,피렐라,-0.1255200578,132.0000000000,134.0000000000,2.0000000000
64868,2094,129,True,True,-0.0545062251,0.5297000992,0.1873149063,False,1142,952,129,128,1142.0000000000,952.0000000000,1109.1920076423,984.8079923577,2094,2094,129,129,1255.7015521148,1133.8032129021,True,True,-0.1958574551,0.6779913297,True,-0.3733586969,0.7119357195,True,-0.0495906388,0.6997726765,True,0.1206700931,1.7269740855,True,-0.0995324663,1.4044822089,True,37.6170317153,1.6113835217,True,조용호,-0.1775012418,86.0000000000,89.0000000000,3.0000000000
76313,2216,139,True,True,-0.0002796920,0.4842496022,0.1896091764,False,1101,1115,138,138,1101.0000000000,1115.0000000000,1073.0971184421,1142.9028815579,2216,2216,139,139,1225.2734146265,1293.7724307027,True,True,1.0783186820,0.7232736131,True,0.9855667761,0.7339459478,True,0.9846857241,0.7394210289,True,2.0781075217,1.7502308444,True,1.9713275969,1.4800557114,True,36.5252783040,1.7258072184,True,황재균,-0.0927519059,61.0000000000,62.0000000000,1.0000000000
75125,1925,124,True,True,0.0443836466,0.4736839083,0.1923328059,False,929,996,124,123,929.0000000000,996.0000000000,911.8415235082,1013.1584764918,1925,1925,124,124,1036.5132419750,1136.1485917510,True,True,1.2784400428,0.8036770535,True,1.5618448201,0.7948253231,True,1.7954456429,0.7751144769,True,3.5821390945,1.8809930578,True,3.6008662136,1.5531426337,True,41.2375206468,1.6666216180,True,박병호,0.2834047773,55.0000000000,43.0000000000,-12.0000000000
52025,308,18,True,True,0.1481340410,0.4164933620,0.1904653718,False,130,178,18,18,130.0000000000,178.0000000000,128.2799555010,179.7200444990,308,308,18,18,146.8069210209,197.5115429792,True,True,-2.2593597077,2.6402770916,True,-2.3365339468,2.5831709063,True,0.1375011995,2.1202073008,True,0.1826208557,4.8800565531,True,0.2828932636,4.3611880047,True,33.7368012517,5.0846940133,True,라모스,-0.0771742392,130.0000000000,131.0000000000,1.0000000000
74540,1599,125,True,True,-0.0253340855,0.4889676549,0.1958608124,False,801,798,125,121,801.0000000000,798.0000000000,781.8592801125,817.1407198875,1599,1599,125,125,878.9602035774,913.7237444231,True,True,0.0095758056,0.8277439099,True,-0.1903056088,0.8350322248,True,-0.2462044837,0.8346622431,True,-0.3176529798,1.9410614131,True,-0.4926488138,1.6701273611,True,37.6203634604,2.0171283052,True,강민호,-0.1998814144,80.0000000000,83.0000000000,3.0000000000
61404,849,70,True,True,0.0617995956,0.4990779170,0.1912564507,False,433,416,70,67,433.0000000000,416.0000000000,423.7171515020,425.2828484980,849,849,70,70,480.2429257900,481.7808746635,True,True,-3.8619915160,1.0130846968,True,-3.2635392645,1.0363926892,True,-3.2521423927,0.9766506078,True,-6.9553507582,2.4545191060,True,-6.5043069062,1.9534839170,True,29.4363644159,2.5791097079,True,김헌곤,0.5984522515,142.0000000000,138.0000000000,-4.0000000000
66838,368,29,True,True,0.1175867016,0.4598152822,0.1920045888,False,175,193,29,28,175.0000000000,193.0000000000,169.2120238677,198.7879761323,368,368,29,29,192.8596570371,221.9539329478,True,True,-6.2688473499,2.2547164571,True,-5.7371422408,2.1875895285,True,-4.7921045574,2.0181541015,True,-7.8738529191,4.3845456082,True,-9.6465183515,4.0663310033,True,24.0255141345,4.5719018369,True,김동엽,0.5317051091,158.0000000000,158.0000000000,0.0000000000
78548,1692,114,True,True,-0.0538156381,0.4928880980,0.1913133879,False,854,838,114,109,854.0000000000,838.0000000000,833.9666618096,858.0333381904,1692,1692,114,114,946.5752146570,970.2170129779,True,True,2.6998229838,0.8243459654,True,2.5819392440,0.8364676669,True,2.5053929351,0.8320058422,True,5.5126516580,1.9258149089,True,5.0117998405,1.6643669383,True,43.1189612066,1.8075615138,True,장성우,-0.1178837398,24.0000000000,27.0000000000,3.0000000000
64166,2363,142,True,True,-0.0538275089,0.5011219625,0.1894882063,False,1214,1149,140,142,1214.0000000000,1149.0000000000,1184.1511972779,1178.8488027221,2363,2363,142,142,1346.7743566271,1341.5724791636,True,True,2.0320639564,0.5973643950,True,1.8071130854,0.5944655267,True,1.8191915741,0.5961363517,True,3.4356507791,1.4386532225,True,3.6384014683,1.1923014607,True,39.2794228351,1.5003712403,True,배정대,-0.2249508711,38.0000000000,40.0000000000,2.0000000000
64504,1300,109,True,True,-0.0079583692,0.5022217017,0.1894959061,False,675,625,109,101,675.0000000000,625.0000000000,652.8882121855,647.1117878145,1300,1300,109,109,742.3090208491,736.6420549614,True,True,1.4546161068,0.8212064885,True,1.5234769437,0.8313293624,True,1.5270131682,0.8344672899,True,3.5030607275,2.0005272399,True,3.0540866357,1.6691066073,True,39.1648307164,2.1444740850,True,오윤석,0.0688608369,49.0000000000,47.0000000000,-2.0000000000
64004,1584,130,True,True,-0.0170544642,0.4939774086,0.1864411732,False,798,786,129,125,798.0000000000,786.0000000000,782.4602152758,801.5397847242,1584,1584,130,130,897.9284736300,916.6038549352,True,True,0.6411136929,0.8454350600,True,0.6458202542,0.8456483235,True,0.6252778404,0.8581715670,True,1.5692012585,2.0093032868,True,1.2507371458,1.7164187021,True,36.1817319999,2.0982489706,True,김민혁,0.0047065612,70.0000000000,68.0000000000,-2.0000000000
52415,839,73,True,True,0.0346818721,0.5076659359,0.1916706283,False,440,399,73,72,440.0000000000,399.0000000000,425.9317202541,413.0682797459,839,839,73,73,481.1599288720,468.5203988412,True,True,-7.2552121864,1.0771813006,True,-6.8359601745,1.0838155240,True,-6.8891339765,1.0659605841,True,-13.8178724946,2.5538167257,True,-13.7815075209,2.1310328887,True,21.8955453819,2.3779381542,True,이재현,0.4192520119,162.0000000000,162.0000000000,0.0000000000
68407,84,13,False,True,-0.0063627641,0.4361597552,0.1767142526,False,38,46,12,13,38.0000000000,46.0000000000,36.6374194383,47.3625805617,84,84,13,13,43.5475840874,53.9896993911,False,False,-1.7182919151,3.0542681749,False,-1.5234101831,3.1420983741,False,-1.6046502663,3.4572809097,False,-5.6395513396,8.5168746071,False,-3.2624865919,6.9829237204,False,23.8920707718,9.5766287283,False,공민규,0.1948817321,,,
69418,289,36,False,True,0.0144348398,0.4935426486,0.1919449467,False,146,143,36,33,146.0000000000,143.0000000000,142.6338254548,146.3661745452,289,289,36,36,161.6329307215,165.3009647560,True,True,-2.0946574637,2.1664910650,False,-1.9998305401,2.1440790198,False,-1.9811883736,2.1259745870,False,-3.5095572775,5.2612515003,False,-3.9630377406,4.2539941770,False,32.7883199776,4.9025203850,False,박승규,0.0948269236,,,
64006,1918,130,True,True,-0.0471626375,0.4855183678,0.1894761937,False,952,966,130,128,952.0000000000,966.0000000000,931.2242294530,986.7757705470,1918,1918,130,130,1063.3158932869,1117.8209808930,True,True,-3.1843537659,0.7586304066,True,-3.0156168596,0.7565463786,True,-3.1522152536,0.7676983065,True,-6.3980150377,1.8676705587,True,-6.3097235494,1.5376602273,True,32.1314589880,1.5803941003,True,심우준,0.1687369063,137.0000000000,136.0000000000,-1.0000000000
61197,357,39,True,True,-0.0063755258,0.4403954523,0.1844917992,False,156,201,37,37,156.0000000000,201.0000000000,157.2211764879,199.7788235121,357,357,39,39,182.9603097335,224.6505612610,True,True,2.0516079115,1.6505535502,True,2.0135351145,1.5867920342,True,1.9375330477,1.5079391972,True,3.2650551812,3.9500892048,True,3.9309277566,3.0561135728,True,35.4994126106,3.7787815278,True,최영진,-0.0380727970,37.0000000000,36.0000000000,-1.0000000000
50704,190,20,False,True,-0.0896606261,0.5493406305,0.1812104974,False,110,80,20,19,110.0000000000,80.0000000000,104.3747197911,85.6252802089,190,190,20,20,118.7142459768,100.4095668208,True,True,-0.1638743832,1.9899545748,False,-1.7726054373,2.0013609626,False,-0.8878230733,1.7573892036,False,-5.5681602377,4.6967683201,False,-1.7931074109,3.5491297854,False,27.5444449806,5.1270458983,False,임종찬,-1.6087310541,,,
62925,373,35,True,True,-0.0055554983,0.4502988090,0.1931859465,False,171,202,33,34,171.0000000000,202.0000000000,167.9614557574,205.0385442426,373,373,35,35,191.0137525201,227.5325740127,True,True,-3.2058433716,1.5218707500,True,-3.0874260933,1.5480237172,True,-3.1426490698,1.5823439789,True,-7.5383349476,3.7806370982,True,-6.3480218872,3.1961240708,True,33.4894631904,4.2799225912,True,강진성,0.1184172782,138.0000000000,137.0000000000,-1.0000000000
62234,1850,123,True,True,-0.0409296936,0.5025827505,0.1900685358,False,947,903,121,121,947.0000000000,903.0000000000,929.7780885157,920.2219114843,1850,1850,123,123,1055.6467397843,1046.2677605979,True,True,1.8111658158,0.7600716036,True,1.5597665314,0.7616158718,True,1.5809087691,0.7690605629,True,3.6391412403,1.7861776700,True,3.1619019053,1.5382672409,True,41.9841024688,1.7521967717,True,류지혁,-0.2513992844,43.0000000000,44.0000000000,1.0000000000
52516,345,30,True,True,-0.0285764758,0.5096979699,0.1887213330,False,179,166,30,29,179.0000000000,166.0000000000,175.8457996222,169.1542003778,345,345,30,30,199.8340659929,193.2726223580,True,True,-6.2749984642,1.6481835375,True,-6.1883631870,1.6111900510,True,-6.1329364264,1.6326008256,True,-12.7058346500,3.7485104441,True,-12.2704890413,3.2613942760,True,21.3761943195,3.6560088376,True,조세진,0.0866352772,159.0000000000,160.0000000000,1.0000000000
68518,816,77,True,True,-0.0273808990,0.5067104850,0.1911483507,False,423,393,76,74,423.0000000000,393.0000000000,413.4757557230,402.5242442770,816,816,77,77,467.7622063225,457.0053065930,True,True,-3.4565652950,1.3895077459,True,-3.7000035692,1.3874220129,True,-3.6632557470,1.3893787829,True,-7.7282782207,3.0990143328,True,-7.3278314009,2.7788604755,True,30.1747642870,3.1613880591,True,정보근,-0.2434382743,139.0000000000,142.0000000000,3.0000000000
68330,53,10,False,True,-0.1001346439,0.4366529548,0.1936239749,False,23,30,9,10,23.0000000000,30.0000000000,23.1426066030,29.8573933970,53,53,10,10,26.2960092541,32.9170359224,False,False,2.4974383170,4.5755351444,False,2.3238915581,4.5242183372,False,1.0552447952,4.7288276381,False,4.9454831610,9.5064380355,False,2.1449185195,9.5892529357,False,36.8138793361,12.1221565030,False,예진원,-0.1735467589,,,
66965,610,65,True,True,-0.0108653142,0.5023467214,0.1865610389,False,310,300,63,61,310.0000000000,300.0000000000,306.4315000648,303.5684999352,610,610,65,65,350.7181733085,347.9156194799,True,True,1.0972827495,1.0634918581,True,1.3227740911,1.0510572088,True,1.3278736642,1.0430008806,True,1.1468499885,2.3310000577,True,2.6558058315,2.0859062920,True,39.3918082083,2.8615072686,True,도태훈,0.2254913416,60.0000000000,51.0000000000,-9.0000000000
52424,162,13,False,True,0.0233701057,0.4702862801,0.1958731178,False,80,82,13,12,80.0000000000,82.0000000000,76.1863773809,85.8136226191,162,162,13,13,85.9131261896,95.4030217731,True,True,-1.7895702526,2.3488442783,False,-1.6277569999,2.3866281758,False,-1.4888744453,2.3577521544,False,-4.1082681596,5.1778188496,False,-2.9883024411,4.7319232690,False,34.5839436604,4.5905658429,False,김재혁,0.1618132527,,,
78122,819,91,True,True,0.0138208587,0.4941939524,0.1895283895,False,415,404,90,79,415.0000000000,404.0000000000,404.7448469977,414.2551530023,819,819,91,91,461.1404375979,470.4709192410,True,True,-5.9233696269,1.1611241077,True,-5.4123642588,1.1778994208,True,-5.3963153460,1.1779898244,True,-11.7803986940,2.8255100240,True,-10.7940861748,2.3568524993,True,26.7482237969,2.5800929828,True,김태군,0.5110053681,155.0000000000,156.0000000000,1.0000000000
78756,1207,94,True,True,-0.0429396151,0.5207462402,0.1911476798,False,645,562,94,85,645.0000000000,562.0000000000,628.5407119410,578.4592880590,1207,1207,94,94,707.9666670850,658.7638061486,True,True,-3.9462849377,0.9022634385,True,-3.7236943121,0.9062494366,True,-3.5455271983,0.9129525612,True,-7.5249479652,2.0836246637,True,-7.1032835939,1.8274328033,True,31.1152041281,2.2626305867,True,오선진,0.2225906256,144.0000000000,143.0000000000,-1.0000000000
64012,269,48,False,True,0.0299283162,0.4964741667,0.1927511459,False,136,133,46,43,136.0000000000,133.0000000000,133.5515508523,135.4484491477,269,269,48,48,150.9544564774,152.8196537864,True,True,4.3808533553,1.7281111735,False,4.2732473614,1.7469220754,False,4.2943518120,1.7527784751,False,8.9088920054,3.9843271753,False,8.5891307272,3.5059063972,False,49.7123915097,3.9952695085,False,송민섭,-0.1076059939,,,
68466,66,9,False,True,0.0563764077,0.4970661466,0.1946664103,False,32,34,9,8,32.0000000000,34.0000000000,32.8063656726,33.1936343274,66,66,9,9,36.9151328505,37.2964065169,False,False,-2.6784122532,3.9463465455,False,-3.2540194693,3.5532724622,False,-3.2209394457,3.6013444174,False,-8.1343215989,7.7492793036,False,-6.4421006928,7.2019021804,False,23.4121944224,12.5248899705,False,이태훈,-0.5756072161,,,
73113,899,82,True,True,-0.1071151328,0.5103540035,0.1869080060,False,464,435,81,78,464.0000000000,435.0000000000,458.8082491098,440.1917508902,899,899,82,82,523.4035310733,505.1739518845,True,True,3.3280686272,1.1300487141,True,2.8006885620,1.1323149007,True,3.0225026531,1.1392754629,True,6.3177998491,2.8290544455,True,6.0475986467,2.2805702634,True,41.4061578375,2.3855100682,True,박경수,-0.5273800652,16.0000000000,23.0000000000,7.0000000000
63700,559,53,True,True,-0.0077587871,0.5044725080,0.1951124893,False,286,273,53,52,286.0000000000,273.0000000000,282.0001319730,276.9998680270,559,559,53,53,316.4139936794,311.4897078708,True,True,4.3947869233,1.0591996005,True,4.1727329459,1.0823480571,True,4.1796731934,1.0766800580,True,8.8003011945,2.9802515944,True,8.3600152993,2.1531220880,True,48.6242796121,2.4010219290,True,장운호,-0.2220539774,7.0000000000,7.0000000000,0.0000000000
65653,333,32,True,True,-0.0018131331,0.5173149474,0.1972570495,False,177,156,32,28,177.0000000000,156.0000000000,172.2658774809,160.7341225191,333,333,32,32,191.6995449537,180.3263621410,True,True,0.6733417425,2.4984333034,True,0.4751298068,2.5566338282,True,0.4814086677,2.5402999796,True,2.3000520691,5.9480139676,True,0.9639733608,5.0869807624,True,38.1774632502,4.8755986756,True,김호령,-0.1982119357,69.0000000000,71.0000000000,2.0000000000
60566,278,39,False,True,0.0656934920,0.4966059024,0.1867149649,False,141,137,38,35,141.0000000000,137.0000000000,138.0564408725,139.9435591275,278,278,39,39,158.2149071253,160.0624112422,True,True,-2.8703737752,2.6397558158,False,-2.4417035974,2.5922291335,False,-2.3971095730,2.6180188959,False,-3.2281384040,5.3043287595,False,-4.7944400718,5.2358520504,False,37.6533997727,5.8161889079,False,이상호,0.4286701778,,,
62558,1134,89,True,True,-0.0255985139,0.4881335637,0.1882384622,False,557,577,89,87,557.0000000000,577.0000000000,553.5434612090,580.4565387910,1134,1134,89,89,633.5170203467,659.8979464349,True,True,5.0680905446,0.7662415899,True,4.8499637328,0.7688359221,True,4.7892111058,0.7701846119,True,11.4433407698,1.9818337211,True,9.5838202911,1.5407269875,True,49.5327981121,1.6232993528,True,김준태,-0.2181268118,2.0000000000,3.0000000000,1.0000000000
77248,115,13,False,True,0.0226090302,0.5775213128,0.1797791008,False,71,44,13,10,71.0000000000,44.0000000000,66.4149509732,48.5850490268,115,115,13,13,74.7229785115,57.2928238960,False,True,4.4268143030,2.6834320232,False,3.2283541299,2.6281318691,False,2.8778177888,2.6256734786,False,1.4519909710,5.8437814650,False,5.8973985156,5.3170945700,False,45.7732663217,7.4076280568,False,오재원,-1.1984601731,,,
51417,1590,103,True,True,-0.0656825006,0.5035683599,0.1873761429,False,813,777,103,101,813.0000000000,777.0000000000,800.6736922523,789.3263077477,1590,1590,103,103,914.3606344371,903.2457870104,True,True,-3.5682944533,0.7448301003,True,-3.5663414403,0.7673473348,True,-3.5194656799,0.7568871222,True,-6.7861071396,1.8503863283,True,-7.0392898904,1.5138483256,True,30.5088315375,2.1457146614,True,김현준,0.0019530130,140.0000000000,141.0000000000,1.0000000000
63202,361,46,True,True,-0.0141832321,0.5200039432,0.1917216385,False,189,172,46,42,189.0000000000,172.0000000000,187.7214234957,173.2785765043,361,361,46,46,211.2322948408,197.0374691729,True,True,-0.0627848941,1.8966770301,True,-0.6006984480,1.9249524255,True,-0.5439543342,1.8545580244,True,-3.1288879256,4.4266524616,True,-1.0896528004,3.7156355757,True,35.5153482180,4.5747712156,True,장승현,-0.5379135539,82.0000000000,97.0000000000,15.0000000000
64407,122,15,False,True,-0.0084146234,0.4647596758,0.1867650255,False,57,65,14,15,57.0000000000,65.0000000000,56.7006804507,65.2993195493,122,122,15,15,65.4279452607,73.8532140053,True,True,-5.3079096776,3.6569579832,False,-4.8093019008,3.7848668435,False,-4.8686087123,3.8621531352,False,-9.7915394584,8.0050238618,False,-9.7858287421,7.7423055953,False,33.6359561071,8.4550366148,False,김호재,0.4986077768,,,
74206,1024,90,True,True,-0.0557480806,0.5100664855,0.1887423810,False,536,488,90,83,536.0000000000,488.0000000000,522.3080811990,501.6919188010,1024,1024,90,90,593.4635633559,573.2479897808,True,True,2.7494722035,0.9252829782,True,2.6001675527,0.9268858502,True,2.7124050023,0.9512324637,True,5.5285106336,2.2288946199,True,5.4270097699,1.9046365911,True,43.4995641286,2.2844416110,True,김재호,-0.1493046508,23.0000000000,26.0000000000,3.0000000000
63260,530,52,True,True,-0.0753918065,0.5050643232,0.1903469844,False,275,255,51,47,275.0000000000,255.0000000000,267.6840912841,262.3159087159,530,530,52,52,303.5169912914,298.2472405076,True,True,0.2787023353,1.3171174371,True,-0.0776973914,1.3017911756,True,-0.0013356968,1.2754785353,True,-0.0770494938,3.1912964594,True,-0.0026716677,2.5512188344,True,36.8750359593,3.3392047061,True,이우성,-0.3563997268,77.0000000000,79.0000000000,2.0000000000
63722,441,50,True,True,-0.0412635516,0.5356141176,0.1886211368,False,241,200,49,48,241.0000000000,200.0000000000,236.2058258703,204.7941741297,441,441,50,50,266.0656401408,235.2444073615,True,True,0.3345818057,1.4585937908,True,0.4197436762,1.4288363323,True,0.7136566722,1.4055870677,True,1.1061447870,3.4915709317,True,1.4345916901,2.8255251908,True,38.6738888846,3.5321965612,True,한승택,0.0851618706,75.0000000000,74.0000000000,-1.0000000000
51100,286,47,False,True,0.0064566264,0.4844555379,0.1953666551,False,139,147,44,41,139.0000000000,147.0000000000,138.5542838346,147.4457161654,286,286,47,47,156.0777411757,164.8365380874,True,True,-6.2191818707,2.1224698549,False,-6.6303290556,2.1596175533,False,-6.6102560988,2.1377532946,False,-14.2005095842,5.1104064743,False,-13.2333024651,4.2825528132,False,24.8551584174,5.0784775511,False,이영빈,-0.4111471848,,,
69453,908,80,True,True,0.0609383660,0.5060160276,0.1898637557,False,474,434,79,78,474.0000000000,434.0000000000,459.4625530742,448.5374469258,908,908,80,80,521.3883972005,510.6672528208,True,True,0.6811636411,0.9619732130,True,0.6353563776,0.9556727658,True,0.5620349991,0.9748632379,True,-0.1338430723,2.3463234177,True,1.1242327538,1.9498763528,True,39.6545762284,2.3018704704,True,이학주,-0.0458072635,68.0000000000,69.0000000000,1.0000000000
65462,519,50,True,True,0.0017319935,0.4886780972,0.1842398561,False,263,256,50,44,263.0000000000,256.0000000000,253.6239324406,265.3760675594,519,519,50,50,292.9714973322,304.4551431821,True,True,1.6704010750,1.2889324241,True,1.4798678492,1.2863381048,True,1.4837897417,1.2864354025,True,3.5868504277,3.3949050980,True,2.9691018665,2.5745949352,True,37.3617009319,3.1323625389,True,김기환,-0.1905332257,46.0000000000,48.0000000000,2.0000000000
64014,318,38,True,True,0.0433171256,0.5013082347,0.1912816057,False,161,157,36,35,161.0000000000,157.0000000000,159.4160186318,158.5839813682,318,318,38,38,180.5650436566,179.7477374735,True,True,-0.0945744550,1.6324157607,True,-0.5300342756,1.5881063028,True,-0.5413680689,1.5296558748,True,-0.0754560320,3.8965211315,True,-1.0827435501,3.0592704509,True,36.8579639042,4.3423525369,True,김병희,-0.4354598206,84.0000000000,94.0000000000,10.0000000000
62556,527,55,True,True,-0.0489682257,0.5185156933,0.1897543050,False,275,252,54,50,275.0000000000,252.0000000000,273.2577703516,253.7422296484,527,527,55,55,308.9500188612,289.7966778508,True,True,-0.5344416910,1.1112908702,True,-0.5451172032,1.0962469838,True,-0.3637810739,1.1188630837,True,-2.0081440799,2.6225764790,True,-0.7285612411,2.2404390996,True,36.4066834114,2.6288176429,True,신본기,-0.0106755122,96.0000000000,95.0000000000,-1.0000000000
76267,1354,97,True,True,0.0079764804,0.4837302464,0.1917716233,False,663,691,94,96,663.0000000000,691.0000000000,654.9707536872,699.0292463128,1354,1354,97,97,744.1381803097,787.4380705081,True,True,-1.8470926320,0.9180843477,True,-1.6464954169,0.9024147411,True,-1.6205403427,0.8994534113,True,-3.8197335733,2.0871591823,True,-3.2445160423,1.8002173575,True,33.5273163094,2.1340232355,True,최주환,0.2005972151,124.0000000000,122.0000000000,-2.0000000000
66209,512,68,True,True,-0.0252109343,0.5029042146,0.1909552374,False,260,252,66,61,260.0000000000,252.0000000000,257.4869578582,254.5130421418,512,512,68,68,291.7338249779,288.8132158077,True,True,1.8505807639,1.6443101117,True,1.7616665180,1.6365132868,True,1.7763101105,1.6359013964,True,4.1427265537,3.7865950520,True,3.5527400828,3.2720067476,True,44.6405639010,3.4175598193,True,조수행,-0.0889142459,42.0000000000,41.0000000000,-1.0000000000
64468,643,65,True,True,-0.0341704546,0.5111528619,0.1912893058,False,337,306,63,62,337.0000000000,306.0000000000,328.6712902000,314.3287098000,643,643,65,65,371.2189270740,357.1291630992,True,True,3.3278217914,1.3078899901,True,2.9981002247,1.3276145620,True,3.0743198969,1.3356999469,True,8.8511178155,2.9413172695,True,6.1517005436,2.6740309536,True,43.6713024274,2.6847595599,True,박계범,-0.3297215667,17.0000000000,17.0000000000,0.0000000000
60343,41,4,False,True,0.0178072573,0.4935670483,0.1792942413,False,21,20,4,4,21.0000000000,20.0000000000,20.2362489820,20.7637510180,41,41,4,4,23.6175988664,24.1308077228,False,False,-7.9077117900,5.1407410627,False,-7.8883498515,5.0185746103,False,-7.8654392064,4.9066977180,False,-11.8916440329,7.9324355199,False,-15.7334827992,9.8283981814,False,21.5199259316,9.9192258987,False,이해창,0.0193619386,,,
65703,462,56,True,True,0.0455780010,0.5109875671,0.1851756591,False,236,226,54,49,236.0000000000,226.0000000000,236.0762559814,225.9237440186,462,462,56,56,270.3033145657,260.3752617257,True,True,-1.1209118462,1.2956697254,True,-0.7546016338,1.2652166439,True,-0.8547599023,1.2346405807,True,-1.7643422753,2.8960541501,True,-1.7103457416,2.4701971061,True,34.8965696158,3.3886963724,True,이도윤,0.3663102125,108.0000000000,103.0000000000,-5.0000000000
63440,218,19,False,True,-0.0124816799,0.4263752303,0.1863397147,False,94,124,19,19,94.0000000000,124.0000000000,92.9498001980,125.0501998020,218,218,19,19,107.6546187575,139.1811546445,True,True,-1.6396015690,2.2358925206,False,-2.2112470369,2.5323951861,False,-2.3950391983,2.3440947994,False,-2.1225464659,5.6701958973,False,-4.8962407792,4.7498818986,False,31.8134914264,6.4807599713,False,이흥련,-0.5716454680,,,
62931,1768,113,True,True,0.0406732073,0.4966652919,0.1900629108,False,897,871,113,113,897.0000000000,871.0000000000,878.1042360886,889.8957639114,1768,1768,113,113,998.5908614873,1010.1637271343,True,True,3.7475514698,0.8205689642,True,3.7429646637,0.8155459655,True,3.7700913185,0.8176634956,True,7.9834392211,1.8969337617,True,7.5405180476,1.6355317218,True,43.5490957264,1.9122405993,True,노진혁,-0.0045868060,11.0000000000,11.0000000000,0.0000000000
75334,2097,130,True,True,0.0557455177,0.4608972767,0.1863954272,False,979,1118,130,130,979.0000000000,1118.0000000000,966.5015892473,1130.4984107527,2097,2097,130,130,1116.9350122446,1277.6101777639,True,True,3.8186836900,0.7249170370,True,3.7452151534,0.7134057167,True,4.1811754642,0.6990722124,True,8.5948198804,1.6969132871,True,8.4138105669,1.4041192007,True,44.8512017459,1.7980194951,True,오재일,-0.0734685366,10.0000000000,10.0000000000,0.0000000000
64984,1051,72,True,True,0.0024931876,0.5406955442,0.1850989060,False,576,475,72,70,576.0000000000,475.0000000000,568.2710169520,482.7289830480,1051,1051,72,72,643.5464133958,559.8138131381,True,True,-0.0342887547,0.8227636189,True,-0.0274736494,0.8115130018,True,-0.0477659749,0.8190802095,True,-1.8266782639,1.9067953464,True,-0.0961690223,1.6490336028,True,36.7029744320,2.1543343300,True,김태진,0.0068151053,81.0000000000,78.0000000000,-3.0000000000
61743,229,40,False,True,-0.0000927124,0.5142541506,0.1877664642,False,122,107,39,33,122.0000000000,107.0000000000,117.7642004921,111.2357995079,229,229,40,40,133.9176078059,127.5203022658,True,True,4.3030752076,2.3002438211,False,3.6789438326,2.2901262958,False,3.6792081399,2.2924977205,False,7.3444361692,5.3141915538,False,7.3644015001,4.5903423546,False,42.5692982040,4.8305459470,False,오준혁,-0.6241313751,,,
68119,1476,105,True,True,0.0212233666,0.4846409182,0.1937242490,False,734,742,104,103,734.0000000000,742.0000000000,715.3299952702,760.6700047298,1476,1476,105,105,808.8598259902,853.4765534620,True,True,1.5646875698,0.7897457028,True,2.0033337468,0.7937260459,True,2.0685280315,0.7985171057,True,5.5343354939,1.8136772020,True,4.1409634993,1.5980552107,True,44.8754328648,1.7873863724,True,문성주,0.4386461770,48.0000000000,37.0000000000,-11.0000000000
60288,262,29,False,True,0.0663612226,0.5079863209,0.1983651604,False,139,123,29,28,139.0000000000,123.0000000000,133.0924160735,128.9075839265,262,262,29,29,148.1307316206,144.0012651530,True,True,-8.5481088101,3.0762434994,False,-8.1307421948,3.0625413456,False,-8.2367385986,2.8813067502,False,-18.3309775396,6.2808153539,False,-16.4776810702,5.7499233592,False,23.1301619622,6.2053117749,False,김응민,0.4173666153,,,
67504,566,48,True,True,0.0034667541,0.5052629662,0.1885707053,False,297,269,47,46,297.0000000000,269.0000000000,285.9788388430,280.0211611570,566,566,48,48,325.5397429123,319.6988442299,True,True,-4.2828533859,1.4285787650,True,-4.1088055401,1.4162098799,True,-4.1124546220,1.4120044177,True,-7.9605502928,3.5210241969,True,-8.2258206258,2.8233864676,True,30.6442513123,3.3105355561,True,김정율,0.1740478458,145.0000000000,145.0000000000,0.0000000000
62404,1606,96,True,True,0.0346125497,0.4970580191,0.1895205764,False,815,791,96,96,815.0000000000,791.0000000000,798.2751786765,807.7248213235,1606,1606,96,96,908.8425700425,918.1133374248,True,True,0.1715667839,0.8462544219,True,0.1577168012,0.8460822516,True,0.1780826932,0.8450593120,True,0.1391385335,1.9844189738,True,0.3561777176,1.6901789738,True,37.5201257448,1.8892273953,True,구자욱,-0.0138499827,78.0000000000,77.0000000000,-1.0000000000
79365,1797,119,True,True,0.0211809255,0.4612647112,0.1916834870,False,851,946,119,119,851.0000000000,946.0000000000,828.8926860922,968.1073139078,1797,1797,119,119,945.3337848623,1082.2427807561,True,True,3.2360904145,0.8208412748,True,3.0381002044,0.8355450519,True,3.2021900577,0.8531287800,True,7.8888414281,1.8611793248,True,6.4430493024,1.7153690313,True,44.5077373283,1.8752164827,True,박동원,-0.1979902101,18.0000000000,16.0000000000,-2.0000000000
76232,1851,129,True,True,0.0068480622,0.4779521961,0.1941006749,False,889,962,129,128,889.0000000000,962.0000000000,884.6895150432,966.3104849568,1851,1851,129,129,1000.7107507264,1081.0606057183,True,True,3.1233056800,0.8118868048,True,2.9413777025,0.8207615932,True,2.9715746487,0.8223292185,True,5.6696989754,1.9944796593,True,5.9547278049,1.6480042100,True,43.5265461631,1.7424144361,True,양의지,-0.1819279775,19.0000000000,19.0000000000,0.0000000000
66108,2140,118,True,True,-0.0939951078,0.5280566783,0.1889248439,False,1144,996,118,114,1144.0000000000,996.0000000000,1130.0412915344,1009.9587084656,2140,2140,118,118,1275.6857214903,1157.8697471514,True,True,3.5683348658,0.6952271370,True,3.2839525161,0.6740303501,True,3.8113906159,0.6228331036,True,7.7770148210,1.4451137333,True,7.6468589639,1.2475651440,True,44.6621559316,1.4026326423,True,홍창기,-0.2843823496,14.0000000000,13.0000000000,-1.0000000000
68507,114,17,False,True,-0.0169443510,0.4836881394,0.1894956771,False,57,57,17,15,57.0000000000,57.0000000000,55.1404478962,58.8595521038,114,114,17,17,62.9845019873,66.6337273032,True,True,0.6673639330,2.3603417873,False,0.4055928994,2.2757617600,False,0.3503141214,2.3839048701,False,-0.1071112722,6.7669379808,False,0.7013747209,4.7713863787,False,37.8599049944,3.6232044360,False,장두성,-0.2617710335,,,
64086,93,13,False,True,-0.0059495252,0.5222019525,0.1862800581,False,51,42,13,10,51.0000000000,42.0000000000,48.5647815848,44.4352184152,93,93,13,13,55.2549207046,51.2121179358,False,True,6.9630036923,3.7081446373,False,7.0835130989,3.6096620294,False,7.1099313139,3.5949431937,False,12.2482549372,9.2554541170,False,14.2479554181,7.2163663310,False,48.8484666973,8.4033359824,False,신성현,0.1205094066,,,
64610,950,78,True,True,-0.0094150668,0.4968374891,0.1903348198,False,486,464,76,71,486.0000000000,464.0000000000,471.9956146465,478.0043853535,950,950,78,78,536.4012003052,542.2996854787,True,True,-3.9402132888,0.9642881802,True,-3.9667693052,0.9641078178,True,-3.9727243554,0.9674468253,True,-9.0901071666,2.1686491536,True,-7.9457665884,1.9353808686,True,30.2816803957,2.6315615192,True,강한울,-0.0265560164,143.0000000000,144.0000000000,1.0000000000
64906,15,3,False,True,-0.0338933876,0.3197167599,0.1507974745,False,5,10,2,3,5.0000000000,10.0000000000,4.7957513989,10.2042486011,15,15,3,3,6.0600135787,11.3135174912,False,False,1.8516025075,8.7300535465,False,1.8002708715,9.1080475573,False,0.5781889254,7.0022939784,False,10.7818122889,21.3564137383,False,1.3291824509,16.2092272975,False,55.8036667582,16.7877328014,False,강민국,-0.0513316361,,,
66615,11,3,False,True,-0.0982919733,0.5739248366,0.1963240704,False,6,5,3,2,6.0000000000,5.0000000000,6.3131732022,4.6868267978,11,11,3,3,6.8921283372,5.2848111614,False,False,0.3402610483,8.1895545232,False,0.7801786716,7.8873485499,False,2.2334222835,8.6955213512,False,8.0613328184,21.3648561728,False,4.5666698036,18.1201326263,False,49.6100474550,5.0011306793,False,류승현,0.4399176233,,,
77243,361,44,True,True,0.0429418766,0.5242202411,0.1888694899,False,193,168,43,39,193.0000000000,168.0000000000,189.2435070545,171.7564929455,361,361,44,44,213.9537129083,196.7996238666,True,True,1.8895027984,1.5847490881,True,1.5383368470,1.5298074432,True,1.3303243255,1.5057967488,True,3.1803541260,4.0618643430,True,2.6669064946,3.0199062140,True,38.1114574186,3.3309663591,True,허도환,-0.3511659514,41.0000000000,46.0000000000,5.0000000000
63920,1814,96,True,True,-0.1728359269,0.5539770245,0.1840453727,False,1034,780,95,94,1034.0000000000,780.0000000000,1004.9143224292,809.0856775708,1814,1814,96,96,1133.9554261143,942.2660238252,True,True,-2.9774607525,0.7372322990,True,-3.3961984447,0.7552554859,True,-1.5303646329,0.7160641309,True,-3.7349573808,1.6179671244,True,-3.0968198418,1.4478001035,True,32.6151873543,1.6824550007,True,김준완,-0.4187376922,136.0000000000,140.0000000000,4.0000000000
67005,377,41,True,True,-0.0679704272,0.5078708792,0.1870853387,False,194,183,39,41,194.0000000000,183.0000000000,191.4673214398,185.5326785602,377,377,41,41,218.5094536326,212.6975342856,True,True,-0.8131336352,1.5367338609,True,-0.9079696196,1.6065705671,True,-0.8009722159,1.5672286542,True,-2.3064081294,3.7815138563,True,-1.6023414968,3.1352499016,True,39.5927856113,4.4458065795,True,홍현빈,-0.0948359844,101.0000000000,104.0000000000,3.0000000000
50202,1061,66,True,True,-0.0057248800,0.5092416969,0.1903997709,False,548,513,66,65,548.0000000000,513.0000000000,540.3054403647,520.6945596353,1061,1061,66,66,611.8070177792,592.5542961260,True,True,-0.8760962075,0.9979573732,True,-0.7406626009,0.9976184333,True,-0.7300810798,0.9920571582,True,-2.0655318071,2.3836015650,True,-1.4606611738,1.9845247477,True,38.0948973864,2.2751413169,True,안권수,0.1354336066,103.0000000000,102.0000000000,-1.0000000000
69508,252,32,False,True,0.0383622992,0.5078267746,0.1893845330,False,129,123,32,28,129.0000000000,123.0000000000,127.9723471945,124.0276528055,252,252,32,32,145.2979441381,141.4281751705,True,True,-5.7953532000,2.0795792377,False,-5.2335972732,2.0340867218,False,-5.2936478868,1.9822940974,False,-11.3582883576,5.1121315442,False,-10.5898906527,3.9605267838,False,23.4985061109,5.1113166998,False,신윤후,0.5617559268,,,
50657,5,2,False,True,0.1186908978,0.9544927120,0.0025808322,False,5,0,2,0,5.0000000000,0.0000000000,4.7724635600,0.2275364400,5,5,2,2,4.9858760554,2.2259529200,False,False,9.1250458147,13.3700610467,False,9.0431032587,11.9054200046,False,-1.7457263447,0.5981923207,False,,,False,-20.0952123063,1.5618920210,False,51.6709721968,27.3643843844,False,박민,-0.0819425560,,,
65905,104,17,False,True,0.0485932885,0.5462621748,0.1940869309,False,58,46,15,13,58.0000000000,46.0000000000,56.8112661820,47.1887338180,104,104,17,17,63.0142546534,53.5329751515,False,True,-3.1463354502,3.3666511087,False,-2.9965329996,3.3344184848,False,-3.4461392408,3.1186571995,False,-7.0094844184,7.2021439561,False,-6.9517910636,6.2334729973,False,36.1592796169,5.9716299402,False,최승민,0.1498024505,,,
52764,66,8,False,True,0.0615147997,0.5011069485,0.1861829435,False,34,32,8,8,34.0000000000,32.0000000000,33.0730586043,32.9269413957,66,66,8,8,37.8995566471,37.7565671107,False,False,-4.5322803529,4.0830329147,False,-4.7534490814,3.7587652618,False,-4.7670678250,3.9757059512,False,-12.4497803071,8.6976129602,False,-9.5341823803,7.9532932658,False,20.6183324291,10.1121618935,False,허인서,-0.2211687284,,,
68463,36,8,False,True,0.0478653837,0.4813131143,0.1784341228,False,17,19,5,7,17.0000000000,19.0000000000,17.3272721165,18.6727278835,36,36,8,8,20.3362978966,21.6445673848,False,False,-8.1320335311,7.6772491993,False,-8.3052699757,7.8929788995,False,-8.1263789855,7.6145987162,False,-16.5884426977,17.9575037885,False,-16.2754915577,15.3175004043,False,17.6551700961,13.8303365725,False,윤정빈,-0.1732364446,,,
67449,171,24,False,True,0.0461263800,0.4910163913,0.1852557431,False,86,85,22,21,86.0000000000,85.0000000000,83.9638029086,87.0361970914,171,171,24,24,96.6983204458,99.7028988165,True,True,4.7015030879,2.2901024319,False,3.8843108904,2.2381261167,False,3.9671871603,2.1969821881,False,8.7739891619,5.3925687777,False,7.9369365295,4.3916131800,False,43.9320678448,5.0421646705,False,김성윤,-0.8171921975,,,
68346,683,55,True,True,-0.0376089269,0.4614062358,0.1899523427,False,322,361,52,54,322.0000000000,361.0000000000,315.1404590436,367.8595409564,683,683,55,55,360.9494209492,412.7336823084,True,True,-2.4228715422,1.4307863946,True,-2.4847237596,1.4158139386,True,-2.7750177710,1.3768596786,True,-4.5904033491,3.2334900726,True,-5.5833003685,2.7686337687,True,31.1486704235,3.1603913731,True,김수환,-0.0618522174,133.0000000000,133.0000000000,0.0000000000
64560,1612,102,True,True,-0.0764485518,0.5176211669,0.1880238502,False,849,763,102,100,849.0000000000,763.0000000000,834.4053210106,777.5946789894,1612,1612,102,102,947.2543581427,891.5698956712,True,True,4.1888412429,0.6806686492,True,3.9053996161,0.6778461406,True,4.1748221539,0.6697545650,True,9.7153611055,1.6037305658,True,8.3600276467,1.3421135580,True,43.7615269544,1.6544082002,True,이창진,-0.2834416268,8.0000000000,9.0000000000,1.0000000000
50709,778,70,True,True,0.0391973162,0.4869571512,0.1913716694,False,387,391,70,64,387.0000000000,391.0000000000,378.8526636029,399.1473363971,778,778,70,70,430.5378568936,450.4764816063,True,True,0.4438436552,1.1054017961,True,0.4450892447,1.0911048050,True,0.5473381787,1.0733090942,True,3.2102566141,2.5809866765,True,1.0954217520,2.1479330599,True,37.1053062901,2.6477617926,True,박정현,0.0012455895,73.0000000000,73.0000000000,0.0000000000
66864,156,22,False,True,0.0700450789,0.5215736474,0.1958824658,False,82,74,22,17,82.0000000000,74.0000000000,81.3654889936,74.6345110064,156,156,22,22,90.6948957179,84.0613988727,True,True,3.1368821200,3.8077663970,False,3.4080849823,3.6996525143,False,3.1058594153,3.5805209257,False,7.4598113768,7.7338135477,False,6.2233046888,7.1829054586,False,44.0940082006,9.4124242012,False,안상현,0.2712028623,,,
69802,260,38,False,True,0.0365913555,0.5403358706,0.1800857914,False,143,117,36,31,143.0000000000,117.0000000000,140.4873263457,119.5126736543,260,260,38,38,160.8104221644,140.3651790277,True,True,1.2233827005,1.5642570724,False,1.3303129595,1.5171928874,False,1.0351241238,1.4663961002,False,-0.6560200515,4.5059430068,False,2.0838095338,2.9526094975,False,35.3320651927,3.9653519673,False,최경모,0.1069302590,,,
66614,166,30,False,True,0.0557917858,0.5501341092,0.1850433288,False,94,72,28,26,94.0000000000,72.0000000000,91.3222621315,74.6777378685,166,166,30,30,103.0150341911,86.7139987821,True,True,0.8525288380,2.6249555403,False,0.2836038813,2.5612083022,False,-0.2758104156,2.5563570028,False,-0.7093284325,6.1248854567,False,-0.5572229927,5.1656826101,False,38.0112847292,5.5290869830,False,김규성,-0.5689249567,,,
64657,369,34,True,True,-0.0187126706,0.5007614803,0.1910680325,False,186,183,33,31,186.0000000000,183.0000000000,184.7809862451,184.2190137549,369,369,34,34,209.4271117841,208.8751715215,True,True,3.5927227955,1.2971057813,True,3.2589539649,1.3395945669,True,3.2618038310,1.3607978661,True,8.7393536920,3.6216895045,True,6.5236227930,2.7218589187,True,44.6198485822,3.6563217393,True,박준태,-0.3337688306,13.0000000000,14.0000000000,1.0000000000
50312,194,33,False,True,0.0030970698,0.4307496388,0.1953075318,False,82,112,31,28,82.0000000000,112.0000000000,83.5654299275,110.4345700725,194,194,33,33,94.5136292939,121.0445645154,True,True,-5.1305122617,2.3910122590,False,-5.5232852387,2.4661185664,False,-5.4803905980,2.5294391866,False,-13.9308928808,5.3260423144,False,-11.1751479133,5.1493509565,False,28.2583353529,5.8020595180,False,신준우,-0.3927729770,,,
62884,95,13,False,True,-0.0331932647,0.4943341475,0.1897668460,False,46,49,12,11,46.0000000000,49.0000000000,46.9617440078,48.0382559922,95,95,13,13,53.4739091219,54.5302471655,False,True,4.0233780245,4.0061228840,False,3.4196528444,4.0186986257,False,3.3820392156,4.0553129504,False,8.6305056910,8.6440294001,False,6.7649471015,8.1095150686,False,37.3169726065,10.0465912961,False,최항,-0.6037251802,,,
67609,10,2,False,True,0.0422472113,0.6996715611,0.1479936299,False,7,3,2,1,7.0000000000,3.0000000000,6.9967156105,3.0032843895,10,10,2,2,7.6786548213,3.7867613195,False,False,4.0837933732,6.1254787450,False,3.9079780118,5.9781643548,False,2.2208646867,2.8856416509,False,17.5656569824,8.0530563004,False,5.2844698244,7.3660656355,False,63.3980809134,5.2602438947,False,박정우,-0.1758153614,,,
51003,151,24,False,True,0.0126151984,0.5576831855,0.1788838141,False,88,63,24,20,88.0000000000,63.0000000000,84.2101610064,66.7898389936,151,151,24,24,95.8626914054,78.8786700186,True,True,1.9983979437,2.5763024029,False,1.0236843555,2.6414949344,False,0.8781473894,2.4318569235,False,4.4522877743,5.6666211527,False,1.7799853146,4.9334807533,False,34.6175883541,5.6843713735,False,권동진,-0.9747135882,,,
65869,53,7,False,True,0.0483290780,0.5671684819,0.1683655720,False,32,21,7,7,32.0000000000,21.0000000000,30.0599295412,22.9400704588,53,53,7,7,34.7907267292,27.9138116629,False,False,-3.5241949943,3.4319031142,False,-2.7292359909,3.9168961984,False,-3.3784741511,3.3093175334,False,-9.9035627877,9.4528541562,False,-6.8811280276,6.6973633787,False,31.3664219556,4.6473917416,False,이현석,0.7949590034,,,
65464,78,17,False,True,0.0352471984,0.5620038636,0.1860302568,False,45,33,17,13,45.0000000000,33.0000000000,43.8363013579,34.1636986421,78,78,17,17,49.0879084209,39.5996863167,False,False,0.5434463372,4.2284067671,False,0.6689437016,4.0833905864,False,0.2318512057,4.1626161502,False,1.4305552638,10.5085078983,False,0.4709445574,8.4562931140,False,35.0850202110,11.3067169545,False,최정용,0.1254973643,,,
64469,107,13,False,True,0.0586232715,0.5231935412,0.1817403747,False,59,48,13,12,59.0000000000,48.0000000000,55.9817089039,51.0182910961,107,107,13,13,64.3053311035,59.4640824260,False,True,-1.9816157230,3.0874636853,False,-1.6093995983,3.0839368840,False,-1.8813358502,3.1694074528,False,-4.6686776006,7.9963784056,False,-3.7707855311,6.3683101809,False,27.8184581233,10.1215068792,False,송준석,0.3722161247,,,
75566,1275,85,True,True,-0.0380492328,0.5101876524,0.1920959990,False,664,611,85,84,664.0000000000,611.0000000000,650.4892568602,624.5107431398,1275,1275,85,85,733.6003561808,708.0659280595,True,True,4.5131774756,0.8304651031,True,4.3897973967,0.8466132923,True,4.4673238686,0.8438429943,True,10.6868507550,2.1241289469,True,8.9383585240,1.6890197397,True,45.5910420879,1.8361965198,True,이원석,-0.1233800789,5.0000000000,6.0000000000,1.0000000000
69810,19,2,False,True,0.1071208694,0.5718632745,0.1411026651,False,12,7,2,2,12.0000000000,7.0000000000,10.8654022161,8.1345977839,19,19,2,2,13.2730671151,10.7357586705,False,False,13.4453094775,6.8087082339,False,15.0321663988,6.7789683961,False,13.4925551096,6.9382858411,False,32.5028263093,21.3826185048,False,27.5543084103,13.3133236056,False,46.0886586388,11.9148689428,False,김규남,1.5868569213,,,
66657,996,65,True,True,-0.0646615287,0.5226244710,0.1897521912,False,537,459,65,65,537.0000000000,459.0000000000,520.5339730686,475.4660269314,996,996,65,65,587.7090818520,543.4730165622,True,True,-1.6249184781,1.0755230742,True,-1.7238791841,1.0662520188,True,-1.4312926086,1.0826631295,True,-3.4627678623,2.4980682644,True,-2.8684582902,2.1683437283,True,35.2997812869,2.5283043567,True,이진영,-0.0989607061,119.0000000000,123.0000000000,4.0000000000
51302,338,32,True,True,-0.0191183316,0.4457206648,0.1773222553,False,154,184,31,32,154.0000000000,184.0000000000,150.6535847142,187.3464152858,338,338,32,32,178.5940179773,214.3075226929,True,True,0.1601655193,2.2236842895,True,-0.2080892089,2.2489349450,True,-0.4156352747,2.2391507823,True,1.7622091823,5.3555545633,True,-0.8411838889,4.5300804603,True,33.4652897277,5.4229077057,True,이주형,-0.3682547281,79.0000000000,87.0000000000,8.0000000000
51344,1673,105,True,True,-0.0451879610,0.4750855145,0.1917219888,False,807,866,105,104,807.0000000000,866.0000000000,794.8180658023,878.1819341977,1673,1673,105,105,904.6023201336,986.5453382191,True,True,1.3070514019,0.7790670765,True,1.0169740880,0.7795192336,True,0.7918071285,0.7884355446,True,1.2890018212,1.8896260071,True,1.5875560416,1.5804523001,True,39.6372137142,1.8166762759,True,김휘집,-0.2900773139,53.0000000000,61.0000000000,8.0000000000
68805,72,11,False,True,-0.0597249728,0.4966702412,0.2054092163,False,37,35,10,8,37.0000000000,35.0000000000,35.7602573646,36.2397426354,72,72,11,11,39.2865010240,39.7613916925,False,False,1.1402928966,2.9797371098,False,0.1840917897,3.1044744629,False,0.1443178387,3.0060962807,False,1.5484896980,6.6070517911,False,0.2886484787,6.0124624183,False,44.5827482331,9.5191931030,False,최상민,-0.9562011069,,,
68205,136,20,False,True,0.1658617288,0.5130311172,0.1996006245,False,71,65,16,20,71.0000000000,65.0000000000,69.7722319434,66.2277680566,136,136,20,20,77.3448705427,73.8446504437,True,True,-6.7553701352,3.5614337898,False,-6.8088257103,3.5709787909,False,-7.2410984366,2.7568950178,False,-15.4774221776,6.3756247579,False,-14.4920404477,5.4896694274,False,26.8633527000,6.9585801118,False,전민재,-0.0534555751,,,
67202,74,11,False,True,-0.0332580087,0.4585029813,0.1718872406,False,37,37,11,10,37.0000000000,37.0000000000,33.9292206134,40.0707793866,74,74,11,11,40.7122510277,46.6521510285,False,False,-7.4610670434,3.8099070887,False,-6.6383350113,3.7036183496,False,-6.9143566535,3.3295040002,False,-12.7562713482,8.0055896078,False,-13.9246262756,6.6912040857,False,11.3069131908,9.6416448223,False,박유연,0.8227320321,,,
66707,547,47,True,True,-0.0443879668,0.5360023127,0.1935451453,False,300,247,46,43,300.0000000000,247.0000000000,293.1932650421,253.8067349579,547,547,47,47,326.8261449566,288.0491789995,True,True,0.9866787456,1.4241291216,True,0.9119965422,1.4103838619,True,1.2316104340,1.3576672743,True,2.5963104634,3.1606147383,True,2.4760584041,2.7293444644,True,39.9436282022,3.3398720226,True,박상언,-0.0746822034,63.0000000000,64.0000000000,1.0000000000
66715,1624,110,True,True,0.0682978184,0.5098944777,0.1891659678,False,853,771,110,107,853.0000000000,771.0000000000,828.0686317045,795.9313682955,1624,1624,110,110,940.0418050195,908.5192548846,True,True,1.1060895569,0.8463754630,True,0.8523972581,0.8347744314,True,0.7172430106,0.8047832876,True,1.7654145143,1.8863420444,True,1.4350479900,1.6103454925,True,39.6105286138,2.0199710256,True,김인환,-0.2536922988,59.0000000000,65.0000000000,6.0000000000
51009,11,3,False,True,0.0746016986,0.5621572822,0.1495974880,False,7,4,3,3,7.0000000000,4.0000000000,6.1837301042,4.8162698958,11,11,3,3,7.4658339774,6.1785690974,False,False,2.6256441284,7.9393302071,False,4.4207773616,7.4580531718,False,3.4933695952,7.9004394664,False,4.4286859524,22.8442700702,False,7.0964078648,15.9858505708,False,52.4299938392,18.1468944682,False,전진영,1.7951332332,,,
62907,1752,104,True,True,-0.0263720902,0.5027875362,0.1907656792,False,897,855,103,104,897.0000000000,855.0000000000,880.8837633899,871.1162366101,1752,1752,104,104,998.5039065178,988.9127413276,True,True,-0.9775505801,0.7657467540,True,-0.7322583227,0.7544919189,True,-0.7175556916,0.7579807872,True,-1.4712311527,1.8972750007,True,-1.4351559898,1.5159808382,True,35.9994777250,1.7359042005,True,박민우,0.2452922574,105.0000000000,101.0000000000,-4.0000000000
63963,1203,77,True,True,-0.1125433658,0.5329129173,0.1935427344,False,654,549,77,76,654.0000000000,549.0000000000,641.0942395193,561.9057604807,1203,1203,77,77,715.4336390033,637.4801699053,True,True,-1.3570341412,0.8224751830,True,-1.3225590280,0.8294229158,True,-0.5817329293,0.8329961490,True,-1.1451213523,1.9688566043,True,-1.1685291428,1.6726221833,True,36.0031060125,2.0434306315,True,권희동,0.0344751132,112.0000000000,114.0000000000,2.0000000000
76849,1275,94,True,True,-0.0132720752,0.5153099713,0.1890195239,False,673,602,93,89,673.0000000000,602.0000000000,657.0202133885,617.9797866115,1275,1275,94,94,744.8217389274,706.5288750017,True,True,-4.7501052524,0.9614561703,True,-4.3320275375,0.9481250091,True,-4.2913885195,0.9493243149,True,-9.3682186777,2.1949411882,True,-8.5908316386,1.8995720929,True,29.8221668054,2.1920813545,True,이명기,0.4180777150,148.0000000000,147.0000000000,-1.0000000000
51403,11,3,False,True,-0.0560784240,0.5197201230,0.1371290948,False,6,5,3,2,6.0000000000,5.0000000000,5.7169213529,5.2830786471,11,11,3,3,7.2959751581,6.8987796636,False,False,-7.4695250973,8.8976148902,False,-8.8432843257,10.3705250489,False,-8.6221096419,9.8948600797,False,-12.2798859787,20.0280526183,False,-17.2710850265,19.8506694314,False,9.5024480750,14.5556524494,False,김동진,-1.3737592284,,,
67644,53,6,False,True,0.0265416826,0.3546886907,0.1542886092,False,18,35,6,6,18.0000000000,35.0000000000,18.7985006049,34.2014993951,53,53,6,6,23.8050335676,38.6718466156,False,False,-6.5944706207,2.6244131256,False,-6.7950612636,2.5237158901,False,-6.0236999323,2.5534002428,False,-14.5883396561,9.9829617756,False,-13.1588130374,5.8669416734,False,21.1335238307,6.2001774910,False,이정훈,-0.2005906429,,,
68362,250,25,False,True,-0.0295233289,0.4893109876,0.1879256889,False,124,126,24,25,124.0000000000,126.0000000000,122.3277468989,127.6722531011,250,250,25,25,140.0636016670,145.3011131263,True,True,-1.2816471529,1.8223477486,False,-1.4001364074,1.8601065078,False,-1.4632514530,1.9158548366,False,-2.8950212988,3.9418537872,False,-2.9278409878,3.8359212044,False,32.4472830006,4.7490475732,False,추재현,-0.1184892545,,,
67993,23,4,False,True,-0.0713707930,0.4266570185,0.1861638673,False,9,14,4,4,9.0000000000,14.0000000000,9.8131114246,13.1868885754,23,23,4,4,11.3710808462,14.6840454001,False,False,3.4224511598,7.3745628978,False,1.5502914528,7.4361205914,False,0.5033821026,6.9507307857,False,-2.8367341023,17.5944524951,False,1.0289028736,14.2506615714,False,36.7443566262,24.6810999829,False,이재용,-1.8721597070,,,
67760,91,10,False,True,-0.0035348987,0.4388956054,0.1934501059,False,42,49,9,10,42.0000000000,49.0000000000,39.9395000930,51.0604999070,91,91,10,10,45.4032730656,56.3661879384,False,False,-2.9167921441,4.0093903604,False,-3.3475632559,4.0359881361,False,-3.3907628249,4.1138918763,False,-3.9694091280,9.5696389410,False,-6.8843432345,8.4011162087,False,25.1824924178,8.2432062596,False,원혁재,-0.4307711118,,,
66203,95,19,False,True,0.0914301889,0.5462196006,0.1924546375,False,55,40,18,14,55.0000000000,40.0000000000,51.8908620550,43.1091379450,95,95,19,19,57.7489816332,49.1051499098,False,False,3.2268463119,2.5701928468,False,3.1963172798,2.4896255577,False,2.3511439171,2.4592694759,False,7.3851635328,5.5762808782,False,4.7428152182,4.9521521165,False,42.4099649527,6.0849547186,False,서예일,-0.0305290321,,,
63435,64,9,False,True,-0.0762316423,0.5544331972,0.1958971381,False,36,28,9,7,36.0000000000,28.0000000000,35.4837246190,28.5162753810,64,64,9,9,39.0892439169,32.2135868573,False,False,-4.4501633049,5.0217308793,False,-4.4594904442,5.0811851372,False,-3.6295840411,5.2676344120,False,-4.3956114180,10.5871349770,False,-7.3462348630,10.5387875865,False,28.2651099907,8.9531397902,False,김성표,-0.0093271393,,,
66833,84,7,False,True,-0.0254819991,0.5438544927,0.1965792157,False,49,35,7,7,49.0000000000,35.0000000000,45.6837773845,38.3162226155,84,84,7,7,50.4620252402,43.1925412048,False,False,-4.9842007897,5.1720594566,False,-5.0115262548,5.3513137062,False,-4.7880262265,4.8751644581,False,-12.2905761360,10.5805086691,False,-9.6502908484,9.8829502612,False,33.5608047028,10.4918193040,False,임석진,-0.0273254651,,,
68504,782,80,True,True,0.1225149728,0.4889121910,0.1973971467,False,389,393,79,72,389.0000000000,393.0000000000,382.3293333424,399.6706666576,782,782,80,80,428.3035004958,445.4062118981,True,True,-0.3225552984,1.1611706218,True,-0.1946794489,1.1373792279,True,0.0770050752,1.0932401872,True,-0.1278350167,2.4908128049,True,0.1540859235,2.1875569714,True,37.8460228447,2.6522991386,True,이호연,0.1278758496,91.0000000000,84.0000000000,-7.0000000000
65207,13,3,False,True,0.0927356545,0.3694294738,0.1919380522,False,5,8,3,2,5.0000000000,8.0000000000,4.8025831598,8.1974168402,13,13,3,3,5.4023395699,8.7676803767,False,False,0.5685586023,7.5708043509,False,0.9254661511,7.3644297663,False,3.3471747907,5.2851842666,False,12.5933639632,7.8176237362,False,7.1842789653,10.6000462312,False,58.5635193843,5.9762117319,False,신민재,0.3569075488,,,
64007,211,27,False,True,-0.0012841666,0.4685118530,0.1859158129,False,103,108,26,26,103.0000000000,108.0000000000,98.8560009819,112.1439990181,211,211,27,27,114.2403016566,127.2497513383,True,True,1.7292692815,2.3207468273,False,1.1525569530,2.3829956997,False,1.1444697477,2.3403845635,False,2.7756963021,5.3654997885,False,2.2980536073,4.7006802474,False,36.2605895377,5.0722528358,False,문상철,-0.5767123285,,,
61186,79,18,False,True,-0.0478103998,0.5179344816,0.2115309929,False,41,38,18,11,41.0000000000,38.0000000000,40.9168240437,38.0831759563,79,79,18,18,44.1700770240,41.3557897424,False,False,6.4448872047,2.9816584548,False,6.4687950749,3.0230972430,False,6.6402860216,3.1655591095,False,13.7915204019,6.5162680610,False,13.2976806066,6.3784074401,False,53.2153068620,8.6970275800,False,이천웅,0.0239078702,,,
50500,1199,87,True,True,0.0469846261,0.5112683264,0.1936793108,False,626,573,87,86,626.0000000000,573.0000000000,613.0107233124,585.9892766876,1199,1199,87,87,688.7067703685,662.1188118981,True,True,-2.0175614001,0.9362653432,True,-1.7460889832,0.9276577588,True,-1.8519766034,0.9173333995,True,-3.1733569671,2.1112686895,True,-3.7058354032,1.8354946936,True,36.3654359511,2.2514860619,True,황성빈,0.2714724169,127.0000000000,125.0000000000,-2.0000000000
50007,10,2,False,True,-0.0242447539,0.4577859072,0.2080762629,False,5,5,2,2,5.0000000000,5.0000000000,4.5778590715,5.4221409285,10,10,2,2,5.0178581893,5.8556521134,False,False,-10.2955845039,7.6681007878,False,-9.2205382183,6.7864966743,False,-9.4252322767,6.1859362994,False,-22.6277278161,16.0032842900,False,-18.9857975691,11.9891966814,False,4.6738877215,15.5758216622,False,문상준,1.0750462856,,,
65269,371,37,True,True,0.0541575747,0.4692063863,0.1962585632,False,175,196,36,30,175.0000000000,196.0000000000,174.0755693011,196.9244306989,371,371,37,37,196.1450059115,218.6739279944,True,True,2.1925956126,1.8614306067,True,1.9468018139,1.8759361021,True,2.2803433010,1.7459507275,True,2.8511804296,3.8343563584,True,4.5780510884,3.4977463037,True,41.5593122775,3.8239362997,True,김민혁,-0.2457937987,36.0000000000,39.0000000000,3.0000000000
66233,64,10,False,True,0.0918628062,0.4442126162,0.1861951871,False,29,35,10,10,29.0000000000,35.0000000000,28.4296074358,35.5703925642,64,64,10,10,32.9286324815,39.9308885936,False,False,-4.4986146941,4.5807219430,False,-4.4754906766,4.4833462542,False,-3.4505335509,4.4179902636,False,-11.2177927627,10.3788903237,False,-6.9880609752,8.9460670263,False,24.9855595598,12.2523783359,False,홍성호,0.0231240175,,,
51907,1262,91,True,True,0.0099459265,0.4945528379,0.1904723507,False,644,618,91,91,644.0000000000,618.0000000000,624.1256814237,637.8743185763,1262,1262,91,91,709.4809304153,722.9787056940,True,True,1.2343832618,0.8418623270,True,1.0623660216,0.8038346144,True,1.0732014364,0.8016824363,True,2.8365652071,1.9892756539,True,2.1466576517,1.6034815058,True,39.8548918500,1.8687021363,True,김주원,-0.1720172401,56.0000000000,59.0000000000,3.0000000000
64501,152,17,False,True,0.0434367614,0.5515002179,0.2031822730,False,86,66,17,14,86.0000000000,66.0000000000,83.8280331211,68.1719668789,152,152,17,17,91.1255878243,75.6183935138,True,True,-1.4202911123,2.6290852221,False,-1.4585508374,2.6332664852,False,-1.9059513730,2.6480110828,False,-3.5820516810,5.9155001373,False,-3.8527772053,5.3586052259,False,38.8992405257,6.3762897507,False,배성근,-0.0382597250,,,
50150,302,28,True,True,0.0471095210,0.4917329532,0.1897375978,False,148,154,28,25,148.0000000000,154.0000000000,148.5033518725,153.4966481275,302,302,28,28,169.2176362594,174.1173648322,True,True,3.4634901118,1.9060066886,True,3.5262683219,1.9229866843,True,3.6041596447,1.8430488655,True,8.8274623153,4.6195801749,True,7.2102904115,3.6844171275,True,41.7321691859,4.8157940760,True,손호영,0.0627782101,15.0000000000,12.0000000000,-3.0000000000
65898,515,45,True,True,-0.0147854654,0.4786961374,0.1927501581,False,249,266,44,43,249.0000000000,266.0000000000,246.5285107593,268.4714892407,515,515,45,45,279.7160556395,301.2978504375,True,True,-0.9622998845,1.4255226768,True,-1.3987898008,1.4449889152,True,-1.4617873053,1.4529324388,True,-3.6074396568,3.3759309292,True,-2.9288917743,2.9105378471,True,33.2662282897,3.4488302154,True,김웅빈,-0.4364899163,104.0000000000,115.0000000000,11.0000000000
50357,233,19,False,True,-0.0759652606,0.5157214882,0.1885666293,False,120,113,19,19,120.0000000000,113.0000000000,120.1631067527,112.8368932473,233,233,19,19,136.3385827338,129.1549903625,True,True,-1.6696910596,2.3866492882,False,-2.4744772327,2.4987864857,False,-2.2356198429,2.4312278042,False,-1.6061429568,6.1440185607,False,-4.4756645999,4.8666031210,False,31.0704880251,6.2585228000,False,박주홍,-0.8047861731,,,
51013,57,7,False,True,-0.1163590823,0.6006195189,0.1800097489,False,36,21,7,6,36.0000000000,21.0000000000,34.2353125794,22.7646874206,57,57,7,7,38.0254494229,26.7787424198,False,False,-1.7235713583,4.3389608141,False,-2.7664156338,4.4056024781,False,-0.4248166569,4.2560003219,False,0.9104908364,9.7306700073,False,-0.8854932678,8.8598614596,False,27.2084818770,10.6468860698,False,유준규,-1.0428442755,,,
69813,415,50,True,True,0.0526256485,0.4968995990,0.1855295748,False,212,203,49,48,212.0000000000,203.0000000000,206.2133335778,208.7866664222,415,415,50,50,236.9522023023,239.4691642359,True,True,-5.5295680789,1.6693713711,True,-5.3726206958,1.6712350320,True,-5.3399885729,1.6174317054,True,-9.8614329044,3.6541077827,True,-10.6803878062,3.2360168995,True,22.3371338003,3.6883041856,True,하재훈,0.1569473831,153.0000000000,155.0000000000,2.0000000000
64022,347,29,True,True,-0.1176003748,0.5189979026,0.1901445407,False,187,160,27,28,187.0000000000,160.0000000000,180.0922721925,166.9077278075,347,347,29,29,203.4098527897,190.4662574849,True,True,2.2336957667,2.1867559684,True,1.5457610859,2.1597395649,True,1.9925931787,1.9568030258,True,5.3676784309,4.7420207761,True,3.9909480140,3.9154934458,True,40.5323862744,4.3617997186,True,안중열,-0.6879346808,35.0000000000,45.0000000000,10.0000000000
66409,133,13,False,True,-0.0051547620,0.4652720490,0.2014701260,False,65,68,13,13,65.0000000000,68.0000000000,61.8811825153,71.1188174847,133,133,13,13,68.8879248704,78.0240030032,True,True,1.2511420731,4.1629079680,False,1.2097793891,4.0297093951,False,1.1739765244,3.9621915968,False,6.5198703749,8.6288298412,False,2.3593347683,7.9572067597,False,41.0468933924,8.9696307304,False,이성규,-0.0413626840,,,
52769,365,30,True,True,-0.0533651107,0.4836704545,0.1989463522,False,179,186,29,28,179.0000000000,186.0000000000,176.5397158776,188.4602841224,365,365,30,30,197.2518064504,209.0198038350,True,True,-4.8320587771,1.5052044160,True,-5.0197582499,1.4119684714,True,-5.1940438509,1.4169676930,True,-10.3397267141,3.1456631839,True,-10.3991796355,2.8376948839,True,31.1896648490,4.2844921606,True,권광민,-0.1876994728,150.0000000000,152.0000000000,2.0000000000
64115,218,26,False,True,-0.0054347740,0.5292336256,0.1958227800,False,118,100,26,24,118.0000000000,100.0000000000,115.3729303830,102.6270696170,218,218,26,26,128.2996881653,115.7362456662,True,True,-2.0016608976,2.6132238382,False,-2.1324483234,2.6462011448,False,-2.1006726935,2.7335467678,False,-7.4783259736,6.4643684030,False,-4.2157566114,5.4726326866,False,36.0759048562,5.6126608054,False,장준원,-0.1307874258,,,
51269,19,2,False,True,-0.1313168411,0.5133626799,0.1882008842,False,11,8,2,2,11.0000000000,8.0000000000,9.7538909178,9.2461090822,19,19,2,2,11.0843848743,10.5866453044,False,False,4.8539432241,13.3000618187,False,5.5749861657,13.9840262273,False,5.9259351480,12.6184993101,False,9.8626553438,30.3304016329,False,11.8603414838,25.2121158707,False,50.4357855538,21.6146157451,False,강현구,0.7210429416,,,
78135,240,26,False,True,0.0292591361,0.5274148257,0.1883038259,False,127,113,25,23,127.0000000000,113.0000000000,126.5795581721,113.4204418279,240,240,26,26,143.1172497954,130.2126729049,True,True,0.7518780595,2.5688265994,False,0.6090873729,2.6572084305,False,0.4486605494,2.6267724165,False,0.8607825350,6.1829925989,False,0.9000268410,5.2695610939,False,36.3640754730,5.2058167768,False,이형종,-0.1427906867,,,
52568,282,34,False,True,-0.1548366176,0.5222473597,0.1807281591,False,156,126,32,28,156.0000000000,126.0000000000,147.2737554388,134.7262445612,282,282,34,34,169.6104510945,157.3829742506,True,True,-2.8533000293,1.4041695884,False,-3.0604467867,1.4332327999,False,-2.3715056008,1.4634593597,False,-4.8469616244,3.2693393259,False,-4.7524199478,2.9266294902,False,24.0860915193,4.2441856601,False,한태양,-0.2071467573,,,
67063,11,3,False,True,0.1160044291,0.7193603903,0.1909329856,False,8,3,3,2,8.0000000000,3.0000000000,7.9129642936,3.0870357064,11,11,3,3,8.0352538013,3.2123528218,False,False,3.5084107310,13.5340129214,False,3.4245063887,13.4052594155,False,-1.6648489822,15.2246634139,False,-3.2261037341,39.5399798298,False,-4.1233420288,37.6592689592,False,61.7081510332,15.0632983333,False,문상인,-0.0839043423,,,
67900,65,8,False,True,0.0672267871,0.5339894432,0.1895082250,False,38,27,8,6,38.0000000000,27.0000000000,34.7093138071,30.2906861929,65,65,8,8,39.0483344429,34.7103019005,False,False,0.1014397970,3.2354980547,False,-0.1863814331,3.3468979431,False,-0.6433816450,3.5145290307,False,-3.5947993793,9.5037401358,False,-1.2927371953,7.0733940422,False,25.2963592106,7.0580386975,False,김수윤,-0.2878212301,,,
52591,50,4,False,True,0.1038837322,0.4518570106,0.1804908955,False,23,27,4,4,23.0000000000,27.0000000000,22.5928505322,27.4071494678,50,50,4,4,26.5392498906,31.2360658159,False,False,-7.9373145483,6.4774276242,False,-7.2894102449,6.7441430437,False,-6.2891555622,5.7922579032,False,-15.6849805098,13.5603658124,False,-12.6960157557,11.8896043946,False,26.9052133967,11.8314733424,False,윤동희,0.6479043034,,,
69416,355,36,True,True,0.0572201166,0.5031265758,0.1900808916,False,180,175,36,33,180.0000000000,175.0000000000,178.6099343934,176.3900656066,355,355,36,36,202.7525014875,200.5737717144,True,True,-4.6103302091,1.7126382758,True,-4.5540737906,1.7239586104,True,-4.5898543965,1.7235053931,True,-9.6648948841,3.9073751704,True,-9.1800677511,3.4473908157,True,24.5492789503,4.1513537413,True,이해승,0.0562564186,147.0000000000,149.0000000000,2.0000000000
65132,735,60,True,True,-0.0120724160,0.4939454945,0.1862643591,False,374,361,58,58,374.0000000000,361.0000000000,363.0499384509,371.9500615491,735,735,60,60,416.8003155176,425.5106927977,True,True,2.5527343337,1.1542019605,True,2.7122345718,1.1613612573,True,2.6976160700,1.1624597604,True,6.4716844827,2.7193838306,True,5.3960233489,2.3249618265,True,45.2814008817,2.5371456271,True,김재성,0.1595002381,29.0000000000,24.0000000000,-5.0000000000
68050,1084,62,True,True,-0.0253638968,0.4798849611,0.1907893076,False,532,552,62,61,532.0000000000,552.0000000000,520.1952978422,563.8047021578,1084,1084,62,62,592.8435503297,635.6765837866,True,True,-4.7748074681,0.9687122816,True,-4.8938615131,0.9556256449,True,-4.9959006674,0.9633918770,True,-10.2508519859,2.3277412653,True,-10.0079988722,1.9310720228,True,27.7525210960,2.3173120548,True,강백호,-0.1190540451,149.0000000000,150.0000000000,1.0000000000
52804,26,6,False,True,0.0447787252,0.6190928218,0.1778179192,False,17,9,6,5,17.0000000000,9.0000000000,16.0964133674,9.9035866326,26,26,6,6,17.7602626167,11.6824139687,False,False,2.8322263506,4.5841569692,False,3.1376953424,4.5475041681,False,2.0711303931,3.4118489630,False,0.8143727877,9.0491602748,False,4.3913951777,7.3594923170,False,39.6406454814,9.5150103768,False,석정우,0.3054689917,,,
50820,990,74,True,True,0.0852606031,0.4781140485,0.1911729567,False,488,502,74,72,488.0000000000,502.0000000000,473.3329080600,516.6670919400,990,990,74,74,539.1268299460,581.7028016055,True,True,2.5743784700,1.1724308833,True,1.9617982013,1.1658843535,True,2.3350000853,1.0846540532,True,4.5260794051,2.7004119410,True,4.6789649715,2.1705203938,True,42.6058248707,2.7839257671,True,전의산,-0.6125802687,28.0000000000,38.0000000000,10.0000000000
51303,56,7,False,True,0.0608338595,0.4936339358,0.1938371750,False,27,29,7,7,27.0000000000,29.0000000000,27.6435004051,28.3564995949,56,56,7,7,31.1895015625,31.8911002861,False,False,-2.9125836736,6.3368514328,False,-2.6675178769,6.6232384201,False,-2.5900634260,7.1737387497,False,-5.7575312652,14.2771988249,False,-5.1809667234,14.3378715476,False,33.1999504122,7.5644554681,False,김시앙,0.2450657967,,,
52514,10,3,False,True,-0.0683949942,0.5292120963,0.1954777908,False,6,4,3,1,6.0000000000,4.0000000000,5.2921209629,4.7078790371,10,10,3,3,5.8893791986,5.3136210154,False,False,10.3490095559,8.5127543653,False,8.8786846684,8.3312087144,False,9.2782768998,9.0708387461,False,36.6680840007,32.6769811356,False,18.6201114325,18.8196047830,False,48.4990437859,12.3509202647,False,김세민,-1.4703248875,,,
69727,206,20,False,True,0.0934608340,0.5047547940,0.1816793382,False,111,95,20,20,111.0000000000,95.0000000000,103.9794875611,102.0205124389,206,206,20,20,120.2505081934,118.3405707889,True,True,-0.7552171577,3.6190825081,False,-1.4039563906,3.6585201739,False,-1.4928337929,3.4195497701,False,-1.9006309112,7.6209210438,False,-2.9859376108,6.8385384117,False,28.2525204194,8.1689133170,False,변우혁,-0.6487392329,,,
67807,38,6,False,True,0.1619350850,0.5465938866,0.1913390724,False,21,17,6,4,21.0000000000,17.0000000000,20.7705676908,17.2294323092,38,38,6,6,23.1646068935,19.6815610224,False,False,-6.1427842424,5.2172363984,False,-5.8603733672,5.0287422311,False,-7.3694103644,3.8780953279,False,-18.2584148113,10.4000353941,False,-14.8679332827,7.8116675833,False,19.2964241316,12.2208338379,False,이정범,0.2824108753,,,
64340,610,40,True,True,-0.0819765704,0.4901270321,0.1889397439,False,305,305,40,37,305.0000000000,305.0000000000,298.9774896090,311.0225103910,610,610,40,40,341.4472410656,353.2599057422,True,True,-0.6636977298,1.3716992989,True,-1.2699946890,1.3858013253,True,-1.4318650979,1.4120302661,True,-3.1008857832,3.4896982022,True,-2.8648472053,2.8257108144,True,29.3112905399,2.9956277272,True,임지열,-0.6062969593,99.0000000000,111.0000000000,12.0000000000
68002,16,4,False,True,0.1276627219,0.5431061250,0.1698701631,False,9,7,4,4,9.0000000000,7.0000000000,8.6896980003,7.3103019997,16,16,4,4,10.1529231556,8.8215440586,False,False,-4.6613799230,9.9431070319,False,-4.3791774928,9.7473123158,False,-5.4797865429,9.8223954755,False,-12.5291731047,25.9978834287,False,-11.0416406547,19.7685874110,False,26.0990277917,33.3106993890,False,양승혁,0.2822024302,,,
64213,5,1,False,False,0.1245311137,0.2432630742,0.1089637788,False,1,4,1,1,1.0000000000,4.0000000000,1.2163153708,3.7836846292,5,5,1,1,1.7597441470,4.2006935725,False,False,5.2164515128,,False,4.7127404230,,False,11.1070874816,,False,33.3249230418,,False,30.1681778518,,False,68.5668339068,,False,최용제,-0.5037110898,,,
52009,1312,79,True,True,0.0307167978,0.4653742046,0.1888236470,False,624,688,79,78,624.0000000000,688.0000000000,610.5709564974,701.4290435026,1312,1312,79,79,700.9033498295,790.0628543498,True,True,1.3842263170,1.0684858295,True,1.1376372784,1.0634602466,True,1.3503559892,1.0452817230,True,1.6346235471,2.4189333424,True,2.7137264209,2.0983970308,True,39.8776900668,2.2242589106,True,알포드,-0.2465890386,50.0000000000,55.0000000000,5.0000000000
74465,254,16,False,True,-0.0575958807,0.4892033481,0.1942696457,False,125,129,16,16,125.0000000000,129.0000000000,124.2576504203,129.7423495797,254,254,16,16,140.1953921797,145.5941399262,True,True,1.4651385831,2.1443100209,False,1.2847842702,2.0153782430,False,1.1604157353,2.1023958463,False,2.9501210242,5.0999871781,False,2.3219141113,4.2051231807,False,41.4545291178,4.1280898819,False,박석민,-0.1803543128,,,
51865,43,8,False,True,0.2020569906,0.5138439604,0.1864363349,False,23,20,8,6,23.0000000000,20.0000000000,22.0952902990,20.9047097010,43,43,8,8,25.2036368933,24.0381617120,False,False,0.9434154223,3.6726661546,False,1.8119377929,3.6459121951,False,1.2524839959,4.1185419229,False,-0.4760282478,7.3099647372,False,2.5068898262,8.2348404020,False,37.4323766775,6.3537153473,False,조형우,0.8685223706,,,
68089,16,4,False,True,0.0372402957,0.4648932615,0.1907105449,False,7,9,4,4,7.0000000000,9.0000000000,7.4382921833,8.5617078167,16,16,4,4,8.4997626878,9.6036679356,False,False,-15.4323232247,8.1471846793,False,-14.5068135778,8.3110331081,False,-14.2453365127,7.5587640948,False,-27.2877045374,23.5352612218,False,-28.6318259910,16.0673385050,False,-3.6316977374,28.2559204795,False,조대현,0.9255096469,,,
69766,242,25,False,True,-0.0604678779,0.5160624498,0.1903784872,False,130,112,25,24,130.0000000000,112.0000000000,124.8871128491,117.1128871509,242,242,25,25,141.1204271675,133.4874919348,True,True,1.3372859205,1.5023287741,False,1.5205898945,1.5261332396,False,1.7148423450,1.4321012139,False,1.5585832729,4.0254683700,False,3.4332278126,2.8651602219,False,41.1215736639,3.8545559821,False,유로결,0.1833039740,,,
78643,20,4,False,True,0.0694090328,0.5458534459,0.2073852519,False,11,9,4,4,11.0000000000,9.0000000000,10.9170689189,9.0829310811,20,20,4,4,11.7922687889,9.9725322777,False,False,3.7412021986,5.1002324544,False,4.2950144598,5.1573345893,False,3.6584857930,4.9172458529,False,9.7885521630,12.1737701566,False,7.3790303679,9.8658725460,False,62.4750880776,7.6122613225,False,백용환,0.5538122612,,,
69500,29,3,False,True,0.0593475202,0.5238519436,0.1888636916,False,16,13,3,3,16.0000000000,13.0000000000,15.1917063631,13.8082936369,29,29,3,3,17.1777904058,15.8207365249,False,False,1.5949813305,2.7837758551,False,1.5927566126,2.6829574071,False,1.3096458721,2.1502530605,False,-1.8002129396,4.4715141866,False,2.6252659592,4.3374789610,False,44.8706825664,7.5983705440,False,김민수,-0.0022247179,,,
50293,337,33,True,True,0.0343772680,0.5119950375,0.1861194686,False,180,157,33,31,180.0000000000,157.0000000000,172.5423276330,164.4576723670,337,337,33,33,197.0756556238,189.1636918566,True,True,-1.4932023558,2.0837101332,True,-1.4571220169,2.1041513293,True,-1.5395933405,2.0862090383,True,-4.9108654770,5.0533193049,True,-3.0809598465,4.1739358351,True,31.9691582575,4.5645633733,True,양찬열,0.0360803388,115.0000000000,117.0000000000,2.0000000000
66406,85,13,False,True,0.0944100936,0.4947562511,0.1963035430,False,42,43,12,12,42.0000000000,43.0000000000,42.0542813399,42.9457186601,85,85,13,13,47.1712039804,48.0497504096,False,False,2.6149831949,2.9238100974,False,3.7043285333,2.8824958376,False,3.8033410990,2.5653858228,False,8.1543283676,5.5731899923,False,7.6075189308,5.1273811638,False,44.7057782089,8.4146994093,False,안주형,1.0893453384,,,
66702,61,11,False,True,0.0945138645,0.5927293384,0.1776079988,False,40,21,11,10,40.0000000000,21.0000000000,36.1564896436,24.8435103564,61,61,11,11,40.5172070967,29.4576387711,False,False,-0.0097339528,4.3686981054,False,0.1620553618,4.2261594752,False,-1.5907862630,4.1792608754,False,-4.1835883239,10.1247952699,False,-3.2949003631,8.6178450199,False,39.1514683086,13.2221831011,False,이시원,0.1717893145,,,
64499,70,9,False,True,-0.0257280160,0.6021437959,0.1859445076,False,44,26,9,6,44.0000000000,26.0000000000,42.1500657101,27.8499342899,70,70,9,9,46.2705531640,32.1881830143,False,False,-1.3179745065,4.5528618258,False,-0.8125114449,4.5083313793,False,-0.2869200016,4.3440287025,False,0.0361053785,10.3621410011,False,-0.5988312806,9.0630553459,False,26.1832619677,11.7590452740,False,김재현,0.5054630616,,,
51307,12,3,False,True,0.0707960895,0.4619164799,0.1439932709,False,6,6,3,3,6.0000000000,6.0000000000,5.5429977588,6.4570022412,12,12,3,3,7.1647673439,8.0142766857,False,False,4.0344802084,4.4826024802,False,3.2801063827,3.2914099908,False,3.8193392421,3.2269090296,False,-0.8849490178,9.8077928171,False,7.6832522422,6.4459867429,False,29.4840058221,17.7206822685,False,이재홍,-0.7543738257,,,
76720,21,3,False,True,0.1689052993,0.6325540310,0.1611178319,False,14,7,3,3,14.0000000000,7.0000000000,13.2836346515,7.7163653485,21,21,3,3,14.9714564242,9.5745297072,False,False,7.7182864809,4.5814783860,False,8.2228187467,5.2042241662,False,3.7450030909,3.8408599586,False,16.6452193414,10.6466486433,False,8.0562154055,8.2786243369,False,42.3367210824,6.5819892961,False,정범모,0.5045322658,,,
69238,377,43,True,True,0.1182115594,0.4727955793,0.1878419044,False,180,197,42,38,180.0000000000,197.0000000000,178.2439333861,198.7560666139,377,377,43,43,204.8554687288,224.9637939084,True,True,-0.3229443915,1.4956169184,True,-0.6513964032,1.4947461707,True,-0.0082210041,1.4401145308,True,-1.2225455774,3.5900202460,True,-0.0164908263,2.8887791205,True,34.7211051191,3.3640013747,True,김대한,-0.3284520117,92.0000000000,98.0000000000,6.0000000000
67905,138,22,False,True,0.0741652136,0.4756322735,0.1959921078,False,66,72,21,18,66.0000000000,72.0000000000,65.6372537486,72.3627462514,138,138,22,22,73.9409116879,80.5699056009,True,True,0.2262771013,3.1332142865,False,0.8046988704,3.0303633778,False,1.1661463979,2.7753826159,False,5.0401320300,5.8896055532,False,2.3378455164,5.5547353127,False,38.2565214099,5.9950911812,False,천재환,0.5784217691,,,
51640,11,2,False,True,-0.0398370038,0.2903875672,0.1574725618,False,4,7,2,2,4.0000000000,7.0000000000,3.1942632387,7.8057367613,11,11,2,2,3.8361617767,8.3795165385,False,False,-8.6756762438,6.4202201028,False,-7.7312532606,5.6092510561,False,-9.4013195165,10.6881140485,False,-20.9456612310,15.5456219730,False,-22.8118014605,22.3869028082,False,46.0177646587,11.6270465303,False,권다결,0.9444229832,,,
64011,120,21,False,True,0.0514249354,0.5265522093,0.1800135069,False,63,57,21,15,63.0000000000,57.0000000000,63.1862651205,56.8137348795,120,120,21,21,72.7596692127,66.5526445391,True,True,-1.5967499448,3.5309791384,False,-2.7443058537,3.7768028207,False,-3.0173949836,3.6130688888,False,-7.2593402664,7.9053248605,False,-6.0518566828,7.2374380168,False,26.1747630512,6.4845676913,False,안승한,-1.1475559090,,,
66113,8,2,False,True,-0.0728555173,0.5730547419,0.1957061103,False,5,3,2,2,5.0000000000,3.0000000000,4.5844379351,3.4155620649,8,8,2,2,5.0126782815,3.8579442315,False,False,-10.9142282559,7.1250433078,False,-12.4359825372,5.4665532227,False,-11.3714943355,8.5779098374,False,-33.3005550940,8.1452472403,False,-23.2390964665,16.3891825082,False,9.1962666896,8.6187179650,False,김호은,-1.5217542813,,,
66706,513,37,True,True,-0.0385512468,0.5288982101,0.1877898248,False,279,234,36,35,279.0000000000,234.0000000000,271.3247817813,241.6752182187,513,513,37,37,306.9435044103,277.8769896203,True,True,0.4676000522,1.3171206530,True,0.7548300707,1.2490554279,True,0.9776424768,1.2016047863,True,2.8012221256,3.0795706591,True,1.9618383297,2.4113343752,True,40.0918356771,3.1803010735,True,장진혁,0.2872300185,72.0000000000,67.0000000000,-5.0000000000
52547,935,53,True,True,-0.0069837675,0.4956843665,0.1863641569,False,476,459,53,53,476.0000000000,459.0000000000,463.4648826577,471.5351173423,935,935,53,53,531.7050781972,539.6037818176,True,True,2.4647610901,1.0313688710,True,2.3734565050,1.0418468940,True,2.3674286288,1.0458284428,True,6.5259969971,2.4096496826,True,4.7352100249,2.0913328499,True,42.2171007423,2.4165123182,True,렉스,-0.0913045851,30.0000000000,29.0000000000,-1.0000000000
66662,17,2,False,True,0.1876270504,0.4088384441,0.2071083328,False,7,10,2,2,7.0000000000,10.0000000000,6.9502535505,10.0497464495,17,17,2,2,7.5924546023,10.6741534966,False,False,-11.8714556260,1.9571545140,False,-10.8556952751,2.3225936958,False,-7.4348205088,0.8098194995,False,-16.0561840850,4.7583950756,False,-15.3809295250,1.3451398753,False,14.9257639506,6.5402151088,False,신범수,1.0157603509,,,
52125,679,39,True,True,-0.0172381744,0.4901722056,0.1907137218,False,338,341,39,39,338.0000000000,341.0000000000,332.8269276014,346.1730723986,679,679,39,39,378.5362614286,391.6416594695,True,True,3.0606138434,1.4386290338,True,2.8445787576,1.4334237538,True,2.8106961108,1.4401113103,True,6.8911428163,3.4429220370,True,5.6235648418,2.8815161401,True,43.8357085758,3.1435533735,True,가르시아,-0.2160350857,20.0000000000,20.0000000000,0.0000000000
52806,763,49,True,True,0.0055153011,0.5028597165,0.1926984450,False,393,370,49,49,393.0000000000,370.0000000000,383.6819636535,379.3180363465,763,763,49,49,433.0179063833,428.7270715121,True,True,-1.3840459585,1.2986159401,True,-1.4275596903,1.2737502655,True,-1.4307141297,1.2701124493,True,-1.9213655863,2.7242433330,True,-2.8615218653,2.5400855881,True,35.4505199590,2.4812790326,True,라가레스,-0.0435137317,113.0000000000,116.0000000000,3.0000000000
69207,32,2,False,True,0.0755929321,0.4549490508,0.1893067792,False,16,16,2,2,16.0000000000,16.0000000000,14.5583696257,17.4416303743,32,32,2,2,16.7135002751,19.5452818588,False,False,3.5349893134,0.0027412233,False,3.9108362876,0.3286928231,False,4.5919429564,1.5278953397,False,7.3892487518,6.4039762142,False,9.2590541747,3.2102007330,False,55.8679600003,1.2363014281,False,김태근,0.3758469742,,,
69203,112,11,False,True,0.0403286605,0.5530256404,0.1916720643,False,61,51,11,10,61.0000000000,51.0000000000,61.9388717227,50.0611282773,112,112,11,11,68.8505234231,57.1607493235,True,True,-1.3317033911,2.6453368683,False,-1.5022127478,2.3058416740,False,-1.9299033576,2.2862368967,False,-4.2520948970,5.7732264250,False,-3.9037112644,4.5920629655,False,34.3103605966,7.2637699464,False,송승환,-0.1705093567,,,
65040,39,5,False,True,0.2161371249,0.4858700088,0.1552793496,False,20,19,5,5,20.0000000000,19.0000000000,18.9489303436,20.0510696564,39,39,5,5,23.5255912194,24.5677674408,False,False,0.5274438129,5.3889020470,False,1.5474467173,4.6930757648,False,2.1582498513,4.0917331865,False,9.8211840046,9.8212919119,False,4.3199497294,8.1847118092,False,37.6418219061,17.1380345237,False,김태훈,1.0200029044,,,
65115,21,3,False,True,-0.0260694391,0.3728046818,0.1760256665,False,7,14,2,3,7.0000000000,14.0000000000,7.8288983168,13.1711016832,21,21,3,3,9.2652907396,14.5080060151,False,False,-4.0110314678,3.2902200130,False,-4.1366795434,2.7573966860,False,-4.7998616630,4.0727856478,False,-19.1699191283,9.1091760388,False,-10.2639507515,8.8292374189,False,29.8140425647,17.2125349166,False,안익훈,-0.1256480756,,,
65514,138,13,False,True,0.0045979497,0.5684972947,0.1764272174,False,81,57,13,11,81.0000000000,57.0000000000,78.4526266670,59.5473733330,138,138,13,13,89.2687005091,70.8585433574,True,True,1.1229046273,2.6263900231,False,0.4414526188,2.2976915732,False,0.3784631960,2.3663585472,False,1.6167215351,7.0096287925,False,0.7714037248,4.8256210452,False,38.7900932937,4.3752840621,False,강태율,-0.6814520085,,,
51996,10,3,False,True,0.1628497853,0.4626766997,0.2121961222,False,5,5,3,2,5.0000000000,5.0000000000,4.6267669973,5.3732330027,10,10,3,3,5.0219769691,5.7638081928,False,False,-3.6048433181,14.3053147339,False,-4.3787795825,14.5716416080,False,-3.1631612953,14.5986892082,False,-8.5800105773,31.9862049591,False,-6.3617711106,29.3418684743,False,34.3349566939,38.0255595896,False,오태양,-0.7739362644,,,
69706,95,15,False,True,-0.0490397555,0.5758571258,0.1908726746,False,56,39,15,14,56.0000000000,39.0000000000,54.7064269527,40.2935730473,95,95,15,15,60.2948215114,46.0939091402,False,False,-0.4174549547,4.2789613023,False,-0.7255478877,4.3836474100,False,0.0184550930,4.1744869622,False,2.0264102341,10.1771482725,False,0.0377797711,8.5454084694,False,38.4946759272,10.1559520245,False,허관회,-0.3080929331,,,
52405,79,10,False,True,0.0513355318,0.4819681941,0.2022399876,False,38,41,10,10,38.0000000000,41.0000000000,38.0754873335,40.9245126665,79,79,10,10,42.2319134042,45.0495900410,False,False,-1.8318523263,3.3552382879,False,-1.3456553290,3.1704747280,False,-1.1605208598,3.0741109809,False,-0.2355013572,6.6596819230,False,-2.3240643607,6.1586465093,False,43.1839639007,9.8168050901,False,조민성,0.4861969973,,,
66112,35,7,False,True,0.2338899430,0.4625264622,0.1864147651,False,16,19,7,4,16.0000000000,19.0000000000,16.1884261773,18.8115738227,35,35,7,7,18.7027845034,21.2726303658,False,False,-3.0109952108,4.7683987581,False,-2.4297364050,4.9795711695,False,-0.6767996816,2.6167426398,False,2.9895151191,7.9491244188,False,-1.3612455669,5.2799557715,False,21.8088138886,8.8970711837,False,김기연,0.5812588058,,,
68204,8,3,False,True,0.1805602526,0.5087527118,0.1501678917,False,4,4,2,3,4.0000000000,4.0000000000,4.0700216940,3.9299783060,8,8,3,3,5.0627107124,4.9313708113,False,False,-3.5545200565,11.1562921835,False,-4.0925515020,11.0986651208,False,-4.4086298710,6.7653670064,False,-12.9872724294,21.9958384208,False,-8.8199625301,13.4583305811,False,40.9754099156,23.1686932669,False,권민석,-0.5380314455,,,
52430,71,9,False,True,-0.0627941469,0.4823943905,0.1906618659,False,33,38,9,7,33.0000000000,38.0000000000,34.2500017280,36.7499982720,71,71,9,9,39.0253359078,41.4804652208,False,False,5.3691073206,4.6738017424,False,5.1342847460,4.6250072534,False,4.9131789007,4.6286788848,False,13.1708336233,11.5992454055,False,9.8385559375,9.2664121122,False,39.1126375604,8.1906189422,False,김영웅,-0.2348225746,,,
52705,155,16,False,True,0.1512402277,0.5535164517,0.1914976907,False,88,67,15,16,88.0000000000,67.0000000000,85.7950500072,69.2049499928,155,155,16,16,95.3827183750,79.0565362198,True,True,-0.2863662788,2.4929167717,False,0.3084223766,2.4821952560,False,-1.3103456909,2.0622848930,False,-2.9182551431,4.6158685795,False,-2.6510620611,4.1601357189,False,41.3832778786,5.2741283892,False,유상빈,0.5947886554,,,
51604,11,3,False,True,-0.0662723507,0.5516830370,0.2203407030,False,6,5,3,2,6.0000000000,5.0000000000,6.0685134072,4.9314865928,11,11,3,3,6.3806529431,5.2473723145,False,False,17.0648770032,6.1237724744,False,17.4595333140,6.0674222760,False,18.1445645853,5.9961384860,False,38.4699289943,13.6570519710,False,36.6810495043,13.0180489042,False,77.3081256516,6.9972114885,False,김선우,0.3946563108,,,
68868,58,9,False,True,0.0039489232,0.4595896491,0.1912356629,False,26,32,9,7,26.0000000000,32.0000000000,26.6561996489,31.3438003511,58,58,9,9,30.4402050699,35.0491409418,False,False,-4.9647637510,4.1125436337,False,-6.0501621968,4.3091153777,False,-6.0182467223,4.3383093633,False,-10.5116068594,9.4965960896,False,-12.1156325851,8.6988304466,False,33.6471412612,14.1339847047,False,최준우,-1.0853984458,,,
69428,19,3,False,True,-0.2265916791,0.4971677829,0.1886860313,False,10,9,3,3,10.0000000000,9.0000000000,9.4461878745,9.5538121255,19,19,3,3,10.7748371124,10.8803594736,False,False,7.6071374174,2.7958001710,False,7.7898004398,3.0847411860,False,7.6614490726,1.7902323395,False,9.6392379321,3.6889581787,False,15.3233898086,3.5770431859,False,52.5010535134,0.7390360863,False,이병헌,0.1826630224,,,
67207,119,10,False,True,0.0218714454,0.5968458719,0.1760742627,False,72,47,10,10,72.0000000000,47.0000000000,71.0246587545,47.9753412455,119,119,10,10,79.6371097341,57.1205779185,False,True,-3.3132374093,2.8038841139,False,-3.4069034418,2.9085423542,False,-3.8305352819,2.6891205879,False,-15.0552649814,7.0792681826,False,-7.9596902149,5.6754236567,False,31.6132886659,7.2861865988,False,이유찬,-0.0936660326,,,
64101,34,4,False,True,-0.0461432163,0.6022631017,0.1668203060,False,21,13,4,4,21.0000000000,13.0000000000,20.4769454567,13.5230545433,34,34,4,4,23.2890469261,16.5488320800,False,False,7.1244088599,5.1146567541,False,6.4064198953,4.4498587840,False,7.3501695785,3.1911424449,False,19.3756553493,10.7483511647,False,15.3421146622,6.8052717883,False,43.4129804873,6.5312634110,False,한석현,-0.7179889647,,,
65157,16,4,False,True,0.0412714983,0.5601110887,0.1474346358,False,9,7,4,3,9.0000000000,7.0000000000,8.9617774192,7.0382225808,16,16,4,4,10.8847277683,9.0809653017,False,False,1.8092240415,2.9595643731,False,2.6608472799,3.3805861009,False,2.1646723406,3.2990238021,False,1.3694287634,14.5116150727,False,4.3928359735,6.6829200274,False,31.8869806203,13.7132038951,False,최민창,0.8516232384,,,
68869,2,1,False,False,0.4632883662,0.4607601203,0.1975855289,False,1,1,1,1,1.0000000000,1.0000000000,0.9215202405,1.0784797595,2,2,1,1,1.0358987144,1.1908287557,False,False,-27.0905595390,,False,-26.9786919473,,False,-23.3428159923,,False,-52.5140701120,,False,-46.9749541398,,False,-7.8479759479,,False,전경원,0.1118675916,,,
78629,5,1,False,False,0.1244437150,0.5621657254,0.2114712849,False,3,2,1,1,3.0000000000,2.0000000000,2.8108286269,2.1891713731,5,5,1,1,2.9955388779,2.3773939894,False,False,16.6129765631,,False,16.4295569137,,False,14.8823301508,,False,33.5648804453,,False,30.2319958547,,False,92.3630044224,,False,나지완,-0.1834196494,,,
67119,4,1,False,False,0.1282282028,0.3926133461,0.1646791239,False,2,2,1,1,2.0000000000,2.0000000000,1.5704533843,2.4295466157,4,4,1,1,1.9339204556,2.7655184216,False,False,-20.9926608342,,False,-18.3666754635,,False,-15.6126759357,,False,-28.1322889563,,False,-32.7353543435,,False,-18.0875459574,,False,고우석,2.6259853708,,,
