season,batter_id,batter_name,batter_stance,pitches_seen,qualified_300,swing_pct,expected_swing_pct,decision_value,decision_value_per_100,decision_capture_pct,swing_pitches,swing_decision_value_per_100,take_pitches,take_decision_value_per_100,in_zone_pitches,in_zone_decision_value_per_100,out_zone_pitches,out_zone_decision_value_per_100,seager_a_hittable_swings,seager_b_avoid_swings,seager_c_hittable_takes,seager_d_avoid_takes,hittable_pitches,avoid_pitches,selection_tendency_pct,hittable_pitches_taken_pct,hittable_avoidance_pct,seager_raw,seager_correct_pct,heart_pitches,heart_decision_value_per_100,heart_swing_decision_value_per_100,heart_take_decision_value_per_100,shadow_pitches,shadow_decision_value_per_100,shadow_swing_decision_value_per_100,shadow_take_decision_value_per_100,chase_pitches,chase_decision_value_per_100,chase_swing_decision_value_per_100,chase_take_decision_value_per_100,waste_pitches,waste_decision_value_per_100,waste_swing_decision_value_per_100,waste_take_decision_value_per_100,seager_plus,selection_tendency_plus,hittable_avoidance_plus,za_with_contact_plus,z_za_with_contact_plus,o_za_with_contact_plus,zone_awareness_raw,zone_awareness_plus,z_zone_awareness_raw,z_zone_awareness_plus,o_zone_awareness_raw,o_zone_awareness_plus,terminal_plate_appearances,walks,strikeouts,hit_by_pitch,bb_pct,k_pct,hbp_pct,z_swing_pct,o_swing_pct,heart_swing_pct,shadow_in_swing_pct,shadow_out_swing_pct,chase_swing_pct,waste_swing_pct,shadow_in_pitches,shadow_out_pitches,heart_vs_chase_residual,zone_vs_out_residual,out_zone_take_pct,bb_vs_oza_residual,bb_vs_oza_residual_z,bb_vs_oza_residual_outlier,k_vs_zza_residual,k_vs_zza_residual_z,k_vs_zza_residual_outlier,za_with_contact_value,za_with_contact_per_100
2024,69064,강민성,,5,False,40.0,37.750518,0.193365,3.867304,51.613725,2,4.103899,3,3.709574,1,16.681855,4,0.663666,1,1,0,3,1,4,75.0,0.0,100.0,75.0,80.0,1,16.681855,16.681855,,1,-0.589637,,-0.589637,3,1.081434,-8.474058,5.859179,0,,,,260.843,179.246,204.164,64.281,246.354,54.016,75.0,260.843,75.0,179.246,100.0,204.164,1,0,0,0,0.0,0.0,0.0,100.0,25.0,100.0,,0.0,33.3333,,0,1,26.437555,35.397982,75.0,,,,,,,0.193365,3.867304
2024,74540,강민호,,1562,True,48.207426,44.633687,105.374067,6.746099,55.361749,753,4.72431,809,8.627937,720,6.493187,842,6.962366,537,216,209,600,746,816,52.770449,25.834363,74.165637,26.936085,72.791293,378,7.507133,12.04613,-4.941403,653,3.555125,4.610117,2.029931,339,6.703112,-15.454602,13.215112,192,16.176347,-28.374857,19.41191,93.636,87.305,104.771,104.372,98.168,105.432,26.936085,93.636,52.770449,87.305,74.165637,104.771,448,33,50,8,7.3661,11.1607,1.7857,70.5556,29.0974,73.2804,67.5439,49.8392,22.7139,6.7708,342,311,2.154236,3.824559,70.9026,-1.23236,-0.672031,False,-9.891379,-1.538684,True,105.374067,6.746099
2024,68050,강백호,,2454,True,43.643032,43.343482,131.109618,5.34269,42.672963,1071,1.622732,1383,8.223439,1002,5.582962,1452,5.176883,652,419,395,988,1047,1407,60.243902,28.561099,71.438901,31.682803,66.829666,537,6.165236,12.753287,-5.482708,942,3.256718,3.701791,2.776274,638,4.448569,-17.576749,14.143687,337,11.555533,-23.162304,16.769133,110.149,118.215,94.281,84.828,84.93,90.857,31.682803,110.149,60.243902,118.215,71.438901,94.281,611,57,127,3,9.329,20.7856,0.491,60.3792,32.0937,63.8734,56.3441,47.5891,30.5643,13.0564,465,477,-9.053787,-7.908728,67.9063,0.36185,0.197324,False,4.222289,0.656811,False,131.109618,5.34269
2024,54567,강성우,,7,False,85.714286,52.43658,0.32092,4.584576,62.602586,6,3.827597,1,9.126451,4,8.05687,3,-0.045149,4,2,0,1,4,3,20.0,0.0,100.0,20.0,71.428571,4,8.05687,8.05687,,2,4.725045,0.32364,9.126451,1,-9.585539,-9.585539,,0,,,,69.507,-48.235,204.164,74.27,120.911,48.23,20.0,69.507,20.0,-48.235,100.0,204.164,4,0,0,0,0.0,0.0,0.0,100.0,66.6667,100.0,,50.0,100.0,,0,2,11.143016,13.747828,33.3333,,,,,,,0.32092,4.584576
2024,54506,강승구,,8,False,50.0,53.382805,-0.689236,-8.615448,-34.222741,4,-9.702853,4,-7.528044,3,-30.27523,5,4.380421,1,3,2,2,3,5,66.666667,50.0,50.0,16.666667,37.5,0,,,,7,-17.767366,-9.702853,-28.520051,0,,,,1,55.447978,,55.447978,57.911,144.78,11.799,-109.555,-436.599,84.356,16.666667,57.911,66.666667,144.78,50.0,11.799,2,0,1,0,0.0,50.0,0.0,33.3333,60.0,,33.3333,75.0,,0.0,3,4,,-49.454833,40.0,,,,,,,-0.689236,-8.615448
2024,63123,강승호,,2139,True,51.846657,45.097998,121.172806,5.664928,45.589126,1109,2.858073,1030,8.687066,936,7.421053,1203,4.298566,718,391,258,772,976,1163,51.812081,25.048544,74.951456,26.763537,69.658719,501,8.937369,13.627382,-5.021002,860,3.0031,3.158487,2.754761,498,3.661121,-16.23011,13.878804,280,11.549125,-24.128254,16.813001,93.036,83.341,107.795,89.315,111.663,83.687,26.763537,93.036,51.812081,83.341,74.951456,107.795,564,29,158,7,5.1418,28.0142,1.2411,72.8632,35.4946,74.8503,70.5747,52.2353,33.9357,12.8571,435,425,1.149654,2.808153,64.5054,-2.103495,-1.147078,False,8.076909,1.256429,False,121.172806,5.664928
2024,62925,강진성,,103,False,49.514563,42.771745,4.642445,4.507228,42.866283,51,1.015435,52,7.931871,42,4.698826,61,4.375307,28,23,14,38,42,61,57.575758,26.923077,73.076923,30.652681,64.07767,22,5.646106,13.138274,-5.175913,42,1.850416,1.527126,2.375761,29,5.627803,-13.521928,15.706609,10,9.910637,-11.748195,15.325345,106.566,107.179,100.583,73.193,72.071,84.314,30.652681,106.566,57.575758,107.179,73.076923,100.583,31,3,5,0,9.6774,16.129,0.0,64.2857,39.3443,59.0909,70.0,54.5455,34.4828,20.0,20,22,-14.735261,-7.769663,60.6557,,,,,,,4.642445,4.507228
2024,65514,강태율,,34,False,64.705882,50.212278,0.781499,2.298527,14.456379,22,-1.025126,12,8.39189,17,4.912632,17,-0.315579,14,8,3,9,17,17,39.130435,25.0,75.0,14.130435,67.647059,11,11.135304,12.584928,-3.360934,12,-6.508523,-3.291688,-16.159028,8,-5.576978,-39.592289,14.832209,3,26.126552,,26.126552,49.087,30.889,107.981,42.434,75.18,46.023,14.130435,49.087,39.130435,30.889,75.0,107.981,10,0,4,0,0.0,40.0,0.0,82.3529,47.0588,90.9091,66.6667,83.3333,37.5,0.0,6,6,16.390739,6.289057,52.9412,,,,,,,0.781499,2.298527
2024,64610,강한울,,95,False,45.263158,46.557871,4.878716,5.13549,33.024027,43,-1.441519,52,10.574171,43,4.883325,52,5.344011,27,16,16,36,43,52,57.142857,30.769231,69.230769,26.373626,66.315789,26,3.124098,8.323086,-6.696214,35,5.777028,9.341322,2.775517,25,-0.178501,-35.293895,23.231761,9,23.212396,,23.212396,91.68,105.389,85.786,81.942,74.754,92.221,26.373626,91.68,57.142857,105.389,69.230769,85.786,25,0,6,0,0.0,24.0,0.0,62.7907,30.7692,65.3846,58.8235,33.3333,40.0,0.0,17,18,-9.707306,-4.809013,69.2308,,,,,,,4.878716,5.13549
2024,50066,강현우,,143,False,34.265734,40.421965,15.121987,10.574816,59.779219,49,2.549656,94,14.758144,58,6.163317,85,13.585015,31,18,26,68,57,86,68.686869,27.659574,72.340426,41.027294,69.230769,30,5.923006,14.901177,-5.81768,55,3.940316,1.403959,5.763323,37,14.720893,-18.802354,23.968685,21,27.291337,-10.2591,29.168859,142.657,153.135,97.749,157.691,93.37,159.491,41.027294,142.657,68.686869,153.135,72.340426,97.749,36,8,10,0,22.2222,27.7778,0.0,51.7241,22.3529,56.6667,46.4286,37.037,21.6216,4.7619,28,27,-14.208871,-11.502476,77.6471,,,,,,,15.121987,10.574816
2024,51868,고명준,,1397,True,50.035791,46.554899,75.913476,5.434036,44.509213,699,3.936109,698,6.934108,642,6.150624,755,4.824698,467,232,188,510,655,742,52.200614,26.934097,73.065903,25.266517,69.935576,345,7.336975,12.0304,-6.797872,550,2.802559,4.635235,0.214308,329,4.718596,-15.427157,13.018992,173,11.365696,-17.094172,15.512166,87.828,84.948,100.54,86.1,93.186,87.982,25.266517,87.828,52.200614,84.948,73.065903,100.54,366,25,90,1,6.8306,24.5902,0.2732,71.3396,31.9205,75.0725,67.0034,48.6166,29.1793,12.7168,297,253,2.463057,3.141667,68.0795,-0.413397,-0.225434,False,3.114641,0.484508,False,75.913476,5.434036
2024,69517,고승민,,2055,True,42.871046,44.87958,112.473758,5.473176,45.111976,881,3.32731,1174,7.083489,925,5.65321,1130,5.325803,580,301,357,817,937,1118,58.482462,30.408859,69.591141,28.073604,67.980535,468,7.594424,14.177801,-5.322328,848,2.893848,3.641765,2.177022,479,5.164404,-17.82535,13.548132,260,10.636356,-24.765926,14.909045,97.594,110.93,87.172,86.645,85.951,92.073,28.073604,97.594,58.482462,110.93,69.591141,87.172,535,41,78,1,7.6636,14.5794,0.1869,60.5405,28.4071,66.2393,54.7046,42.1995,26.7223,10.7692,457,391,-5.806463,-5.831858,71.5929,-0.46087,-0.251322,False,-3.437735,-0.534768,False,112.473758,5.473176
2024,54344,고영우,,1142,True,47.022767,45.319773,81.439121,7.131272,56.054484,537,4.997827,605,9.024924,491,7.546613,651,6.818011,373,164,137,468,510,632,55.648038,22.644628,77.355372,33.00341,73.642732,265,8.089573,12.577713,-5.442848,460,4.475597,5.496057,3.12529,275,6.084456,-16.579173,13.972288,142,15.973066,-16.395497,17.1544,114.744,99.206,117.043,109.736,113.489,104.253,33.00341,114.744,55.648038,99.206,77.355372,117.043,284,28,70,1,9.8592,24.6479,0.3521,71.2831,28.725,75.0943,66.8142,47.4359,25.8182,3.5211,226,234,3.255954,4.74556,71.275,1.08202,0.590047,False,3.202747,0.498213,False,81.439121,7.131272
2024,61353,고종욱,,127,False,54.330709,44.145757,7.439572,5.85793,36.575299,69,-0.500331,58,13.422069,47,9.013667,80,4.003935,37,32,14,44,51,76,54.320988,24.137931,75.862069,30.183057,63.779528,27,14.974716,16.477014,-3.804003,50,-2.248583,-6.015122,2.545194,34,5.596446,-17.197608,18.029567,16,16.361864,-17.913372,27.786942,104.932,93.718,111.298,92.003,134.826,81.282,30.183057,104.932,54.320988,93.718,75.862069,111.298,36,4,6,0,11.1111,16.6667,0.0,74.4681,42.5,92.5926,50.0,60.0,35.2941,25.0,20,30,18.580312,0.773024,57.5,,,,,,,7.439572,5.85793
2024,68407,공민규,,73,False,43.835616,42.899357,3.042626,4.167981,35.3213,32,1.395604,41,6.331787,27,4.739491,46,3.832529,16,16,11,30,27,46,65.217391,26.829268,73.170732,38.388123,63.013699,13,0.089689,5.879035,-9.173265,33,2.167405,3.674996,0.358295,17,5.314103,-11.420482,14.442059,10,14.123254,,14.123254,133.476,138.785,100.944,68.469,72.662,79.883,38.388123,133.476,65.217391,138.785,73.170732,100.944,18,1,9,2,5.5556,50.0,11.1111,59.2593,34.7826,61.5385,57.1429,52.6316,35.2941,0.0,14,19,-12.473788,-10.425789,65.2174,,,,,,,3.042626,4.167981
2024,69100,구본혁,,1481,True,45.779878,44.397216,105.383803,7.115719,53.839424,678,4.868837,803,9.012838,671,7.867352,810,6.493071,479,199,197,606,676,805,55.852535,24.533001,75.466999,31.319533,73.26131,353,9.209386,13.687787,-4.074859,579,4.391588,6.069711,2.430636,379,6.038576,-20.808653,14.399305,170,14.447747,-27.7896,17.655646,108.886,100.052,109.778,109.519,118.154,101.601,31.319533,108.886,55.852535,100.052,75.466999,109.778,389,37,51,4,9.5116,13.1105,1.0283,67.8092,27.5309,74.7875,60.0629,46.3602,23.7467,7.0588,318,261,3.424393,1.892118,72.4691,0.161478,0.088057,False,-6.458136,-1.004615,False,105.383803,7.115719
2024,62404,구자욱,,2159,True,45.437703,45.540323,134.322786,6.221528,50.080258,981,2.993025,1178,8.91012,954,6.224818,1205,6.218923,645,336,315,863,960,1199,57.228117,26.740238,73.259762,30.487879,69.847151,505,7.624458,12.228109,-4.992958,862,2.740379,2.468707,3.049803,515,6.69459,-17.030738,14.871466,277,13.617353,-23.666112,16.51879,105.992,105.742,101.286,97.067,94.265,99.363,30.487879,105.992,57.228117,105.742,73.259762,101.286,565,52,71,12,9.2035,12.5664,2.1239,66.3522,28.8797,73.2673,58.5746,47.4576,25.6311,7.2202,449,413,1.471878,-0.265723,71.1203,0.500463,0.272913,False,-6.2153,-0.96684,False,134.322786,6.221528
2024,52769,권광민,,203,False,43.842365,46.876777,7.418972,3.654666,31.151892,89,0.231215,114,6.32736,90,3.953296,113,3.416819,57,32,33,81,90,113,58.695652,28.947368,71.052632,29.748284,67.980296,46,5.81113,10.561569,-5.047015,89,1.173776,-0.334045,2.521191,49,3.44477,-20.338537,11.158275,19,10.596071,-19.766584,16.289069,103.419,111.811,92.795,61.32,61.227,76.49,29.748284,103.419,58.695652,111.811,71.052632,92.795,51,3,17,0,5.8824,33.3333,0.0,62.2222,29.2035,69.5652,54.5455,40.0,24.4898,15.7895,44,45,-1.968387,-4.56397,70.7965,,,,,,,7.418972,3.654666
2024,51003,권동진,,41,False,41.463415,48.1014,1.784569,4.352607,30.236534,17,0.024242,24,7.418532,20,4.595033,21,4.121725,11,6,6,18,17,24,62.068966,25.0,75.0,37.068966,70.731707,10,6.396564,9.185598,-4.759571,21,4.560081,5.408055,4.295089,9,-0.604821,-25.028236,18.933911,1,24.172922,,24.172922,128.887,125.763,107.981,71.04,70.561,82.244,37.068966,128.887,62.068966,125.763,75.0,107.981,10,1,2,0,10.0,20.0,0.0,60.0,23.8095,80.0,40.0,9.0909,44.4444,0.0,10,11,3.888469,-3.98343,76.1905,,,,,,,1.784569,4.352607
2024,50203,권휘,,5,False,60.0,24.961236,-0.025603,-0.512052,-10.239669,3,-3.969949,2,4.674795,1,1.871945,4,-1.108051,1,2,0,2,1,4,66.666667,0.0,100.0,66.666667,60.0,1,1.871945,1.871945,,0,,,,2,-6.890897,-6.890897,,2,4.674795,,4.674795,231.853,144.78,204.164,3.294,30.956,39.554,66.666667,231.853,66.666667,144.78,100.0,204.164,1,0,1,0,0.0,100.0,0.0,100.0,50.0,100.0,,,100.0,0.0,0,0,11.143016,22.4079,50.0,,,,,,,-0.025603,-0.512052
2024,63963,권희동,,2316,True,35.276339,46.790483,204.260154,8.819523,63.756415,817,8.570389,1499,8.955308,1066,6.840103,1250,10.507573,625,192,481,1018,1106,1210,61.95983,32.088059,67.911941,29.871771,70.941278,570,8.243699,17.37081,-4.767289,939,4.069723,6.135755,2.433457,531,12.727551,-19.974563,16.737535,276,18.649665,-22.780801,20.046198,103.849,125.312,80.712,133.247,103.214,134.371,29.871771,103.849,61.95983,125.312,67.911941,80.712,510,77,63,10,15.098,12.3529,1.9608,54.5028,18.88,58.7719,49.5968,38.149,10.9228,3.2609,496,443,-9.649174,-6.919246,81.12,2.402254,1.309998,False,-2.402899,-0.37379,False,204.260154,8.819523
2024,71837,김강민,,308,True,45.779221,43.245853,18.819569,6.11025,50.477738,141,2.798509,167,8.906391,134,4.819319,174,7.104415,93,48,41,126,134,174,57.534247,24.550898,75.449102,32.983348,71.103896,74,7.212973,12.425513,-5.107576,115,1.822392,1.558147,2.165911,83,6.495545,-14.423074,14.039966,36,16.652544,-17.754438,18.676484,114.674,107.008,109.709,95.517,73.823,106.591,32.983348,114.674,57.534247,107.008,75.449102,109.709,83,6,21,3,7.2289,25.3012,3.6145,66.4179,29.8851,70.2703,61.6667,50.9091,26.506,5.5556,60,55,-1.72584,-0.722432,70.1149,-0.991637,-0.54076,False,6.484053,1.008647,False,18.819569,6.11025
2024,51005,김건형,,103,False,50.485437,49.882008,5.233945,5.0815,54.999638,52,4.885457,51,5.281388,45,4.558117,58,5.487574,33,19,15,36,48,55,52.173913,29.411765,70.588235,22.762148,66.990291,22,6.207953,13.191928,-6.014002,47,2.887214,3.299912,2.006793,28,6.304367,-6.040067,9.671031,6,12.433039,,12.433039,79.116,84.837,91.008,81.19,70.024,93.393,22.762148,79.116,52.173913,84.837,70.588235,91.008,25,1,8,0,4.0,32.0,0.0,71.1111,34.4828,63.6364,78.2609,58.3333,21.4286,0.0,23,24,-7.194893,1.581788,65.5172,,,,,,,5.233945,5.0815
2024,53312,김건희,,1061,True,55.513666,45.578994,54.874308,5.171942,40.675233,589,2.204564,472,8.874879,460,8.907545,601,2.312746,354,235,103,369,457,604,51.037344,21.822034,78.177966,29.215311,68.143261,249,9.53258,13.450482,-5.310239,404,3.599198,3.407913,3.933621,270,1.358036,-15.676671,13.996689,138,9.370093,-21.213671,14.553782,101.565,80.136,120.208,82.45,133.283,67.477,29.215311,101.565,51.037344,80.136,78.177966,120.208,276,18,78,0,6.5217,28.2609,0.0,75.4348,40.2662,79.1165,71.09,55.4404,42.5926,14.4928,211,193,3.429805,2.900414,59.7338,1.565865,0.853898,False,6.934536,1.078723,False,54.874308,5.171942
2024,66614,김규성,,63,False,49.206349,41.916097,3.950196,6.270153,47.536097,31,1.828275,32,10.573222,26,9.191186,37,4.217535,16,15,7,25,23,40,60.97561,21.875,78.125,39.10061,65.079365,10,17.105401,19.309834,-2.734494,24,1.163848,-0.312999,3.231435,17,6.244561,-12.705508,14.140423,12,7.489643,-16.40082,15.453131,135.955,121.241,120.004,97.744,137.408,83.026,39.10061,135.955,60.97561,121.241,78.125,120.004,15,2,4,0,13.3333,26.6667,0.0,69.2308,35.1351,90.0,56.25,62.5,29.4118,25.0,16,8,17.337217,-0.637449,64.8649,,,,,,,3.950196,6.270153
2024,66112,김기연,,1060,True,47.830189,44.615486,70.421853,6.643571,54.143636,507,4.667327,553,8.455426,471,7.341834,589,6.085198,346,161,136,417,482,578,54.652687,24.593128,75.406872,30.059558,71.981132,253,8.71023,13.956538,-6.782773,427,4.478827,4.897023,3.97656,242,4.577465,-16.549924,13.525536,138,13.176024,-16.989465,16.313235,104.502,95.09,109.547,102.944,110.511,98.271,30.059558,104.502,54.652687,95.09,75.406872,109.547,283,22,47,2,7.7739,16.6078,0.7067,70.0637,30.0509,74.7036,64.6789,44.0191,29.7521,9.4203,218,209,1.962747,2.837218,69.9491,-0.367158,-0.200219,False,-4.178658,-0.650024,False,70.421853,6.643571
2024,54164,김대원,,7,False,85.714286,44.775397,-0.346521,-4.950298,-60.372232,6,-6.22544,1,2.700554,3,2.8907,4,-10.831046,3,3,0,1,3,4,25.0,0.0,100.0,25.0,57.142857,2,4.086693,4.086693,,3,-3.817491,-7.076513,2.700554,2,-15.686501,-15.686501,,0,,,,86.901,-27.555,204.164,-58.513,45.773,-39.814,25.0,86.901,25.0,-27.555,100.0,204.164,4,0,1,0,0.0,25.0,0.0,100.0,75.0,100.0,100.0,50.0,100.0,,1,2,11.143016,9.417818,25.0,,,,,,,-0.346521,-4.950298
2024,69238,김대한,,343,True,45.189504,44.66812,23.474788,6.843961,56.150066,155,4.733148,188,8.58426,152,6.529008,191,7.094605,106,49,43,145,149,194,57.768924,22.87234,77.12766,34.896584,73.177843,84,8.097286,11.657704,-5.934949,130,3.173959,3.830115,2.476143,94,7.921609,-14.112765,13.876846,35,14.573164,-21.790584,15.642686,121.33,107.978,116.167,105.735,98.689,106.511,34.896584,121.33,57.768924,107.978,77.12766,116.167,89,8,26,2,8.9888,29.2135,2.2472,68.4211,26.7016,79.7619,54.4118,48.3871,21.2766,2.8571,68,62,8.965479,2.934925,73.2984,-0.759294,-0.414058,False,9.314335,1.44892,False,23.474788,6.843961
2024,52605,김도영,,2382,True,43.366919,43.749163,180.579604,7.581008,58.552815,1033,4.664415,1349,9.814396,1066,6.272702,1316,8.640775,760,273,307,1042,1067,1315,57.824639,22.757598,77.242402,35.067041,75.650714,568,8.45316,12.671871,-4.567179,942,3.386018,3.773204,2.97511,565,9.290277,-18.973782,15.969748,307,15.693583,-36.247978,17.623844,121.923,108.209,116.609,115.999,94.961,119.132,35.067041,121.923,57.824639,108.209,77.242402,116.609,620,61,110,7,9.8387,17.7419,1.129,68.9493,22.6444,75.5282,61.4458,40.3153,19.115,3.5831,498,444,5.227688,5.57126,77.3556,-1.856128,-1.012184,False,-2.442579,-0.379963,False,180.579604,7.581008
2024,69442,김도환,,13,False,46.153846,48.235018,1.042953,8.022715,89.380609,6,9.329264,7,6.902816,3,15.461103,10,5.791198,4,2,1,6,5,8,60.0,14.285714,85.714286,45.714286,76.923077,2,21.750008,21.750008,,8,4.338779,3.118892,5.558666,2,8.645052,,8.645052,1,8.794945,,8.794945,158.963,117.206,149.202,122.15,228.599,95.872,45.714286,158.963,60.0,117.206,85.714286,149.202,3,0,1,0,0.0,33.3333,0.0,100.0,30.0,100.0,100.0,42.8571,0.0,0.0,1,7,34.084813,32.799966,70.0,,,,,,,1.042953,8.022715
2024,66838,김동엽,,76,False,51.315789,46.159813,4.724472,6.21641,54.136567,39,4.305735,37,8.230364,39,6.309991,37,6.11777,24,15,13,24,37,39,50.0,35.135135,64.864865,14.864865,63.157895,20,4.63352,14.645812,-5.378771,30,6.013589,6.992997,4.054773,13,2.440965,-10.414018,10.475329,13,12.895119,-16.581068,25.995647,51.642,75.846,68.989,96.995,95.504,98.537,14.864865,51.642,50.0,75.846,64.864865,68.989,20,0,5,1,0.0,25.0,5.0,66.6667,35.1351,50.0,84.2105,36.3636,38.4615,30.7692,19,11,-24.738946,-3.201549,64.8649,,,,,,,4.724472,6.21641
2024,51403,김동진,,128,False,39.84375,45.638351,5.953133,4.650885,48.99716,51,4.018893,77,5.069478,67,3.216732,61,6.226102,39,12,33,44,72,56,53.012048,42.857143,57.142857,10.154905,64.84375,38,4.305324,10.411089,-5.05685,51,1.810773,3.567268,0.767855,25,3.868475,-9.949792,9.242245,14,17.332122,-16.310519,22.939229,35.257,88.304,39.28,75.194,50.515,99.422,10.154905,35.257,53.012048,88.304,57.142857,39.28,42,3,10,0,7.1429,23.8095,0.0,55.2239,22.9508,60.5263,48.2759,22.7273,28.0,14.2857,29,22,-11.81259,-8.313347,77.0492,,,,,,,5.953133,4.650885
2024,53344,김동헌,,20,False,35.0,37.836301,1.01384,5.0692,66.529521,7,3.1605,13,6.096961,10,1.199568,10,8.938832,6,1,3,10,9,11,62.5,23.076923,76.923077,39.423077,80.0,6,2.890012,6.332399,-3.994763,7,1.072774,2.525806,0.491561,5,7.568284,-8.25771,11.524783,2,19.346539,,19.346539,137.077,127.546,115.38,81.019,21.177,121.565,39.423077,137.077,62.5,127.546,76.923077,115.38,7,1,0,1,14.2857,0.0,14.2857,50.0,20.0,66.6667,25.0,33.3333,20.0,0.0,4,3,-3.836846,-12.004002,80.0,,,,,,,1.01384,5.0692
2024,52504,김동혁,,69,False,44.927536,50.385897,2.013064,2.917483,28.604614,31,0.573849,38,4.829396,33,3.286134,36,2.579553,19,12,13,25,32,37,56.818182,34.210526,65.789474,22.607656,63.768116,13,5.1899,8.406637,-5.532557,34,-0.786662,-0.866878,-0.685056,15,4.800417,-24.903187,9.370202,7,12.653989,,12.653989,78.578,104.046,72.546,51.054,51.524,69.655,22.607656,78.578,56.818182,104.046,65.789474,72.546,17,2,5,0,11.7647,29.4118,0.0,60.6061,30.5556,76.9231,50.0,64.2857,13.3333,0.0,20,14,7.949014,-6.882626,69.4444,,,,,,,2.013064,2.917483
2024,54614,김두현,,19,False,47.368421,46.076719,1.287552,6.776587,72.694288,9,4.276469,10,9.026693,9,5.401717,10,8.01397,6,3,3,7,9,10,53.846154,30.0,70.0,23.846154,68.421053,4,3.604869,6.386834,-4.741027,10,6.207111,6.23936,6.174863,4,9.679693,-11.869079,16.862617,1,13.545793,,13.545793,82.887,91.754,88.745,104.796,82.294,114.016,23.846154,82.887,53.846154,91.754,70.0,88.745,6,0,0,1,0.0,0.0,16.6667,66.6667,30.0,75.0,60.0,40.0,25.0,0.0,5,5,3.349364,-0.533334,70.0,,,,,,,1.287552,6.776587
2024,53554,김민석,,287,False,50.522648,45.665392,9.377041,3.267262,25.348289,145,0.814786,142,5.771551,139,4.882902,148,1.74987,90,55,53,89,143,144,49.72067,37.323944,62.676056,12.396727,62.369338,71,5.96131,12.279381,-5.663942,120,0.134092,0.691927,-0.702659,53,-0.094552,-20.079509,13.020576,43,11.70631,-12.476109,15.627783,43.056,74.691,60.568,55.925,74.748,62.883,12.396727,43.056,49.72067,74.691,62.676056,60.568,84,2,20,4,2.381,23.8095,4.7619,62.5899,39.1892,64.7887,60.2941,59.6154,39.6226,13.9535,68,52,-10.216624,-9.384873,60.8108,,,,,,,9.377041,3.267262
2024,77564,김민성,,353,True,43.626062,47.348749,24.246471,6.868689,50.165198,154,5.486387,199,7.938409,157,8.059751,196,5.914624,104,50,57,142,161,192,57.723577,28.643216,71.356784,29.080361,69.688385,82,9.306083,17.417628,-4.753928,147,5.04455,6.503483,3.439725,79,3.876939,-22.382929,14.012327,45,13.638249,-23.052254,16.258999,101.096,107.791,93.965,106.079,120.953,96.879,29.080361,101.096,57.723577,107.791,71.356784,93.965,84,10,18,3,11.9048,21.4286,3.5714,63.0573,28.0612,63.4146,62.6667,41.6667,27.8481,6.6667,75,72,-8.889442,-3.135328,71.9388,3.614448,1.971032,True,2.052011,0.319207,False,24.246471,6.868689
2024,64793,김민수,,25,False,60.0,50.26291,1.522504,6.090017,71.290028,15,5.938533,10,6.317242,12,9.074237,13,3.335352,12,3,2,8,14,11,40.0,20.0,80.0,20.0,80.0,4,12.508465,12.508465,,15,4.091943,4.884473,2.506883,4,6.023139,-9.800588,11.297715,2,8.372429,,8.372429,69.507,34.486,127.218,95.235,135.707,75.825,20.0,69.507,40.0,34.486,80.0,127.218,8,0,1,0,0.0,12.5,0.0,91.6667,30.7692,100.0,87.5,42.8571,25.0,0.0,8,7,28.349364,24.066987,69.2308,,,,,,,1.522504,6.090017
2024,62864,김민식,,526,True,39.923954,47.870177,38.164003,7.255514,54.228536,210,6.011835,316,8.08201,236,5.499117,290,8.684858,151,59,91,225,242,284,59.840426,28.797468,71.202532,31.042957,71.48289,111,6.252947,14.710873,-8.759872,240,4.440428,6.154258,2.915525,111,7.469257,-18.766336,15.095883,64,19.180201,-8.259431,19.615751,107.923,116.546,93.371,111.466,83.71,119.492,31.042957,107.923,59.840426,116.546,71.202532,93.371,127,16,33,0,12.5984,25.9843,0.0,58.8983,24.4828,63.964,54.4,39.1304,22.5225,1.5625,125,115,-7.118253,-5.434979,75.5172,2.590953,1.412899,False,8.854143,1.377334,False,38.164003,7.255514
2024,64004,김민혁,,1429,True,45.976207,45.178016,96.070771,6.722937,53.416572,657,5.228263,772,7.994959,678,6.537365,751,6.89047,459,198,228,544,687,742,54.237288,29.533679,70.466321,24.703609,70.188943,374,7.957127,13.641739,-5.172818,575,3.256455,3.824854,2.577414,323,8.024517,-14.712687,14.546742,157,13.800835,-23.944627,16.644671,85.87,93.371,90.539,104.049,98.811,104.845,24.703609,85.87,54.237288,93.371,70.466321,90.539,393,34,45,1,8.6514,11.4504,0.2545,66.0767,27.8296,69.7861,61.5132,46.4945,22.291,7.0064,304,271,-1.243043,0.004413,72.1704,-0.555486,-0.302918,False,-7.18242,-1.117284,False,96.070771,6.722937
2024,65269,김민혁,,42,False,35.714286,40.81855,4.500716,10.715992,73.026417,15,10.839253,27,10.647513,16,6.686319,26,13.19579,10,5,7,20,17,25,66.666667,25.925926,74.074074,40.740741,71.428571,7,8.406978,14.625417,-7.139121,15,6.260185,15.994001,-2.256904,10,15.385426,-7.498768,25.192938,10,14.346577,,14.346577,141.661,144.78,104.419,159.657,100.977,156.314,40.740741,141.661,66.666667,144.78,74.074074,104.419,8,3,3,0,37.5,37.5,0.0,56.25,23.0769,71.4286,44.4444,50.0,30.0,0.0,9,6,-1.369126,-7.352769,76.9231,,,,,,,4.500716,10.715992
2024,53144,김범석,,703,True,49.644381,44.394218,38.611772,5.492428,45.468651,349,3.317808,354,7.636334,310,6.697749,393,4.541667,226,123,93,261,319,384,53.593429,26.271186,73.728814,27.322243,69.274538,157,8.903584,12.416244,-4.817742,288,2.400069,3.610049,0.799772,167,4.759098,-16.00762,13.633764,91,10.739838,-18.578262,14.359356,94.98,90.708,103.091,86.913,101.143,85.672,27.322243,94.98,53.593429,90.708,73.728814,103.091,180,13,49,2,7.2222,27.2222,1.1111,70.0,33.5878,79.6178,60.1307,53.3333,29.9401,10.989,153,135,6.833816,0.935733,66.4122,0.778187,0.424361,False,6.470087,1.006475,False,38.611772,5.492428
2024,69980,김범준,,15,False,53.333333,38.841589,0.205182,1.36788,13.550668,8,-0.986731,7,4.058864,7,1.890259,8,0.910798,3,5,2,5,5,10,62.5,28.571429,71.428571,33.928571,53.333333,3,-0.882759,9.880874,-22.410024,7,2.726712,-1.558082,8.439769,4,4.224428,-8.60505,8.50092,1,-12.818218,-12.818218,,117.962,127.546,94.241,29.474,31.222,56.034,33.928571,117.962,62.5,127.546,71.428571,94.241,5,0,2,0,0.0,40.0,0.0,57.1429,50.0,66.6667,50.0,66.6667,25.0,100.0,4,3,-4.983936,-20.4492,50.0,,,,,,,0.205182,1.36788
2024,52002,김병준,,58,False,41.37931,44.626536,2.742777,4.728925,41.673654,24,2.620926,34,6.216925,25,1.861967,33,6.900863,17,7,10,24,27,31,58.536585,29.411765,70.588235,29.124821,70.689655,17,6.842437,11.343984,-3.961278,17,-4.696925,-3.281153,-5.95539,16,7.592414,-11.744095,14.037917,8,14.540669,,14.540669,101.251,111.153,91.008,76.28,30.811,104.93,29.124821,101.251,58.536585,111.153,70.588235,91.008,17,2,2,0,11.7647,11.7647,0.0,64.0,24.2424,70.5882,50.0,44.4444,25.0,0.0,8,9,-1.062436,-0.208367,75.7576,,,,,,,2.742777,4.728925
2024,50304,김병휘,,276,False,39.130435,47.836539,15.676345,5.679835,50.405509,108,5.762049,168,5.626984,130,4.567468,146,6.670299,74,34,60,108,134,142,59.340659,35.714286,64.285714,23.626374,65.942029,74,3.321989,12.391586,-6.251475,108,4.774178,7.602174,2.148181,69,7.089839,-9.83984,11.399212,25,12.679888,-26.533577,20.14912,82.122,114.479,66.76,89.523,70.16,103.048,23.626374,82.122,59.340659,114.479,64.285714,66.76,71,6,26,5,8.4507,36.6197,7.0423,52.3077,27.3973,51.3514,53.5714,42.3077,20.2899,16.0,56,52,-19.218655,-13.539963,72.6027,,,,,,,15.676345,5.679835
2024,79402,김상수,,1636,True,39.853301,46.320614,119.186255,7.285223,60.665813,652,7.572536,984,7.094849,775,6.084443,861,8.366065,468,184,315,669,783,853,58.83905,32.012195,67.987805,26.826855,69.498778,421,6.144531,13.429749,-4.61188,680,5.016981,7.89305,2.273145,364,8.987655,-14.621465,13.83456,171,15.489619,-21.076442,17.050366,93.256,112.404,81.004,111.88,92.223,116.89,26.826855,93.256,58.83905,112.404,67.987805,81.004,421,37,58,6,8.7886,13.7767,1.4252,56.7742,24.6225,59.62,53.3898,43.865,17.033,4.0936,354,326,-10.202863,-7.631668,75.3775,-1.151773,-0.628085,False,-2.206058,-0.34317,False,119.186255,7.285223
2024,78603,김선빈,,1769,True,43.866591,44.235483,109.879795,6.211407,50.128591,776,4.337798,993,7.675577,793,6.537584,976,5.946389,531,245,283,710,814,955,57.211926,28.499496,71.500504,28.712429,70.152629,431,7.362414,13.631856,-5.532184,713,4.25222,5.20022,3.312164,396,5.047392,-17.681305,14.57878,229,12.157988,-26.033748,14.644892,99.816,105.675,94.518,96.926,98.814,97.138,28.712429,99.816,57.211926,105.675,71.500504,94.518,467,30,39,5,6.424,8.3512,1.0707,63.1778,28.1762,67.2854,58.2873,41.0256,29.5455,6.1135,362,351,-5.408056,-3.074582,71.8238,-1.81125,-0.987711,False,-11.090455,-1.72521,True,109.879795,6.211407
2024,52105,김성우,,22,False,59.090909,47.133923,0.450721,2.048731,12.911266,13,-2.221638,9,8.217042,8,5.65367,14,-0.011235,6,7,2,7,8,14,53.846154,22.222222,77.777778,31.623932,59.090909,2,24.704595,24.704595,,13,-2.074992,-6.266828,7.35664,2,-10.944516,-10.944516,,5,8.905363,,8.905363,109.945,91.754,118.668,38.956,85.958,48.507,31.623932,109.945,53.846154,91.754,77.777778,118.668,5,0,4,0,0.0,80.0,0.0,75.0,50.0,100.0,66.6667,71.4286,100.0,0.0,6,7,11.143016,-2.5921,50.0,,,,,,,0.450721,2.048731
2024,62934,김성욱,,1651,True,46.517262,47.358865,124.854404,7.56235,54.897981,768,5.480929,883,9.372692,770,7.113025,881,7.955063,552,216,237,646,789,862,53.923205,26.840317,73.159683,27.082888,72.562084,411,9.099691,14.358252,-6.22526,679,3.923409,4.395106,3.358594,399,7.941588,-19.970681,15.610774,162,17.980118,-15.497063,19.267702,94.147,92.072,100.901,115.739,107.183,113.535,27.082888,94.147,53.923205,92.072,73.159683,100.901,410,30,78,15,7.3171,19.0244,3.6585,68.7013,27.1283,74.4526,62.117,45.9375,21.5539,3.7037,359,320,3.592561,2.99341,72.8717,-2.226166,-1.213973,False,-1.026166,-0.159628,False,124.854404,7.56235
2024,67449,김성윤,,297,False,52.861953,42.034627,21.122418,7.111925,50.635675,157,3.392817,140,11.28264,126,9.522461,171,5.335741,104,53,26,114,130,167,52.293578,18.571429,81.428571,33.722149,73.400673,70,8.445147,11.185474,-4.799767,115,4.150354,4.726089,3.02841,71,8.101695,-20.875388,18.689476,41,11.428546,-19.658918,14.789353,117.244,85.332,132.714,109.466,142.226,92.154,33.722149,117.244,52.293578,85.332,81.428571,132.714,89,9,15,1,10.1124,16.8539,1.1236,79.3651,33.3333,82.8571,75.0,57.6271,26.7606,9.7561,56,59,10.80255,10.433072,66.6667,,,,,,,21.122418,7.111925
2024,69105,김성진,,63,False,58.730159,45.246515,4.174903,6.62683,61.244404,37,6.182229,26,7.259531,27,11.331014,36,3.098691,24,13,6,20,30,33,45.454545,23.076923,76.923077,22.377622,69.84127,16,16.819903,18.133974,-2.89116,28,1.474073,0.608232,2.628528,11,4.416606,-7.801819,11.398563,8,7.314389,-10.895785,13.384447,77.778,57.046,115.38,102.711,168.53,73.893,22.377622,77.778,45.454545,57.046,76.923077,115.38,16,1,4,0,6.25,25.0,0.0,77.7778,44.4444,93.75,54.5455,58.8235,36.3636,25.0,11,17,19.49235,3.072408,55.5556,,,,,,,4.174903,6.62683
2024,76802,김성현,,685,True,42.335766,48.689314,52.869777,7.718216,62.032888,290,7.604662,395,7.801584,310,7.54204,375,7.863854,212,78,114,281,326,359,56.997972,28.860759,71.139241,28.137212,71.970803,162,6.676871,13.851544,-6.188061,285,5.97406,8.07847,3.464955,164,7.628543,-15.721662,13.071072,74,16.914006,,16.914006,97.815,104.79,93.128,117.91,113.423,112.79,28.137212,97.815,56.997972,104.79,71.139241,93.128,167,16,28,4,9.5808,16.7665,2.3952,63.5484,24.8,64.1975,62.8378,45.2555,18.9024,0.0,148,137,-6.054237,-0.949697,75.2,-0.274324,-0.149594,False,-2.875395,-0.447291,False,52.869777,7.718216
2024,54905,김세훈,,22,False,59.090909,44.03441,1.386005,6.300021,51.888505,13,4.053463,9,9.545051,9,9.532954,13,4.061838,7,6,3,6,10,12,46.153846,33.333333,66.666667,12.820513,59.090909,4,2.12515,7.359187,-3.108888,11,4.333169,5.329267,-5.627819,5,5.453762,-15.316034,10.646211,2,27.583105,,27.583105,44.53,59.938,75.921,98.16,142.379,81.755,12.820513,44.53,46.153846,59.938,66.666667,75.921,5,1,2,0,20.0,40.0,0.0,66.6667,53.8462,50.0,80.0,100.0,20.0,0.0,5,6,-20.503546,-12.923898,46.1538,,,,,,,1.386005,6.300021
2024,67900,김수윤,,36,False,44.444444,48.487098,1.629829,4.527304,40.183948,16,1.513749,20,6.938148,19,0.551284,17,8.971091,13,3,6,14,19,17,51.851852,30.0,70.0,21.851852,75.0,11,0.48585,6.175009,-6.34114,13,4.667073,5.611265,3.156366,9,9.307947,-44.446139,16.027208,3,4.398371,-13.274051,13.234582,75.949,83.505,88.745,73.473,11.748,121.829,21.851852,75.949,51.851852,83.505,70.0,88.745,10,1,4,0,10.0,40.0,0.0,63.1579,23.5294,54.5455,75.0,40.0,11.1111,33.3333,8,5,-13.918773,-0.679989,76.4706,,,,,,,1.629829,4.527304
2024,50115,김수인,,15,False,40.0,49.298353,0.189229,1.261529,8.422439,6,-2.586507,9,3.826887,7,0.799039,8,1.666209,3,3,4,5,7,8,62.5,44.444444,55.555556,18.055556,53.333333,5,2.258207,12.720422,-4.716603,3,-3.920569,7.418378,-26.598464,5,-1.713544,-27.89832,15.742973,2,13.980667,,13.980667,62.742,127.546,33.173,27.993,15.351,62.2,18.055556,62.742,62.5,127.546,55.555556,33.173,3,0,2,0,0.0,66.6667,0.0,42.8571,37.5,40.0,50.0,100.0,40.0,0.0,2,1,-35.091906,-28.239959,62.5,,,,,,,0.189229,1.261529
2024,68346,김수환,,17,False,41.176471,50.571101,0.887855,5.222679,61.358767,7,5.944658,10,4.717293,7,8.523898,10,2.911825,4,3,4,6,8,9,60.0,40.0,60.0,20.0,58.823529,4,15.937736,15.937736,,5,-1.628074,-2.719304,-1.355266,6,1.74548,-9.709514,7.472977,2,11.351044,,11.351044,69.507,117.206,50.272,83.157,127.703,72.368,20.0,69.507,60.0,117.206,60.0,50.272,3,0,1,0,0.0,33.3333,0.0,57.1429,30.0,100.0,0.0,50.0,33.3333,0.0,3,2,26.437555,-10.057134,70.0,,,,,,,0.887855,5.222679
2024,51303,김시앙,,17,False,47.058824,30.739174,-0.345951,-2.035006,-14.032978,8,-8.162755,9,3.411882,7,-6.552076,10,1.126943,5,3,3,6,8,9,54.545455,33.333333,66.666667,21.212121,64.705882,3,4.018484,4.018484,,7,-15.498046,-12.170321,-19.935012,6,4.339123,-28.676204,10.942188,1,35.801031,,35.801031,73.723,94.646,75.921,-17.915,-91.565,57.798,21.212121,73.723,54.545455,94.646,66.666667,75.921,7,0,1,0,0.0,14.2857,0.0,57.1429,40.0,100.0,25.0,100.0,16.6667,0.0,4,3,30.261172,-15.253167,60.0,,,,,,,-0.345951,-2.035006
2024,52430,김영웅,,1955,True,50.946292,45.220207,104.386531,5.339465,41.566681,996,2.159207,959,8.642422,870,6.054129,1085,4.766416,641,355,251,708,892,1063,52.483321,26.173097,73.826903,26.310224,69.002558,456,7.855829,12.426846,-6.351385,779,2.436683,2.789422,1.922595,457,3.564939,-18.0415,15.093207,263,12.657954,-18.560219,16.677462,91.459,86.117,103.468,84.783,91.782,87.506,26.310224,91.459,52.483321,86.117,73.826903,103.468,511,45,152,3,8.8063,29.7456,0.5871,71.7241,34.2857,75.6579,67.3913,50.137,34.7921,11.4068,414,365,1.76078,2.297202,65.7143,2.697225,1.470851,False,8.062239,1.254147,False,104.386531,5.339465
2024,65898,김웅빈,,174,False,41.37931,46.250238,15.364482,8.830162,57.994701,72,5.815223,102,10.958354,75,8.383161,99,9.168799,50,22,30,72,80,94,59.016393,29.411765,70.588235,29.604629,70.114943,40,11.828698,16.652035,-4.78502,67,6.54591,6.765142,6.397929,43,5.099726,-15.978287,14.233531,24,16.89317,-72.458116,20.778009,102.92,113.138,91.008,133.395,125.656,123.442,29.604629,102.92,59.016393,113.138,70.588235,91.008,38,4,15,1,10.5263,39.4737,2.6316,66.6667,22.2222,77.5,54.2857,25.0,30.2326,4.1667,35,32,4.648911,3.508036,77.7778,,,,,,,15.364482,8.830162
2024,63257,김인태,,88,False,42.045455,50.810068,3.785749,4.301987,37.409547,37,5.983884,51,3.081788,46,5.300678,42,3.208184,24,13,22,29,46,42,54.716981,43.137255,56.862745,11.579726,60.227273,23,7.145703,17.468284,-8.911645,36,1.444771,6.641563,-2.267223,20,6.544168,-8.571598,14.683427,9,3.480954,-62.774537,11.762891,40.214,95.355,38.202,70.335,80.824,74.787,11.579726,40.214,54.716981,95.355,56.862745,38.202,26,2,7,0,7.6923,26.9231,0.0,47.8261,35.7143,60.8696,34.7826,53.8462,35.0,11.1111,23,13,-13.075216,-22.343104,64.2857,,,,,,,3.785749,4.301987
2024,66715,김인환,,531,True,46.13936,44.873651,38.044775,7.164741,60.481954,245,6.263326,286,7.936932,250,7.338103,281,7.010504,179,66,76,210,255,276,53.984576,26.573427,73.426573,27.411149,73.258004,126,7.314941,12.413998,-7.055129,213,4.219642,6.032268,1.542857,129,9.03744,-14.424748,13.599532,63,12.987007,-20.791331,15.277063,95.289,92.326,101.928,110.202,110.457,105.825,27.411149,95.289,53.984576,92.326,73.426573,101.928,143,10,32,2,6.993,22.3776,1.3986,71.2,23.8434,73.8095,68.5484,47.191,16.2791,6.3492,124,89,4.159595,7.198955,76.1566,-4.126434,-2.250228,True,0.977347,0.152034,False,38.044775,7.164741
2024,53400,김재상,,328,True,56.097561,47.253663,12.342214,3.76287,31.949408,184,1.433427,144,6.739381,152,5.747235,176,2.0491,118,66,39,105,157,171,47.085202,27.083333,72.916667,20.001868,67.987805,91,8.003904,11.070271,-5.343812,125,2.351798,1.537751,3.387858,76,0.174815,-15.539773,11.00042,36,5.516816,-20.151015,14.07276,69.513,63.79,99.966,62.827,87.319,65.325,20.001868,69.513,47.085202,63.79,72.916667,99.966,91,5,23,0,5.4945,25.2747,0.0,74.3421,40.3409,81.3187,63.9344,48.4375,40.7895,25.0,61,64,6.045669,1.7689,59.6591,0.484429,0.264169,False,1.169402,0.18191,False,12.342214,3.76287
2024,65132,김재성,,92,False,39.130435,47.634918,7.349778,7.988889,69.281481,36,6.639539,56,8.856328,46,3.636141,46,12.341636,31,5,17,39,48,44,55.714286,30.357143,69.642857,25.357143,76.086957,28,3.845948,9.068234,-7.178877,37,6.411934,7.310237,5.727513,16,11.662606,-50.23685,15.789237,11,18.495269,,18.495269,88.143,99.48,87.371,121.679,56.615,149.342,25.357143,88.143,55.714286,99.48,69.642857,87.371,23,3,5,0,13.0435,21.7391,0.0,63.0435,15.2174,67.8571,55.5556,31.5789,6.25,0.0,18,19,0.508051,3.524553,84.7826,,,,,,,7.349778,7.988889
2024,52424,김재혁,,221,False,48.41629,48.231446,7.666394,3.468956,24.853228,107,-0.042739,114,6.765021,96,4.199522,125,2.907882,66,41,34,80,100,121,54.794521,29.824561,70.175439,24.969959,66.063348,46,6.066576,12.904983,-6.755435,100,2.267323,3.457897,0.68912,46,0.155457,-32.664121,14.514022,29,8.748054,-21.920825,16.748631,86.796,95.676,89.42,58.734,64.809,72.335,24.969959,86.796,54.794521,95.676,70.175439,89.42,55,3,18,0,5.4545,32.7273,0.0,62.5,37.6,65.2174,60.0,54.0,30.4348,20.6897,50,50,-7.680077,-8.649019,62.4,,,,,,,7.666394,3.468956
2024,62332,김재현,,1116,True,48.835125,44.88388,52.138651,4.671922,38.204214,545,2.629894,571,6.620968,503,5.582318,613,3.924893,333,212,190,381,523,593,53.361345,33.274956,66.725044,20.086388,63.978495,280,6.567546,13.904061,-7.27351,448,2.003795,2.589732,1.208154,249,2.744535,-16.830942,13.633394,139,12.90549,-18.756526,16.735572,69.807,89.749,76.145,75.487,84.92,80.637,20.086388,69.807,53.361345,89.749,66.725044,76.145,325,14,60,10,4.3077,18.4615,3.0769,63.6183,36.7047,65.3571,61.435,53.7778,35.743,10.7914,223,225,-8.758174,-7.065519,63.2953,-2.447017,-1.334408,False,0.148654,0.023124,False,52.138651,4.671922
2024,74206,김재호,,625,True,42.08,46.416714,45.510676,7.281708,62.436449,263,6.311274,362,7.986747,307,6.107044,318,8.415739,197,66,107,255,304,321,56.415929,29.558011,70.441989,26.857918,72.32,161,7.475236,12.713538,-4.153794,246,3.776658,5.445637,2.02423,147,8.970207,-15.890346,14.064583,71,15.491215,-40.229088,16.28722,93.364,102.382,90.445,111.831,92.552,117.295,26.857918,93.364,56.415929,102.382,70.441989,90.445,154,19,23,1,12.3377,14.9351,0.6494,63.8436,21.0692,68.9441,58.2192,41.0,17.0068,1.4085,146,100,-0.872753,1.284039,78.9308,0.692348,0.377551,False,-4.86623,-0.756982,False,45.510676,7.281708
2024,78224,김재환,,2230,True,45.695067,46.239317,174.991263,7.847142,57.211217,1019,5.327272,1211,9.967495,1010,6.672135,1220,8.819893,748,271,289,922,1037,1193,55.209581,23.864575,76.135425,31.345006,74.887892,575,8.377294,12.726325,-7.279219,861,3.897346,4.450447,3.288934,523,8.891938,-19.553744,16.208496,271,17.254922,-19.386994,18.805157,108.974,97.393,112.35,119.705,100.771,120.594,31.345006,108.974,55.209581,97.393,76.135425,112.35,552,60,167,6,10.8696,30.2536,1.087,70.8911,24.8361,78.2609,61.1494,43.4272,20.4589,4.059,435,426,7.652074,6.374245,75.1639,0.226464,0.123495,False,9.020187,1.403163,False,174.991263,7.847142
2024,67504,김정율,,66,False,57.575758,44.683214,2.877884,4.36043,45.57474,38,2.634738,28,6.702441,34,4.862409,32,3.827078,24,14,8,20,32,34,45.454545,28.571429,71.428571,16.883117,66.666667,15,5.314941,9.673713,-6.671681,28,1.94824,2.883719,-0.390458,18,3.040175,-9.137882,10.789849,5,19.758079,,19.758079,58.664,57.046,94.241,71.149,74.45,79.839,16.883117,58.664,45.454545,57.046,71.428571,94.241,22,1,4,1,4.5455,18.1818,4.5455,70.5882,43.75,73.3333,68.4211,77.7778,38.8889,0.0,19,9,-1.5037,-3.75638,56.25,,,,,,,2.877884,4.36043
2024,66162,김주성,,34,False,44.117647,39.221758,3.785974,11.135217,88.305902,15,4.320378,19,16.515352,13,6.793541,21,13.82292,12,3,1,18,13,21,60.0,5.263158,94.736842,54.736842,88.235294,10,6.401323,6.956751,1.402467,11,4.945691,1.215882,8.053866,6,15.97559,-3.884496,19.947607,7,23.475427,,23.475427,190.351,117.206,183.915,165.495,102.537,161.433,54.736842,190.351,60.0,117.206,94.736842,183.915,9,3,0,0,33.3333,0.0,0.0,92.3077,14.2857,90.0,100.0,25.0,16.6667,0.0,3,8,20.261172,33.272868,85.7143,,,,,,,3.785974,11.135217
2024,51907,김주원,,1938,True,47.47162,46.756598,142.596508,7.357921,55.938902,920,4.699931,1018,9.760034,879,7.134264,1059,7.543562,641,279,257,761,898,1040,54.279601,25.24558,74.75442,29.034021,72.342621,433,7.572686,12.611048,-6.525889,821,4.059286,4.709931,3.120111,424,8.357519,-16.451115,15.42422,260,15.786217,-19.859066,19.081159,100.935,93.546,107.037,112.892,107.492,110.176,29.034021,100.935,54.279601,93.546,74.75442,107.037,477,51,111,25,10.6918,23.2704,5.2411,71.3311,27.6676,73.6721,69.0583,47.2,22.1698,8.4615,446,375,2.670762,5.342988,72.3324,1.407166,0.767356,False,1.79941,0.279913,False,142.596508,7.357921
2024,69306,김주형,,94,False,43.617021,46.532385,2.660468,2.830286,33.733218,41,2.428136,53,3.141383,45,0.287658,49,5.165352,26,15,19,34,45,49,56.666667,35.849057,64.150943,20.81761,63.829787,24,0.923185,8.052754,-9.058211,36,1.507287,2.908099,-0.243727,18,0.933425,-10.192424,8.013511,16,10.801651,,10.801651,72.351,103.419,66.242,49.84,7.914,90.763,20.81761,72.351,56.666667,103.419,64.150943,66.242,25,1,9,3,4.0,36.0,12.0,57.7778,30.6122,58.3333,57.1429,53.3333,38.8889,0.0,21,15,-16.5037,-9.740336,69.3878,,,,,,,2.660468,2.830286
2024,62558,김준태,,114,False,36.842105,46.999118,10.43397,9.152605,72.610686,42,12.206963,72,7.370896,58,7.486329,56,10.878391,35,7,22,50,57,57,58.823529,30.555556,69.444444,28.267974,74.561404,36,6.913412,12.788494,-6.439045,48,5.562899,11.351771,2.388357,17,12.100142,,12.100142,13,24.753275,,24.753275,98.27,112.34,86.608,137.885,112.613,137.398,28.267974,98.27,58.823529,112.34,69.444444,86.608,30,5,6,0,16.6667,20.0,0.0,60.3448,12.5,69.4444,45.4545,26.9231,0.0,0.0,22,26,3.529213,2.237823,87.5,,,,,,,10.43397,9.152605
2024,50458,김지찬,,2018,True,37.41328,42.438756,131.614225,6.522013,53.310415,755,4.410223,1263,7.784405,881,5.525752,1137,7.293962,517,238,384,879,901,1117,62.965616,30.4038,69.5962,32.561816,69.177403,485,6.027875,14.006304,-5.245128,814,3.388122,3.552373,3.257228,461,7.54646,-17.101985,14.029339,258,15.50796,-20.620567,17.580908,113.207,129.472,87.191,101.251,84.098,108.138,32.561816,113.207,62.965616,129.472,69.5962,87.191,533,58,40,9,10.8818,7.5047,1.6886,55.0511,23.7467,58.5567,50.7576,38.2775,20.8243,5.4264,396,418,-12.135956,-8.899699,76.2533,0.52124,0.284243,False,-7.547283,-1.174041,False,131.614225,6.522013
2024,66917,김찬형,,37,False,48.648649,50.036031,1.67509,4.527271,35.15901,18,5.327016,19,3.769618,17,7.448924,20,2.043866,11,7,7,12,18,19,52.173913,36.842105,63.157895,15.331808,62.162162,9,11.101789,22.483738,-11.662109,13,5.134529,10.229347,0.767542,11,-1.26349,-19.73741,9.293036,4,3.685612,-10.721291,18.092514,53.267,84.837,62.421,73.472,112.069,65.283,15.331808,53.267,52.173913,84.837,63.157895,62.421,9,0,4,0,0.0,44.4444,0.0,58.8235,40.0,66.6667,50.0,40.0,36.3636,50.0,8,5,-7.59095,-13.572567,60.0,,,,,,,1.67509,4.527271
2024,69825,김창평,,38,False,31.578947,47.294699,1.066167,2.805703,34.447885,12,-2.374922,26,5.19676,17,-0.447513,21,5.439258,6,6,8,18,14,24,75.0,30.769231,69.230769,44.230769,63.157895,11,2.312019,5.179769,-1.12928,12,-0.48529,-7.781269,3.1627,10,3.449418,-14.226301,7.868348,5,10.502756,,10.502756,153.802,179.246,85.786,49.497,-2.779,92.999,44.230769,153.802,75.0,179.246,69.230769,85.786,9,2,4,0,22.2222,44.4444,0.0,47.0588,19.0476,54.5455,33.3333,33.3333,20.0,0.0,6,6,-15.958046,-14.450331,80.9524,,,,,,,1.066167,2.805703
2024,78122,김태군,,906,True,48.896247,43.002717,42.329039,4.672079,40.731241,443,1.450359,463,7.754632,396,5.129674,510,4.316771,251,192,142,321,393,513,56.118881,30.669546,69.330454,25.449335,63.134658,209,6.817016,12.84,-5.142907,370,2.630509,2.106917,3.226739,210,2.692343,-14.367906,14.293313,117,10.850146,-15.274604,16.900088,88.464,101.154,86.169,75.489,78.337,83.836,25.449335,88.464,56.118881,101.154,69.330454,86.169,270,12,23,11,4.4444,8.5185,4.0741,62.6263,38.2353,66.5072,58.2888,48.0874,40.4762,18.8034,187,183,-8.693955,-8.852823,61.7647,-1.575965,-0.859406,False,-9.258536,-1.44024,False,42.329039,4.672079
2024,69207,김태근,,108,False,44.444444,43.730661,2.974071,2.75377,31.050828,48,1.59352,60,3.681969,45,2.311336,63,3.069793,24,24,17,43,41,67,64.179104,28.333333,71.666667,35.845771,62.037037,26,4.774192,10.001463,-5.099542,38,1.615353,3.806552,-0.356726,34,0.974388,-12.465682,9.294431,10,7.876552,,7.876552,124.632,134.491,95.157,48.774,37.347,73.657,35.845771,124.632,64.179104,134.491,71.666667,95.157,27,0,10,3,0.0,37.037,11.1111,60.0,33.3333,65.3846,52.6316,42.1053,38.2353,0.0,19,19,-9.302452,-8.932028,66.6667,,,,,,,2.974071,2.75377
2024,66704,김태연,,1814,True,45.203969,46.030729,124.295997,6.85204,55.228145,820,4.915587,994,8.449515,834,6.572028,980,7.090335,585,235,278,716,863,951,55.034589,27.967807,72.032193,27.066782,71.719956,425,8.922327,13.337448,-4.364686,743,2.978808,4.344752,1.469691,427,6.642156,-17.574464,13.951441,219,16.384274,-14.870462,18.196142,94.091,96.669,96.563,105.847,99.315,106.476,27.066782,94.091,55.034589,96.669,72.032193,96.563,462,44,87,3,9.5238,18.8312,0.6494,66.6667,26.9388,75.0588,57.9462,45.8084,23.185,5.4795,409,334,3.824557,1.057275,73.0612,-0.110485,-0.06025,False,-0.120333,-0.018719,False,124.295997,6.85204
2024,64984,김태진,,710,True,50.422535,43.198546,30.092626,4.238398,34.474924,358,0.373971,352,8.168696,305,6.316078,405,2.673725,209,149,100,252,309,401,54.663774,28.409091,71.590909,26.254683,64.929577,159,7.595465,13.033352,-4.259128,298,2.73703,2.257722,3.348056,162,-1.087161,-19.487969,14.386245,91,12.769987,-27.710436,16.671715,91.266,95.135,94.866,69.449,95.592,70.424,26.254683,91.266,54.663774,95.135,71.590909,94.866,199,7,26,0,3.5176,13.0653,0.0,64.5902,39.7531,68.5535,60.274,51.9737,45.679,8.7912,146,152,-7.841271,-7.677577,60.2469,-1.77447,-0.967654,False,-5.772486,-0.897957,False,30.092626,4.238398
2024,65040,김태훈,,72,False,50.0,39.310561,2.285558,3.174387,29.701909,36,0.286218,36,6.062556,29,6.723824,43,0.78058,21,15,8,28,29,43,57.142857,22.222222,77.777778,34.920635,68.055556,19,7.611968,10.887713,-4.672075,24,-0.496678,-0.010597,-1.071137,19,5.936612,-12.205932,12.416092,10,-1.694692,-30.614814,10.699646,121.413,105.389,118.668,54.632,101.523,54.971,34.920635,121.413,57.142857,105.389,77.777778,118.668,21,0,3,1,0.0,14.2857,4.7619,72.4138,34.8837,78.9474,60.0,50.0,26.3158,30.0,10,14,6.994896,2.676179,65.1163,,,,,,,2.285558,3.174387
2024,50902,김한별,,195,False,53.333333,53.436797,14.763112,7.570827,53.667284,104,8.747843,91,6.225665,98,11.107051,97,3.998147,73,31,32,59,105,90,44.69697,35.164835,64.835165,9.532135,67.692308,53,6.745435,13.681625,-7.942967,83,7.601557,10.991696,0.570156,34,3.999223,-14.861599,11.857899,25,14.076016,-24.840888,17.460095,33.091,53.913,68.874,115.857,165.273,81.235,9.532135,33.091,44.69697,53.913,64.835165,68.874,50,2,9,4,4.0,18.0,8.0,71.4286,35.0515,67.9245,75.5556,57.8947,29.4118,8.0,45,38,-4.738283,1.60379,64.9485,,,,,,,14.763112,7.570827
2024,61404,김헌곤,,1282,True,43.213729,45.894656,63.522976,4.95499,39.662453,554,2.935604,728,6.491721,583,6.150637,699,3.957763,344,210,250,478,594,688,58.150852,34.340659,65.659341,23.810192,64.118565,322,6.500544,15.806753,-5.148488,495,3.480152,4.20529,2.728158,297,3.580265,-16.868667,12.613531,168,8.768502,-22.742768,16.182919,82.762,109.558,72.045,79.429,93.186,80.905,23.810192,82.762,58.150852,109.558,65.659341,72.045,311,22,50,3,7.074,16.0772,0.9646,55.4031,33.0472,55.5901,55.1724,46.1538,30.6397,19.0476,261,234,-17.354385,-13.38027,66.9528,-1.435749,-0.782943,False,2.201762,0.342502,False,63.522976,4.95499
2024,76290,김현수,,2186,True,45.974382,46.324506,158.865742,7.267417,59.28231,1005,5.431799,1181,8.82948,1042,7.217944,1144,7.31248,760,245,291,890,1051,1135,53.939394,24.640135,75.359865,29.299258,75.480329,559,9.029853,12.754768,-4.59713,879,3.304627,3.666653,2.888608,509,9.366298,-17.734368,14.799214,239,13.24968,-32.390069,15.451598,101.857,92.139,109.366,111.632,108.709,108.29,29.299258,101.857,53.939394,92.139,75.359865,109.366,586,47,75,9,8.0205,12.7986,1.5358,70.7294,23.4266,78.5331,61.6977,43.4343,16.6994,4.6025,483,396,8.78677,6.944926,76.5734,-3.299002,-1.799013,True,-8.347375,-1.298502,False,158.865742,7.267417
2024,54166,김현종,,43,False,55.813953,39.491224,1.455323,3.384472,39.5636,24,0.280926,19,7.304741,18,4.556819,25,2.540382,13,11,3,16,16,27,55.172414,15.789474,84.210526,39.38294,67.44186,11,2.978452,5.054114,-6.362024,13,4.889486,6.010969,3.581088,14,-0.10026,-9.620338,9.419818,5,10.121929,-13.47922,16.022216,136.937,97.239,143.417,57.557,70.005,69.336,39.38294,136.937,55.172414,97.239,84.210526,143.417,16,0,4,1,0.0,25.0,6.25,77.7778,40.0,81.8182,71.4286,33.3333,50.0,20.0,7,6,4.432114,5.381733,60.0,,,,,,,1.455323,3.384472
2024,51417,김현준,,790,True,43.164557,45.517415,37.630468,4.76335,39.67354,341,2.942048,449,6.146567,375,4.13573,415,5.330477,215,126,159,290,374,416,57.425743,35.412027,64.587973,22.013716,63.924051,202,5.876195,13.880078,-6.080223,310,1.534369,3.229336,-0.117414,185,4.664229,-16.188072,13.716391,93,13.306653,-23.9825,18.308857,76.512,106.559,67.923,76.76,63.881,92.111,22.013716,76.512,57.425743,106.559,64.587973,67.923,205,11,48,4,5.3659,23.4146,1.9512,56.2667,31.3253,59.901,52.0231,45.9854,30.2703,11.828,173,137,-12.958738,-11.621965,68.6747,-3.969941,-2.164889,True,9.072671,1.411328,False,37.630468,4.76335
2024,68912,김형준,,1746,True,44.272623,46.215669,112.250773,6.429025,48.732181,773,3.588479,973,8.685696,787,5.903286,959,6.86047,528,245,268,705,796,950,57.177616,27.543679,72.456321,29.633936,70.618557,436,7.343749,13.404585,-7.402697,693,2.800924,2.534026,3.071703,397,6.710302,-19.627777,15.226281,220,15.537147,-19.366821,18.647402,103.022,105.533,98.195,99.956,89.589,104.6,29.633936,103.022,57.177616,105.533,72.456321,98.195,415,45,142,2,10.8434,34.2169,0.4819,65.0572,27.2158,70.8716,57.8348,42.6901,24.4332,8.1818,351,342,-0.649002,-0.696155,72.7842,2.147286,1.170959,False,13.760026,2.140484,True,112.250773,6.429025
2024,67304,김혜성,,2134,True,45.407685,44.334947,126.64824,5.934782,50.519398,969,3.013352,1165,8.364709,967,6.25526,1167,5.669227,666,303,312,853,978,1156,56.155365,26.781116,73.218884,29.374249,71.180881,513,7.233277,11.880906,-4.013985,834,3.55919,3.671135,3.425444,518,4.031565,-19.562588,12.599968,269,14.488617,-25.706378,16.695401,102.118,101.305,101.129,93.073,94.708,94.876,29.374249,102.118,56.155365,101.305,73.218884,101.129,556,44,62,4,7.9137,11.1511,0.7194,65.4602,28.7918,70.7602,59.4714,48.4211,26.6409,5.2045,454,380,-1.266888,-1.11205,71.2082,-0.831457,-0.45341,False,-7.148828,-1.112058,False,126.64824,5.934782
2024,65653,김호령,,304,True,43.092105,44.438394,16.297488,5.361016,36.404904,131,2.207349,173,7.749052,128,5.79827,176,5.043013,80,51,43,130,123,181,61.904762,24.855491,75.144509,37.049271,69.078947,54,9.641666,14.471286,-7.262003,128,1.125754,3.580188,-1.253159,81,7.656919,-16.814685,15.680396,41,8.409557,-34.648236,15.790893,128.818,125.084,108.537,85.083,88.061,89.764,37.049271,128.818,61.904762,125.084,75.144509,108.537,68,8,25,0,11.7647,36.7647,0.0,65.625,26.7045,77.7778,56.7568,38.8889,24.6914,14.6341,74,54,6.197962,0.137318,73.2955,2.018048,1.100482,False,18.375759,2.858499,True,16.297488,5.361016
2024,54460,김호진,,102,False,50.980392,48.799841,3.290274,3.225759,29.121239,52,1.450577,50,5.071947,51,4.734587,51,1.716931,34,18,17,33,51,51,49.253731,34.0,66.0,15.253731,65.686275,30,5.072518,9.288498,-6.521428,38,1.867481,3.555036,0.179927,23,4.017024,-14.406912,13.843123,11,1.226912,-27.069106,11.837919,52.995,72.759,73.356,55.347,72.591,62.614,15.253731,52.995,49.253731,72.759,66.0,73.356,32,1,11,1,3.125,34.375,3.125,68.6275,33.3333,73.3333,61.9048,35.2941,34.7826,27.2727,21,17,-0.561641,-0.304528,66.6667,,,,,,,3.290274,3.225759
2024,51344,김휘집,,2324,True,43.244406,47.919563,162.347133,6.985677,54.608542,1005,6.326792,1319,7.487708,1085,6.998585,1239,6.974374,700,305,409,910,1109,1215,56.521739,31.00834,68.99166,25.513399,69.277108,580,8.909368,15.534211,-5.694568,961,3.461758,4.983894,1.986409,527,7.65094,-16.190767,14.680435,256,14.486271,-19.554893,16.307404,88.687,102.82,84.866,107.708,105.519,105.53,25.513399,88.687,56.521739,102.82,68.99166,84.866,560,51,119,10,9.1071,21.25,1.7857,63.0415,25.908,68.7931,56.4356,41.2281,22.7704,5.0781,505,456,-2.346026,-2.032318,74.092,-0.21648,-0.118051,False,1.881918,0.292748,False,162.347133,6.985677
2024,62947,나성범,,1640,True,54.939024,46.088311,124.068551,7.565156,59.939241,901,5.715232,739,9.82061,712,9.80118,928,5.849585,624,277,125,614,749,891,49.596123,16.91475,83.08525,32.681373,75.487805,362,11.958077,14.05869,-5.952407,661,4.511518,5.848338,1.794952,390,5.352633,-14.799745,13.779991,227,13.252824,-15.496545,15.878968,113.623,74.176,139.088,115.778,146.28,96.348,32.681373,113.623,49.596123,74.176,83.08525,139.088,423,37,98,4,8.747,23.1678,0.9456,83.9888,32.6509,89.5028,78.2857,54.3408,29.4872,8.37,350,311,16.822719,15.411349,67.3491,0.137289,0.074866,False,-2.779039,-0.432302,False,124.068551,7.565156
2024,51551,나승엽,,1985,True,39.496222,46.668547,148.914559,7.501993,57.818465,784,6.825227,1201,7.943779,915,6.182606,1070,8.630253,587,197,344,857,931,1054,59.34903,28.642798,71.357202,30.706233,72.745592,496,7.79277,13.831289,-5.617447,786,3.695888,6.143516,1.616844,498,9.61331,-19.310255,14.66129,205,16.262661,-24.024799,17.686965,106.752,114.514,93.967,114.898,93.651,119.046,30.706233,106.752,59.34903,114.514,71.357202,93.967,491,68,83,4,13.8493,16.9043,0.8147,61.8579,20.3738,68.9516,53.4606,37.3297,14.8594,3.4146,419,367,-0.3726,-0.340329,79.6262,1.870309,1.019917,False,-1.824465,-0.28381,False,148.914559,7.501993
2024,69737,노시환,,2359,True,47.265791,44.970934,140.14822,5.941001,46.150721,1115,2.503971,1244,9.02162,983,6.408576,1376,5.606971,714,401,310,934,1024,1335,56.674757,24.919614,75.080386,31.755143,69.86011,517,8.359822,12.954441,-4.641249,938,1.998108,2.227683,1.67974,594,5.134593,-17.894259,14.066344,310,15.382648,-18.195888,17.947675,110.401,103.453,108.291,93.16,96.938,94.368,31.755143,110.401,56.674757,103.453,75.080386,108.291,588,56,127,11,9.5238,21.5986,1.8707,69.176,31.6134,73.8878,63.9485,52.3305,27.9461,7.0968,466,472,1.561275,1.137638,68.3866,2.132529,1.162911,False,1.291709,0.200936,False,140.14822,5.941001
2024,62931,노진혁,,607,True,48.105437,45.962087,38.069249,6.271705,52.246302,292,4.728245,315,7.702468,263,6.801501,344,5.866658,199,93,82,233,281,326,53.935185,26.031746,73.968254,27.903439,71.169687,139,7.930074,12.122741,-6.676635,267,3.312252,4.564832,1.823529,136,6.267082,-14.241393,13.10324,65,14.891543,-21.26036,17.904202,97.002,92.122,104.012,97.765,102.652,96.488,27.903439,97.002,53.935185,92.122,73.968254,104.012,156,14,39,1,8.9744,25.0,0.641,71.1027,30.5233,77.6978,63.7097,46.1538,25.0,7.6923,124,143,6.047164,3.630757,69.4767,1.060096,0.578092,False,3.652367,0.568155,False,38.069249,6.271705
2024,54944,데이비슨,,2150,True,55.348837,45.96542,144.972383,6.742902,50.476095,1190,3.218682,960,11.111465,921,8.480853,1229,5.440498,781,409,179,781,960,1190,50.0,18.645833,81.354167,31.354167,72.651163,489,9.917228,12.542057,-6.333548,864,3.51478,3.618716,3.320374,491,4.262503,-16.98387,15.821064,306,14.764886,-16.639439,18.561013,109.006,75.846,132.428,104.327,127.077,93.009,31.354167,109.006,50.0,75.846,81.354167,132.428,566,37,142,17,6.5371,25.0883,3.0035,80.8903,36.2083,86.0941,75.0,55.3241,35.2342,10.7843,432,432,12.095554,10.464412,63.7917,-0.365757,-0.199455,False,0.81506,0.126789,False,144.972383,6.742902
2024,53327,도슨,,1529,True,47.024199,45.332125,97.276878,6.362124,55.672303,719,3.427121,810,8.967393,695,5.393049,834,7.169687,517,202,195,615,712,817,54.328622,24.074074,75.925926,30.254548,74.035317,359,6.519373,10.557999,-5.031967,628,3.262201,2.494563,4.370348,359,7.759439,-14.73588,14.106333,183,13.950447,-35.225481,14.770046,105.181,93.749,111.544,99.025,82.168,107.124,30.254548,105.181,54.328622,93.749,75.925926,111.544,420,38,52,6,9.0476,12.381,1.4286,70.9353,27.0983,74.0947,67.5595,49.3151,22.0056,1.6393,336,292,3.131033,5.242998,72.9017,-0.510091,-0.278163,False,-8.876202,-1.380765,False,97.276878,6.362124
2024,66965,도태훈,,732,True,39.754098,45.972854,55.019289,7.516296,59.846128,291,6.958363,441,7.884456,330,6.983342,402,7.953796,210,81,120,321,330,402,60.451977,27.210884,72.789116,33.241093,72.540984,188,6.720053,15.734448,-6.564319,294,4.644051,4.894288,4.376192,170,9.050262,-18.288795,13.763893,80,16.683292,-12.043166,17.419868,115.57,119.076,99.476,115.098,105.297,113.525,33.241093,115.57,60.451977,119.076,72.789116,99.476,182,24,29,6,13.1868,15.9341,3.2967,62.1212,21.393,59.5745,65.493,38.8158,14.7059,2.5,142,152,-9.714485,-0.606609,78.607,1.696945,0.925378,False,-2.93677,-0.456838,False,55.019289,7.516296
2024,54400,디아즈,,465,True,48.602151,47.036703,24.907513,5.356454,40.517862,226,2.302839,239,8.243974,211,6.125987,254,4.717197,145,81,73,166,218,247,53.376206,30.543933,69.456067,22.832273,66.88172,110,7.042907,12.615363,-6.539956,186,2.638485,2.729761,2.512102,122,4.459318,-18.425025,14.03881,47,14.494396,-23.767491,18.053641,79.36,89.81,86.652,85.019,92.828,87.105,22.832273,79.36,53.376206,89.81,69.456067,86.652,118,6,25,2,5.0847,21.1864,1.6949,66.8246,33.4646,70.9091,62.3762,52.9412,29.5082,8.5106,101,85,-1.775798,-2.175652,66.5354,-3.224692,-1.75849,True,1.141663,0.177595,False,24.907513,5.356454
2024,52025,라모스,,1301,True,56.110684,43.684007,81.958395,6.299646,49.672134,730,2.917205,571,10.623958,568,7.976842,733,4.999991,466,264,103,468,569,732,50.107066,18.038529,81.961471,32.068537,71.79093,281,10.759065,13.104624,-5.203768,537,2.915303,2.457419,3.838788,324,3.499407,-15.239391,13.949891,159,15.554821,-19.551741,17.910966,111.491,76.289,134.764,98.154,119.747,89.413,32.068537,111.491,50.107066,76.289,81.961471,134.764,348,26,60,3,7.4713,17.2414,0.8621,80.4577,37.2442,87.1886,73.8676,58.8,35.8025,6.2893,287,250,13.059676,9.493555,62.7558,1.065512,0.581045,False,-6.798044,-1.057491,False,81.958395,6.299646
2024,54529,레이예스,,2442,True,52.538903,45.259984,131.115702,5.369193,46.140417,1283,2.889791,1159,8.113864,1038,7.350321,1404,3.904514,799,484,283,876,1082,1360,52.298507,24.417601,75.582399,27.880906,68.591319,551,8.562624,13.394498,-4.966624,967,2.721623,3.051712,2.112899,610,2.470797,-14.376753,12.811093,314,13.549584,-17.143374,15.416047,96.923,85.353,110.222,85.197,110.634,80.471,27.880906,96.923,52.298507,85.353,75.582399,110.222,632,45,82,1,7.1203,12.9747,0.1582,71.2909,38.6752,73.6842,68.5832,61.0417,38.0328,5.7325,487,480,-0.956395,-0.416797,61.3248,3.117349,1.699953,True,-8.474549,-1.318285,False,131.115702,5.369193
2024,67025,로하스,,2680,True,41.007463,43.41069,166.6484,6.218224,50.341764,1099,3.214351,1581,8.306305,1110,5.646786,1570,6.622234,700,399,426,1155,1126,1554,62.264151,26.944972,73.055028,35.319179,69.216418,548,6.69764,13.763419,-5.217204,1101,2.914735,3.400076,2.389942,675,6.493685,-16.385805,13.836614,356,15.174643,-24.190315,17.394033,122.8,126.571,100.499,97.021,85.858,102.655,35.319179,122.8,62.264151,126.571,73.055028,100.499,665,82,114,6,12.3308,17.1429,0.9023,60.8108,27.0064,62.7737,58.8968,44.7124,24.2963,5.3371,562,539,-8.715495,-4.83375,72.9936,3.534292,1.927321,True,-1.020279,-0.158713,False,166.6484,6.218224
2024,53404,류승민,,17,False,29.411765,32.721038,1.256781,7.392827,39.384117,5,-7.015673,12,13.396368,2,1.224771,15,8.215234,2,3,1,11,3,14,84.615385,8.333333,91.666667,76.282051,76.470588,1,32.043194,32.043194,,6,2.522667,-5.208611,6.388307,5,-1.296262,-28.352168,16.741008,5,16.996034,,16.996034,265.303,219.016,172.103,113.378,21.543,115.659,76.282051,265.303,84.615385,219.016,91.666667,172.103,3,2,1,0,66.6667,33.3333,0.0,50.0,26.6667,100.0,0.0,40.0,40.0,0.0,1,5,24.908094,-15.468041,73.3333,,,,,,,1.256781,7.392827
2024,62234,류지혁,,1357,True,44.657332,46.472953,105.863275,7.801273,58.342481,606,6.24172,751,9.059714,642,7.779755,715,7.820594,428,178,207,544,635,722,55.967078,27.563249,72.436751,28.403829,71.628592,347,8.405754,13.92885,-5.627417,535,4.328778,6.000571,2.479275,301,7.677619,-17.420511,15.142149,174,17.486615,-24.278029,19.237229,98.742,100.526,98.12,119.066,116.88,112.437,28.403829,98.742,55.967078,100.526,72.436751,98.12,349,33,70,6,9.4556,20.0573,1.7192,65.7321,25.7343,71.7579,58.6441,45.0,22.9236,4.023,295,240,0.583627,0.748537,74.2657,-0.756531,-0.412552,False,1.610541,0.250533,False,105.863275,7.801273
2024,54219,류현준,,12,False,50.0,43.71033,1.315591,10.963259,75.405109,6,11.936237,6,9.99028,6,12.556784,6,9.369733,4,2,2,4,6,6,50.0,33.333333,66.666667,16.666667,66.666667,4,7.592672,10.789875,-1.998939,5,12.46248,21.531828,6.416247,1,18.514908,,18.514908,2,10.180556,-3.815858,24.17697,57.911,75.846,75.921,163.1,186.358,125.083,16.666667,57.911,50.0,75.846,66.666667,75.921,3,0,0,0,0.0,0.0,0.0,66.6667,33.3333,75.0,50.0,33.3333,0.0,50.0,2,3,9.084813,-2.265328,66.6667,,,,,,,1.315591,10.963259
2024,50868,류효승,,9,False,33.333333,29.542332,0.137513,1.527921,20.120672,3,-3.476151,6,4.029957,3,3.613819,6,0.484972,1,2,2,4,3,6,80.0,33.333333,66.666667,46.666667,55.555556,2,5.137175,13.571148,-3.296797,2,-9.640235,-19.847576,0.567105,2,5.752153,,5.752153,3,3.751034,-4.152024,7.702563,162.276,199.927,75.921,31.703,56.29,52.558,46.666667,162.276,80.0,199.927,66.666667,75.921,2,0,0,0,0.0,0.0,0.0,33.3333,33.3333,50.0,0.0,100.0,0.0,33.3333,1,1,-15.915187,-35.598728,66.6667,,,,,,,0.137513,1.527921
2024,54424,맥키넌,,1170,True,45.128205,44.817401,72.852592,6.226717,50.990242,528,3.393468,642,8.556866,508,6.154097,662,6.282444,342,186,177,465,519,651,57.620818,27.570093,72.429907,30.050724,68.974359,270,7.224978,12.948136,-5.447727,475,3.388491,3.008833,3.813912,290,6.148385,-15.120824,14.676619,135,14.384815,-14.598846,16.210557,104.472,107.366,98.094,97.139,93.236,99.882,30.050724,104.472,57.620818,107.366,72.429907,98.094,314,37,33,1,11.7834,10.5096,0.3185,64.9606,29.9094,68.8889,60.5042,45.1477,28.6207,5.9259,238,237,-3.59239,-2.192358,70.0906,4.379724,2.388352,True,-9.894969,-1.539243,True,72.852592,6.226717
2024,69102,문보경,,2436,True,45.525452,46.665563,175.434859,7.201759,54.255109,1109,5.431653,1327,8.681072,1107,6.956457,1329,7.406086,798,311,346,981,1144,1292,55.143339,26.073851,73.926149,29.069488,73.029557,604,8.414574,12.956383,-7.067359,974,3.719947,5.04109,2.273793,577,8.124078,-19.444974,15.439549,281,14.769616,-20.000078,16.32068,101.058,97.119,103.85,110.717,104.906,109.054,29.069488,101.058,55.143339,97.119,73.926149,103.85,603,63,112,2,10.4478,18.5738,0.3317,70.6414,24.605,77.3179,62.6243,41.189,20.9705,4.2705,503,471,6.591703,6.244625,75.395,-0.306261,-0.16701,False,-2.524754,-0.392746,False,175.434859,7.201759
2024,64007,문상철,,1624,True,43.780788,44.097638,110.205456,6.78605,49.75882,711,3.217423,913,9.565123,670,5.722931,954,7.532685,471,240,211,702,682,942,59.846547,23.110624,76.889376,36.735923,72.229064,349,7.031669,13.176658,-9.638248,657,2.849112,3.313091,2.316901,394,7.405661,-19.560229,15.737314,224,16.860696,-34.687789,19.778535,127.728,116.571,115.25,104.928,86.965,110.087,36.735923,127.728,59.846547,116.571,76.889376,115.25,402,44,85,7,10.9453,21.1443,1.7413,67.3134,27.2537,73.0659,61.0592,46.131,23.6041,5.3571,321,336,1.735508,1.540352,72.7463,1.462184,0.797359,False,1.84349,0.28677,False,110.205456,6.78605
2024,68119,문성주,,1405,True,39.145907,42.740483,102.520394,7.296825,57.692328,550,4.462364,855,9.120163,621,5.684841,784,8.573664,401,149,223,632,624,781,61.181026,26.081871,73.918129,35.099155,73.523132,331,6.921229,12.27997,-4.453459,580,3.805005,3.689267,3.901026,334,9.829426,-19.638313,15.638479,160,15.444886,-28.408986,17.451272,122.034,122.091,103.819,112.041,86.411,118.584,35.099155,122.034,61.181026,122.091,73.918129,103.819,361,48,38,3,13.2964,10.5263,0.831,61.0306,21.8112,67.9758,53.1034,37.5862,16.4671,4.375,290,290,-1.717236,-1.914507,78.1888,2.00719,1.094561,False,-7.75551,-1.206433,False,102.520394,7.296825
2024,62869,문승원,,5,False,40.0,66.68823,-0.16557,-3.31139,-34.208497,2,5.822809,3,-9.400856,3,-8.018296,2,3.748969,1,1,2,1,3,2,50.0,66.666667,33.333333,-16.666667,40.0,1,-4.352556,,-4.352556,3,-5.493453,5.822809,-28.125976,1,4.275963,,4.275963,0,,,,-58.051,75.846,-52.322,-35.69,-112.89,79.201,-16.666667,-58.051,50.0,75.846,33.333333,-52.322,1,0,1,0,0.0,100.0,0.0,33.3333,50.0,0.0,50.0,100.0,0.0,,2,1,-65.915187,-44.2588,50.0,,,,,,,-0.16557,-3.31139
2024,53764,문현빈,,1052,True,51.235741,46.185146,75.137556,7.142353,55.010759,539,5.90542,513,8.441978,485,9.144869,567,5.429443,378,161,131,382,509,543,50.263158,25.536062,74.463938,24.727096,72.243346,260,10.594733,14.900137,-5.829586,425,4.443353,5.551888,2.812774,251,6.061753,-14.691738,14.247852,116,11.631037,-27.546811,14.92637,85.952,76.934,105.919,109.89,136.735,92.919,24.727096,85.952,50.263158,76.934,74.463938,105.919,288,23,52,2,7.9861,18.0556,0.6944,74.8454,31.0406,79.2308,69.7778,48.0,28.2869,7.7586,225,200,6.82609,7.104666,68.9594,0.319897,0.174446,False,-5.313648,-0.826581,False,75.137556,7.142353
2024,79215,박건우,,1340,True,50.522388,45.567129,90.272829,6.736778,52.3806,677,3.514355,663,10.027246,604,7.616104,736,6.015158,480,197,133,530,613,727,52.475248,20.060332,79.939668,32.414916,75.373134,325,9.780351,12.083705,-4.929712,543,2.955529,3.259001,2.542544,306,7.729681,-20.970727,15.775402,166,11.316471,-39.4582,16.732436,112.696,86.084,126.986,104.242,114.5,97.7,32.414916,112.696,52.475248,86.084,79.939668,126.986,362,31,54,4,8.5635,14.9171,1.105,77.3179,28.5326,86.4615,66.6667,48.1061,21.8954,9.6386,279,264,15.523115,10.880331,71.4674,-2.022226,-1.102761,False,-7.426531,-1.155257,False,90.272829,6.736778
2024,73113,박경수,,11,False,45.454545,56.627427,0.525016,4.772875,30.552402,5,8.901982,6,1.331953,7,6.056828,4,2.525957,4,1,3,3,7,4,42.857143,50.0,50.0,-7.142857,63.636364,5,12.654752,24.172393,-4.62171,4,-10.998334,-14.003635,-7.993033,2,16.610602,,16.610602,0,,,,-24.919,46.303,11.799,76.892,91.822,69.218,-7.142857,-24.919,42.857143,46.303,50.0,11.799,3,0,1,0,0.0,33.3333,0.0,57.1429,25.0,60.0,50.0,50.0,0.0,,2,2,-5.915187,-7.459118,75.0,,,,,,,0.525016,4.772875
2024,64468,박계범,,94,False,38.297872,47.442819,6.731413,7.161077,61.509371,36,5.823308,58,7.991417,46,6.796516,48,7.510449,30,6,16,42,46,48,58.333333,27.586207,72.413793,30.747126,76.595745,23,8.82281,12.32886,-3.79897,37,5.415416,8.266239,3.471673,31,7.512363,-45.424657,13.184187,3,12.320999,,12.320999,106.894,110.313,98.032,110.151,102.58,109.906,30.747126,106.894,58.333333,110.313,72.413793,98.032,20,5,7,0,25.0,35.0,0.0,67.3913,10.4167,78.2609,56.5217,14.2857,9.6774,0.0,23,14,10.125543,10.366813,89.5833,,,,,,,6.731413,7.161077
2024,79365,박동원,,2007,True,46.238166,44.534141,152.398549,7.593351,55.903799,928,4.47438,1079,10.275839,852,7.029016,1155,8.009639,644,284,225,854,869,1138,57.009346,20.852641,79.147359,36.156704,74.638764,465,8.999866,13.035295,-6.112406,787,4.514871,4.125563,4.9696,489,7.309975,-16.015785,14.895588,266,14.76367,-27.004309,17.615299,125.713,104.837,123.938,116.171,105.961,113.98,36.156704,125.713,57.009346,104.837,79.147359,123.938,496,54,110,0,10.8871,22.1774,0.0,72.8873,26.5801,78.9247,65.6331,42.5,24.5399,6.391,387,400,7.379619,7.464257,73.4199,1.080731,0.589344,False,-0.13425,-0.020884,False,152.398549,7.593351
2024,50657,박민,,104,False,45.192308,42.149845,3.987178,3.833825,38.480117,47,3.458368,57,4.143412,46,2.558863,58,4.845002,30,17,19,38,49,55,55.882353,33.333333,66.666667,22.54902,65.384615,25,2.139673,12.095979,-10.531989,44,4.157042,4.912389,3.329757,20,-0.554641,-12.047226,8.848384,15,11.560597,-11.360304,13.197804,78.374,100.175,75.921,63.815,40.947,88.148,22.54902,78.374,55.882353,100.175,66.666667,75.921,30,1,7,0,3.3333,23.3333,0.0,58.6957,34.4828,56.0,61.9048,43.4783,45.0,6.6667,21,23,-20.238996,-10.833612,65.5172,,,,,,,3.987178,3.833825
2024,69056,박민석,,64,False,57.8125,55.573936,6.374622,9.960346,67.600455,37,10.663406,27,8.996894,40,8.7921,24,11.907424,30,7,11,16,41,23,34.782609,40.740741,59.259259,-5.958132,71.875,23,10.322225,15.809935,-9.433529,28,4.273231,7.304195,-0.410987,8,13.419681,-7.102053,20.260259,5,34.608615,,34.608615,-20.798,12.907,47.422,149.134,131.604,145.798,-5.958132,-20.798,34.782609,12.907,59.259259,47.422,14,0,7,0,0.0,50.0,0.0,75.0,29.1667,78.2609,70.5882,45.4545,25.0,0.0,17,11,6.610264,8.232951,70.8333,,,,,,,6.374622,9.960346
2024,62907,박민우,,2071,True,42.153549,46.909935,138.859549,6.704952,55.392811,873,4.648316,1198,8.203652,977,5.981651,1094,7.350898,627,246,370,828,997,1074,56.907216,30.884808,69.115192,26.022408,70.255915,513,7.177887,12.029122,-4.673452,850,2.96326,4.011802,1.995375,495,9.280828,-18.267149,15.155029,213,14.511351,-26.299587,17.382473,90.458,104.414,85.341,103.799,90.728,108.603,26.022408,90.458,56.907216,104.414,69.115192,85.341,528,50,79,9,9.4697,14.9621,1.7045,63.6643,22.9433,70.9552,55.6034,38.8601,17.5758,6.5728,464,386,1.007809,0.13095,77.0567,-1.276427,-0.696061,False,-4.74234,-0.737709,False,138.859549,6.704952
2024,53204,박민준,,19,False,63.157895,53.993934,0.55259,2.908371,45.288778,12,3.525703,7,1.850087,7,2.533758,12,3.126895,7,5,2,5,9,10,41.666667,28.571429,71.428571,13.095238,63.157895,4,0.234351,9.27846,-8.809759,10,3.458804,4.24631,0.308781,4,0.208256,-5.109483,5.525995,1,18.900571,,18.900571,45.486,41.379,94.241,50.927,40.581,74.123,13.095238,45.486,41.666667,41.379,71.428571,94.241,5,0,3,0,0.0,60.0,0.0,71.4286,58.3333,50.0,100.0,71.4286,50.0,0.0,3,7,-27.386086,-10.49351,41.6667,,,,,,,0.55259,2.908371
2024,75125,박병호,,1678,True,46.185936,45.837813,133.023415,7.927498,57.998188,775,5.243028,903,10.231445,748,8.491296,930,7.474034,546,229,200,703,746,932,56.285028,22.148394,77.851606,34.136634,74.43385,385,9.879612,13.776653,-5.215256,684,4.564065,5.10023,3.928547,414,7.870328,-21.237744,15.841462,195,15.992587,-17.148358,17.596181,118.686,101.841,118.952,120.824,127.229,109.608,34.136634,118.686,56.285028,101.841,77.851606,118.952,406,47,121,7,11.5764,29.803,1.7241,72.5936,24.9462,79.4805,65.2893,41.7445,21.4976,4.6154,363,321,8.633377,8.019537,75.0538,0.986058,0.537717,False,7.649998,1.190019,False,133.023415,7.927498
2024,66707,박상언,,209,False,41.148325,48.457781,13.046355,6.242275,61.881126,86,7.141561,123,5.613506,100,6.403656,109,6.094219,63,23,38,85,101,108,57.432432,30.894309,69.105691,26.538123,70.813397,56,5.911105,11.917699,-6.769483,91,3.840197,5.352188,2.544205,45,8.097604,-10.581704,10.971344,17,15.280203,,15.280203,92.252,106.587,85.304,97.356,96.866,98.345,26.538123,92.252,57.432432,106.587,69.105691,85.304,52,9,12,1,17.3077,23.0769,1.9231,63.0,21.1009,67.8571,56.8182,36.1702,13.3333,0.0,44,47,-1.116986,0.423967,78.8991,,,,,,,13.046355,6.242275
2024,53305,박성빈,,32,False,43.75,36.75402,0.841752,2.630473,19.560523,14,-10.002899,18,12.45643,8,-1.289053,24,3.936982,6,8,3,15,9,23,71.428571,16.666667,83.333333,54.761905,65.625,4,-3.02823,-2.868173,-3.508401,15,-2.878622,-12.164419,7.733718,9,12.876117,-7.623506,18.733152,4,5.895587,-18.873697,14.152015,190.438,164.475,140.042,47.057,-15.018,80.736,54.761905,190.438,71.428571,164.475,83.333333,140.042,11,1,2,1,9.0909,18.1818,9.0909,62.5,37.5,75.0,50.0,54.5455,22.2222,25.0,4,11,3.986641,-8.597059,62.5,,,,,,,0.841752,2.630473
2024,67893,박성한,,2383,True,37.977339,48.318176,174.948358,7.341517,54.339323,905,7.817914,1478,7.049813,1157,6.8686,1226,7.787818,664,241,506,972,1170,1213,59.413203,34.235453,65.764547,25.17775,68.652958,610,7.692788,17.11838,-5.429115,989,4.544363,7.338957,2.248988,518,8.377917,-21.969503,14.168345,266,14.917665,-21.500902,18.039257,87.519,114.779,72.45,112.664,103.628,112.17,25.17775,87.519,59.413203,114.779,65.764547,72.45,563,62,84,2,11.0124,14.9201,0.3552,55.4883,21.4519,58.1967,52.468,35.9729,16.0232,7.8947,547,442,-11.394497,-7.270114,78.5481,-0.449328,-0.245028,False,-0.368043,-0.057252,False,174.948358,7.341517
2024,62244,박세혁,,672,True,49.702381,45.692598,37.526263,5.584265,45.910328,334,2.646077,338,8.487682,287,6.40892,385,4.969523,213,121,85,253,298,374,54.291845,25.147929,74.852071,29.143916,69.345238,147,8.410902,12.46908,-4.575266,281,1.465743,1.707402,1.090075,167,6.355391,-15.471132,14.163252,77,13.545449,-17.711878,16.671182,101.317,93.597,107.412,88.192,96.943,89.164,29.143916,101.317,54.291845,93.597,74.852071,107.412,171,14,43,3,8.1871,25.1462,1.7544,72.1254,32.987,76.1905,67.8571,53.9007,26.3473,9.0909,140,141,4.230769,3.373311,67.013,1.454885,0.793378,False,3.246058,0.504951,False,37.526263,5.584265
2024,52305,박수종,,529,True,41.965974,45.157977,31.116865,5.882205,43.155162,222,2.853321,307,8.072473,237,5.679038,292,6.047105,146,76,91,216,237,292,59.668508,29.641694,70.358306,30.026814,68.431002,125,7.640432,15.004211,-5.450731,202,2.115638,2.799549,1.404095,138,5.753811,-22.519508,14.639711,64,14.613244,-18.684905,18.05788,104.388,115.835,90.124,92.341,86.327,97.96,30.026814,104.388,59.668508,115.835,70.358306,90.124,142,13,16,2,9.1549,11.2676,1.4085,58.6498,28.4247,64.0,52.6786,48.8889,23.913,9.375,112,90,-7.401259,-7.731703,71.5753,-1.572764,-0.85766,False,-4.361628,-0.678487,False,31.116865,5.882205
2024,62802,박승욱,,1817,True,48.266373,47.066423,126.957947,6.987229,54.439558,877,5.144301,940,8.706641,847,7.432575,970,6.598354,611,266,230,710,841,976,53.747161,24.468085,75.531915,29.279076,72.702256,457,9.686703,14.113627,-6.530294,718,2.690786,3.000755,2.282827,422,6.483927,-16.052439,13.391358,220,16.367136,-17.305145,18.139361,101.787,91.344,110.028,107.73,111.831,102.46,29.279076,101.787,53.747161,91.344,75.531915,110.028,468,45,120,10,9.6154,25.641,2.1368,72.255,27.3196,78.5558,64.8718,47.2561,23.4597,5.0,390,328,7.258536,6.44771,72.6804,0.163874,0.089364,False,3.670908,0.57104,False,126.957947,6.987229
2024,50996,박시원,,624,True,50.641026,45.533907,40.517286,6.493155,50.785265,316,3.835903,308,9.219426,279,7.119595,345,5.986555,209,107,81,227,290,334,52.06422,26.298701,73.701299,25.765519,69.871795,137,9.744999,13.427818,-4.591691,258,3.354588,4.094487,2.126508,148,4.44986,-20.553203,13.395911,81,14.723465,-15.589201,17.59088,89.564,84.384,102.985,100.849,107.279,97.466,25.765519,89.564,52.06422,84.384,73.701299,102.985,158,14,46,0,8.8608,29.1139,0.0,71.3262,33.913,79.562,63.3803,61.2069,26.3514,8.642,142,116,7.601328,2.092958,66.087,0.856631,0.467138,False,10.006713,1.556625,True,40.517286,6.493155
2024,50906,박영빈,,31,False,51.612903,45.965316,1.5286,4.930966,43.483509,16,0.782313,15,9.356196,13,6.027489,18,4.139034,11,5,2,13,13,18,54.166667,13.333333,86.666667,40.833333,77.419355,6,3.309662,7.442725,-4.956465,15,2.231129,-1.15938,11.555028,7,11.290906,-4.500712,13.922843,3,6.832903,,6.832903,141.983,93.079,152.867,79.094,91.395,82.385,40.833333,141.983,54.166667,93.079,86.666667,152.867,7,1,3,0,14.2857,42.8571,0.0,84.6154,27.7778,66.6667,100.0,50.0,14.2857,0.0,7,8,-2.525883,18.570028,72.2222,,,,,,,1.5286,4.930966
2024,67609,박정우,,266,False,47.368421,46.276968,15.314646,5.757386,51.743137,126,4.268653,140,7.097245,125,5.861091,141,5.665449,94,32,33,107,127,139,53.233831,23.571429,76.428571,29.662402,75.56391,68,6.939022,10.934433,-9.964643,117,3.128894,2.157234,4.187309,51,5.447012,-19.374742,10.765959,30,13.857766,-20.762163,15.051556,103.121,89.221,113.478,90.603,88.975,94.845,29.662402,103.121,53.233831,89.221,76.428571,113.478,69,4,14,0,5.7971,20.2899,0.0,73.6,24.1135,80.8824,64.9123,40.0,17.6471,3.3333,57,60,10.918651,9.45861,75.8865,,,,,,,15.314646,5.757386
2024,50357,박주홍,,262,False,45.801527,44.516763,19.767409,7.544813,59.89659,120,6.390787,142,8.520046,123,6.599235,139,8.381547,86,34,35,107,121,141,55.440415,24.647887,75.352113,30.792527,73.664122,56,9.085281,12.282312,-5.62106,99,4.526738,8.044392,-0.24722,72,7.589266,-13.394019,13.111183,35,13.525454,-27.856009,16.033421,107.052,98.348,109.336,115.495,99.711,117.016,30.792527,107.052,55.440415,98.348,75.352113,109.336,59,10,17,0,16.9492,28.8136,0.0,70.7317,23.741,82.1429,61.194,50.0,20.8333,5.7143,67,32,11.44818,6.783863,76.259,,,,,,,19.767409,7.544813
2024,66928,박준영,,917,True,43.620502,47.671069,58.177048,6.34428,47.846641,400,5.791411,517,6.772031,432,6.386776,485,6.306428,272,128,171,346,443,474,55.987055,33.075435,66.924565,22.91162,67.393675,229,7.790313,16.179126,-7.248168,386,3.361714,5.374731,1.410319,195,5.872275,-16.529852,15.590844,107,14.869233,-26.92617,16.492355,79.636,100.609,76.913,98.776,96.62,100.077,22.91162,79.636,55.987055,100.609,66.924565,76.913,212,21,58,3,9.9057,27.3585,1.4151,60.6481,28.4536,64.1921,56.6502,40.9836,30.2564,3.7383,203,183,-8.664449,-5.74842,71.5464,1.803588,0.983533,False,9.283231,1.444082,False,58.177048,6.34428
2024,69363,박준형,,16,False,56.25,51.181302,0.123022,0.768887,6.094269,9,0.254499,7,1.430243,7,1.775973,9,-0.014402,5,4,1,6,6,10,54.545455,14.285714,85.714286,40.25974,68.75,4,10.355535,14.136501,-0.987365,8,-3.808028,-1.647661,-7.408638,4,0.336069,-31.88071,11.074995,0,,,,139.987,94.646,149.202,21.133,29.56,48.481,40.25974,139.987,54.545455,94.646,85.714286,149.202,5,0,3,0,0.0,60.0,0.0,71.4286,44.4444,75.0,66.6667,60.0,25.0,,3,5,3.349364,-3.276792,55.5556,,,,,,,0.123022,0.768887
2024,54805,박지환,,919,True,51.142546,44.880938,50.155549,5.457622,46.530824,470,3.514471,449,7.491656,416,7.806442,503,3.515059,314,156,115,334,429,490,51.54321,25.612472,74.387528,25.930738,70.511425,227,8.439381,12.441643,-4.700122,370,3.704592,3.879249,3.472816,218,3.498775,-14.607978,12.428133,104,9.292147,-21.522436,13.694231,90.139,82.229,105.625,86.428,117.268,77.292,25.930738,90.139,51.54321,82.229,74.387528,105.625,249,12,60,3,4.8193,24.0964,1.2048,70.4327,35.1889,76.652,62.963,50.8287,33.0275,12.5,189,181,3.159711,0.536496,64.8111,-2.662702,-1.452025,False,2.102676,0.327088,False,50.155549,5.457622
2024,64646,박찬호,,2174,True,41.444342,45.508621,141.95764,6.52979,53.128733,901,5.440023,1273,7.301102,1029,6.349777,1145,6.691566,643,258,391,882,1034,1140,57.836066,30.714847,69.285153,27.121219,70.147194,543,7.177063,12.969093,-5.210517,879,4.190303,7.004104,1.862044,496,6.802685,-18.630546,14.220711,256,12.66098,-28.481688,16.337558,94.28,108.256,85.995,101.359,96.082,103.221,27.121219,94.28,57.836066,108.256,69.285153,85.995,580,48,44,1,8.2759,7.5862,0.1724,59.8639,24.8908,68.14,50.6173,38.6768,22.5806,8.2031,486,393,-2.955582,-4.681377,75.1092,-1.535662,-0.837428,False,-10.065431,-1.56576,True,141.95764,6.52979
2024,53992,박한결,,289,False,39.792388,45.05666,12.535365,4.337496,36.483728,115,0.395682,174,6.942719,131,4.033687,158,4.589389,74,41,61,113,135,154,60.427807,35.057471,64.942529,25.370336,64.705882,72,6.434777,13.332744,-5.061836,104,1.28227,2.397624,0.526708,78,3.201083,-22.980569,15.550918,35,11.634056,-26.885371,15.245253,88.189,118.976,69.287,70.829,62.397,86.061,25.370336,88.189,60.427807,118.976,64.942529,69.287,72,6,29,0,8.3333,40.2778,0.0,53.4351,28.481,62.5,42.3729,37.7778,32.0513,8.5714,59,45,-10.768331,-12.975657,71.519,,,,,,,12.535365,4.337496
2024,62415,박해민,,2261,True,44.714728,46.471412,162.096903,7.169257,53.848971,1011,5.96174,1250,8.145897,1059,7.348449,1202,7.011383,706,305,387,863,1093,1168,55.003187,30.96,69.04,24.043187,69.394073,562,8.655777,14.698966,-5.162276,932,4.355668,6.206544,2.464643,504,5.882609,-17.064304,13.858808,263,16.428999,-22.363104,19.449695,83.572,96.539,85.052,110.265,110.607,105.832,24.043187,83.572,55.003187,96.539,69.04,85.052,556,46,100,11,8.2734,17.9856,1.9784,63.7394,27.9534,69.573,57.1429,42.9885,25.7937,7.2243,497,435,-2.259725,-2.397214,72.0466,-0.068736,-0.037483,False,-1.759329,-0.273678,False,162.096903,7.169257
2024,64166,배정대,,1892,True,41.807611,45.580438,127.093026,6.71739,55.471755,791,5.753826,1101,7.409652,910,5.495194,982,7.849976,570,221,347,754,917,975,56.94864,31.516803,68.483197,25.431838,69.978858,479,6.738672,12.783788,-5.777818,773,3.222974,4.81149,1.718484,424,9.026937,-12.452958,13.717949,216,14.642122,-27.536439,18.016407,88.403,104.586,82.909,103.972,83.653,112.677,25.431838,88.403,56.94864,104.586,68.483197,82.909,473,49,114,4,10.3594,24.1015,0.8457,61.6484,23.4216,67.4322,55.2204,40.3509,17.9245,7.4074,431,342,-2.595189,-2.133476,76.5784,-0.157233,-0.085742,False,5.48601,0.853393,False,127.093026,6.71739
2024,54507,백두산,,4,False,50.0,47.88649,-0.077299,-1.932482,-23.038648,2,-7.847308,2,3.982345,1,-4.56019,3,-1.056579,1,1,1,1,2,2,50.0,50.0,50.0,0.0,50.0,0,,,,3,-6.751602,-7.847308,-4.56019,0,,,,1,12.52488,,12.52488,-0.07,75.846,11.799,-16.487,-62.594,39.974,0.0,-0.07,50.0,75.846,50.0,11.799,1,0,1,0,0.0,100.0,0.0,0.0,66.6667,,0.0,100.0,,0.0,1,2,,-86.252172,33.3333,,,,,,,-0.077299,-1.932482
2024,65109,백승현,,3,False,100.0,78.690982,0.014041,0.468037,8.471016,3,0.468037,0,,2,3.833826,1,-6.263539,1,2,0,0,1,2,0.0,,,,33.333333,1,8.989799,8.989799,,2,-3.792843,-3.792843,,0,,,,0,,,,,-130.955,,16.943,59.49,-2.53,,,0.0,-130.955,,,1,0,0,0,0.0,0.0,0.0,100.0,100.0,100.0,100.0,100.0,,,1,1,,-3.572265,0.0,,,,,,,0.014041,0.468037
2024,68305,변상권,,880,True,53.181818,48.163264,48.195427,5.476753,45.157865,468,3.160738,412,8.107566,410,7.261819,470,3.919568,296,172,108,304,404,476,50.666667,26.213592,73.786408,24.453074,68.181818,229,9.292589,12.750787,-4.465026,352,1.87946,2.00962,1.695809,207,4.380271,-15.060405,14.100609,92,12.209282,-22.898236,16.490686,84.998,78.603,103.312,86.695,109.347,80.594,24.453074,84.998,50.666667,78.603,73.786408,103.312,232,11,51,1,4.7414,21.9828,0.431,72.439,36.383,79.9127,62.9834,53.8012,33.3333,10.8696,181,171,6.350255,1.922338,63.617,-0.361421,-0.19709,False,-0.086703,-0.013487,False,48.195427,5.476753
2024,69727,변우혁,,686,True,53.93586,43.874244,40.036832,5.836273,48.569479,370,2.493444,316,9.750344,297,6.84464,389,5.066388,231,139,65,251,296,390,52.074689,20.56962,79.43038,31.505069,70.262391,141,7.402802,11.103271,-7.531236,278,3.982905,3.266168,5.341718,173,5.162387,-11.154812,13.607253,94,10.207954,-16.775242,15.742968,109.531,84.427,125.026,91.701,103.28,89.955,31.505069,109.531,52.074689,84.427,79.43038,125.026,187,16,48,2,8.5561,25.6684,1.0695,77.1044,36.2468,80.1418,74.359,54.0984,34.104,17.0213,156,122,6.402542,6.658508,63.7532,1.671707,0.911616,False,3.440092,0.535134,False,40.036832,5.836273
2024,78168,서건창,,1017,True,35.594887,46.26874,85.323687,8.389743,65.521326,362,8.457061,655,8.352539,460,6.182866,557,10.212299,279,83,199,456,478,539,62.040816,30.381679,69.618321,31.659137,72.271386,255,7.164346,14.397563,-5.017916,421,5.264027,7.409613,3.752562,227,11.654668,-15.81104,15.207446,114,16.172768,-60.169889,17.536029,110.067,125.647,87.277,127.261,93.655,131.96,31.659137,110.067,62.040816,125.647,69.618321,87.277,246,35,30,3,14.2276,12.1951,1.2195,56.9565,17.9533,62.7451,49.7561,33.3333,11.4537,1.7544,205,216,-5.797772,-3.984029,82.0467,1.08729,0.592921,False,-3.886124,-0.604518,False,85.323687,8.389743
2024,53569,서동욱,,103,False,53.398058,49.590866,8.274887,8.033871,54.611459,55,9.306169,48,6.576029,54,5.961437,49,10.317778,42,13,18,30,60,43,41.666667,37.5,62.5,4.166667,69.902913,28,5.069726,15.488122,-13.683387,43,6.185865,9.067157,-1.257473,20,4.997762,-7.078729,9.023259,12,26.632411,-12.635105,30.202185,14.425,41.379,59.89,122.305,90.434,132.821,4.166667,14.425,41.666667,41.379,62.5,59.89,27,0,8,1,0.0,29.6296,3.7037,68.5185,36.7347,64.2857,73.0769,70.5882,25.0,8.3333,26,17,-7.364936,-2.180907,63.2653,,,,,,,8.274887,8.033871
2024,66203,서예일,,96,False,53.125,49.32278,4.567656,4.757975,44.694284,51,3.266865,45,6.4479,38,8.294579,58,2.44089,35,16,10,35,45,51,50.0,22.222222,77.777778,27.777778,72.916667,20,10.978962,13.325705,-2.319245,43,1.435987,1.705723,0.932478,25,5.453269,-15.533073,10.699855,8,4.8884,-30.021747,9.875564,96.564,75.846,118.668,76.685,124.368,68.523,27.777778,96.564,50.0,75.846,77.777778,118.668,20,2,5,0,10.0,25.0,0.0,78.9474,36.2069,85.0,72.2222,60.0,20.0,12.5,18,25,14.496454,8.52224,63.7931,,,,,,,4.567656,4.757975
2024,69995,서호철,,2143,True,48.343444,44.59942,123.731415,5.773748,45.259717,1036,2.614623,1107,8.730255,951,6.926935,1192,4.853713,660,376,309,798,969,1174,54.73251,27.913279,72.086721,26.819231,68.035464,507,8.020654,13.440644,-4.40309,848,3.563282,4.060724,2.962207,521,4.298817,-16.556178,15.781478,267,11.405704,-25.208259,16.748514,93.23,95.42,96.773,90.831,104.477,88.219,26.819231,93.23,54.73251,95.42,72.086721,96.773,566,30,100,16,5.3004,17.6678,2.8269,65.4048,34.7315,69.6252,60.5856,48.2673,35.5086,12.7341,444,404,-4.436298,-4.253737,65.2685,-2.401143,-1.309392,False,-1.610009,-0.25045,False,123.731415,5.773748
2024,52630,소크라테스,,2204,True,48.956443,44.859736,115.817989,5.2549,45.713565,1079,2.677081,1125,7.727314,968,6.2457,1236,4.478933,675,404,325,800,1000,1204,54.237288,28.888889,71.111111,25.348399,66.923775,521,7.137983,12.476529,-4.587168,891,2.652331,2.703573,2.58084,542,4.251494,-14.643027,13.1099,250,12.781494,-15.446133,16.485572,88.113,93.371,93.02,83.605,94.569,85.16,25.348399,88.113,54.237288,93.371,71.111111,93.02,600,38,89,4,6.3333,14.8333,0.6667,65.9091,35.6796,68.714,62.6398,53.8288,31.9188,11.6,447,444,-4.523933,-4.242073,64.3204,-0.913293,-0.498037,False,-4.716904,-0.733753,False,115.817989,5.2549
2024,51528,손성빈,,716,True,46.648045,45.677504,45.530155,6.35896,51.447988,334,4.57162,382,7.921713,322,7.367825,394,5.534456,231,103,94,288,325,391,55.491329,24.60733,75.39267,30.884,72.486034,159,11.026111,14.615046,-6.519798,298,2.210753,3.309894,0.986886,176,6.133806,-17.635112,12.245813,83,12.789275,-31.894921,18.22384,107.37,98.558,109.492,98.98,110.889,93.776,30.884,107.37,55.491329,98.558,75.39267,109.492,172,13,38,3,7.5581,22.093,1.7442,69.2547,28.1726,83.0189,55.8282,48.8889,20.4545,10.8434,163,135,12.411083,3.004189,71.8274,-1.484202,-0.809365,False,1.743571,0.271227,False,45.530155,6.35896
2024,77532,손아섭,,1349,True,47.739066,44.44694,87.905741,6.516363,50.632344,644,3.895155,705,8.910772,609,7.06937,740,6.061253,425,219,190,515,615,734,54.787234,26.950355,73.049645,27.836879,69.681245,314,8.857756,14.174594,-4.171417,535,3.599379,4.620124,2.306146,332,5.6658,-16.197417,15.778743,168,13.110269,-19.59665,16.792505,96.77,95.646,100.478,101.172,106.548,98.076,27.836879,96.77,54.787234,95.646,73.049645,100.478,357,16,65,0,4.4818,18.2073,0.0,66.8309,32.027,71.0191,62.3729,47.9167,31.6265,10.119,295,240,-2.151774,-1.42237,67.973,-4.517373,-2.463415,True,-1.840903,-0.286367,False,87.905741,6.516363
2024,50150,손호영,,1402,True,60.271041,42.373408,58.235356,4.153734,35.581081,845,0.899323,557,9.090857,583,7.099173,819,2.057043,490,355,120,437,610,792,47.141316,21.543986,78.456014,25.59733,66.119829,315,8.286337,10.827019,-5.505939,533,2.212197,2.35001,1.87915,338,-0.202854,-14.174164,13.281085,216,9.735199,-18.141702,15.310579,88.979,64.022,121.278,68.27,106.982,65.39,25.59733,88.979,47.141316,64.022,78.456014,121.278,429,15,64,9,3.4965,14.9184,2.0979,80.446,45.9096,84.4444,75.7463,65.6604,49.1124,16.6667,268,265,7.261946,4.979285,54.0904,1.248437,0.680798,False,-9.114742,-1.417872,False,58.235356,4.153734
2024,64012,송민섭,,90,False,46.666667,48.520396,6.883468,7.648298,50.708894,42,3.844589,48,10.976544,34,6.080749,56,8.600024,23,19,10,38,33,57,62.295082,20.833333,79.166667,41.461749,67.777778,19,8.11385,12.739747,-4.838663,35,0.554944,3.357938,-3.649549,27,11.966855,-12.485775,20.525275,9,21.295066,,21.295066,144.169,126.699,124.012,116.936,92.17,118.8,41.461749,144.169,62.295082,126.699,79.166667,124.012,20,3,6,2,15.0,30.0,10.0,70.5882,32.1429,73.6842,66.6667,55.0,25.9259,0.0,15,20,1.821146,2.274708,67.8571,,,,,,,6.883468,7.648298
2024,65357,송성문,,2298,True,43.907746,45.68168,150.01611,6.528116,55.969627,1009,4.17435,1289,8.370591,1043,6.049792,1255,6.92564,699,310,343,946,1042,1256,57.507599,26.609775,73.390225,30.897824,71.583986,541,6.881312,11.667514,-4.316038,934,3.792027,4.44894,3.054492,546,6.859895,-17.175075,13.848787,277,14.409985,-22.716232,16.23817,107.419,106.898,101.788,101.336,91.719,105.132,30.897824,107.419,57.507599,106.898,73.390225,101.788,591,62,80,3,10.4907,13.5364,0.5076,65.5801,25.8964,70.0555,60.757,43.75,22.5275,4.6931,502,432,-1.0279,0.51231,74.1036,0.356317,0.194307,False,-4.828279,-0.751078,False,150.01611,6.528116
2024,69203,송승환,,15,False,46.666667,30.555745,-0.209688,-1.39792,-9.357719,7,-14.139753,8,9.751183,4,-0.739757,11,-1.637252,3,4,1,7,4,11,70.0,12.5,87.5,57.5,66.666667,2,-4.367331,3.427044,-12.161705,6,2.168681,-1.168678,8.843398,6,-4.933715,-48.8653,17.032079,1,4.356062,,4.356062,199.963,158.566,156.073,-9.043,-7.029,35.234,57.5,199.963,70.0,158.566,87.5,156.073,5,0,1,0,0.0,20.0,0.0,75.0,36.3636,50.0,100.0,50.0,33.3333,0.0,2,4,-23.562445,4.493418,63.6364,,,,,,,-0.209688,-1.39792
2024,54394,송지후,,1,False,100.0,40.331939,0.064077,6.407668,100.0,1,6.407668,0,,1,6.407668,0,,0,1,0,0,0,1,,,,,0.0,0,,,,1,6.407668,6.407668,,0,,,,0,,,,,,,99.659,96.924,,,,,,,,1,0,0,0,0.0,0.0,0.0,100.0,,,100.0,,,,1,0,,,,,,,,,,0.064077,6.407668
2024,68110,송찬의,,68,False,54.411765,44.845386,5.182965,7.622008,60.939874,37,2.341145,31,13.924972,27,6.805329,41,8.15982,24,13,6,25,30,38,51.020408,19.354839,80.645161,31.665569,72.058824,8,6.625975,10.431147,-4.789541,31,5.780361,7.388843,2.40255,21,8.208129,-12.453633,23.70445,8,14.215852,-19.047507,18.967761,110.089,80.066,129.7,116.57,102.708,115.206,31.665569,110.089,51.020408,80.066,80.645161,129.7,21,3,6,1,14.2857,28.5714,4.7619,77.7778,39.0244,75.0,78.9474,50.0,42.8571,12.5,19,12,-0.747376,5.888658,60.9756,,,,,,,5.182965,7.622008
2024,65207,신민재,,1764,True,40.079365,43.001107,124.777274,7.073542,55.362522,707,4.063793,1057,9.086684,777,5.369088,987,8.415345,506,201,285,772,791,973,60.406886,26.963103,73.036897,33.443783,72.44898,419,5.844749,10.99735,-5.738619,683,3.047669,3.799078,2.32008,425,9.915878,-17.37813,15.576283,237,15.750934,-40.502041,17.716104,116.276,118.889,100.429,108.932,81.819,117.292,33.443783,116.276,60.406886,118.889,73.036897,100.429,476,64,46,5,13.4454,9.6639,1.0504,63.7066,21.4792,69.2124,57.2626,40.3077,17.1765,3.3755,358,325,-0.643385,0.934001,78.5208,1.996799,1.088895,False,-10.063384,-1.565441,True,124.777274,7.073542
2024,66662,신범수,,110,False,50.0,46.012252,5.71897,5.199064,40.577243,55,1.740119,55,8.658009,41,7.318455,69,3.939715,34,21,15,40,49,61,54.054054,27.272727,72.727273,26.781327,67.272727,23,8.542538,14.681413,-5.489176,44,1.726319,1.99349,1.374778,32,3.479325,-13.91106,15.378009,11,17.102017,-8.189567,19.631175,93.098,92.614,99.238,82.828,110.171,80.758,26.781327,93.098,54.054054,92.614,72.727273,99.238,29,1,5,1,3.4483,17.2414,3.4483,68.2927,39.1304,69.5652,66.6667,50.0,40.625,9.0909,18,26,-5.670092,-3.65152,60.8696,,,,,,,5.71897,5.199064
2024,62556,신본기,,563,True,40.497336,44.773076,46.041735,8.177928,61.14105,228,6.932089,335,9.025842,260,6.612226,303,9.521435,159,69,98,237,257,306,59.848485,29.253731,70.746269,30.594754,70.337478,150,6.504342,14.52216,-5.522384,217,5.705185,7.759657,3.743257,129,9.651695,-15.786166,16.072903,67,17.095946,-23.093557,21.049011,106.364,116.579,91.616,124.312,99.899,126.321,30.594754,106.364,59.848485,116.579,70.746269,91.616,152,16,28,3,10.5263,18.4211,1.9737,59.6154,24.0924,60.0,59.0909,38.3178,20.155,8.9552,110,107,-10.539106,-4.515026,75.9076,0.331623,0.180841,False,0.903698,0.140578,False,46.041735,8.177928
2024,53991,신용석,,6,False,83.333333,55.496053,-0.018693,-0.311554,-3.809553,5,-1.745028,1,6.855814,2,3.812232,4,-2.373447,3,2,0,1,3,3,25.0,0.0,100.0,25.0,66.666667,2,3.812232,3.812232,,2,4.559875,4.559875,,2,-9.30677,-25.469353,6.855814,0,,,,86.901,-27.555,204.164,6.086,59.176,29.225,25.0,86.901,25.0,-27.555,100.0,204.164,2,0,0,0,0.0,0.0,0.0,100.0,75.0,100.0,,100.0,50.0,,0,2,22.613914,9.417818,25.0,,,,,,,-0.018693,-0.311554
2024,69508,신윤후,,148,False,49.324324,46.625856,5.098476,3.444916,25.034622,73,0.518053,75,6.293729,63,8.734283,85,-0.475438,44,29,25,50,69,79,53.191489,33.333333,66.666667,19.858156,63.513514,31,7.833485,13.414836,-5.809816,62,2.902006,5.574791,-1.053716,31,5.365543,-19.308455,15.459451,24,-3.301943,-57.959931,11.081738,69.013,89.046,75.921,58.399,130.763,44.718,19.858156,69.013,53.191489,89.046,66.666667,75.921,35,1,8,2,2.8571,22.8571,5.7143,65.0794,37.6471,70.9677,59.375,60.0,29.0323,20.8333,32,30,-1.608018,-6.094093,62.3529,,,,,,,5.098476,3.444916
2024,64006,심우준,,786,True,40.458015,48.0409,49.661627,6.318273,49.227879,318,5.833504,468,6.647667,382,6.609864,404,6.042561,220,98,162,306,382,404,58.174905,34.615385,65.384615,23.55952,66.92112,206,6.553053,15.031338,-5.760647,329,4.112296,6.148326,2.447475,174,6.257139,-19.176999,14.34982,77,15.253849,-13.881185,17.715965,81.89,109.658,70.988,98.414,99.865,97.923,23.55952,81.89,58.174905,109.658,65.384615,70.988,192,17,29,1,8.8542,15.1042,0.5208,53.6649,27.9703,59.2233,47.1591,42.4837,24.1379,7.7922,176,153,-12.229555,-12.480496,72.0297,0.520142,0.283644,False,0.80087,0.124582,False,49.661627,6.318273
2024,66864,안상현,,281,False,48.398577,46.647313,14.91132,5.306519,51.97746,136,4.802491,145,5.779263,142,6.077923,139,4.518467,98,38,46,99,144,137,50.253807,31.724138,68.275862,18.529669,70.106762,83,6.121549,11.023132,-6.665191,108,3.849379,4.497176,3.097933,55,3.097827,-15.134347,10.577693,35,11.34086,-13.467909,12.844422,64.392,76.896,82.112,84.324,92.128,85.482,18.529669,64.392,50.253807,76.896,68.275862,82.112,75,4,14,0,5.3333,18.6667,0.0,68.3099,28.0576,72.2892,62.7119,42.8571,29.0909,5.7143,59,49,-0.299962,2.119143,71.9424,,,,,,,14.91132,5.306519
2024,64011,안승한,,19,False,57.894737,42.030529,0.76791,4.041633,56.405214,11,2.293529,8,6.445276,8,5.60382,11,2.905497,8,3,1,7,9,10,46.666667,12.5,87.5,34.166667,78.947368,5,2.49752,4.242799,-4.483594,8,2.577428,1.984423,4.356444,5,7.307612,-3.648911,10.046743,1,7.145945,,7.145945,118.79,62.059,156.073,66.709,85.233,72.316,34.166667,118.79,46.666667,62.059,87.5,156.073,5,0,1,0,0.0,20.0,0.0,87.5,36.3636,80.0,100.0,60.0,20.0,0.0,3,5,9.496454,16.993418,63.6364,,,,,,,0.76791,4.041633
2024,65115,안익훈,,226,False,35.840708,46.425068,14.563957,6.444229,48.463727,81,3.810191,145,7.915657,109,4.425567,117,8.324862,60,21,49,96,109,117,61.538462,33.793103,66.206897,27.745358,69.026549,59,4.53702,14.411584,-5.678045,87,2.776912,3.051912,2.531803,53,10.417984,-26.496237,16.980513,27,14.628408,-18.440269,17.273902,96.452,123.569,74.152,100.168,68.096,116.554,27.745358,96.452,61.538462,123.569,66.206897,74.152,57,4,13,0,7.0175,22.807,0.0,55.0459,17.9487,50.8475,60.0,29.7297,15.0943,7.4074,50,37,-18.530591,-5.892239,82.0513,,,,,,,14.563957,6.444229
2024,66406,안주형,,622,True,47.749196,43.963499,29.967775,4.81797,41.846814,297,2.718784,325,6.736304,276,4.957195,346,4.706912,195,102,81,244,276,346,55.580866,24.923077,75.076923,30.657789,70.578778,149,7.365387,12.057379,-6.837397,260,1.030789,1.044914,1.012698,153,6.1956,-16.929934,13.571848,60,11.39005,-34.548773,12.974147,106.583,98.929,108.277,77.52,75.828,87.021,30.657789,106.583,55.580866,98.929,75.076923,108.277,166,11,38,1,6.6265,22.8916,0.6024,67.3913,32.0809,75.1678,58.2677,54.1353,24.183,3.3333,127,133,3.704598,-0.889977,67.9191,-0.54047,-0.294729,False,3.548568,0.552009,False,29.967775,4.81797
2024,64022,안중열,,108,False,41.666667,46.010648,6.819572,6.314418,45.371854,45,4.465642,63,7.634973,49,4.458907,59,7.855436,31,14,19,44,50,58,58.666667,30.15873,69.84127,28.507937,69.444444,23,7.381933,15.339355,-7.538233,41,2.389829,7.903085,-2.860891,33,4.42204,-18.719814,14.483715,11,24.387492,,24.387492,99.104,111.691,88.134,98.36,68.581,112.722,28.507937,99.104,58.666667,111.691,69.84127,88.134,25,3,7,0,12.0,28.0,0.0,59.1837,27.1186,65.2174,53.8462,40.0,30.303,0.0,26,15,-7.64984,-6.51915,72.8814,,,,,,,6.819572,6.314418
2024,67006,안치영,,198,False,38.888889,44.680929,11.586712,5.851875,48.35342,77,6.179024,121,5.643689,87,4.677034,111,6.772696,55,22,33,88,88,110,61.538462,27.272727,72.727273,34.265734,72.222222,52,6.985517,15.083496,-7.079393,70,2.593914,6.854826,-0.792965,57,6.03656,-16.624944,11.455616,19,14.198234,-25.797849,18.903655,119.135,123.569,99.238,91.919,71.754,103.883,34.265734,119.135,61.538462,123.569,72.727273,99.238,48,2,12,0,4.1667,25.0,0.0,57.4713,24.3243,63.4615,48.5714,40.0,19.2982,10.5263,35,35,-6.881041,-6.779622,75.6757,,,,,,,11.586712,5.851875
2024,79608,안치홍,,2037,True,43.348061,44.735906,114.889744,5.640145,47.626728,883,3.22066,1154,7.491448,940,5.404432,1097,5.842123,566,317,381,773,947,1090,57.729649,33.015598,66.984402,24.714051,65.733922,484,5.40166,13.106144,-4.483337,823,3.921717,4.681825,3.069533,468,4.987479,-14.207997,14.041949,262,12.644495,-24.093162,16.691864,85.906,107.816,77.143,88.97,82.333,96.287,24.714051,85.906,57.729649,107.816,66.984402,77.143,523,44,67,6,8.413,12.8107,1.1472,55.8511,32.6345,56.1983,55.4825,49.5913,32.0513,9.9237,456,367,-17.070031,-12.717829,67.3655,-0.294653,-0.16068,False,-1.306727,-0.203272,False,114.889744,5.640145
2024,52001,안현민,,107,False,50.46729,47.032955,3.709575,3.466893,29.868099,54,1.354614,53,5.619026,46,6.047222,61,1.521071,30,24,18,35,48,59,53.846154,33.962264,66.037736,19.88389,60.747664,24,7.939387,13.774599,-6.231843,46,-0.128238,0.36033,-0.82252,23,1.835602,-16.29198,11.503645,14,10.292312,-20.206055,15.375373,69.103,91.754,73.501,58.705,91.682,61.015,19.88389,69.103,53.846154,91.754,66.037736,73.501,29,2,10,1,6.8966,34.4828,3.4483,65.2174,39.3443,70.8333,59.0909,58.3333,34.7826,14.2857,22,24,-3.061641,-6.837963,60.6557,,,,,,,3.709575,3.466893
2024,54408,양도근,,119,False,36.134454,44.013529,9.529775,8.008214,63.236105,43,6.839328,76,8.669558,49,4.984026,70,10.125146,28,15,22,54,50,69,65.853659,28.947368,71.052632,36.90629,68.907563,23,7.928731,16.379022,-5.216167,47,2.851513,5.596964,0.435517,31,11.574157,-8.335486,17.381137,18,15.433149,,15.433149,128.321,141.417,92.795,121.948,76.219,131.249,36.90629,128.321,65.853659,141.417,71.052632,92.795,29,5,8,0,17.2414,27.5862,0.0,51.0204,25.7143,60.8696,42.3077,52.381,22.5806,0.0,26,21,-10.225982,-13.952771,74.2857,,,,,,,9.529775,8.008214
2024,64153,양석환,,2402,True,50.20816,44.231544,136.90904,5.699794,43.379225,1206,2.243794,1196,9.184689,1005,7.743128,1397,4.229822,740,466,295,901,1035,1367,54.905545,24.665552,75.334448,30.239994,68.318068,519,9.334966,14.559625,-4.402597,943,2.886998,3.029205,2.65978,608,3.746756,-17.144695,14.61031,332,11.583102,-22.839183,16.568399,105.13,96.135,109.268,89.801,116.348,83.126,30.239994,105.13,54.905545,96.135,75.334448,109.268,593,49,126,7,8.2631,21.2479,1.1804,69.9502,36.0057,72.447,67.284,55.3611,34.2105,12.6506,486,457,-1.316691,-0.370416,63.9943,1.173013,0.639668,False,-0.485087,-0.075459,False,136.90904,5.699794
2024,69403,양우현,,58,False,48.275862,44.011429,3.117879,5.375653,42.519952,28,4.264431,30,6.412794,25,7.220065,33,3.978371,18,10,9,21,27,31,53.846154,30.0,70.0,23.846154,67.241379,13,5.802098,13.741847,-6.901501,25,2.284197,3.639581,-0.595993,13,11.563008,-11.532715,15.762231,7,4.133795,-29.338161,9.712454,82.887,91.754,88.745,85.287,108.74,81.074,23.846154,82.887,53.846154,91.754,70.0,88.745,15,1,6,0,6.6667,40.0,0.0,64.0,36.3636,61.5385,66.6667,69.2308,15.3846,14.2857,12,13,-7.906191,-6.506582,63.6364,,,,,,,3.117879,5.375653
2024,76232,양의지,,1794,True,44.648829,45.825724,118.494629,6.605052,52.44405,801,4.217357,993,8.531077,821,6.652467,973,6.565044,552,249,281,712,833,961,56.329114,28.298087,71.701913,28.031027,70.457079,428,7.678349,13.643703,-4.593236,758,3.426991,3.16043,3.741044,423,7.224897,-17.176017,14.101519,185,15.726154,-24.969014,18.051592,97.445,102.023,95.293,102.408,100.485,102.188,28.031027,97.445,56.329114,102.023,71.701913,95.293,481,37,53,9,7.6923,11.0187,1.8711,63.9464,28.3659,67.2897,60.3053,47.3973,21.9858,5.4054,393,365,-3.669425,-2.404551,71.6341,-0.451931,-0.246447,False,-8.838086,-1.374836,False,118.494629,6.605052
2024,50293,양찬열,,57,False,35.087719,40.746026,8.269774,14.508375,90.676543,20,13.676528,37,14.958022,25,11.398543,32,16.937931,16,4,7,30,23,34,65.217391,18.918919,81.081081,46.298472,80.701754,11,12.318716,18.033238,-2.920009,26,8.006616,10.772055,5.636241,13,26.875756,,26.875756,7,19.130662,,19.130662,160.995,138.785,131.377,212.47,169.513,186.861,46.298472,160.995,65.217391,138.785,81.081081,131.377,12,4,1,0,33.3333,8.3333,0.0,68.0,9.375,72.7273,64.2857,25.0,0.0,0.0,14,12,6.812113,11.516783,90.625,,,,,,,8.269774,14.508375
2024,53827,에레디아,,2033,True,53.22184,43.016367,128.762296,6.33361,49.747681,1082,3.025996,951,10.096847,855,7.792622,1178,5.27465,705,377,168,783,873,1160,52.620968,17.665615,82.334385,34.955353,73.192327,469,9.362343,12.00037,-5.674412,796,2.76747,2.419558,3.412167,486,4.285821,-16.157057,12.978541,282,14.891755,-20.102789,17.707408,121.534,86.686,136.199,98.627,117.067,91.655,34.955353,121.534,52.620968,86.686,82.334385,136.199,587,25,73,13,4.2589,12.4361,2.2147,79.6491,34.0407,85.0746,73.057,57.3171,29.8354,7.4468,386,410,12.314636,10.349505,65.9593,-3.683965,-2.008941,True,-11.16663,-1.73706,True,128.762296,6.33361
2024,54205,여동건,,34,False,50.0,37.162363,1.25072,3.678589,38.025704,17,-0.462277,17,7.819456,11,3.980329,23,3.534279,11,6,1,16,12,22,59.259259,5.882353,94.117647,53.376906,79.411765,5,4.630189,4.630189,,15,3.647325,4.366215,3.018295,7,-6.663539,-12.314634,7.464198,7,13.407999,,13.407999,185.62,114.142,181.533,61.653,61.621,77.449,53.376906,185.62,59.259259,114.142,94.117647,181.533,11,1,2,0,9.0909,18.1818,0.0,90.9091,30.4348,100.0,83.3333,22.2222,71.4286,0.0,6,9,17.697809,23.483142,69.5652,,,,,,,1.25072,3.678589
2024,68330,예진원,,81,False,46.91358,43.918783,2.628402,3.244941,32.554904,38,-0.024188,43,6.133939,30,1.791823,51,4.099716,23,15,9,34,32,49,59.649123,20.930233,79.069767,38.71889,70.37037,19,0.89465,8.031787,-11.340442,34,3.3711,-0.18691,7.877913,17,4.010268,-13.286756,9.33243,11,5.731809,-13.534096,12.956523,134.627,115.755,123.639,55.614,29.791,82.064,38.71889,134.627,59.649123,115.755,79.069767,123.639,21,2,8,0,9.5238,38.0952,0.0,70.0,33.3333,63.1579,81.8182,43.4783,23.5294,27.2727,11,23,-8.155354,1.067972,66.6667,,,,,,,2.628402,3.244941
2024,50208,오명진,,9,False,33.333333,28.160311,2.437559,27.083991,90.159494,3,12.613932,6,34.31902,3,11.442383,6,34.904795,1,2,1,5,2,7,83.333333,16.666667,83.333333,66.666667,66.666667,0,,,,4,7.358314,12.613932,-8.408541,3,36.764002,,36.764002,2,52.015327,,52.015327,231.853,213.713,140.042,387.599,170.15,333.522,66.666667,231.853,83.333333,213.713,83.333333,140.042,2,1,1,0,50.0,50.0,0.0,66.6667,16.6667,,66.6667,100.0,0.0,0.0,3,1,,6.394692,83.3333,,,,,,,2.437559,27.083991
2024,69636,오선우,,26,False,42.307692,43.086389,-1.393614,-5.360052,-26.694701,11,-24.039935,15,8.338528,9,0.13908,17,-8.271357,4,7,5,10,9,17,71.428571,33.333333,66.666667,38.095238,53.846154,2,-4.583366,,-4.583366,15,-9.941798,-20.604916,2.244622,7,1.096796,-33.199985,26.819382,2,5.627388,,5.627388,132.457,164.475,75.921,-64.22,5.753,-18.919,38.095238,132.457,71.428571,164.475,66.666667,75.921,7,0,3,0,0.0,42.8571,0.0,44.4444,41.1765,0.0,57.1429,50.0,42.8571,0.0,7,8,-75.747376,-28.562981,58.8235,,,,,,,-1.393614,-5.360052
2024,78756,오선진,,101,False,54.455446,48.145431,5.345014,5.292093,40.512961,55,4.494907,46,6.24525,41,7.849924,60,3.544243,35,20,12,34,47,54,49.275362,26.086957,73.913043,23.188406,68.316832,26,9.499725,15.293149,-9.811689,39,2.316293,4.50576,-2.610009,28,5.660447,-19.072208,13.904666,8,4.83508,-46.793133,12.210538,80.599,72.849,103.8,84.123,117.901,77.53,23.188406,80.599,49.275362,72.849,73.913043,103.8,29,2,7,2,6.8966,24.1379,6.8966,70.7317,43.3333,76.9231,60.0,75.0,25.0,12.5,15,24,5.272464,-3.396361,56.6667,,,,,,,5.345014,5.292093
2024,53123,오스틴,,2287,True,42.850896,43.541899,130.039849,5.686045,45.064263,980,2.663285,1307,7.952537,980,5.666683,1307,5.700563,628,352,356,951,984,1303,60.227992,27.23795,72.76205,32.990043,69.042414,514,6.726114,13.099356,-4.899798,910,3.101386,3.723451,2.454215,559,4.512992,-18.095406,13.89977,304,13.821508,-24.950064,16.5519,114.697,118.149,99.371,89.609,86.147,95.132,32.990043,114.697,60.227992,118.149,72.76205,99.371,603,57,82,3,9.4527,13.5987,0.4975,61.0204,29.2272,64.5914,57.0815,44.5946,29.3381,6.5789,466,444,-8.054474,-5.778085,70.7728,1.721731,0.938895,False,-4.677596,-0.727638,False,130.039849,5.686045
2024,68904,오영수,,141,False,42.553191,44.288113,8.72779,6.189922,51.096688,60,3.071745,81,8.499683,56,7.919227,85,5.050615,38,22,15,66,53,88,63.461538,18.518519,81.481481,44.94302,73.758865,33,7.826054,11.434279,-5.575927,43,2.584588,2.635998,2.53073,48,6.491367,-10.981687,11.686058,17,11.282139,-50.179968,15.123521,156.28,131.523,132.918,96.626,118.909,89.826,44.94302,156.28,63.461538,131.523,81.481481,132.918,34,2,6,1,5.8824,17.6471,2.9412,67.8571,25.8824,78.7879,52.1739,50.0,22.9167,5.8824,23,20,7.61521,2.796584,74.1176,,,,,,,8.72779,6.189922
2024,64504,오윤석,,766,True,44.64752,46.1131,55.205705,7.207011,54.866131,342,5.181946,424,8.840436,349,6.892925,417,7.469879,231,111,129,295,360,406,56.08365,30.424528,69.575472,25.659122,68.668407,205,8.711432,14.82963,-4.466227,297,3.24409,3.682345,2.790826,176,7.05555,-16.856561,16.022591,88,17.380177,-16.947309,18.591735,89.194,101.008,87.112,110.791,103.982,109.574,25.659122,89.194,56.08365,101.008,69.575472,87.112,201,18,41,4,8.9552,20.398,1.99,64.1834,28.2974,68.2927,58.3333,43.7908,27.2727,3.4091,144,153,-3.879335,-2.131958,71.7026,0.778081,0.424303,False,0.41313,0.064266,False,55.205705,7.207011
2024,75334,오재일,,1292,True,50.851393,45.168132,84.478538,6.538587,53.466061,657,3.730146,635,9.444327,580,6.046305,712,6.939602,466,191,124,511,590,702,52.302968,19.527559,80.472441,32.775409,75.619195,305,7.586239,10.657799,-8.859408,492,2.783366,3.24447,1.997969,336,7.308423,-14.759556,14.204667,159,14.522042,-11.336947,16.257545,113.95,85.371,129.036,101.482,91.669,105.246,32.775409,113.95,52.302968,85.371,80.472441,129.036,342,36,88,2,10.5263,25.731,0.5848,79.4828,27.5281,84.2623,74.1818,48.8479,23.8095,6.2893,275,217,12.884786,13.567173,72.4719,-0.54135,-0.295209,False,2.218071,0.345039,False,84.478538,6.538587
2024,79109,오지환,,1760,True,44.772727,45.869758,145.243436,8.252468,61.751159,788,6.121695,972,9.979884,809,7.753126,951,8.67725,584,204,240,732,824,936,55.6231,24.691358,75.308642,30.931742,74.772727,439,9.352696,13.542372,-5.225665,667,4.453313,5.489989,3.230307,421,9.136739,-20.359275,15.324122,233,15.457437,-22.285511,17.687702,107.537,99.103,109.169,125.35,116.493,119.43,30.931742,107.537,55.6231,99.103,75.308642,109.169,430,51,105,4,11.8605,24.4186,0.9302,70.8282,22.6078,77.6765,62.7027,43.4343,17.3397,5.5794,370,297,7.783274,7.469177,77.3922,0.148218,0.080826,False,3.219217,0.500775,False,145.243436,8.252468
2024,60558,오태곤,,1140,True,47.368421,44.776549,70.729126,6.204309,52.235463,540,4.009774,600,8.179391,499,6.075115,641,6.304883,367,173,152,448,519,621,54.969325,25.333333,74.666667,29.635992,71.491228,253,6.526189,11.698163,-6.731546,472,3.600708,4.535008,2.273523,274,6.146456,-14.741079,13.732476,141,14.454776,-17.985751,16.406086,103.029,96.399,106.699,96.827,92.088,100.065,29.635992,103.029,54.969325,96.399,74.666667,106.699,290,30,73,1,10.3448,25.1724,0.3448,69.1383,30.4212,71.9368,66.2602,50.4425,26.6423,5.6738,246,226,-0.090609,1.719409,69.5788,2.381452,1.298654,False,4.885832,0.760031,False,70.729126,6.204309
2024,54307,원성준,,505,True,42.574257,49.415127,31.025961,6.143755,48.698019,215,6.075299,290,6.194507,242,6.134146,263,6.152596,155,60,95,195,250,255,55.714286,32.758621,67.241379,22.955665,69.306931,129,8.454051,14.802359,-6.19589,205,2.89072,6.884712,-0.361026,125,6.166112,-19.622256,14.670786,46,14.101346,-25.563359,15.904287,79.789,99.48,78.132,95.984,92.946,98.822,22.955665,79.789,55.714286,99.48,67.241379,78.132,121,10,34,0,8.2645,28.0992,0.0,61.5702,25.0951,69.7674,52.2124,35.8696,24.8,4.3478,113,92,-1.837353,-3.081232,74.9049,-1.44912,-0.790234,False,9.525932,1.481836,False,31.025961,6.143755
2024,61102,유강남,,596,True,46.979866,45.688353,45.906258,7.702392,59.426644,280,6.647504,316,8.637103,279,8.72773,317,6.799965,200,80,78,238,278,318,54.3379,24.683544,75.316456,29.654355,73.489933,141,12.104525,17.44338,-4.064578,238,2.600491,3.825488,0.850496,142,7.604285,-15.868459,14.159736,75,15.802165,-10.447742,16.895911,103.093,93.788,109.199,117.689,130.668,104.106,29.654355,103.093,54.3379,93.788,75.316456,109.199,155,9,25,7,5.8065,16.129,4.5161,69.8925,26.8139,75.1773,64.4928,51.0,21.831,4.0,138,100,4.253689,4.347974,73.1861,-3.887646,-2.120012,True,-4.564979,-0.71012,False,45.906258,7.702392
2024,69766,유로결,,156,False,44.230769,44.671521,8.707737,5.581883,45.628475,69,0.913328,87,9.28453,69,4.150331,87,6.717251,46,23,25,62,71,85,57.407407,28.735632,71.264368,28.671775,69.230769,32,3.815313,5.352359,-4.484738,69,4.431211,5.121776,3.959605,41,7.640438,-15.954818,17.403993,14,9.262296,-16.723,13.593179,99.674,106.483,93.609,88.159,64.093,103.431,28.671775,99.674,57.407407,106.483,71.264368,93.609,39,3,11,0,7.6923,28.2051,0.0,65.2174,27.5862,84.375,48.6486,31.25,29.2683,14.2857,37,32,11.745139,-0.728416,72.4138,,,,,,,8.707737,5.581883
2024,52667,윤도현,,95,False,57.894737,41.236717,-0.365736,-0.384985,-2.412876,55,-6.181396,40,7.585081,34,6.249729,61,-4.083022,25,30,11,29,36,59,53.703704,27.5,72.5,26.203704,56.842105,14,1.690715,8.056795,-14.224486,40,3.578143,5.438158,0.478116,26,-2.147726,-18.157406,13.861954,15,-9.835226,-45.778919,21.615505,91.088,91.165,98.363,5.064,94.627,15.27,26.203704,91.088,53.703704,91.165,72.5,98.363,27,0,9,0,0.0,33.3333,0.0,73.5294,49.1803,71.4286,75.0,50.0,50.0,46.6667,20,20,-5.957486,-3.636781,50.8197,,,,,,,-0.365736,-0.384985
2024,52591,윤동희,,2618,True,41.252865,46.227313,186.180833,7.111567,55.331015,1080,5.688605,1538,8.110786,1216,6.611568,1402,7.545233,754,326,458,1080,1212,1406,58.887677,29.778934,70.221066,29.108744,70.053476,616,7.571468,14.381785,-5.500467,1071,4.190231,5.66091,2.760179,618,7.579853,-17.282746,14.397844,313,15.277866,-26.520335,17.234972,101.195,112.606,89.596,109.461,99.89,110.19,29.108744,101.195,58.887677,112.606,70.221066,89.596,614,66,114,7,10.7492,18.5668,1.1401,60.6908,24.3937,65.7468,55.5,41.4013,21.521,4.4728,600,471,-5.105691,-3.596183,75.6063,0.699056,0.381209,False,0.46853,0.072884,False,186.180833,7.111567
2024,68463,윤정빈,,791,True,45.132743,47.618028,51.55462,6.517651,46.313732,357,3.406636,434,9.076712,366,6.898086,425,6.190029,243,114,126,308,369,422,55.898367,29.032258,70.967742,26.866109,69.65866,206,7.529137,13.020281,-5.832646,279,2.272764,3.710098,0.501967,207,5.83319,-22.326952,15.03939,99,17.806954,-19.578735,20.218934,93.393,100.242,92.468,101.19,104.057,99.127,26.866109,93.393,55.898367,100.242,70.967742,92.468,188,22,47,3,11.7021,25.0,1.5957,64.7541,28.2353,70.8738,56.875,52.9412,24.6377,6.0606,160,119,-0.693718,-1.528991,71.7647,2.689945,1.466881,False,7.081488,1.101583,False,51.55462,6.517651
2024,50092,윤준혁,,53,False,62.264151,49.019821,1.792478,3.382034,40.467347,33,2.81928,20,4.310578,29,4.282579,24,2.293875,21,12,9,11,30,23,34.375,45.0,55.0,-10.625,60.377358,18,2.589481,6.79094,-5.813438,19,5.594093,4.947616,7.404227,10,-2.996932,-7.843663,4.273164,6,9.386451,-10.659682,13.395678,-37.033,11.221,31.036,57.523,66.017,67.323,-10.625,-37.033,34.375,11.221,55.0,31.036,18,1,5,0,5.5556,27.7778,0.0,75.8621,45.8333,66.6667,90.9091,50.0,60.0,16.6667,11,8,-13.013565,0.435031,54.1667,,,,,,,1.792478,3.382034
2024,53296,윤준호,,18,False,55.555556,57.78314,1.422993,7.905515,57.157891,10,15.650807,8,-1.776099,14,8.365049,4,6.297148,9,1,5,3,14,4,25.0,62.5,37.5,-37.5,66.666667,8,17.059657,20.156723,-4.619806,8,-2.159853,5.137003,-6.537966,1,4.04048,,4.04048,1,19.060362,,19.060362,-130.527,-27.555,-36.292,120.518,125.393,100.002,-37.5,-130.527,25.0,-27.555,37.5,-36.292,4,0,1,0,0.0,25.0,0.0,64.2857,25.0,87.5,33.3333,50.0,0.0,0.0,6,2,21.584813,-0.316318,75.0,,,,,,,1.422993,7.905515
2024,65703,이도윤,,1373,True,44.282593,44.074457,80.707563,5.878191,48.676712,608,3.839016,765,7.498868,613,6.200493,760,5.618229,399,209,225,540,624,749,57.507987,29.411765,70.588235,28.096223,68.390386,320,7.024656,13.830399,-5.273443,545,3.403351,5.189986,1.444923,344,6.404503,-15.205893,14.649434,164,10.761532,-24.978481,16.298717,97.672,106.899,91.008,92.285,93.911,94.46,28.096223,97.672,57.507987,106.899,70.588235,91.008,365,25,55,3,6.8493,15.0685,0.8219,62.1533,29.8684,64.375,59.727,43.6508,27.6163,13.4146,293,252,-7.875863,-4.978355,70.1316,-3.185698,-1.737226,True,-2.452999,-0.381584,False,80.707563,5.878191
2024,76849,이명기,,29,False,48.275862,45.032635,1.000715,3.450742,32.051785,14,1.557719,15,5.217565,14,4.83305,15,2.160589,8,6,7,8,15,14,50.0,46.666667,53.333333,3.333333,55.172414,10,5.726891,11.665774,-3.181433,8,2.092036,4.556858,-0.372785,6,1.302403,-17.525674,10.716441,5,3.650384,-15.681331,16.538193,11.526,75.846,24.623,58.48,74.023,66.235,3.333333,11.526,50.0,75.846,53.333333,24.623,8,0,3,0,0.0,37.5,0.0,50.0,46.6667,60.0,25.0,75.0,33.3333,40.0,4,4,-13.562445,-25.860107,53.3333,,,,,,,1.000715,3.450742
2024,69428,이병헌,,662,True,48.338369,47.347843,40.03713,6.047905,51.403713,320,4.960691,342,7.065181,304,6.291876,358,5.840734,220,100,94,248,314,348,52.991453,27.48538,72.51462,25.506073,70.694864,163,8.670249,12.326356,-7.538492,264,3.080224,4.950716,1.062449,150,4.682757,-13.983753,11.941955,85,12.645526,-17.864345,15.815383,88.661,88.219,98.419,94.649,95.24,96.276,25.506073,88.661,52.991453,88.219,72.51462,98.419,166,17,48,2,10.241,28.9157,1.2048,68.4211,31.2849,81.5951,53.1915,50.4065,28.0,9.4118,141,123,9.25621,0.553427,68.7151,2.692069,1.46804,False,9.016535,1.402595,False,40.03713,6.047905
2024,52704,이상혁,,57,False,36.842105,43.027051,3.278067,5.750995,55.531607,21,3.661842,36,6.969668,24,3.722666,33,7.226144,16,5,7,29,23,34,64.444444,19.444444,80.555556,45.0,78.947368,12,6.135806,12.006282,-5.605146,27,2.977722,2.422177,3.304513,14,9.661305,-14.457776,16.239237,4,9.630076,,9.630076,156.478,135.588,129.355,90.514,57.873,107.585,45.0,156.478,64.444444,135.588,80.555556,129.355,15,2,5,0,13.3333,33.3333,0.0,62.5,18.1818,66.6667,58.3333,20.0,21.4286,0.0,12,15,-4.164593,1.440741,81.8182,,,,,,,3.278067,5.750995
2024,66409,이성규,,1444,True,50.484765,44.259727,79.535557,5.508003,40.749123,729,2.05643,715,9.027158,576,7.236818,868,4.36077,426,303,165,550,591,853,56.352459,23.076923,76.923077,33.275536,67.590028,310,9.275747,14.112102,-7.306042,578,1.303756,0.812626,2.030965,338,5.680015,-12.691471,14.784469,218,11.030542,-23.33369,16.942668,115.69,102.12,115.38,87.13,108.984,84.195,33.275536,115.69,56.352459,102.12,76.923077,115.38,356,31,109,15,8.7079,30.618,4.2135,71.875,36.2903,77.4194,65.4135,54.8077,33.1361,14.6789,266,312,3.902196,1.406505,63.7097,1.754269,0.956638,False,7.845217,1.220387,False,79.535557,5.508003
2024,53302,이승원,,146,False,43.150685,45.069123,4.773013,3.269187,26.455595,63,0.945862,83,5.032674,67,2.845059,79,3.62889,39,24,29,54,68,78,58.064516,34.939759,65.060241,23.124757,63.69863,35,6.320241,13.389595,-5.64328,65,-1.451042,-2.483794,-0.449586,31,7.472433,-17.16288,13.384908,15,7.917674,-17.507711,14.27402,80.377,109.201,69.74,55.952,45.109,78.221,23.124757,80.377,58.064516,109.201,65.060241,69.74,41,2,13,0,4.878,31.7073,0.0,58.209,30.3797,62.8571,53.125,45.4545,19.3548,20.0,32,33,-7.498426,-9.188328,69.6203,,,,,,,4.773013,3.269187
2024,51100,이영빈,,283,False,47.70318,49.558921,23.464791,8.291446,57.243289,135,7.714132,148,8.818049,138,7.073057,145,9.451015,93,42,50,98,143,140,51.308901,33.783784,66.216216,17.525117,67.491166,77,8.386141,16.657194,-6.930623,116,6.57591,7.766283,5.110835,64,7.623904,-13.939207,16.728329,26,17.308107,-11.824492,19.735824,60.897,81.26,74.188,125.892,106.602,125.746,17.525117,60.897,51.308901,81.26,66.216216,74.188,71,4,20,0,5.6338,28.169,0.0,63.0435,33.1034,64.9351,60.6557,49.0909,29.6875,7.6923,61,55,-7.790933,-5.769071,66.8966,,,,,,,23.464791,8.291446
2024,74163,이용규,,895,True,42.011173,43.779888,64.292289,7.183496,56.585288,376,4.078869,519,9.432706,381,5.546515,514,8.3969,253,123,142,377,395,500,59.84127,27.360308,72.639692,32.480962,70.391061,201,6.662632,11.231949,-4.603097,372,3.148743,3.31422,2.983267,206,9.110234,-14.640773,15.375837,116,17.603441,-14.851421,18.762543,112.926,116.55,98.901,110.463,84.4,117.142,32.480962,112.926,59.84127,116.55,72.639692,98.901,227,31,33,9,13.6564,14.5374,3.9648,63.5171,26.07,71.1443,55.0,45.3125,20.8738,3.4483,180,192,0.440288,-1.640894,73.93,4.410568,2.405172,True,-5.08748,-0.791399,False,64.292289,7.183496
2024,63260,이우성,,1797,True,43.795214,46.551207,128.070654,7.126915,56.341308,787,5.980943,1010,8.019865,807,6.696791,990,7.477531,570,217,258,752,828,969,56.88351,25.544554,74.455446,31.338955,73.567056,433,9.090533,13.96884,-6.94509,740,3.025346,4.125696,1.88872,390,8.452117,-18.181175,13.97667,234,14.255483,-21.981318,16.214229,108.953,104.316,105.886,109.675,101.129,109.637,31.338955,108.953,56.88351,104.316,74.455446,105.886,450,44,89,3,9.7778,19.7778,0.6667,67.9058,24.1414,76.6744,57.754,43.7158,17.1795,5.1282,374,366,6.817927,3.749913,75.8586,-1.198687,-0.653668,False,0.156859,0.024401,False,128.070654,7.126915
2024,68700,이원석,,588,True,42.006803,45.936263,41.521022,7.061398,54.114331,247,4.960444,341,8.583204,267,6.531356,321,7.502274,180,67,99,242,279,309,57.345972,29.032258,70.967742,28.313713,71.768707,148,6.292856,10.758012,-5.360114,238,4.609719,7.555861,2.203328,140,7.309802,-22.419399,16.118455,62,17.746355,-16.933931,18.314885,98.429,106.229,92.468,108.763,98.723,109.839,28.313713,98.429,57.345972,106.229,70.967742,92.468,147,15,32,2,10.2041,21.7687,1.3605,65.5431,22.4299,72.2973,57.1429,32.7731,22.8571,1.6129,119,119,1.138283,2.276514,77.5701,-0.788254,-0.429851,False,1.049514,0.16326,False,41.521022,7.061398
2024,75566,이원석,,401,True,44.638404,48.224869,37.239195,9.286582,65.328433,179,8.510773,222,9.912122,200,8.069028,201,10.498079,143,36,59,163,202,199,53.267974,26.576577,73.423423,26.691397,76.309227,107,9.880577,14.346851,-5.565289,165,6.249266,8.259446,4.310878,90,8.662319,-23.100943,14.513446,39,21.947695,-12.96216,22.866376,92.785,89.362,101.916,139.751,121.087,134.293,26.691397,92.785,53.267974,89.362,73.423423,101.916,104,14,16,2,13.4615,15.3846,1.9231,69.0,20.398,77.5701,59.1398,36.1111,15.5556,2.5641,93,72,8.086179,6.789196,79.602,0.688872,0.375656,False,-4.827292,-0.750924,False,37.239195,9.286582
2024,67207,이유찬,,1006,True,45.526839,46.379808,62.019937,6.165004,49.95037,458,5.129538,548,7.030411,468,6.361996,538,5.993643,314,144,173,375,487,519,54.426705,31.569343,68.430657,22.857362,68.489066,245,6.317848,12.403089,-6.710808,449,4.230536,5.910083,2.450834,197,6.811561,-15.997115,14.778975,115,12.284631,-30.151519,15.887701,79.447,94.155,82.707,96.279,96.26,97.524,22.857362,79.447,54.426705,94.155,68.430657,82.707,261,22,51,1,8.4291,19.5402,0.3831,63.6752,29.7398,68.1633,58.7444,44.2478,25.8883,7.8261,223,226,-3.691128,-3.389634,70.2602,0.944069,0.51482,False,-0.170069,-0.026456,False,62.019937,6.165004
2024,50608,이인한,,15,False,33.333333,35.324253,3.557459,23.716396,95.454287,5,19.570883,10,25.789153,7,9.598429,8,36.069618,5,0,3,7,8,7,58.333333,30.0,70.0,28.333333,80.0,4,15.132639,22.176179,-5.997983,6,8.031862,15.662939,4.216323,2,45.046134,,45.046134,3,52.310651,,52.310651,98.497,110.313,88.745,340.702,143.331,343.03,28.333333,98.497,58.333333,110.313,70.0,88.745,5,0,1,1,0.0,20.0,20.0,57.1429,12.5,75.0,33.3333,33.3333,0.0,0.0,3,3,9.084813,-0.964077,87.5,,,,,,,3.557459,23.716396
2024,54305,이재상,,313,True,56.86901,48.51716,11.108411,3.549013,33.42558,178,2.608323,135,4.789331,141,5.814418,172,1.691908,109,69,43,92,152,161,45.771144,31.851852,68.148148,13.919292,64.217252,77,7.849072,12.58876,-6.61945,133,1.776577,2.774151,0.120605,70,-0.135815,-11.89228,10.34968,33,8.475299,-25.91898,13.219337,48.353,58.355,81.62,59.849,88.296,62.41,13.919292,48.353,45.771144,58.355,68.148148,81.62,87,1,32,1,1.1494,36.7816,1.1494,70.922,45.3488,75.3247,65.625,59.4203,47.1429,12.1212,64,69,-1.405915,-4.253321,54.6512,-1.457834,-0.794986,False,14.523673,2.259275,True,11.108411,3.549013
2024,76812,이재원,,493,True,52.941176,46.090902,22.661141,4.59658,39.280152,261,3.043974,232,6.343262,232,6.065965,261,3.290461,164,97,75,157,239,254,48.909657,32.327586,67.672414,16.582071,65.111562,129,7.095571,11.903513,-5.817189,196,1.089563,2.139279,-0.679136,112,5.498268,-11.909748,14.798441,56,9.311161,-24.620827,12.637826,57.616,71.336,79.79,74.437,91.955,75.458,16.582071,57.616,48.909657,71.336,67.672414,79.79,153,7,21,4,4.5752,13.7255,2.6144,68.5345,39.0805,72.8682,63.1068,62.3656,34.8214,8.9286,103,93,-1.035642,-3.383792,60.9195,-1.039691,-0.566965,False,-7.242922,-1.126695,False,22.661141,4.59658
2024,52415,이재현,,2004,True,38.872255,45.331034,141.071206,7.039481,54.1818,779,5.385563,1225,8.091238,887,6.516101,1117,7.455093,553,226,356,869,909,1095,61.111111,29.061224,70.938776,32.049887,70.958084,488,7.314198,14.277565,-6.070477,795,4.183638,6.118671,2.669453,471,8.04857,-21.178043,15.432953,250,13.683694,-36.51762,16.661738,111.426,121.802,92.357,108.457,98.501,109.454,32.049887,111.426,61.111111,121.802,70.938776,92.357,458,57,83,8,12.4454,18.1223,1.7467,59.4138,22.5604,65.7787,51.6291,36.1111,20.1699,5.6,399,396,-4.763825,-3.920594,77.4396,1.515649,0.826514,False,0.713761,0.111031,False,141.071206,7.039481
2024,67644,이정훈,,475,True,45.894737,48.639221,34.446687,7.251934,52.91302,218,3.872419,257,10.118604,209,7.263457,266,7.24288,148,70,63,194,211,264,56.725146,24.513619,75.486381,32.211528,72.0,107,8.278437,13.833337,-5.979141,205,3.019516,2.134369,4.106706,111,8.809841,-16.328057,16.889879,52,18.499673,-21.305712,19.28017,111.989,103.661,109.853,111.416,109.371,107.721,32.211528,111.989,56.725146,103.661,75.486381,109.853,116,12,21,0,10.3448,18.1034,0.0,69.8565,27.0677,71.9626,67.6471,42.7184,24.3243,1.9231,102,103,0.466981,4.180098,72.9323,0.772396,0.421203,False,-2.571201,-0.399971,False,34.446687,7.251934
2024,51560,이주찬,,93,False,51.612903,49.244978,6.158707,6.622265,55.144118,48,5.446552,45,7.876359,48,7.135926,45,6.074361,34,14,13,32,47,46,48.484848,28.888889,71.111111,19.59596,70.967742,30,9.001432,13.685527,-6.389166,29,5.404373,6.113101,4.532093,23,2.424643,-16.291736,12.406712,11,12.12128,-20.808359,15.414244,68.101,69.579,93.02,102.647,107.516,98.183,19.59596,68.101,48.484848,69.579,71.111111,93.02,25,1,9,0,4.0,36.0,0.0,72.9167,28.8889,76.6667,66.6667,36.3636,34.7826,9.0909,18,11,2.771759,6.293997,71.1111,,,,,,,6.158707,6.622265
2024,52154,이주헌,,20,False,55.0,39.637378,1.014416,5.072082,33.613229,11,2.602441,9,8.090532,8,14.610784,12,-1.287053,7,4,1,8,8,12,53.333333,11.111111,88.888889,42.222222,75.0,6,5.048469,7.24968,-5.957583,5,21.315428,24.620252,16.358191,4,-19.972469,-27.160768,1.592428,5,8.892712,,8.892712,146.814,89.633,161.416,81.059,216.232,38.093,42.222222,146.814,53.333333,89.633,88.888889,161.416,6,0,2,0,0.0,33.3333,0.0,87.5,33.3333,83.3333,100.0,33.3333,75.0,0.0,2,3,0.211765,18.567972,66.6667,,,,,,,1.014416,5.072082
2024,50167,이주형,,1982,True,48.536831,46.557895,129.5731,6.537492,52.534342,962,4.523611,1020,8.436859,928,6.297568,1054,6.748735,679,283,265,755,944,1038,52.64993,25.980392,74.019608,26.669538,72.35116,475,7.433843,11.218433,-6.939951,822,3.691182,5.005309,2.037693,442,6.640351,-17.302098,14.573089,243,14.226533,-14.201018,16.500737,92.709,86.806,104.21,101.467,95.323,103.688,26.669538,92.709,52.64993,86.806,74.019608,104.21,524,47,115,14,8.9695,21.9466,2.6718,71.3362,28.463,79.1579,63.1347,46.6125,24.8869,7.4074,453,369,7.533211,4.934796,71.537,0.066539,0.036285,False,0.472774,0.073544,False,129.5731,6.537492
2024,79456,이지영,,1380,True,53.333333,42.524057,61.142359,4.430606,39.547375,736,2.270039,644,6.899825,621,6.502268,759,2.735609,436,300,191,453,627,753,50.95613,29.658385,70.341615,21.297745,64.42029,311,6.880577,12.153429,-5.108223,564,3.490867,4.448555,2.004501,319,0.51368,-14.034411,12.484682,186,9.901416,-13.917918,15.038919,74.021,79.801,90.059,72.126,98.3,70.929,21.297745,74.021,50.95613,79.801,70.341615,90.059,432,18,35,7,4.1667,8.1019,1.6204,66.0225,42.9513,69.4534,62.5806,58.6614,45.1411,17.7419,310,254,-6.817967,-7.907073,57.0487,0.409111,0.223097,False,-11.509589,-1.79041,True,61.142359,4.430606
2024,66657,이진영,,444,True,41.666667,46.238969,25.970782,5.849275,52.135057,185,4.454772,259,6.845349,201,4.511368,243,6.95594,132,53,70,189,202,242,58.878505,27.027027,72.972973,31.851478,72.297297,110,5.184831,11.440108,-4.942762,182,3.107783,3.805422,2.293871,95,6.553239,-15.004468,11.251714,57,14.711799,-35.824976,16.5495,110.736,112.568,100.183,91.883,69.344,105.379,31.851478,110.736,58.878505,112.568,72.972973,100.183,103,8,27,2,7.767,26.2136,1.9417,65.1741,22.2222,61.8182,69.2308,38.4615,17.8947,3.5088,91,91,-8.202353,2.015436,77.7778,-3.325027,-1.813204,True,5.693708,0.885703,False,25.970782,5.849275
2024,51407,이창용,,62,False,74.193548,47.835404,1.497268,2.414948,24.747251,46,1.539591,16,4.931601,25,8.921627,37,-1.981456,22,24,4,12,26,36,35.294118,25.0,75.0,10.294118,54.83871,10,9.811914,11.461849,-5.037498,32,3.307294,4.362083,-0.459809,16,-3.255865,-9.760233,11.053744,4,-0.532973,-34.024947,10.631019,35.741,15.022,107.981,44.056,133.488,32.424,10.294118,35.741,35.294118,15.022,75.0,107.981,21,0,4,0,0.0,19.0476,0.0,88.0,64.8649,90.0,86.6667,70.5882,68.75,25.0,15,17,8.312327,2.684049,35.1351,,,,,,,1.497268,2.414948
2024,64560,이창진,,990,True,37.373737,44.928608,90.667422,9.158325,68.825948,370,8.149854,620,9.760155,433,6.627043,557,11.126091,285,85,158,462,443,547,61.84739,25.483871,74.516129,36.363519,75.454545,244,6.889189,12.824623,-5.742631,388,5.229872,7.110469,3.635843,240,13.192827,-15.217626,16.059937,118,18.561959,-11.079265,19.602002,126.433,124.847,106.12,137.965,100.115,139.42,36.363519,126.433,61.84739,124.847,74.516129,106.12,246,44,36,2,17.8862,14.6341,0.813,64.4342,16.3375,68.0328,59.7884,32.6633,9.1667,3.3898,189,199,0.014607,4.333246,83.6625,3.970572,2.165233,True,-5.486258,-0.853432,False,90.667422,9.158325
2024,69453,이학주,,443,True,55.530474,47.910223,26.320998,5.941535,46.579255,246,4.392705,197,7.875606,206,8.566437,237,3.659974,167,79,51,146,218,225,46.645367,25.888325,74.111675,20.757043,70.654628,106,9.683381,13.323848,-8.114454,179,3.104597,4.498442,0.474278,105,4.437836,-12.323533,12.12013,53,11.018221,-26.441788,17.677778,72.14,61.971,104.564,93.167,128.322,78.475,20.757043,72.14,46.645367,61.971,74.111675,104.564,106,6,44,2,5.6604,41.5094,1.8868,75.7282,37.9747,83.0189,68.0,62.0253,31.4286,15.0943,100,79,9.893427,4.384485,62.0253,-0.394872,-0.215332,False,20.024546,3.114981,True,26.320998,5.941535
2024,78135,이형종,,497,True,39.235412,42.096942,35.803538,7.203931,61.547335,195,4.055488,302,9.236866,219,5.306559,278,8.698623,145,50,75,227,220,277,61.021505,24.834437,75.165563,36.187068,74.849095,112,6.229279,10.498131,-5.438919,188,3.221498,3.589805,2.868537,123,9.492693,-19.258287,14.103699,74,14.992321,-18.224459,16.890423,125.819,121.431,108.618,110.748,80.91,119.604,36.187068,125.819,61.021505,121.431,75.165563,108.618,128,22,27,1,17.1875,21.0938,0.7812,66.6667,17.6259,73.2143,59.8131,34.5679,13.8211,5.4054,107,81,4.128304,5.896289,82.3741,3.084786,1.682196,True,2.142267,0.333247,False,35.803538,7.203931
2024,68504,이호연,,171,False,44.444444,44.957141,3.996323,2.337031,22.925221,76,-0.503772,95,4.609673,81,3.710542,90,1.100871,44,32,34,61,78,93,58.095238,35.789474,64.210526,22.305764,61.403509,45,3.824902,8.834523,-5.255035,60,3.852887,6.166668,2.414591,45,-3.583318,-17.867224,8.915099,21,7.50418,-20.36982,12.149847,77.528,109.328,66.471,42.971,57.697,57.585,22.305764,77.528,58.095238,109.328,64.210526,66.471,43,1,12,0,2.3256,27.907,0.0,54.321,35.5556,64.4444,41.6667,33.3333,46.6667,14.2857,36,24,-12.176967,-15.765742,64.4444,,,,,,,3.996323,2.337031
2024,54598,이호준,,32,False,53.125,49.86154,2.841626,8.88008,53.030403,17,6.211814,15,11.904116,14,3.352097,18,13.179623,11,6,4,11,15,17,50.0,26.666667,73.333333,23.333333,68.75,8,2.240881,10.087862,-10.837421,13,13.366355,13.690607,12.847553,6,11.469518,-12.571843,35.510878,5,4.73116,-16.647799,10.0759,81.103,75.846,101.569,134.09,52.484,156.182,23.333333,81.103,50.0,75.846,73.333333,101.569,7,1,1,0,14.2857,14.2857,0.0,71.4286,38.8889,62.5,83.3333,42.8571,50.0,20.0,6,7,-14.886086,-0.390136,61.1111,,,,,,,2.841626,8.88008
2024,64346,임병욱,,344,True,57.55814,47.786125,15.255867,4.434845,36.493164,198,1.614099,146,8.26024,153,6.946082,191,2.423226,129,69,29,117,158,186,47.560976,19.863014,80.136986,27.697962,71.511628,82,8.635414,12.407002,-9.683728,130,1.867095,1.955641,1.652722,91,2.252588,-17.871909,13.167569,41,9.0189,-22.017055,14.33935,96.287,65.758,127.745,72.185,104.755,68.379,27.697962,96.287,47.560976,65.758,80.136986,127.745,92,4,32,0,4.3478,34.7826,0.0,81.0458,38.7435,82.9268,78.8732,61.0169,35.1648,14.6341,71,59,8.944176,9.302614,61.2565,-1.338637,-0.729986,False,10.425388,1.621754,True,15.255867,4.434845
2024,54236,임종성,,20,False,50.0,48.735721,0.376033,1.880164,13.571505,10,-5.195001,10,8.95533,7,2.498695,13,1.54711,5,5,2,8,7,13,61.538462,20.0,80.0,41.538462,65.0,4,0.029437,7.094265,-21.165048,9,-5.536911,-8.214142,-0.182449,4,10.622203,-23.947957,22.145589,3,14.942975,,14.942975,144.436,123.569,127.218,36.608,40.072,61.228,41.538462,144.436,61.538462,123.569,80.0,127.218,4,1,1,0,25.0,25.0,0.0,71.4286,38.4615,75.0,66.6667,66.6667,25.0,0.0,3,6,3.349364,-0.168058,61.5385,,,,,,,0.376033,1.880164
2024,50704,임종찬,,222,False,50.0,47.34056,14.491044,6.527497,48.397627,111,3.930616,111,9.124379,102,5.876054,120,7.081224,75,36,24,87,99,123,53.703704,21.621622,78.378378,32.082082,72.972973,54,6.916998,12.080161,-15.80092,84,3.337666,4.470771,1.586505,61,8.159151,-19.35758,16.355624,23,12.935409,-26.115944,16.654586,111.538,91.165,120.979,101.328,89.192,106.402,32.082082,111.538,53.703704,91.165,78.378378,120.979,62,5,19,1,8.0645,30.6452,1.6129,75.4902,28.3333,81.4815,68.75,50.0,22.9508,8.6957,48,36,10.300987,9.156188,71.6667,,,,,,,14.491044,6.527497
2024,64340,임지열,,234,False,44.444444,46.685815,21.030539,8.98741,59.290266,104,6.266079,130,11.164475,105,8.86689,129,9.085508,73,31,36,94,109,125,56.287425,27.692308,72.307692,28.595117,71.367521,66,8.882867,14.184179,-6.397384,88,4.724474,4.208909,5.240039,48,10.123814,-21.970623,18.569719,32,19.221496,-8.838373,20.126653,99.408,101.851,97.623,135.585,132.692,122.763,28.595117,99.408,56.287425,101.851,72.307692,97.623,55,7,16,0,12.7273,29.0909,0.0,65.7143,27.1318,74.2424,51.2821,48.9796,20.8333,3.125,39,49,3.54768,0.004592,72.8682,,,,,,,21.030539,8.98741
2024,50244,장규빈,,19,False,63.157895,45.353066,0.377402,1.986327,11.589642,12,-5.326643,7,14.522848,5,10.975833,14,-1.224211,4,8,1,6,5,14,60.0,14.285714,85.714286,45.714286,52.631579,4,16.86351,16.86351,,7,-13.456907,-13.603912,-12.574874,5,4.511101,-24.875144,24.101931,3,13.97634,,13.97634,158.963,117.206,149.202,38.087,163.365,38.606,45.714286,158.963,60.0,117.206,85.714286,149.202,4,0,1,0,0.0,25.0,0.0,80.0,57.1429,100.0,0.0,100.0,40.0,0.0,1,6,24.908094,-1.303575,42.8571,,,,,,,0.377402,1.986327
2024,51762,장규현,,27,False,44.444444,46.397639,2.352912,8.714488,76.273923,12,6.813206,15,10.235514,12,8.671307,15,8.749034,8,4,3,12,11,16,60.0,20.0,80.0,40.0,74.074074,3,9.895916,9.895916,,12,4.291611,7.41695,-1.959065,7,13.6871,-7.264872,17.179096,5,11.658881,,11.658881,139.084,117.206,127.218,131.784,129.847,120.016,40.0,139.084,60.0,117.206,80.0,127.218,7,1,1,0,14.2857,14.2857,0.0,75.0,20.0,100.0,66.6667,66.6667,14.2857,0.0,9,3,30.807417,12.995998,80.0,,,,,,,2.352912,8.714488
2024,68507,장두성,,133,False,48.87218,47.108267,3.721268,2.797946,24.576944,65,0.818598,68,4.689969,65,2.995553,68,2.609056,44,21,24,44,68,65,50.0,35.294118,64.705882,14.705882,66.165414,33,4.315105,9.199718,-6.919505,48,1.154568,5.255896,-4.118568,34,1.41788,-19.160225,11.259583,18,7.005617,-22.382839,15.402318,51.089,75.846,68.377,49.389,47.298,69.896,14.705882,51.089,50.0,75.846,64.705882,68.377,37,3,9,2,8.1081,24.3243,5.4054,61.5385,36.7647,69.697,53.125,62.5,32.3529,22.2222,32,16,-3.640524,-9.176495,63.2353,,,,,,,3.721268,2.797946
2024,78548,장성우,,2000,True,39.15,47.351222,150.407616,7.520381,56.497092,783,6.903323,1217,7.917386,917,6.795516,1083,8.13414,564,219,372,845,936,1064,59.971611,30.566968,69.433032,29.404643,70.45,498,9.219076,16.354922,-5.717446,825,3.281409,4.221289,2.564449,476,9.748217,-17.268608,15.454061,201,15.434565,-30.002077,16.832616,102.224,117.089,86.564,115.155,102.565,114.997,29.404643,102.224,59.971611,117.089,69.433032,86.564,487,59,86,1,12.115,17.6591,0.2053,59.4329,21.976,67.6707,49.642,36.6995,17.437,2.9851,419,406,-2.244848,-3.597838,78.024,0.904836,0.493425,False,0.240321,0.037384,False,150.407616,7.520381
2024,63202,장승현,,85,False,49.411765,48.598841,3.341846,3.931584,36.742163,42,2.103087,43,5.717558,43,4.41071,42,3.44105,27,15,13,30,40,45,52.631579,30.232558,69.767442,22.399021,67.058824,19,6.553701,14.511642,-7.088484,43,0.993771,-0.310117,2.493243,17,5.285715,-11.239624,16.853453,6,12.845832,,12.845832,77.852,86.73,87.85,65.177,67.88,76.688,22.399021,77.852,52.631579,86.73,69.767442,87.85,23,2,5,0,8.6957,21.7391,0.0,60.4651,38.0952,63.1579,58.3333,47.3684,41.1765,0.0,24,19,-12.203916,-10.941227,61.9048,,,,,,,3.341846,3.931584
2024,51359,장재영,,569,True,43.40949,46.419408,37.387243,6.570693,52.090955,247,5.041595,322,7.743635,266,4.496569,303,8.391541,176,71,98,224,274,295,56.0,30.434783,69.565217,25.565217,70.29877,138,6.757938,11.719149,-6.784828,224,1.590706,4.377861,-1.349871,129,10.301587,-12.518462,15.787176,78,14.370589,-21.475447,17.357759,88.867,100.662,87.072,101.929,69.129,117.098,25.565217,88.867,56.0,100.662,69.565217,87.072,139,17,64,3,12.2302,46.0432,2.1583,63.9098,25.4125,73.1884,53.9062,47.9167,19.3798,7.6923,128,96,2.827139,-0.906554,74.5875,1.863582,1.016249,False,28.580781,4.445973,True,37.387243,6.570693
2024,64115,장준원,,79,False,35.443038,43.905695,5.436663,6.881851,51.497159,28,3.263762,51,8.868253,33,0.925812,46,11.154662,18,10,13,38,31,48,67.857143,25.490196,74.509804,42.366947,70.886076,19,2.932198,9.405435,-15.192868,32,1.482805,-0.807722,2.857122,21,13.358905,-15.299045,16.375531,7,22.852534,,22.852534,147.318,149.703,106.096,106.262,17.195,139.653,42.366947,147.318,67.857143,149.703,74.509804,106.096,18,4,5,0,22.2222,27.7778,0.0,57.5758,19.5652,73.6842,35.7143,38.8889,9.5238,0.0,14,18,5.584082,-4.202278,80.4348,,,,,,,5.436663,6.881851
2024,66706,장진혁,,1267,True,46.17206,46.529535,72.306327,5.706892,46.759218,585,2.942067,682,8.07848,567,5.772015,700,5.654143,390,195,184,498,574,693,56.081081,26.979472,73.020528,29.101609,70.086819,282,7.343839,12.350583,-6.474774,546,1.691277,1.488453,1.934993,288,6.834985,-15.80091,14.380283,151,15.018259,-17.669353,16.846936,101.17,100.997,100.366,89.9,87.679,94.753,29.101609,101.17,56.081081,100.997,73.020528,100.366,316,29,71,3,9.1772,22.4684,0.9494,67.3721,29.0,73.4043,61.4035,47.1264,25.0,5.298,285,261,1.753664,0.691669,71.0,0.532005,0.290113,False,3.135766,0.487794,False,72.306327,5.706892
2024,54214,전다민,,153,False,43.79085,45.467665,12.531403,8.19046,56.344155,67,6.039865,86,9.865923,68,6.394693,85,9.627073,48,19,22,64,70,83,57.142857,25.581395,74.418605,31.561462,73.202614,30,7.455845,11.839559,-4.599369,61,5.983607,10.370313,0.813561,44,8.708292,-16.827736,17.220301,18,15.627786,-12.914563,17.306747,109.727,105.389,105.745,124.486,96.736,127.183,31.561462,109.727,57.142857,105.389,74.418605,105.745,34,7,8,0,20.5882,23.5294,0.0,69.1176,23.5294,73.3333,65.7895,34.7826,25.0,5.5556,38,23,1.682664,5.279711,76.4706,,,,,,,12.531403,8.19046
2024,68205,전민재,,1011,True,53.016815,46.476384,54.736366,5.414082,45.964378,536,4.271742,475,6.703121,467,7.628996,544,3.512675,348,188,138,337,486,525,49.19708,29.052632,70.947368,20.144449,67.754698,245,8.603951,13.755127,-5.660845,416,3.877595,5.350087,1.568873,231,2.249541,-14.70771,12.877678,119,10.360883,-18.169602,13.859905,70.009,72.525,92.39,85.822,114.688,77.272,20.144449,70.009,49.19708,72.525,70.947368,92.39,278,17,53,4,6.1151,19.0647,1.4388,70.0214,38.4191,73.4694,66.2162,55.1546,38.5281,10.9244,222,194,-1.284826,-1.553226,61.5809,0.182869,0.099722,False,-2.706728,-0.421054,False,54.736366,5.414082
2024,65586,전병우,,550,True,44.545455,46.648791,34.547567,6.281376,51.27027,245,5.323452,305,7.050855,245,6.401794,305,6.184646,170,75,78,227,248,302,57.178841,25.57377,74.42623,31.605071,72.181818,128,7.436395,12.755012,-9.20573,225,2.484913,3.85431,0.974737,130,8.988641,-12.896374,14.459895,67,11.571183,-13.123306,13.139087,109.879,105.538,105.774,97.9,96.839,99.083,31.605071,109.879,57.178841,105.538,74.42623,105.774,128,14,42,1,10.9375,32.8125,0.7812,68.1633,25.5738,75.7812,59.8291,44.4444,20.0,5.9701,117,108,5.277654,3.263134,74.4262,0.648342,0.353554,False,13.052604,2.030439,True,34.547567,6.281376
2024,50820,전의산,,260,False,51.538462,48.476602,20.74847,7.980181,64.766551,134,6.903549,126,9.12517,121,9.023639,139,7.071847,92,42,29,97,121,139,51.322751,23.015873,76.984127,28.306878,72.692308,72,10.15462,15.166589,-4.881289,92,5.716991,6.170549,4.86657,65,6.321378,-13.705966,14.593542,31,13.124568,-3.739783,13.686713,98.405,81.317,115.615,121.558,134.972,106.325,28.306878,98.405,51.322751,81.317,76.984127,115.615,63,5,15,0,7.9365,23.8095,0.0,74.3802,31.6547,75.0,73.4694,55.814,29.2308,3.2258,49,43,2.378742,6.320378,68.3453,,,,,,,20.74847,7.980181
2024,78513,전준우,,1849,True,45.321796,44.661341,121.515941,6.571982,50.628311,838,4.203565,1011,8.53512,793,6.850514,1056,6.362819,548,290,236,775,784,1065,58.578987,23.343225,76.656775,35.235763,71.55219,395,8.958855,13.693101,-5.786347,768,2.818521,3.813595,1.604877,489,7.589114,-17.524118,14.539512,197,13.894137,-29.402775,16.454707,122.51,111.329,114.356,101.947,103.365,100.538,35.235763,122.51,58.578987,111.329,76.656775,114.356,482,48,84,5,9.9585,17.4274,1.0373,67.5914,28.5985,75.6962,59.5477,50.0,21.6769,5.5838,398,370,4.807943,1.11959,71.4015,1.120593,0.611082,False,-2.023708,-0.314804,False,121.515941,6.571982
2024,67123,전준호,,5,False,100.0,59.278568,-0.073137,-1.462747,-7.638268,5,-1.462747,0,,2,22.109371,3,-17.177492,2,3,0,0,2,3,0.0,,,,40.0,0,,,,3,11.317822,11.317822,,1,-9.591,-9.591,,1,-31.6762,-31.6762,,,-130.955,,-9.945,325.293,-91.619,,,0.0,-130.955,,,1,0,1,0,0.0,100.0,0.0,100.0,100.0,,100.0,100.0,100.0,100.0,2,1,,-3.572265,0.0,,,,,,,-0.073137,-1.462747
2024,53568,정대선,,8,False,50.0,45.29249,0.005362,0.067021,0.879476,4,-3.798027,4,3.932069,4,3.516601,4,-3.382559,2,2,1,3,3,5,60.0,25.0,75.0,35.0,62.5,0,,,,5,0.83018,1.462464,-0.118245,1,7.236622,,7.236622,2,-5.425678,-19.579501,8.728145,121.689,117.206,107.981,11.358,54.876,20.987,35.0,121.689,60.0,117.206,75.0,107.981,2,0,2,0,0.0,100.0,0.0,50.0,50.0,,50.0,100.0,0.0,50.0,4,1,,-27.5921,50.0,,,,,,,0.005362,0.067021
2024,68518,정보근,,476,True,52.731092,44.811428,17.757549,3.730578,37.413914,251,2.676032,225,4.906982,216,5.973861,260,1.866927,156,95,61,164,217,259,51.25,27.111111,72.888889,24.138889,67.226891,106,5.506513,11.044827,-6.221681,213,3.159302,4.436478,1.158906,105,0.878164,-14.089031,10.088746,52,8.210114,-15.191607,13.108148,83.905,81.016,99.859,62.377,90.615,63.838,24.138889,83.905,51.25,81.016,72.888889,99.859,140,3,31,0,2.1429,22.1429,0.0,68.5185,39.6154,67.9245,69.0909,52.4272,38.0952,17.3077,110,103,-6.730411,-3.677728,60.3846,-3.215235,-1.753333,True,1.183143,0.184047,False,17.757549,3.730578
2024,79231,정수빈,,2494,True,38.692863,45.585048,172.34843,6.910522,56.379999,965,5.145334,1529,8.024589,1175,5.428437,1319,8.230803,700,265,481,1048,1181,1313,59.954233,31.45847,68.54153,28.495764,70.088212,640,6.594387,13.542133,-4.83207,1004,3.412905,3.966413,2.95967,563,8.792105,-17.323736,14.70942,287,16.160012,-37.788382,18.310129,99.062,117.017,83.134,106.662,82.682,115.786,28.495764,99.062,59.954233,117.017,68.54153,83.134,610,71,71,9,11.6393,11.6393,1.4754,57.2766,22.138,62.1875,51.4019,37.7399,18.4725,3.8328,535,469,-7.965611,-5.838313,77.862,0.506884,0.276414,False,-4.614908,-0.717886,False,172.34843,6.910522
2024,69159,정우영,,3,False,66.666667,81.742198,0.525076,17.502532,80.140009,2,29.506856,1,-6.506116,3,17.502532,0,,2,0,1,0,3,0,0.0,100.0,0.0,-100.0,66.666667,3,17.502532,29.506856,-6.506116,0,,,,0,,,,0,,,,-347.955,-130.955,-180.565,254.167,258.29,,-100.0,-347.955,0.0,-130.955,0.0,-180.565,1,0,1,0,0.0,100.0,0.0,66.6667,,66.6667,,,,,0,0,,,,,,,,,,0.525076,17.502532
2024,68743,정은원,,341,True,32.258065,44.022532,26.542975,7.783864,61.123802,110,6.628337,231,8.334114,150,4.994087,191,9.974788,81,29,69,162,150,191,66.666667,29.87013,70.12987,36.796537,71.260997,90,6.905991,13.32685,-4.184584,129,3.334116,5.34866,2.361578,74,11.247145,-21.421029,15.77043,48,16.049345,-31.183925,18.102966,127.939,144.78,89.245,118.824,76.365,130.022,36.796537,127.939,66.666667,144.78,70.12987,89.245,78,13,16,0,16.6667,20.5128,0.0,51.3333,17.2775,63.3333,33.3333,31.8841,12.1622,4.1667,60,69,-5.372114,-9.256082,82.7225,3.202127,1.746185,True,7.468883,1.161845,False,26.542975,7.783864
2024,53058,정준영,,298,False,42.61745,46.721689,15.992073,5.366467,45.890642,127,4.572985,171,5.955779,151,4.554596,147,6.200431,85,42,57,114,142,156,57.286432,33.333333,66.666667,23.953099,66.778523,75,7.113091,13.959072,-5.057541,115,2.715671,6.521763,-0.773247,76,6.510736,-14.946564,13.169897,32,8.081481,-29.820855,16.828174,83.259,105.983,75.921,85.159,69.973,99.212,23.953099,83.259,57.286432,105.983,66.666667,75.921,74,8,16,1,10.8108,21.6216,1.3514,56.9536,27.8912,64.0,50.0,43.5897,23.6842,18.75,76,39,-7.348768,-9.150695,72.1088,,,,,,,15.992073,5.366467
2024,54812,정준재,,949,True,42.044257,47.073409,57.822512,6.092994,50.410564,399,4.618197,550,7.162892,436,5.587324,513,6.522764,279,120,173,377,452,497,57.469512,31.454545,68.545455,26.014967,69.125395,245,5.43863,12.722848,-5.867085,355,3.530475,5.119485,1.74165,230,6.464411,-16.314625,14.323845,119,14.366838,-17.648007,15.194808,90.432,106.74,83.149,95.277,84.993,101.843,26.014967,90.432,57.469512,106.74,68.545455,83.149,240,19,49,3,7.9167,20.4167,1.25,59.8624,26.9006,60.8163,58.6387,46.3415,25.6522,2.521,191,164,-10.983963,-5.727176,73.0994,-0.930583,-0.507466,False,2.765857,0.430252,False,57.822512,6.092994
2024,54815,정현승,,114,False,56.140351,42.337658,4.28454,3.758369,37.545638,64,1.901073,50,6.135707,51,4.877857,63,2.852116,40,24,13,37,53,61,48.051948,26.0,74.0,22.051948,67.54386,32,3.496617,8.587561,-9.513573,39,1.882483,1.412219,3.079517,28,5.423918,-5.942006,11.738321,15,6.085048,-18.655769,12.270253,76.645,67.789,104.134,62.764,74.674,71.88,22.051948,76.645,48.051948,67.789,74.0,104.134,32,2,6,0,6.25,18.75,0.0,76.4706,39.6825,71.875,84.2105,60.0,35.7143,20.0,19,20,-2.233689,4.239507,60.3175,,,,,,,4.28454,3.758369
2024,60523,정훈,,1299,True,42.879138,44.98566,88.535019,6.815629,54.131898,557,5.888961,742,7.511254,600,7.016849,699,6.642908,398,159,204,538,602,697,57.478632,27.493261,72.506739,29.985371,72.055427,302,8.286295,14.422036,-5.940534,537,3.588831,5.469506,1.672804,283,6.882687,-16.558079,13.732957,177,13.988917,-16.856108,16.032865,104.244,106.778,98.389,105.34,105.784,102.824,29.985371,104.244,57.478632,106.778,72.506739,98.389,327,35,63,0,10.7034,19.2661,0.0,63.3333,25.3219,69.8675,56.7114,42.6778,22.6148,6.2147,298,239,-1.235929,-1.435978,74.6781,1.098686,0.599136,False,-0.259527,-0.040372,False,88.535019,6.815629
2024,54295,제러드,,685,True,46.569343,43.747077,53.693264,7.838433,62.670872,319,5.459045,366,9.912271,288,8.149351,397,7.61288,230,89,55,311,285,400,57.486137,15.027322,84.972678,42.458814,78.978102,149,9.880623,12.626864,-5.164001,267,3.565917,4.665523,2.067339,192,8.723439,-14.683028,13.941442,77,16.494977,-13.533547,18.140376,147.637,106.809,146.349,119.584,122.256,110.742,42.458814,147.637,57.486137,106.809,84.972678,146.349,169,21,35,3,12.426,20.7101,1.7751,77.4306,24.1814,84.5638,69.7842,44.5312,18.2292,5.1948,139,128,14.466507,13.253929,75.8186,-0.247532,-0.134984,False,-1.694343,-0.263569,False,53.693264,7.838433
2024,68089,조대현,,163,False,47.852761,48.159474,13.078007,8.023317,53.591162,78,4.700504,85,11.072487,76,7.273896,87,8.677984,53,25,28,57,81,82,51.818182,32.941176,67.058824,18.877005,67.484663,41,5.298239,11.694827,-5.78918,67,8.065101,8.076809,8.049759,42,6.149298,-17.453207,17.950551,13,22.456975,,22.456975,65.6,83.366,77.429,122.158,109.523,119.436,18.877005,65.6,51.818182,83.366,67.058824,77.429,46,3,12,0,6.5217,26.087,0.0,63.1579,34.4828,63.4146,62.8571,50.0,33.3333,0.0,35,32,-10.147845,-6.371412,65.5172,,,,,,,13.078007,8.023317
2024,66209,조수행,,1384,True,40.823699,44.055167,97.013685,7.009659,57.35395,565,5.231504,819,8.236348,628,6.017002,756,7.834248,407,158,230,589,637,747,59.136546,28.083028,71.916972,31.053518,71.965318,338,7.976188,13.336646,-4.426442,569,3.111755,3.811014,2.506495,326,9.085897,-18.088561,14.844053,151,15.051828,-20.838577,17.059683,107.96,113.635,96.12,108.042,91.242,112.549,31.053518,107.96,59.136546,113.635,71.916972,96.12,385,33,53,3,8.5714,13.7662,0.7792,62.4204,22.8836,69.8225,53.7931,38.7097,17.4847,5.298,290,279,-0.103991,-1.08193,77.1164,-2.203288,-1.201498,False,-5.266311,-0.819217,False,97.013685,7.009659
2024,64868,조용호,,613,True,41.435563,46.202398,35.978605,5.869267,49.816967,254,4.805012,359,6.622249,285,5.183485,328,6.465144,180,74,107,252,287,326,58.333333,29.805014,70.194986,28.528319,70.473083,147,6.629804,12.374873,-5.98437,266,2.685361,3.762257,1.686501,130,6.174176,-20.438325,12.510486,70,15.804721,,15.804721,99.175,110.313,89.495,92.161,79.12,101.373,28.528319,99.175,58.333333,110.313,70.194986,89.495,166,13,24,0,7.8313,14.4578,0.0,62.1053,23.4756,68.7075,55.0725,40.625,19.2308,0.0,138,128,-1.619578,-1.704635,76.5244,-2.659369,-1.450208,False,-4.404563,-0.685166,False,35.978605,5.869267
2024,51865,조형우,,128,False,50.0,43.261155,8.33353,6.510571,66.188782,64,4.723409,64,8.297732,57,6.219574,71,6.744187,42,22,12,52,54,74,55.319149,18.75,81.25,36.569149,73.4375,34,6.266809,9.898115,-5.534934,46,3.07563,3.499056,2.1078,34,7.05387,-11.170436,10.959079,14,17.069352,,17.069352,127.148,97.846,132.027,101.092,94.189,103.651,36.569149,127.148,55.319149,97.846,81.25,132.027,38,1,6,4,2.6316,15.7895,10.5263,73.6842,30.9859,76.4706,69.5652,69.5652,17.6471,0.0,23,23,6.506851,5.971889,69.0141,,,,,,,8.33353,6.510571
2024,69332,주성원,,258,False,50.0,44.572735,17.482066,6.775995,46.270085,129,2.103377,129,11.448612,112,7.435045,146,6.270421,82,47,30,99,112,146,54.696133,23.255814,76.744186,31.440319,70.155039,58,8.918338,13.710172,-6.141713,98,4.68893,4.851044,4.443682,62,7.83766,-25.985262,18.632209,40,7.137325,-20.758593,17.718535,109.306,95.269,114.692,104.788,111.867,99.783,31.440319,109.306,54.696133,95.269,76.744186,114.692,62,6,18,0,9.6774,29.0323,0.0,72.3214,32.8767,75.8621,68.5185,50.0,24.1935,27.5,54,44,4.396489,3.626623,67.1233,,,,,,,17.482066,6.775995
2024,79192,채은성,,1882,True,47.980871,43.425686,124.325157,6.606013,50.128274,903,2.610384,979,10.29146,799,7.216925,1083,6.155302,571,332,233,746,804,1078,56.643888,23.799796,76.200204,32.844092,69.978746,414,8.688364,13.669268,-4.579357,749,3.320541,2.772331,4.084181,453,5.821081,-17.090003,15.858318,266,13.953002,-21.699612,18.147427,114.189,103.325,112.599,102.421,108.694,98.844,32.844092,114.189,56.643888,103.325,76.200204,112.599,492,49,80,8,9.9593,16.2602,1.626,68.836,32.5946,72.7053,64.6753,51.3736,30.4636,10.5263,385,364,-0.198784,0.287803,67.4054,1.232462,0.672086,False,-4.870966,-0.757718,False,124.325157,6.606013
2024,50054,천성호,,922,True,49.457701,45.094128,45.818897,4.969512,42.794255,456,2.890906,466,7.003512,436,5.847317,486,4.182016,305,151,137,329,442,480,51.892744,29.399142,70.600858,22.493603,68.763557,242,6.954109,12.191123,-4.93533,365,3.110966,3.456031,2.643458,214,3.157387,-18.561077,13.272836,101,10.770418,-19.346894,14.080013,78.182,83.674,91.057,79.631,88.774,82.736,22.493603,78.182,51.892744,83.674,70.600858,91.057,256,18,43,1,7.0312,16.7969,0.3906,66.2844,34.3621,69.4215,62.3711,52.0468,31.7757,9.901,194,171,-3.783604,-3.182196,65.6379,-0.84762,-0.462224,False,-2.956064,-0.45984,False,45.818897,4.969512
2024,67905,천재환,,879,True,50.170648,44.434895,46.684983,5.311147,42.389065,441,3.177265,438,7.459645,399,6.760171,480,4.106646,287,154,135,303,422,457,51.355932,30.821918,69.178082,20.534014,67.121729,200,7.334311,12.934138,-5.731953,368,3.548955,5.230184,1.212703,207,2.861507,-16.070733,13.175339,104,12.531621,-25.40724,18.433222,71.364,81.454,85.583,84.389,102.051,82.121,20.534014,71.364,51.355932,81.454,69.178082,85.583,236,13,52,4,5.5085,22.0339,1.6949,67.1679,36.0417,70.0,64.3216,50.8876,35.2657,13.4615,199,169,-4.005772,-3.171422,63.9583,-1.564422,-0.853111,False,1.803733,0.280585,False,46.684983,5.311147
2024,69802,최경모,,180,False,33.888889,42.360959,10.92981,6.072117,49.745393,61,4.219691,119,7.02168,79,2.59387,101,8.792725,38,23,39,80,77,103,67.79661,32.773109,67.226891,35.023501,65.555556,42,3.404225,14.24242,-8.517789,74,2.533356,1.73594,3.077048,45,8.288436,-12.001145,13.360832,19,20.502925,,20.502925,121.771,149.453,78.076,94.986,41.456,120.373,35.023501,121.771,67.79661,149.453,67.226891,78.076,50,8,7,0,16.0,14.0,0.0,49.3671,21.7822,52.381,45.9459,35.1351,20.0,0.0,37,37,-18.122546,-13.562939,78.2178,,,,,,,10.92981,6.072117
2024,54112,최명경,,11,False,54.545455,56.560253,-0.06752,-0.613814,-9.51795,6,-0.150688,5,-1.169566,6,1.816928,5,-3.530704,3,3,3,2,6,5,40.0,60.0,40.0,-20.0,45.454545,3,-2.172497,4.470394,-5.493943,7,1.570711,1.463731,1.713352,0,,,,1,-11.229444,-11.229444,,-69.647,34.486,-26.674,1.877,30.156,19.778,-20.0,-69.647,40.0,34.486,40.0,-26.674,3,0,1,0,0.0,33.3333,0.0,50.0,60.0,33.3333,66.6667,50.0,,100.0,3,4,,-32.788133,40.0,,,,,,,-0.06752,-0.613814
2024,65157,최민창,,16,False,62.5,63.539839,-0.918369,-5.739806,-42.366827,10,-9.58881,6,0.675201,7,-2.1893,9,-8.50131,5,5,2,4,7,9,44.444444,33.333333,66.666667,11.111111,56.25,5,6.722212,9.477221,-4.297825,5,-23.360191,-28.059473,-4.563063,5,-2.687732,-10.779544,2.70681,1,4.791661,,4.791661,38.584,52.868,75.921,-69.508,-28.112,-20.796,11.111111,38.584,44.444444,52.868,66.666667,75.921,3,0,1,0,0.0,33.3333,0.0,71.4286,55.5556,80.0,50.0,100.0,40.0,0.0,2,3,4.908094,-9.050208,44.4444,,,,,,,-0.918369,-5.739806
2024,68805,최상민,,48,False,45.833333,50.742931,1.707481,3.557251,33.481302,22,5.24641,26,2.127964,23,3.669292,25,3.454174,15,7,7,19,22,26,55.882353,26.923077,73.076923,28.959276,70.833333,12,-0.728495,13.846468,-15.303458,23,3.541288,4.076294,2.709055,9,5.638709,-12.362955,10.782041,4,11.823004,,11.823004,100.675,100.175,100.583,59.964,57.097,76.795,28.959276,100.675,55.882353,100.175,73.076923,100.583,13,0,5,1,0.0,38.4615,7.6923,65.2174,28.0,50.0,81.8182,41.6667,22.2222,0.0,11,12,-21.013359,-0.943428,72.0,,,,,,,1.707481,3.557251
2024,65905,최승민,,55,False,49.090909,48.237642,5.928703,10.779459,56.871355,27,8.12951,28,13.334768,30,6.254384,25,16.209549,21,6,7,21,28,27,50.0,25.0,75.0,25.0,76.363636,13,2.268969,18.328404,-23.426128,28,8.208355,8.205534,8.212714,7,17.841541,-33.312275,38.303067,7,29.806992,,29.806992,86.901,75.846,107.981,160.541,94.695,180.915,25.0,86.901,50.0,75.846,75.0,107.981,16,2,3,0,12.5,18.75,0.0,73.3333,20.0,61.5385,82.3529,27.2727,28.5714,0.0,17,11,-10.93148,11.329298,80.0,,,,,,,5.928703,10.779459
2024,52103,최원영,,161,False,55.279503,44.063181,5.131517,3.187278,28.058278,89,1.495944,72,5.277954,61,6.341299,100,1.263325,48,41,19,53,67,94,52.475248,26.388889,73.611111,26.086359,62.732919,31,7.527841,11.126311,-4.809768,64,1.39969,3.677156,-2.9482,43,-0.820181,-11.163064,9.052571,23,9.803316,-26.954322,13.304043,90.68,86.084,102.638,54.811,95.959,58.911,26.086359,90.68,52.475248,86.084,73.611111,102.638,42,1,7,3,2.381,16.6667,7.1429,70.4918,46.0,77.4194,63.3333,67.6471,48.8372,8.6957,30,34,0.300082,-5.021887,54.0,,,,,,,5.131517,3.187278
2024,66606,최원준,,2031,True,42.491384,46.342347,126.339373,6.22055,49.940961,863,5.101905,1168,7.047083,933,6.314152,1098,6.141014,587,276,366,802,953,1078,57.739381,31.335616,68.664384,26.403764,68.389956,472,7.747945,14.388656,-5.201442,889,3.461199,5.13631,1.954314,440,6.070501,-15.767017,13.261707,230,14.038615,-25.242774,17.985548,91.784,107.856,83.607,97.053,95.564,98.727,26.403764,91.784,57.739381,107.856,68.664384,83.607,508,50,66,8,9.8425,12.9921,1.5748,59.6999,27.8689,66.1017,53.1453,41.1215,24.7727,9.1304,461,428,-5.49679,-6.392808,72.1311,1.459831,0.796075,False,-4.57099,-0.711055,False,126.339373,6.22055
2024,50707,최인호,,955,True,37.801047,44.628054,52.706767,5.519033,46.552716,361,2.635618,594,7.271412,432,3.903972,523,6.85308,230,131,191,403,421,534,63.665087,32.154882,67.845118,31.510205,66.282723,239,5.012083,12.855673,-6.079863,366,2.212143,1.574193,2.686049,214,6.617412,-14.791657,14.023065,136,13.581017,-28.036902,16.884026,109.549,132.365,80.455,87.284,60.51,104.54,31.510205,109.549,63.665087,132.365,67.845118,80.455,244,25,30,3,10.2459,12.2951,1.2295,52.5463,25.6214,58.5774,45.0777,39.8844,25.7009,7.3529,193,173,-13.234035,-12.378599,74.3786,0.784854,0.427997,False,-1.404046,-0.218411,False,52.706767,5.519033
2024,78288,최재훈,,1403,True,38.987883,47.81702,114.887476,8.188701,58.532896,547,8.576496,856,7.940893,674,7.862323,729,8.490455,400,147,287,569,687,716,58.72033,33.528037,66.471963,25.192293,69.066287,378,10.232254,18.396215,-4.462875,561,4.171386,6.878954,2.132249,317,8.925908,-23.099372,16.402627,147,16.675477,-16.934139,17.375677,87.57,111.913,75.172,124.462,118.081,117.905,25.192293,87.57,58.72033,111.913,66.471963,75.172,341,31,57,21,9.0909,16.7155,6.1584,57.1217,22.2222,64.2857,47.973,37.3585,18.9274,2.0408,296,265,-5.971773,-6.036964,77.7778,-2.001127,-1.091255,False,0.545106,0.084796,False,114.887476,8.188701
2024,75847,최정,,2114,True,48.628193,44.963693,159.524988,7.546121,58.960063,1028,4.852396,1086,10.095981,935,7.421084,1179,7.64528,718,310,223,863,941,1173,54.585705,20.53407,79.46593,34.051635,74.787133,481,9.849263,13.452177,-5.591796,847,3.335069,3.792075,2.686121,489,6.885262,-14.8438,14.427581,297,16.91349,-18.161889,18.779202,118.39,94.813,125.163,115.513,111.664,111.006,34.051635,118.39,54.585705,94.813,79.46593,125.163,550,55,114,20,10.0,20.7273,3.6364,75.2941,27.4809,81.0811,69.163,46.5649,25.7669,5.0505,454,393,9.254523,9.402998,72.5191,0.625789,0.341255,False,-2.88441,-0.448693,False,159.524988,7.546121
2024,65464,최정용,,48,False,41.666667,41.292299,3.275903,6.824799,46.147251,20,2.885036,28,9.638916,20,4.781938,28,8.283985,14,6,7,21,21,27,60.0,25.0,75.0,35.0,72.916667,8,4.818143,15.748964,-13.399893,20,5.115449,4.632334,5.840122,10,8.929677,-15.490094,15.03462,10,9.743945,-45.65193,15.899042,121.689,117.206,107.981,105.468,73.279,116.22,35.0,121.689,60.0,117.206,75.0,107.981,13,1,4,0,7.6923,30.7692,0.0,55.0,32.1429,62.5,50.0,75.0,20.0,10.0,12,8,-8.003546,-13.313492,67.8571,,,,,,,3.275903,6.824799
2024,69992,최정원,,638,True,42.633229,45.928995,43.041511,6.746318,51.649074,272,4.721702,366,8.250951,289,6.204142,349,7.195284,192,80,112,254,304,334,56.950673,30.601093,69.398907,26.34958,69.905956,145,6.681593,13.67063,-5.818029,265,5.559581,6.824641,4.205571,156,5.321697,-21.881404,13.779804,72,14.3312,-22.485916,17.078746,91.596,104.594,86.432,104.375,93.964,107.333,26.34958,91.596,56.950673,104.594,69.398907,86.432,156,17,33,4,10.8974,21.1538,2.5641,60.5536,27.7937,64.1379,56.9444,45.4545,23.7179,6.9444,144,121,-7.2186,-5.500034,72.2063,2.47867,1.351669,False,3.129576,0.486831,False,43.041511,6.746318
2024,76267,최주환,,2190,True,46.621005,45.977854,139.108812,6.352001,48.600548,1021,3.819762,1169,8.563648,956,7.791812,1234,5.236555,663,358,310,859,973,1217,56.438896,26.518392,73.481608,29.920504,69.497717,518,8.636825,14.268019,-4.673269,869,3.772582,4.61063,2.776211,527,5.16437,-17.293779,13.68906,276,12.452933,-24.055039,18.640725,104.019,102.477,102.14,98.884,117.056,91.344,29.920504,104.019,56.438896,102.477,73.481608,102.14,536,47,91,6,8.7687,16.9776,1.1194,67.4686,30.47,70.2703,64.1553,44.3155,27.5142,14.4928,438,431,-1.957139,0.024352,69.53,-0.977519,-0.533061,False,-3.414996,-0.53123,False,139.108812,6.352001
2024,68868,최준우,,136,False,36.764706,39.89238,9.589062,7.050781,55.614562,50,1.381233,86,10.34703,53,4.58028,83,8.62833,33,17,18,68,51,85,67.326733,20.930233,79.069767,46.3965,74.264706,35,3.983558,9.582716,-3.481986,39,5.017945,3.53899,6.28562,40,6.769404,-15.52454,16.323952,22,16.045714,,16.045714,161.336,147.51,123.639,108.615,70.346,119.031,46.3965,161.336,67.326733,147.51,79.069767,123.639,34,9,8,0,26.4706,23.5294,0.0,60.3774,21.6867,57.1429,66.6667,28.5714,30.0,0.0,18,21,-15.654826,-2.503016,78.3133,,,,,,,9.589062,7.050781
2024,50854,최지훈,,2200,True,42.136364,46.679793,144.652927,6.575133,52.979297,927,5.242209,1273,7.54577,1010,6.021836,1190,7.044738,625,302,401,872,1026,1174,58.249833,31.500393,68.499607,26.74944,68.045455,538,6.279546,13.440541,-5.537859,899,4.082038,6.072817,2.03284,534,6.983466,-18.29191,14.54763,229,16.104688,-12.488687,17.825586,92.987,109.967,82.973,101.991,91.313,106.104,26.74944,92.987,58.249833,109.967,68.499607,82.973,545,50,71,2,9.1743,13.0275,0.367,59.604,27.3109,62.2677,56.5678,44.2623,23.0337,5.6769,472,427,-8.931832,-6.198769,72.6891,0.523912,0.2857,False,-4.483758,-0.697485,False,144.652927,6.575133
2024,62884,최항,,582,True,51.030928,47.113685,44.86519,7.708795,62.914348,297,6.836658,285,8.617654,263,9.990659,319,5.82751,218,79,58,227,276,306,51.011236,20.350877,79.649123,30.660359,76.460481,145,12.150983,14.580122,-3.958039,237,4.483873,4.944156,3.819545,125,7.777612,-14.43392,13.610944,75,9.196627,-24.701551,11.617926,106.592,80.028,125.868,117.778,149.036,96.168,30.660359,106.592,51.011236,80.028,79.649123,125.868,142,10,31,1,7.0423,21.831,0.7042,79.0875,27.8997,86.8966,69.4915,48.7395,20.8,6.6667,118,119,16.209519,12.978788,72.1003,-3.847063,-2.097881,True,-1.468456,-0.22843,False,44.86519,7.708795
2024,72443,최형우,,1981,True,46.087834,45.261158,152.982293,7.722478,59.528067,913,5.795833,1068,9.369507,876,8.214492,1105,7.332429,648,265,246,822,894,1087,55.918367,23.033708,76.966292,32.884659,74.204947,428,9.906971,14.251471,-5.117759,828,4.294977,5.90448,2.27323,460,7.169484,-17.098269,14.705624,265,15.863557,-27.104254,17.724368,114.33,100.324,115.546,117.969,123.203,108.452,32.884659,114.33,55.918367,100.324,76.966292,115.546,489,50,86,5,10.2249,17.5869,1.0225,71.2329,26.1538,77.5701,65.1786,44.4737,23.6957,4.1509,448,380,6.218694,6.031364,73.8462,0.213991,0.116694,False,-3.831155,-0.595967,False,152.982293,7.722478
2024,51817,추신수,,1213,True,41.714757,45.256728,98.318735,8.105419,58.804515,506,6.603496,707,9.180346,539,7.295956,674,8.75275,367,139,179,528,546,667,58.994413,25.318246,74.681754,33.676167,73.784007,287,9.177385,14.335835,-5.144101,493,3.729065,5.097374,2.420484,284,10.834142,-15.604035,16.211398,149,15.319722,-27.160999,17.10213,117.084,113.047,106.757,123.302,109.844,120.046,33.676167,117.084,58.994413,113.047,74.681754,106.757,302,37,68,4,12.2517,22.5166,1.3245,66.7904,21.6617,73.5192,59.127,38.1743,16.9014,4.0268,252,241,3.726528,3.922974,78.3383,0.085479,0.046613,False,3.498268,0.544184,False,98.318735,8.105419
2024,54444,카디네스,,101,False,49.50495,49.729541,6.514937,6.450432,54.399415,50,6.191372,51,6.704413,50,5.799158,51,7.088937,36,14,14,37,50,51,50.684932,27.45098,72.54902,23.233951,72.277228,24,8.585052,13.771556,-6.97446,45,2.316183,2.977173,1.118139,21,8.892011,-8.219144,11.74387,11,14.044721,,14.044721,80.757,78.679,98.552,100.254,88.074,106.465,23.233951,80.757,50.684932,78.679,72.54902,98.552,25,1,6,0,4.0,24.0,0.0,72.0,27.451,75.0,69.2308,57.8947,14.2857,0.0,26,19,5.807417,6.124434,72.549,,,,,,,6.514937,6.450432
2024,54730,페라자,,2064,True,45.833333,43.685911,154.13135,7.467604,57.518434,946,3.888841,1118,10.495788,834,7.123454,1230,7.700955,636,310,224,894,860,1204,58.431373,20.035778,79.964222,38.395594,74.127907,444,8.771623,12.534434,-6.450655,813,3.946738,3.700576,4.241468,496,7.318492,-15.683671,15.15166,311,15.047795,-21.267979,17.677558,133.502,110.718,127.08,114.42,107.335,111.461,38.395594,133.502,58.431373,110.718,79.964222,127.08,519,59,128,2,11.368,24.6628,0.3854,72.7818,27.561,80.1802,64.359,45.3901,25.4032,6.7524,390,423,8.437062,6.849078,72.439,2.032303,1.108256,False,2.408182,0.374612,False,154.13135,7.467604
2024,69813,하재훈,,1225,True,51.591837,45.500294,52.565012,4.291021,36.048666,632,1.868377,593,6.872996,529,6.114416,696,2.905137,375,257,164,429,539,686,53.358209,27.655987,72.344013,25.702222,65.632653,281,7.263227,12.17576,-6.478591,499,2.898369,3.719754,1.839611,297,0.310461,-16.268607,11.394221,148,11.331361,-17.95419,17.283709,89.344,89.736,97.763,70.182,92.659,72.313,25.702222,89.344,53.358209,89.736,72.344013,97.763,317,18,90,2,5.6782,28.3912,0.6309,67.6749,39.3678,73.6655,60.8871,51.7928,40.0673,16.8919,248,251,-1.441846,-4.392674,60.6322,0.201207,0.109722,False,7.88722,1.226921,False,52.565012,4.291021
2024,62700,하주석,,512,True,58.59375,44.930747,25.948772,5.06812,41.915419,300,2.018756,212,9.383256,222,8.329016,290,2.571847,184,116,42,170,226,286,48.022599,19.811321,80.188679,28.211278,69.140625,122,9.630964,12.321216,-4.089322,198,3.437867,3.042,4.39341,128,1.010116,-18.592894,12.771922,64,9.529797,-18.455814,14.712317,98.072,67.667,127.944,81.004,124.869,69.592,28.211278,98.072,48.022599,67.667,80.188679,127.944,151,10,32,2,6.6225,21.1921,1.3245,78.8288,43.1034,83.6066,73.0,68.3673,37.5,15.625,100,98,9.088239,4.820196,56.8966,3.028052,1.651258,True,-1.967613,-0.306078,False,25.948772,5.06812
2024,52710,한경빈,,4,False,50.0,49.991532,-0.08546,-2.136493,-30.743472,2,-7.317251,2,3.044266,1,-3.537319,3,-1.66955,0,2,1,1,1,3,100.0,50.0,50.0,50.0,25.0,1,-3.537319,,-3.537319,1,-7.620565,-7.620565,,2,1.305957,-7.013938,9.625852,0,,,,173.872,282.647,11.799,-19.328,-47.717,34.97,50.0,173.872,100.0,282.647,50.0,11.799,1,0,1,0,0.0,100.0,0.0,0.0,66.6667,0.0,,100.0,50.0,,0,1,-77.386086,-86.252172,33.3333,,,,,,,-0.08546,-2.136493
2024,68525,한동희,,128,False,46.875,49.066803,8.33216,6.5095,42.602108,60,6.077502,68,6.890675,66,7.870856,62,5.060314,44,16,22,46,66,62,51.111111,32.352941,67.647059,18.75817,70.3125,33,7.399884,15.158178,-13.288901,55,7.390834,11.550204,3.661743,28,1.428701,-34.845492,15.938377,12,11.876695,-10.343785,16.320792,65.187,80.442,79.693,101.077,118.205,89.905,18.75817,65.187,51.111111,80.442,67.647059,79.693,36,1,9,0,2.7778,25.0,0.0,68.1818,24.1935,72.7273,63.6364,22.7273,28.5714,16.6667,33,22,0.25732,3.998842,75.8065,,,,,,,8.33216,6.5095
2024,64101,한석현,,276,False,56.884058,48.445366,13.637466,4.941111,40.360301,157,2.869754,119,7.673909,135,6.257279,141,3.680951,100,57,34,85,134,142,45.945946,28.571429,71.428571,17.374517,67.028986,75,5.949095,10.266364,-7.722254,105,3.537534,5.346384,-0.588903,63,2.414544,-19.184182,14.004105,33,11.939608,-20.573063,17.745442,60.373,59.078,94.241,79.235,94.737,78.646,17.374517,60.373,45.945946,59.078,71.428571,94.241,76,2,22,1,2.6316,28.9474,1.3158,74.8148,39.7163,76.0,73.3333,64.4444,34.9206,15.1515,60,45,2.0734,2.566144,60.2837,,,,,,,13.637466,4.941111
2024,63722,한승택,,65,False,40.0,40.512972,5.371314,8.26356,58.963061,26,3.033824,39,11.75005,22,4.456677,43,10.211267,18,8,5,34,23,42,65.384615,12.820513,87.179487,52.564103,80.0,9,4.644234,6.005242,-6.243831,24,5.976726,10.240828,0.937332,24,6.94514,-20.458654,14.156665,8,23.151061,,23.151061,182.792,139.477,154.839,125.504,68.549,131.952,52.564103,182.792,65.384615,139.477,87.179487,154.839,15,4,1,0,26.6667,6.6667,0.0,72.7273,23.2558,88.8889,61.5385,45.4545,20.8333,0.0,13,11,18.19418,9.031574,76.7442,,,,,,,5.371314,8.26356
2024,62895,한유섬,,2167,True,45.592986,48.208625,138.908565,6.410178,48.338403,988,4.421616,1179,8.076591,935,7.704256,1232,5.428066,625,363,334,845,959,1208,57.482993,28.329092,71.670908,29.153901,67.835718,492,9.113714,16.120664,-5.698448,876,3.636505,4.288635,2.808671,545,5.535637,-18.167506,14.128026,254,12.615783,-25.415182,15.690627,101.352,106.796,95.173,99.694,115.782,92.907,29.153901,101.352,57.482993,106.796,71.670908,95.173,522,43,142,9,8.2375,27.2031,1.7241,64.9198,30.9253,67.8862,61.6253,50.1155,26.6055,7.4803,443,433,-4.132767,-2.761023,69.0747,-1.290332,-0.703644,False,8.187289,1.273599,False,138.908565,6.410178
2024,50903,한재환,,30,False,70.0,43.55628,0.465293,1.550976,17.92786,21,-0.751214,9,6.922752,11,7.333166,19,-1.796608,11,10,1,8,12,18,42.105263,11.111111,88.888889,30.994152,63.333333,6,9.221183,11.790279,-3.624295,10,-0.919615,-0.919615,,10,1.779939,-8.956273,8.937414,4,-4.350267,-14.852823,6.152289,107.754,43.193,161.416,32.024,110.385,33.933,30.994152,107.754,42.105263,43.193,88.888889,161.416,9,0,3,0,0.0,33.3333,0.0,90.9091,57.8947,83.3333,100.0,100.0,40.0,50.0,5,5,8.241394,9.214888,42.1053,,,,,,,0.465293,1.550976
2024,68646,한준수,,1156,True,48.442907,46.448264,63.970595,5.533789,44.919519,560,3.071015,596,7.847804,519,6.164339,637,5.020043,378,182,153,443,531,625,53.958587,25.671141,74.328859,28.287446,71.020761,278,7.855783,12.694167,-7.999229,485,2.681808,2.473991,2.925969,257,4.209628,-18.435498,13.541411,136,13.460298,-24.961279,16.509629,98.337,92.219,105.399,87.489,93.385,89.577,28.287446,98.337,53.958587,92.219,74.328859,105.399,316,21,48,2,6.6456,15.1899,0.6329,70.7129,30.2983,76.6187,63.9004,44.2623,29.1829,7.3529,241,244,4.008431,3.357868,69.7017,-1.376744,-0.750766,False,-5.947253,-0.925143,False,63.970595,5.533789
2024,50108,함창건,,66,False,46.969697,47.524546,4.881112,7.395624,63.105625,31,9.561926,35,5.476899,35,8.605934,31,6.029144,24,7,12,23,36,30,48.93617,34.285714,65.714286,14.650456,71.212121,14,6.550519,15.518783,-5.407165,33,6.97408,9.795896,2.035903,13,11.307682,,11.307682,6,3.209899,-16.722181,13.175938,50.896,71.446,72.257,113.417,128.896,97.814,14.650456,50.896,48.93617,71.446,65.714286,72.257,17,2,3,0,11.7647,17.6471,0.0,62.8571,29.0323,57.1429,66.6667,58.3333,0.0,33.3333,21,12,-8.772287,-3.840114,70.9677,,,,,,,4.881112,7.395624
2024,79240,허경민,,1770,True,38.19209,44.279176,99.893099,5.643678,51.235112,676,4.177545,1094,6.549625,838,4.73212,932,6.463297,461,215,394,700,855,915,60.292851,36.014625,63.985375,24.278226,65.59322,447,5.306456,12.805973,-4.039675,712,3.024243,4.190227,2.077809,420,7.46973,-15.044007,14.413219,191,12.182074,-19.918685,13.955597,84.39,118.417,65.605,89.019,72.555,101.358,24.278226,84.39,60.292851,118.417,63.985375,65.605,482,35,25,18,7.2614,5.1867,3.7344,51.9093,25.8584,55.481,47.8261,41.1215,23.5714,5.2356,391,321,-15.84189,-13.138745,74.1416,-2.085981,-1.137528,False,-8.168368,-1.270656,False,99.893099,5.643678
2024,77243,허도환,,419,True,47.732697,43.699652,29.47916,7.035599,53.750704,200,5.147613,219,8.759787,181,7.707946,238,6.524276,130,70,52,167,182,237,56.228956,23.744292,76.255708,32.484664,70.883055,96,9.030522,13.973364,-6.657629,154,4.677315,5.926015,2.873637,103,4.11641,-15.2008,12.05499,66,14.19226,-12.296066,16.841093,112.939,101.609,112.813,108.403,115.836,101.856,32.484664,112.939,56.228956,101.609,76.255708,112.813,104,9,26,10,8.6538,25.0,9.6154,72.3757,28.9916,76.0417,68.2353,47.8261,29.1262,9.0909,85,69,3.444439,5.699634,71.0084,0.004566,0.00249,False,2.964684,0.461181,False,29.47916,7.035599
2024,50840,현원회,,3,False,66.666667,55.882071,-0.184479,-6.149293,-69.659208,2,-4.002544,1,-10.442791,2,-3.212604,1,-12.022672,1,1,1,0,2,1,0.0,100.0,0.0,-100.0,33.333333,0,,,,2,-3.212604,4.017583,-10.442791,1,-12.022672,-12.022672,,0,,,,-347.955,-130.955,-180.565,-75.211,-42.995,-49.541,-100.0,-347.955,0.0,-130.955,0.0,-180.565,1,0,1,0,0.0,100.0,0.0,50.0,100.0,,50.0,,100.0,,2,0,,-53.572265,0.0,,,,,,,-0.184479,-6.149293
2024,66233,홍성호,,58,False,53.448276,43.790943,1.658603,2.85966,20.468643,31,-0.154111,27,6.319916,21,4.207618,37,2.094603,15,16,6,21,21,37,58.333333,22.222222,77.777778,36.111111,62.068966,8,12.790191,18.151291,-3.293111,26,-3.356707,-2.207661,-5.527128,21,5.858288,-9.519368,15.321461,3,9.263034,,9.263034,125.555,110.313,118.668,50.249,64.926,65.697,36.111111,125.555,58.333333,110.313,77.777778,118.668,15,1,7,0,6.6667,46.6667,0.0,71.4286,43.2432,75.0,69.2308,61.5385,38.0952,0.0,13,13,0.345089,-2.652645,56.7568,,,,,,,1.658603,2.85966
2024,50600,홍종표,,408,True,44.362745,48.710598,20.440156,5.009842,44.016149,181,4.406104,227,5.491237,198,4.669458,210,5.330776,130,51,73,154,203,205,54.225352,32.15859,67.84141,22.066762,69.607843,118,5.175391,11.818615,-7.778895,162,3.779962,4.578466,3.038493,92,4.268415,-18.675134,12.366138,36,11.896431,-33.264202,13.186735,76.697,93.322,80.44,80.193,71.643,92.113,22.066762,76.697,54.225352,93.322,67.84141,80.44,115,6,31,1,5.2174,26.9565,0.8696,64.1414,25.7143,66.1017,61.25,35.3659,26.087,2.7778,80,82,-5.798314,-0.831771,74.2857,-4.199074,-2.28984,True,6.994317,1.088023,False,20.440156,5.009842
2024,66108,홍창기,,2642,True,35.806207,46.979667,220.517193,8.346601,64.887442,946,8.456598,1696,8.285246,1261,6.722822,1381,9.829283,757,189,515,1181,1272,1370,60.939112,30.365566,69.634434,30.573546,73.35352,679,8.723045,14.370471,-4.61271,1100,4.384493,6.817094,3.03763,579,11.510628,-18.878736,15.28717,284,16.342169,-24.525763,18.302623,106.29,121.09,87.339,126.661,101.508,128.834,30.573546,106.29,60.939112,121.09,69.634434,87.339,639,94,91,12,14.7105,14.241,1.8779,59.1594,14.4823,70.2504,46.2199,23.7452,11.0535,4.5775,582,518,1.799341,0.022414,85.5177,-0.095265,-0.05195,False,-3.03016,-0.471366,False,220.517193,8.346601
2024,67005,홍현빈,,97,False,40.206186,44.198607,5.052382,5.208641,48.024818,39,4.247492,58,5.854931,41,4.443854,56,5.768574,26,13,20,38,46,51,59.375,34.482759,65.517241,24.892241,65.979381,26,6.415056,9.63837,-4.329323,40,1.456359,2.473708,0.84595,21,8.390254,-13.784187,12.085994,10,10.3997,-22.868282,14.096143,86.526,114.621,71.499,82.961,68.362,95.687,24.892241,86.526,59.375,114.621,65.517241,71.499,22,3,7,0,13.6364,31.8182,0.0,65.8537,21.4286,76.9231,46.6667,32.0,14.2857,10.0,15,25,7.730517,3.107393,78.5714,,,,,,,5.052382,5.208641
2024,65610,황대인,,22,False,40.909091,40.423948,1.304328,5.928763,57.058414,9,2.21461,13,8.5001,9,2.116654,13,8.567916,6,3,2,11,8,14,64.705882,15.384615,84.615385,49.321267,77.272727,7,0.261635,6.163181,-7.607093,9,9.966847,3.408078,15.213863,3,-0.945506,-18.353541,7.758512,3,13.91208,,13.91208,171.511,136.67,144.975,92.99,34.515,118.538,49.321267,171.511,64.705882,136.67,84.615385,144.975,7,0,1,0,0.0,14.2857,0.0,66.6667,23.0769,57.1429,100.0,28.5714,33.3333,0.0,2,7,-16.419545,3.063931,76.9231,,,,,,,1.304328,5.928763
2024,50500,황성빈,,1546,True,47.283312,43.974218,93.507181,6.04833,49.324753,731,3.709229,815,8.146346,671,7.028238,875,5.29688,460,271,221,594,681,865,56.356736,27.116564,72.883436,29.240172,68.175938,344,9.272199,15.144304,-5.467983,650,2.727392,2.457494,3.075218,355,5.712117,-15.387524,14.102132,197,11.982108,-19.964176,15.194584,101.652,102.138,99.838,94.655,105.95,91.837,29.240172,101.652,56.356736,102.138,72.883436,99.838,406,31,54,2,7.6355,13.3005,0.4926,66.468,32.5714,71.5116,61.1621,51.3932,28.4507,9.1371,327,323,-0.930689,-2.068142,67.4286,-1.102445,-0.601186,False,-6.551717,-1.019173,False,93.507181,6.04833
2024,54795,황영묵,,1434,True,49.02371,44.570422,86.01442,5.998216,50.241251,703,3.349011,731,8.545947,651,6.192885,783,5.836365,463,240,196,535,659,775,53.607214,26.812585,73.187415,26.794629,69.595537,343,7.581506,12.002104,-4.301823,585,2.745576,3.175686,2.14448,323,7.023831,-13.601396,15.113898,183,11.618176,-23.397777,16.157281,93.144,90.765,101.008,93.957,93.8,96.24,26.794629,93.144,53.607214,90.765,73.187415,101.008,388,31,55,5,7.9897,14.1753,1.2887,67.5883,33.5888,72.8863,61.6883,54.5126,28.1734,11.4754,308,277,0.507629,-1.476487,66.4112,-0.260119,-0.141848,False,-6.281889,-0.977199,False,86.01442,5.998216
2024,76313,황재균,,2052,True,45.760234,45.792632,122.802553,5.98453,47.52504,939,5.053034,1113,6.770401,964,7.022508,1088,5.064851,651,288,334,779,985,1067,54.475524,30.008985,69.991015,24.46654,69.688109,515,8.901667,15.375904,-7.305946,844,2.814605,3.510948,2.094771,474,4.856769,-16.964625,12.843274,219,13.782015,-17.681551,16.095513,85.045,94.357,88.71,93.766,105.867,89.942,24.46654,85.045,54.475524,94.357,69.991015,88.71,536,34,94,2,6.3433,17.5373,0.3731,63.9004,29.6875,71.4563,55.2339,45.8228,26.7932,6.8493,449,395,-0.605729,-3.137258,70.3125,-1.166829,-0.636295,False,-2.294594,-0.356943,False,122.802553,5.98453
