season,batter_id,batter_name,batter_stance,pitches_seen,plate_appearances,terminal_plate_appearances,walks,strikeouts,hit_by_pitch,bb_pct,k_pct,hbp_pct,qualified_300,swing_pct,take_pct,zone_pct,z_swing_pct,o_swing_pct,z_minus_o_swing,heart_swing_pct,shadow_in_swing_pct,shadow_out_swing_pct,chase_swing_pct,waste_swing_pct,heart_minus_chase_swing,contact_pct,whiff_pct,z_contact_pct,o_contact_pct,simple_judgment_pct,seager_a_zone_swings,seager_b_out_swings,seager_c_zone_takes,seager_d_out_takes,selection_tendency_pct,hittable_take_pct,simple_seager,observed_decision_run,observed_decision_run_per_100,heart_pitches,shadow_in_pitches,shadow_out_pitches,chase_pitches,waste_pitches,heart_vs_chase_residual,zone_vs_out_residual,decision_run_residual,heart_vs_chase_residual_z,zone_vs_out_residual_z,decision_run_residual_z,heart_vs_chase_residual_outlier,zone_vs_out_residual_outlier,decision_run_residual_outlier,cluster_id,cluster_distance,pure_hc_residual_z,pure_zo_residual_z,pure_z_attack_z,out_zone_take_pct,pure_o_restraint_z,pure_cluster_id,pure_cluster_distance,pure_hc_residual_z_adjusted,pure_zo_residual_z_adjusted,pure_z_attack_z_adjusted,pure_o_restraint_z_adjusted,pure_z_attack_z_final,pure_o_restraint_z_final,zone_awareness_raw,z_zone_awareness_raw,o_zone_awareness_raw,zone_awareness_plus,z_zone_awareness_plus,o_zone_awareness_plus,bb_vs_oza_residual,bb_vs_oza_residual_z,bb_vs_oza_residual_outlier,k_vs_zza_residual,k_vs_zza_residual_z,k_vs_zza_residual_outlier
2024,69064,강민성,R,5,1,1,0,0,0,0.0,0.0,0.0,False,40.0,60.0,20.0,100.0,25.0,75.0,100.0,,0.0,33.3333,,66.6667,50.0,50.0,100.0,0.0,80.0,1,1,0,3,75.0,0.0,75.0,-0.216708,-4.334155,1,0,1,3,0,,,,,,,,,,,,3.795339,6.299427,5.217936,75.0,0.661466,,,3.795339,6.299427,5.217936,0.661466,7.628819,0.86273,4.245774,7.628819,0.86273,214.029,214.432,112.941,,,,,,
2024,74540,강민호,R,1562,450,448,33,50,8,7.3661,11.1607,1.7857,True,48.2074,51.7926,46.0948,70.5556,29.0974,41.4582,73.2804,67.5439,49.8392,22.7139,6.7708,50.5665,83.1341,16.8659,89.7638,69.3878,70.7426,508,245,212,597,54.0271,26.2052,27.8219,3.424751,0.219254,378,342,311,339,192,2.154236,3.824559,0.274697,0.309259,0.680619,0.236558,False,False,False,3,1.541473,0.309259,0.680619,0.61473,70.9026,-0.035196,3,0.913447,-0.000836,0.380688,0.393809,-0.124286,0.575763,-0.162102,0.206831,0.575763,-0.162102,105.555,108.636,97.568,-1.23236,-0.672031,False,-9.891379,-1.538684,True
2024,68050,강백호,L,2454,612,611,57,127,3,9.329,20.7856,0.491,True,43.643,56.357,40.8313,60.3792,32.0937,28.2855,63.8734,56.3441,47.5891,30.5643,13.0564,33.3091,74.2297,25.7703,85.6198,59.4421,64.8329,605,466,397,986,61.9736,28.7057,33.2679,11.360719,0.462947,537,465,477,638,337,-9.053787,-7.908728,0.836534,-1.299749,-1.407438,0.720388,False,False,False,1,1.566234,-1.299749,-1.407438,-0.976203,67.9063,-0.544643,1,1.31565,-0.985542,-1.027191,-0.905408,0.006353,-1.323741,0.008286,-0.657728,-1.323741,0.008286,82.335,80.144,100.124,0.36185,0.197324,False,4.222289,0.656811,False
2024,54567,강성우,R,7,4,4,0,0,0,0.0,0.0,0.0,False,85.7143,14.2857,57.1429,100.0,66.6667,33.3333,100.0,,50.0,100.0,,0.0,66.6667,33.3333,100.0,0.0,71.4286,4,2,0,1,20.0,0.0,20.0,-0.287471,-4.106726,4,0,2,1,0,,,,,,,,,,,,1.599676,2.446564,5.217936,33.3333,-6.422927,,,1.599676,2.446564,5.217936,-6.422927,7.628819,-8.377225,-0.374203,7.628819,-8.377225,89.95,214.432,-25.658,,,,,,
2024,54506,강승구,R,8,2,2,0,1,0,0.0,50.0,0.0,False,50.0,50.0,37.5,33.3333,60.0,-26.6667,,33.3333,75.0,,0.0,,75.0,25.0,100.0,66.6667,37.5,1,3,2,2,66.6667,50.0,16.6667,-1.55009,-19.37613,0,3,4,0,1,,,,,,,,,,,,,-8.800985,-5.204438,40.0,-5.28942,,,,-8.800985,-5.204438,-5.28942,-7.609085,-6.898827,-7.253956,-7.609085,-6.898827,-94.821,-14.136,-3.482,,,,,,
2024,63123,강승호,R,2139,564,564,29,158,7,5.1418,28.0142,1.2411,True,51.8467,48.1533,43.7588,72.8632,35.4946,37.3686,74.8503,70.5747,52.2353,33.9357,12.8571,40.9146,66.9071,33.0929,80.6452,44.9649,68.1627,682,427,254,776,53.2236,24.6602,28.5634,0.592407,0.027695,501,435,425,498,280,1.149654,2.808153,0.261073,0.165043,0.499739,0.224825,False,False,False,4,1.444967,0.165043,0.499739,0.97549,64.5054,-1.122882,4,1.816683,-0.584816,-0.247391,0.071155,-0.603819,0.104031,-0.787542,-0.341755,0.104031,-0.787542,90.821,101.56,88.187,-2.103495,-1.147078,False,8.076909,1.256429,False
2024,62925,강진성,R,103,31,31,3,5,0,9.6774,16.129,0.0,False,49.5146,50.4854,40.7767,64.2857,39.3443,24.9414,59.0909,70.0,54.5455,34.4828,20.0,24.6081,88.2353,11.7647,96.2963,79.1667,62.1359,27,24,15,37,57.8125,28.8462,28.9663,-0.35123,-0.341,22,20,22,29,10,,,,,,,,,,,,-2.115374,-1.38269,-0.365478,60.6557,-1.777428,1,2.670043,-1.801167,-1.002443,-0.294683,-1.226432,-0.430838,-1.599597,-1.015217,-0.430838,-1.599597,72.734,93.537,76.006,,,,,,
2024,65514,강태율,R,34,10,10,0,4,0,0.0,40.0,0.0,False,64.7059,35.2941,50.0,82.3529,47.0588,35.2941,90.9091,66.6667,83.3333,37.5,0.0,53.4091,63.6364,36.3636,85.7143,25.0,67.6471,14,8,3,9,39.1304,25.0,14.1304,-2.701325,-7.945074,11,6,6,8,3,,,,,,,,,,,,2.353032,1.119201,2.459067,52.9412,-3.089088,4,4.789755,1.603173,0.372071,1.554732,-2.570025,2.273076,-3.352004,-0.539464,2.273076,-3.352004,85.512,134.096,49.72,,,,,,
2024,64610,강한울,L,95,25,25,0,6,0,0.0,24.0,0.0,False,45.2632,54.7368,45.2632,62.7907,30.7692,32.0215,65.3846,58.8235,33.3333,40.0,0.0,25.3846,76.7442,23.2558,88.8889,56.25,66.3158,27,16,16,36,57.1429,30.7692,26.3737,-6.434513,-6.773172,26,17,18,25,9,,,,,,,,,,,,-1.393567,-0.855812,-0.5992,69.2308,-0.319444,2,1.727207,-1.0174,-0.528589,-0.132839,-0.693894,-0.194216,-0.905025,-0.54962,-0.194216,-0.905025,85.239,97.087,86.425,,,,,,
2024,50066,강현우,R,143,36,36,8,10,0,22.2222,27.7778,0.0,False,34.2657,65.7343,40.5594,51.7241,22.3529,29.3712,56.6667,46.4286,37.037,21.6216,4.7619,35.0451,73.4694,26.5306,86.6667,52.6316,67.1329,30,19,28,66,68.75,29.7872,38.9628,1.460595,1.021395,30,28,27,37,21,,,,,,,,,,,,-2.039806,-2.046981,-2.329303,77.6471,1.11154,2,2.305019,-1.663639,-1.719758,-1.862942,0.73709,-2.723692,0.961364,-0.881164,-2.723692,0.961364,76.334,59.145,114.42,,,,,,
2024,51868,고명준,R,1397,366,366,25,90,1,6.8306,24.5902,0.2732,True,50.0358,49.9642,45.9556,71.3396,31.9205,39.4191,75.0725,67.0034,48.6166,29.1793,12.7168,45.8932,72.9614,27.0386,80.5677,58.5062,69.5777,458,241,184,514,52.8807,26.361,26.5197,-0.024811,-0.001776,345,297,253,329,173,2.463057,3.141667,0.13982,0.353593,0.559091,0.120407,False,False,False,4,1.300516,0.353593,0.559091,0.737297,68.0795,-0.515194,3,1.674375,0.043498,0.25916,0.516376,-0.604284,0.754961,-0.788149,-0.016594,0.754961,-0.788149,99.554,111.324,88.178,-0.413397,-0.225434,False,3.114641,0.484508,False
2024,69517,고승민,L,2055,535,535,41,78,1,7.6636,14.5794,0.1869,True,42.871,57.129,45.0122,60.5405,28.4071,32.1334,66.2393,54.7046,42.1995,26.7223,10.7692,39.517,82.4064,17.5936,92.1429,65.4206,66.618,560,321,365,809,59.0942,31.0903,28.0039,18.356491,0.89326,468,457,391,479,260,-5.806463,-5.831858,1.152403,-0.833568,-1.037838,0.992401,False,False,False,2,1.460268,-0.833568,-1.037838,-0.950986,71.5929,0.082173,2,1.447721,-0.457401,-0.710615,-0.484625,-0.292277,-0.70854,-0.381208,-0.544874,-0.70854,-0.381208,85.366,89.372,94.282,-0.46087,-0.251322,False,-3.437735,-0.534768,False
2024,54344,고영우,R,1142,284,284,28,70,1,9.8592,24.6479,0.3521,True,47.0228,52.9772,42.9947,71.2831,28.725,42.5581,75.0943,66.8142,47.4359,25.8182,3.5211,49.2761,75.419,24.581,86.2857,55.0802,71.2785,350,187,141,464,57.0025,23.3058,33.6967,-2.322174,-0.203343,265,226,234,275,142,3.255954,4.74556,-0.124111,0.46742,0.84452,-0.106879,False,False,False,3,0.853469,0.46742,0.84452,0.728464,71.275,0.028122,3,0.949179,0.157325,0.544589,0.507543,-0.060968,0.742047,-0.079519,0.331264,0.742047,-0.079519,108.897,111.131,98.807,1.08202,0.590047,False,3.202747,0.498213,False
2024,61353,고종욱,L,127,36,36,4,6,0,11.1111,16.6667,0.0,False,54.3307,45.6693,37.0079,74.4681,42.5,31.9681,92.5926,50.0,60.0,35.2941,25.0,57.2985,63.7681,36.2319,80.0,47.0588,63.7795,35,34,12,46,56.7901,20.6897,36.1004,-1.335828,-1.051833,27,20,30,34,16,,,,,,,,,,,,2.667364,0.137567,1.226393,57.5,-2.313977,1,4.905652,2.981571,0.517814,1.297188,-1.762981,1.896537,-2.299402,-0.201433,1.896537,-2.299402,94.59,128.448,65.509,,,,,,
2024,68407,공민규,L,73,18,18,1,9,2,5.5556,50.0,11.1111,False,43.8356,56.1644,36.9863,59.2593,34.7826,24.4767,61.5385,57.1429,52.6316,35.2941,0.0,26.2444,59.375,40.625,68.75,50.0,63.0137,16,16,11,30,65.2174,26.8293,38.3881,-1.417775,-1.942158,13,14,19,17,10,,,,,,,,,,,,-1.79072,-1.855374,-1.151283,65.2174,-1.001824,2,2.665914,-1.414553,-1.528151,-0.684922,-1.376274,-1.001382,-1.795032,-1.398207,-1.001382,-1.795032,62.448,84.979,73.075,,,,,,
2024,69100,구본혁,R,1481,389,389,37,51,4,9.5116,13.1105,1.0283,True,45.7799,54.2201,45.3072,67.8092,27.5309,40.2783,74.7875,60.0629,46.3602,23.7467,7.0588,51.0408,83.0383,16.9617,90.7692,67.2646,70.3579,455,223,216,587,56.334,26.8991,29.4349,-10.047802,-0.678447,353,318,261,379,170,3.424393,1.892118,-0.631748,0.491601,0.336721,-0.544035,False,False,False,3,1.395138,0.491601,0.336721,0.18537,72.4691,0.231149,3,0.495232,0.181506,0.03679,-0.035551,0.142059,-0.051977,0.185283,0.066653,-0.051977,0.185283,101.79,99.22,102.779,0.161478,0.088057,False,-6.458136,-1.004615,False
2024,62404,구자욱,L,2159,565,565,52,71,12,9.2035,12.5664,2.1239,True,45.4377,54.5623,44.1871,66.3522,28.8797,37.4725,73.2673,58.5746,47.4576,25.6311,7.2202,47.6362,82.1611,17.8389,87.5197,72.4138,69.0134,633,348,321,857,57.5168,27.2496,30.2672,63.222313,2.928315,505,449,413,515,277,1.471878,-0.265723,3.037779,0.211301,-0.047288,2.616008,False,False,True,3,1.611224,0.211301,-0.047288,-0.042411,71.1203,0.001819,3,0.983229,-0.098794,-0.347219,-0.263332,-0.087271,-0.385002,-0.113825,-0.249414,-0.385002,-0.113825,93.301,94.225,98.293,0.500463,0.272913,False,-6.2153,-0.96684,False
2024,52769,권광민,L,203,51,51,3,17,0,5.8824,33.3333,0.0,False,43.8424,56.1576,44.335,62.2222,29.2035,33.0187,69.5652,54.5455,40.0,24.4898,15.7895,45.0754,62.9213,37.0787,71.4286,48.4848,66.9951,56,33,34,80,58.8235,29.8246,28.9989,2.987941,1.471892,46,44,45,49,19,,,,,,,,,,,,-0.282579,-0.812204,-0.688077,70.7965,-0.053236,1,2.058058,0.031628,-0.431957,-0.617282,0.49776,-0.90249,0.649213,-0.126638,-0.90249,0.649213,96.599,86.463,109.738,,,,,,
2024,51003,권동진,L,41,10,10,1,2,0,10.0,20.0,0.0,False,41.4634,58.5366,48.7805,60.0,23.8095,36.1905,80.0,40.0,9.0909,44.4444,0.0,35.5556,70.5882,29.4118,75.0,60.0,68.2927,12,5,8,16,57.1429,33.3333,23.8096,-0.320133,-0.780812,10,10,11,9,1,,,,,,,,,,,,0.558223,-0.708891,-1.035485,76.1905,0.863881,2,5.177019,0.93439,-0.381668,-0.569124,0.489431,-0.832081,0.63835,-0.096865,-0.832081,0.63835,97.398,87.519,109.575,,,,,,
2024,50203,권휘,R,5,1,1,0,1,0,0.0,100.0,0.0,False,60.0,40.0,20.0,100.0,50.0,50.0,100.0,,,100.0,0.0,0.0,0.0,100.0,0.0,0.0,60.0,1,2,0,2,66.6667,0.0,66.6667,-0.408058,-8.161151,1,0,0,2,2,,,,,,,,,,,,1.599676,3.987711,5.217936,50.0,-3.589167,,,1.599676,3.987711,5.217936,-3.589167,7.628819,-4.68124,1.47379,7.628819,-4.68124,139.582,214.432,29.781,,,,,,
2024,63963,권희동,R,2316,511,510,77,63,10,15.098,12.3529,1.9608,True,35.2763,64.7237,46.0276,54.5028,18.88,35.6228,58.7719,49.5968,38.149,10.9228,3.2609,47.8491,89.3513,10.6487,92.0826,82.6271,68.8687,581,236,485,1014,63.5737,32.3549,31.2188,30.759474,1.328129,570,496,443,531,276,-9.649174,-6.919246,1.433668,-1.385222,-1.231349,1.234615,False,False,False,2,1.635304,-1.385222,-1.231349,-1.894893,81.12,1.702021,2,1.253,-1.009055,-0.904126,-1.428532,1.327571,-2.088568,1.73151,-0.178529,-2.088568,1.73151,95.205,68.671,125.973,2.402254,1.309998,False,-2.402899,-0.37379,False
2024,71837,김강민,R,308,83,83,6,21,3,7.2289,25.3012,3.6145,True,45.7792,54.2208,43.5065,66.4179,29.8851,36.5328,70.2703,61.6667,50.9091,26.506,5.5556,43.7643,71.6312,28.3688,84.2697,50.0,68.5065,89,52,45,122,57.8199,26.9461,30.8738,-3.995931,-1.29738,74,60,55,83,36,-1.72584,-0.722432,-1.116537,-0.247759,-0.128564,-0.961515,False,False,False,3,1.361775,-0.247759,-0.128564,-0.03214,70.1149,-0.169125,3,1.295062,-0.557854,-0.428495,-0.253061,-0.258215,-0.369985,-0.336782,-0.353384,-0.369985,-0.336782,90.509,94.45,94.948,-0.991637,-0.54076,False,6.484053,1.008647,False
2024,51005,김건형,L,103,25,25,1,8,0,4.0,32.0,0.0,False,50.4854,49.5146,43.6893,71.1111,34.4828,36.6283,63.6364,78.2609,58.3333,21.4286,0.0,42.2078,73.0769,26.9231,75.0,70.0,67.9612,32,20,13,38,54.2857,25.4902,28.7955,0.204592,0.198633,22,23,24,28,6,,,,,,,,,,,,-1.032889,0.281495,0.701574,65.5172,-0.95085,3,3.584984,-1.342984,-0.018436,0.480653,-1.03994,0.702732,-1.356362,-0.326815,0.702732,-1.356362,91.223,110.541,79.655,,,,,,
2024,53312,김건희,R,1061,276,276,18,78,0,6.5217,28.2609,0.0,True,55.5137,44.4863,43.3553,75.4348,40.2662,35.1686,79.1165,71.09,55.4404,42.5926,14.4928,36.5239,64.8557,35.1443,73.487,52.4793,66.541,347,242,113,359,50.8499,23.9407,26.9092,-17.110291,-1.612657,249,211,193,270,138,3.429805,2.900414,-1.298336,0.492378,0.516158,-1.118072,False,False,False,4,1.562212,0.492378,0.516158,1.377522,59.7338,-1.934174,4,1.635756,-0.257481,-0.230972,0.473187,-1.415111,0.691817,-1.845686,-0.576934,0.691817,-1.845686,84.505,110.377,72.315,1.565865,0.853898,False,6.934536,1.078723,False
2024,66614,김규성,L,63,15,15,2,4,0,13.3333,26.6667,0.0,False,49.2063,50.7937,41.2698,69.2308,35.1351,34.0957,90.0,56.25,62.5,29.4118,25.0,60.5882,64.5161,35.4839,83.3333,38.4615,66.6667,18,13,8,24,57.1429,25.0,32.1429,-0.03419,-0.054271,10,16,8,17,12,,,,,,,,,,,,2.488907,-0.11344,0.407617,64.8649,-1.061758,4,4.51991,1.739048,-0.86057,-0.496718,-0.542695,-0.726221,-0.70782,-0.717021,-0.726221,-0.70782,80.743,89.107,89.383,,,,,,
2024,66112,김기연,R,1060,283,283,22,47,2,7.7739,16.6078,0.7067,True,47.8302,52.1698,44.434,70.0637,30.0509,40.0128,74.7036,64.6789,44.0191,29.7521,9.4203,44.9515,77.1203,22.8797,86.6667,59.322,70.0,330,177,141,412,55.5256,25.4973,30.0283,-10.649188,-1.00464,253,218,209,242,138,1.962747,2.837218,-0.845683,0.281769,0.504911,-0.728267,False,False,False,3,1.051429,0.281769,0.504911,0.537829,69.9491,-0.197315,3,0.946483,-0.028326,0.20498,0.316908,-0.286405,0.463331,-0.373549,0.044891,0.463331,-0.373549,101.206,106.95,94.397,-0.367158,-0.200219,False,-4.178658,-0.650024,False
2024,54164,김대원,R,7,4,4,0,1,0,0.0,25.0,0.0,False,85.7143,14.2857,42.8571,100.0,75.0,25.0,100.0,100.0,50.0,100.0,,0.0,50.0,50.0,100.0,0.0,57.1429,3,3,0,1,25.0,0.0,25.0,0.24973,3.567569,2,1,2,2,0,,,,,,,,,,,,1.599676,1.675995,5.217936,25.0,-7.839799,,,1.599676,1.675995,5.217936,-7.839799,7.628819,-10.225208,-1.298195,7.628819,-10.225208,65.134,214.432,-53.378,,,,,,
2024,69238,김대한,R,343,89,89,8,26,2,8.9888,29.2135,2.2472,True,45.1895,54.8105,44.3149,68.4211,26.7016,41.7195,79.7619,54.4118,48.3871,21.2766,2.8571,58.4853,69.6774,30.3226,78.8462,50.9804,71.137,104,51,48,140,57.377,25.5319,31.8451,-9.629647,-2.807477,84,68,62,94,35,8.965479,2.934925,-2.898019,1.287072,0.522299,-2.495652,False,False,True,3,2.043149,1.287072,0.522299,0.281032,73.2984,0.372151,3,1.589128,0.976977,0.222368,0.060111,0.283061,0.087884,0.369188,0.228536,0.087884,0.369188,106.138,101.318,105.538,-0.759294,-0.414058,False,9.314335,1.44892,False
2024,52605,김도영,R,2382,620,620,61,110,7,9.8387,17.7419,1.129,True,43.3669,56.6331,44.7523,68.9493,22.6444,46.3049,75.5282,61.4458,40.3153,19.115,3.5831,56.4132,77.2507,22.7493,85.8503,56.0403,73.5936,735,298,331,1018,58.0719,24.5367,33.5352,44.279106,1.858905,568,498,444,565,307,5.227689,5.57126,1.806563,0.75048,0.991462,1.555736,False,False,True,3,1.107212,0.75048,0.991462,0.363608,77.3556,1.061977,3,1.190363,0.440385,0.691531,0.142687,0.972887,0.208613,1.268906,0.73876,0.208613,1.268906,119.841,103.129,119.034,-1.856128,-1.012184,False,-2.442579,-0.379963,False
2024,69442,김도환,R,13,3,3,0,1,0,0.0,33.3333,0.0,False,46.1538,53.8462,23.0769,100.0,30.0,70.0,100.0,100.0,42.8571,0.0,0.0,100.0,50.0,50.0,66.6667,33.3333,76.9231,3,3,0,7,70.0,0.0,70.0,-0.154204,-1.186188,2,1,7,2,1,,,,,,,,,,,,4.893168,5.837084,5.217936,70.0,-0.188661,4,7.517069,4.143309,5.089954,4.313601,0.330402,6.306647,0.430933,3.36879,6.306647,0.430933,190.476,194.6,106.464,,,,,,
2024,66838,김동엽,R,76,20,20,0,5,1,0.0,25.0,5.0,False,51.3158,48.6842,51.3158,66.6667,35.1351,31.5316,50.0,84.2105,36.3636,38.4615,30.7692,11.5385,71.7949,28.2051,80.7692,53.8462,65.7895,26,13,13,24,48.0,35.1351,12.8649,-1.139075,-1.498782,20,19,11,13,13,,,,,,,,,,,,-3.551489,-0.569748,0.006757,64.8649,-1.061758,1,6.438762,-3.237282,-0.189501,0.077552,-0.510762,0.113383,-0.666171,-0.276394,0.113383,-0.666171,92.577,101.701,90.007,,,,,,
2024,51403,김동진,L,128,42,42,3,10,0,7.1429,23.8095,0.0,False,39.8438,60.1562,52.3438,55.2239,22.9508,32.2731,60.5263,48.2759,22.7273,28.0,14.2857,32.5263,70.5882,29.4118,83.7838,35.7143,65.625,37,14,30,47,55.9524,38.961,16.9914,-7.015091,-5.48054,38,29,22,25,14,,,,,,,,,,,,-1.695799,-1.479444,-1.78216,77.0492,1.009882,2,3.636904,-1.319632,-1.152221,-1.315799,0.635432,-1.923748,0.828774,-0.547487,-1.923748,0.828774,85.296,71.144,112.432,,,,,,
2024,53344,김동헌,R,20,7,7,1,0,1,14.2857,0.0,14.2857,False,35.0,65.0,50.0,50.0,20.0,30.0,66.6667,25.0,33.3333,20.0,0.0,46.6667,100.0,0.0,100.0,100.0,65.0,5,2,5,8,61.5385,38.4615,23.077,-0.031584,-0.15792,6,4,3,5,2,,,,,,,,,,,,-0.550812,-2.136233,-2.598841,80.0,1.511592,2,4.822522,-0.174645,-1.80901,-2.13248,1.137142,-3.117767,1.483139,-0.817314,-3.117767,1.483139,78.049,53.233,122.247,,,,,,
2024,52504,김동혁,L,69,17,17,2,5,0,11.7647,29.4118,0.0,False,44.9275,55.0725,47.8261,60.6061,30.5556,30.0505,76.9231,50.0,64.2857,13.3333,0.0,63.5898,64.5161,35.4839,65.0,63.6364,65.2174,20,11,13,25,55.5556,34.2105,21.3451,0.72319,1.048102,13,20,14,15,7,,,,,,,,,,,,1.141149,-1.224833,-0.94073,69.4444,-0.283127,3,3.894874,0.831054,-1.524764,-1.161651,-0.372217,-1.698378,-0.485471,-1.091924,-1.698378,-0.485471,70.674,74.524,92.718,,,,,,
2024,54614,김두현,R,19,6,6,0,0,1,0.0,0.0,16.6667,False,47.3684,52.6316,47.3684,66.6667,30.0,36.6667,75.0,60.0,40.0,25.0,0.0,50.0,88.8889,11.1111,83.3333,100.0,68.4211,6,3,3,7,53.8462,30.0,23.8462,-0.043649,-0.229733,4,5,5,4,1,,,,,,,,,,,,0.48083,-0.094912,0.006757,70.0,-0.188661,2,1.920556,0.856997,0.232311,0.473118,-0.563111,0.691716,-0.734448,-0.021366,0.691716,-0.734448,99.426,110.376,88.983,,,,,,
2024,53554,김민석,L,287,84,84,2,20,4,2.381,23.8095,4.7619,False,50.5226,49.4774,48.4321,62.5899,39.1892,23.4007,64.7887,60.2941,59.6154,39.6226,13.9535,25.1661,76.5517,23.4483,85.0575,63.7931,61.6725,87,58,52,90,50.8475,36.6197,14.2278,-5.454076,-1.900375,71,68,52,53,43,,,,,,,,,,,,-1.466684,-1.670133,-0.630592,60.8108,-1.751057,1,1.724958,-1.152477,-1.289886,-0.559797,-1.200061,-0.818445,-1.565203,-1.191824,-0.818445,-1.565203,67.991,87.723,76.522,,,,,,
2024,77564,김민성,R,353,84,84,10,18,3,11.9048,21.4286,3.5714,True,43.6261,56.3739,44.4759,63.0573,28.0612,34.9961,63.4146,62.6667,41.6667,27.8481,6.6667,35.5665,76.6234,23.3766,89.899,52.7273,67.9887,99,55,58,141,58.75,29.1457,29.6043,-0.637725,-0.180659,82,75,72,79,45,-8.889442,-3.135328,0.151312,-1.276156,-0.557963,0.130304,False,False,False,2,2.109687,-1.276156,-0.557963,-0.557521,71.9388,0.140984,2,1.312407,-0.899989,-0.23074,-0.09116,-0.233466,-0.13328,-0.304503,-0.218892,-0.13328,-0.304503,94.121,98.001,95.432,3.614448,1.971032,True,2.052011,0.319207,False
2024,64793,김민수,R,25,8,8,0,1,0,0.0,12.5,0.0,False,60.0,40.0,48.0,91.6667,30.7692,60.8975,100.0,87.5,42.8571,25.0,0.0,75.0,80.0,20.0,90.9091,50.0,80.0,11,4,1,9,45.0,10.0,35.0,0.925149,3.700596,4,8,7,4,2,,,,,,,,,,,,4.069795,4.282962,3.915145,69.2308,-0.319444,4,5.410492,3.319936,3.535832,3.01081,0.199619,4.401917,0.260357,2.331137,4.401917,0.260357,162.608,166.029,103.905,,,,,,
2024,62864,김민식,L,526,127,127,16,33,0,12.5984,25.9843,0.0,True,39.924,60.076,44.8669,58.8983,24.4828,34.4155,63.964,54.4,39.1304,22.5225,1.5625,41.4415,78.0952,21.9048,89.2086,56.338,68.0608,139,71,97,219,61.1732,30.6962,30.477,-6.314656,-1.200505,111,125,115,111,64,-7.118253,-5.434979,-0.976841,-1.021886,-0.967209,-0.841214,False,False,False,2,1.606848,-1.021886,-0.967209,-1.20772,75.5172,0.749403,2,0.905021,-0.645719,-0.639986,-0.741359,0.374953,-1.083895,0.48904,-0.297428,-1.083895,0.48904,92.012,83.742,107.336,2.590953,1.412899,False,8.854143,1.377334,False
2024,64004,김민혁,L,1429,393,393,34,45,1,8.6514,11.4504,0.2545,True,45.9762,54.0238,47.4458,66.0767,27.8296,38.2471,69.7861,61.5132,46.4945,22.291,7.0064,47.4951,88.1279,11.8721,94.1964,75.1196,69.2792,448,209,230,542,54.7475,29.7927,24.9548,5.005568,0.350285,374,304,271,323,157,-1.243043,0.004413,0.46235,-0.17845,0.000785,0.398156,False,False,False,2,1.608032,-0.17845,0.000785,-0.085481,72.1704,0.180362,3,1.022577,-0.488545,-0.299146,-0.306402,0.091272,-0.447972,0.119043,-0.164464,-0.447972,0.119043,95.583,93.28,101.786,-0.555486,-0.302918,False,-7.18242,-1.117284,False
2024,65269,김민혁,R,42,8,8,3,3,0,37.5,37.5,0.0,False,35.7143,64.2857,38.0952,56.25,23.0769,33.1731,71.4286,44.4444,50.0,30.0,0.0,41.4286,73.3333,26.6667,77.7778,66.6667,69.0476,9,6,7,20,68.9655,25.9259,43.0396,0.409913,0.975983,7,9,6,10,10,,,,,,,,,,,,-0.19655,-1.308499,-1.621744,76.9231,0.988441,2,2.52495,0.179617,-0.981276,-1.155383,0.613991,-1.689214,0.800809,-0.444203,-1.689214,0.800809,88.07,74.662,112.012,,,,,,
2024,53144,김범석,R,703,181,180,13,49,2,7.2222,27.2222,1.1111,True,49.6444,50.3556,44.0967,70.0,33.5878,36.4122,79.6178,60.1307,53.3333,29.9401,10.989,49.6777,65.616,34.384,78.8018,43.9394,67.9943,217,132,93,261,54.6025,26.2712,28.3313,-6.514089,-0.926613,157,153,135,167,91,6.833816,0.935733,-0.854785,0.981053,0.166523,-0.736105,False,False,False,4,1.150828,0.981053,0.166523,0.52787,66.4122,-0.798678,3,1.581072,0.670958,-0.133408,0.306949,-0.887768,0.448771,-1.157888,-0.354558,0.448771,-1.157888,90.478,106.732,82.632,0.778187,0.424361,False,6.470087,1.006475,False
2024,69980,김범준,R,15,5,5,0,2,0,0.0,40.0,0.0,False,53.3333,46.6667,46.6667,57.1429,50.0,7.1429,66.6667,50.0,66.6667,25.0,100.0,41.6667,50.0,50.0,50.0,50.0,53.3333,4,4,3,4,50.0,42.8571,7.1429,-2.393437,-15.956249,3,4,3,4,1,,,,,,,,,,,,-0.715487,-3.639141,-1.482152,50.0,-3.589167,1,20.746204,-0.40128,-3.258894,-1.411357,-3.038171,-2.063458,-3.962593,-3.013025,-2.063458,-3.962593,19.079,69.048,40.561,,,,,,
2024,52002,김병준,L,58,17,17,2,2,0,11.7647,11.7647,0.0,False,41.3793,58.6207,43.1034,64.0,24.2424,39.7576,70.5882,50.0,44.4444,25.0,0.0,45.5882,83.3333,16.6667,87.5,75.0,70.6897,16,8,9,25,60.9756,26.4706,34.505,-0.326243,-0.562489,17,8,9,16,8,,,,,,,,,,,,-0.152522,-0.037081,-0.410143,75.7576,0.790277,2,1.727846,0.223645,0.290142,0.056218,0.415827,0.082192,0.54235,0.312271,0.082192,0.54235,108.387,101.233,108.135,,,,,,
2024,50304,김병휘,R,276,71,71,6,26,5,8.4507,36.6197,7.0423,False,39.1304,60.8696,47.1014,52.3077,27.3973,24.9104,51.3514,53.5714,42.3077,20.2899,16.0,31.0615,63.8889,36.1111,85.2941,27.5,63.0435,68,40,62,106,60.9195,36.9048,24.0147,-3.870911,-1.402504,74,56,52,69,25,,,,,,,,,,,,-2.759003,-2.409573,-2.238065,72.6027,0.253864,1,3.287252,-2.444796,-2.029326,-2.16727,0.80486,-3.168631,1.049754,-1.059438,-3.168631,1.049754,71.547,52.471,115.746,,,,,,
2024,79402,김상수,R,1636,421,421,37,58,6,8.7886,13.7767,1.4252,True,39.8533,60.1467,47.3716,56.7742,24.6225,32.1517,59.62,53.3898,43.865,17.033,4.0936,42.587,85.1227,14.8773,91.3636,72.1698,66.5648,440,212,335,649,59.596,34.0447,25.5513,3.056322,0.186817,421,354,326,364,171,-10.202863,-7.631668,0.389364,-1.464709,-1.358132,0.335304,False,False,False,2,0.950668,-1.464709,-1.358132,-1.539793,75.3775,0.72565,2,1.17855,-1.088542,-1.030909,-1.073432,0.3512,-1.569399,0.458059,-0.55567,-1.569399,0.458059,85.076,76.459,106.871,-1.151773,-0.628085,False,-2.206058,-0.34317,False
2024,78603,김선빈,R,1769,467,467,30,39,5,6.424,8.3512,1.0707,True,43.8666,56.1334,44.8276,63.1778,28.1762,35.0016,67.2854,58.2873,41.0256,29.5455,6.1135,37.7399,94.4588,5.5412,97.2056,89.4545,67.948,501,275,292,701,58.3195,29.4058,28.9137,14.736465,0.833039,431,362,351,396,229,-5.408056,-3.074582,1.124943,-0.776373,-0.547153,0.968754,False,False,False,2,2.133604,-0.776373,-0.547153,-0.538682,71.8238,0.121431,2,0.57475,-0.400206,-0.21993,-0.072321,-0.253019,-0.105736,-0.330005,-0.21787,-0.105736,-0.330005,94.149,98.414,95.05,-1.81125,-0.987711,False,-11.090455,-1.72521,True
2024,52105,김성우,R,22,5,5,0,4,0,0.0,80.0,0.0,False,59.0909,40.9091,36.3636,75.0,50.0,25.0,100.0,66.6667,71.4286,100.0,0.0,0.0,53.8462,46.1538,83.3333,28.5714,59.0909,6,7,2,7,53.8462,22.2222,31.624,-1.969128,-8.950583,2,6,7,2,5,,,,,,,,,,,,1.599676,-0.46129,1.309548,50.0,-3.589167,4,3.972683,0.849817,-1.20842,0.405213,-3.070104,0.592436,-4.004242,-1.705903,0.592436,-4.004242,54.184,108.887,39.936,,,,,,
2024,62934,김성욱,R,1651,412,410,30,78,15,7.3171,19.0244,3.6585,True,46.5173,53.4827,46.6384,68.7013,27.1283,41.573,74.4526,62.117,45.9375,21.5539,3.7037,52.8987,80.7292,19.2708,86.7675,67.364,70.9267,529,239,241,642,54.8249,27.2933,27.5316,-8.762441,-0.530735,411,359,320,399,162,3.592561,2.99341,-0.518286,0.515743,0.532707,-0.446326,False,False,False,3,1.01209,0.515743,0.532707,0.324837,72.8717,0.299601,3,0.632735,0.205648,0.232776,0.103916,0.210511,0.151929,0.274563,0.213246,0.151929,0.274563,105.727,102.279,104.118,-2.226166,-1.213973,False,-1.026166,-0.159628,False
2024,67449,김성윤,L,297,89,89,9,15,1,10.1124,16.8539,1.1236,False,52.862,47.138,42.4242,79.3651,33.3333,46.0318,82.8571,75.0,57.6271,26.7606,9.7561,56.0965,73.8854,26.1146,83.0,57.8947,72.0539,100,57,26,114,53.271,18.5714,34.6996,-3.218169,-1.083559,70,56,59,71,41,,,,,,,,,,,,1.550799,1.85667,1.991968,66.6667,-0.755406,4,0.656342,0.80094,1.10954,1.087633,-0.236343,1.59016,-0.308255,0.640953,1.59016,-0.308255,117.214,123.852,95.376,,,,,,
2024,69105,김성진,R,63,16,16,1,4,0,6.25,25.0,0.0,False,58.7302,41.2698,42.8571,77.7778,44.4444,33.3334,93.75,54.5455,58.8235,36.3636,25.0,57.3864,75.6757,24.3243,80.9524,68.75,65.0794,21,16,6,20,48.7805,23.0769,25.7036,-1.864303,-2.959212,16,11,17,11,8,,,,,,,,,,,,2.798295,0.546766,1.743816,55.5556,-2.644574,4,4.468255,2.048436,-0.200364,0.839481,-2.125511,1.227352,-2.772238,-0.772443,1.227352,-2.772238,79.254,118.41,58.416,,,,,,
2024,76802,김성현,R,685,167,167,16,28,4,9.5808,16.7665,2.3952,True,42.3358,57.6642,45.2555,63.5484,24.8,38.7484,64.1975,62.8378,45.2555,18.9024,0.0,45.2951,86.2069,13.7931,92.3858,73.1183,69.927,197,93,113,282,58.8727,28.6076,30.2651,-4.539371,-0.662682,162,148,137,164,74,-6.054237,-0.949697,-0.51006,-0.869138,-0.169008,-0.439242,False,False,False,2,1.798316,-0.869138,-0.169008,-0.480744,75.2,0.695471,2,1.845535,-0.492971,0.158215,-0.014383,0.321021,-0.021029,0.418698,0.198834,-0.021029,0.418698,105.34,99.685,106.28,-0.274324,-0.149594,False,-2.875395,-0.447291,False
2024,54905,김세훈,R,22,5,5,1,2,0,20.0,40.0,0.0,False,59.0909,40.9091,40.9091,66.6667,53.8462,12.8205,50.0,80.0,100.0,20.0,0.0,30.0,61.5385,38.4615,83.3333,42.8571,54.5455,6,7,3,6,50.0,33.3333,16.6667,-1.171671,-5.325776,4,5,6,5,2,,,,,,,,,,,,-2.943461,-2.299938,0.006757,46.1538,-4.243118,1,8.406977,-2.629254,-1.919691,0.077552,-3.692122,0.113383,-4.815521,-2.351069,0.113383,-4.815521,36.857,101.701,27.767,,,,,,
2024,67900,김수윤,R,36,10,10,1,4,0,10.0,40.0,0.0,False,44.4444,55.5556,52.7778,63.1579,23.5294,39.6285,54.5455,75.0,40.0,11.1111,33.3333,43.4344,75.0,25.0,91.6667,25.0,69.4444,12,4,7,13,52.0,35.0,17.0,-0.593141,-1.647613,11,8,5,9,3,,,,,,,,,,,,-1.99816,-0.121011,-0.541793,76.4706,0.911505,1,5.629706,-1.683953,0.259236,-0.470998,1.462501,-0.688617,1.907495,0.609439,-0.688617,1.907495,116.368,89.671,128.612,,,,,,
2024,50115,김수인,R,15,3,3,0,2,0,0.0,66.6667,0.0,False,40.0,60.0,46.6667,42.8571,37.5,5.3571,40.0,50.0,100.0,40.0,0.0,0.0,33.3333,66.6667,66.6667,0.0,53.3333,3,3,4,5,62.5,44.4444,18.0556,-1.271394,-8.475959,5,2,1,5,2,,,,,,,,,,,,-5.037745,-5.025585,-3.71553,62.5,-1.46385,1,9.811255,-4.723538,-4.645338,-3.644735,-0.912854,-5.32874,-1.190607,-3.259673,-5.32874,-1.190607,12.454,20.069,82.141,,,,,,
2024,68346,김수환,R,17,3,3,0,1,0,0.0,33.3333,0.0,False,41.1765,58.8235,41.1765,57.1429,30.0,27.1429,100.0,0.0,50.0,33.3333,0.0,66.6667,71.4286,28.5714,75.0,66.6667,64.7059,4,3,3,7,63.6364,30.0,33.6364,-0.340221,-2.001303,4,3,2,6,2,,,,,,,,,,,,3.795339,-1.789768,-1.482152,70.0,-0.188661,2,9.403866,4.171506,-1.462545,-1.015791,-0.563111,-1.485125,-0.734448,-1.109787,-1.485125,-0.734448,70.194,77.723,88.983,,,,,,
2024,51303,김시앙,R,17,7,7,0,1,0,0.0,14.2857,0.0,False,47.0588,52.9412,41.1765,57.1429,40.0,17.1429,100.0,25.0,100.0,16.6667,0.0,83.3333,87.5,12.5,100.0,75.0,58.8235,4,4,3,6,60.0,33.3333,26.6667,-1.661016,-9.770683,3,4,3,6,1,,,,,,,,,,,,4.344252,-2.714454,-1.482152,60.0,-1.888914,1,10.595804,4.658459,-2.334207,-1.411357,-1.337918,-2.063458,-1.745005,-1.904231,-2.063458,-1.745005,48.858,69.048,73.825,,,,,,
2024,52430,김영웅,L,1955,511,511,45,152,3,8.8063,29.7456,0.5871,True,50.9463,49.0537,44.5013,71.7241,34.2857,37.4384,75.6579,67.3913,50.137,34.7921,11.4068,40.8658,66.4659,33.5341,75.3205,51.6129,68.3887,624,372,246,713,53.3283,25.6517,27.6766,2.881178,0.147375,456,414,365,457,263,1.76078,2.297202,0.381652,0.252775,0.40881,0.328663,False,False,False,4,0.882035,0.252775,0.40881,0.797408,65.7143,-0.917338,3,1.5219,-0.05732,0.108879,0.576487,-1.006428,0.842845,-1.312653,-0.234904,0.842845,-1.312653,93.691,112.643,80.31,2.697225,1.470851,False,8.062239,1.254147,False
2024,65898,김웅빈,L,174,38,38,4,15,1,10.5263,39.4737,2.6316,False,41.3793,58.6207,43.1034,66.6667,22.2222,44.4445,77.5,54.2857,25.0,30.2326,4.1667,47.2674,69.4444,30.5556,78.0,50.0,72.9885,50,22,25,77,60.6299,24.5098,36.1201,-6.655588,-3.825051,40,35,32,43,24,,,,,,,,,,,,0.667391,0.62429,0.006757,77.7778,1.133762,2,2.861973,1.043558,0.951513,0.473118,0.759312,0.691716,0.990347,0.841031,0.691716,0.990347,122.588,110.376,114.855,,,,,,
2024,63257,김인태,L,88,26,26,2,7,0,7.6923,26.9231,0.0,False,42.0455,57.9545,52.2727,47.8261,35.7143,12.1118,60.8696,34.7826,53.8462,35.0,11.1111,25.8696,78.3784,21.6216,95.4545,53.3333,55.6818,22,15,24,27,55.102,47.0588,8.0432,-4.799241,-5.453683,23,23,13,20,9,,,,,,,,,,,,-1.87706,-3.97618,-2.938699,64.2857,-1.160236,2,5.167335,-1.500893,-3.648957,-2.472338,-1.534686,-3.614652,-2.001644,-2.808148,-3.614652,-2.001644,24.581,45.78,69.975,,,,,,
2024,66715,김인환,L,531,143,143,10,32,2,6.993,22.3776,1.3986,True,46.1394,53.8606,47.081,71.2,23.8434,47.3566,73.8095,68.5484,47.191,16.2791,6.3492,57.5304,71.0204,28.9796,79.2135,49.2537,73.823,178,67,72,214,54.5918,25.1748,29.417,-7.433814,-1.399965,126,124,89,129,63,4.159595,7.198955,-1.472903,0.597146,1.281126,-1.268402,False,False,False,4,1.28166,0.597146,1.281126,0.715473,76.1566,0.858117,3,1.10809,0.287051,0.981195,0.494552,0.769027,0.723053,1.003018,0.863035,0.723053,1.003018,123.179,110.846,115.045,-4.126434,-2.250228,True,0.977347,0.152034,False
2024,53400,김재상,L,328,91,91,5,23,0,5.4945,25.2747,0.0,True,56.0976,43.9024,46.3415,74.3421,40.3409,34.0012,81.3187,63.9344,48.4375,40.7895,25.0,40.5292,72.2826,27.7174,84.9558,52.1127,66.4634,113,71,39,105,48.1651,27.0833,21.0818,-3.245898,-0.989603,91,61,64,76,36,6.045669,1.7689,-0.74912,0.867908,0.314794,-0.645111,False,False,False,1,3.611482,0.867908,0.314794,1.206694,59.6591,-1.946875,1,3.440659,1.182115,0.695041,1.277489,-1.395879,1.867737,-1.820602,0.023567,1.867737,-1.820602,100.633,128.016,72.691,0.484429,0.264169,False,1.169402,0.18191,False
2024,65132,김재성,L,92,23,23,3,5,0,13.0435,21.7391,0.0,False,39.1304,60.8696,50.0,63.0435,15.2174,47.8261,67.8571,55.5556,31.5789,6.25,0.0,61.6071,75.0,25.0,86.2069,28.5714,73.913,29,7,17,39,57.3529,30.3571,26.9958,-1.714128,-1.863183,28,18,19,16,11,,,,,,,,,,,,0.072935,0.62723,-0.559678,84.7826,2.324755,2,2.25531,0.449102,0.954453,-0.093317,1.950305,-0.136433,2.543723,1.203645,-0.136433,2.543723,132.326,97.954,138.156,,,,,,
2024,52424,김재혁,R,221,55,55,3,18,0,5.4545,32.7273,0.0,False,48.4163,51.5837,43.4389,62.5,37.6,24.9,65.2174,60.0,54.0,30.4348,20.6897,34.7826,68.2243,31.7757,78.3333,55.3191,62.4434,60,47,36,78,56.5217,31.5789,24.9428,-7.911459,-3.579845,46,50,50,46,29,,,,,,,,,,,,-1.102541,-1.53918,-0.644647,62.4,-1.480853,1,2.104578,-0.788334,-1.158933,-0.573852,-0.929857,-0.838994,-1.212784,-1.025889,-0.838994,-1.212784,72.448,87.415,81.808,,,,,,
2024,62332,김재현,R,1116,326,325,14,60,10,4.3077,18.4615,3.0769,True,48.8351,51.1649,45.0717,63.6183,36.7047,26.9136,65.3571,61.435,53.7778,35.743,10.7914,29.6141,79.2661,20.7339,87.1875,68.0,63.4409,320,225,183,388,54.8023,32.049,22.7533,-26.058475,-2.334989,280,223,225,249,139,-8.758173,-7.065519,-1.893284,-1.257311,-1.25738,-1.630417,False,False,True,1,0.872663,-1.257311,-1.25738,-0.469817,63.2953,-1.328629,1,0.983677,-0.943104,-0.877133,-0.399022,-0.777633,-0.583386,-1.014243,-0.798814,-0.583386,-1.014243,78.546,91.249,84.786,-2.447017,-1.334408,False,0.148654,0.023124,False
2024,74206,김재호,R,625,154,154,19,23,1,12.3377,14.9351,0.6494,True,42.08,57.92,49.12,63.8436,21.0692,42.7744,68.9441,58.2192,41.0,17.0068,1.4085,51.9373,85.9316,14.0684,91.3265,70.1493,71.52,196,67,111,251,56.1521,30.663,25.4891,-2.302431,-0.368389,161,146,100,147,71,-0.872753,1.284039,-0.338217,-0.125291,0.228508,-0.291258,False,False,False,2,1.133083,-0.125291,0.228508,-0.434594,78.9308,1.329801,2,1.445523,0.250876,0.555731,0.031767,0.955351,0.046444,1.246035,0.646239,0.046444,1.246035,117.356,100.697,118.691,0.692348,0.377551,False,-4.86623,-0.756982,False
2024,78224,김재환,L,2230,552,552,60,167,6,10.8696,30.2536,1.087,True,45.6951,54.3049,45.2915,70.8911,24.8361,46.055,78.2609,61.1494,43.4272,20.4589,4.059,57.802,66.5358,33.4642,77.3743,40.9241,73.2287,716,303,294,917,56.1543,24.2775,31.8768,18.969632,0.850656,575,435,426,523,271,7.652074,6.374245,0.772711,1.098521,1.134361,0.665426,False,False,False,4,2.192494,1.098521,1.134361,0.667181,75.1639,0.689333,3,1.022634,0.788426,0.83443,0.44626,0.600243,0.652448,0.782878,0.717663,0.652448,0.782878,119.274,109.787,111.743,0.226464,0.123495,False,9.020187,1.403163,False
2024,67504,김정율,R,66,22,22,1,4,1,4.5455,18.1818,4.5455,False,57.5758,42.4242,51.5152,70.5882,43.75,26.8382,73.3333,68.4211,77.7778,38.8889,0.0,34.4444,65.7895,34.2105,79.1667,42.8571,63.6364,24,14,10,18,42.8571,35.7143,7.1428,-2.360463,-3.576458,15,19,9,18,5,,,,,,,,,,,,-0.215869,-0.668486,0.619827,56.25,-2.526509,1,4.886648,0.098338,-0.288239,0.690622,-1.975513,1.009715,-2.576601,-0.783443,1.009715,-2.576601,78.959,115.146,61.351,,,,,,
2024,66162,김주성,R,34,9,9,3,0,0,33.3333,0.0,0.0,False,44.1176,55.8824,38.2353,92.3077,14.2857,78.022,90.0,100.0,25.0,16.6667,0.0,73.3333,66.6667,33.3333,83.3333,0.0,88.2353,12,3,1,18,60.0,5.2632,54.7368,-0.260848,-0.767199,10,3,8,6,7,,,,,,,,,,,,2.908666,5.921242,4.015356,85.7143,2.483168,4,7.962227,2.158807,5.174112,3.111021,3.002231,4.54843,3.915717,4.232074,4.54843,3.915717,213.661,168.226,158.736,,,,,,
2024,51907,김주원,L,1938,477,477,51,111,25,10.6918,23.2704,5.2411,True,47.4716,52.5284,45.356,71.3311,27.6676,43.6635,73.6721,69.0583,47.2,22.1698,8.4615,51.5023,74.6739,25.3261,83.8915,54.9488,71.8782,627,293,252,766,54.9892,24.7544,30.2348,0.109007,0.005625,433,446,375,424,260,2.670763,5.342988,0.043816,0.383411,0.950838,0.037732,False,False,False,3,1.132582,0.383411,0.950838,0.735968,72.3324,0.207906,3,1.153069,0.073316,0.650907,0.515047,0.118816,0.753018,0.154968,0.453993,0.753018,0.154968,112.193,111.295,102.325,1.407166,0.767356,False,1.79941,0.279913,False
2024,69306,김주형,R,94,25,25,1,9,3,4.0,36.0,12.0,False,43.617,56.383,47.8723,57.7778,30.6122,27.1656,58.3333,57.1429,53.3333,38.8889,0.0,19.4444,58.5366,41.4634,57.6923,60.0,63.8298,26,15,19,34,56.6667,35.8491,20.8176,-0.191924,-0.204174,24,21,15,18,16,,,,,,,,,,,,-2.369248,-1.733391,-1.382894,69.3878,-0.29275,2,2.954089,-1.993081,-1.406168,-0.916533,-0.6672,-1.340006,-0.870208,-1.105107,-1.340006,-0.870208,70.32,79.9,86.947,,,,,,
2024,62558,김준태,L,114,30,30,5,6,0,16.6667,20.0,0.0,False,36.8421,63.1579,50.8772,60.3448,12.5,47.8448,69.4444,45.4545,26.9231,0.0,0.0,69.4444,73.8095,26.1905,77.1429,57.1429,73.6842,35,7,23,49,58.3333,31.9444,26.3889,0.249457,0.218822,36,22,26,17,13,,,,,,,,,,,,0.506649,0.398243,-0.981581,87.5,2.786782,2,3.057993,0.882816,0.725466,-0.51522,2.412332,-0.753272,3.14633,1.196529,-0.753272,3.14633,132.135,88.701,147.195,,,,,,
2024,50458,김지찬,L,2018,533,533,58,40,9,10.8818,7.5047,1.6886,True,37.4133,62.5867,43.6571,55.0511,23.7467,31.3044,58.5567,50.7576,38.2775,20.8243,5.4264,37.7324,92.9801,7.0199,95.6701,88.1481,66.997,485,270,396,867,64.1272,31.3539,32.7733,0.895732,0.044387,485,396,418,461,258,-12.135956,-8.899699,0.336429,-1.742221,-1.583791,0.289719,True,True,False,2,2.213884,-1.742221,-1.583791,-1.809174,76.2533,0.874558,2,1.514678,-1.366054,-1.256568,-1.342813,0.500108,-1.963244,0.652275,-0.655485,-1.963244,0.652275,82.396,70.551,109.784,0.52124,0.284243,False,-7.547283,-1.174041,False
2024,66917,김찬형,R,37,9,9,0,4,0,0.0,44.4444,0.0,False,48.6486,51.3514,45.9459,58.8235,40.0,18.8235,66.6667,50.0,40.0,36.3636,50.0,30.3031,61.1111,38.8889,90.0,25.0,59.4595,10,8,7,12,54.5455,36.8421,17.7034,-2.959678,-7.999129,9,8,5,11,4,,,,,,,,,,,,-1.089746,-2.415375,-1.219414,60.0,-1.888914,1,9.157659,-0.775539,-2.035128,-1.148619,-1.337918,-1.679325,-1.745005,-1.712165,-1.679325,-1.745005,54.016,74.81,73.825,,,,,,
2024,69825,김창평,L,38,9,9,2,4,0,22.2222,44.4444,0.0,False,31.5789,68.4211,44.7368,47.0588,19.0476,28.0112,54.5455,33.3333,33.3333,20.0,0.0,34.5455,50.0,50.0,62.5,25.0,65.7895,8,4,9,17,68.0,34.6154,33.3846,-1.010456,-2.659095,11,6,6,10,5,,,,,,,,,,,,-2.290915,-2.571582,-3.058655,80.9524,1.673524,2,4.251392,-1.914748,-2.244359,-2.592294,1.299074,-3.790032,1.694342,-1.047845,-3.790032,1.694342,71.858,43.15,125.415,,,,,,
2024,78122,김태군,R,906,270,270,12,23,11,4.4444,8.5185,4.0741,True,48.8962,51.1038,43.7086,62.6263,38.2353,24.391,66.5072,58.2888,48.0874,40.4762,18.8034,26.031,85.1016,14.8984,93.1452,74.8718,62.1413,248,195,148,315,55.9503,31.9654,23.9849,-12.10143,-1.335699,209,187,183,210,117,-8.693955,-8.852823,-0.827939,-1.248092,-1.575449,-0.712986,False,True,False,1,1.977527,-1.248092,-1.575449,-0.624901,61.7647,-1.58887,1,1.863453,-0.933885,-1.195202,-0.554106,-1.037874,-0.810124,-1.353667,-1.081895,-0.810124,-1.353667,70.943,87.848,79.695,-1.575965,-0.859406,False,-9.258536,-1.44024,False
2024,69207,김태근,R,108,27,27,0,10,3,0.0,37.037,11.1111,False,44.4444,55.5556,41.6667,60.0,33.3333,26.6667,65.3846,52.6316,42.1053,38.2353,0.0,27.1493,70.8333,29.1667,74.0741,66.6667,63.8889,27,21,18,42,60.8696,30.0,30.8696,-3.529705,-3.268245,26,19,19,34,10,,,,,,,,,,,,-1.335447,-1.589544,-1.035485,66.6667,-0.755406,2,1.658884,-0.95928,-1.262321,-0.569124,-1.129856,-0.832081,-1.473636,-1.152859,-0.832081,-1.473636,69.037,87.519,77.895,,,,,,
2024,66704,김태연,R,1814,463,462,44,87,3,9.5238,18.8312,0.6494,True,45.204,54.796,45.9757,66.6667,26.9388,39.7279,75.0588,57.9462,45.8084,23.185,5.4795,51.8738,79.0244,20.9756,85.6115,65.1515,70.1213,556,264,278,716,56.2893,27.9678,28.3215,4.333704,0.238903,425,409,334,427,219,3.824557,1.057275,0.270246,0.549048,0.188153,0.232724,False,False,False,3,1.004379,0.549048,0.188153,0.006757,73.0612,0.331821,3,0.815493,0.238953,-0.111778,-0.214164,0.242731,-0.313116,0.316587,0.001736,-0.313116,0.316587,100.047,95.303,104.749,-0.110485,-0.06025,False,-0.120333,-0.018719,False
2024,64984,김태진,L,710,199,199,7,26,0,3.5176,13.0653,0.0,True,50.4225,49.5775,42.9577,64.5902,39.7531,24.8371,68.5535,60.274,51.9737,45.679,8.7912,22.8745,84.0782,15.9218,91.8782,74.5342,62.1127,197,161,108,244,55.3288,30.6818,24.647,-17.719423,-2.495693,159,146,152,162,91,-7.84127,-7.677577,-1.929743,-1.125682,-1.366302,-1.661814,False,False,True,1,1.39861,-1.125682,-1.366302,-0.317874,60.2469,-1.846934,1,1.232446,-0.811475,-0.986055,-0.247079,-1.295938,-0.361239,-1.690252,-1.025745,-0.361239,-1.690252,72.451,94.581,74.646,-1.77447,-0.967654,False,-5.772486,-0.897957,False
2024,65040,김태훈,L,72,21,21,0,3,1,0.0,14.2857,4.7619,False,50.0,50.0,40.2778,72.4138,34.8837,37.5301,78.9474,60.0,50.0,26.3158,30.0,52.6316,80.5556,19.4444,100.0,53.3333,68.0556,21,15,8,28,57.1429,22.2222,34.9207,-3.518708,-4.887095,19,10,14,19,10,,,,,,,,,,,,1.004178,0.476253,0.905233,65.1163,-1.019013,1,4.523179,1.318385,0.8565,0.976028,-0.468017,1.426989,-0.61042,0.408285,1.426989,-0.61042,110.965,121.405,90.844,,,,,,
2024,50902,김한별,R,195,50,50,2,9,4,4.0,18.0,8.0,False,53.3333,46.6667,50.2564,71.4286,35.0515,36.3771,67.9245,75.5556,57.8947,29.4118,8.0,38.5127,81.7308,18.2692,85.7143,73.5294,68.2051,70,34,28,63,47.3684,30.7692,16.5992,-1.664513,-0.853596,53,45,38,34,25,,,,,,,,,,,,-0.680221,0.285411,0.751211,64.9485,-1.047544,4,2.646305,-1.43008,-0.461719,-0.153124,-0.528481,-0.223874,-0.689281,-0.456578,-0.223874,-0.689281,87.738,96.642,89.661,,,,,,
2024,61404,김헌곤,R,1282,311,311,22,50,3,7.074,16.0772,0.9646,True,43.2137,56.7863,45.4758,55.4031,33.0472,22.3559,55.5901,55.1724,46.1538,30.6397,19.0476,24.9504,81.4079,18.5921,90.4025,68.8312,61.7005,323,231,260,468,59.1656,35.7143,23.4513,6.743244,0.525994,322,261,234,297,168,-17.354385,-13.38027,1.053675,-2.491371,-2.381154,0.907381,True,True,False,1,2.71088,-2.491371,-2.381154,-1.754144,66.9528,-0.706762,1,3.105284,-2.177164,-2.000907,-1.683349,-0.155766,-2.46112,-0.203161,-1.332141,-2.46112,-0.203161,64.222,63.083,96.953,-1.435749,-0.782943,False,2.201762,0.342502,False
2024,76290,김현수,L,2186,586,586,47,75,9,8.0205,12.7986,1.5358,True,45.9744,54.0256,47.667,70.7294,23.4266,47.3028,78.5331,61.6977,43.4343,16.6994,4.6025,61.8337,83.9801,16.0199,89.9593,67.5373,73.7877,737,268,305,876,54.3087,25.8256,28.4831,5.14444,0.235336,559,483,396,509,239,8.786771,6.944926,0.083066,1.261417,1.235919,0.071533,False,False,False,3,1.465344,1.261416,1.235919,0.641901,76.5734,0.928984,3,1.097277,0.951321,0.935988,0.42098,0.839894,0.615488,1.095448,0.855468,0.615488,1.095448,122.975,109.232,116.432,-3.299002,-1.799013,True,-8.347375,-1.298502,False
2024,54166,김현종,L,43,16,16,0,4,1,0.0,25.0,6.25,False,55.814,44.186,41.8605,77.7778,40.0,37.7778,81.8182,71.4286,33.3333,50.0,20.0,31.8182,62.5,37.5,85.7143,30.0,67.4419,14,10,4,15,51.7241,21.0526,30.6715,1.552654,3.610824,11,7,6,14,5,,,,,,,,,,,,0.636268,0.957734,1.743816,60.0,-1.888914,3,3.946751,0.326173,0.657803,1.522895,-1.978004,2.226529,-2.57985,-0.17666,2.226529,-2.57985,95.255,133.398,61.302,,,,,,
2024,51417,김현준,L,790,205,205,11,48,4,5.3659,23.4146,1.9512,True,43.1646,56.8354,47.4684,56.2667,31.3253,24.9414,59.901,52.0231,45.9854,30.2703,11.828,29.6307,80.0587,19.9413,91.4692,61.5385,62.7848,211,130,164,285,57.4597,36.5256,20.9341,-10.113145,-1.280145,202,173,137,185,93,-12.958738,-11.621965,-0.838746,-1.860338,-2.068246,-0.722293,True,True,False,1,2.26678,-1.860338,-2.068246,-1.619133,68.6747,-0.413995,1,2.399615,-1.546131,-1.687999,-1.548338,0.137001,-2.263729,0.178686,-1.042522,-2.263729,0.178686,72.001,66.044,102.68,-3.969941,-2.164889,True,9.072671,1.411328,False
2024,68912,김형준,R,1746,415,415,45,142,2,10.8434,34.2169,0.4819,True,44.2726,55.7274,45.0745,65.0572,27.2158,37.8414,70.8716,57.8348,42.6901,24.4332,8.1818,46.4384,65.0712,34.9288,73.8281,47.8927,69.3013,512,261,275,698,57.686,28.2631,29.4229,-21.460145,-1.229103,436,351,342,397,220,-0.649002,-0.696155,-1.097558,-0.09317,-0.123888,-0.945171,False,False,False,4,2.180973,-0.09317,-0.123888,-0.244865,72.7842,0.284724,2,1.262269,0.282997,0.203335,0.221496,-0.089726,0.323835,-0.117027,0.103404,0.323835,-0.117027,102.777,104.858,98.245,2.147286,1.170959,False,13.760026,2.140484,True
2024,67304,김혜성,L,2134,556,556,44,62,4,7.9137,11.1511,0.7194,True,45.4077,54.5923,45.314,65.4602,28.7918,36.6684,70.7602,59.4714,48.4211,26.6409,5.2045,44.1193,85.7585,14.2415,93.049,72.0238,68.6036,633,336,334,831,56.7623,28.6695,28.0928,21.386564,1.002182,513,454,380,518,269,-1.266888,-1.11205,1.17648,-0.181873,-0.1979,1.013135,False,False,False,2,1.442833,-0.181873,-0.1979,-0.181862,71.2082,0.016764,3,1.263538,-0.491968,-0.497831,-0.402783,-0.072326,-0.588884,-0.094333,-0.341608,-0.588884,-0.094333,90.825,91.167,98.585,-0.831457,-0.45341,False,-7.148828,-1.112058,False
2024,65653,김호령,R,304,68,68,8,25,0,11.7647,36.7647,0.0,True,43.0921,56.9079,42.1053,65.625,26.7045,38.9205,77.7778,56.7568,38.8889,24.6914,14.6341,53.0864,69.4656,30.5344,73.8095,61.7021,70.0658,84,47,44,129,60.5634,25.4335,35.1299,-9.573218,-3.149085,54,74,54,81,41,6.197962,0.137318,-3.140097,0.889771,0.024437,-2.70412,False,False,True,4,2.694872,0.889771,0.024437,-0.156098,73.2955,0.371658,3,2.469857,0.579676,-0.275494,-0.377019,0.282568,-0.551216,0.368545,-0.091336,-0.551216,0.368545,97.547,91.732,105.528,2.018048,1.100482,False,18.375759,2.858499,True
2024,54460,김호진,R,102,32,32,1,11,1,3.125,34.375,3.125,False,50.9804,49.0196,50.0,68.6275,33.3333,35.2942,73.3333,61.9048,35.2941,34.7826,27.2727,38.5507,67.3077,32.6923,77.1429,47.0588,67.6471,35,17,16,34,49.2754,32.0,17.2754,-5.527585,-5.419201,30,21,17,23,11,,,,,,,,,,,,-0.080628,-0.054194,0.313299,66.6667,-0.755406,1,4.17511,0.233579,0.326053,0.384094,-0.20441,0.561559,-0.266606,0.147477,0.561559,-0.266606,103.961,108.423,96.001,,,,,,
2024,51344,김휘집,R,2324,561,560,51,119,10,9.1071,21.25,1.7857,True,43.2444,56.7556,46.6867,63.0415,25.908,37.1335,68.7931,56.4356,41.2281,22.7704,5.0781,46.0227,79.5025,20.4975,87.1345,63.2399,68.9329,684,321,401,918,57.3034,30.4018,26.9016,-10.016302,-0.430994,580,505,456,527,256,-2.346026,-2.032318,-0.291785,-0.336792,-0.361671,-0.251273,False,False,False,2,1.018774,-0.336792,-0.361671,-0.559991,74.092,0.507083,2,0.574718,0.039375,-0.034448,-0.09363,0.132633,-0.136891,0.172989,0.018049,-0.136891,0.172989,100.485,97.947,102.595,-0.21648,-0.118051,False,1.881918,0.292748,False
2024,62947,나성범,L,1640,423,423,37,98,4,8.747,23.1678,0.9456,True,54.939,45.061,43.4146,83.9888,32.6509,51.3379,89.5028,78.2857,54.3408,29.4872,8.37,60.0156,73.5849,26.4151,81.2709,58.4158,74.5732,598,303,114,625,51.1038,15.4263,35.6775,12.65377,0.771571,362,350,311,390,227,16.82272,15.411349,0.652818,2.415046,2.742605,0.562179,True,True,False,4,2.543329,2.415046,2.742605,2.714816,67.3491,-0.639381,4,1.895671,1.665187,1.995475,1.810481,-0.120318,2.646991,-0.156927,1.245032,2.646991,-0.156927,133.438,139.705,97.646,0.137289,0.074866,False,-2.779039,-0.432302,False
2024,51551,나승엽,L,1985,491,491,68,83,4,13.8493,16.9043,0.8147,True,39.4962,60.5038,46.0957,61.8579,20.3738,41.4841,68.9516,53.4606,37.3297,14.8594,3.4146,54.0922,83.801,16.199,89.9293,67.8899,71.4358,566,218,349,852,60.0846,29.0591,31.0255,26.694997,1.344836,496,419,367,498,205,-0.3726,-0.340329,1.335282,-0.05349,-0.060565,1.149889,False,False,False,2,0.959381,-0.05349,-0.060565,-0.74503,79.6262,1.448037,2,1.079149,0.322677,0.266658,-0.278669,1.073587,-0.407425,1.400246,0.496411,-0.407425,1.400246,113.332,93.889,121.004,1.870309,1.019917,False,-1.824465,-0.28381,False
2024,69737,노시환,R,2359,589,588,56,127,11,9.5238,21.5986,1.8707,True,47.2658,52.7342,41.6702,69.176,31.6134,37.5626,73.8878,63.9485,52.3305,27.9461,7.0968,45.9417,76.5022,23.4978,84.4118,64.1379,68.7156,680,435,303,941,58.0506,24.3569,33.6937,13.419027,0.568844,517,466,472,594,310,1.561276,1.137638,0.709546,0.224135,0.202454,0.611031,False,False,False,3,1.081926,0.224134,0.202454,0.399049,68.3866,-0.46298,3,1.007723,-0.085961,-0.097477,0.178128,-0.55207,0.260429,-0.720048,-0.229809,0.260429,-0.720048,93.828,103.906,89.199,2.132529,1.162911,False,1.291709,0.200936,False
2024,62931,노진혁,L,607,156,156,14,39,1,8.9744,25.0,0.641,True,48.1054,51.8946,43.3278,71.1027,30.5233,40.5794,77.6978,63.7097,46.1538,25.0,7.6923,52.6978,70.2055,29.7945,78.0749,56.1905,70.1812,187,105,76,239,56.1033,24.127,31.9763,-8.46599,-1.394726,139,124,143,136,65,6.047164,3.630757,-1.378574,0.868122,0.64613,-1.18717,False,False,False,4,1.152432,0.868122,0.64613,0.700261,69.4767,-0.277635,3,0.452327,0.558027,0.346199,0.47934,-0.366725,0.700813,-0.478308,0.111253,0.700813,-0.478308,102.988,110.512,92.825,1.060096,0.578092,False,3.652367,0.568155,False
2024,54944,데이비슨,R,2150,566,566,37,142,17,6.5371,25.0883,3.0035,True,55.3488,44.6512,42.8372,80.8903,36.2083,44.682,86.0941,75.0,55.3241,35.2342,10.7843,50.8599,68.9076,31.0924,77.9866,53.7079,71.1163,745,445,176,784,51.2753,18.3333,32.942,37.063709,1.723893,489,432,432,491,306,12.095554,10.464412,1.773927,1.736421,1.862247,1.527631,True,True,True,4,1.618195,1.736421,1.862247,2.230411,63.7917,-1.244229,4,0.604352,0.986562,1.115117,1.326076,-0.725166,1.938773,-0.945812,0.496481,1.938773,-0.945812,113.334,129.082,85.813,-0.365757,-0.199455,False,0.81506,0.126789,False
2024,53327,도슨,L,1529,420,420,38,52,6,9.0476,12.381,1.4286,True,47.0242,52.9758,45.4545,70.9353,27.0983,43.837,74.0947,67.5595,49.3151,22.0056,1.6393,52.0891,79.1377,20.8623,88.4381,58.8496,72.0078,493,226,202,608,55.2225,24.9383,30.2842,21.538219,1.408647,359,336,292,359,183,3.131033,5.242998,1.436021,0.449487,0.933044,1.236641,False,False,False,3,1.349489,0.449487,0.933044,0.674091,72.9017,0.304702,3,1.410827,0.139392,0.633113,0.45317,0.215612,0.662551,0.281216,0.471884,0.662551,0.281216,112.673,109.938,104.218,-0.510091,-0.278163,False,-8.876202,-1.380765,False
2024,66965,도태훈,L,732,182,182,24,29,6,13.1868,15.9341,3.2967,True,39.7541,60.2459,45.082,62.1212,21.393,40.7282,59.5745,65.493,38.8158,14.7059,2.5,44.8686,81.4433,18.5567,88.2927,65.1163,71.1749,205,86,125,316,60.6526,28.3447,32.3079,-10.738785,-1.467047,188,142,152,170,80,-9.714485,-0.606609,-1.306562,-1.394598,-0.107952,-1.125156,False,False,False,2,1.896176,-1.394598,-0.107952,-0.703866,78.607,1.274747,2,1.833667,-1.018431,0.219271,-0.237505,0.900297,-0.347242,1.17423,0.413494,-0.347242,1.17423,111.105,94.791,117.613,1.696945,0.925378,False,-2.93677,-0.456838,False
2024,54400,디아즈,L,465,118,118,6,25,2,5.0847,21.1864,1.6949,True,48.6022,51.3978,45.3763,66.8246,33.4646,33.36,70.9091,62.3762,52.9412,29.5082,8.5106,41.4009,78.3186,21.6814,86.5248,64.7059,66.6667,141,85,70,169,54.5161,29.2887,25.2274,-0.45873,-0.098652,110,101,85,122,47,-1.775798,-2.175652,0.125761,-0.254931,-0.387179,0.1083,False,False,False,1,1.19641,-0.254931,-0.387179,0.031442,66.5354,-0.77773,1,1.153199,0.059276,-0.006932,0.102237,-0.226734,0.149474,-0.295722,-0.073124,0.149474,-0.295722,98.036,102.242,95.564,-3.224692,-1.75849,True,1.141663,0.177595,False
2024,52025,라모스,R,1301,349,348,26,60,3,7.4713,17.2414,0.8621,True,56.1107,43.8893,43.6587,80.4577,37.2442,43.2135,87.1886,73.8676,58.8,35.8025,6.2893,51.3861,80.274,19.726,87.0897,68.8645,70.4842,457,273,111,460,50.1636,19.4396,30.724,13.09835,1.006791,281,287,250,324,159,13.059676,9.493555,1.047125,1.874829,1.689474,0.90174,True,True,False,3,2.811586,1.874829,1.689474,2.16278,62.7558,-1.420358,4,1.261768,1.12497,0.942344,1.258445,-0.901295,1.839894,-1.175531,0.332181,1.839894,-1.175531,108.921,127.598,82.367,1.065512,0.581045,False,-6.798044,-1.057491,False
2024,54529,레이예스,R,2442,632,632,45,82,1,7.1203,12.9747,0.1582,True,52.5389,47.4611,42.5061,71.2909,38.6752,32.6157,73.6842,68.5832,61.0417,38.0328,5.7325,35.6514,83.0086,16.9914,87.7027,76.6114,65.561,740,543,298,861,53.7789,25.7118,28.0671,41.882019,1.71507,551,487,480,610,314,-0.956395,-0.416797,2.045476,-0.137299,-0.074173,1.761478,False,False,True,1,2.481481,-0.137299,-0.074173,0.729684,61.3248,-1.663664,3,2.426553,-0.447394,-0.374104,0.508763,-1.752754,0.74383,-2.286063,-0.771116,0.74383,-2.286063,79.29,111.157,65.709,3.117349,1.699953,True,-8.474549,-1.318285,False
2024,67025,로하스,L,2680,665,665,82,114,6,12.3308,17.1429,0.9023,True,41.0075,58.9925,41.4179,60.8108,27.0064,33.8044,62.7737,58.8968,44.7124,24.2963,5.3371,38.4774,78.5259,21.4741,89.3333,61.3208,67.9478,675,424,435,1146,62.9325,27.5142,35.4183,49.456352,1.845386,548,562,539,675,356,-8.715495,-4.83375,2.123694,-1.251184,-0.860214,1.828836,False,False,True,2,1.315772,-1.251184,-0.860214,-0.908729,72.9936,0.320327,2,1.025047,-0.875017,-0.532991,-0.442368,-0.054123,-0.646759,-0.070591,-0.358675,-0.646759,-0.070591,90.367,90.299,98.941,3.534292,1.927321,True,-1.020279,-0.158713,False
2024,53404,류승민,L,17,3,3,2,1,0,66.6667,33.3333,0.0,False,29.4118,70.5882,11.7647,50.0,26.6667,23.3333,100.0,0.0,40.0,40.0,0.0,60.0,60.0,40.0,100.0,50.0,70.5882,1,4,1,11,91.6667,8.3333,83.3334,-0.453477,-2.667511,1,1,5,5,5,,,,,,,,,,,,3.575771,-2.752693,-2.598841,73.3333,0.378085,2,9.36065,3.951938,-2.42547,-2.13248,0.003635,-3.117767,0.004741,-1.556513,-3.117767,0.004741,58.196,53.233,100.071,,,,,,
2024,62234,류지혁,L,1357,349,349,33,70,6,9.4556,20.0573,1.7192,True,44.6573,55.3427,47.3102,65.7321,25.7343,39.9978,71.7579,58.6441,45.0,22.9236,4.023,48.8343,78.2178,21.7822,89.8104,51.6304,70.2284,422,184,220,531,55.7188,29.2943,26.4245,1.513684,0.111546,347,295,240,301,174,0.583627,0.748537,0.198923,0.083785,0.13321,0.171304,False,False,False,3,1.446778,0.083785,0.13321,-0.139354,74.2657,0.536616,3,1.078145,-0.22631,-0.166721,-0.360275,0.447526,-0.526736,0.583694,0.028479,-0.526736,0.583694,100.765,92.099,108.755,-0.756531,-0.412552,False,1.610541,0.250533,False
2024,54219,류현준,R,12,3,3,0,0,0,0.0,0.0,0.0,False,50.0,50.0,50.0,66.6667,33.3333,33.3334,75.0,50.0,33.3333,0.0,50.0,75.0,83.3333,16.6667,100.0,50.0,66.6667,4,2,2,4,50.0,33.3333,16.6667,1.487281,12.39401,4,2,3,1,2,,,,,,,,,,,,1.304203,-0.403138,0.006757,66.6667,-0.755406,1,9.41736,1.61841,-0.022891,0.077552,-0.20441,0.113383,-0.266606,-0.076611,0.113383,-0.266606,97.942,101.701,96.001,,,,,,
2024,50868,류효승,R,9,2,2,0,0,0,0.0,0.0,0.0,False,33.3333,66.6667,33.3333,33.3333,33.3333,0.0,50.0,0.0,100.0,0.0,33.3333,50.0,66.6667,33.3333,100.0,50.0,55.5556,1,2,2,4,80.0,33.3333,46.6667,-0.511774,-5.686377,2,1,1,2,3,,,,,,,,,,,,-2.284762,-6.335152,-5.204438,66.6667,-0.755406,1,13.52328,-1.970555,-5.954905,-5.133643,-0.20441,-7.50558,-0.266606,-3.886093,-7.50558,-0.266606,-4.369,-12.584,96.001,,,,,,
2024,54424,맥키넌,R,1170,314,314,37,33,1,11.7834,10.5096,0.3185,True,45.1282,54.8718,43.4188,64.9606,29.9094,35.0512,68.8889,60.5042,45.1477,28.6207,5.9259,40.2682,85.2273,14.7727,92.7273,72.7273,67.8632,330,198,178,464,58.4383,27.7259,30.7124,2.981153,0.254799,270,238,237,290,135,-3.59239,-2.192358,0.500093,-0.515719,-0.390152,0.430659,False,False,False,2,1.129244,-0.515718,-0.390152,-0.259967,70.0906,-0.173256,2,1.152816,-0.139551,-0.062929,0.206394,-0.547706,0.301755,-0.714356,-0.2063,0.301755,-0.714356,94.459,104.526,89.285,4.379724,2.388352,True,-9.894969,-1.539243,True
2024,69102,문보경,L,2436,603,603,63,112,2,10.4478,18.5738,0.3317,True,45.5255,54.4745,45.4433,70.6414,24.605,46.0364,77.3179,62.6243,41.189,20.9705,4.2705,56.3474,79.8016,20.1984,87.7238,60.8563,73.2348,782,327,325,1002,56.1659,24.4913,31.6746,21.571872,0.885545,604,503,471,577,281,6.591703,6.244625,0.834416,0.946296,1.111294,0.718564,False,False,False,3,1.044116,0.946296,1.111294,0.628144,75.395,0.728626,3,1.097587,0.636201,0.811363,0.407223,0.639536,0.595375,0.834127,0.714751,0.595375,0.834127,119.196,108.931,112.512,-0.306261,-0.16701,False,-2.524754,-0.392746,False
2024,64007,문상철,R,1624,403,402,44,85,7,10.9453,21.1443,1.7413,True,43.7808,56.2192,41.2562,67.3134,27.2537,40.0597,73.0659,61.0592,46.131,23.6041,5.3571,49.4618,71.308,28.692,80.7095,55.0,70.5049,451,260,219,694,60.6114,23.9869,36.6245,-7.18653,-0.44252,349,321,336,394,224,1.735508,1.540352,-0.366712,0.249147,0.274121,-0.315797,False,False,False,3,0.920691,0.249147,0.274121,0.107859,72.7463,0.27828,3,0.586882,-0.060948,-0.02581,-0.113062,0.18919,-0.165301,0.246755,0.040727,-0.165301,0.246755,101.094,97.52,103.701,1.462184,0.797359,False,1.84349,0.28677,False
2024,68119,문성주,L,1405,361,361,48,38,3,13.2964,10.5263,0.831,True,39.1459,60.8541,44.1993,61.0306,21.8112,39.2194,67.9758,53.1034,37.5862,16.4671,4.375,51.5087,88.7273,11.2727,92.6121,80.117,70.605,379,171,242,613,61.7944,28.3041,33.4903,8.300755,0.590801,331,290,290,334,160,-1.717236,-1.914507,0.628874,-0.246524,-0.340706,0.54156,False,False,False,2,1.182705,-0.246524,-0.340706,-0.874366,78.1888,1.203642,2,0.752958,0.129643,-0.013483,-0.408005,0.829192,-0.596519,1.081489,0.242485,-0.596519,1.081489,106.512,91.052,116.222,2.00719,1.094561,False,-7.75551,-1.206433,False
2024,62869,문승원,R,5,1,1,0,1,0,0.0,100.0,0.0,False,40.0,60.0,60.0,33.3333,50.0,-16.6667,0.0,50.0,100.0,0.0,,0.0,50.0,50.0,0.0,100.0,40.0,1,1,2,1,50.0,66.6667,-16.6667,-0.230596,-4.61193,1,2,1,1,0,,,,,,,,,,,,-9.462693,-7.876299,-5.204438,50.0,-3.589167,,,-9.462693,-7.876299,-5.204438,-3.589167,-7.609085,-4.68124,-6.145162,-7.609085,-4.68124,-65.042,-14.136,29.781,,,,,,
2024,53764,문현빈,L,1052,288,288,23,52,2,7.9861,18.0556,0.6944,True,51.2357,48.7643,46.1027,74.8454,31.0406,43.8048,79.2308,69.7778,48.0,28.2869,7.7586,50.9439,79.7774,20.2226,86.2259,66.4773,71.673,363,176,122,391,51.8568,23.7817,28.0751,-0.752812,-0.07156,260,225,200,251,116,6.82609,7.104666,-0.023074,0.979944,1.264347,-0.01987,False,False,False,3,1.34841,0.979944,1.264347,1.285378,68.9594,-0.365589,3,1.348314,0.669849,0.964416,1.064457,-0.454679,1.556276,-0.593024,0.481626,1.556276,-0.593024,112.935,123.344,91.105,0.319897,0.174446,False,-5.313648,-0.826581,False
2024,79215,박건우,R,1340,362,362,31,54,4,8.5635,14.9171,1.105,True,50.5224,49.4776,45.0746,77.3179,28.5326,48.7853,86.4615,66.6667,48.1061,21.8954,9.6386,64.5661,80.3545,19.6455,87.152,65.2381,74.1045,467,210,137,526,52.9708,20.6637,32.3071,22.208088,1.65732,325,279,264,306,166,15.523115,10.880331,1.454678,2.228477,1.936264,1.252708,True,True,False,3,2.05531,2.228477,1.936264,1.671918,71.4674,0.060834,4,1.645253,1.478618,1.189134,0.767583,0.579897,1.122235,0.756342,0.939288,1.122235,0.756342,125.227,116.834,111.345,-2.022226,-1.102761,False,-7.426531,-1.155257,False
2024,73113,박경수,R,11,3,3,0,1,0,0.0,33.3333,0.0,False,45.4545,54.5455,63.6364,57.1429,25.0,32.1429,60.0,50.0,50.0,0.0,,60.0,80.0,20.0,100.0,0.0,63.6364,4,1,3,3,42.8571,50.0,-7.1429,1.390991,12.64537,5,2,2,2,0,,,,,,,,,,,,-0.849176,-1.327425,-1.482152,75.0,0.661466,,,-0.849176,-1.327425,-1.482152,0.661466,-2.166963,0.86273,-0.652116,-2.166963,0.86273,82.486,67.496,112.941,,,,,,
2024,64468,박계범,R,94,20,20,5,7,0,25.0,35.0,0.0,False,38.2979,61.7021,48.9362,67.3913,10.4167,56.9746,78.2609,56.5217,14.2857,9.6774,0.0,68.5835,69.4444,30.5556,74.1935,40.0,78.7234,31,5,15,43,58.1081,25.8621,32.246,-2.476661,-2.634746,23,23,14,31,3,,,,,,,,,,,,1.453609,1.844879,0.120037,89.5833,3.140996,2,5.067845,1.829776,2.172102,0.586398,2.766546,0.857336,3.60832,2.232828,0.857336,3.60832,159.967,112.86,154.125,,,,,,
2024,79365,박동원,R,2007,496,496,54,110,0,10.8871,22.1774,0.0,True,46.2382,53.7618,42.4514,72.8873,26.5801,46.3072,78.9247,65.6331,42.5,24.5399,6.391,54.3848,72.0905,27.9095,80.6763,54.7231,73.1938,621,307,231,848,57.7263,21.4087,36.3176,3.189825,0.158935,465,387,400,489,266,7.379619,7.464257,0.143987,1.059408,1.32834,0.123996,False,False,False,3,1.128884,1.059408,1.32834,0.979258,73.4199,0.392809,3,1.132426,0.749313,1.028409,0.758337,0.303719,1.108717,0.396131,0.752424,1.108717,0.396131,120.208,116.631,105.942,1.080731,0.589344,False,-0.13425,-0.020884,False
2024,50657,박민,R,104,30,30,1,7,0,3.3333,23.3333,0.0,False,45.1923,54.8077,44.2308,58.6957,34.4828,24.2129,56.0,61.9048,43.4783,45.0,6.6667,11.0,74.4681,25.5319,92.5926,50.0,62.5,27,20,19,38,58.4615,33.3333,25.1282,-1.510792,-1.452685,25,21,23,20,15,,,,,,,,,,,,-2.905482,-1.92795,-1.239394,65.5172,-0.95085,2,2.765511,-2.529315,-1.600727,-0.773033,-1.3253,-1.130204,-1.728548,-1.429376,-1.130204,-1.728548,61.611,83.047,74.072,,,,,,
2024,69056,박민석,R,64,14,14,0,7,0,0.0,50.0,0.0,False,57.8125,42.1875,62.5,75.0,29.1667,45.8333,78.2609,70.5882,45.4545,25.0,0.0,53.2609,64.8649,35.1351,73.3333,28.5714,73.4375,30,7,10,17,36.1702,37.037,-0.8668,-1.517153,-2.370552,23,17,11,8,5,,,,,,,,,,,,0.94896,1.465136,1.309548,70.8333,-0.046979,3,2.101351,0.638865,1.165205,1.088627,-0.136069,1.591613,-0.177471,0.707071,1.591613,-0.177471,118.99,123.874,97.338,,,,,,
2024,62907,박민우,L,2071,528,528,50,79,9,9.4697,14.9621,1.7045,True,42.1535,57.8465,47.1753,63.6643,22.9433,40.721,70.9552,55.6034,38.8601,17.5758,6.5728,53.3794,84.6506,15.3494,92.4437,65.3386,70.7388,622,251,355,843,57.5427,29.6327,27.91,21.81261,1.05324,513,464,386,495,213,1.007809,0.13095,1.056827,0.14468,0.023304,0.910095,False,False,False,2,1.10933,0.14468,0.023304,-0.462625,77.0567,1.011157,2,1.201138,0.520847,0.350527,0.003736,0.636707,0.005462,0.830437,0.417949,0.005462,0.830437,111.225,100.082,112.457,-1.276427,-0.696061,False,-4.74234,-0.737709,False
2024,53204,박민준,R,19,5,5,0,3,0,0.0,60.0,0.0,False,63.1579,36.8421,36.8421,71.4286,58.3333,13.0953,50.0,100.0,71.4286,50.0,0.0,0.0,41.6667,58.3333,60.0,28.5714,52.6316,5,7,2,5,50.0,28.5714,21.4286,-1.157331,-6.091213,4,3,7,4,1,,,,,,,,,,,,-3.931508,-1.867426,0.751211,41.6667,-5.006039,1,7.736353,-3.617301,-1.487179,0.822006,-4.455043,1.201803,-5.810575,-2.304386,1.201803,-5.810575,38.111,118.027,12.841,,,,,,
2024,75125,박병호,R,1678,406,406,47,121,7,11.5764,29.803,1.7241,True,46.1859,53.8141,44.5769,72.5936,24.9462,47.6474,79.4805,65.2893,41.7445,21.4976,4.6154,57.9829,67.871,32.129,76.7956,46.9828,73.9571,543,232,205,698,56.245,22.7021,33.5429,-6.647587,-0.396161,385,363,321,414,195,8.633377,8.019537,-0.477441,1.239396,1.427157,-0.411152,False,False,False,4,1.964772,1.239396,1.427157,0.933342,75.0538,0.670613,3,1.370497,0.929301,1.127226,0.712421,0.581523,1.041586,0.758462,0.900024,1.041586,0.758462,124.172,115.624,111.377,0.986058,0.537717,False,7.649998,1.190019,False
2024,66707,박상언,R,209,52,52,9,12,1,17.3077,23.0769,1.9231,False,41.1483,58.8517,47.8469,63.0,21.1009,41.8991,67.8571,56.8182,36.1702,13.3333,0.0,54.5238,79.0698,20.9302,80.9524,73.913,71.2919,63,23,37,86,57.7181,30.0813,27.6368,0.190209,0.091009,56,44,47,45,17,,,,,,,,,,,,-0.160353,0.075449,-0.566479,78.8991,1.324411,2,1.607164,0.215814,0.402672,-0.100118,0.949961,-0.146377,1.239005,0.546314,-0.146377,1.239005,114.672,97.804,118.585,,,,,,
2024,53305,박성빈,R,32,11,11,1,2,1,9.0909,18.1818,9.0909,False,43.75,56.25,25.0,62.5,37.5,25.0,75.0,50.0,54.5455,22.2222,25.0,52.7778,71.4286,28.5714,100.0,55.5556,62.5,5,9,3,15,75.0,16.6667,58.3333,0.880567,2.751771,4,4,11,9,4,,,,,,,,,,,,0.572317,-1.529933,-0.644647,62.5,-1.46385,1,3.627688,0.886524,-1.149686,-0.573852,-0.912854,-0.838994,-1.190607,-1.0148,-0.838994,-1.190607,72.745,87.415,82.141,,,,,,
2024,67893,박성한,L,2383,564,563,62,84,2,11.0124,14.9201,0.3552,True,37.9773,62.0227,48.5522,55.4883,21.4519,34.0364,58.1967,52.468,35.9729,16.0232,7.8947,42.1735,87.9558,12.0442,93.9252,73.384,67.3521,642,263,515,963,60.0,34.8444,25.1556,13.367696,0.560961,610,547,442,518,266,-11.394497,-7.270114,0.771131,-1.635778,-1.29379,0.664066,True,False,False,2,1.475907,-1.635778,-1.29379,-1.740824,78.5481,1.264733,2,1.457783,-1.259611,-0.966567,-1.274463,0.890283,-1.863313,1.161169,-0.351072,-1.863313,1.161169,90.571,72.05,117.418,-0.449328,-0.245028,False,-0.368043,-0.057252,False
2024,62244,박세혁,L,672,171,171,14,43,3,8.1871,25.1462,1.7544,True,49.7024,50.2976,42.7083,72.1254,32.987,39.1384,76.1905,67.8571,53.9007,26.3473,9.0909,49.8432,74.2515,25.7485,84.058,58.2677,69.1964,207,127,80,258,55.4839,23.6686,31.8153,-7.704586,-1.146516,147,140,141,167,77,4.230769,3.373311,-1.077739,0.607363,0.600315,-0.928104,False,False,False,3,1.453708,0.607363,0.600315,0.860146,67.013,-0.696526,3,1.428505,0.297268,0.300384,0.639225,-0.785616,0.934571,-1.024655,-0.045042,0.934571,-1.024655,98.79,114.019,84.63,1.454885,0.793378,False,3.246058,0.504951,False
2024,52305,박수종,R,529,142,142,13,16,2,9.1549,11.2676,1.4085,True,41.966,58.034,44.8015,58.6498,28.4247,30.2251,64.0,52.6786,48.8889,23.913,9.375,40.087,87.3874,12.6126,94.964,74.6988,65.7845,139,83,98,209,60.0575,31.9218,28.1357,-7.500696,-1.417901,125,112,90,138,64,-7.401259,-7.731703,-1.169266,-1.062514,-1.375934,-1.006923,False,False,False,2,1.805008,-1.062514,-1.375934,-1.24657,71.5753,0.07918,1,1.722435,-0.748307,-0.995687,-1.175775,0.630176,-1.719028,0.821919,-0.448555,-1.719028,0.821919,87.953,74.215,112.329,-1.572764,-0.85766,False,-4.361628,-0.678487,False
2024,62802,박승욱,L,1817,468,468,45,120,10,9.6154,25.641,2.1368,True,48.2664,51.7336,46.6153,72.255,27.3196,44.9354,78.5558,64.8718,47.2561,23.4597,5.0,55.0961,68.7571,31.2429,80.5556,41.5094,72.4821,612,265,235,705,53.5308,25.0,28.5308,-16.570003,-0.911943,457,390,328,422,220,7.258536,6.44771,-0.940004,1.042025,1.147435,-0.809492,False,False,False,4,1.734934,1.042025,1.147435,0.880407,72.6804,0.267075,3,0.831758,0.73193,0.847504,0.659486,0.177985,0.964193,0.23214,0.598167,0.964193,0.23214,116.065,114.463,103.482,0.163874,0.089364,False,3.670908,0.57104,False
2024,50996,박시원,L,624,158,158,14,46,0,8.8608,29.1139,0.0,True,50.641,49.359,44.7115,71.3262,33.913,37.4132,79.562,63.3803,61.2069,26.3514,8.642,53.2106,67.7215,32.2785,73.3668,58.1197,68.4295,199,117,80,228,53.3958,25.974,27.4218,-0.330356,-0.052942,137,142,116,148,81,7.601328,2.092958,-0.046243,1.091236,0.372463,-0.039823,False,False,False,4,1.763071,1.091236,0.372463,0.735202,66.087,-0.85397,4,1.972185,0.341377,-0.374667,-0.169133,-0.334907,-0.247279,-0.436809,-0.342044,-0.247279,-0.436809,90.814,96.291,93.448,0.856631,0.467138,False,10.006713,1.556625,True
2024,50906,박영빈,L,31,7,7,1,3,0,14.2857,42.8571,0.0,False,51.6129,48.3871,41.9355,84.6154,27.7778,56.8376,66.6667,100.0,50.0,14.2857,0.0,52.381,62.5,37.5,72.7273,40.0,77.4194,11,5,2,13,54.1667,13.3333,40.8334,1.3966,4.505162,6,7,8,7,3,,,,,,,,,,,,-0.362612,3.304723,2.812776,72.2222,0.189169,4,5.491423,-1.112471,2.557593,1.908441,0.708232,2.790212,0.923725,1.856969,2.790212,0.923725,149.873,141.853,113.856,,,,,,
2024,67609,박정우,L,266,69,69,4,14,0,5.7971,20.2899,0.0,False,47.3684,52.6316,46.9925,73.6,24.1135,49.4865,80.8824,64.9123,40.0,17.6471,3.3333,63.2353,82.5397,17.4603,90.2174,61.7647,74.812,92,34,33,107,53.7688,23.5714,30.1974,0.913916,0.343578,68,57,60,51,30,,,,,,,,,,,,1.567466,1.683255,1.090678,75.8865,0.812193,3,1.890313,1.257371,1.383324,0.869757,0.723103,1.271617,0.943121,1.107369,1.271617,0.943121,129.741,119.074,114.147,,,,,,
2024,50357,박주홍,L,262,59,59,10,17,0,16.9492,28.8136,0.0,False,45.8015,54.1985,46.9466,70.7317,23.741,46.9907,82.1429,61.194,50.0,20.8333,5.7143,61.3096,65.0,35.0,77.0115,33.3333,73.6641,87,33,36,106,54.9223,25.3521,29.5702,-6.945753,-2.651051,56,67,32,72,35,,,,,,,,,,,,1.643485,1.207257,0.642261,76.259,0.875528,3,1.297867,1.33339,0.907326,0.42134,0.786438,0.616015,1.025727,0.820871,0.616015,1.025727,122.046,109.24,115.386,,,,,,
2024,66928,박준영,R,917,212,212,21,58,3,9.9057,27.3585,1.4151,True,43.6205,56.3795,47.1101,60.6481,28.4536,32.1945,64.1921,56.6502,40.9836,30.2564,3.7383,33.9357,76.5,23.5,84.7328,60.8696,66.4122,262,138,170,347,56.9787,32.882,24.0967,-5.770448,-0.629275,229,203,183,195,107,-8.664449,-5.74842,-0.26724,-1.243856,-1.022989,-0.230136,False,False,False,2,1.50663,-1.243856,-1.022989,-0.934164,71.5464,0.074266,2,0.729025,-0.867689,-0.695766,-0.467803,-0.300184,-0.683946,-0.391521,-0.537734,-0.683946,-0.391521,85.558,89.741,94.127,1.803588,0.983533,False,9.283231,1.444082,False
2024,69363,박준형,R,16,5,5,0,3,0,0.0,60.0,0.0,False,56.25,43.75,43.75,71.4286,44.4444,26.9842,75.0,66.6667,60.0,25.0,,50.0,44.4444,55.5556,40.0,50.0,62.5,5,4,2,5,50.0,28.5714,21.4286,-1.671841,-10.449004,4,3,5,4,0,,,,,,,,,,,,0.48083,-0.583138,0.751211,55.5556,-2.644574,,,0.48083,-0.583138,0.751211,-2.644574,1.098298,-3.449236,-1.175469,1.098298,-3.449236,68.43,116.474,48.261,,,,,,
2024,54805,박지환,R,919,249,249,12,60,3,4.8193,24.0964,1.2048,True,51.1425,48.8575,45.2666,70.4327,35.1889,35.2438,76.652,62.963,50.8287,33.0275,12.5,43.6245,74.4681,25.5319,82.5939,61.0169,67.3558,293,177,123,326,52.6656,27.3942,25.2714,-8.132514,-0.884931,227,189,181,218,104,3.159711,0.536496,-0.701511,0.453604,0.095475,-0.604112,False,False,False,4,1.560038,0.453604,0.095475,0.595516,64.8111,-1.070905,1,1.398615,0.767811,0.475722,0.666311,-0.519909,0.974171,-0.678101,0.148035,0.974171,-0.678101,103.976,114.613,89.828,-2.662702,-1.452025,False,2.102676,0.327088,False
2024,64646,박찬호,R,2174,581,580,48,44,1,8.2759,7.5862,0.1724,True,41.4443,58.5557,47.3321,59.8639,24.8908,34.9731,68.14,50.6173,38.6768,22.5806,8.2031,45.5594,89.9001,10.0999,93.9935,81.0526,67.8933,616,285,413,860,58.2656,32.443,25.8226,7.794331,0.358525,543,486,393,496,256,-2.955582,-4.681377,0.506275,-0.424299,-0.833098,0.435983,False,False,False,2,1.537599,-0.424299,-0.833098,-1.056763,75.1092,0.680033,2,1.075117,-0.048132,-0.505875,-0.590402,0.305583,-0.86319,0.398562,-0.232314,-0.86319,0.398562,93.761,87.052,105.978,-1.535662,-0.837428,False,-10.065431,-1.56576,True
2024,53992,박한결,R,289,72,72,6,29,0,8.3333,40.2778,0.0,False,39.7924,60.2076,45.3287,53.4351,28.481,24.9541,62.5,42.3729,37.7778,32.0513,8.5714,30.4487,58.2609,41.7391,71.4286,37.7778,63.3218,70,45,61,113,61.7486,35.0575,26.6911,-4.409069,-1.525629,72,59,45,78,35,,,,,,,,,,,,-1.545887,-2.309149,-2.061813,71.519,0.069608,2,2.74155,-1.16972,-1.981926,-1.595452,-0.304842,-2.332611,-0.397596,-1.365104,-2.332611,-0.397596,63.337,65.011,94.036,,,,,,
2024,62415,박해민,L,2261,557,556,46,100,11,8.2734,17.9856,1.9784,True,44.7147,55.2853,46.8377,63.7394,27.9534,35.786,69.573,57.1429,42.9885,25.7937,7.2243,43.7793,83.4817,16.5183,89.037,72.3214,68.1557,675,336,384,866,56.1973,30.72,25.4773,-14.10387,-0.623789,562,497,435,504,263,-2.259725,-2.397214,-0.443223,-0.324403,-0.426608,-0.381685,False,False,False,2,0.875508,-0.324403,-0.426608,-0.450884,72.0466,0.159313,2,0.886794,0.051764,-0.099385,0.015477,-0.215137,0.022628,-0.280597,-0.128985,0.022628,-0.280597,96.536,100.339,95.791,-0.068736,-0.037483,False,-1.759329,-0.273678,False
2024,64166,배정대,R,1892,473,473,49,114,4,10.3594,24.1015,0.8457,True,41.8076,58.1924,48.0973,61.6484,23.4216,38.2268,67.4322,55.2204,40.3509,17.9245,7.4074,49.5077,72.9456,27.0544,81.8182,51.3043,69.3975,561,230,349,752,57.2734,31.6985,25.5749,13.252132,0.70043,479,431,342,424,216,-2.595189,-2.133476,0.775392,-0.372562,-0.379674,0.667735,False,False,False,3,2.003823,-0.372562,-0.379674,-0.777782,76.5784,0.929834,2,0.743241,0.003605,-0.052451,-0.311421,0.555384,-0.45531,0.72437,0.13453,-0.45531,0.72437,103.613,93.17,110.866,-0.157233,-0.085742,False,5.48601,0.853393,False
2024,54507,백두산,R,4,1,1,0,1,0,0.0,100.0,0.0,False,50.0,50.0,25.0,0.0,66.6667,-66.6667,,0.0,100.0,,0.0,,50.0,50.0,,50.0,25.0,0,2,1,1,100.0,50.0,50.0,-0.464489,-11.612229,0,1,2,0,1,,,,,,,,,,,,,-15.349442,-10.415617,33.3333,-6.422927,,,,-15.349442,-10.415617,-6.422927,-15.228025,-8.377225,-11.802625,-15.228025,-8.377225,-216.985,-128.42,-25.658,,,,,,
2024,65109,백승현,R,3,1,1,0,0,0,0.0,0.0,0.0,False,100.0,0.0,66.6667,100.0,100.0,0.0,100.0,100.0,100.0,,,,33.3333,66.6667,0.0,100.0,66.6667,2,1,0,0,0.0,,,-0.387154,-12.905143,1,1,1,0,0,,,,,,,,,,,,,-0.63572,5.217936,0.0,-12.090432,,,,-0.63572,5.217936,-12.090432,7.628819,-15.769177,-4.070179,7.628819,-15.769177,-9.313,214.432,-136.538,,,,,,
2024,68305,변상권,L,880,232,232,11,51,1,4.7414,21.9828,0.431,True,53.1818,46.8182,46.5909,72.439,36.383,36.056,79.9127,62.9834,53.8012,33.3333,10.8696,46.5794,75.0,25.0,87.2054,53.8012,67.7273,297,171,113,299,50.1678,27.4272,22.7406,-11.303014,-1.284433,229,181,171,207,92,6.350255,1.922338,-1.155487,0.911634,0.342099,-0.995057,False,False,False,3,1.713833,0.911634,0.342099,0.909172,63.617,-1.273932,3,1.511876,0.601539,0.042168,0.688251,-1.363022,1.006248,-1.777748,-0.38575,1.006248,-1.777748,89.64,115.094,73.334,-0.361421,-0.19709,False,-0.086703,-0.013487,False
2024,69727,변우혁,R,686,187,187,16,48,2,8.5561,25.6684,1.0695,True,53.9359,46.0641,43.2945,77.1044,36.2468,40.8576,80.1418,74.359,54.0984,34.104,17.0213,46.0378,68.1081,31.8919,79.476,49.6454,69.5335,229,141,68,248,51.9916,21.519,30.4726,-0.356066,-0.051905,141,156,122,173,94,6.402543,6.658508,0.087026,0.91914,1.184948,0.074943,False,False,False,4,2.038058,0.91914,1.184948,1.63854,63.7532,-1.250775,4,1.60913,0.169281,0.437818,0.734205,-0.731712,1.073435,-0.954349,0.059543,1.073435,-0.954349,101.599,116.102,85.685,1.671707,0.911616,False,3.440092,0.535134,False
2024,78168,서건창,L,1017,248,246,35,30,3,14.2276,12.1951,1.2195,True,35.5949,64.4051,45.2311,56.9565,17.9533,39.0032,62.7451,49.7561,33.3333,11.4537,1.7544,51.2914,85.0829,14.9171,90.8397,70.0,70.6981,262,100,198,457,63.5605,30.229,33.3315,9.781922,0.961841,255,205,216,227,114,-5.797772,-3.98403,1.00392,-0.83232,-0.708998,0.864534,False,False,False,2,1.485511,-0.83232,-0.708998,-1.511293,82.0467,1.859583,2,1.426096,-0.456153,-0.381775,-1.044932,1.485133,-1.52773,1.937013,0.204642,-1.52773,1.937013,105.496,77.084,129.055,1.08729,0.592921,False,-3.886124,-0.604518,False
2024,53569,서동욱,R,103,27,27,0,8,1,0.0,29.6296,3.7037,False,53.3981,46.6019,52.4272,68.5185,36.7347,31.7838,64.2857,73.0769,70.5882,25.0,8.3333,39.2857,80.0,20.0,83.7838,72.2222,66.0194,37,18,17,31,45.5882,35.4167,10.1715,-5.506805,-5.346412,28,26,17,20,12,,,,,,,,,,,,-1.0573,-0.388114,0.296259,63.2653,-1.33373,1,3.388305,-0.743093,-0.007867,0.367054,-0.782734,0.536646,-1.020896,-0.242125,0.536646,-1.020896,93.497,108.05,84.687,,,,,,
2024,66203,서예일,R,96,20,20,2,5,0,10.0,25.0,0.0,False,53.125,46.875,39.5833,78.9474,36.2069,42.7405,85.0,72.2222,60.0,20.0,12.5,65.0,82.3529,17.6471,90.0,71.4286,69.7917,30,21,8,37,55.2239,17.7778,37.4461,0.709451,0.739011,20,18,25,25,8,,,,,,,,,,,,2.081091,1.516618,1.926667,63.7931,-1.243991,4,0.88419,1.331232,0.769488,1.022332,-0.724928,1.494687,-0.945501,0.274593,1.494687,-0.945501,107.375,122.42,85.817,,,,,,
2024,69995,서호철,R,2143,567,566,30,100,16,5.3004,17.6678,2.8269,True,48.3434,51.6566,44.377,65.4048,34.7315,30.6733,69.6252,60.5856,48.2673,35.5086,12.7341,34.1166,77.4131,22.5869,89.5498,59.1787,65.329,622,414,329,778,55.5714,29.72,25.8514,-11.09815,-0.517879,507,444,404,521,267,-4.436298,-4.253737,-0.159179,-0.636869,-0.756995,-0.137078,False,False,False,1,1.034495,-0.636869,-0.756995,-0.190523,65.2685,-0.993135,1,0.465952,-0.322662,-0.376748,-0.119728,-0.442139,-0.175047,-0.576668,-0.375857,-0.175047,-0.576668,89.906,97.374,91.35,-2.401143,-1.309392,False,-1.610009,-0.25045,False
2024,52630,소크라테스,L,2204,600,600,38,89,4,6.3333,14.8333,0.6667,True,48.9564,51.0436,43.9201,65.9091,35.6796,30.2295,68.714,62.6398,53.8288,31.9188,11.6,36.7952,80.4449,19.5551,90.2821,66.2132,65.0181,638,441,330,795,55.478,29.3333,26.1447,23.79737,1.079735,521,447,444,542,250,-4.523933,-4.242073,1.389055,-0.64945,-0.75492,1.196196,False,False,False,1,0.536027,-0.64945,-0.75492,-0.111683,64.3204,-1.154336,1,0.464685,-0.335243,-0.374673,-0.040888,-0.60334,-0.05978,-0.786918,-0.423349,-0.05978,-0.786918,88.63,99.103,88.196,-0.913293,-0.498037,False,-4.716904,-0.733753,False
2024,51528,손성빈,R,716,172,172,13,38,3,7.5581,22.093,1.7442,True,46.648,53.352,44.9721,69.2547,28.1726,41.0821,83.0189,55.8282,48.8889,20.4545,10.8434,62.5644,72.7545,27.2455,81.6143,54.955,70.6704,223,111,99,283,55.9289,25.9162,30.0127,-12.390204,-1.730475,159,163,135,176,83,12.411083,3.004189,-1.896216,1.781718,0.534626,-1.632942,True,False,True,4,1.904865,1.781718,0.534626,0.411353,71.8274,0.122044,3,1.871514,1.471623,0.234695,0.190432,0.032954,0.278418,0.042981,0.160699,0.278418,0.042981,104.316,104.176,100.645,-1.484202,-0.809365,False,1.743571,0.271227,False
2024,77532,손아섭,L,1349,357,357,16,65,0,4.4818,18.2073,0.0,True,47.7391,52.2609,45.1446,66.8309,32.027,34.8039,71.0191,62.3729,47.9167,31.6265,10.119,39.3926,79.8137,20.1863,85.7494,69.6203,67.4574,407,237,202,503,55.2747,28.6525,26.6222,-1.661208,-0.123144,314,295,240,332,168,-2.151774,-1.42237,0.138292,-0.308906,-0.253125,0.119091,False,False,False,1,1.049375,-0.308906,-0.253125,0.032427,67.973,-0.533302,1,1.000865,0.005301,0.127122,0.103222,0.017694,0.150914,0.023078,0.086996,0.150914,0.023078,102.336,102.264,100.346,-4.517373,-2.463415,True,-1.840903,-0.286367,False
2024,50150,손호영,R,1402,429,429,15,64,9,3.4965,14.9184,2.0979,True,60.271,39.729,41.5835,80.446,45.9096,34.5364,84.4444,75.7463,65.6604,49.1124,16.6667,35.332,80.8284,19.1716,87.6333,72.3404,65.0499,469,376,114,443,48.5746,20.4668,28.1078,30.240417,2.156948,315,268,265,338,216,7.261946,4.979285,2.493242,1.042515,0.886114,2.147075,False,False,True,1,3.345692,1.042515,0.886114,2.160951,54.0904,-2.893695,4,2.110995,0.292656,0.138984,1.256616,-2.374632,1.83722,-3.097159,-0.629969,1.83722,-3.097159,83.081,127.558,53.543,1.248437,0.680798,False,-9.114742,-1.417872,False
2024,64012,송민섭,R,90,20,20,3,6,2,15.0,30.0,10.0,False,46.6667,53.3333,37.7778,70.5882,32.1429,38.4453,73.6842,66.6667,55.0,25.9259,0.0,47.7583,76.1905,23.8095,75.0,77.7778,68.8889,24,18,10,38,61.2903,20.8333,40.457,-2.565531,-2.85059,19,15,20,27,9,,,,,,,,,,,,0.261441,0.404807,0.619827,67.8571,-0.553008,3,2.013396,-0.048654,0.104876,0.398906,-0.642098,0.583215,-0.837469,-0.127127,0.583215,-0.837469,96.586,108.748,87.438,,,,,,
2024,65357,송성문,L,2298,591,591,62,80,3,10.4907,13.5364,0.5076,True,43.9077,56.0923,45.3873,65.5801,25.8964,39.6837,70.0555,60.757,43.75,22.5275,4.6931,47.528,81.9623,18.0377,91.5205,61.8462,70.235,684,325,359,930,57.6208,27.851,29.7698,41.395764,1.801382,541,502,432,546,277,-1.0279,0.51231,1.91284,-0.147564,0.091171,1.647257,False,False,True,2,1.36698,-0.147564,0.091171,-0.163117,74.1036,0.509055,3,1.109685,-0.457659,-0.20876,-0.384038,0.419965,-0.561478,0.547747,-0.006866,-0.561478,0.547747,99.816,91.578,108.216,0.356317,0.194307,False,-4.828279,-0.751078,False
2024,69203,송승환,R,15,5,5,0,1,0,0.0,20.0,0.0,False,46.6667,53.3333,26.6667,75.0,36.3636,38.6364,50.0,100.0,50.0,33.3333,0.0,16.6667,85.7143,14.2857,100.0,75.0,66.6667,3,4,1,7,70.0,12.5,57.5,-0.724435,-4.829565,2,2,4,6,1,,,,,,,,,,,,-3.382592,0.799649,1.309548,63.6364,-1.270634,4,6.908625,-4.132451,0.052519,0.405213,-0.751571,0.592436,-0.980251,-0.193908,0.592436,-0.980251,94.792,108.887,85.296,,,,,,
2024,54394,송지후,R,1,1,1,0,0,0,0.0,0.0,0.0,False,100.0,0.0,100.0,100.0,,,,100.0,,,,,100.0,0.0,100.0,,100.0,1,0,0,0,0.0,,,0.860629,86.062925,0,1,0,0,0,,,,,,,,,,,,,,5.217936,,,,,,,5.217936,,7.628819,,,7.628819,,,214.432,,,,,,,
2024,68110,송찬의,R,68,21,21,3,6,1,14.2857,28.5714,4.7619,False,54.4118,45.5882,39.7059,77.7778,39.0244,38.7534,75.0,78.9474,50.0,42.8571,12.5,32.1429,62.1622,37.8378,80.9524,37.5,67.6471,21,16,6,25,54.3478,19.3548,34.993,-3.324915,-4.889582,8,19,12,21,8,,,,,,,,,,,,-0.107292,1.047946,1.743816,60.9756,-1.723037,4,2.138154,-0.857151,0.300816,0.839481,-1.203974,1.227352,-1.570306,-0.171477,1.227352,-1.570306,95.395,118.41,76.445,,,,,,
2024,65207,신민재,L,1764,476,476,64,46,5,13.4454,9.6639,1.0504,True,40.0794,59.9206,44.0476,63.7066,21.4792,42.2274,69.2124,57.2626,40.3077,17.1765,3.3755,52.0359,90.8062,9.1938,94.5455,82.0755,71.9955,495,212,282,775,61.0236,26.6793,34.3443,-4.745585,-0.269024,419,358,325,425,237,-0.643385,0.934001,-0.24067,-0.092363,0.166215,-0.207255,False,False,False,2,1.482242,-0.092363,0.166215,-0.456012,78.5208,1.260091,2,1.16254,0.283804,0.493438,0.010349,0.885641,0.01513,1.155114,0.585122,0.01513,1.155114,115.715,100.227,117.327,1.996799,1.088895,False,-10.063384,-1.565441,True
2024,66662,신범수,L,110,29,29,1,5,1,3.4483,17.2414,3.4483,False,50.0,50.0,37.2727,68.2927,39.1304,29.1623,69.5652,66.6667,50.0,40.625,9.0909,28.9402,72.7273,27.2727,82.1429,62.963,63.6364,28,27,13,42,60.0,23.6364,36.3636,-2.218664,-2.016967,23,18,26,32,11,,,,,,,,,,,,-0.81399,-0.649825,0.260958,60.8696,-1.74106,1,1.171516,-0.499783,-0.269578,0.331753,-1.190064,0.485035,-1.552164,-0.533564,0.485035,-1.552164,85.67,107.276,76.718,,,,,,
2024,62556,신본기,R,563,152,152,16,28,3,10.5263,18.4211,1.9737,True,40.4973,59.5027,46.1812,59.6154,24.0924,35.523,60.0,59.0909,38.3178,20.155,8.9552,39.845,77.193,22.807,84.5161,61.6438,68.3837,155,73,105,230,59.7403,31.3433,28.397,-2.861774,-0.508308,150,110,107,129,67,-10.539106,-4.515026,-0.255212,-1.512979,-0.803494,-0.219778,True,False,False,2,1.931733,-1.512979,-0.803494,-1.095612,75.9076,0.815781,2,1.372159,-1.136812,-0.476271,-0.629251,0.441331,-0.919989,0.575614,-0.172187,-0.919989,0.575614,95.376,86.2,108.634,0.331623,0.180841,False,0.903698,0.140578,False
2024,53991,신용석,R,6,2,2,0,0,0,0.0,0.0,0.0,False,83.3333,16.6667,33.3333,100.0,75.0,25.0,100.0,,100.0,50.0,,50.0,100.0,0.0,100.0,100.0,50.0,2,3,0,1,33.3333,0.0,33.3333,-0.808225,-13.470424,2,0,2,2,0,,,,,,,,,,,,3.246422,1.675995,5.217936,25.0,-7.839799,,,3.246422,1.675995,5.217936,-7.839799,7.628819,-10.225208,-1.298195,7.628819,-10.225208,65.134,214.432,-53.378,,,,,,
2024,69508,신윤후,R,148,35,35,1,8,2,2.8571,22.8571,5.7143,False,49.3243,50.6757,42.5676,65.0794,37.6471,27.4323,70.9677,59.375,60.0,29.0323,20.8333,41.9354,82.1918,17.8082,87.8049,75.0,63.5135,41,32,22,53,56.383,29.3333,27.0497,-5.497045,-3.71422,31,32,30,31,24,,,,,,,,,,,,-0.230845,-1.084505,-0.241395,62.3529,-1.488861,1,2.31671,0.083362,-0.704258,-0.1706,-0.937865,-0.249424,-1.223228,-0.736326,-0.249424,-1.223228,80.224,96.259,81.652,,,,,,
2024,64006,심우준,R,786,192,192,17,29,1,8.8542,15.1042,0.5208,True,40.458,59.542,48.6005,53.6649,27.9703,25.6946,59.2233,47.1591,42.4837,24.1379,7.7922,35.0854,86.1635,13.8365,92.1951,75.2212,63.1043,205,113,177,291,58.6694,37.8205,20.8489,3.44804,0.438682,206,176,153,174,77,-12.229555,-12.480496,0.779522,-1.755658,-2.22103,0.671292,True,True,False,2,1.760378,-1.755658,-2.22103,-2.025887,72.0297,0.15644,2,2.303608,-1.379491,-1.893807,-1.559526,-0.21801,-2.280086,-0.284344,-1.282215,-2.280086,-0.284344,65.563,65.799,95.735,0.520142,0.283644,False,0.80087,0.124582,False
2024,66864,안상현,R,281,75,75,4,14,0,5.3333,18.6667,0.0,False,48.3986,51.6014,50.5338,68.3099,28.0576,40.2523,72.2892,62.7119,42.8571,29.0909,5.7143,43.1983,77.9412,22.0588,86.5979,56.4103,70.1068,97,39,45,100,50.7614,31.0345,19.7269,-7.278328,-2.590152,83,59,49,55,35,,,,,,,,,,,,-0.043062,0.377123,0.263647,71.9424,0.141596,3,0.898747,-0.353157,0.077192,0.042726,0.052506,0.062467,0.068482,0.065475,0.062467,0.068482,101.758,100.937,101.027,,,,,,
2024,64011,안승한,R,19,5,5,0,1,0,0.0,20.0,0.0,False,57.8947,42.1053,42.1053,87.5,36.3636,51.1364,80.0,100.0,60.0,20.0,0.0,60.0,81.8182,18.1818,85.7143,75.0,73.6842,7,4,1,7,50.0,12.5,37.5,-0.845455,-4.449761,5,3,5,5,1,,,,,,,,,,,,1.363298,3.02415,3.263742,63.6364,-1.270634,4,5.036821,0.613439,2.27702,2.359407,-0.751571,3.449542,-0.980251,1.234646,3.449542,-0.980251,133.159,151.743,85.296,,,,,,
2024,65115,안익훈,L,226,57,57,4,13,0,7.0175,22.807,0.0,False,35.8407,64.1593,48.2301,55.0459,17.9487,37.0972,50.8475,60.0,29.7297,15.0943,7.4074,35.7532,80.2469,19.7531,85.0,66.6667,69.0265,60,21,49,96,61.5385,33.7931,27.7454,-8.917935,-3.945989,59,50,37,53,27,,,,,,,,,,,,-2.660226,-1.048583,-1.809987,82.0513,1.860365,2,2.599534,-2.284059,-0.72136,-1.343626,1.485915,-1.964432,1.938033,-0.0132,-1.964432,1.938033,99.645,70.534,129.07,,,,,,
2024,66406,안주형,L,622,166,166,11,38,1,6.6265,22.8916,0.6024,True,47.7492,52.2508,44.373,67.3913,32.0809,35.3104,75.1678,58.2677,54.1353,24.183,3.3333,50.9848,77.4411,22.5589,85.4839,63.964,67.6849,186,111,90,235,55.8195,27.6923,28.1272,-8.765837,-1.409299,149,127,133,153,60,3.704598,-0.889977,-1.361567,0.531827,-0.15838,-1.172524,False,False,False,3,1.502268,0.531827,-0.15838,0.120037,67.9191,-0.542466,3,1.591343,0.221732,-0.458311,-0.100884,-0.631556,-0.147497,-0.823719,-0.485608,-0.147497,-0.823719,86.958,97.788,87.644,-0.54047,-0.294729,False,3.548568,0.552009,False
2024,64022,안중열,R,108,25,25,3,7,0,12.0,28.0,0.0,False,41.6667,58.3333,45.3704,59.1837,27.1186,32.0651,65.2174,53.8462,40.0,30.303,0.0,34.9144,73.3333,26.6667,72.4138,75.0,66.6667,29,16,20,43,59.7222,31.746,27.9762,0.983835,0.910958,23,26,15,33,11,,,,,,,,,,,,-1.0982,-1.160148,-1.163102,72.8814,0.30125,2,1.318277,-0.722033,-0.832925,-0.696741,-0.0732,-1.018662,-0.095473,-0.557067,-1.018662,-0.095473,85.039,84.72,98.568,,,,,,
2024,67006,안치영,L,198,48,48,2,12,0,4.1667,25.0,0.0,False,38.8889,61.1111,43.9394,57.4713,24.3243,33.147,63.4615,48.5714,40.0,19.2982,10.5263,44.1633,79.2208,20.7792,88.0,62.963,67.6768,50,27,37,84,62.6866,30.5785,32.1081,-1.395077,-0.704584,52,35,35,57,19,,,,,,,,,,,,-0.987833,-1.206502,-1.430811,75.6757,0.776352,2,1.709034,-0.611666,-0.879279,-0.96445,0.401902,-1.410063,0.524188,-0.442938,-1.410063,0.524188,88.104,78.849,107.863,,,,,,
2024,79608,안치홍,R,2037,524,523,44,67,6,8.413,12.8107,1.1472,True,43.3481,56.6519,46.1463,55.8511,32.6345,23.2166,56.1983,55.4825,49.5913,32.0513,9.9237,24.147,84.3715,15.6285,92.7619,72.067,62.052,525,358,415,739,58.4652,35.9619,22.5033,10.869821,0.533619,484,456,367,468,262,-17.070031,-12.717829,1.076111,-2.45055,-2.263266,0.926702,True,True,False,1,2.354933,-2.45055,-2.263266,-1.684106,67.3655,-0.636592,1,2.618407,-2.136343,-1.883019,-1.613311,-0.085596,-2.358722,-0.11164,-1.235181,-2.358722,-0.11164,66.827,64.619,98.325,-0.294653,-0.16068,False,-1.306727,-0.203272,False
2024,52001,안현민,R,107,29,29,2,10,1,6.8966,34.4828,3.4483,False,50.4673,49.5327,42.9907,65.2174,39.3443,25.8731,70.8333,59.0909,58.3333,34.7826,14.2857,36.0507,70.3704,29.6296,76.6667,62.5,62.6168,30,24,16,37,55.2239,30.1887,25.0352,-3.617153,-3.380517,24,22,24,23,14,,,,,,,,,,,,-0.439525,-1.216884,-0.21982,60.6557,-1.777428,1,1.202469,-0.125318,-0.836637,-0.149025,-1.226432,-0.217881,-1.599597,-0.908739,-0.217881,-1.599597,75.594,96.732,76.006,,,,,,
2024,54408,양도근,R,119,29,29,5,8,0,17.2414,27.5862,0.0,False,36.1345,63.8655,41.1765,51.0204,25.7143,25.3061,60.8696,42.3077,52.381,22.5806,0.0,38.289,69.7674,30.2326,72.0,66.6667,64.7059,25,18,24,52,67.5325,31.5789,35.9536,-2.038747,-1.713232,23,26,21,31,18,,,,,,,,,,,,-1.468028,-2.483036,-2.439316,74.2857,0.540017,2,3.404244,-1.091861,-2.155813,-1.972955,0.165567,-2.884535,0.215944,-1.334296,-2.884535,0.215944,64.165,56.732,103.239,,,,,,
2024,64153,양석환,R,2402,593,593,49,126,7,8.2631,21.2479,1.1804,True,50.2082,49.7918,41.8401,69.9502,36.0057,33.9445,72.447,67.284,55.3611,34.2105,12.6506,38.2365,74.5439,25.4561,84.9218,60.0398,66.4863,703,503,302,894,55.98,25.2508,30.7292,-13.795751,-0.574344,519,486,457,608,332,-1.31669,-0.370416,-0.291595,-0.189022,-0.065919,-0.251109,False,False,False,1,1.3571,-0.189022,-0.065919,0.520084,63.9943,-1.209782,1,1.292971,0.125185,0.314328,0.590879,-0.658786,0.863887,-0.859234,0.002326,0.863887,-0.859234,100.062,112.958,87.111,1.173013,0.639668,False,-0.485087,-0.075459,False
2024,69403,양우현,L,58,15,15,1,6,0,6.6667,40.0,0.0,False,48.2759,51.7241,43.1034,64.0,36.3636,27.6364,61.5385,66.6667,69.2308,15.3846,14.2857,46.1539,71.4286,28.5714,81.25,58.3333,63.7931,16,12,9,21,56.7568,30.0,26.7568,-3.453984,-5.955144,13,12,13,13,7,,,,,,,,,,,,-1.135002,-1.157912,-0.410143,63.6364,-1.270634,1,2.719752,-0.820795,-0.777665,-0.339348,-0.719638,-0.49614,-0.938602,-0.717371,-0.49614,-0.938602,80.733,92.558,85.921,,,,,,
2024,76232,양의지,R,1794,482,481,37,53,9,7.6923,11.0187,1.8711,True,44.6488,55.3512,45.7637,63.9464,28.3659,35.5805,67.2897,60.3053,47.3973,21.9858,5.4054,45.3039,87.5156,12.4844,93.7143,75.7246,68.1159,525,276,296,697,57.0376,29.8087,27.2289,36.454906,2.032046,428,393,365,423,185,-3.669425,-2.404551,2.184506,-0.526778,-0.427914,1.881205,False,False,True,2,1.422618,-0.526778,-0.427914,-0.418523,71.6341,0.089178,2,1.333475,-0.150611,-0.100691,0.047838,-0.285272,0.069941,-0.372071,-0.151065,0.069941,-0.372071,95.943,101.049,94.419,-0.451931,-0.246447,False,-8.838086,-1.374836,False
2024,50293,양찬열,L,57,12,12,4,1,0,33.3333,8.3333,0.0,False,35.0877,64.9123,43.8596,68.0,9.375,58.625,72.7273,64.2857,25.0,0.0,0.0,72.7273,85.0,15.0,82.3529,100.0,80.7018,17,3,8,29,63.0435,21.6216,41.4219,-0.191361,-0.335721,11,14,12,13,7,,,,,,,,,,,,0.977937,2.049527,0.215199,90.625,3.318111,3,3.722249,0.667842,1.749596,-0.005722,3.229021,-0.008366,4.211512,2.101573,-0.008366,4.211512,156.442,99.875,163.173,,,,,,
2024,53827,에레디아,R,2033,587,587,25,73,13,4.2589,12.4361,2.2147,True,53.2218,46.7782,42.0561,79.6491,34.0407,45.6084,85.0746,73.057,57.3171,29.8354,7.4468,55.2392,81.2384,18.7616,89.2805,67.581,71.7167,681,401,174,777,53.2922,18.2965,34.9957,38.897987,1.913329,469,386,410,486,282,12.314636,10.349505,1.88263,1.767872,1.841799,1.621242,True,True,True,3,2.63947,1.767872,1.841799,2.036367,65.9593,-0.875682,4,0.960836,1.018013,1.094669,1.132032,-0.356619,1.655073,-0.465127,0.594973,1.655073,-0.465127,115.979,124.826,93.023,-3.683965,-2.008941,True,-11.16663,-1.73706,True
2024,54205,여동건,R,34,11,11,1,2,0,9.0909,18.1818,0.0,False,50.0,50.0,32.3529,90.9091,30.4348,60.4743,100.0,83.3333,22.2222,71.4286,0.0,28.5714,82.3529,17.6471,90.0,71.4286,76.4706,10,7,1,16,61.5385,5.8824,55.6561,-0.243993,-0.717626,5,6,9,7,7,,,,,,,,,,,,2.540673,4.179061,3.796705,69.5652,-0.262588,3,6.297387,2.230578,3.87913,3.575784,-0.351678,5.227931,-0.458683,2.384624,5.227931,-0.458683,164.044,178.419,93.12,,,,,,
2024,68330,예진원,L,81,21,21,2,8,0,9.5238,38.0952,0.0,False,46.9136,53.0864,37.037,70.0,33.3333,36.6667,63.1579,81.8182,43.4783,23.5294,27.2727,39.6285,65.7895,34.2105,80.9524,47.0588,67.9012,21,17,9,34,61.8182,20.9302,40.888,-3.325531,-4.105594,19,11,23,17,11,,,,,,,,,,,,-1.170771,0.190056,0.52787,66.6667,-0.755406,1,4.741724,-0.856564,0.570303,0.598665,-0.20441,0.87527,-0.266606,0.304332,0.87527,-0.266606,108.173,113.129,96.001,,,,,,
2024,50208,오명진,L,9,2,2,1,1,0,50.0,50.0,0.0,False,33.3333,66.6667,33.3333,66.6667,16.6667,50.0,,66.6667,100.0,0.0,0.0,,33.3333,66.6667,0.0,100.0,77.7778,2,1,1,5,71.4286,16.6667,54.7619,0.108592,1.20658,0,3,1,3,2,,,,,,,,,,,,,1.138,0.006757,83.3333,2.078338,,,,1.138,0.006757,2.078338,0.009879,2.710712,1.360296,0.009879,2.710712,136.534,100.148,140.661,,,,,,
2024,69636,오선우,L,26,7,7,0,3,0,0.0,42.8571,0.0,False,42.3077,57.6923,34.6154,44.4444,41.1765,3.2679,0.0,57.1429,50.0,42.8571,0.0,-42.8571,54.5455,45.4545,100.0,28.5714,53.8462,4,7,5,10,71.4286,33.3333,38.0953,-0.651242,-2.504779,2,7,8,7,2,,,,,,,,,,,,-10.874188,-5.08307,-3.467378,58.8235,-2.088948,2,11.201342,-10.498021,-4.755847,-3.001017,-2.463398,-4.3876,-3.212934,-3.800267,-4.3876,-3.212934,-2.064,34.186,51.806,,,,,,
2024,78756,오선진,R,101,29,29,2,7,2,6.8966,24.1379,6.8966,False,54.4554,45.5446,40.5941,70.7317,43.3333,27.3984,76.9231,60.0,75.0,25.0,12.5,51.9231,78.1818,21.8182,89.6552,65.3846,62.3762,29,26,12,34,53.9683,26.087,27.8813,-4.288061,-4.245605,26,15,24,28,8,,,,,,,,,,,,0.756908,-0.604417,0.642261,56.6667,-2.455659,1,3.613817,1.071115,-0.22417,0.713056,-1.904663,1.042514,-2.484193,-0.720839,1.042514,-2.484193,80.64,115.638,62.737,,,,,,
2024,53123,오스틴,R,2287,603,603,57,82,3,9.4527,13.5987,0.4975,True,42.8509,57.1491,42.8509,61.0204,29.2272,31.7932,64.5914,57.0815,44.5946,29.3381,6.5789,35.2533,86.6327,13.3673,94.9833,73.5602,66.5938,598,382,382,925,60.7354,29.2272,31.5082,42.107221,1.841155,514,466,444,559,304,-8.054474,-5.778085,2.1789,-1.156289,-1.028268,1.876377,False,False,True,2,1.132615,-1.156289,-1.028268,-0.875961,70.7728,-0.057265,2,0.975475,-0.780122,-0.701045,-0.4096,-0.431715,-0.598851,-0.563073,-0.580962,-0.598851,-0.563073,84.397,91.017,91.554,1.721731,0.938895,False,-4.677596,-0.727638,False
2024,68904,오영수,L,141,34,34,2,6,1,5.8824,17.6471,2.9412,False,42.5532,57.4468,39.7163,67.8571,25.8824,41.9747,78.7879,52.1739,50.0,22.9167,5.8824,55.8712,76.6667,23.3333,89.4737,54.5455,71.6312,38,22,18,63,62.3762,22.2222,40.154,-2.509617,-1.77987,33,23,20,48,17,,,,,,,,,,,,1.093229,0.49768,0.192859,74.1176,0.511435,3,1.64018,0.783134,0.197749,-0.028062,0.422345,-0.041028,0.550852,0.254912,-0.041028,0.550852,106.846,99.385,108.263,,,,,,
2024,64504,오윤석,R,766,201,201,18,41,4,8.9552,20.398,1.99,True,44.6475,55.3525,45.5614,64.1834,28.2974,35.886,68.2927,58.3333,43.7908,27.2727,3.4091,41.02,79.5322,20.4678,91.0714,57.6271,68.2768,224,118,125,299,57.1702,29.4811,27.6891,-0.139388,-0.018197,205,144,153,176,88,-3.879334,-2.131958,0.213238,-0.556912,-0.379403,0.183632,False,False,False,2,1.420484,-0.556912,-0.379403,-0.381471,71.7026,0.100824,2,0.868699,-0.180745,-0.05218,0.08489,-0.273626,0.124112,-0.356882,-0.116385,0.124112,-0.356882,96.874,101.862,94.647,0.778081,0.424303,False,0.41313,0.064266,False
2024,75334,오재일,L,1292,343,342,36,88,2,10.5263,25.731,0.5848,True,50.8514,49.1486,44.8916,79.4828,27.5281,51.9547,84.2623,74.1818,48.8479,23.8095,6.2893,60.4528,71.2329,28.7671,77.6573,56.1224,75.6192,461,196,119,516,52.8147,18.7402,34.0745,-12.603014,-0.975465,305,275,217,336,159,12.884786,13.567173,-1.102278,1.849722,2.414415,-0.949236,True,True,False,4,1.838541,1.849722,2.414415,2.010369,72.4719,0.231625,4,1.808106,1.099863,1.667285,1.106034,0.750688,1.617063,0.979099,1.298081,1.617063,0.979099,134.863,124.256,114.686,-0.54135,-0.295209,False,2.218071,0.345039,False
2024,79109,오지환,L,1760,430,430,51,105,4,11.8605,24.4186,0.9302,True,44.7727,55.2273,45.9659,70.8282,22.6078,48.2204,77.6765,62.7027,43.4343,17.3397,5.5794,60.3368,72.9695,27.0305,79.7557,54.8837,74.375,573,215,236,736,56.2261,24.2798,31.9463,0.265384,0.015079,439,370,297,421,233,7.783274,7.469177,-0.109595,1.117356,1.329215,-0.094379,False,False,False,3,1.141513,1.117356,1.329215,0.657347,77.3922,1.0682,3,1.01226,0.807261,1.029284,0.436426,0.97911,0.638071,1.277023,0.957547,0.638071,1.277023,125.717,109.571,119.155,0.148218,0.080826,False,3.219217,0.500775,False
2024,60558,오태곤,R,1140,290,290,30,73,1,10.3448,25.1724,0.3448,True,47.3684,52.6316,43.7719,69.1383,30.4212,38.7171,71.9368,66.2602,50.4425,26.6423,5.6738,45.2945,71.6667,28.3333,77.971,60.5128,69.386,345,195,154,446,56.3843,25.6667,30.7176,3.139273,0.275375,253,246,226,274,141,-0.090609,1.719409,0.428008,-0.013008,0.305986,0.368582,False,False,False,3,1.4777,-0.013008,0.305986,0.393156,69.5788,-0.260275,3,1.037041,-0.323103,0.006055,0.172235,-0.349365,0.251814,-0.455666,-0.101926,0.251814,-0.455666,97.263,103.777,93.165,2.381452,1.298654,False,4.885832,0.760031,False
2024,54307,원성준,L,505,121,121,10,34,0,8.2645,28.0992,0.0,True,42.5743,57.4257,47.9208,61.5702,25.0951,36.4751,69.7674,52.2124,35.8696,24.8,4.3478,44.9674,74.4186,25.5814,89.9329,39.3939,68.5149,149,66,93,197,56.9364,32.069,24.8674,-5.988094,-1.185761,129,113,92,125,46,-1.837353,-3.081232,-1.027097,-0.263768,-0.548336,-0.884493,False,False,False,2,3.033126,-0.263768,-0.548336,-0.790007,74.9049,0.645296,2,0.881761,0.112399,-0.221113,-0.323646,0.270846,-0.473183,0.353256,-0.059964,-0.473183,0.353256,98.39,92.902,105.299,-1.44912,-0.790234,False,9.525932,1.481836,False
2024,61102,유강남,R,596,156,155,9,25,7,5.8065,16.129,4.5161,True,46.9799,53.0201,46.8121,69.8925,26.8139,43.0786,75.1773,64.4928,51.0,21.831,4.0,53.3463,79.2857,20.7143,89.2308,56.4706,71.6443,195,85,84,232,54.3326,26.5823,27.7503,-8.850714,-1.485019,141,138,100,142,75,4.253689,4.347974,-1.480822,0.610654,0.773766,-1.275222,False,False,False,3,1.080404,0.610654,0.773766,0.511064,73.1861,0.353057,3,0.874182,0.300559,0.473835,0.290143,0.263967,0.4242,0.344284,0.384242,0.4242,0.344284,110.32,106.363,105.164,-3.887646,-2.120012,True,-4.564979,-0.71012,False
2024,69766,유로결,R,156,39,39,3,11,0,7.6923,28.2051,0.0,False,44.2308,55.7692,44.2308,65.2174,27.5862,37.6312,84.375,48.6486,31.25,29.2683,14.2857,55.1067,63.7681,36.2319,71.1111,50.0,69.2308,45,24,24,63,58.3333,27.5862,30.7471,-2.830665,-1.814529,32,37,32,41,14,,,,,,,,,,,,1.686116,-0.129629,-0.21982,72.4138,0.221746,2,3.654133,2.062283,0.197594,0.246541,-0.152704,0.360452,-0.199167,0.080642,0.360452,-0.199167,102.166,105.407,97.012,,,,,,
2024,52667,윤도현,R,95,27,27,0,9,0,0.0,33.3333,0.0,False,57.8947,42.1053,35.7895,73.5294,49.1803,24.3491,71.4286,75.0,50.0,50.0,46.6667,21.4286,61.8182,38.1818,80.0,46.6667,58.9474,25,30,9,31,55.3571,22.5,32.8571,4.66558,4.911137,14,20,20,26,15,,,,,,,,,,,,-0.855248,-0.647202,1.079641,50.8197,-3.449797,1,8.154274,-0.541041,-0.266955,1.150436,-2.898801,1.68198,-3.780817,-1.049418,1.68198,-3.780817,71.816,125.23,43.288,,,,,,
2024,52591,윤동희,R,2618,614,614,66,114,7,10.7492,18.5668,1.1401,True,41.2529,58.7471,46.4477,60.6908,24.3937,36.2971,65.7468,55.5,41.4013,21.521,4.4728,44.2258,81.0185,18.9815,87.3984,67.2515,68.6784,738,342,478,1060,58.9544,31.0793,27.8751,24.824227,0.948213,616,600,471,618,313,-5.105691,-3.596183,1.120548,-0.732966,-0.639977,0.964969,False,False,False,2,0.680553,-0.732966,-0.639977,-0.927489,75.6063,0.764552,2,0.234866,-0.356799,-0.312754,-0.461128,0.390102,-0.674187,0.508798,-0.082695,-0.674187,0.508798,97.779,89.887,107.632,0.699056,0.381209,False,0.46853,0.072884,False
2024,68463,윤정빈,L,791,188,188,22,47,3,11.7021,25.0,1.5957,True,45.1327,54.8673,46.2705,64.7541,28.2353,36.5188,70.8738,56.875,52.9412,24.6377,6.0606,46.2361,70.5882,29.4118,82.7004,46.6667,68.5209,237,120,129,305,56.2731,29.7235,26.5496,5.87149,0.742287,206,160,119,207,99,-0.693718,-1.528991,0.877562,-0.099589,-0.272099,0.75572,False,False,False,3,1.898083,-0.099589,-0.272099,-0.292251,71.7647,0.111383,3,1.647378,-0.409684,-0.57203,-0.513172,0.022293,-0.750277,0.029076,-0.3606,-0.750277,0.029076,90.315,88.746,100.436,2.689945,1.466881,False,7.081488,1.101583,False
2024,50092,윤준혁,R,53,18,18,1,5,0,5.5556,27.7778,0.0,False,62.2642,37.7358,54.717,75.8621,45.8333,30.0288,66.6667,90.9091,50.0,60.0,16.6667,6.6667,63.6364,36.3636,77.2727,36.3636,66.0377,22,11,7,13,37.1429,35.0,2.1429,-1.098034,-2.071761,18,11,8,10,6,,,,,,,,,,,,-1.868209,0.077418,1.444324,54.1667,-2.880722,1,4.593001,-1.554002,0.457665,1.515119,-2.329726,2.215161,-3.03859,-0.411714,2.215161,-3.03859,88.943,133.227,54.421,,,,,,
2024,53296,윤준호,R,18,4,4,0,1,0,0.0,25.0,0.0,False,55.5556,44.4444,77.7778,64.2857,25.0,39.2857,87.5,33.3333,50.0,0.0,0.0,87.5,100.0,0.0,100.0,100.0,66.6667,9,1,5,3,25.0,62.5,-37.5,-0.738242,-4.101344,8,6,2,1,1,,,,,,,,,,,,3.098686,-0.056292,-0.365478,75.0,0.661466,3,5.170256,2.788591,-0.356223,-0.586399,0.572376,-0.857338,0.746532,-0.055403,-0.857338,0.746532,98.512,87.14,111.198,,,,,,
2024,65703,이도윤,L,1373,365,365,25,55,3,6.8493,15.0685,0.8219,True,44.2826,55.7174,44.6468,62.1533,29.8684,32.2849,64.375,59.727,43.6508,27.6163,13.4146,36.7587,83.7171,16.2829,88.7139,75.3304,66.5696,381,227,232,533,58.3151,30.3268,27.9883,-7.384287,-0.537821,320,293,252,344,164,-7.875862,-4.978355,-0.227828,-1.130648,-0.885948,-0.196196,False,False,False,1,1.503054,-1.130648,-0.885948,-0.698848,70.1316,-0.166285,1,1.248985,-0.816441,-0.505701,-0.628053,0.384711,-0.918238,0.501767,-0.208236,-0.918238,0.501767,94.407,86.226,107.527,-3.185698,-1.737226,True,-2.452999,-0.381584,False
2024,76849,이명기,L,29,8,8,0,3,0,0.0,37.5,0.0,False,48.2759,51.7241,48.2759,50.0,46.6667,3.3333,60.0,25.0,75.0,33.3333,40.0,26.6667,78.5714,21.4286,100.0,57.1429,51.7241,7,7,7,8,53.3333,46.6667,6.6666,-2.280689,-7.864444,10,4,4,6,5,,,,,,,,,,,,-1.947006,-4.602066,-2.598841,53.3333,-3.022421,1,9.789993,-1.632799,-4.221819,-2.528046,-2.471425,-3.696099,-3.223403,-3.459751,-3.696099,-3.223403,7.081,44.559,51.649,,,,,,
2024,69428,이병헌,R,662,166,166,17,48,2,10.241,28.9157,1.2048,True,48.3384,51.6616,45.9215,68.4211,31.2849,37.1362,81.5951,53.1915,50.4065,28.0,9.4118,53.5951,68.75,31.25,80.2885,47.3214,68.5801,208,112,96,246,54.185,28.0702,26.1148,-5.090601,-0.768973,163,141,123,150,85,9.25621,0.553427,-0.769363,1.328809,0.098488,-0.662543,False,False,False,4,2.004512,1.328809,0.098488,0.281032,68.7151,-0.407126,3,1.834092,1.018714,-0.201443,0.060111,-0.496216,0.087884,-0.647199,-0.279658,0.087884,-0.647199,92.489,101.318,90.292,2.692069,1.46804,False,9.016535,1.402595,False
2024,52704,이상혁,L,57,15,15,2,5,0,13.3333,33.3333,0.0,False,36.8421,63.1579,42.1053,62.5,18.1818,44.3182,66.6667,58.3333,20.0,21.4286,0.0,45.2381,66.6667,33.3333,73.3333,50.0,73.6842,15,6,9,27,64.2857,25.0,39.2857,-0.808645,-1.418675,12,12,15,14,4,,,,,,,,,,,,-0.597863,0.256394,-0.644647,81.8182,1.820732,2,3.225323,-0.221696,0.583617,-0.178286,1.446282,-0.260661,1.886341,0.81284,-0.260661,1.886341,121.831,96.09,128.295,,,,,,
2024,66409,이성규,R,1444,356,356,31,109,15,8.7079,30.618,4.2135,True,50.4848,49.5152,39.8892,71.875,36.2903,35.5847,77.4194,65.4135,54.8077,33.1361,14.6789,44.2833,65.2949,34.7051,76.3285,50.7937,66.9668,414,315,162,553,57.1872,22.6573,34.5299,-0.158926,-0.011006,310,266,312,338,218,3.902196,1.406505,0.160269,0.560194,0.250302,0.138017,False,False,False,4,1.211353,0.560194,0.250302,0.820999,63.7097,-1.258171,1,1.781112,0.874401,0.630549,0.891794,-0.707175,1.303836,-0.922347,0.190744,1.303836,-0.922347,105.123,119.558,86.165,1.754269,0.956638,False,7.845217,1.220387,False
2024,53302,이승원,R,146,41,41,2,13,0,4.878,31.7073,0.0,False,43.1507,56.8493,45.8904,58.209,30.3797,27.8293,62.8571,53.125,45.4545,19.3548,20.0,43.5023,66.6667,33.3333,74.359,54.1667,64.3836,39,24,28,55,58.5106,33.7349,24.7757,-9.064178,-6.208341,35,32,33,31,15,,,,,,,,,,,,-1.076464,-1.635155,-1.315482,69.6203,-0.253219,1,2.44969,-0.762257,-1.254908,-1.244687,0.297777,-1.81978,0.388381,-0.715699,-1.81978,0.388381,80.778,72.703,105.826,,,,,,
2024,51100,이영빈,L,283,71,71,4,20,0,5.6338,28.169,0.0,False,47.7032,52.2968,48.7633,63.0435,33.1034,29.9401,64.9351,60.6557,49.0909,29.6875,7.6923,35.2476,74.0741,25.9259,87.3563,50.0,65.0177,87,48,51,97,52.7174,34.4595,18.2579,0.872374,0.308259,77,61,55,64,26,,,,,,,,,,,,-1.118455,-1.026664,-0.559678,66.8966,-0.716317,1,1.357529,-0.804248,-0.646417,-0.488883,-0.165321,-0.714766,-0.215623,-0.465195,-0.714766,-0.215623,87.506,89.279,96.766,,,,,,
2024,74163,이용규,L,895,227,227,31,33,9,13.6564,14.5374,3.9648,True,42.0112,57.9888,42.5698,63.5171,26.07,37.4471,71.1443,55.0,45.3125,20.8738,3.4483,50.2705,88.2979,11.7021,90.9091,83.5821,69.4972,242,134,139,380,61.0932,26.7823,34.3109,2.378295,0.265731,201,180,192,206,116,0.440288,-1.640894,0.326631,0.063207,-0.292014,0.281281,False,False,False,2,1.643898,0.063207,-0.292014,-0.485638,73.93,0.479539,2,1.213805,0.439374,0.035209,-0.019277,0.105089,-0.028184,0.137064,0.05444,-0.028184,0.137064,101.462,99.577,102.056,4.410568,2.405172,True,-5.08748,-0.791399,False
2024,63260,이우성,R,1797,450,450,44,89,3,9.7778,19.7778,0.6667,True,43.7952,56.2048,44.9082,67.9058,24.1414,43.7644,76.6744,57.754,43.7158,17.1795,5.1282,59.4949,78.9072,21.0928,87.7737,58.5774,72.2871,548,239,259,751,57.8137,25.6436,32.1701,-6.80319,-0.378586,433,374,366,390,234,6.817927,3.749913,-0.48774,0.978772,0.667335,-0.420021,False,False,False,3,1.105994,0.978772,0.667335,0.200472,75.8586,0.807449,3,0.929118,0.668677,0.367404,-0.020449,0.718359,-0.029898,0.936933,0.453518,-0.029898,0.936933,112.18,99.552,114.054,-1.198687,-0.653668,False,0.156859,0.024401,False
2024,68700,이원석,R,588,147,147,15,32,2,10.2041,21.7687,1.3605,True,42.0068,57.9932,45.4082,65.5431,22.4299,43.1132,72.2973,57.1429,32.7731,22.8571,1.6129,49.4402,75.3036,24.6964,86.2857,48.6111,72.1088,175,72,92,249,58.7264,26.9795,31.7469,-3.914947,-0.665807,148,119,119,140,62,1.138284,2.276514,-0.5896,0.16341,0.405129,-0.507739,False,False,False,3,2.586546,0.16341,0.405129,-0.168902,77.5701,1.098448,2,1.926502,0.539577,0.732352,0.297459,0.723998,0.434896,0.944288,0.689592,0.434896,0.944288,118.52,106.523,114.164,-0.788254,-0.429851,False,1.049514,0.16326,False
2024,75566,이원석,R,401,104,104,14,16,2,13.4615,15.3846,1.9231,True,44.6384,55.3616,49.8753,69.0,20.398,48.602,77.5701,59.1398,36.1111,15.5556,2.5641,62.0145,87.7095,12.2905,94.9275,63.4146,74.3142,138,41,62,160,53.6913,27.9279,25.7634,-6.949396,-1.733016,107,93,72,90,39,8.086179,6.789196,-1.888619,1.160841,1.208206,-1.626399,False,False,True,2,2.340848,1.160841,1.208206,0.371534,79.602,1.443922,3,1.976581,0.850746,0.908275,0.150613,1.354832,0.220201,1.767065,0.993633,0.220201,1.767065,126.686,103.303,126.506,0.688872,0.375656,False,-4.827292,-0.750924,False
2024,67207,이유찬,R,1006,261,261,22,51,1,8.4291,19.5402,0.3831,True,45.5268,54.4732,46.5209,63.6752,29.7398,33.9354,68.1633,58.7444,44.2478,25.8883,7.8261,42.275,80.5677,19.4323,84.2282,73.75,67.1968,298,160,170,378,55.9172,31.0219,24.8953,-10.38421,-1.032228,245,223,226,197,115,-3.691128,-3.389634,-0.82393,-0.529893,-0.603219,-0.709534,False,False,False,2,1.539023,-0.529893,-0.603219,-0.460921,70.2602,-0.14442,2,1.071668,-0.153726,-0.275996,0.00544,-0.51887,0.007953,-0.676746,-0.334396,0.007953,-0.676746,91.019,100.119,89.849,0.944069,0.51482,False,-0.170069,-0.026456,False
2024,50608,이인한,R,15,5,5,0,1,1,0.0,20.0,20.0,False,33.3333,66.6667,46.6667,57.1429,12.5,44.6429,75.0,33.3333,33.3333,0.0,0.0,75.0,80.0,20.0,75.0,100.0,73.3333,4,1,3,7,63.6364,30.0,33.6364,1.414972,9.43315,4,3,3,2,3,,,,,,,,,,,,1.304203,-0.171567,-1.482152,87.5,2.786782,2,4.061305,1.68037,0.155656,-1.015791,2.412332,-1.485125,3.14633,0.830602,-1.485125,3.14633,122.308,77.723,147.195,,,,,,
2024,54305,이재상,R,313,87,87,1,32,1,1.1494,36.7816,1.1494,True,56.869,43.131,45.0479,70.922,45.3488,25.5732,75.3247,65.625,59.4203,47.1429,12.1212,28.1818,62.3596,37.6404,77.0,43.5897,61.9808,100,78,41,94,48.4536,30.3704,18.0832,-10.261437,-3.278414,77,64,69,70,33,-1.405915,-4.253321,-2.810305,-0.201831,-0.756921,-2.420117,False,False,True,4,1.829762,-0.201831,-0.756921,0.672011,54.6512,-2.798345,1,1.351105,0.112376,-0.376674,0.742806,-2.247349,1.08601,-2.931148,-0.922569,1.08601,-2.931148,75.222,116.29,56.033,-1.457834,-0.794986,False,14.523673,2.259275,True
2024,76812,이재원,R,493,153,153,7,21,4,4.5752,13.7255,2.6144,True,52.9412,47.0588,47.0588,68.5345,39.0805,29.454,72.8682,63.1068,62.3656,34.8214,8.9286,38.0468,85.0575,14.9425,89.9371,77.451,64.503,159,102,73,159,50.0,31.4655,18.5345,-10.348575,-2.099102,129,103,93,112,56,-1.035642,-3.383792,-1.812856,-0.148675,-0.60218,-1.561155,False,False,True,1,2.017319,-0.148675,-0.60218,0.29876,60.9195,-1.732575,1,1.869655,0.165532,-0.221933,0.369555,-1.181579,0.540303,-1.541097,-0.500397,0.540303,-1.541097,86.561,108.105,76.884,-1.039691,-0.566965,False,-7.242922,-1.126695,False
2024,52415,이재현,R,2004,458,458,57,83,8,12.4454,18.1223,1.7467,True,38.8723,61.1277,44.2615,59.4138,22.5604,36.8534,65.7787,51.6291,36.1111,20.1699,5.6,45.6088,82.0282,17.9718,88.0455,69.4444,69.4611,527,252,360,865,62.1408,29.3878,32.753,11.194779,0.558622,488,399,396,471,250,-4.763824,-3.920594,0.705461,-0.683888,-0.697709,0.607513,False,False,False,2,0.943099,-0.683888,-0.697709,-1.127129,77.4396,1.076259,2,0.757596,-0.307721,-0.370486,-0.660768,0.701809,-0.966068,0.915348,-0.02536,-0.966068,0.915348,99.319,85.509,113.73,1.515649,0.826514,False,0.713761,0.111031,False
2024,67644,이정훈,L,475,116,116,12,21,0,10.3448,18.1034,0.0,True,45.8947,54.1053,44.0,69.8565,27.0677,42.7888,71.9626,67.6471,42.7184,24.3243,1.9231,47.6383,80.7339,19.2661,92.4658,56.9444,71.5789,146,72,63,194,57.0588,24.5136,32.5452,1.812479,0.381575,107,102,103,111,52,0.466982,4.180098,0.491,0.067039,0.74389,0.422829,False,False,False,3,1.847676,0.067039,0.74389,0.505436,72.9323,0.309904,3,1.4976,-0.243056,0.443959,0.284515,0.220814,0.415971,0.288001,0.351986,0.415971,0.288001,109.453,106.24,104.32,0.772396,0.421203,False,-2.571201,-0.399971,False
2024,51560,이주찬,R,93,25,25,1,9,0,4.0,36.0,0.0,False,51.6129,48.3871,51.6129,72.9167,28.8889,44.0278,76.6667,66.6667,36.3636,34.7826,9.0909,41.8841,62.5,37.5,71.4286,38.4615,72.043,35,13,13,32,47.7612,28.8889,18.8723,-1.416081,-1.522667,30,18,11,23,11,,,,,,,,,,,,0.39791,1.12008,0.983854,71.1111,0.000254,3,1.799898,0.087815,0.820149,0.762933,-0.088836,1.115436,-0.115866,0.499785,1.115436,-0.115866,113.423,116.732,98.262,,,,,,
2024,52154,이주헌,R,20,6,6,0,2,0,0.0,33.3333,0.0,False,55.0,45.0,40.0,87.5,33.3333,54.1667,83.3333,100.0,33.3333,75.0,0.0,8.3333,63.6364,36.3636,85.7143,25.0,75.0,7,4,1,8,53.3333,11.1111,42.2222,3.204489,16.022444,6,2,3,4,5,,,,,,,,,,,,0.030401,3.304357,3.263742,66.6667,-0.755406,4,6.192867,-0.719458,2.557227,2.359407,-0.236343,3.449542,-0.308255,1.570644,3.449542,-0.308255,142.183,151.743,95.376,,,,,,
2024,50167,이주형,L,1982,525,524,47,115,14,8.9695,21.9466,2.6718,True,48.5368,51.4632,46.8214,71.3362,28.463,42.8732,79.1579,63.1347,46.6125,24.8869,7.4074,54.271,72.869,27.131,80.9668,55.0,71.443,662,300,266,754,53.2486,26.0784,27.1702,4.799808,0.24217,475,453,369,442,243,7.533211,4.934796,0.22932,1.081457,0.878197,0.197481,False,False,False,3,0.952116,1.081457,0.878197,0.736766,71.537,0.072668,3,0.603798,0.771362,0.578266,0.515845,-0.016422,0.754184,-0.021419,0.366382,0.754184,-0.021419,109.84,111.313,99.679,0.066539,0.036285,False,0.472774,0.073544,False
2024,79456,이지영,R,1380,433,432,18,35,7,4.1667,8.1019,1.6204,True,53.3333,46.6667,45.0,66.0225,42.9513,23.0712,69.4534,62.5806,58.6614,45.1411,17.7419,24.3123,88.7228,11.2772,94.1463,81.9018,61.087,410,326,211,433,51.3642,32.764,18.6002,-13.90879,-1.007883,311,310,254,319,186,-6.817966,-7.907073,-0.468439,-0.978778,-1.407143,-0.4034,False,False,False,1,2.191893,-0.978778,-1.407143,-0.093955,57.0487,-2.390709,1,1.71812,-0.664571,-1.026896,-0.02316,-1.839713,-0.033861,-2.399481,-1.216671,-0.033861,-2.399481,67.324,99.492,64.008,0.409111,0.223097,False,-11.509589,-1.79041,True
2024,66657,이진영,R,444,103,103,8,27,2,7.767,26.2136,1.9417,True,41.6667,58.3333,45.2703,65.1741,22.2222,42.9519,61.8182,69.2308,38.4615,17.8947,3.5088,43.9235,72.4324,27.5676,80.916,51.8519,72.0721,131,54,70,189,59.0625,27.027,32.0355,-2.360893,-0.531733,110,91,91,95,57,-8.202353,2.015436,-0.353825,-1.177518,0.358667,-0.304699,False,False,False,3,2.516012,-1.177518,0.358667,-0.22659,77.7778,1.133762,2,2.364751,-0.801351,0.68589,0.239771,0.759312,0.350554,0.990347,0.67045,0.350554,0.990347,118.006,105.258,114.855,-3.325027,-1.813204,True,5.693708,0.885703,False
2024,51407,이창용,R,62,21,21,0,4,0,0.0,19.0476,0.0,False,74.1935,25.8065,40.3226,88.0,64.8649,23.1351,90.0,86.6667,70.5882,68.75,25.0,21.25,71.7391,28.2609,86.3636,58.3333,56.4516,22,24,3,13,37.1429,18.75,18.3929,-3.256904,-5.253071,10,15,17,16,4,,,,,,,,,,,,1.193306,0.477654,3.34191,35.1351,-6.116576,4,4.520108,0.443447,-0.269476,2.437575,-5.597513,3.563826,-7.300663,-1.868418,3.563826,-7.300663,49.82,153.457,-9.51,,,,,,
2024,64560,이창진,R,990,247,246,44,36,2,17.8862,14.6341,0.813,True,37.3737,62.6263,43.7374,64.4342,16.3375,48.0967,68.0328,59.7884,32.6633,9.1667,3.3898,58.8661,79.1892,20.8108,85.6631,59.3407,75.2525,279,91,154,466,62.5503,24.8387,37.7116,-9.291384,-0.938524,244,189,199,240,118,0.014607,4.333245,-1.036086,0.002097,0.771145,-0.892234,False,False,False,2,2.052358,0.002097,0.771145,-0.342262,83.6625,2.13431,2,2.071627,0.378264,1.098368,0.124099,1.75986,0.181437,2.295331,1.238384,0.181437,2.295331,133.259,102.722,134.43,3.970572,2.165233,True,-5.486258,-0.853432,False
2024,69453,이학주,L,443,106,106,6,44,2,5.6604,41.5094,1.8868,True,55.5305,44.4695,46.5011,75.7282,37.9747,37.7535,83.0189,68.0,62.0253,31.4286,15.0943,51.5903,62.1951,37.8049,69.2308,50.0,68.3973,156,90,50,147,48.5149,25.3807,23.1342,-7.111615,-1.605331,106,100,79,105,53,9.893427,4.384485,-1.568762,1.420287,0.780263,-1.350952,False,False,False,4,2.347561,1.420287,0.780263,1.423391,62.0253,-1.544561,4,1.590296,0.670428,0.033133,0.519056,-1.025498,0.758879,-1.337525,-0.289323,0.758879,-1.337525,92.23,111.383,79.937,-0.394872,-0.215332,False,20.024546,3.114981,True
2024,78135,이형종,R,497,128,128,22,27,1,17.1875,21.0938,0.7812,True,39.2354,60.7646,44.0644,66.6667,17.6259,49.0408,73.2143,59.8131,34.5679,13.8211,5.4054,59.3932,71.7949,28.2051,79.4521,48.9796,75.4527,146,49,73,229,61.0667,24.1722,36.8945,2.273834,0.457512,112,107,81,123,74,4.128304,5.896289,0.350233,0.592654,1.049304,0.301606,False,False,False,3,2.183754,0.592654,1.049304,0.006757,82.3741,1.915249,3,1.828153,0.282559,0.749373,-0.214164,1.826159,-0.313116,2.381803,1.034344,-0.313116,2.381803,127.78,95.303,135.727,3.084786,1.682196,True,2.142267,0.333247,False
2024,68504,이호연,L,171,43,43,1,12,0,2.3256,27.907,0.0,False,44.4444,55.5556,47.3684,54.321,35.5556,18.7654,64.4444,41.6667,33.3333,46.6667,14.2857,17.7777,76.3158,23.6842,84.0909,65.625,59.6491,44,32,37,58,56.8627,38.9474,17.9153,-9.567495,-5.595027,45,36,24,45,21,,,,,,,,,,,,-1.748108,-2.805672,-1.923315,64.4444,-1.133253,2,3.870319,-1.371941,-2.478449,-1.456954,-1.507703,-2.130122,-1.96645,-2.048286,-2.130122,-1.96645,44.989,68.048,70.503,,,,,,
2024,54598,이호준,L,32,7,7,1,1,0,14.2857,14.2857,0.0,False,53.125,46.875,43.75,71.4286,38.8889,32.5397,62.5,83.3333,42.8571,50.0,20.0,12.5,82.3529,17.6471,80.0,85.7143,65.625,10,7,4,11,52.381,26.6667,25.7143,1.505648,4.70515,8,6,7,6,5,,,,,,,,,,,,-2.137026,-0.069429,0.751211,61.1111,-1.699999,1,4.118438,-1.822819,0.310818,0.822006,-1.149003,1.201803,-1.498609,-0.148403,1.201803,-1.498609,96.014,118.027,77.521,,,,,,
2024,64346,임병욱,L,344,92,92,4,32,0,4.3478,34.7826,0.0,True,57.5581,42.4419,44.4767,81.0458,38.7435,42.3023,82.9268,78.8732,61.0169,35.1648,14.6341,47.762,64.1414,35.8586,73.3871,48.6486,70.0581,124,74,29,117,48.5477,19.863,28.6847,-3.281686,-0.953978,82,71,59,91,41,8.944176,9.302614,-0.846833,1.284013,1.655494,-0.729257,False,True,False,4,2.606758,1.284013,1.655494,2.254721,61.2565,-1.675277,4,1.492027,0.534154,0.908364,1.350386,-1.156214,1.974315,-1.508014,0.233151,1.974315,-1.508014,106.262,129.615,77.38,-1.338637,-0.729986,False,10.425388,1.621754,True
2024,54236,임종성,R,20,4,4,1,1,0,25.0,25.0,0.0,False,50.0,50.0,35.0,71.4286,38.4615,32.9671,75.0,66.6667,66.6667,25.0,0.0,50.0,90.0,10.0,100.0,80.0,65.0,5,5,2,8,61.5385,20.0,41.5385,-0.78927,-3.946352,4,3,6,4,3,,,,,,,,,,,,0.48083,-0.029908,0.751211,61.5385,-1.62733,3,3.293818,0.170735,-0.329839,0.53029,-1.71642,0.775304,-2.238674,-0.731685,0.775304,-2.238674,80.349,111.63,66.42,,,,,,
2024,50704,임종찬,L,222,62,62,5,19,1,8.0645,30.6452,1.6129,False,50.0,50.0,45.9459,75.4902,28.3333,47.1569,81.4815,68.75,50.0,22.9508,8.6957,58.5307,66.6667,33.3333,76.6234,44.1176,73.4234,77,34,25,86,52.7607,22.5225,30.2382,-9.657314,-4.350141,54,48,36,61,23,,,,,,,,,,,,1.478795,1.629436,1.386183,71.6667,0.09472,4,1.127153,0.728936,0.882306,0.481848,0.613783,0.704479,0.800538,0.752509,0.704479,0.800538,120.21,110.567,112.008,,,,,,
2024,64340,임지열,R,234,55,55,7,16,0,12.7273,29.0909,0.0,False,44.4444,55.5556,44.8718,65.7143,27.1318,38.5825,74.2424,51.2821,48.9796,20.8333,3.125,53.4091,72.1154,27.8846,82.6087,51.4286,69.6581,69,35,36,94,57.6687,27.6923,29.9764,-8.081264,-3.453532,66,39,49,48,32,,,,,,,,,,,,0.5093,0.000817,-0.142137,72.8682,0.299006,3,1.912721,0.199205,-0.299114,-0.363058,0.209916,-0.530805,0.273787,-0.128509,-0.530805,0.273787,96.549,92.038,104.107,,,,,,
2024,50244,장규빈,R,19,4,4,0,1,0,0.0,25.0,0.0,False,63.1579,36.8421,26.3158,80.0,57.1429,22.8571,100.0,0.0,100.0,40.0,0.0,60.0,58.3333,41.6667,75.0,50.0,52.6316,4,8,1,6,60.0,14.2857,45.7143,-0.558203,-2.937909,4,1,6,5,3,,,,,,,,,,,,3.575771,-0.231984,2.091225,42.8571,-4.80364,3,12.231992,3.265676,-0.531915,1.870304,-4.89273,2.734455,-6.381437,-1.823491,2.734455,-6.381437,51.026,141.017,4.278,,,,,,
2024,51762,장규현,L,27,7,7,1,1,0,14.2857,14.2857,0.0,False,44.4444,55.5556,44.4444,75.0,20.0,55.0,100.0,66.6667,66.6667,14.2857,0.0,85.7143,83.3333,16.6667,88.8889,66.6667,77.7778,9,3,3,12,57.1429,20.0,37.1429,-2.523033,-9.344567,3,9,3,7,5,,,,,,,,,,,,4.42267,2.312769,1.309548,80.0,1.511592,4,4.323243,3.672811,1.565639,0.405213,2.030655,0.592436,2.648521,1.620478,0.592436,2.648521,143.521,108.887,139.728,,,,,,
2024,68507,장두성,L,133,37,37,3,9,2,8.1081,24.3243,5.4054,False,48.8722,51.1278,48.8722,61.5385,36.7647,24.7738,69.697,53.125,62.5,32.3529,22.2222,37.3441,78.4615,21.5385,97.5,48.0,62.406,40,25,25,43,51.8072,36.7647,15.0425,-5.523123,-4.152724,33,32,16,34,18,,,,,,,,,,,,-0.522629,-1.63305,-0.794963,63.2353,-1.338831,1,3.092354,-0.208422,-1.252803,-0.724168,-0.787835,-1.058761,-1.027549,-1.043155,-1.058761,-1.027549,71.984,84.119,84.587,,,,,,
2024,78548,장성우,R,2000,487,487,59,86,1,12.115,17.6591,0.2053,True,39.15,60.85,45.85,59.4329,21.976,37.4569,67.6707,49.642,36.6995,17.437,2.9851,50.2337,80.4598,19.5402,86.055,67.6471,69.5,545,238,372,845,60.7914,30.567,30.2244,16.463753,0.823188,498,419,406,476,201,-2.244848,-3.597838,0.884766,-0.322267,-0.640271,0.761923,False,False,False,2,1.412858,-0.322267,-0.640271,-1.124143,78.024,1.175622,2,1.103172,0.0539,-0.313048,-0.657782,0.801172,-0.961703,1.044944,0.041621,-0.961703,1.044944,101.118,85.574,115.674,0.904836,0.493425,False,0.240321,0.037384,False
2024,63202,장승현,R,85,23,23,2,5,0,8.6957,21.7391,0.0,False,49.4118,50.5882,50.5882,60.4651,38.0952,22.3699,63.1579,58.3333,47.3684,41.1765,0.0,21.9814,78.5714,21.4286,88.4615,62.5,61.1765,26,16,17,26,50.0,39.5349,10.4651,-1.297729,-1.52674,19,24,19,17,6,,,,,,,,,,,,-1.751977,-1.947101,-0.962774,61.9048,-1.56505,2,2.303413,-1.37581,-1.619878,-0.496413,-1.9395,-0.725775,-2.52963,-1.627703,-0.725775,-2.52963,56.285,89.113,62.056,,,,,,
2024,51359,장재영,R,569,139,139,17,64,3,12.2302,46.0432,2.1583,True,43.4095,56.5905,46.7487,63.9098,25.4125,38.4973,73.1884,53.9062,47.9167,19.3798,7.6923,53.8086,53.0364,46.9636,62.3529,32.4675,69.5958,170,77,96,226,57.0707,29.8137,27.257,-7.73265,-1.358989,138,128,96,129,78,2.827139,-0.906554,-1.363315,0.40586,-0.16133,-1.17403,False,False,False,4,3.624311,0.40586,-0.16133,-0.424245,74.5875,0.59133,3,1.518627,0.095765,-0.461261,-0.645166,0.50224,-0.943257,0.655056,-0.144101,-0.943257,0.655056,96.13,85.851,109.826,1.863582,1.016249,False,28.580781,4.445973,True
2024,64115,장준원,R,79,18,18,4,5,0,22.2222,27.7778,0.0,False,35.443,64.557,41.7722,57.5758,19.5652,38.0106,73.6842,35.7143,38.8889,9.5238,0.0,64.1604,75.0,25.0,78.9474,66.6667,70.8861,19,9,14,37,66.0714,27.451,38.6204,-1.457276,-1.844654,19,14,18,21,7,,,,,,,,,,,,0.801643,-0.747838,-1.414474,80.4348,1.585519,2,3.398883,1.17781,-0.420615,-0.948113,1.211069,-1.386177,1.57956,0.096692,-1.386177,1.57956,102.597,79.207,123.693,,,,,,
2024,66706,장진혁,L,1267,317,316,29,71,3,9.1772,22.4684,0.9494,True,46.1721,53.8279,44.7514,67.3721,29.0,38.3721,73.4043,61.4035,47.1264,25.0,5.298,48.4043,72.9915,27.0085,80.6283,58.6207,69.3765,382,203,185,497,56.5415,27.1261,29.4154,-1.925535,-0.151976,282,285,261,288,151,1.753664,0.691669,-0.056672,0.251754,0.123089,-0.048804,False,False,False,3,0.845488,0.251754,0.123089,0.117036,71.0,-0.018635,3,0.668955,-0.058341,-0.176842,-0.103885,-0.107725,-0.151884,-0.140502,-0.146193,-0.151884,-0.140502,96.074,97.722,97.892,0.532005,0.290113,False,3.135766,0.487794,False
2024,54214,전다민,L,153,34,34,7,8,0,20.5882,23.5294,0.0,False,43.7908,56.2092,44.4444,69.1176,23.5294,45.5882,73.3333,65.7895,34.7826,25.0,5.5556,48.3333,76.1194,23.8806,80.8511,65.0,73.2026,47,20,21,65,58.0357,24.4186,33.6171,3.251121,2.124915,30,38,23,44,18,,,,,,,,,,,,0.241561,0.939578,0.389919,76.4706,0.911505,3,1.830906,-0.068534,0.639647,0.168998,0.822415,0.247081,1.07265,0.659865,0.247081,1.07265,117.722,103.706,116.09,,,,,,
2024,68205,전민재,R,1011,278,278,17,53,4,6.1151,19.0647,1.4388,True,53.0168,46.9832,46.1919,70.0214,38.4191,31.6023,73.4694,66.2162,55.1546,38.5281,10.9244,34.9413,77.0522,22.9478,85.0153,64.5933,65.4797,327,209,140,335,50.6042,29.4737,21.1305,-11.627049,-1.150054,245,222,194,231,119,-1.284825,-1.553227,-0.806557,-0.184448,-0.276412,-0.694573,False,False,False,1,1.168495,-0.184448,-0.276412,0.531216,61.5809,-1.620121,1,1.16189,0.129759,0.103835,0.602011,-1.069125,0.880162,-1.394427,-0.257133,0.880162,-1.394427,93.094,113.202,79.084,0.182869,0.099722,False,-2.706728,-0.421054,False
2024,65586,전병우,R,550,128,128,14,42,1,10.9375,32.8125,0.7812,True,44.5455,55.4545,44.5455,68.1633,25.5738,42.5895,75.7812,59.8291,44.4444,20.0,5.9701,55.7812,73.0612,26.9388,82.0359,53.8462,71.6364,167,78,78,227,57.6142,25.5738,32.0404,-3.315658,-0.602847,128,117,108,130,67,5.277654,3.263134,-0.643538,0.757653,0.580708,-0.554188,False,False,False,3,0.896573,0.757653,0.580708,0.240728,74.4262,0.563905,3,0.529425,0.447558,0.280777,0.019807,0.474815,0.028958,0.619287,0.324123,0.028958,0.619287,108.705,100.434,109.289,0.648342,0.353554,False,13.052604,2.030439,True
2024,50820,전의산,L,260,63,63,5,15,0,7.9365,23.8095,0.0,False,51.5385,48.4615,46.5385,74.3802,31.6547,42.7255,75.0,73.4694,55.814,29.2308,3.2258,45.7692,63.4328,36.5672,71.1111,47.7273,71.1538,90,44,31,95,51.3514,24.6032,26.7482,-13.262342,-5.100901,72,49,43,65,31,,,,,,,,,,,,0.341489,1.124775,1.212651,68.3453,-0.470002,4,2.188809,-0.40837,0.377645,0.308316,0.049061,0.450769,0.063989,0.257379,0.450769,0.063989,106.912,106.762,100.96,,,,,,
2024,78513,전준우,R,1849,483,482,48,84,5,9.9585,17.4274,1.0373,True,45.3218,54.6782,42.888,67.5914,28.5985,38.9929,75.6962,59.5477,50.0,21.6769,5.5838,54.0193,78.6396,21.3604,86.194,65.2318,69.7674,536,302,257,754,58.4496,25.4204,33.0292,10.271287,0.555505,395,398,370,489,197,4.807943,1.11959,0.547295,0.690222,0.199242,0.471307,False,False,False,3,0.982192,0.690222,0.199242,0.15132,71.4015,0.04963,3,0.768593,0.380127,-0.100689,-0.069601,-0.03946,-0.10176,-0.051466,-0.076613,-0.10176,-0.051466,97.942,98.474,99.228,1.120593,0.611082,False,-2.023708,-0.314804,False
2024,67123,전준호,R,5,1,1,0,1,0,0.0,100.0,0.0,False,100.0,0.0,40.0,100.0,100.0,0.0,,100.0,100.0,100.0,100.0,,60.0,40.0,50.0,66.6667,40.0,2,3,0,0,0.0,,,-0.728337,-14.566746,0,2,1,1,1,,,,,,,,,,,,,-0.63572,5.217936,0.0,-12.090432,,,,-0.63572,5.217936,-12.090432,7.628819,-15.769177,-4.070179,7.628819,-15.769177,-9.313,214.432,-136.538,,,,,,
2024,53568,정대선,R,8,2,2,0,2,0,0.0,100.0,0.0,False,50.0,50.0,50.0,50.0,50.0,0.0,,50.0,100.0,0.0,50.0,,50.0,50.0,50.0,50.0,50.0,2,2,2,2,50.0,50.0,0.0,-0.477667,-5.970843,0,4,1,1,2,,,,,,,,,,,,,-4.910292,-2.598841,50.0,-3.589167,,,,-4.910292,-2.598841,-3.589167,-3.799604,-4.68124,-4.240422,-3.799604,-4.68124,-13.886,43.006,29.781,,,,,,
2024,68518,정보근,R,476,140,140,3,31,0,2.1429,22.1429,0.0,True,52.7311,47.2689,45.3782,68.5185,39.6154,28.9031,67.9245,69.0909,52.4272,38.0952,17.3077,29.8293,74.9004,25.0996,85.1351,60.1942,64.0756,148,103,68,157,51.4754,30.2222,21.2532,-20.322583,-4.26945,106,110,103,105,52,-6.73041,-3.677728,-3.831713,-0.966208,-0.654489,-3.29971,False,False,True,1,1.718692,-0.966208,-0.654489,0.296259,60.3846,-1.823522,1,1.566164,-0.652001,-0.274242,0.367054,-1.272526,0.536646,-1.659716,-0.561535,0.536646,-1.659716,84.919,108.05,75.104,-3.215235,-1.753333,True,1.183143,0.184047,False
2024,79231,정수빈,L,2494,611,610,71,71,9,11.6393,11.6393,1.4754,True,38.6929,61.3071,47.1131,57.2766,22.138,35.1386,62.1875,51.4019,37.7399,18.4725,3.8328,43.715,87.9793,12.0207,93.7593,74.6575,68.1636,673,292,502,1027,60.4118,32.8319,27.5799,5.180127,0.207704,640,535,469,563,287,-7.96561,-5.838313,0.389456,-1.143532,-1.038987,0.335383,False,False,False,2,1.032574,-1.143532,-1.038987,-1.46125,77.862,1.148078,2,0.862889,-0.767365,-0.711764,-0.994889,0.773628,-1.454566,1.009019,-0.222773,-1.454566,1.009019,94.017,78.182,115.135,0.506884,0.276414,False,-4.614908,-0.717886,False
2024,69159,정우영,R,3,1,1,0,1,0,0.0,100.0,0.0,False,66.6667,33.3333,100.0,66.6667,,,66.6667,,,,,,0.0,100.0,0.0,,66.6667,2,0,1,0,0.0,100.0,-100.0,-0.481429,-16.047619,3,0,0,0,0,,,,,,,,,,,,,,0.006757,,,,,,,0.006757,,0.009879,,,0.009879,,,100.148,,,,,,,
2024,68743,정은원,L,341,79,78,13,16,0,16.6667,20.5128,0.0,True,32.2581,67.7419,43.9883,51.3333,17.2775,34.0558,63.3333,33.3333,31.8841,12.1622,4.1667,51.1711,79.0909,20.9091,88.3117,57.5758,68.915,77,33,73,158,67.234,31.6017,35.6323,-5.692141,-1.66925,90,60,69,74,48,-5.372114,-9.256082,-1.624953,-0.771213,-1.647213,-1.399341,False,True,False,2,3.598212,-0.771213,-1.647213,-2.390399,82.7225,1.974486,2,3.484915,-0.395046,-1.31999,-1.924038,1.600036,-2.813017,2.086877,-0.36307,-2.813017,2.086877,90.249,57.805,131.303,3.202127,1.746185,True,7.468883,1.161845,False
2024,53058,정준영,L,298,74,74,8,16,1,10.8108,21.6216,1.3514,False,42.6174,57.3826,50.6711,56.9536,27.8912,29.0624,64.0,50.0,43.5897,23.6842,18.75,40.3158,84.252,15.748,90.6977,70.7317,64.4295,86,41,65,106,55.2083,38.0117,17.1966,-4.109148,-1.378909,75,76,39,76,32,,,,,,,,,,,,-1.054979,-1.628458,-1.511746,72.1088,0.169889,1,2.624025,-0.740772,-1.248211,-1.440951,0.720885,-2.106725,0.940228,-0.583249,-2.106725,0.940228,84.336,68.399,114.103,,,,,,
2024,54812,정준재,L,949,240,240,19,49,3,7.9167,20.4167,1.25,True,42.0443,57.9557,45.9431,59.8624,26.9006,32.9618,60.8163,58.6387,46.3415,25.6522,2.521,35.1641,81.9549,18.0451,88.5057,69.5652,67.0179,261,138,175,375,58.9623,31.8182,27.1441,7.304136,0.769667,245,191,164,230,119,-10.983963,-5.727176,1.109056,-1.576842,-1.019209,0.955072,True,False,False,2,1.476248,-1.576842,-1.019209,-1.056997,73.0994,0.338316,2,1.483462,-1.200675,-0.691986,-0.590636,-0.036134,-0.863533,-0.047128,-0.45533,-0.863533,-0.047128,87.771,87.047,99.293,-0.930583,-0.507466,False,2.765857,0.430252,False
2024,54815,정현승,L,114,32,32,2,6,0,6.25,18.75,0.0,False,56.1404,43.8596,44.7368,76.4706,39.6825,36.7881,71.875,84.2105,60.0,35.7143,20.0,36.1607,68.75,31.25,74.359,60.0,67.5439,39,25,12,38,49.3506,24.0,25.3506,-2.321319,-2.036245,32,19,20,28,15,,,,,,,,,,,,-0.320665,0.754463,1.539455,60.3175,-1.834931,4,3.408401,-1.070524,0.007333,0.63512,-1.315868,0.928569,-1.716246,-0.393838,0.928569,-1.716246,89.423,113.929,74.256,,,,,,
2024,60523,정훈,R,1299,327,327,35,63,0,10.7034,19.2661,0.0,True,42.8791,57.1209,46.1894,63.3333,25.3219,38.0114,69.8675,56.7114,42.6778,22.6148,6.2147,47.2527,81.149,18.851,88.4211,65.5367,69.438,380,177,220,522,57.8714,29.6496,28.2218,-2.29286,-0.17651,302,298,239,283,177,-1.235928,-1.435978,-0.059976,-0.177428,-0.255547,-0.051649,False,False,False,2,0.948076,-0.177428,-0.255547,-0.514372,74.6781,0.606735,2,0.881377,0.198739,0.071676,-0.048011,0.232285,-0.070194,0.302962,0.116384,-0.070194,0.302962,103.126,98.947,104.544,1.098686,0.599136,False,-0.259527,-0.040372,False
2024,54295,제러드,L,685,169,169,21,35,3,12.426,20.7101,1.7751,True,46.5693,53.4307,42.0438,77.4306,24.1814,53.2492,84.5638,69.7842,44.5312,18.2292,5.1948,66.3346,73.6677,26.3323,81.6143,55.2083,76.4964,223,96,65,301,57.4427,17.7596,39.6831,17.626118,2.573156,149,139,128,192,77,14.466507,13.253929,2.337911,2.076792,2.35867,2.013311,True,True,True,3,1.869007,2.076792,2.35867,1.689537,75.8186,0.800648,4,2.376283,1.326933,1.61154,0.785202,1.319711,1.147994,1.721258,1.434626,1.147994,1.721258,138.53,117.22,125.819,-0.247532,-0.134984,False,-1.694343,-0.263569,False
2024,68089,조대현,R,163,46,46,3,12,0,6.5217,26.087,0.0,False,47.8528,52.1472,46.6258,63.1579,34.4828,28.6751,63.4146,62.8571,50.0,33.3333,0.0,30.0813,75.641,24.359,89.5833,53.3333,64.4172,48,30,28,57,54.2857,32.9412,21.3445,-5.594456,-3.432182,41,35,32,42,13,,,,,,,,,,,,-1.45681,-1.133857,-0.541793,65.5172,-0.95085,2,2.307071,-1.080643,-0.806634,-0.075432,-1.3253,-0.110285,-1.728548,-0.919416,-0.110285,-1.728548,75.307,98.346,74.072,,,,,,
2024,66209,조수행,L,1384,385,385,33,53,3,8.5714,13.7662,0.7792,True,40.8237,59.1763,45.3757,62.4204,22.8836,39.5368,69.8225,53.7931,38.7097,17.4847,5.298,52.3378,86.3717,13.6283,93.3673,70.5202,70.448,392,173,236,583,59.7949,28.8156,30.9793,-10.047153,-0.72595,338,290,279,326,151,-0.103991,-1.08193,-0.703161,-0.014929,-0.19254,-0.605533,False,False,False,2,0.874547,-0.014929,-0.19254,-0.657091,77.1164,1.021307,2,0.910728,0.361238,0.134683,-0.19073,0.646857,-0.278855,0.843676,0.282411,-0.278855,0.843676,107.585,95.817,112.655,-2.203288,-1.201498,False,-5.266311,-0.819217,False
2024,64868,조용호,L,613,166,166,13,24,0,7.8313,14.4578,0.0,True,41.4356,58.5644,46.4927,62.1053,23.4756,38.6297,68.7075,55.0725,40.625,19.2308,0.0,49.4767,88.189,11.811,89.2655,85.7143,69.8206,177,77,108,251,58.6449,30.0836,28.5613,-6.552384,-1.068904,147,138,128,130,70,-1.619578,-1.704635,-0.99337,-0.232504,-0.303357,-0.855449,False,False,False,2,1.928652,-0.232504,-0.303357,-0.706352,76.5244,0.920652,2,1.317151,0.143663,0.023866,-0.239991,0.546202,-0.350876,0.712394,0.180759,-0.350876,0.712394,104.855,94.737,110.686,-2.659369,-1.450208,False,-4.404563,-0.685166,False
2024,51865,조형우,R,128,38,38,1,6,4,2.6316,15.7895,10.5263,False,50.0,50.0,44.5312,73.6842,30.9859,42.6983,76.4706,69.5652,69.5652,17.6471,0.0,58.8235,81.25,18.75,85.7143,72.7273,71.0938,42,22,15,49,53.8462,23.4375,30.4087,-1.501648,-1.173162,34,23,23,34,14,,,,,,,,,,,,0.934114,1.062758,1.103841,69.0141,-0.356289,4,3.299143,0.184255,0.315628,0.199506,0.162774,0.291685,0.212301,0.251993,0.291685,0.212301,106.768,104.375,103.185,,,,,,
2024,69332,주성원,R,258,62,62,6,18,0,9.6774,29.0323,0.0,False,50.0,50.0,43.4109,72.3214,32.8767,39.4447,75.8621,68.5185,50.0,24.1935,27.5,51.6686,70.5426,29.4574,79.0123,56.25,69.3798,81,48,31,98,54.7486,24.031,30.7176,-6.195705,-2.401436,58,54,44,62,40,,,,,,,,,,,,0.631154,0.645394,0.890787,67.1233,-0.677773,1,4.05422,0.945361,1.025641,0.961582,-0.126777,1.405869,-0.165351,0.620259,1.405869,-0.165351,116.658,121.088,97.52,,,,,,
2024,79192,채은성,R,1882,492,492,49,80,8,9.9593,16.2602,1.626,True,47.9809,52.0191,42.4548,68.836,32.5946,36.2414,72.7053,64.6753,51.3736,30.4636,10.5263,42.2417,79.2913,20.7087,88.0,65.7224,68.0128,550,353,249,730,57.0312,25.4341,31.5971,15.324234,0.814253,414,385,364,453,266,-0.198784,0.287803,1.023165,-0.028537,0.051217,0.881107,False,False,False,1,0.929092,-0.028537,0.051217,0.345895,67.4054,-0.629808,1,1.223911,0.28567,0.431464,0.41669,-0.078812,0.609216,-0.102792,0.253212,0.609216,-0.102792,106.801,109.138,98.458,1.232462,0.672086,False,-4.870966,-0.757718,False
2024,50054,천성호,L,922,256,256,18,43,1,7.0312,16.7969,0.3906,True,49.4577,50.5423,47.2885,66.2844,34.3621,31.9223,69.4215,62.3711,52.0468,31.7757,9.901,37.6458,81.3596,18.6404,87.8893,70.0599,65.9436,289,167,147,319,52.4671,31.5451,20.922,-3.423477,-0.37131,242,194,171,214,101,-3.783604,-3.182196,-0.077671,-0.543169,-0.566304,-0.066887,False,False,False,1,0.74518,-0.543169,-0.566304,-0.05301,65.6379,-0.930328,1,0.718848,-0.228962,-0.186057,0.017785,-0.379332,0.026002,-0.494751,-0.234374,0.026002,-0.494751,93.705,100.39,92.579,-0.84762,-0.462224,False,-2.956064,-0.45984,False
2024,67905,천재환,R,879,236,236,13,52,4,5.5085,22.0339,1.6949,True,50.1706,49.8294,45.3925,67.1679,36.0417,31.1262,70.0,64.3216,50.8876,35.2657,13.4615,34.7343,78.2313,21.7687,89.9254,60.1156,65.4152,268,173,131,307,53.3913,29.9087,23.4826,0.110541,0.012576,200,199,169,207,104,-4.005772,-3.171422,0.359889,-0.575063,-0.564386,0.309921,False,False,False,1,0.860098,-0.575063,-0.564386,0.085112,63.9583,-1.215903,1,0.482717,-0.260856,-0.184139,0.155907,-0.664907,0.227941,-0.867218,-0.319639,0.227941,-0.867218,91.415,103.419,86.992,-1.564422,-0.853111,False,1.803733,0.280585,False
2024,69802,최경모,R,180,50,50,8,7,0,16.0,14.0,0.0,False,33.8889,66.1111,43.8889,49.3671,21.7822,27.5849,52.381,45.9459,35.1351,20.0,0.0,32.381,85.2459,14.7541,87.1795,81.8182,65.5556,39,22,40,79,66.9492,33.6134,33.3358,-7.371445,-4.095247,42,37,37,45,19,,,,,,,,,,,,-2.601647,-2.413661,-2.697786,78.2178,1.208573,2,3.168607,-2.22548,-2.086438,-2.231425,0.834123,-3.262428,1.087921,-1.087254,-3.262428,1.087921,70.799,51.064,116.319,,,,,,
2024,54112,최명경,L,11,3,3,0,1,0,0.0,33.3333,0.0,False,54.5455,45.4545,54.5455,50.0,60.0,-10.0,33.3333,66.6667,50.0,,100.0,,83.3333,16.6667,100.0,66.6667,45.4545,3,3,3,2,40.0,60.0,-20.0,-0.412301,-3.748195,3,3,4,0,1,,,,,,,,,,,,,-5.834978,-2.598841,40.0,-5.28942,,,,-5.834978,-2.598841,-5.28942,-3.799604,-6.898827,-5.349215,-3.799604,-6.898827,-43.665,43.006,-3.482,,,,,,
2024,65157,최민창,L,16,3,3,0,1,0,0.0,33.3333,0.0,False,62.5,37.5,43.75,71.4286,55.5556,15.873,80.0,50.0,100.0,40.0,0.0,40.0,80.0,20.0,80.0,80.0,56.25,5,5,2,4,44.4444,33.3333,11.1111,-0.896991,-5.606196,5,2,3,5,1,,,,,,,,,,,,0.704599,-1.610576,0.751211,44.4444,-4.533759,1,7.818381,1.018806,-1.230329,0.822006,-3.982763,1.201803,-5.194595,-1.996396,1.201803,-5.194595,46.382,118.027,22.081,,,,,,
2024,68805,최상민,L,48,13,13,0,5,1,0.0,38.4615,7.6923,False,45.8333,54.1667,47.9167,65.2174,28.0,37.2174,50.0,81.8182,41.6667,22.2222,0.0,27.7778,72.7273,27.2727,80.0,57.1429,68.75,15,7,8,18,54.5455,30.7692,23.7763,0.580002,1.208338,12,11,12,9,4,,,,,,,,,,,,-3.016649,-0.167893,-0.21982,72.0,0.15139,2,4.664216,-2.640482,0.15933,0.246541,-0.22306,0.360452,-0.29093,0.034761,0.360452,-0.29093,100.934,105.407,95.636,,,,,,
2024,65905,최승민,L,55,16,16,2,3,0,12.5,18.75,0.0,False,49.0909,50.9091,54.5455,73.3333,20.0,53.3333,61.5385,82.3529,27.2727,28.5714,0.0,32.9671,70.3704,29.6296,77.2727,40.0,76.3636,22,5,8,20,47.619,28.5714,19.0476,-3.213768,-5.843215,13,17,11,7,7,,,,,,,,,,,,-1.569308,2.016163,1.048983,80.0,1.511592,3,4.97083,-1.879403,1.716232,0.828062,1.422502,1.210657,1.855325,1.532991,1.210657,1.855325,141.172,118.16,127.83,,,,,,
2024,52103,최원영,R,161,42,42,1,7,3,2.381,16.6667,7.1429,False,55.2795,44.7205,37.8882,70.4918,46.0,24.4918,77.4194,63.3333,67.6471,48.8372,8.6957,28.5822,75.2809,24.7191,86.0465,65.2174,60.2484,43,46,18,54,55.6701,25.0,30.6701,-1.534312,-0.952989,31,30,34,43,23,,,,,,,,,,,,0.043079,-0.893695,0.604756,54.0,-2.909066,1,2.584677,0.357286,-0.513448,0.675551,-2.35807,0.987681,-3.075558,-1.043938,0.987681,-3.075558,71.963,114.815,53.867,,,,,,
2024,66606,최원준,L,2031,509,508,50,66,8,9.8425,12.9921,1.5748,True,42.4914,57.5086,45.938,59.6999,27.8689,31.831,66.1017,53.1453,41.1215,24.7727,9.1304,41.329,86.2109,13.7891,91.7415,76.1438,66.4205,557,306,376,792,58.7102,32.1918,26.5184,10.096768,0.497133,472,461,428,440,230,-5.496789,-6.392808,0.722871,-0.789111,-1.137664,0.622506,False,False,False,2,1.146958,-0.789112,-1.137664,-1.082402,72.1311,0.17368,2,1.133235,-0.412945,-0.810441,-0.616041,-0.20077,-0.900676,-0.261858,-0.581267,-0.900676,-0.261858,84.389,86.49,96.072,1.459831,0.796075,False,-4.57099,-0.711055,False
2024,50707,최인호,L,955,244,244,25,30,3,10.2459,12.2951,1.2295,True,37.801,62.199,45.2356,52.5463,25.6214,26.9249,58.5774,45.0777,39.8844,25.7009,7.3529,32.8765,86.7036,13.2964,94.2731,73.8806,64.5026,227,134,205,389,63.1494,34.5118,28.6376,4.52977,0.474321,239,193,173,214,136,-13.234035,-12.378599,0.855883,-1.89986,-2.202896,0.73705,True,True,False,2,2.042802,-1.89986,-2.202896,-2.200764,74.3786,0.555812,2,2.467366,-1.523693,-1.875673,-1.734403,0.181362,-2.535763,0.236545,-1.149609,-2.535763,0.236545,69.125,61.964,103.548,0.784854,0.427997,False,-1.404046,-0.218411,False
2024,78288,최재훈,R,1403,341,341,31,57,21,9.0909,16.7155,6.1584,True,38.9879,61.0121,48.0399,57.1217,22.2222,34.8995,64.2857,47.973,37.3585,18.9274,2.0408,45.3583,85.192,14.808,91.4286,70.3704,67.8546,385,162,289,567,59.5588,33.7617,25.7971,-9.056748,-0.645527,378,296,265,317,147,-5.971773,-6.036964,-0.49407,-0.857299,-1.074338,-0.425472,False,False,False,2,1.319028,-0.857299,-1.074338,-1.485466,77.7778,1.133762,2,1.350157,-0.481132,-0.747115,-1.019105,0.759312,-1.48997,0.990347,-0.249812,-1.48997,0.990347,93.291,77.65,114.855,-2.001127,-1.091255,False,0.545106,0.084796,False
2024,75847,최정,R,2114,550,550,55,114,20,10.0,20.7273,3.6364,True,48.6282,51.3718,44.2289,75.2941,27.4809,47.8132,81.0811,69.163,46.5649,25.7669,5.0505,55.3142,74.7082,25.2918,83.8068,54.9383,73.7465,704,324,231,855,54.8428,21.2707,33.5721,36.818653,1.741658,481,454,393,489,297,9.254523,9.402998,1.709576,1.328566,1.673358,1.472215,False,True,False,3,1.179713,1.328566,1.673358,1.355526,72.5191,0.23965,3,1.631593,1.018471,1.373427,1.134605,0.15056,1.658835,0.196371,0.927603,1.658835,0.196371,124.913,124.883,102.946,0.625789,0.341255,False,-2.88441,-0.448693,False
2024,65464,최정용,L,48,13,13,1,4,0,7.6923,30.7692,0.0,False,41.6667,58.3333,41.6667,55.0,32.1429,22.8571,62.5,50.0,75.0,20.0,10.0,42.5,75.0,25.0,81.8182,66.6667,62.5,11,9,9,19,63.3333,32.1429,31.1904,-2.781199,-5.794164,8,12,8,10,10,,,,,,,,,,,,-1.148978,-2.36927,-1.817163,67.8571,-0.553008,1,4.138215,-0.834771,-1.989023,-1.746368,-0.002012,-2.553256,-0.002624,-1.27794,-2.553256,-0.002624,65.678,61.701,99.961,,,,,,
2024,69992,최정원,L,638,156,156,17,33,4,10.8974,21.1538,2.5641,True,42.6332,57.3668,45.2978,60.5536,27.7937,32.7599,64.1379,56.9444,45.4545,23.7179,6.9444,40.42,77.5735,22.4265,86.2857,61.8557,66.9279,175,97,114,252,59.0164,31.1475,27.8689,-3.874328,-0.607262,145,144,121,156,72,-7.218599,-5.500034,-0.364766,-1.036292,-0.978786,-0.314121,False,False,False,2,1.443753,-1.036292,-0.978786,-0.948938,72.2063,0.186466,2,1.032465,-0.660125,-0.651563,-0.482577,-0.187984,-0.705546,-0.245182,-0.475364,-0.705546,-0.245182,87.233,89.417,96.322,2.47867,1.351669,False,3.129576,0.486831,False
2024,76267,최주환,L,2190,536,536,47,91,6,8.7687,16.9776,1.1194,True,46.621,53.379,43.653,67.4686,30.47,36.9986,70.2703,64.1553,44.3155,27.5142,14.4928,42.7561,83.2517,16.7483,87.2868,76.3298,68.6301,645,376,311,858,57.0858,26.6039,30.4819,-13.41032,-0.612343,518,438,431,527,276,-1.957139,0.024352,-0.412914,-0.280964,0.004334,-0.355584,False,False,False,1,1.463752,-0.280964,0.004334,0.132122,69.53,-0.268573,1,1.418458,0.033243,0.384581,0.202917,0.282423,0.296672,0.368356,0.332514,0.296672,0.368356,108.93,104.45,105.525,-0.977519,-0.533061,False,-3.414996,-0.53123,False
2024,68868,최준우,L,136,34,34,9,8,0,26.4706,23.5294,0.0,False,36.7647,63.2353,38.9706,60.3774,21.6867,38.6907,57.1429,66.6667,28.5714,30.0,0.0,27.1429,76.0,24.0,84.375,61.1111,71.3235,32,18,21,65,67.0103,24.4186,42.5917,1.485772,1.09248,35,18,21,40,22,,,,,,,,,,,,-2.247385,-0.445437,-0.976484,78.3133,1.224811,2,3.010716,-1.871218,-0.118214,-0.510123,0.850361,-0.74582,1.1091,0.18164,-0.74582,1.1091,104.878,88.813,116.637,,,,,,
2024,50854,최지훈,L,2200,545,545,50,71,2,9.1743,13.0275,0.367,True,42.1364,57.8636,45.9091,59.604,27.3109,32.2931,62.2677,56.5678,44.2623,23.0337,5.6769,39.234,87.918,12.082,92.8571,78.7692,66.6818,602,325,408,865,58.9639,32.0503,26.9136,0.179261,0.008148,538,472,427,534,229,-8.931832,-6.198769,0.272508,-1.282241,-1.103133,0.234672,False,False,False,2,1.174139,-1.282241,-1.103133,-1.097394,72.6891,0.268554,2,0.957933,-0.906074,-0.77591,-0.631033,-0.105896,-0.922594,-0.138117,-0.530355,-0.922594,-0.138117,85.756,86.161,97.928,0.523912,0.2857,False,-4.483758,-0.697485,False
2024,62884,최항,L,582,143,142,10,31,1,7.0423,21.831,0.7042,True,51.0309,48.9691,45.189,79.0875,27.8997,51.1878,86.8966,69.4915,48.7395,20.8,6.6667,66.0966,71.3805,28.6195,77.4038,57.3034,75.2577,208,89,55,230,52.5114,19.2982,33.2132,-9.230696,-1.58603,145,118,119,125,75,16.209519,12.978788,-1.816887,2.327016,2.309706,-1.564627,True,True,True,4,1.807226,2.327016,2.309706,1.948569,72.1003,0.168443,4,1.888995,1.577157,1.562576,1.044234,0.687506,1.526709,0.896693,1.211701,1.526709,0.896693,132.543,122.901,113.45,-3.847063,-2.097881,True,-1.468456,-0.22843,False
2024,72443,최형우,L,1981,490,489,50,86,5,10.2249,17.5869,1.0225,True,46.0878,53.9122,44.2201,71.2329,26.1538,45.0791,77.5701,65.1786,44.4737,23.6957,4.1509,53.8744,74.4797,25.5203,83.3333,55.3633,72.6906,624,289,252,816,56.6667,23.5955,33.0712,36.011647,1.817852,428,448,380,460,265,6.218694,6.031364,1.812313,0.892747,1.073342,1.560688,False,False,True,3,0.730638,0.892747,1.073342,0.720616,73.8462,0.465291,3,0.894735,0.582652,0.773411,0.499695,0.376201,0.730572,0.490667,0.610619,0.730572,0.490667,116.399,110.959,107.36,0.213991,0.116694,False,-3.831155,-0.595967,False
2024,51817,추신수,L,1213,302,302,37,68,4,12.2517,22.5166,1.3245,True,41.7148,58.2852,44.4353,66.7904,21.6617,45.1287,73.5192,59.127,38.1743,16.9014,4.0268,56.6178,72.9249,27.0751,78.8889,58.2192,73.2069,360,146,179,528,59.4595,25.3182,34.1413,1.450834,0.119607,287,252,241,284,149,3.726528,3.922974,0.063493,0.534975,0.698133,0.054677,False,False,False,3,1.709851,0.534975,0.698133,0.026095,78.3383,1.229061,3,1.412882,0.22488,0.398202,-0.194826,1.139971,-0.284843,1.486829,0.600993,-0.284843,1.486829,116.141,95.727,122.302,0.085479,0.046613,False,3.498268,0.544184,False
2024,54444,카디네스,R,101,25,25,1,6,0,4.0,24.0,0.0,False,49.505,50.495,49.505,72.0,27.451,44.549,75.0,69.2308,57.8947,14.2857,0.0,60.7143,78.0,22.0,80.5556,71.4286,72.2772,36,14,14,37,50.6849,27.451,23.2339,2.466835,2.442411,24,26,19,21,11,,,,,,,,,,,,0.833705,1.089905,0.840541,72.549,0.244734,3,2.423441,0.52361,0.789974,0.61962,0.155644,0.905907,0.203002,0.554454,0.905907,0.203002,114.891,113.589,103.045,,,,,,
2024,54730,페라자,R,2064,520,519,59,128,2,11.368,24.6628,0.3854,True,45.8333,54.1667,40.407,72.7818,27.561,45.2208,80.1802,64.359,45.3901,25.4032,6.7524,54.777,67.2304,32.7696,79.4069,45.4277,72.5775,607,339,227,891,59.4793,20.3041,39.1752,8.778355,0.425308,444,390,423,496,311,8.437062,6.849078,0.40313,1.211213,1.218862,0.347159,False,False,False,4,1.387554,1.211213,1.218862,0.962764,72.439,0.226031,3,0.921819,0.901118,0.918931,0.741843,0.136941,1.084602,0.178608,0.631605,1.084602,0.178608,116.963,116.269,102.679,2.032303,1.108256,False,2.408182,0.374612,False
2024,69813,하재훈,R,1225,317,317,18,90,2,5.6782,28.3912,0.6309,True,51.5918,48.4082,43.1837,67.6749,39.3678,28.3071,73.6655,60.8871,51.7928,40.0673,16.8919,33.5982,72.1519,27.8481,82.1229,59.1241,63.6735,358,274,171,422,54.1026,28.8364,25.2662,-12.784263,-1.043613,281,248,251,297,148,-1.441846,-4.392674,-0.675356,-0.206989,-0.781721,-0.581588,False,False,False,1,1.696873,-0.206989,-0.781721,0.164374,60.6322,-1.781424,1,1.055627,0.107218,-0.401474,0.235169,-1.230428,0.343825,-1.604809,-0.630492,0.343825,-1.604809,83.067,105.157,75.928,0.201207,0.109722,False,7.88722,1.226921,False
2024,62700,하주석,L,512,151,151,10,32,2,6.6225,21.1921,1.3245,True,58.5938,41.4062,43.3594,78.8288,43.1034,35.7254,83.6066,73.0,68.3673,37.5,15.625,46.1066,75.0,25.0,84.5714,61.6,66.4062,175,125,47,165,48.5294,22.1698,26.3596,-2.397918,-0.468343,122,100,98,128,64,9.088239,4.820196,-0.330681,1.304695,0.857802,-0.284769,False,False,False,4,3.291233,1.304695,0.857802,1.908125,56.8966,-2.41657,4,2.161456,0.554836,0.110672,1.00379,-1.897507,1.467578,-2.47486,-0.503641,1.467578,-2.47486,86.474,122.014,62.877,3.028052,1.651258,True,-1.967613,-0.306078,False
2024,52710,한경빈,L,4,1,1,0,1,0,0.0,100.0,0.0,False,50.0,50.0,25.0,0.0,66.6667,-66.6667,0.0,,100.0,50.0,,-50.0,50.0,50.0,,50.0,25.0,0,2,1,1,100.0,50.0,50.0,-0.296732,-7.418311,1,0,1,2,0,,,,,,,,,,,,-11.109439,-15.349442,-10.415617,33.3333,-6.422927,,,-11.109439,-15.349442,-10.415617,-6.422927,-15.228025,-8.377225,-11.802625,-15.228025,-8.377225,-216.985,-128.42,-25.658,,,,,,
2024,68525,한동희,R,128,36,36,1,9,0,2.7778,25.0,0.0,False,46.875,53.125,51.5625,68.1818,24.1935,43.9883,72.7273,63.6364,22.7273,28.5714,16.6667,44.1559,78.3333,21.6667,86.6667,53.3333,71.875,45,15,21,47,51.087,30.8824,20.2046,-4.110675,-3.211465,33,33,22,28,12,,,,,,,,,,,,0.036941,0.711634,0.243621,75.8065,0.798591,2,4.181733,0.413108,1.038857,0.709982,0.424141,1.03802,0.553194,0.795607,1.03802,0.553194,121.368,115.57,108.298,,,,,,
2024,64101,한석현,L,276,76,76,2,22,1,2.6316,28.9474,1.3158,False,56.8841,43.1159,48.913,74.8148,39.7163,35.0985,76.0,73.3333,64.4444,34.9206,15.1515,41.0794,77.0701,22.9299,87.1287,58.9286,67.3913,101,56,34,85,45.6989,28.5714,17.1275,-6.91452,-2.505261,75,60,45,63,33,,,,,,,,,,,,0.297654,0.456671,1.280594,60.2837,-1.840678,4,2.216462,-0.452205,-0.290459,0.376259,-1.321615,0.550104,-1.723742,-0.586819,0.550104,-1.723742,84.24,108.252,74.144,,,,,,
2024,63722,한승택,R,65,15,15,4,1,0,26.6667,6.6667,0.0,False,40.0,60.0,33.8462,72.7273,23.2558,49.4715,88.8889,61.5385,45.4545,20.8333,0.0,68.0556,76.9231,23.0769,93.75,50.0,75.3846,16,10,6,33,67.3469,15.3846,51.9623,-0.036317,-0.055872,9,13,11,24,8,,,,,,,,,,,,2.611931,1.607259,0.954244,76.7442,0.958024,3,2.683591,2.301836,1.307328,0.733323,0.868934,1.072145,1.133324,1.102734,1.072145,1.133324,129.616,116.082,117.0,,,,,,
2024,62895,한유섬,L,2167,522,522,43,142,9,8.2375,27.2031,1.7241,True,45.593,54.407,43.1472,64.9198,30.9253,33.9945,67.8862,61.6253,50.1155,26.6055,7.4803,41.2807,71.7611,28.2389,80.7249,57.4803,67.282,607,381,328,851,58.3676,27.8202,30.5474,0.679379,0.031351,492,443,433,545,254,-4.132767,-2.761023,0.25798,-0.593294,-0.491352,0.222162,False,False,False,3,1.552046,-0.593294,-0.491352,-0.266346,69.0747,-0.345985,1,1.278626,-0.279087,-0.111105,-0.195551,0.205011,-0.285903,0.267389,-0.009257,-0.285903,0.267389,99.751,95.711,104.011,-1.290332,-0.703644,False,8.187289,1.273599,False
2024,50903,한재환,R,30,9,9,0,3,0,0.0,33.3333,0.0,False,70.0,30.0,36.6667,90.9091,57.8947,33.0144,83.3333,100.0,100.0,40.0,50.0,43.3333,42.8571,57.1429,60.0,27.2727,60.0,10,11,1,8,44.4444,11.1111,33.3333,-1.652228,-5.507428,6,5,5,10,4,,,,,,,,,,,,1.183123,1.639882,3.796705,42.1053,-4.931465,4,11.735641,0.433264,0.892752,2.89237,-4.412402,4.228754,-5.75496,-0.763103,4.228754,-5.75496,79.505,163.431,13.676,,,,,,
2024,68646,한준수,L,1156,316,316,21,48,2,6.6456,15.1899,0.6329,True,48.4429,51.5571,44.8962,70.7129,30.2983,40.4146,76.6187,63.9004,44.2623,29.1829,7.3529,47.4358,81.6071,18.3929,89.6458,66.3212,70.1557,367,193,152,444,54.7472,25.5034,29.2438,-0.782989,-0.067733,278,241,244,257,136,4.008431,3.357868,0.045425,0.575445,0.597566,0.039118,False,False,False,3,1.180124,0.575445,0.597566,0.639322,69.7017,-0.239379,3,0.471966,0.26535,0.297635,0.418401,-0.328469,0.611718,-0.428412,0.091653,0.611718,-0.428412,102.462,109.176,93.574,-1.376744,-0.750766,False,-5.947253,-0.925143,False
2024,50108,함창건,L,66,17,17,2,3,0,11.7647,17.6471,0.0,False,46.9697,53.0303,53.0303,62.8571,29.0323,33.8248,57.1429,66.6667,58.3333,0.0,33.3333,57.1429,74.1935,25.8065,77.2727,66.6667,66.6667,22,9,13,22,50.0,37.1429,12.8571,-2.756558,-4.176603,14,21,12,13,6,,,,,,,,,,,,-1.259337,-0.683387,-0.588819,70.9677,-0.024127,1,4.994068,-0.94513,-0.30314,-0.518024,0.526869,-0.757371,0.687179,-0.035096,-0.757371,0.687179,99.057,88.639,110.308,,,,,,
2024,79240,허경민,R,1770,483,482,35,25,18,7.2614,5.1867,3.7344,True,38.1921,61.8079,47.3446,51.9093,25.8584,26.0509,55.481,47.8261,41.1215,23.5714,5.2356,31.9096,92.1598,7.8402,96.3218,84.6473,63.6158,435,241,403,691,61.3677,36.8373,24.5304,24.215373,1.3681,447,391,321,420,191,-15.84189,-13.138745,1.767487,-2.27424,-2.338172,1.522086,True,True,True,2,2.464564,-2.27424,-2.338172,-2.300349,74.1416,0.515516,2,2.501072,-1.898073,-2.010949,-1.833988,0.141066,-2.68136,0.183988,-1.248686,-2.68136,0.183988,66.464,59.78,102.76,-2.085981,-1.137528,False,-8.168368,-1.270656,False
2024,77243,허도환,R,419,104,104,9,26,10,8.6538,25.0,9.6154,True,47.7327,52.2673,43.1981,72.3757,28.9916,43.3841,76.0417,68.2353,47.8261,29.1262,9.0909,46.9155,75.0,25.0,80.916,63.7681,71.599,131,69,50,169,56.3333,22.8311,33.5022,-8.960177,-2.138467,96,85,69,103,66,3.444439,5.699633,-2.015717,0.494479,1.014307,-1.735851,False,False,True,3,1.334875,0.494479,1.014307,0.899276,71.0084,-0.017207,3,1.147323,0.184384,0.714376,0.678355,-0.106297,0.99178,-0.13864,0.42657,0.99178,-0.13864,111.456,114.877,97.92,0.004566,0.00249,False,2.964684,0.461181,False
2024,50840,현원회,R,3,1,1,0,1,0,0.0,100.0,0.0,False,66.6667,33.3333,66.6667,50.0,100.0,-50.0,,50.0,,100.0,,,0.0,100.0,0.0,0.0,33.3333,1,1,1,0,0.0,100.0,-100.0,-0.302478,-10.082609,0,2,0,1,0,,,,,,,,,,,,,-9.533723,-2.598841,0.0,-12.090432,,,,-9.533723,-2.598841,-12.090432,-3.799604,-15.769177,-9.784391,-3.799604,-15.769177,-162.781,43.006,-136.538,,,,,,
2024,66233,홍성호,L,58,15,15,1,7,0,6.6667,46.6667,0.0,False,53.4483,46.5517,36.2069,71.4286,43.2432,28.1854,75.0,69.2308,61.5385,38.0952,0.0,36.9048,58.0645,41.9355,73.3333,43.75,62.069,15,16,6,21,58.3333,22.2222,36.1111,-0.833111,-1.436398,8,13,13,21,3,,,,,,,,,,,,0.049541,-0.472065,0.751211,56.7568,-2.44034,3,2.99076,-0.260554,-0.771996,0.53029,-2.52943,0.775304,-3.299057,-1.261877,0.775304,-3.299057,66.11,111.63,50.514,,,,,,
2024,50600,홍종표,L,408,115,115,6,31,1,5.2174,26.9565,0.8696,True,44.3627,55.6373,48.5294,64.1414,25.7143,38.4271,66.1017,61.25,35.3659,26.087,2.7778,40.0147,83.9779,16.0221,88.189,74.0741,69.3627,127,54,71,156,55.1237,31.2775,23.8462,1.386326,0.339786,118,80,82,92,36,-5.798314,-0.831771,0.589754,-0.832398,-0.148022,0.507871,False,False,False,2,1.40234,-0.832398,-0.148022,-0.388037,74.2857,0.540017,2,1.329107,-0.456231,0.179201,0.078324,0.165567,0.114512,0.215944,0.165228,0.114512,0.215944,104.438,101.718,103.239,-4.199074,-2.28984,True,6.994317,1.088023,False
2024,66108,홍창기,L,2642,639,639,94,91,12,14.7105,14.241,1.8779,True,35.8062,64.1938,47.729,59.1594,14.4823,44.6771,70.2504,46.2199,23.7452,11.0535,4.5775,59.1969,85.9408,14.0592,90.4826,69.0,72.9372,746,200,515,1181,61.287,30.3656,30.9214,48.726446,1.844302,679,582,518,579,284,1.799341,0.022414,1.740642,0.258311,0.003989,1.498968,False,False,False,2,2.868423,0.258311,0.003989,-1.166901,85.5177,2.449741,2,2.889935,0.634478,0.331212,-0.70054,2.075291,-1.024216,2.706738,0.841261,-1.024216,2.706738,122.594,84.637,140.601,-0.095265,-0.05195,False,-3.03016,-0.471366,False
2024,67005,홍현빈,L,97,22,22,3,7,0,13.6364,31.8182,0.0,False,40.2062,59.7938,42.268,65.8537,21.4286,44.4251,76.9231,46.6667,32.0,14.2857,10.0,62.6374,74.359,25.641,88.8889,41.6667,73.1959,27,12,14,44,61.9718,24.1379,37.8339,1.374175,1.416675,26,15,25,21,10,,,,,,,,,,,,1.109782,0.552992,-0.120344,78.5714,1.268694,2,3.008697,1.485949,0.880215,0.346017,0.894244,0.505889,1.166335,0.836112,0.505889,1.166335,122.456,107.588,117.495,,,,,,
2024,65610,황대인,R,22,7,7,0,1,0,0.0,14.2857,0.0,False,40.9091,59.0909,40.9091,66.6667,23.0769,43.5898,57.1429,100.0,28.5714,33.3333,0.0,23.8096,77.7778,22.2222,100.0,33.3333,72.7273,6,3,3,10,62.5,23.0769,39.4231,2.01579,9.162683,7,2,7,3,3,,,,,,,,,,,,-2.357167,0.545257,0.006757,76.9231,0.988441,3,6.849526,-2.667262,0.245326,-0.214164,0.899351,-0.313116,1.172996,0.42994,-0.313116,1.172996,111.547,95.303,117.595,,,,,,
2024,50500,황성빈,L,1546,406,406,31,54,2,7.6355,13.3005,0.4926,True,47.2833,52.7167,43.4023,66.468,32.5714,33.8966,71.5116,61.1621,51.3932,28.4507,9.1371,43.0609,83.5841,16.4159,88.1166,76.4912,67.0116,446,285,225,590,56.9498,27.6074,29.3424,-0.65219,-0.042186,344,327,323,355,197,-0.930689,-2.068142,0.151624,-0.133608,-0.368047,0.130572,False,False,False,1,1.301185,-0.133608,-0.368047,-0.024307,67.4286,-0.625864,1,1.05966,0.180599,0.0122,0.046488,-0.074868,0.067967,-0.097648,-0.01484,0.067967,-0.097648,99.601,101.02,98.535,-1.102445,-0.601186,False,-6.551717,-1.019173,False
2024,54795,황영묵,L,1434,388,388,31,55,5,7.9897,14.1753,1.2887,True,49.0237,50.9763,45.3975,67.5883,33.5888,33.9995,72.8863,61.6883,54.5126,28.1734,11.4754,44.7129,84.0683,15.9317,92.0455,70.7224,66.9456,440,263,211,520,54.1667,28.8646,25.3021,-3.448862,-0.240506,343,308,277,323,183,0.507629,-1.476487,-0.077151,0.072875,-0.262756,-0.066439,False,False,False,1,1.079018,0.072875,-0.262756,0.150836,66.4112,-0.798848,1,1.01108,0.387082,0.117491,0.221631,-0.247852,0.324032,-0.323266,0.000383,0.324032,-0.323266,100.01,104.86,95.151,-0.260119,-0.141848,False,-6.281889,-0.977199,False
2024,76313,황재균,R,2052,536,536,34,94,2,6.3433,17.5373,0.3731,True,45.7602,54.2398,46.9786,63.9004,29.6875,34.2129,71.4563,55.2339,45.8228,26.7932,6.8493,44.6631,82.5346,17.4654,88.3117,71.517,67.3002,616,323,348,765,55.3946,31.2668,24.1278,-18.096144,-0.881878,515,449,395,474,219,-0.605728,-3.137258,-0.717605,-0.086957,-0.558307,-0.617971,False,False,False,2,1.154138,-0.086958,-0.558307,-0.425714,70.3125,-0.135528,2,1.147501,0.289209,-0.231084,0.040647,-0.509978,0.059427,-0.665149,-0.302861,0.059427,-0.665149,91.866,100.891,90.023,-1.166829,-0.636295,False,-2.294594,-0.356943,False
