season,batter_id,batter_name,team,pitches_seen,qualified_300,za_raw,dv_per_100,raw_dv,swing_aggression,za_percentile,low_opposite_support_pitches,jdv_per_100,jdv_se,low_opposite_support_pct,games_seen,swing_pitches,swing_decision_value_per_100,take_pitches,take_decision_value_per_100,heart_pitches,heart_raw_dv,heart_decision_value_per_100,heart_swing_decision_value_per_100,heart_take_decision_value_per_100,shadow_in_pitches,shadow_in_raw_dv,shadow_in_decision_value_per_100,shadow_in_swing_decision_value_per_100,shadow_in_take_decision_value_per_100,shadow_out_pitches,shadow_out_raw_dv,shadow_out_decision_value_per_100,shadow_out_swing_decision_value_per_100,shadow_out_take_decision_value_per_100,chase_pitches,chase_raw_dv,chase_decision_value_per_100,chase_swing_decision_value_per_100,chase_take_decision_value_per_100,waste_pitches,waste_raw_dv,waste_decision_value_per_100,waste_swing_decision_value_per_100,waste_take_decision_value_per_100,apr,apr_percentile
2019,75808,정근우,HAN,986,True,0.683437,4.068285,40.113285,-1.007607,62.080537,986,0.073405,0.246342,100.0,78,435,0.776958,551,3.291327,238,10.104156,1.024762,1.309341,-0.284579,212,4.901061,0.497065,0.618539,-0.121474,170,-1.232592,-0.125009,-0.438077,0.313068,261,14.963909,1.517638,-0.667839,2.185477,105,11.376751,1.153829,-0.045005,1.198834,102.38113,62.751678
2019,76753,송광민,HAN,1482,True,0.211384,3.227388,47.829896,14.819293,53.355705,1481,-1.217103,0.266682,99.932524,110,871,0.418637,611,2.808752,332,21.454891,1.447698,1.584313,-0.136614,300,9.309278,0.628156,0.732456,-0.1043,286,-4.036489,-0.272368,-0.537913,0.265545,381,1.773677,0.119681,-1.210258,1.329939,183,19.328539,1.30422,-0.149962,1.454182,81.137634,2.348993
2019,68730,호잉,HAN,1713,True,-1.008301,3.504396,60.030297,4.584112,35.234899,1713,-0.623246,0.193057,100.0,115,816,0.536162,897,2.968233,400,21.404239,1.249518,1.512345,-0.262827,338,5.522422,0.322383,0.420642,-0.098259,325,1.607249,0.093827,-0.353683,0.44751,433,9.999317,0.583731,-0.881033,1.464764,217,21.49707,1.254937,-0.162109,1.417046,90.808747,15.100671
2019,71752,김태균,HAN,1813,True,0.359441,5.00687,90.774547,-3.932614,56.711409,1813,0.383497,0.255388,100.0,117,782,1.532513,1031,3.474356,461,29.729549,1.639799,1.943656,-0.303857,397,8.558747,0.472077,0.591288,-0.119211,366,2.507169,0.138288,-0.427874,0.566162,390,26.065248,1.437686,-0.436468,1.874154,199,23.913833,1.31902,-0.138088,1.457108,108.166719,87.583893
2019,73136,이성열,HAN,1667,True,3.418662,5.172647,86.228033,5.275128,93.624161,1667,0.025894,0.210613,100.0,116,838,1.278406,829,3.894241,398,29.78854,1.786955,1.9666,-0.179645,341,10.391447,0.623362,0.669701,-0.046339,314,0.240874,0.01445,-0.522161,0.53661,396,18.173805,1.09021,-0.663704,1.753914,218,27.633367,1.65767,-0.172031,1.829701,101.933614,60.738255
2019,79240,허경민,DOO,1830,True,-2.932045,4.564433,83.529126,1.15121,12.416107,1828,-0.28693,0.157397,99.89071,128,823,0.984159,1007,3.580274,443,21.912784,1.19742,1.475627,-0.278207,395,9.8786,0.539814,0.611509,-0.071695,332,5.48796,0.299889,-0.223813,0.523702,441,17.634414,0.963629,-0.705322,1.668951,219,28.615369,1.563681,-0.173841,1.737523,96.54426,32.550336
2019,79231,정수빈,DOO,1991,True,-0.026784,5.258261,104.691971,-3.972968,50.671141,1991,0.365931,0.170495,100.0,121,843,1.224261,1148,4.033999,468,28.272686,1.420024,1.679921,-0.259897,439,12.01153,0.603291,0.671149,-0.067857,390,1.726287,0.086705,-0.426401,0.513106,464,30.921702,1.553074,-0.629284,2.182358,230,31.759766,1.595167,-0.071123,1.666289,107.992641,86.912752
2019,79215,박건우,DOO,2013,True,1.688445,5.917153,119.112284,-1.033865,76.845638,2011,0.505461,0.201207,99.900646,122,865,1.448926,1148,4.468227,449,29.532668,1.467097,1.669102,-0.202005,440,16.232825,0.8064,0.908052,-0.101652,376,5.26232,0.261417,-0.350532,0.611949,512,30.988645,1.539426,-0.667632,2.207058,236,37.095825,1.842813,-0.110064,1.952877,110.467376,91.610738
2019,78224,김재환,DOO,1991,True,6.087011,5.416106,107.834676,4.304567,98.993289,1991,0.292298,0.226899,100.0,133,969,1.272829,1022,4.143278,472,34.853717,1.750563,1.970789,-0.220226,417,6.9168,0.347403,0.500304,-0.152901,388,5.102284,0.256267,-0.425615,0.681883,475,31.428723,1.57854,-0.590251,2.168791,239,29.533152,1.483333,-0.182398,1.665731,106.696718,84.899329
2019,62700,하주석,HAN,56,False,5.935517,2.730319,1.528978,12.786521,98.657718,56,-0.221725,0.54756,100.0,5,33,0.222245,23,2.508074,14,0.549552,0.981343,1.397321,-0.415978,11,0.165706,0.295904,0.298157,-0.002253,12,0.29563,0.527911,-0.613232,1.141142,11,-0.022577,-0.040315,-0.603592,0.563277,8,0.540667,0.965477,-0.256409,1.221886,99.239488,46.979866
2019,61554,김민하,HAN,442,True,-3.36727,3.543317,15.661462,6.881035,7.718121,442,-1.617873,0.353446,100.0,46,230,0.561505,212,2.981812,105,6.504931,1.471704,1.707879,-0.236176,89,2.319901,0.524864,0.761136,-0.236272,76,-0.131334,-0.029714,-0.351579,0.321865,120,1.824043,0.412679,-1.33023,1.74291,52,5.143923,1.163783,-0.225701,1.389484,82.55312,4.362416
2019,78288,최재훈,HAN,1646,True,-0.344828,5.178477,85.23773,-7.471411,47.986577,1645,0.296288,0.228622,99.939247,119,657,1.463249,989,3.715228,413,26.447966,1.606802,1.897111,-0.290308,365,5.53594,0.336327,0.516473,-0.180147,288,2.603352,0.158162,-0.325612,0.483775,404,27.960463,1.698692,-0.587394,2.286085,176,22.690008,1.378494,-0.037329,1.415823,106.533102,83.557047
2019,68743,정은원,HAN,2296,True,-1.955139,4.680309,107.459888,-8.490211,21.812081,2296,0.066814,0.170975,100.0,130,879,1.178913,1417,3.501396,578,27.780394,1.209947,1.606533,-0.396586,499,12.858801,0.560052,0.680494,-0.120441,464,4.064035,0.177005,-0.451631,0.628636,520,31.890019,1.388938,-0.588526,1.977464,235,30.866639,1.344366,-0.067958,1.412324,102.797421,67.449664
2019,75334,오재일,DOO,1940,True,6.175155,5.9107,114.667588,4.741275,99.66443,1940,0.657645,0.262575,100.0,124,958,1.291227,982,4.619474,451,32.305124,1.665213,1.868101,-0.202889,393,9.668634,0.498383,0.570497,-0.072114,397,2.816669,0.145189,-0.513666,0.658856,445,33.268586,1.714876,-0.511842,2.226717,254,36.608575,1.88704,-0.121863,2.008903,113.070037,94.295302
2019,69209,페르난데스,DOO,2210,True,2.22696,4.565979,100.908136,5.245186,80.201342,2210,-0.29171,0.191725,100.0,141,1061,0.47268,1149,4.093299,518,27.745795,1.255466,1.501107,-0.245641,436,10.069875,0.45565,0.497419,-0.041769,423,1.01208,0.045795,-0.500317,0.546113,536,24.740466,1.119478,-0.83414,1.953618,297,37.339921,1.689589,-0.191389,1.880978,96.368448,30.536913
2019,77248,오재원,DOO,777,True,3.163538,4.940328,38.386349,0.977336,90.939597,777,-0.005323,0.341303,100.0,72,368,1.07457,409,3.865758,186,14.872617,1.914108,2.135441,-0.221333,165,3.935023,0.506438,0.564683,-0.058245,149,-1.287302,-0.165676,-0.696588,0.530912,188,8.19878,1.055184,-0.806322,1.861506,89,12.667231,1.630274,-0.122644,1.752918,101.074017,56.711409
2019,62244,박세혁,DOO,1867,True,2.256947,5.070734,94.670598,2.464342,80.872483,1867,0.245506,0.223329,100.0,133,916,1.488852,951,3.581881,440,33.431538,1.790655,1.981399,-0.190743,399,11.415874,0.611456,0.752811,-0.141356,401,3.160787,0.169298,-0.426561,0.595858,423,24.173456,1.294775,-0.644379,1.939155,204,22.488942,1.20455,-0.174417,1.378967,105.806776,80.201342
2019,74206,김재호,DOO,1770,True,2.580683,5.910613,104.617852,-2.715622,83.557047,1769,0.847351,0.220821,99.943503,122,756,1.345588,1014,4.565025,399,25.253848,1.426771,1.604899,-0.178128,394,11.225444,0.634206,0.7725,-0.138294,339,3.960393,0.223751,-0.368468,0.592219,436,34.284025,1.936951,-0.528997,2.465947,202,29.894143,1.688935,-0.134346,1.823281,116.135266,98.993289
2019,62797,양성우,HAN,468,True,-0.439867,4.256192,19.91898,-2.18973,46.644295,468,-0.076981,0.286219,100.0,46,208,1.628339,260,2.627853,112,7.657063,1.636124,1.955589,-0.319465,106,2.115356,0.451999,0.610236,-0.158237,82,0.878908,0.187801,-0.341224,0.529025,120,4.910207,1.04919,-0.55427,1.603459,48,4.357446,0.931078,-0.041992,0.97307,99.969054,50.0
2019,76313,황재균,KT,1901,True,-0.674877,4.914189,93.418738,-2.319646,41.275168,1901,0.091858,0.210333,100.0,124,812,1.091759,1089,3.822431,459,24.923622,1.31108,1.599589,-0.288509,393,8.235839,0.433237,0.532113,-0.098876,389,5.770973,0.303576,-0.286774,0.590349,444,26.107283,1.373345,-0.638306,2.011651,216,28.381022,1.492952,-0.114864,1.607816,103.141776,69.463087
2019,73113,박경수,KT,1916,True,1.419408,5.458968,104.593824,-2.235353,70.805369,1913,0.100435,0.180285,99.843424,136,813,1.393113,1103,4.065855,435,28.61651,1.493555,1.74091,-0.247355,420,9.977481,0.520745,0.65728,-0.136534,402,6.323324,0.330027,-0.325174,0.655202,427,27.510167,1.435812,-0.580734,2.016546,232,32.16634,1.678828,-0.099169,1.777996,103.296484,70.134228
2019,68050,강백호,KT,1925,True,-0.593309,4.263014,82.06301,0.817942,43.959732,1925,-0.422367,0.237146,100.0,116,841,0.445492,1084,3.817522,423,22.777763,1.18326,1.413682,-0.230421,371,7.533297,0.39134,0.531373,-0.140033,379,-2.211408,-0.114878,-0.611385,0.496506,493,25.90708,1.345822,-0.695921,2.041743,259,28.056278,1.457469,-0.192257,1.649726,94.148168,26.510067
2019,67025,로하스,KT,2180,True,-2.379826,3.845461,83.831052,6.090453,17.785235,2180,-1.292344,0.221837,100.0,142,1088,0.253365,1092,3.592096,455,26.909132,1.234364,1.553217,-0.318853,462,10.70671,0.491134,0.614605,-0.123471,406,-4.00087,-0.183526,-0.571778,0.388252,574,18.217049,0.835644,-1.057334,1.892979,283,31.99903,1.467845,-0.285345,1.75319,78.51728,1.677852
2019,74339,유한준,KT,2218,True,0.38868,5.070855,112.471557,-4.367663,57.38255,2217,0.461879,0.186338,99.954914,139,900,1.131813,1318,3.939042,521,30.399354,1.370575,1.5989,-0.228325,459,10.036557,0.452505,0.576516,-0.124012,415,9.051588,0.408097,-0.218798,0.626895,556,30.717499,1.384919,-0.69877,2.083689,267,32.266558,1.454759,-0.126035,1.580794,109.849542,90.268456
2019,74215,윤석민,KT,629,True,-3.901447,3.801014,23.908376,0.992262,5.033557,629,-0.564945,0.280014,100.0,63,280,0.692438,349,3.108576,160,8.219352,1.306733,1.602202,-0.295469,132,2.840574,0.451602,0.490554,-0.038953,124,0.28098,0.044671,-0.436656,0.481327,144,4.617245,0.734061,-0.784508,1.518569,69,7.950225,1.263947,-0.179154,1.443101,93.640126,23.154362
2019,60558,오태곤,KT,1428,True,1.502457,4.183885,59.745875,1.36324,72.818792,1428,0.038363,0.250518,100.0,112,678,1.041858,750,3.142026,316,19.716582,1.380713,1.589602,-0.208889,333,4.504261,0.315424,0.529119,-0.213695,295,1.284535,0.089953,-0.369173,0.459126,347,17.299384,1.211441,-0.610194,1.821636,137,16.941112,1.186352,-0.097495,1.283848,102.068045,61.409396
2019,63704,노수광,—,1748,True,1.568256,5.507218,96.26617,-4.295431,74.832215,1748,0.814227,0.185668,100.0,109,750,1.617795,998,3.889423,438,30.043723,1.718748,1.934951,-0.216202,369,10.218616,0.584589,0.623468,-0.038879,360,5.739516,0.328348,-0.432398,0.760745,423,29.092162,1.664311,-0.45844,2.122751,158,21.172153,1.211222,-0.049786,1.261008,115.528285,98.322148
2019,62895,한유섬,—,2001,True,-1.016569,5.025062,100.551498,-3.566757,34.563758,2001,-0.03524,0.218236,100.0,125,860,0.989466,1141,4.035597,453,27.855965,1.392102,1.702514,-0.310412,433,10.70645,0.535055,0.646573,-0.111519,375,1.457964,0.072862,-0.509996,0.582858,498,31.243341,1.561386,-0.666361,2.227748,242,29.287778,1.463657,-0.183264,1.646921,100.933247,54.026846
2019,75847,최정,—,2331,True,4.91893,6.183243,144.131393,2.349759,97.651007,2331,0.767962,0.188517,100.0,141,1114,1.672848,1217,4.510395,565,46.995677,2.016117,2.164702,-0.148585,438,14.137787,0.606512,0.601697,0.004815,478,2.618827,0.112348,-0.509936,0.622283,531,35.142954,1.507634,-0.450624,1.958259,319,45.236149,1.940633,-0.132991,2.073624,115.437886,97.651007
2019,67872,로맥,—,2466,True,1.423381,6.385328,157.462185,-2.052837,71.47651,2466,0.42186,0.185407,100.0,137,1087,1.658211,1379,4.727117,564,49.60885,2.011713,2.284817,-0.273103,502,9.873581,0.400389,0.560247,-0.159858,483,5.286681,0.214383,-0.421426,0.635809,599,43.610646,1.768477,-0.64663,2.415107,318,49.082427,1.990366,-0.118797,2.109163,109.276023,89.597315
2019,76812,이재원,—,1787,True,-1.205701,4.606377,82.315954,5.969662,32.550336,1785,-0.805906,0.259765,99.888081,138,902,1.108005,885,3.498372,410,30.356502,1.698741,1.935047,-0.236306,395,12.428001,0.695467,0.767657,-0.07219,324,-1.989433,-0.111328,-0.420844,0.309516,440,15.963272,0.8933,-0.955537,1.848837,218,25.557612,1.430197,-0.218317,1.648514,87.585734,9.731544
2019,75151,정의윤,—,1513,True,0.449939,4.573391,69.195409,3.304331,58.053691,1513,-0.162048,0.261928,100.0,110,737,1.186036,776,3.387356,357,22.392593,1.480013,1.760006,-0.279994,341,7.506591,0.49614,0.632575,-0.136435,299,0.073444,0.004854,-0.405077,0.409932,369,22.736187,1.502722,-0.708984,2.211706,147,16.486594,1.089663,-0.092484,1.182146,98.740005,43.288591
2019,71837,김강민,—,1808,True,-3.184194,4.180191,75.577848,1.534596,9.060403,1807,-0.460527,0.188589,99.94469,116,868,0.902819,940,3.277372,412,30.691366,1.697531,1.914568,-0.217037,406,11.166071,0.617592,0.639211,-0.021618,361,2.972161,0.164389,-0.385445,0.549834,424,9.16847,0.507106,-1.012791,1.519897,205,21.579781,1.193572,-0.252724,1.446296,93.543659,21.812081
2019,62884,최항,—,540,True,3.944837,5.528821,29.855635,2.550943,94.966443,540,0.192298,0.335794,100.0,49,262,1.604945,278,3.923876,121,8.577859,1.588492,1.745586,-0.157093,128,4.567975,0.845921,1.038564,-0.192642,103,0.961753,0.178102,-0.337614,0.515716,126,7.156347,1.325249,-0.719177,2.044427,62,8.591701,1.591056,-0.122413,1.713469,103.315822,70.805369
2019,78548,장성우,KT,1647,True,-0.891921,4.753504,78.290213,-4.848624,37.248322,1647,-0.146649,0.241292,100.0,123,701,1.283632,946,3.469873,408,25.714065,1.561267,1.920766,-0.359499,368,9.595028,0.582576,0.694214,-0.111638,311,-0.772565,-0.046907,-0.5144,0.467493,399,21.036365,1.277254,-0.721395,1.998648,161,22.717319,1.379315,-0.095553,1.474868,98.989289,44.630872
2019,64166,배정대,KT,311,True,2.58655,5.892176,18.324668,-3.980257,84.228188,311,-0.345394,0.663867,100.0,40,132,2.001657,179,3.890519,80,6.813755,2.190918,2.614632,-0.423714,65,0.816944,0.262683,0.553152,-0.290469,54,2.465002,0.792605,-0.186368,0.978973,77,3.804958,1.223459,-0.677446,1.900905,35,4.424009,1.422511,-0.302313,1.724824,97.348725,35.90604
2019,76802,김성현,—,1631,True,0.460752,4.216052,68.763801,-0.034447,58.724832,1631,-0.004306,0.191137,100.0,139,723,1.093524,908,3.122527,387,19.746737,1.210713,1.44553,-0.234816,360,8.523205,0.522575,0.617896,-0.095321,319,2.093181,0.128337,-0.339833,0.46817,378,18.866707,1.156757,-0.561339,1.718096,187,19.533971,1.197668,-0.06873,1.266398,101.410396,57.38255
2019,60343,이해창,KT,158,False,-0.589709,4.385878,6.929687,8.246074,44.295302,158,-0.239503,0.491284,100.0,26,80,1.131682,78,3.254196,35,2.209089,1.398157,1.601031,-0.202873,34,1.186497,0.750947,0.763929,-0.012981,31,0.527589,0.333917,-0.302877,0.636794,41,0.898941,0.56895,-0.930401,1.499351,17,2.107571,1.333906,0.0,1.333906,98.758865,43.624161
2019,78135,이형종,LG,1664,True,1.359583,4.597949,76.509875,2.087603,68.791946,1663,-0.268244,0.22135,99.939904,115,772,0.80229,892,3.79566,383,25.376144,1.525009,1.757105,-0.232096,353,7.988484,0.480077,0.577975,-0.097898,307,-0.29565,-0.017767,-0.457501,0.439733,402,18.729849,1.125592,-0.838961,1.964552,219,24.711048,1.485039,-0.236329,1.721367,96.913166,35.234899
2019,79109,오지환,LG,2155,True,2.760033,5.318541,114.614551,-1.94077,85.57047,2155,0.605556,0.197124,100.0,129,980,1.478901,1175,3.83964,499,34.715815,1.610943,1.846202,-0.235259,480,10.088199,0.46813,0.541244,-0.073114,450,6.611865,0.306815,-0.338441,0.645256,508,35.356398,1.640668,-0.525036,2.165704,218,27.842275,1.291985,-0.045068,1.337053,112.36558,93.624161
2019,76290,김현수,LG,2138,True,3.330292,4.671645,99.879765,1.061284,92.281879,2138,0.307014,0.177833,100.0,135,951,1.138049,1187,3.533596,471,30.015212,1.403892,1.556969,-0.153077,473,12.799114,0.598649,0.706728,-0.108079,433,-1.182253,-0.055297,-0.484773,0.429476,523,32.489185,1.519606,-0.590445,2.110051,238,25.758507,1.204795,-0.05043,1.255225,107.037952,85.57047
2019,78603,김선빈,KIA,1632,True,-1.489843,5.448538,88.920147,-6.382541,28.52349,1632,-0.079198,0.242768,100.0,119,626,1.575675,1006,3.872863,383,23.216732,1.422594,1.863851,-0.441257,356,7.753918,0.475118,0.586301,-0.111183,306,4.694449,0.28765,-0.225841,0.513491,396,25.442727,1.558991,-0.578003,2.136993,191,27.812322,1.704186,-0.070632,1.774819,100.137148,51.342282
2019,69605,해즐베이커,KIA,183,False,1.214273,5.893606,10.785298,-0.825622,67.785235,183,0.780365,0.6688,100.0,11,88,2.659429,95,3.234177,43,4.02973,2.202038,2.507955,-0.305917,51,1.662911,0.908695,0.927664,-0.018969,29,1.007068,0.55031,-0.213047,0.763358,44,2.274455,1.242871,-0.499118,1.741989,16,1.811134,0.989691,-0.064025,1.053715,105.651471,79.865772
2019,79608,안치홍,KIA,1451,True,-0.540722,3.754036,54.471068,1.396776,45.302013,1451,-0.399897,0.259491,100.0,105,626,0.166479,825,3.587557,278,12.414178,0.85556,1.108528,-0.252968,321,6.324848,0.435896,0.558603,-0.122707,274,-0.897138,-0.061829,-0.493804,0.431975,376,15.742791,1.084961,-0.909951,1.994913,202,20.88639,1.439448,-0.096896,1.536344,94.794824,27.181208
2019,72443,최형우,KIA,2237,True,0.556132,5.269302,117.874281,-3.543941,60.738255,2237,0.240408,0.165109,100.0,135,920,1.018736,1317,4.250566,496,34.031482,1.5213,1.742562,-0.221262,500,6.273733,0.280453,0.422141,-0.141688,438,0.804129,0.035947,-0.558753,0.5947,569,41.289866,1.84577,-0.52199,2.36776,234,35.475071,1.585832,-0.065223,1.651056,105.894977,80.872483
2019,70410,김주찬,KIA,1218,True,-2.336182,4.125383,50.247169,7.367017,18.456376,1217,-0.613031,0.20629,99.917898,99,604,0.791684,614,3.3337,248,14.621048,1.200414,1.39222,-0.191805,295,6.572558,0.539619,0.688317,-0.148698,204,1.157982,0.095072,-0.296817,0.391889,302,9.577778,0.786353,-0.749497,1.53585,169,18.317802,1.503925,-0.242539,1.746463,91.567797,15.771812
2019,69150,조셉,LG,781,True,-1.567341,4.381592,34.220235,5.220703,26.510067,781,-0.798959,0.458654,100.0,55,393,1.099289,388,3.282303,159,12.682939,1.623936,1.840644,-0.216708,157,2.305896,0.295249,0.645082,-0.349832,182,-0.133961,-0.017152,-0.516654,0.499502,176,7.35385,0.941594,-0.746391,1.687985,107,12.01151,1.537965,-0.123391,1.661357,89.873292,13.758389
2019,79192,채은성,LG,1806,True,-3.308549,3.40893,61.565277,5.958434,8.389262,1805,-0.748683,0.214181,99.944629,123,903,0.348768,903,3.060162,390,18.114831,1.003036,1.272596,-0.26956,399,10.117625,0.560223,0.630064,-0.069841,346,1.006926,0.055755,-0.342544,0.398299,440,9.283671,0.514046,-1.018443,1.532489,231,23.042225,1.275871,-0.192905,1.468776,88.55474,11.744966
2019,72133,박용택,LG,775,True,0.499936,4.730594,36.662103,4.282067,60.067114,775,-0.318022,0.279044,100.0,63,388,1.143471,387,3.587123,162,11.064729,1.427707,1.656801,-0.229094,176,3.681659,0.475053,0.680036,-0.204983,146,2.024902,0.261278,-0.222498,0.483776,193,8.735682,1.127185,-0.684717,1.811902,98,11.15513,1.439372,-0.28615,1.725522,96.669618,33.892617
2019,79530,양종민,LG,169,False,-1.587336,4.274804,7.22442,10.379988,26.174497,169,-0.825562,0.811747,100.0,16,97,1.287545,72,2.98726,47,3.482197,2.060471,2.244796,-0.184324,28,0.819585,0.484961,0.597534,-0.112573,36,0.467166,0.27643,-0.138549,0.414978,40,0.992376,0.587205,-1.200249,1.787454,18,1.463097,0.865738,-0.215987,1.081725,94.925726,27.516779
2019,76849,이명기,KIA · NC,2009,True,-3.41028,4.763338,95.695464,-3.84863,7.04698,2009,-0.036324,0.20195,100.0,130,863,1.421752,1146,3.341587,506,27.551407,1.371399,1.662827,-0.291428,445,12.942223,0.644212,0.731939,-0.087727,403,4.275481,0.212816,-0.334604,0.54742,454,24.304876,1.2098,-0.535924,1.745724,201,26.621477,1.325111,-0.102486,1.427597,100.91503,53.355705
2019,78629,나지완,KIA,615,True,4.88951,6.225018,38.28386,0.560737,96.979866,615,0.861992,0.552615,100.0,55,279,1.437873,336,4.787144,145,8.019184,1.303932,1.615254,-0.311322,124,4.208356,0.684286,0.764806,-0.08052,125,1.905738,0.309876,-0.428924,0.7388,149,10.97337,1.784288,-0.489516,2.273803,72,13.177212,2.142636,-0.023747,2.166383,112.205631,92.95302
2019,63722,한승택,KIA,1192,True,-0.632947,4.617501,55.040613,-2.045319,42.61745,1191,-0.47671,0.346427,99.916107,93,529,1.270684,663,3.346817,279,18.807978,1.57785,1.917537,-0.339687,260,7.603973,0.637917,0.767667,-0.12975,219,1.825422,0.153139,-0.281102,0.434241,291,10.061718,0.844104,-0.979454,1.823558,143,16.741522,1.40449,-0.153966,1.558456,93.776428,25.167785
2019,66606,최원준,KIA,964,True,-1.210799,3.952581,38.102878,2.071848,31.879195,964,-0.602901,0.328397,100.0,77,485,1.022005,479,2.930576,247,14.981546,1.554102,1.943001,-0.388899,206,4.011763,0.416158,0.529082,-0.112924,191,1.410589,0.146327,-0.41679,0.563116,226,8.377109,0.868995,-0.92957,1.798565,94,9.321871,0.966999,-0.103719,1.070718,92.187081,17.114094
2019,61102,유강남,LG,1744,True,-3.94841,4.103628,71.567265,1.592718,4.362416,1744,-0.901266,0.275669,100.0,126,821,0.874026,923,3.229602,389,24.737209,1.418418,1.705025,-0.286607,380,9.902135,0.567783,0.742121,-0.174338,328,1.997689,0.114546,-0.385095,0.499641,431,11.676044,0.669498,-1.007435,1.676933,216,23.254188,1.333382,-0.18059,1.513973,85.995543,8.389262
2019,79150,정주현,LG,1550,True,-0.641509,4.117055,63.814345,-5.458348,41.946309,1549,0.010092,0.21581,99.935484,123,644,1.089129,906,3.027925,390,17.295166,1.115817,1.502325,-0.386508,342,6.413319,0.413763,0.58391,-0.170147,320,4.16947,0.268998,-0.377015,0.646013,357,20.797287,1.34176,-0.525743,1.867503,141,15.139102,0.976716,-0.094347,1.071063,101.634519,58.053691
2019,62164,서상우,LG,97,False,1.813183,4.946413,4.798021,-2.844904,77.181208,97,0.491157,0.468934,100.0,13,37,0.57443,60,4.371984,17,0.612244,0.63118,0.893573,-0.262393,20,0.624199,0.643505,0.78309,-0.139586,17,0.616863,0.635941,-0.347516,0.983457,31,1.687412,1.7396,-0.754718,2.494318,12,1.257302,1.296188,0.0,1.296188,102.124079,61.744966
2019,79198,윤진호,LG,198,False,-4.105978,2.696214,5.338503,12.27302,4.026846,198,-2.370666,0.812343,100.0,50,112,0.751658,86,1.944556,56,3.856623,1.947789,2.163981,-0.216192,31,0.399433,0.201734,0.523376,-0.321642,43,0.36876,0.186242,-0.11159,0.297833,43,0.285424,0.144154,-0.980964,1.125118,25,0.428263,0.216295,-0.843145,1.05944,83.273339,5.369128
2019,62415,박해민,SAM,2240,True,-1.60345,4.99154,111.810496,-3.388972,25.838926,2240,0.173129,0.171051,100.0,137,990,1.468134,1250,3.523406,538,36.668535,1.636988,1.934202,-0.297214,511,13.115913,0.585532,0.694935,-0.109403,426,3.494586,0.156008,-0.356235,0.512244,546,28.731034,1.282635,-0.717563,2.000199,219,29.800427,1.330376,-0.087205,1.417581,104.690772,78.187919
2019,62404,구자욱,SAM,1822,True,-0.550962,4.757593,86.683347,3.468164,44.630872,1822,-0.032237,0.19608,100.0,116,881,1.088404,941,3.66919,430,25.946185,1.42405,1.672137,-0.248088,382,10.137822,0.556412,0.658363,-0.101951,333,3.186602,0.174896,-0.311208,0.486104,459,18.575616,1.019518,-0.838419,1.857937,218,28.837123,1.582718,-0.09247,1.675188,100.963775,55.369128
2019,75566,이원석,SAM,1722,True,1.525441,5.456864,93.967197,-2.419456,74.161074,1722,0.415941,0.243983,100.0,104,726,1.705356,996,3.751508,403,30.408802,1.7659,2.083484,-0.317584,361,6.175678,0.358634,0.546218,-0.187584,338,5.133239,0.298098,-0.389382,0.68748,417,26.182921,1.520495,-0.439914,1.960409,203,26.066557,1.513737,-0.095051,1.608788,108.645957,88.926174
2019,60566,이상호,NC,776,True,0.237436,3.269336,25.370044,6.463058,54.697987,776,-0.617652,0.438819,100.0,84,407,0.811645,369,2.45769,222,9.694834,1.249334,1.57219,-0.322855,167,3.442807,0.443661,0.5583,-0.11464,142,-0.095592,-0.012319,-0.417828,0.40551,170,4.372623,0.563482,-0.782826,1.346309,75,7.955373,1.025177,-0.11819,1.143367,92.447559,18.456376
2019,62931,노진혁,NC,1478,True,3.012486,4.416044,65.269137,3.413693,88.255034,1478,0.064358,0.270515,100.0,105,749,1.031003,729,3.385042,314,27.188964,1.839578,1.948997,-0.109419,347,6.12798,0.414613,0.539414,-0.124801,307,2.65396,0.179564,-0.432078,0.611643,351,11.693967,0.791202,-0.826447,1.617649,159,17.604265,1.191087,-0.198883,1.38997,102.519664,65.436242
2019,74465,박석민,NC,1803,True,-0.531235,5.005965,90.257557,-4.097566,45.973154,1803,0.210739,0.241859,100.0,109,744,1.028518,1059,3.977448,379,24.7227,1.371198,1.592825,-0.221627,410,10.526754,0.583847,0.691365,-0.107519,358,0.545626,0.030262,-0.527224,0.557487,445,24.540748,1.361106,-0.674914,2.03602,211,29.921729,1.659552,-0.053535,1.713087,105.167646,78.85906
2019,69950,베탄코트,NC,849,True,-0.71637,4.51698,38.349164,11.37809,40.604027,849,-1.653658,0.351267,100.0,53,453,-0.098003,396,4.614983,170,14.844128,1.748425,1.94868,-0.200255,164,3.109559,0.366261,0.452687,-0.086426,169,-1.970217,-0.232063,-0.723624,0.491561,225,5.509837,0.64898,-1.496335,2.145314,121,16.855856,1.985378,-0.279411,2.264788,77.226258,1.006711
2019,76232,양의지,NC,1716,True,3.152298,5.193577,89.121786,0.898266,90.268456,1716,0.140432,0.196448,100.0,117,766,1.252507,950,3.94107,382,26.471301,1.542617,1.765609,-0.222993,383,6.712391,0.391165,0.532991,-0.141826,323,2.081498,0.121299,-0.363073,0.484372,419,24.032125,1.400473,-0.611905,2.012379,209,29.824471,1.738023,-0.071115,1.809138,103.912024,73.489933
2019,78813,모창민,NC,1340,True,0.060996,4.971149,66.613398,5.971501,51.342282,1339,-0.457411,0.268276,99.925373,98,673,0.998077,667,3.973072,309,20.667957,1.542385,1.780749,-0.238364,267,8.089828,0.603719,0.697973,-0.094254,277,1.067304,0.07965,-0.427434,0.507083,327,12.963294,0.96741,-0.895961,1.863371,160,23.825015,1.777986,-0.157251,1.935237,93.934826,25.838926
2019,63963,권희동,NC,1710,True,0.235046,5.879477,100.539056,-5.363,54.026846,1709,0.374698,0.192528,99.94152,116,695,1.687678,1015,4.191799,410,31.418483,1.837338,2.187112,-0.349774,356,7.720993,0.45152,0.587504,-0.135984,327,0.910892,0.053269,-0.450736,0.504004,410,31.71335,1.854582,-0.592785,2.447367,207,28.775337,1.682768,-0.043418,1.726186,107.927121,86.241611
2019,67450,러프,SAM,2201,True,-0.823728,5.269222,115.975584,-5.217505,38.590604,2201,0.080438,0.192579,100.0,127,863,1.372815,1338,3.896407,518,33.170432,1.507062,1.879899,-0.372837,414,8.669119,0.393872,0.560945,-0.167073,458,6.035821,0.274231,-0.322214,0.596445,535,29.860042,1.356658,-0.62315,1.979808,276,38.240171,1.7374,-0.122665,1.860065,103.021111,68.791946
2019,66838,김동엽,SAM,644,True,-3.788897,3.525495,22.704187,13.357525,5.704698,644,-1.449892,0.441484,100.0,55,349,0.171188,295,3.354306,138,9.861072,1.531222,1.72413,-0.192907,128,1.519495,0.235946,0.468899,-0.232952,117,-0.904512,-0.140452,-0.678099,0.537647,170,4.607276,0.715415,-1.02769,1.743106,91,7.620857,1.183363,-0.316051,1.499414,81.905349,3.691275
2019,61404,김헌곤,SAM,1778,True,-6.365429,4.408973,78.391537,-4.202694,0.33557,1776,-0.725475,0.224242,99.887514,112,738,1.197127,1040,3.211845,454,28.076757,1.57912,2.020875,-0.441754,344,7.733872,0.434976,0.555173,-0.120197,356,2.727925,0.153427,-0.440655,0.594081,436,20.389727,1.146779,-0.751366,1.898145,188,19.463257,1.094671,-0.1869,1.281571,88.985323,13.087248
2019,74540,강민호,SAM,1467,True,1.071516,5.053142,74.129595,0.593502,64.765101,1467,0.25109,0.317266,100.0,106,664,1.067003,803,3.986139,328,20.204655,1.377277,1.729309,-0.352032,305,5.306031,0.361693,0.475596,-0.113903,286,5.090663,0.347012,-0.271294,0.618305,365,18.709242,1.27534,-0.723698,1.999038,183,24.819005,1.69182,-0.142911,1.834731,105.624648,79.530201
2019,73306,지석훈,NC,638,True,0.463458,4.289678,27.368145,-1.278792,59.395973,637,-0.069828,0.311881,99.84326,60,282,0.572761,356,3.716917,147,8.49649,1.331738,1.569748,-0.238009,145,3.128203,0.490314,0.511316,-0.021002,121,-1.347462,-0.211201,-0.691882,0.480681,162,10.245347,1.605854,-0.725799,2.331652,63,6.845567,1.072973,-0.090622,1.163595,100.122644,50.671141
2019,62934,김성욱,NC,1254,True,2.882046,4.794719,60.125772,-3.058071,86.912752,1253,0.057711,0.278513,99.920255,104,549,1.375972,705,3.418747,288,18.088939,1.442499,1.767315,-0.324816,271,4.293775,0.342406,0.614096,-0.27169,264,1.512529,0.120616,-0.389546,0.510163,289,18.038443,1.438472,-0.522741,1.961213,142,18.192087,1.450725,-0.093152,1.543877,102.307861,62.080537
2019,69453,이학주,SAM,1534,True,-1.428216,4.578587,70.23553,2.771954,29.194631,1534,-0.030785,0.214429,100.0,109,750,1.285835,784,3.292752,349,21.679722,1.41328,1.716493,-0.303213,359,7.270607,0.473964,0.622631,-0.148667,278,0.365993,0.023859,-0.36389,0.387749,364,18.053281,1.176876,-0.568112,1.744988,184,22.865927,1.490608,-0.121287,1.611895,100.943392,54.697987
2019,79402,김상수,SAM,2043,True,-3.163638,5.013616,102.428165,-6.953766,9.731544,2043,0.005152,0.196921,100.0,123,775,1.095736,1268,3.91788,491,24.957359,1.221603,1.581891,-0.360287,417,10.544578,0.516132,0.663317,-0.147185,392,10.859666,0.531555,-0.212215,0.74377,507,25.35565,1.241099,-0.79998,2.041079,236,30.710912,1.503226,-0.137277,1.640503,101.651626,58.724832
2019,61197,최영진,SAM,968,True,-2.089147,4.672682,45.231562,0.714376,20.469799,968,-0.148144,0.223004,100.0,80,460,1.584958,508,3.087724,225,16.957405,1.751798,2.005971,-0.254173,210,5.739206,0.592893,0.685536,-0.092643,228,4.217258,0.435667,-0.261152,0.69682,201,4.187278,0.43257,-0.717113,1.149683,104,14.130416,1.459754,-0.128285,1.588038,99.029076,45.302013
2019,78168,서건창,KIW,1700,True,0.641662,5.369691,91.284746,-5.713211,61.409396,1700,0.714475,0.208763,100.0,107,688,1.541632,1012,3.828059,439,27.185272,1.599134,1.850217,-0.251083,372,7.174753,0.422044,0.558139,-0.136095,327,6.871282,0.404193,-0.286728,0.690921,380,27.884664,1.640274,-0.541608,2.181883,182,22.168774,1.304046,-0.038388,1.342433,113.739488,96.308725
2019,64300,김하성,KIW,2238,True,1.211137,4.604656,103.052203,-1.338433,67.449664,2237,-0.132432,0.211959,99.955317,133,949,0.859729,1289,3.744927,524,28.922877,1.292354,1.625098,-0.332744,447,9.428066,0.421272,0.550211,-0.12894,443,5.82233,0.260158,-0.339265,0.599422,562,28.020168,1.252018,-0.809211,2.061229,262,30.858762,1.378854,-0.167105,1.54596,99.216086,46.644295
2019,75125,박병호,KIW,2123,True,2.176892,5.753073,122.137729,-2.891982,79.530201,2120,0.371486,0.284471,99.858691,119,882,1.157071,1241,4.596001,452,33.090448,1.558665,1.797637,-0.238972,451,11.033369,0.519707,0.651382,-0.131676,406,3.14165,0.147982,-0.467644,0.615625,531,34.274352,1.61443,-0.760558,2.374989,283,40.597911,1.91229,-0.063745,1.976035,108.176044,88.255034
2019,68345,샌즈,KIW,2227,True,2.493019,5.612982,125.001105,1.803355,82.214765,2227,0.249431,0.241561,100.0,133,1007,0.608435,1220,5.004546,460,31.539664,1.41624,1.692846,-0.276606,417,5.929244,0.266244,0.469876,-0.203632,455,1.514193,0.067993,-0.581612,0.649605,582,38.068147,1.709391,-0.840594,2.549985,313,47.949857,2.153114,-0.132081,2.285195,106.052384,81.543624
2019,79334,장영석,KIW,1576,True,-1.370386,5.316113,83.781941,-1.563775,29.865772,1576,-0.285115,0.252245,100.0,107,693,1.040316,883,4.275797,353,27.465092,1.742709,2.021803,-0.279094,328,7.348186,0.466255,0.662466,-0.19621,290,-0.800633,-0.050802,-0.475744,0.424942,405,19.749353,1.253132,-0.898767,2.151898,200,30.019941,1.904819,-0.269443,2.174261,96.6549,33.221477
2019,76249,민병헌,LOT,1394,True,3.36331,5.030723,70.128273,4.307582,92.95302,1392,0.061658,0.311231,99.856528,94,677,1.025387,717,4.005336,338,20.320701,1.457726,1.657241,-0.199515,277,6.430691,0.461312,0.642729,-0.181417,262,0.422861,0.030334,-0.486871,0.517205,352,20.13141,1.444147,-0.751162,2.195309,165,22.822609,1.637203,-0.036549,1.673752,102.438975,64.765101
2019,77532,손아섭,LOT,2107,True,-0.804115,4.375769,92.197443,-2.031571,39.261745,2107,-0.19796,0.221713,100.0,127,935,0.795102,1172,3.580667,497,31.353111,1.488045,1.757906,-0.269861,481,5.871215,0.278653,0.433783,-0.15513,386,4.455359,0.211455,-0.371272,0.582727,516,20.006289,0.949515,-0.973229,1.922744,227,30.511468,1.4481,-0.052086,1.500186,98.055382,39.261745
2019,78513,전준우,LOT,2100,True,1.874269,4.908966,103.088288,-0.594278,77.516779,2099,0.167404,0.192434,99.952381,134,946,1.33607,1154,3.572896,526,28.023087,1.334433,1.647033,-0.3126,474,10.64514,0.506911,0.643688,-0.136776,399,2.94159,0.140076,-0.339871,0.479947,482,31.15052,1.483358,-0.496744,1.980102,219,30.32795,1.444188,-0.118035,1.562223,104.540045,77.516779
2019,64346,임병욱,KIW,1536,True,-0.74272,3.96203,60.856783,2.401505,39.932886,1536,-0.979435,0.29636,100.0,109,759,0.899064,777,3.062967,374,22.786297,1.483483,1.900854,-0.417371,312,8.233773,0.536053,0.69626,-0.160207,312,-3.042927,-0.198107,-0.604282,0.406174,353,10.540054,0.686201,-0.858788,1.54499,185,22.339586,1.4544,-0.234981,1.689381,84.999967,5.704698
2019,65399,허정협,KIW,280,False,1.660014,3.386481,9.482147,1.9209,76.510067,280,-0.880708,0.402658,100.0,32,127,0.747351,153,2.63913,59,3.387579,1.20985,1.580901,-0.371051,57,1.165549,0.416267,0.601161,-0.184894,62,1.025436,0.366227,-0.348481,0.714708,79,2.044949,0.730339,-0.984784,1.715123,23,1.858635,0.663798,-0.101446,0.765244,92.698863,18.791946
2019,67304,김혜성,KIW,1311,True,-0.941441,3.976783,52.135631,2.211398,36.577181,1311,-0.675771,0.303265,100.0,104,624,0.665131,687,3.311652,322,19.414927,1.480925,1.787212,-0.306287,275,5.825725,0.444373,0.551265,-0.106892,253,-1.288758,-0.098303,-0.442021,0.343718,309,10.81086,0.824627,-0.995252,1.819879,152,17.372876,1.325162,-0.236071,1.561234,90.412046,14.42953
2019,66354,주효상,KIW,124,False,-0.255279,5.389083,6.682463,-2.487755,48.993289,124,1.125413,0.828037,100.0,14,61,2.188624,63,3.200459,37,3.053839,2.462774,2.874772,-0.411999,30,1.27095,1.02496,0.668082,0.356878,21,0.268509,0.216539,-0.030575,0.247114,30,0.630054,0.508108,-1.323656,1.831764,6,1.459111,1.176702,0.0,1.176702,105.952907,81.208054
2019,71564,이대호,LOT,1870,True,0.293831,4.305103,80.505433,4.221633,55.369128,1870,-0.287301,0.184913,100.0,129,890,0.864378,980,3.440725,427,23.118639,1.236291,1.525902,-0.289611,377,8.994427,0.480985,0.650119,-0.169134,346,-0.352805,-0.018867,-0.415796,0.396929,489,20.834269,1.114132,-0.805383,1.919515,231,27.910903,1.492562,-0.090464,1.583026,96.526849,31.879195
2019,77463,채태인,LOT,635,True,1.072495,5.448274,34.596537,10.040406,65.436242,635,-0.02058,0.280089,100.0,56,357,1.874666,278,3.573608,156,15.122807,2.381544,2.538037,-0.156492,127,4.119685,0.648769,0.748009,-0.09924,125,-1.109948,-0.174795,-0.59933,0.424535,138,5.192487,0.817714,-0.699466,1.51718,89,11.271506,1.77504,-0.112584,1.887624,100.76838,52.684564
2019,68525,한동희,LOT,767,True,-2.075411,4.625405,35.476857,-5.295203,21.14094,767,-0.565591,0.468414,100.0,56,324,1.217526,443,3.407879,190,7.79526,1.016331,1.649904,-0.633573,179,1.801645,0.234895,0.56769,-0.332795,136,0.703078,0.091666,-0.32743,0.419096,172,9.597717,1.251332,-0.658188,1.90952,90,15.579157,2.031181,-0.01445,2.04563,93.205204,21.14094
2019,69530,아수아헤,LOT,717,True,2.503877,6.200932,44.460683,-1.877295,82.885906,717,0.91091,0.359845,100.0,46,307,1.65656,410,4.544372,175,12.294865,1.714765,1.960649,-0.245884,153,3.462987,0.482983,0.634389,-0.151407,127,0.264929,0.03695,-0.562228,0.599178,185,18.738999,2.613528,-0.366169,2.979698,77,9.698903,1.352706,-0.010081,1.362787,113.601462,95.637584
2019,64022,안중열,LOT,516,True,-1.927804,3.876623,20.003373,-5.938106,22.483221,516,-0.70968,0.434633,100.0,62,213,1.154102,303,2.722521,124,2.980067,0.577532,1.262662,-0.685129,117,1.218483,0.23614,0.516078,-0.279938,96,0.385453,0.0747,-0.203379,0.278079,117,8.344454,1.617142,-0.348582,1.965724,62,7.074916,1.371108,-0.072677,1.443785,92.336438,17.785235
2019,62556,신본기,LOT,1473,True,-0.294131,4.772972,70.305875,1.196312,48.657718,1472,0.071482,0.247744,99.932111,114,723,1.932981,750,2.83999,371,29.069206,1.97347,2.248758,-0.275288,321,10.026086,0.680658,0.769658,-0.089001,307,2.013463,0.136691,-0.319867,0.456558,323,12.237247,0.83077,-0.699603,1.530373,151,16.959873,1.151383,-0.065966,1.217349,102.636332,66.107383
2019,67341,이정후,KIW,2233,True,-2.52394,4.253608,94.98306,-5.541156,16.442953,2233,0.045326,0.227062,100.0,134,884,0.889106,1349,3.364501,500,21.47604,0.961757,1.334471,-0.372714,533,13.09674,0.586509,0.670465,-0.083956,457,5.240441,0.234682,-0.375632,0.610313,533,31.724271,1.420702,-0.643424,2.064126,210,23.445569,1.049958,-0.096774,1.146733,102.399632,64.09396
2019,76509,김문호,LOT,429,True,1.411984,5.207069,22.338327,2.570929,70.134228,429,0.171958,0.369263,100.0,49,227,2.809139,202,2.39793,109,10.549238,2.45903,2.699843,-0.240813,103,3.462062,0.807007,0.934149,-0.127142,95,1.00616,0.234536,-0.309658,0.544194,79,4.15254,0.967958,-0.391446,1.359404,43,3.168327,0.738538,-0.123749,0.862287,102.724989,66.778523
2019,79456,이지영,KIW,1129,True,-4.441114,3.598617,40.628387,3.67445,3.020134,1129,-1.178764,0.275633,100.0,99,552,0.75471,577,2.843907,275,14.204362,1.258137,1.661111,-0.402974,226,6.898066,0.610989,0.690436,-0.079447,199,-2.01839,-0.178777,-0.453041,0.274264,286,6.004147,0.531811,-0.951401,1.483212,143,15.540202,1.376457,-0.192395,1.568852,82.836205,5.033557
2019,65586,전병우,LOT,185,False,2.635232,4.148018,7.673832,-1.068858,84.563758,185,-0.128068,0.500817,100.0,24,87,1.573151,98,2.574866,43,1.78012,0.962227,1.339125,-0.376898,52,1.091884,0.590208,0.895291,-0.305084,31,0.036394,0.019673,-0.347019,0.366692,38,2.461426,1.330501,-0.196303,1.526803,21,2.304008,1.24541,-0.117943,1.363353,99.438307,48.322148
2019,60523,정훈,LOT,910,True,-1.922824,5.296694,48.199918,-5.338458,23.825503,910,-0.09601,0.368688,100.0,76,365,1.416473,545,3.880222,216,13.502404,1.483781,1.843362,-0.359581,193,5.523334,0.60696,0.762778,-0.155818,179,1.529622,0.16809,-0.461709,0.6298,200,11.985635,1.317103,-0.53334,1.850443,122,15.658924,1.720761,-0.194618,1.915379,99.809408,48.657718
2019,66706,장진혁,HAN,1157,True,3.893644,4.635294,53.630357,-0.885943,94.295302,1157,0.312888,0.252939,100.0,95,538,1.242381,619,3.392913,274,15.715633,1.358309,1.592148,-0.233839,278,6.87316,0.59405,0.743823,-0.149773,224,-1.30892,-0.113131,-0.450935,0.337804,273,16.772196,1.449628,-0.596977,2.046605,108,15.578289,1.346438,-0.045677,1.392115,106.283552,82.885906
2019,69737,노시환,HAN,720,True,-2.219201,4.055607,29.200374,-1.212042,19.798658,720,-0.44568,0.355847,100.0,66,334,1.203305,386,2.852303,173,11.302778,1.56983,1.902892,-0.333062,152,1.71348,0.237983,0.543858,-0.305875,147,0.402809,0.055946,-0.365859,0.421805,172,7.516429,1.043948,-0.707854,1.751802,76,8.264878,1.1479,-0.169733,1.317632,94.98567,28.52349
2019,79290,국해성,DOO,181,False,-2.944179,5.12904,9.283562,-1.027494,11.409396,181,-0.670885,0.552263,100.0,18,73,0.793583,108,4.335456,36,2.85797,1.578989,1.826249,-0.24726,28,0.113729,0.062834,0.208075,-0.145241,44,0.167869,0.092745,-0.47253,0.565276,41,1.935313,1.069234,-0.696779,1.766012,32,4.208681,2.325238,-0.071432,2.39667,95.754869,29.530201
2019,69238,김대한,DOO,63,False,-3.679517,3.175025,2.000266,1.40576,6.040268,63,-2.798759,1.571423,100.0,8,25,-0.251115,38,3.42614,11,-0.581168,-0.922489,0.550586,-1.473076,12,-0.048568,-0.077091,0.045909,-0.123001,14,-0.084013,-0.133354,-0.18202,0.048666,14,0.561502,0.891272,-0.665591,1.556864,12,2.152513,3.416687,0.0,3.416687,91.487418,15.436242
2019,64717,지시완,HAN,390,True,-1.330511,5.053326,19.70797,-2.442663,31.208054,390,0.096255,0.421738,100.0,49,183,2.281997,207,2.771328,121,6.824457,1.749861,2.195554,-0.445693,80,2.876414,0.737542,0.842316,-0.104774,84,1.686082,0.432329,-0.277747,0.710076,68,5.887449,1.509602,-0.239638,1.749241,37,2.433568,0.623992,-0.238486,0.862478,101.776493,59.395973
2019,63202,장승현,DOO,186,False,3.682696,5.658413,10.524648,0.03888,93.959732,186,1.021567,0.952813,100.0,25,90,1.899155,96,3.759257,44,2.996857,1.611214,1.83119,-0.219976,46,1.581185,0.8501,0.927473,-0.077373,38,1.143159,0.614602,-0.027823,0.642425,39,1.999009,1.074736,-0.603305,1.678041,19,2.804437,1.507762,-0.22838,1.736141,107.386319,85.90604
2019,62234,류지혁,DOO,1097,True,0.343419,5.00064,54.857015,2.07694,56.040268,1097,-0.523661,0.34059,100.0,95,513,1.245122,584,3.755517,289,21.639824,1.972637,2.203656,-0.23102,221,2.801339,0.255364,0.505945,-0.250581,188,0.166822,0.015207,-0.460336,0.475543,261,12.646228,1.152801,-0.815834,1.968635,138,17.602803,1.604631,-0.188309,1.79294,93.162323,19.798658
2019,61104,정병곤,DOO,107,False,2.340507,5.986139,6.405169,1.634715,81.208054,107,0.159345,0.19756,100.0,13,53,2.549545,54,3.436594,21,2.412658,2.254821,2.367979,-0.113159,33,1.832922,1.713011,1.852468,-0.139457,17,0.483502,0.451871,-0.00041,0.452281,21,-0.40818,-0.381476,-1.670492,1.289016,15,2.084267,1.947913,0.0,1.947913,100.797506,53.020134
2019,63123,강승호,—,167,False,1.757381,4.816039,8.042785,2.003283,77.181208,167,0.253867,0.347301,100.0,12,86,1.549773,81,3.266266,43,3.435792,2.05736,2.274549,-0.217189,32,0.623331,0.373252,0.522099,-0.148847,32,-0.18685,-0.111886,-0.604062,0.492176,39,1.488224,0.891152,-0.642814,1.533965,21,2.682288,1.606161,0.0,1.606161,101.898034,59.731544
2019,64004,김민혁,KT,1840,True,-2.676265,4.200465,77.288556,-1.005964,15.100671,1840,-0.450951,0.184751,100.0,127,827,1.109932,1013,3.090533,470,26.019886,1.414124,1.74691,-0.332786,395,10.627834,0.5776,0.612499,-0.0349,382,2.836577,0.154162,-0.358424,0.512585,415,20.450364,1.111433,-0.655301,1.766734,178,17.353896,0.943147,-0.235753,1.178899,93.692,23.825503
2019,64006,심우준,KT,1635,True,-2.709847,4.830368,78.97652,-2.081778,14.42953,1635,-0.224901,0.225954,100.0,129,748,1.675774,887,3.154594,431,25.497081,1.559455,1.880698,-0.321243,357,13.124523,0.802723,0.917744,-0.115021,315,5.701393,0.348709,-0.18399,0.532699,366,16.087918,0.98397,-0.715192,1.699163,166,18.565605,1.135511,-0.223484,1.358995,97.658968,37.919463
2019,61353,고종욱,—,1842,True,-1.364747,3.568922,65.739547,8.235961,30.536913,1842,-0.921475,0.206827,100.0,132,1013,0.77393,829,2.794992,449,29.207501,1.585641,1.756798,-0.171158,407,11.810809,0.641195,0.695772,-0.054577,350,-3.579598,-0.194332,-0.549372,0.35504,433,12.063733,0.654926,-0.813647,1.468573,203,16.237103,0.881493,-0.315621,1.197114,85.515146,6.375839
2019,65610,황대인,KIA,98,False,-2.371652,2.749323,2.694336,3.650678,18.120805,98,-1.163627,0.811262,100.0,12,47,0.394112,51,2.355211,20,1.688191,1.722643,1.915302,-0.192659,26,-0.123844,-0.126372,0.306263,-0.432635,15,-0.583147,-0.595048,-0.803061,0.208012,27,1.225054,1.250055,-0.68807,1.938124,10,0.488084,0.498045,-0.336322,0.834367,95.001016,28.85906
2019,61186,이천웅,LG,2226,True,-0.600459,4.869173,108.387783,-4.491567,43.288591,2226,0.110782,0.176699,100.0,133,911,1.092688,1315,3.776485,567,29.788078,1.338189,1.740282,-0.402093,433,5.014128,0.225253,0.334764,-0.109511,456,7.448719,0.334623,-0.33727,0.671894,539,35.665506,1.602224,-0.585007,2.187231,231,30.471352,1.368884,-0.060081,1.428965,103.570039,72.147651
2019,62864,김민식,KIA,505,True,-0.396341,4.031022,20.356663,-4.704286,47.315436,505,-0.370953,0.380651,100.0,44,211,0.363171,294,3.667851,100,5.717691,1.132216,1.466092,-0.333876,114,-0.113066,-0.022389,0.121183,-0.143572,120,-0.443673,-0.087856,-0.623001,0.535145,119,6.358629,1.259134,-0.601103,1.860237,52,8.837081,1.749917,0.0,1.749917,96.461132,31.208054
2019,73213,손시헌,NC,539,True,-4.896097,3.41319,18.397092,4.960553,2.348993,539,-1.170582,0.469293,100.0,53,273,0.658695,266,2.754495,121,8.108853,1.504425,1.764341,-0.259916,120,3.039619,0.563937,0.694147,-0.13021,117,0.893855,0.165836,-0.313559,0.479395,117,3.198854,0.593479,-0.888557,1.482037,64,3.155912,0.585512,-0.597677,1.183189,86.528145,9.060403
2019,66462,김성훈,SAM,299,False,-2.124901,3.61689,10.814501,-5.952715,20.134228,299,-0.18788,0.432166,100.0,44,130,1.478604,169,2.138286,91,5.558953,1.859181,2.22018,-0.360998,62,0.038798,0.012976,0.15864,-0.145664,61,1.283553,0.429282,-0.17048,0.599762,70,2.393057,0.800353,-0.729736,1.53009,15,1.54014,0.515097,0.0,0.515097,98.853707,43.624161
2019,62025,이원재,NC,1027,True,0.787465,4.51549,46.374084,4.56849,63.422819,1027,-0.350116,0.228003,100.0,88,509,0.852577,518,3.662913,223,16.998714,1.655181,1.821429,-0.166248,212,5.375956,0.523462,0.640284,-0.116822,211,-0.804948,-0.078379,-0.530653,0.452275,268,10.838724,1.055377,-0.988216,2.043593,113,13.965638,1.359848,-0.090267,1.450115,95.92855,29.865772
2019,67539,나균안,LOT,804,True,-5.645065,4.265033,34.290863,-0.105089,1.006711,804,-1.366715,0.366212,100.0,84,397,1.573404,407,2.691629,216,16.609565,2.065866,2.544713,-0.478847,164,3.048586,0.379177,0.496506,-0.117329,147,0.620536,0.077181,-0.226121,0.303303,183,1.811346,0.225292,-0.967694,1.192986,94,12.200829,1.517516,-0.274,1.791516,81.692433,3.020134
2019,65357,송성문,KIW,1132,True,-1.926686,4.655678,52.70227,-1.688856,23.154362,1132,0.159488,0.270669,100.0,89,501,1.349145,631,3.306533,252,15.067259,1.33103,1.701235,-0.370205,248,5.60179,0.494858,0.644844,-0.149986,237,1.917064,0.169352,-0.263133,0.432485,262,16.153751,1.42701,-0.572602,1.999612,133,13.962406,1.233428,-0.161199,1.394627,103.838382,72.818792
2019,64504,오윤석,LOT,826,True,-0.232932,4.975338,41.096293,-4.257674,49.328859,826,0.193556,0.360104,100.0,67,362,1.451356,464,3.523982,198,15.39138,1.863363,2.128533,-0.26517,175,2.739947,0.331713,0.568908,-0.237195,189,0.657385,0.079587,-0.503945,0.583532,188,11.48722,1.390705,-0.709538,2.100243,76,10.820361,1.309971,-0.032601,1.342572,103.962748,74.832215
2019,62356,김규민,KIW,872,True,1.512748,5.659884,49.354191,0.072922,73.489933,872,0.047393,0.339591,100.0,75,409,1.81532,463,3.844564,214,12.990507,1.489737,1.938077,-0.44834,182,6.647737,0.762355,0.990076,-0.227721,163,0.852132,0.097722,-0.383959,0.48168,198,13.149061,1.50792,-0.568351,2.07627,115,15.714755,1.802151,-0.160524,1.962675,101.901422,60.067114
2019,79113,문선재,KIA,231,False,3.425406,6.251805,14.44167,5.345097,93.959732,231,0.688383,0.564217,100.0,23,116,1.81324,115,4.438565,54,3.55594,1.539368,1.80503,-0.265663,47,1.529683,0.6622,0.668995,-0.006794,39,0.457496,0.19805,-0.167018,0.365068,51,3.271828,1.416376,-0.389397,1.805773,40,5.626722,2.43581,-0.104371,2.540181,105.91616,81.208054
2019,64560,이창진,KIA,1819,True,1.583564,4.863881,88.474004,-3.821263,75.503356,1819,0.140622,0.305002,100.0,122,747,0.817196,1072,4.046686,429,22.017041,1.210393,1.5361,-0.325707,395,4.792081,0.263446,0.530292,-0.266846,340,8.004292,0.440038,-0.290411,0.730449,454,28.079763,1.543692,-0.812761,2.356454,201,25.580827,1.406313,-0.146024,1.552336,103.960508,74.161074
2019,64657,박준태,KIA,173,False,1.419815,4.601635,7.960829,1.901951,71.14094,173,0.212452,0.41258,100.0,23,85,1.283962,88,3.317673,43,3.330779,1.925306,2.117198,-0.191892,34,0.09304,0.053781,0.210417,-0.156636,43,-0.101703,-0.058788,-0.671117,0.612329,43,3.642652,2.105579,-0.372536,2.478115,10,0.996061,0.575758,0.0,0.575758,101.683787,59.060403
2019,66615,류승현,KIA,647,True,-2.400222,4.905106,31.736036,0.714218,17.114094,647,-0.427477,0.404009,100.0,56,324,1.882644,323,3.022463,154,10.624374,1.642098,1.937508,-0.29541,168,4.688821,0.724702,1.035182,-0.31048,129,1.553276,0.240074,-0.372259,0.612333,140,8.783112,1.357513,-0.586961,1.944474,56,6.086454,0.940719,-0.130826,1.071545,95.396013,29.194631
2019,65643,문경찬,KIA,3,False,-75.074642,-5.451013,-0.16353,-81.894981,0.0,3,-10.196447,0.0,100.0,1,0,0.0,3,-5.451013,2,-0.154768,-5.158919,0.0,-5.158919,1,-0.008763,-0.292095,0.0,-0.292095,0,0.0,0.0,0.0,0.0,0,0.0,0.0,0.0,0.0,0,0.0,0.0,0.0,0.0,97.862953,38.255034
2019,64007,문상철,KT,270,False,-2.160621,3.763846,10.162384,5.134476,20.134228,270,-1.492414,0.712913,100.0,32,135,0.104596,135,3.65925,68,2.191298,0.811592,1.297166,-0.485574,52,1.241382,0.459771,0.74489,-0.285119,45,0.141465,0.052395,-0.409709,0.462103,75,2.535433,0.939049,-1.354793,2.293843,30,4.052806,1.501039,-0.172958,1.673998,87.498669,9.395973
2019,66917,김찬형,NC,479,True,2.692563,3.556978,17.037924,6.445249,84.899329,479,-0.238803,0.335355,100.0,52,249,1.096509,230,2.460469,101,5.937841,1.239633,1.412438,-0.172805,122,2.3203,0.484405,0.665221,-0.180816,102,-0.131012,-0.027351,-0.369017,0.341666,110,5.077274,1.059974,-0.49056,1.550534,44,3.833522,0.800318,-0.121572,0.92189,98.078403,39.932886
2019,68069,고명성,KT,74,False,-2.467618,2.96276,2.192442,-7.336123,16.778523,74,-1.058816,0.860241,100.0,14,32,1.358639,42,1.604121,16,0.947078,1.279835,1.626582,-0.346747,18,-0.000428,-0.000578,0.267936,-0.268515,15,-0.180857,-0.244401,-0.333299,0.088898,23,1.383258,1.869267,-0.202581,2.071848,2,0.043391,0.058637,0.0,0.058637,96.287758,30.201342
2019,64012,송민섭,KT,227,False,1.944245,6.948426,15.772928,0.209037,77.852349,227,0.983188,0.512413,100.0,43,95,1.896634,132,5.051793,49,3.240471,1.42752,1.567067,-0.139547,52,2.130322,0.938468,0.81059,0.127877,38,0.720826,0.317545,-0.141423,0.458968,54,5.608905,2.470883,-0.184192,2.655075,34,4.072404,1.79401,-0.155408,1.949419,108.165809,87.248322
2019,62925,강진성,NC,333,True,-0.100043,5.018032,16.710047,1.752354,50.0,332,-0.323114,0.432668,99.6997,37,158,1.728567,175,3.289465,96,5.997891,1.801168,2.294127,-0.492958,56,1.878142,0.564006,0.647714,-0.083708,72,-0.155732,-0.046766,-0.492114,0.445348,71,2.854442,0.85719,-0.575612,1.432801,38,6.135305,1.842434,-0.145548,1.987981,97.485534,37.248322
2019,73209,나주환,—,919,True,1.122924,4.982078,45.785295,4.288248,66.107383,918,-0.12798,0.178771,99.891186,86,473,1.833616,446,3.148461,228,19.830048,2.157785,2.390014,-0.232229,207,4.147474,0.451303,0.541309,-0.090006,174,-2.261482,-0.246081,-0.501032,0.254951,215,10.397576,1.131401,-0.52116,1.652561,95,13.671679,1.487669,-0.075515,1.563184,99.335709,47.986577
2019,72456,손주인,SAM,121,False,-1.302243,3.139046,3.798246,-1.052654,31.543624,121,-0.883045,0.75728,100.0,17,56,0.813762,65,2.325284,29,1.452565,1.200467,1.591765,-0.391298,26,0.144776,0.119649,0.413294,-0.293644,28,0.068591,0.056687,-0.451051,0.507738,26,0.641499,0.530165,-0.740246,1.270411,12,1.490814,1.232078,0.0,1.232078,95.623185,29.530201
2019,62558,김준태,LOT,409,True,1.449519,6.410196,26.217701,-6.083564,72.147651,409,1.048243,0.540164,100.0,37,178,2.184133,231,4.226062,105,7.482491,1.82946,2.182626,-0.353166,100,2.943762,0.719746,0.975496,-0.25575,76,1.664321,0.406924,-0.511126,0.91805,88,7.692492,1.880805,-0.462862,2.343667,40,6.434636,1.573261,0.0,1.573261,112.196758,92.281879
2019,71432,박한이,SAM,303,True,-1.004356,6.142689,18.612346,-2.079827,35.90604,303,0.317158,0.54846,100.0,28,133,2.155196,170,3.987493,78,6.094118,2.01126,2.440994,-0.429734,59,1.364416,0.450302,0.532673,-0.08237,70,1.345342,0.444007,-0.422832,0.866839,60,4.861073,1.604315,-0.341053,1.945367,36,4.947398,1.632805,-0.054585,1.68739,103.558403,71.47651
2019,78756,오선진,HAN,1596,True,-2.968447,4.542805,72.503172,-3.666252,11.073826,1596,-0.135972,0.203695,100.0,106,691,1.327221,905,3.215584,387,21.970886,1.376622,1.690243,-0.313621,365,8.987786,0.563145,0.678868,-0.115723,315,2.855306,0.178904,-0.308033,0.486937,362,17.385252,1.089301,-0.599021,1.688323,167,21.303942,1.334833,-0.134836,1.469669,99.173266,45.973154
2019,66704,김태연,HAN,28,False,-5.288521,3.485764,0.976014,-3.682361,1.342282,28,-2.217931,0.977532,100.0,5,10,1.051142,18,2.434622,8,0.366279,1.30814,2.122901,-0.81476,3,0.160494,0.573193,0.751937,-0.178744,3,-0.489569,-1.748462,-1.748462,0.0,11,0.780212,2.786471,-0.075234,2.861705,3,0.158598,0.566421,0.0,0.566421,96.486122,31.543624
2019,71842,정상호,LG,84,False,0.044487,1.142808,0.959958,16.646453,51.006711,84,-1.959314,0.949253,100.0,14,51,0.095602,33,1.047206,20,1.02395,1.218988,1.246324,-0.027336,19,-0.003674,-0.004373,0.532327,-0.5367,18,0.058439,0.06957,-0.152723,0.222293,15,-0.635871,-0.75699,-1.245019,0.488029,12,0.517115,0.615613,-0.285308,0.90092,92.496066,18.791946
2019,64793,김민수,SAM,155,False,-9.113192,1.417075,2.196466,6.484861,0.0,154,-2.253436,0.684573,99.354839,19,87,0.157212,68,1.259863,35,1.396984,0.90128,1.323898,-0.422618,37,0.736532,0.475182,0.702889,-0.227707,38,-0.926915,-0.598009,-0.811564,0.213554,27,-0.183883,-0.118634,-0.60854,0.489906,18,1.173747,0.757256,-0.449472,1.206728,86.490055,8.724832
2019,62409,박찬도,SAM,116,False,0.382259,3.963783,4.597989,2.928648,57.04698,116,0.25253,0.570565,100.0,17,64,1.084109,52,2.879675,28,1.872374,1.614116,1.683898,-0.069782,28,0.679652,0.585907,0.744568,-0.158662,30,-0.585663,-0.504882,-0.964375,0.459494,21,1.868952,1.611165,-0.317937,1.929102,9,0.762674,0.657477,-0.062045,0.719522,101.337979,57.04698
2019,61208,정진호,DOO,394,True,2.478011,5.598689,22.058833,4.451034,81.543624,394,0.303734,0.335125,100.0,42,195,1.555971,199,4.042718,92,6.37324,1.617574,1.800264,-0.18269,86,2.812689,0.713881,0.804453,-0.090573,72,-0.031131,-0.007901,-0.397723,0.389822,88,5.175431,1.313561,-0.560405,1.873966,56,7.728604,1.961575,-0.090618,2.052193,104.00681,75.503356
2019,62908,황윤호,KIA,406,True,3.244431,4.213563,17.107065,2.317178,91.610738,406,0.022378,0.303986,100.0,44,192,1.119307,214,3.094256,110,6.147568,1.514179,1.66952,-0.15534,71,1.472978,0.362802,0.417426,-0.054624,90,-0.180287,-0.044406,-0.484819,0.440413,100,4.824779,1.188369,-0.478697,1.667066,35,4.842027,1.192618,-0.004123,1.19674,101.01919,56.040268
2019,64984,김태진,NC,1383,True,-1.069046,4.133607,57.167782,3.297114,33.221477,1383,-0.478098,0.243199,100.0,113,689,1.178633,694,2.954974,360,22.214406,1.606248,1.825756,-0.219508,291,9.017297,0.65201,0.757127,-0.105118,279,2.413054,0.17448,-0.438748,0.613227,308,7.274965,0.526028,-0.827256,1.353284,145,16.24806,1.174842,-0.138246,1.313088,93.556103,22.483221
2019,62921,박헌욱,NC,31,False,-8.523944,-2.285242,-0.708425,6.333086,0.0,31,-6.296012,2.228395,100.0,3,14,-2.296683,17,0.011441,4,-0.467236,-1.507212,0.315652,-1.822864,6,0.00448,0.014451,0.275354,-0.260903,9,-0.013028,-0.042026,-1.027662,0.985636,11,-0.163372,-0.527007,-1.63658,1.109572,1,-0.069269,-0.223448,-0.223448,0.0,89.701322,13.422819
2019,76720,정범모,NC,164,False,-3.644059,2.25567,3.699299,10.12775,6.040268,164,-1.189195,0.550795,100.0,20,93,0.322012,71,1.933658,34,1.110727,0.677273,0.940904,-0.263631,41,0.830899,0.506646,0.606069,-0.099423,35,0.447215,0.272692,-0.16183,0.434523,37,0.563084,0.343344,-0.778068,1.121411,17,0.747373,0.455715,-0.285063,0.740778,92.713799,18.791946
2019,69727,변우혁,HAN,251,False,-4.223423,6.038213,15.155914,4.293908,4.026846,251,-0.176955,0.790481,100.0,24,122,0.641036,129,5.397177,54,3.348767,1.33417,1.693491,-0.359321,47,2.122319,0.845545,0.785245,0.0603,48,1.084704,0.432153,-0.302976,0.735129,71,3.633765,1.447715,-1.362459,2.810174,31,4.966359,1.978629,-0.172266,2.150895,99.010114,44.966443
2019,78217,김용의,LG,772,True,-2.939691,4.894754,37.787503,-4.402036,11.744966,772,-0.263198,0.337189,100.0,83,319,1.078045,453,3.816709,180,9.783161,1.267249,1.640044,-0.372795,143,3.322254,0.430344,0.56975,-0.139406,154,2.155047,0.279151,-0.142252,0.421403,193,9.352521,1.211466,-0.794485,2.005952,102,13.174519,1.706544,-0.195012,1.901556,97.444243,36.577181
2019,79234,김진형,NC,68,False,-1.672962,1.359372,0.924373,7.234652,25.503356,68,-1.275795,0.905748,100.0,9,41,0.876408,27,0.482964,19,1.131872,1.664518,1.857225,-0.192707,17,-0.226505,-0.333096,0.096405,-0.429501,13,0.164403,0.241769,-0.140286,0.382055,15,-0.352185,-0.517919,-0.936936,0.419016,4,0.206788,0.3041,0.0,0.3041,95.816559,29.530201
2019,77243,허도환,—,341,True,-1.743453,4.578599,15.613022,4.992125,25.167785,340,-1.249313,0.557975,99.706745,44,177,1.427624,164,3.150975,81,4.353154,1.276585,1.657671,-0.381086,82,1.988233,0.583059,0.981366,-0.398307,55,-0.001682,-0.000493,-0.142188,0.141694,75,1.39949,0.410408,-1.008815,1.419222,48,7.873827,2.30904,-0.060411,2.369451,88.253657,11.073826
2019,79705,김회성,HAN,423,True,5.091365,5.687085,24.056369,-1.944245,98.322148,423,1.198507,0.411337,100.0,46,200,2.033979,223,3.653106,100,8.347305,1.973358,2.172837,-0.199479,104,3.248492,0.767965,0.782971,-0.015006,84,1.471267,0.347817,-0.274561,0.622379,93,6.194178,1.464345,-0.608613,2.072958,42,4.795127,1.1336,-0.038655,1.172255,114.064031,96.979866
2019,62353,박정음,KIW,337,True,-2.904906,5.713068,19.253041,-2.404331,13.087248,337,-0.393673,0.51182,100.0,30,148,1.696352,189,4.016716,75,6.687723,1.984488,2.317011,-0.332523,72,2.204899,0.654273,0.933193,-0.27892,66,-0.058655,-0.017405,-0.341746,0.324341,92,6.304667,1.870821,-1.033864,2.904685,32,4.114407,1.220892,-0.178242,1.399134,96.775587,34.563758
2019,79465,배영섭,—,319,True,0.925048,4.129366,13.172676,-6.263761,64.09396,318,-0.261909,0.688546,99.68652,29,138,0.942864,181,3.186502,78,3.755825,1.177374,1.494017,-0.316643,72,1.737813,0.544769,0.678251,-0.133482,62,-0.679779,-0.213097,-0.550064,0.336967,78,3.337978,1.046388,-0.67934,1.725728,29,5.02084,1.573931,0.0,1.573931,98.119156,40.604027
2019,62947,나성범,NC,419,True,3.954953,4.36662,18.29614,8.613104,95.637584,419,-0.204826,0.558889,100.0,23,228,0.597323,191,3.769297,82,5.502165,1.313166,1.551007,-0.237841,91,1.143604,0.272936,0.407961,-0.135025,84,0.003401,0.000812,-0.44726,0.448072,101,4.40373,1.05101,-0.737915,1.788924,61,7.24324,1.728697,-0.17647,1.905167,98.538757,41.275168
2019,77564,김민성,LG,1479,True,-3.118453,3.612865,53.434268,-3.028937,10.402685,1478,-0.943125,0.221785,99.932387,102,629,0.523776,850,3.089088,333,17.36633,1.174194,1.513035,-0.338841,298,4.922921,0.332855,0.574393,-0.241539,320,-1.789169,-0.120972,-0.546539,0.425568,363,15.356112,1.038277,-0.804101,1.842378,165,17.578074,1.188511,-0.213011,1.401522,85.715175,7.04698
2019,65207,신민재,LG,401,True,-2.546032,4.64137,18.611892,-4.279522,15.771812,401,-0.851654,0.485085,100.0,43,171,1.322738,230,3.318631,96,5.867479,1.463212,1.932211,-0.468999,96,0.44991,0.112197,0.47072,-0.358523,68,0.150684,0.037577,-0.432546,0.470122,84,3.732272,0.930741,-0.614899,1.54564,57,8.411547,2.097643,-0.032748,2.130391,91.581802,16.442953
2019,63559,백동훈,DOO,170,False,-3.693273,2.962155,5.035664,8.399915,6.040268,170,-0.796665,0.788501,100.0,23,87,-0.161651,83,3.123806,42,2.020561,1.188565,1.414194,-0.225629,22,0.461999,0.271764,0.364944,-0.093179,43,0.338414,0.199067,-0.50201,0.701077,41,0.499317,0.293716,-0.847376,1.141092,22,1.715373,1.009043,-0.591402,1.600445,95.094894,28.85906
2019,64646,박찬호,KIA,2056,True,-1.893871,4.387374,90.204414,3.380439,24.496644,2055,-0.442481,0.226548,99.951362,132,1031,1.55476,1025,2.832614,509,35.041095,1.704333,1.940077,-0.235744,464,15.599822,0.758746,0.889709,-0.130963,414,1.687223,0.082063,-0.347688,0.429752,456,12.505505,0.608244,-0.757635,1.36588,213,25.370769,1.233987,-0.169703,1.403689,93.735619,24.496644
2019,60605,홍재호,KIA,82,False,1.746515,4.513032,3.700686,-0.030183,77.181208,82,0.090715,0.619117,100.0,9,35,1.134544,47,3.378488,18,1.206117,1.470874,1.626074,-0.1552,12,0.079091,0.096453,0.253303,-0.15685,22,0.474716,0.578922,-0.318453,0.897375,22,1.420683,1.73254,-0.234279,1.966818,8,0.520079,0.634243,-0.192102,0.826345,100.297356,51.677852
2019,69766,유로결,HAN,202,False,-2.01129,5.258702,10.622579,-2.801537,21.47651,201,0.291207,0.362419,99.50495,23,100,2.351959,102,2.906744,67,4.217556,2.087899,2.479375,-0.391475,42,1.067328,0.52838,0.674555,-0.146174,29,0.124593,0.06168,-0.300596,0.362276,45,2.908334,1.439769,-0.407842,1.847611,19,2.304768,1.140974,-0.093532,1.234506,102.494091,65.100671
2019,65515,강로한,LOT,1113,True,-0.867164,4.01203,44.653888,3.109834,37.919463,1113,-0.989292,0.268125,100.0,91,552,1.121135,561,2.890895,269,16.124605,1.448752,1.818635,-0.369883,253,5.278158,0.474228,0.684833,-0.210605,212,0.797108,0.071618,-0.39495,0.466568,253,8.919579,0.8014,-0.716168,1.517567,126,13.534438,1.216032,-0.271216,1.487248,85.858534,7.718121
2019,66662,신범수,KIA,234,False,-2.087785,4.234113,9.907824,4.466729,20.805369,234,-0.666351,0.571081,100.0,33,107,0.798756,127,3.435357,57,3.288987,1.40555,1.735816,-0.330266,41,1.38919,0.593671,0.672844,-0.079173,36,-0.529756,-0.226392,-0.590352,0.36396,69,3.210737,1.37211,-0.857986,2.230096,31,2.548666,1.089174,-0.161566,1.25074,95.10932,28.85906
2019,76368,유재신,KIA,232,False,-2.951338,4.279238,9.927831,-3.443912,11.409396,232,-0.525286,0.661847,100.0,33,96,0.126453,136,4.152784,46,1.670544,0.720062,1.00537,-0.285308,54,1.059621,0.456733,0.655886,-0.199153,52,0.452632,0.1951,-0.580546,0.775646,47,2.45448,1.057965,-0.584345,1.64231,33,4.290554,1.849377,-0.369912,2.219289,96.257342,30.201342
2019,68362,추재현,KIW,4,False,4.357502,4.672575,0.186903,1.390518,96.644295,4,0.672012,0.0,100.0,1,2,1.210731,2,3.461843,1,0.035595,0.88987,0.88987,0.0,0,0.0,0.0,0.0,0.0,1,0.012834,0.320861,0.320861,0.0,1,0.057645,1.44113,0.0,1.44113,1,0.080829,2.020714,0.0,2.020714,99.701191,48.322148
2019,61566,허일,LOT,581,True,-1.506828,4.060369,23.590746,-1.685001,27.852349,581,-0.613785,0.421483,100.0,62,265,1.191815,316,2.868554,146,8.904965,1.532696,1.940841,-0.408144,127,2.824209,0.486094,0.58974,-0.103645,113,-0.104808,-0.018039,-0.48411,0.46607,142,5.264167,0.906053,-0.841898,1.74795,53,6.702214,1.153565,-0.012758,1.166323,93.197056,20.469799
2019,76267,최주환,DOO,1308,True,-2.743733,5.874274,76.835499,-0.386011,13.758389,1308,-0.14975,0.203263,100.0,85,579,1.774234,729,4.10004,328,24.910557,1.904477,2.209795,-0.305319,258,9.540845,0.729422,0.822327,-0.092905,247,2.782376,0.21272,-0.361382,0.574102,312,16.922571,1.293775,-0.816242,2.110016,163,22.679152,1.73388,-0.080265,1.814145,98.963734,43.959732
2019,79365,박동원,KIW,1271,True,3.112631,5.253458,66.771447,5.74662,89.597315,1271,-0.166025,0.301447,100.0,102,624,0.78501,647,4.468447,270,16.920792,1.331298,1.586199,-0.254901,291,6.789274,0.534168,0.609144,-0.074976,188,-1.944519,-0.152991,-0.415167,0.262176,329,16.291928,1.28182,-0.912907,2.194727,193,28.713971,2.259164,-0.082258,2.341422,98.704657,41.946309
2019,70756,이범호,KIA,100,False,3.235882,6.495566,6.495566,-0.390517,91.275168,100,0.62777,1.199323,100.0,19,48,2.364019,52,4.131547,30,1.366371,1.366371,1.88996,-0.523588,19,1.138047,1.138047,1.025153,0.112894,21,0.494521,0.494521,0.17373,0.320791,18,1.085898,1.085898,-0.724823,1.81072,12,2.41073,2.41073,0.0,2.41073,102.786859,67.114094
2019,63260,이우성,NC · KIA,623,True,0.164749,5.365648,33.427984,0.01938,52.684564,622,-0.03211,0.318237,99.839486,58,283,1.435292,340,3.930356,145,8.657383,1.389628,1.71252,-0.322892,133,4.252164,0.68253,0.769389,-0.086859,127,0.569197,0.091364,-0.346491,0.437855,142,8.430453,1.353203,-0.642056,1.995259,76,11.518787,1.848922,-0.05807,1.906993,100.609197,52.013423
2019,60100,백진우,HAN,159,False,0.32294,3.307569,5.259035,-1.811659,55.704698,159,-0.545005,0.77212,100.0,14,74,0.982774,85,2.324795,40,2.147552,1.350661,1.623883,-0.273221,36,-0.019358,-0.012175,0.409306,-0.421481,35,1.076721,0.677183,0.208649,0.468534,30,-0.53864,-0.338768,-1.259063,0.920296,18,2.592761,1.630667,0.0,1.630667,96.858946,34.899329
2019,63088,김진곤,KT,107,False,0.34786,3.454563,3.696382,15.509584,56.375839,107,-0.845302,0.558398,100.0,17,63,-0.311578,44,3.766141,23,1.380101,1.289814,1.385706,-0.095892,22,0.218671,0.204365,0.264062,-0.059697,14,-0.108625,-0.101519,-0.381589,0.28007,29,0.008903,0.00832,-1.406141,1.414461,19,2.197334,2.053583,-0.173617,2.227199,96.149773,30.201342
2019,64086,신성현,DOO,200,False,3.781933,6.109502,12.219004,1.259027,93.959732,200,0.11773,1.319472,100.0,25,87,1.135364,113,4.974138,46,3.238058,1.619029,1.887284,-0.268254,46,0.057775,0.028887,0.544044,-0.515157,24,1.192738,0.596369,-0.227066,0.823436,50,3.644387,1.822193,-0.71821,2.540403,34,4.086046,2.043023,-0.350688,2.393711,101.216523,57.04698
2019,62907,박민우,NC,1874,True,2.134679,5.153656,96.579518,-4.986591,78.85906,1874,0.668228,0.219939,100.0,121,796,1.650276,1078,3.50338,474,30.612608,1.633544,1.911349,-0.277806,437,8.596912,0.458747,0.602388,-0.143641,369,7.756825,0.413918,-0.368246,0.782164,412,26.790675,1.429598,-0.469027,1.898626,182,22.822498,1.217849,-0.026188,1.244038,113.177273,94.966443
2019,68912,김형준,NC,396,True,1.988028,4.528288,17.932019,-5.402554,78.187919,395,-0.077613,0.507802,99.747475,43,177,1.973665,219,2.554623,116,5.971328,1.507911,1.918423,-0.410512,88,2.222573,0.561256,0.775466,-0.21421,62,0.514605,0.129951,-0.237407,0.367358,92,4.703296,1.187701,-0.422645,1.610346,38,4.520217,1.141469,-0.060172,1.201641,99.929199,49.328859
2019,78361,전민수,LG,413,True,1.142521,5.316998,21.959203,-3.081139,66.778523,413,0.33793,0.502064,100.0,65,178,1.254619,235,4.06238,93,6.800968,1.646724,1.837402,-0.190678,100,2.781841,0.673569,0.738027,-0.064458,83,-0.234931,-0.056884,-0.598285,0.541401,88,5.541213,1.341698,-0.614221,1.955919,49,7.070112,1.711892,-0.108305,1.820196,104.484052,76.845638
2019,66108,홍창기,LG,111,False,3.202478,5.041818,5.596418,5.364612,91.275168,111,-0.145961,0.766244,100.0,15,60,1.819133,51,3.222685,27,2.310079,2.081152,2.352678,-0.271526,19,1.06407,0.958621,0.914195,0.044426,25,-0.029041,-0.026163,-0.422146,0.395983,24,0.810454,0.730139,-0.740222,1.470361,16,1.440856,1.298069,-0.285372,1.583441,99.380952,48.322148
2019,62802,박승욱,KT,868,True,1.379576,4.441924,38.555904,2.560289,69.463087,868,-0.169229,0.210245,100.0,91,427,1.538237,441,2.903687,220,15.343435,1.767677,1.957069,-0.189392,187,3.828575,0.44108,0.517875,-0.076795,167,1.247626,0.143736,-0.220203,0.363939,205,10.595537,1.220684,-0.471004,1.691688,89,7.54073,0.868748,-0.2455,1.114248,98.737009,42.61745
2019,66508,나경민,LOT,200,False,-2.97342,5.478031,10.956062,-1.198532,10.738255,200,-0.304851,0.472483,100.0,22,98,1.542077,102,3.935954,44,4.118604,2.059302,2.174068,-0.114766,51,0.94116,0.47058,0.828788,-0.358208,41,1.229459,0.61473,-0.289568,0.904297,38,0.73166,0.36583,-0.891077,1.256907,26,3.935179,1.967589,-0.280135,2.247724,98.151179,40.939597
2019,74729,최진행,HAN,466,True,4.198398,5.524651,25.744875,-0.571405,96.308725,465,0.491354,0.49083,99.785408,41,215,1.520062,251,4.004589,101,9.28249,1.991951,2.162271,-0.17032,105,1.51918,0.326004,0.476803,-0.150799,96,1.412983,0.303215,-0.255,0.558215,109,5.068443,1.087649,-0.826548,1.914196,55,8.461779,1.815832,-0.037464,1.853296,106.543584,84.228188
2019,61869,정진기,—,86,False,0.209813,5.421696,4.662658,10.045991,53.020134,86,-1.056165,1.113737,100.0,7,52,2.373984,34,3.047712,25,2.76027,3.209616,3.270463,-0.060847,16,0.50694,0.589465,0.764897,-0.175432,15,0.118568,0.13787,-0.36476,0.50263,16,-0.108735,-0.126436,-0.89025,0.763814,14,1.385615,1.611181,-0.406367,2.017547,95.870138,29.530201
2019,64468,박계범,SAM,794,True,0.158099,4.545208,36.088949,-7.348469,52.013423,793,-0.225112,0.349207,99.874055,54,317,1.037825,477,3.507383,190,10.212424,1.286199,1.743726,-0.457527,164,2.154148,0.271303,0.497926,-0.226623,152,0.263053,0.03313,-0.487896,0.521027,205,12.740893,1.604646,-0.531802,2.136449,83,10.71843,1.349928,-0.184128,1.534057,97.965637,38.590604
2019,79300,김지수,KIW,124,False,3.254879,6.436844,7.981686,-7.149668,91.946309,124,2.136816,0.661277,100.0,26,53,2.63877,71,3.798074,30,2.213146,1.784795,2.038141,-0.253346,24,1.40146,1.13021,1.177407,-0.047197,28,0.692027,0.558087,-0.188351,0.746438,28,2.328578,1.877886,-0.388427,2.266312,14,1.346475,1.085867,0.0,1.085867,111.191358,91.946309
2019,65062,김재윤,KT,4,False,-10.070642,0.845936,0.033837,-22.533095,0.0,4,-0.52758,0.0,100.0,1,1,0.782154,3,0.063782,2,0.007831,0.195786,0.782154,-0.586369,1,-0.00449,-0.112252,0.0,-0.112252,0,0.0,0.0,0.0,0.0,0,0.0,0.0,0.0,0.0,1,0.030496,0.762402,0.0,0.762402,99.437671,48.322148
2019,67207,이유찬,DOO,42,False,0.131764,5.209738,2.18809,11.285693,51.677852,42,0.744145,1.304123,100.0,10,26,2.314399,16,2.89534,10,0.922732,2.196981,2.394226,-0.197245,7,0.31797,0.757071,0.753263,0.003808,12,0.320978,0.764233,-0.099053,0.863287,9,0.308926,0.735537,-0.734038,1.469575,4,0.317485,0.755916,0.0,0.755916,101.330358,57.04698
2019,64469,송준석,SAM,199,False,-4.953107,4.63156,9.216805,7.597354,2.013423,199,-1.722657,0.978626,100.0,19,108,1.864716,91,2.766844,56,4.160692,2.0908,2.449868,-0.359068,29,2.235066,1.123149,1.159836,-0.036687,44,0.198589,0.099794,-0.217755,0.317549,46,0.414275,0.208178,-1.278759,1.486938,24,2.208183,1.109639,-0.248472,1.358112,87.90478,10.067114
2019,64724,박준혁,HAN,12,False,13.145056,2.311814,0.277418,1.875269,100.0,12,0.548405,0.0,100.0,1,6,-0.318552,6,2.630366,1,0.030413,0.253439,0.253439,0.0,5,0.139119,1.159329,1.162618,-0.003289,1,0.080508,0.670899,0.0,0.670899,4,-0.013234,-0.11028,-1.734608,1.624328,1,0.040611,0.338427,0.0,0.338427,99.95652,49.66443
2019,64164,류형우,LG,40,False,-0.287344,3.87093,1.548372,11.916222,48.993289,40,-0.371052,0.755032,100.0,6,24,1.17601,16,2.69492,8,0.388585,0.971463,0.988474,-0.01701,7,0.146859,0.367148,0.558492,-0.191344,12,0.048717,0.121794,-0.05969,0.181484,9,0.462771,1.156928,-0.311265,1.468193,4,0.501439,1.253597,0.0,1.253597,99.014368,44.966443
2019,64501,배성근,LOT,181,False,1.267055,4.415853,7.992693,0.127019,67.785235,181,-0.401204,0.713818,100.0,22,90,1.507583,91,2.90827,50,4.198611,2.319674,2.671683,-0.352009,37,-0.061945,-0.034224,0.238576,-0.2728,33,-0.771509,-0.426248,-0.818877,0.392629,48,3.132159,1.730474,-0.547954,2.278429,13,1.495379,0.826176,-0.035846,0.862022,97.585519,37.583893
2019,60184,김창혁,HAN,7,False,5.296661,2.228751,0.156013,33.724535,98.657718,7,-1.537867,1.286591,100.0,2,5,-1.560402,2,3.789153,2,0.10101,1.442994,1.442994,0.0,1,0.007208,0.102969,0.102969,0.0,1,-0.019468,-0.278109,-0.278109,0.0,1,-0.197978,-2.828256,-2.828256,0.0,2,0.265241,3.789153,0.0,3.789153,98.985582,44.295302
2019,68614,오정환,KIA,104,False,8.019335,3.861831,4.016305,-4.851944,100.0,104,-0.068124,0.59348,100.0,15,54,1.849558,50,2.012273,26,1.970108,1.894335,2.105294,-0.210959,33,0.647231,0.622337,0.768363,-0.146025,16,-0.097696,-0.093939,-0.399411,0.305473,24,0.917427,0.882142,-0.624687,1.506829,5,0.579234,0.556956,0.0,0.556956,99.740415,48.322148
2019,60288,김응민,SAM,45,False,-11.940837,1.687499,0.759374,16.725922,0.0,45,-2.141683,0.886156,100.0,7,29,0.067363,16,1.620136,6,0.424977,0.944393,1.034677,-0.090284,14,0.513912,1.142026,1.184748,-0.042722,10,-0.215861,-0.479691,-0.628532,0.148841,10,0.127942,0.284316,-0.845978,1.130294,5,-0.091595,-0.203545,-0.677552,0.474007,95.006094,28.85906
2019,64266,이성곤,SAM,101,False,-2.363751,2.606544,2.63261,14.377641,18.120805,101,-0.837958,0.531027,100.0,12,65,1.738135,36,0.868409,37,2.225503,2.203468,2.410319,-0.206851,16,0.374179,0.370474,0.467141,-0.096667,16,-0.102014,-0.101004,-0.179218,0.078215,22,-0.044848,-0.044404,-0.737673,0.693269,10,0.17979,0.17801,-0.222434,0.400443,96.331681,30.201342
2019,66864,안상현,—,395,True,-1.049897,3.782313,14.940136,6.174653,33.892617,395,-0.714096,0.260469,100.0,46,200,0.653026,195,3.129287,82,5.359295,1.356784,1.548641,-0.191858,79,1.473802,0.373114,0.516909,-0.143794,85,-0.731852,-0.185279,-0.486393,0.301114,101,3.473877,0.879462,-0.761835,1.641297,48,5.365014,1.358231,-0.164296,1.522528,93.112921,19.127517
2019,63257,김인태,DOO,267,False,2.79227,4.990033,13.323389,-2.957133,85.90604,267,0.889346,0.814479,100.0,22,118,0.910007,149,4.080026,58,2.187858,0.819423,1.297675,-0.478253,67,1.36636,0.511745,0.541941,-0.030195,55,1.601433,0.599787,-0.311167,0.910955,57,4.243457,1.58931,-0.618441,2.207751,30,3.924282,1.469769,0.0,1.469769,108.242746,88.590604
2019,76869,김재현,—,172,False,1.447067,5.200559,8.944962,-0.77162,71.812081,172,-0.409135,0.771067,100.0,22,81,1.195415,91,4.005144,37,2.71962,1.581175,1.775567,-0.194392,40,0.212105,0.123317,0.449806,-0.326489,37,0.104309,0.060645,-0.487856,0.548501,35,1.911636,1.111416,-0.387737,1.499153,23,3.997291,2.324006,-0.154365,2.478371,97.599867,37.583893
2019,63448,김영환,KT,51,False,3.140363,5.168131,2.635747,0.43861,89.932886,51,-0.006955,1.035438,100.0,10,24,1.118404,27,4.049727,14,0.96563,1.893393,2.15801,-0.264617,13,0.133701,0.262159,0.324075,-0.061916,9,0.575683,1.128791,-0.216588,1.345379,7,-0.013575,-0.026619,-1.075134,1.048516,8,0.974308,1.910407,-0.071959,1.982366,99.797714,48.322148
2019,64493,최선호,SAM,27,False,6.014274,4.328358,1.168657,-11.770942,98.657718,27,0.485484,0.467261,100.0,4,9,1.830412,18,2.497946,9,0.230976,0.855466,0.98641,-0.130945,6,0.148524,0.55009,0.844002,-0.293912,1,0.075909,0.281146,0.0,0.281146,8,0.434953,1.610935,0.0,1.610935,3,0.278295,1.030721,0.0,1.030721,100.368042,51.677852
2019,69203,송승환,DOO,7,False,-15.123533,11.45858,0.802101,4.219096,0.0,7,-2.647765,2.802796,100.0,2,4,9.543789,3,1.914791,4,0.535956,7.656514,10.426613,-2.770099,0,0.0,0.0,0.0,0.0,1,0.042745,0.610639,0.610639,0.0,1,-0.104542,-1.493463,-1.493463,0.0,1,0.327942,4.68489,0.0,4.68489,98.562234,41.610738
2019,77654,이준수,KT,178,False,-0.383423,5.45177,9.704151,-8.527323,47.651007,178,1.244965,1.118036,100.0,20,65,0.772647,113,4.679123,39,0.680689,0.382409,0.798918,-0.416509,35,1.579285,0.887239,0.925207,-0.037968,44,-0.0268,-0.015056,-0.535634,0.520577,40,4.491905,2.523542,-0.204746,2.728288,20,2.979073,1.673637,-0.211098,1.884735,108.656097,89.261745
2019,64906,강민국,KT,377,True,-3.512606,4.362137,16.445257,0.740905,6.375839,376,-1.144301,0.449087,99.734748,41,177,1.231304,200,3.130833,99,9.521172,2.52551,2.772786,-0.247276,71,1.140501,0.30252,0.459178,-0.156658,66,-0.683521,-0.181305,-0.573889,0.392584,98,1.305268,0.346225,-1.223501,1.569726,43,5.161837,1.369188,-0.20327,1.572457,88.757267,12.416107
2019,63440,이흥련,DOO,160,False,0.921602,3.254367,5.206988,5.842631,63.758389,160,-1.216986,0.896346,100.0,21,89,0.385079,71,2.869288,41,2.201059,1.375662,1.828582,-0.45292,34,0.742228,0.463893,0.539311,-0.075418,36,-0.156646,-0.097904,-0.508459,0.410555,37,0.20675,0.129219,-1.382456,1.511674,12,2.213597,1.383498,-0.091899,1.475397,92.657219,18.791946
2019,69636,오선우,KIA,212,False,-2.58697,2.739306,5.80733,13.562579,15.436242,212,-1.930742,0.859481,100.0,24,122,0.047111,90,2.692196,52,3.41393,1.610344,1.758319,-0.147975,37,0.331539,0.156386,0.396842,-0.240456,30,-0.098275,-0.046356,-0.178299,0.131944,68,1.187689,0.560231,-1.456543,2.016774,25,0.972446,0.458701,-0.473208,0.931909,85.851279,7.38255
2019,69517,고승민,LOT,270,False,-0.741237,3.443471,9.297372,-1.828756,40.268456,270,-0.493478,0.513061,100.0,21,122,0.843359,148,2.600112,75,3.411316,1.26345,1.579459,-0.316009,57,1.422618,0.526896,0.610348,-0.083452,57,0.615089,0.227811,-0.390168,0.617978,54,1.189819,0.440674,-0.835069,1.275742,27,2.65853,0.984641,-0.121211,1.105852,96.222894,30.201342
2019,79364,김종민,HAN,79,False,-5.893693,4.945263,3.906758,-10.361172,0.671141,79,-1.130108,0.641922,100.0,10,33,3.298232,46,1.64703,19,2.11908,2.68238,3.214741,-0.532361,26,0.231698,0.293288,0.688623,-0.395334,13,0.298474,0.377815,0.291272,0.086543,11,0.365256,0.46235,-0.31597,0.77832,10,0.892249,1.129429,-0.580434,1.709863,95.848267,29.530201
2019,64706,이창열,HAN,47,False,-3.436173,6.587067,3.095922,8.687175,6.711409,47,0.752218,0.994836,100.0,6,22,1.316511,25,5.270556,9,0.515475,1.096754,1.435868,-0.339114,7,0.290336,0.617737,0.616123,0.001613,9,0.389105,0.827883,-0.343023,1.170905,14,0.927313,1.973006,-0.392457,2.365463,8,0.973693,2.071688,0.0,2.071688,101.539844,57.718121
2019,68407,공민규,SAM,249,False,-1.09197,4.393142,10.938923,1.357728,32.885906,249,-0.383263,0.422633,100.0,25,121,0.717908,128,3.675233,52,3.246989,1.304011,1.515679,-0.211668,49,1.830659,0.735204,0.82808,-0.092876,60,-0.552574,-0.221917,-0.610946,0.389028,62,2.271603,0.91229,-0.899081,1.811371,26,4.142247,1.663553,-0.115825,1.779378,97.295219,35.57047
2019,68700,이원석,HAN,42,False,2.891357,4.423715,1.85796,-16.075916,87.248322,42,-2.086474,3.582278,100.0,6,14,0.988887,28,3.434828,10,0.121005,0.288107,0.825277,-0.537169,9,-0.338794,-0.806651,0.637542,-1.444194,8,0.213972,0.509458,-0.144536,0.653994,11,1.469594,3.499032,-0.329396,3.828428,4,0.392183,0.933769,0.0,0.933769,95.393168,28.85906
2019,64260,김경호,DOO,88,False,-6.529771,2.681665,2.359865,3.887396,0.0,88,-1.793085,0.610516,100.0,15,44,0.579846,44,2.101819,21,0.998134,1.134243,1.589931,-0.455688,20,0.817629,0.929124,0.94067,-0.011547,15,-0.436986,-0.496575,-0.455049,-0.041526,17,0.271897,0.308973,-0.854065,1.163038,15,0.709192,0.8059,-0.641641,1.447541,92.882839,18.791946
2019,67006,안치영,KT,25,False,-0.873826,3.386786,0.846697,-11.374978,37.583893,25,-1.654758,1.573443,100.0,4,11,2.788163,14,0.598624,7,0.674071,2.696283,3.448695,-0.752412,8,-0.235041,-0.940164,0.242509,-1.182673,4,0.124511,0.498046,-0.29812,0.796166,4,0.092735,0.370939,-0.604921,0.97586,2,0.190421,0.761683,0.0,0.761683,97.524654,37.583893
2019,63450,정현,KT,204,False,-2.238722,5.701313,11.630679,-3.277556,18.791946,204,-0.306433,0.552486,100.0,17,99,2.970286,105,2.731027,60,5.088399,2.494313,2.937282,-0.442969,38,1.213077,0.594645,0.766035,-0.17139,41,1.041587,0.510582,0.027175,0.483407,45,2.034102,0.997109,-0.554175,1.551284,20,2.253514,1.104664,-0.206031,1.310694,98.12168,40.939597
2019,69442,김도환,SAM,418,True,2.970819,5.140854,21.488772,-2.200712,87.583893,418,0.488512,0.463023,100.0,45,201,2.182383,217,2.958471,119,10.48611,2.508639,2.834951,-0.326313,94,0.445212,0.10651,0.353975,-0.247465,85,0.274862,0.065756,-0.582465,0.648222,85,5.762966,1.3787,-0.268076,1.646776,35,4.519623,1.08125,-0.156002,1.237252,106.169556,82.214765
2019,68904,오영수,NC,32,False,-9.773249,2.143109,0.685795,0.049577,0.0,32,-4.811689,2.283393,100.0,3,15,0.314452,17,1.828656,10,0.103702,0.324069,2.287316,-1.963247,5,0.134354,0.419857,0.310247,0.10961,4,-0.181737,-0.567929,-0.57375,0.00582,10,0.489954,1.531107,-1.134666,2.665773,3,0.139522,0.436005,-0.574696,1.010701,91.839162,16.778523
2019,62893,최정민,KIA,18,False,4.790986,-1.189604,-0.214129,13.933776,96.644295,18,-6.677466,6.936331,100.0,2,12,-1.982663,6,0.793059,8,0.63156,3.508664,3.667933,-0.159269,3,0.103347,0.574149,0.574149,0.0,2,0.024924,0.138467,0.0,0.138467,3,-1.100736,-6.115201,-6.224745,0.109544,2,0.126777,0.704318,0.0,0.704318,93.270885,21.47651
2019,64868,조용호,KT,868,True,1.607424,5.473806,47.512635,-2.670069,76.174497,868,0.110593,0.28533,100.0,80,384,1.909187,484,3.564618,233,17.28321,1.991153,2.272099,-0.280946,178,3.800841,0.437885,0.502946,-0.065061,157,-0.086334,-0.009946,-0.405616,0.39567,210,16.429182,1.892763,-0.379223,2.271986,90,10.085736,1.161951,-0.081018,1.242969,102.820388,68.120805
2019,65109,백승현,LG,97,False,5.796296,4.046246,3.924859,10.455031,98.657718,97,-0.201005,0.425033,100.0,12,58,1.677007,39,2.369239,29,2.125875,2.191623,2.473798,-0.282175,24,-0.01037,-0.01069,0.124597,-0.135288,14,-0.195542,-0.20159,-0.398521,0.196931,22,0.726309,0.748772,-0.522868,1.27164,8,1.278587,1.318131,0.0,1.318131,99.160019,45.637584
2019,78566,황진수,LOT,19,False,-5.995559,0.98575,0.187293,-9.320945,0.671141,19,-0.909664,0.551026,100.0,3,6,-0.117572,13,1.103322,4,0.01156,0.060843,0.162901,-0.102058,3,-0.123156,-0.648189,0.173035,-0.821224,4,0.13883,0.730684,0.0,0.730684,7,0.09379,0.493632,-0.453508,0.94714,1,0.066268,0.34878,0.0,0.34878,98.730505,42.281879
2019,60648,이인행,KIA,74,False,0.800368,5.254031,3.887983,4.613664,63.758389,74,-0.801561,0.704607,100.0,9,34,1.208363,40,4.045668,19,0.688335,0.930183,1.426996,-0.496813,13,0.594531,0.80342,0.926086,-0.122666,14,0.282174,0.381317,-0.358646,0.739963,22,1.260491,1.703366,-0.786073,2.489439,6,1.062451,1.435745,0.0,1.435745,97.171034,35.57047
2019,62265,유민상,KIA,733,True,0.70424,4.74293,34.765679,-1.109213,62.751678,733,0.230713,0.29347,100.0,60,331,0.892825,402,3.850105,172,8.75432,1.194314,1.493639,-0.299325,149,3.74518,0.510939,0.618447,-0.107508,158,2.027213,0.276564,-0.401081,0.677645,180,9.718412,1.325841,-0.69492,2.020761,74,10.520554,1.435273,-0.123259,1.558533,104.306692,76.174497
2019,62668,윤해진,KIA,8,False,-2.54658,1.06667,0.085334,31.580054,15.436242,8,-0.410211,0.729074,100.0,2,6,0.551125,2,0.515545,2,0.093139,1.164238,1.164238,0.0,2,0.011767,0.147084,0.147084,0.0,1,0.016724,0.209048,0.0,0.209048,3,-0.036296,-0.453701,-0.760198,0.306497,0,0.0,0.0,0.0,0.0,99.399951,48.322148
2019,69508,신윤후,LOT,65,False,-5.07053,2.763974,1.796583,7.552914,2.013423,65,-2.340842,1.196161,100.0,12,36,0.790917,29,1.973057,26,0.657932,1.012203,1.510912,-0.498709,9,0.594958,0.91532,0.94601,-0.030691,11,0.098342,0.151296,0.01829,0.133006,12,0.016372,0.025188,-0.670733,0.695922,7,0.428978,0.659967,-1.013562,1.673529,92.678808,18.791946
2019,63593,조홍석,LOT,242,False,2.734917,4.755438,11.508161,-3.270373,85.234899,242,-0.238228,0.52251,100.0,34,107,0.882163,135,3.873276,54,2.994029,1.237202,1.46976,-0.232558,61,0.407813,0.168518,0.524464,-0.355946,45,0.132624,0.054803,-0.453751,0.508554,63,5.163296,2.133593,-0.65831,2.791904,19,2.810398,1.161322,0.0,1.161322,98.520109,40.939597
2019,69652,터커,KIA,1570,True,2.805929,5.708481,89.623151,-0.614103,86.241611,1570,0.505862,0.229257,100.0,94,721,1.841612,849,3.866869,372,28.356003,1.806115,2.026672,-0.220557,378,11.280779,0.718521,0.843852,-0.125331,287,1.361442,0.086716,-0.493918,0.580634,376,25.209214,1.605682,-0.525289,2.130972,157,23.415713,1.491447,-0.009704,1.50115,110.007826,90.939597
2019,65304,김은성,KIW,47,False,4.377172,6.187584,2.908165,5.205565,96.644295,47,0.522054,0.285301,100.0,5,24,1.863073,23,4.324511,15,1.068665,2.273755,2.408612,-0.134856,8,-0.041646,-0.088609,0.143836,-0.232444,7,-0.148207,-0.315333,-0.441416,0.126083,9,0.559888,1.191251,-0.247958,1.43921,8,1.469464,3.126519,0.0,3.126519,101.005973,55.704698
2019,63903,유영준,NC,9,False,3.72536,2.027615,0.182485,-14.734576,93.959732,9,-0.593612,0.752492,100.0,2,3,0.982445,6,1.045169,3,-0.001881,-0.020905,0.817276,-0.838181,2,-0.006988,-0.077645,0.165169,-0.242815,2,0.025946,0.288284,0.0,0.288284,1,0.096762,1.075136,0.0,1.075136,1,0.068647,0.762744,0.0,0.762744,99.294805,46.979866
2019,76158,최승준,—,85,False,6.885554,6.067619,5.157476,4.884714,100.0,85,1.432251,1.07494,100.0,10,47,3.118801,38,2.948818,23,1.813179,2.133152,2.283431,-0.150279,23,0.272625,0.320736,0.773674,-0.452939,14,0.532994,0.627051,0.469699,0.157352,12,1.056786,1.243278,-0.363972,1.60725,13,1.481892,1.743402,-0.044031,1.787433,105.485205,79.194631
2019,72546,문규현,LOT,224,False,-0.726989,4.718997,10.570553,7.563752,40.268456,224,0.120822,0.501886,100.0,28,129,2.169267,95,2.54973,59,5.205837,2.324034,2.477121,-0.153087,47,1.821597,0.813213,0.903713,-0.0905,54,-0.765277,-0.341641,-0.627017,0.285376,46,1.97111,0.87996,-0.485138,1.365099,18,2.337285,1.043431,-0.099411,1.142842,101.367743,57.04698
2019,64340,임지열,KIW,76,False,1.513929,5.630394,4.2791,-5.883764,73.825503,76,-0.72815,0.718232,100.0,11,37,3.125483,39,2.504911,18,1.764893,2.322228,2.696848,-0.374621,22,0.625066,0.822455,1.287554,-0.465099,15,0.367987,0.484193,0.114822,0.369371,14,0.309457,0.407181,-0.973741,1.380922,7,1.211697,1.594338,0.0,1.594338,97.375732,36.241611
2019,64410,백승민,SAM,200,False,-6.567928,2.944017,5.888033,-6.185161,0.0,200,-1.338302,0.648664,100.0,17,85,0.882782,115,2.061235,41,1.83947,0.919735,1.671607,-0.751872,48,0.940989,0.470494,0.652404,-0.18191,46,0.375873,0.187936,-0.554161,0.742097,46,1.205655,0.602827,-0.693109,1.295937,19,1.526047,0.763024,-0.193959,0.956983,90.654668,14.765101
2019,66715,김인환,HAN,142,False,-7.512473,1.568179,2.226815,11.078581,0.0,142,-2.578815,1.23535,100.0,15,76,-0.422453,66,1.990632,30,1.471464,1.036242,1.258605,-0.222363,30,0.56572,0.398395,0.515464,-0.117069,27,-0.118701,-0.083592,-0.383817,0.300224,35,-0.215877,-0.152026,-0.934298,0.782272,20,0.524208,0.369161,-0.878408,1.247568,85.421505,6.040268
2019,65136,박지규,LG,79,False,2.739165,4.689056,3.704354,-10.487707,85.234899,79,0.071069,0.507085,100.0,7,28,0.595392,51,4.093664,13,0.45609,0.577329,0.806273,-0.228944,20,0.050259,0.063618,0.447566,-0.383948,18,-0.073075,-0.0925,-0.497076,0.404576,19,1.265182,1.601496,-0.161371,1.762867,9,2.005899,2.539113,0.0,2.539113,100.20287,51.677852
2019,68868,최준우,—,144,False,2.015199,4.943053,7.117996,-3.279099,78.52349,144,0.680631,0.640428,100.0,15,61,1.469027,83,3.474026,32,2.028666,1.408796,1.627819,-0.219023,33,0.401521,0.278834,0.499329,-0.220495,36,0.493642,0.342807,-0.363229,0.706036,31,2.747044,1.90767,-0.294893,2.202562,12,1.447123,1.004946,0.0,1.004946,104.130225,75.838926
2019,66052,남태혁,—,95,False,-6.929654,4.215149,4.004392,4.569952,0.0,95,-1.479632,1.52063,100.0,12,51,0.59115,44,3.623999,26,1.377984,1.45051,1.777035,-0.326525,18,1.179829,1.241926,1.164365,0.077561,19,-0.28841,-0.303589,-0.662098,0.358509,24,1.251948,1.31784,-1.23486,2.5527,8,0.48304,0.508463,-0.453291,0.961754,93.780776,25.503356
2019,63895,최민재,—,6,False,2.981664,1.015365,0.060922,-5.34299,87.919463,6,-0.253545,0.0,100.0,1,3,0.519804,3,0.495561,2,-0.022763,-0.379377,0.29866,-0.678037,2,0.013269,0.221144,0.221144,0.0,1,0.044269,0.737816,0.0,0.737816,1,0.026147,0.435781,0.0,0.435781,0,0.0,0.0,0.0,0.0,99.482891,48.322148
2019,71184,이성우,LG,252,False,-1.281721,5.406899,13.625387,3.80122,31.543624,251,0.265376,0.841921,99.603175,37,134,1.931293,118,3.475607,76,4.790053,1.900814,2.165646,-0.264832,54,1.402935,0.55672,0.659962,-0.103241,37,0.837696,0.332419,-0.057913,0.390332,62,3.547693,1.407815,-0.551332,1.959147,23,3.047009,1.209131,-0.285071,1.494201,102.717592,66.442953
2019,78643,백용환,KIA,164,False,1.135408,3.039484,4.984754,5.723379,66.442953,164,-0.237032,0.514765,100.0,25,80,-0.008314,84,3.047798,38,2.103239,1.282463,1.590172,-0.307709,31,-0.103883,-0.063343,0.018499,-0.081842,38,0.438642,0.267465,-0.612676,0.880141,42,2.113039,1.288438,-0.668474,1.956912,15,0.433718,0.264462,-0.335834,0.600296,98.754176,43.624161
2019,69825,김창평,—,214,False,-1.23264,5.29234,11.325608,-8.55963,31.543624,214,-0.078565,0.336676,100.0,16,91,1.288358,123,4.003983,61,3.975107,1.857527,2.236647,-0.37912,47,1.032976,0.482699,0.617318,-0.134619,38,0.167138,0.078102,-0.750106,0.828208,49,2.720681,1.271346,-0.664891,1.936237,19,3.429707,1.602667,-0.15061,1.753277,99.804431,48.322148
2019,67123,전준호,LG,22,False,-1.844995,2.264543,0.498199,11.440119,24.832215,22,-0.205532,0.218354,100.0,3,14,1.347552,8,0.916991,5,0.24455,1.11159,1.11159,0.0,5,0.072255,0.328434,0.389876,-0.061442,6,-0.000854,-0.003881,0.130421,-0.134302,2,0.024146,0.109756,-0.114564,0.22432,4,0.158102,0.718644,-0.16977,0.888414,99.423858,48.322148
2019,64803,임재현,—,11,False,-8.638428,8.983543,0.98819,17.941405,0.0,11,0.193324,1.012722,100.0,2,7,4.833538,4,4.150005,3,0.635536,5.777601,5.777601,0.0,1,0.02136,0.194186,0.194186,0.0,1,-0.010426,-0.094783,-0.094783,0.0,5,0.12309,1.119003,-1.043466,2.162469,1,0.218629,1.987536,0.0,1.987536,99.711208,48.322148
2019,69100,구본혁,LG,332,True,-2.229215,2.565232,8.516571,-0.479182,19.127517,332,-1.278401,0.43154,100.0,36,154,0.610878,178,1.954355,76,3.643509,1.097442,1.339566,-0.242123,74,0.532278,0.160325,0.427047,-0.266722,71,0.072531,0.021847,-0.151772,0.173618,79,2.853867,0.859598,-0.65918,1.518779,32,1.414386,0.42602,-0.344784,0.770803,88.126855,10.402685
2019,61204,김동한,LOT,288,False,4.714223,4.21154,12.129235,7.879193,96.644295,288,-0.337033,0.525704,100.0,30,153,1.295632,135,2.915908,69,4.292623,1.490494,1.759769,-0.269275,64,2.05982,0.715215,0.80463,-0.089415,63,0.461016,0.160075,-0.366802,0.526877,65,2.422136,0.84102,-0.763734,1.604754,27,2.893639,1.004736,-0.138231,1.142967,97.515907,37.583893
2019,60805,최윤석,HAN,59,False,0.201221,3.789702,2.235924,-6.363884,53.020134,59,0.042488,0.553044,100.0,5,22,1.064583,37,2.725118,14,0.448289,0.759812,1.093394,-0.333582,14,0.318342,0.539563,0.686062,-0.146499,10,-0.020688,-0.035065,-0.537502,0.502436,18,1.212747,2.055504,-0.17737,2.232874,3,0.277234,0.469888,0.0,0.469888,99.974263,50.33557
2019,61700,강경학,HAN,481,True,-4.224183,4.989442,23.999217,-9.106483,3.691275,481,-0.506527,0.403037,100.0,41,185,1.386497,296,3.602946,123,7.394496,1.537317,2.02818,-0.490863,103,1.89206,0.39336,0.620761,-0.227401,93,0.799958,0.166312,-0.349223,0.515534,110,6.384951,1.327433,-0.854129,2.181562,52,7.527751,1.565021,-0.059093,1.624114,94.934479,27.852349
2019,69802,최경모,—,53,False,12.93586,7.850809,4.160929,10.512412,100.0,53,2.040097,0.495295,100.0,11,31,4.640883,22,3.209926,11,0.880826,1.661935,1.661935,0.0,15,1.067524,2.014196,2.031081,-0.016885,9,0.862618,1.627581,1.065605,0.561976,16,1.03489,1.952622,-0.117738,2.07036,2,0.315071,0.594474,0.0,0.594474,105.08663,78.52349
2019,68556,정성종,LOT,2,False,-24.441234,1.574138,0.031483,28.974878,0.0,2,-1.267463,0.0,100.0,1,1,-1.102379,1,2.676517,0,0.0,0.0,0.0,0.0,0,0.0,0.0,0.0,0.0,0,0.0,0.0,0.0,0.0,1,-0.022048,-1.102379,-1.102379,0.0,1,0.05353,2.676517,0.0,2.676517,99.401053,48.322148
2019,64407,김호재,SAM,121,False,-4.183527,2.328915,2.817987,3.281042,4.026846,121,-1.868251,0.966075,100.0,18,67,0.519911,54,1.809003,34,2.674526,2.210352,2.659129,-0.448777,25,0.244623,0.202168,0.363804,-0.161636,25,0.035676,0.029484,-0.253368,0.282852,29,-0.917347,-0.758138,-2.249654,1.491515,8,0.780508,0.645048,0.0,0.645048,90.613888,14.765101
2019,74846,박정권,—,143,False,-1.280828,9.507066,13.595104,7.501864,31.543624,143,-0.380964,0.529818,100.0,18,76,2.097589,67,7.409477,34,2.704915,1.891549,2.367245,-0.475696,32,1.457888,1.019502,1.107465,-0.087963,23,-0.710576,-0.496906,-0.796489,0.299583,27,2.708869,1.894314,-0.565098,2.459412,27,7.434009,5.198607,-0.015534,5.214142,97.997747,38.926174
2019,65905,최승민,NC,38,False,-3.945211,6.331679,2.406038,6.530136,4.697987,38,-1.865964,1.338551,100.0,7,19,2.652313,19,3.679366,13,1.280837,3.370624,3.703882,-0.333257,5,0.030146,0.079331,0.100344,-0.021012,5,0.052159,0.137262,0.137262,0.0,12,0.842533,2.217191,-1.289174,3.506365,3,0.200363,0.52727,0.0,0.52727,96.173445,30.201342
2019,69306,김주형,KIW,2,False,22.817354,7.080667,0.141613,18.970669,100.0,2,1.783935,0.0,100.0,1,1,1.415131,1,5.665536,0,0.0,0.0,0.0,0.0,1,0.028303,1.415131,1.415131,0.0,0,0.0,0.0,0.0,0.0,1,0.113311,5.665536,0.0,5.665536,0,0.0,0.0,0.0,0.0,99.737978,48.322148
2019,63558,정준혁,LOT,47,False,-5.426414,4.200633,1.974297,9.1217,1.342282,47,-1.415012,0.491802,100.0,6,26,0.712461,21,3.488172,9,1.217233,2.589858,2.767418,-0.177559,5,0.316183,0.67273,0.67273,0.0,15,-0.375966,-0.799927,-1.257061,0.457134,8,-0.280726,-0.59729,-0.932635,0.335346,10,1.097573,2.335262,-0.53799,2.873252,96.512906,31.543624
2019,64011,안승한,KT,171,False,2.838396,5.525338,9.448328,4.414879,86.577181,171,-1.277886,1.02652,100.0,24,93,2.823456,78,2.701882,53,3.193401,1.867486,2.65615,-0.788664,39,2.091629,1.223175,1.256093,-0.032918,30,-0.02668,-0.015603,-0.48956,0.473957,32,1.709913,0.999949,-0.477702,1.477652,17,2.480065,1.45033,-0.121525,1.571855,91.934502,16.778523
2019,61114,김재율,LG,39,False,-1.948555,2.789583,1.087937,0.068292,22.147651,39,0.290411,0.672585,100.0,4,21,0.784972,18,2.004611,8,0.062009,0.158998,0.504241,-0.345243,14,0.477597,1.224608,1.174612,0.049996,8,-0.333001,-0.85385,-0.893881,0.040031,6,0.61038,1.565078,0.0,1.565078,3,0.270952,0.694749,0.0,0.694749,100.323609,51.677852
2019,69804,채현우,—,4,False,-3.78361,1.386846,0.055474,28.6825,6.040268,4,-1.430261,0.0,100.0,1,3,-2.386197,1,3.773043,0,0.0,0.0,0.0,0.0,1,-0.040264,-1.006607,-1.006607,0.0,2,-0.055184,-1.37959,-1.37959,0.0,0,0.0,0.0,0.0,0.0,1,0.150922,3.773043,0.0,3.773043,99.239374,46.979866
2019,62499,이현동,SAM,6,False,-27.000175,0.050621,0.003037,41.587621,0.0,6,-3.875352,0.0,100.0,1,4,-3.21592,2,3.266541,1,0.044298,0.738295,0.738295,0.0,0,0.0,0.0,0.0,0.0,2,-0.011382,-0.189705,-1.56118,1.371475,2,-0.143582,-2.393035,-2.393035,0.0,1,0.113704,1.895066,0.0,1.895066,98.295689,40.939597
2019,69569,윌슨,LOT,995,True,3.058988,6.507488,64.749503,-0.472479,88.926174,994,1.099776,0.284205,99.899497,64,453,1.895361,542,4.612127,236,19.246934,1.934365,2.129128,-0.194763,215,4.616603,0.46398,0.59825,-0.134269,172,1.903823,0.191339,-0.310955,0.502294,253,18.632418,1.872605,-0.461129,2.333734,119,20.349726,2.045199,-0.059932,2.10513,117.968257,99.66443
2019,68901,이인혁,NC,36,False,2.641384,5.583553,2.010079,-2.374458,84.563758,36,0.107937,1.477422,100.0,4,15,2.453294,21,3.130259,5,0.730355,2.028763,2.028763,0.0,11,0.673287,1.870243,1.964413,-0.09417,7,0.206638,0.573993,-0.414347,0.988341,9,0.32659,0.907195,-0.770287,1.677482,4,0.073209,0.203359,-0.355248,0.558607,99.934938,49.66443
2019,68906,김철호,NC,4,False,-16.997683,0.812279,0.032491,25.930607,0.0,4,-0.378033,0.673108,100.0,2,3,0.876541,1,-0.064262,1,0.02581,0.645243,0.645243,0.0,2,0.028352,0.708793,0.773055,-0.064262,1,-0.02167,-0.541757,-0.541757,0.0,0,0.0,0.0,0.0,0.0,0,0.0,0.0,0.0,0.0,99.470523,48.322148
2019,73153,이대형,KT,82,False,-4.744634,7.622938,6.250809,2.517039,2.684564,82,-1.493083,1.670196,100.0,17,36,2.049491,46,5.573447,14,0.786036,0.958581,2.092731,-1.13415,16,1.122511,1.368916,1.273687,0.095228,16,-0.366299,-0.446706,-0.571331,0.124624,20,1.801402,2.196831,-0.540169,2.737,16,2.90716,3.545316,-0.205428,3.750744,94.376542,26.845638
2019,76100,이병규,LOT,84,False,-0.124201,4.403596,3.699021,-1.096435,49.66443,84,0.003301,0.771677,100.0,8,39,1.577949,45,2.825647,18,1.444294,1.719398,1.801966,-0.082568,17,0.214783,0.255695,0.591626,-0.335932,19,0.01939,0.023083,-0.3271,0.350183,22,1.365411,1.62549,-0.360037,1.985527,8,0.655142,0.779931,-0.128506,0.908437,99.979393,50.33557
2019,63703,박한결,HAN,37,False,10.859144,2.22919,0.8248,6.258101,100.0,37,1.260527,0.984485,100.0,6,21,-0.887371,16,3.116561,9,0.53707,1.451542,1.486928,-0.035386,10,0.270318,0.73059,0.363667,0.366923,7,0.031434,0.084957,-0.275985,0.360943,8,-0.650731,-1.758733,-2.461981,0.703248,3,0.636709,1.720834,0.0,1.720834,102.100676,61.744966
2019,69901,스몰린스키,NC,797,True,-1.560405,5.171632,41.217909,0.170068,27.181208,797,-0.129641,0.292211,100.0,52,349,1.058886,448,4.112746,185,13.380427,1.678849,1.955672,-0.276823,164,3.441544,0.431812,0.541587,-0.109775,155,0.74752,0.093792,-0.408131,0.501923,199,8.684393,1.089635,-0.924617,2.014252,94,14.964025,1.877544,-0.105625,1.983169,99.32032,47.315436
2019,62537,윤수강,NC,7,False,9.179684,2.147091,0.150296,-7.166707,100.0,7,0.280915,0.0,100.0,1,3,2.089917,4,0.057174,2,0.045369,0.648124,0.648124,0.0,4,0.083566,1.193807,1.441793,-0.247986,0,0.0,0.0,0.0,0.0,1,0.021361,0.305159,0.0,0.305159,0,0.0,0.0,0.0,0.0,99.679319,48.322148
2019,67202,박유연,DOO,4,False,-14.730244,8.756539,0.350262,17.051028,0.0,4,-1.992189,0.0,100.0,1,3,7.96049,1,0.79605,1,0.228104,5.702601,5.702601,0.0,1,0.175508,4.387697,4.387697,0.0,1,0.031842,0.79605,0.0,0.79605,1,-0.085192,-2.129808,-2.129808,0.0,0,0.0,0.0,0.0,0.0,99.115933,45.637584
2019,69165,페게로,LG,740,True,-5.098483,3.739418,27.671694,10.337857,1.677852,740,-1.972083,0.395054,100.0,47,409,0.319591,331,3.419827,158,13.094244,1.769492,1.886741,-0.117248,153,4.349131,0.58772,0.649352,-0.061632,144,0.631796,0.085378,-0.307994,0.393372,198,0.607432,0.082085,-1.563394,1.645479,87,8.989091,1.214742,-0.345114,1.559856,73.777592,0.33557
2019,69860,김성민,—,16,False,-13.898172,-3.33621,-0.533794,17.907635,0.0,16,-6.411136,5.55137,100.0,2,8,-3.483176,8,0.146966,3,0.031917,0.199479,0.300153,-0.100674,3,-0.014588,-0.091173,0.028854,-0.120027,4,-0.109785,-0.686155,-0.160519,-0.525637,4,-0.277266,-1.73291,-1.852447,0.119537,2,-0.164072,-1.025451,-1.799218,0.773767,94.164742,26.845638
2019,61591,김사훈,LOT,2,False,7.644627,26.084977,0.5217,8.713475,100.0,2,4.749897,0.0,100.0,1,2,26.084977,0,0.0,2,0.5217,26.084977,26.084977,0.0,0,0.0,0.0,0.0,0.0,0,0.0,0.0,0.0,0.0,0,0.0,0.0,0.0,0.0,0,0.0,0.0,0.0,0.0,100.065471,50.33557
2019,65869,이현석,—,12,False,14.126763,6.386263,0.766352,4.081719,100.0,12,1.344596,0.0,100.0,1,7,3.259926,5,3.126338,3,0.428419,3.570158,3.570158,0.0,1,-0.029989,-0.249911,-0.249911,0.0,5,0.096483,0.804023,-0.060321,0.864344,2,0.177744,1.4812,0.0,1.4812,1,0.093695,0.780794,0.0,0.780794,100.470444,51.677852
2019,69405,윌리엄슨,SAM,638,True,1.33992,4.148321,26.466289,2.074771,68.120805,638,0.102517,0.450043,100.0,39,313,0.719089,325,3.429232,151,8.137573,1.275482,1.485751,-0.210269,131,2.72379,0.426926,0.643357,-0.216431,118,0.610044,0.095618,-0.500081,0.595699,162,4.887029,0.765992,-0.865279,1.631271,76,10.107853,1.584303,-0.04466,1.628963,102.390036,63.422819
2019,78122,김태군,NC,99,False,-4.791916,3.454468,3.419923,7.950078,2.684564,99,-1.311801,0.977827,100.0,12,49,1.034178,50,2.42029,20,1.838967,1.857542,1.915251,-0.057708,20,0.367549,0.371262,0.573824,-0.202562,27,-0.386039,-0.389939,-0.710017,0.320078,22,0.894898,0.903938,-0.582697,1.486635,10,0.704548,0.711665,-0.162183,0.873848,94.319532,26.845638
2019,63636,고장혁,KIA,127,False,2.132374,3.509329,4.456848,-3.286612,78.52349,127,-0.42372,0.375621,100.0,16,58,0.716414,69,2.792915,26,1.641034,1.292153,1.659567,-0.367414,34,0.422841,0.332946,0.476537,-0.143591,31,-0.330838,-0.260502,-0.870276,0.609774,26,0.959572,0.755568,-0.549414,1.304983,10,1.764239,1.389165,0.0,1.389165,97.900402,38.255034
2019,69418,박승규,SAM,79,False,3.056032,5.25705,4.15307,-0.194568,88.590604,79,0.955517,0.711986,100.0,9,37,2.309537,42,2.947513,21,1.263482,1.599344,1.971116,-0.371772,23,0.505417,0.639769,0.839636,-0.199867,10,0.722951,0.915127,0.046852,0.868276,16,0.935054,1.183612,-0.42086,1.604473,9,0.726166,0.919198,-0.127206,1.046404,103.409242,71.14094
2019,69056,박민석,KT,6,False,10.326072,11.23581,0.674149,-12.299614,100.0,6,2.924602,0.0,100.0,1,2,4.974561,4,6.261249,1,0.278362,4.639367,4.639367,0.0,1,0.020112,0.335195,0.335195,0.0,2,0.144063,2.401047,0.0,2.401047,2,0.231612,3.860201,0.0,3.860201,0,0.0,0.0,0.0,0.0,100.524664,51.677852
2019,68646,한준수,KIA,63,False,-3.624354,2.332983,1.469779,14.251022,6.040268,63,-2.803142,1.029635,100.0,7,41,1.270204,22,1.062778,24,1.360381,2.159335,2.783313,-0.623978,11,0.169848,0.2696,0.316826,-0.047226,12,-0.141692,-0.224908,-0.402655,0.177746,10,-0.651196,-1.033644,-1.42728,0.393636,6,0.732438,1.1626,0.0,1.1626,91.474285,15.436242
2019,66504,이찬건,LOT,9,False,16.13319,25.290691,2.276162,-9.731017,100.0,9,6.277164,2.664752,100.0,2,3,8.453509,6,16.837182,1,0.766996,8.522175,8.522175,0.0,2,-0.00618,-0.068666,-0.068666,0.0,2,0.218987,2.433191,0.0,2.433191,4,1.296359,14.403992,0.0,14.403992,0,0.0,0.0,0.0,0.0,102.646847,66.442953
2019,66409,이성규,SAM,178,False,-0.878669,3.883505,6.912639,0.188837,37.583893,178,-0.086752,0.605732,100.0,15,86,1.621593,92,2.261912,53,3.927877,2.206672,2.50516,-0.298487,32,0.375572,0.210995,0.236498,-0.025502,37,0.05746,0.032281,-0.298351,0.330632,34,0.59935,0.336713,-0.635471,0.972184,22,1.952381,1.096843,-0.186242,1.283085,99.717924,48.322148
2019,68518,정보근,LOT,128,False,0.704811,3.086222,3.950364,2.189264,63.087248,128,-2.078254,1.913094,100.0,12,64,1.011628,64,2.074594,41,2.026061,1.58286,2.010181,-0.427321,22,-0.781892,-0.610853,0.120385,-0.731239,21,-0.394612,-0.30829,-0.327803,0.019512,29,1.949165,1.522785,-0.237377,1.760163,15,1.151643,0.899721,-0.553758,1.453479,89.114962,13.422819
2019,63700,장운호,HAN,30,False,9.084174,6.736162,2.020849,4.785957,100.0,30,1.32285,0.8305,100.0,5,14,2.291371,16,4.444791,10,0.983405,3.278016,3.278016,0.0,3,-0.028099,-0.093663,0.107739,-0.201401,3,0.172517,0.575055,-0.143759,0.718815,9,0.524655,1.74885,-0.950624,2.699474,5,0.368371,1.227904,0.0,1.227904,101.745992,59.060403
2019,67504,김정율,LOT,158,False,3.784988,5.474571,8.649822,-1.792245,93.959732,158,-0.27493,1.11762,100.0,11,80,2.310917,78,3.163654,45,3.283066,2.07789,2.596606,-0.518716,34,0.982319,0.621721,0.694348,-0.072627,26,-0.181956,-0.115162,-0.364053,0.248891,38,2.559545,1.619965,-0.615984,2.235949,15,2.006847,1.270156,0.0,1.270156,98.539916,41.610738
2019,66702,이시원,HAN,74,False,-1.30326,4.96282,3.672487,2.501998,31.543624,74,-0.018064,0.581752,100.0,11,39,3.511755,35,1.451064,24,2.286954,3.090478,3.269216,-0.178738,21,0.664751,0.898313,0.885617,0.012695,11,-0.257574,-0.348073,-0.441961,0.093888,12,0.532376,0.719428,-0.201117,0.920545,6,0.445979,0.602675,0.0,0.602675,99.861143,48.993289
2019,66657,이진영,KIA,58,False,-12.518683,2.239591,1.298963,-12.33099,0.0,58,-2.747861,1.602015,100.0,7,22,-0.196938,36,2.43653,22,0.61424,1.059035,2.258953,-1.199918,10,-0.222252,-0.383193,0.03649,-0.419683,10,0.832667,1.435633,0.206927,1.228705,12,-0.885439,-1.526619,-2.699309,1.17269,4,0.959747,1.654736,0.0,1.654736,92.182537,16.778523
2019,64499,김재현,SAM,12,False,5.69968,-0.438546,-0.052626,19.162075,98.657718,12,-2.031334,0.0,100.0,1,9,-1.439186,3,1.000639,1,0.021663,0.180522,0.180522,0.0,3,0.100739,0.83949,0.83949,0.0,3,-0.059107,-0.492555,-0.492555,0.0,5,-0.11592,-0.966003,-1.966643,1.000639,0,0.0,0.0,0.0,0.0,98.291354,40.939597
2019,65464,최정용,KIA,78,False,-6.277402,2.222528,1.733572,2.344452,0.671141,78,-1.403426,1.037061,100.0,8,42,1.280125,36,0.942402,17,0.856551,1.098143,1.771364,-0.673221,20,0.518968,0.665344,0.746752,-0.081408,19,-0.078755,-0.100968,-0.446941,0.345973,14,-0.274196,-0.351533,-0.791049,0.439516,8,0.711003,0.911543,0.0,0.911543,94.906406,27.516779
2019,67644,이정훈,KIA,56,False,-7.036031,1.330676,0.745178,-6.664316,0.0,56,-1.678355,0.615963,100.0,7,22,-0.342895,34,1.673571,12,0.880171,1.571735,1.656457,-0.084722,14,-0.262001,-0.467859,-0.085514,-0.382346,12,-0.128591,-0.229627,-0.393097,0.16347,12,-0.231703,-0.413756,-1.13262,0.718864,6,0.487303,0.870183,-0.388121,1.258305,95.29746,28.85906
2019,61743,오준혁,—,3,False,-30.358715,-3.335167,-0.100055,-30.45783,0.0,3,-5.37561,0.0,100.0,1,1,-0.760124,2,-2.575044,1,-0.078922,-2.630723,0.0,-2.630723,1,0.00167,0.05568,0.0,0.05568,1,-0.022804,-0.760124,-0.760124,0.0,0,0.0,0.0,0.0,0.0,0,0.0,0.0,0.0,0.0,98.659306,41.610738
2019,63920,김준완,NC,84,False,5.214722,6.899033,5.795188,-1.731265,98.657718,84,0.733735,0.621392,100.0,6,37,1.606606,47,5.292427,22,1.384106,1.647745,1.814038,-0.166293,15,0.549722,0.654431,0.675939,-0.021508,16,0.477958,0.568998,-0.2781,0.847098,19,1.64976,1.963999,-0.039599,2.003599,12,1.733642,2.06386,-0.565672,2.629532,102.764491,67.114094
2019,64014,김병희,KT,20,False,-4.085121,4.306513,0.861303,15.699226,4.026846,20,-2.472826,1.004578,100.0,4,10,-0.010985,10,4.317498,5,0.321276,1.606381,1.715746,-0.109365,2,0.19908,0.995398,1.079304,-0.083906,4,-0.037845,-0.189224,-0.523463,0.334239,4,0.255068,1.275338,-0.577876,1.853214,5,0.123724,0.61862,-1.704696,2.323316,97.042856,35.57047
2019,65898,김웅빈,KIW,41,False,11.097762,6.577336,2.696708,4.561969,100.0,41,0.617342,1.335223,100.0,4,22,3.133117,19,3.444219,12,1.22146,2.97917,3.067833,-0.088663,12,0.221212,0.53954,1.125503,-0.585963,8,-0.213764,-0.521376,-1.060219,0.538843,7,1.000016,2.439064,0.0,2.439064,2,0.467785,1.140938,0.0,1.140938,101.031403,56.375839
2019,66707,박상언,HAN,3,False,4.907797,1.105957,0.033179,-13.172004,97.315436,3,1.052591,0.0,100.0,1,1,-1.822135,2,2.928093,0,0.0,0.0,0.0,0.0,1,0.016183,0.539447,0.0,0.539447,0,0.0,0.0,0.0,0.0,2,0.016995,0.566511,-1.822135,2.388646,0,0.0,0.0,0.0,0.0,99.721178,48.322148
2019,65132,김재성,LG,30,False,-0.859132,11.806179,3.541854,-18.240598,38.255034,30,4.111214,1.54566,100.0,3,11,6.754706,19,5.051473,11,2.101847,7.006156,6.956308,0.049848,6,0.112031,0.373438,0.389503,-0.016064,4,0.163238,0.544126,-0.015343,0.559469,7,1.029765,3.432549,-0.575761,4.008311,2,0.134973,0.44991,0.0,0.44991,106.046652,81.208054
2019,66203,서예일,DOO,13,False,13.575954,5.341391,0.694381,4.507019,100.0,13,2.123613,0.0,100.0,1,9,3.790575,4,1.550816,4,0.303767,2.336667,2.336667,0.0,5,0.156224,1.201722,1.360167,-0.158445,1,0.012186,0.093741,0.093741,0.0,3,0.222204,1.709261,0.0,1.709261,0,0.0,0.0,0.0,0.0,101.089685,57.04698
2019,69403,양우현,SAM,1,False,42.75306,-0.120703,-0.001207,43.337856,100.0,1,-0.10462,0.0,100.0,1,1,-0.120703,0,0.0,1,-0.001207,-0.120703,-0.120703,0.0,0,0.0,0.0,0.0,0.0,0,0.0,0.0,0.0,0.0,0,0.0,0.0,0.0,0.0,0,0.0,0.0,0.0,0.0,99.528878,48.322148
2019,68330,예진원,KIW,33,False,-6.379875,4.150221,1.369573,-8.115332,0.0,33,-0.563042,2.449874,100.0,2,13,-3.14643,20,7.296652,6,0.13847,0.419606,0.812318,-0.392712,8,-0.173906,-0.526989,0.677453,-1.204442,4,0.341949,1.03621,-0.295546,1.331757,11,-0.255948,-0.7756,-4.340655,3.565054,4,1.319008,3.996995,0.0,3.996995,98.773724,43.624161
