season,batter_id,batter_name,team,pitches_seen,qualified_300,za_raw,dv_per_100,raw_dv,swing_aggression,za_percentile,low_opposite_support_pitches,jdv_per_100,jdv_se,low_opposite_support_pct,games_seen,swing_pitches,swing_decision_value_per_100,swing_jdv_per_100,take_pitches,take_decision_value_per_100,take_jdv_per_100,heart_pitches,heart_raw_dv,heart_decision_value_per_100,heart_swing_decision_value_per_100,heart_take_decision_value_per_100,heart_jdv_per_100,heart_swing_jdv_per_100,heart_take_jdv_per_100,heart_swing_pct,heart_expected_swing_pct,shadow_in_pitches,shadow_in_raw_dv,shadow_in_decision_value_per_100,shadow_in_swing_decision_value_per_100,shadow_in_take_decision_value_per_100,shadow_in_jdv_per_100,shadow_in_swing_jdv_per_100,shadow_in_take_jdv_per_100,shadow_in_swing_pct,shadow_in_expected_swing_pct,shadow_out_pitches,shadow_out_raw_dv,shadow_out_decision_value_per_100,shadow_out_swing_decision_value_per_100,shadow_out_take_decision_value_per_100,shadow_out_jdv_per_100,shadow_out_swing_jdv_per_100,shadow_out_take_jdv_per_100,shadow_out_swing_pct,shadow_out_expected_swing_pct,chase_pitches,chase_raw_dv,chase_decision_value_per_100,chase_swing_decision_value_per_100,chase_take_decision_value_per_100,chase_jdv_per_100,chase_swing_jdv_per_100,chase_take_jdv_per_100,chase_swing_pct,chase_expected_swing_pct,waste_pitches,waste_raw_dv,waste_decision_value_per_100,waste_swing_decision_value_per_100,waste_take_decision_value_per_100,waste_jdv_per_100,waste_swing_jdv_per_100,waste_take_jdv_per_100,waste_swing_pct,waste_expected_swing_pct,apr,apr_percentile
2022,68743,정은원,HAN,2536,True,-0.575033,5.830934,147.872474,-9.958766,40.432099,2536,0.652814,0.170134,100.0,137,923,1.807777,-0.366912,1613,4.023157,1.019726,687,43.084911,1.698932,2.101087,-0.402155,-0.161833,0.309496,-0.471329,66.229985,73.534705,554,11.30716,0.445866,0.579469,-0.133603,-0.080992,0.107975,-0.188967,44.584838,59.089362,522,13.584978,0.535685,-0.45301,0.988695,0.259558,-0.363735,0.623294,28.735632,40.173618,555,45.608519,1.798443,-0.400917,2.19936,0.449764,-0.393955,0.843719,12.252252,21.449044,218,34.286906,1.352007,-0.018852,1.370859,0.186316,-0.026694,0.21301,1.376147,6.544653,113.430322,93.518519
2022,78288,최재훈,HAN,1769,True,-3.581534,4.835024,85.531581,-8.725277,13.271605,1766,0.251559,0.207022,99.830413,111,678,1.302292,-0.668608,1091,3.532733,0.920167,449,24.826337,1.403411,1.793215,-0.389804,-0.180784,0.285159,-0.465944,61.469933,73.114791,449,11.238515,0.635303,0.724296,-0.088993,0.08395,0.195393,-0.111443,47.216036,59.726486,326,4.599105,0.259983,-0.602573,0.862557,0.1254,-0.458214,0.583613,36.809816,44.156161,389,25.460973,1.439286,-0.513275,1.952561,0.186127,-0.54215,0.728277,16.195373,20.944171,156,19.406651,1.097041,-0.099371,1.196412,0.036867,-0.148796,0.185664,4.487179,6.712124,105.690573,72.530864
2022,52712,터크먼,HAN,2537,True,4.982603,5.263258,133.528847,1.989381,97.839506,2534,0.310407,0.18937,99.88175,141,1235,1.612766,-0.684143,1302,3.650491,0.99455,651,50.364673,1.985206,2.209433,-0.224227,0.190615,0.427735,-0.23712,79.569892,72.39772,602,13.213591,0.520835,0.678015,-0.15718,0.023688,0.227997,-0.20431,62.956811,58.316737,522,8.175665,0.322257,-0.528713,0.850971,0.107936,-0.478954,0.58689,41.187739,43.401043,505,30.206513,1.190639,-0.599756,1.790395,-0.0014,-0.663906,0.662506,21.188119,22.836617,257,31.568405,1.24432,-0.146211,1.390532,-0.010432,-0.197016,0.186584,6.225681,7.889153,107.065027,78.08642
2022,69737,노시환,HAN,1866,True,2.575716,5.754279,107.374854,-2.348168,83.641975,1865,0.538544,0.219143,99.946409,112,818,1.796319,-0.337113,1048,3.95796,0.875657,490,33.312924,1.785258,2.078823,-0.293565,0.054445,0.391525,-0.33708,74.081633,72.139167,448,8.367977,0.448445,0.722076,-0.273631,-0.199943,0.188471,-0.388414,54.6875,57.221299,355,4.935172,0.264479,-0.482587,0.747066,0.108887,-0.354966,0.463852,38.591549,43.672382,399,32.94516,1.76555,-0.494853,2.260403,0.475122,-0.516534,0.991656,16.79198,22.017286,174,27.813622,1.490548,-0.027139,1.517687,0.100034,-0.045609,0.145643,3.448276,5.228481,110.876293,88.580247
2022,62700,하주석,HAN,1778,True,-0.390412,4.909647,87.293526,8.842581,42.901235,1777,-0.68996,0.224977,99.943757,120,975,1.055436,-1.459536,803,3.854211,0.769576,434,33.333574,1.874779,2.134173,-0.259394,0.138528,0.465279,-0.326752,79.032258,72.797768,397,13.621896,0.766136,0.885306,-0.11917,0.063026,0.234353,-0.171327,72.544081,59.878296,375,0.457687,0.025742,-0.742984,0.768726,-0.291826,-0.729019,0.437193,54.933333,43.565521,399,14.803202,0.832576,-0.993505,1.826081,-0.427685,-1.061354,0.633669,29.573935,22.459656,173,25.077167,1.410414,-0.227554,1.637969,-0.172002,-0.368795,0.196793,11.560694,6.436436,88.949486,15.740741
2022,66704,김태연,HAN,1875,True,-0.066943,5.35688,100.441498,-5.87894,49.074074,1872,0.234731,0.29812,99.84,117,798,1.757757,-0.606986,1077,3.599123,0.841717,517,33.988129,1.8127,2.205924,-0.393224,-0.11592,0.377737,-0.493657,68.471954,72.463469,475,11.521603,0.614486,0.828053,-0.213568,-0.062775,0.224302,-0.287077,51.578947,60.112384,336,3.840809,0.204843,-0.520623,0.725466,0.092473,-0.381678,0.474151,36.607143,44.399082,400,29.236703,1.559291,-0.713618,2.272909,0.246031,-0.760679,1.00671,17.5,22.683884,147,21.854253,1.16556,-0.041979,1.207539,0.074922,-0.066668,0.14159,4.081633,5.539937,105.439485,69.444444
2022,79240,허경민,DOO,1872,True,-5.357535,4.649155,87.032182,-7.814049,6.481481,1866,0.246587,0.182023,99.679487,119,739,1.392373,-0.462776,1133,3.256782,0.709363,528,24.256633,1.29576,1.730788,-0.435028,-0.204589,0.284969,-0.489559,57.575758,70.741876,449,8.543516,0.456384,0.569227,-0.112842,0.014392,0.12487,-0.110478,46.993318,59.019045,355,6.212137,0.331845,-0.440737,0.772582,0.128392,-0.373278,0.50167,37.183099,41.834719,400,28.311417,1.512362,-0.455383,1.967745,0.2267,-0.483495,0.710194,22.25,22.748835,140,19.708479,1.052803,-0.011521,1.064324,0.081692,-0.015843,0.097534,2.142857,5.184138,105.650604,71.296296
2022,51203,안재석,DOO,989,True,-1.245775,4.30417,42.568242,0.808351,31.790123,987,-0.50961,0.360848,99.797776,92,469,1.131148,-0.762944,520,3.173022,0.253333,258,12.410324,1.254836,1.813759,-0.558923,-0.445422,0.388786,-0.834208,68.217054,72.639501,217,5.15416,0.521149,0.631582,-0.110433,-0.052186,0.165667,-0.217853,63.133641,61.095534,181,-0.644477,-0.065164,-0.589026,0.523862,-0.185927,-0.545807,0.35988,53.59116,46.110166,234,12.235521,1.237161,-0.657156,1.894316,0.081487,-0.690211,0.771698,23.931624,22.188855,99,13.412714,1.356189,-0.068011,1.4242,0.092438,-0.081379,0.173817,3.030303,5.693801,92.928873,26.234568
2022,69209,페르난데스,DOO,2074,True,1.712544,4.214173,87.401952,5.669667,72.530864,2071,-0.412694,0.23037,99.855352,138,1029,0.550649,-1.415208,1045,3.663524,1.002515,475,31.816829,1.53408,1.738766,-0.204685,0.159616,0.390069,-0.230453,80.0,73.019892,451,12.284111,0.592291,0.621794,-0.029504,0.141608,0.166843,-0.025235,63.414634,57.460604,415,3.591212,0.173154,-0.546735,0.719889,-0.032198,-0.502375,0.470176,46.26506,41.834919,496,12.939612,0.623896,-1.143733,1.76763,-0.693997,-1.2859,0.591903,30.846774,23.164641,237,26.770189,1.290752,-0.119443,1.410195,0.012278,-0.183846,0.196124,7.594937,7.134078,93.759979,27.469136
2022,63704,노수광,HAN,1348,True,3.630688,4.830932,65.120964,-2.390627,92.901235,1346,0.436136,0.197736,99.851632,103,631,1.835625,-0.241836,717,2.995307,0.677973,396,23.858314,1.769905,2.120325,-0.350421,-0.004864,0.432859,-0.437723,77.525253,73.52587,333,5.867957,0.435308,0.563122,-0.127814,-0.019095,0.16561,-0.184705,57.957958,61.199039,256,6.830658,0.506725,-0.347806,0.854532,0.199636,-0.285616,0.485251,32.421875,40.087954,279,18.233592,1.35264,-0.456047,1.808688,0.215201,-0.468758,0.683959,16.487455,21.860161,84,10.330443,0.766353,-0.043969,0.810323,0.045259,-0.085931,0.13119,2.380952,5.542139,108.563884,82.407407
2022,51764,정민규,HAN,98,False,-3.609103,3.985719,3.906005,-6.213384,12.962963,97,-0.238416,0.5315,98.979592,9,41,1.395315,-0.584718,57,2.590405,0.346302,27,1.836427,1.873905,2.091294,-0.217389,0.023283,0.293013,-0.269729,74.074074,78.396194,20,-0.132209,-0.134907,0.156381,-0.291287,-0.449005,0.059413,-0.508418,35.0,56.020242,18,-0.025141,-0.025654,-0.382684,0.35703,-0.169305,-0.440547,0.271242,50.0,45.667362,23,0.942259,0.961488,-0.469675,1.431164,0.053807,-0.496597,0.550404,21.73913,23.400739,10,1.284669,1.310887,0.0,1.310887,0.302804,0.0,0.302804,0.0,11.15801,98.852197,46.91358
2022,68700,이원석,HAN,158,False,-2.911257,3.351018,5.294608,-12.647052,16.666667,157,-0.796532,0.754603,99.367089,17,62,1.437953,-0.304666,96,1.913065,-0.491866,48,1.294964,0.819598,1.656474,-0.836876,-1.125651,0.2524,-1.378051,58.333333,76.640166,40,0.396543,0.250977,0.590917,-0.339941,-0.23427,0.205239,-0.43951,42.5,57.649408,31,0.611592,0.387083,-0.461825,0.848909,0.451909,-0.25333,0.705239,38.709677,50.337787,27,1.087106,0.688042,-0.347613,1.035654,-0.050689,-0.508975,0.458287,18.518519,19.847041,12,1.904404,1.205319,0.0,1.205319,0.162168,0.0,0.162168,0.0,9.765703,94.555777,30.246914
2022,78224,김재환,DOO,2022,True,5.107249,5.009997,101.302149,5.940988,99.691358,2022,-0.015687,0.249311,100.0,127,1030,0.80107,-1.302217,992,4.208927,1.28653,454,32.722422,1.61832,1.842362,-0.224042,0.119385,0.434491,-0.315106,83.259912,73.797541,449,14.273965,0.705933,0.769674,-0.063741,0.100643,0.25055,-0.149907,70.378619,59.229441,435,2.067588,0.102255,-0.812957,0.915212,-0.105757,-0.759425,0.653668,46.666667,43.316763,464,30.256225,1.496351,-0.756338,2.25269,0.02522,-0.907013,0.932234,23.275862,22.060353,220,21.981949,1.087139,-0.24167,1.328809,-0.155178,-0.32082,0.165642,11.363636,8.2292,100.965677,55.246914
2022,64153,양석환,DOO,1692,True,-4.50857,3.557163,60.187198,8.466647,10.185185,1690,-1.175597,0.25463,99.881797,106,911,0.276632,-1.900036,781,3.280531,0.724439,403,24.273705,1.434616,1.706393,-0.271777,0.094429,0.376693,-0.282264,73.200993,70.11156,377,9.58542,0.566514,0.683621,-0.117106,0.053244,0.174562,-0.121318,64.986737,59.571481,342,-0.730525,-0.043175,-0.683773,0.640597,-0.21816,-0.631385,0.413224,57.602339,45.52726,354,3.306725,0.195433,-1.187115,1.382548,-0.894411,-1.397432,0.503021,41.80791,25.913866,216,23.751873,1.403775,-0.242495,1.64627,-0.210699,-0.422474,0.211775,12.037037,6.098126,80.453132,3.395062
2022,63257,김인태,DOO,1166,True,0.73527,5.736487,66.887442,-3.340824,58.950617,1163,0.510603,0.24759,99.74271,82,477,1.515256,-0.566149,689,4.221232,1.076752,285,19.82058,1.699878,2.02295,-0.323072,-0.032631,0.343977,-0.376608,70.526316,72.579953,253,7.594119,0.651297,0.708619,-0.057322,0.103372,0.197167,-0.093795,56.126482,59.725128,219,2.442048,0.209438,-0.495855,0.705294,0.134048,-0.352723,0.486771,36.986301,43.138504,255,16.3444,1.40175,-0.71011,2.11186,0.104458,-0.736064,0.840522,20.0,21.740475,154,20.686296,1.774125,-0.010347,1.784472,0.201356,-0.018506,0.219862,1.298701,5.250019,109.546412,86.111111
2022,62244,박세혁,DOO,1563,True,2.415272,5.065795,79.178372,3.907982,81.17284,1561,0.094991,0.229872,99.872041,122,771,1.334283,-0.961441,792,3.731512,1.056432,391,26.445367,1.691962,1.897562,-0.2056,0.15251,0.383997,-0.231488,81.329923,73.295535,341,11.406869,0.729806,0.829049,-0.099243,0.088395,0.202302,-0.113907,66.568915,60.420026,320,1.579803,0.101075,-0.662545,0.76362,-0.092343,-0.590364,0.498021,42.1875,41.852054,342,21.837092,1.397127,-0.586072,1.983199,0.071546,-0.710472,0.782018,22.807018,22.116853,169,17.909241,1.145825,-0.14371,1.289535,-0.125116,-0.246905,0.121788,7.692308,4.576446,102.845816,60.802469
2022,63123,강승호,DOO,1658,True,1.33586,4.24148,70.323736,2.946866,68.209877,1657,0.104773,0.189821,99.939686,126,807,1.123117,-0.621757,851,3.118363,0.726531,463,24.177814,1.458252,1.737845,-0.279593,0.134523,0.429871,-0.295348,72.786177,68.290612,364,6.958285,0.419679,0.568434,-0.148755,-0.018341,0.193629,-0.21197,63.186813,59.784497,339,2.031987,0.122557,-0.608152,0.730709,0.031556,-0.480893,0.512449,44.542773,42.712482,338,18.939223,1.142293,-0.491872,1.634166,-0.071522,-0.641221,0.5697,21.893491,20.527374,154,18.216427,1.098699,-0.083137,1.181836,0.028557,-0.123143,0.1517,9.74026,6.598716,103.048269,63.271605
2022,79231,정수빈,DOO,1715,True,-0.791317,4.151244,71.193837,-0.497138,38.580247,1712,-0.37923,0.28827,99.825073,121,788,1.126502,-0.929203,927,3.024742,0.549973,491,24.696398,1.440023,1.786105,-0.346082,-0.039279,0.359079,-0.398358,69.653768,71.943002,381,8.90814,0.519425,0.619978,-0.100553,0.028163,0.148345,-0.120183,55.11811,58.282315,356,0.52051,0.03035,-0.601899,0.632249,-0.176427,-0.534081,0.357654,47.191011,42.395969,346,21.829939,1.272883,-0.555332,1.828215,-0.085891,-0.679242,0.59335,17.919075,18.399042,141,15.238849,0.888563,-0.12235,1.010913,-0.105796,-0.223305,0.117509,4.255319,4.7091,94.503193,29.938272
2022,64266,이성곤,HAN,536,True,-0.189464,4.981661,26.701701,-7.666773,47.839506,533,0.141806,0.430396,99.440299,40,213,1.315499,-0.582504,323,3.666161,0.72431,145,7.292999,1.360634,1.817117,-0.456482,-0.280138,0.313543,-0.593681,67.586207,73.535787,112,2.432275,0.453783,0.65593,-0.202147,-0.104235,0.196095,-0.30033,48.214286,62.582733,103,0.644517,0.120246,-0.65227,0.772516,0.182723,-0.41101,0.593734,38.834951,47.492239,123,9.920351,1.850812,-0.387096,2.237908,0.409515,-0.471596,0.881111,15.447154,20.629337,53,6.411558,1.196186,-0.118181,1.314368,-0.066058,-0.209535,0.143477,3.773585,5.817475,102.703187,59.567901
2022,62415,박해민,LG,2537,True,-6.334021,4.246603,107.736325,1.19364,1.54321,2534,-0.857477,0.19709,99.88175,143,1165,0.699672,-1.312782,1372,3.546931,0.455305,629,34.71822,1.368475,1.737139,-0.368664,-0.16562,0.298995,-0.464616,64.387917,73.472998,553,14.30911,0.564017,0.60025,-0.036233,0.099399,0.155696,-0.056298,60.216998,61.938711,494,-0.023861,-0.000941,-0.588838,0.587898,-0.176175,-0.493145,0.31697,46.761134,40.617192,588,28.734865,1.132632,-0.891377,2.024009,-0.437913,-1.006979,0.569066,29.081633,20.227493,273,29.997991,1.18242,-0.157502,1.339922,-0.177168,-0.26735,0.090182,9.157509,3.833164,85.352268,7.716049
2022,68110,송찬의,LG,298,False,1.201672,5.56213,16.575149,3.117772,64.814815,298,-0.99912,0.581883,100.0,29,160,2.850523,-0.739081,138,2.711607,-0.260039,95,7.428856,2.492905,3.188766,-0.695861,-0.543495,0.56072,-1.104215,78.947368,75.191931,68,2.37275,0.796225,0.957217,-0.160992,-0.002137,0.250249,-0.252385,64.705882,63.667549,42,0.753201,0.252752,-0.236347,0.489099,0.048349,-0.21174,0.260089,47.619048,44.296747,66,1.329904,0.446277,-1.059112,1.505388,-0.60161,-1.33831,0.736701,31.818182,24.899157,27,4.690439,1.573973,0.0,1.573973,0.099772,0.0,0.099772,0.0,3.498866,90.2109,19.135802
2022,76290,김현수,LG,2273,True,2.324032,5.300219,120.473969,2.334453,79.320988,2272,0.202353,0.171563,99.956005,141,1024,1.11319,-0.762785,1249,4.187029,0.965138,553,37.451313,1.64766,1.863727,-0.216067,0.198144,0.441082,-0.242938,79.385172,71.493271,460,11.916918,0.524281,0.624826,-0.100544,-0.001905,0.121078,-0.122983,59.347826,56.440617,451,-0.79676,-0.035053,-0.672329,0.637275,-0.222569,-0.554019,0.33145,44.567627,41.128185,549,38.883808,1.710682,-0.607011,2.317693,0.23452,-0.635336,0.869856,18.032787,21.475994,260,33.01869,1.452648,-0.096023,1.548671,-0.005837,-0.13559,0.129753,4.615385,4.831513,104.989767,68.209877
2022,52605,김도영,KIA,1008,True,-0.216464,4.962146,50.018432,-1.201002,46.604938,1008,0.116508,0.340921,100.0,80,480,1.688393,-0.8249,528,3.273753,0.941408,288,20.369437,2.020778,2.311116,-0.290339,0.079425,0.430654,-0.351229,71.180556,73.344739,224,4.932065,0.489292,0.675274,-0.185982,-0.071897,0.150134,-0.222031,60.267857,61.705217,185,0.548996,0.054464,-0.584756,0.63922,-0.049662,-0.479339,0.429677,44.324324,45.274765,219,14.175387,1.406288,-0.574816,1.981104,0.232763,-0.692028,0.924792,22.83105,23.776894,92,9.992548,0.991324,-0.138425,1.129749,-0.074121,-0.23432,0.160199,8.695652,7.417229,102.925662,62.654321
2022,52630,소크라테스,KIA,1974,True,-1.171235,3.751427,74.053164,8.788121,33.024691,1971,-0.813052,0.195335,99.848024,125,1049,0.76283,-1.254909,925,2.988596,0.441857,474,30.505161,1.545348,1.788596,-0.243248,0.164978,0.442295,-0.277317,78.481013,71.315973,464,12.204623,0.618269,0.729812,-0.111543,0.065747,0.191954,-0.126207,68.318966,60.441357,360,-0.245935,-0.012459,-0.562069,0.54961,-0.199318,-0.476283,0.276965,49.166667,38.856186,479,12.36323,0.626303,-1.003924,1.630228,-0.646249,-1.112896,0.466647,32.56785,22.024118,197,19.226085,0.973966,-0.189584,1.16355,-0.19821,-0.29998,0.10177,13.705584,5.918319,86.572723,9.567901
2022,78603,김선빈,KIA,2274,True,0.809875,5.719512,130.061699,-5.109801,59.567901,2271,0.256141,0.176879,99.868074,137,916,1.616693,-0.577472,1358,4.102819,0.833614,577,36.636315,1.611096,2.018074,-0.406979,-0.226754,0.322968,-0.549722,67.071057,73.801713,516,14.715542,0.647121,0.700949,-0.053827,0.1434,0.193781,-0.050382,56.589147,59.21979,451,9.041523,0.397604,-0.473513,0.871118,0.176648,-0.335757,0.512405,34.5898,41.538868,501,38.825563,1.707369,-0.551318,2.258686,0.181229,-0.61152,0.792749,15.169661,20.714291,229,30.842756,1.356322,-0.077499,1.433821,-0.018382,-0.146945,0.128563,2.183406,4.22183,105.977919,74.382716
2022,79192,채은성,LG,1953,True,-6.013917,3.608755,70.478979,6.019157,4.012346,1951,-1.285338,0.250303,99.897593,126,969,0.387433,-1.698759,984,3.221321,0.413421,470,26.891446,1.37693,1.733474,-0.356544,-0.012678,0.339742,-0.35242,64.255319,69.285953,429,12.345997,0.632156,0.758059,-0.125904,0.086876,0.220815,-0.133939,65.034965,59.959936,351,-2.135988,-0.10937,-0.646495,0.537125,-0.245487,-0.517547,0.27206,53.561254,42.038503,462,10.268605,0.525786,-1.095235,1.621021,-0.676977,-1.163561,0.486584,35.281385,22.809634,241,23.108919,1.183252,-0.362371,1.545623,-0.437072,-0.578208,0.141136,15.352697,6.488837,78.080832,2.160494
2022,61102,유강남,LG,1840,True,-2.374504,3.604057,66.314656,7.209279,19.444444,1840,-1.326563,0.329111,100.0,136,943,0.179909,-1.994226,897,3.424149,0.667664,431,21.11092,1.147333,1.532435,-0.385102,-0.195712,0.307219,-0.502932,71.229698,70.891045,387,11.064722,0.601344,0.68702,-0.085677,0.071372,0.167552,-0.09618,68.217054,60.823981,367,-0.589095,-0.032016,-0.623574,0.591558,-0.134174,-0.533387,0.399214,53.405995,42.839633,423,12.671581,0.688673,-1.156141,1.844813,-0.780158,-1.496974,0.716815,34.27896,23.018441,232,22.056528,1.198724,-0.259832,1.458556,-0.28789,-0.438637,0.150747,13.362069,6.392496,77.519234,1.54321
2022,79109,오지환,LG,2321,True,5.04321,5.790611,134.400074,-1.505458,98.45679,2320,0.927841,0.162997,99.956915,142,1034,1.849791,-0.151232,1287,3.94082,1.079073,644,41.9827,1.808819,2.101587,-0.292767,0.134723,0.452098,-0.317375,76.708075,71.807016,528,11.999379,0.516992,0.581606,-0.064614,0.060818,0.151402,-0.090584,61.174242,58.725817,425,7.618802,0.328255,-0.492463,0.820718,0.162782,-0.381586,0.544368,35.764706,42.774877,508,44.351363,1.910873,-0.331655,2.242528,0.489181,-0.357211,0.846392,12.401575,20.969639,216,28.44783,1.225671,-0.009283,1.234954,0.080336,-0.015935,0.096272,0.925926,3.756106,118.358842,97.839506
2022,62947,나성범,KIA,2393,True,3.035031,4.783234,114.462786,12.612131,86.728395,2391,-0.607895,0.184205,99.916423,142,1319,0.477317,-1.518694,1074,4.305917,0.910799,562,42.827057,1.789681,1.89364,-0.103959,0.387604,0.497302,-0.109699,89.679715,71.693211,511,11.913424,0.497845,0.557894,-0.060049,0.059291,0.151612,-0.092322,75.342466,59.674113,435,-2.239242,-0.093575,-0.735919,0.642344,-0.274401,-0.6324,0.358,55.172414,41.575341,564,21.362412,0.892704,-1.007303,1.900007,-0.582991,-1.158296,0.575305,27.12766,19.50139,321,40.599135,1.696579,-0.230995,1.927574,-0.197398,-0.376912,0.179515,11.52648,5.76342,90.053391,18.209877
2022,72443,최형우,KIA,2203,True,0.37234,6.016739,132.548753,-0.923504,54.62963,2197,0.541954,0.269177,99.727644,130,967,1.009677,-1.005386,1236,5.007062,1.54734,504,34.413588,1.562124,1.864871,-0.302748,-0.018983,0.334212,-0.353195,70.436508,72.997601,500,15.943652,0.723725,0.776063,-0.052339,0.156634,0.21762,-0.060986,62.8,61.276309,421,7.233696,0.328357,-0.646534,0.97489,0.148597,-0.508915,0.657513,41.092637,43.494695,555,40.563717,1.841294,-0.861888,2.703182,0.190832,-0.872034,1.062867,20.36036,20.852833,223,34.394099,1.561239,-0.122836,1.684075,0.064873,-0.176268,0.241141,5.381166,6.371951,111.183538,90.432099
2022,65610,황대인,KIA,1815,True,-0.395305,4.070442,73.878527,8.363271,42.283951,1812,-1.047076,0.269518,99.834711,125,935,0.124929,-1.78284,880,3.945513,0.735764,442,26.844056,1.479011,1.740793,-0.261782,0.144173,0.447206,-0.303033,74.660633,69.577996,401,6.4911,0.357636,0.511224,-0.153588,-0.071413,0.141843,-0.213256,68.0798,56.961941,341,-1.216484,-0.067024,-0.808758,0.741734,-0.249487,-0.709459,0.459973,53.372434,42.63753,426,16.154762,0.89007,-1.123707,2.013777,-0.672345,-1.339309,0.666964,31.455399,21.643296,205,25.605094,1.410749,-0.194623,1.605372,-0.198005,-0.32312,0.125116,7.804878,4.712241,82.547547,5.246914
2022,67610,김석환,KIA,453,True,1.356478,4.818889,21.829567,0.943355,68.82716,453,-1.128508,0.565424,100.0,45,217,0.909146,-1.399998,236,3.909743,0.27149,124,8.067464,1.780897,2.412512,-0.631615,-0.618684,0.371719,-0.990403,72.580645,74.543556,93,1.61372,0.35623,0.396587,-0.040358,-0.064039,0.05289,-0.116929,69.892473,59.824847,88,-0.115054,-0.025398,-0.855934,0.830536,-0.128659,-0.578986,0.450327,44.318182,46.81776,102,5.856423,1.292809,-0.986225,2.279033,-0.373115,-1.149658,0.776543,20.588235,20.223272,46,6.407013,1.414352,-0.057796,1.472147,0.055989,-0.095963,0.151952,4.347826,6.148081,86.642887,10.185185
2022,52112,루이즈,LG,347,True,3.914092,4.214181,14.623208,5.446905,94.753086,347,-0.136747,0.572737,100.0,27,174,0.278875,-1.233217,173,3.935306,1.096469,76,4.517084,1.301753,1.49477,-0.193017,0.14919,0.324621,-0.175431,78.947368,70.224603,85,1.628482,0.469303,0.522586,-0.053283,-0.009382,0.119375,-0.128757,74.117647,60.451666,72,0.224773,0.064776,-0.921414,0.98619,-0.006518,-0.592053,0.585534,43.055556,43.077471,86,3.757247,1.08278,-0.715961,1.798741,-0.27244,-0.927047,0.654608,22.093023,20.271796,28,4.495622,1.295568,-0.101106,1.396674,0.002403,-0.158113,0.160516,3.571429,6.768222,99.094344,47.222222
2022,68106,이재원,LG,943,True,-1.639969,4.3598,41.112915,5.935613,26.234568,943,-0.993696,0.359828,100.0,83,465,0.331755,-1.598998,478,4.028045,0.605303,215,13.439813,1.425219,1.764895,-0.339676,-0.044594,0.424199,-0.468793,74.418605,69.367181,209,2.992636,0.317353,0.531662,-0.214309,-0.150814,0.157837,-0.308651,60.76555,58.856858,153,-3.07299,-0.325874,-0.73234,0.406466,-0.298333,-0.550982,0.252649,59.477124,46.520917,231,8.915228,0.945411,-1.03731,1.982721,-0.425577,-1.320507,0.89493,33.333333,24.963101,135,18.838228,1.997691,-0.195151,2.192842,-0.074377,-0.309545,0.235168,7.407407,5.951946,85.373203,8.333333
2022,78168,서건창,LG,977,True,0.981144,4.898762,47.860908,0.825911,60.802469,976,0.127436,0.280257,99.897646,73,433,1.218578,-0.794734,544,3.680185,0.92217,227,13.751249,1.407497,1.641362,-0.233865,0.060072,0.290635,-0.230564,74.449339,72.041792,214,6.057159,0.619975,0.709906,-0.08993,0.081791,0.190566,-0.108774,60.747664,60.994367,191,2.797637,0.28635,-0.338228,0.624578,-0.077696,-0.337691,0.259995,43.979058,39.082777,235,12.855371,1.315801,-0.708821,2.024622,-0.050823,-0.794931,0.744109,19.148936,20.543152,110,12.39949,1.269139,-0.085641,1.35478,0.114091,-0.143313,0.257404,4.545455,7.221383,103.075326,63.888889
2022,62864,김민식,KIA · SSG,1035,True,1.952306,5.677404,58.761134,-3.857338,76.234568,1034,0.557034,0.273981,99.903382,94,422,1.937844,-0.387208,613,3.739561,0.944243,269,20.285438,1.959946,2.264039,-0.304094,0.063486,0.41169,-0.348204,75.464684,73.393059,239,4.170702,0.402966,0.565918,-0.162952,-0.065348,0.153274,-0.218623,51.882845,58.331783,188,4.536621,0.438321,-0.281104,0.719425,0.214774,-0.265441,0.480215,29.255319,37.101479,228,16.781938,1.621443,-0.540888,2.162331,0.333383,-0.580147,0.913529,15.789474,22.275748,111,12.986435,1.254728,-0.070122,1.32485,0.010741,-0.106585,0.117325,3.603604,4.093398,110.042644,86.728395
2022,64646,박찬호,KIA,2204,True,-0.659258,4.295965,94.683062,-2.395885,39.814815,2200,-0.055375,0.166178,99.818512,126,1003,1.195842,-0.698063,1201,3.100122,0.642688,616,33.817536,1.534371,1.867685,-0.333314,0.027645,0.384516,-0.356871,69.805195,71.176737,517,10.921009,0.495509,0.663993,-0.168484,-0.041773,0.182265,-0.224038,57.253385,61.354372,426,4.966907,0.225359,-0.542624,0.767983,0.06637,-0.386226,0.452597,38.497653,42.893741,467,22.998073,1.04347,-0.741602,1.785071,-0.118995,-0.796119,0.677124,22.698073,23.301118,178,21.979536,0.997257,-0.051609,1.048866,0.011378,-0.082498,0.093876,3.932584,4.837612,100.25418,50.308642
2022,69102,문보경,LG,1739,True,2.692787,5.655099,98.342179,-0.641801,84.259259,1735,0.434195,0.213667,99.769983,121,781,1.933866,-0.322744,958,3.721234,0.756939,458,30.136516,1.73298,1.996362,-0.263382,0.127929,0.429814,-0.301884,74.235808,71.341462,423,12.668234,0.728478,0.839642,-0.111163,0.041463,0.192938,-0.151476,60.047281,60.452245,320,3.381801,0.194468,-0.417732,0.6122,-0.004468,-0.350371,0.345903,40.625,40.882314,373,27.696401,1.592662,-0.445515,2.038177,0.177792,-0.536374,0.714167,13.404826,18.754464,165,24.459228,1.406511,-0.038891,1.445402,0.091479,-0.058751,0.15023,4.242424,5.409982,108.913126,84.259259
2022,61353,고종욱,KIA,420,True,-1.605692,4.907754,20.612567,2.869574,27.469136,419,-0.248628,0.470944,99.761905,58,209,1.424826,-1.110591,211,3.482928,0.861963,108,8.124399,1.934381,2.200297,-0.265917,0.242458,0.452158,-0.2097,75.0,71.074119,96,3.163771,0.753279,0.817102,-0.063823,0.068964,0.185265,-0.116301,61.458333,62.377151,83,0.939255,0.223632,-0.365324,0.588956,0.095237,-0.29716,0.392396,39.759036,42.216095,99,2.97893,0.709269,-1.165981,1.87525,-0.694161,-1.337901,0.64374,33.333333,23.526753,34,5.406212,1.287193,-0.061267,1.348461,0.038875,-0.112954,0.151828,8.823529,5.808324,97.694314,41.666667
2022,77564,김민성,LG,591,True,-2.243522,3.895355,23.021545,1.257212,20.679012,591,-0.967417,0.488993,100.0,62,287,0.872564,-1.1662,304,3.022791,0.198783,173,10.611149,1.795457,2.099454,-0.303997,0.075305,0.434181,-0.358876,69.942197,72.529615,124,1.817679,0.30756,0.557254,-0.249694,-0.241216,0.166285,-0.407501,64.516129,62.710517,110,-1.969004,-0.333165,-0.845913,0.512748,-0.385019,-0.5989,0.213882,45.454545,41.073528,126,6.40412,1.083607,-0.76427,1.847877,-0.346251,-0.930062,0.583812,25.396825,21.776046,58,6.157601,1.041895,-0.173961,1.215857,-0.070237,-0.237703,0.167466,6.896552,6.403282,87.52894,12.037037
2022,62802,박승욱,LOT,851,True,0.639104,4.827347,41.080724,-0.030024,56.481481,849,-0.143481,0.31991,99.764982,74,399,1.446938,-0.772906,452,3.380409,0.629425,229,15.1805,1.783843,2.159933,-0.37609,-0.061973,0.432656,-0.494629,73.362445,71.420119,175,3.920235,0.460662,0.543986,-0.083323,-0.005623,0.11729,-0.122913,58.285714,60.796729,172,0.021259,0.002498,-0.57969,0.582188,-0.161965,-0.44676,0.284795,45.348837,45.27272,198,12.7796,1.501716,-0.507556,2.009272,0.159664,-0.609118,0.768782,22.222222,23.188654,77,9.17913,1.078629,-0.169734,1.248363,-0.073584,-0.266974,0.19339,9.090909,7.177326,98.796689,46.604938
2022,79608,안치홍,LOT,2133,True,-4.997428,4.174781,89.048069,-6.546303,7.098765,2131,-0.034487,0.173242,99.906235,130,834,0.922989,-0.800755,1299,3.251791,0.766267,565,24.031606,1.126658,1.500851,-0.374194,-0.141534,0.24168,-0.383214,58.230088,71.755877,461,8.372133,0.392505,0.513943,-0.121438,0.005008,0.139941,-0.134932,49.457701,59.405564,452,8.072111,0.378439,-0.389804,0.768244,0.16992,-0.326578,0.496498,36.725664,40.792467,474,28.344204,1.328842,-0.628581,1.957423,-0.056721,-0.737504,0.680783,21.308017,21.11107,181,20.228016,0.948336,-0.07342,1.021756,-0.01116,-0.118293,0.107133,5.524862,5.471755,100.632282,52.777778
2022,78513,전준우,LOT,1798,True,1.20417,3.911085,70.321305,2.814491,65.123457,1796,-0.225239,0.237187,99.888765,117,852,0.456879,-1.118377,946,3.454206,0.893138,453,21.165127,1.177148,1.469453,-0.292305,0.061271,0.386837,-0.325566,71.081678,68.153638,425,9.436293,0.524822,0.639695,-0.114874,0.047819,0.193921,-0.146102,64.470588,59.495338,331,-1.387477,-0.077168,-0.792742,0.715575,-0.18639,-0.625956,0.439566,46.52568,42.151797,412,21.248023,1.181759,-0.772359,1.954117,-0.155714,-0.926585,0.770871,22.330097,21.555946,177,19.859339,1.104524,-0.087169,1.191693,0.007776,-0.146594,0.15437,5.649718,6.480984,97.211014,39.814815
2022,74163,이용규,KIW,1429,True,0.900071,5.884082,84.083529,-6.689958,60.185185,1428,0.883663,0.258426,99.930021,85,626,2.211427,-0.191107,803,3.672655,1.07477,409,26.689333,1.867693,2.214389,-0.346696,-0.070969,0.37361,-0.444579,72.616137,75.975,361,10.804422,0.756083,0.823293,-0.067211,0.098759,0.21108,-0.112321,55.67867,62.937271,265,7.121641,0.498365,-0.347051,0.845416,0.3117,-0.271905,0.583604,30.943396,41.50863,296,25.658665,1.795568,-0.413453,2.20902,0.548803,-0.412714,0.961518,13.851351,23.049296,98,13.809469,0.966373,-0.065752,1.032125,-0.004631,-0.091178,0.086547,5.102041,5.545318,116.345165,96.604938
2022,67304,김혜성,KIW,2187,True,-0.420134,4.476538,97.901897,1.050215,41.666667,2187,-0.155937,0.146576,100.0,129,984,0.918639,-0.801603,1203,3.557899,0.645666,526,27.2085,1.244101,1.567766,-0.323664,0.024355,0.349524,-0.32517,69.581749,69.835363,495,13.709377,0.626858,0.721486,-0.094629,0.058214,0.178246,-0.120032,61.010101,59.531861,447,1.327013,0.060677,-0.680998,0.741675,-0.172989,-0.508181,0.335192,43.847875,41.119832,487,28.756941,1.314904,-0.603587,1.918491,-0.068957,-0.684593,0.615635,21.149897,20.790852,232,26.900066,1.229998,-0.086028,1.316026,0.00344,-0.1366,0.14004,7.327586,6.016368,98.415199,44.753086
2022,67341,이정후,KIW,2312,True,-1.694745,4.298304,99.37679,-2.994114,25.617284,2311,-0.047314,0.167163,99.956747,141,940,0.971298,-0.693876,1372,3.327006,0.646562,612,24.775996,1.071626,1.452991,-0.381365,-0.06779,0.326364,-0.394154,60.620915,67.734633,537,12.34467,0.533939,0.661837,-0.127898,0.019919,0.164311,-0.144391,55.865922,57.766797,449,6.946774,0.300466,-0.470867,0.771333,0.052021,-0.376322,0.428342,38.530067,39.241171,511,30.281998,1.309775,-0.602212,1.911987,-0.088383,-0.703866,0.615483,17.221135,18.802384,203,25.027353,1.082498,-0.07045,1.152948,0.036919,-0.104363,0.141282,3.940887,6.013411,100.406177,51.54321
2022,52366,푸이그,KIW,2099,True,2.340025,4.897782,102.804436,5.166049,79.938272,2095,-0.142205,0.246731,99.809433,125,1051,0.825715,-1.266611,1048,4.072066,1.124406,484,33.666542,1.603932,1.825453,-0.22152,0.147292,0.403819,-0.256527,79.958678,70.887263,472,12.484697,0.594793,0.71753,-0.122737,0.022132,0.204346,-0.182214,69.279661,61.393764,386,2.940723,0.140101,-0.532546,0.672647,0.027378,-0.456796,0.484174,46.891192,44.214479,524,24.182995,1.15212,-0.974799,2.126919,-0.194126,-1.08702,0.892893,25.381679,23.454415,233,29.529479,1.406836,-0.209923,1.616758,-0.144881,-0.330961,0.18608,9.871245,6.919613,98.670978,45.37037
2022,65586,전병우,KIW,903,True,1.295937,5.71372,51.594891,-1.287712,66.975309,900,0.837717,0.400161,99.667774,89,421,1.884341,-0.420669,482,3.829379,1.258386,231,15.419585,1.707595,2.072294,-0.364699,-0.134342,0.381475,-0.515817,75.757576,73.335311,213,8.377641,0.927756,0.952342,-0.024585,0.301034,0.269653,0.031381,56.807512,60.593969,177,2.953943,0.327125,-0.451595,0.77872,0.174327,-0.334717,0.509045,42.937853,43.594315,200,14.143741,1.566306,-0.539955,2.106261,0.459461,-0.571153,1.030615,22.5,25.365064,82,10.699982,1.184937,-0.148745,1.333682,0.037236,-0.165926,0.203163,4.878049,7.641768,114.087253,94.135802
2022,52526,피터스,LOT,1281,True,2.699454,4.463679,57.17973,10.832454,84.876543,1278,-0.374769,0.205007,99.765808,85,718,0.774886,-1.089684,563,3.688794,0.714915,305,19.64382,1.533475,1.719289,-0.185813,0.191519,0.449015,-0.257495,86.885246,72.772845,268,6.355866,0.496164,0.651123,-0.154958,0.023068,0.223755,-0.200687,75.0,60.038335,247,-2.776548,-0.216749,-0.655055,0.438307,-0.28546,-0.530927,0.245467,60.728745,46.893203,292,13.279218,1.036629,-0.807911,1.84454,-0.290325,-0.99687,0.706544,30.136986,24.079996,169,20.677374,1.614159,-0.132559,1.746718,-0.013571,-0.234657,0.221086,8.284024,6.05713,94.824157,33.024691
2022,71564,이대호,LOT,2062,True,-2.458044,3.575721,73.731376,8.090208,17.592593,2060,-1.025288,0.240565,99.903007,139,1074,0.229751,-1.770495,988,3.34597,0.745207,468,28.320234,1.373435,1.588489,-0.215054,0.146174,0.381433,-0.235259,77.136752,69.985053,477,10.949414,0.531009,0.646095,-0.115086,0.036063,0.166918,-0.130855,64.989518,59.352651,406,-4.330048,-0.209993,-0.759283,0.54929,-0.329766,-0.644898,0.315133,55.91133,43.251477,478,13.979566,0.677961,-1.063026,1.740987,-0.715174,-1.367377,0.652203,32.217573,22.159133,233,24.81221,1.203308,-0.182524,1.385832,-0.162586,-0.306571,0.143986,9.44206,6.444663,82.647039,5.864198
2022,60523,정훈,LOT,1376,True,-1.518875,5.570327,76.647702,-6.361047,28.703704,1373,0.33429,0.2873,99.781977,90,563,1.780736,-0.625767,813,3.789592,0.960057,372,26.159633,1.901136,2.278921,-0.377785,-0.10337,0.326707,-0.430077,64.247312,73.646999,318,7.031705,0.511025,0.659488,-0.148463,-0.102386,0.130267,-0.232653,53.773585,60.349328,282,5.175487,0.376125,-0.582071,0.958196,0.12616,-0.46016,0.58632,34.751773,39.662693,285,19.303661,1.402882,-0.554972,1.957854,0.277798,-0.585616,0.863414,18.947368,23.339229,119,18.977217,1.379158,-0.020632,1.39979,0.136088,-0.036964,0.173052,0.840336,5.281269,106.859459,76.234568
2022,69306,김주형,KIW,477,True,-1.54007,4.035307,19.248414,-0.486148,28.08642,476,-0.51809,0.47674,99.790356,42,219,0.894307,-1.292067,258,3.141,0.773977,130,8.105357,1.699236,1.957953,-0.258717,0.086136,0.334926,-0.24879,70.0,69.287148,112,2.097585,0.439745,0.59008,-0.150335,-0.061347,0.170019,-0.231366,53.571429,63.059398,79,-0.311938,-0.065396,-0.562165,0.496769,-0.093631,-0.480298,0.386667,43.037975,39.776517,111,5.4635,1.145388,-0.862328,2.007716,-0.206305,-0.952246,0.745941,27.927928,23.74056,45,3.893911,0.816333,-0.229234,1.045568,-0.242942,-0.364468,0.121525,6.666667,6.319196,94.158755,28.703704
2022,69366,이명기,KIW,13,False,-1.605108,1.66977,0.21707,25.424424,27.777778,13,-1.462654,1.029613,100.0,2,9,0.031911,-2.096988,4,1.637859,0.634334,4,0.205546,1.581126,1.581126,0.0,0.800494,0.800494,0.0,100.0,70.884549,3,0.070253,0.540411,0.610578,-0.070167,0.412412,0.456764,-0.044352,66.666667,53.173353,0,0.0,0.0,0.0,0.0,0.0,0.0,0.0,,,6,-0.05873,-0.451767,-2.159793,1.708026,-2.67556,-3.354245,0.678685,50.0,21.070705,0,0.0,0.0,0.0,0.0,0.0,0.0,0.0,,,98.425398,45.061728
2022,79456,이지영,KIW,1516,True,-5.877819,3.642169,55.215283,7.675294,5.246914,1510,-1.26534,0.258691,99.604222,133,803,0.765687,-1.605923,713,2.876482,0.340584,391,22.83666,1.506376,1.827024,-0.320648,-0.012894,0.343412,-0.356306,69.309463,71.696262,349,9.266162,0.611224,0.775516,-0.164292,0.082955,0.253384,-0.170429,63.896848,58.329593,281,0.053686,0.003541,-0.575555,0.579096,-0.233283,-0.523251,0.289967,56.58363,41.460776,338,7.790132,0.513861,-1.00845,1.522311,-0.810746,-1.246883,0.436137,38.16568,22.634225,157,15.268643,1.007166,-0.252848,1.260015,-0.291372,-0.432585,0.141214,13.375796,6.198357,79.226231,2.777778
2022,68525,한동희,LOT,1719,True,-1.406976,4.371146,75.139997,1.48148,29.938272,1718,-0.375916,0.263824,99.941827,124,793,0.818397,-1.06361,926,3.552748,0.687694,446,24.708002,1.437347,1.733205,-0.295858,0.055061,0.397081,-0.34202,72.869955,70.409742,381,7.680279,0.446788,0.669621,-0.222834,-0.110647,0.178092,-0.288739,56.167979,58.32442,320,1.721524,0.100147,-0.684666,0.784813,-0.030898,-0.488602,0.457705,45.625,43.314304,383,17.941665,1.043727,-0.784144,1.82787,-0.263438,-0.956767,0.693329,25.065274,21.133495,189,23.088527,1.343137,-0.115619,1.458757,-0.025994,-0.193414,0.16742,6.349206,6.21313,94.560068,30.555556
2022,69517,고승민,LOT,972,True,-0.306625,4.872946,47.365033,-2.784891,44.753086,971,0.055206,0.232309,99.897119,84,418,1.139233,-0.671885,554,3.733712,0.727091,264,12.779014,1.314713,1.697136,-0.382423,-0.04626,0.387509,-0.433769,68.939394,70.022984,221,5.601564,0.576293,0.682181,-0.105889,0.038411,0.168731,-0.13032,54.298643,59.534602,193,2.76076,0.284029,-0.566261,0.85029,-0.045945,-0.468306,0.42236,38.860104,40.692208,200,14.178202,1.458663,-0.623975,2.082638,0.038852,-0.67484,0.713691,19.0,22.093931,94,12.045494,1.239248,-0.049848,1.289096,0.070148,-0.084979,0.155127,3.191489,6.290608,101.924248,57.716049
2022,64717,지시완,LOT,811,True,-1.967309,5.510155,44.687358,0.841851,22.530864,811,-0.421889,0.330377,100.0,72,362,1.11203,-1.403466,449,4.398125,0.981577,188,11.96738,1.475633,1.854352,-0.378719,-0.178986,0.322318,-0.501305,67.553191,71.555841,178,7.399431,0.912384,0.96165,-0.049266,0.133805,0.200054,-0.066248,61.235955,60.532387,141,0.270392,0.033341,-0.663511,0.696851,-0.164213,-0.635151,0.470938,43.971631,43.587912,210,11.565032,1.426021,-0.881283,2.307304,-0.120174,-1.026318,0.906144,25.714286,21.74674,94,13.485123,1.662777,-0.159178,1.821955,-0.092322,-0.264369,0.172047,10.638298,6.141325,94.584707,31.17284
2022,52348,박찬혁,KIW,685,True,0.333987,3.959886,27.125219,2.950769,53.395062,685,-0.751145,0.304313,100.0,52,347,0.845706,-1.062873,338,3.11418,0.311729,169,10.140442,1.480356,1.805932,-0.325576,-0.146027,0.334685,-0.480711,75.147929,72.937189,155,2.50103,0.365114,0.781986,-0.416872,-0.411904,0.229455,-0.641358,65.16129,63.422937,142,-0.687566,-0.100375,-0.765638,0.665264,-0.09838,-0.515052,0.416672,49.295775,44.873031,153,6.218684,0.907837,-0.835179,1.743016,-0.151946,-0.910391,0.758445,28.104575,23.499446,66,8.952629,1.306953,-0.141394,1.448347,0.057112,-0.201569,0.258681,9.090909,8.399961,90.066514,18.82716
2022,67363,이병규,KIW,168,False,1.275367,6.445478,10.828404,-2.573867,66.049383,168,0.368707,0.461004,100.0,22,75,2.415514,-0.50051,93,4.029964,0.869217,45,5.197637,3.093831,3.475044,-0.381212,-0.006912,0.491465,-0.498377,68.888889,73.729173,35,0.694173,0.413198,0.422579,-0.009381,0.015229,0.09464,-0.079411,65.714286,58.435256,39,-1.024078,-0.60957,-1.383037,0.773467,-0.402517,-0.968127,0.56561,46.153846,47.26868,31,3.546563,2.11105,-0.099072,2.210122,0.717558,-0.118488,0.836046,9.677419,22.18281,18,2.414109,1.43697,0.0,1.43697,0.045349,0.0,0.045349,0.0,2.123187,103.02761,62.962963
2022,62332,김재현,KIW,308,True,-0.262175,3.775265,11.627816,6.637302,45.987654,307,-0.36287,0.541187,99.675325,45,164,0.597051,-1.161874,144,3.178214,0.799004,75,3.988439,1.294948,1.596554,-0.301607,-0.033658,0.397709,-0.431367,81.333333,71.782508,80,2.253838,0.731765,0.805457,-0.073692,0.130169,0.252281,-0.122112,63.75,58.181017,59,-0.010416,-0.003382,-0.687038,0.683656,-0.097941,-0.618452,0.520512,45.762712,40.729131,74,2.732054,0.887031,-1.075478,1.962508,-0.445405,-1.123119,0.677713,31.081081,23.982264,20,2.663901,0.864903,-0.042445,0.907348,0.083965,-0.070293,0.154259,10.0,6.991761,96.74511,37.962963
2022,65357,송성문,KIW,2143,True,1.938435,4.862003,104.192722,1.25494,75.617284,2143,0.277588,0.175723,100.0,142,993,1.522673,-0.435689,1150,3.33933,0.713278,606,35.24365,1.644594,1.915822,-0.271228,0.189179,0.467304,-0.278125,74.752475,69.77735,485,11.659131,0.544057,0.640023,-0.095967,0.042924,0.1594,-0.116476,60.824742,57.952852,418,3.230057,0.150726,-0.601522,0.752248,-0.1369,-0.539019,0.402119,40.909091,39.91964,436,30.232956,1.410777,-0.412525,1.823302,0.112266,-0.492655,0.604921,16.055046,19.599424,198,23.826928,1.111849,-0.019126,1.130975,0.07012,-0.030719,0.100839,2.020202,4.983324,106.323778,75.617284
2022,51817,추신수,SSG,2019,True,1.58186,5.460967,110.256921,-1.084947,71.296296,2019,0.312408,0.237385,100.0,112,875,1.154119,-0.69976,1144,4.306848,1.012168,475,25.587274,1.267324,1.618013,-0.350689,-0.117378,0.366878,-0.484256,72.631579,71.948446,473,11.536422,0.571393,0.64423,-0.072837,0.003968,0.141462,-0.137494,55.179704,57.707732,410,6.005435,0.297446,-0.566537,0.863983,0.041413,-0.516017,0.55743,43.902439,42.220088,442,35.193748,1.743128,-0.472895,2.216022,0.275222,-0.59096,0.866182,18.778281,21.653929,219,31.934042,1.581676,-0.068691,1.650367,0.109183,-0.101124,0.210307,2.739726,6.109431,106.903506,76.851852
2022,50854,최지훈,SSG,2278,True,-1.772068,4.156637,94.688187,-0.181574,24.382716,2273,-0.377794,0.210107,99.780509,142,1017,0.861466,-1.046609,1261,3.295171,0.668815,607,33.137823,1.454689,1.769783,-0.315094,-0.013909,0.353472,-0.367381,69.85173,71.506284,546,7.433351,0.32631,0.432191,-0.105881,-0.04675,0.097198,-0.143948,56.227106,56.95346,448,8.009529,0.351604,-0.559732,0.911336,0.040255,-0.511333,0.551588,37.5,39.120967,482,23.721268,1.04132,-0.673453,1.714773,-0.338268,-0.805817,0.467549,21.991701,18.558049,195,22.386216,0.982714,-0.107323,1.090037,-0.019121,-0.180128,0.161007,6.153846,5.8541,94.33393,29.320988
2022,75847,최정,SSG,1973,True,3.046345,5.783626,114.110932,4.308069,87.345679,1973,0.545082,0.214984,100.0,121,967,1.422723,-0.769314,1006,4.360902,1.314397,457,33.638005,1.704917,1.877867,-0.17295,0.219921,0.408327,-0.188406,79.649891,72.670615,405,14.852737,0.7528,0.825834,-0.073034,0.138361,0.242365,-0.104004,66.17284,61.053479,422,5.170198,0.262048,-0.515663,0.77771,0.077816,-0.482125,0.55994,48.341232,43.312911,450,29.43146,1.491711,-0.623425,2.115136,0.118792,-0.69674,0.815533,24.444444,22.942232,239,31.018531,1.572151,-0.14189,1.714041,-0.009807,-0.241141,0.231333,8.786611,6.949779,111.07987,89.197531
2022,62895,한유섬,SSG,2192,True,-1.035601,5.419096,118.786588,-1.818327,34.876543,2185,-0.34923,0.213422,99.680657,135,941,1.036311,-1.303363,1251,4.382786,0.954133,554,36.930293,1.684776,2.075783,-0.391007,-0.150436,0.340667,-0.491104,68.772563,73.365712,458,8.606206,0.392619,0.481109,-0.08849,0.001309,0.130635,-0.129326,55.021834,58.562848,443,5.283419,0.241032,-0.561691,0.802723,-0.009753,-0.543579,0.533826,43.792325,43.635654,487,33.137373,1.511741,-0.746062,2.257804,-0.070566,-0.918901,0.848335,20.123203,20.031634,250,34.829297,1.588928,-0.212828,1.801756,-0.119784,-0.312186,0.192402,6.4,6.133535,94.880301,33.641975
2022,79215,박건우,NC,1795,True,4.420878,5.407018,97.055973,-0.936632,96.604938,1794,0.735355,0.232485,99.94429,111,835,1.547209,-0.349077,960,3.859809,1.084432,514,32.030838,1.784448,2.080075,-0.295627,0.091805,0.443474,-0.351669,77.237354,72.264922,396,6.517813,0.363109,0.488166,-0.125057,-0.056937,0.126718,-0.183655,63.888889,61.087763,351,5.218752,0.290738,-0.511812,0.80255,0.136951,-0.35198,0.488931,34.757835,40.78228,375,29.291922,1.631862,-0.470958,2.10282,0.428381,-0.503945,0.932326,15.2,22.720717,159,23.996648,1.336861,-0.038262,1.375123,0.135155,-0.063345,0.1985,3.773585,6.361514,114.319898,95.37037
2022,78361,전민수,NC,156,False,-3.465853,3.045144,4.750424,5.44149,14.197531,156,-0.97174,0.625471,100.0,20,76,0.955848,-0.987194,80,2.089295,0.015454,41,2.113176,1.3546,1.709241,-0.354641,-0.065797,0.350707,-0.416504,75.609756,73.979675,33,0.193242,0.123873,0.39876,-0.274886,-0.289902,0.080663,-0.370565,63.636364,58.725547,34,-0.336251,-0.215545,-0.742334,0.526789,-0.648957,-0.841832,0.192875,47.058824,34.753354,34,1.542313,0.988662,-0.409817,1.398479,0.018285,-0.576732,0.595018,23.529412,17.161536,14,1.237944,0.793554,0.0,0.793554,0.01463,0.0,0.01463,0.0,1.06511,93.354593,26.54321
2022,77532,손아섭,NC,2390,True,-1.721537,4.585672,109.597566,2.246343,25.0,2382,-0.637476,0.178663,99.665272,138,1069,0.755689,-1.309774,1321,3.829983,0.672298,596,34.784037,1.455399,1.744341,-0.288942,0.047858,0.344922,-0.297064,70.973154,70.640937,512,11.543988,0.483012,0.525415,-0.042403,0.056713,0.111553,-0.054841,61.132812,58.881196,453,2.250055,0.094145,-0.563059,0.657204,-0.126618,-0.484131,0.357514,38.852097,38.894688,539,27.163495,1.136548,-0.716792,1.85334,-0.293942,-0.851723,0.557781,23.93321,19.673421,290,33.855991,1.416569,-0.234216,1.650784,-0.321487,-0.430395,0.108907,9.655172,3.651038,89.508342,17.592593
2022,52827,크론,SSG,1006,True,-6.432481,2.573451,25.888914,12.542363,0.925926,1006,-2.449067,0.364117,100.0,67,564,-0.706852,-3.008515,442,3.280303,0.559449,217,13.553649,1.347281,1.538249,-0.190968,0.187281,0.412351,-0.22507,80.184332,69.933144,202,5.609652,0.557619,0.754357,-0.196738,-0.069347,0.182735,-0.252082,64.356436,62.775341,191,-4.004652,-0.398077,-0.773282,0.375205,-0.616581,-0.795117,0.178536,66.492147,44.675542,266,-2.554308,-0.253907,-1.888646,1.634739,-1.637317,-2.286493,0.649176,42.105263,23.811533,130,13.284573,1.320534,-0.337531,1.658066,-0.313102,-0.521991,0.208889,16.153846,8.149046,61.859246,0.308642
2022,60558,오태곤,SSG,1038,True,1.15802,3.882856,40.304046,9.337921,64.506173,1036,-0.717829,0.254684,99.807322,96,558,0.678158,-1.289581,480,3.204698,0.571753,251,16.844021,1.622738,1.871044,-0.248306,0.098851,0.44565,-0.346799,81.2749,70.156192,223,3.043105,0.29317,0.473971,-0.180801,-0.077887,0.142371,-0.220258,69.955157,59.439162,204,-0.417656,-0.040237,-0.59877,0.558534,-0.194932,-0.557717,0.362784,52.941176,41.49615,248,5.692164,0.548378,-0.941648,1.490026,-0.510575,-1.123079,0.612504,31.451613,24.461854,112,15.142412,1.458807,-0.126438,1.585245,-0.033286,-0.196807,0.163521,10.714286,6.35131,89.497838,16.975309
2022,67893,박성한,SSG,2252,True,-1.056513,5.368051,120.888519,-8.516949,34.259259,2250,0.230664,0.192544,99.91119,138,869,1.845566,-0.411973,1383,3.522486,0.642637,624,35.490386,1.57595,2.071656,-0.495706,-0.272124,0.367583,-0.639707,65.064103,72.76935,540,15.997157,0.710353,0.852546,-0.142192,0.001787,0.215985,-0.214198,45.925926,58.56373,474,9.762822,0.433518,-0.59358,1.027097,0.229441,-0.444334,0.673775,32.067511,40.757097,456,36.515505,1.62147,-0.3949,2.01637,0.259569,-0.407159,0.666728,12.061404,19.322897,158,23.12265,1.026761,-0.090156,1.116917,0.011991,-0.144049,0.156039,5.063291,5.807433,105.503267,70.061728
2022,52904,마티니,NC,2195,True,1.051814,5.16684,113.41214,-3.532749,62.037037,2193,0.375337,0.183869,99.908884,139,960,1.598898,-0.482297,1235,3.567942,0.857634,619,36.174309,1.648032,2.023919,-0.375887,-0.041985,0.406747,-0.448731,69.789984,72.432944,506,14.273643,0.65028,0.72032,-0.07004,0.083154,0.185834,-0.10268,54.940711,57.944976,426,6.047807,0.275527,-0.465319,0.740846,0.127949,-0.386062,0.514011,36.384977,42.958457,454,28.269578,1.287908,-0.635551,1.923459,0.119507,-0.621599,0.741107,19.603524,22.470821,190,28.646803,1.305094,-0.044472,1.349565,0.086711,-0.067217,0.153928,3.157895,5.769364,108.131191,81.17284
2022,66928,박준영,NC,1048,True,-1.219623,5.344409,56.009404,-8.718149,32.407407,1047,0.195706,0.36139,99.90458,70,437,1.302689,-0.923204,611,4.04172,1.11891,314,18.797961,1.793699,2.297766,-0.504068,-0.314559,0.350722,-0.665281,64.968153,74.306826,232,3.761143,0.358888,0.431231,-0.072344,-0.03597,0.070969,-0.106939,51.293103,62.753529,200,2.937271,0.280274,-0.592417,0.872691,0.164777,-0.385567,0.550344,37.0,45.212493,211,15.873673,1.514663,-0.661947,2.17661,0.377518,-0.70956,1.087078,17.061611,24.787862,91,14.639357,1.396885,-0.171945,1.56883,0.00394,-0.249768,0.253709,4.395604,7.392531,104.234544,65.740741
2022,68904,오영수,NC,986,True,-0.846025,4.270478,42.106916,2.838691,37.345679,986,-0.400673,0.354084,100.0,80,475,1.090024,-1.061495,511,3.180454,0.660821,253,15.992885,1.621996,1.909025,-0.287029,0.073542,0.391576,-0.318034,74.703557,70.380271,236,3.558374,0.36089,0.519545,-0.158656,-0.116661,0.125928,-0.242589,55.508475,56.67631,187,2.496346,0.253179,-0.467693,0.720872,0.014926,-0.436881,0.451807,44.385027,41.864709,218,7.711064,0.782055,-0.830838,1.612893,-0.436216,-1.071162,0.634946,31.651376,24.031531,92,12.348247,1.252358,-0.040015,1.292373,0.063735,-0.070956,0.134691,3.26087,4.909328,94.669158,31.790123
2022,76812,이재원,SSG,956,True,1.712647,5.045235,48.232448,3.906626,73.148148,953,0.522163,0.267346,99.686192,96,485,1.613068,-0.467834,471,3.432167,0.989997,244,15.788323,1.651498,1.947743,-0.296244,0.071459,0.467077,-0.395618,73.360656,71.593942,225,6.810912,0.712439,0.824376,-0.111938,0.138724,0.269484,-0.130759,69.777778,58.91406,215,3.735915,0.390786,-0.499236,0.890022,0.135682,-0.440054,0.575736,45.116279,42.453288,204,12.509983,1.308576,-0.619609,1.928185,0.125689,-0.695366,0.821056,23.039216,22.321295,68,9.387315,0.981937,-0.040207,1.022144,0.050609,-0.068974,0.119583,7.352941,5.289406,109.300264,84.876543
2022,76802,김성현,SSG,1236,True,2.357612,5.523383,68.26901,-0.797766,80.555556,1234,0.460594,0.267693,99.838188,121,560,1.741427,-0.46781,676,3.781956,0.928404,351,20.817151,1.684236,2.031217,-0.346982,0.006911,0.4511,-0.444189,70.08547,70.846741,285,5.505828,0.445455,0.648157,-0.202702,-0.052054,0.191356,-0.24341,62.807018,59.794749,236,6.702999,0.542314,-0.389815,0.932129,0.240034,-0.373212,0.613246,37.711864,39.670917,261,20.18085,1.632755,-0.476219,2.108974,0.213694,-0.641747,0.855441,16.858238,19.566265,103,15.062182,1.218623,-0.071914,1.290537,0.052009,-0.095307,0.147316,1.941748,5.904828,108.827046,83.641975
2022,69995,서호철,NC,785,True,-1.910901,3.627511,28.475961,3.671679,23.148148,783,-0.577665,0.345216,99.745223,70,384,0.853484,-1.216754,401,2.774027,0.639089,213,13.528249,1.723344,2.033699,-0.310355,0.006115,0.371342,-0.365227,72.769953,72.988699,158,1.999876,0.254761,0.446908,-0.192147,-0.111984,0.158494,-0.270478,60.759494,57.393402,151,-1.137257,-0.144873,-0.674666,0.529793,-0.235719,-0.547622,0.311902,50.331126,42.616693,179,8.176208,1.041555,-0.780063,1.821618,-0.044259,-0.937951,0.893692,27.374302,22.093967,84,5.908885,0.752724,-0.172394,0.925119,-0.191817,-0.261016,0.0692,9.52381,6.107624,92.287884,25.0
2022,64944,박대온,NC,441,True,-2.038218,3.312474,14.608011,10.976523,21.296296,441,-1.022058,0.330629,100.0,46,261,1.115458,-1.115692,180,2.197016,0.093634,118,7.666806,1.738505,1.97749,-0.238985,0.150267,0.423412,-0.273145,77.966102,72.000331,119,2.346714,0.532135,0.677936,-0.145802,-0.029878,0.176383,-0.20626,69.747899,59.326973,76,-1.592853,-0.361191,-0.526328,0.165137,-0.423819,-0.500716,0.076897,65.789474,46.566708,94,2.351902,0.533311,-0.930881,1.464192,-0.667535,-1.077388,0.409853,36.170213,21.287025,34,3.835442,0.869715,-0.082759,0.952474,-0.051093,-0.137383,0.086289,5.882353,4.804539,88.097728,13.888889
2022,50902,김한별,NC,75,False,-6.592528,2.211612,1.658709,11.12693,0.617284,75,-1.394657,0.706353,100.0,13,45,1.230981,-1.069624,30,0.980631,-0.325034,23,1.026732,1.368977,1.838037,-0.46906,-0.311206,0.329725,-0.640931,65.217391,72.2525,21,0.449094,0.598791,0.672773,-0.073981,0.132453,0.178878,-0.046425,76.190476,56.085658,11,-0.182168,-0.24289,-0.416295,0.173405,-0.260241,-0.341251,0.081009,54.545455,48.170788,14,0.629037,0.838716,-0.378822,1.217538,-0.211006,-0.486749,0.275743,28.571429,15.697398,6,-0.263986,-0.351981,-0.484711,0.13273,-0.744658,-0.750228,0.00557,66.666667,12.705274,94.199945,29.012346
2022,61869,정진기,NC,242,False,-0.513977,3.858097,9.336595,7.158241,41.358025,242,-0.059684,0.727305,100.0,31,119,0.336477,-1.018775,123,3.52162,0.959091,58,2.681106,1.107895,1.344613,-0.236718,0.14701,0.412597,-0.265586,82.758621,69.940535,47,0.135518,0.055999,0.225415,-0.169416,-0.124508,0.035774,-0.160282,51.06383,54.948705,43,1.413147,0.583945,-0.2422,0.826145,0.399501,-0.25826,0.657761,51.162791,42.552965,67,2.521781,1.042058,-0.730839,1.772898,-0.154304,-0.828069,0.673765,29.850746,22.585001,27,2.585043,1.0682,-0.260512,1.328711,-0.327384,-0.380817,0.053433,18.518519,6.873818,99.894185,48.765432
2022,71837,김강민,SSG,748,True,-0.266689,4.294123,32.120043,0.67031,45.37037,748,-0.273267,0.292548,100.0,73,355,0.939011,-0.936781,393,3.355112,0.663514,215,12.269943,1.640367,2.003936,-0.363569,-0.046206,0.371839,-0.418045,71.162791,71.807845,157,2.096252,0.280248,0.371264,-0.091017,-0.015523,0.125124,-0.140647,57.961783,58.16559,150,0.918531,0.122798,-0.683436,0.806235,-0.026837,-0.591764,0.564926,46.666667,43.585911,168,8.032147,1.073816,-0.752752,1.826569,-0.260304,-0.84198,0.581676,24.404762,21.874991,58,8.803169,1.176894,0.0,1.176894,0.075603,0.0,0.075603,0.0,3.707564,96.900394,38.580247
2022,63905,윤형준,NC,241,False,-0.953144,1.888231,4.550637,11.721936,36.419753,241,-1.405693,0.689315,100.0,32,142,-0.370041,-1.915063,99,2.258272,0.50937,65,4.121483,1.710159,1.904529,-0.19437,0.231997,0.441942,-0.209945,81.538462,70.270728,52,1.438928,0.597065,0.615991,-0.018926,0.214247,0.201409,0.012837,73.076923,58.415158,54,-2.004709,-0.83183,-1.265652,0.433822,-0.572325,-0.798014,0.225689,59.259259,45.366631,48,-0.779315,-0.323367,-1.507112,1.183745,-1.208614,-1.597869,0.389256,37.5,24.501412,22,1.77425,0.736203,-0.117798,0.854001,-0.070998,-0.162531,0.091533,4.545455,6.543727,87.450803,11.728395
2022,79402,김상수,SAM,981,True,-2.572989,5.158936,50.609158,-7.445327,16.975309,980,0.087503,0.243041,99.898063,68,406,1.866623,-0.520935,575,3.292312,0.608439,301,16.427158,1.674532,2.165453,-0.490921,-0.267666,0.338769,-0.606435,62.790698,72.705724,207,5.234876,0.533626,0.658692,-0.125066,-0.044959,0.087581,-0.13254,54.589372,62.466516,187,6.359576,0.648275,-0.306583,0.954858,0.231467,-0.278749,0.510216,32.085561,41.650153,191,11.559837,1.178373,-0.55104,1.729413,0.150763,-0.515741,0.666504,19.371728,24.250027,95,11.027711,1.12413,-0.099899,1.224029,0.017899,-0.152796,0.170695,7.368421,7.037265,102.443223,58.333333
2022,50458,김지찬,SAM,1621,True,-6.114857,4.629037,75.036685,-4.085817,3.395062,1616,-0.546902,0.224722,99.691548,108,632,0.751757,-1.074721,989,3.87728,0.527819,390,19.940926,1.230162,1.636123,-0.405961,-0.205667,0.283117,-0.488784,56.153846,71.369301,361,8.159652,0.503372,0.553333,-0.049961,0.04887,0.137794,-0.088924,52.354571,58.304973,317,7.571449,0.467085,-0.485263,0.952348,0.124607,-0.410925,0.535532,37.85489,40.679203,393,22.155957,1.366808,-0.793674,2.160482,-0.423663,-0.866135,0.442472,23.409669,17.838942,160,17.208699,1.06161,-0.158761,1.220371,-0.091049,-0.218573,0.127524,7.5,6.468591,91.606126,23.765432
2022,51463,피렐라,SAM,2119,True,-2.396476,3.608837,76.471262,6.854044,18.82716,2118,-1.032174,0.207716,99.952808,137,1056,0.151084,-1.601415,1063,3.457753,0.569241,513,26.024626,1.228156,1.510705,-0.282549,0.043884,0.389007,-0.345123,72.319688,69.288251,448,7.787052,0.367487,0.513339,-0.145852,-0.065099,0.145553,-0.210651,63.392857,57.510366,392,-1.991684,-0.093992,-0.682567,0.588576,-0.281027,-0.637725,0.356698,53.571429,42.408862,493,9.309719,0.439345,-1.069932,1.509277,-0.737657,-1.285353,0.547696,36.511156,23.435974,273,35.341549,1.667841,-0.12046,1.788301,0.007725,-0.212897,0.220622,4.029304,5.818884,82.463294,4.62963
2022,64868,조용호,KT,2094,True,-0.195857,4.955381,103.765675,-5.450623,47.222222,2087,-0.040707,0.200066,99.665712,129,864,1.6743,-0.373914,1230,3.281081,0.333207,606,33.937228,1.620689,2.058544,-0.437855,-0.161589,0.393513,-0.555102,67.656766,71.873352,494,6.318089,0.301723,0.555429,-0.253706,-0.219303,0.120004,-0.339308,51.619433,59.706883,393,6.636451,0.316927,-0.518017,0.834944,0.043806,-0.413534,0.45734,34.605598,40.275927,413,29.105455,1.389945,-0.404509,1.794454,0.207115,-0.441602,0.648717,14.769976,19.785096,188,27.768453,1.326096,-0.017147,1.343243,0.089264,-0.032295,0.121559,1.06383,4.061002,100.516822,52.160494
2022,76313,황재균,KT,2216,True,1.078319,4.579899,101.490566,-0.027969,62.654321,2212,-0.020038,0.21078,99.819495,139,1030,1.251721,-0.745468,1186,3.328178,0.72543,575,30.800854,1.38993,1.74632,-0.35639,-0.04502,0.366191,-0.411211,70.26087,69.712741,510,13.097535,0.591044,0.763574,-0.17253,-0.028315,0.195722,-0.224036,62.352941,60.751936,431,5.091766,0.229773,-0.415395,0.645168,0.028701,-0.376942,0.405642,41.763341,42.632962,488,25.239185,1.138952,-0.760135,1.899088,-0.013561,-0.801655,0.788094,24.180328,25.162788,212,27.261225,1.2302,-0.082643,1.312842,0.038157,-0.128783,0.16694,4.716981,6.318015,100.901624,54.62963
2022,75125,박병호,KT,1925,True,1.27844,5.184237,99.796553,4.438365,66.358025,1922,0.092817,0.21781,99.844156,124,967,1.319865,-0.960569,958,3.864371,1.053386,488,30.385698,1.578478,1.873874,-0.295397,0.048146,0.405153,-0.357006,74.795082,70.992884,411,17.702347,0.919602,0.996738,-0.077136,0.198759,0.290589,-0.09183,72.019465,62.279394,387,-0.721769,-0.037494,-0.670115,0.63262,-0.080482,-0.521512,0.44103,48.578811,43.556317,423,22.103331,1.148225,-0.75481,1.903035,-0.077587,-0.919501,0.841915,24.586288,23.043928,216,30.326947,1.575426,-0.125823,1.701248,0.00398,-0.215297,0.219277,6.481481,6.069042,102.908258,62.037037
2022,52025,라모스,KT,308,True,-2.25936,3.441501,10.599823,14.813404,20.061728,308,-1.68425,0.803843,100.0,18,179,0.31846,-2.160378,129,3.123041,0.476127,71,4.612126,1.497444,1.834493,-0.337049,0.00218,0.492173,-0.489993,80.28169,67.97663,64,1.38166,0.448591,0.520872,-0.072282,0.095609,0.202354,-0.106746,84.375,67.801639,56,0.614139,0.199396,-0.499358,0.698753,0.007067,-0.451044,0.458111,57.142857,41.897078,86,0.250014,0.081173,-1.443642,1.524815,-1.678699,-2.226298,0.547598,39.534884,19.73968,31,3.741884,1.214897,-0.093906,1.308803,-0.110407,-0.177563,0.067156,6.451613,4.128293,82.850954,6.481481
2022,74540,강민호,SAM,1599,True,0.009576,5.346682,85.493439,-2.533409,50.925926,1597,0.407646,0.217432,99.874922,125,675,1.196083,-0.694638,924,4.150599,1.102284,419,24.043402,1.503652,1.87073,-0.367077,-0.033643,0.37491,-0.408553,67.541766,69.876782,325,6.431645,0.402229,0.569689,-0.16746,-0.090124,0.139561,-0.229685,55.076923,60.469419,299,2.364027,0.147844,-0.53386,0.681704,-0.004544,-0.432083,0.427539,42.140468,41.370379,382,28.011287,1.7518,-0.637577,2.389378,0.345786,-0.67715,1.022936,20.157068,22.853383,174,24.643077,1.541156,-0.072899,1.614055,0.190171,-0.099876,0.290047,5.747126,8.73708,108.329684,81.790123
2022,61404,김헌곤,SAM,849,True,-3.861992,3.838484,32.588729,6.17996,12.654321,848,-0.918356,0.266536,99.882214,70,430,0.673082,-1.595856,419,3.165402,0.6775,230,14.79193,1.742277,2.010589,-0.268312,0.11968,0.366343,-0.246663,69.565217,69.330605,180,4.84151,0.57026,0.643916,-0.073656,0.143415,0.215851,-0.072437,62.222222,57.435479,166,0.006334,0.000746,-0.681162,0.681908,-0.342895,-0.670196,0.327301,53.614458,40.127716,190,1.373593,0.161789,-1.172191,1.33398,-0.85206,-1.300146,0.448086,32.105263,22.300257,83,11.575363,1.363411,-0.12807,1.491482,0.013504,-0.207709,0.221213,9.638554,6.873968,86.901375,11.419753
2022,66838,김동엽,SAM,368,True,-6.268847,3.142433,11.564154,11.75867,2.777778,368,-1.116579,0.456053,100.0,29,213,0.490446,-1.739514,155,2.651988,0.622935,91,5.202839,1.413815,1.690618,-0.276803,0.041454,0.311924,-0.27047,68.131868,68.59731,83,2.148306,0.583779,0.622893,-0.039114,0.097269,0.14288,-0.045611,77.108434,62.354093,60,-0.39904,-0.108435,-0.4407,0.332265,-0.26491,-0.423401,0.158491,58.333333,47.986178,93,0.143196,0.038912,-1.206947,1.245859,-1.048163,-1.443106,0.394942,49.462366,25.251208,41,4.468854,1.214362,-0.175418,1.38978,0.057772,-0.327811,0.385583,14.634146,7.988572,87.874172,13.271605
2022,78548,장성우,KT,1692,True,2.699823,5.703374,96.501094,-5.381564,85.493827,1690,0.565582,0.267909,99.881797,114,692,1.531115,-0.505466,1000,4.172259,1.071048,435,24.62464,1.455357,1.877572,-0.422215,-0.182605,0.410963,-0.593568,70.344828,71.039629,359,8.274187,0.489018,0.715254,-0.226236,-0.166824,0.169842,-0.336666,56.824513,62.608088,356,8.510189,0.502966,-0.535565,1.038531,0.412987,-0.436651,0.849638,33.146067,43.927363,380,31.412777,1.856547,-0.498961,2.355508,0.394939,-0.603602,0.998541,16.052632,22.07049,162,23.679301,1.399486,-0.027184,1.42667,0.107085,-0.046018,0.153103,1.851852,5.568743,111.194836,91.049383
2022,64166,배정대,KT,2363,True,2.032064,4.584661,108.335535,-5.382751,76.851852,2360,0.399505,0.147272,99.873043,142,1019,1.479937,-0.419343,1344,3.104724,0.818849,632,37.051701,1.567994,1.857362,-0.289368,0.005648,0.353866,-0.348218,71.835443,73.136982,567,9.146876,0.387087,0.650158,-0.26307,-0.221079,0.158699,-0.379778,54.320988,60.945948,460,2.589487,0.109585,-0.509764,0.619349,0.010736,-0.403905,0.414641,35.652174,43.034731,512,34.594159,1.463993,-0.504256,1.968249,0.486269,-0.504523,0.990791,17.382812,25.250068,192,24.953311,1.056001,-0.013563,1.069564,0.117932,-0.023482,0.141413,2.083333,5.815123,108.650806,83.024691
2022,64504,오윤석,KT,1300,True,1.454616,5.45966,70.975581,-0.795837,70.061728,1300,0.369628,0.19866,100.0,109,577,1.842049,-0.416042,723,3.617612,0.785671,355,21.84262,1.680202,1.980068,-0.299866,0.085536,0.405972,-0.320436,72.676056,70.121654,296,7.968436,0.612957,0.78847,-0.175513,-0.022997,0.174113,-0.19711,54.391892,57.320948,255,2.350646,0.180819,-0.443372,0.624191,-0.007114,-0.366545,0.359431,42.745098,42.600437,264,21.122389,1.624799,-0.378083,2.002882,0.344231,-0.46103,0.80526,15.530303,20.195226,130,17.69149,1.360884,-0.105034,1.465918,-0.030027,-0.168553,0.138526,6.153846,5.228842,107.380809,79.938272
2022,64004,김민혁,KT,1584,True,0.641114,4.514566,71.510728,-1.705446,57.098765,1583,0.130575,0.205381,99.936869,130,727,1.64019,-0.293445,857,2.874376,0.42402,460,23.342037,1.473613,1.858626,-0.385013,-0.066123,0.420287,-0.48641,70.217391,71.214629,380,8.523047,0.538071,0.700004,-0.161933,-0.029193,0.190468,-0.219661,57.631579,59.74441,328,5.294147,0.334226,-0.481885,0.816111,0.112622,-0.393534,0.506156,39.329268,40.079686,314,21.754689,1.373402,-0.417498,1.7909,0.086093,-0.482218,0.568311,17.197452,20.399714,102,12.596808,0.795253,-0.019058,0.814311,0.027176,-0.028448,0.055624,1.960784,3.805636,103.474624,64.506173
2022,52415,이재현,SAM,839,True,-7.255212,2.749253,23.066233,3.468187,0.308642,836,-1.565103,0.471378,99.642431,73,426,0.555453,-1.763815,413,2.1938,0.198712,239,13.073448,1.558218,1.912706,-0.354488,0.011819,0.397726,-0.385907,66.108787,70.823415,179,5.043326,0.601112,0.735443,-0.134332,0.038031,0.203566,-0.165535,55.307263,59.104626,172,-2.404865,-0.286635,-0.823589,0.536955,-0.407538,-0.707365,0.299827,52.325581,43.64693,174,0.060092,0.007162,-1.137724,1.144886,-1.106699,-1.438773,0.332074,40.229885,24.281051,75,7.294231,0.869396,-0.131383,1.000778,-0.100715,-0.218968,0.118252,12.0,6.01989,77.043002,0.925926
2022,68407,공민규,SAM,84,False,-1.718292,2.54837,2.140631,-0.636276,25.308642,84,-1.298782,0.640823,100.0,13,34,-0.667727,-1.963231,50,3.216097,0.664449,15,-0.091382,-0.108788,0.39337,-0.502158,-0.122792,0.15708,-0.279871,40.0,51.718038,24,0.516309,0.614653,0.85476,-0.240107,-0.296571,-0.017185,-0.279386,62.5,55.91633,12,-0.47516,-0.565666,-0.63287,0.067203,-0.436488,-0.342388,-0.094099,66.666667,61.318947,24,1.328379,1.581404,-0.936462,2.517866,-0.032111,-1.229045,1.196934,16.666667,22.331139,9,0.862485,1.026767,-0.346526,1.373293,-0.410821,-0.531693,0.120872,11.111111,7.101116,94.127493,28.395062
2022,69418,박승규,SAM,289,False,-2.094657,3.811953,11.016544,1.443484,20.987654,289,-0.317182,0.429403,100.0,36,138,0.935238,-0.842205,151,2.876715,0.525023,78,3.694427,1.278348,1.57268,-0.294332,0.060378,0.377875,-0.317497,67.948718,70.409608,66,1.935032,0.669561,0.723175,-0.053614,0.048667,0.118947,-0.07028,63.636364,60.086633,49,0.385109,0.133256,-0.509532,0.642788,0.011969,-0.262757,0.274726,42.857143,42.175891,73,2.9929,1.035606,-0.605547,1.641153,-0.204791,-0.68567,0.480878,26.027397,23.307193,23,2.009077,0.695182,-0.245538,0.94072,-0.233405,-0.3906,0.157195,13.043478,6.831401,97.300454,40.123457
2022,64006,심우준,KT,1918,True,-3.184354,5.365158,102.903726,-4.716264,15.740741,1917,-0.181549,0.205771,99.947862,130,803,1.517979,-1.087948,1115,3.847179,0.906399,500,35.911101,1.87232,2.236662,-0.364342,-0.077556,0.325982,-0.403537,64.6,73.407669,397,11.319761,0.590186,0.725536,-0.13535,0.012549,0.15063,-0.138081,49.874055,60.875169,414,7.758141,0.404491,-0.504386,0.908877,0.15767,-0.385751,0.543421,41.304348,43.002167,421,21.46998,1.119394,-0.832581,1.951975,-0.292424,-1.001491,0.709067,24.228029,22.506483,186,26.444743,1.378767,-0.107252,1.486019,0.018212,-0.177318,0.19553,4.83871,6.43221,97.974681,44.135802
2022,61197,최영진,SAM,357,True,2.051608,5.56074,19.851842,-0.637553,77.469136,356,0.572554,0.625726,99.719888,39,168,1.000245,-1.29964,189,4.560495,1.872194,86,7.111343,1.991973,2.283727,-0.291754,0.031291,0.384142,-0.352851,70.930233,71.572696,78,1.685561,0.472146,0.616769,-0.144623,-0.015176,0.166245,-0.18142,58.974359,58.190901,88,1.333101,0.373418,-0.876758,1.250175,0.493715,-0.649144,1.142859,44.318182,45.937707,82,5.325626,1.491772,-1.023493,2.515265,-0.120516,-1.200883,1.080366,26.829268,25.746059,23,4.396212,1.231432,0.0,1.231432,0.18324,0.0,0.18324,0.0,7.816048,107.08883,78.703704
2022,50704,임종찬,HAN,190,False,-0.163874,3.739639,7.105314,-8.966063,48.148148,190,-0.448799,0.543178,100.0,20,75,1.266425,-0.119783,115,2.473214,-0.329016,50,1.746383,0.919149,1.595601,-0.676452,-0.670414,0.388243,-1.058657,66.0,69.073691,54,-0.259944,-0.136813,0.243938,-0.380751,-0.575195,0.059138,-0.634333,42.592593,59.142653,34,1.243925,0.654697,-0.307735,0.962432,0.396455,-0.266869,0.663324,35.294118,44.655206,31,1.47513,0.776384,-0.231122,1.007506,0.276354,-0.24022,0.516573,19.354839,28.569664,21,2.89982,1.526221,-0.034258,1.560479,0.124002,-0.060075,0.184077,4.761905,7.248926,96.725931,37.654321
2022,62925,강진성,DOO,373,True,-3.205843,4.698245,17.524454,-0.55555,15.123457,373,-0.839415,0.392517,100.0,35,163,0.369586,-1.442748,210,4.328659,0.603334,90,5.002909,1.341262,1.731565,-0.390302,-0.09884,0.309466,-0.408306,64.444444,70.057202,77,0.830777,0.222728,0.538631,-0.315903,-0.250645,0.121317,-0.371963,57.142857,62.874018,79,-0.13716,-0.036772,-0.845707,0.808935,-0.132168,-0.567937,0.435768,44.303797,42.791809,89,5.225247,1.400871,-0.879931,2.280801,-0.18451,-1.071927,0.887418,26.966292,20.765621,38,6.602682,1.770156,-0.174972,1.945128,-0.173251,-0.233668,0.060416,5.263158,3.475773,90.992095,22.530864
2022,62234,류지혁,KIA,1850,True,1.811166,5.869692,108.589294,-4.092969,73.765432,1844,0.79179,0.183655,99.675676,123,796,1.876351,-0.247833,1054,3.993341,1.039623,524,31.228488,1.688026,2.028501,-0.340474,0.032516,0.410586,-0.37807,71.183206,71.817858,439,10.524168,0.568874,0.6849,-0.116026,-0.014462,0.163635,-0.178097,56.492027,61.20539,345,9.932243,0.536878,-0.384592,0.92147,0.304012,-0.305793,0.609805,32.463768,41.195438,367,31.535916,1.704644,-0.419332,2.123976,0.413246,-0.459866,0.873112,16.076294,21.13556,175,25.368479,1.371269,-0.033126,1.404395,0.056477,-0.056395,0.112872,2.285714,4.006247,115.392459,95.987654
2022,52516,조세진,LOT,345,True,-6.274998,2.12505,7.331423,-2.857648,2.160494,345,-1.770844,0.35412,100.0,30,158,0.259865,-1.791405,187,1.865185,0.020561,101,3.744799,1.085449,1.542997,-0.457548,-0.273165,0.243393,-0.516558,56.435644,70.55478,78,2.881387,0.835185,0.924285,-0.0891,0.038386,0.159686,-0.121301,51.282051,60.18212,64,-1.962737,-0.568909,-0.935599,0.36669,-0.359137,-0.580118,0.220982,54.6875,50.020479,72,-0.522424,-0.151427,-1.212403,1.060976,-1.168247,-1.513931,0.345683,33.333333,22.237162,30,3.190398,0.924753,-0.059415,0.984168,-0.00868,-0.100435,0.091755,6.666667,5.44213,80.951203,4.012346
2022,68518,정보근,LOT,816,True,-3.456565,4.411364,35.996727,-2.73809,14.506173,815,-0.57207,0.468824,99.877451,77,356,1.137136,-0.904576,460,3.274227,0.332505,203,11.682412,1.431668,1.997859,-0.566191,-0.456368,0.331839,-0.788207,63.054187,72.599105,192,0.945802,0.115907,0.436607,-0.3207,-0.318736,0.139923,-0.458659,55.729167,60.484776,153,2.51512,0.308225,-0.495467,0.803693,0.316544,-0.306763,0.623308,44.444444,44.616576,175,8.681923,1.063961,-0.572721,1.636682,0.068322,-0.701692,0.770015,25.714286,23.625374,93,12.17147,1.491602,-0.229141,1.720743,-0.181833,-0.367882,0.186049,8.602151,5.621606,92.294958,25.617284
2022,68330,예진원,KIW,53,False,2.497438,6.211389,3.292036,-10.013464,82.098765,53,0.366118,1.325307,100.0,10,17,0.57317,-0.672923,36,5.638219,1.039042,13,0.513809,0.96945,1.409749,-0.440299,-0.198765,0.160923,-0.359688,61.538462,69.781833,9,-0.155419,-0.293243,0.273851,-0.567095,-1.177746,0.083635,-1.26138,33.333333,47.775866,9,0.116199,0.219243,-0.443489,0.662731,0.078199,-0.457896,0.536095,44.444444,42.340784,18,2.227508,4.202846,-0.666941,4.869787,1.636446,-0.459585,2.096031,11.111111,28.27912,4,0.58994,1.113094,0.0,1.113094,0.027984,0.0,0.027984,0.0,0.868944,101.027682,55.555556
2022,66965,도태훈,NC,610,True,1.097283,4.613664,28.143348,-1.086531,63.271605,609,-0.045319,0.395805,99.836066,65,267,1.484131,-0.64904,343,3.129532,0.60372,171,10.158398,1.665311,1.995844,-0.330533,0.045148,0.351237,-0.306089,71.929825,70.00615,135,2.520057,0.413124,0.573517,-0.160393,-0.036408,0.195897,-0.232305,50.37037,55.507514,125,1.087785,0.178325,-0.400606,0.578932,-0.0882,-0.370963,0.282763,43.2,41.303218,127,8.270777,1.355865,-0.570448,1.926313,-0.021572,-0.653036,0.631464,15.748031,19.198568,52,6.10633,1.001038,-0.114176,1.115214,0.055712,-0.172175,0.227887,3.846154,5.713418,100.239169,49.691358
2022,52424,김재혁,SAM,162,False,-1.78957,3.410098,5.524359,2.337011,24.074074,162,-0.054937,0.751983,100.0,13,80,0.499501,-1.006274,82,2.910597,0.951337,40,1.983057,1.224109,1.545803,-0.321693,-0.018999,0.324215,-0.343214,72.5,74.313681,41,-0.150308,-0.092783,0.151431,-0.244213,-0.188925,0.01743,-0.206355,65.853659,61.356883,22,0.20591,0.127105,-0.403662,0.530767,-0.053908,-0.348058,0.29415,50.0,41.861956,44,2.429316,1.499577,-0.572988,2.072565,0.535539,-0.610093,1.145631,25.0,26.26668,15,1.056384,0.652089,-0.221083,0.873171,-0.328643,-0.389769,0.061126,13.333333,3.768526,99.866716,48.765432
2022,78122,김태군,SAM,819,True,-5.92337,3.983799,32.62731,1.382086,4.62963,819,-0.7,0.266137,100.0,91,367,0.494178,-1.410166,452,3.489621,0.710166,186,8.798492,1.074297,1.458727,-0.38443,-0.206733,0.255363,-0.462096,60.215054,72.177995,195,3.850583,0.470157,0.638136,-0.167979,0.03566,0.212037,-0.176377,58.461538,56.892549,161,-0.290746,-0.0355,-0.803223,0.767723,-0.278228,-0.742506,0.464278,49.689441,40.570042,177,7.780407,0.949989,-0.699631,1.64962,-0.330697,-0.958172,0.627476,30.508475,22.054764,100,12.488574,1.524856,-0.099831,1.624688,0.079999,-0.176888,0.256887,7.0,6.134478,90.342422,20.061728
2022,78756,오선진,SAM,1207,True,-3.946285,4.507008,54.399584,-4.293962,11.419753,1202,-0.221437,0.254877,99.58575,94,511,1.158135,-0.971544,696,3.348872,0.750106,309,17.261671,1.43013,1.738311,-0.308181,-0.056853,0.268359,-0.325213,62.459547,72.136228,284,8.45284,0.700318,0.791379,-0.091061,0.089426,0.197236,-0.10781,54.225352,60.993094,219,0.508102,0.042096,-0.518672,0.560769,-0.08345,-0.413698,0.330248,41.09589,43.443662,252,12.120841,1.004212,-0.654123,1.658335,-0.103072,-0.738133,0.63506,24.603175,23.854453,143,16.056131,1.330251,-0.198759,1.52901,-0.067488,-0.285308,0.21782,8.391608,8.008351,97.431518,40.432099
2022,64012,송민섭,KT,269,False,4.380853,5.291069,14.232975,2.992832,95.679012,268,0.489021,0.326879,99.628253,48,130,1.527501,-0.154065,139,3.763567,0.643086,77,4.288003,1.594053,1.735897,-0.141844,0.376212,0.537962,-0.16175,80.519481,71.577904,55,1.263497,0.469701,0.724173,-0.254471,-0.065745,0.189145,-0.25489,65.454545,64.337196,47,-1.285034,-0.477708,-0.557432,0.079724,-0.599748,-0.441353,-0.158395,48.93617,40.145416,57,5.856749,2.17723,-0.375137,2.552367,0.657805,-0.439819,1.097624,15.789474,20.02666,33,4.109759,1.527791,0.0,1.527791,0.120496,0.0,0.120496,0.0,3.531205,105.294816,69.135802
2022,68466,이태훈,SAM,66,False,-2.678412,2.161688,1.426714,5.637641,16.666667,65,-1.061252,0.958992,98.484848,9,37,0.362524,-1.679229,29,1.799164,0.617977,19,0.70418,1.06694,1.738037,-0.671097,-0.483211,0.33776,-0.82097,63.157895,66.007091,15,0.3603,0.545909,0.459149,0.086761,0.122897,0.202142,-0.079245,66.666667,60.853906,14,0.103788,0.157254,-0.679282,0.836536,-0.016579,-0.758786,0.742207,64.285714,50.00689,13,0.459901,0.69682,-0.725889,1.422709,-0.011662,-0.767092,0.75543,23.076923,30.512993,5,-0.201455,-0.305235,-0.42949,0.124255,-0.672697,-0.693252,0.020555,60.0,12.841405,95.978318,37.037037
2022,73113,박경수,KT,899,True,3.328069,6.245566,56.147634,-10.711513,90.432099,897,0.729272,0.329386,99.777531,82,363,2.546093,-0.287605,536,3.699473,1.016877,251,20.857099,2.320033,2.684811,-0.364778,-0.060372,0.368209,-0.428581,70.517928,73.419806,207,3.779499,0.420411,0.797418,-0.377006,-0.418705,0.192878,-0.611583,52.657005,65.236916,190,4.909069,0.546059,-0.504451,1.05051,0.387108,-0.32381,0.710918,27.894737,46.764411,176,16.07593,1.788201,-0.431685,2.219887,0.675071,-0.524882,1.199953,13.636364,26.45975,75,10.526036,1.170861,0.0,1.170861,0.14617,0.0,0.14617,0.0,6.067781,112.381706,92.901235
2022,63700,장운호,HAN,559,True,4.394787,6.68157,37.349978,-0.775879,95.987654,559,0.731387,0.427871,100.0,53,262,2.70927,-0.098582,297,3.9723,0.829969,170,13.698644,2.450562,2.689404,-0.238842,0.335375,0.540573,-0.205198,80.0,71.656728,112,2.925647,0.523371,0.857551,-0.334179,-0.413776,0.195872,-0.609648,59.821429,64.305221,112,1.338333,0.239415,-0.531997,0.771412,-0.053739,-0.5189,0.465161,41.071429,40.403241,124,12.316271,2.203269,-0.291899,2.495167,0.762859,-0.294343,1.057202,9.677419,20.246344,41,7.071084,1.264952,-0.013789,1.278742,0.100668,-0.021784,0.122452,2.439024,5.223853,110.718265,87.962963
2022,65653,김호령,KIA,333,True,0.673342,5.334059,17.762418,-0.181313,57.716049,333,0.026784,0.560555,100.0,32,168,2.405769,-0.539033,165,2.92829,0.565817,97,7.822213,2.349013,2.672558,-0.323545,0.085633,0.528808,-0.443175,77.319588,72.740413,81,2.459336,0.738539,1.032603,-0.294063,-0.162913,0.259249,-0.422161,59.259259,65.311297,55,1.448048,0.434849,-0.189943,0.624792,0.369823,-0.139416,0.509239,40.0,44.180716,73,2.326548,0.698663,-0.907853,1.606516,-0.043021,-0.87233,0.829309,26.027397,25.663013,27,3.706272,1.112995,-0.201596,1.31459,-0.222738,-0.315344,0.092606,14.814815,7.814922,100.889945,54.012346
2022,60566,이상호,LG,278,False,-2.870374,4.153017,11.545387,6.569349,16.666667,278,-0.654345,0.879304,100.0,39,137,0.549505,-1.259653,141,3.603512,0.605308,70,3.100717,1.115366,1.565784,-0.450418,-0.208753,0.439803,-0.648556,77.142857,71.75081,60,1.708224,0.614469,0.576571,0.037898,0.187357,0.203432,-0.016075,60.0,61.413951,62,0.184712,0.066443,-0.887143,0.953586,-0.385712,-0.913356,0.527644,45.16129,34.986851,61,3.488081,1.254705,-0.60258,1.857286,-0.193083,-0.829762,0.636679,27.868852,14.100971,25,3.063654,1.102034,-0.103126,1.20516,-0.054154,-0.15977,0.105616,8.0,5.479326,93.980444,28.395062
2022,62558,김준태,KT,1134,True,5.068091,5.992801,67.958363,-2.559851,99.074074,1133,0.617277,0.28651,99.911817,89,492,1.880986,-0.366834,642,4.111815,0.98411,287,22.221269,1.959548,2.276351,-0.316804,-0.022907,0.400293,-0.4232,78.397213,74.692586,258,5.052043,0.445506,0.601312,-0.155805,-0.126196,0.153129,-0.279326,60.077519,60.840513,216,5.139018,0.453176,-0.536936,0.990112,0.282424,-0.412428,0.694851,36.111111,43.351735,255,19.720347,1.739008,-0.434958,2.173966,0.428465,-0.468402,0.896867,12.156863,20.056333,118,15.825685,1.395563,-0.024783,1.420346,0.055492,-0.039427,0.094918,2.542373,4.160231,111.242186,91.666667
2022,77248,오재원,DOO,115,False,4.426814,5.738472,6.599243,2.260903,96.91358,115,0.549044,0.37768,100.0,13,65,3.34902,0.38538,50,2.389452,0.163664,39,3.340649,2.904912,3.086837,-0.181925,0.38501,0.602624,-0.217614,82.051282,74.940035,32,0.848176,0.737544,0.811193,-0.073649,0.027662,0.254246,-0.226584,68.75,65.670235,17,0.164545,0.143083,-0.105876,0.248959,-0.028123,-0.066041,0.037918,41.176471,49.454276,19,0.868977,0.755632,-0.443135,1.198767,-0.155963,-0.405449,0.249487,21.052632,17.57947,8,1.376896,1.197301,0.0,1.197301,0.320456,0.0,0.320456,0.0,5.144328,103.28264,64.197531
2022,51417,김현준,SAM,1590,True,-3.568294,4.680468,74.419442,-6.56825,13.888889,1585,-0.323516,0.270741,99.685535,103,637,1.236178,-0.649803,953,3.44429,0.326287,428,21.378765,1.344576,1.880792,-0.536215,-0.416366,0.30866,-0.725027,63.084112,74.035538,372,4.602257,0.28945,0.43107,-0.141619,-0.114642,0.088817,-0.203459,47.311828,57.495322,310,7.536228,0.473977,-0.335889,0.809866,0.173614,-0.291246,0.46486,35.483871,40.679263,334,23.356119,1.468938,-0.591362,2.0603,0.117074,-0.552202,0.669276,20.05988,22.395657,146,17.546073,1.103527,-0.148432,1.251959,-0.083197,-0.203832,0.120636,9.589041,6.694018,95.536655,35.493827
2022,63202,장승현,DOO,361,True,-0.062785,3.089202,11.152019,-1.418323,49.691358,361,-0.893134,0.45714,100.0,46,173,1.068257,-0.449427,188,2.020945,-0.443707,109,3.1543,0.873767,1.516072,-0.642305,-0.699805,0.352428,-1.052233,70.642202,73.943403,92,1.407783,0.389968,0.522017,-0.13205,-0.040079,0.140464,-0.180543,54.347826,57.640033,65,0.192166,0.053232,-0.47965,0.532882,-0.185622,-0.436178,0.250556,44.615385,41.90075,71,2.808663,0.778023,-0.490182,1.268205,-0.049824,-0.506142,0.456318,23.943662,23.054377,24,3.589107,0.994212,0.0,0.994212,0.082195,0.0,0.082195,0.0,3.703803,90.509088,20.679012
2022,64407,김호재,SAM,122,False,-5.30791,2.636755,3.216841,-0.841462,6.790123,122,-1.8235,1.068136,100.0,15,56,-0.175929,-2.331562,66,2.812684,0.508062,25,1.130484,0.926626,1.116652,-0.190026,0.004771,0.267751,-0.26298,72.0,78.503537,27,0.71578,0.586705,0.745606,-0.158901,-0.141989,0.017138,-0.159127,55.555556,65.775153,22,-0.543881,-0.445804,-0.644228,0.198424,-0.274027,-0.353472,0.079445,54.545455,55.396975,28,0.747706,0.612874,-0.797526,1.4104,-0.432155,-1.094595,0.66244,32.142857,23.232789,20,1.166752,0.956354,-0.596434,1.552788,-0.9801,-1.168384,0.188283,10.0,4.744466,89.217714,16.049383
2022,74206,김재호,DOO,1024,True,2.749472,5.92098,60.630832,-5.574808,86.111111,1022,1.157125,0.259194,99.804688,90,437,2.074809,-0.038274,587,3.846171,1.195399,285,17.624679,1.72116,2.032266,-0.311106,0.038861,0.420814,-0.381953,73.333333,72.959207,251,6.678412,0.652189,0.78052,-0.128331,0.067183,0.22529,-0.158107,54.183267,61.460955,198,6.893629,0.673206,-0.304657,0.977863,0.479178,-0.26426,0.743438,29.79798,41.237984,206,18.218262,1.779127,-0.400372,2.179499,0.523986,-0.357178,0.881164,15.048544,22.433843,84,11.21585,1.095298,-0.032948,1.128246,0.047917,-0.06294,0.110857,2.380952,4.786159,119.661623,99.074074
2022,63260,이우성,KIA,530,True,0.278702,4.704372,24.933171,-7.539181,52.777778,529,0.060157,0.273591,99.811321,52,212,1.807228,-0.452496,318,2.897144,0.512654,154,9.72821,1.835511,2.213004,-0.377493,-0.064792,0.355729,-0.420521,63.636364,70.788919,120,1.004645,0.189556,0.464255,-0.274699,-0.312038,0.090801,-0.402838,54.166667,62.650208,94,1.356532,0.255949,-0.278746,0.534696,-0.034305,-0.283445,0.24914,35.106383,40.154493,120,7.363316,1.389305,-0.591285,1.98059,0.266807,-0.61558,0.882387,13.333333,23.047713,42,5.480468,1.034051,0.0,1.034051,0.204485,0.0,0.204485,0.0,5.619036,101.607835,56.481481
2022,63722,한승택,KIA,441,True,0.334582,5.323019,23.474513,-4.126355,54.012346,441,0.423174,0.401567,100.0,50,193,1.85425,-0.314873,248,3.468769,0.738047,121,7.394169,1.676682,2.131412,-0.45473,-0.173642,0.430337,-0.603979,69.421488,73.245703,105,2.990452,0.678107,0.829458,-0.151351,0.059764,0.240853,-0.181089,56.190476,60.902244,84,0.191346,0.043389,-0.634893,0.678282,-0.017068,-0.4211,0.404032,44.047619,42.626946,95,7.992238,1.812299,-0.431993,2.244292,0.464907,-0.490667,0.955574,12.631579,21.416904,36,4.906308,1.112542,-0.039734,1.152276,0.089213,-0.074296,0.163509,2.777778,6.860766,105.957436,73.765432
2022,51100,이영빈,LG,286,False,-6.219182,3.397651,9.717282,0.645663,3.08642,286,-1.636124,0.655792,100.0,47,128,0.297275,-1.648444,158,3.100376,0.01232,85,2.64283,0.924066,1.705508,-0.781442,-0.600954,0.40008,-1.001034,61.176471,68.918009,58,1.274959,0.44579,0.467149,-0.021359,-0.057536,0.066151,-0.123688,51.724138,55.580004,49,-1.71605,-0.600018,-1.092858,0.492841,-0.683587,-0.990418,0.30683,53.061224,42.714348,69,4.373859,1.529321,-0.69712,2.226441,-0.189087,-0.955878,0.766792,27.536232,19.393664,25,3.141685,1.098491,-0.085404,1.183895,-0.10496,-0.168379,0.06342,4.0,4.100144,83.952371,7.407407
2022,69453,이학주,LOT,908,True,0.681164,4.877293,44.285825,6.093837,58.333333,905,-0.336519,0.31538,99.669604,80,472,1.647889,-0.720283,436,3.229404,0.383763,244,16.684296,1.837478,2.153629,-0.316152,0.075518,0.474696,-0.399179,79.918033,72.523636,219,4.043599,0.44533,0.623449,-0.178119,-0.13954,0.123626,-0.263166,63.013699,57.62858,161,-1.28312,-0.141313,-0.615295,0.473982,-0.435257,-0.647301,0.212044,54.658385,42.434522,212,15.82943,1.743329,-0.410204,2.153533,0.216498,-0.505489,0.721987,21.226415,19.025751,72,9.01162,0.992469,-0.10369,1.09616,-0.053738,-0.165815,0.112077,8.333333,6.735457,95.768382,36.111111
2022,65462,김기환,NC,519,True,1.670401,4.686136,24.321046,0.173199,71.91358,519,0.15674,0.350292,100.0,50,252,1.620308,-0.605327,267,3.065828,0.762068,135,9.336264,1.798895,2.084457,-0.285562,0.038792,0.39457,-0.355778,78.518519,73.450532,123,3.155725,0.608039,0.746886,-0.138847,0.026888,0.195244,-0.168356,59.349593,61.444291,106,3.463979,0.667433,-0.295889,0.963323,0.427584,-0.225145,0.652729,36.792453,42.238384,118,3.957804,0.762583,-0.816994,1.579577,-0.227807,-0.792762,0.564955,27.118644,25.44861,37,4.407273,0.849186,-0.098151,0.947337,-0.108717,-0.177235,0.068517,5.405405,4.227981,102.863645,61.419753
2022,64014,김병희,KT,318,True,-0.094574,3.956428,12.581442,4.331713,48.45679,318,-0.628089,0.476195,100.0,38,170,0.90543,-0.833049,148,3.050999,0.20496,91,3.946958,1.241182,1.567439,-0.326258,-0.030863,0.372935,-0.403797,73.626374,72.570122,70,1.304711,0.410286,0.627043,-0.216757,-0.181402,0.157947,-0.339349,70.0,63.204115,69,1.828637,0.575043,-0.372711,0.947754,0.139641,-0.397958,0.537599,46.376812,42.968759,60,1.082863,0.340523,-0.874458,1.214981,-0.618228,-0.890059,0.271831,33.333333,24.153628,28,4.418274,1.389394,-0.041884,1.431278,0.062763,-0.075913,0.138676,7.142857,6.438723,93.867133,28.08642
2022,62556,신본기,KT,527,True,-0.534442,4.58035,24.138447,-4.896823,41.049383,524,0.083703,0.387665,99.43074,55,235,1.47142,-0.409419,292,3.10893,0.493122,141,8.798525,1.669549,1.989362,-0.319812,0.058205,0.414759,-0.356554,69.503546,73.933059,140,1.547493,0.293642,0.660455,-0.366813,-0.201573,0.234526,-0.436099,55.714286,61.821886,90,1.614157,0.306292,-0.396881,0.703172,0.28782,-0.234717,0.522537,38.888889,47.163986,107,4.640504,0.880551,-0.745951,1.626502,-0.124807,-0.758133,0.633326,20.560748,23.830221,49,7.537768,1.430317,-0.035564,1.46588,0.064058,-0.065854,0.129912,4.081633,4.212403,101.915325,57.098765
2022,76267,최주환,SSG,1354,True,-1.847093,4.956069,67.105172,0.797648,23.765432,1352,-0.018587,0.271902,99.85229,97,635,1.112472,-0.834269,719,3.843597,0.815682,354,19.87832,1.468118,1.756096,-0.287978,0.032454,0.353124,-0.32067,69.774011,71.740845,306,9.56987,0.706785,0.817278,-0.110493,-0.023835,0.146524,-0.170359,58.496732,58.448071,274,1.009919,0.074588,-0.72766,0.802248,-0.013897,-0.494568,0.480671,46.715328,44.347142,304,18.533801,1.368818,-0.65893,2.027749,-0.021376,-0.714994,0.693618,24.342105,21.156951,116,18.113262,1.337759,-0.074313,1.412072,0.008066,-0.124356,0.132422,6.034483,4.791254,100.834575,53.395062
2022,66209,조수행,DOO,512,True,1.850581,5.714084,29.256109,-2.521093,74.382716,512,-0.256039,0.443784,100.0,68,220,1.984619,-0.378266,292,3.729465,0.122227,136,8.180824,1.597817,2.057772,-0.459954,-0.240864,0.399516,-0.64038,72.058824,72.248885,122,3.420303,0.668028,0.84955,-0.181523,-0.225486,0.183789,-0.409276,58.196721,60.926404,88,0.950148,0.185576,-0.475158,0.660733,-0.096231,-0.396779,0.300548,39.772727,42.396489,104,7.303844,1.426532,-0.436054,1.862587,0.11797,-0.551352,0.669322,13.461538,18.875102,62,9.40099,1.836131,-0.011491,1.847622,0.188573,-0.01344,0.202012,3.225806,5.452074,97.442172,41.049383
2022,64468,박계범,DOO,643,True,3.327822,4.827928,31.043578,-3.417045,89.814815,640,0.26761,0.325041,99.533437,65,282,1.418462,-0.401213,361,3.409467,0.668823,189,8.309424,1.29229,1.649765,-0.357475,-0.014222,0.394468,-0.40869,70.37037,70.433808,144,4.172577,0.648923,0.750281,-0.101358,0.070633,0.184478,-0.113845,60.416667,61.296508,119,2.814881,0.437773,-0.383742,0.821515,0.24926,-0.238788,0.488048,33.613445,44.265824,124,6.157173,0.95757,-0.54139,1.498959,-0.053984,-0.64883,0.594846,15.322581,22.067386,67,9.589523,1.491372,-0.056453,1.547825,0.015923,-0.092542,0.108465,4.477612,3.798276,104.68228,67.592593
2022,60343,이해창,HAN,41,False,-7.907712,0.69514,0.285007,1.780726,0.0,41,-1.545439,1.138122,100.0,4,20,-0.506381,-1.751538,21,1.201521,0.206099,10,0.163043,0.397667,0.713601,-0.315935,-0.208795,0.221436,-0.430231,60.0,73.199944,8,0.178131,0.434466,0.550709,-0.116242,-0.001567,0.095399,-0.096966,62.5,60.448956,11,-0.148615,-0.362477,-0.84657,0.484093,0.101076,-0.48123,0.582306,54.545455,53.98155,4,0.006158,0.015019,-0.307869,0.322888,-0.30249,-0.400418,0.097928,25.0,20.425656,8,0.08629,0.210465,-0.616252,0.826717,-1.133664,-1.186725,0.053061,25.0,4.487435,95.981311,37.037037
2022,65703,이도윤,HAN,462,True,-1.120912,3.48954,16.121676,4.5578,33.641975,461,-0.804619,0.274821,99.78355,56,231,0.508967,-1.249542,231,2.980573,0.444924,126,5.808396,1.257229,1.587612,-0.330383,0.013803,0.385225,-0.371422,69.047619,70.498128,104,1.757263,0.38036,0.538797,-0.158437,-0.061164,0.126805,-0.187969,63.461538,59.446384,97,-0.788352,-0.170639,-0.819354,0.648715,-0.478493,-0.801467,0.322973,52.57732,38.567309,95,4.291954,0.928994,-0.766322,1.695316,-0.411232,-0.900709,0.489477,27.368421,20.016929,40,5.052416,1.093597,-0.031766,1.125362,0.132469,-0.059397,0.191865,2.5,7.161775,90.61898,21.91358
2022,63440,이흥련,SSG,218,False,-1.639602,3.296484,7.186336,-1.248168,26.54321,218,-1.097864,0.850914,100.0,19,98,0.608397,-1.507711,120,2.688087,0.409847,44,2.219644,1.018185,1.495043,-0.476858,-0.553287,0.237082,-0.790369,75.0,77.185124,58,1.27214,0.58355,0.71163,-0.128079,-0.01398,0.147314,-0.161294,53.448276,58.062181,32,0.322206,0.147801,-0.276471,0.424272,0.046651,-0.237844,0.284495,28.125,42.631229,70,2.177173,0.998703,-1.292531,2.291234,-0.604562,-1.596975,0.992413,34.285714,26.449594,14,1.195174,0.548245,-0.029275,0.577519,0.027315,-0.057288,0.084603,7.142857,6.619836,90.811862,22.222222
2022,62931,노진혁,NC,1768,True,3.747551,5.577993,98.618912,4.067321,93.518519,1766,0.467841,0.221772,99.886878,113,882,1.881112,-0.602568,886,3.696881,1.070409,491,37.187997,2.103393,2.368843,-0.26545,0.291885,0.533978,-0.242093,77.800407,70.283673,387,13.117774,0.741956,0.811631,-0.069675,0.117107,0.207546,-0.090439,65.633075,58.789315,331,1.384328,0.078299,-0.610446,0.688746,-0.077178,-0.526919,0.449741,46.223565,41.814337,406,27.121381,1.534015,-0.596636,2.130651,0.140987,-0.674737,0.815724,19.704433,21.979177,153,19.807431,1.12033,-0.09228,1.212609,-0.00496,-0.142436,0.137476,8.496732,6.43227,109.533649,85.493827
2022,75334,오재일,SAM,2097,True,3.818684,5.209265,109.238297,5.574552,94.135802,2097,0.215328,0.234804,100.0,130,1079,1.165715,-1.014345,1018,4.043551,1.229672,505,39.868287,1.901206,2.089014,-0.187808,0.237919,0.451747,-0.213828,82.574257,73.902065,485,14.932324,0.71208,0.800275,-0.088195,0.064167,0.210201,-0.146034,69.484536,58.699041,419,2.387948,0.113874,-0.686976,0.80085,0.019669,-0.553039,0.572708,45.107399,42.640812,473,23.2757,1.109952,-0.894408,2.00436,-0.092194,-0.942413,0.85022,26.427061,23.586556,215,28.774038,1.372153,-0.14219,1.514343,-0.014234,-0.18084,0.166606,5.116279,6.500677,105.173372,68.82716
2022,64984,김태진,KIA · KIW,1051,True,-0.034289,4.959825,52.127756,0.249319,50.308642,1045,0.208685,0.211003,99.429115,72,520,1.921689,-0.408386,531,3.038135,0.61707,296,18.75306,1.784306,2.091991,-0.307685,0.05422,0.383786,-0.329566,71.959459,71.836701,280,7.692007,0.731875,0.91286,-0.180985,-0.07899,0.164572,-0.243562,66.071429,62.949655,201,1.426865,0.135763,-0.649519,0.785282,0.006034,-0.460337,0.466372,38.80597,41.620424,193,13.46512,1.281172,-0.433643,1.714815,0.128627,-0.496406,0.625033,22.797927,21.340346,81,10.790704,1.026708,0.0,1.026708,0.098793,0.0,0.098793,0.0,4.493915,104.447309,66.358025
2022,61743,오준혁,SSG,229,False,4.303075,5.121408,11.728023,-0.009271,95.679012,229,0.59206,0.82257,100.0,40,105,1.560543,0.005683,124,3.560865,0.586378,61,3.044822,1.329617,1.600058,-0.270441,0.16245,0.490708,-0.328258,80.327869,68.321778,52,0.184765,0.080683,0.552793,-0.472109,-0.489756,0.22472,-0.714476,55.769231,59.865899,47,2.271574,0.991954,-0.186819,1.178773,0.475784,-0.32412,0.799903,36.170213,40.228908,57,4.242052,1.852424,-0.405489,2.257913,0.3593,-0.385626,0.744926,17.54386,22.448586,12,1.98481,0.866729,0.0,0.866729,0.084282,0.0,0.084282,0.0,4.261654,105.739775,72.839506
2022,68119,문성주,LG,1476,True,1.564688,5.469279,80.726563,2.122337,70.679012,1476,0.13328,0.22335,100.0,105,647,0.834277,-1.001651,829,4.635003,1.134931,362,23.441939,1.588207,1.841166,-0.252959,0.094349,0.380305,-0.285956,75.138122,71.573088,307,5.31201,0.359892,0.43311,-0.073218,0.030223,0.142923,-0.1127,58.306189,55.880163,274,3.377525,0.22883,-0.680975,0.909804,-0.140801,-0.577425,0.436624,44.890511,37.193961,372,24.192095,1.639031,-0.694103,2.333134,0.04242,-0.848256,0.890676,18.27957,19.711476,161,24.402995,1.653319,-0.064922,1.718242,0.107089,-0.099197,0.206286,3.10559,6.080427,103.476638,65.123457
2022,60288,김응민,NC,262,False,-8.548109,3.026399,7.929166,6.636122,0.0,262,-1.45327,0.607369,100.0,29,140,0.687668,-1.675398,122,2.338731,0.222128,84,3.535296,1.34935,1.879834,-0.530485,-0.271649,0.423824,-0.695473,66.666667,70.331053,47,1.701637,0.64948,0.684197,-0.034717,0.142526,0.181081,-0.038554,61.702128,59.386412,51,-0.126047,-0.04811,-0.659862,0.611753,-0.192978,-0.566845,0.373866,54.901961,45.093931,55,1.368974,0.522509,-0.920284,1.442794,-0.737581,-1.215755,0.478174,36.363636,19.784968,25,1.449305,0.55317,-0.296216,0.849386,-0.393587,-0.497703,0.104115,28.0,6.976099,86.424026,9.259259
2022,67504,김정율,LOT,566,True,-4.282853,3.01819,17.082956,0.346675,10.802469,566,-1.313473,0.362118,100.0,48,258,0.432871,-1.32332,308,2.585319,0.009847,147,6.512197,1.150565,1.59913,-0.448565,-0.235064,0.36299,-0.598054,65.986395,70.696431,121,1.944589,0.343567,0.565298,-0.221731,-0.165187,0.161627,-0.326814,57.024793,61.418727,119,0.086932,0.015359,-0.670112,0.685471,-0.185331,-0.59038,0.40505,42.857143,40.847153,128,3.537584,0.625015,-0.920836,1.54585,-0.574687,-1.016766,0.442079,28.90625,21.053745,51,5.001654,0.883684,-0.140609,1.024293,-0.153205,-0.240791,0.087586,7.843137,4.393135,83.008898,7.098765
2022,62404,구자욱,SAM,1606,True,0.171567,4.164186,66.876829,3.461255,52.160494,1603,-0.61973,0.248985,99.8132,96,792,0.98518,-1.032156,814,3.179006,0.412426,428,21.866138,1.361528,1.715464,-0.353936,-0.048074,0.399413,-0.447487,73.598131,70.661335,352,10.619055,0.661211,0.851917,-0.190705,-0.055169,0.214177,-0.269346,63.068182,60.314428,329,3.094931,0.192711,-0.494021,0.686732,-0.01362,-0.442797,0.429177,45.592705,40.46559,340,10.388615,0.646863,-0.988164,1.635027,-0.489709,-1.056105,0.566396,28.529412,23.754309,157,20.90809,1.301874,-0.100016,1.401889,-0.013158,-0.146844,0.133686,5.095541,4.954461,90.342313,19.444444
2022,79365,박동원,KIW · KIA,1797,True,3.23609,5.340649,95.971457,2.118093,89.197531,1795,0.261754,0.263429,99.888703,119,835,0.779678,-1.114757,962,4.560971,1.376511,435,29.330996,1.63222,1.918612,-0.286392,0.057717,0.442145,-0.384429,78.62069,71.586639,353,6.624812,0.36866,0.508144,-0.139484,-0.048613,0.129082,-0.177695,65.155807,59.32222,337,1.805437,0.100469,-0.654923,0.755392,0.027555,-0.508198,0.535753,43.323442,44.729997,437,22.629396,1.259287,-0.872153,2.13144,0.048653,-0.984261,1.032914,24.713959,25.133703,235,35.580816,1.980012,-0.120003,2.100015,0.176442,-0.193526,0.369968,3.829787,6.618804,105.886004,73.148148
2022,76232,양의지,NC,1851,True,3.123306,5.323943,98.546177,0.684806,88.580247,1848,0.503197,0.229077,99.837925,129,839,1.123506,-0.844746,1012,4.200437,1.347944,482,30.539028,1.649866,1.907629,-0.257762,0.1713,0.411974,-0.240674,74.481328,70.249469,385,8.858023,0.478553,0.637776,-0.159223,-0.067408,0.156313,-0.223721,61.298701,59.210416,355,1.867771,0.100906,-0.688774,0.789681,-0.033671,-0.564794,0.531122,46.760563,43.057469,446,33.303676,1.799226,-0.671593,2.470819,0.41561,-0.749624,1.165234,16.143498,22.071632,183,23.977678,1.29539,-0.061532,1.356922,0.017366,-0.098616,0.115982,3.278689,4.627432,110.231328,87.345679
2022,66108,홍창기,LG,2140,True,3.568335,5.954188,127.419619,-9.399511,91.666667,2136,1.249028,0.180874,99.813084,118,842,2.294551,0.097648,1298,3.659637,1.15138,615,38.43105,1.795843,2.120398,-0.324555,-0.014888,0.376806,-0.391694,73.333333,74.026089,533,12.724944,0.594624,0.690461,-0.095837,0.032853,0.159567,-0.126714,48.592871,60.689434,399,16.139651,0.754189,-0.240937,0.995127,0.55736,-0.185483,0.742843,22.305764,40.144691,427,36.641208,1.712206,-0.275371,1.987577,0.589438,-0.253242,0.84268,10.070258,22.99963,166,23.482766,1.097326,0.0,1.097326,0.084265,0.0,0.084265,0.0,3.631722,124.034436,99.691358
2022,68507,장두성,LOT,114,False,0.667364,6.280857,7.160177,-1.694435,57.407407,114,0.741187,0.900708,100.0,17,53,1.021901,-0.410651,61,5.258956,1.151838,31,1.282882,1.125335,1.561353,-0.436018,-0.103551,0.374963,-0.478514,64.516129,68.986593,24,0.941183,0.825599,0.965015,-0.139415,0.215695,0.459974,-0.244279,79.166667,69.13273,21,0.046506,0.040795,-0.937871,0.978666,-0.168787,-0.796866,0.628078,47.619048,48.67,23,1.768891,1.551659,-0.566596,2.118255,0.042854,-0.448722,0.491576,17.391304,23.920666,15,3.120714,2.737468,0.0,2.737468,0.754977,0.0,0.754977,0.0,8.210025,104.356609,66.049383
2022,64086,신성현,DOO,93,False,6.963004,4.982019,4.633278,-0.594953,100.0,93,1.563569,0.888887,100.0,13,47,1.713643,0.099938,46,3.268376,1.463631,28,1.662835,1.787995,1.929861,-0.141866,0.254802,0.413294,-0.158492,82.142857,75.836604,23,0.677322,0.728303,0.521561,0.206742,0.617894,0.183974,0.43392,56.521739,55.937115,15,-0.251433,-0.270358,-0.402141,0.131784,-0.235795,-0.245835,0.010039,53.333333,50.38187,21,1.702485,1.830629,-0.335638,2.166267,0.618996,-0.251496,0.870492,14.285714,24.245037,6,0.842067,0.905449,0.0,0.905449,0.307672,0.0,0.307672,0.0,13.413028,107.722838,80.864198
2022,64610,강한울,SAM,950,True,-3.940213,4.359057,41.411039,-0.941507,12.037037,950,-0.807741,0.302643,100.0,78,430,1.002753,-1.149548,520,3.356303,0.341807,243,13.895112,1.462643,1.946798,-0.484155,-0.241219,0.355972,-0.597191,65.020576,71.742432,221,5.200596,0.547431,0.741925,-0.194494,-0.078427,0.208255,-0.286682,57.918552,60.845137,171,0.036742,0.003868,-0.518452,0.52232,-0.075657,-0.349579,0.273922,42.690058,42.714185,206,12.031136,1.266435,-0.816661,2.083097,-0.088131,-0.867853,0.779722,26.213592,23.319011,109,10.247453,1.078679,-0.350856,1.429535,-0.324307,-0.496344,0.172036,15.59633,8.315625,88.284295,14.506173
2022,64906,강민국,KIW,15,False,1.851603,13.740826,2.061124,-3.389339,74.691358,15,1.295777,1.569102,100.0,3,5,1.330369,-0.342054,10,12.410458,1.637831,1,0.075928,0.506185,0.506185,0.0,0.146268,0.146268,0.0,100.0,85.551948,5,0.18433,1.22887,1.457534,-0.228665,-0.050766,0.208551,-0.259317,60.0,69.491074,2,-0.107813,-0.718751,-0.633351,-0.0854,-0.74592,-0.696872,-0.049047,50.0,36.850899,4,1.464393,9.76262,0.0,9.76262,1.7449,0.0,1.7449,0.0,7.875237,3,0.444285,2.961902,0.0,2.961902,0.201296,0.0,0.201296,0.0,4.210005,100.973714,55.555556
2022,66615,류승현,KIA,11,False,0.340261,6.797955,0.747775,-9.829197,54.320988,11,-0.034734,0.538654,100.0,3,4,4.086825,0.821639,7,2.71113,-0.856374,2,-0.137253,-1.247752,0.0,-1.247752,-1.994157,0.0,-1.994157,0.0,77.410558,5,0.482298,4.384528,4.086825,0.297704,0.892243,0.821639,0.070604,80.0,58.805338,1,0.103887,0.944428,0.0,0.944428,0.2595,0.0,0.2595,0.0,13.738441,3,0.298842,2.71675,0.0,2.71675,0.80768,0.0,0.80768,0.0,15.178307,0,0.0,0.0,0.0,0.0,0.0,0.0,0.0,,,99.64688,48.765432
2022,77243,허도환,LG,361,True,1.889503,3.13462,11.315979,4.294188,75.0,359,-0.750089,0.404834,99.445983,44,197,0.916112,-1.05849,164,2.218508,0.308401,98,5.728028,1.586711,1.948456,-0.361744,-0.062185,0.37337,-0.435555,75.510204,71.880049,89,1.884178,0.521933,0.655778,-0.133845,0.106395,0.26142,-0.155025,68.539326,64.417696,77,-0.864291,-0.239416,-0.707208,0.467792,-0.257364,-0.47981,0.222446,51.948052,46.289529,64,1.329878,0.368387,-0.866931,1.235319,-0.410806,-0.99383,0.583024,29.6875,25.809191,33,3.238186,0.897004,-0.113983,1.010988,-0.126129,-0.219641,0.093512,9.090909,4.736258,92.130923,24.382716
2022,63920,김준완,KIW,1814,True,-2.977461,6.32772,114.784837,-17.283593,16.358025,1808,0.975096,0.236422,99.669239,96,602,2.550595,0.153568,1212,3.777125,0.821528,548,31.898239,1.758448,2.293366,-0.534918,-0.395006,0.32785,-0.722857,60.583942,75.31438,459,6.814129,0.375641,0.656362,-0.280721,-0.264721,0.14442,-0.409141,38.344227,61.970315,316,14.194698,0.782508,-0.17302,0.955528,0.621059,-0.118526,0.739585,20.56962,41.870139,346,36.794103,2.028341,-0.208942,2.237283,0.906636,-0.176145,1.08278,7.803468,22.898714,145,25.083668,1.382782,-0.017171,1.399953,0.107129,-0.024031,0.131159,1.37931,4.702506,118.618335,98.45679
2022,67005,홍현빈,KT,377,True,-0.813134,6.01414,22.673307,-6.797043,37.962963,377,-0.245484,0.380798,100.0,41,154,1.970022,-0.374063,223,4.044118,0.12858,106,5.544532,1.470698,2.014329,-0.543631,-0.455015,0.278451,-0.733466,65.09434,74.263492,85,2.623467,0.69588,0.898387,-0.202507,0.013485,0.260255,-0.24677,56.470588,63.314167,77,0.818412,0.217085,-0.573498,0.790584,-0.203483,-0.546156,0.342673,36.363636,41.095304,73,6.172119,1.637167,-0.369197,2.006363,0.280373,-0.366613,0.646987,12.328767,19.555964,36,7.514778,1.99331,0.0,1.99331,0.119156,0.0,0.119156,0.0,3.247973,97.817582,42.901235
2022,50202,안권수,DOO,1061,True,-0.876096,4.749623,50.393499,-0.572488,36.728395,1060,-0.088697,0.224259,99.905749,66,485,1.31808,-0.648765,576,3.431543,0.560068,282,15.819847,1.491032,1.813829,-0.322797,-0.043049,0.358811,-0.40186,68.085106,71.100269,233,7.322525,0.690153,0.763151,-0.072997,0.078298,0.193685,-0.115386,64.377682,62.714105,222,2.556284,0.240932,-0.647875,0.888807,0.061637,-0.418435,0.480072,41.441441,42.596548,231,13.578062,1.279742,-0.551061,1.830803,-0.169654,-0.684198,0.514544,19.91342,19.435425,93,11.116781,1.047764,-0.059963,1.107728,-0.015929,-0.098628,0.082699,5.376344,5.362693,99.640017,48.45679
2022,69508,신윤후,LOT,252,False,-5.795353,3.775002,9.513005,3.83623,5.555556,252,-0.853938,0.410015,100.0,32,122,0.566719,-1.32756,130,3.208283,0.473622,71,3.197267,1.268757,1.746326,-0.47757,-0.186458,0.271375,-0.457832,57.746479,66.422291,55,0.739706,0.293534,0.307584,-0.014049,0.126498,0.146514,-0.020016,67.272727,60.064871,51,0.566778,0.224912,-0.487764,0.712676,-0.262984,-0.566896,0.303911,43.137255,33.777894,59,3.364075,1.33495,-0.866081,2.201032,-0.472488,-0.97373,0.501242,32.20339,21.790502,16,1.64518,0.652849,-0.133345,0.786194,-0.058507,-0.204823,0.146316,18.75,12.837957,92.375989,25.925926
2022,50657,박민,KIA,5,False,9.125046,3.638753,0.181938,11.86909,100.0,5,1.244954,0.730244,100.0,2,4,4.104161,1.512783,1,-0.465408,-0.267829,4,0.13162,2.632401,3.097809,-0.465408,0.394049,0.661878,-0.267829,75.0,70.732815,1,0.050318,1.006352,1.006352,0.0,0.850905,0.850905,0.0,100.0,57.723292,0,0.0,0.0,0.0,0.0,0.0,0.0,0.0,,,0,0.0,0.0,0.0,0.0,0.0,0.0,0.0,,,0,0.0,0.0,0.0,0.0,0.0,0.0,0.0,,,100.059396,48.765432
2022,65905,최승민,NC,104,False,-3.146335,4.130152,4.295358,4.859329,16.049383,104,-1.126085,0.752621,100.0,17,57,2.454988,-0.775782,47,1.675164,-0.350302,30,1.722466,1.656217,2.170652,-0.514434,-0.523711,0.275609,-0.79932,73.333333,74.801086,25,1.168382,1.123445,1.301311,-0.177866,-0.038792,0.166862,-0.205655,72.0,68.894193,17,-0.135438,-0.130229,-0.2457,0.115471,-0.363564,-0.441689,0.078125,64.705882,39.879991,21,0.332113,0.31934,-0.771274,1.090614,-0.306465,-0.776564,0.470099,28.571429,24.134962,11,1.207835,1.16138,0.0,1.16138,0.106448,0.0,0.106448,0.0,3.949847,94.079703,28.395062
2022,52764,허인서,HAN,66,False,-4.53228,4.157702,2.744084,6.15148,9.876543,66,-1.027878,1.144915,100.0,8,36,0.912262,-1.642642,30,3.245441,0.614763,15,0.836841,1.267941,1.57574,-0.307799,0.057473,0.414992,-0.357519,60.0,69.790459,18,0.799295,1.211052,1.500039,-0.288987,0.06602,0.420352,-0.354332,72.222222,63.152232,14,-0.226116,-0.342601,-0.884229,0.541628,-0.292828,-0.576546,0.283717,57.142857,43.942632,16,1.099363,1.665701,-0.944285,2.609986,-0.40209,-1.340591,0.938501,31.25,22.848172,3,0.234701,0.355608,-0.335004,0.690612,-0.456453,-0.560849,0.104396,33.333333,9.879223,96.103068,37.037037
2022,68463,윤정빈,SAM,36,False,-8.132034,-0.212382,-0.076457,4.786538,0.0,36,-3.377283,1.943337,100.0,8,20,-1.302876,-1.672061,16,1.090494,-1.705222,8,0.12433,0.345362,0.887104,-0.541742,-0.373886,0.464722,-0.838607,62.5,62.811169,6,-0.078634,-0.218428,0.767269,-0.985697,-1.447716,0.152843,-1.600558,50.0,75.391683,11,-0.585673,-1.62687,-1.882843,0.255973,-0.513623,-0.909982,0.396359,81.818182,67.211855,6,0.138077,0.383547,-0.939072,1.322619,-0.965822,-1.204559,0.238737,33.333333,13.055489,5,0.325443,0.904008,-0.135334,1.039342,-0.076237,-0.175084,0.098848,20.0,11.036367,92.308969,25.925926
2022,67449,김성윤,SAM,171,False,4.701503,4.97665,8.510071,4.612638,97.530864,171,0.431871,0.379884,100.0,24,85,1.217778,-0.346076,86,3.758872,0.777947,36,1.708902,0.999358,1.11212,-0.112762,0.220946,0.34989,-0.128944,80.555556,68.181997,47,1.819836,1.064232,1.186664,-0.122432,0.285535,0.424884,-0.139349,74.468085,64.096912,29,0.306361,0.179158,-0.375545,0.554703,-0.028007,-0.415292,0.387285,37.931034,40.919472,52,2.501366,1.462787,-0.705461,2.168248,-0.117751,-0.705558,0.587807,19.230769,19.881984,7,2.173607,1.271115,0.0,1.271115,0.071148,0.0,0.071148,0.0,3.372046,103.542301,65.432099
2022,68346,김수환,KIW,683,True,-2.422872,5.373947,36.70406,-3.760893,18.209877,683,0.462971,0.505512,100.0,55,278,0.621549,-0.863789,405,4.752399,1.32676,155,4.163427,0.609579,1.223685,-0.614106,-0.652651,0.241926,-0.894577,56.129032,69.807457,139,3.886861,0.569087,0.673088,-0.104002,0.100328,0.217203,-0.116875,59.71223,60.778024,148,3.774872,0.55269,-0.526974,1.079664,0.188793,-0.501759,0.690552,41.891892,43.724703,157,11.452717,1.676825,-0.667029,2.343854,0.636055,-0.686089,1.322144,26.751592,26.030322,84,13.426184,1.965766,-0.081222,2.046988,0.190445,-0.13507,0.325515,4.761905,6.456809,107.598621,80.555556
2022,64560,이창진,KIA,1612,True,4.188841,5.786428,93.277215,-7.644855,95.37037,1609,0.581808,0.24429,99.813896,102,654,2.086244,-0.332683,958,3.700183,0.91449,469,29.304537,1.817899,2.319875,-0.501975,-0.251741,0.394478,-0.646219,67.803838,70.879785,374,7.98764,0.495511,0.609077,-0.113566,-0.130107,0.076218,-0.206326,57.219251,61.89925,293,4.865596,0.301836,-0.473007,0.774843,0.228292,-0.353833,0.582125,30.03413,45.244657,347,31.177463,1.934086,-0.369701,2.303786,0.556937,-0.449545,1.006482,9.798271,21.094411,129,19.941979,1.237095,0.0,1.237095,0.178428,0.0,0.178428,0.0,5.845912,111.392909,92.283951
2022,50709,박정현,HAN,778,True,0.443844,4.209981,32.753651,3.919732,55.246914,777,0.018063,0.30506,99.871465,70,390,1.126132,-0.701734,388,3.083849,0.719798,212,11.611639,1.492499,1.742751,-0.250252,0.193191,0.424051,-0.230859,72.641509,68.329581,177,3.716605,0.477713,0.623371,-0.145658,-0.025238,0.120204,-0.145443,68.926554,62.253229,150,1.175616,0.151107,-0.521224,0.672331,-0.023095,-0.404841,0.381746,46.0,43.917052,163,8.434589,1.084137,-0.616371,1.700509,-0.105913,-0.663223,0.557311,23.92638,20.656814,76,7.815203,1.004525,-0.102395,1.10692,-0.020882,-0.177925,0.157043,7.894737,6.462335,101.238181,55.864198
2022,66864,안상현,SSG,156,False,3.136882,5.534112,8.633215,7.004508,88.888889,156,0.255476,0.776067,100.0,22,85,0.901485,-0.781937,71,4.632627,1.037413,51,2.150167,1.378312,1.777091,-0.398778,0.053532,0.526776,-0.473245,72.54902,67.518955,31,1.425016,0.913472,0.845032,0.06844,0.314746,0.224982,0.089764,83.870968,64.085643,26,-0.464187,-0.297556,-0.874302,0.576746,-0.149865,-0.530494,0.380629,50.0,43.1914,30,1.96037,1.256647,-0.661225,1.917872,0.225533,-0.678529,0.904062,23.333333,25.503059,18,3.56185,2.283237,-0.18511,2.468347,-0.188469,-0.324672,0.136203,11.111111,4.950388,102.063081,58.024691
2022,69802,최경모,SSG,260,False,1.223383,3.166863,8.233844,3.659136,65.432099,259,-0.813358,0.724645,99.615385,38,136,1.349781,-1.049616,124,1.817082,0.236258,82,5.263493,2.02442,2.495998,-0.471577,0.057439,0.511074,-0.453635,70.731707,69.257072,66,0.307662,0.118331,0.20428,-0.085948,-0.076265,0.029676,-0.105942,68.181818,57.843413,54,-1.010393,-0.388613,-0.958471,0.569858,-0.83059,-1.121096,0.290506,42.592593,37.523123,44,2.472672,0.951028,-0.392025,1.343053,-0.026416,-0.469271,0.442855,22.727273,23.298003,14,1.200411,0.461696,0.0,0.461696,0.062474,0.0,0.062474,0.0,7.179919,92.643799,25.925926
2022,66614,김규성,KIA,166,False,0.852529,5.029734,8.349359,5.579179,59.876543,165,-0.110764,0.472982,99.39759,30,88,2.056089,-0.491323,78,2.973645,0.380558,42,3.594838,2.165565,2.336908,-0.171343,0.402765,0.609072,-0.206307,78.571429,74.934708,44,1.001301,0.603193,0.745029,-0.141835,-0.004902,0.157862,-0.162765,56.818182,58.977095,34,0.489043,0.294604,-0.4002,0.694804,-0.229418,-0.443301,0.213883,61.764706,44.237921,29,1.188066,0.715702,-0.602429,1.318132,-0.299461,-0.770147,0.470686,27.586207,19.684776,17,2.076111,1.250669,-0.023219,1.273888,0.020252,-0.044809,0.065061,5.882353,3.332862,99.458341,48.148148
2022,64657,박준태,KIW,369,True,3.592723,6.147983,22.686059,-1.871267,92.283951,369,0.439985,0.405559,100.0,34,177,2.047582,-0.444867,192,4.100401,0.884852,102,7.667485,2.077909,2.404176,-0.326267,-0.001991,0.386682,-0.388672,76.470588,73.165706,86,3.376249,0.914973,0.998887,-0.083914,0.024835,0.273934,-0.249099,67.44186,65.913438,62,-1.110564,-0.300966,-0.84019,0.539224,-0.087526,-0.500242,0.412716,37.096774,49.532204,86,7.628971,2.067472,-0.424939,2.492411,0.539401,-0.450499,0.9899,18.604651,23.54447,33,5.123918,1.388596,-0.090351,1.478947,-0.034735,-0.154743,0.120008,6.060606,4.946026,105.683851,71.91358
2022,50312,신준우,KIW,194,False,-5.130512,3.814247,7.399638,0.309707,6.790123,193,-1.094838,0.744231,99.484536,33,85,0.584981,-1.314522,109,3.229266,0.219683,56,1.763421,0.90898,1.678619,-0.769639,-0.823379,0.281477,-1.104856,62.5,70.548709,32,0.404646,0.20858,0.304734,-0.096153,-0.217005,0.013665,-0.230669,53.125,54.385024,35,0.044358,0.022865,-0.505821,0.528686,0.107309,-0.344029,0.451338,54.285714,44.230054,44,2.893901,1.491701,-0.658123,2.149825,0.058094,-0.858217,0.91631,22.727273,22.703342,27,2.293313,1.18212,-0.234427,1.416547,-0.219858,-0.407418,0.18756,14.814815,7.476646,91.42541,22.839506
2022,62884,최항,SSG,95,False,4.023378,5.753443,5.46577,-3.319326,95.061728,95,0.922445,0.704576,100.0,13,47,2.902901,0.076938,48,2.850542,0.845507,21,2.206697,2.322839,2.446879,-0.12404,0.213926,0.33988,-0.125955,76.190476,79.084597,28,0.918868,0.96723,1.264137,-0.296907,0.058704,0.407697,-0.348993,67.857143,60.737388,19,0.29999,0.315779,-0.4425,0.758278,0.29474,-0.211456,0.506196,36.842105,51.860754,23,1.53106,1.611642,-0.365616,1.977258,0.233373,-0.459184,0.692556,21.73913,27.402096,4,0.509156,0.535953,0.0,0.535953,0.121702,0.0,0.121702,0.0,9.577517,104.658506,67.283951
2022,67609,박정우,KIA,10,False,4.083793,15.345233,1.534523,4.224721,95.061728,10,2.75247,0.000368,100.0,2,6,11.952529,2.559098,4,3.392704,0.193373,3,0.656881,6.568806,6.801674,-0.232868,0.003957,0.419724,-0.415767,66.666667,94.3666,3,0.519283,5.192828,5.192828,0.0,2.187256,2.187256,0.0,100.0,69.159284,2,0.149188,1.491882,-0.041973,1.533855,0.506541,-0.047882,0.554423,50.0,30.517142,2,0.209172,2.091717,0.0,2.091717,0.054716,0.0,0.054716,0.0,3.070425,0,0.0,0.0,0.0,0.0,0.0,0.0,0.0,,,101.505837,56.17284
2022,51003,권동진,KT,151,False,1.998398,3.94381,5.955152,1.26152,76.54321,150,-0.299356,0.478939,99.337748,24,82,1.671735,-0.864596,69,2.272074,0.56524,47,3.334547,2.208309,2.491532,-0.283223,0.22698,0.56259,-0.33561,78.723404,74.902409,36,0.700225,0.463725,0.751891,-0.288166,-0.222309,0.141388,-0.363697,58.333333,58.778335,32,0.955509,0.632787,-0.228862,0.86165,0.399228,-0.315804,0.715032,43.75,45.950568,26,-0.392089,-0.259662,-1.342826,1.083164,-0.789611,-1.252771,0.46316,38.461538,32.638308,10,1.356961,0.89865,0.0,0.89865,0.086356,0.0,0.086356,0.0,5.406301,98.157514,44.444444
2022,65869,이현석,SSG,53,False,-3.524195,5.204355,2.758308,4.832908,14.197531,53,0.201301,0.445079,100.0,7,30,3.556473,0.312963,23,1.647882,-0.111662,15,1.449877,2.735616,3.057183,-0.321567,0.124568,0.493845,-0.369276,73.333333,74.419026,16,0.393076,0.741652,0.949218,-0.207565,0.074624,0.318687,-0.244063,68.75,66.064497,13,0.073146,0.138011,-0.331326,0.469337,-0.04141,-0.337599,0.296189,46.153846,35.914615,5,0.17333,0.327038,-0.118602,0.445639,-0.061287,-0.161971,0.100684,40.0,17.09884,4,0.66888,1.262037,0.0,1.262037,0.104805,0.0,0.104805,0.0,4.538586,100.514796,51.851852
2022,65464,최정용,KIA,78,False,0.543446,3.856676,3.008208,3.52472,56.17284,78,0.210327,0.459414,100.0,17,43,2.349772,0.100059,35,1.506904,0.110268,27,1.353758,1.735587,2.378891,-0.643304,-0.191926,0.522032,-0.713958,62.962963,68.22985,18,0.400605,0.513596,0.534283,-0.020687,0.145568,0.156682,-0.011114,83.333333,66.407534,18,0.357275,0.458044,-0.384334,0.842378,0.139871,-0.331315,0.471186,50.0,40.257653,10,0.429923,0.551184,-0.179068,0.730252,0.096734,-0.24734,0.344073,20.0,25.600573,5,0.466646,0.598265,0.0,0.598265,0.020081,0.0,0.020081,0.0,1.377363,100.893996,54.320988
2022,64469,송준석,SAM,107,False,-1.981616,2.826359,3.024204,5.862327,22.222222,107,-1.923332,0.96388,100.0,13,52,-0.685885,-2.254742,55,3.512243,0.33141,26,0.896745,0.83808,1.23727,-0.399191,-0.016431,0.338603,-0.355034,69.230769,65.597362,25,0.393182,0.36746,0.526087,-0.158627,-0.142766,0.052191,-0.194957,52.0,53.182171,25,-0.46118,-0.431009,-1.049072,0.618063,-0.470143,-0.741376,0.271233,60.0,42.039462,24,0.828907,0.774679,-1.40017,2.174849,-1.390832,-1.904159,0.513328,25.0,18.814402,7,1.36655,1.27715,0.0,1.27715,0.096839,0.0,0.096839,0.0,5.016161,89.615953,17.901235
2022,75566,이원석,SAM,1275,True,4.513177,5.936431,75.689495,-3.804923,97.222222,1272,0.956255,0.294537,99.764706,85,570,1.570916,-0.555581,705,4.365515,1.511836,339,22.73646,1.783252,2.091497,-0.308246,0.028204,0.413517,-0.385313,74.631268,72.644447,301,5.925447,0.464741,0.589562,-0.124821,-0.005313,0.133896,-0.139209,61.461794,61.895877,231,3.228188,0.253191,-0.494204,0.747395,0.171584,-0.372699,0.544283,40.25974,46.28034,276,24.113839,1.891282,-0.557621,2.448903,0.673795,-0.636644,1.310439,13.043478,26.038019,128,19.685561,1.543966,-0.058318,1.602284,0.087987,-0.09365,0.181637,2.34375,5.600775,117.221695,97.222222
2022,69810,김규남,SSG,19,False,13.445309,2.492126,0.473504,10.712087,100.0,19,0.993651,0.519073,100.0,2,12,0.929568,-0.188952,7,1.562559,1.182604,6,0.223908,1.178464,1.331883,-0.153419,0.324618,0.46591,-0.141292,83.333333,63.424727,7,-0.066318,-0.34904,-0.360671,0.011631,-0.622631,-0.624862,0.002231,85.714286,50.833028,2,0.043188,0.227306,-0.041645,0.268951,0.418861,-0.030001,0.448862,50.0,73.713588,3,0.243816,1.28324,0.0,1.28324,0.872426,0.0,0.872426,0.0,37.513234,1,0.02891,0.152155,0.0,0.152155,0.000377,0.0,0.000377,0.0,0.123916,100.944025,54.938272
2022,66657,이진영,HAN,996,True,-1.624918,5.24202,52.210517,-6.466153,26.851852,996,-0.119801,0.296333,100.0,65,427,2.121107,-0.434079,569,3.120912,0.314279,293,18.398409,1.84723,2.409496,-0.562267,-0.43909,0.35404,-0.79313,66.211604,75.772094,239,5.289343,0.531059,0.735992,-0.204933,-0.093956,0.18252,-0.276477,55.230126,60.013334,185,2.842642,0.285406,-0.487893,0.773299,0.122878,-0.332764,0.455643,35.675676,41.9762,195,16.292896,1.635833,-0.452364,2.088197,0.306575,-0.504743,0.811318,14.871795,21.795588,84,9.387227,0.942493,-0.084123,1.026616,-0.016208,-0.133132,0.116924,7.142857,6.906442,99.142825,47.839506
2022,51302,이주형,KIW,338,True,0.160166,4.138941,13.989622,-1.911833,51.54321,337,-0.358919,0.518815,99.704142,32,146,0.341278,-1.093687,192,3.797663,0.734768,65,3.24806,0.960964,1.287736,-0.326771,-0.190401,0.24913,-0.439531,61.538462,67.987045,70,1.059903,0.313581,0.54354,-0.229959,-0.15704,0.14425,-0.30129,64.285714,60.999236,91,1.716054,0.507708,-0.452724,0.960432,0.209021,-0.318795,0.527816,45.054945,49.955664,74,3.364863,0.995522,-0.849037,1.844558,-0.043421,-0.850555,0.807134,22.972973,24.27907,38,4.600741,1.361166,-0.188237,1.549403,-0.177079,-0.317718,0.140639,7.894737,5.644174,96.657253,37.345679
2022,51344,김휘집,KIW,1673,True,1.307051,4.621792,77.322575,-4.518796,67.592593,1672,-0.05001,0.210486,99.940227,105,721,1.144485,-0.821473,952,3.477307,0.771463,432,25.329596,1.514022,1.882812,-0.36879,-0.166547,0.333673,-0.50022,71.527778,74.587093,350,6.163706,0.368422,0.641206,-0.272784,-0.217659,0.181796,-0.399455,55.714286,60.797995,324,3.547418,0.212039,-0.524883,0.736922,0.046458,-0.461412,0.50787,40.432099,45.306316,383,19.20656,1.148031,-0.787537,1.935568,0.165408,-0.773252,0.938659,20.887728,26.356316,184,23.075296,1.379276,-0.067114,1.446391,0.12233,-0.102279,0.224609,3.26087,7.52885,100.324904,50.925926
2022,68805,최상민,SSG,72,False,1.140293,9.023311,6.496784,-5.972497,64.197531,72,0.386124,0.633687,100.0,11,28,3.745818,0.085872,44,5.277493,0.300252,21,2.484808,3.451122,3.763165,-0.312043,0.032329,0.309455,-0.277126,71.428571,72.674054,16,-0.023009,-0.031957,0.353973,-0.385931,-0.396813,0.079747,-0.476561,56.25,63.890736,7,0.040927,0.056843,-0.228046,0.284889,-0.133445,-0.211948,0.078503,28.571429,36.315884,19,2.378859,3.303971,-0.143274,3.447245,0.822893,-0.091382,0.914275,10.526316,21.647606,9,1.615199,2.243332,0.0,2.243332,0.061161,0.0,0.061161,0.0,1.788576,101.519355,56.17284
2022,68205,전민재,DOO,136,False,-6.75537,2.931217,3.986455,16.586173,0.617284,136,-1.322697,0.802518,100.0,20,89,1.111619,-1.05717,47,1.819598,-0.265528,41,1.377401,1.012795,1.454541,-0.441746,-0.284935,0.421666,-0.706602,78.04878,72.40541,29,1.605762,1.180707,1.275354,-0.094646,0.305735,0.398833,-0.093098,79.310345,65.702018,29,-0.377274,-0.277408,-0.638879,0.361472,-0.299747,-0.503698,0.203951,65.517241,39.972462,25,-0.248556,-0.182761,-0.906119,0.723358,-1.004959,-1.247085,0.242126,52.0,22.209499,12,1.629121,1.197883,-0.073278,1.271161,-0.038791,-0.126886,0.088094,16.666667,4.655105,91.636289,24.074074
2022,67202,박유연,DOO,74,False,-7.461067,5.164746,3.821912,-3.325801,0.0,74,0.396702,1.073941,100.0,11,31,-0.27719,-1.452093,43,5.441936,1.848795,13,0.761291,1.028772,1.360405,-0.331633,-0.173572,0.196437,-0.370009,53.846154,66.774381,24,-0.298978,-0.404024,-0.275046,-0.128979,-0.430053,-0.242555,-0.187498,37.5,49.886641,16,-0.637973,-0.862125,-1.118112,0.255987,-0.902554,-1.040724,0.138169,75.0,52.071027,17,2.802088,3.786605,-0.244437,4.031042,1.789486,-0.365252,2.154738,17.647059,25.588752,4,1.195483,1.615518,0.0,1.615518,0.113395,0.0,0.113395,0.0,3.154422,101.605415,56.17284
2022,66707,박상언,HAN,547,True,0.986679,5.485392,30.005094,-4.438797,61.419753,547,0.458436,0.257802,100.0,47,241,2.443724,0.012319,306,3.041668,0.446117,175,11.793776,2.156083,2.582341,-0.426258,0.043755,0.493166,-0.449411,70.285714,71.617534,126,1.229616,0.224793,0.578648,-0.353855,-0.303059,0.176567,-0.479626,55.555556,60.715359,89,2.693151,0.492349,-0.36164,0.853989,0.257124,-0.276171,0.533295,31.460674,40.551294,118,9.079675,1.659904,-0.355625,2.015529,0.328476,-0.381243,0.709719,16.949153,21.305309,39,5.208876,0.952262,0.0,0.952262,0.13214,0.0,0.13214,0.0,5.685292,106.972577,77.469136
2022,66715,김인환,HAN,1624,True,1.10609,4.63963,75.347598,6.829782,63.888889,1622,-0.608232,0.266576,99.876847,110,899,1.62034,-0.949535,725,3.01929,0.341304,456,31.646139,1.948654,2.352474,-0.40382,-0.066996,0.512382,-0.579379,79.824561,74.140312,382,12.842571,0.790799,0.886875,-0.096077,0.106515,0.230609,-0.124094,70.418848,60.883193,305,-2.632641,-0.162108,-0.676253,0.514144,-0.307353,-0.603484,0.29613,54.754098,42.966055,317,11.659166,0.717929,-0.864333,1.582262,-0.378024,-0.962294,0.58427,28.706625,24.249175,164,21.832363,1.344357,-0.078423,1.422781,0.037627,-0.12675,0.164377,4.878049,5.801444,90.527796,21.296296
2022,51009,전진영,KT,11,False,2.625644,4.325977,0.475857,7.46017,83.950617,11,1.1186,0.183206,100.0,3,7,3.564678,1.064537,4,0.761299,0.054063,2,0.202554,1.841403,1.841403,0.0,0.320103,0.320103,0.0,100.0,87.875616,5,0.190403,1.730932,1.771623,-0.04069,0.760071,0.797545,-0.037474,80.0,72.150912,2,0.014836,0.134868,-0.048348,0.183216,0.013485,-0.053111,0.066596,50.0,31.624326,1,-0.011359,-0.103262,0.0,-0.103262,-0.029734,0.0,-0.029734,0.0,14.397496,1,0.079424,0.722035,0.0,0.722035,0.054675,0.0,0.054675,0.0,3.786192,100.491962,51.851852
2022,62907,박민우,NC,1752,True,-0.977551,4.614614,80.848032,-2.637209,35.493827,1749,-0.137403,0.194847,99.828767,104,732,0.849409,-0.900924,1020,3.765205,0.763521,451,24.102243,1.375699,1.674469,-0.29877,0.031141,0.341857,-0.310717,67.184035,70.943711,395,6.626354,0.378217,0.475486,-0.097269,0.010579,0.140189,-0.12961,51.898734,57.026607,333,3.802333,0.217028,-0.498203,0.715231,-0.042711,-0.435477,0.392766,37.237237,41.136446,395,21.865371,1.248023,-0.691878,1.939901,-0.113228,-0.764744,0.651517,22.78481,21.593495,178,24.451731,1.395647,-0.110465,1.506112,-0.023184,-0.182749,0.159566,5.617978,6.0191,98.778876,45.987654
2022,63963,권희동,NC,1203,True,-1.357034,5.729844,68.930018,-11.254337,31.17284,1201,0.781588,0.281253,99.833749,77,459,2.058045,-0.238335,744,3.671799,1.019923,375,19.981591,1.66098,2.18207,-0.52109,-0.298122,0.327771,-0.625893,61.6,72.912962,257,5.861721,0.487259,0.680521,-0.193262,-0.080457,0.165043,-0.245501,49.416342,62.011185,213,6.051502,0.503034,-0.411268,0.914302,0.408263,-0.285277,0.69354,30.516432,44.925816,256,22.585577,1.877438,-0.358997,2.236435,0.671974,-0.385293,1.057268,13.28125,23.549715,102,14.449627,1.201133,-0.034281,1.235414,0.07993,-0.060579,0.140509,1.960784,5.507897,114.117099,94.753086
2022,76849,이명기,NC,1275,True,-4.750105,3.718363,47.409128,-1.327208,8.950617,1272,-0.804421,0.287443,99.764706,94,558,0.715986,-1.139539,717,3.002377,0.335118,346,15.476373,1.213833,1.63211,-0.418276,-0.112317,0.333069,-0.445387,61.560694,70.604825,293,4.750375,0.372578,0.54668,-0.174101,-0.04408,0.177156,-0.221236,56.996587,59.390637,247,2.260923,0.177327,-0.558989,0.736316,-0.074751,-0.491316,0.416565,41.295547,39.19546,276,15.807815,1.239829,-0.658231,1.898059,-0.284158,-0.788621,0.504463,22.463768,18.890279,113,9.113642,0.714795,-0.245584,0.96038,-0.289115,-0.369827,0.080713,12.389381,6.7829,87.599936,12.654321
2022,51403,김동진,SAM,11,False,-7.469525,-0.128688,-0.014156,-5.607842,0.0,11,-4.196868,4.015696,100.0,3,5,-1.810922,-3.344181,6,1.682233,-0.852686,1,-0.018948,-0.172253,0.0,-0.172253,-0.087482,0.0,-0.087482,0.0,25.393494,6,-0.187954,-1.708676,0.259532,-1.968208,-3.521353,0.044157,-3.56551,66.666667,69.28244,2,0.243519,2.213807,0.0,2.213807,2.75963,0.0,2.75963,0.0,50.579998,2,-0.050772,-0.461566,-2.070454,1.608888,-3.347662,-3.388339,0.040676,50.0,9.719067,0,0.0,0.0,0.0,0.0,0.0,0.0,0.0,,,96.597159,37.037037
2022,67644,이정훈,KIA,53,False,-6.594471,2.198364,1.165133,2.654168,0.617284,53,-1.140386,0.79866,100.0,6,23,-0.087974,-1.381497,30,2.286338,0.241111,2,0.091745,0.173103,0.210985,-0.037882,-0.022766,0.010724,-0.03349,50.0,70.830969,14,0.622747,1.174995,1.217534,-0.042538,0.177675,0.225751,-0.048076,71.428571,66.586438,13,-0.16089,-0.303567,-0.295454,-0.008113,-0.335261,-0.226106,-0.109155,46.153846,45.342256,17,0.207733,0.391949,-1.221038,1.612987,-1.039696,-1.391865,0.352169,35.294118,27.51494,7,0.403798,0.761883,0.0,0.761883,0.079662,0.0,0.079662,0.0,4.036241,96.339667,37.037037
2022,68362,추재현,LOT,250,False,-1.281647,5.009452,12.52363,-2.952333,31.481481,250,-0.300792,0.478823,100.0,25,111,1.841023,-1.219152,139,3.168429,0.918359,61,5.920885,2.368354,2.63145,-0.263096,0.030299,0.300312,-0.270013,67.213115,72.697763,64,1.121315,0.448526,0.633565,-0.185039,-0.062247,0.122766,-0.185013,57.8125,60.219727,49,0.362517,0.145007,-0.499555,0.644562,-0.009202,-0.379244,0.370042,38.77551,42.37396,58,3.727499,1.491,-0.670792,2.161792,0.06059,-0.881339,0.941929,20.689655,23.466803,18,1.391413,0.556565,-0.253645,0.81021,-0.320231,-0.381646,0.061415,11.111111,6.225475,97.625068,41.358025
2022,67993,이재용,NC,23,False,3.422451,9.067441,2.085511,-7.137079,90.740741,23,2.402087,2.384882,100.0,4,9,1.125903,0.167363,14,7.941538,2.234724,5,0.249493,1.08475,1.528656,-0.443906,-0.277646,0.253233,-0.530879,60.0,68.517677,5,-0.114419,-0.497473,0.076795,-0.574268,-0.487886,0.201064,-0.68895,60.0,63.204474,5,0.236297,1.027377,-0.393529,1.420905,0.558489,-0.200147,0.758636,40.0,55.397334,6,1.06994,4.651915,-0.086019,4.737934,2.580124,-0.086787,2.666911,16.666667,21.2533,2,0.644201,2.800872,0.0,2.800872,0.029006,0.0,0.029006,0.0,0.517799,103.28374,64.197531
2022,67760,원혁재,HAN,91,False,-2.916792,3.198554,2.910684,-0.35349,16.666667,91,-2.136744,1.073141,100.0,10,41,-1.161008,-2.77404,50,4.359562,0.637296,19,0.436924,0.480137,1.006658,-0.526521,-0.642563,0.179535,-0.822098,57.894737,69.351802,22,0.117949,0.129615,0.433109,-0.303495,-0.452196,0.014925,-0.467121,59.090909,56.63225,16,0.125029,0.137395,-0.987563,1.124957,-0.027505,-0.659909,0.632403,43.75,42.769213,23,0.714432,0.785091,-1.421411,2.206502,-0.978647,-1.976167,0.99752,34.782609,34.899998,11,1.516348,1.666317,-0.191802,1.858118,-0.035833,-0.332425,0.296591,18.181818,7.415136,89.733407,17.901235
2022,66203,서예일,DOO,95,False,3.226846,5.226715,4.96538,9.143019,88.888889,95,-0.858766,0.81296,100.0,19,52,1.333658,-1.586522,43,3.893057,0.727757,30,1.986006,2.090532,2.371771,-0.281238,0.387822,0.488725,-0.100902,76.666667,66.155177,21,1.02977,1.083969,0.907147,0.176822,0.314427,0.234312,0.080115,71.428571,59.006536,19,0.143198,0.150734,-0.34184,0.492574,-0.124046,-0.449521,0.325475,47.368421,38.617746,17,0.248342,0.261413,-1.051393,1.312806,-0.792044,-1.060822,0.268777,23.529412,18.449397,8,1.558063,1.640067,-0.552026,2.192093,-0.644924,-0.799217,0.154292,12.5,7.530463,95.776286,36.419753
2022,63435,김성표,SAM,64,False,-4.450163,2.466995,1.578877,-7.623164,10.493827,64,-1.913917,1.693659,100.0,9,25,0.591134,-1.167448,39,1.875861,-0.746469,22,0.350929,0.548326,1.480024,-0.931699,-0.778762,0.417288,-1.19605,59.090909,65.65603,13,0.191048,0.298512,0.634515,-0.336003,-0.322765,0.155979,-0.478745,46.153846,63.107343,12,0.399519,0.624249,-0.508886,1.133135,0.488968,-0.160534,0.649502,25.0,42.01208,7,0.568216,0.887838,-0.106901,0.994738,0.164965,-0.055694,0.22066,14.285714,21.907453,10,0.069165,0.10807,-0.907619,1.015689,-1.466323,-1.524487,0.058164,20.0,6.555726,92.961412,26.54321
2022,66833,임석진,KIA,84,False,-4.984201,4.189044,3.518797,-2.5482,7.407407,84,-1.435155,0.730641,100.0,7,40,1.6483,-1.627515,44,2.540744,0.19236,26,1.91897,2.284489,2.580304,-0.295815,0.036879,0.345559,-0.30868,69.230769,74.331212,21,0.458282,0.545574,0.824691,-0.279117,-0.42243,0.133837,-0.556267,61.904762,68.823703,10,0.126063,0.150075,-0.45258,0.602655,0.098213,-0.421062,0.519275,20.0,40.897549,18,0.86236,1.026619,-0.611047,1.637666,-0.158149,-0.622513,0.464364,33.333333,20.412271,9,0.153122,0.182288,-0.693067,0.875355,-0.989668,-1.063336,0.073668,11.111111,6.638129,93.509026,27.160494
2022,68504,이호연,LOT,782,True,-0.322555,3.746755,29.299625,12.251497,44.135802,782,-0.627979,0.250041,100.0,80,450,0.939878,-1.241329,332,2.806877,0.61335,223,14.378027,1.838622,2.006715,-0.168093,0.348684,0.529731,-0.181047,85.201794,71.839447,160,4.043799,0.51711,0.560799,-0.04369,0.136956,0.171829,-0.034873,66.875,57.997679,145,-2.28371,-0.292034,-0.740057,0.448022,-0.483628,-0.722703,0.239076,61.37931,40.79285,179,6.753521,0.863622,-0.702276,1.565897,-0.385847,-0.893332,0.507485,30.726257,21.175996,75,6.407988,0.819436,-0.185304,1.004739,-0.244144,-0.326854,0.08271,12.0,5.520494,91.540197,23.148148
2022,65207,신민재,LG,13,False,0.568559,5.997535,0.77968,9.273565,56.17284,13,-4.736349,3.427201,100.0,3,5,-0.473967,-4.911381,8,6.471502,0.175032,3,0.089229,0.686375,0.974091,-0.287716,0.283569,0.332732,-0.049163,66.666667,50.865253,2,0.16886,1.298925,1.508184,-0.209259,0.006625,0.107727,-0.101103,50.0,60.292937,1,0.02036,0.156616,0.156616,0.0,0.10694,0.10694,0.0,100.0,65.859031,5,0.11723,0.901771,-3.112858,4.014629,-5.176042,-5.45878,0.282738,20.0,7.773368,2,0.384,2.953849,0.0,2.953849,0.04256,0.0,0.04256,0.0,0.768072,95.608572,35.802469
2022,64007,문상철,KT,211,False,1.729269,3.694253,7.794874,-0.128417,73.45679,211,-0.006717,0.774653,100.0,27,105,0.423059,-1.05733,106,3.271194,1.050613,57,2.03332,0.963659,1.320805,-0.357146,-0.136087,0.395346,-0.531434,71.929825,71.105274,39,1.595017,0.755932,0.71993,0.036002,0.307545,0.177317,0.130227,69.230769,67.899838,52,-0.34995,-0.165853,-0.893864,0.728011,-0.221659,-0.915506,0.693847,50.0,50.922053,44,1.270101,0.601943,-0.723812,1.325755,-0.130306,-0.714488,0.584182,25.0,24.407135,19,3.246386,1.538572,0.0,1.538572,0.173791,0.0,0.173791,0.0,5.481103,100.32625,51.234568
2022,61186,이천웅,LG,79,False,6.444887,8.064023,6.370578,-4.78104,100.0,79,2.339433,1.704807,100.0,18,33,3.307517,0.147463,46,4.756506,2.19197,28,2.654462,3.360078,3.703246,-0.343168,0.160375,0.521,-0.360625,78.571429,74.056181,13,-0.111833,-0.141561,0.221348,-0.362909,-0.163554,0.217465,-0.38102,46.153846,50.035372,10,0.330536,0.4184,-0.373109,0.791509,0.555214,-0.306082,0.861296,30.0,45.629144,18,2.374571,3.005787,-0.243969,3.249755,1.647381,-0.28492,1.932301,11.111111,24.051604,10,1.122842,1.421319,0.0,1.421319,0.140018,0.0,0.140018,0.0,6.444893,110.107493,87.037037
2022,50500,황성빈,LOT,1199,True,-2.017561,4.631535,55.532106,4.698463,21.91358,1195,-0.309219,0.253835,99.666389,87,606,1.605617,-0.780917,593,3.025918,0.471698,351,21.81551,1.819475,2.143158,-0.323683,0.072242,0.434018,-0.361776,73.504274,71.933718,278,9.21861,0.768858,0.755354,0.013504,0.242592,0.261198,-0.018607,62.94964,57.975184,201,-0.548401,-0.045738,-0.554621,0.508883,-0.249671,-0.493307,0.243636,47.761194,41.136906,253,11.365053,0.947878,-0.671996,1.619874,-0.366846,-0.871483,0.504637,27.272727,19.138565,116,13.681333,1.141062,-0.066277,1.207339,-0.007535,-0.111343,0.103808,6.896552,4.225279,95.975237,36.728395
2022,50007,문상준,KT,10,False,-10.295585,1.070456,0.107046,-2.424475,0.0,10,-0.634692,0.789032,100.0,2,4,0.067987,-1.40519,6,1.00247,0.770498,1,-0.006935,-0.069345,0.0,-0.069345,-0.054498,0.0,-0.054498,0.0,39.294839,4,0.044542,0.445422,0.930165,-0.484743,-0.109697,0.225543,-0.33524,50.0,57.349214,0,0.0,0.0,0.0,0.0,0.0,0.0,0.0,,,5,0.069438,0.69438,-0.862178,1.556558,-0.470497,-1.630733,1.160236,40.0,31.110611,0,0.0,0.0,0.0,0.0,0.0,0.0,0.0,,,99.242337,48.148148
2022,65269,김민혁,DOO,371,True,2.192596,4.742621,17.595123,5.415757,78.08642,371,0.190523,0.816967,100.0,37,188,1.097643,-0.92873,183,3.644978,1.119253,102,6.452258,1.739153,1.913213,-0.174059,0.368696,0.519527,-0.150831,81.372549,68.23581,76,0.999222,0.269332,0.471746,-0.202414,-0.12579,0.166969,-0.292759,61.842105,62.62043,70,0.49246,0.132739,-0.576372,0.709111,0.085953,-0.569956,0.655909,52.857143,45.326757,85,5.015473,1.35188,-0.516886,1.868766,0.027417,-0.70837,0.735787,21.176471,19.586005,38,4.635709,1.249517,-0.194058,1.443575,-0.165753,-0.336901,0.171148,7.894737,6.154348,102.83512,60.185185
2022,66233,홍성호,DOO,64,False,-4.498615,3.944826,2.524688,9.186281,10.493827,64,-0.232014,1.163467,100.0,10,32,0.287133,-1.518457,32,3.657692,1.286443,14,0.556853,0.870083,0.944059,-0.073975,0.167023,0.243211,-0.076188,78.571429,71.003767,14,0.491769,0.768389,0.881167,-0.112778,-0.105454,-0.017308,-0.088145,50.0,48.736917,13,0.872813,1.36377,-0.174495,1.538265,0.371275,-0.237561,0.608836,46.153846,33.283995,14,0.193759,0.302749,-1.138827,1.441576,-0.388223,-1.161945,0.773723,50.0,31.860583,9,0.409494,0.639835,-0.224771,0.864606,-0.276636,-0.344854,0.068218,11.111111,6.329819,99.091167,46.91358
2022,51907,김주원,NC,1262,True,1.234383,4.54433,57.349442,0.994593,65.740741,1262,-0.239938,0.222155,100.0,91,590,1.10791,-0.912466,672,3.43642,0.672528,324,22.220739,1.760756,2.009341,-0.248585,0.156923,0.419153,-0.26223,75.925926,72.666086,285,4.956126,0.39272,0.577954,-0.185234,-0.13898,0.115287,-0.254266,57.54386,58.349673,233,0.848255,0.067215,-0.577962,0.645178,0.051023,-0.384347,0.435369,41.630901,44.539499,297,14.472889,1.146822,-0.721243,1.868064,-0.159095,-0.783399,0.624304,23.905724,21.651338,123,14.851432,1.176817,-0.18018,1.356997,-0.149809,-0.279159,0.129351,9.756098,6.204917,97.101775,39.197531
2022,64501,배성근,LOT,152,False,-1.420291,3.285178,4.993471,4.343676,29.62963,152,-0.644162,0.378943,100.0,17,81,1.260667,-0.873461,71,2.024511,0.229299,55,2.742897,1.804537,2.055106,-0.250569,0.227914,0.464442,-0.236528,76.363636,71.672834,24,0.568957,0.374314,0.680057,-0.305743,-0.157257,0.189936,-0.347193,58.333333,63.576848,25,-0.163516,-0.107576,-0.480424,0.372848,-0.255503,-0.453921,0.198418,52.0,47.124431,36,0.990219,0.65146,-0.92839,1.579849,-0.401636,-0.962318,0.560682,27.777778,19.908993,12,0.854915,0.562444,-0.065682,0.628126,-0.05768,-0.111601,0.053921,16.666667,6.423042,95.746048,35.802469
2022,50150,손호영,LG,302,True,3.46349,5.020225,15.16108,4.710952,91.049383,302,0.390177,0.512069,100.0,28,157,1.413203,-0.824206,145,3.607022,1.214383,78,4.789613,1.585965,1.744329,-0.158365,0.319859,0.458458,-0.138599,85.897436,72.444404,72,2.760583,0.9141,1.105119,-0.191019,-0.02841,0.297505,-0.325915,62.5,58.62685,63,0.377964,0.125154,-0.556385,0.681539,0.0069,-0.465591,0.472491,38.095238,41.557563,73,4.73199,1.566884,-0.87986,2.446744,0.031691,-1.114578,1.146269,28.767123,23.769598,16,2.500931,0.828123,0.0,0.828123,0.060137,0.0,0.060137,0.0,3.261791,104.614111,66.975309
2022,65898,김웅빈,KIW,515,True,-0.9623,4.423613,22.781607,-1.478547,36.111111,514,-0.228512,0.428574,99.805825,45,226,0.560477,-0.851522,289,3.863136,0.62301,128,4.789609,0.930021,1.394425,-0.464404,-0.262016,0.387055,-0.649071,70.3125,69.324577,112,0.852287,0.165493,0.51359,-0.348097,-0.347223,0.142875,-0.490098,52.678571,59.662295,107,2.818632,0.547307,-0.527613,1.07492,0.159951,-0.525555,0.685505,42.056075,43.299537,113,7.857585,1.525745,-0.595867,2.121612,0.351588,-0.550077,0.901665,21.238938,23.858177,55,6.463493,1.255047,-0.224058,1.479105,-0.130812,-0.30582,0.175008,14.545455,8.667346,97.798729,42.283951
2022,50357,박주홍,KIW,233,False,-1.669691,3.353829,7.814421,-7.596526,25.925926,232,-0.504802,0.759882,99.570815,19,90,1.052327,-0.62856,143,2.301501,0.123757,65,1.160343,0.498001,1.325275,-0.827274,-0.715182,0.246302,-0.961484,44.615385,67.785656,53,1.293188,0.555016,0.723961,-0.168945,-0.016104,0.256299,-0.272403,69.811321,61.320941,52,1.883106,0.8082,-0.369965,1.178165,0.549108,-0.354405,0.903513,25.0,39.95214,45,2.099329,0.901,-0.560311,1.46131,-0.298132,-0.66771,0.369577,20.0,19.587144,18,1.378455,0.591612,-0.066633,0.658245,-0.024493,-0.109047,0.084554,11.111111,8.610014,95.850414,36.419753
2022,51013,유준규,KT,57,False,-1.723571,4.7596,2.712972,-11.635908,24.691358,57,-0.057175,1.145227,100.0,7,21,2.464844,0.35194,36,2.294756,-0.409115,20,0.905424,1.588463,2.586193,-0.99773,-0.95095,0.548774,-1.499724,60.0,70.175462,15,0.185779,0.325927,0.376868,-0.05094,0.063595,0.088718,-0.025123,33.333333,51.126709,8,0.145337,0.254978,-0.328007,0.582985,0.29327,-0.034855,0.328125,25.0,45.16993,10,0.894055,1.568517,-0.17021,1.738728,0.314849,-0.250698,0.565547,20.0,20.148396,4,0.582377,1.021714,0.0,1.021714,0.22206,0.0,0.22206,0.0,7.498375,99.7171,48.765432
2022,69813,하재훈,SSG,415,True,-5.529568,3.160455,13.115889,5.262565,5.864198,415,-0.930283,0.363384,100.0,50,218,1.090464,-1.14852,197,2.069991,0.218236,107,5.364658,1.292689,1.744641,-0.451953,-0.16754,0.4081,-0.57564,66.35514,69.832148,104,3.355864,0.808642,0.993456,-0.184814,-0.045582,0.229151,-0.274733,61.538462,57.809683,82,0.722964,0.174208,-0.552634,0.726843,0.112236,-0.44159,0.553827,46.341463,44.231085,88,-0.096915,-0.023353,-1.019872,0.996519,-0.792523,-1.212305,0.419782,47.727273,26.208137,34,3.769319,0.90827,-0.075126,0.983396,-0.036874,-0.131875,0.095001,8.823529,5.838931,89.489091,16.358025
2022,64022,안중열,LOT,347,True,2.233696,4.98639,17.302774,-11.760037,78.703704,347,0.584279,0.593108,100.0,29,124,1.669077,-0.014592,223,3.317313,0.598871,94,3.378029,0.973496,1.695892,-0.722397,-0.810165,0.317297,-1.127462,63.829787,75.211615,79,1.667925,0.48067,0.620879,-0.140209,-0.034088,0.169246,-0.203335,53.164557,58.636878,64,1.703816,0.491013,-0.443564,0.934578,0.492872,-0.322968,0.81584,23.4375,43.147609,81,7.38917,2.129444,-0.20413,2.333574,0.78416,-0.178167,0.962327,8.641975,22.306902,29,3.163834,0.911768,0.0,0.911768,0.151501,0.0,0.151501,0.0,7.249028,107.121965,79.320988
2022,66409,이성규,SAM,133,False,1.251142,6.564982,8.731427,-0.515476,66.049383,133,0.537889,1.001559,100.0,13,56,1.140392,-0.744662,77,5.42459,1.282551,33,1.646098,1.237668,1.698101,-0.460434,-0.417843,0.242825,-0.660668,66.666667,75.48646,28,0.544082,0.409084,0.464823,-0.055738,0.380394,0.394009,-0.013616,60.714286,51.388253,21,1.437988,1.081194,-0.268236,1.34943,0.248102,-0.403288,0.65139,33.333333,38.582331,33,3.70901,2.78873,-0.283727,3.072457,0.871136,-0.25851,1.129646,18.181818,23.875672,18,1.394248,1.048307,-0.470568,1.518875,-0.5439,-0.719698,0.175799,22.222222,7.805995,103.61082,65.432099
2022,52769,권광민,HAN,365,True,-4.832059,5.2243,19.068694,-5.336511,7.716049,365,-0.500163,0.797902,100.0,30,154,1.564314,-0.93732,211,3.659985,0.437157,108,5.862463,1.606154,2.360353,-0.754198,-0.691056,0.430228,-1.121284,63.888889,73.802349,68,1.337764,0.366511,0.606933,-0.240422,-0.212404,0.1309,-0.343304,51.470588,63.153562,67,2.507989,0.68712,-0.448386,1.135507,0.297821,-0.330087,0.627908,37.313433,42.718253,93,5.757763,1.577469,-0.789674,2.367144,0.300882,-0.843229,1.14411,25.806452,22.056031,29,3.602714,0.987045,-0.16491,1.151955,-0.195406,-0.325131,0.129725,3.448276,5.84127,94.941317,34.259259
2022,64115,장준원,KT,218,False,-2.001661,4.955416,10.802806,-0.543477,22.222222,217,-0.104512,0.459524,99.541284,26,101,2.512839,-0.218129,117,2.442577,0.113617,72,4.736872,2.172877,2.527797,-0.35492,0.172319,0.537389,-0.36507,72.222222,71.246355,36,0.968087,0.444077,0.751814,-0.307737,-0.170349,0.202313,-0.372662,55.555556,61.379044,46,0.56111,0.25739,-0.3339,0.59129,0.029388,-0.319905,0.349293,36.956522,42.710973,43,2.278715,1.045282,-0.324819,1.370101,-0.02169,-0.449899,0.428209,18.604651,18.356566,21,2.258022,1.03579,-0.108053,1.143843,-0.11418,-0.188027,0.073847,19.047619,5.955135,99.486139,48.148148
2022,51269,강현구,DOO,19,False,4.853943,4.797179,0.911464,-13.131684,97.530864,19,0.578385,0.954414,100.0,2,6,1.441857,0.662182,13,3.355322,-0.083797,5,0.182094,0.958387,1.276936,-0.318549,0.067512,0.44898,-0.381469,60.0,74.099963,5,-0.093348,-0.491306,0.164921,-0.656227,-0.828918,0.213202,-1.04212,60.0,58.496618,3,0.145315,0.764814,0.0,0.764814,0.679721,0.0,0.679721,0.0,41.486971,4,0.284068,1.495096,0.0,1.495096,0.614096,0.0,0.614096,0.0,15.069068,2,0.393336,2.070188,0.0,2.070188,0.045975,0.0,0.045975,0.0,0.890954,100.431583,51.851852
2022,78135,이형종,LG,240,False,0.751878,3.817562,9.162148,2.925914,59.259259,240,-0.400164,0.634026,100.0,26,121,0.750448,-0.877516,119,3.067114,0.477352,74,2.992403,1.246834,1.696753,-0.449919,-0.106812,0.373054,-0.479866,72.972973,68.933623,49,0.56489,0.235371,0.300033,-0.064662,0.012204,0.099712,-0.087507,61.22449,61.054727,44,0.518336,0.215973,-0.646854,0.862827,-0.353073,-0.709198,0.356125,45.454545,38.988807,55,2.842453,1.184356,-0.502245,1.6866,0.147176,-0.47813,0.625306,27.272727,27.343665,18,2.244066,0.935027,-0.09724,1.032268,-0.09966,-0.162954,0.063294,11.111111,4.755662,96.752676,38.271605
2022,52568,한태양,LOT,282,False,-2.8533,5.522799,15.574292,-15.483662,16.666667,282,0.509862,0.386577,100.0,34,100,2.063734,-0.052567,182,3.459064,0.562429,70,3.374335,1.196573,1.645163,-0.44859,-0.309592,0.245231,-0.554823,50.0,72.225343,82,2.061776,0.731126,1.026843,-0.295716,-0.129947,0.218574,-0.348521,45.121951,59.487789,66,1.604957,0.569134,-0.348765,0.917899,0.329391,-0.319655,0.649046,31.818182,47.070656,42,3.655853,1.296402,-0.259506,1.555908,0.457126,-0.196717,0.653843,16.666667,28.902683,22,4.877371,1.729564,0.0,1.729564,0.162884,0.0,0.162884,0.0,5.092908,105.646405,70.987654
2022,67063,문상인,KT,11,False,3.508411,6.596042,0.725565,11.600443,91.358025,11,0.600833,3.440515,100.0,3,8,4.042586,-0.937313,3,2.553455,1.538147,7,0.502089,4.564445,4.88183,-0.317385,0.734241,1.01483,-0.280589,85.714286,80.337627,1,0.062054,0.564124,0.564124,0.0,0.543005,0.543005,0.0,100.0,51.871838,0,0.0,0.0,0.0,0.0,0.0,0.0,0.0,,,2,0.315792,2.87084,0.0,2.87084,1.818735,0.0,1.818735,0.0,23.52925,1,-0.15437,-1.403368,-1.403368,0.0,-2.495148,-2.495148,0.0,100.0,11.101399,100.112579,49.382716
2022,67900,김수윤,NC,65,False,0.10144,1.971499,1.281474,6.722679,51.234568,65,-2.06726,0.881883,100.0,8,36,0.082544,-2.166235,29,1.888954,0.098975,20,1.206177,1.855656,2.215569,-0.359913,-0.069615,0.480859,-0.550474,85.0,70.495453,14,0.56702,0.872339,0.973637,-0.101298,0.276249,0.336945,-0.060695,50.0,53.630252,15,-0.519076,-0.798578,-1.05782,0.259242,-0.430201,-0.587622,0.157421,46.666667,45.69142,11,-0.418078,-0.643197,-2.048841,1.405644,-1.849778,-2.396417,0.546639,45.454545,27.852259,5,0.445431,0.685279,0.0,0.685279,0.006084,0.0,0.006084,0.0,2.109428,92.309972,25.925926
2022,52591,윤동희,LOT,50,False,-7.937315,2.847509,1.423755,10.388373,0.0,50,-4.251588,3.888653,100.0,4,29,0.033115,-4.518014,21,2.814394,0.266426,9,0.799921,1.599841,2.0994,-0.499558,-0.726621,0.192891,-0.919512,77.777778,80.334421,13,0.512293,1.024586,1.110553,-0.085967,0.036821,0.093505,-0.056683,76.923077,66.088527,11,-0.141174,-0.282348,-0.60012,0.317772,-0.554093,-0.558512,0.004419,63.636364,46.788985,15,-0.055295,-0.110589,-2.576717,2.466128,-3.064083,-4.245898,1.181816,33.333333,18.280051,2,0.30801,0.616019,0.0,0.616019,0.056387,0.0,0.056387,0.0,4.770548,87.286633,11.728395
2022,69416,이해승,SAM,355,True,-4.61033,2.765316,9.816873,5.722012,9.567901,355,-1.061872,0.468555,100.0,36,193,1.061087,-1.119983,162,1.70423,0.058111,84,5.174089,1.45749,1.741187,-0.283697,0.030488,0.34058,-0.310092,77.380952,73.841002,97,1.676782,0.472333,0.757132,-0.284799,-0.22218,0.170152,-0.392332,56.701031,58.666994,68,-0.461346,-0.129957,-0.408624,0.278668,-0.172846,-0.380205,0.207359,57.352941,45.248851,80,0.812327,0.228825,-0.81411,1.042935,-0.505588,-0.917589,0.412001,37.5,25.918635,26,2.61502,0.736625,-0.214498,0.951123,-0.191748,-0.332922,0.141174,15.384615,8.651174,88.679947,15.123457
2022,65132,김재성,SAM,735,True,2.552734,5.813029,42.725763,-1.207242,82.407407,735,0.116244,0.439781,100.0,60,319,1.255434,-1.021056,416,4.557595,1.1373,174,13.435743,1.827992,2.095686,-0.267694,0.080311,0.404855,-0.324544,76.436782,74.795242,160,5.043759,0.686226,0.752348,-0.066122,-0.02052,0.159631,-0.180152,58.75,58.22072,158,1.124386,0.152978,-0.744116,0.897094,-0.026829,-0.594673,0.567844,37.974684,41.199278,157,9.074067,1.234567,-0.826339,2.060906,-0.133806,-0.95364,0.819834,19.745223,22.055138,86,14.047808,1.911266,-0.022145,1.933411,0.217088,-0.03723,0.254319,1.162791,5.645265,102.660383,58.950617
2022,68050,강백호,KT,1084,True,-4.774807,3.959431,42.920233,-2.53639,8.333333,1081,-0.884516,0.311104,99.723247,62,459,0.606264,-1.242931,625,3.353167,0.358415,264,15.03834,1.387301,1.792656,-0.405355,-0.168516,0.343303,-0.511819,63.636364,72.381293,248,2.279349,0.210272,0.497127,-0.286855,-0.178861,0.166693,-0.345554,51.209677,57.169379,215,1.671398,0.154188,-0.594058,0.748246,-0.016843,-0.441775,0.424933,43.255814,43.648241,234,11.240619,1.036957,-0.753945,1.790902,-0.154704,-0.777946,0.623241,24.786325,22.324886,123,12.690527,1.170713,-0.335516,1.506228,-0.365592,-0.533206,0.167615,10.569106,6.133203,86.687428,10.802469
2022,52804,석정우,SSG,26,False,2.832226,3.852631,1.001684,4.477873,86.419753,26,0.45646,0.43233,100.0,6,13,2.425282,0.605206,13,1.427349,-0.148746,10,0.465166,1.7891,2.198283,-0.409183,0.331915,0.662411,-0.330496,70.0,65.129307,7,0.016076,0.061831,0.172539,-0.110709,-0.044656,0.042496,-0.087152,57.142857,49.083175,3,0.093775,0.360672,0.05446,0.306213,-0.023657,-0.099701,0.076044,66.666667,53.692465,3,0.221087,0.850335,0.0,0.850335,0.114672,0.0,0.114672,0.0,6.519534,3,0.20558,0.790694,0.0,0.790694,0.078187,0.0,0.078187,0.0,2.688008,100.510166,51.851852
2022,50820,전의산,SSG,990,True,2.574378,5.009101,49.590096,8.52606,83.024691,990,-0.377881,0.357549,100.0,74,530,1.57176,-0.98403,460,3.43734,0.606149,248,18.351579,1.853695,2.217267,-0.363572,-0.073552,0.47462,-0.548172,83.870968,72.254777,237,4.823528,0.487225,0.70111,-0.213885,-0.147729,0.141305,-0.289034,69.198312,58.399572,185,0.433771,0.043815,-0.62474,0.668556,-0.132291,-0.619215,0.486924,51.891892,40.804169,222,12.272908,1.239688,-0.657164,1.896852,-0.115159,-0.882029,0.76687,26.126126,21.406475,98,13.70831,1.384678,-0.064711,1.449389,0.09085,-0.09871,0.189561,4.081633,5.084781,95.027944,34.876543
2022,51303,김시앙,KIW,56,False,-2.912584,3.201164,1.792652,6.083386,16.666667,56,-1.299224,1.327147,100.0,7,33,1.355425,-1.421278,23,1.845739,0.122054,15,1.000274,1.786204,2.376145,-0.589941,-0.54107,0.473648,-1.014718,80.0,79.918576,14,0.733719,1.310213,1.291778,0.018435,0.262756,0.293262,-0.030506,71.428571,63.986046,9,-0.534084,-0.953721,-1.146972,0.193251,-0.517855,-0.751679,0.233824,66.666667,51.826714,12,0.238568,0.426014,-1.010587,1.4366,-0.333494,-1.1499,0.816406,33.333333,29.90666,6,0.354175,0.632455,-0.15494,0.787395,-0.169562,-0.286609,0.117047,16.666667,6.571126,95.6659,35.802469
2022,52514,김세민,LOT,10,False,10.34901,6.580733,0.658073,-6.839499,100.0,10,1.458902,0.803731,100.0,3,4,1.235489,-0.050756,6,5.345243,1.509659,2,0.023354,0.233541,0.417815,-0.184274,0.169585,0.321986,-0.1524,50.0,51.40979,3,0.09012,0.901197,1.078337,-0.17714,-0.219366,0.028706,-0.248072,66.666667,75.739788,3,0.115469,1.154694,-0.260662,1.415356,1.191123,-0.401448,1.592571,33.333333,44.267089,0,0.0,0.0,0.0,0.0,0.0,0.0,0.0,,,2,0.42913,4.291301,0.0,4.291301,0.31756,0.0,0.31756,0.0,2.777392,100.641399,53.08642
2022,69727,변우혁,HAN,206,False,-0.755217,2.762981,5.691741,9.346083,38.888889,206,-1.061927,0.609847,100.0,20,116,0.46859,-0.898723,90,2.294391,-0.163204,48,2.503265,1.215177,1.455819,-0.240641,0.160089,0.450829,-0.29074,77.083333,68.764916,55,0.145539,0.07065,0.456101,-0.385451,-0.418288,0.142944,-0.561232,63.636364,57.95869,45,-0.867228,-0.420984,-0.690691,0.269706,-0.437706,-0.597893,0.160187,60.0,45.243762,34,0.683193,0.331647,-0.555564,0.887211,-0.308531,-0.572637,0.264106,41.176471,27.963456,24,3.226972,1.566491,-0.197075,1.763567,-0.057491,-0.321967,0.264476,12.5,8.314004,91.402898,22.839506
2022,67807,이정범,SSG,38,False,-6.142784,3.335882,1.267635,16.193508,3.08642,37,-2.992308,1.564271,97.368421,6,25,-0.172366,-2.811739,13,3.508248,-0.180568,11,0.665074,1.750196,1.901029,-0.150833,0.28246,0.438783,-0.156322,81.818182,70.590705,9,-0.021758,-0.057258,0.131938,-0.189196,-0.130016,0.052005,-0.182021,55.555556,58.105206,7,-0.124099,-0.326576,-0.326576,0.0,-0.753411,-0.753411,0.0,100.0,57.157156,7,-0.255199,-0.671577,-1.878757,1.20718,-2.457706,-2.549116,0.09141,57.142857,23.41465,4,1.003617,2.641098,0.0,2.641098,0.066365,0.0,0.066365,0.0,5.299858,92.845909,25.925926
2022,64340,임지열,KIW,610,True,-0.663698,4.34259,26.489798,-8.197657,39.197531,610,-0.057501,0.393333,100.0,40,259,1.280236,-0.734012,351,3.062354,0.676511,156,10.603733,1.738317,2.122026,-0.383709,-0.274866,0.289154,-0.56402,66.666667,74.757745,142,1.571439,0.257613,0.503018,-0.245405,-0.22292,0.120959,-0.343878,46.478873,60.223588,130,-1.183062,-0.193945,-0.683867,0.489923,-0.131846,-0.452573,0.320726,46.153846,50.067622,139,10.24802,1.680003,-0.53197,2.211974,0.547654,-0.530545,1.078199,19.42446,27.20185,43,5.249669,0.860601,-0.12897,0.989571,0.024477,-0.161007,0.185484,4.651163,9.227098,100.069557,49.074074
2022,68002,양승혁,KT,16,False,-4.66138,5.169105,0.827057,12.766272,9.259259,16,-0.699148,1.498005,100.0,4,10,3.820375,-0.05598,6,1.348729,-0.643168,5,0.326234,2.038966,2.846396,-0.80743,-0.475406,0.215226,-0.690632,80.0,74.47806,4,0.308323,1.927017,2.001333,-0.074317,0.563941,0.600271,-0.036331,75.0,65.511718,3,-0.110626,-0.691411,-0.780374,0.088963,-0.592721,-0.620352,0.027631,66.666667,36.091773,3,0.068845,0.430281,-0.24698,0.67726,-0.235078,-0.251126,0.016047,33.333333,17.219098,1,0.23428,1.464253,0.0,1.464253,0.040117,0.0,0.040117,0.0,1.369863,98.967649,46.91358
2022,64213,최용제,DOO,5,False,5.216452,17.798828,0.889941,12.453111,100.0,5,0.302302,0.0,100.0,1,2,-0.422087,-0.256527,3,18.220914,0.558829,0,0.0,0.0,0.0,0.0,0.0,0.0,0.0,,,1,-0.005886,-0.11772,-0.11772,0.0,-0.092088,-0.092088,0.0,100.0,60.88695,1,-0.015218,-0.304366,-0.304366,0.0,-0.16444,-0.16444,0.0,100.0,72.986577,0,0.0,0.0,0.0,0.0,0.0,0.0,0.0,,,3,0.911046,18.220914,0.0,18.220914,0.558829,0.0,0.558829,0.0,1.286972,99.739286,48.765432
2022,52009,알포드,KT,1312,True,1.384226,4.805084,63.042706,3.07168,69.444444,1311,-0.192866,0.262262,99.92378,79,651,1.456913,-0.710046,661,3.348172,0.51718,316,22.698396,1.730061,2.001839,-0.271778,0.071657,0.41798,-0.346323,77.848101,72.318162,308,5.750647,0.438312,0.686263,-0.247952,-0.220924,0.178698,-0.399622,65.909091,61.267136,238,-0.043854,-0.003343,-0.442472,0.43913,-0.174133,-0.399173,0.225041,50.0,46.88365,311,14.630711,1.115146,-0.740903,1.856048,0.021948,-0.828333,0.85028,24.758842,23.856392,139,20.006806,1.524909,-0.047815,1.572724,0.108586,-0.079218,0.187804,4.316547,5.535919,97.879484,43.518519
2022,74465,박석민,NC,254,False,1.465139,5.431022,13.794795,-5.759588,70.37037,254,0.240525,0.671906,100.0,16,102,0.879937,-1.193948,152,4.551085,1.434473,64,4.185659,1.647897,1.926546,-0.278649,-0.002397,0.336532,-0.338928,67.1875,74.299591,56,1.731104,0.681537,0.8323,-0.150763,-0.048349,0.219335,-0.267684,58.928571,60.692948,50,0.554285,0.218223,-0.818731,1.036954,0.243852,-0.435555,0.679408,24.0,39.511525,57,5.155858,2.029865,-0.665323,2.695189,0.431346,-0.647859,1.079205,19.298246,23.484555,27,2.167889,0.8535,-0.394855,1.248355,-0.383928,-0.666402,0.282473,11.111111,7.213352,102.75834,59.876543
2022,51865,조형우,SSG,43,False,0.943415,2.554791,1.09856,20.205699,60.493827,43,-0.185888,0.460412,100.0,8,28,0.968944,-0.225399,15,1.585846,0.039511,12,0.346906,0.806758,1.041028,-0.23427,0.22186,0.334378,-0.112518,75.0,64.797607,12,0.352198,0.819064,0.82434,-0.005276,0.519219,0.521798,-0.002579,91.666667,57.043087,6,0.01574,0.036606,-0.182561,0.219167,-0.015947,-0.128695,0.112748,50.0,49.368803,8,-0.088703,-0.206287,-0.713863,0.507576,-0.924751,-0.95288,0.028129,62.5,21.225146,5,0.472419,1.098649,0.0,1.098649,0.013731,0.0,0.013731,0.0,0.610525,99.358773,48.148148
2022,68089,조대현,KT,16,False,-15.432323,0.581664,0.093066,3.72403,0.0,16,-1.903782,1.397737,100.0,4,9,-1.685987,-2.316824,7,2.267651,0.413042,2,0.009469,0.059183,0.162136,-0.102953,-0.085777,0.058595,-0.144373,50.0,76.023171,5,0.157952,0.987201,1.469512,-0.482311,-0.123543,0.268438,-0.391981,60.0,65.866158,4,-0.318592,-1.991201,-2.176536,0.185335,-0.997653,-1.119876,0.122224,75.0,63.719917,2,-0.182576,-1.141099,-1.141099,0.0,-1.52398,-1.52398,0.0,100.0,32.050237,3,0.426813,2.667579,0.0,2.667579,0.827172,0.0,0.827172,0.0,13.352752,97.703998,41.975309
2022,69766,유로결,HAN,242,False,1.337286,4.689439,11.348442,-6.046788,68.518519,242,0.662977,0.371662,100.0,25,98,1.929864,-0.146611,144,2.759574,0.809587,70,3.910771,1.616021,1.950828,-0.334807,-0.017238,0.378798,-0.396036,68.571429,75.406597,58,1.319872,0.545401,0.677335,-0.131934,0.122847,0.270937,-0.14809,51.724138,53.202556,46,1.411131,0.583112,-0.200548,0.78366,0.395205,-0.140671,0.535876,23.913043,35.305964,50,2.833747,1.17097,-0.432041,1.603011,0.161552,-0.549648,0.711201,16.0,23.165761,18,1.87292,0.773934,-0.06571,0.839644,0.00061,-0.106026,0.106636,5.555556,6.486119,106.589948,75.925926
2022,78643,백용환,HAN,20,False,3.741202,5.07943,1.015886,6.940903,93.209877,20,-1.533004,1.46,100.0,4,10,1.615334,-2.088751,10,3.464096,0.555747,5,0.169752,0.84876,1.049174,-0.200414,0.222547,0.466599,-0.244052,80.0,71.180377,6,0.423895,2.119474,2.173327,-0.053854,0.415439,0.441766,-0.026327,83.333333,69.882474,2,0.089352,0.446761,0.0,0.446761,0.117089,0.0,0.117089,0.0,14.515737,5,0.160805,0.804025,-1.607167,2.411192,-2.317056,-2.997116,0.68006,20.0,10.695231,2,0.172082,0.86041,0.0,0.86041,0.028976,0.0,0.028976,0.0,1.738787,97.738276,41.975309
2022,69500,김민수,LOT,29,False,1.594981,9.184077,2.663382,5.934752,71.604938,29,-1.344389,1.058478,100.0,3,15,4.359517,-0.563833,14,4.824561,-0.780555,7,1.335098,4.603785,4.603785,0.0,0.623762,0.623762,0.0,100.0,75.510178,7,0.136403,0.470353,1.329756,-0.859402,-0.969948,0.428203,-1.398151,57.142857,64.289472,6,-0.216439,-0.746343,-0.93946,0.193118,-0.533747,-0.612108,0.078361,50.0,46.18521,8,1.023799,3.530342,-0.634564,4.164906,-0.468957,-1.00369,0.534733,12.5,9.001706,1,0.384522,1.325939,0.0,1.325939,0.004501,0.0,0.004501,0.0,0.169731,97.316188,40.123457
2022,50293,양찬열,DOO,337,True,-1.493202,4.670217,15.73863,3.437727,29.320988,337,-0.655269,0.647491,100.0,33,174,1.237857,-1.246416,163,3.43236,0.591147,90,6.677536,1.981465,2.189646,-0.208182,0.260137,0.471493,-0.211356,76.666667,73.584249,81,1.788051,0.530579,0.730936,-0.200357,-0.180383,0.128226,-0.308609,54.320988,56.490081,65,-0.041039,-0.012178,-0.570999,0.558822,-0.113534,-0.45147,0.337936,58.461538,47.34866,74,4.607274,1.367144,-0.839165,2.206309,-0.179393,-0.90599,0.726597,25.675676,24.883053,27,2.706808,0.803207,-0.272561,1.075768,-0.442096,-0.488674,0.046578,14.814815,4.599938,93.406804,26.851852
2022,66406,안주형,SAM,85,False,2.614983,6.667757,5.667593,9.441009,83.950617,85,0.987626,0.705878,100.0,13,46,1.552236,-0.450397,39,5.115521,1.438023,23,2.180995,2.565876,2.633555,-0.067679,0.560448,0.602496,-0.042048,91.304348,75.710183,17,0.199032,0.234156,0.2465,-0.012344,0.077601,0.083024,-0.005423,58.823529,51.938028,16,-0.163953,-0.192886,-0.588622,0.395736,-0.314431,-0.49845,0.184019,62.5,41.170306,20,2.443191,2.874342,-0.551503,3.425846,0.787105,-0.398239,1.185344,20.0,22.624234,9,1.008328,1.186269,-0.187693,1.373962,-0.123097,-0.239228,0.116131,11.111111,6.89155,104.542037,66.666667
2022,66702,이시원,KT,61,False,-0.009734,4.761012,2.904217,9.451386,50.617284,60,0.191577,0.554482,98.360656,11,39,3.569035,0.1468,22,1.191976,0.044776,20,1.643179,2.693737,2.938047,-0.24431,0.184953,0.390202,-0.205249,75.0,75.037662,20,0.817809,1.34067,1.413645,-0.072974,0.470893,0.570759,-0.099866,80.0,63.940068,7,0.006589,0.010801,-0.248979,0.259779,-0.142556,-0.239083,0.096526,57.142857,43.170954,12,0.251837,0.412848,-0.533677,0.946525,-0.322742,-0.575078,0.252337,33.333333,20.114556,2,0.184803,0.302956,0.0,0.302956,0.001028,0.0,0.001028,0.0,0.169731,100.594841,52.469136
2022,64499,김재현,SSG,70,False,-1.317975,6.506553,4.554587,-2.572802,31.481481,70,0.561453,1.090502,100.0,9,36,3.502434,-0.147522,34,3.004118,0.708975,20,1.969468,2.813526,3.127468,-0.313942,0.287776,0.62803,-0.340255,80.0,72.410123,24,0.595259,0.850369,1.535537,-0.685168,-0.456735,0.358085,-0.81482,41.666667,56.850448,7,-0.277041,-0.395773,-0.477016,0.081243,-0.202553,-0.252867,0.050314,71.428571,60.573179,16,1.196816,1.709737,-0.683555,2.393292,0.880602,-0.88077,1.761372,31.25,33.594031,3,1.070085,1.528693,0.0,1.528693,0.052363,0.0,0.052363,0.0,1.988718,102.163826,58.024691
2022,51307,이재홍,KIW,12,False,4.03448,3.62,0.4344,7.079609,95.061728,12,0.773292,0.206141,100.0,3,6,1.01714,0.162745,6,2.60286,0.610546,1,0.04017,0.334746,0.334746,0.0,0.257288,0.257288,0.0,100.0,61.569689,4,0.042688,0.355735,0.244552,0.111183,0.258468,0.186353,0.072115,50.0,52.032829,3,0.10313,0.859413,0.801697,0.057716,0.228724,0.211874,0.01685,66.666667,59.353239,3,0.159359,1.327995,-0.363856,1.69185,-0.071489,-0.49277,0.421282,33.333333,20.175396,1,0.089053,0.742111,0.0,0.742111,0.1003,0.0,0.1003,0.0,6.757783,100.294299,50.617284
2022,76720,정범모,NC,21,False,7.718286,1.254571,0.26346,16.89053,100.0,21,0.161983,1.039757,100.0,3,15,0.505591,0.177965,6,0.74898,-0.015982,9,0.210889,1.004233,1.416541,-0.412308,0.569656,0.926886,-0.35723,77.777778,63.334002,4,-0.036696,-0.174742,-0.174742,0.0,-0.11706,-0.11706,0.0,100.0,60.715573,5,-0.051531,-0.245384,-0.515772,0.270388,-0.205823,-0.335528,0.129705,60.0,56.762062,2,-0.00643,-0.030618,-0.220436,0.189818,-0.292436,-0.296333,0.003898,50.0,16.905665,1,0.147227,0.701082,0.0,0.701082,0.207645,0.0,0.207645,0.0,14.808917,99.948436,48.765432
2022,69238,김대한,DOO,377,True,-0.322944,3.342446,12.601021,11.821156,43.518519,376,-1.296715,0.477279,99.734748,43,220,0.820221,-1.572736,157,2.522225,0.276021,94,5.732857,1.520652,1.796849,-0.276198,0.01255,0.387301,-0.374751,81.914894,70.358939,88,3.115349,0.826353,0.939494,-0.113142,0.03381,0.201842,-0.168032,73.863636,61.192629,79,-0.90002,-0.238732,-0.768828,0.530095,-0.465329,-0.73529,0.269961,56.962025,41.314476,82,1.380811,0.366263,-0.844961,1.211224,-0.56379,-0.947154,0.383363,30.487805,24.263187,34,3.272025,0.867911,-0.302334,1.170245,-0.313956,-0.479436,0.16548,23.529412,8.567873,85.664163,8.950617
2022,67905,천재환,NC,138,False,0.226277,3.61991,4.995476,7.416521,52.469136,138,-0.344554,0.537786,100.0,22,74,0.795035,-1.080925,64,2.824876,0.736371,39,1.773119,1.284869,1.613251,-0.328383,0.189203,0.478986,-0.289783,71.794872,67.487479,30,1.392189,1.008833,0.81342,0.195412,0.409917,0.203821,0.206096,76.666667,62.669559,23,-0.234859,-0.170188,-0.537463,0.367275,-0.161399,-0.359946,0.198547,47.826087,44.647973,34,0.410147,0.297208,-1.094174,1.391383,-1.01069,-1.403785,0.393095,35.294118,21.553421,12,1.654881,1.199189,0.0,1.199189,0.228415,0.0,0.228415,0.0,8.725159,97.947676,43.82716
2022,51640,권다결,KIA,11,False,-8.675676,10.377386,1.141512,-3.9837,0.0,11,0.466852,0.038785,100.0,2,3,-0.552814,-2.596064,8,10.930199,3.062916,2,0.015138,0.137616,0.474781,-0.337164,-0.362451,0.221968,-0.584418,50.0,81.645416,1,0.14128,1.284361,1.284361,0.0,0.6939,0.6939,0.0,100.0,72.986577,1,0.007351,0.066828,0.0,0.066828,0.044071,0.0,0.044071,0.0,32.973621,4,0.593615,5.396498,-2.311955,7.708453,-0.004413,-3.511931,3.507518,25.0,17.624957,3,0.384129,3.492084,0.0,3.492084,0.095745,0.0,0.095745,0.0,1.356616,100.014407,48.765432
2022,64011,안승한,DOO,120,False,-1.59675,3.312588,3.975105,5.142494,27.777778,120,-1.447613,1.187184,100.0,21,63,1.15603,-1.317735,57,2.156557,-0.129878,32,1.907838,1.589865,2.354883,-0.765017,-0.868074,0.484838,-1.352912,68.75,71.917094,33,0.385857,0.321548,0.485023,-0.163475,0.115798,0.21247,-0.096672,63.636364,53.729359,22,0.190875,0.159062,-0.473685,0.632748,0.029284,-0.459489,0.488773,54.545455,44.031125,24,0.574647,0.478873,-0.976727,1.4556,-0.477264,-1.216632,0.739367,29.166667,24.30684,9,0.915887,0.763239,-0.233463,0.996703,-0.247357,-0.338923,0.091566,11.111111,6.270666,91.566651,23.45679
2022,66113,김호은,LG,8,False,-10.914228,3.35313,0.26825,-7.285552,0.0,8,0.285751,0.809605,100.0,2,3,1.44203,-0.096901,5,1.9111,0.382652,2,0.146027,1.825339,1.825339,0.0,0.273079,0.273079,0.0,100.0,88.36145,3,0.020613,0.257659,0.0,0.257659,0.272114,0.0,0.272114,0.0,40.714467,0,0.0,0.0,0.0,0.0,0.0,0.0,0.0,,,2,0.026515,0.331439,-0.383309,0.714748,-0.262629,-0.36998,0.107351,50.0,29.624192,1,0.075095,0.938693,0.0,0.938693,0.003187,0.0,0.003187,0.0,0.169731,99.808405,48.765432
2022,66706,장진혁,HAN,513,True,0.4676,6.450886,33.093044,-3.855125,55.864198,512,0.420326,0.454077,99.805068,37,233,2.895644,-0.202221,280,3.555241,0.622547,141,12.656798,2.467212,3.003885,-0.536673,-0.27985,0.501467,-0.781318,73.049645,75.880093,117,2.613415,0.509438,0.778639,-0.269201,-0.134486,0.246291,-0.380777,58.974359,63.492479,99,1.831194,0.356958,-0.371681,0.728639,0.081086,-0.357898,0.438984,40.40404,41.565249,112,8.437312,1.6447,-0.490004,2.134704,0.629829,-0.544505,1.174333,17.857143,24.850817,44,7.554325,1.472578,-0.025195,1.497773,0.123747,-0.047577,0.171324,2.272727,5.720786,106.303772,75.0
2022,52547,렉스,LOT,935,True,2.464761,5.723604,53.5157,-0.698377,81.790123,935,0.641116,0.276139,100.0,53,440,2.254784,-0.200258,495,3.468821,0.841374,244,20.415406,2.183466,2.410495,-0.227029,0.149277,0.4416,-0.292323,76.639344,74.740499,224,5.223147,0.558625,0.771438,-0.212812,-0.016519,0.256282,-0.272801,60.267857,60.348119,185,3.557743,0.380507,-0.337425,0.717932,0.208707,-0.25974,0.468447,36.756757,43.424526,207,13.961821,1.493243,-0.567127,2.06037,0.21061,-0.601696,0.812306,21.73913,21.724377,75,10.357582,1.107763,-0.022597,1.13036,0.089042,-0.036704,0.125745,6.666667,4.904513,111.119604,89.814815
2022,66662,신범수,KIA,17,False,-11.871456,2.429361,0.412991,18.762705,0.0,17,-2.371422,0.923663,100.0,2,12,-0.008617,-2.766172,5,2.437978,0.39475,4,0.195464,1.149788,1.149788,0.0,0.42607,0.42607,0.0,100.0,77.813219,4,0.452517,2.661865,2.41477,0.247094,0.792724,0.658761,0.133963,50.0,62.783127,2,0.063519,0.373641,-0.402382,0.776024,-0.128967,-0.245521,0.116554,50.0,38.500618,6,-0.14054,-0.826703,-2.241563,1.41486,-1.905573,-2.049806,0.144233,66.666667,37.55921,1,-0.157969,-0.929229,-0.929229,0.0,-1.555676,-1.555676,0.0,100.0,16.292135,97.071914,38.888889
2022,52125,가르시아,LG,679,True,3.060614,5.888185,39.980778,-1.723817,87.962963,678,0.328368,0.521785,99.852725,39,324,2.019548,-0.568172,355,3.868637,0.89654,188,13.676402,2.014198,2.52579,-0.511593,-0.246391,0.468547,-0.714939,75.531915,74.420575,167,3.972038,0.584984,0.762327,-0.177343,-0.119424,0.182568,-0.301992,62.275449,62.863531,124,1.478046,0.21768,-0.540206,0.757885,0.092515,-0.440816,0.533331,44.354839,44.76328,151,12.907392,1.900941,-0.728364,2.629305,0.44036,-0.778471,1.218831,15.231788,21.525719,49,7.946901,1.170383,0.0,1.170383,0.161308,0.0,0.161308,0.0,5.717632,105.64498,70.679012
2022,52806,라가레스,SSG,763,True,-1.384046,4.734511,36.124319,0.55153,30.555556,761,-0.415485,0.410922,99.737877,49,361,1.060763,-1.260446,402,3.673748,0.844961,206,11.58259,1.518033,1.865428,-0.347395,-0.078369,0.327921,-0.406291,67.475728,72.551238,181,4.513296,0.59152,0.674921,-0.083401,0.059742,0.203021,-0.143279,65.745856,60.276512,136,1.020424,0.133738,-0.613608,0.747347,-0.139148,-0.655713,0.516565,41.176471,41.768629,161,6.84487,0.8971,-0.831001,1.728101,-0.4349,-1.079979,0.645079,26.708075,22.368553,79,12.16314,1.594121,-0.034976,1.629096,0.177191,-0.055696,0.232887,5.063291,6.857067,94.764321,32.407407
2022,69207,김태근,DOO,32,False,3.534989,4.193931,1.342058,7.559293,91.358025,32,0.322066,0.18265,100.0,2,17,1.66058,-0.124669,15,2.533351,0.446735,9,0.72002,2.250063,2.250063,0.0,0.325998,0.325998,0.0,100.0,85.224637,6,-0.068352,-0.213601,-0.052477,-0.161124,-0.002454,0.045766,-0.04822,50.0,48.671439,4,-0.121897,-0.380927,-0.380927,0.0,-0.268616,-0.268616,0.0,100.0,64.09943,6,0.247239,0.772623,-0.156079,0.928702,0.005992,-0.227817,0.23381,16.666667,13.851125,7,0.565047,1.765773,0.0,1.765773,0.261146,0.0,0.261146,0.0,8.506825,100.430408,51.851852
2022,69203,송승환,DOO,112,False,-1.331703,5.150323,5.768362,4.032866,31.481481,112,-0.950904,0.920379,100.0,11,62,2.562955,-0.828448,50,2.587368,-0.122456,33,2.523828,2.253418,2.674221,-0.420803,-0.026912,0.556208,-0.58312,78.787879,74.349846,28,1.41408,1.262571,1.556235,-0.293664,0.172936,0.436991,-0.264056,67.857143,62.038297,22,0.333126,0.297434,-0.206706,0.50414,0.193345,-0.120702,0.314048,36.363636,47.304055,18,0.366028,0.326811,-1.189242,1.516053,-0.901441,-1.214429,0.312988,44.444444,26.668209,11,1.1313,1.01009,-0.271553,1.281642,-0.388832,-0.486516,0.097684,9.090909,3.362253,94.757343,32.098765
2022,65040,김태훈,KT,39,False,0.527444,3.219872,1.25575,21.613712,56.17284,39,-0.257211,0.381068,100.0,5,27,1.94917,-0.463151,12,1.270702,0.205939,7,0.471215,1.208243,1.284367,-0.076124,0.265895,0.330509,-0.064614,85.714286,72.303428,11,0.55018,1.410718,1.410718,0.0,0.325198,0.325198,0.0,100.0,74.629647,10,-0.181073,-0.464291,-0.448852,-0.015439,-0.644707,-0.589169,-0.055538,70.0,41.960531,8,0.233932,0.599825,-0.297064,0.896889,-0.284334,-0.529688,0.245354,37.5,10.715351,3,0.181497,0.465378,0.0,0.465378,0.080737,0.0,0.080737,0.0,8.228993,99.209078,48.148148
2022,65115,안익훈,LG,21,False,-4.011031,5.939902,1.247379,-2.606944,11.111111,21,0.857582,0.741729,100.0,3,7,1.16651,-1.153347,14,4.773393,2.010929,3,0.109491,0.521386,0.900019,-0.378633,-0.14245,0.014687,-0.157137,33.333333,47.455098,4,0.346324,1.64916,1.516239,0.132921,0.058774,0.104162,-0.045388,50.0,66.335734,7,0.362103,1.7243,-0.985486,2.709787,1.029586,-0.950572,1.980158,42.857143,39.405873,5,0.247451,1.178338,-0.264262,1.4426,-0.140392,-0.321624,0.181232,20.0,12.698162,2,0.182011,0.866718,0.0,0.866718,0.052063,0.0,0.052063,0.0,3.852836,100.891278,54.320988
2022,65514,강태율,LOT,138,False,1.122905,3.928678,5.421576,0.459795,64.197531,138,-0.50275,0.611283,100.0,13,73,1.770329,-0.490305,65,2.158349,-0.012445,44,2.205009,1.597832,2.090381,-0.492549,-0.159212,0.487134,-0.646345,70.454545,72.849722,36,1.131869,0.820195,0.872113,-0.051918,0.194138,0.282605,-0.088467,66.666667,64.907276,27,0.616237,0.446548,-0.134062,0.580611,-0.002908,-0.265525,0.262617,48.148148,43.268614,22,0.142799,0.103478,-1.058103,1.161581,-0.631281,-0.994519,0.363238,22.727273,21.743999,9,1.325662,0.960625,0.0,0.960625,0.096512,0.0,0.096512,0.0,5.319783,96.91393,38.888889
2022,51996,오태양,NC,10,False,-3.604843,4.181255,0.418125,16.284979,12.962963,10,-0.697027,1.195865,100.0,3,6,0.455588,0.068613,4,3.725666,-0.76564,1,0.051055,0.510548,0.510548,0.0,0.399382,0.399382,0.0,100.0,60.88695,4,-0.019318,-0.193181,0.452611,-0.645792,-0.70198,0.353036,-1.055016,75.0,69.784546,2,-0.050757,-0.507571,-0.507571,0.0,-0.683806,-0.683806,0.0,100.0,36.517939,2,0.107478,1.074777,0.0,1.074777,0.233171,0.0,0.233171,0.0,11.618372,1,0.329668,3.296681,0.0,3.296681,0.056206,0.0,0.056206,0.0,0.852459,99.200681,48.148148
2022,69706,허관회,HAN,95,False,-0.417455,4.722731,4.486594,-4.903976,41.975309,95,-0.295078,1.402943,100.0,15,42,2.11314,-0.754022,53,2.609591,0.458945,33,1.54057,1.621653,2.040097,-0.418444,-0.186813,0.395193,-0.582006,69.69697,74.288489,23,0.993586,1.045881,1.165553,-0.119672,0.25638,0.304892,-0.048512,47.826087,57.610852,17,0.869609,0.915378,-0.173526,1.088904,0.723462,-0.169832,0.893294,23.529412,37.785401,14,0.704474,0.741552,-0.205981,0.947533,-0.063316,-0.238093,0.174777,21.428571,15.275819,8,0.378355,0.398268,-0.713003,1.111271,-1.024791,-1.046181,0.021391,12.5,4.136832,98.587183,45.061728
2022,52405,조민성,SAM,79,False,-1.831852,5.25716,4.153157,5.133553,24.074074,79,-0.077641,0.484771,100.0,10,42,1.713154,-0.601454,37,3.544006,0.523813,19,1.661051,2.102596,2.386419,-0.283824,0.08711,0.507272,-0.420162,73.684211,77.034788,18,0.649247,0.821832,0.888421,-0.066589,0.03521,0.089313,-0.054103,83.333333,71.669574,12,-0.255193,-0.323029,-0.726306,0.403277,-0.229979,-0.435554,0.205576,58.333333,43.264588,23,1.053049,1.332974,-0.83538,2.168354,-0.11857,-0.762485,0.643914,26.086957,20.845035,7,1.045002,1.322788,0.0,1.322788,0.148589,0.0,0.148589,0.0,6.017874,99.662697,48.765432
2022,66112,김기연,LG,35,False,-3.010995,0.279996,0.097999,23.388994,16.049383,35,-3.138983,1.605789,100.0,7,25,-2.372634,-4.31545,10,2.652629,1.176467,8,0.389368,1.112479,1.216254,-0.103775,0.377225,0.47309,-0.095865,87.5,72.635164,6,0.056056,0.16016,0.16016,0.0,-0.056519,-0.056519,0.0,100.0,54.593295,9,-0.097707,-0.279163,-1.177245,0.898082,-0.684195,-1.284788,0.600592,55.555556,45.15286,9,-0.537585,-1.535958,-2.571803,1.035844,-3.00198,-3.447234,0.445253,77.777778,37.244519,3,0.287868,0.822479,0.0,0.822479,0.226486,0.0,0.226486,0.0,10.389235,93.006481,26.54321
2022,68204,권민석,DOO,8,False,-3.55452,5.533944,0.442715,18.056025,14.197531,8,0.815479,0.062639,100.0,3,6,3.169702,0.546739,2,2.364241,0.26874,1,0.037144,0.464304,0.464304,0.0,0.097669,0.097669,0.0,100.0,89.482201,3,0.213475,2.66844,2.66844,0.0,0.442539,0.442539,0.0,100.0,88.089414,2,0.036585,0.457308,0.130816,0.326492,0.31671,0.142784,0.173926,50.0,36.030386,2,0.155511,1.943892,-0.093857,2.037749,-0.041439,-0.136254,0.094815,50.0,14.870291,0,0.0,0.0,0.0,0.0,0.0,0.0,0.0,,,100.093433,49.382716
2022,52430,김영웅,SAM,71,False,5.369107,4.093238,2.906199,-6.279415,100.0,71,0.115496,0.82342,100.0,9,34,1.700928,-0.311944,37,2.392309,0.42744,18,0.632182,0.890398,1.822245,-0.931847,-1.11722,0.155037,-1.272256,61.111111,73.579809,15,0.676541,0.952875,1.00805,-0.055175,0.241566,0.291588,-0.050023,80.0,65.705599,17,-0.07771,-0.10945,-0.54851,0.43906,-0.155145,-0.520078,0.364933,52.941176,54.487418,14,0.807506,1.137332,-0.580856,1.718188,0.928948,-0.238491,1.16744,14.285714,38.916039,7,0.867679,1.222083,0.0,1.222083,0.217346,0.0,0.217346,0.0,9.243891,100.424232,51.851852
2022,52705,유상빈,HAN,155,False,-0.286366,2.006042,3.109365,15.124023,45.061728,154,-3.908288,0.97894,99.354839,16,94,0.370101,-3.01917,61,1.635941,-0.889118,47,2.95144,1.904155,2.695819,-0.791664,-0.676556,0.751913,-1.428469,82.978723,73.237753,32,0.466646,0.301062,0.352759,-0.051697,0.069994,0.088325,-0.01833,78.125,57.354916,26,-0.837567,-0.540366,-0.881996,0.34163,-0.913617,-1.073418,0.159801,57.692308,41.810457,36,-0.151323,-0.097628,-1.449221,1.351593,-1.808609,-2.159975,0.351366,33.333333,17.440321,14,0.680169,0.438819,-0.34726,0.786079,-0.579501,-0.626015,0.046514,21.428571,4.522953,72.631114,0.617284
2022,51604,김선우,KIA,11,False,17.064877,11.084725,1.21932,-6.627235,100.0,11,4.399875,1.095318,100.0,3,5,3.376848,0.838674,6,7.707876,3.5612,4,0.10742,0.976544,0.976544,0.0,0.462788,0.462788,0.0,100.0,71.704823,2,0.241391,2.194462,2.400305,-0.205842,0.145936,0.375887,-0.229951,50.0,74.013065,2,0.034718,0.315621,0.0,0.315621,0.183988,0.0,0.183988,0.0,30.099382,2,0.396341,3.603104,0.0,3.603104,3.518447,0.0,3.518447,0.0,38.372529,1,0.439449,3.994994,0.0,3.994994,0.088716,0.0,0.088716,0.0,1.11034,102.896251,61.728395
2022,68868,최준우,SSG,58,False,-4.964764,3.774987,2.189493,0.394892,7.407407,58,-1.429822,1.230787,100.0,9,23,-0.37618,-1.43494,35,4.151167,0.005118,12,0.333816,0.575545,0.990261,-0.414716,-0.272218,0.275795,-0.548013,75.0,75.525497,13,0.029426,0.050734,0.510948,-0.460214,-0.292522,0.09476,-0.387281,46.153846,57.886932,10,0.316758,0.546134,-0.417403,0.963537,-0.185983,-0.467583,0.281599,30.0,26.45606,19,0.907795,1.565164,-1.459986,3.02515,-0.728049,-1.337912,0.609863,26.315789,17.228609,4,0.601698,1.03741,0.0,1.03741,0.04895,0.0,0.04895,0.0,6.588998,95.109356,35.185185
2022,69428,이병헌,SAM,19,False,7.607137,15.182646,2.884703,-22.659168,100.0,19,4.320533,1.211781,100.0,3,7,10.705056,0.366917,12,4.47759,3.953616,6,2.074302,10.917381,11.039581,-0.1222,0.356803,0.513989,-0.157186,83.333333,90.373574,4,0.186038,0.979149,0.0534,0.925749,1.213051,0.051401,1.16165,25.0,58.410015,4,0.137949,0.726045,-0.387925,1.11397,1.326191,-0.198473,1.524665,25.0,65.889818,4,0.332832,1.751748,0.0,1.751748,1.386878,0.0,1.386878,0.0,22.18924,1,0.153581,0.808323,0.0,0.808323,0.037611,0.0,0.037611,0.0,2.326454,105.049424,68.518519
2022,67207,이유찬,DOO,119,False,-3.313237,4.086691,4.863162,2.187145,14.814815,119,-1.0297,0.404234,100.0,10,67,3.137314,-0.306566,52,0.949376,-0.723134,41,3.414237,2.869107,3.278023,-0.408916,-0.09309,0.508467,-0.601556,80.487805,76.283211,30,0.66255,0.556764,0.879233,-0.322469,-0.184322,0.333509,-0.517831,53.333333,63.297872,23,-0.690712,-0.58043,-0.580292,-0.000138,-0.774462,-0.586352,-0.18811,52.173913,41.227171,21,1.131818,0.951107,-0.397302,1.34841,0.068496,-0.479465,0.54796,23.809524,21.429785,4,0.345269,0.290142,-0.042347,0.33249,-0.046322,-0.082724,0.036402,25.0,3.732888,94.076041,28.395062
2022,64101,한석현,LG,34,False,7.124409,1.816702,0.617679,-4.614322,100.0,34,0.442258,0.332259,100.0,4,16,1.317702,0.475506,18,0.498999,-0.033247,9,0.279248,0.821319,1.035568,-0.214249,0.258945,0.451939,-0.192995,77.777778,71.063741,12,0.183701,0.540298,0.599141,-0.058843,0.150833,0.220539,-0.069706,50.0,59.54923,8,-0.026606,-0.078254,-0.317006,0.238752,-0.025451,-0.196972,0.171521,37.5,46.086413,3,0.084698,0.249113,0.0,0.249113,0.042621,0.0,0.042621,0.0,9.547116,2,0.096637,0.284226,0.0,0.284226,0.015312,0.0,0.015312,0.0,2.694928,100.730256,53.08642
2022,65157,최민창,LG,16,False,1.809224,3.537467,0.565995,4.12715,73.45679,16,-0.331586,0.942862,100.0,4,9,2.41313,-0.346115,7,1.124337,0.014529,3,0.392067,2.450416,2.933953,-0.483537,-0.053449,0.559183,-0.612631,66.666667,77.98247,5,0.049149,0.307182,0.279555,0.027628,-0.259856,-0.272279,0.012423,80.0,59.303397,5,0.104066,0.650413,-0.018605,0.669018,0.261122,-0.001417,0.262539,40.0,39.810356,2,-0.069698,-0.435612,-0.781772,0.34616,-0.387115,-0.631601,0.244486,50.0,47.459265,1,0.090411,0.565068,0.0,0.565068,0.107712,0.0,0.107712,0.0,9.530901,99.353219,48.148148
2022,68869,전경원,SSG,2,False,-27.09056,-2.033137,-0.040663,46.328837,0.0,2,-3.192208,0.0,100.0,1,2,-2.033137,-3.192208,0,0.0,0.0,0,0.0,0.0,0.0,0.0,0.0,0.0,0.0,,,1,0.004583,0.229145,0.229145,0.0,0.091987,0.091987,0.0,100.0,79.928198,0,0.0,0.0,0.0,0.0,0.0,0.0,0.0,,,1,-0.045246,-2.262282,-2.262282,0.0,-3.284195,-3.284195,0.0,100.0,27.414128,0,0.0,0.0,0.0,0.0,0.0,0.0,0.0,,,99.180349,48.148148
2022,78629,나지완,KIA,5,False,16.612977,7.193676,0.359684,12.444372,100.0,5,1.077473,0.0,100.0,1,3,3.673042,0.515089,2,3.520634,0.562384,1,0.05412,1.082394,1.082394,0.0,0.169502,0.169502,0.0,100.0,92.170022,2,0.129532,2.590648,2.590648,0.0,0.345587,0.345587,0.0,100.0,65.109503,0,0.0,0.0,0.0,0.0,0.0,0.0,0.0,,,1,0.091499,1.829975,0.0,1.829975,0.552067,0.0,0.552067,0.0,15.084003,1,0.084533,1.690659,0.0,1.690659,0.010317,0.0,0.010317,0.0,0.305111,100.002522,48.765432
2022,67119,고우석,LG,4,False,-20.992661,2.515435,0.100617,12.82282,0.0,4,-1.53028,0.0,100.0,1,2,-0.284051,-1.209898,2,2.799486,-0.320382,0,0.0,0.0,0.0,0.0,0.0,0.0,0.0,,,2,0.035306,0.882638,1.551834,-0.669195,0.418301,0.793961,-0.37566,50.0,51.243324,1,-0.073435,-1.835885,-1.835885,0.0,-2.003859,-2.003859,0.0,100.0,45.425258,0,0.0,0.0,0.0,0.0,0.0,0.0,0.0,,,1,0.138747,3.468681,0.0,3.468681,0.055278,0.0,0.055278,0.0,0.796813,99.213453,48.148148
